1,01.03 00:00,58.805
1,01.03 01:00,58.494
1,01.03 02:00,58.42
1,01.03 03:00,58.597
1,01.03 04:00,58.548
1,01.03 05:00,58.499
1,01.03 06:00,58.4
1,01.03 07:00,58.387
1,01.03 08:00,58.613
1,01.03 09:00,58.329
1,01.03 10:00,58.57
1,01.03 11:00,58.848
1,01.03 12:00,58.4
1,01.03 13:00,58.515
1,01.03 14:00,58.539
1,01.03 15:00,58.414
1,01.03 16:00,58.554
1,01.03 17:00,58.866
1,01.03 18:00,58.592
1,01.03 19:00,58.395
1,01.03 20:00,58.868
1,01.03 21:00,58.78
1,01.03 22:00,58.66
1,01.03 23:00,58.759
1,02.03 00:00,58.89
1,02.03 01:00,58.069
1,02.03 02:00,58.556
1,02.03 03:00,58.577
1,02.03 04:00,58.831
1,02.03 05:00,58.694
1,02.03 06:00,58.782
1,02.03 07:00,58.689
1,02.03 08:00,58.375
1,02.03 09:00,58.579
1,02.03 10:00,58.611
1,02.03 11:00,58.724
1,02.03 12:00,58.834
1,02.03 13:00,59.848
1,02.03 14:00,58.775
1,02.03 15:00,58.816
1,02.03 16:00,58.604
1,02.03 17:00,58.486
1,02.03 18:00,58.893
1,02.03 19:00,58.757
1,02.03 20:00,58.807
1,02.03 21:00,58.51
1,02.03 22:00,58.651
1,02.03 23:00,58.803
1,03.03 00:00,58.403
1,03.03 01:00,58.796
1,03.03 02:00,58.845
1,03.03 03:00,58.774
1,03.03 04:00,58.501
1,03.03 05:00,58.535
1,03.03 06:00,58.855
1,03.03 07:00,58.63
1,03.03 08:00,58.645
1,03.03 09:00,58.593
1,03.03 10:00,58.33
1,03.03 11:00,58.777
1,03.03 12:00,58.789
1,03.03 13:00,58.327
1,03.03 14:00,58.513
1,03.03 15:00,58.838
1,03.03 16:00,58.652
1,03.03 17:00,58.519
1,03.03 18:00,58.405
1,03.03 19:00,58.885
1,03.03 20:00,58.864
1,03.03 21:00,58.788
1,03.03 22:00,58.651
1,03.03 23:00,58.456
1,04.03 00:00,58.541
1,04.03 01:00,58.538
1,04.03 02:00,58.338
1,04.03 03:00,58.839
1,04.03 04:00,58.74
1,04.03 05:00,58.466
1,04.03 06:00,58.734
1,04.03 07:00,58.619
1,04.03 08:00,58.629
1,04.03 09:00,58.548
1,04.03 10:00,58.38
1,04.03 11:00,58.581
1,04.03 12:00,58.446
1,04.03 13:00,58.726
1,04.03 14:00,58.684
1,04.03 15:00,58.827
1,04.03 16:00,58.891
1,04.03 17:00,58.385
1,04.03 18:00,58.368
1,04.03 19:00,58.57
1,04.03 20:00,58.753
1,04.03 21:00,58.499
1,04.03 22:00,58.426
1,04.03 23:00,58.84
1,05.03 00:00,58.414
1,05.03 01:00,58.866
1,05.03 02:00,57.473
1,05.03 03:00,58.523
1,05.03 04:00,58.395
1,05.03 05:00,58.682
1,05.03 06:00,58.542
1,05.03 07:00,58.643
1,05.03 08:00,58.442
1,05.03 09:00,58.428
1,05.03 10:00,58.552
1,05.03 11:00,58.217
1,05.03 12:00,58.546
1,05.03 13:00,58.815
1,05.03 14:00,58.407
1,05.03 15:00,58.822
1,05.03 16:00,58.371
1,05.03 17:00,58.687
1,05.03 18:00,58.482
1,05.03 19:00,58.711
1,05.03 20:00,58.75
1,05.03 21:00,58.493
1,05.03 22:00,58.524
1,05.03 23:00,58.334
1,06.03 00:00,58.658
1,06.03 01:00,56.385
1,06.03 02:00,58.335
1,06.03 03:00,58.461
1,06.03 04:00,58.586
1,06.03 05:00,58.597
1,06.03 06:00,58.493
1,06.03 07:00,58.528
1,06.03 08:00,58.428
1,06.03 09:00,58.885
1,06.03 10:00,58.566
1,06.03 11:00,58.866
1,06.03 12:00,58.605
1,06.03 13:00,58.468
1,06.03 14:00,58.638
1,06.03 15:00,58.666
1,06.03 16:00,61.516
1,06.03 17:00,58.701
1,06.03 18:00,58.68
1,06.03 19:00,58.782
1,06.03 20:00,58.516
1,06.03 21:00,58.346
1,06.03 22:00,58.398
1,06.03 23:00,58.348
1,07.03 00:00,58.504
1,07.03 01:00,58.84
1,07.03 02:00,58.893
1,07.03 03:00,58.369
1,07.03 04:00,58.41
1,07.03 05:00,58.863
1,07.03 06:00,58.541
1,07.03 07:00,58.463
1,07.03 08:00,58.77
1,07.03 09:00,58.641
1,07.03 10:00,58.844
1,07.03 11:00,58.805
1,07.03 12:00,58.417
1,07.03 13:00,58.779
1,07.03 14:00,58.82
1,07.03 15:00,58.892
1,07.03 16:00,58.839
1,07.03 17:00,58.423
1,07.03 18:00,58.655
1,07.03 19:00,58.567
1,07.03 20:00,58.544
1,07.03 21:00,58.493
1,07.03 22:00,58.819
1,07.03 23:00,58.36
1,08.03 00:00,58.658
1,08.03 01:00,58.408
1,08.03 02:00,58.508
1,08.03 03:00,58.744
1,08.03 04:00,58.742
1,08.03 05:00,58.441
1,08.03 06:00,58.678
1,08.03 07:00,58.634
1,08.03 08:00,58.882
1,08.03 09:00,58.74
1,08.03 10:00,58.907
1,08.03 11:00,58.469
1,08.03 12:00,58.716
1,08.03 13:00,58.351
1,08.03 14:00,58.52
1,08.03 15:00,58.376
1,08.03 16:00,58.36
1,08.03 17:00,58.564
1,08.03 18:00,58.409
1,08.03 19:00,58.538
1,08.03 20:00,58.837
1,08.03 21:00,58.482
1,08.03 22:00,58.515
1,08.03 23:00,58.794
1,09.03 00:00,58.339
1,09.03 01:00,58.612
1,09.03 02:00,58.333
1,09.03 03:00,58.903
1,09.03 04:00,58.362
1,09.03 05:00,58.85
1,09.03 06:00,58.837
1,09.03 07:00,58.888
1,09.03 08:00,58.74
1,09.03 09:00,58.507
1,09.03 10:00,58.844
1,09.03 11:00,58.824
1,09.03 12:00,58.512
1,09.03 13:00,58.531
1,09.03 14:00,58.537
1,09.03 15:00,58.408
1,09.03 16:00,58.557
1,09.03 17:00,58.47
1,09.03 18:00,58.407
1,09.03 19:00,58.575
1,09.03 20:00,58.682
1,09.03 21:00,58.71
1,09.03 22:00,58.362
1,09.03 23:00,58.569
1,10.03 00:00,58.909
1,10.03 01:00,58.874
1,10.03 02:00,58.442
1,10.03 03:00,58.75
1,10.03 04:00,58.465
1,10.03 05:00,58.528
1,10.03 06:00,58.804
1,10.03 07:00,58.65
1,10.03 08:00,58.452
1,10.03 09:00,58.786
1,10.03 10:00,58.525
1,10.03 11:00,58.763
1,10.03 12:00,58.722
1,10.03 13:00,58.776
1,10.03 14:00,58.768
1,10.03 15:00,58.414
1,10.03 16:00,58.469
1,10.03 17:00,58.576
1,10.03 18:00,58.69
1,10.03 19:00,58.854
1,10.03 20:00,58.436
1,10.03 21:00,58.663
1,10.03 22:00,58.382
1,10.03 23:00,58.579
1,11.03 00:00,58.743
1,11.03 01:00,58.851
1,11.03 02:00,58.532
1,11.03 03:00,58.787
1,11.03 04:00,58.472
1,11.03 05:00,58.48
1,11.03 06:00,58.619
1,11.03 07:00,58.751
1,11.03 08:00,58.691
1,11.03 09:00,58.663
1,11.03 10:00,58.4
1,11.03 11:00,58.891
1,11.03 12:00,58.365
1,11.03 13:00,58.769
1,11.03 14:00,58.738
1,11.03 15:00,58.629
1,11.03 16:00,58.78
1,11.03 17:00,58.564
1,11.03 18:00,58.474
1,11.03 19:00,58.727
1,11.03 20:00,58.742
1,11.03 21:00,58.559
1,11.03 22:00,58.571
1,11.03 23:00,58.696
1,12.03 00:00,58.414
1,12.03 01:00,58.875
1,12.03 02:00,58.729
1,12.03 03:00,58.404
1,12.03 04:00,58.723
1,12.03 05:00,58.77
1,12.03 06:00,58.884
1,12.03 07:00,58.602
1,12.03 08:00,58.76
1,12.03 09:00,58.496
1,12.03 10:00,58.816
1,12.03 11:00,58.387
1,12.03 12:00,58.857
1,12.03 13:00,58.664
1,12.03 14:00,58.627
1,12.03 15:00,58.826
1,12.03 16:00,58.525
1,12.03 17:00,58.744
1,12.03 18:00,58.809
1,12.03 19:00,58.772
1,12.03 20:00,58.908
1,12.03 21:00,58.89
1,12.03 22:00,58.579
1,12.03 23:00,58.605
1,13.03 00:00,58.387
1,13.03 01:00,58.504
1,13.03 02:00,58.576
1,13.03 03:00,58.338
1,13.03 04:00,58.836
1,13.03 05:00,58.661
1,13.03 06:00,58.881
1,13.03 07:00,58.906
1,13.03 08:00,58.582
1,13.03 09:00,58.703
1,13.03 10:00,58.526
1,13.03 11:00,58.889
1,13.03 12:00,58.327
1,13.03 13:00,58.517
1,13.03 14:00,58.567
1,13.03 15:00,58.533
1,13.03 16:00,58.345
1,13.03 17:00,58.546
1,13.03 18:00,58.446
1,13.03 19:00,58.58
1,13.03 20:00,58.435
1,13.03 21:00,58.724
1,13.03 22:00,58.731
1,13.03 23:00,58.659
1,14.03 00:00,58.598
1,14.03 01:00,58.569
1,14.03 02:00,58.423
1,14.03 03:00,58.807
1,14.03 04:00,58.334
1,14.03 05:00,58.682
1,14.03 06:00,58.428
1,14.03 07:00,58.465
1,14.03 08:00,58.461
1,14.03 09:00,58.447
1,14.03 10:00,58.597
1,14.03 11:00,58.68
1,14.03 12:00,58.593
1,14.03 13:00,58.621
1,14.03 14:00,58.622
1,14.03 15:00,58.375
1,14.03 16:00,58.762
1,14.03 17:00,58.898
1,14.03 18:00,58.324
1,14.03 19:00,58.653
1,14.03 20:00,58.698
1,14.03 21:00,58.892
1,14.03 22:00,56.479
1,14.03 23:00,58.354
1,15.03 00:00,58.609
1,15.03 01:00,58.46
1,15.03 02:00,58.405
1,15.03 03:00,58.547
1,15.03 04:00,58.676
1,15.03 05:00,58.853
1,15.03 06:00,58.338
1,15.03 07:00,58.498
1,15.03 08:00,58.84
1,15.03 09:00,58.63
1,15.03 10:00,58.771
1,15.03 11:00,58.687
1,15.03 12:00,58.424
1,15.03 13:00,58.879
1,15.03 14:00,58.744
1,15.03 15:00,58.333
1,15.03 16:00,58.651
1,15.03 17:00,58.831
1,15.03 18:00,58.616
1,15.03 19:00,58.479
1,15.03 20:00,58.778
1,15.03 21:00,58.612
1,15.03 22:00,58.549
1,15.03 23:00,58.479
1,16.03 00:00,58.829
1,16.03 01:00,58.668
1,16.03 02:00,58.814
1,16.03 03:00,58.474
1,16.03 04:00,58.528
1,16.03 05:00,58.399
1,16.03 06:00,58.648
1,16.03 07:00,58.49
1,16.03 08:00,58.791
1,16.03 09:00,58.813
1,16.03 10:00,58.732
1,16.03 11:00,58.418
1,16.03 12:00,58.532
1,16.03 13:00,58.616
1,16.03 14:00,58.654
1,16.03 15:00,58.769
1,16.03 16:00,58.455
1,16.03 17:00,58.487
1,16.03 18:00,58.52
1,16.03 19:00,58.513
1,16.03 20:00,58.865
1,16.03 21:00,58.498
1,16.03 22:00,58.805
1,16.03 23:00,58.513
1,17.03 00:00,58.386
1,17.03 01:00,58.369
1,17.03 02:00,58.632
1,17.03 03:00,58.615
1,17.03 04:00,58.334
1,17.03 05:00,58.434
1,17.03 06:00,58.571
1,17.03 07:00,58.531
1,17.03 08:00,58.441
1,17.03 09:00,58.469
1,17.03 10:00,58.766
1,17.03 11:00,58.671
1,17.03 12:00,58.358
1,17.03 13:00,58.369
1,17.03 14:00,58.608
1,17.03 15:00,58.475
1,17.03 16:00,58.696
1,17.03 17:00,58.572
1,17.03 18:00,58.431
1,17.03 19:00,58.889
1,17.03 20:00,58.725
1,17.03 21:00,58.393
1,17.03 22:00,58.8
1,17.03 23:00,58.845
1,18.03 00:00,58.63
1,18.03 01:00,56.655
1,18.03 02:00,58.396
1,18.03 03:00,58.468
1,18.03 04:00,58.427
1,18.03 05:00,58.628
1,18.03 06:00,58.555
1,18.03 07:00,58.52
1,18.03 08:00,58.404
1,18.03 09:00,58.657
1,18.03 10:00,58.904
1,18.03 11:00,58.873
1,18.03 12:00,58.732
1,18.03 13:00,58.88
1,18.03 14:00,58.419
1,18.03 15:00,58.38
1,18.03 16:00,58.587
1,18.03 17:00,58.635
1,18.03 18:00,58.872
1,18.03 19:00,58.368
1,18.03 20:00,58.517
1,18.03 21:00,58.39
1,18.03 22:00,58.388
1,18.03 23:00,58.833
1,19.03 00:00,58.355
1,19.03 01:00,58.436
1,19.03 02:00,58.623
1,19.03 03:00,58.834
1,19.03 04:00,58.449
1,19.03 05:00,58.556
1,19.03 06:00,58.741
1,19.03 07:00,58.66
1,19.03 08:00,58.459
1,19.03 09:00,58.442
1,19.03 10:00,58.832
1,19.03 11:00,58.362
1,19.03 12:00,58.518
1,19.03 13:00,58.495
1,19.03 14:00,58.622
1,19.03 15:00,58.79
1,19.03 16:00,58.365
1,19.03 17:00,58.679
1,19.03 18:00,58.376
1,19.03 19:00,58.336
1,19.03 20:00,58.843
1,19.03 21:00,58.639
1,19.03 22:00,58.437
1,19.03 23:00,58.557
1,20.03 00:00,58.327
1,20.03 01:00,58.706
1,20.03 02:00,58.594
1,20.03 03:00,58.622
1,20.03 04:00,58.899
1,20.03 05:00,0.0
1,20.03 06:00,0.0
1,20.03 07:00,0.0
1,20.03 08:00,0.0
1,20.03 09:00,0.0
1,20.03 10:00,0.0
1,20.03 11:00,0.0
1,20.03 12:00,0.0
1,20.03 13:00,0.0
1,20.03 14:00,0.0
1,20.03 15:00,0.0
1,20.03 16:00,0.0
1,20.03 17:00,0.0
1,20.03 18:00,0.0
1,20.03 19:00,0.0
1,20.03 20:00,0.0
1,20.03 21:00,0.0
1,20.03 22:00,0.0
1,20.03 23:00,0.0
1,21.03 00:00,0.0
1,21.03 01:00,0.0
1,21.03 02:00,0.0
1,21.03 03:00,0.0
1,21.03 04:00,0.0
1,21.03 05:00,0.0
1,21.03 06:00,0.0
1,21.03 07:00,0.0
1,21.03 08:00,0.0
1,21.03 09:00,0.0
1,21.03 10:00,0.0
1,21.03 11:00,0.0
1,21.03 12:00,0.0
1,21.03 13:00,0.0
1,21.03 14:00,0.0
1,21.03 15:00,0.0
1,21.03 16:00,0.0
1,21.03 17:00,0.0
1,21.03 18:00,0.0
1,21.03 19:00,0.0
1,21.03 20:00,0.0
1,21.03 21:00,0.0
1,21.03 22:00,0.0
1,21.03 23:00,0.0
1,22.03 00:00,0.0
1,22.03 01:00,0.0
1,22.03 02:00,0.0
1,22.03 03:00,0.0
1,22.03 04:00,0.0
1,22.03 05:00,0.0
1,22.03 06:00,0.0
1,22.03 07:00,0.0
1,22.03 08:00,0.0
1,22.03 09:00,0.0
1,22.03 10:00,0.0
1,22.03 11:00,0.0
1,22.03 12:00,0.0
1,22.03 13:00,0.0
1,22.03 14:00,0.0
1,22.03 15:00,0.0
1,22.03 16:00,0.0
1,22.03 17:00,0.0
1,22.03 18:00,0.0
1,22.03 19:00,0.0
1,22.03 20:00,0.0
1,22.03 21:00,0.0
1,22.03 22:00,0.0
1,22.03 23:00,0.0
1,23.03 00:00,0.0
1,23.03 01:00,0.0
1,23.03 02:00,0.0
1,23.03 03:00,0.0
1,23.03 04:00,0.0
1,23.03 05:00,0.0
1,23.03 06:00,0.0
1,23.03 07:00,0.0
1,23.03 08:00,0.0
1,23.03 09:00,0.0
1,23.03 10:00,0.0
1,23.03 11:00,0.0
1,23.03 12:00,0.0
1,23.03 13:00,0.0
1,23.03 14:00,0.0
1,23.03 15:00,0.0
1,23.03 16:00,0.0
1,23.03 17:00,0.0
1,23.03 18:00,0.0
1,23.03 19:00,0.0
1,23.03 20:00,0.0
1,23.03 21:00,0.0
1,23.03 22:00,0.0
1,23.03 23:00,0.0
1,24.03 00:00,0.0
1,24.03 01:00,0.0
1,24.03 02:00,0.0
1,24.03 03:00,0.0
1,24.03 04:00,0.0
1,24.03 05:00,0.0
1,24.03 06:00,0.0
1,24.03 07:00,0.0
1,24.03 08:00,0.0
1,24.03 09:00,0.0
1,24.03 10:00,0.0
1,24.03 11:00,0.0
1,24.03 12:00,0.0
1,24.03 13:00,0.0
1,24.03 14:00,0.0
1,24.03 15:00,0.0
1,24.03 16:00,0.0
1,24.03 17:00,0.0
1,24.03 18:00,0.0
1,24.03 19:00,0.0
1,24.03 20:00,0.0
1,24.03 21:00,0.0
1,24.03 22:00,0.0
1,24.03 23:00,0.0
1,25.03 00:00,0.0
1,25.03 01:00,0.0
1,25.03 02:00,0.0
1,25.03 03:00,0.0
1,25.03 04:00,0.0
1,25.03 05:00,0.0
1,25.03 06:00,0.0
1,25.03 07:00,0.0
1,25.03 08:00,0.0
1,25.03 09:00,0.0
1,25.03 10:00,0.0
1,25.03 11:00,0.0
1,25.03 12:00,0.0
1,25.03 13:00,0.0
1,25.03 14:00,0.0
1,25.03 15:00,0.0
1,25.03 16:00,0.0
1,25.03 17:00,0.0
1,25.03 18:00,0.0
1,25.03 19:00,0.0
1,25.03 20:00,0.0
1,25.03 21:00,0.0
1,25.03 22:00,0.0
1,25.03 23:00,0.0
1,26.03 00:00,0.0
1,26.03 01:00,0.0
1,26.03 02:00,0.0
1,26.03 03:00,0.0
1,26.03 04:00,0.0
1,26.03 05:00,0.0
1,26.03 06:00,0.0
1,26.03 07:00,0.0
1,26.03 08:00,0.0
1,26.03 09:00,0.0
1,26.03 10:00,0.0
1,26.03 11:00,0.0
1,26.03 12:00,0.0
1,26.03 13:00,0.0
1,26.03 14:00,0.0
1,26.03 15:00,0.0
1,26.03 16:00,0.0
1,26.03 17:00,0.0
1,26.03 18:00,0.0
1,26.03 19:00,0.0
1,26.03 20:00,0.0
1,26.03 21:00,0.0
1,26.03 22:00,0.0
1,26.03 23:00,0.0
1,27.03 00:00,0.0
1,27.03 01:00,0.0
1,27.03 02:00,0.0
1,27.03 03:00,0.0
1,27.03 04:00,0.0
1,27.03 05:00,0.0
1,27.03 06:00,0.0
1,27.03 07:00,0.0
1,27.03 08:00,0.0
1,27.03 09:00,0.0
1,27.03 10:00,0.0
1,27.03 11:00,0.0
1,27.03 12:00,0.0
1,27.03 13:00,0.0
1,27.03 14:00,0.0
1,27.03 15:00,0.0
1,27.03 16:00,0.0
1,27.03 17:00,0.0
1,27.03 18:00,0.0
1,27.03 19:00,0.0
1,27.03 20:00,0.0
1,27.03 21:00,0.0
1,27.03 22:00,0.0
1,27.03 23:00,0.0
1,28.03 00:00,0.0
1,28.03 01:00,0.0
1,28.03 02:00,0.0
1,28.03 03:00,0.0
1,28.03 04:00,0.0
1,28.03 05:00,0.0
1,28.03 06:00,0.0
1,28.03 07:00,0.0
1,28.03 08:00,0.0
1,28.03 09:00,0.0
1,28.03 10:00,0.0
1,28.03 11:00,0.0
1,28.03 12:00,0.0
1,28.03 13:00,0.0
1,28.03 14:00,0.0
1,28.03 15:00,0.0
1,28.03 16:00,0.0
1,28.03 17:00,0.0
1,28.03 18:00,0.0
1,28.03 19:00,0.0
1,28.03 20:00,0.0
1,28.03 21:00,0.0
1,28.03 22:00,0.0
1,28.03 23:00,0.0
1,29.03 00:00,0.0
1,29.03 01:00,0.0
1,29.03 02:00,0.0
1,29.03 03:00,0.0
1,29.03 04:00,0.0
1,29.03 05:00,0.0
1,29.03 06:00,0.0
1,29.03 07:00,0.0
1,29.03 08:00,0.0
1,29.03 09:00,0.0
1,29.03 10:00,0.0
1,29.03 11:00,0.0
1,29.03 12:00,0.0
1,29.03 13:00,0.0
1,29.03 14:00,0.0
1,29.03 15:00,0.0
1,29.03 16:00,0.0
1,29.03 17:00,0.0
1,29.03 18:00,0.0
1,29.03 19:00,0.0
1,29.03 20:00,0.0
1,29.03 21:00,0.0
1,29.03 22:00,0.0
1,29.03 23:00,0.0
1,30.03 00:00,0.0
1,30.03 01:00,0.0
1,30.03 02:00,0.0
1,30.03 03:00,0.0
1,30.03 04:00,0.0
1,30.03 05:00,0.0
1,30.03 06:00,0.0
1,30.03 07:00,0.0
1,30.03 08:00,0.0
1,30.03 09:00,0.0
1,30.03 10:00,0.0
1,30.03 11:00,0.0
1,30.03 12:00,0.0
1,30.03 13:00,0.0
1,30.03 14:00,0.0
1,30.03 15:00,0.0
1,30.03 16:00,0.0
1,30.03 17:00,0.0
1,30.03 18:00,0.0
1,30.03 19:00,0.0
1,30.03 20:00,0.0
1,30.03 21:00,0.0
1,30.03 22:00,0.0
1,30.03 23:00,0.0
1,31.03 00:00,0.0
1,31.03 01:00,0.0
1,31.03 02:00,0.0
1,31.03 03:00,0.0
1,31.03 04:00,0.0
1,31.03 05:00,0.0
1,31.03 06:00,0.0
1,31.03 07:00,0.0
1,31.03 08:00,0.0
1,31.03 09:00,0.0
1,31.03 10:00,0.0
1,31.03 11:00,0.0
1,31.03 12:00,0.0
1,31.03 13:00,0.0
1,31.03 14:00,0.0
1,31.03 15:00,0.0
1,31.03 16:00,0.0
1,31.03 17:00,0.0
1,31.03 18:00,0.0
1,31.03 19:00,0.0
1,31.03 20:00,0.0
1,31.03 21:00,0.0
1,31.03 22:00,0.0
1,31.03 23:00,0.0
1,01.04 00:00,0.0
1,01.04 01:00,0.0
1,01.04 02:00,0.0
1,01.04 03:00,0.0
1,01.04 04:00,0.0
1,01.04 05:00,0.0
1,01.04 06:00,0.0
1,01.04 07:00,0.0
1,01.04 08:00,0.0
1,01.04 09:00,0.0
1,01.04 10:00,0.0
1,01.04 11:00,0.0
1,01.04 12:00,0.0
1,01.04 13:00,0.0
1,01.04 14:00,0.0
1,01.04 15:00,0.0
1,01.04 16:00,0.0
1,01.04 17:00,0.0
1,01.04 18:00,0.0
1,01.04 19:00,0.0
1,01.04 20:00,0.0
1,01.04 21:00,0.0
1,01.04 22:00,0.0
1,01.04 23:00,0.0
1,02.04 00:00,0.0
1,02.04 01:00,0.0
1,02.04 02:00,0.0
1,02.04 03:00,0.0
1,02.04 04:00,0.0
1,02.04 05:00,0.0
1,02.04 06:00,0.0
1,02.04 07:00,0.0
1,02.04 08:00,0.0
1,02.04 09:00,0.0
1,02.04 10:00,0.0
1,02.04 11:00,0.0
1,02.04 12:00,0.0
1,02.04 13:00,0.0
1,02.04 14:00,0.0
1,02.04 15:00,0.0
1,02.04 16:00,0.0
1,02.04 17:00,0.0
1,02.04 18:00,0.0
1,02.04 19:00,0.0
1,02.04 20:00,0.0
1,02.04 21:00,0.0
1,02.04 22:00,0.0
1,02.04 23:00,0.0
1,03.04 00:00,0.0
1,03.04 01:00,0.0
1,03.04 02:00,0.0
1,03.04 03:00,0.0
1,03.04 04:00,0.0
1,03.04 05:00,0.0
1,03.04 06:00,0.0
1,03.04 07:00,0.0
1,03.04 08:00,0.0
1,03.04 09:00,0.0
1,03.04 10:00,0.0
1,03.04 11:00,0.0
1,03.04 12:00,0.0
1,03.04 13:00,0.0
1,03.04 14:00,0.0
1,03.04 15:00,0.0
1,03.04 16:00,0.0
1,03.04 17:00,0.0
1,03.04 18:00,0.0
1,03.04 19:00,0.0
1,03.04 20:00,0.0
1,03.04 21:00,0.0
1,03.04 22:00,0.0
1,03.04 23:00,0.0
1,04.04 00:00,0.0
1,04.04 01:00,0.0
1,04.04 02:00,0.0
1,04.04 03:00,0.0
1,04.04 04:00,0.0
1,04.04 05:00,0.0
1,04.04 06:00,0.0
1,04.04 07:00,0.0
1,04.04 08:00,0.0
1,04.04 09:00,0.0
1,04.04 10:00,0.0
1,04.04 11:00,0.0
1,04.04 12:00,0.0
1,04.04 13:00,0.0
1,04.04 14:00,0.0
1,04.04 15:00,0.0
1,04.04 16:00,0.0
1,04.04 17:00,0.0
1,04.04 18:00,0.0
1,04.04 19:00,0.0
1,04.04 20:00,0.0
1,04.04 21:00,0.0
1,04.04 22:00,0.0
1,04.04 23:00,0.0
1,05.04 00:00,0.0
1,05.04 01:00,0.0
1,05.04 02:00,0.0
1,05.04 03:00,0.0
1,05.04 04:00,0.0
1,05.04 05:00,0.0
1,05.04 06:00,0.0
1,05.04 07:00,0.0
1,05.04 08:00,0.0
1,05.04 09:00,0.0
1,05.04 10:00,0.0
1,05.04 11:00,0.0
1,05.04 12:00,0.0
1,05.04 13:00,0.0
1,05.04 14:00,0.0
1,05.04 15:00,0.0
1,05.04 16:00,0.0
1,05.04 17:00,0.0
1,05.04 18:00,0.0
1,05.04 19:00,0.0
1,05.04 20:00,0.0
1,05.04 21:00,0.0
1,05.04 22:00,0.0
1,05.04 23:00,0.0
1,06.04 00:00,0.0
1,06.04 01:00,0.0
1,06.04 02:00,0.0
1,06.04 03:00,0.0
1,06.04 04:00,0.0
1,06.04 05:00,0.0
1,06.04 06:00,0.0
1,06.04 07:00,0.0
1,06.04 08:00,0.0
1,06.04 09:00,0.0
1,06.04 10:00,0.0
1,06.04 11:00,0.0
1,06.04 12:00,0.0
1,06.04 13:00,0.0
1,06.04 14:00,0.0
1,06.04 15:00,0.0
1,06.04 16:00,0.0
1,06.04 17:00,0.0
1,06.04 18:00,0.0
1,06.04 19:00,0.0
1,06.04 20:00,0.0
1,06.04 21:00,0.0
1,06.04 22:00,0.0
1,06.04 23:00,0.0
1,07.04 00:00,0.0
1,07.04 01:00,0.0
1,07.04 02:00,0.0
1,07.04 03:00,0.0
1,07.04 04:00,0.0
1,07.04 05:00,0.0
1,07.04 06:00,0.0
1,07.04 07:00,0.0
1,07.04 08:00,0.0
1,07.04 09:00,0.0
1,07.04 10:00,0.0
1,07.04 11:00,0.0
1,07.04 12:00,0.0
1,07.04 13:00,0.0
1,07.04 14:00,0.0
1,07.04 15:00,0.0
1,07.04 16:00,0.0
1,07.04 17:00,0.0
1,07.04 18:00,0.0
1,07.04 19:00,0.0
1,07.04 20:00,0.0
1,07.04 21:00,0.0
1,07.04 22:00,0.0
1,07.04 23:00,0.0
1,08.04 00:00,0.0
1,08.04 01:00,0.0
1,08.04 02:00,0.0
1,08.04 03:00,0.0
1,08.04 04:00,0.0
1,08.04 05:00,0.0
1,08.04 06:00,0.0
1,08.04 07:00,0.0
1,08.04 08:00,0.0
1,08.04 09:00,0.0
1,08.04 10:00,0.0
1,08.04 11:00,0.0
1,08.04 12:00,0.0
1,08.04 13:00,0.0
1,08.04 14:00,0.0
1,08.04 15:00,0.0
1,08.04 16:00,0.0
1,08.04 17:00,0.0
1,08.04 18:00,0.0
1,08.04 19:00,0.0
1,08.04 20:00,0.0
1,08.04 21:00,0.0
1,08.04 22:00,0.0
1,08.04 23:00,0.0
1,09.04 00:00,0.0
1,09.04 01:00,0.0
1,09.04 02:00,0.0
1,09.04 03:00,0.0
1,09.04 04:00,0.0
1,09.04 05:00,0.0
1,09.04 06:00,0.0
1,09.04 07:00,0.0
1,09.04 08:00,0.0
1,09.04 09:00,0.0
1,09.04 10:00,0.0
1,09.04 11:00,0.0
1,09.04 12:00,0.0
1,09.04 13:00,0.0
1,09.04 14:00,0.0
1,09.04 15:00,0.0
1,09.04 16:00,0.0
1,09.04 17:00,0.0
1,09.04 18:00,0.0
1,09.04 19:00,0.0
1,09.04 20:00,0.0
1,09.04 21:00,0.0
1,09.04 22:00,0.0
1,09.04 23:00,0.0
1,10.04 00:00,0.0
1,10.04 01:00,0.0
1,10.04 02:00,0.0
1,10.04 03:00,0.0
1,10.04 04:00,0.0
1,10.04 05:00,0.0
1,10.04 06:00,0.0
1,10.04 07:00,0.0
1,10.04 08:00,0.0
1,10.04 09:00,0.0
1,10.04 10:00,0.0
1,10.04 11:00,0.0
1,10.04 12:00,0.0
1,10.04 13:00,0.0
1,10.04 14:00,0.0
1,10.04 15:00,0.0
1,10.04 16:00,0.0
1,10.04 17:00,0.0
1,10.04 18:00,0.0
1,10.04 19:00,0.0
1,10.04 20:00,0.0
1,10.04 21:00,0.0
1,10.04 22:00,0.0
1,10.04 23:00,0.0
1,11.04 00:00,0.0
1,11.04 01:00,0.0
1,11.04 02:00,0.0
1,11.04 03:00,0.0
1,11.04 04:00,0.0
1,11.04 05:00,0.0
1,11.04 06:00,0.0
1,11.04 07:00,0.0
1,11.04 08:00,0.0
1,11.04 09:00,0.0
1,11.04 10:00,0.0
1,11.04 11:00,0.0
1,11.04 12:00,0.0
1,11.04 13:00,0.0
1,11.04 14:00,0.0
1,11.04 15:00,0.0
1,11.04 16:00,0.0
1,11.04 17:00,0.0
1,11.04 18:00,0.0
1,11.04 19:00,0.0
1,11.04 20:00,0.0
1,11.04 21:00,0.0
1,11.04 22:00,0.0
1,11.04 23:00,0.0
1,12.04 00:00,0.0
1,12.04 01:00,0.0
1,12.04 02:00,0.0
1,12.04 03:00,0.0
1,12.04 04:00,0.0
1,12.04 05:00,0.0
1,12.04 06:00,0.0
1,12.04 07:00,0.0
1,12.04 08:00,0.0
1,12.04 09:00,0.0
1,12.04 10:00,0.0
1,12.04 11:00,0.0
1,12.04 12:00,0.0
1,12.04 13:00,0.0
1,12.04 14:00,0.0
1,12.04 15:00,0.0
1,12.04 16:00,0.0
1,12.04 17:00,0.0
1,12.04 18:00,0.0
1,12.04 19:00,0.0
1,12.04 20:00,0.0
1,12.04 21:00,0.0
1,12.04 22:00,0.0
1,12.04 23:00,0.0
1,13.04 00:00,0.0
1,13.04 01:00,0.0
1,13.04 02:00,0.0
1,13.04 03:00,0.0
1,13.04 04:00,0.0
1,13.04 05:00,0.0
1,13.04 06:00,0.0
1,13.04 07:00,0.0
1,13.04 08:00,0.0
1,13.04 09:00,0.0
1,13.04 10:00,0.0
1,13.04 11:00,0.0
1,13.04 12:00,0.0
1,13.04 13:00,0.0
1,13.04 14:00,0.0
1,13.04 15:00,0.0
1,13.04 16:00,0.0
1,13.04 17:00,0.0
1,13.04 18:00,0.0
1,13.04 19:00,0.0
1,13.04 20:00,0.0
1,13.04 21:00,0.0
1,13.04 22:00,0.0
1,13.04 23:00,0.0
1,14.04 00:00,0.0
1,14.04 01:00,0.0
1,14.04 02:00,0.0
1,14.04 03:00,0.0
1,14.04 04:00,0.0
1,14.04 05:00,0.0
1,14.04 06:00,0.0
1,14.04 07:00,0.0
1,14.04 08:00,0.0
1,14.04 09:00,0.0
1,14.04 10:00,0.0
1,14.04 11:00,0.0
1,14.04 12:00,0.0
1,14.04 13:00,0.0
1,14.04 14:00,0.0
1,14.04 15:00,0.0
1,14.04 16:00,0.0
1,14.04 17:00,0.0
1,14.04 18:00,0.0
1,14.04 19:00,0.0
1,14.04 20:00,0.0
1,14.04 21:00,0.0
1,14.04 22:00,0.0
1,14.04 23:00,0.0
1,15.04 00:00,0.0
1,15.04 01:00,0.0
1,15.04 02:00,0.0
1,15.04 03:00,0.0
1,15.04 04:00,0.0
1,15.04 05:00,0.0
1,15.04 06:00,0.0
1,15.04 07:00,0.0
1,15.04 08:00,0.0
1,15.04 09:00,0.0
1,15.04 10:00,0.0
1,15.04 11:00,0.0
1,15.04 12:00,0.0
1,15.04 13:00,0.0
1,15.04 14:00,0.0
1,15.04 15:00,0.0
1,15.04 16:00,0.0
1,15.04 17:00,0.0
1,15.04 18:00,0.0
1,15.04 19:00,0.0
1,15.04 20:00,0.0
1,15.04 21:00,0.0
1,15.04 22:00,0.0
1,15.04 23:00,0.0
1,16.04 00:00,0.0
1,16.04 01:00,0.0
1,16.04 02:00,0.0
1,16.04 03:00,0.0
1,16.04 04:00,0.0
1,16.04 05:00,0.0
1,16.04 06:00,0.0
1,16.04 07:00,0.0
1,16.04 08:00,0.0
1,16.04 09:00,0.0
1,16.04 10:00,0.0
1,16.04 11:00,0.0
1,16.04 12:00,0.0
1,16.04 13:00,0.0
1,16.04 14:00,0.0
1,16.04 15:00,0.0
1,16.04 16:00,0.0
1,16.04 17:00,0.0
1,16.04 18:00,0.0
1,16.04 19:00,0.0
1,16.04 20:00,0.0
1,16.04 21:00,0.0
1,16.04 22:00,0.0
1,16.04 23:00,0.0
1,17.04 00:00,0.0
1,17.04 01:00,0.0
1,17.04 02:00,0.0
1,17.04 03:00,0.0
1,17.04 04:00,0.0
1,17.04 05:00,0.0
1,17.04 06:00,0.0
1,17.04 07:00,0.0
1,17.04 08:00,0.0
1,17.04 09:00,0.0
1,17.04 10:00,0.0
1,17.04 11:00,0.0
1,17.04 12:00,0.0
1,17.04 13:00,0.0
1,17.04 14:00,0.0
1,17.04 15:00,0.0
1,17.04 16:00,0.0
1,17.04 17:00,0.0
1,17.04 18:00,0.0
1,17.04 19:00,0.0
1,17.04 20:00,0.0
1,17.04 21:00,0.0
1,17.04 22:00,0.0
1,17.04 23:00,0.0
1,18.04 00:00,0.0
1,18.04 01:00,0.0
1,18.04 02:00,0.0
1,18.04 03:00,0.0
1,18.04 04:00,0.0
1,18.04 05:00,0.0
1,18.04 06:00,0.0
1,18.04 07:00,0.0
1,18.04 08:00,0.0
1,18.04 09:00,0.0
1,18.04 10:00,0.0
1,18.04 11:00,0.0
1,18.04 12:00,0.0
1,18.04 13:00,0.0
1,18.04 14:00,0.0
1,18.04 15:00,0.0
1,18.04 16:00,0.0
1,18.04 17:00,0.0
1,18.04 18:00,0.0
1,18.04 19:00,0.0
1,18.04 20:00,0.0
1,18.04 21:00,0.0
1,18.04 22:00,0.0
1,18.04 23:00,0.0
1,19.04 00:00,0.0
1,19.04 01:00,0.0
1,19.04 02:00,0.0
1,19.04 03:00,0.0
1,19.04 04:00,0.0
1,19.04 05:00,0.0
1,19.04 06:00,0.0
1,19.04 07:00,0.0
1,19.04 08:00,0.0
1,19.04 09:00,0.0
1,19.04 10:00,0.0
1,19.04 11:00,0.0
1,19.04 12:00,0.0
1,19.04 13:00,0.0
1,19.04 14:00,0.0
1,19.04 15:00,0.0
1,19.04 16:00,0.0
1,19.04 17:00,0.0
1,19.04 18:00,0.0
1,19.04 19:00,0.0
1,19.04 20:00,0.0
1,19.04 21:00,0.0
1,19.04 22:00,0.0
1,19.04 23:00,0.0
1,20.04 00:00,0.0
1,20.04 01:00,0.0
1,20.04 02:00,0.0
1,20.04 03:00,0.0
1,20.04 04:00,0.0
1,20.04 05:00,0.0
1,20.04 06:00,0.0
1,20.04 07:00,0.0
1,20.04 08:00,0.0
1,20.04 09:00,0.0
1,20.04 10:00,0.0
1,20.04 11:00,0.0
1,20.04 12:00,0.0
1,20.04 13:00,0.0
1,20.04 14:00,0.0
1,20.04 15:00,0.0
1,20.04 16:00,0.0
1,20.04 17:00,0.0
1,20.04 18:00,0.0
1,20.04 19:00,0.0
1,20.04 20:00,0.0
1,20.04 21:00,0.0
1,20.04 22:00,0.0
1,20.04 23:00,0.0
1,21.04 00:00,0.0
1,21.04 01:00,0.0
1,21.04 02:00,0.0
1,21.04 03:00,0.0
1,21.04 04:00,0.0
1,21.04 05:00,0.0
1,21.04 06:00,0.0
1,21.04 07:00,0.0
1,21.04 08:00,0.0
1,21.04 09:00,0.0
1,21.04 10:00,0.0
1,21.04 11:00,0.0
1,21.04 12:00,0.0
1,21.04 13:00,0.0
1,21.04 14:00,0.0
1,21.04 15:00,0.0
1,21.04 16:00,0.0
1,21.04 17:00,0.0
1,21.04 18:00,0.0
1,21.04 19:00,0.0
1,21.04 20:00,0.0
1,21.04 21:00,0.0
1,21.04 22:00,0.0
1,21.04 23:00,0.0
1,22.04 00:00,0.0
1,22.04 01:00,0.0
1,22.04 02:00,0.0
1,22.04 03:00,0.0
1,22.04 04:00,0.0
1,22.04 05:00,0.0
1,22.04 06:00,0.0
1,22.04 07:00,0.0
1,22.04 08:00,0.0
1,22.04 09:00,0.0
1,22.04 10:00,0.0
1,22.04 11:00,0.0
1,22.04 12:00,0.0
1,22.04 13:00,0.0
1,22.04 14:00,0.0
1,22.04 15:00,0.0
1,22.04 16:00,0.0
1,22.04 17:00,0.0
1,22.04 18:00,0.0
1,22.04 19:00,0.0
1,22.04 20:00,0.0
1,22.04 21:00,0.0
1,22.04 22:00,0.0
1,22.04 23:00,0.0
1,23.04 00:00,0.0
1,23.04 01:00,0.0
1,23.04 02:00,0.0
1,23.04 03:00,0.0
1,23.04 04:00,0.0
1,23.04 05:00,0.0
1,23.04 06:00,0.0
1,23.04 07:00,0.0
1,23.04 08:00,0.0
1,23.04 09:00,0.0
1,23.04 10:00,0.0
1,23.04 11:00,0.0
1,23.04 12:00,0.0
1,23.04 13:00,0.0
1,23.04 14:00,0.0
1,23.04 15:00,0.0
1,23.04 16:00,0.0
1,23.04 17:00,0.0
1,23.04 18:00,0.0
1,23.04 19:00,0.0
1,23.04 20:00,0.0
1,23.04 21:00,0.0
1,23.04 22:00,0.0
1,23.04 23:00,0.0
1,24.04 00:00,0.0
1,24.04 01:00,0.0
1,24.04 02:00,0.0
1,24.04 03:00,0.0
1,24.04 04:00,0.0
1,24.04 05:00,0.0
1,24.04 06:00,0.0
1,24.04 07:00,0.0
1,24.04 08:00,0.0
1,24.04 09:00,0.0
1,24.04 10:00,0.0
1,24.04 11:00,0.0
1,24.04 12:00,0.0
1,24.04 13:00,0.0
1,24.04 14:00,0.0
1,24.04 15:00,0.0
1,24.04 16:00,0.0
1,24.04 17:00,0.0
1,24.04 18:00,0.0
1,24.04 19:00,0.0
1,24.04 20:00,0.0
1,24.04 21:00,0.0
1,24.04 22:00,0.0
1,24.04 23:00,0.0
1,25.04 00:00,0.0
1,25.04 01:00,0.0
1,25.04 02:00,0.0
1,25.04 03:00,0.0
1,25.04 04:00,0.0
1,25.04 05:00,0.0
1,25.04 06:00,0.0
1,25.04 07:00,0.0
1,25.04 08:00,0.0
1,25.04 09:00,0.0
1,25.04 10:00,0.0
1,25.04 11:00,0.0
1,25.04 12:00,0.0
1,25.04 13:00,0.0
1,25.04 14:00,0.0
1,25.04 15:00,0.0
1,25.04 16:00,0.0
1,25.04 17:00,0.0
1,25.04 18:00,0.0
1,25.04 19:00,0.0
1,25.04 20:00,0.0
1,25.04 21:00,0.0
1,25.04 22:00,0.0
1,25.04 23:00,0.0
1,26.04 00:00,0.0
1,26.04 01:00,0.0
1,26.04 02:00,0.0
1,26.04 03:00,0.0
1,26.04 04:00,0.0
1,26.04 05:00,0.0
1,26.04 06:00,0.0
1,26.04 07:00,0.0
1,26.04 08:00,0.0
1,26.04 09:00,0.0
1,26.04 10:00,0.0
1,26.04 11:00,0.0
1,26.04 12:00,0.0
1,26.04 13:00,0.0
1,26.04 14:00,0.0
1,26.04 15:00,0.0
1,26.04 16:00,0.0
1,26.04 17:00,0.0
1,26.04 18:00,0.0
1,26.04 19:00,0.0
1,26.04 20:00,0.0
1,26.04 21:00,0.0
1,26.04 22:00,0.0
1,26.04 23:00,0.0
1,27.04 00:00,0.0
1,27.04 01:00,0.0
1,27.04 02:00,0.0
1,27.04 03:00,0.0
1,27.04 04:00,0.0
1,27.04 05:00,0.0
1,27.04 06:00,0.0
1,27.04 07:00,0.0
1,27.04 08:00,0.0
1,27.04 09:00,0.0
1,27.04 10:00,0.0
1,27.04 11:00,0.0
1,27.04 12:00,0.0
1,27.04 13:00,0.0
1,27.04 14:00,0.0
1,27.04 15:00,0.0
1,27.04 16:00,0.0
1,27.04 17:00,0.0
1,27.04 18:00,0.0
1,27.04 19:00,0.0
1,27.04 20:00,0.0
1,27.04 21:00,0.0
1,27.04 22:00,0.0
1,27.04 23:00,0.0
1,28.04 00:00,0.0
1,28.04 01:00,0.0
1,28.04 02:00,0.0
1,28.04 03:00,0.0
1,28.04 04:00,0.0
1,28.04 05:00,0.0
1,28.04 06:00,0.0
1,28.04 07:00,0.0
1,28.04 08:00,0.0
1,28.04 09:00,0.0
1,28.04 10:00,0.0
1,28.04 11:00,0.0
1,28.04 12:00,0.0
1,28.04 13:00,0.0
1,28.04 14:00,0.0
1,28.04 15:00,0.0
1,28.04 16:00,0.0
1,28.04 17:00,0.0
1,28.04 18:00,0.0
1,28.04 19:00,0.0
1,28.04 20:00,0.0
1,28.04 21:00,0.0
1,28.04 22:00,0.0
1,28.04 23:00,0.0
1,29.04 00:00,0.0
1,29.04 01:00,0.0
1,29.04 02:00,0.0
1,29.04 03:00,0.0
1,29.04 04:00,0.0
1,29.04 05:00,0.0
1,29.04 06:00,0.0
1,29.04 07:00,0.0
1,29.04 08:00,0.0
1,29.04 09:00,0.0
1,29.04 10:00,0.0
1,29.04 11:00,0.0
1,29.04 12:00,0.0
1,29.04 13:00,0.0
1,29.04 14:00,0.0
1,29.04 15:00,0.0
1,29.04 16:00,0.0
1,29.04 17:00,0.0
1,29.04 18:00,0.0
1,29.04 19:00,0.0
1,29.04 20:00,0.0
1,29.04 21:00,0.0
1,29.04 22:00,0.0
1,29.04 23:00,0.0
1,30.04 00:00,0.0
1,30.04 01:00,0.0
1,30.04 02:00,0.0
1,30.04 03:00,0.0
1,30.04 04:00,0.0
1,30.04 05:00,0.0
1,30.04 06:00,0.0
1,30.04 07:00,0.0
1,30.04 08:00,0.0
1,30.04 09:00,0.0
1,30.04 10:00,0.0
1,30.04 11:00,0.0
1,30.04 12:00,0.0
1,30.04 13:00,0.0
1,30.04 14:00,0.0
1,30.04 15:00,0.0
1,30.04 16:00,0.0
1,30.04 17:00,0.0
1,30.04 18:00,0.0
1,30.04 19:00,0.0
1,30.04 20:00,0.0
1,30.04 21:00,0.0
1,30.04 22:00,0.0
1,30.04 23:00,0.0
1,01.05 00:00,0.0
1,01.05 01:00,0.0
1,01.05 02:00,0.0
1,01.05 03:00,0.0
1,01.05 04:00,0.0
1,01.05 05:00,0.0
1,01.05 06:00,0.0
1,01.05 07:00,0.0
1,01.05 08:00,0.0
1,01.05 09:00,0.0
1,01.05 10:00,0.0
1,01.05 11:00,0.0
1,01.05 12:00,0.0
1,01.05 13:00,0.0
1,01.05 14:00,0.0
1,01.05 15:00,0.0
1,01.05 16:00,0.0
1,01.05 17:00,0.0
1,01.05 18:00,0.0
1,01.05 19:00,0.0
1,01.05 20:00,0.0
1,01.05 21:00,0.0
1,01.05 22:00,0.0
1,01.05 23:00,0.0
1,02.05 00:00,0.0
1,02.05 01:00,0.0
1,02.05 02:00,0.0
1,02.05 03:00,0.0
1,02.05 04:00,0.0
1,02.05 05:00,0.0
1,02.05 06:00,0.0
1,02.05 07:00,0.0
1,02.05 08:00,0.0
1,02.05 09:00,0.0
1,02.05 10:00,0.0
1,02.05 11:00,0.0
1,02.05 12:00,0.0
1,02.05 13:00,0.0
1,02.05 14:00,0.0
1,02.05 15:00,0.0
1,02.05 16:00,0.0
1,02.05 17:00,0.0
1,02.05 18:00,0.0
1,02.05 19:00,0.0
1,02.05 20:00,0.0
1,02.05 21:00,0.0
1,02.05 22:00,0.0
1,02.05 23:00,0.0
1,03.05 00:00,0.0
1,03.05 01:00,0.0
1,03.05 02:00,0.0
1,03.05 03:00,0.0
1,03.05 04:00,0.0
1,03.05 05:00,0.0
1,03.05 06:00,0.0
1,03.05 07:00,0.0
1,03.05 08:00,0.0
1,03.05 09:00,0.0
1,03.05 10:00,0.0
1,03.05 11:00,0.0
1,03.05 12:00,0.0
1,03.05 13:00,0.0
1,03.05 14:00,0.0
1,03.05 15:00,0.0
1,03.05 16:00,0.0
1,03.05 17:00,0.0
1,03.05 18:00,0.0
1,03.05 19:00,0.0
1,03.05 20:00,0.0
1,03.05 21:00,0.0
1,03.05 22:00,0.0
1,03.05 23:00,0.0
1,04.05 00:00,0.0
1,04.05 01:00,0.0
1,04.05 02:00,0.0
1,04.05 03:00,0.0
1,04.05 04:00,0.0
1,04.05 05:00,0.0
1,04.05 06:00,0.0
1,04.05 07:00,0.0
1,04.05 08:00,0.0
1,04.05 09:00,0.0
1,04.05 10:00,0.0
1,04.05 11:00,0.0
1,04.05 12:00,0.0
1,04.05 13:00,0.0
1,04.05 14:00,0.0
1,04.05 15:00,0.0
1,04.05 16:00,0.0
1,04.05 17:00,0.0
1,04.05 18:00,0.0
1,04.05 19:00,0.0
1,04.05 20:00,0.0
1,04.05 21:00,0.0
1,04.05 22:00,0.0
1,04.05 23:00,0.0
1,05.05 00:00,0.0
1,05.05 01:00,0.0
1,05.05 02:00,0.0
1,05.05 03:00,0.0
1,05.05 04:00,0.0
1,05.05 05:00,0.0
1,05.05 06:00,0.0
1,05.05 07:00,0.0
1,05.05 08:00,0.0
1,05.05 09:00,0.0
1,05.05 10:00,0.0
1,05.05 11:00,0.0
1,05.05 12:00,0.0
1,05.05 13:00,0.0
1,05.05 14:00,0.0
1,05.05 15:00,0.0
1,05.05 16:00,0.0
1,05.05 17:00,0.0
1,05.05 18:00,0.0
1,05.05 19:00,0.0
1,05.05 20:00,0.0
1,05.05 21:00,0.0
1,05.05 22:00,0.0
1,05.05 23:00,0.0
1,06.05 00:00,0.0
1,06.05 01:00,0.0
1,06.05 02:00,0.0
1,06.05 03:00,0.0
1,06.05 04:00,0.0
1,06.05 05:00,0.0
1,06.05 06:00,0.0
1,06.05 07:00,0.0
1,06.05 08:00,0.0
1,06.05 09:00,0.0
1,06.05 10:00,0.0
1,06.05 11:00,0.0
1,06.05 12:00,0.0
1,06.05 13:00,0.0
1,06.05 14:00,0.0
1,06.05 15:00,0.0
1,06.05 16:00,0.0
1,06.05 17:00,0.0
1,06.05 18:00,0.0
1,06.05 19:00,0.0
1,06.05 20:00,0.0
1,06.05 21:00,0.0
1,06.05 22:00,0.0
1,06.05 23:00,0.0
1,07.05 00:00,0.0
1,07.05 01:00,0.0
1,07.05 02:00,0.0
1,07.05 03:00,0.0
1,07.05 04:00,0.0
1,07.05 05:00,0.0
1,07.05 06:00,0.0
1,07.05 07:00,0.0
1,07.05 08:00,0.0
1,07.05 09:00,0.0
1,07.05 10:00,0.0
1,07.05 11:00,0.0
1,07.05 12:00,0.0
1,07.05 13:00,0.0
1,07.05 14:00,0.0
1,07.05 15:00,0.0
1,07.05 16:00,0.0
1,07.05 17:00,0.0
1,07.05 18:00,0.0
1,07.05 19:00,0.0
1,07.05 20:00,0.0
1,07.05 21:00,0.0
1,07.05 22:00,0.0
1,07.05 23:00,0.0
1,08.05 00:00,0.0
1,08.05 01:00,0.0
1,08.05 02:00,0.0
1,08.05 03:00,0.0
1,08.05 04:00,0.0
1,08.05 05:00,0.0
1,08.05 06:00,0.0
1,08.05 07:00,0.0
1,08.05 08:00,0.0
1,08.05 09:00,0.0
1,08.05 10:00,0.0
1,08.05 11:00,0.0
1,08.05 12:00,0.0
1,08.05 13:00,0.0
1,08.05 14:00,0.0
1,08.05 15:00,0.0
1,08.05 16:00,0.0
1,08.05 17:00,0.0
1,08.05 18:00,0.0
1,08.05 19:00,0.0
1,08.05 20:00,0.0
1,08.05 21:00,0.0
1,08.05 22:00,0.0
1,08.05 23:00,0.0
1,09.05 00:00,0.0
1,09.05 01:00,0.0
1,09.05 02:00,0.0
1,09.05 03:00,0.0
1,09.05 04:00,0.0
1,09.05 05:00,0.0
1,09.05 06:00,0.0
1,09.05 07:00,0.0
1,09.05 08:00,0.0
1,09.05 09:00,0.0
1,09.05 10:00,0.0
1,09.05 11:00,0.0
1,09.05 12:00,0.0
1,09.05 13:00,0.0
1,09.05 14:00,0.0
1,09.05 15:00,0.0
1,09.05 16:00,0.0
1,09.05 17:00,0.0
1,09.05 18:00,0.0
1,09.05 19:00,0.0
1,09.05 20:00,0.0
1,09.05 21:00,0.0
1,09.05 22:00,0.0
1,09.05 23:00,0.0
1,10.05 00:00,0.0
1,10.05 01:00,0.0
1,10.05 02:00,0.0
1,10.05 03:00,0.0
1,10.05 04:00,0.0
1,10.05 05:00,0.0
1,10.05 06:00,0.0
1,10.05 07:00,0.0
1,10.05 08:00,0.0
1,10.05 09:00,0.0
1,10.05 10:00,0.0
1,10.05 11:00,0.0
1,10.05 12:00,0.0
1,10.05 13:00,0.0
1,10.05 14:00,0.0
1,10.05 15:00,0.0
1,10.05 16:00,0.0
1,10.05 17:00,0.0
1,10.05 18:00,0.0
1,10.05 19:00,0.0
1,10.05 20:00,0.0
1,10.05 21:00,0.0
1,10.05 22:00,0.0
1,10.05 23:00,0.0
1,11.05 00:00,0.0
1,11.05 01:00,0.0
1,11.05 02:00,0.0
1,11.05 03:00,0.0
1,11.05 04:00,0.0
1,11.05 05:00,0.0
1,11.05 06:00,0.0
1,11.05 07:00,0.0
1,11.05 08:00,0.0
1,11.05 09:00,0.0
1,11.05 10:00,0.0
1,11.05 11:00,0.0
1,11.05 12:00,0.0
1,11.05 13:00,0.0
1,11.05 14:00,0.0
1,11.05 15:00,0.0
1,11.05 16:00,0.0
1,11.05 17:00,0.0
1,11.05 18:00,0.0
1,11.05 19:00,0.0
1,11.05 20:00,0.0
1,11.05 21:00,0.0
1,11.05 22:00,0.0
1,11.05 23:00,0.0
1,12.05 00:00,0.0
1,12.05 01:00,0.0
1,12.05 02:00,0.0
1,12.05 03:00,0.0
1,12.05 04:00,0.0
1,12.05 05:00,0.0
1,12.05 06:00,0.0
1,12.05 07:00,0.0
1,12.05 08:00,0.0
1,12.05 09:00,0.0
1,12.05 10:00,0.0
1,12.05 11:00,0.0
1,12.05 12:00,0.0
1,12.05 13:00,0.0
1,12.05 14:00,0.0
1,12.05 15:00,0.0
1,12.05 16:00,0.0
1,12.05 17:00,0.0
1,12.05 18:00,0.0
1,12.05 19:00,0.0
1,12.05 20:00,0.0
1,12.05 21:00,0.0
1,12.05 22:00,0.0
1,12.05 23:00,0.0
1,13.05 00:00,0.0
1,13.05 01:00,0.0
1,13.05 02:00,0.0
1,13.05 03:00,0.0
1,13.05 04:00,0.0
1,13.05 05:00,0.0
1,13.05 06:00,0.0
1,13.05 07:00,0.0
1,13.05 08:00,0.0
1,13.05 09:00,0.0
1,13.05 10:00,0.0
1,13.05 11:00,0.0
1,13.05 12:00,0.0
1,13.05 13:00,0.0
1,13.05 14:00,0.0
1,13.05 15:00,0.0
1,13.05 16:00,0.0
1,13.05 17:00,0.0
1,13.05 18:00,0.0
1,13.05 19:00,0.0
1,13.05 20:00,0.0
1,13.05 21:00,0.0
1,13.05 22:00,0.0
1,13.05 23:00,0.0
1,14.05 00:00,0.0
1,14.05 01:00,0.0
1,14.05 02:00,0.0
1,14.05 03:00,0.0
1,14.05 04:00,0.0
1,14.05 05:00,0.0
1,14.05 06:00,0.0
1,14.05 07:00,0.0
1,14.05 08:00,0.0
1,14.05 09:00,0.0
1,14.05 10:00,0.0
1,14.05 11:00,0.0
1,14.05 12:00,0.0
1,14.05 13:00,0.0
1,14.05 14:00,0.0
1,14.05 15:00,0.0
1,14.05 16:00,0.0
1,14.05 17:00,0.0
1,14.05 18:00,0.0
1,14.05 19:00,0.0
1,14.05 20:00,0.0
1,14.05 21:00,0.0
1,14.05 22:00,0.0
1,14.05 23:00,0.0
1,15.05 00:00,0.0
1,15.05 01:00,0.0
1,15.05 02:00,0.0
1,15.05 03:00,0.0
1,15.05 04:00,0.0
1,15.05 05:00,0.0
1,15.05 06:00,0.0
1,15.05 07:00,0.0
1,15.05 08:00,0.0
1,15.05 09:00,0.0
1,15.05 10:00,0.0
1,15.05 11:00,0.0
1,15.05 12:00,0.0
1,15.05 13:00,0.0
1,15.05 14:00,0.0
1,15.05 15:00,0.0
1,15.05 16:00,0.0
1,15.05 17:00,0.0
1,15.05 18:00,0.0
1,15.05 19:00,0.0
1,15.05 20:00,0.0
1,15.05 21:00,0.0
1,15.05 22:00,0.0
1,15.05 23:00,0.0
1,16.05 00:00,0.0
1,16.05 01:00,0.0
1,16.05 02:00,0.0
1,16.05 03:00,0.0
1,16.05 04:00,0.0
1,16.05 05:00,0.0
1,16.05 06:00,0.0
1,16.05 07:00,0.0
1,16.05 08:00,0.0
1,16.05 09:00,0.0
1,16.05 10:00,0.0
1,16.05 11:00,0.0
1,16.05 12:00,0.0
1,16.05 13:00,0.0
1,16.05 14:00,0.0
1,16.05 15:00,0.0
1,16.05 16:00,0.0
1,16.05 17:00,0.0
1,16.05 18:00,0.0
1,16.05 19:00,0.0
1,16.05 20:00,0.0
1,16.05 21:00,0.0
1,16.05 22:00,0.0
1,16.05 23:00,0.0
1,17.05 00:00,0.0
1,17.05 01:00,0.0
1,17.05 02:00,0.0
1,17.05 03:00,0.0
1,17.05 04:00,0.0
1,17.05 05:00,0.0
1,17.05 06:00,0.0
1,17.05 07:00,0.0
1,17.05 08:00,0.0
1,17.05 09:00,0.0
1,17.05 10:00,0.0
1,17.05 11:00,0.0
1,17.05 12:00,0.0
1,17.05 13:00,0.0
1,17.05 14:00,0.0
1,17.05 15:00,0.0
1,17.05 16:00,0.0
1,17.05 17:00,0.0
1,17.05 18:00,0.0
1,17.05 19:00,0.0
1,17.05 20:00,0.0
1,17.05 21:00,0.0
1,17.05 22:00,0.0
1,17.05 23:00,0.0
1,18.05 00:00,0.0
1,18.05 01:00,0.0
1,18.05 02:00,0.0
1,18.05 03:00,0.0
1,18.05 04:00,0.0
1,18.05 05:00,0.0
1,18.05 06:00,0.0
1,18.05 07:00,0.0
1,18.05 08:00,0.0
1,18.05 09:00,0.0
1,18.05 10:00,0.0
1,18.05 11:00,0.0
1,18.05 12:00,0.0
1,18.05 13:00,0.0
1,18.05 14:00,0.0
1,18.05 15:00,0.0
1,18.05 16:00,0.0
1,18.05 17:00,0.0
1,18.05 18:00,0.0
1,18.05 19:00,0.0
1,18.05 20:00,0.0
1,18.05 21:00,0.0
1,18.05 22:00,0.0
1,18.05 23:00,0.0
1,19.05 00:00,0.0
1,19.05 01:00,0.0
1,19.05 02:00,0.0
1,19.05 03:00,0.0
1,19.05 04:00,0.0
1,19.05 05:00,0.0
1,19.05 06:00,0.0
1,19.05 07:00,0.0
1,19.05 08:00,0.0
1,19.05 09:00,0.0
1,19.05 10:00,0.0
1,19.05 11:00,0.0
1,19.05 12:00,0.0
1,19.05 13:00,0.0
1,19.05 14:00,0.0
1,19.05 15:00,0.0
1,19.05 16:00,0.0
1,19.05 17:00,0.0
1,19.05 18:00,0.0
1,19.05 19:00,0.0
1,19.05 20:00,0.0
1,19.05 21:00,0.0
1,19.05 22:00,0.0
1,19.05 23:00,0.0
1,20.05 00:00,0.0
1,20.05 01:00,0.0
1,20.05 02:00,0.0
1,20.05 03:00,0.0
1,20.05 04:00,0.0
1,20.05 05:00,0.0
1,20.05 06:00,0.0
1,20.05 07:00,0.0
1,20.05 08:00,0.0
1,20.05 09:00,0.0
1,20.05 10:00,0.0
1,20.05 11:00,0.0
1,20.05 12:00,0.0
1,20.05 13:00,0.0
1,20.05 14:00,0.0
1,20.05 15:00,0.0
1,20.05 16:00,0.0
1,20.05 17:00,0.0
1,20.05 18:00,58.853
1,20.05 19:00,80.661
1,20.05 20:00,66.53
1,20.05 21:00,52.315
1,20.05 22:00,49.417
1,20.05 23:00,49.802
1,21.05 00:00,49.512
1,21.05 01:00,51.969
1,21.05 02:00,53.068
1,21.05 03:00,52.279
1,21.05 04:00,52.795
1,21.05 05:00,53.935
1,21.05 06:00,74.533
1,21.05 07:00,98.46
1,21.05 08:00,72.847
1,21.05 09:00,64.193
1,21.05 10:00,63.704
1,21.05 11:00,66.225
1,21.05 12:00,67.038
1,21.05 13:00,71.47
1,21.05 14:00,68.078
1,21.05 15:00,80.584
1,21.05 16:00,90.092
1,21.05 17:00,83.802
1,21.05 18:00,83.057
1,21.05 19:00,79.933
1,21.05 20:00,60.829
1,21.05 21:00,51.177
1,21.05 22:00,51.857
1,21.05 23:00,53.18
1,22.05 00:00,53.39
1,22.05 01:00,52.772
1,22.05 02:00,51.639
1,22.05 03:00,52.96
1,22.05 04:00,51.515
1,22.05 05:00,50.971
1,22.05 06:00,54.074
1,22.05 07:00,52.373
1,22.05 08:00,50.963
1,22.05 09:00,54.858
1,22.05 10:00,62.08
1,22.05 11:00,50.853
1,22.05 12:00,53.447
1,22.05 13:00,56.955
1,22.05 14:00,52.407
1,22.05 15:00,50.65
1,22.05 16:00,52.705
1,22.05 17:00,49.048
1,22.05 18:00,46.987
1,22.05 19:00,50.265
1,22.05 20:00,52.644
1,22.05 21:00,47.804
1,22.05 22:00,47.505
1,22.05 23:00,47.96
1,23.05 00:00,48.498
1,23.05 01:00,47.59
1,23.05 02:00,52.371
1,23.05 03:00,51.87
1,23.05 04:00,51.247
1,23.05 05:00,54.888
1,23.05 06:00,94.782
1,23.05 07:00,108.96
1,23.05 08:00,123.865
1,23.05 09:00,135.609
1,23.05 10:00,140.076
1,23.05 11:00,137.071
1,23.05 12:00,135.688
1,23.05 13:00,133.658
1,23.05 14:00,134.059
1,23.05 15:00,131.857
1,23.05 16:00,122.649
1,23.05 17:00,99.407
1,23.05 18:00,91.023
1,23.05 19:00,82.767
1,23.05 20:00,80.143
1,23.05 21:00,83.721
1,23.05 22:00,81.26
1,23.05 23:00,81.135
1,24.05 00:00,83.236
1,24.05 01:00,82.705
1,24.05 02:00,87.958
1,24.05 03:00,90.846
1,24.05 04:00,80.928
1,24.05 05:00,97.402
1,24.05 06:00,94.171
1,24.05 07:00,102.732
1,24.05 08:00,115.927
1,24.05 09:00,123.639
1,24.05 10:00,125.671
1,24.05 11:00,130.028
1,24.05 12:00,129.951
1,24.05 13:00,133.028
1,24.05 14:00,132.422
1,24.05 15:00,132.425
1,24.05 16:00,124.085
1,24.05 17:00,97.655
1,24.05 18:00,86.819
1,24.05 19:00,82.338
1,24.05 20:00,82.985
1,24.05 21:00,95.986
1,24.05 22:00,92.254
1,24.05 23:00,88.284
1,25.05 00:00,102.964
1,25.05 01:00,97.827
1,25.05 02:00,95.335
1,25.05 03:00,92.712
1,25.05 04:00,101.08
1,25.05 05:00,108.563
1,25.05 06:00,107.087
1,25.05 07:00,110.542
1,25.05 08:00,117.038
1,25.05 09:00,124.361
1,25.05 10:00,130.366
1,25.05 11:00,130.92
1,25.05 12:00,131.369
1,25.05 13:00,134.21
1,25.05 14:00,127.649
1,25.05 15:00,127.202
1,25.05 16:00,120.466
1,25.05 17:00,95.559
1,25.05 18:00,88.271
1,25.05 19:00,85.207
1,25.05 20:00,100.567
1,25.05 21:00,90.186
1,25.05 22:00,88.646
1,25.05 23:00,98.041
1,26.05 00:00,101.353
1,26.05 01:00,95.734
1,26.05 02:00,98.02
1,26.05 03:00,106.816
1,26.05 04:00,99.163
1,26.05 05:00,103.686
1,26.05 06:00,116.311
1,26.05 07:00,105.186
1,26.05 08:00,121.704
1,26.05 09:00,129.539
1,26.05 10:00,131.006
1,26.05 11:00,133.17
1,26.05 12:00,128.974
1,26.05 13:00,133.206
1,26.05 14:00,128.73
1,26.05 15:00,126.971
1,26.05 16:00,116.761
1,26.05 17:00,90.203
1,26.05 18:00,89.03
1,26.05 19:00,89.623
1,26.05 20:00,99.498
1,26.05 21:00,100.739
1,26.05 22:00,89.411
1,26.05 23:00,85.135
1,27.05 00:00,98.756
1,27.05 01:00,94.187
1,27.05 02:00,89.953
1,27.05 03:00,106.354
1,27.05 04:00,89.936
1,27.05 05:00,101.584
1,27.05 06:00,96.374
1,27.05 07:00,116.952
1,27.05 08:00,114.206
1,27.05 09:00,124.023
1,27.05 10:00,126.326
1,27.05 11:00,121.078
1,27.05 12:00,122.585
1,27.05 13:00,120.962
1,27.05 14:00,127.864
1,27.05 15:00,121.067
1,27.05 16:00,113.021
1,27.05 17:00,96.298
1,27.05 18:00,88.955
1,27.05 19:00,88.626
1,27.05 20:00,95.684
1,27.05 21:00,96.694
1,27.05 22:00,95.624
1,27.05 23:00,95.318
1,28.05 00:00,89.874
1,28.05 01:00,93.841
1,28.05 02:00,87.981
1,28.05 03:00,108.093
1,28.05 04:00,101.375
1,28.05 05:00,96.547
1,28.05 06:00,102.198
1,28.05 07:00,111.512
1,28.05 08:00,91.511
1,28.05 09:00,87.08
1,28.05 10:00,99.468
1,28.05 11:00,96.879
1,28.05 12:00,97.169
1,28.05 13:00,93.406
1,28.05 14:00,94.372
1,28.05 15:00,101.807
1,28.05 16:00,88.325
1,28.05 17:00,93.105
1,28.05 18:00,89.805
1,28.05 19:00,82.555
1,28.05 20:00,93.208
1,28.05 21:00,94.64
1,28.05 22:00,95.03
1,28.05 23:00,87.636
1,29.05 00:00,95.713
1,29.05 01:00,101.52
1,29.05 02:00,101.039
1,29.05 03:00,93.467
1,29.05 04:00,92.224
1,29.05 05:00,104.802
1,29.05 06:00,105.8
1,29.05 07:00,96.1
1,29.05 08:00,100.841
1,29.05 09:00,87.979
1,29.05 10:00,93.104
1,29.05 11:00,105.384
1,29.05 12:00,95.426
1,29.05 13:00,100.275
1,29.05 14:00,96.676
1,29.05 15:00,89.68
1,29.05 16:00,99.352
1,29.05 17:00,91.156
1,29.05 18:00,92.869
1,29.05 19:00,81.294
1,29.05 20:00,94.185
1,29.05 21:00,88.133
1,29.05 22:00,101.92
1,29.05 23:00,96.246
1,30.05 00:00,88.885
1,30.05 01:00,102.178
1,30.05 02:00,96.89
1,30.05 03:00,104.763
1,30.05 04:00,96.637
1,30.05 05:00,94.919
1,30.05 06:00,106.761
1,30.05 07:00,95.049
1,30.05 08:00,98.441
1,30.05 09:00,97.852
1,30.05 10:00,95.07
1,30.05 11:00,92.724
1,30.05 12:00,99.617
1,30.05 13:00,93.489
1,30.05 14:00,99.942
1,30.05 15:00,98.354
1,30.05 16:00,86.065
1,30.05 17:00,97.162
1,30.05 18:00,101.129
1,30.05 19:00,88.644
1,30.05 20:00,91.413
1,30.05 21:00,91.569
1,30.05 22:00,104.524
1,30.05 23:00,103.133
1,31.05 00:00,98.447
1,31.05 01:00,99.371
1,31.05 02:00,106.694
1,31.05 03:00,108.327
1,31.05 04:00,100.567
1,31.05 05:00,111.304
1,31.05 06:00,109.028
1,31.05 07:00,112.001
1,31.05 08:00,117.071
1,31.05 09:00,131.077
1,31.05 10:00,129.108
1,31.05 11:00,126.698
1,31.05 12:00,128.97
1,31.05 13:00,125.115
1,31.05 14:00,124.274
1,31.05 15:00,122.118
1,31.05 16:00,117.131
1,31.05 17:00,97.483
1,31.05 18:00,91.255
1,31.05 19:00,85.305
1,31.05 20:00,88.026
1,31.05 21:00,90.897
1,31.05 22:00,96.664
1,31.05 23:00,94.165
1,01.06 00:00,105.711
1,01.06 01:00,99.637
1,01.06 02:00,98.061
1,01.06 03:00,96.276
1,01.06 04:00,98.835
1,01.06 05:00,103.238
1,01.06 06:00,106.236
1,01.06 07:00,104.89
1,01.06 08:00,123.928
1,01.06 09:00,127.019
1,01.06 10:00,124.328
1,01.06 11:00,125.685
1,01.06 12:00,129.955
1,01.06 13:00,129.842
1,01.06 14:00,128.709
1,01.06 15:00,125.894
1,01.06 16:00,121.366
1,01.06 17:00,96.647
1,01.06 18:00,88.489
1,01.06 19:00,82.127
1,01.06 20:00,88.658
1,01.06 21:00,89.729
1,01.06 22:00,88.517
1,01.06 23:00,87.012
1,02.06 00:00,86.116
1,02.06 01:00,91.649
1,02.06 02:00,98.034
1,02.06 03:00,108.512
1,02.06 04:00,98.894
1,02.06 05:00,99.803
1,02.06 06:00,102.638
1,02.06 07:00,105.314
1,02.06 08:00,120.295
1,02.06 09:00,123.264
1,02.06 10:00,127.945
1,02.06 11:00,127.888
1,02.06 12:00,131.054
1,02.06 13:00,131.398
1,02.06 14:00,127.896
1,02.06 15:00,125.607
1,02.06 16:00,120.966
1,02.06 17:00,99.754
1,02.06 18:00,91.483
1,02.06 19:00,83.236
1,02.06 20:00,84.828
1,02.06 21:00,90.108
1,02.06 22:00,84.061
1,02.06 23:00,87.91
1,03.06 00:00,93.582
1,03.06 01:00,98.846
1,03.06 02:00,92.368
1,03.06 03:00,92.723
1,03.06 04:00,93.413
1,03.06 05:00,92.714
1,03.06 06:00,104.743
1,03.06 07:00,99.089
1,03.06 08:00,115.518
1,03.06 09:00,123.791
1,03.06 10:00,124.317
1,03.06 11:00,125.864
1,03.06 12:00,129.216
1,03.06 13:00,128.089
1,03.06 14:00,130.437
1,03.06 15:00,125.64
1,03.06 16:00,117.571
1,03.06 17:00,91.417
1,03.06 18:00,84.243
1,03.06 19:00,78.795
1,03.06 20:00,73.003
1,03.06 21:00,59.411
1,03.06 22:00,56.984
1,03.06 23:00,56.871
1,04.06 00:00,56.926
1,04.06 01:00,59.2
1,04.06 02:00,58.985
1,04.06 03:00,59.451
1,04.06 04:00,59.045
1,04.06 05:00,58.546
1,04.06 06:00,94.485
1,04.06 07:00,121.839
1,04.06 08:00,97.645
1,04.06 09:00,88.517
1,04.06 10:00,92.911
1,04.06 11:00,90.86
1,04.06 12:00,86.391
1,04.06 13:00,91.825
1,04.06 14:00,92.441
1,04.06 15:00,89.499
1,04.06 16:00,80.905
1,04.06 17:00,77.378
1,04.06 18:00,87.957
1,04.06 19:00,84.922
1,04.06 20:00,66.048
1,04.06 21:00,58.057
1,04.06 22:00,58.751
1,04.06 23:00,60.279
1,05.06 00:00,59.531
1,05.06 01:00,61.344
1,05.06 02:00,59.294
1,05.06 03:00,59.953
1,05.06 04:00,59.695
1,05.06 05:00,59.449
1,05.06 06:00,59.997
1,05.06 07:00,58.874
1,05.06 08:00,57.952
1,05.06 09:00,57.653
1,05.06 10:00,59.733
1,05.06 11:00,59.722
1,05.06 12:00,58.151
1,05.06 13:00,60.612
1,05.06 14:00,59.115
1,05.06 15:00,59.789
1,05.06 16:00,60.718
1,05.06 17:00,61.132
1,05.06 18:00,60.823
1,05.06 19:00,60.32
1,05.06 20:00,58.813
1,05.06 21:00,59.114
1,05.06 22:00,59.501
1,05.06 23:00,58.591
1,06.06 00:00,59.714
1,06.06 01:00,59.579
1,06.06 02:00,59.505
1,06.06 03:00,62.976
1,06.06 04:00,66.953
1,06.06 05:00,79.485
1,06.06 06:00,140.608
1,06.06 07:00,163.232
1,06.06 08:00,154.788
1,06.06 09:00,138.512
1,06.06 10:00,127.586
1,06.06 11:00,133.794
1,06.06 12:00,131.825
1,06.06 13:00,130.669
1,06.06 14:00,126.516
1,06.06 15:00,126.13
1,06.06 16:00,106.964
1,06.06 17:00,97.551
1,06.06 18:00,95.538
1,06.06 19:00,88.419
1,06.06 20:00,76.653
1,06.06 21:00,63.373
1,06.06 22:00,59.602
1,06.06 23:00,58.759
1,07.06 00:00,59.423
1,07.06 01:00,61.279
1,07.06 02:00,60.764
1,07.06 03:00,66.244
1,07.06 04:00,69.956
1,07.06 05:00,68.748
1,07.06 06:00,97.829
1,07.06 07:00,161.404
1,07.06 08:00,155.366
1,07.06 09:00,137.907
1,07.06 10:00,127.566
1,07.06 11:00,123.922
1,07.06 12:00,126.972
1,07.06 13:00,129.352
1,07.06 14:00,128.799
1,07.06 15:00,127.196
1,07.06 16:00,122.413
1,07.06 17:00,99.932
1,07.06 18:00,91.523
1,07.06 19:00,89.226
1,07.06 20:00,75.69
1,07.06 21:00,62.431
1,07.06 22:00,57.142
1,07.06 23:00,57.608
1,08.06 00:00,59.032
1,08.06 01:00,63.401
1,08.06 02:00,57.712
1,08.06 03:00,65.336
1,08.06 04:00,68.822
1,08.06 05:00,69.004
1,08.06 06:00,88.762
1,08.06 07:00,124.224
1,08.06 08:00,135.029
1,08.06 09:00,133.98
1,08.06 10:00,125.522
1,08.06 11:00,134.756
1,08.06 12:00,129.865
1,08.06 13:00,131.879
1,08.06 14:00,136.264
1,08.06 15:00,132.052
1,08.06 16:00,121.42
1,08.06 17:00,101.474
1,08.06 18:00,89.7
1,08.06 19:00,82.874
1,08.06 20:00,72.85
1,08.06 21:00,60.148
1,08.06 22:00,56.397
1,08.06 23:00,55.956
1,09.06 00:00,59.153
1,09.06 01:00,58.931
1,09.06 02:00,57.181
1,09.06 03:00,62.476
1,09.06 04:00,67.779
1,09.06 05:00,66.006
1,09.06 06:00,84.533
1,09.06 07:00,129.664
1,09.06 08:00,136.656
1,09.06 09:00,132.016
1,09.06 10:00,128.307
1,09.06 11:00,127.06
1,09.06 12:00,130.067
1,09.06 13:00,132.126
1,09.06 14:00,132.718
1,09.06 15:00,134.662
1,09.06 16:00,124.129
1,09.06 17:00,100.961
1,09.06 18:00,90.409
1,09.06 19:00,84.099
1,09.06 20:00,73.378
1,09.06 21:00,61.623
1,09.06 22:00,59.48
1,09.06 23:00,58.461
1,10.06 00:00,62.285
1,10.06 01:00,58.361
1,10.06 02:00,59.007
1,10.06 03:00,65.811
1,10.06 04:00,68.551
1,10.06 05:00,67.355
1,10.06 06:00,81.686
1,10.06 07:00,140.245
1,10.06 08:00,133.262
1,10.06 09:00,130.433
1,10.06 10:00,131.34
1,10.06 11:00,129.997
1,10.06 12:00,129.321
1,10.06 13:00,127.832
1,10.06 14:00,124.827
1,10.06 15:00,123.411
1,10.06 16:00,123.036
1,10.06 17:00,100.25
1,10.06 18:00,92.287
1,10.06 19:00,90.816
1,10.06 20:00,71.7
1,10.06 21:00,57.938
1,10.06 22:00,54.777
1,10.06 23:00,55.868
1,11.06 00:00,58.125
1,11.06 01:00,57.913
1,11.06 02:00,57.005
1,11.06 03:00,61.415
1,11.06 04:00,58.913
1,11.06 05:00,58.666
1,11.06 06:00,85.526
1,11.06 07:00,126.69
1,11.06 08:00,104.775
1,11.06 09:00,99.168
1,11.06 10:00,96.679
1,11.06 11:00,88.783
1,11.06 12:00,100.063
1,11.06 13:00,90.591
1,11.06 14:00,93.863
1,11.06 15:00,90.854
1,11.06 16:00,89.452
1,11.06 17:00,91.978
1,11.06 18:00,92.963
1,11.06 19:00,88.47
1,11.06 20:00,69.285
1,11.06 21:00,59.244
1,11.06 22:00,62.077
1,11.06 23:00,61.038
1,12.06 00:00,61.57
1,12.06 01:00,60.283
1,12.06 02:00,59.576
1,12.06 03:00,63.725
1,12.06 04:00,60.803
1,12.06 05:00,58.747
1,12.06 06:00,61.064
1,12.06 07:00,61.766
1,12.06 08:00,60.982
1,12.06 09:00,60.063
1,12.06 10:00,60.324
1,12.06 11:00,62.761
1,12.06 12:00,61.056
1,12.06 13:00,60.253
1,12.06 14:00,59.893
1,12.06 15:00,60.195
1,12.06 16:00,60.575
1,12.06 17:00,59.658
1,12.06 18:00,61.249
1,12.06 19:00,61.439
1,12.06 20:00,61.259
1,12.06 21:00,61.554
1,12.06 22:00,61.404
1,12.06 23:00,62.211
1,13.06 00:00,60.514
1,13.06 01:00,60.851
1,13.06 02:00,60.959
1,13.06 03:00,66.049
1,13.06 04:00,69.276
1,13.06 05:00,73.314
1,13.06 06:00,134.789
1,13.06 07:00,181.554
1,13.06 08:00,173.183
1,13.06 09:00,143.505
1,13.06 10:00,134.241
1,13.06 11:00,131.472
1,13.06 12:00,134.437
1,13.06 13:00,141.497
1,13.06 14:00,130.375
1,13.06 15:00,126.353
1,13.06 16:00,125.936
1,13.06 17:00,107.204
1,13.06 18:00,98.898
1,13.06 19:00,96.29
1,13.06 20:00,76.006
1,13.06 21:00,61.971
1,13.06 22:00,59.012
1,13.06 23:00,59.571
1,14.06 00:00,62.863
1,14.06 01:00,61.291
1,14.06 02:00,59.57
1,14.06 03:00,62.948
1,14.06 04:00,68.602
1,14.06 05:00,72.337
1,14.06 06:00,90.763
1,14.06 07:00,125.648
1,14.06 08:00,128.55
1,14.06 09:00,135.464
1,14.06 10:00,126.378
1,14.06 11:00,129.525
1,14.06 12:00,132.607
1,14.06 13:00,131.163
1,14.06 14:00,129.473
1,14.06 15:00,129.86
1,14.06 16:00,123.993
1,14.06 17:00,104.198
1,14.06 18:00,96.274
1,14.06 19:00,88.365
1,14.06 20:00,73.845
1,14.06 21:00,61.876
1,14.06 22:00,57.849
1,14.06 23:00,61.857
1,15.06 00:00,59.798
1,15.06 01:00,59.823
1,15.06 02:00,58.794
1,15.06 03:00,67.081
1,15.06 04:00,67.798
1,15.06 05:00,68.614
1,15.06 06:00,89.781
1,15.06 07:00,116.603
1,15.06 08:00,135.38
1,15.06 09:00,134.418
1,15.06 10:00,131.64
1,15.06 11:00,130.955
1,15.06 12:00,130.201
1,15.06 13:00,131.858
1,15.06 14:00,132.061
1,15.06 15:00,131.441
1,15.06 16:00,128.226
1,15.06 17:00,102.126
1,15.06 18:00,87.545
1,15.06 19:00,86.284
1,15.06 20:00,69.716
1,15.06 21:00,61.273
1,15.06 22:00,58.402
1,15.06 23:00,61.519
1,16.06 00:00,59.051
1,16.06 01:00,61.118
1,16.06 02:00,62.434
1,16.06 03:00,66.504
1,16.06 04:00,68.568
1,16.06 05:00,70.303
1,16.06 06:00,89.269
1,16.06 07:00,110.077
1,16.06 08:00,123.716
1,16.06 09:00,137.963
1,16.06 10:00,132.257
1,16.06 11:00,136.388
1,16.06 12:00,130.371
1,16.06 13:00,129.64
1,16.06 14:00,131.789
1,16.06 15:00,129.741
1,16.06 16:00,123.995
1,16.06 17:00,101.232
1,16.06 18:00,90.567
1,16.06 19:00,82.483
1,16.06 20:00,70.083
1,16.06 21:00,62.88
1,16.06 22:00,55.833
1,16.06 23:00,60.742
1,17.06 00:00,59.281
1,17.06 01:00,58.174
1,17.06 02:00,60.483
1,17.06 03:00,64.82
1,17.06 04:00,61.028
1,17.06 05:00,67.64
1,17.06 06:00,104.206
1,17.06 07:00,99.262
1,17.06 08:00,115.871
1,17.06 09:00,128.556
1,17.06 10:00,129.324
1,17.06 11:00,129.354
1,17.06 12:00,129.555
1,17.06 13:00,129.815
1,17.06 14:00,133.436
1,17.06 15:00,128.87
1,17.06 16:00,121.67
1,17.06 17:00,97.888
1,17.06 18:00,88.769
1,17.06 19:00,83.023
1,17.06 20:00,67.741
1,17.06 21:00,54.44
1,17.06 22:00,57.4
1,17.06 23:00,57.335
1,18.06 00:00,59.504
1,18.06 01:00,58.579
1,18.06 02:00,59.226
1,18.06 03:00,64.512
1,18.06 04:00,58.605
1,18.06 05:00,56.247
1,18.06 06:00,79.503
1,18.06 07:00,89.396
1,18.06 08:00,87.377
1,18.06 09:00,81.36
1,18.06 10:00,89.42
1,18.06 11:00,82.066
1,18.06 12:00,87.16
1,18.06 13:00,89.518
1,18.06 14:00,84.93
1,18.06 15:00,80.305
1,18.06 16:00,79.791
1,18.06 17:00,84.845
1,18.06 18:00,95.334
1,18.06 19:00,93.314
1,18.06 20:00,64.865
1,18.06 21:00,57.153
1,18.06 22:00,57.189
1,18.06 23:00,57.17
1,19.06 00:00,59.934
1,19.06 01:00,57.485
1,19.06 02:00,56.666
1,19.06 03:00,61.126
1,19.06 04:00,56.351
1,19.06 05:00,55.922
1,19.06 06:00,61.078
1,19.06 07:00,58.579
1,19.06 08:00,53.815
1,19.06 09:00,63.053
1,19.06 10:00,54.911
1,19.06 11:00,55.371
1,19.06 12:00,59.166
1,19.06 13:00,56.939
1,19.06 14:00,54.885
1,19.06 15:00,59.581
1,19.06 16:00,56.125
1,19.06 17:00,55.582
1,19.06 18:00,56.355
1,19.06 19:00,57.843
1,19.06 20:00,59.021
1,19.06 21:00,56.007
1,19.06 22:00,58.62
1,19.06 23:00,58.239
1,20.06 00:00,58.584
1,20.06 01:00,59.963
1,20.06 02:00,58.981
1,20.06 03:00,60.939
1,20.06 04:00,67.735
1,20.06 05:00,66.476
1,20.06 06:00,87.376
1,20.06 07:00,116.324
1,20.06 08:00,131.686
1,20.06 09:00,135.239
1,20.06 10:00,129.884
1,20.06 11:00,138.202
1,20.06 12:00,131.712
1,20.06 13:00,125.782
1,20.06 14:00,125.317
1,20.06 15:00,126.501
1,20.06 16:00,119.726
1,20.06 17:00,103.45
1,20.06 18:00,88.306
1,20.06 19:00,93.282
1,20.06 20:00,68.36
1,20.06 21:00,57.496
1,20.06 22:00,54.359
1,20.06 23:00,53.827
1,21.06 00:00,60.488
1,21.06 01:00,54.673
1,21.06 02:00,53.765
1,21.06 03:00,64.696
1,21.06 04:00,63.743
1,21.06 05:00,59.825
1,21.06 06:00,103.659
1,21.06 07:00,108.78
1,21.06 08:00,120.222
1,21.06 09:00,127.268
1,21.06 10:00,127.873
1,21.06 11:00,128.317
1,21.06 12:00,125.369
1,21.06 13:00,129.644
1,21.06 14:00,127.213
1,21.06 15:00,126.267
1,21.06 16:00,124.243
1,21.06 17:00,94.719
1,21.06 18:00,85.181
1,21.06 19:00,81.911
1,21.06 20:00,65.419
1,21.06 21:00,58.718
1,21.06 22:00,50.569
1,21.06 23:00,54.609
1,22.06 00:00,53.04
1,22.06 01:00,51.395
1,22.06 02:00,57.631
1,22.06 03:00,59.5
1,22.06 04:00,59.339
1,22.06 05:00,66.698
1,22.06 06:00,106.911
1,22.06 07:00,105.473
1,22.06 08:00,118.636
1,22.06 09:00,126.029
1,22.06 10:00,131.491
1,22.06 11:00,132.645
1,22.06 12:00,127.996
1,22.06 13:00,129.544
1,22.06 14:00,127.033
1,22.06 15:00,128.62
1,22.06 16:00,119.687
1,22.06 17:00,97.801
1,22.06 18:00,84.579
1,22.06 19:00,81.813
1,22.06 20:00,68.016
1,22.06 21:00,56.632
1,22.06 22:00,60.523
1,22.06 23:00,54.808
1,23.06 00:00,60.063
1,23.06 01:00,63.368
1,23.06 02:00,56.616
1,23.06 03:00,67.892
1,23.06 04:00,66.426
1,23.06 05:00,62.725
1,23.06 06:00,93.94
1,23.06 07:00,106.469
1,23.06 08:00,116.843
1,23.06 09:00,124.162
1,23.06 10:00,128.574
1,23.06 11:00,127.98
1,23.06 12:00,130.183
1,23.06 13:00,131.19
1,23.06 14:00,131.348
1,23.06 15:00,128.275
1,23.06 16:00,124.055
1,23.06 17:00,99.059
1,23.06 18:00,86.214
1,23.06 19:00,85.658
1,23.06 20:00,67.297
1,23.06 21:00,62.481
1,23.06 22:00,61.474
1,23.06 23:00,55.132
1,24.06 00:00,61.039
1,24.06 01:00,61.573
1,24.06 02:00,55.78
1,24.06 03:00,70.881
1,24.06 04:00,65.573
1,24.06 05:00,70.592
1,24.06 06:00,95.161
1,24.06 07:00,101.44
1,24.06 08:00,114.711
1,24.06 09:00,127.123
1,24.06 10:00,129.405
1,24.06 11:00,130.809
1,24.06 12:00,130.114
1,24.06 13:00,129.263
1,24.06 14:00,130.963
1,24.06 15:00,129.686
1,24.06 16:00,123.132
1,24.06 17:00,101.548
1,24.06 18:00,90.141
1,24.06 19:00,81.29
1,24.06 20:00,67.207
1,24.06 21:00,59.882
1,24.06 22:00,59.665
1,24.06 23:00,52.757
1,25.06 00:00,57.974
1,25.06 01:00,61.628
1,25.06 02:00,55.722
1,25.06 03:00,61.387
1,25.06 04:00,58.566
1,25.06 05:00,59.564
1,25.06 06:00,86.834
1,25.06 07:00,88.617
1,25.06 08:00,86.144
1,25.06 09:00,84.154
1,25.06 10:00,81.17
1,25.06 11:00,83.994
1,25.06 12:00,87.594
1,25.06 13:00,85.932
1,25.06 14:00,85.053
1,25.06 15:00,80.913
1,25.06 16:00,83.52
1,25.06 17:00,87.101
1,25.06 18:00,83.44
1,25.06 19:00,74.517
1,25.06 20:00,58.786
1,25.06 21:00,58.666
1,25.06 22:00,60.752
1,25.06 23:00,59.476
1,26.06 00:00,62.034
1,26.06 01:00,63.039
1,26.06 02:00,58.191
1,26.06 03:00,61.07
1,26.06 04:00,65.361
1,26.06 05:00,56.334
1,26.06 06:00,64.436
1,26.06 07:00,60.018
1,26.06 08:00,56.096
1,26.06 09:00,63.162
1,26.06 10:00,56.213
1,26.06 11:00,57.537
1,26.06 12:00,64.471
1,26.06 13:00,55.388
1,26.06 14:00,62.645
1,26.06 15:00,61.116
1,26.06 16:00,55.598
1,26.06 17:00,62.738
1,26.06 18:00,60.325
1,26.06 19:00,57.469
1,26.06 20:00,62.858
1,26.06 21:00,61.127
1,26.06 22:00,57.684
1,26.06 23:00,63.916
1,27.06 00:00,59.505
1,27.06 01:00,57.216
1,27.06 02:00,66.565
1,27.06 03:00,64.474
1,27.06 04:00,64.138
1,27.06 05:00,78.467
1,27.06 06:00,107.474
1,27.06 07:00,109.326
1,27.06 08:00,130.139
1,27.06 09:00,136.198
1,27.06 10:00,137.209
1,27.06 11:00,133.705
1,27.06 12:00,131.495
1,27.06 13:00,133.253
1,27.06 14:00,133.19
1,27.06 15:00,132.711
1,27.06 16:00,124.162
1,27.06 17:00,103.894
1,27.06 18:00,90.481
1,27.06 19:00,82.462
1,27.06 20:00,66.676
1,27.06 21:00,62.325
1,27.06 22:00,60.832
1,27.06 23:00,54.641
1,28.06 00:00,62.366
1,28.06 01:00,60.398
1,28.06 02:00,56.182
1,28.06 03:00,69.786
1,28.06 04:00,65.915
1,28.06 05:00,67.283
1,28.06 06:00,91.891
1,28.06 07:00,102.813
1,28.06 08:00,115.327
1,28.06 09:00,129.381
1,28.06 10:00,133.772
1,28.06 11:00,133.157
1,28.06 12:00,136.156
1,28.06 13:00,136.06
1,28.06 14:00,138.256
1,28.06 15:00,137.086
1,28.06 16:00,128.558
1,28.06 17:00,105.913
1,28.06 18:00,85.957
1,28.06 19:00,81.19
1,28.06 20:00,67.925
1,28.06 21:00,63.733
1,28.06 22:00,63.724
1,28.06 23:00,55.066
1,29.06 00:00,63.019
1,29.06 01:00,60.627
1,29.06 02:00,55.628
1,29.06 03:00,69.537
1,29.06 04:00,64.294
1,29.06 05:00,67.807
1,29.06 06:00,87.004
1,29.06 07:00,101.799
1,29.06 08:00,119.485
1,29.06 09:00,125.429
1,29.06 10:00,137.804
1,29.06 11:00,132.872
1,29.06 12:00,131.808
1,29.06 13:00,136.275
1,29.06 14:00,134.68
1,29.06 15:00,135.242
1,29.06 16:00,128.525
1,29.06 17:00,99.229
1,29.06 18:00,84.395
1,29.06 19:00,80.75
1,29.06 20:00,70.224
1,29.06 21:00,59.846
1,29.06 22:00,60.878
1,29.06 23:00,55.329
1,30.06 00:00,59.281
1,30.06 01:00,62.519
1,30.06 02:00,56.966
1,30.06 03:00,64.336
1,30.06 04:00,70.305
1,30.06 05:00,66.329
1,30.06 06:00,86.442
1,30.06 07:00,111.944
1,30.06 08:00,124.775
1,30.06 09:00,135.263
1,30.06 10:00,132.141
1,30.06 11:00,133.078
1,30.06 12:00,131.046
1,30.06 13:00,134.465
1,30.06 14:00,133.972
1,30.06 15:00,134.141
1,30.06 16:00,123.01
1,30.06 17:00,96.959
1,30.06 18:00,90.391
1,30.06 19:00,83.678
1,30.06 20:00,70.977
1,30.06 21:00,59.878
1,30.06 22:00,60.13
1,30.06 23:00,57.365
1,01.07 00:00,55.202
1,01.07 01:00,64.1
1,01.07 02:00,58.882
1,01.07 03:00,62.176
1,01.07 04:00,71.351
1,01.07 05:00,67.696
1,01.07 06:00,88.003
1,01.07 07:00,116.987
1,01.07 08:00,120.988
1,01.07 09:00,128.79
1,01.07 10:00,132.129
1,01.07 11:00,131.838
1,01.07 12:00,136.203
1,01.07 13:00,130.081
1,01.07 14:00,127.031
1,01.07 15:00,130.031
1,01.07 16:00,128.41
1,01.07 17:00,103.202
1,01.07 18:00,87.445
1,01.07 19:00,102.604
1,01.07 20:00,102.975
1,01.07 21:00,101.158
1,01.07 22:00,99.188
1,01.07 23:00,84.084
1,02.07 00:00,91.383
1,02.07 01:00,95.902
1,02.07 02:00,85.833
1,02.07 03:00,95.576
1,02.07 04:00,97.49
1,02.07 05:00,96.949
1,02.07 06:00,94.603
1,02.07 07:00,93.622
1,02.07 08:00,92.687
1,02.07 09:00,83.448
1,02.07 10:00,89.165
1,02.07 11:00,84.853
1,02.07 12:00,82.482
1,02.07 13:00,85.932
1,02.07 14:00,85.637
1,02.07 15:00,87.855
1,02.07 16:00,83.334
1,02.07 17:00,83.432
1,02.07 18:00,92.686
1,02.07 19:00,101.341
1,02.07 20:00,69.786
1,02.07 21:00,61.026
1,02.07 22:00,62.7
1,02.07 23:00,65.597
1,03.07 00:00,62.104
1,03.07 01:00,64.126
1,03.07 02:00,66.4
1,03.07 03:00,59.929
1,03.07 04:00,63.149
1,03.07 05:00,65.098
1,03.07 06:00,60.942
1,03.07 07:00,63.207
1,03.07 08:00,64.927
1,03.07 09:00,62.016
1,03.07 10:00,62.909
1,03.07 11:00,64.264
1,03.07 12:00,62.038
1,03.07 13:00,62.615
1,03.07 14:00,63.318
1,03.07 15:00,63.629
1,03.07 16:00,61.909
1,03.07 17:00,64.087
1,03.07 18:00,64.242
1,03.07 19:00,63.989
1,03.07 20:00,64.194
1,03.07 21:00,62.824
1,03.07 22:00,66.363
1,03.07 23:00,62.533
1,04.07 00:00,62.594
1,04.07 01:00,65.977
1,04.07 02:00,60.652
1,04.07 03:00,66.733
1,04.07 04:00,69.639
1,04.07 05:00,64.942
1,04.07 06:00,113.89
1,04.07 07:00,104.19
1,04.07 08:00,93.641
1,04.07 09:00,92.762
1,04.07 10:00,95.728
1,04.07 11:00,97.876
1,04.07 12:00,94.368
1,04.07 13:00,96.981
1,04.07 14:00,97.239
1,04.07 15:00,94.014
1,04.07 16:00,86.199
1,04.07 17:00,88.824
1,04.07 18:00,93.796
1,04.07 19:00,90.367
1,04.07 20:00,70.124
1,04.07 21:00,59.988
1,04.07 22:00,60.001
1,04.07 23:00,55.742
1,05.07 00:00,58.818
1,05.07 01:00,59.124
1,05.07 02:00,57.694
1,05.07 03:00,63.374
1,05.07 04:00,66.818
1,05.07 05:00,63.618
1,05.07 06:00,100.453
1,05.07 07:00,108.671
1,05.07 08:00,129.446
1,05.07 09:00,133.477
1,05.07 10:00,135.753
1,05.07 11:00,133.44
1,05.07 12:00,135.633
1,05.07 13:00,136.211
1,05.07 14:00,132.972
1,05.07 15:00,135.857
1,05.07 16:00,126.73
1,05.07 17:00,104.666
1,05.07 18:00,92.499
1,05.07 19:00,86.272
1,05.07 20:00,67.869
1,05.07 21:00,54.825
1,05.07 22:00,59.958
1,05.07 23:00,53.093
1,06.07 00:00,55.34
1,06.07 01:00,56.36
1,06.07 02:00,59.095
1,06.07 03:00,57.818
1,06.07 04:00,64.892
1,06.07 05:00,65.384
1,06.07 06:00,98.095
1,06.07 07:00,115.168
1,06.07 08:00,120.333
1,06.07 09:00,128.109
1,06.07 10:00,129.131
1,06.07 11:00,131.461
1,06.07 12:00,130.976
1,06.07 13:00,137.759
1,06.07 14:00,133.055
1,06.07 15:00,132.389
1,06.07 16:00,127.089
1,06.07 17:00,102.514
1,06.07 18:00,89.513
1,06.07 19:00,86.118
1,06.07 20:00,67.455
1,06.07 21:00,55.822
1,06.07 22:00,60.355
1,06.07 23:00,53.651
1,07.07 00:00,56.78
1,07.07 01:00,56.959
1,07.07 02:00,58.588
1,07.07 03:00,58.854
1,07.07 04:00,67.679
1,07.07 05:00,66.309
1,07.07 06:00,96.943
1,07.07 07:00,112.645
1,07.07 08:00,126.85
1,07.07 09:00,132.278
1,07.07 10:00,133.233
1,07.07 11:00,137.221
1,07.07 12:00,134.758
1,07.07 13:00,137.609
1,07.07 14:00,138.315
1,07.07 15:00,131.856
1,07.07 16:00,128.304
1,07.07 17:00,102.478
1,07.07 18:00,87.869
1,07.07 19:00,84.114
1,07.07 20:00,66.791
1,07.07 21:00,56.394
1,07.07 22:00,59.303
1,07.07 23:00,52.352
1,08.07 00:00,56.575
1,08.07 01:00,57.644
1,08.07 02:00,56.094
1,08.07 03:00,61.526
1,08.07 04:00,64.0
1,08.07 05:00,65.921
1,08.07 06:00,93.639
1,08.07 07:00,105.215
1,08.07 08:00,116.277
1,08.07 09:00,130.149
1,08.07 10:00,130.604
1,08.07 11:00,134.804
1,08.07 12:00,131.28
1,08.07 13:00,131.647
1,08.07 14:00,135.175
1,08.07 15:00,133.914
1,08.07 16:00,126.036
1,08.07 17:00,100.304
1,08.07 18:00,84.198
1,08.07 19:00,81.975
1,08.07 20:00,65.115
1,08.07 21:00,60.337
1,08.07 22:00,65.644
1,08.07 23:00,59.136
1,09.07 00:00,62.05
1,09.07 01:00,64.606
1,09.07 02:00,65.19
1,09.07 03:00,62.412
1,09.07 04:00,64.926
1,09.07 05:00,65.803
1,09.07 06:00,95.012
1,09.07 07:00,102.717
1,09.07 08:00,94.098
1,09.07 09:00,84.776
1,09.07 10:00,80.879
1,09.07 11:00,84.135
1,09.07 12:00,84.186
1,09.07 13:00,84.029
1,09.07 14:00,78.69
1,09.07 15:00,91.399
1,09.07 16:00,88.421
1,09.07 17:00,88.461
1,09.07 18:00,87.408
1,09.07 19:00,84.349
1,09.07 20:00,64.062
1,09.07 21:00,55.684
1,09.07 22:00,62.118
1,09.07 23:00,57.398
1,10.07 00:00,58.348
1,10.07 01:00,62.58
1,10.07 02:00,59.132
1,10.07 03:00,60.87
1,10.07 04:00,57.294
1,10.07 05:00,64.718
1,10.07 06:00,58.505
1,10.07 07:00,62.109
1,10.07 08:00,58.63
1,10.07 09:00,62.829
1,10.07 10:00,57.294
1,10.07 11:00,62.758
1,10.07 12:00,59.713
1,10.07 13:00,58.054
1,10.07 14:00,62.206
1,10.07 15:00,59.342
1,10.07 16:00,60.226
1,10.07 17:00,60.196
1,10.07 18:00,63.631
1,10.07 19:00,58.686
1,10.07 20:00,63.55
1,10.07 21:00,61.065
1,10.07 22:00,59.144
1,10.07 23:00,61.398
1,11.07 00:00,60.372
1,11.07 01:00,60.492
1,11.07 02:00,59.845
1,11.07 03:00,65.147
1,11.07 04:00,67.134
1,11.07 05:00,79.687
1,11.07 06:00,109.969
1,11.07 07:00,117.58
1,11.07 08:00,122.5
1,11.07 09:00,134.444
1,11.07 10:00,134.262
1,11.07 11:00,133.726
1,11.07 12:00,132.998
1,11.07 13:00,135.045
1,11.07 14:00,133.787
1,11.07 15:00,128.197
1,11.07 16:00,128.347
1,11.07 17:00,102.152
1,11.07 18:00,89.868
1,11.07 19:00,83.241
1,11.07 20:00,65.302
1,11.07 21:00,53.678
1,11.07 22:00,54.25
1,11.07 23:00,51.593
1,12.07 00:00,51.054
1,12.07 01:00,49.446
1,12.07 02:00,55.624
1,12.07 03:00,55.451
1,12.07 04:00,60.334
1,12.07 05:00,67.584
1,12.07 06:00,122.541
1,12.07 07:00,121.672
1,12.07 08:00,115.737
1,12.07 09:00,130.128
1,12.07 10:00,132.806
1,12.07 11:00,134.851
1,12.07 12:00,131.847
1,12.07 13:00,127.692
1,12.07 14:00,131.608
1,12.07 15:00,131.457
1,12.07 16:00,125.775
1,12.07 17:00,102.488
1,12.07 18:00,90.155
1,12.07 19:00,84.701
1,12.07 20:00,64.293
1,12.07 21:00,52.574
1,12.07 22:00,52.124
1,12.07 23:00,47.68
1,13.07 00:00,52.697
1,13.07 01:00,48.427
1,13.07 02:00,53.57
1,13.07 03:00,54.936
1,13.07 04:00,60.606
1,13.07 05:00,65.545
1,13.07 06:00,107.491
1,13.07 07:00,120.834
1,13.07 08:00,123.004
1,13.07 09:00,130.809
1,13.07 10:00,136.021
1,13.07 11:00,138.783
1,13.07 12:00,137.392
1,13.07 13:00,135.749
1,13.07 14:00,135.601
1,13.07 15:00,134.463
1,13.07 16:00,125.795
1,13.07 17:00,100.677
1,13.07 18:00,85.772
1,13.07 19:00,81.87
1,13.07 20:00,62.901
1,13.07 21:00,50.426
1,13.07 22:00,53.684
1,13.07 23:00,46.95
1,14.07 00:00,51.067
1,14.07 01:00,49.647
1,14.07 02:00,52.511
1,14.07 03:00,56.613
1,14.07 04:00,55.192
1,14.07 05:00,74.063
1,14.07 06:00,111.887
1,14.07 07:00,106.304
1,14.07 08:00,127.986
1,14.07 09:00,124.187
1,14.07 10:00,133.312
1,14.07 11:00,134.042
1,14.07 12:00,130.184
1,14.07 13:00,132.538
1,14.07 14:00,132.661
1,14.07 15:00,129.078
1,14.07 16:00,123.447
1,14.07 17:00,97.344
1,14.07 18:00,88.197
1,14.07 19:00,81.764
1,14.07 20:00,63.647
1,14.07 21:00,49.308
1,14.07 22:00,52.172
1,14.07 23:00,47.212
1,15.07 00:00,51.338
1,15.07 01:00,50.137
1,15.07 02:00,51.985
1,15.07 03:00,56.738
1,15.07 04:00,59.741
1,15.07 05:00,61.852
1,15.07 06:00,85.452
1,15.07 07:00,120.188
1,15.07 08:00,122.601
1,15.07 09:00,127.29
1,15.07 10:00,128.987
1,15.07 11:00,129.648
1,15.07 12:00,127.255
1,15.07 13:00,131.045
1,15.07 14:00,130.179
1,15.07 15:00,125.924
1,15.07 16:00,120.861
1,15.07 17:00,92.886
1,15.07 18:00,84.43
1,15.07 19:00,80.632
1,15.07 20:00,66.309
1,15.07 21:00,50.103
1,15.07 22:00,50.019
1,15.07 23:00,46.699
1,16.07 00:00,51.65
1,16.07 01:00,47.926
1,16.07 02:00,52.005
1,16.07 03:00,51.587
1,16.07 04:00,54.561
1,16.07 05:00,54.72
1,16.07 06:00,92.427
1,16.07 07:00,115.964
1,16.07 08:00,86.757
1,16.07 09:00,79.431
1,16.07 10:00,79.428
1,16.07 11:00,84.532
1,16.07 12:00,85.033
1,16.07 13:00,82.21
1,16.07 14:00,84.031
1,16.07 15:00,87.551
1,16.07 16:00,85.289
1,16.07 17:00,84.43
1,16.07 18:00,82.296
1,16.07 19:00,77.915
1,16.07 20:00,60.123
1,16.07 21:00,46.887
1,16.07 22:00,50.054
1,16.07 23:00,53.365
1,17.07 00:00,50.364
1,17.07 01:00,51.278
1,17.07 02:00,52.311
1,17.07 03:00,51.807
1,17.07 04:00,52.758
1,17.07 05:00,50.204
1,17.07 06:00,53.204
1,17.07 07:00,55.299
1,17.07 08:00,50.41
1,17.07 09:00,51.972
1,17.07 10:00,53.813
1,17.07 11:00,51.943
1,17.07 12:00,52.851
1,17.07 13:00,54.277
1,17.07 14:00,53.987
1,17.07 15:00,51.618
1,17.07 16:00,52.25
1,17.07 17:00,48.445
1,17.07 18:00,56.489
1,17.07 19:00,53.24
1,17.07 20:00,49.576
1,17.07 21:00,57.377
1,17.07 22:00,52.717
1,17.07 23:00,53.258
1,18.07 00:00,53.424
1,18.07 01:00,55.673
1,18.07 02:00,55.422
1,18.07 03:00,56.074
1,18.07 04:00,68.172
1,18.07 05:00,77.629
1,18.07 06:00,144.235
1,18.07 07:00,116.929
1,18.07 08:00,121.83
1,18.07 09:00,128.748
1,18.07 10:00,128.06
1,18.07 11:00,131.309
1,18.07 12:00,132.412
1,18.07 13:00,132.337
1,18.07 14:00,131.604
1,18.07 15:00,129.22
1,18.07 16:00,119.897
1,18.07 17:00,95.584
1,18.07 18:00,84.46
1,18.07 19:00,79.771
1,18.07 20:00,64.133
1,18.07 21:00,51.487
1,18.07 22:00,52.304
1,18.07 23:00,50.499
1,19.07 00:00,50.712
1,19.07 01:00,52.236
1,19.07 02:00,49.77
1,19.07 03:00,60.351
1,19.07 04:00,57.779
1,19.07 05:00,63.867
1,19.07 06:00,91.58
1,19.07 07:00,144.31
1,19.07 08:00,128.487
1,19.07 09:00,130.326
1,19.07 10:00,132.259
1,19.07 11:00,131.961
1,19.07 12:00,127.6
1,19.07 13:00,127.428
1,19.07 14:00,131.825
1,19.07 15:00,128.546
1,19.07 16:00,119.511
1,19.07 17:00,100.924
1,19.07 18:00,83.407
1,19.07 19:00,80.377
1,19.07 20:00,64.005
1,19.07 21:00,50.1
1,19.07 22:00,52.332
1,19.07 23:00,48.357
1,20.07 00:00,48.615
1,20.07 01:00,52.276
1,20.07 02:00,48.351
1,20.07 03:00,59.334
1,20.07 04:00,58.323
1,20.07 05:00,66.557
1,20.07 06:00,85.58
1,20.07 07:00,132.045
1,20.07 08:00,123.863
1,20.07 09:00,123.444
1,20.07 10:00,127.548
1,20.07 11:00,128.86
1,20.07 12:00,129.645
1,20.07 13:00,133.322
1,20.07 14:00,0.0
1,20.07 15:00,128.749
1,20.07 16:00,115.728
1,20.07 17:00,97.252
1,20.07 18:00,85.775
1,20.07 19:00,81.273
1,20.07 20:00,64.708
1,20.07 21:00,50.92
1,20.07 22:00,52.557
1,20.07 23:00,50.688
1,21.07 00:00,52.497
1,21.07 01:00,52.139
1,21.07 02:00,50.123
1,21.07 03:00,59.88
1,21.07 04:00,56.814
1,21.07 05:00,69.829
1,21.07 06:00,93.811
1,21.07 07:00,133.888
1,21.07 08:00,118.406
1,21.07 09:00,125.507
1,21.07 10:00,126.748
1,21.07 11:00,129.15
1,21.07 12:00,130.218
1,21.07 13:00,128.85
1,21.07 14:00,127.071
1,21.07 15:00,127.072
1,21.07 16:00,117.776
1,21.07 17:00,96.249
1,21.07 18:00,86.606
1,21.07 19:00,83.972
1,21.07 20:00,65.584
1,21.07 21:00,50.496
1,21.07 22:00,53.246
1,21.07 23:00,51.154
1,22.07 00:00,52.258
1,22.07 01:00,52.978
1,22.07 02:00,51.149
1,22.07 03:00,60.153
1,22.07 04:00,56.33
1,22.07 05:00,65.295
1,22.07 06:00,116.805
1,22.07 07:00,123.24
1,22.07 08:00,119.365
1,22.07 09:00,122.832
1,22.07 10:00,126.395
1,22.07 11:00,125.163
1,22.07 12:00,125.913
1,22.07 13:00,127.45
1,22.07 14:00,125.19
1,22.07 15:00,123.145
1,22.07 16:00,117.193
1,22.07 17:00,94.1
1,22.07 18:00,86.302
1,22.07 19:00,89.868
1,22.07 20:00,105.532
1,22.07 21:00,111.222
1,22.07 22:00,98.785
1,22.07 23:00,107.715
1,23.07 00:00,110.703
1,23.07 01:00,110.062
1,23.07 02:00,105.66
1,23.07 03:00,114.998
1,23.07 04:00,101.858
1,23.07 05:00,112.172
1,23.07 06:00,95.757
1,23.07 07:00,77.953
1,23.07 08:00,80.643
1,23.07 09:00,91.094
1,23.07 10:00,98.484
1,23.07 11:00,97.887
1,23.07 12:00,93.491
1,23.07 13:00,93.915
1,23.07 14:00,105.63
1,23.07 15:00,102.51
1,23.07 16:00,106.214
1,23.07 17:00,95.307
1,23.07 18:00,88.188
1,23.07 19:00,91.879
1,23.07 20:00,97.021
1,23.07 21:00,102.628
1,23.07 22:00,102.004
1,23.07 23:00,109.377
1,24.07 00:00,107.119
1,24.07 01:00,106.671
1,24.07 02:00,110.611
1,24.07 03:00,110.376
1,24.07 04:00,99.43
1,24.07 05:00,56.307
1,24.07 06:00,57.781
1,24.07 07:00,61.331
1,24.07 08:00,56.583
1,24.07 09:00,61.236
1,24.07 10:00,62.763
1,24.07 11:00,57.261
1,24.07 12:00,60.773
1,24.07 13:00,59.077
1,24.07 14:00,60.304
1,24.07 15:00,58.588
1,24.07 16:00,101.981
1,24.07 17:00,122.213
1,24.07 18:00,97.236
1,24.07 19:00,99.71
1,24.07 20:00,102.751
1,24.07 21:00,99.464
1,24.07 22:00,105.921
1,24.07 23:00,105.246
1,25.07 00:00,103.175
1,25.07 01:00,104.58
1,25.07 02:00,103.584
1,25.07 03:00,113.192
1,25.07 04:00,122.213
1,25.07 05:00,103.481
1,25.07 06:00,99.075
1,25.07 07:00,111.533
1,25.07 08:00,117.753
1,25.07 09:00,114.574
1,25.07 10:00,119.775
1,25.07 11:00,123.811
1,25.07 12:00,121.537
1,25.07 13:00,120.171
1,25.07 14:00,125.27
1,25.07 15:00,124.632
1,25.07 16:00,120.926
1,25.07 17:00,103.095
1,25.07 18:00,86.06
1,25.07 19:00,84.902
1,25.07 20:00,67.358
1,25.07 21:00,50.938
1,25.07 22:00,53.746
1,25.07 23:00,51.045
1,26.07 00:00,48.573
1,26.07 01:00,55.073
1,26.07 02:00,50.011
1,26.07 03:00,59.944
1,26.07 04:00,56.419
1,26.07 05:00,61.721
1,26.07 06:00,88.251
1,26.07 07:00,156.58
1,26.07 08:00,123.494
1,26.07 09:00,123.344
1,26.07 10:00,129.604
1,26.07 11:00,132.412
1,26.07 12:00,134.415
1,26.07 13:00,136.92
1,26.07 14:00,128.936
1,26.07 15:00,132.402
1,26.07 16:00,131.192
1,26.07 17:00,104.517
1,26.07 18:00,104.964
1,26.07 19:00,110.414
1,26.07 20:00,96.175
1,26.07 21:00,53.645
1,26.07 22:00,57.693
1,26.07 23:00,50.096
1,27.07 00:00,53.498
1,27.07 01:00,52.256
1,27.07 02:00,54.988
1,27.07 03:00,57.639
1,27.07 04:00,57.812
1,27.07 05:00,64.008
1,27.07 06:00,93.604
1,27.07 07:00,147.419
1,27.07 08:00,132.647
1,27.07 09:00,123.244
1,27.07 10:00,127.802
1,27.07 11:00,127.979
1,27.07 12:00,126.985
1,27.07 13:00,132.439
1,27.07 14:00,130.833
1,27.07 15:00,124.346
1,27.07 16:00,117.39
1,27.07 17:00,91.387
1,27.07 18:00,95.754
1,27.07 19:00,101.904
1,27.07 20:00,72.106
1,27.07 21:00,52.651
1,27.07 22:00,44.085
1,27.07 23:00,50.778
1,28.07 00:00,46.019
1,28.07 01:00,51.528
1,28.07 02:00,47.959
1,28.07 03:00,54.321
1,28.07 04:00,55.68
1,28.07 05:00,59.872
1,28.07 06:00,86.244
1,28.07 07:00,107.125
1,28.07 08:00,112.619
1,28.07 09:00,114.465
1,28.07 10:00,114.625
1,28.07 11:00,122.541
1,28.07 12:00,124.686
1,28.07 13:00,125.427
1,28.07 14:00,126.067
1,28.07 15:00,121.548
1,28.07 16:00,113.355
1,28.07 17:00,93.19
1,28.07 18:00,96.738
1,28.07 19:00,102.657
1,28.07 20:00,64.116
1,28.07 21:00,55.186
1,28.07 22:00,50.756
1,28.07 23:00,48.833
1,29.07 00:00,51.569
1,29.07 01:00,49.809
1,29.07 02:00,51.846
1,29.07 03:00,54.566
1,29.07 04:00,54.794
1,29.07 05:00,59.126
1,29.07 06:00,72.869
1,29.07 07:00,103.765
1,29.07 08:00,108.379
1,29.07 09:00,120.373
1,29.07 10:00,123.712
1,29.07 11:00,124.941
1,29.07 12:00,124.535
1,29.07 13:00,126.586
1,29.07 14:00,124.744
1,29.07 15:00,125.497
1,29.07 16:00,112.836
1,29.07 17:00,83.703
1,29.07 18:00,91.385
1,29.07 19:00,92.193
1,29.07 20:00,64.909
1,29.07 21:00,53.232
1,29.07 22:00,50.108
1,29.07 23:00,47.758
1,30.07 00:00,50.221
1,30.07 01:00,51.067
1,30.07 02:00,52.249
1,30.07 03:00,50.6
1,30.07 04:00,51.015
1,30.07 05:00,56.704
1,30.07 06:00,85.593
1,30.07 07:00,144.369
1,30.07 08:00,102.875
1,30.07 09:00,93.135
1,30.07 10:00,98.35
1,30.07 11:00,106.025
1,30.07 12:00,100.436
1,30.07 13:00,87.218
1,30.07 14:00,90.892
1,30.07 15:00,103.167
1,30.07 16:00,102.502
1,30.07 17:00,93.015
1,30.07 18:00,99.794
1,30.07 19:00,104.863
1,30.07 20:00,68.27
1,30.07 21:00,51.227
1,30.07 22:00,52.659
1,30.07 23:00,51.84
1,31.07 00:00,49.617
1,31.07 01:00,52.477
1,31.07 02:00,54.061
1,31.07 03:00,50.584
1,31.07 04:00,54.237
1,31.07 05:00,49.532
1,31.07 06:00,53.409
1,31.07 07:00,51.875
1,31.07 08:00,48.993
1,31.07 09:00,55.148
1,31.07 10:00,51.768
1,31.07 11:00,53.699
1,31.07 12:00,51.95
1,31.07 13:00,48.222
1,31.07 14:00,59.266
1,31.07 15:00,50.697
1,31.07 16:00,51.216
1,31.07 17:00,51.976
1,31.07 18:00,50.605
1,31.07 19:00,52.167
1,31.07 20:00,50.981
1,31.07 21:00,52.839
1,31.07 22:00,49.523
1,31.07 23:00,51.225
1,01.08 00:00,50.765
1,01.08 01:00,50.161
1,01.08 02:00,52.655
1,01.08 03:00,56.472
1,01.08 04:00,63.86
1,01.08 05:00,85.822
1,01.08 06:00,158.721
1,01.08 07:00,136.625
1,01.08 08:00,132.687
1,01.08 09:00,134.014
1,01.08 10:00,134.499
1,01.08 11:00,130.675
1,01.08 12:00,130.499
1,01.08 13:00,129.246
1,01.08 14:00,126.225
1,01.08 15:00,123.305
1,01.08 16:00,123.694
1,01.08 17:00,100.731
1,01.08 18:00,93.217
1,01.08 19:00,84.747
1,01.08 20:00,66.375
1,01.08 21:00,57.285
1,01.08 22:00,54.134
1,01.08 23:00,53.23
1,02.08 00:00,52.36
1,02.08 01:00,55.636
1,02.08 02:00,54.859
1,02.08 03:00,54.269
1,02.08 04:00,62.151
1,02.08 05:00,68.29
1,02.08 06:00,126.103
1,02.08 07:00,130.052
1,02.08 08:00,124.397
1,02.08 09:00,131.33
1,02.08 10:00,129.768
1,02.08 11:00,130.302
1,02.08 12:00,135.622
1,02.08 13:00,132.443
1,02.08 14:00,128.062
1,02.08 15:00,131.64
1,02.08 16:00,125.723
1,02.08 17:00,98.606
1,02.08 18:00,89.99
1,02.08 19:00,86.517
1,02.08 20:00,70.511
1,02.08 21:00,56.394
1,02.08 22:00,53.756
1,02.08 23:00,50.552
1,03.08 00:00,52.352
1,03.08 01:00,53.152
1,03.08 02:00,54.221
1,03.08 03:00,57.702
1,03.08 04:00,63.865
1,03.08 05:00,69.165
1,03.08 06:00,110.362
1,03.08 07:00,141.427
1,03.08 08:00,137.807
1,03.08 09:00,127.802
1,03.08 10:00,125.104
1,03.08 11:00,127.693
1,03.08 12:00,123.522
1,03.08 13:00,120.266
1,03.08 14:00,119.633
1,03.08 15:00,122.59
1,03.08 16:00,116.996
1,03.08 17:00,95.753
1,03.08 18:00,92.13
1,03.08 19:00,91.014
1,03.08 20:00,68.767
1,03.08 21:00,53.926
1,03.08 22:00,52.656
1,03.08 23:00,49.714
1,04.08 00:00,53.21
1,04.08 01:00,51.866
1,04.08 02:00,53.991
1,04.08 03:00,59.142
1,04.08 04:00,59.788
1,04.08 05:00,67.925
1,04.08 06:00,99.987
1,04.08 07:00,150.387
1,04.08 08:00,132.706
1,04.08 09:00,127.384
1,04.08 10:00,127.012
1,04.08 11:00,124.028
1,04.08 12:00,123.086
1,04.08 13:00,124.189
1,04.08 14:00,126.51
1,04.08 15:00,118.907
1,04.08 16:00,115.435
1,04.08 17:00,94.839
1,04.08 18:00,89.408
1,04.08 19:00,98.004
1,04.08 20:00,67.384
1,04.08 21:00,63.928
1,04.08 22:00,60.499
1,04.08 23:00,59.331
1,05.08 00:00,59.459
1,05.08 01:00,63.768
1,05.08 02:00,64.46
1,05.08 03:00,65.124
1,05.08 04:00,64.93
1,05.08 05:00,75.405
1,05.08 06:00,102.312
1,05.08 07:00,141.449
1,05.08 08:00,133.283
1,05.08 09:00,127.731
1,05.08 10:00,125.139
1,05.08 11:00,119.206
1,05.08 12:00,126.313
1,05.08 13:00,122.328
1,05.08 14:00,116.786
1,05.08 15:00,119.347
1,05.08 16:00,109.749
1,05.08 17:00,86.793
1,05.08 18:00,83.421
1,05.08 19:00,88.495
1,05.08 20:00,68.256
1,05.08 21:00,52.616
1,05.08 22:00,50.912
1,05.08 23:00,49.028
1,06.08 00:00,49.283
1,06.08 01:00,52.746
1,06.08 02:00,57.076
1,06.08 03:00,50.862
1,06.08 04:00,54.007
1,06.08 05:00,54.48
1,06.08 06:00,82.946
1,06.08 07:00,150.714
1,06.08 08:00,110.612
1,06.08 09:00,96.822
1,06.08 10:00,91.648
1,06.08 11:00,95.275
1,06.08 12:00,94.315
1,06.08 13:00,88.36
1,06.08 14:00,90.406
1,06.08 15:00,100.741
1,06.08 16:00,96.942
1,06.08 17:00,88.661
1,06.08 18:00,92.354
1,06.08 19:00,112.106
1,06.08 20:00,74.499
1,06.08 21:00,54.434
1,06.08 22:00,51.413
1,06.08 23:00,54.935
1,07.08 00:00,54.845
1,07.08 01:00,52.044
1,07.08 02:00,59.405
1,07.08 03:00,53.82
1,07.08 04:00,53.752
1,07.08 05:00,55.175
1,07.08 06:00,53.887
1,07.08 07:00,58.565
1,07.08 08:00,51.157
1,07.08 09:00,58.96
1,07.08 10:00,54.186
1,07.08 11:00,54.403
1,07.08 12:00,53.678
1,07.08 13:00,56.265
1,07.08 14:00,52.615
1,07.08 15:00,52.562
1,07.08 16:00,55.993
1,07.08 17:00,50.222
1,07.08 18:00,54.525
1,07.08 19:00,53.312
1,07.08 20:00,54.352
1,07.08 21:00,53.378
1,07.08 22:00,53.835
1,07.08 23:00,54.174
1,08.08 00:00,56.033
1,08.08 01:00,51.665
1,08.08 02:00,56.514
1,08.08 03:00,59.363
1,08.08 04:00,59.909
1,08.08 05:00,69.258
1,08.08 06:00,150.067
1,08.08 07:00,159.107
1,08.08 08:00,142.536
1,08.08 09:00,133.355
1,08.08 10:00,125.829
1,08.08 11:00,123.785
1,08.08 12:00,125.501
1,08.08 13:00,124.573
1,08.08 14:00,125.068
1,08.08 15:00,126.177
1,08.08 16:00,116.428
1,08.08 17:00,98.435
1,08.08 18:00,90.802
1,08.08 19:00,97.138
1,08.08 20:00,75.057
1,08.08 21:00,55.595
1,08.08 22:00,52.648
1,08.08 23:00,50.54
1,09.08 00:00,52.775
1,09.08 01:00,51.909
1,09.08 02:00,54.189
1,09.08 03:00,60.916
1,09.08 04:00,58.45
1,09.08 05:00,67.366
1,09.08 06:00,103.09
1,09.08 07:00,181.607
1,09.08 08:00,144.122
1,09.08 09:00,134.778
1,09.08 10:00,127.241
1,09.08 11:00,125.433
1,09.08 12:00,125.943
1,09.08 13:00,124.516
1,09.08 14:00,123.746
1,09.08 15:00,120.698
1,09.08 16:00,121.859
1,09.08 17:00,94.306
1,09.08 18:00,93.773
1,09.08 19:00,102.599
1,09.08 20:00,69.927
1,09.08 21:00,54.694
1,09.08 22:00,52.454
1,09.08 23:00,49.895
1,10.08 00:00,53.546
1,10.08 01:00,53.454
1,10.08 02:00,55.027
1,10.08 03:00,61.445
1,10.08 04:00,59.081
1,10.08 05:00,66.375
1,10.08 06:00,108.75
1,10.08 07:00,175.468
1,10.08 08:00,133.224
1,10.08 09:00,109.633
1,10.08 10:00,107.425
1,10.08 11:00,104.613
1,10.08 12:00,107.005
1,10.08 13:00,118.863
1,10.08 14:00,125.305
1,10.08 15:00,127.595
1,10.08 16:00,121.697
1,10.08 17:00,103.88
1,10.08 18:00,101.231
1,10.08 19:00,100.49
1,10.08 20:00,76.882
1,10.08 21:00,53.778
1,10.08 22:00,53.258
1,10.08 23:00,50.856
1,11.08 00:00,50.246
1,11.08 01:00,51.985
1,11.08 02:00,50.587
1,11.08 03:00,60.122
1,11.08 04:00,57.093
1,11.08 05:00,66.133
1,11.08 06:00,117.857
1,11.08 07:00,155.236
1,11.08 08:00,145.46
1,11.08 09:00,129.943
1,11.08 10:00,129.699
1,11.08 11:00,126.889
1,11.08 12:00,131.602
1,11.08 13:00,123.795
1,11.08 14:00,123.777
1,11.08 15:00,123.041
1,11.08 16:00,117.146
1,11.08 17:00,102.658
1,11.08 18:00,99.634
1,11.08 19:00,97.824
1,11.08 20:00,68.923
1,11.08 21:00,65.914
1,11.08 22:00,64.438
1,11.08 23:00,65.218
1,12.08 00:00,64.109
1,12.08 01:00,61.269
1,12.08 02:00,63.287
1,12.08 03:00,62.507
1,12.08 04:00,66.386
1,12.08 05:00,67.115
1,12.08 06:00,124.59
1,12.08 07:00,135.663
1,12.08 08:00,129.5
1,12.08 09:00,126.35
1,12.08 10:00,127.103
1,12.08 11:00,124.68
1,12.08 12:00,120.996
1,12.08 13:00,123.663
1,12.08 14:00,120.594
1,12.08 15:00,119.011
1,12.08 16:00,112.57
1,12.08 17:00,98.261
1,12.08 18:00,97.5
1,12.08 19:00,99.302
1,12.08 20:00,74.935
1,12.08 21:00,56.61
1,12.08 22:00,51.659
1,12.08 23:00,54.491
1,13.08 00:00,51.011
1,13.08 01:00,52.402
1,13.08 02:00,53.906
1,13.08 03:00,51.61
1,13.08 04:00,51.885
1,13.08 05:00,57.44
1,13.08 06:00,83.134
1,13.08 07:00,173.115
1,13.08 08:00,118.911
1,13.08 09:00,95.135
1,13.08 10:00,101.067
1,13.08 11:00,95.445
1,13.08 12:00,97.171
1,13.08 13:00,91.505
1,13.08 14:00,96.061
1,13.08 15:00,101.976
1,13.08 16:00,92.258
1,13.08 17:00,94.002
1,13.08 18:00,100.188
1,13.08 19:00,104.594
1,13.08 20:00,66.233
1,13.08 21:00,50.654
1,13.08 22:00,51.391
1,13.08 23:00,51.659
1,14.08 00:00,53.382
1,14.08 01:00,52.03
1,14.08 02:00,53.734
1,14.08 03:00,51.882
1,14.08 04:00,51.307
1,14.08 05:00,51.551
1,14.08 06:00,51.248
1,14.08 07:00,55.212
1,14.08 08:00,51.494
1,14.08 09:00,54.404
1,14.08 10:00,51.193
1,14.08 11:00,54.37
1,14.08 12:00,53.702
1,14.08 13:00,49.334
1,14.08 14:00,54.929
1,14.08 15:00,51.083
1,14.08 16:00,52.667
1,14.08 17:00,52.648
1,14.08 18:00,54.692
1,14.08 19:00,49.565
1,14.08 20:00,54.762
1,14.08 21:00,50.35
1,14.08 22:00,52.841
1,14.08 23:00,51.841
1,15.08 00:00,53.461
1,15.08 01:00,52.104
1,15.08 02:00,53.359
1,15.08 03:00,59.072
1,15.08 04:00,59.606
1,15.08 05:00,78.412
1,15.08 06:00,144.98
1,15.08 07:00,152.97
1,15.08 08:00,143.757
1,15.08 09:00,144.357
1,15.08 10:00,139.659
1,15.08 11:00,135.602
1,15.08 12:00,132.902
1,15.08 13:00,126.549
1,15.08 14:00,127.244
1,15.08 15:00,125.777
1,15.08 16:00,121.913
1,15.08 17:00,101.889
1,15.08 18:00,88.733
1,15.08 19:00,88.148
1,15.08 20:00,69.251
1,15.08 21:00,54.526
1,15.08 22:00,51.78
1,15.08 23:00,49.888
1,16.08 00:00,52.375
1,16.08 01:00,53.233
1,16.08 02:00,54.353
1,16.08 03:00,57.523
1,16.08 04:00,59.761
1,16.08 05:00,66.132
1,16.08 06:00,110.063
1,16.08 07:00,154.226
1,16.08 08:00,138.365
1,16.08 09:00,132.532
1,16.08 10:00,130.542
1,16.08 11:00,127.54
1,16.08 12:00,123.91
1,16.08 13:00,127.802
1,16.08 14:00,131.006
1,16.08 15:00,123.364
1,16.08 16:00,117.112
1,16.08 17:00,96.559
1,16.08 18:00,91.084
1,16.08 19:00,92.307
1,16.08 20:00,69.943
1,16.08 21:00,54.787
1,16.08 22:00,50.8
1,16.08 23:00,49.421
1,17.08 00:00,53.618
1,17.08 01:00,52.651
1,17.08 02:00,50.922
1,17.08 03:00,63.245
1,17.08 04:00,61.31
1,17.08 05:00,64.428
1,17.08 06:00,100.648
1,17.08 07:00,162.926
1,17.08 08:00,141.632
1,17.08 09:00,131.531
1,17.08 10:00,129.789
1,17.08 11:00,124.647
1,17.08 12:00,125.671
1,17.08 13:00,128.834
1,17.08 14:00,121.989
1,17.08 15:00,121.583
1,17.08 16:00,117.494
1,17.08 17:00,96.431
1,17.08 18:00,82.551
1,17.08 19:00,88.738
1,17.08 20:00,66.827
1,17.08 21:00,55.783
1,17.08 22:00,51.834
1,17.08 23:00,52.943
1,18.08 00:00,49.626
1,18.08 01:00,56.91
1,18.08 02:00,55.018
1,18.08 03:00,59.046
1,18.08 04:00,61.504
1,18.08 05:00,69.458
1,18.08 06:00,107.113
1,18.08 07:00,141.688
1,18.08 08:00,129.94
1,18.08 09:00,130.278
1,18.08 10:00,133.752
1,18.08 11:00,130.371
1,18.08 12:00,120.922
1,18.08 13:00,119.57
1,18.08 14:00,124.452
1,18.08 15:00,118.808
1,18.08 16:00,116.216
1,18.08 17:00,98.373
1,18.08 18:00,88.001
1,18.08 19:00,87.502
1,18.08 20:00,65.852
1,18.08 21:00,59.761
1,18.08 22:00,59.563
1,18.08 23:00,58.38
1,19.08 00:00,58.862
1,19.08 01:00,62.994
1,19.08 02:00,60.568
1,19.08 03:00,58.955
1,19.08 04:00,69.819
1,19.08 05:00,69.913
1,19.08 06:00,117.229
1,19.08 07:00,138.692
1,19.08 08:00,134.101
1,19.08 09:00,132.617
1,19.08 10:00,132.575
1,19.08 11:00,130.573
1,19.08 12:00,125.884
1,19.08 13:00,125.089
1,19.08 14:00,126.522
1,19.08 15:00,124.965
1,19.08 16:00,115.942
1,19.08 17:00,95.089
1,19.08 18:00,79.075
1,19.08 19:00,76.569
1,19.08 20:00,61.173
1,19.08 21:00,52.245
1,19.08 22:00,50.356
1,19.08 23:00,51.426
1,20.08 00:00,50.212
1,20.08 01:00,54.907
1,20.08 02:00,52.911
1,20.08 03:00,52.603
1,20.08 04:00,52.845
1,20.08 05:00,59.926
1,20.08 06:00,113.028
1,20.08 07:00,130.857
1,20.08 08:00,106.655
1,20.08 09:00,104.528
1,20.08 10:00,103.191
1,20.08 11:00,109.983
1,20.08 12:00,115.558
1,20.08 13:00,104.015
1,20.08 14:00,102.134
1,20.08 15:00,92.17
1,20.08 16:00,97.07
1,20.08 17:00,100.569
1,20.08 18:00,90.524
1,20.08 19:00,93.368
1,20.08 20:00,71.523
1,20.08 21:00,57.606
1,20.08 22:00,57.724
1,20.08 23:00,57.21
1,21.08 00:00,60.437
1,21.08 01:00,61.452
1,21.08 02:00,60.609
1,21.08 03:00,59.735
1,21.08 04:00,60.961
1,21.08 05:00,63.31
1,21.08 06:00,59.288
1,21.08 07:00,58.685
1,21.08 08:00,64.095
1,21.08 09:00,59.464
1,21.08 10:00,57.886
1,21.08 11:00,63.929
1,21.08 12:00,58.959
1,21.08 13:00,58.534
1,21.08 14:00,63.157
1,21.08 15:00,58.748
1,21.08 16:00,60.268
1,21.08 17:00,61.159
1,21.08 18:00,58.397
1,21.08 19:00,65.169
1,21.08 20:00,60.636
1,21.08 21:00,59.24
1,21.08 22:00,64.43
1,21.08 23:00,57.974
1,22.08 00:00,62.289
1,22.08 01:00,62.688
1,22.08 02:00,58.492
1,22.08 03:00,67.094
1,22.08 04:00,67.337
1,22.08 05:00,87.885
1,22.08 06:00,148.555
1,22.08 07:00,151.745
1,22.08 08:00,145.728
1,22.08 09:00,133.843
1,22.08 10:00,146.545
1,22.08 11:00,141.195
1,22.08 12:00,136.362
1,22.08 13:00,134.758
1,22.08 14:00,132.035
1,22.08 15:00,133.586
1,22.08 16:00,126.234
1,22.08 17:00,105.045
1,22.08 18:00,94.456
1,22.08 19:00,98.448
1,22.08 20:00,72.15
1,22.08 21:00,55.748
1,22.08 22:00,52.834
1,22.08 23:00,51.0
1,23.08 00:00,51.738
1,23.08 01:00,52.965
1,23.08 02:00,57.5
1,23.08 03:00,57.124
1,23.08 04:00,58.158
1,23.08 05:00,74.35
1,23.08 06:00,109.957
1,23.08 07:00,131.242
1,23.08 08:00,122.563
1,23.08 09:00,130.696
1,23.08 10:00,136.659
1,23.08 11:00,150.738
1,23.08 12:00,129.476
1,23.08 13:00,132.271
1,23.08 14:00,133.254
1,23.08 15:00,131.775
1,23.08 16:00,119.823
1,23.08 17:00,102.121
1,23.08 18:00,87.669
1,23.08 19:00,81.709
1,23.08 20:00,65.731
1,23.08 21:00,54.458
1,23.08 22:00,52.02
1,23.08 23:00,50.673
1,24.08 00:00,52.64
1,24.08 01:00,57.637
1,24.08 02:00,51.985
1,24.08 03:00,55.646
1,24.08 04:00,63.44
1,24.08 05:00,63.122
1,24.08 06:00,108.182
1,24.08 07:00,120.718
1,24.08 08:00,123.608
1,24.08 09:00,128.935
1,24.08 10:00,130.039
1,24.08 11:00,128.45
1,24.08 12:00,125.017
1,24.08 13:00,127.469
1,24.08 14:00,126.863
1,24.08 15:00,129.292
1,24.08 16:00,119.338
1,24.08 17:00,106.146
1,24.08 18:00,86.637
1,24.08 19:00,80.918
1,24.08 20:00,67.329
1,24.08 21:00,54.476
1,24.08 22:00,54.493
1,24.08 23:00,50.078
1,25.08 00:00,51.856
1,25.08 01:00,54.238
1,25.08 02:00,56.174
1,25.08 03:00,55.97
1,25.08 04:00,58.979
1,25.08 05:00,64.503
1,25.08 06:00,95.484
1,25.08 07:00,136.053
1,25.08 08:00,132.001
1,25.08 09:00,123.174
1,25.08 10:00,121.718
1,25.08 11:00,125.02
1,25.08 12:00,122.676
1,25.08 13:00,121.703
1,25.08 14:00,124.274
1,25.08 15:00,126.968
1,25.08 16:00,114.52
1,25.08 17:00,99.103
1,25.08 18:00,88.054
1,25.08 19:00,84.746
1,25.08 20:00,68.147
1,25.08 21:00,55.837
1,25.08 22:00,56.486
1,25.08 23:00,50.131
1,26.08 00:00,53.335
1,26.08 01:00,56.62
1,26.08 02:00,54.264
1,26.08 03:00,58.035
1,26.08 04:00,61.354
1,26.08 05:00,64.187
1,26.08 06:00,98.022
1,26.08 07:00,130.082
1,26.08 08:00,122.461
1,26.08 09:00,124.455
1,26.08 10:00,126.19
1,26.08 11:00,127.595
1,26.08 12:00,123.091
1,26.08 13:00,122.938
1,26.08 14:00,126.659
1,26.08 15:00,125.189
1,26.08 16:00,117.563
1,26.08 17:00,99.17
1,26.08 18:00,84.254
1,26.08 19:00,86.429
1,26.08 20:00,63.546
1,26.08 21:00,53.211
1,26.08 22:00,50.555
1,26.08 23:00,47.539
1,27.08 00:00,49.16
1,27.08 01:00,55.033
1,27.08 02:00,54.377
1,27.08 03:00,49.479
1,27.08 04:00,53.738
1,27.08 05:00,53.165
1,27.08 06:00,82.077
1,27.08 07:00,127.024
1,27.08 08:00,107.649
1,27.08 09:00,102.056
1,27.08 10:00,89.088
1,27.08 11:00,90.405
1,27.08 12:00,96.112
1,27.08 13:00,87.605
1,27.08 14:00,90.195
1,27.08 15:00,90.808
1,27.08 16:00,88.381
1,27.08 17:00,76.305
1,27.08 18:00,92.172
1,27.08 19:00,97.234
1,27.08 20:00,63.137
1,27.08 21:00,50.742
1,27.08 22:00,51.167
1,27.08 23:00,50.278
1,28.08 00:00,52.22
1,28.08 01:00,54.529
1,28.08 02:00,54.025
1,28.08 03:00,49.176
1,28.08 04:00,56.357
1,28.08 05:00,51.621
1,28.08 06:00,52.006
1,28.08 07:00,55.9
1,28.08 08:00,49.852
1,28.08 09:00,59.855
1,28.08 10:00,50.06
1,28.08 11:00,50.494
1,28.08 12:00,59.907
1,28.08 13:00,46.607
1,28.08 14:00,55.39
1,28.08 15:00,52.259
1,28.08 16:00,49.815
1,28.08 17:00,53.517
1,28.08 18:00,55.267
1,28.08 19:00,53.507
1,28.08 20:00,52.581
1,28.08 21:00,54.235
1,28.08 22:00,55.091
1,28.08 23:00,54.905
1,29.08 00:00,53.785
1,29.08 01:00,56.556
1,29.08 02:00,54.055
1,29.08 03:00,60.107
1,29.08 04:00,63.796
1,29.08 05:00,76.426
1,29.08 06:00,147.626
1,29.08 07:00,171.741
1,29.08 08:00,150.113
1,29.08 09:00,142.396
1,29.08 10:00,136.921
1,29.08 11:00,128.522
1,29.08 12:00,124.845
1,29.08 13:00,129.28
1,29.08 14:00,124.857
1,29.08 15:00,125.371
1,29.08 16:00,117.537
1,29.08 17:00,102.44
1,29.08 18:00,94.961
1,29.08 19:00,83.519
1,29.08 20:00,68.404
1,29.08 21:00,54.726
1,29.08 22:00,56.269
1,29.08 23:00,51.965
1,30.08 00:00,53.723
1,30.08 01:00,57.313
1,30.08 02:00,54.602
1,30.08 03:00,60.829
1,30.08 04:00,65.734
1,30.08 05:00,63.505
1,30.08 06:00,82.329
1,30.08 07:00,164.227
1,30.08 08:00,137.903
1,30.08 09:00,138.224
1,30.08 10:00,122.017
1,30.08 11:00,121.515
1,30.08 12:00,122.548
1,30.08 13:00,127.013
1,30.08 14:00,129.129
1,30.08 15:00,132.064
1,30.08 16:00,122.981
1,30.08 17:00,109.55
1,30.08 18:00,101.091
1,30.08 19:00,96.425
1,30.08 20:00,80.289
1,30.08 21:00,66.673
1,30.08 22:00,65.134
1,30.08 23:00,63.207
1,31.08 00:00,62.698
1,31.08 01:00,63.674
1,31.08 02:00,63.482
1,31.08 03:00,69.075
1,31.08 04:00,71.168
1,31.08 05:00,72.498
1,31.08 06:00,77.58
1,31.08 07:00,243.683
1,31.08 08:00,212.016
1,31.08 09:00,145.853
1,31.08 10:00,138.409
1,31.08 11:00,137.668
1,31.08 12:00,135.884
1,31.08 13:00,136.063
1,31.08 14:00,134.07
1,31.08 15:00,135.174
1,31.08 16:00,124.546
1,31.08 17:00,111.929
1,31.08 18:00,122.322
1,31.08 19:00,120.126
1,31.08 20:00,130.547
1,31.08 21:00,144.417
1,31.08 22:00,150.1
1,31.08 23:00,127.694
1,01.09 00:00,132.118
1,01.09 01:00,135.464
1,01.09 02:00,146.873
1,01.09 03:00,139.362
1,01.09 04:00,127.152
1,01.09 05:00,146.053
1,01.09 06:00,116.306
1,01.09 07:00,122.241
1,01.09 08:00,149.369
1,01.09 09:00,173.9
1,01.09 10:00,154.532
1,01.09 11:00,139.144
1,01.09 12:00,129.933
1,01.09 13:00,133.658
1,01.09 14:00,135.562
1,01.09 15:00,138.903
1,01.09 16:00,130.113
1,01.09 17:00,112.7
1,01.09 18:00,108.375
1,01.09 19:00,112.28
1,01.09 20:00,91.568
1,01.09 21:00,71.949
1,01.09 22:00,70.85
1,01.09 23:00,68.083
1,02.09 00:00,68.726
1,02.09 01:00,69.318
1,02.09 02:00,71.257
1,02.09 03:00,73.46
1,02.09 04:00,76.448
1,02.09 05:00,76.717
1,02.09 06:00,81.461
1,02.09 07:00,258.137
1,02.09 08:00,221.517
1,02.09 09:00,163.065
1,02.09 10:00,146.773
1,02.09 11:00,157.093
1,02.09 12:00,150.013
1,02.09 13:00,146.141
1,02.09 14:00,140.608
1,02.09 15:00,139.414
1,02.09 16:00,134.119
1,02.09 17:00,112.838
1,02.09 18:00,116.109
1,02.09 19:00,130.264
1,02.09 20:00,89.132
1,02.09 21:00,66.051
1,02.09 22:00,61.359
1,02.09 23:00,61.836
1,03.09 00:00,61.956
1,03.09 01:00,64.701
1,03.09 02:00,64.775
1,03.09 03:00,64.077
1,03.09 04:00,64.858
1,03.09 05:00,64.465
1,03.09 06:00,76.735
1,03.09 07:00,257.536
1,03.09 08:00,223.303
1,03.09 09:00,167.979
1,03.09 10:00,145.716
1,03.09 11:00,129.604
1,03.09 12:00,147.936
1,03.09 13:00,141.681
1,03.09 14:00,118.493
1,03.09 15:00,116.539
1,03.09 16:00,129.119
1,03.09 17:00,133.829
1,03.09 18:00,112.516
1,03.09 19:00,110.673
1,03.09 20:00,75.913
1,03.09 21:00,62.908
1,03.09 22:00,62.733
1,03.09 23:00,62.923
1,04.09 00:00,64.731
1,04.09 01:00,63.499
1,04.09 02:00,63.9
1,04.09 03:00,63.226
1,04.09 04:00,64.874
1,04.09 05:00,63.163
1,04.09 06:00,64.294
1,04.09 07:00,63.563
1,04.09 08:00,62.151
1,04.09 09:00,63.988
1,04.09 10:00,62.582
1,04.09 11:00,61.876
1,04.09 12:00,61.987
1,04.09 13:00,60.705
1,04.09 14:00,64.958
1,04.09 15:00,67.05
1,04.09 16:00,62.665
1,04.09 17:00,64.084
1,04.09 18:00,65.318
1,04.09 19:00,67.169
1,04.09 20:00,66.978
1,04.09 21:00,70.423
1,04.09 22:00,69.094
1,04.09 23:00,72.922
1,05.09 00:00,72.256
1,05.09 01:00,74.136
1,05.09 02:00,68.29
1,05.09 03:00,75.715
1,05.09 04:00,76.42
1,05.09 05:00,78.126
1,05.09 06:00,100.257
1,05.09 07:00,276.177
1,05.09 08:00,259.555
1,05.09 09:00,204.197
1,05.09 10:00,170.239
1,05.09 11:00,150.186
1,05.09 12:00,141.771
1,05.09 13:00,156.72
1,05.09 14:00,154.177
1,05.09 15:00,151.512
1,05.09 16:00,148.417
1,05.09 17:00,150.316
1,05.09 18:00,152.67
1,05.09 19:00,142.443
1,05.09 20:00,89.853
1,05.09 21:00,66.493
1,05.09 22:00,63.129
1,05.09 23:00,62.879
1,06.09 00:00,64.29
1,06.09 01:00,64.074
1,06.09 02:00,64.068
1,06.09 03:00,68.628
1,06.09 04:00,73.586
1,06.09 05:00,72.202
1,06.09 06:00,93.997
1,06.09 07:00,272.062
1,06.09 08:00,249.971
1,06.09 09:00,191.065
1,06.09 10:00,155.995
1,06.09 11:00,147.608
1,06.09 12:00,147.534
1,06.09 13:00,150.988
1,06.09 14:00,135.951
1,06.09 15:00,127.405
1,06.09 16:00,115.094
1,06.09 17:00,113.489
1,06.09 18:00,121.512
1,06.09 19:00,119.475
1,06.09 20:00,84.729
1,06.09 21:00,66.801
1,06.09 22:00,62.401
1,06.09 23:00,63.73
1,07.09 00:00,63.097
1,07.09 01:00,64.309
1,07.09 02:00,65.129
1,07.09 03:00,68.958
1,07.09 04:00,71.742
1,07.09 05:00,72.664
1,07.09 06:00,90.246
1,07.09 07:00,275.654
1,07.09 08:00,256.632
1,07.09 09:00,191.764
1,07.09 10:00,156.688
1,07.09 11:00,153.938
1,07.09 12:00,143.708
1,07.09 13:00,145.766
1,07.09 14:00,139.104
1,07.09 15:00,137.321
1,07.09 16:00,131.13
1,07.09 17:00,124.483
1,07.09 18:00,121.692
1,07.09 19:00,120.833
1,07.09 20:00,85.949
1,07.09 21:00,69.086
1,07.09 22:00,64.897
1,07.09 23:00,64.792
1,08.09 00:00,64.543
1,08.09 01:00,65.463
1,08.09 02:00,67.469
1,08.09 03:00,69.672
1,08.09 04:00,72.892
1,08.09 05:00,72.084
1,08.09 06:00,89.758
1,08.09 07:00,270.602
1,08.09 08:00,241.252
1,08.09 09:00,183.482
1,08.09 10:00,154.619
1,08.09 11:00,149.554
1,08.09 12:00,151.011
1,08.09 13:00,142.942
1,08.09 14:00,139.191
1,08.09 15:00,132.969
1,08.09 16:00,126.567
1,08.09 17:00,114.008
1,08.09 18:00,115.076
1,08.09 19:00,120.68
1,08.09 20:00,90.597
1,08.09 21:00,67.65
1,08.09 22:00,67.46
1,08.09 23:00,65.081
1,09.09 00:00,65.483
1,09.09 01:00,65.5
1,09.09 02:00,66.679
1,09.09 03:00,70.909
1,09.09 04:00,72.529
1,09.09 05:00,72.318
1,09.09 06:00,80.152
1,09.09 07:00,267.777
1,09.09 08:00,235.298
1,09.09 09:00,169.001
1,09.09 10:00,151.335
1,09.09 11:00,151.923
1,09.09 12:00,144.7
1,09.09 13:00,153.241
1,09.09 14:00,137.738
1,09.09 15:00,133.817
1,09.09 16:00,126.997
1,09.09 17:00,110.365
1,09.09 18:00,116.929
1,09.09 19:00,119.538
1,09.09 20:00,83.535
1,09.09 21:00,66.406
1,09.09 22:00,65.527
1,09.09 23:00,63.216
1,10.09 00:00,64.155
1,10.09 01:00,66.06
1,10.09 02:00,65.946
1,10.09 03:00,66.42
1,10.09 04:00,65.913
1,10.09 05:00,67.09
1,10.09 06:00,69.786
1,10.09 07:00,248.917
1,10.09 08:00,212.542
1,10.09 09:00,160.153
1,10.09 10:00,141.846
1,10.09 11:00,143.996
1,10.09 12:00,139.718
1,10.09 13:00,123.933
1,10.09 14:00,123.639
1,10.09 15:00,119.207
1,10.09 16:00,121.596
1,10.09 17:00,125.785
1,10.09 18:00,110.717
1,10.09 19:00,131.696
1,10.09 20:00,84.922
1,10.09 21:00,65.731
1,10.09 22:00,67.431
1,10.09 23:00,66.693
1,11.09 00:00,64.282
1,11.09 01:00,63.515
1,11.09 02:00,64.283
1,11.09 03:00,62.558
1,11.09 04:00,64.602
1,11.09 05:00,64.727
1,11.09 06:00,64.685
1,11.09 07:00,66.123
1,11.09 08:00,67.245
1,11.09 09:00,66.326
1,11.09 10:00,66.878
1,11.09 11:00,65.117
1,11.09 12:00,68.534
1,11.09 13:00,66.869
1,11.09 14:00,71.393
1,11.09 15:00,67.602
1,11.09 16:00,70.465
1,11.09 17:00,67.523
1,11.09 18:00,70.935
1,11.09 19:00,68.185
1,11.09 20:00,69.592
1,11.09 21:00,68.091
1,11.09 22:00,72.425
1,11.09 23:00,69.941
1,12.09 00:00,73.646
1,12.09 01:00,70.349
1,12.09 02:00,70.262
1,12.09 03:00,73.727
1,12.09 04:00,86.593
1,12.09 05:00,75.119
1,12.09 06:00,125.937
1,12.09 07:00,288.26
1,12.09 08:00,263.376
1,12.09 09:00,210.773
1,12.09 10:00,177.852
1,12.09 11:00,160.32
1,12.09 12:00,155.347
1,12.09 13:00,151.917
1,12.09 14:00,144.237
1,12.09 15:00,144.327
1,12.09 16:00,141.848
1,12.09 17:00,120.467
1,12.09 18:00,128.861
1,12.09 19:00,125.039
1,12.09 20:00,85.573
1,12.09 21:00,65.826
1,12.09 22:00,64.264
1,12.09 23:00,63.627
1,13.09 00:00,62.234
1,13.09 01:00,65.441
1,13.09 02:00,64.254
1,13.09 03:00,67.024
1,13.09 04:00,68.194
1,13.09 05:00,72.11
1,13.09 06:00,83.684
1,13.09 07:00,269.259
1,13.09 08:00,240.591
1,13.09 09:00,180.559
1,13.09 10:00,153.447
1,13.09 11:00,149.27
1,13.09 12:00,145.432
1,13.09 13:00,151.382
1,13.09 14:00,147.632
1,13.09 15:00,141.224
1,13.09 16:00,133.29
1,13.09 17:00,129.544
1,13.09 18:00,126.382
1,13.09 19:00,137.35
1,13.09 20:00,87.22
1,13.09 21:00,65.049
1,13.09 22:00,64.872
1,13.09 23:00,64.298
1,14.09 00:00,63.31
1,14.09 01:00,64.295
1,14.09 02:00,64.748
1,14.09 03:00,67.57
1,14.09 04:00,67.788
1,14.09 05:00,69.225
1,14.09 06:00,80.098
1,14.09 07:00,286.027
1,14.09 08:00,261.649
1,14.09 09:00,176.122
1,14.09 10:00,157.752
1,14.09 11:00,146.387
1,14.09 12:00,144.245
1,14.09 13:00,144.269
1,14.09 14:00,139.851
1,14.09 15:00,136.202
1,14.09 16:00,125.195
1,14.09 17:00,120.607
1,14.09 18:00,122.346
1,14.09 19:00,125.535
1,14.09 20:00,90.584
1,14.09 21:00,64.429
1,14.09 22:00,64.254
1,14.09 23:00,64.817
1,15.09 00:00,65.9
1,15.09 01:00,66.853
1,15.09 02:00,65.691
1,15.09 03:00,68.418
1,15.09 04:00,69.587
1,15.09 05:00,73.983
1,15.09 06:00,81.73
1,15.09 07:00,269.991
1,15.09 08:00,241.421
1,15.09 09:00,185.672
1,15.09 10:00,158.864
1,15.09 11:00,152.898
1,15.09 12:00,150.686
1,15.09 13:00,145.265
1,15.09 14:00,142.847
1,15.09 15:00,138.951
1,15.09 16:00,126.875
1,15.09 17:00,121.023
1,15.09 18:00,116.731
1,15.09 19:00,121.571
1,15.09 20:00,87.037
1,15.09 21:00,65.721
1,15.09 22:00,61.917
1,15.09 23:00,62.12
1,16.09 00:00,62.597
1,16.09 01:00,62.482
1,16.09 02:00,63.103
1,16.09 03:00,65.605
1,16.09 04:00,67.313
1,16.09 05:00,72.327
1,16.09 06:00,86.995
1,16.09 07:00,268.551
1,16.09 08:00,246.813
1,16.09 09:00,182.579
1,16.09 10:00,140.201
1,16.09 11:00,145.379
1,16.09 12:00,145.037
1,16.09 13:00,151.715
1,16.09 14:00,135.727
1,16.09 15:00,128.569
1,16.09 16:00,134.711
1,16.09 17:00,121.592
1,16.09 18:00,119.262
1,16.09 19:00,118.451
1,16.09 20:00,82.266
1,16.09 21:00,65.126
1,16.09 22:00,61.833
1,16.09 23:00,62.838
1,17.09 00:00,62.454
1,17.09 01:00,65.927
1,17.09 02:00,66.379
1,17.09 03:00,65.246
1,17.09 04:00,66.762
1,17.09 05:00,120.499
1,17.09 06:00,115.829
1,17.09 07:00,215.599
1,17.09 08:00,198.19
1,17.09 09:00,153.826
1,17.09 10:00,148.939
1,17.09 11:00,141.279
1,17.09 12:00,125.737
1,17.09 13:00,147.643
1,17.09 14:00,131.096
1,17.09 15:00,121.735
1,17.09 16:00,126.282
1,17.09 17:00,133.501
1,17.09 18:00,132.535
1,17.09 19:00,134.43
1,17.09 20:00,84.214
1,17.09 21:00,64.56
1,17.09 22:00,64.73
1,17.09 23:00,61.946
1,18.09 00:00,64.036
1,18.09 01:00,64.495
1,18.09 02:00,62.584
1,18.09 03:00,63.18
1,18.09 04:00,64.026
1,18.09 05:00,63.253
1,18.09 06:00,64.113
1,18.09 07:00,64.352
1,18.09 08:00,67.538
1,18.09 09:00,64.79
1,18.09 10:00,63.682
1,18.09 11:00,65.989
1,18.09 12:00,64.853
1,18.09 13:00,73.974
1,18.09 14:00,70.5
1,18.09 15:00,66.894
1,18.09 16:00,63.536
1,18.09 17:00,74.388
1,18.09 18:00,65.33
1,18.09 19:00,67.032
1,18.09 20:00,65.74
1,18.09 21:00,71.972
1,18.09 22:00,69.952
1,18.09 23:00,70.286
1,19.09 00:00,69.991
1,19.09 01:00,70.671
1,19.09 02:00,67.086
1,19.09 03:00,77.481
1,19.09 04:00,79.998
1,19.09 05:00,132.089
1,19.09 06:00,164.728
1,19.09 07:00,263.202
1,19.09 08:00,256.945
1,19.09 09:00,209.37
1,19.09 10:00,166.694
1,19.09 11:00,158.932
1,19.09 12:00,153.345
1,19.09 13:00,152.492
1,19.09 14:00,146.666
1,19.09 15:00,144.776
1,19.09 16:00,138.449
1,19.09 17:00,136.735
1,19.09 18:00,131.102
1,19.09 19:00,131.887
1,19.09 20:00,92.379
1,19.09 21:00,64.021
1,19.09 22:00,62.792
1,19.09 23:00,63.231
1,20.09 00:00,64.074
1,20.09 01:00,63.761
1,20.09 02:00,64.116
1,20.09 03:00,67.265
1,20.09 04:00,66.324
1,20.09 05:00,126.8
1,20.09 06:00,133.982
1,20.09 07:00,247.44
1,20.09 08:00,221.594
1,20.09 09:00,185.875
1,20.09 10:00,159.406
1,20.09 11:00,146.451
1,20.09 12:00,141.821
1,20.09 13:00,143.824
1,20.09 14:00,141.273
1,20.09 15:00,143.154
1,20.09 16:00,129.025
1,20.09 17:00,116.165
1,20.09 18:00,126.849
1,20.09 19:00,138.5
1,20.09 20:00,89.5
1,20.09 21:00,65.497
1,20.09 22:00,61.983
1,20.09 23:00,62.245
1,21.09 00:00,62.496
1,21.09 01:00,64.438
1,21.09 02:00,63.549
1,21.09 03:00,67.077
1,21.09 04:00,68.355
1,21.09 05:00,125.885
1,21.09 06:00,124.132
1,21.09 07:00,231.384
1,21.09 08:00,233.312
1,21.09 09:00,172.058
1,21.09 10:00,142.206
1,21.09 11:00,136.836
1,21.09 12:00,139.571
1,21.09 13:00,151.0
1,21.09 14:00,132.421
1,21.09 15:00,137.736
1,21.09 16:00,131.249
1,21.09 17:00,111.978
1,21.09 18:00,114.4
1,21.09 19:00,119.303
1,21.09 20:00,89.715
1,21.09 21:00,66.602
1,21.09 22:00,63.555
1,21.09 23:00,63.511
1,22.09 00:00,63.215
1,22.09 01:00,64.598
1,22.09 02:00,64.343
1,22.09 03:00,68.261
1,22.09 04:00,68.136
1,22.09 05:00,126.592
1,22.09 06:00,122.606
1,22.09 07:00,223.495
1,22.09 08:00,222.353
1,22.09 09:00,177.444
1,22.09 10:00,146.754
1,22.09 11:00,145.762
1,22.09 12:00,136.689
1,22.09 13:00,137.164
1,22.09 14:00,143.441
1,22.09 15:00,134.681
1,22.09 16:00,129.555
1,22.09 17:00,117.915
1,22.09 18:00,116.455
1,22.09 19:00,123.737
1,22.09 20:00,90.108
1,22.09 21:00,64.456
1,22.09 22:00,64.373
1,22.09 23:00,61.207
1,23.09 00:00,62.99
1,23.09 01:00,62.843
1,23.09 02:00,63.812
1,23.09 03:00,66.838
1,23.09 04:00,67.618
1,23.09 05:00,124.448
1,23.09 06:00,165.504
1,23.09 07:00,224.092
1,23.09 08:00,195.976
1,23.09 09:00,157.559
1,23.09 10:00,141.401
1,23.09 11:00,141.074
1,23.09 12:00,142.237
1,23.09 13:00,147.15
1,23.09 14:00,129.361
1,23.09 15:00,131.716
1,23.09 16:00,123.461
1,23.09 17:00,116.196
1,23.09 18:00,119.85
1,23.09 19:00,123.788
1,23.09 20:00,100.715
1,23.09 21:00,88.423
1,23.09 22:00,87.142
1,23.09 23:00,76.162
1,24.09 00:00,62.805
1,24.09 01:00,62.113
1,24.09 02:00,63.148
1,24.09 03:00,63.231
1,24.09 04:00,61.733
1,24.09 05:00,114.308
1,24.09 06:00,114.954
1,24.09 07:00,212.837
1,24.09 08:00,186.349
1,24.09 09:00,134.324
1,24.09 10:00,138.884
1,24.09 11:00,139.786
1,24.09 12:00,148.26
1,24.09 13:00,134.131
1,24.09 14:00,121.144
1,24.09 15:00,132.963
1,24.09 16:00,127.698
1,24.09 17:00,126.632
1,24.09 18:00,126.933
1,24.09 19:00,120.186
1,24.09 20:00,84.302
1,24.09 21:00,63.582
1,24.09 22:00,63.111
1,24.09 23:00,64.303
1,25.09 00:00,64.211
1,25.09 01:00,64.779
1,25.09 02:00,64.445
1,25.09 03:00,63.718
1,25.09 04:00,66.903
1,25.09 05:00,64.113
1,25.09 06:00,65.725
1,25.09 07:00,65.821
1,25.09 08:00,64.262
1,25.09 09:00,63.9
1,25.09 10:00,70.558
1,25.09 11:00,63.402
1,25.09 12:00,64.765
1,25.09 13:00,67.005
1,25.09 14:00,65.788
1,25.09 15:00,67.823
1,25.09 16:00,69.779
1,25.09 17:00,67.491
1,25.09 18:00,65.297
1,25.09 19:00,71.542
1,25.09 20:00,70.415
1,25.09 21:00,66.957
1,25.09 22:00,70.273
1,25.09 23:00,73.742
1,26.09 00:00,74.183
1,26.09 01:00,73.323
1,26.09 02:00,71.009
1,26.09 03:00,80.201
1,26.09 04:00,76.714
1,26.09 05:00,131.533
1,26.09 06:00,151.762
1,26.09 07:00,266.149
1,26.09 08:00,257.493
1,26.09 09:00,202.877
1,26.09 10:00,176.459
1,26.09 11:00,156.82
1,26.09 12:00,153.028
1,26.09 13:00,157.137
1,26.09 14:00,153.363
1,26.09 15:00,154.762
1,26.09 16:00,137.459
1,26.09 17:00,141.539
1,26.09 18:00,145.274
1,26.09 19:00,144.159
1,26.09 20:00,93.178
1,26.09 21:00,64.104
1,26.09 22:00,61.725
1,26.09 23:00,62.582
1,27.09 00:00,63.241
1,27.09 01:00,64.465
1,27.09 02:00,64.892
1,27.09 03:00,67.853
1,27.09 04:00,68.006
1,27.09 05:00,128.679
1,27.09 06:00,133.944
1,27.09 07:00,240.558
1,27.09 08:00,243.738
1,27.09 09:00,189.037
1,27.09 10:00,154.078
1,27.09 11:00,153.253
1,27.09 12:00,145.598
1,27.09 13:00,148.943
1,27.09 14:00,146.998
1,27.09 15:00,139.948
1,27.09 16:00,129.769
1,27.09 17:00,124.9
1,27.09 18:00,135.59
1,27.09 19:00,125.017
1,27.09 20:00,92.696
1,27.09 21:00,64.09
1,27.09 22:00,62.658
1,27.09 23:00,62.613
1,28.09 00:00,62.653
1,28.09 01:00,63.801
1,28.09 02:00,64.445
1,28.09 03:00,66.832
1,28.09 04:00,68.101
1,28.09 05:00,128.038
1,28.09 06:00,131.424
1,28.09 07:00,232.293
1,28.09 08:00,224.473
1,28.09 09:00,175.621
1,28.09 10:00,150.375
1,28.09 11:00,145.138
1,28.09 12:00,138.031
1,28.09 13:00,141.101
1,28.09 14:00,146.115
1,28.09 15:00,138.944
1,28.09 16:00,133.102
1,28.09 17:00,119.178
1,28.09 18:00,128.657
1,28.09 19:00,127.579
1,28.09 20:00,89.835
1,28.09 21:00,65.754
1,28.09 22:00,61.123
1,28.09 23:00,63.437
1,29.09 00:00,61.789
1,29.09 01:00,63.712
1,29.09 02:00,63.762
1,29.09 03:00,67.156
1,29.09 04:00,68.58
1,29.09 05:00,126.008
1,29.09 06:00,130.787
1,29.09 07:00,234.596
1,29.09 08:00,221.674
1,29.09 09:00,175.682
1,29.09 10:00,156.45
1,29.09 11:00,144.162
1,29.09 12:00,145.955
1,29.09 13:00,150.884
1,29.09 14:00,144.029
1,29.09 15:00,140.437
1,29.09 16:00,130.804
1,29.09 17:00,118.667
1,29.09 18:00,119.565
1,29.09 19:00,132.568
1,29.09 20:00,86.35
1,29.09 21:00,63.735
1,29.09 22:00,60.874
1,29.09 23:00,61.939
1,30.09 00:00,61.306
1,30.09 01:00,64.249
1,30.09 02:00,63.222
1,30.09 03:00,67.155
1,30.09 04:00,68.849
1,30.09 05:00,125.894
1,30.09 06:00,130.012
1,30.09 07:00,228.416
1,30.09 08:00,229.777
1,30.09 09:00,183.737
1,30.09 10:00,157.336
1,30.09 11:00,145.443
1,30.09 12:00,145.927
1,30.09 13:00,165.49
1,30.09 14:00,135.006
1,30.09 15:00,138.259
1,30.09 16:00,131.766
1,30.09 17:00,129.998
1,30.09 18:00,135.739
1,30.09 19:00,133.165
1,30.09 20:00,90.276
1,30.09 21:00,67.952
1,30.09 22:00,67.616
1,30.09 23:00,68.537
