101,01.03 00:00,45.055
101,01.03 01:00,49.901
101,01.03 02:00,44.203
101,01.03 03:00,39.992
101,01.03 04:00,40.807
101,01.03 05:00,36.056
101,01.03 06:00,36.066
101,01.03 07:00,38.746
101,01.03 08:00,34.991
101,01.03 09:00,35.896
101,01.03 10:00,35.884
101,01.03 11:00,36.045
101,01.03 12:00,36.076
101,01.03 13:00,36.011
101,01.03 14:00,38.161
101,01.03 15:00,37.082
101,01.03 16:00,41.138
101,01.03 17:00,39.939
101,01.03 18:00,40.015
101,01.03 19:00,40.948
101,01.03 20:00,46.809
101,01.03 21:00,44.028
101,01.03 22:00,45.104
101,01.03 23:00,46.894
101,02.03 00:00,47.082
101,02.03 01:00,41.993
101,02.03 02:00,40.995
101,02.03 03:00,39.976
101,02.03 04:00,37.177
101,02.03 05:00,38.965
101,02.03 06:00,36.063
101,02.03 07:00,34.865
101,02.03 08:00,30.079
101,02.03 09:00,34.979
101,02.03 10:00,35.982
101,02.03 11:00,37.06
101,02.03 12:00,38.09
101,02.03 13:00,38.171
101,02.03 14:00,41.802
101,02.03 15:00,43.91
101,02.03 16:00,41.196
101,02.03 17:00,45.018
101,02.03 18:00,36.159
101,02.03 19:00,38.065
101,02.03 20:00,42.895
101,02.03 21:00,45.223
101,02.03 22:00,48.074
101,02.03 23:00,43.809
101,03.03 00:00,47.974
101,03.03 01:00,43.932
101,03.03 02:00,38.976
101,03.03 03:00,36.052
101,03.03 04:00,35.868
101,03.03 05:00,37.139
101,03.03 06:00,35.996
101,03.03 07:00,33.903
101,03.03 08:00,30.926
101,03.03 09:00,36.829
101,03.03 10:00,33.903
101,03.03 11:00,38.144
101,03.03 12:00,37.022
101,03.03 13:00,36.875
101,03.03 14:00,40.982
101,03.03 15:00,37.095
101,03.03 16:00,41.192
101,03.03 17:00,36.878
101,03.03 18:00,39.008
101,03.03 19:00,42.118
101,03.03 20:00,48.183
101,03.03 21:00,43.874
101,03.03 22:00,43.211
101,03.03 23:00,45.914
101,04.03 00:00,42.905
101,04.03 01:00,41.203
101,04.03 02:00,38.918
101,04.03 03:00,39.179
101,04.03 04:00,35.917
101,04.03 05:00,36.142
101,04.03 06:00,34.825
101,04.03 07:00,35.887
101,04.03 08:00,29.111
101,04.03 09:00,34.075
101,04.03 10:00,34.929
101,04.03 11:00,37.928
101,04.03 12:00,37.883
101,04.03 13:00,39.14
101,04.03 14:00,40.003
101,04.03 15:00,45.143
101,04.03 16:00,45.003
101,04.03 17:00,38.96
101,04.03 18:00,34.929
101,04.03 19:00,37.258
101,04.03 20:00,44.213
101,04.03 21:00,47.16
101,04.03 22:00,45.988
101,04.03 23:00,45.867
101,05.03 00:00,45.183
101,05.03 01:00,41.897
101,05.03 02:00,40.073
101,05.03 03:00,37.945
101,05.03 04:00,35.716
101,05.03 05:00,36.11
101,05.03 06:00,33.908
101,05.03 07:00,34.081
101,05.03 08:00,31.153
101,05.03 09:00,34.016
101,05.03 10:00,32.047
101,05.03 11:00,33.873
101,05.03 12:00,36.063
101,05.03 13:00,45.827
101,05.03 14:00,36.169
101,05.03 15:00,40.083
101,05.03 16:00,36.04
101,05.03 17:00,37.018
101,05.03 18:00,39.186
101,05.03 19:00,41.885
101,05.03 20:00,49.177
101,05.03 21:00,44.939
101,05.03 22:00,46.983
101,05.03 23:00,50.023
101,06.03 00:00,42.164
101,06.03 01:00,40.847
101,06.03 02:00,44.01
101,06.03 03:00,42.887
101,06.03 04:00,38.011
101,06.03 05:00,38.096
101,06.03 06:00,35.847
101,06.03 07:00,36.154
101,06.03 08:00,31.141
101,06.03 09:00,31.884
101,06.03 10:00,32.865
101,06.03 11:00,40.97
101,06.03 12:00,38.82
101,06.03 13:00,34.924
101,06.03 14:00,39.19
101,06.03 15:00,42.138
101,06.03 16:00,40.929
101,06.03 17:00,44.072
101,06.03 18:00,42.179
101,06.03 19:00,46.944
101,06.03 20:00,46.107
101,06.03 21:00,47.832
101,06.03 22:00,44.145
101,06.03 23:00,48.159
101,07.03 00:00,44.117
101,07.03 01:00,43.0
101,07.03 02:00,38.924
101,07.03 03:00,38.161
101,07.03 04:00,37.108
101,07.03 05:00,35.984
101,07.03 06:00,36.915
101,07.03 07:00,36.093
101,07.03 08:00,33.07
101,07.03 09:00,32.9
101,07.03 10:00,36.955
101,07.03 11:00,42.033
101,07.03 12:00,43.994
101,07.03 13:00,38.968
101,07.03 14:00,43.176
101,07.03 15:00,42.186
101,07.03 16:00,39.075
101,07.03 17:00,39.884
101,07.03 18:00,35.847
101,07.03 19:00,44.925
101,07.03 20:00,43.856
101,07.03 21:00,43.207
101,07.03 22:00,44.076
101,07.03 23:00,43.174
101,08.03 00:00,43.901
101,08.03 01:00,44.829
101,08.03 02:00,41.814
101,08.03 03:00,38.066
101,08.03 04:00,40.806
101,08.03 05:00,39.083
101,08.03 06:00,35.076
101,08.03 07:00,35.963
101,08.03 08:00,32.895
101,08.03 09:00,35.961
101,08.03 10:00,38.901
101,08.03 11:00,42.11
101,08.03 12:00,40.873
101,08.03 13:00,41.949
101,08.03 14:00,41.048
101,08.03 15:00,42.074
101,08.03 16:00,41.945
101,08.03 17:00,39.022
101,08.03 18:00,36.914
101,08.03 19:00,37.004
101,08.03 20:00,43.137
101,08.03 21:00,42.961
101,08.03 22:00,45.999
101,08.03 23:00,46.019
101,09.03 00:00,48.121
101,09.03 01:00,43.846
101,09.03 02:00,40.178
101,09.03 03:00,39.765
101,09.03 04:00,35.919
101,09.03 05:00,36.846
101,09.03 06:00,35.971
101,09.03 07:00,37.175
101,09.03 08:00,32.076
101,09.03 09:00,36.155
101,09.03 10:00,38.128
101,09.03 11:00,42.131
101,09.03 12:00,42.101
101,09.03 13:00,40.919
101,09.03 14:00,44.818
101,09.03 15:00,42.162
101,09.03 16:00,41.121
101,09.03 17:00,40.889
101,09.03 18:00,37.075
101,09.03 19:00,39.17
101,09.03 20:00,43.886
101,09.03 21:00,51.86
101,09.03 22:00,52.169
101,09.03 23:00,52.962
101,10.03 00:00,51.747
101,10.03 01:00,50.196
101,10.03 02:00,45.783
101,10.03 03:00,38.924
101,10.03 04:00,35.863
101,10.03 05:00,35.876
101,10.03 06:00,38.657
101,10.03 07:00,38.04
101,10.03 08:00,35.086
101,10.03 09:00,36.955
101,10.03 10:00,41.175
101,10.03 11:00,45.172
101,10.03 12:00,43.1
101,10.03 13:00,45.188
101,10.03 14:00,42.856
101,10.03 15:00,43.789
101,10.03 16:00,40.889
101,10.03 17:00,40.945
101,10.03 18:00,42.891
101,10.03 19:00,45.002
101,10.03 20:00,43.907
101,10.03 21:00,50.132
101,10.03 22:00,49.007
101,10.03 23:00,49.167
101,11.03 00:00,49.752
101,11.03 01:00,53.854
101,11.03 02:00,52.042
101,11.03 03:00,46.174
101,11.03 04:00,41.14
101,11.03 05:00,38.1
101,11.03 06:00,37.842
101,11.03 07:00,38.974
101,11.03 08:00,32.005
101,11.03 09:00,37.158
101,11.03 10:00,43.061
101,11.03 11:00,45.085
101,11.03 12:00,47.771
101,11.03 13:00,44.833
101,11.03 14:00,42.604
101,11.03 15:00,44.064
101,11.03 16:00,40.906
101,11.03 17:00,45.082
101,11.03 18:00,37.972
101,11.03 19:00,41.804
101,11.03 20:00,42.919
101,11.03 21:00,41.051
101,11.03 22:00,41.914
101,11.03 23:00,40.888
101,12.03 00:00,40.103
101,12.03 01:00,38.907
101,12.03 02:00,41.052
101,12.03 03:00,40.964
101,12.03 04:00,40.803
101,12.03 05:00,39.038
101,12.03 06:00,36.941
101,12.03 07:00,37.888
101,12.03 08:00,28.921
101,12.03 09:00,33.072
101,12.03 10:00,34.953
101,12.03 11:00,33.838
101,12.03 12:00,31.145
101,12.03 13:00,29.908
101,12.03 14:00,27.922
101,12.03 15:00,28.946
101,12.03 16:00,30.995
101,12.03 17:00,32.988
101,12.03 18:00,28.117
101,12.03 19:00,30.066
101,12.03 20:00,35.828
101,12.03 21:00,35.069
101,12.03 22:00,37.016
101,12.03 23:00,36.945
101,13.03 00:00,35.162
101,13.03 01:00,34.959
101,13.03 02:00,36.078
101,13.03 04:00,33.839
101,13.03 05:00,37.126
101,13.03 06:00,33.869
101,13.03 07:00,36.963
101,13.03 08:00,32.906
101,13.03 09:00,31.014
101,13.03 10:00,29.903
101,13.03 11:00,31.038
101,13.03 12:00,35.993
101,13.03 13:00,28.975
101,13.03 14:00,32.126
101,13.03 15:00,27.045
101,13.03 16:00,27.957
101,13.03 17:00,31.842
101,13.03 18:00,32.079
101,13.03 19:00,28.992
101,13.03 20:00,31.02
101,13.03 21:00,36.845
101,13.03 22:00,37.862
101,13.03 23:00,36.818
101,14.03 00:00,35.865
101,14.03 01:00,36.104
101,14.03 02:00,35.915
101,14.03 03:00,35.953
101,14.03 04:00,34.963
101,14.03 05:00,35.077
101,14.03 06:00,34.986
101,14.03 07:00,33.884
101,14.03 08:00,32.867
101,14.03 09:00,31.068
101,14.03 10:00,36.976
101,14.03 11:00,32.955
101,14.03 12:00,31.94
101,14.03 13:00,31.105
101,14.03 14:00,31.107
101,14.03 15:00,30.863
101,14.03 16:00,31.953
101,14.03 17:00,28.866
101,14.03 18:00,26.115
101,14.03 19:00,28.982
101,14.03 20:00,27.844
101,14.03 21:00,36.032
101,14.03 22:00,34.912
101,14.03 23:00,34.924
101,15.03 00:00,35.157
101,15.03 01:00,33.839
101,15.03 02:00,36.023
101,15.03 03:00,34.853
101,15.03 04:00,35.969
101,15.03 05:00,35.499
101,15.03 06:00,35.836
101,15.03 07:00,33.85
101,15.03 08:00,34.079
101,15.03 09:00,30.924
101,15.03 10:00,30.068
101,15.03 11:00,33.845
101,15.03 12:00,30.916
101,15.03 13:00,31.866
101,15.03 14:00,33.984
101,15.03 15:00,35.909
101,15.03 16:00,34.852
101,15.03 17:00,31.145
101,15.03 18:00,26.07
101,15.03 19:00,28.86
101,15.03 20:00,29.851
101,15.03 21:00,36.133
101,15.03 22:00,35.001
101,15.03 23:00,34.883
101,16.03 00:00,34.091
101,16.03 01:00,33.851
101,16.03 02:00,38.136
101,16.03 03:00,36.027
101,16.03 04:00,34.897
101,16.03 05:00,36.004
101,16.03 06:00,34.89
101,16.03 07:00,34.918
101,16.03 08:00,34.131
101,16.03 09:00,32.107
101,16.03 10:00,31.137
101,16.03 11:00,31.152
101,16.03 12:00,33.993
101,16.03 13:00,34.052
101,16.03 14:00,34.155
101,16.03 15:00,35.083
101,16.03 16:00,33.993
101,16.03 17:00,30.886
101,16.03 18:00,30.062
101,16.03 19:00,30.149
101,16.03 20:00,30.979
101,16.03 21:00,38.005
101,16.03 22:00,36.155
101,16.03 23:00,39.978
101,17.03 00:00,36.057
101,17.03 01:00,37.003
101,17.03 02:00,35.885
101,17.03 03:00,37.071
101,17.03 04:00,33.008
101,17.03 05:00,32.892
101,17.03 06:00,32.838
101,17.03 07:00,34.089
101,17.03 08:00,32.992
101,17.03 09:00,31.975
101,17.03 10:00,31.967
101,17.03 11:00,31.88
101,17.03 12:00,33.12
101,17.03 13:00,32.126
101,17.03 14:00,31.999
101,17.03 15:00,32.114
101,17.03 16:00,34.048
101,17.03 17:00,32.953
101,17.03 18:00,31.003
101,17.03 19:00,28.899
101,17.03 20:00,29.106
101,17.03 21:00,35.967
101,17.03 22:00,37.067
101,17.03 23:00,37.894
101,18.03 00:00,37.045
101,18.03 01:00,36.038
101,18.03 02:00,34.076
101,18.03 03:00,35.84
101,18.03 04:00,34.846
101,18.03 05:00,35.894
101,18.03 06:00,36.038
101,18.03 07:00,36.981
101,18.03 08:00,34.947
101,18.03 09:00,31.869
101,18.03 10:00,31.134
101,18.03 11:00,30.883
101,18.03 12:00,31.031
101,18.03 13:00,30.002
101,18.03 14:00,29.143
101,18.03 15:00,28.978
101,18.03 16:00,31.155
101,18.03 17:00,32.027
101,18.03 18:00,29.91
101,18.03 19:00,31.857
101,18.03 20:00,35.951
101,18.03 21:00,34.864
101,18.03 22:00,35.08
101,18.03 23:00,34.828
101,19.03 00:00,36.834
101,19.03 01:00,37.107
101,19.03 02:00,36.855
101,19.03 03:00,37.101
101,19.03 04:00,38.006
101,19.03 05:00,36.829
101,19.03 06:00,34.169
101,19.03 07:00,35.019
101,19.03 08:00,37.159
101,19.03 09:00,29.982
101,19.03 10:00,31.003
101,19.03 11:00,32.158
101,19.03 12:00,31.048
101,19.03 13:00,33.029
101,19.03 14:00,31.012
101,19.03 15:00,29.992
101,19.03 16:00,28.905
101,19.03 17:00,30.991
101,19.03 18:00,35.11
101,19.03 19:00,35.007
101,19.03 20:00,32.077
101,19.03 21:00,40.119
101,19.03 22:00,39.111
101,19.03 23:00,40.817
101,20.03 00:00,41.809
101,20.03 01:00,40.007
101,20.03 02:00,38.812
101,20.03 03:00,42.149
101,20.03 04:00,40.076
101,20.03 05:00,38.074
101,20.03 06:00,39.19
101,20.03 07:00,38.069
101,20.03 08:00,33.881
101,20.03 09:00,31.042
101,20.03 10:00,31.881
101,20.03 11:00,38.094
101,20.03 12:00,33.864
101,20.03 13:00,37.084
101,20.03 14:00,38.105
101,20.03 15:00,34.027
101,20.03 16:00,41.836
101,20.03 17:00,43.81
101,20.03 18:00,45.033
101,20.03 19:00,39.857
101,20.03 20:00,38.154
101,20.03 21:00,45.855
101,20.03 22:00,48.755
101,20.03 23:00,47.005
101,21.03 00:00,46.012
101,21.03 01:00,42.208
101,21.03 02:00,42.172
101,21.03 03:00,36.965
101,21.03 04:00,39.874
101,21.03 05:00,36.996
101,21.03 06:00,36.912
101,21.03 07:00,37.128
101,21.03 08:00,35.916
101,21.03 09:00,36.021
101,21.03 10:00,37.937
101,21.03 11:00,39.948
101,21.03 12:00,39.916
101,21.03 13:00,35.9
101,21.03 14:00,36.86
101,21.03 15:00,38.114
101,21.03 16:00,36.931
101,21.03 17:00,38.983
101,21.03 18:00,36.892
101,21.03 19:00,36.15
101,21.03 20:00,37.915
101,21.03 21:00,44.895
101,21.03 22:00,48.969
101,21.03 23:00,47.074
101,22.03 00:00,45.195
101,22.03 01:00,42.911
101,22.03 02:00,44.059
101,22.03 03:00,40.084
101,22.03 04:00,38.929
101,22.03 05:00,35.995
101,22.03 06:00,35.844
101,22.03 07:00,37.143
101,22.03 08:00,34.081
101,22.03 09:00,37.094
101,22.03 10:00,36.944
101,22.03 11:00,40.51
101,22.03 12:00,38.149
101,22.03 13:00,37.969
101,22.03 14:00,40.09
101,22.03 15:00,43.12
101,22.03 16:00,40.086
101,22.03 17:00,36.911
101,22.03 18:00,35.17
101,22.03 19:00,35.965
101,22.03 20:00,34.906
101,22.03 21:00,45.972
101,22.03 22:00,46.003
101,22.03 23:00,47.151
101,23.03 00:00,44.048
101,23.03 01:00,42.851
101,23.03 02:00,40.186
101,23.03 03:00,37.932
101,23.03 04:00,36.859
101,23.03 05:00,36.008
101,23.03 06:00,33.925
101,23.03 07:00,36.05
101,23.03 08:00,36.837
101,23.03 09:00,35.922
101,23.03 10:00,36.137
101,23.03 11:00,37.072
101,23.03 12:00,39.19
101,23.03 13:00,39.027
101,23.03 14:00,41.002
101,23.03 15:00,39.88
101,23.03 16:00,41.077
101,23.03 17:00,40.131
101,23.03 18:00,34.067
101,23.03 19:00,34.907
101,23.03 20:00,38.826
101,23.03 21:00,46.178
101,23.03 22:00,45.104
101,23.03 23:00,44.036
101,24.03 00:00,45.776
101,24.03 01:00,41.992
101,24.03 02:00,41.9
101,24.03 03:00,43.007
101,24.03 04:00,39.182
101,24.03 05:00,36.897
101,24.03 06:00,36.131
101,24.03 07:00,36.957
101,24.03 08:00,41.002
101,24.03 09:00,42.89
101,24.03 10:00,42.906
101,24.03 11:00,39.935
101,24.03 12:00,44.16
101,24.03 13:00,44.04
101,24.03 14:00,42.053
101,24.03 15:00,40.1
101,24.03 16:00,41.001
101,24.03 17:00,41.02
101,24.03 18:00,35.91
101,24.03 19:00,35.168
101,24.03 20:00,35.054
101,24.03 21:00,45.996
101,24.03 22:00,45.778
101,24.03 23:00,49.917
101,25.03 00:00,46.911
101,25.03 01:00,44.115
101,25.03 02:00,41.947
101,25.03 03:00,42.904
101,25.03 04:00,42.867
101,25.03 05:00,37.899
101,25.03 06:00,37.831
101,25.03 07:00,35.985
101,25.03 08:00,35.061
101,25.03 09:00,31.891
101,25.03 10:00,35.994
101,25.03 11:00,40.158
101,25.03 12:00,41.081
101,25.03 13:00,36.928
101,25.03 14:00,38.954
101,25.03 15:00,44.455
101,25.03 16:00,35.075
101,25.03 17:00,36.991
101,25.03 18:00,33.243
101,25.03 19:00,34.958
101,25.03 20:00,38.039
101,25.03 21:00,41.931
101,25.03 22:00,43.986
101,25.03 23:00,42.884
101,26.03 00:00,46.899
101,26.03 01:00,40.997
101,26.03 02:00,41.936
101,26.03 03:00,38.938
101,26.03 04:00,39.087
101,26.03 05:00,38.126
101,26.03 06:00,36.897
101,26.03 07:00,36.946
101,26.03 08:00,36.867
101,26.03 09:00,32.028
101,26.03 10:00,31.15
101,26.03 11:00,34.902
101,26.03 12:00,33.896
101,26.03 13:00,37.081
101,26.03 14:00,36.899
101,26.03 15:00,35.87
101,26.03 16:00,41.908
101,26.03 17:00,34.968
101,26.03 18:00,37.921
101,26.03 19:00,35.933
101,26.03 20:00,39.009
101,26.03 21:00,45.847
101,26.03 22:00,44.015
101,26.03 23:00,44.593
101,27.03 00:00,45.813
101,27.03 01:00,44.182
101,27.03 02:00,39.876
101,27.03 03:00,37.01
101,27.03 04:00,36.079
101,27.03 05:00,36.145
101,27.03 06:00,34.994
101,27.03 07:00,34.048
101,27.03 08:00,35.931
101,27.03 09:00,28.893
101,27.03 10:00,37.851
101,27.03 11:00,35.975
101,27.03 12:00,31.912
101,27.03 13:00,33.096
101,27.03 14:00,40.869
101,27.03 15:00,39.891
101,27.03 16:00,42.097
101,27.03 17:00,37.917
101,27.03 18:00,36.015
101,27.03 19:00,40.875
101,27.03 20:00,39.878
101,27.03 21:00,55.006
101,27.03 22:00,53.157
101,27.03 23:00,53.25
101,28.03 00:00,50.897
101,28.03 01:00,49.048
101,28.03 02:00,44.022
101,28.03 03:00,41.029
101,28.03 04:00,37.128
101,28.03 05:00,35.893
101,28.03 06:00,37.056
101,28.03 07:00,39.076
101,28.03 08:00,37.914
101,28.03 09:00,34.946
101,28.03 10:00,37.068
101,28.03 11:00,35.982
101,28.03 12:00,36.099
101,28.03 13:00,37.878
101,28.03 14:00,44.206
101,28.03 15:00,43.026
101,28.03 16:00,40.959
101,28.03 17:00,40.82
101,28.03 18:00,34.091
101,28.03 19:00,35.911
101,28.03 20:00,36.947
101,28.03 21:00,46.037
101,28.03 22:00,44.826
101,28.03 23:00,46.058
101,29.03 00:00,48.841
101,29.03 01:00,47.915
101,29.03 02:00,41.936
101,29.03 03:00,40.025
101,29.03 04:00,36.982
101,29.03 05:00,35.837
101,29.03 06:00,35.963
101,29.03 07:00,36.821
101,29.03 08:00,38.944
101,29.03 09:00,37.111
101,29.03 10:00,37.062
101,29.03 11:00,37.169
101,29.03 12:00,0.0
101,29.03 13:00,0.0
101,29.03 14:00,35.894
101,29.03 15:00,34.938
101,29.03 16:00,36.111
101,29.03 17:00,36.176
101,29.03 18:00,34.156
101,29.03 19:00,34.94
101,29.03 20:00,38.106
101,29.03 21:00,45.912
101,29.03 22:00,50.895
101,29.03 23:00,48.036
101,30.03 00:00,47.961
101,30.03 01:00,47.839
101,30.03 02:00,47.825
101,30.03 03:00,0.0
101,30.03 04:00,0.0
101,30.03 05:00,0.0
101,30.03 06:00,0.0
101,30.03 07:00,0.0
101,30.03 08:00,0.0
101,30.03 09:00,0.0
101,30.03 11:00,39.817
101,30.03 12:00,38.177
101,30.03 13:00,36.909
101,30.03 14:00,41.824
101,30.03 15:00,44.393
101,30.03 16:00,39.121
101,30.03 17:00,39.813
101,30.03 18:00,34.948
101,30.03 19:00,33.877
101,30.03 20:00,35.121
101,30.03 21:00,44.142
101,30.03 22:00,43.86
101,30.03 23:00,44.941
101,31.03 00:00,45.158
101,31.03 01:00,42.112
101,31.03 02:00,44.09
101,31.03 03:00,42.03
101,31.03 04:00,36.975
101,31.03 05:00,33.858
101,31.03 06:00,33.93
101,31.03 07:00,34.107
101,31.03 08:00,32.837
101,31.03 09:00,35.974
101,31.03 10:00,36.045
101,31.03 11:00,36.969
101,31.03 12:00,36.899
101,31.03 13:00,36.908
101,31.03 14:00,38.885
101,31.03 15:00,39.864
101,31.03 16:00,41.114
101,31.03 17:00,41.793
101,31.03 18:00,35.959
101,31.03 19:00,38.847
101,31.03 20:00,36.884
101,31.03 21:00,43.83
101,31.03 22:00,48.929
101,31.03 23:00,46.093
101,01.04 00:00,45.893
101,01.04 01:00,42.088
101,01.04 02:00,41.076
101,01.04 03:00,41.058
101,01.04 04:00,36.064
101,01.04 05:00,35.032
101,01.04 06:00,33.078
101,01.04 07:00,35.075
101,01.04 08:00,32.856
101,01.04 09:00,35.102
101,01.04 10:00,36.846
101,01.04 11:00,37.987
101,01.04 12:00,37.085
101,01.04 13:00,41.976
101,01.04 14:00,36.821
101,01.04 15:00,38.146
101,01.04 16:00,38.915
101,01.04 17:00,40.106
101,01.04 18:00,35.89
101,01.04 19:00,35.075
101,01.04 20:00,33.13
101,01.04 21:00,39.948
101,01.04 22:00,48.155
101,01.04 23:00,46.787
101,02.04 00:00,40.799
101,02.04 01:00,42.197
101,02.04 02:00,37.912
101,02.04 03:00,37.932
101,02.04 04:00,36.115
101,02.04 05:00,33.116
101,02.04 06:00,33.08
101,02.04 07:00,33.944
101,02.04 08:00,30.979
101,02.04 09:00,27.913
101,02.04 10:00,31.988
101,02.04 11:00,37.047
101,02.04 12:00,40.908
101,02.04 13:00,36.994
101,02.04 14:00,34.054
101,02.04 15:00,37.815
101,02.04 16:00,36.035
101,02.04 17:00,37.932
101,02.04 18:00,39.167
101,02.04 19:00,34.961
101,02.04 20:00,37.95
101,02.04 21:00,42.837
101,02.04 22:00,44.179
101,02.04 23:00,43.133
101,03.04 00:00,42.934
101,03.04 01:00,40.885
101,03.04 02:00,42.829
101,03.04 03:00,48.153
101,03.04 04:00,45.947
101,03.04 05:00,42.087
101,03.04 06:00,38.086
101,03.04 07:00,37.058
101,03.04 08:00,35.021
101,03.04 09:00,32.064
101,03.04 10:00,35.931
101,03.04 11:00,34.925
101,03.04 12:00,38.859
101,03.04 13:00,38.083
101,03.04 14:00,38.834
101,03.04 15:00,41.914
101,03.04 16:00,37.969
101,03.04 17:00,41.085
101,03.04 18:00,41.869
101,03.04 19:00,46.005
101,03.04 20:00,41.074
101,03.04 21:00,50.052
101,03.04 22:00,51.036
101,03.04 23:00,49.838
101,04.04 00:00,47.812
101,04.04 01:00,49.042
101,04.04 02:00,42.982
101,04.04 03:00,40.111
101,04.04 04:00,38.979
101,04.04 05:00,36.957
101,04.04 06:00,37.156
101,04.04 07:00,37.173
101,04.04 08:00,34.909
101,04.04 09:00,36.077
101,04.04 10:00,37.158
101,04.04 11:00,36.006
101,04.04 12:00,35.876
101,04.04 13:00,35.881
101,04.04 14:00,40.112
101,04.04 15:00,44.859
101,04.04 16:00,43.796
101,04.04 17:00,38.855
101,04.04 18:00,36.943
101,04.04 19:00,34.987
101,04.04 20:00,37.976
101,04.04 21:00,45.131
101,04.04 22:00,46.915
101,04.04 23:00,47.878
101,05.04 00:00,48.052
101,05.04 01:00,43.936
101,05.04 02:00,42.95
101,05.04 03:00,39.051
101,05.04 04:00,41.088
101,05.04 05:00,38.124
101,05.04 06:00,35.883
101,05.04 07:00,36.083
101,05.04 08:00,34.037
101,05.04 09:00,37.002
101,05.04 10:00,40.008
101,05.04 11:00,41.046
101,05.04 12:00,38.88
101,05.04 13:00,37.879
101,05.04 14:00,40.937
101,05.04 15:00,37.815
101,05.04 16:00,39.04
101,05.04 17:00,36.826
101,05.04 18:00,35.864
101,05.04 19:00,37.026
101,05.04 20:00,41.076
101,05.04 21:00,47.198
101,05.04 22:00,47.109
101,05.04 23:00,47.179
101,06.04 00:00,44.918
101,06.04 01:00,46.169
101,06.04 02:00,46.2
101,06.04 03:00,39.992
101,06.04 04:00,35.981
101,06.04 05:00,36.008
101,06.04 06:00,36.05
101,06.04 07:00,34.878
101,06.04 08:00,36.936
101,06.04 09:00,33.955
101,06.04 10:00,35.984
101,06.04 11:00,39.065
101,06.04 12:00,37.129
101,06.04 13:00,37.124
101,06.04 14:00,37.967
101,06.04 15:00,40.022
101,06.04 16:00,43.812
101,06.04 17:00,41.142
101,06.04 18:00,38.817
101,06.04 19:00,37.832
101,06.04 20:00,37.941
101,06.04 21:00,42.974
101,06.04 22:00,45.098
101,06.04 23:00,52.177
101,07.04 00:00,49.145
101,07.04 01:00,52.188
101,07.04 02:00,46.991
101,07.04 03:00,43.866
101,07.04 04:00,38.014
101,07.04 05:00,36.052
101,07.04 06:00,33.891
101,07.04 07:00,34.092
101,07.04 08:00,34.039
101,07.04 09:00,39.014
101,07.04 10:00,37.102
101,07.04 11:00,41.084
101,07.04 12:00,36.855
101,07.04 13:00,38.088
101,07.04 14:00,40.962
101,07.04 15:00,42.893
101,07.04 16:00,41.893
101,07.04 17:00,42.026
101,07.04 18:00,37.12
101,07.04 19:00,36.952
101,07.04 20:00,36.02
101,07.04 21:00,45.021
101,07.04 22:00,47.078
101,07.04 23:00,45.098
101,08.04 00:00,46.041
101,08.04 01:00,43.016
101,08.04 02:00,43.011
101,08.04 03:00,38.825
101,08.04 04:00,39.866
101,08.04 05:00,37.0
101,08.04 06:00,36.825
101,08.04 07:00,36.871
101,08.04 08:00,35.052
101,08.04 09:00,35.855
101,08.04 10:00,38.118
101,08.04 11:00,38.07
101,08.04 12:00,40.106
101,08.04 13:00,39.895
101,08.04 14:00,43.996
101,08.04 15:00,47.817
101,08.04 16:00,43.103
101,08.04 17:00,39.966
101,08.04 18:00,36.0
101,08.04 19:00,34.839
101,08.04 20:00,38.88
101,08.04 21:00,44.172
101,08.04 22:00,42.867
101,08.04 23:00,41.97
101,09.04 00:00,44.058
101,09.04 01:00,46.193
101,09.04 02:00,41.798
101,09.04 03:00,40.963
101,09.04 04:00,38.189
101,09.04 05:00,35.996
101,09.04 06:00,35.962
101,09.04 07:00,36.03
101,09.04 08:00,35.008
101,09.04 09:00,33.981
101,09.04 10:00,33.859
101,09.04 11:00,33.924
101,09.04 12:00,33.933
101,09.04 13:00,39.809
101,09.04 14:00,38.852
101,09.04 15:00,36.138
101,09.04 16:00,34.924
101,09.04 17:00,37.892
101,09.04 18:00,37.008
101,09.04 19:00,37.856
101,09.04 20:00,39.039
101,09.04 21:00,47.147
101,09.04 22:00,50.1
101,09.04 23:00,46.94
101,10.04 00:00,50.75
101,10.04 01:00,48.215
101,10.04 02:00,51.983
101,10.04 03:00,42.087
101,10.04 04:00,38.059
101,10.04 05:00,37.149
101,10.04 06:00,35.025
101,10.04 07:00,36.052
101,10.04 08:00,32.889
101,10.04 09:00,29.898
101,10.04 10:00,30.952
101,10.04 11:00,32.996
101,10.04 12:00,40.157
101,10.04 13:00,38.979
101,10.04 14:00,44.041
101,10.04 15:00,42.117
101,10.04 16:00,38.186
101,10.04 17:00,45.161
101,10.04 18:00,39.915
101,10.04 19:00,37.972
101,10.04 20:00,41.163
101,10.04 21:00,48.992
101,10.04 22:00,48.034
101,10.04 23:00,50.236
101,11.04 00:00,46.964
101,11.04 01:00,43.098
101,11.04 02:00,40.958
101,11.04 03:00,39.144
101,11.04 04:00,37.047
101,11.04 05:00,35.852
101,11.04 06:00,38.18
101,11.04 07:00,36.021
101,11.04 08:00,36.885
101,11.04 09:00,35.019
101,11.04 10:00,36.827
101,11.04 11:00,36.89
101,11.04 12:00,38.152
101,11.04 13:00,35.95
101,11.04 14:00,41.878
101,11.04 15:00,43.91
101,11.04 16:00,40.854
101,11.04 17:00,40.128
101,11.04 18:00,39.992
101,11.04 19:00,36.984
101,11.04 20:00,35.842
101,11.04 21:00,44.05
101,11.04 22:00,45.976
101,11.04 23:00,50.769
101,12.04 00:00,51.072
101,12.04 01:00,44.937
101,12.04 02:00,41.068
101,12.04 03:00,38.063
101,12.04 04:00,35.821
101,12.04 05:00,36.923
101,12.04 06:00,35.879
101,12.04 07:00,35.831
101,12.04 08:00,38.995
101,12.04 09:00,37.927
101,12.04 10:00,37.16
101,12.04 11:00,42.117
101,12.04 12:00,38.903
101,12.04 13:00,42.026
101,12.04 14:00,42.906
101,12.04 15:00,44.929
101,12.04 16:00,41.92
101,12.04 17:00,39.04
101,12.04 18:00,40.369
101,12.04 19:00,40.187
101,12.04 20:00,42.209
101,12.04 21:00,48.88
101,12.04 22:00,51.137
101,12.04 23:00,47.19
101,13.04 00:00,47.989
101,13.04 01:00,47.775
101,13.04 02:00,46.229
101,13.04 03:00,39.136
101,13.04 04:00,37.039
101,13.04 05:00,37.07
101,13.04 06:00,35.939
101,13.04 07:00,36.152
101,13.04 08:00,34.106
101,13.04 09:00,36.844
101,13.04 10:00,37.917
101,13.04 11:00,39.916
101,13.04 12:00,40.952
101,13.04 13:00,40.841
101,13.04 14:00,41.827
101,13.04 15:00,42.921
101,13.04 16:00,45.049
101,13.04 17:00,39.879
101,13.04 18:00,36.138
101,13.04 19:00,38.046
101,13.04 20:00,38.062
101,13.04 21:00,43.057
101,13.04 22:00,44.843
101,13.04 23:00,44.041
101,14.04 00:00,48.112
101,14.04 01:00,44.803
101,14.04 02:00,41.185
101,14.04 03:00,39.822
101,14.04 04:00,34.827
101,14.04 05:00,34.969
101,14.04 06:00,34.876
101,14.04 07:00,35.144
101,14.04 08:00,34.261
101,14.04 09:00,37.052
101,14.04 10:00,37.063
101,14.04 11:00,39.985
101,14.04 12:00,40.171
101,14.04 13:00,40.09
101,14.04 14:00,42.803
101,14.04 15:00,38.073
101,14.04 16:00,38.806
101,14.04 17:00,35.902
101,14.04 18:00,37.008
101,14.04 19:00,39.104
101,14.04 20:00,38.904
101,14.04 21:00,42.94
101,14.04 22:00,46.007
101,14.04 23:00,44.186
101,15.04 00:00,44.367
101,15.04 01:00,42.026
101,15.04 02:00,39.922
101,15.04 03:00,38.928
101,15.04 04:00,38.059
101,15.04 05:00,34.953
101,15.04 06:00,33.143
101,15.04 07:00,35.074
101,15.04 08:00,31.001
101,15.04 09:00,35.531
101,15.04 10:00,36.912
101,15.04 11:00,36.928
101,15.04 12:00,35.851
101,15.04 13:00,37.958
101,15.04 14:00,39.997
101,15.04 15:00,38.814
101,15.04 16:00,36.956
101,15.04 17:00,39.131
101,15.04 18:00,36.175
101,15.04 19:00,37.177
101,15.04 20:00,36.822
101,15.04 21:00,42.812
101,15.04 22:00,46.178
101,15.04 23:00,43.914
101,16.04 00:00,44.851
101,16.04 01:00,42.189
101,16.04 02:00,43.867
101,16.04 03:00,42.819
101,16.04 04:00,36.861
101,16.04 05:00,36.936
101,16.04 06:00,36.06
101,16.04 07:00,34.055
101,16.04 08:00,31.008
101,16.04 09:00,33.053
101,16.04 10:00,33.911
101,16.04 11:00,32.083
101,16.04 12:00,38.114
101,16.04 13:00,38.063
101,16.04 14:00,37.17
101,16.04 15:00,35.098
101,16.04 16:00,40.025
101,16.04 17:00,38.929
101,16.04 18:00,35.076
101,16.04 19:00,36.866
101,16.04 20:00,41.012
101,16.04 21:00,45.825
101,16.04 22:00,45.106
101,16.04 23:00,43.826
101,17.04 00:00,43.162
101,17.04 01:00,41.06
101,17.04 02:00,41.907
101,17.04 03:00,39.943
101,17.04 04:00,35.952
101,17.04 05:00,35.863
101,17.04 06:00,34.036
101,17.04 07:00,33.891
101,17.04 08:00,33.101
101,17.04 09:00,29.054
101,17.04 10:00,31.907
101,17.04 11:00,31.943
101,17.04 12:00,34.905
101,17.04 13:00,36.033
101,17.04 14:00,35.121
101,17.04 15:00,34.876
101,17.04 16:00,40.102
101,17.04 17:00,36.977
101,17.04 18:00,38.861
101,17.04 19:00,38.021
101,17.04 20:00,44.062
101,17.04 21:00,46.188
101,17.04 22:00,50.788
101,17.04 23:00,49.789
101,18.04 00:00,45.606
101,18.04 01:00,41.006
101,18.04 02:00,41.097
101,18.04 03:00,36.96
101,18.04 04:00,38.066
101,18.04 05:00,36.857
101,18.04 06:00,34.901
101,18.04 07:00,32.994
101,18.04 08:00,35.039
101,18.04 09:00,31.877
101,18.04 10:00,32.059
101,18.04 11:00,36.158
101,18.04 12:00,37.035
101,18.04 13:00,36.075
101,18.04 14:00,36.836
101,18.04 15:00,40.01
101,18.04 16:00,40.928
101,18.04 17:00,38.91
101,18.04 18:00,37.046
101,18.04 19:00,39.85
101,18.04 20:00,38.086
101,18.04 21:00,42.193
101,18.04 22:00,45.054
101,18.04 23:00,44.195
101,19.04 00:00,46.146
101,19.04 01:00,43.138
101,19.04 02:00,41.087
101,19.04 03:00,37.917
101,19.04 04:00,35.059
101,19.04 05:00,34.968
101,19.04 06:00,33.972
101,19.04 07:00,34.109
101,19.04 08:00,31.117
101,19.04 09:00,36.129
101,19.04 10:00,37.095
101,19.04 11:00,37.837
101,19.04 12:00,38.91
101,19.04 13:00,42.938
101,19.04 14:00,41.862
101,19.04 15:00,39.006
101,19.04 16:00,39.842
101,19.04 17:00,37.121
101,19.04 18:00,35.144
101,19.04 19:00,35.967
101,19.04 20:00,38.037
101,19.04 21:00,44.826
101,19.04 22:00,49.084
101,19.04 23:00,49.997
101,20.04 00:00,48.199
101,20.04 01:00,44.022
101,20.04 02:00,41.954
101,20.04 03:00,40.9
101,20.04 04:00,39.011
101,20.04 05:00,34.996
101,20.04 06:00,34.041
101,20.04 07:00,35.019
101,20.04 08:00,36.158
101,20.04 09:00,37.1
101,20.04 10:00,36.843
101,20.04 11:00,35.87
101,20.04 12:00,37.042
101,20.04 13:00,36.057
101,20.04 14:00,40.038
101,20.04 15:00,38.976
101,20.04 16:00,39.826
101,20.04 17:00,41.071
101,20.04 18:00,36.924
101,20.04 19:00,43.151
101,20.04 20:00,37.994
101,20.04 21:00,41.811
101,20.04 22:00,46.158
101,20.04 23:00,45.87
101,21.04 00:00,44.788
101,21.04 01:00,45.814
101,21.04 02:00,43.109
101,21.04 03:00,36.868
101,21.04 04:00,35.931
101,21.04 05:00,32.937
101,21.04 06:00,33.994
101,21.04 07:00,34.841
101,21.04 08:00,32.102
101,21.04 09:00,36.125
101,21.04 10:00,40.077
101,21.04 11:00,38.874
101,21.04 12:00,40.134
101,21.04 13:00,41.124
101,21.04 14:00,43.067
101,21.04 15:00,46.066
101,21.04 16:00,43.863
101,21.04 17:00,40.832
101,21.04 18:00,37.952
101,21.04 19:00,38.959
101,21.04 20:00,37.894
101,21.04 21:00,47.106
101,21.04 22:00,44.149
101,21.04 23:00,42.757
101,22.04 00:00,43.906
101,22.04 01:00,40.898
101,22.04 02:00,39.948
101,22.04 03:00,37.985
101,22.04 04:00,37.124
101,22.04 05:00,35.835
101,22.04 06:00,33.958
101,22.04 07:00,34.919
101,22.04 08:00,31.988
101,22.04 09:00,37.852
101,22.04 10:00,38.168
101,22.04 11:00,37.149
101,22.04 12:00,37.969
101,22.04 13:00,44.114
101,22.04 14:00,46.124
101,22.04 15:00,38.82
101,22.04 16:00,39.08
101,22.04 17:00,39.061
101,22.04 18:00,34.876
101,22.04 19:00,33.066
101,22.04 20:00,32.051
101,22.04 21:00,38.053
101,22.04 22:00,41.82
101,22.04 23:00,45.895
101,23.04 00:00,49.299
101,23.04 01:00,45.164
101,23.04 02:00,40.953
101,23.04 03:00,38.906
101,23.04 04:00,38.808
101,23.04 05:00,34.857
101,23.04 06:00,37.079
101,23.04 07:00,36.995
101,23.04 08:00,30.144
101,23.04 09:00,35.844
101,23.04 10:00,35.824
101,23.04 11:00,35.916
101,23.04 12:00,37.894
101,23.04 13:00,37.158
101,23.04 14:00,37.127
101,23.04 15:00,43.167
101,23.04 16:00,41.83
101,23.04 17:00,39.868
101,23.04 18:00,36.105
101,23.04 19:00,36.103
101,23.04 20:00,34.903
101,23.04 21:00,41.916
101,23.04 22:00,44.133
101,23.04 23:00,45.859
101,24.04 00:00,47.845
101,24.04 01:00,47.206
101,24.04 02:00,45.069
101,24.04 03:00,41.99
101,24.04 04:00,40.029
101,24.04 05:00,34.97
101,24.04 06:00,36.047
101,24.04 07:00,35.972
101,24.04 08:00,30.916
101,24.04 09:00,31.975
101,24.04 10:00,32.138
101,24.04 11:00,33.898
101,24.04 12:00,39.997
101,24.04 13:00,34.859
101,24.04 14:00,34.862
101,24.04 15:00,37.95
101,24.04 16:00,39.158
101,24.04 17:00,42.935
101,24.04 18:00,46.043
101,24.04 19:00,38.85
101,24.04 20:00,40.007
101,24.04 21:00,42.203
101,24.04 22:00,48.148
101,24.04 23:00,48.014
101,25.04 00:00,47.091
101,25.04 01:00,48.899
101,25.04 02:00,44.588
101,25.04 03:00,37.838
101,25.04 04:00,36.105
101,25.04 05:00,35.022
101,25.04 06:00,34.891
101,25.04 07:00,34.915
101,25.04 08:00,32.102
101,25.04 09:00,40.905
101,25.04 10:00,39.128
101,25.04 11:00,38.94
101,25.04 12:00,42.061
101,25.04 13:00,39.842
101,25.04 14:00,44.139
101,25.04 15:00,43.801
101,25.04 16:00,45.85
101,25.04 17:00,40.885
101,25.04 18:00,39.823
101,25.04 19:00,38.54
101,25.04 20:00,40.034
101,25.04 21:00,45.057
101,25.04 22:00,47.047
101,25.04 23:00,47.797
101,26.04 00:00,47.208
101,26.04 01:00,47.91
101,26.04 02:00,42.874
101,26.04 03:00,41.058
101,26.04 04:00,37.168
101,26.04 05:00,36.06
101,26.04 06:00,35.157
101,26.04 07:00,35.005
101,26.04 08:00,33.082
101,26.04 09:00,36.089
101,26.04 10:00,41.993
101,26.04 11:00,42.017
101,26.04 12:00,38.846
101,26.04 13:00,40.121
101,26.04 14:00,43.864
101,26.04 15:00,43.036
101,26.04 16:00,43.202
101,26.04 17:00,38.817
101,26.04 18:00,36.889
101,26.04 19:00,39.106
101,26.04 20:00,39.007
101,26.04 21:00,45.866
101,26.04 22:00,51.082
101,26.04 23:00,49.22
101,27.04 00:00,46.141
101,27.04 01:00,45.042
101,27.04 02:00,40.844
101,27.04 03:00,43.15
101,27.04 04:00,35.827
101,27.04 05:00,35.049
101,27.04 06:00,34.876
101,27.04 07:00,35.957
101,27.04 08:00,30.861
101,27.04 09:00,39.013
101,27.04 10:00,39.14
101,27.04 11:00,41.08
101,27.04 12:00,44.099
101,27.04 13:00,41.813
101,27.04 14:00,41.098
101,27.04 15:00,43.883
101,27.04 16:00,41.185
101,27.04 17:00,41.08
101,27.04 18:00,37.936
101,27.04 19:00,37.106
101,27.04 20:00,35.957
101,27.04 21:00,41.877
101,27.04 22:00,49.913
101,27.04 23:00,47.838
101,28.04 00:00,49.011
101,28.04 01:00,47.192
101,28.04 02:00,45.013
101,28.04 03:00,42.118
101,28.04 04:00,37.949
101,28.04 05:00,36.987
101,28.04 06:00,35.151
101,28.04 07:00,36.155
101,28.04 08:00,30.134
101,28.04 09:00,36.121
101,28.04 10:00,41.855
101,28.04 11:00,42.915
101,28.04 12:00,37.987
101,28.04 13:00,39.032
101,28.04 14:00,38.807
101,28.04 15:00,43.026
101,28.04 16:00,44.108
101,28.04 17:00,41.826
101,28.04 18:00,37.922
101,28.04 19:00,37.047
101,28.04 20:00,39.083
101,28.04 21:00,48.113
101,28.04 22:00,49.164
101,28.04 23:00,43.727
101,29.04 00:00,46.2
101,29.04 01:00,45.779
101,29.04 02:00,41.873
101,29.04 03:00,37.905
101,29.04 04:00,35.867
101,29.04 05:00,34.095
101,29.04 06:00,33.91
101,29.04 07:00,34.903
101,29.04 08:00,31.134
101,29.04 09:00,37.12
101,29.04 10:00,37.016
101,29.04 11:00,41.023
101,29.04 12:00,42.959
101,29.04 13:00,40.857
101,29.04 14:00,43.88
101,29.04 15:00,45.088
101,29.04 16:00,48.178
101,29.04 17:00,43.049
101,29.04 18:00,44.03
101,29.04 19:00,39.118
101,29.04 20:00,39.085
101,29.04 21:00,44.838
101,29.04 22:00,47.926
101,29.04 23:00,48.063
101,30.04 00:00,49.23
101,30.04 01:00,47.816
101,30.04 02:00,45.172
101,30.04 03:00,42.984
101,30.04 04:00,39.006
101,30.04 05:00,37.965
101,30.04 06:00,35.974
101,30.04 07:00,37.078
101,30.04 08:00,32.12
101,30.04 09:00,36.983
101,30.04 10:00,36.044
101,30.04 11:00,33.977
101,30.04 12:00,37.148
101,30.04 13:00,42.091
101,30.04 14:00,40.86
101,30.04 15:00,38.945
101,30.04 16:00,39.865
101,30.04 17:00,42.87
101,30.04 18:00,43.088
101,30.04 19:00,39.916
101,30.04 20:00,43.2
101,30.04 21:00,42.126
101,30.04 22:00,48.077
101,30.04 23:00,46.833
101,01.05 00:00,50.818
101,01.05 01:00,45.924
101,01.05 02:00,43.001
101,01.05 03:00,39.13
101,01.05 04:00,38.848
101,01.05 05:00,36.028
101,01.05 06:00,34.674
101,01.05 07:00,35.905
101,01.05 08:00,31.074
101,01.05 09:00,31.944
101,01.05 10:00,35.966
101,01.05 11:00,41.181
101,01.05 12:00,38.12
101,01.05 13:00,39.888
101,01.05 14:00,42.139
101,01.05 15:00,43.03
101,01.05 16:00,41.104
101,01.05 17:00,36.952
101,01.05 18:00,38.156
101,01.05 19:00,38.156
101,01.05 20:00,42.03
101,01.05 21:00,46.823
101,01.05 22:00,48.221
101,01.05 23:00,45.149
101,02.05 00:00,43.083
101,02.05 01:00,41.951
101,02.05 02:00,40.883
101,02.05 03:00,41.16
101,02.05 04:00,39.09
101,02.05 05:00,34.96
101,02.05 06:00,35.983
101,02.05 07:00,34.957
101,02.05 08:00,32.131
101,02.05 09:00,35.997
101,02.05 10:00,39.042
101,02.05 11:00,36.979
101,02.05 12:00,39.898
101,02.05 13:00,40.889
101,02.05 14:00,41.857
101,02.05 15:00,40.133
101,02.05 16:00,43.031
101,02.05 17:00,38.0
101,02.05 18:00,34.834
101,02.05 19:00,36.026
101,02.05 20:00,36.031
101,02.05 21:00,41.851
101,02.05 22:00,42.82
101,02.05 23:00,42.961
101,03.05 00:00,49.236
101,03.05 01:00,43.129
101,03.05 02:00,42.061
101,03.05 03:00,41.886
101,03.05 04:00,37.107
101,03.05 05:00,33.966
101,03.05 06:00,34.081
101,03.05 07:00,35.164
101,03.05 08:00,32.038
101,03.05 09:00,36.002
101,03.05 10:00,37.829
101,03.05 11:00,39.023
101,03.05 12:00,38.082
101,03.05 13:00,41.814
101,03.05 14:00,43.211
101,03.05 15:00,40.915
101,03.05 16:00,44.879
101,03.05 17:00,39.175
101,03.05 18:00,41.167
101,03.05 19:00,37.995
101,03.05 20:00,43.784
101,03.05 21:00,47.148
101,03.05 22:00,49.856
101,03.05 23:00,54.947
101,04.05 00:00,49.183
101,04.05 01:00,46.147
101,04.05 02:00,41.946
101,04.05 03:00,41.035
101,04.05 04:00,39.047
101,04.05 05:00,36.107
101,04.05 06:00,36.079
101,04.05 07:00,36.052
101,04.05 08:00,32.117
101,04.05 09:00,35.175
101,04.05 10:00,35.997
101,04.05 11:00,34.154
101,04.05 12:00,36.905
101,04.05 13:00,35.91
101,04.05 14:00,36.909
101,04.05 15:00,37.84
101,04.05 16:00,37.176
101,04.05 17:00,36.13
101,04.05 18:00,35.119
101,04.05 19:00,37.895
101,04.05 20:00,35.945
101,04.05 21:00,41.814
101,04.05 22:00,48.905
101,04.05 23:00,45.068
101,05.05 00:00,47.841
101,05.05 01:00,46.929
101,05.05 02:00,40.843
101,05.05 03:00,40.048
101,05.05 04:00,39.109
101,05.05 05:00,37.919
101,05.05 06:00,35.848
101,05.05 07:00,34.12
101,05.05 08:00,31.063
101,05.05 09:00,34.843
101,05.05 10:00,37.012
101,05.05 11:00,38.899
101,05.05 12:00,37.988
101,05.05 13:00,38.846
101,05.05 14:00,42.11
101,05.05 15:00,39.074
101,05.05 16:00,38.997
101,05.05 17:00,40.19
101,05.05 18:00,37.086
101,05.05 19:00,36.124
101,05.05 20:00,39.193
101,05.05 21:00,46.133
101,05.05 22:00,47.945
101,05.05 23:00,47.999
101,06.05 00:00,45.971
101,06.05 01:00,45.162
101,06.05 02:00,44.161
101,06.05 03:00,38.952
101,06.05 04:00,38.168
101,06.05 05:00,36.061
101,06.05 06:00,34.084
101,06.05 07:00,33.071
101,06.05 08:00,33.93
101,06.05 09:00,37.153
101,06.05 10:00,38.978
101,06.05 11:00,37.959
101,06.05 12:00,39.132
101,06.05 13:00,41.148
101,06.05 14:00,39.882
101,06.05 15:00,39.813
101,06.05 16:00,42.073
101,06.05 17:00,41.1
101,06.05 18:00,36.028
101,06.05 19:00,38.816
101,06.05 20:00,33.142
101,06.05 21:00,41.861
101,06.05 22:00,41.862
101,06.05 23:00,43.991
101,07.05 00:00,41.059
101,07.05 01:00,43.033
101,07.05 02:00,42.162
101,07.05 03:00,41.169
101,07.05 04:00,39.01
101,07.05 05:00,37.04
101,07.05 06:00,35.922
101,07.05 07:00,32.921
101,07.05 08:00,29.868
101,07.05 09:00,34.831
101,07.05 10:00,32.986
101,07.05 11:00,33.041
101,07.05 12:00,40.096
101,07.05 13:00,37.813
101,07.05 14:00,34.904
101,07.05 15:00,37.954
101,07.05 16:00,34.026
101,07.05 17:00,37.884
101,07.05 18:00,33.932
101,07.05 19:00,34.161
101,07.05 20:00,34.95
101,07.05 21:00,37.84
101,07.05 22:00,40.969
101,07.05 23:00,41.155
101,08.05 00:00,43.139
101,08.05 01:00,40.02
101,08.05 02:00,44.88
101,08.05 03:00,38.848
101,08.05 04:00,36.019
101,08.05 05:00,36.048
101,08.05 06:00,34.879
101,08.05 07:00,34.065
101,08.05 08:00,28.063
101,08.05 09:00,29.142
101,08.05 10:00,33.97
101,08.05 11:00,35.119
101,08.05 12:00,40.03
101,08.05 13:00,37.13
101,08.05 14:00,33.085
101,08.05 15:00,31.897
101,08.05 16:00,35.057
101,08.05 17:00,33.982
101,08.05 18:00,34.087
101,08.05 19:00,34.13
101,08.05 20:00,35.922
101,08.05 21:00,42.813
101,08.05 22:00,42.804
101,08.05 23:00,43.146
101,09.05 00:00,43.921
101,09.05 01:00,38.989
101,09.05 02:00,40.104
101,09.05 03:00,38.045
101,09.05 04:00,37.867
101,09.05 05:00,36.001
101,09.05 06:00,35.097
101,09.05 07:00,33.865
101,09.05 08:00,27.886
101,09.05 09:00,32.084
101,09.05 10:00,35.163
101,09.05 11:00,35.141
101,09.05 12:00,36.1
101,09.05 13:00,39.084
101,09.05 14:00,37.123
101,09.05 15:00,36.897
101,09.05 16:00,39.157
101,09.05 17:00,41.153
101,09.05 18:00,36.124
101,09.05 19:00,31.938
101,09.05 20:00,37.007
101,09.05 21:00,40.148
101,09.05 22:00,41.835
101,09.05 23:00,42.9
101,10.05 00:00,41.941
101,10.05 01:00,41.011
101,10.05 02:00,39.057
101,10.05 03:00,38.986
101,10.05 04:00,38.035
101,10.05 05:00,35.015
101,10.05 06:00,33.893
101,10.05 07:00,34.965
101,10.05 08:00,30.049
101,10.05 09:00,31.024
101,10.05 10:00,34.05
101,10.05 11:00,34.982
101,10.05 12:00,41.822
101,10.05 13:00,41.021
101,10.05 14:00,38.91
101,10.05 15:00,43.814
101,10.05 16:00,47.042
101,10.05 17:00,38.003
101,10.05 18:00,36.903
101,10.05 19:00,38.948
101,10.05 20:00,38.921
101,10.05 21:00,43.042
101,10.05 22:00,40.874
101,10.05 23:00,43.076
101,11.05 00:00,43.992
101,11.05 01:00,40.941
101,11.05 02:00,39.949
101,11.05 03:00,37.028
101,11.05 04:00,38.163
101,11.05 05:00,34.029
101,11.05 06:00,34.945
101,11.05 07:00,33.971
101,11.05 08:00,31.0
101,11.05 09:00,34.832
101,11.05 10:00,38.169
101,11.05 11:00,0.0
101,11.05 12:00,0.0
101,11.05 13:00,0.0
101,11.05 14:00,0.0
101,11.05 16:00,40.986
101,11.05 17:00,35.068
101,11.05 18:00,38.175
101,11.05 19:00,36.93
101,11.05 20:00,30.916
101,11.05 21:00,0.0
101,11.05 22:00,0.0
101,12.05 00:00,47.113
101,12.05 01:00,44.111
101,12.05 02:00,40.974
101,12.05 03:00,38.861
101,12.05 04:00,37.032
101,12.05 05:00,36.148
101,12.05 06:00,34.841
101,12.05 07:00,34.938
101,12.05 08:00,31.113
101,12.05 09:00,35.862
101,12.05 10:00,34.934
101,12.05 11:00,37.813
101,12.05 12:00,41.064
101,12.05 13:00,44.853
101,12.05 14:00,39.91
101,12.05 15:00,40.044
101,12.05 16:00,39.892
101,12.05 17:00,42.079
101,12.05 18:00,40.849
101,12.05 19:00,35.928
101,12.05 20:00,37.81
101,12.05 21:00,41.009
101,12.05 22:00,43.872
101,12.05 23:00,44.174
101,13.05 00:00,43.006
101,13.05 01:00,41.135
101,13.05 02:00,40.005
101,13.05 03:00,35.991
101,13.05 04:00,36.103
101,13.05 05:00,35.052
101,13.05 06:00,34.108
101,13.05 07:00,33.15
101,13.05 08:00,31.004
101,13.05 09:00,37.161
101,13.05 10:00,37.895
101,13.05 11:00,37.04
101,13.05 12:00,42.09
101,13.05 13:00,39.989
101,13.05 14:00,41.009
101,13.05 15:00,42.827
101,13.05 16:00,40.037
101,13.05 17:00,38.892
101,13.05 18:00,41.941
101,13.05 19:00,38.942
101,13.05 20:00,38.868
101,13.05 21:00,38.144
101,13.05 22:00,41.823
101,13.05 23:00,42.171
101,14.05 00:00,42.154
101,14.05 01:00,39.833
101,14.05 02:00,42.812
101,14.05 03:00,38.824
101,14.05 04:00,43.214
101,14.05 05:00,36.925
101,14.05 06:00,33.883
101,14.05 07:00,35.96
101,14.05 08:00,29.949
101,14.05 09:00,30.854
101,14.05 10:00,31.026
101,14.05 11:00,33.062
101,14.05 12:00,36.048
101,14.05 13:00,36.398
101,14.05 14:00,39.066
101,14.05 15:00,35.988
101,14.05 16:00,36.026
101,14.05 17:00,35.979
101,14.05 18:00,38.136
101,14.05 19:00,35.102
101,14.05 20:00,34.857
101,14.05 21:00,36.834
101,14.05 22:00,41.809
101,14.05 23:00,44.015
101,15.05 00:00,42.184
101,15.05 01:00,40.8
101,15.05 02:00,40.872
101,15.05 03:00,42.021
101,15.05 04:00,37.054
101,15.05 05:00,34.887
101,15.05 06:00,35.129
101,15.05 07:00,33.871
101,15.05 08:00,30.888
101,15.05 09:00,33.132
101,15.05 10:00,32.089
101,15.05 11:00,38.908
101,15.05 12:00,38.873
101,15.05 13:00,33.981
101,15.05 14:00,36.048
101,15.05 15:00,36.958
101,15.05 16:00,32.887
101,15.05 17:00,35.828
101,15.05 18:00,32.071
101,15.05 19:00,29.905
101,15.05 20:00,31.841
101,15.05 21:00,38.982
101,15.05 22:00,39.132
101,15.05 23:00,39.849
101,16.05 00:00,38.901
101,16.05 01:00,36.034
101,16.05 02:00,35.905
101,16.05 03:00,35.167
101,16.05 04:00,35.146
101,16.05 05:00,31.881
101,16.05 06:00,33.062
101,16.05 07:00,32.141
101,16.05 08:00,31.047
101,16.05 09:00,29.851
101,16.05 10:00,31.96
101,16.05 11:00,33.937
101,16.05 12:00,34.088
101,16.05 13:00,35.167
101,16.05 14:00,37.136
101,16.05 15:00,39.986
101,16.05 16:00,38.099
101,16.05 17:00,36.106
101,16.05 18:00,33.159
101,16.05 19:00,32.983
101,16.05 20:00,30.866
101,16.05 21:00,34.105
101,16.05 22:00,37.072
101,16.05 23:00,37.924
101,17.05 00:00,37.826
101,17.05 01:00,38.836
101,17.05 02:00,36.948
101,17.05 03:00,35.165
101,17.05 04:00,33.154
101,17.05 05:00,32.918
101,17.05 06:00,33.99
101,17.05 07:00,30.944
101,17.05 08:00,29.09
101,17.05 09:00,31.877
101,17.05 10:00,33.114
101,17.05 11:00,35.856
101,17.05 12:00,39.829
101,17.05 13:00,39.164
101,17.05 14:00,37.037
101,17.05 15:00,39.977
101,17.05 16:00,41.044
101,17.05 17:00,37.97
101,17.05 18:00,34.968
101,17.05 19:00,30.14
101,17.05 20:00,29.121
101,17.05 21:00,33.147
101,17.05 22:00,36.116
101,17.05 23:00,34.968
101,18.05 00:00,33.078
101,18.05 01:00,32.958
101,18.05 02:00,33.062
101,18.05 03:00,33.109
101,18.05 04:00,33.028
101,18.05 05:00,31.907
101,18.05 06:00,32.941
101,18.05 07:00,32.918
101,18.05 08:00,27.968
101,18.05 09:00,29.959
101,18.05 10:00,31.993
101,18.05 11:00,29.032
101,18.05 12:00,30.09
101,18.05 13:00,27.898
101,18.05 14:00,26.979
101,18.05 15:00,28.885
101,18.05 16:00,29.021
101,18.05 17:00,27.97
101,18.05 18:00,25.921
101,18.05 19:00,25.121
101,18.05 20:00,23.001
101,18.05 21:00,29.939
101,18.05 22:00,31.91
101,18.05 23:00,32.152
101,19.05 00:00,31.052
101,19.05 01:00,32.007
101,19.05 02:00,31.886
101,19.05 03:00,32.004
101,19.05 04:00,32.115
101,19.05 05:00,30.847
101,19.05 06:00,30.923
101,19.05 07:00,32.081
101,19.05 08:00,31.91
101,19.05 09:00,37.043
101,19.05 10:00,31.021
101,19.05 11:00,29.894
101,19.05 12:00,29.987
101,19.05 13:00,28.996
101,19.05 14:00,29.967
101,19.05 15:00,27.888
101,19.05 16:00,28.86
101,19.05 17:00,28.007
101,19.05 18:00,25.09
101,19.05 19:00,24.927
101,19.05 20:00,23.892
101,19.05 21:00,29.129
101,19.05 22:00,31.083
101,19.05 23:00,30.911
101,20.05 00:00,31.022
101,20.05 01:00,32.148
101,20.05 02:00,31.133
101,20.05 03:00,31.931
101,20.05 04:00,31.018
101,20.05 05:00,32.063
101,20.05 06:00,30.872
101,20.05 07:00,31.091
101,20.05 08:00,24.969
101,20.05 09:00,29.049
101,20.05 10:00,29.037
101,20.05 11:00,28.991
101,20.05 12:00,26.871
101,20.05 13:00,27.907
101,20.05 14:00,27.868
101,20.05 15:00,26.993
101,20.05 16:00,27.939
101,20.05 17:00,25.025
101,20.05 18:00,25.057
101,20.05 19:00,24.037
101,20.05 20:00,24.022
101,20.05 21:00,27.004
101,20.05 22:00,31.094
101,20.05 23:00,29.951
101,21.05 00:00,30.993
101,21.05 01:00,30.143
101,21.05 02:00,30.1
101,21.05 03:00,30.144
101,21.05 04:00,30.085
101,21.05 05:00,30.099
101,21.05 06:00,30.114
101,21.05 07:00,27.045
101,21.05 08:00,22.911
101,21.05 09:00,24.119
101,21.05 10:00,21.91
101,21.05 11:00,23.886
101,21.05 12:00,22.1
101,21.05 13:00,22.943
101,21.05 14:00,23.941
101,21.05 15:00,22.002
101,21.05 16:00,22.928
101,21.05 17:00,23.032
101,21.05 18:00,23.003
101,21.05 19:00,25.039
101,21.05 20:00,24.051
101,21.05 21:00,26.908
101,21.05 22:00,29.993
101,21.05 23:00,31.979
101,22.05 00:00,30.92
101,22.05 01:00,30.946
101,22.05 02:00,30.857
101,22.05 03:00,30.952
101,22.05 04:00,32.102
101,22.05 05:00,29.952
101,22.05 06:00,29.861
101,22.05 07:00,28.923
101,22.05 08:00,23.031
101,22.05 09:00,24.051
101,22.05 10:00,23.995
101,22.05 11:00,25.059
101,22.05 12:00,25.947
101,22.05 13:00,25.093
101,22.05 14:00,25.051
101,22.05 15:00,22.098
101,22.05 16:00,22.919
101,22.05 17:00,23.896
101,22.05 18:00,22.95
101,22.05 19:00,24.048
101,22.05 20:00,24.106
101,22.05 21:00,28.132
101,22.05 22:00,30.13
101,22.05 23:00,29.859
101,23.05 00:00,28.99
101,23.05 01:00,28.896
101,23.05 02:00,29.883
101,23.05 03:00,29.873
101,23.05 04:00,29.067
101,23.05 05:00,30.016
101,23.05 06:00,30.045
101,23.05 07:00,31.983
101,23.05 08:00,23.886
101,23.05 09:00,26.029
101,23.05 10:00,25.966
101,23.05 11:00,27.07
101,23.05 12:00,26.88
101,23.05 13:00,25.016
101,23.05 14:00,26.021
101,23.05 15:00,25.938
101,23.05 16:00,27.037
101,23.05 17:00,25.996
101,23.05 18:00,24.907
101,23.05 19:00,24.039
101,23.05 20:00,24.046
101,23.05 21:00,26.093
101,23.05 22:00,31.087
101,23.05 23:00,30.082
101,24.05 00:00,29.901
101,24.05 01:00,30.137
101,24.05 02:00,29.943
101,24.05 03:00,30.975
101,24.05 04:00,31.986
101,24.05 05:00,32.337
101,24.05 06:00,31.062
101,24.05 07:00,31.051
101,24.05 08:00,25.061
101,24.05 09:00,28.026
101,24.05 10:00,28.039
101,24.05 11:00,29.014
101,24.05 12:00,27.889
101,24.05 13:00,26.934
101,24.05 14:00,26.097
101,24.05 15:00,28.93
101,24.05 16:00,27.87
101,24.05 17:00,27.974
101,24.05 18:00,25.977
101,24.05 19:00,25.099
101,24.05 20:00,24.116
101,24.05 21:00,27.939
101,24.05 22:00,30.909
101,24.05 23:00,30.126
101,25.05 00:00,32.13
101,25.05 01:00,33.123
101,25.05 02:00,32.089
101,25.05 03:00,32.89
101,25.05 04:00,32.128
101,25.05 05:00,31.951
101,25.05 06:00,32.948
101,25.05 07:00,31.133
101,25.05 08:00,27.041
101,25.05 09:00,28.896
101,25.05 10:00,29.001
101,25.05 11:00,30.087
101,25.05 12:00,30.911
101,25.05 13:00,31.046
101,25.05 14:00,29.921
101,25.05 15:00,30.124
101,25.05 16:00,31.082
101,25.05 17:00,29.902
101,25.05 18:00,26.117
101,25.05 19:00,23.936
101,25.05 20:00,24.917
101,25.05 21:00,30.003
101,25.05 22:00,30.858
101,25.05 23:00,32.027
101,26.05 00:00,31.997
101,26.05 01:00,31.867
101,26.05 02:00,32.075
101,26.05 03:00,31.062
101,26.05 04:00,30.999
101,26.05 05:00,30.912
101,26.05 06:00,32.925
101,26.05 07:00,33.063
101,26.05 08:00,27.018
101,26.05 09:00,30.9
101,26.05 10:00,30.086
101,26.05 11:00,28.988
101,26.05 12:00,30.129
101,26.05 13:00,30.99
101,26.05 14:00,30.063
101,26.05 15:00,28.058
101,26.05 16:00,30.995
101,26.05 17:00,27.016
101,26.05 18:00,24.017
101,26.05 19:00,24.099
101,26.05 20:00,24.89
101,26.05 21:00,27.091
101,26.05 22:00,30.929
101,26.05 23:00,32.856
101,27.05 00:00,30.861
101,27.05 01:00,32.005
101,27.05 02:00,30.886
101,27.05 03:00,30.982
101,27.05 04:00,30.024
101,27.05 05:00,30.965
101,27.05 06:00,31.065
101,27.05 07:00,29.1
101,27.05 08:00,27.034
101,27.05 09:00,29.051
101,27.05 10:00,27.941
101,27.05 11:00,28.889
101,27.05 12:00,28.126
101,27.05 13:00,28.041
101,27.05 14:00,26.871
101,27.05 15:00,28.87
101,27.05 16:00,28.086
101,27.05 17:00,26.897
101,27.05 18:00,24.887
101,27.05 19:00,23.057
101,27.05 20:00,24.097
101,27.05 21:00,25.934
101,27.05 22:00,29.992
101,27.05 23:00,30.067
101,28.05 00:00,30.963
101,28.05 01:00,30.017
101,28.05 02:00,29.879
101,28.05 03:00,30.029
101,28.05 04:00,29.935
101,28.05 05:00,29.991
101,28.05 06:00,30.902
101,28.05 07:00,27.999
101,28.05 08:00,23.028
101,28.05 09:00,22.946
101,28.05 10:00,23.291
101,28.05 11:00,24.054
101,28.05 12:00,23.068
101,28.05 13:00,23.982
101,28.05 14:00,22.886
101,28.05 15:00,23.974
101,28.05 16:00,22.917
101,28.05 17:00,23.091
101,28.05 18:00,23.971
101,28.05 19:00,23.905
101,28.05 20:00,22.95
101,28.05 21:00,29.097
101,28.05 22:00,31.053
101,28.05 23:00,31.122
101,29.05 00:00,31.049
101,29.05 01:00,31.903
101,29.05 02:00,32.031
101,29.05 03:00,30.922
101,29.05 04:00,31.074
101,29.05 05:00,31.09
101,29.05 06:00,31.074
101,29.05 07:00,31.136
101,29.05 08:00,23.949
101,29.05 09:00,22.979
101,29.05 10:00,23.039
101,29.05 11:00,23.937
101,29.05 12:00,24.088
101,29.05 13:00,23.906
101,29.05 14:00,23.938
101,29.05 15:00,24.028
101,29.05 16:00,25.002
101,29.05 17:00,22.943
101,29.05 18:00,24.077
101,29.05 19:00,24.113
101,29.05 20:00,23.918
101,29.05 21:00,28.095
101,29.05 22:00,31.103
101,29.05 23:00,31.038
101,30.05 00:00,30.872
101,30.05 01:00,30.966
101,30.05 02:00,33.175
101,30.05 03:00,31.938
101,30.05 04:00,31.978
101,30.05 05:00,30.052
101,30.05 06:00,31.078
101,30.05 07:00,30.903
101,30.05 08:00,31.059
101,30.05 09:00,22.925
101,30.05 10:00,22.962
101,30.05 11:00,23.07
101,30.05 12:00,24.057
101,30.05 13:00,22.959
101,30.05 14:00,23.92
101,30.05 15:00,23.035
101,30.05 16:00,22.89
101,30.05 17:00,23.993
101,30.05 18:00,23.894
101,30.05 19:00,23.897
101,30.05 20:00,24.958
101,30.05 21:00,26.067
101,30.05 22:00,31.865
101,30.05 23:00,31.0
101,31.05 00:00,31.119
101,31.05 01:00,29.854
101,31.05 02:00,32.033
101,31.05 03:00,31.06
101,31.05 04:00,30.046
101,31.05 05:00,32.067
101,31.05 06:00,30.873
101,31.05 07:00,29.851
101,31.05 08:00,23.966
101,31.05 09:00,29.938
101,31.05 10:00,28.862
101,31.05 11:00,30.861
101,31.05 12:00,30.084
101,31.05 13:00,29.044
101,31.05 14:00,28.916
101,31.05 15:00,28.06
101,31.05 16:00,28.021
101,31.05 17:00,30.931
101,31.05 18:00,24.969
101,31.05 19:00,22.95
101,31.05 20:00,22.941
101,31.05 21:00,27.886
101,31.05 22:00,28.949
101,31.05 23:00,29.057
101,01.06 00:00,31.97
101,01.06 01:00,29.085
101,01.06 02:00,32.097
101,01.06 03:00,29.952
101,01.06 04:00,29.869
101,01.06 05:00,30.943
101,01.06 06:00,29.909
101,01.06 07:00,27.001
101,01.06 08:00,25.935
101,01.06 09:00,30.916
101,01.06 10:00,30.995
101,01.06 11:00,30.128
101,01.06 12:00,32.858
101,01.06 13:00,32.874
101,01.06 14:00,31.862
101,01.06 15:00,31.084
101,01.06 16:00,29.915
101,01.06 17:00,28.886
101,01.06 18:00,26.898
101,01.06 19:00,23.957
101,01.06 20:00,25.006
101,01.06 21:00,28.014
101,01.06 22:00,31.992
101,01.06 23:00,30.908
101,02.06 00:00,32.062
101,02.06 01:00,31.899
101,02.06 02:00,32.1
101,02.06 03:00,32.136
101,02.06 04:00,32.912
101,02.06 05:00,30.904
101,02.06 06:00,30.878
101,02.06 07:00,30.918
101,02.06 08:00,28.049
101,02.06 09:00,29.113
101,02.06 10:00,30.844
101,02.06 11:00,30.904
101,02.06 12:00,30.848
101,02.06 13:00,29.119
101,02.06 14:00,29.378
101,02.06 15:00,31.031
101,02.06 16:00,31.04
101,02.06 17:00,28.977
101,02.06 18:00,23.932
101,02.06 19:00,24.099
101,02.06 20:00,24.057
101,02.06 21:00,24.971
101,02.06 22:00,29.888
101,02.06 23:00,30.885
101,03.06 00:00,30.879
101,03.06 01:00,30.891
101,03.06 02:00,30.002
101,03.06 03:00,31.073
101,03.06 04:00,29.9
101,03.06 05:00,31.962
101,03.06 06:00,31.099
101,03.06 07:00,29.908
101,03.06 08:00,23.915
101,03.06 09:00,27.913
101,03.06 10:00,29.953
101,03.06 11:00,30.075
101,03.06 12:00,29.854
101,03.06 13:00,29.093
101,03.06 14:00,29.069
101,03.06 15:00,30.849
101,03.06 16:00,29.062
101,03.06 17:00,31.097
101,03.06 18:00,28.12
101,03.06 19:00,26.019
101,03.06 20:00,27.133
101,03.06 21:00,30.909
101,03.06 22:00,31.897
101,03.06 23:00,30.993
101,04.06 00:00,32.11
101,04.06 01:00,32.155
101,04.06 02:00,31.003
101,04.06 03:00,32.158
101,04.06 04:00,32.07
101,04.06 05:00,31.946
101,04.06 06:00,30.877
101,04.06 07:00,32.06
101,04.06 08:00,26.096
101,04.06 09:00,26.105
101,04.06 10:00,26.078
101,04.06 11:00,27.116
101,04.06 12:00,26.003
101,04.06 13:00,26.009
101,04.06 14:00,26.901
101,04.06 15:00,26.973
101,04.06 16:00,26.044
101,04.06 17:00,27.027
101,04.06 18:00,26.062
101,04.06 19:00,25.058
101,04.06 20:00,25.911
101,04.06 21:00,30.146
101,04.06 22:00,31.997
101,04.06 23:00,30.998
101,05.06 00:00,30.861
101,05.06 01:00,30.985
101,05.06 02:00,31.09
101,05.06 03:00,30.936
101,05.06 04:00,31.118
101,05.06 05:00,32.057
101,05.06 06:00,32.045
101,05.06 07:00,29.065
101,05.06 08:00,26.116
101,05.06 09:00,26.021
101,05.06 10:00,24.92
101,05.06 11:00,25.039
101,05.06 12:00,25.942
101,05.06 13:00,25.035
101,05.06 14:00,24.965
101,05.06 15:00,23.894
101,05.06 16:00,24.878
101,05.06 17:00,24.982
101,05.06 18:00,24.995
101,05.06 19:00,24.894
101,05.06 20:00,23.932
101,05.06 21:00,25.872
101,05.06 22:00,31.888
101,05.06 23:00,31.9
101,06.06 00:00,32.069
101,06.06 01:00,33.105
101,06.06 02:00,32.119
101,06.06 03:00,32.02
101,06.06 04:00,30.986
101,06.06 05:00,32.037
101,06.06 06:00,31.872
101,06.06 07:00,30.099
101,06.06 08:00,27.905
101,06.06 09:00,33.009
101,06.06 10:00,32.845
101,06.06 11:00,33.039
101,06.06 12:00,29.98
101,06.06 13:00,32.002
101,06.06 14:00,33.842
101,06.06 15:00,32.986
101,06.06 16:00,34.029
101,06.06 17:00,31.0
101,06.06 18:00,28.993
101,06.06 19:00,25.091
101,06.06 20:00,23.902
101,06.06 21:00,26.881
101,06.06 22:00,31.122
101,06.06 23:00,32.115
101,07.06 00:00,30.148
101,07.06 01:00,29.942
101,07.06 02:00,31.97
101,07.06 03:00,30.142
101,07.06 04:00,30.848
101,07.06 05:00,30.066
101,07.06 06:00,32.032
101,07.06 07:00,27.125
101,07.06 08:00,27.105
101,07.06 09:00,35.965
101,07.06 10:00,33.147
101,07.06 11:00,34.944
101,07.06 12:00,33.914
101,07.06 13:00,31.061
101,07.06 14:00,34.025
101,07.06 15:00,32.039
101,07.06 16:00,32.082
101,07.06 17:00,32.845
101,07.06 18:00,28.926
101,07.06 19:00,26.903
101,07.06 20:00,26.031
101,07.06 21:00,28.066
101,07.06 22:00,32.112
101,07.06 23:00,31.843
101,08.06 00:00,32.987
101,08.06 01:00,31.883
101,08.06 02:00,31.874
101,08.06 03:00,33.047
101,08.06 04:00,32.049
101,08.06 05:00,32.001
101,08.06 06:00,32.063
101,08.06 07:00,26.982
101,08.06 08:00,26.867
101,08.06 09:00,34.002
101,08.06 10:00,33.091
101,08.06 11:00,34.884
101,08.06 12:00,34.009
101,08.06 13:00,31.875
101,08.06 14:00,35.15
101,08.06 15:00,33.963
101,08.06 16:00,33.106
101,08.06 17:00,31.009
101,08.06 18:00,28.059
101,08.06 19:00,26.048
101,08.06 20:00,27.096
101,08.06 21:00,28.972
101,08.06 22:00,32.983
101,08.06 23:00,31.933
101,09.06 00:00,33.132
101,09.06 01:00,32.141
101,09.06 02:00,31.967
101,09.06 03:00,31.86
101,09.06 04:00,33.924
101,09.06 05:00,30.849
101,09.06 06:00,33.005
101,09.06 07:00,28.908
101,09.06 08:00,25.909
101,09.06 09:00,30.852
101,09.06 10:00,29.072
101,09.06 11:00,30.982
101,09.06 12:00,31.108
101,09.06 13:00,30.033
101,09.06 14:00,30.149
101,09.06 15:00,30.922
101,09.06 16:00,30.105
101,09.06 17:00,29.966
101,09.06 18:00,26.975
101,09.06 19:00,25.931
101,09.06 20:00,25.886
101,09.06 21:00,28.097
101,09.06 22:00,31.796
101,09.06 23:00,32.879
101,10.06 00:00,34.035
101,10.06 01:00,33.959
101,10.06 02:00,32.957
101,10.06 03:00,34.141
101,10.06 04:00,32.304
101,10.06 05:00,32.947
101,10.06 06:00,32.146
101,10.06 07:00,29.056
101,10.06 08:00,27.017
101,10.06 09:00,29.046
101,10.06 10:00,30.879
101,10.06 11:00,30.975
101,10.06 12:00,31.108
101,10.06 13:00,30.085
101,10.06 14:00,31.007
101,10.06 15:00,30.879
101,10.06 16:00,31.887
101,10.06 17:00,30.145
101,10.06 18:00,28.899
101,10.06 19:00,27.112
101,10.06 20:00,27.132
101,10.06 21:00,28.053
101,10.06 22:00,34.019
101,10.06 23:00,31.943
101,11.06 00:00,34.025
101,11.06 01:00,32.842
101,11.06 02:00,33.08
101,11.06 03:00,32.888
101,11.06 04:00,31.961
101,11.06 05:00,33.029
101,11.06 06:00,31.86
101,11.06 07:00,30.954
101,11.06 08:00,25.924
101,11.06 09:00,26.04
101,11.06 10:00,27.124
101,11.06 11:00,23.91
101,11.06 12:00,25.917
101,11.06 13:00,27.106
101,11.06 14:00,26.096
101,11.06 15:00,26.992
101,11.06 16:00,25.013
101,11.06 17:00,28.006
101,11.06 18:00,27.009
101,11.06 19:00,25.028
101,11.06 20:00,26.922
101,11.06 21:00,30.962
101,11.06 22:00,32.86
101,11.06 23:00,35.832
101,12.06 00:00,36.051
101,12.06 01:00,36.099
101,12.06 02:00,35.965
101,12.06 03:00,34.093
101,12.06 04:00,34.832
101,12.06 05:00,35.042
101,12.06 06:00,35.075
101,12.06 07:00,32.059
101,12.06 08:00,29.112
101,12.06 09:00,27.894
101,12.06 10:00,26.992
101,12.06 11:00,28.023
101,12.06 12:00,28.069
101,12.06 13:00,29.924
101,12.06 14:00,31.148
101,12.06 15:00,32.982
101,12.06 16:00,34.072
101,12.06 17:00,32.148
101,12.06 18:00,29.937
101,12.06 19:00,30.932
101,12.06 20:00,28.955
101,12.06 21:00,28.929
101,12.06 22:00,35.936
101,12.06 23:00,35.946
101,13.06 00:00,42.095
101,13.06 01:00,37.123
101,13.06 02:00,36.995
101,13.06 03:00,33.935
101,13.06 04:00,33.082
101,13.06 05:00,33.934
101,13.06 06:00,33.85
101,13.06 07:00,36.911
101,13.06 08:00,32.053
101,13.06 09:00,32.969
101,13.06 10:00,30.954
101,13.06 11:00,30.869
101,13.06 12:00,34.035
101,13.06 13:00,33.113
101,13.06 14:00,32.042
101,13.06 15:00,34.049
101,13.06 16:00,32.851
101,13.06 17:00,34.092
101,13.06 18:00,32.994
101,13.06 19:00,30.095
101,13.06 20:00,28.051
101,13.06 21:00,29.103
101,13.06 22:00,36.943
101,13.06 23:00,36.827
101,14.06 00:00,38.16
101,14.06 01:00,40.847
101,14.06 02:00,36.988
101,14.06 03:00,35.035
101,14.06 04:00,33.084
101,14.06 05:00,34.145
101,14.06 06:00,35.04
101,14.06 07:00,36.883
101,14.06 08:00,30.905
101,14.06 09:00,33.132
101,14.06 10:00,32.911
101,14.06 11:00,35.056
101,14.06 12:00,34.905
101,14.06 13:00,34.899
101,14.06 14:00,35.976
101,14.06 15:00,37.133
101,14.06 16:00,36.888
101,14.06 17:00,37.179
101,14.06 18:00,32.743
101,14.06 19:00,30.934
101,14.06 20:00,31.032
101,14.06 21:00,31.959
101,14.06 22:00,39.059
101,14.06 23:00,36.851
101,15.06 00:00,42.874
101,15.06 01:00,44.915
101,15.06 02:00,39.883
101,15.06 03:00,34.907
101,15.06 04:00,35.05
101,15.06 05:00,34.075
101,15.06 06:00,35.133
101,15.06 07:00,35.958
101,15.06 08:00,31.047
101,15.06 09:00,33.065
101,15.06 10:00,34.033
101,15.06 11:00,33.934
101,15.06 12:00,34.002
101,15.06 13:00,34.854
101,15.06 14:00,33.116
101,15.06 15:00,34.955
101,15.06 16:00,34.839
101,15.06 17:00,37.906
101,15.06 18:00,33.005
101,15.06 19:00,32.073
101,15.06 20:00,33.829
101,15.06 21:00,33.039
101,15.06 22:00,38.189
101,15.06 23:00,40.19
101,16.06 00:00,45.11
101,16.06 01:00,41.973
101,16.06 02:00,41.156
101,16.06 03:00,37.137
101,16.06 04:00,34.909
101,16.06 05:00,34.084
101,16.06 06:00,34.857
101,16.06 07:00,33.986
101,16.06 08:00,33.989
101,16.06 09:00,33.004
101,16.06 10:00,34.831
101,16.06 11:00,34.135
101,16.06 12:00,35.088
101,16.06 13:00,35.163
101,16.06 14:00,34.953
101,16.06 15:00,33.975
101,16.06 16:00,33.892
101,16.06 17:00,32.02
101,16.06 18:00,30.465
101,16.06 19:00,30.864
101,16.06 20:00,30.072
101,16.06 21:00,31.898
101,16.06 22:00,39.195
101,16.06 23:00,37.862
101,17.06 00:00,39.873
101,17.06 01:00,42.16
101,17.06 02:00,37.871
101,17.06 03:00,38.808
101,17.06 04:00,34.835
101,17.06 05:00,34.928
101,17.06 06:00,36.061
101,17.06 07:00,32.127
101,17.06 08:00,32.16
101,17.06 09:00,33.968
101,17.06 10:00,37.118
101,17.06 11:00,37.059
101,17.06 12:00,33.141
101,17.06 13:00,34.122
101,17.06 14:00,36.849
101,17.06 15:00,35.079
101,17.06 16:00,37.121
101,17.06 17:00,32.873
101,17.06 18:00,29.059
101,17.06 19:00,30.083
101,17.06 20:00,28.028
101,17.06 21:00,30.925
101,17.06 22:00,36.162
101,17.06 23:00,37.014
101,18.06 00:00,35.936
101,18.06 01:00,35.97
101,18.06 02:00,35.861
101,18.06 03:00,36.106
101,18.06 04:00,35.92
101,18.06 05:00,36.058
101,18.06 06:00,34.865
101,18.06 07:00,30.505
101,18.06 08:00,31.964
101,18.06 09:00,30.054
101,18.06 10:00,30.055
101,18.06 11:00,29.999
101,18.06 12:00,28.957
101,18.06 13:00,24.918
101,18.06 14:00,27.903
101,18.06 15:00,24.895
101,18.06 16:00,23.014
101,18.06 17:00,21.051
101,18.06 18:00,20.997
101,18.06 19:00,22.002
101,18.06 20:00,20.965
101,18.06 21:00,22.0
101,18.06 22:00,27.88
101,18.06 23:00,28.954
101,19.06 00:00,28.008
101,19.06 01:00,28.014
101,19.06 02:00,27.88
101,19.06 03:00,29.109
101,19.06 04:00,27.946
101,19.06 05:00,27.104
101,19.06 06:00,27.104
101,19.06 07:00,25.0
101,19.06 08:00,19.037
101,19.06 09:00,22.088
101,19.06 10:00,19.005
101,19.06 11:00,20.991
101,19.06 12:00,20.097
101,19.06 13:00,22.093
101,19.06 14:00,21.007
101,19.06 15:00,21.071
101,19.06 16:00,22.024
101,19.06 17:00,21.065
101,19.06 18:00,20.971
101,19.06 19:00,21.97
101,19.06 20:00,20.071
101,19.06 21:00,22.908
101,19.06 22:00,28.079
101,19.06 23:00,28.005
101,20.06 00:00,28.033
101,20.06 01:00,27.99
101,20.06 02:00,27.915
101,20.06 03:00,26.974
101,20.06 04:00,29.073
101,20.06 05:00,27.101
101,20.06 06:00,27.952
101,20.06 07:00,25.058
101,20.06 08:00,25.096
101,20.06 09:00,25.96
101,20.06 10:00,25.011
101,20.06 11:00,25.02
101,20.06 12:00,24.919
101,20.06 13:00,27.992
101,20.06 14:00,27.072
101,20.06 15:00,26.867
101,20.06 16:00,27.069
101,20.06 17:00,26.067
101,20.06 18:00,22.935
101,20.06 19:00,21.051
101,20.06 20:00,20.013
101,20.06 21:00,22.049
101,20.06 22:00,27.089
101,20.06 23:00,27.028
101,21.06 00:00,27.019
101,21.06 01:00,26.978
101,21.06 02:00,29.037
101,21.06 03:00,27.919
101,21.06 04:00,27.865
101,21.06 05:00,26.076
101,21.06 06:00,27.877
101,21.06 07:00,25.113
101,21.06 08:00,21.993
101,21.06 09:00,24.882
101,21.06 10:00,27.884
101,21.06 11:00,26.927
101,21.06 12:00,27.123
101,21.06 13:00,26.922
101,21.06 14:00,28.915
101,21.06 15:00,28.023
101,21.06 16:00,29.132
101,21.06 17:00,29.061
101,21.06 18:00,24.968
101,21.06 19:00,21.936
101,21.06 20:00,20.023
101,21.06 21:00,21.974
101,21.06 22:00,27.022
101,21.06 23:00,27.098
101,22.06 00:00,25.988
101,22.06 01:00,26.898
101,22.06 02:00,26.073
101,22.06 03:00,26.869
101,22.06 04:00,28.118
101,22.06 05:00,25.938
101,22.06 06:00,27.971
101,22.06 07:00,22.95
101,22.06 08:00,20.983
101,22.06 09:00,26.981
101,22.06 10:00,25.922
101,22.06 11:00,29.124
101,22.06 12:00,26.079
101,22.06 13:00,28.071
101,22.06 14:00,33.068
101,22.06 15:00,31.998
101,22.06 16:00,30.983
101,22.06 17:00,26.045
101,22.06 18:00,21.939
101,22.06 19:00,20.991
101,22.06 20:00,20.005
101,22.06 21:00,23.084
101,22.06 22:00,27.123
101,22.06 23:00,27.023
101,23.06 00:00,28.112
101,23.06 01:00,26.988
101,23.06 02:00,27.12
101,23.06 03:00,27.018
101,23.06 04:00,26.881
101,23.06 05:00,26.899
101,23.06 06:00,27.132
101,23.06 07:00,24.118
101,23.06 08:00,22.066
101,23.06 09:00,25.98
101,23.06 10:00,27.907
101,23.06 11:00,26.035
101,23.06 12:00,27.105
101,23.06 13:00,27.11
101,23.06 14:00,26.87
101,23.06 15:00,27.082
101,23.06 16:00,28.026
101,23.06 17:00,27.884
101,23.06 18:00,21.959
101,23.06 19:00,20.0
101,23.06 20:00,20.965
101,23.06 21:00,19.939
101,23.06 22:00,25.998
101,23.06 23:00,26.005
101,24.06 00:00,25.939
101,24.06 01:00,25.881
101,24.06 02:00,27.91
101,24.06 03:00,26.111
101,24.06 04:00,27.084
101,24.06 05:00,25.942
101,24.06 06:00,27.016
101,24.06 07:00,23.076
101,24.06 08:00,21.93
101,24.06 09:00,25.098
101,24.06 10:00,25.018
101,24.06 11:00,25.115
101,24.06 12:00,26.042
101,24.06 13:00,24.925
101,24.06 14:00,24.957
101,24.06 15:00,25.006
101,24.06 16:00,25.049
101,24.06 17:00,22.011
101,24.06 18:00,21.093
101,24.06 19:00,20.022
101,24.06 20:00,18.907
101,24.06 21:00,20.084
101,24.06 22:00,27.017
101,24.06 23:00,26.889
101,25.06 00:00,24.996
101,25.06 01:00,26.998
101,25.06 02:00,24.878
101,25.06 03:00,26.045
101,25.06 04:00,26.929
101,25.06 05:00,25.875
101,25.06 06:00,25.995
101,25.06 07:00,22.954
101,25.06 08:00,18.915
101,25.06 09:00,18.92
101,25.06 10:00,19.543
101,25.06 11:00,18.915
101,25.06 12:00,20.061
101,25.06 13:00,20.017
101,25.06 14:00,21.053
101,25.06 15:00,20.056
101,25.06 16:00,20.082
101,25.06 17:00,19.965
101,25.06 18:00,18.995
101,25.06 19:00,20.048
101,25.06 20:00,19.069
101,25.06 21:00,22.091
101,25.06 22:00,25.907
101,25.06 23:00,26.983
101,26.06 00:00,24.909
101,26.06 01:00,26.109
101,26.06 02:00,26.973
101,26.06 03:00,25.99
101,26.06 04:00,26.909
101,26.06 05:00,25.939
101,26.06 06:00,26.087
101,26.06 07:00,26.039
101,26.06 08:00,18.081
101,26.06 09:00,19.004
101,26.06 10:00,18.989
101,26.06 11:00,20.037
101,26.06 12:00,18.04
101,26.06 13:00,19.937
101,26.06 14:00,19.061
101,26.06 15:00,19.017
101,26.06 16:00,19.968
101,26.06 17:00,19.976
101,26.06 18:00,20.056
101,26.06 19:00,19.075
101,26.06 20:00,18.974
101,26.06 21:00,23.101
101,26.06 22:00,25.095
101,26.06 23:00,26.92
101,27.06 00:00,26.076
101,27.06 01:00,26.902
101,27.06 02:00,25.101
101,27.06 03:00,27.029
101,27.06 04:00,26.107
101,27.06 05:00,25.933
101,27.06 06:00,25.941
101,27.06 07:00,24.037
101,27.06 08:00,21.05
101,27.06 09:00,25.05
101,27.06 10:00,26.955
101,27.06 11:00,28.108
101,27.06 12:00,27.066
101,27.06 13:00,28.135
101,27.06 14:00,29.14
101,27.06 15:00,27.915
101,27.06 16:00,28.948
101,27.06 17:00,26.974
101,27.06 18:00,22.051
101,27.06 19:00,22.064
101,27.06 20:00,21.962
101,27.06 21:00,21.985
101,27.06 22:00,26.955
101,27.06 23:00,26.937
101,28.06 00:00,26.983
101,28.06 01:00,26.048
101,28.06 02:00,27.894
101,28.06 03:00,27.895
101,28.06 04:00,27.133
101,28.06 05:00,25.908
101,28.06 06:00,27.889
101,28.06 07:00,24.092
101,28.06 08:00,21.991
101,28.06 09:00,25.943
101,28.06 10:00,28.039
101,28.06 11:00,29.898
101,28.06 12:00,29.943
101,28.06 13:00,27.88
101,28.06 14:00,29.115
101,28.06 15:00,30.881
101,28.06 16:00,29.007
101,28.06 17:00,30.037
101,28.06 18:00,21.913
101,28.06 19:00,19.974
101,28.06 20:00,20.026
101,28.06 21:00,23.086
101,28.06 22:00,27.071
101,28.06 23:00,27.119
101,29.06 00:00,26.991
101,29.06 01:00,25.949
101,29.06 02:00,26.063
101,29.06 03:00,25.932
101,29.06 04:00,26.93
101,29.06 05:00,26.875
101,29.06 06:00,25.948
101,29.06 07:00,25.043
101,29.06 08:00,23.098
101,29.06 09:00,25.884
101,29.06 10:00,26.921
101,29.06 11:00,27.901
101,29.06 12:00,27.133
101,29.06 13:00,29.051
101,29.06 14:00,27.107
101,29.06 15:00,26.993
101,29.06 16:00,25.9
101,29.06 17:00,24.565
101,29.06 18:00,20.1
101,29.06 19:00,20.025
101,29.06 20:00,18.918
101,29.06 21:00,22.02
101,29.06 22:00,24.912
101,29.06 23:00,25.111
101,30.06 00:00,26.053
101,30.06 01:00,24.917
101,30.06 02:00,24.969
101,30.06 03:00,25.883
101,30.06 04:00,25.09
101,30.06 05:00,24.878
101,30.06 06:00,24.975
101,30.06 07:00,22.004
101,30.06 08:00,22.039
101,30.06 09:00,23.974
101,30.06 10:00,26.097
101,30.06 11:00,25.889
101,30.06 12:00,25.964
101,30.06 13:00,25.098
101,30.06 14:00,27.12
101,30.06 15:00,25.902
101,30.06 16:00,25.952
101,30.06 17:00,23.953
101,30.06 18:00,20.978
101,30.06 19:00,21.067
101,30.06 20:00,19.989
101,30.06 21:00,19.973
101,30.06 22:00,26.969
101,30.06 23:00,25.075
101,01.07 00:00,26.885
101,01.07 01:00,26.021
101,01.07 02:00,26.917
101,01.07 03:00,27.027
101,01.07 04:00,26.06
101,01.07 05:00,25.072
101,01.07 06:00,25.988
101,01.07 07:00,24.023
101,01.07 08:00,21.088
101,01.07 09:00,24.086
101,01.07 10:00,24.927
101,01.07 11:00,24.003
101,01.07 12:00,25.094
101,01.07 13:00,23.993
101,01.07 14:00,23.999
101,01.07 15:00,23.996
101,01.07 16:00,24.119
101,01.07 17:00,23.99
101,01.07 18:00,23.891
101,01.07 19:00,24.035
101,01.07 20:00,24.11
101,01.07 21:00,24.53
101,01.07 22:00,23.987
101,01.07 23:00,24.695
101,02.07 00:00,23.963
101,02.07 02:00,23.934
101,02.07 03:00,24.037
101,02.07 04:00,23.899
101,02.07 05:00,23.937
101,02.07 06:00,23.928
101,02.07 07:00,0.0
101,02.07 08:00,0.0
101,02.07 09:00,0.0
101,02.07 10:00,0.0
101,02.07 11:00,0.0
101,02.07 12:00,0.0
101,02.07 13:00,0.0
101,02.07 14:00,0.0
101,02.07 15:00,0.0
101,02.07 16:00,0.0
101,02.07 17:00,0.0
101,02.07 18:00,0.0
101,02.07 19:00,0.0
101,02.07 20:00,0.0
101,02.07 21:00,0.0
101,02.07 22:00,0.0
101,02.07 23:00,0.0
101,03.07 00:00,0.0
101,03.07 02:00,0.0
101,03.07 03:00,0.0
101,03.07 04:00,0.0
101,03.07 05:00,0.0
101,03.07 06:00,0.0
101,03.07 07:00,0.0
101,03.07 08:00,0.0
101,03.07 09:00,0.0
101,03.07 10:00,0.0
101,03.07 11:00,0.0
101,03.07 12:00,0.0
101,03.07 13:00,0.0
101,03.07 14:00,0.0
101,03.07 15:00,0.0
101,03.07 16:00,0.0
101,03.07 17:00,0.0
101,03.07 18:00,0.0
101,03.07 19:00,0.0
101,03.07 20:00,0.0
101,03.07 21:00,0.0
101,03.07 22:00,0.0
101,03.07 23:00,0.0
101,04.07 00:00,0.0
101,04.07 02:00,0.0
101,04.07 03:00,0.0
101,04.07 04:00,0.0
101,04.07 05:00,0.0
101,04.07 06:00,0.0
101,04.07 07:00,0.0
101,04.07 08:00,0.0
101,04.07 09:00,0.0
101,04.07 10:00,0.0
101,04.07 11:00,0.0
101,04.07 12:00,0.0
101,04.07 13:00,0.0
101,04.07 14:00,0.0
101,04.07 15:00,0.0
101,04.07 16:00,0.0
101,04.07 17:00,0.0
101,04.07 18:00,0.0
101,04.07 19:00,0.0
101,04.07 20:00,0.0
101,04.07 21:00,0.0
101,04.07 22:00,0.0
101,04.07 23:00,0.0
101,05.07 00:00,0.0
101,05.07 02:00,0.0
101,05.07 03:00,0.0
101,05.07 04:00,0.0
101,05.07 06:00,26.068
101,05.07 07:00,25.264
101,05.07 08:00,21.963
101,05.07 09:00,22.042
101,05.07 10:00,23.941
101,05.07 11:00,25.052
101,05.07 12:00,24.047
101,05.07 13:00,24.988
101,05.07 14:00,26.941
101,05.07 15:00,26.026
101,05.07 16:00,27.005
101,05.07 17:00,25.043
101,05.07 18:00,21.028
101,05.07 19:00,19.934
101,05.07 20:00,18.905
101,05.07 21:00,22.023
101,05.07 22:00,25.075
101,05.07 23:00,26.883
101,06.07 00:00,25.886
101,06.07 01:00,26.066
101,06.07 02:00,26.087
101,06.07 03:00,24.891
101,06.07 04:00,26.99
101,06.07 05:00,25.918
101,06.07 06:00,26.038
101,06.07 07:00,23.041
101,06.07 08:00,23.017
101,06.07 09:00,24.053
101,06.07 10:00,24.041
101,06.07 11:00,25.07
101,06.07 12:00,24.072
101,06.07 13:00,24.958
101,06.07 14:00,23.935
101,06.07 15:00,24.108
101,06.07 16:00,24.884
101,06.07 17:00,25.013
101,06.07 18:00,20.95
101,06.07 19:00,21.023
101,06.07 20:00,19.046
101,06.07 21:00,21.906
101,06.07 22:00,26.903
101,06.07 23:00,27.126
101,07.07 00:00,26.985
101,07.07 01:00,26.095
101,07.07 02:00,27.031
101,07.07 03:00,27.017
101,07.07 04:00,26.957
101,07.07 05:00,26.041
101,07.07 06:00,26.877
101,07.07 07:00,23.973
101,07.07 08:00,23.927
101,07.07 09:00,23.047
101,07.07 10:00,24.915
101,07.07 11:00,25.94
101,07.07 12:00,25.046
101,07.07 13:00,27.028
101,07.07 14:00,26.061
101,07.07 15:00,24.952
101,07.07 16:00,25.943
101,07.07 17:00,26.012
101,07.07 18:00,21.996
101,07.07 19:00,19.918
101,07.07 20:00,19.928
101,07.07 21:00,22.025
101,07.07 22:00,26.055
101,07.07 23:00,27.095
101,08.07 00:00,26.969
101,08.07 01:00,25.923
101,08.07 02:00,27.067
101,08.07 03:00,28.08
101,08.07 04:00,26.076
101,08.07 05:00,26.943
101,08.07 06:00,25.887
101,08.07 07:00,25.1
101,08.07 08:00,23.02
101,08.07 09:00,25.085
101,08.07 10:00,0.0
101,08.07 11:00,34.044
101,08.07 12:00,27.008
101,08.07 13:00,25.948
101,08.07 14:00,28.102
101,08.07 15:00,27.949
101,08.07 16:00,26.037
101,08.07 17:00,26.073
101,08.07 18:00,22.002
101,08.07 19:00,22.925
101,08.07 20:00,20.048
101,08.07 21:00,23.894
101,08.07 22:00,27.97
101,08.07 23:00,26.956
101,09.07 00:00,28.109
101,09.07 01:00,26.964
101,09.07 02:00,27.001
101,09.07 03:00,27.126
101,09.07 04:00,27.047
101,09.07 05:00,26.877
101,09.07 06:00,28.027
101,09.07 07:00,24.95
101,09.07 08:00,22.897
101,09.07 09:00,22.074
101,09.07 10:00,23.058
101,09.07 11:00,22.967
101,09.07 12:00,22.894
101,09.07 13:00,22.959
101,09.07 14:00,21.963
101,09.07 15:00,24.087
101,09.07 16:00,21.007
101,09.07 17:00,21.078
101,09.07 18:00,19.906
101,09.07 19:00,20.965
101,09.07 20:00,21.024
101,09.07 21:00,23.968
101,09.07 22:00,27.901
101,09.07 23:00,27.918
101,10.07 00:00,27.051
101,10.07 01:00,28.047
101,10.07 02:00,26.966
101,10.07 03:00,28.106
101,10.07 04:00,26.101
101,10.07 05:00,27.928
101,10.07 06:00,26.873
101,10.07 07:00,26.083
101,10.07 08:00,19.123
101,10.07 09:00,20.978
101,10.07 10:00,19.958
101,10.07 11:00,20.934
101,10.07 12:00,20.905
101,10.07 13:00,19.917
101,10.07 14:00,21.891
101,10.07 15:00,22.081
101,10.07 16:00,22.003
101,10.07 17:00,21.073
101,10.07 18:00,20.924
101,10.07 19:00,21.986
101,10.07 20:00,20.932
101,10.07 21:00,22.96
101,10.07 22:00,29.045
101,10.07 23:00,28.126
101,11.07 00:00,28.135
101,11.07 01:00,26.95
101,11.07 02:00,27.887
101,11.07 03:00,27.961
101,11.07 04:00,27.097
101,11.07 05:00,26.983
101,11.07 06:00,28.914
101,11.07 07:00,24.963
101,11.07 08:00,26.041
101,11.07 09:00,27.992
101,11.07 10:00,26.92
101,11.07 11:00,27.001
101,11.07 12:00,27.961
101,11.07 13:00,28.037
101,11.07 14:00,28.015
101,11.07 15:00,28.902
101,11.07 16:00,28.084
101,11.07 17:00,28.906
101,11.07 18:00,25.924
101,11.07 19:00,23.061
101,11.07 20:00,24.007
101,11.07 21:00,24.057
101,11.07 22:00,29.938
101,11.07 23:00,31.018
101,12.07 00:00,29.999
101,12.07 01:00,29.924
101,12.07 02:00,32.046
101,12.07 03:00,30.017
101,12.07 04:00,29.976
101,12.07 05:00,28.106
101,12.07 06:00,28.97
101,12.07 07:00,29.02
101,12.07 08:00,25.107
101,12.07 09:00,27.935
101,12.07 10:00,30.094
101,12.07 11:00,28.123
101,12.07 12:00,28.886
101,12.07 13:00,29.998
101,12.07 14:00,31.987
101,12.07 15:00,30.048
101,12.07 16:00,29.884
101,12.07 17:00,30.064
101,12.07 18:00,26.938
101,12.07 19:00,25.009
101,12.07 20:00,26.095
101,12.07 21:00,27.106
101,12.07 22:00,32.102
101,12.07 23:00,32.037
101,13.07 00:00,32.121
101,13.07 01:00,30.985
101,13.07 02:00,31.87
101,13.07 03:00,32.155
101,13.07 04:00,31.091
101,13.07 05:00,32.093
101,13.07 06:00,31.13
101,13.07 07:00,30.04
101,13.07 08:00,28.003
101,13.07 09:00,31.998
101,13.07 10:00,31.985
101,13.07 11:00,32.157
101,13.07 12:00,33.163
101,13.07 13:00,33.923
101,13.07 14:00,33.949
101,13.07 15:00,35.149
101,13.07 16:00,34.941
101,13.07 17:00,35.132
101,13.07 18:00,31.931
101,13.07 19:00,28.073
101,13.07 20:00,28.056
101,13.07 21:00,29.066
101,13.07 22:00,33.926
101,13.07 23:00,34.992
101,14.07 00:00,35.0
101,14.07 01:00,34.108
101,14.07 02:00,33.959
101,14.07 03:00,34.095
101,14.07 04:00,34.133
101,14.07 05:00,32.898
101,14.07 06:00,33.049
101,14.07 07:00,31.827
101,14.07 08:00,29.862
101,14.07 09:00,29.918
101,14.07 10:00,31.976
101,14.07 11:00,30.482
101,14.07 12:00,33.01
101,14.07 13:00,31.641
101,14.07 14:00,33.997
101,14.07 15:00,33.951
101,14.07 16:00,33.973
101,14.07 17:00,33.976
101,14.07 18:00,30.958
101,14.07 19:00,30.022
101,14.07 20:00,29.087
101,14.07 21:00,30.088
101,14.07 22:00,38.109
101,14.07 23:00,34.849
101,15.07 00:00,35.926
101,15.07 01:00,34.884
101,15.07 02:00,37.143
101,15.07 03:00,34.827
101,15.07 04:00,35.092
101,15.07 05:00,35.171
101,15.07 06:00,34.9
101,15.07 07:00,32.977
101,15.07 08:00,31.043
101,15.07 09:00,31.063
101,15.07 10:00,31.92
101,15.07 11:00,30.966
101,15.07 12:00,31.909
101,15.07 13:00,33.065
101,15.07 14:00,33.041
101,15.07 15:00,35.975
101,15.07 16:00,34.153
101,15.07 17:00,29.968
101,15.07 18:00,29.046
101,15.07 19:00,28.866
101,15.07 20:00,26.982
101,15.07 21:00,29.997
101,15.07 22:00,33.889
101,15.07 23:00,35.123
101,16.07 00:00,33.988
101,16.07 01:00,33.953
101,16.07 02:00,35.136
101,16.07 03:00,34.106
101,16.07 04:00,33.988
101,16.07 05:00,35.009
101,16.07 06:00,35.085
101,16.07 07:00,33.969
101,16.07 08:00,30.124
101,16.07 09:00,30.102
101,16.07 10:00,33.115
101,16.07 11:00,31.113
101,16.07 12:00,32.88
101,16.07 13:00,31.867
101,16.07 14:00,31.087
101,16.07 15:00,31.046
101,16.07 16:00,30.114
101,16.07 17:00,28.024
101,16.07 18:00,29.099
101,16.07 19:00,27.935
101,16.07 20:00,27.955
101,16.07 21:00,28.943
101,16.07 22:00,33.964
101,16.07 23:00,34.905
101,17.07 00:00,33.065
101,17.07 01:00,34.048
101,17.07 02:00,32.912
101,17.07 03:00,34.148
101,17.07 04:00,33.985
101,17.07 05:00,30.945
101,17.07 06:00,31.967
101,17.07 07:00,27.068
101,17.07 08:00,26.987
101,17.07 09:00,25.978
101,17.07 10:00,26.947
101,17.07 11:00,26.89
101,17.07 12:00,26.126
101,17.07 13:00,28.09
101,17.07 14:00,26.947
101,17.07 15:00,27.079
101,17.07 16:00,28.057
101,17.07 17:00,28.11
101,17.07 18:00,27.069
101,17.07 19:00,27.131
101,17.07 20:00,27.117
101,17.07 21:00,28.073
101,17.07 22:00,27.125
101,17.07 23:00,26.953
101,18.07 00:00,26.103
101,18.07 01:00,27.926
101,18.07 02:00,26.965
101,18.07 03:00,26.965
101,18.07 04:00,27.9
101,18.07 05:00,27.047
101,18.07 06:00,27.079
101,18.07 07:00,27.864
101,18.07 08:00,30.079
101,18.07 09:00,31.029
101,18.07 10:00,32.081
101,18.07 11:00,31.919
101,18.07 12:00,30.946
101,18.07 13:00,31.084
101,18.07 14:00,31.891
101,18.07 15:00,29.928
101,18.07 16:00,29.886
101,18.07 17:00,30.117
101,18.07 18:00,27.958
101,18.07 19:00,26.114
101,18.07 20:00,26.097
101,18.07 21:00,24.883
101,18.07 22:00,26.092
101,18.07 23:00,25.102
101,19.07 00:00,24.919
101,19.07 01:00,25.012
101,19.07 02:00,26.121
101,19.07 03:00,24.888
101,19.07 04:00,24.925
101,19.07 05:00,25.878
101,19.07 06:00,24.02
101,19.07 07:00,25.899
101,19.07 08:00,27.0
101,19.07 09:00,30.038
101,19.07 10:00,32.072
101,19.07 11:00,29.984
101,19.07 12:00,32.109
101,19.07 13:00,33.941
101,19.07 14:00,32.994
101,19.07 15:00,33.949
101,19.07 16:00,35.879
101,19.07 17:00,31.882
101,19.07 18:00,33.159
101,19.07 19:00,27.99
101,19.07 20:00,28.864
101,19.07 21:00,29.136
101,19.07 22:00,34.013
101,19.07 23:00,33.971
101,20.07 00:00,33.095
101,20.07 01:00,34.073
101,20.07 02:00,34.075
101,20.07 03:00,33.977
101,20.07 04:00,34.143
101,20.07 05:00,32.958
101,20.07 06:00,33.114
101,20.07 07:00,33.007
101,20.07 08:00,32.132
101,20.07 09:00,35.17
101,20.07 10:00,35.031
101,20.07 11:00,33.858
101,20.07 12:00,33.913
101,20.07 13:00,33.946
101,20.07 14:00,34.068
101,20.07 15:00,34.997
101,20.07 16:00,35.109
101,20.07 17:00,30.064
101,20.07 18:00,30.118
101,20.07 19:00,27.11
101,20.07 20:00,25.873
101,20.07 21:00,27.906
101,20.07 22:00,31.92
101,20.07 23:00,32.878
101,21.07 00:00,32.059
101,21.07 01:00,31.913
101,21.07 02:00,34.044
101,21.07 03:00,31.935
101,21.07 04:00,31.994
101,21.07 05:00,32.389
101,21.07 06:00,31.881
101,21.07 07:00,31.097
101,21.07 08:00,29.098
101,21.07 09:00,31.945
101,21.07 10:00,34.066
101,21.07 11:00,35.162
101,21.07 12:00,33.047
101,21.07 13:00,31.921
101,21.07 14:00,34.143
101,21.07 15:00,33.96
101,21.07 16:00,33.888
101,21.07 17:00,33.141
101,21.07 18:00,28.937
101,21.07 19:00,28.855
101,21.07 20:00,28.074
101,21.07 21:00,29.012
101,21.07 22:00,33.863
101,21.07 23:00,35.011
101,22.07 00:00,33.945
101,22.07 01:00,35.101
101,22.07 02:00,34.895
101,22.07 03:00,34.867
101,22.07 04:00,34.135
101,22.07 05:00,33.969
101,22.07 06:00,34.078
101,22.07 07:00,34.039
101,22.07 08:00,30.123
101,22.07 09:00,35.928
101,22.07 10:00,34.05
101,22.07 11:00,35.108
101,22.07 12:00,33.965
101,22.07 13:00,33.162
101,22.07 14:00,34.915
101,22.07 15:00,33.879
101,22.07 16:00,32.096
101,22.07 17:00,31.076
101,22.07 18:00,28.093
101,22.07 19:00,27.881
101,22.07 20:00,27.09
101,22.07 21:00,30.105
101,22.07 22:00,33.144
101,22.07 23:00,34.098
101,23.07 00:00,35.919
101,23.07 01:00,33.157
101,23.07 02:00,34.131
101,23.07 03:00,33.964
101,23.07 04:00,33.95
101,23.07 05:00,32.851
101,23.07 06:00,33.904
101,23.07 07:00,31.881
101,23.07 08:00,25.953
101,23.07 09:00,27.893
101,23.07 10:00,29.055
101,23.07 11:00,26.898
101,23.07 12:00,28.015
101,23.07 13:00,27.865
101,23.07 14:00,26.959
101,23.07 15:00,28.107
101,23.07 16:00,25.978
101,23.07 17:00,24.993
101,23.07 18:00,27.122
101,23.07 19:00,25.098
101,23.07 20:00,23.999
101,23.07 21:00,27.923
101,23.07 22:00,32.117
101,23.07 23:00,31.935
101,24.07 00:00,33.094
101,24.07 01:00,32.16
101,24.07 02:00,33.111
101,24.07 03:00,32.99
101,24.07 04:00,32.916
101,24.07 05:00,30.797
101,24.07 06:00,26.996
101,24.07 07:00,27.042
101,24.07 08:00,20.07
101,24.07 09:00,21.059
101,24.07 10:00,21.101
101,24.07 11:00,21.901
101,24.07 12:00,20.897
101,24.07 13:00,20.987
101,24.07 14:00,22.05
101,24.07 15:00,21.958
101,24.07 16:00,20.945
101,24.07 17:00,20.898
101,24.07 18:00,21.957
101,24.07 19:00,21.892
101,24.07 20:00,20.931
101,24.07 21:00,23.104
101,24.07 22:00,29.888
101,24.07 23:00,27.954
101,25.07 00:00,28.966
101,25.07 01:00,29.096
101,25.07 02:00,27.943
101,25.07 03:00,28.987
101,25.07 04:00,27.907
101,25.07 05:00,28.068
101,25.07 06:00,28.064
101,25.07 07:00,29.135
101,25.07 08:00,24.06
101,25.07 09:00,29.1
101,25.07 10:00,36.18
101,25.07 11:00,37.093
101,25.07 12:00,38.151
101,25.07 13:00,37.126
101,25.07 14:00,38.071
101,25.07 15:00,37.974
101,25.07 16:00,35.897
101,25.07 17:00,35.0
101,25.07 18:00,32.859
101,25.07 19:00,32.115
101,25.07 20:00,34.067
101,25.07 21:00,37.096
101,25.07 22:00,36.828
101,25.07 23:00,36.968
101,26.07 00:00,37.168
101,26.07 01:00,34.874
101,26.07 02:00,37.11
101,26.07 03:00,36.131
101,26.07 04:00,35.866
101,26.07 05:00,34.05
101,26.07 06:00,34.978
101,26.07 07:00,36.153
101,26.07 08:00,31.051
101,26.07 09:00,37.851
101,26.07 10:00,36.883
101,26.07 11:00,36.986
101,26.07 12:00,36.129
101,26.07 13:00,35.163
101,26.07 14:00,36.024
101,26.07 15:00,35.932
101,26.07 16:00,35.967
101,26.07 17:00,32.154
101,26.07 18:00,29.106
101,26.07 19:00,27.06
101,26.07 20:00,28.115
101,26.07 21:00,29.07
101,26.07 22:00,34.119
101,26.07 23:00,32.914
101,27.07 00:00,34.062
101,27.07 01:00,32.149
101,27.07 02:00,32.933
101,27.07 03:00,32.092
101,27.07 04:00,34.049
101,27.07 05:00,32.041
101,27.07 06:00,31.855
101,27.07 07:00,32.034
101,27.07 08:00,29.115
101,27.07 09:00,31.013
101,27.07 10:00,31.853
101,27.07 11:00,33.149
101,27.07 12:00,35.002
101,27.07 13:00,33.073
101,27.07 14:00,37.896
101,27.07 15:00,34.156
101,27.07 16:00,31.923
101,27.07 17:00,28.973
101,27.07 18:00,27.113
101,27.07 19:00,25.005
101,27.07 20:00,24.887
101,27.07 21:00,26.073
101,27.07 22:00,31.984
101,27.07 23:00,30.001
101,28.07 00:00,31.084
101,28.07 01:00,29.963
101,28.07 02:00,30.079
101,28.07 03:00,30.85
101,28.07 04:00,30.015
101,28.07 05:00,28.865
101,28.07 06:00,30.93
101,28.07 07:00,30.07
101,28.07 08:00,26.016
101,28.07 09:00,27.927
101,28.07 10:00,30.062
101,28.07 11:00,28.978
101,28.07 12:00,30.897
101,28.07 13:00,29.048
101,28.07 14:00,30.075
101,28.07 15:00,28.973
101,28.07 16:00,27.899
101,28.07 17:00,27.092
101,28.07 18:00,24.034
101,28.07 19:00,21.002
101,28.07 20:00,22.039
101,28.07 21:00,25.101
101,28.07 22:00,27.93
101,28.07 23:00,28.893
101,29.07 00:00,26.984
101,29.07 01:00,28.076
101,29.07 02:00,28.974
101,29.07 03:00,29.11
101,29.07 04:00,26.892
101,29.07 05:00,29.098
101,29.07 06:00,26.022
101,29.07 07:00,29.03
101,29.07 08:00,25.003
101,29.07 09:00,26.955
101,29.07 10:00,28.992
101,29.07 11:00,27.099
101,29.07 12:00,27.934
101,29.07 13:00,29.003
101,29.07 14:00,29.107
101,29.07 15:00,28.007
101,29.07 16:00,27.999
101,29.07 17:00,26.99
101,29.07 18:00,24.997
101,29.07 19:00,23.106
101,29.07 20:00,23.008
101,29.07 21:00,24.96
101,29.07 22:00,29.019
101,29.07 23:00,29.057
101,30.07 00:00,29.126
101,30.07 01:00,29.039
101,30.07 02:00,29.995
101,30.07 03:00,28.878
101,30.07 04:00,28.054
101,30.07 05:00,29.037
101,30.07 06:00,28.098
101,30.07 07:00,28.068
101,30.07 08:00,20.902
101,30.07 09:00,21.999
101,30.07 10:00,21.012
101,30.07 11:00,24.055
101,30.07 12:00,21.969
101,30.07 13:00,23.907
101,30.07 14:00,23.042
101,30.07 15:00,23.099
101,30.07 16:00,22.954
101,30.07 17:00,23.967
101,30.07 18:00,23.098
101,30.07 19:00,25.077
101,30.07 20:00,23.082
101,30.07 21:00,25.985
101,30.07 22:00,30.055
101,30.07 23:00,30.046
101,31.07 00:00,29.999
101,31.07 01:00,30.945
101,31.07 02:00,28.906
101,31.07 03:00,29.036
101,31.07 04:00,28.881
101,31.07 05:00,28.992
101,31.07 06:00,27.942
101,31.07 07:00,28.899
101,31.07 08:00,22.005
101,31.07 09:00,22.021
101,31.07 10:00,21.99
101,31.07 11:00,24.042
101,31.07 12:00,23.967
101,31.07 13:00,23.099
101,31.07 14:00,23.044
101,31.07 15:00,23.985
101,31.07 16:00,23.944
101,31.07 17:00,24.118
101,31.07 18:00,23.943
101,31.07 19:00,25.052
101,31.07 20:00,23.956
101,31.07 21:00,26.028
101,31.07 22:00,30.932
101,31.07 23:00,30.074
101,01.08 00:00,30.031
101,01.08 01:00,29.115
101,01.08 02:00,29.883
101,01.08 03:00,28.888
101,01.08 04:00,28.93
101,01.08 05:00,28.005
101,01.08 06:00,29.073
101,01.08 07:00,28.961
101,01.08 08:00,26.123
101,01.08 09:00,29.035
101,01.08 10:00,31.12
101,01.08 11:00,32.085
101,01.08 12:00,33.095
101,01.08 13:00,34.114
101,01.08 14:00,35.882
101,01.08 15:00,32.062
101,01.08 16:00,31.914
101,01.08 17:00,28.892
101,01.08 18:00,26.03
101,01.08 19:00,25.05
101,01.08 20:00,26.111
101,01.08 21:00,27.093
101,01.08 22:00,31.099
101,01.08 23:00,30.97
101,02.08 00:00,31.087
101,02.08 01:00,29.924
101,02.08 02:00,30.932
101,02.08 03:00,30.94
101,02.08 04:00,31.107
101,02.08 05:00,29.035
101,02.08 06:00,28.87
101,02.08 07:00,30.017
101,02.08 08:00,28.108
101,02.08 09:00,30.91
101,02.08 10:00,31.149
101,02.08 11:00,32.104
101,02.08 12:00,30.053
101,02.08 13:00,32.003
101,02.08 14:00,31.052
101,02.08 15:00,31.131
101,02.08 16:00,29.945
101,02.08 17:00,29.056
101,02.08 18:00,24.915
101,02.08 19:00,25.888
101,02.08 20:00,24.001
101,02.08 21:00,28.078
101,02.08 22:00,31.007
101,02.08 23:00,31.895
101,03.08 00:00,30.906
101,03.08 01:00,29.85
101,03.08 02:00,31.034
101,03.08 03:00,29.883
101,03.08 04:00,29.145
101,03.08 05:00,28.965
101,03.08 06:00,29.891
101,03.08 07:00,28.992
101,03.08 08:00,25.989
101,03.08 09:00,27.95
101,03.08 10:00,30.872
101,03.08 11:00,28.872
101,03.08 12:00,30.981
101,03.08 13:00,29.07
101,03.08 14:00,28.94
101,03.08 15:00,29.891
101,03.08 16:00,30.125
101,03.08 17:00,29.94
101,03.08 18:00,25.987
101,03.08 19:00,25.988
101,03.08 20:00,25.928
101,03.08 21:00,29.958
101,03.08 22:00,32.108
101,03.08 23:00,32.877
101,04.08 00:00,33.039
101,04.08 01:00,33.083
101,04.08 02:00,31.934
101,04.08 03:00,30.859
101,04.08 04:00,30.973
101,04.08 05:00,31.087
101,04.08 06:00,29.987
101,04.08 07:00,31.849
101,04.08 08:00,26.06
101,04.08 09:00,30.968
101,04.08 10:00,32.129
101,04.08 11:00,27.007
101,04.08 12:00,29.089
101,04.08 13:00,29.962
101,04.08 14:00,29.075
101,04.08 15:00,29.038
101,04.08 16:00,30.046
101,04.08 17:00,28.018
101,04.08 18:00,26.943
101,04.08 19:00,27.053
101,04.08 20:00,24.89
101,04.08 21:00,28.091
101,04.08 22:00,31.975
101,04.08 23:00,32.839
101,05.08 00:00,31.023
101,05.08 01:00,31.969
101,05.08 02:00,30.997
101,05.08 03:00,30.986
101,05.08 04:00,31.022
101,05.08 05:00,29.131
101,05.08 06:00,30.111
101,05.08 07:00,30.057
101,05.08 08:00,25.033
101,05.08 09:00,28.103
101,05.08 10:00,29.937
101,05.08 11:00,30.138
101,05.08 12:00,30.943
101,05.08 13:00,30.087
101,05.08 14:00,30.067
101,05.08 15:00,30.965
101,05.08 16:00,29.971
101,05.08 17:00,27.969
101,05.08 18:00,25.921
101,05.08 19:00,26.082
101,05.08 20:00,24.907
101,05.08 21:00,28.862
101,05.08 22:00,30.993
101,05.08 23:00,31.888
101,06.08 00:00,32.003
101,06.08 01:00,32.055
101,06.08 02:00,32.129
101,06.08 03:00,30.899
101,06.08 04:00,31.132
101,06.08 05:00,30.135
101,06.08 06:00,30.972
101,06.08 07:00,28.028
101,06.08 08:00,23.062
101,06.08 09:00,23.048
101,06.08 10:00,22.894
101,06.08 11:00,24.09
101,06.08 12:00,24.075
101,06.08 13:00,25.093
101,06.08 14:00,24.062
101,06.08 15:00,24.068
101,06.08 16:00,25.012
101,06.08 17:00,24.053
101,06.08 18:00,24.979
101,06.08 19:00,23.95
101,06.08 20:00,24.88
101,06.08 21:00,28.078
101,06.08 22:00,32.117
101,06.08 23:00,30.91
101,07.08 00:00,31.86
101,07.08 01:00,30.944
101,07.08 02:00,31.979
101,07.08 03:00,31.001
101,07.08 04:00,30.932
101,07.08 05:00,30.011
101,07.08 06:00,31.077
101,07.08 07:00,31.097
101,07.08 08:00,23.985
101,07.08 09:00,23.883
101,07.08 10:00,23.91
101,07.08 11:00,25.009
101,07.08 12:00,24.995
101,07.08 13:00,24.098
101,07.08 14:00,25.023
101,07.08 15:00,24.92
101,07.08 16:00,24.91
101,07.08 17:00,25.033
101,07.08 18:00,23.931
101,07.08 19:00,25.124
101,07.08 20:00,25.885
101,07.08 21:00,28.019
101,07.08 22:00,31.096
101,07.08 23:00,32.962
101,08.08 00:00,32.995
101,08.08 01:00,32.119
101,08.08 02:00,32.022
101,08.08 03:00,32.021
101,08.08 04:00,31.047
101,08.08 05:00,30.975
101,08.08 06:00,29.968
101,08.08 07:00,31.03
101,08.08 08:00,24.978
101,08.08 09:00,31.134
101,08.08 10:00,30.898
101,08.08 11:00,29.945
101,08.08 12:00,31.875
101,08.08 13:00,31.155
101,08.08 14:00,32.879
101,08.08 15:00,33.14
101,08.08 16:00,33.142
101,08.08 17:00,29.861
101,08.08 18:00,30.911
101,08.08 19:00,28.925
101,08.08 20:00,28.002
101,08.08 21:00,31.982
101,08.08 22:00,35.146
101,08.08 23:00,35.107
101,09.08 00:00,33.938
101,09.08 01:00,32.901
101,09.08 02:00,33.042
101,09.08 03:00,33.109
101,09.08 04:00,33.058
101,09.08 05:00,32.0
101,09.08 06:00,30.893
101,09.08 07:00,34.075
101,09.08 08:00,26.119
101,09.08 09:00,30.941
101,09.08 10:00,31.933
101,09.08 11:00,29.022
101,09.08 12:00,29.908
101,09.08 13:00,30.037
101,09.08 14:00,31.965
101,09.08 15:00,32.872
101,09.08 16:00,32.884
101,09.08 17:00,30.903
101,09.08 18:00,31.133
101,09.08 19:00,25.908
101,09.08 20:00,29.13
101,09.08 21:00,30.95
101,09.08 22:00,34.094
101,09.08 23:00,33.871
101,10.08 00:00,32.911
101,10.08 01:00,33.956
101,10.08 02:00,32.941
101,10.08 03:00,33.14
101,10.08 04:00,33.066
101,10.08 05:00,32.006
101,10.08 06:00,33.975
101,10.08 07:00,31.969
101,10.08 08:00,29.125
101,10.08 09:00,32.038
101,10.08 10:00,30.13
101,10.08 11:00,31.102
101,10.08 12:00,32.018
101,10.08 13:00,30.022
101,10.08 14:00,32.906
101,10.08 15:00,32.137
101,10.08 16:00,31.885
101,10.08 17:00,31.051
101,10.08 18:00,27.997
101,10.08 19:00,28.037
101,10.08 20:00,26.038
101,10.08 21:00,29.94
101,10.08 22:00,33.052
101,10.08 23:00,33.115
101,11.08 00:00,35.991
101,11.08 01:00,32.868
101,11.08 02:00,31.924
101,11.08 03:00,31.12
101,11.08 04:00,32.048
101,11.08 05:00,32.154
101,11.08 06:00,32.086
101,11.08 07:00,31.873
101,11.08 08:00,27.928
101,11.08 09:00,30.943
101,11.08 10:00,32.842
101,11.08 11:00,33.923
101,11.08 12:00,34.129
101,11.08 13:00,33.042
101,11.08 14:00,34.076
101,11.08 15:00,32.855
101,11.08 16:00,31.89
101,11.08 17:00,31.967
101,11.08 18:00,27.907
101,11.08 19:00,26.983
101,11.08 20:00,25.952
101,11.08 21:00,30.934
101,11.08 22:00,31.877
101,11.08 23:00,32.895
101,12.08 00:00,33.099
101,12.08 01:00,32.842
101,12.08 02:00,33.883
101,12.08 03:00,32.883
101,12.08 04:00,32.134
101,12.08 05:00,30.917
101,12.08 06:00,32.844
101,12.08 07:00,30.978
101,12.08 08:00,28.988
101,12.08 09:00,32.036
101,12.08 10:00,30.054
101,12.08 11:00,34.077
101,12.08 12:00,33.099
101,12.08 13:00,31.031
101,12.08 14:00,32.073
101,12.08 15:00,29.993
101,12.08 16:00,30.904
101,12.08 17:00,31.85
101,12.08 18:00,29.004
101,12.08 19:00,27.938
101,12.08 20:00,25.915
101,12.08 21:00,31.959
101,12.08 22:00,33.035
101,12.08 23:00,32.916
101,13.08 00:00,31.955
101,13.08 01:00,31.132
101,13.08 02:00,33.106
101,13.08 03:00,32.096
101,13.08 04:00,30.975
101,13.08 05:00,31.92
101,13.08 06:00,30.877
101,13.08 07:00,30.97
101,13.08 08:00,25.111
101,13.08 09:00,22.999
101,13.08 10:00,24.983
101,13.08 11:00,22.087
101,13.08 12:00,24.041
101,13.08 13:00,23.911
101,13.08 14:00,24.89
101,13.08 15:00,25.006
101,13.08 16:00,25.96
101,13.08 17:00,26.006
101,13.08 18:00,27.093
101,13.08 19:00,23.942
101,13.08 20:00,24.061
101,13.08 21:00,29.988
101,13.08 22:00,31.042
101,13.08 23:00,31.915
101,14.08 00:00,30.059
101,14.08 01:00,29.87
101,14.08 02:00,29.06
101,14.08 03:00,28.95
101,14.08 04:00,27.674
101,14.08 05:00,29.113
101,14.08 06:00,28.944
101,14.08 07:00,27.931
101,14.08 08:00,23.995
101,14.08 09:00,21.938
101,14.08 10:00,21.896
101,14.08 11:00,22.93
101,14.08 12:00,23.052
101,14.08 13:00,23.036
101,14.08 14:00,21.906
101,14.08 15:00,22.045
101,14.08 16:00,21.957
101,14.08 17:00,21.919
101,14.08 18:00,21.906
101,14.08 19:00,20.902
101,14.08 20:00,24.932
101,14.08 21:00,28.978
101,14.08 22:00,29.096
101,14.08 23:00,28.091
101,15.08 00:00,27.879
101,15.08 01:00,27.03
101,15.08 02:00,27.93
101,15.08 03:00,28.048
101,15.08 04:00,26.889
101,15.08 05:00,26.928
101,15.08 06:00,27.113
101,15.08 07:00,25.171
101,15.08 08:00,28.066
101,15.08 09:00,25.038
101,15.08 10:00,25.09
101,15.08 11:00,25.025
101,15.08 12:00,23.094
101,15.08 13:00,22.895
101,15.08 14:00,23.74
101,15.08 15:00,25.064
101,15.08 16:00,29.126
101,15.08 17:00,24.995
101,15.08 18:00,21.998
101,15.08 19:00,21.02
101,15.08 20:00,21.071
101,15.08 21:00,26.968
101,15.08 22:00,27.957
101,15.08 23:00,28.059
101,16.08 00:00,27.914
101,16.08 01:00,28.935
101,16.08 02:00,27.066
101,16.08 03:00,26.945
101,16.08 04:00,27.135
101,16.08 05:00,26.998
101,16.08 06:00,26.879
101,16.08 07:00,26.986
101,16.08 08:00,29.906
101,16.08 09:00,26.104
101,16.08 10:00,28.096
101,16.08 11:00,29.99
101,16.08 12:00,27.952
101,16.08 13:00,26.965
101,16.08 14:00,26.946
101,16.08 15:00,28.053
101,16.08 16:00,26.05
101,16.08 17:00,26.044
101,16.08 18:00,24.119
101,16.08 19:00,21.93
101,16.08 20:00,20.991
101,16.08 21:00,28.06
101,16.08 22:00,30.115
101,16.08 23:00,29.97
101,17.08 00:00,29.126
101,17.08 01:00,29.091
101,17.08 02:00,28.074
101,17.08 03:00,26.937
101,17.08 04:00,27.033
101,17.08 05:00,26.954
101,17.08 06:00,28.054
101,17.08 07:00,27.93
101,17.08 08:00,25.951
101,17.08 09:00,28.0
101,17.08 10:00,29.142
101,17.08 11:00,27.898
101,17.08 12:00,27.101
101,17.08 13:00,27.989
101,17.08 14:00,30.0
101,17.08 15:00,28.881
101,17.08 16:00,26.999
101,17.08 17:00,26.923
101,17.08 18:00,24.032
101,17.08 19:00,23.042
101,17.08 20:00,22.06
101,17.08 21:00,30.072
101,17.08 22:00,29.919
101,17.08 23:00,31.123
101,18.08 00:00,30.029
101,18.08 01:00,29.009
101,18.08 02:00,31.97
101,18.08 03:00,30.128
101,18.08 04:00,26.899
101,18.08 05:00,30.038
101,18.08 06:00,27.886
101,18.08 07:00,28.955
101,18.08 08:00,26.95
101,18.08 09:00,27.99
101,18.08 10:00,28.972
101,18.08 11:00,33.126
101,18.08 12:00,29.861
101,18.08 13:00,29.911
101,18.08 14:00,32.901
101,18.08 15:00,29.115
101,18.08 16:00,32.1
101,18.08 17:00,28.083
101,18.08 18:00,24.89
101,18.08 19:00,25.075
101,18.08 20:00,25.817
101,18.08 21:00,31.017
101,18.08 22:00,33.035
101,18.08 23:00,31.896
101,19.08 00:00,31.926
101,19.08 01:00,31.122
101,19.08 02:00,30.064
101,19.08 03:00,28.932
101,19.08 04:00,29.102
101,19.08 05:00,28.047
101,19.08 06:00,29.121
101,19.08 07:00,30.026
101,19.08 08:00,26.905
101,19.08 09:00,33.091
101,19.08 10:00,34.105
101,19.08 11:00,34.908
101,19.08 12:00,33.908
101,19.08 13:00,36.068
101,19.08 14:00,35.91
101,19.08 15:00,35.122
101,19.08 16:00,36.877
101,19.08 17:00,36.941
101,19.08 18:00,35.167
101,19.08 19:00,31.921
101,19.08 20:00,28.973
101,19.08 21:00,39.073
101,19.08 22:00,37.095
101,19.08 23:00,37.96
101,20.08 00:00,36.913
101,20.08 01:00,34.937
101,20.08 02:00,34.672
101,20.08 03:00,31.897
101,20.08 04:00,31.994
101,20.08 05:00,29.89
101,20.08 06:00,31.117
101,20.08 07:00,29.894
101,20.08 08:00,29.968
101,20.08 09:00,31.087
101,20.08 10:00,31.919
101,20.08 11:00,34.038
101,20.08 12:00,32.145
101,20.08 13:00,30.953
101,20.08 14:00,30.992
101,20.08 15:00,31.952
101,20.08 16:00,34.153
101,20.08 17:00,34.968
101,20.08 18:00,33.903
101,20.08 19:00,33.006
101,20.08 20:00,30.073
101,20.08 21:00,37.16
101,20.08 22:00,38.005
101,20.08 23:00,38.142
101,21.08 00:00,37.09
101,21.08 01:00,36.137
101,21.08 02:00,34.989
101,21.08 03:00,32.942
101,21.08 04:00,33.13
101,21.08 05:00,30.877
101,21.08 06:00,30.057
101,21.08 07:00,29.959
101,21.08 08:00,28.979
101,21.08 09:00,29.025
101,21.08 10:00,31.123
101,21.08 11:00,30.875
101,21.08 12:00,33.154
101,21.08 13:00,32.01
101,21.08 14:00,32.734
101,21.08 15:00,34.126
101,21.08 16:00,35.052
101,21.08 17:00,30.078
101,21.08 18:00,31.993
101,21.08 19:00,30.898
101,21.08 20:00,35.987
101,21.08 21:00,37.914
101,21.08 22:00,38.103
101,21.08 23:00,36.878
101,22.08 00:00,36.903
101,22.08 01:00,36.912
101,22.08 02:00,36.178
101,22.08 03:00,35.023
101,22.08 04:00,32.093
101,22.08 05:00,30.098
101,22.08 06:00,30.988
101,22.08 07:00,31.988
101,22.08 08:00,31.106
101,22.08 09:00,34.098
101,22.08 10:00,36.12
101,22.08 11:00,37.896
101,22.08 12:00,41.99
101,22.08 13:00,40.091
101,22.08 14:00,37.178
101,22.08 15:00,38.039
101,22.08 16:00,37.058
101,22.08 17:00,36.093
101,22.08 18:00,33.035
101,22.08 19:00,35.027
101,22.08 20:00,34.964
101,22.08 21:00,38.08
101,22.08 22:00,41.17
101,22.08 23:00,39.948
101,23.08 00:00,41.932
101,23.08 01:00,35.573
101,23.08 02:00,37.147
101,23.08 03:00,35.929
101,23.08 04:00,33.024
101,23.08 05:00,32.025
101,23.08 06:00,32.083
101,23.08 07:00,30.993
101,23.08 08:00,28.865
101,23.08 09:00,32.112
101,23.08 10:00,36.979
101,23.08 11:00,35.931
101,23.08 12:00,37.152
101,23.08 13:00,38.893
101,23.08 14:00,41.188
101,23.08 15:00,40.807
101,23.08 16:00,40.879
101,23.08 17:00,42.908
101,23.08 18:00,39.889
101,23.08 19:00,31.037
101,23.08 20:00,33.124
101,23.08 21:00,39.137
101,23.08 22:00,39.856
101,23.08 23:00,45.171
101,24.08 00:00,42.879
101,24.08 01:00,39.942
101,24.08 02:00,36.114
101,24.08 03:00,34.018
101,24.08 04:00,34.093
101,24.08 05:00,33.905
101,24.08 06:00,32.952
101,24.08 07:00,34.864
101,24.08 08:00,35.002
101,24.08 09:00,35.875
101,24.08 10:00,38.846
101,24.08 11:00,40.106
101,24.08 12:00,39.102
101,24.08 13:00,36.884
101,24.08 14:00,42.828
101,24.08 15:00,42.048
101,24.08 16:00,44.06
101,24.08 17:00,40.902
101,24.08 18:00,37.971
101,24.08 19:00,33.985
101,24.08 20:00,33.919
101,24.08 21:00,41.884
101,24.08 22:00,41.815
101,24.08 23:00,43.016
101,25.08 00:00,41.846
101,25.08 01:00,39.081
101,25.08 02:00,35.951
101,25.08 03:00,33.907
101,25.08 04:00,32.154
101,25.08 05:00,32.023
101,25.08 06:00,33.137
101,25.08 07:00,34.917
101,25.08 08:00,31.975
101,25.08 09:00,38.024
101,25.08 10:00,39.159
101,25.08 11:00,37.958
101,25.08 12:00,39.969
101,25.08 13:00,39.15
101,25.08 14:00,42.158
101,25.08 15:00,44.08
101,25.08 16:00,43.018
101,25.08 17:00,40.089
101,25.08 18:00,34.114
101,25.08 19:00,35.864
101,25.08 20:00,33.859
101,25.08 21:00,42.053
101,25.08 22:00,47.161
101,25.08 23:00,44.966
101,26.08 00:00,43.056
101,26.08 01:00,38.87
101,26.08 02:00,36.865
101,26.08 03:00,35.04
101,26.08 04:00,33.082
101,26.08 05:00,32.934
101,26.08 06:00,31.972
101,26.08 07:00,33.926
101,26.08 08:00,34.906
101,26.08 09:00,35.165
101,26.08 10:00,38.931
101,26.08 11:00,46.176
101,26.08 12:00,39.016
101,26.08 13:00,38.953
101,26.08 14:00,42.155
101,26.08 15:00,40.918
101,26.08 16:00,45.198
101,26.08 17:00,45.085
101,26.08 18:00,39.0
101,26.08 19:00,39.068
101,26.08 20:00,41.916
101,26.08 21:00,44.904
101,26.08 22:00,40.909
101,26.08 23:00,40.897
101,27.08 00:00,40.066
101,27.08 01:00,38.911
101,27.08 02:00,39.954
101,27.08 03:00,36.038
101,27.08 04:00,34.009
101,27.08 05:00,33.074
101,27.08 06:00,31.069
101,27.08 07:00,33.147
101,27.08 08:00,27.007
101,27.08 09:00,27.96
101,27.08 10:00,31.876
101,27.08 11:00,34.847
101,27.08 12:00,32.98
101,27.08 13:00,30.926
101,27.08 14:00,35.832
101,27.08 15:00,34.066
101,27.08 16:00,36.162
101,27.08 17:00,42.829
101,27.08 18:00,42.058
101,27.08 19:00,39.926
101,27.08 20:00,40.073
101,27.08 21:00,40.033
101,27.08 22:00,40.911
101,27.08 23:00,37.96
101,28.08 00:00,42.172
101,28.08 01:00,42.99
101,28.08 02:00,43.123
101,28.08 03:00,40.987
101,28.08 04:00,35.034
101,28.08 05:00,33.604
101,28.08 06:00,32.872
101,28.08 07:00,31.891
101,28.08 08:00,29.072
101,28.08 09:00,30.07
101,28.08 10:00,33.027
101,28.08 11:00,35.151
101,28.08 12:00,34.877
101,28.08 13:00,35.0
101,28.08 14:00,38.0
101,28.08 15:00,37.055
101,28.08 16:00,36.984
101,28.08 17:00,39.921
101,28.08 18:00,45.109
101,28.08 19:00,42.122
101,28.08 20:00,40.958
101,28.08 21:00,48.926
101,28.08 22:00,45.003
101,28.08 23:00,46.055
101,29.08 00:00,42.035
101,29.08 01:00,38.908
101,29.08 02:00,37.065
101,29.08 03:00,34.115
101,29.08 04:00,33.084
101,29.08 05:00,32.057
101,29.08 06:00,32.871
101,29.08 07:00,33.839
101,29.08 08:00,35.092
101,29.08 09:00,33.871
101,29.08 10:00,37.174
101,29.08 11:00,39.179
101,29.08 12:00,45.147
101,29.08 13:00,44.09
101,29.08 14:00,39.049
101,29.08 15:00,39.975
101,29.08 16:00,41.982
101,29.08 17:00,38.924
101,29.08 18:00,36.12
101,29.08 19:00,35.174
101,29.08 20:00,35.081
101,29.08 21:00,45.145
101,29.08 22:00,48.777
101,29.08 23:00,43.071
101,30.08 00:00,45.938
101,30.08 01:00,40.194
101,30.08 02:00,36.907
101,30.08 03:00,35.098
101,30.08 04:00,32.949
101,30.08 05:00,33.869
101,30.08 06:00,33.059
101,30.08 07:00,33.862
101,30.08 08:00,33.92
101,30.08 09:00,34.155
101,30.08 10:00,37.897
101,30.08 11:00,40.191
101,30.08 12:00,36.897
101,30.08 13:00,34.995
101,30.08 14:00,40.798
101,30.08 15:00,36.987
101,30.08 16:00,38.007
101,30.08 17:00,37.015
101,30.08 18:00,36.139
101,30.08 19:00,33.118
101,30.08 20:00,30.118
101,30.08 21:00,40.14
101,30.08 22:00,46.847
101,30.08 23:00,46.051
101,31.08 00:00,45.099
101,31.08 01:00,39.897
101,31.08 02:00,36.103
101,31.08 03:00,33.067
101,31.08 04:00,33.891
101,31.08 05:00,32.015
101,31.08 06:00,33.001
101,31.08 07:00,33.972
101,31.08 08:00,35.12
101,31.08 09:00,34.834
101,31.08 10:00,35.883
101,31.08 11:00,38.159
101,31.08 12:00,42.057
101,31.08 13:00,36.041
101,31.08 14:00,35.869
101,31.08 15:00,37.18
101,31.08 16:00,41.203
101,31.08 17:00,40.063
101,31.08 18:00,35.112
101,31.08 19:00,32.889
101,31.08 20:00,36.115
101,31.08 21:00,41.102
101,31.08 22:00,47.901
101,31.08 23:00,50.065
101,01.09 00:00,45.146
101,01.09 01:00,40.81
101,01.09 02:00,40.948
101,01.09 03:00,34.967
101,01.09 04:00,32.91
101,01.09 05:00,33.092
101,01.09 06:00,33.097
101,01.09 07:00,32.874
101,01.09 08:00,33.92
101,01.09 09:00,37.129
101,01.09 10:00,44.029
101,01.09 11:00,43.175
101,01.09 12:00,43.047
101,01.09 13:00,44.816
101,01.09 14:00,43.2
101,01.09 15:00,46.176
101,01.09 16:00,39.804
101,01.09 17:00,39.041
101,01.09 18:00,35.85
101,01.09 19:00,34.111
101,01.09 20:00,37.895
101,01.09 21:00,43.173
101,01.09 22:00,46.018
101,01.09 23:00,48.949
101,02.09 00:00,44.016
101,02.09 01:00,39.155
101,02.09 02:00,37.956
101,02.09 03:00,35.996
101,02.09 04:00,33.92
101,02.09 05:00,33.111
101,02.09 06:00,31.987
101,02.09 07:00,35.135
101,02.09 08:00,35.172
101,02.09 09:00,35.884
101,02.09 10:00,34.438
101,02.09 11:00,40.093
101,02.09 12:00,37.09
101,02.09 13:00,36.073
101,02.09 14:00,38.045
101,02.09 15:00,39.907
101,02.09 16:00,43.134
101,02.09 17:00,41.974
101,02.09 18:00,38.86
101,02.09 19:00,34.858
101,02.09 20:00,33.071
101,02.09 21:00,44.838
101,02.09 22:00,39.971
101,02.09 23:00,44.92
101,03.09 00:00,39.117
101,03.09 01:00,36.061
101,03.09 02:00,36.879
101,03.09 03:00,35.095
101,03.09 04:00,32.977
101,03.09 05:00,30.877
101,03.09 06:00,31.989
101,03.09 07:00,31.865
101,03.09 08:00,32.005
101,03.09 09:00,29.922
101,03.09 10:00,26.939
101,03.09 11:00,35.988
101,03.09 12:00,36.993
101,03.09 13:00,42.122
101,03.09 14:00,34.875
101,03.09 15:00,36.886
101,03.09 16:00,38.1
101,03.09 17:00,35.972
101,03.09 18:00,33.835
101,03.09 19:00,31.112
101,03.09 20:00,30.146
101,03.09 21:00,40.101
101,03.09 22:00,42.074
101,03.09 23:00,45.865
101,04.09 00:00,40.865
101,04.09 01:00,39.068
101,04.09 02:00,36.006
101,04.09 03:00,36.104
101,04.09 04:00,34.978
101,04.09 05:00,33.149
101,04.09 06:00,32.893
101,04.09 07:00,31.092
101,04.09 08:00,28.035
101,04.09 09:00,28.978
101,04.09 10:00,30.149
101,04.09 11:00,29.859
101,04.09 12:00,34.156
101,04.09 13:00,40.852
101,04.09 14:00,39.884
101,04.09 15:00,36.144
101,04.09 16:00,39.955
101,04.09 17:00,33.853
101,04.09 18:00,34.897
101,04.09 19:00,34.161
101,04.09 20:00,35.063
101,04.09 21:00,39.028
101,04.09 22:00,36.993
101,04.09 23:00,39.046
101,05.09 00:00,40.02
101,05.09 01:00,40.193
101,05.09 02:00,37.927
101,05.09 03:00,34.899
101,05.09 04:00,33.835
101,05.09 05:00,32.081
101,05.09 06:00,31.133
101,05.09 07:00,34.12
101,05.09 08:00,32.785
101,05.09 09:00,32.951
101,05.09 10:00,39.876
101,05.09 11:00,39.066
101,05.09 12:00,40.823
101,05.09 13:00,40.048
101,05.09 14:00,43.095
101,05.09 15:00,38.156
101,05.09 16:00,32.995
101,05.09 17:00,35.912
101,05.09 18:00,37.145
101,05.09 19:00,36.133
101,05.09 20:00,42.977
101,05.09 21:00,48.163
101,05.09 22:00,51.879
101,05.09 23:00,46.864
101,06.09 00:00,46.149
101,06.09 01:00,41.13
101,06.09 02:00,38.974
101,06.09 03:00,35.905
101,06.09 04:00,35.942
101,06.09 05:00,33.906
101,06.09 06:00,34.839
101,06.09 07:00,35.874
101,06.09 08:00,34.056
101,06.09 09:00,35.119
101,06.09 10:00,37.858
101,06.09 11:00,38.091
101,06.09 12:00,42.059
101,06.09 13:00,39.885
101,06.09 14:00,41.112
101,06.09 15:00,38.165
101,06.09 16:00,40.102
101,06.09 17:00,39.87
101,06.09 18:00,38.185
101,06.09 19:00,38.934
101,06.09 20:00,35.854
101,06.09 21:00,40.85
101,06.09 22:00,45.854
101,06.09 23:00,45.014
101,07.09 00:00,49.149
101,07.09 01:00,46.199
101,07.09 02:00,39.076
101,07.09 03:00,36.07
101,07.09 04:00,34.877
101,07.09 05:00,34.169
101,07.09 06:00,32.07
101,07.09 07:00,35.018
101,07.09 08:00,34.028
101,07.09 09:00,35.919
101,07.09 10:00,35.019
101,07.09 11:00,37.097
101,07.09 12:00,40.857
101,07.09 13:00,36.869
101,07.09 14:00,36.978
101,07.09 15:00,40.116
101,07.09 16:00,43.979
101,07.09 17:00,46.074
101,07.09 18:00,38.967
101,07.09 19:00,32.399
101,07.09 20:00,36.153
101,07.09 21:00,49.064
101,07.09 22:00,45.887
101,07.09 23:00,49.088
101,08.09 00:00,44.137
101,08.09 01:00,42.192
101,08.09 02:00,36.91
101,08.09 03:00,35.886
101,08.09 04:00,35.154
101,08.09 05:00,34.105
101,08.09 06:00,32.014
101,08.09 07:00,36.065
101,08.09 08:00,32.943
101,08.09 09:00,32.986
101,08.09 10:00,37.602
101,08.09 11:00,41.985
101,08.09 12:00,41.193
101,08.09 13:00,43.024
101,08.09 14:00,39.136
101,08.09 15:00,40.855
101,08.09 16:00,40.056
101,08.09 17:00,39.06
101,08.09 18:00,36.028
101,08.09 19:00,33.101
101,08.09 20:00,32.89
101,08.09 21:00,40.977
101,08.09 22:00,46.027
101,08.09 23:00,47.772
101,09.09 00:00,42.206
101,09.09 01:00,40.173
101,09.09 02:00,37.969
101,09.09 03:00,35.137
101,09.09 04:00,33.871
101,09.09 05:00,33.153
101,09.09 06:00,32.915
101,09.09 07:00,33.867
101,09.09 08:00,35.085
101,09.09 09:00,35.973
101,09.09 10:00,37.141
101,09.09 11:00,42.101
101,09.09 12:00,42.584
101,09.09 13:00,40.931
101,09.09 14:00,42.169
101,09.09 15:00,43.206
101,09.09 16:00,44.027
101,09.09 17:00,44.797
101,09.09 18:00,40.989
101,09.09 19:00,34.855
101,09.09 20:00,34.95
101,09.09 21:00,47.197
101,09.09 22:00,42.867
101,09.09 23:00,41.015
101,10.09 00:00,39.809
101,10.09 01:00,41.87
101,10.09 02:00,38.868
101,10.09 03:00,37.081
101,10.09 04:00,36.128
101,10.09 05:00,33.1
101,10.09 06:00,33.109
101,10.09 07:00,33.135
101,10.09 08:00,30.136
101,10.09 09:00,32.882
101,10.09 10:00,30.895
101,10.09 11:00,37.876
101,10.09 12:00,36.89
101,10.09 13:00,36.078
101,10.09 14:00,37.883
101,10.09 15:00,34.989
101,10.09 16:00,39.979
101,10.09 17:00,37.848
101,10.09 18:00,39.135
101,10.09 19:00,32.934
101,10.09 20:00,35.099
101,10.09 21:00,39.909
101,10.09 22:00,42.83
101,10.09 23:00,41.794
101,11.09 00:00,45.129
101,11.09 01:00,44.18
101,11.09 02:00,37.932
101,11.09 03:00,34.137
101,11.09 04:00,34.897
101,11.09 05:00,31.853
101,11.09 06:00,32.035
101,11.09 07:00,31.102
101,11.09 08:00,29.143
101,11.09 09:00,31.138
101,11.09 10:00,31.906
101,11.09 11:00,31.014
101,11.09 12:00,31.848
101,11.09 13:00,34.964
101,11.09 14:00,37.063
101,11.09 15:00,36.122
101,11.09 16:00,37.156
101,11.09 17:00,41.128
101,11.09 18:00,40.067
101,11.09 19:00,44.832
101,11.09 20:00,40.032
101,11.09 21:00,49.998
101,11.09 22:00,52.041
101,11.09 23:00,52.864
101,12.09 00:00,47.024
101,12.09 01:00,46.986
101,12.09 02:00,41.945
101,12.09 03:00,37.979
101,12.09 04:00,34.94
101,12.09 05:00,33.999
101,12.09 06:00,34.107
101,12.09 07:00,34.13
101,12.09 08:00,31.952
101,12.09 09:00,35.051
101,12.09 10:00,40.165
101,12.09 11:00,41.009
101,12.09 12:00,40.895
101,12.09 13:00,40.969
101,12.09 14:00,40.165
101,12.09 15:00,41.969
101,12.09 16:00,43.796
101,12.09 17:00,41.12
101,12.09 18:00,35.171
101,12.09 19:00,35.044
101,12.09 20:00,38.875
101,12.09 21:00,49.765
101,12.09 22:00,55.793
101,12.09 23:00,51.842
101,13.09 00:00,52.256
101,13.09 01:00,43.071
101,13.09 02:00,38.895
101,13.09 03:00,34.99
101,13.09 04:00,32.923
101,13.09 05:00,33.159
101,13.09 06:00,30.921
101,13.09 07:00,33.001
101,13.09 08:00,35.172
101,13.09 09:00,36.091
101,13.09 10:00,36.977
101,13.09 11:00,38.906
101,13.09 12:00,42.055
101,13.09 13:00,39.964
101,13.09 14:00,41.901
101,13.09 15:00,41.036
101,13.09 16:00,37.039
101,13.09 17:00,35.87
101,13.09 18:00,35.899
101,13.09 19:00,33.953
101,13.09 20:00,37.956
101,13.09 21:00,45.816
101,13.09 22:00,48.082
101,13.09 23:00,48.209
101,14.09 00:00,43.148
101,14.09 01:00,42.08
101,14.09 02:00,37.159
101,14.09 03:00,35.928
101,14.09 04:00,35.114
101,14.09 05:00,31.926
101,14.09 06:00,33.074
101,14.09 07:00,33.002
101,14.09 08:00,32.958
101,14.09 09:00,34.87
101,14.09 10:00,36.9
101,14.09 11:00,41.861
101,14.09 12:00,40.04
101,14.09 13:00,39.175
101,14.09 14:00,34.884
101,14.09 15:00,34.812
101,14.09 16:00,42.009
101,14.09 17:00,45.798
101,14.09 18:00,35.827
101,14.09 19:00,33.114
101,14.09 20:00,41.119
101,14.09 21:00,46.981
101,14.09 22:00,47.795
101,14.09 23:00,53.254
101,15.09 00:00,46.135
101,15.09 01:00,44.106
101,15.09 02:00,39.019
101,15.09 03:00,37.168
101,15.09 04:00,32.913
101,15.09 05:00,32.96
101,15.09 06:00,33.047
101,15.09 07:00,34.965
101,15.09 08:00,31.126
101,15.09 09:00,38.868
101,15.09 10:00,39.049
101,15.09 11:00,41.978
101,15.09 12:00,38.112
101,15.09 13:00,38.137
101,15.09 14:00,39.837
101,15.09 15:00,37.898
101,15.09 16:00,39.936
101,15.09 17:00,39.068
101,15.09 18:00,38.029
101,15.09 19:00,38.055
101,15.09 20:00,40.185
101,15.09 21:00,47.192
101,15.09 22:00,44.817
101,15.09 23:00,44.814
101,16.09 00:00,46.889
101,16.09 01:00,40.958
101,16.09 02:00,39.021
101,16.09 03:00,35.926
101,16.09 04:00,35.954
101,16.09 05:00,35.16
101,16.09 06:00,33.136
101,16.09 07:00,32.994
101,16.09 08:00,35.13
101,16.09 09:00,35.994
101,16.09 10:00,40.85
101,16.09 11:00,41.181
101,16.09 12:00,43.064
101,16.09 13:00,37.078
101,16.09 14:00,39.193
101,16.09 15:00,34.883
101,16.09 16:00,39.42
101,16.09 17:00,40.98
101,16.09 18:00,40.042
101,16.09 19:00,37.145
101,16.09 20:00,37.947
101,16.09 21:00,42.806
101,16.09 22:00,41.831
101,16.09 23:00,40.981
101,17.09 00:00,43.17
101,17.09 01:00,45.178
101,17.09 02:00,41.523
101,17.09 03:00,39.091
101,17.09 04:00,35.136
101,17.09 05:00,34.012
101,17.09 06:00,31.883
101,17.09 07:00,32.153
101,17.09 08:00,30.149
101,17.09 09:00,33.112
101,17.09 10:00,37.868
101,17.09 11:00,41.189
101,17.09 12:00,36.882
101,17.09 13:00,35.91
101,17.09 14:00,38.006
101,17.09 15:00,37.079
101,17.09 16:00,38.14
101,17.09 17:00,39.066
101,17.09 18:00,42.994
101,17.09 19:00,38.044
101,17.09 20:00,43.068
101,17.09 21:00,44.055
101,17.09 22:00,43.027
101,17.09 23:00,46.133
101,18.09 00:00,43.155
101,18.09 01:00,46.106
101,18.09 02:00,42.086
101,18.09 03:00,40.122
101,18.09 04:00,39.026
101,18.09 05:00,34.981
101,18.09 06:00,33.891
101,18.09 07:00,32.131
101,18.09 08:00,28.932
101,18.09 09:00,29.129
101,18.09 10:00,33.993
101,18.09 11:00,37.077
101,18.09 12:00,37.993
101,18.09 13:00,35.836
101,18.09 14:00,39.968
101,18.09 15:00,44.044
101,18.09 16:00,41.944
101,18.09 17:00,39.897
101,18.09 18:00,38.998
101,18.09 19:00,40.056
101,18.09 20:00,44.217
101,18.09 21:00,52.986
101,18.09 22:00,52.004
101,18.09 23:00,49.099
101,19.09 00:00,43.796
101,19.09 01:00,46.228
101,19.09 02:00,37.964
101,19.09 03:00,36.02
101,19.09 04:00,33.976
101,19.09 05:00,32.105
101,19.09 06:00,33.15
101,19.09 07:00,35.158
101,19.09 08:00,35.048
101,19.09 09:00,32.955
101,19.09 10:00,38.994
101,19.09 11:00,42.206
101,19.09 12:00,42.999
101,19.09 13:00,38.168
101,19.09 14:00,39.158
101,19.09 15:00,42.861
101,19.09 16:00,46.859
101,19.09 17:00,45.012
101,19.09 18:00,37.854
101,19.09 19:00,35.119
101,19.09 20:00,43.795
101,19.09 21:00,47.846
101,19.09 22:00,49.93
101,19.09 23:00,49.191
101,20.09 00:00,43.961
101,20.09 01:00,40.809
101,20.09 02:00,39.817
101,20.09 03:00,39.063
101,20.09 04:00,34.907
101,20.09 05:00,35.16
101,20.09 06:00,33.952
101,20.09 07:00,37.062
101,20.09 08:00,36.871
101,20.09 09:00,34.966
101,20.09 10:00,39.155
101,20.09 11:00,43.028
101,20.09 12:00,43.006
101,20.09 13:00,40.036
101,20.09 14:00,40.096
101,20.09 15:00,42.893
101,20.09 16:00,40.825
101,20.09 17:00,43.178
101,20.09 18:00,39.984
101,20.09 19:00,34.91
101,20.09 20:00,38.891
101,20.09 21:00,43.193
101,20.09 22:00,41.038
101,20.09 23:00,45.974
101,21.09 00:00,43.976
101,21.09 01:00,42.035
101,21.09 02:00,38.99
101,21.09 03:00,36.909
101,21.09 04:00,35.871
101,21.09 05:00,35.164
101,21.09 06:00,33.865
101,21.09 07:00,33.97
101,21.09 08:00,34.843
101,21.09 09:00,34.006
101,21.09 10:00,37.983
101,21.09 11:00,37.182
101,21.09 12:00,37.152
101,21.09 13:00,39.828
101,21.09 14:00,33.846
101,21.09 15:00,35.946
101,21.09 16:00,39.912
101,21.09 17:00,37.162
101,21.09 18:00,36.815
101,21.09 19:00,34.002
101,21.09 20:00,37.144
101,21.09 21:00,45.091
101,21.09 22:00,46.906
101,21.09 23:00,47.041
101,22.09 00:00,41.848
101,22.09 01:00,40.877
101,22.09 02:00,38.146
101,22.09 03:00,36.172
101,22.09 04:00,34.056
101,22.09 05:00,32.009
101,22.09 06:00,34.053
101,22.09 07:00,34.095
101,22.09 08:00,34.896
101,22.09 09:00,37.072
101,22.09 10:00,38.953
101,22.09 11:00,38.104
101,22.09 12:00,38.012
101,22.09 13:00,40.093
101,22.09 14:00,41.984
101,22.09 15:00,42.972
101,22.09 16:00,38.029
101,22.09 17:00,40.002
101,22.09 18:00,39.965
101,22.09 19:00,39.117
101,22.09 20:00,39.281
101,22.09 21:00,45.971
101,22.09 22:00,45.815
101,22.09 23:00,50.129
101,23.09 00:00,52.02
101,23.09 01:00,46.223
101,23.09 02:00,43.918
101,23.09 03:00,40.133
101,23.09 04:00,35.087
101,23.09 05:00,33.137
101,23.09 06:00,32.977
101,23.09 07:00,32.86
101,23.09 08:00,34.163
101,23.09 09:00,32.884
101,23.09 10:00,39.139
101,23.09 11:00,36.963
101,23.09 12:00,38.84
101,23.09 13:00,37.056
101,23.09 14:00,37.12
101,23.09 15:00,41.274
101,23.09 16:00,42.47
101,23.09 17:00,47.151
101,23.09 18:00,42.14
101,23.09 19:00,37.183
101,23.09 20:00,37.032
101,23.09 21:00,43.111
101,23.09 22:00,40.847
101,23.09 23:00,43.888
101,24.09 00:00,46.149
101,24.09 01:00,43.101
101,24.09 02:00,37.839
101,24.09 03:00,35.971
101,24.09 04:00,35.006
101,24.09 05:00,35.072
101,24.09 06:00,35.021
101,24.09 07:00,36.042
101,24.09 08:00,38.046
101,24.09 09:00,32.158
101,24.09 10:00,29.871
101,24.09 11:00,31.04
101,24.09 12:00,31.969
101,24.09 13:00,32.7
101,24.09 14:00,37.178
101,24.09 15:00,32.867
101,24.09 16:00,37.166
101,24.09 17:00,37.95
101,24.09 18:00,36.1
101,24.09 19:00,36.983
101,24.09 20:00,39.868
101,24.09 21:00,46.957
101,24.09 22:00,47.077
101,24.09 23:00,43.896
101,25.09 00:00,44.125
101,25.09 01:00,42.18
101,25.09 02:00,39.987
101,25.09 03:00,35.942
101,25.09 04:00,36.179
101,25.09 05:00,34.135
101,25.09 06:00,32.068
101,25.09 07:00,32.877
101,25.09 08:00,30.88
101,25.09 09:00,26.936
101,25.09 10:00,30.938
101,25.09 11:00,35.999
101,25.09 12:00,32.963
101,25.09 13:00,34.886
101,25.09 14:00,33.015
101,25.09 15:00,40.963
101,25.09 16:00,39.172
101,25.09 17:00,43.161
101,25.09 18:00,41.804
101,25.09 19:00,41.972
101,25.09 20:00,46.797
101,25.09 21:00,52.252
101,25.09 22:00,50.102
101,25.09 23:00,46.916
101,26.09 00:00,44.906
101,26.09 01:00,46.19
101,26.09 02:00,36.149
101,26.09 03:00,34.972
101,26.09 04:00,33.009
101,26.09 05:00,32.952
101,26.09 06:00,32.081
101,26.09 07:00,34.05
101,26.09 08:00,37.999
101,26.09 09:00,33.912
101,26.09 10:00,38.977
101,26.09 11:00,34.982
101,26.09 12:00,36.873
101,26.09 13:00,38.009
101,26.09 14:00,36.967
101,26.09 15:00,36.101
101,26.09 16:00,34.885
101,26.09 17:00,34.123
101,26.09 18:00,40.162
101,26.09 19:00,34.166
101,26.09 20:00,41.198
101,26.09 21:00,40.968
101,26.09 22:00,40.062
101,26.09 23:00,42.796
101,27.09 00:00,45.823
101,27.09 01:00,40.15
101,27.09 02:00,36.105
101,27.09 03:00,33.928
101,27.09 04:00,32.962
101,27.09 05:00,30.985
101,27.09 06:00,32.125
101,27.09 07:00,31.932
101,27.09 08:00,34.904
101,27.09 09:00,35.173
101,27.09 10:00,36.105
101,27.09 11:00,35.136
101,27.09 12:00,36.115
101,27.09 13:00,38.065
101,27.09 14:00,37.007
101,27.09 15:00,43.142
101,27.09 16:00,39.988
101,27.09 17:00,35.949
101,27.09 18:00,36.912
101,27.09 19:00,32.133
101,27.09 20:00,38.046
101,27.09 21:00,42.02
101,27.09 22:00,42.099
101,27.09 23:00,42.8
101,28.09 00:00,43.032
101,28.09 01:00,42.097
101,28.09 02:00,38.968
101,28.09 03:00,35.967
101,28.09 04:00,34.895
101,28.09 05:00,32.861
101,28.09 06:00,32.037
101,28.09 07:00,33.972
101,28.09 08:00,32.86
101,28.09 09:00,32.914
101,28.09 10:00,32.071
101,28.09 11:00,36.162
101,28.09 12:00,34.834
101,28.09 13:00,34.866
101,28.09 14:00,37.039
101,28.09 15:00,40.158
101,28.09 16:00,43.799
101,28.09 17:00,39.087
101,28.09 18:00,33.842
101,28.09 19:00,35.141
101,28.09 20:00,39.043
101,28.09 21:00,44.201
101,28.09 22:00,48.19
101,28.09 23:00,45.779
101,29.09 00:00,44.037
101,29.09 01:00,42.183
101,29.09 02:00,38.022
101,29.09 03:00,35.08
101,29.09 04:00,34.122
101,29.09 05:00,32.109
101,29.09 06:00,34.023
101,29.09 07:00,31.938
101,29.09 08:00,29.901
101,29.09 09:00,33.105
101,29.09 10:00,33.95
101,29.09 11:00,40.195
101,29.09 12:00,38.117
101,29.09 13:00,35.155
101,29.09 14:00,35.895
101,29.09 15:00,38.029
101,29.09 16:00,33.937
101,29.09 17:00,34.13
101,29.09 18:00,34.038
101,29.09 19:00,30.938
101,29.09 20:00,35.913
101,29.09 21:00,41.937
101,29.09 22:00,44.048
101,29.09 23:00,55.183
101,30.09 00:00,52.164
101,30.09 01:00,47.149
101,30.09 02:00,38.866
101,30.09 03:00,34.934
101,30.09 04:00,34.161
101,30.09 05:00,31.049
101,30.09 06:00,31.147
101,30.09 07:00,30.92
101,30.09 08:00,30.999
101,30.09 09:00,32.145
101,30.09 10:00,39.398
101,30.09 11:00,35.905
101,30.09 12:00,37.169
101,30.09 13:00,31.899
101,30.09 14:00,31.972
101,30.09 15:00,37.171
101,30.09 16:00,39.0
101,30.09 17:00,40.955
101,30.09 18:00,39.093
101,30.09 19:00,34.84
101,30.09 20:00,34.08
101,30.09 21:00,36.161
101,30.09 22:00,39.856
101,30.09 23:00,37.966
