102,01.03 00:00,116.504
102,01.03 01:00,118.956
102,01.03 02:00,115.959
102,01.03 03:00,114.269
102,01.03 04:00,112.55
102,01.03 05:00,113.926
102,01.03 06:00,115.187
102,01.03 07:00,114.441
102,01.03 08:00,111.687
102,01.03 09:00,92.003
102,01.03 10:00,93.858
102,01.03 11:00,100.834
102,01.03 12:00,114.68
102,01.03 13:00,122.187
102,01.03 14:00,133.299
102,01.03 15:00,132.638
102,01.03 16:00,115.868
102,01.03 17:00,106.148
102,01.03 18:00,108.183
102,01.03 19:00,112.038
102,01.03 20:00,122.252
102,01.03 21:00,119.402
102,01.03 22:00,117.114
102,01.03 23:00,116.529
102,02.03 00:00,117.557
102,02.03 01:00,114.418
102,02.03 02:00,115.563
102,02.03 03:00,107.692
102,02.03 04:00,108.091
102,02.03 05:00,106.943
102,02.03 06:00,108.012
102,02.03 07:00,118.063
102,02.03 08:00,98.567
102,02.03 09:00,93.355
102,02.03 10:00,95.311
102,02.03 11:00,100.756
102,02.03 12:00,107.056
102,02.03 13:00,116.57
102,02.03 14:00,120.537
102,02.03 15:00,120.509
102,02.03 16:00,122.584
102,02.03 17:00,119.467
102,02.03 18:00,338.667
102,02.03 19:00,442.39
102,02.03 20:00,448.987
102,02.03 21:00,440.309
102,02.03 22:00,290.105
102,02.03 23:00,130.424
102,03.03 00:00,126.355
102,03.03 01:00,125.346
102,03.03 02:00,130.611
102,03.03 03:00,122.536
102,03.03 04:00,120.497
102,03.03 05:00,120.455
102,03.03 06:00,122.578
102,03.03 07:00,123.238
102,03.03 08:00,108.077
102,03.03 09:00,107.484
102,03.03 10:00,131.906
102,03.03 11:00,156.287
102,03.03 12:00,186.707
102,03.03 13:00,198.056
102,03.03 14:00,229.619
102,03.03 15:00,257.735
102,03.03 16:00,309.156
102,03.03 17:00,317.759
102,03.03 18:00,556.016
102,03.03 19:00,636.057
102,03.03 20:00,629.914
102,03.03 21:00,597.984
102,03.03 22:00,503.202
102,03.03 23:00,180.125
102,04.03 00:00,172.381
102,04.03 01:00,169.479
102,04.03 02:00,158.595
102,04.03 03:00,158.381
102,04.03 04:00,155.075
102,04.03 05:00,152.311
102,04.03 06:00,150.332
102,04.03 07:00,154.625
102,04.03 08:00,133.331
102,04.03 09:00,124.605
102,04.03 10:00,140.254
102,04.03 11:00,157.593
102,04.03 12:00,168.809
102,04.03 13:00,191.371
102,04.03 14:00,216.979
102,04.03 15:00,266.548
102,04.03 16:00,289.421
102,04.03 17:00,325.363
102,04.03 18:00,555.116
102,04.03 19:00,635.803
102,04.03 20:00,637.314
102,04.03 21:00,601.653
102,04.03 22:00,541.741
102,04.03 23:00,435.323
102,05.03 00:00,180.894
102,05.03 01:00,179.884
102,05.03 02:00,181.942
102,05.03 03:00,172.603
102,05.03 04:00,168.304
102,05.03 05:00,168.745
102,05.03 06:00,165.5
102,05.03 07:00,167.197
102,05.03 08:00,152.297
102,05.03 09:00,165.861
102,05.03 10:00,204.249
102,05.03 11:00,246.324
102,05.03 12:00,298.367
102,05.03 13:00,329.205
102,05.03 14:00,337.641
102,05.03 15:00,349.09
102,05.03 16:00,350.328
102,05.03 17:00,311.804
102,05.03 18:00,238.375
102,05.03 19:00,220.681
102,05.03 20:00,208.416
102,05.03 21:00,199.23
102,05.03 22:00,194.019
102,05.03 23:00,174.308
102,06.03 00:00,171.335
102,06.03 01:00,172.199
102,06.03 02:00,174.436
102,06.03 03:00,168.832
102,06.03 04:00,171.878
102,06.03 05:00,170.787
102,06.03 06:00,171.786
102,06.03 07:00,340.426
102,06.03 08:00,175.46
102,06.03 09:00,196.812
102,06.03 10:00,228.664
102,06.03 11:00,284.875
102,06.03 12:00,371.431
102,06.03 13:00,616.424
102,06.03 14:00,618.681
102,06.03 15:00,609.015
102,06.03 16:00,594.92
102,06.03 17:00,575.006
102,06.03 18:00,181.465
102,06.03 19:00,159.478
102,06.03 20:00,150.355
102,06.03 21:00,141.327
102,06.03 22:00,133.724
102,06.03 23:00,130.776
102,07.03 00:00,130.28
102,07.03 01:00,128.826
102,07.03 02:00,128.573
102,07.03 03:00,126.326
102,07.03 04:00,126.62
102,07.03 05:00,125.991
102,07.03 06:00,124.403
102,07.03 07:00,128.467
102,07.03 08:00,116.645
102,07.03 09:00,99.644
102,07.03 10:00,107.68
102,07.03 11:00,108.061
102,07.03 12:00,111.497
102,07.03 13:00,120.597
102,07.03 14:00,125.68
102,07.03 15:00,125.918
102,07.03 16:00,127.245
102,07.03 17:00,117.576
102,07.03 18:00,117.335
102,07.03 19:00,134.749
102,07.03 20:00,134.932
102,07.03 21:00,133.11
102,07.03 22:00,126.42
102,07.03 23:00,122.954
102,08.03 00:00,122.923
102,08.03 01:00,121.66
102,08.03 02:00,125.586
102,08.03 03:00,120.598
102,08.03 04:00,119.568
102,08.03 05:00,128.114
102,08.03 06:00,128.638
102,08.03 07:00,129.813
102,08.03 08:00,123.509
102,08.03 09:00,118.849
102,08.03 10:00,124.8
102,08.03 11:00,149.948
102,08.03 12:00,185.632
102,08.03 13:00,225.968
102,08.03 14:00,250.229
102,08.03 15:00,281.185
102,08.03 16:00,322.785
102,08.03 17:00,338.615
102,08.03 18:00,543.253
102,08.03 19:00,628.446
102,08.03 20:00,634.631
102,08.03 21:00,621.827
102,08.03 22:00,560.379
102,08.03 23:00,485.388
102,09.03 00:00,167.464
102,09.03 01:00,137.396
102,09.03 02:00,137.577
102,09.03 03:00,131.38
102,09.03 04:00,123.902
102,09.03 05:00,115.115
102,09.03 06:00,113.994
102,09.03 07:00,112.589
102,09.03 08:00,111.186
102,09.03 09:00,83.238
102,09.03 10:00,97.094
102,09.03 11:00,110.506
102,09.03 12:00,102.327
102,09.03 13:00,100.875
102,09.03 14:00,101.42
102,09.03 15:00,102.683
102,09.03 16:00,163.204
102,09.03 17:00,389.914
102,09.03 18:00,215.496
102,09.03 19:00,114.309
102,09.03 20:00,116.263
102,09.03 21:00,105.75
102,09.03 22:00,105.795
102,09.03 23:00,107.981
102,10.03 00:00,107.719
102,10.03 01:00,106.216
102,10.03 02:00,112.847
102,10.03 03:00,108.434
102,10.03 04:00,108.728
102,10.03 05:00,107.9
102,10.03 06:00,108.874
102,10.03 07:00,111.216
102,10.03 08:00,92.372
102,10.03 09:00,81.62
102,10.03 10:00,83.241
102,10.03 11:00,83.055
102,10.03 12:00,87.129
102,10.03 13:00,83.596
102,10.03 14:00,86.323
102,10.03 15:00,96.774
102,10.03 16:00,95.21
102,10.03 17:00,88.717
102,10.03 18:00,88.569
102,10.03 19:00,112.442
102,10.03 20:00,116.558
102,10.03 21:00,114.687
102,10.03 22:00,115.574
102,10.03 23:00,115.443
102,11.03 00:00,113.475
102,11.03 01:00,112.825
102,11.03 02:00,117.884
102,11.03 03:00,112.5
102,11.03 04:00,112.602
102,11.03 05:00,108.511
102,11.03 06:00,109.675
102,11.03 07:00,112.478
102,11.03 08:00,102.87
102,11.03 09:00,84.729
102,11.03 10:00,86.053
102,11.03 11:00,85.827
102,11.03 12:00,85.712
102,11.03 13:00,89.354
102,11.03 14:00,93.228
102,11.03 15:00,88.815
102,11.03 16:00,92.368
102,11.03 17:00,87.194
102,11.03 18:00,88.382
102,11.03 19:00,106.732
102,11.03 20:00,110.16
102,11.03 21:00,110.416
102,11.03 22:00,110.654
102,11.03 23:00,109.979
102,12.03 00:00,111.145
102,12.03 01:00,108.962
102,12.03 02:00,110.36
102,12.03 03:00,108.277
102,12.03 04:00,109.882
102,12.03 05:00,109.416
102,12.03 06:00,110.628
102,12.03 07:00,110.256
102,12.03 08:00,94.225
102,12.03 09:00,85.785
102,12.03 10:00,90.739
102,12.03 11:00,90.358
102,12.03 12:00,88.89
102,12.03 13:00,89.263
102,12.03 14:00,93.207
102,12.03 15:00,99.156
102,12.03 16:00,98.182
102,12.03 17:00,96.529
102,12.03 18:00,96.76
102,12.03 19:00,102.921
102,12.03 20:00,116.075
102,12.03 21:00,114.154
102,12.03 22:00,112.182
102,12.03 23:00,109.077
102,13.03 00:00,109.231
102,13.03 01:00,108.225
102,13.03 02:00,110.853
102,13.03 04:00,107.854
102,13.03 05:00,108.818
102,13.03 06:00,111.547
102,13.03 07:00,110.062
102,13.03 08:00,104.834
102,13.03 09:00,83.686
102,13.03 10:00,83.648
102,13.03 11:00,85.627
102,13.03 12:00,90.159
102,13.03 13:00,95.691
102,13.03 14:00,103.674
102,13.03 15:00,109.423
102,13.03 16:00,110.86
102,13.03 17:00,116.783
102,13.03 18:00,116.481
102,13.03 19:00,114.13
102,13.03 20:00,111.478
102,13.03 21:00,122.035
102,13.03 22:00,121.292
102,13.03 23:00,116.922
102,14.03 00:00,116.999
102,14.03 01:00,116.973
102,14.03 02:00,117.845
102,14.03 03:00,115.333
102,14.03 04:00,110.943
102,14.03 05:00,109.841
102,14.03 06:00,108.974
102,14.03 07:00,107.1
102,14.03 08:00,103.089
102,14.03 09:00,86.024
102,14.03 10:00,90.833
102,14.03 11:00,97.396
102,14.03 12:00,101.508
102,14.03 13:00,119.057
102,14.03 14:00,125.698
102,14.03 15:00,130.847
102,14.03 16:00,134.128
102,14.03 17:00,137.941
102,14.03 18:00,131.799
102,14.03 19:00,132.404
102,14.03 20:00,127.777
102,14.03 21:00,137.689
102,14.03 22:00,134.606
102,14.03 23:00,128.367
102,15.03 00:00,126.86
102,15.03 01:00,128.549
102,15.03 02:00,123.642
102,15.03 03:00,122.416
102,15.03 04:00,124.061
102,15.03 05:00,122.504
102,15.03 06:00,123.844
102,15.03 07:00,122.541
102,15.03 08:00,120.913
102,15.03 09:00,104.437
102,15.03 10:00,99.792
102,15.03 11:00,105.746
102,15.03 12:00,120.596
102,15.03 13:00,128.577
102,15.03 14:00,140.745
102,15.03 15:00,146.778
102,15.03 16:00,142.356
102,15.03 17:00,141.311
102,15.03 18:00,141.62
102,15.03 19:00,134.929
102,15.03 20:00,130.145
102,15.03 21:00,141.536
102,15.03 22:00,139.394
102,15.03 23:00,134.654
102,16.03 00:00,132.072
102,16.03 01:00,137.329
102,16.03 02:00,129.424
102,16.03 03:00,123.357
102,16.03 04:00,121.122
102,16.03 05:00,119.666
102,16.03 06:00,121.28
102,16.03 07:00,119.85
102,16.03 08:00,0.0
102,16.03 09:00,76.768
102,16.03 10:00,106.828
102,16.03 11:00,102.365
102,16.03 12:00,112.822
102,16.03 13:00,125.225
102,16.03 14:00,147.703
102,16.03 15:00,133.649
102,16.03 16:00,131.392
102,16.03 17:00,132.245
102,16.03 18:00,126.584
102,16.03 19:00,121.448
102,16.03 20:00,122.883
102,16.03 21:00,137.462
102,16.03 22:00,135.365
102,16.03 23:00,133.309
102,17.03 00:00,133.24
102,17.03 01:00,130.428
102,17.03 02:00,135.426
102,17.03 03:00,131.046
102,17.03 04:00,129.717
102,17.03 05:00,130.633
102,17.03 06:00,131.572
102,17.03 07:00,123.286
102,17.03 08:00,124.722
102,17.03 09:00,123.839
102,17.03 10:00,109.594
102,17.03 11:00,114.32
102,17.03 12:00,109.937
102,17.03 13:00,110.553
102,17.03 14:00,119.542
102,17.03 15:00,119.37
102,17.03 16:00,121.934
102,17.03 17:00,121.769
102,17.03 18:00,266.184
102,17.03 19:00,432.91
102,17.03 20:00,320.523
102,17.03 21:00,133.498
102,17.03 22:00,133.942
102,17.03 23:00,130.845
102,18.03 00:00,132.745
102,18.03 01:00,132.921
102,18.03 02:00,126.608
102,18.03 03:00,127.23
102,18.03 04:00,126.085
102,18.03 05:00,126.614
102,18.03 06:00,127.849
102,18.03 07:00,155.309
102,18.03 08:00,180.776
102,18.03 09:00,116.063
102,18.03 10:00,117.302
102,18.03 11:00,131.83
102,18.03 12:00,146.415
102,18.03 13:00,161.135
102,18.03 14:00,187.62
102,18.03 15:00,216.256
102,18.03 16:00,254.694
102,18.03 17:00,313.747
102,18.03 18:00,405.14
102,18.03 19:00,650.737
102,18.03 20:00,657.883
102,18.03 21:00,584.781
102,18.03 22:00,500.899
102,18.03 23:00,471.608
102,19.03 00:00,382.336
102,19.03 01:00,140.537
102,19.03 02:00,132.477
102,19.03 03:00,128.037
102,19.03 04:00,124.392
102,19.03 05:00,125.169
102,19.03 06:00,123.782
102,19.03 07:00,124.646
102,19.03 08:00,186.531
102,19.03 09:00,126.135
102,19.03 10:00,156.704
102,19.03 11:00,203.102
102,19.03 12:00,218.814
102,19.03 13:00,249.595
102,19.03 14:00,262.849
102,19.03 15:00,265.412
102,19.03 16:00,273.054
102,19.03 17:00,270.292
102,19.03 18:00,425.856
102,19.03 19:00,548.312
102,19.03 20:00,519.047
102,19.03 21:00,500.054
102,19.03 22:00,275.632
102,19.03 23:00,174.705
102,20.03 00:00,171.105
102,20.03 01:00,162.073
102,20.03 02:00,158.753
102,20.03 03:00,161.162
102,20.03 04:00,155.203
102,20.03 05:00,153.465
102,20.03 06:00,152.302
102,20.03 07:00,154.703
102,20.03 08:00,153.71
102,20.03 09:00,183.62
102,20.03 10:00,216.239
102,20.03 11:00,248.602
102,20.03 12:00,250.439
102,20.03 13:00,262.162
102,20.03 14:00,261.772
102,20.03 15:00,232.031
102,20.03 16:00,189.541
102,20.03 17:00,142.639
102,20.03 18:00,133.4
102,20.03 19:00,123.429
102,20.03 20:00,127.589
102,20.03 21:00,135.658
102,20.03 22:00,126.366
102,20.03 23:00,127.535
102,21.03 00:00,125.124
102,21.03 01:00,126.123
102,21.03 02:00,126.364
102,21.03 03:00,126.474
102,21.03 04:00,122.811
102,21.03 05:00,125.188
102,21.03 06:00,124.774
102,21.03 07:00,119.889
102,21.03 08:00,147.14
102,21.03 09:00,89.076
102,21.03 10:00,95.706
102,21.03 11:00,110.817
102,21.03 12:00,112.7
102,21.03 13:00,126.308
102,21.03 14:00,112.934
102,21.03 15:00,98.268
102,21.03 16:00,93.356
102,21.03 17:00,94.939
102,21.03 18:00,94.226
102,21.03 19:00,92.705
102,21.03 20:00,96.171
102,21.03 21:00,115.177
102,21.03 22:00,112.138
102,21.03 23:00,112.805
102,22.03 00:00,111.171
102,22.03 01:00,112.839
102,22.03 02:00,111.476
102,22.03 03:00,114.426
102,22.03 04:00,110.117
102,22.03 05:00,108.987
102,22.03 06:00,110.386
102,22.03 07:00,253.758
102,22.03 08:00,199.531
102,22.03 09:00,95.384
102,22.03 10:00,100.446
102,22.03 11:00,131.557
102,22.03 12:00,152.312
102,22.03 13:00,168.323
102,22.03 14:00,197.168
102,22.03 15:00,238.817
102,22.03 16:00,253.254
102,22.03 17:00,293.379
102,22.03 18:00,359.475
102,22.03 19:00,586.537
102,22.03 20:00,578.088
102,22.03 21:00,573.374
102,22.03 22:00,507.141
102,22.03 23:00,191.487
102,23.03 00:00,154.244
102,23.03 01:00,145.721
102,23.03 02:00,137.19
102,23.03 03:00,133.954
102,23.03 04:00,129.363
102,23.03 05:00,126.092
102,23.03 06:00,125.712
102,23.03 07:00,150.634
102,23.03 08:00,150.942
102,23.03 09:00,94.531
102,23.03 10:00,95.026
102,23.03 11:00,107.242
102,23.03 12:00,132.103
102,23.03 13:00,143.632
102,23.03 14:00,149.692
102,23.03 15:00,154.694
102,23.03 16:00,156.034
102,23.03 17:00,151.458
102,23.03 18:00,154.833
102,23.03 19:00,305.299
102,23.03 20:00,454.538
102,23.03 21:00,234.768
102,23.03 22:00,140.43
102,23.03 23:00,143.412
102,24.03 00:00,139.921
102,24.03 01:00,137.086
102,24.03 02:00,136.166
102,24.03 03:00,137.323
102,24.03 04:00,128.999
102,24.03 05:00,126.557
102,24.03 06:00,126.027
102,24.03 07:00,126.242
102,24.03 08:00,126.217
102,24.03 09:00,131.253
102,24.03 10:00,134.663
102,24.03 11:00,157.247
102,24.03 12:00,170.243
102,24.03 13:00,193.429
102,24.03 14:00,234.049
102,24.03 15:00,350.398
102,24.03 16:00,295.4
102,24.03 17:00,296.309
102,24.03 18:00,312.489
102,24.03 19:00,517.91
102,24.03 20:00,614.05
102,24.03 21:00,585.518
102,24.03 22:00,521.264
102,24.03 23:00,297.081
102,25.03 00:00,143.977
102,25.03 01:00,135.427
102,25.03 02:00,133.775
102,25.03 03:00,129.471
102,25.03 04:00,125.225
102,25.03 05:00,123.009
102,25.03 06:00,119.422
102,25.03 07:00,129.003
102,25.03 08:00,182.274
102,25.03 09:00,128.354
102,25.03 10:00,130.446
102,25.03 11:00,138.483
102,25.03 12:00,145.62
102,25.03 13:00,175.338
102,25.03 14:00,191.347
102,25.03 15:00,228.926
102,25.03 16:00,304.966
102,25.03 17:00,349.375
102,25.03 18:00,420.897
102,25.03 19:00,648.634
102,25.03 20:00,642.153
102,25.03 21:00,589.506
102,25.03 22:00,485.748
102,25.03 23:00,463.844
102,26.03 00:00,379.404
102,26.03 01:00,139.151
102,26.03 02:00,134.15
102,26.03 03:00,131.971
102,26.03 04:00,121.942
102,26.03 05:00,119.449
102,26.03 06:00,118.784
102,26.03 07:00,126.508
102,26.03 08:00,187.268
102,26.03 09:00,184.504
102,26.03 10:00,213.045
102,26.03 11:00,218.436
102,26.03 12:00,206.127
102,26.03 13:00,292.0
102,26.03 14:00,315.004
102,26.03 15:00,331.859
102,26.03 16:00,335.778
102,26.03 17:00,332.843
102,26.03 18:00,307.466
102,26.03 19:00,267.476
102,26.03 20:00,180.018
102,26.03 21:00,158.414
102,26.03 22:00,145.078
102,26.03 23:00,131.209
102,27.03 00:00,122.554
102,27.03 01:00,119.715
102,27.03 02:00,122.027
102,27.03 03:00,119.7
102,27.03 04:00,117.665
102,27.03 05:00,120.428
102,27.03 06:00,124.935
102,27.03 07:00,119.327
102,27.03 08:00,114.615
102,27.03 09:00,106.826
102,27.03 10:00,106.821
102,27.03 11:00,114.359
102,27.03 12:00,112.156
102,27.03 13:00,115.86
102,27.03 14:00,117.524
102,27.03 15:00,121.492
102,27.03 16:00,122.992
102,27.03 17:00,122.015
102,27.03 18:00,120.42
102,27.03 19:00,119.808
102,27.03 20:00,118.921
102,27.03 21:00,117.541
102,27.03 22:00,117.142
102,27.03 23:00,115.456
102,28.03 00:00,113.176
102,28.03 01:00,111.298
102,28.03 02:00,110.95
102,28.03 03:00,112.966
102,28.03 04:00,111.199
102,28.03 05:00,111.971
102,28.03 06:00,110.641
102,28.03 07:00,189.248
102,28.03 08:00,275.991
102,28.03 09:00,104.157
102,28.03 10:00,94.32
102,28.03 11:00,95.421
102,28.03 12:00,108.937
102,28.03 13:00,100.437
102,28.03 14:00,101.568
102,28.03 15:00,110.347
102,28.03 16:00,134.033
102,28.03 17:00,118.573
102,28.03 18:00,108.813
102,28.03 19:00,102.009
102,28.03 20:00,104.006
102,28.03 21:00,115.889
102,28.03 22:00,112.234
102,28.03 23:00,116.983
102,29.03 00:00,110.615
102,29.03 01:00,109.362
102,29.03 02:00,111.632
102,29.03 03:00,114.345
102,29.03 04:00,111.217
102,29.03 05:00,109.0
102,29.03 06:00,110.492
102,29.03 07:00,108.771
102,29.03 08:00,107.981
102,29.03 09:00,100.107
102,29.03 10:00,111.478
102,29.03 11:00,134.108
102,29.03 12:00,149.053
102,29.03 13:00,164.205
102,29.03 14:00,174.871
102,29.03 15:00,219.994
102,29.03 16:00,413.884
102,29.03 17:00,597.918
102,29.03 18:00,592.506
102,29.03 19:00,599.438
102,29.03 20:00,601.123
102,29.03 21:00,587.689
102,29.03 22:00,507.534
102,29.03 23:00,242.023
102,30.03 00:00,243.035
102,30.03 02:00,0.0
102,30.03 03:00,0.999
102,30.03 04:00,1.003
102,30.03 05:00,1.002
102,30.03 06:00,1.02
102,30.03 07:00,0.997
102,30.03 08:00,0.996
102,30.03 09:00,1.004
102,30.03 11:00,109.171
102,30.03 12:00,108.901
102,30.03 13:00,116.428
102,30.03 14:00,117.766
102,30.03 15:00,122.728
102,30.03 16:00,125.669
102,30.03 17:00,132.558
102,30.03 18:00,125.442
102,30.03 19:00,378.685
102,30.03 20:00,210.406
102,30.03 21:00,126.236
102,30.03 22:00,117.179
102,30.03 23:00,118.89
102,31.03 00:00,113.838
102,31.03 01:00,113.671
102,31.03 02:00,117.41
102,31.03 03:00,118.986
102,31.03 04:00,119.146
102,31.03 05:00,122.537
102,31.03 06:00,122.086
102,31.03 07:00,119.53
102,31.03 08:00,112.19
102,31.03 09:00,94.651
102,31.03 10:00,106.783
102,31.03 11:00,108.47
102,31.03 12:00,113.794
102,31.03 13:00,110.471
102,31.03 14:00,109.828
102,31.03 15:00,113.457
102,31.03 16:00,116.3
102,31.03 17:00,118.521
102,31.03 18:00,115.554
102,31.03 19:00,111.611
102,31.03 20:00,108.934
102,31.03 21:00,117.511
102,31.03 22:00,108.417
102,31.03 23:00,110.149
102,01.04 00:00,102.642
102,01.04 01:00,102.556
102,01.04 02:00,103.327
102,01.04 03:00,98.731
102,01.04 04:00,104.285
102,01.04 05:00,106.177
102,01.04 06:00,104.565
102,01.04 07:00,101.276
102,01.04 08:00,94.607
102,01.04 09:00,82.802
102,01.04 10:00,82.149
102,01.04 11:00,85.166
102,01.04 12:00,82.873
102,01.04 13:00,81.612
102,01.04 14:00,82.31
102,01.04 15:00,81.997
102,01.04 16:00,80.98
102,01.04 17:00,81.368
102,01.04 18:00,81.83
102,01.04 19:00,81.369
102,01.04 20:00,87.907
102,01.04 21:00,97.68
102,01.04 22:00,89.603
102,01.04 23:00,92.068
102,02.04 00:00,91.109
102,02.04 01:00,90.446
102,02.04 02:00,93.191
102,02.04 03:00,90.726
102,02.04 04:00,91.027
102,02.04 05:00,89.793
102,02.04 06:00,91.971
102,02.04 07:00,90.959
102,02.04 08:00,89.871
102,02.04 09:00,79.97
102,02.04 10:00,79.804
102,02.04 11:00,81.769
102,02.04 12:00,83.293
102,02.04 13:00,83.018
102,02.04 14:00,84.273
102,02.04 15:00,83.243
102,02.04 16:00,83.928
102,02.04 17:00,88.385
102,02.04 18:00,89.347
102,02.04 19:00,92.411
102,02.04 20:00,90.596
102,02.04 21:00,106.037
102,02.04 22:00,96.684
102,02.04 23:00,96.211
102,03.04 00:00,96.882
102,03.04 01:00,91.649
102,03.04 02:00,91.293
102,03.04 03:00,91.328
102,03.04 04:00,90.601
102,03.04 05:00,89.691
102,03.04 06:00,89.95
102,03.04 07:00,91.355
102,03.04 08:00,86.843
102,03.04 09:00,79.218
102,03.04 10:00,78.998
102,03.04 11:00,83.039
102,03.04 12:00,82.79
102,03.04 13:00,84.748
102,03.04 14:00,86.215
102,03.04 15:00,95.292
102,03.04 16:00,95.81
102,03.04 17:00,98.201
102,03.04 18:00,99.464
102,03.04 19:00,97.21
102,03.04 20:00,98.105
102,03.04 21:00,104.795
102,03.04 22:00,98.667
102,03.04 23:00,99.524
102,04.04 00:00,100.058
102,04.04 01:00,94.874
102,04.04 02:00,96.711
102,04.04 03:00,94.11
102,04.04 04:00,100.54
102,04.04 05:00,103.35
102,04.04 06:00,101.977
102,04.04 07:00,104.902
102,04.04 08:00,92.594
102,04.04 09:00,78.323
102,04.04 10:00,83.107
102,04.04 11:00,87.393
102,04.04 12:00,96.788
102,04.04 13:00,111.512
102,04.04 14:00,105.398
102,04.04 15:00,112.034
102,04.04 16:00,113.955
102,04.04 17:00,114.227
102,04.04 18:00,112.997
102,04.04 19:00,107.489
102,04.04 20:00,107.411
102,04.04 21:00,114.683
102,04.04 22:00,108.227
102,04.04 23:00,104.003
102,05.04 00:00,100.881
102,05.04 01:00,102.058
102,05.04 02:00,102.953
102,05.04 03:00,99.084
102,05.04 04:00,103.874
102,05.04 05:00,102.613
102,05.04 06:00,102.091
102,05.04 07:00,130.994
102,05.04 08:00,106.492
102,05.04 09:00,90.817
102,05.04 10:00,107.792
102,05.04 11:00,126.089
102,05.04 12:00,151.368
102,05.04 13:00,166.688
102,05.04 14:00,184.214
102,05.04 15:00,204.169
102,05.04 16:00,250.898
102,05.04 17:00,310.971
102,05.04 18:00,320.32
102,05.04 19:00,461.503
102,05.04 20:00,605.167
102,05.04 21:00,598.833
102,05.04 22:00,579.393
102,05.04 23:00,530.51
102,06.04 00:00,300.565
102,06.04 01:00,131.635
102,06.04 02:00,124.449
102,06.04 03:00,118.886
102,06.04 04:00,120.926
102,06.04 05:00,115.546
102,06.04 06:00,114.349
102,06.04 07:00,144.409
102,06.04 08:00,146.213
102,06.04 09:00,94.969
102,06.04 10:00,94.662
102,06.04 11:00,102.768
102,06.04 12:00,110.051
102,06.04 13:00,119.498
102,06.04 14:00,117.507
102,06.04 15:00,118.259
102,06.04 16:00,122.29
102,06.04 17:00,121.182
102,06.04 18:00,119.591
102,06.04 19:00,256.729
102,06.04 20:00,397.934
102,06.04 21:00,401.496
102,06.04 22:00,251.0
102,06.04 23:00,102.561
102,07.04 00:00,101.504
102,07.04 01:00,96.634
102,07.04 02:00,96.734
102,07.04 03:00,101.007
102,07.04 04:00,100.711
102,07.04 05:00,101.773
102,07.04 06:00,100.901
102,07.04 07:00,99.825
102,07.04 08:00,89.214
102,07.04 09:00,81.214
102,07.04 10:00,85.022
102,07.04 11:00,89.849
102,07.04 12:00,97.193
102,07.04 13:00,105.901
102,07.04 14:00,113.418
102,07.04 15:00,116.914
102,07.04 16:00,120.483
102,07.04 17:00,114.902
102,07.04 18:00,113.412
102,07.04 19:00,107.799
102,07.04 20:00,106.001
102,07.04 21:00,117.143
102,07.04 22:00,106.597
102,07.04 23:00,106.02
102,08.04 00:00,102.943
102,08.04 01:00,99.981
102,08.04 02:00,101.235
102,08.04 03:00,106.317
102,08.04 04:00,111.009
102,08.04 05:00,107.425
102,08.04 06:00,104.991
102,08.04 07:00,104.943
102,08.04 08:00,96.271
102,08.04 09:00,87.807
102,08.04 10:00,92.623
102,08.04 11:00,98.776
102,08.04 12:00,97.312
102,08.04 13:00,102.739
102,08.04 14:00,105.1
102,08.04 15:00,110.829
102,08.04 16:00,108.946
102,08.04 17:00,108.895
102,08.04 18:00,109.977
102,08.04 19:00,106.574
102,08.04 20:00,105.204
102,08.04 21:00,115.63
102,08.04 22:00,108.216
102,08.04 23:00,105.632
102,09.04 00:00,104.889
102,09.04 01:00,101.785
102,09.04 02:00,103.489
102,09.04 03:00,102.916
102,09.04 04:00,101.773
102,09.04 05:00,99.881
102,09.04 06:00,97.689
102,09.04 07:00,103.729
102,09.04 08:00,96.218
102,09.04 09:00,81.874
102,09.04 10:00,82.812
102,09.04 11:00,86.363
102,09.04 12:00,90.993
102,09.04 13:00,92.656
102,09.04 14:00,92.555
102,09.04 15:00,96.807
102,09.04 16:00,100.423
102,09.04 17:00,103.98
102,09.04 18:00,102.964
102,09.04 19:00,102.843
102,09.04 20:00,102.418
102,09.04 21:00,116.393
102,09.04 22:00,107.187
102,09.04 23:00,104.969
102,10.04 00:00,105.168
102,10.04 01:00,102.982
102,10.04 02:00,102.877
102,10.04 03:00,102.876
102,10.04 04:00,102.386
102,10.04 05:00,103.636
102,10.04 06:00,101.827
102,10.04 07:00,110.085
102,10.04 08:00,106.779
102,10.04 09:00,86.314
102,10.04 10:00,88.89
102,10.04 11:00,92.362
102,10.04 12:00,96.152
102,10.04 13:00,94.611
102,10.04 14:00,99.364
102,10.04 15:00,105.01
102,10.04 16:00,104.107
102,10.04 17:00,102.7
102,10.04 18:00,103.124
102,10.04 19:00,102.751
102,10.04 20:00,106.281
102,10.04 21:00,119.84
102,10.04 22:00,111.235
102,10.04 23:00,111.434
102,11.04 00:00,109.368
102,11.04 01:00,109.204
102,11.04 02:00,108.491
102,11.04 03:00,115.92
102,11.04 04:00,116.51
102,11.04 05:00,117.393
102,11.04 06:00,116.337
102,11.04 07:00,119.86
102,11.04 08:00,113.588
102,11.04 09:00,102.667
102,11.04 10:00,103.002
102,11.04 11:00,103.025
102,11.04 12:00,109.519
102,11.04 13:00,122.89
102,11.04 14:00,128.437
102,11.04 15:00,132.867
102,11.04 16:00,135.606
102,11.04 17:00,139.486
102,11.04 18:00,135.435
102,11.04 19:00,129.846
102,11.04 20:00,129.938
102,11.04 21:00,131.512
102,11.04 22:00,121.87
102,11.04 23:00,122.04
102,12.04 00:00,117.557
102,12.04 01:00,115.712
102,12.04 02:00,115.492
102,12.04 03:00,121.096
102,12.04 04:00,119.522
102,12.04 05:00,114.253
102,12.04 06:00,113.534
102,12.04 07:00,115.437
102,12.04 08:00,113.293
102,12.04 09:00,96.178
102,12.04 10:00,93.577
102,12.04 11:00,104.436
102,12.04 12:00,108.073
102,12.04 13:00,108.066
102,12.04 14:00,100.807
102,12.04 15:00,96.939
102,12.04 16:00,99.723
102,12.04 17:00,100.776
102,12.04 18:00,100.883
102,12.04 19:00,97.144
102,12.04 20:00,112.003
102,12.04 21:00,113.677
102,12.04 22:00,106.617
102,12.04 23:00,106.465
102,13.04 00:00,102.606
102,13.04 01:00,103.863
102,13.04 02:00,102.565
102,13.04 03:00,107.674
102,13.04 04:00,104.284
102,13.04 05:00,105.159
102,13.04 06:00,106.091
102,13.04 07:00,105.325
102,13.04 08:00,102.769
102,13.04 09:00,95.732
102,13.04 10:00,86.809
102,13.04 11:00,87.414
102,13.04 12:00,88.016
102,13.04 13:00,99.685
102,13.04 14:00,101.966
102,13.04 15:00,105.709
102,13.04 16:00,106.057
102,13.04 17:00,112.864
102,13.04 18:00,111.83
102,13.04 19:00,106.483
102,13.04 20:00,107.036
102,13.04 21:00,117.104
102,13.04 22:00,116.07
102,13.04 23:00,113.128
102,14.04 00:00,110.758
102,14.04 01:00,109.367
102,14.04 02:00,108.361
102,14.04 03:00,111.322
102,14.04 04:00,106.578
102,14.04 05:00,104.265
102,14.04 06:00,102.086
102,14.04 07:00,102.85
102,14.04 08:00,92.59
102,14.04 09:00,84.569
102,14.04 10:00,81.306
102,14.04 11:00,81.014
102,14.04 12:00,85.135
102,14.04 13:00,97.826
102,14.04 14:00,102.015
102,14.04 15:00,107.994
102,14.04 16:00,106.933
102,14.04 17:00,104.923
102,14.04 18:00,104.221
102,14.04 19:00,248.083
102,14.04 20:00,399.385
102,14.04 21:00,108.129
102,14.04 22:00,106.155
102,14.04 23:00,103.387
102,15.04 00:00,102.414
102,15.04 01:00,97.656
102,15.04 02:00,97.851
102,15.04 03:00,98.493
102,15.04 04:00,97.215
102,15.04 05:00,95.568
102,15.04 06:00,97.075
102,15.04 07:00,149.611
102,15.04 08:00,147.544
102,15.04 09:00,118.403
102,15.04 10:00,120.748
102,15.04 11:00,137.358
102,15.04 12:00,162.328
102,15.04 13:00,208.359
102,15.04 14:00,250.158
102,15.04 15:00,292.798
102,15.04 16:00,338.369
102,15.04 17:00,347.01
102,15.04 18:00,350.043
102,15.04 19:00,486.965
102,15.04 20:00,656.794
102,15.04 21:00,649.085
102,15.04 22:00,617.167
102,15.04 23:00,593.994
102,16.04 00:00,532.496
102,16.04 01:00,487.409
102,16.04 02:00,462.969
102,16.04 03:00,455.806
102,16.04 04:00,169.727
102,16.04 05:00,161.695
102,16.04 06:00,160.482
102,16.04 07:00,175.762
102,16.04 08:00,214.113
102,16.04 09:00,197.279
102,16.04 10:00,228.149
102,16.04 11:00,241.069
102,16.04 12:00,262.359
102,16.04 13:00,239.678
102,16.04 14:00,265.175
102,16.04 15:00,449.171
102,16.04 16:00,613.908
102,16.04 17:00,607.796
102,16.04 18:00,629.614
102,16.04 19:00,626.109
102,16.04 20:00,589.848
102,16.04 21:00,300.783
102,16.04 22:00,183.908
102,16.04 23:00,177.296
102,17.04 00:00,174.667
102,17.04 01:00,170.222
102,17.04 02:00,167.793
102,17.04 03:00,167.945
102,17.04 04:00,147.255
102,17.04 05:00,133.548
102,17.04 06:00,132.583
102,17.04 07:00,157.171
102,17.04 08:00,198.814
102,17.04 09:00,156.818
102,17.04 10:00,117.461
102,17.04 11:00,124.519
102,17.04 12:00,125.211
102,17.04 13:00,130.322
102,17.04 14:00,126.01
102,17.04 15:00,123.241
102,17.04 16:00,129.251
102,17.04 17:00,117.084
102,17.04 18:00,112.448
102,17.04 19:00,126.746
102,17.04 20:00,125.964
102,17.04 21:00,130.553
102,17.04 22:00,130.541
102,17.04 23:00,126.416
102,18.04 00:00,126.011
102,18.04 01:00,126.089
102,18.04 02:00,125.442
102,18.04 03:00,126.753
102,18.04 04:00,124.531
102,18.04 05:00,124.884
102,18.04 06:00,125.504
102,18.04 07:00,126.92
102,18.04 08:00,119.25
102,18.04 09:00,124.503
102,18.04 10:00,113.326
102,18.04 11:00,112.921
102,18.04 12:00,113.706
102,18.04 13:00,116.148
102,18.04 14:00,122.292
102,18.04 15:00,126.329
102,18.04 16:00,130.196
102,18.04 17:00,122.009
102,18.04 18:00,119.173
102,18.04 19:00,116.586
102,18.04 20:00,114.251
102,18.04 21:00,125.026
102,18.04 22:00,127.625
102,18.04 23:00,125.502
102,19.04 00:00,122.11
102,19.04 01:00,121.229
102,19.04 02:00,122.056
102,19.04 03:00,124.331
102,19.04 04:00,123.011
102,19.04 05:00,120.514
102,19.04 06:00,119.943
102,19.04 07:00,119.809
102,19.04 08:00,113.877
102,19.04 09:00,96.474
102,19.04 10:00,95.655
102,19.04 11:00,126.958
102,19.04 12:00,158.31
102,19.04 13:00,174.209
102,19.04 14:00,186.494
102,19.04 15:00,222.073
102,19.04 16:00,286.572
102,19.04 17:00,316.022
102,19.04 18:00,523.158
102,19.04 19:00,613.666
102,19.04 20:00,616.907
102,19.04 21:00,606.81
102,19.04 22:00,564.502
102,19.04 23:00,478.653
102,20.04 00:00,170.611
102,20.04 01:00,163.383
102,20.04 02:00,160.476
102,20.04 03:00,144.661
102,20.04 04:00,123.099
102,20.04 05:00,122.897
102,20.04 06:00,118.036
102,20.04 07:00,141.167
102,20.04 08:00,175.234
102,20.04 09:00,154.324
102,20.04 10:00,153.104
102,20.04 11:00,109.831
102,20.04 12:00,96.55
102,20.04 13:00,107.734
102,20.04 14:00,113.513
102,20.04 15:00,120.578
102,20.04 16:00,117.065
102,20.04 17:00,120.335
102,20.04 18:00,121.173
102,20.04 19:00,118.211
102,20.04 20:00,114.264
102,20.04 21:00,119.496
102,20.04 22:00,117.515
102,20.04 23:00,112.912
102,21.04 00:00,113.669
102,21.04 01:00,109.779
102,21.04 02:00,112.036
102,21.04 03:00,109.416
102,21.04 04:00,107.359
102,21.04 05:00,106.327
102,21.04 06:00,105.382
102,21.04 07:00,106.682
102,21.04 08:00,96.452
102,21.04 09:00,81.382
102,21.04 10:00,96.61
102,21.04 11:00,105.052
102,21.04 12:00,102.843
102,21.04 13:00,111.134
102,21.04 14:00,118.853
102,21.04 15:00,145.149
102,21.04 16:00,152.878
102,21.04 17:00,158.976
102,21.04 18:00,158.003
102,21.04 19:00,163.617
102,21.04 20:00,456.883
102,21.04 21:00,480.07
102,21.04 22:00,474.578
102,21.04 23:00,470.186
102,22.04 00:00,438.316
102,22.04 01:00,134.362
102,22.04 02:00,129.148
102,22.04 03:00,126.364
102,22.04 04:00,125.574
102,22.04 05:00,124.272
102,22.04 06:00,121.412
102,22.04 07:00,121.446
102,22.04 08:00,112.531
102,22.04 09:00,132.086
102,22.04 10:00,137.698
102,22.04 11:00,146.288
102,22.04 12:00,148.381
102,22.04 13:00,151.491
102,22.04 14:00,155.576
102,22.04 15:00,156.376
102,22.04 16:00,164.607
102,22.04 17:00,165.153
102,22.04 18:00,162.838
102,22.04 19:00,159.613
102,22.04 20:00,173.838
102,22.04 21:00,318.099
102,22.04 22:00,136.439
102,22.04 23:00,133.385
102,23.04 00:00,129.653
102,23.04 01:00,127.514
102,23.04 02:00,130.464
102,23.04 03:00,125.482
102,23.04 04:00,124.106
102,23.04 05:00,123.605
102,23.04 06:00,121.238
102,23.04 07:00,119.231
102,23.04 08:00,103.02
102,23.04 09:00,97.824
102,23.04 10:00,103.06
102,23.04 11:00,107.948
102,23.04 12:00,112.86
102,23.04 13:00,116.553
102,23.04 14:00,121.76
102,23.04 15:00,122.094
102,23.04 16:00,122.804
102,23.04 17:00,128.576
102,23.04 18:00,122.911
102,23.04 19:00,122.254
102,23.04 20:00,119.215
102,23.04 21:00,127.795
102,23.04 22:00,128.92
102,23.04 23:00,126.119
102,24.04 00:00,125.125
102,24.04 01:00,123.574
102,24.04 02:00,121.657
102,24.04 03:00,121.398
102,24.04 04:00,118.951
102,24.04 05:00,117.51
102,24.04 06:00,116.576
102,24.04 07:00,117.42
102,24.04 08:00,105.665
102,24.04 09:00,97.965
102,24.04 10:00,102.638
102,24.04 11:00,105.471
102,24.04 12:00,104.224
102,24.04 13:00,107.416
102,24.04 14:00,115.079
102,24.04 15:00,114.454
102,24.04 16:00,115.98
102,24.04 17:00,113.515
102,24.04 18:00,117.72
102,24.04 19:00,118.537
102,24.04 20:00,117.541
102,24.04 21:00,129.744
102,24.04 22:00,126.542
102,24.04 23:00,125.592
102,25.04 00:00,127.55
102,25.04 01:00,126.576
102,25.04 02:00,124.032
102,25.04 03:00,125.031
102,25.04 04:00,124.483
102,25.04 05:00,122.995
102,25.04 06:00,122.502
102,25.04 07:00,125.897
102,25.04 08:00,121.26
102,25.04 09:00,116.467
102,25.04 10:00,123.644
102,25.04 11:00,135.601
102,25.04 12:00,137.623
102,25.04 13:00,147.935
102,25.04 14:00,151.025
102,25.04 15:00,155.294
102,25.04 16:00,159.365
102,25.04 17:00,160.994
102,25.04 18:00,160.666
102,25.04 19:00,151.478
102,25.04 20:00,151.654
102,25.04 21:00,152.034
102,25.04 22:00,152.402
102,25.04 23:00,149.65
102,26.04 00:00,147.41
102,26.04 01:00,144.411
102,26.04 02:00,148.914
102,26.04 03:00,146.697
102,26.04 04:00,140.757
102,26.04 05:00,139.895
102,26.04 06:00,140.39
102,26.04 07:00,140.26
102,26.04 08:00,126.406
102,26.04 09:00,128.872
102,26.04 10:00,135.264
102,26.04 11:00,156.475
102,26.04 12:00,199.061
102,26.04 13:00,235.479
102,26.04 14:00,270.827
102,26.04 15:00,292.115
102,26.04 16:00,336.818
102,26.04 17:00,367.149
102,26.04 18:00,357.69
102,26.04 19:00,646.346
102,26.04 20:00,652.815
102,26.04 21:00,645.248
102,26.04 22:00,572.6
102,26.04 23:00,240.142
102,27.04 00:00,155.344
102,27.04 01:00,145.552
102,27.04 02:00,149.076
102,27.04 03:00,144.109
102,27.04 04:00,132.539
102,27.04 05:00,124.879
102,27.04 06:00,117.891
102,27.04 07:00,118.496
102,27.04 08:00,108.65
102,27.04 09:00,98.836
102,27.04 10:00,103.737
102,27.04 11:00,112.593
102,27.04 12:00,119.507
102,27.04 13:00,127.859
102,27.04 14:00,133.281
102,27.04 15:00,135.273
102,27.04 16:00,139.004
102,27.04 17:00,145.712
102,27.04 18:00,144.492
102,27.04 19:00,145.997
102,27.04 20:00,131.836
102,27.04 21:00,134.896
102,27.04 22:00,131.406
102,27.04 23:00,126.623
102,28.04 00:00,122.31
102,28.04 01:00,118.408
102,28.04 02:00,119.42
102,28.04 03:00,122.277
102,28.04 04:00,115.696
102,28.04 05:00,114.714
102,28.04 06:00,113.383
102,28.04 07:00,116.528
102,28.04 08:00,106.892
102,28.04 09:00,102.932
102,28.04 10:00,109.855
102,28.04 11:00,117.125
102,28.04 12:00,125.608
102,28.04 13:00,137.144
102,28.04 14:00,138.654
102,28.04 15:00,148.584
102,28.04 16:00,154.227
102,28.04 17:00,154.011
102,28.04 18:00,145.391
102,28.04 19:00,133.95
102,28.04 20:00,436.638
102,28.04 21:00,458.54
102,28.04 22:00,450.807
102,28.04 23:00,179.307
102,29.04 00:00,136.09
102,29.04 01:00,132.279
102,29.04 02:00,134.34
102,29.04 03:00,132.523
102,29.04 04:00,131.13
102,29.04 05:00,129.651
102,29.04 06:00,128.138
102,29.04 07:00,130.378
102,29.04 08:00,127.474
102,29.04 09:00,138.24
102,29.04 10:00,186.234
102,29.04 11:00,202.049
102,29.04 12:00,206.912
102,29.04 13:00,207.973
102,29.04 14:00,208.186
102,29.04 15:00,210.998
102,29.04 16:00,211.677
102,29.04 17:00,209.125
102,29.04 18:00,200.55
102,29.04 19:00,145.661
102,29.04 20:00,141.675
102,29.04 21:00,149.576
102,29.04 22:00,149.496
102,29.04 23:00,143.715
102,30.04 00:00,146.875
102,30.04 01:00,142.535
102,30.04 02:00,145.024
102,30.04 03:00,135.486
102,30.04 04:00,133.625
102,30.04 05:00,132.626
102,30.04 06:00,132.034
102,30.04 07:00,129.514
102,30.04 08:00,116.735
102,30.04 09:00,117.936
102,30.04 10:00,188.884
102,30.04 11:00,262.433
102,30.04 12:00,312.492
102,30.04 13:00,317.659
102,30.04 14:00,358.46
102,30.04 15:00,386.263
102,30.04 16:00,401.468
102,30.04 17:00,399.551
102,30.04 18:00,404.741
102,30.04 19:00,653.409
102,30.04 20:00,673.24
102,30.04 21:00,643.819
102,30.04 22:00,587.352
102,30.04 23:00,504.114
102,01.05 00:00,336.774
102,01.05 01:00,154.508
102,01.05 02:00,144.251
102,01.05 03:00,140.645
102,01.05 04:00,136.481
102,01.05 05:00,135.806
102,01.05 06:00,132.577
102,01.05 07:00,129.076
102,01.05 08:00,116.984
102,01.05 09:00,133.549
102,01.05 10:00,196.465
102,01.05 11:00,223.993
102,01.05 12:00,299.951
102,01.05 13:00,330.407
102,01.05 14:00,347.524
102,01.05 15:00,352.875
102,01.05 16:00,343.057
102,01.05 17:00,319.282
102,01.05 18:00,292.781
102,01.05 19:00,178.111
102,01.05 20:00,141.494
102,01.05 21:00,148.208
102,01.05 22:00,143.078
102,01.05 23:00,137.516
102,02.05 00:00,126.928
102,02.05 01:00,120.354
102,02.05 02:00,118.563
102,02.05 03:00,115.706
102,02.05 04:00,114.481
102,02.05 05:00,114.977
102,02.05 06:00,114.071
102,02.05 07:00,114.959
102,02.05 08:00,103.497
102,02.05 09:00,88.242
102,02.05 10:00,91.627
102,02.05 11:00,100.257
102,02.05 12:00,98.029
102,02.05 13:00,97.009
102,02.05 14:00,102.577
102,02.05 15:00,107.322
102,02.05 16:00,101.202
102,02.05 17:00,99.055
102,02.05 18:00,93.821
102,02.05 19:00,93.627
102,02.05 20:00,92.548
102,02.05 21:00,112.462
102,02.05 22:00,110.273
102,02.05 23:00,111.469
102,03.05 00:00,109.737
102,03.05 01:00,106.646
102,03.05 02:00,108.461
102,03.05 03:00,111.643
102,03.05 04:00,107.755
102,03.05 05:00,107.326
102,03.05 06:00,107.263
102,03.05 07:00,107.812
102,03.05 08:00,92.13
102,03.05 09:00,92.826
102,03.05 10:00,97.743
102,03.05 11:00,126.369
102,03.05 12:00,133.504
102,03.05 13:00,147.265
102,03.05 14:00,175.839
102,03.05 15:00,221.986
102,03.05 16:00,265.12
102,03.05 17:00,300.047
102,03.05 18:00,317.131
102,03.05 19:00,440.401
102,03.05 20:00,589.002
102,03.05 21:00,531.281
102,03.05 22:00,384.51
102,03.05 23:00,145.615
102,04.05 00:00,138.339
102,04.05 01:00,127.622
102,04.05 02:00,125.943
102,04.05 03:00,126.012
102,04.05 04:00,125.128
102,04.05 05:00,107.601
102,04.05 06:00,106.637
102,04.05 07:00,103.811
102,04.05 08:00,86.649
102,04.05 09:00,83.79
102,04.05 10:00,86.89
102,04.05 11:00,96.227
102,04.05 12:00,124.059
102,04.05 13:00,135.649
102,04.05 14:00,143.449
102,04.05 15:00,144.004
102,04.05 16:00,147.846
102,04.05 17:00,150.583
102,04.05 18:00,160.27
102,04.05 19:00,154.291
102,04.05 20:00,147.338
102,04.05 21:00,120.292
102,04.05 22:00,120.42
102,04.05 23:00,113.54
102,05.05 00:00,111.692
102,05.05 01:00,114.057
102,05.05 02:00,109.254
102,05.05 03:00,108.734
102,05.05 04:00,105.221
102,05.05 05:00,103.311
102,05.05 06:00,100.705
102,05.05 07:00,101.736
102,05.05 08:00,88.153
102,05.05 09:00,89.415
102,05.05 10:00,90.381
102,05.05 11:00,95.95
102,05.05 12:00,132.028
102,05.05 13:00,154.405
102,05.05 14:00,122.065
102,05.05 15:00,125.996
102,05.05 16:00,129.523
102,05.05 17:00,125.535
102,05.05 18:00,123.611
102,05.05 19:00,109.51
102,05.05 20:00,107.113
102,05.05 21:00,117.112
102,05.05 22:00,116.418
102,05.05 23:00,116.995
102,06.05 00:00,114.995
102,06.05 01:00,111.211
102,06.05 02:00,114.567
102,06.05 03:00,110.814
102,06.05 04:00,108.426
102,06.05 05:00,107.406
102,06.05 06:00,105.518
102,06.05 07:00,104.705
102,06.05 08:00,41.895
102,06.05 09:00,0.0
102,06.05 10:00,0.0
102,06.05 11:00,48.144
102,06.05 12:00,132.642
102,06.05 13:00,125.304
102,06.05 14:00,129.038
102,06.05 15:00,134.958
102,06.05 16:00,134.117
102,06.05 17:00,133.945
102,06.05 18:00,135.096
102,06.05 19:00,130.529
102,06.05 20:00,125.516
102,06.05 21:00,129.562
102,06.05 22:00,131.543
102,06.05 23:00,129.562
102,07.05 00:00,127.597
102,07.05 01:00,125.003
102,07.05 02:00,123.298
102,07.05 03:00,122.312
102,07.05 04:00,118.715
102,07.05 05:00,118.701
102,07.05 06:00,120.536
102,07.05 07:00,119.02
102,07.05 08:00,101.858
102,07.05 09:00,97.001
102,07.05 10:00,102.192
102,07.05 11:00,105.623
102,07.05 12:00,105.522
102,07.05 13:00,109.02
102,07.05 14:00,112.58
102,07.05 15:00,117.315
102,07.05 16:00,115.563
102,07.05 17:00,117.421
102,07.05 18:00,119.502
102,07.05 19:00,115.656
102,07.05 20:00,112.286
102,07.05 21:00,124.571
102,07.05 22:00,124.194
102,07.05 23:00,121.499
102,08.05 00:00,122.589
102,08.05 01:00,113.984
102,08.05 02:00,117.927
102,08.05 03:00,119.565
102,08.05 04:00,117.19
102,08.05 05:00,115.0
102,08.05 06:00,115.32
102,08.05 07:00,117.117
102,08.05 08:00,99.964
102,08.05 09:00,94.623
102,08.05 10:00,95.992
102,08.05 11:00,100.044
102,08.05 12:00,96.927
102,08.05 13:00,98.728
102,08.05 14:00,98.069
102,08.05 15:00,96.461
102,08.05 16:00,98.595
102,08.05 17:00,100.971
102,08.05 18:00,98.647
102,08.05 19:00,98.511
102,08.05 20:00,98.787
102,08.05 21:00,115.654
102,08.05 22:00,117.282
102,08.05 23:00,117.343
102,09.05 00:00,119.948
102,09.05 01:00,116.278
102,09.05 02:00,116.921
102,09.05 03:00,114.681
102,09.05 04:00,113.844
102,09.05 05:00,112.73
102,09.05 06:00,114.644
102,09.05 07:00,115.396
102,09.05 08:00,101.779
102,09.05 09:00,101.022
102,09.05 10:00,102.814
102,09.05 11:00,108.063
102,09.05 12:00,113.779
102,09.05 13:00,122.268
102,09.05 14:00,120.964
102,09.05 15:00,124.577
102,09.05 16:00,127.552
102,09.05 17:00,128.41
102,09.05 18:00,128.805
102,09.05 19:00,125.597
102,09.05 20:00,122.223
102,09.05 21:00,126.977
102,09.05 22:00,129.007
102,09.05 23:00,129.345
102,10.05 00:00,126.389
102,10.05 01:00,125.625
102,10.05 02:00,123.037
102,10.05 03:00,127.745
102,10.05 04:00,122.725
102,10.05 05:00,123.104
102,10.05 06:00,122.606
102,10.05 07:00,125.46
102,10.05 08:00,121.493
102,10.05 09:00,103.915
102,10.05 10:00,112.227
102,10.05 11:00,124.107
102,10.05 12:00,122.746
102,10.05 13:00,132.475
102,10.05 14:00,141.296
102,10.05 15:00,12.936
102,10.05 16:00,13.033
102,10.05 17:00,12.961
102,10.05 18:00,12.961
102,10.05 19:00,12.943
102,10.05 20:00,13.025
102,10.05 21:00,13.035
102,10.05 22:00,12.935
102,10.05 23:00,13.054
102,11.05 00:00,12.983
102,11.05 01:00,13.065
102,11.05 02:00,12.987
102,11.05 03:00,12.963
102,11.05 04:00,12.94
102,11.05 05:00,13.056
102,11.05 06:00,12.964
102,11.05 07:00,13.0
102,11.05 08:00,13.046
102,11.05 09:00,12.978
102,11.05 10:00,13.042
102,11.05 11:00,13.063
102,11.05 12:00,13.048
102,11.05 13:00,12.981
102,11.05 14:00,13.028
102,11.05 15:00,12.996
102,11.05 16:00,13.016
102,11.05 17:00,1.004
102,11.05 18:00,1.004
102,11.05 19:00,1.003
102,11.05 20:00,1.0
102,11.05 21:00,1.005
102,11.05 22:00,1.004
102,11.05 23:00,0.996
102,12.05 00:00,1.0
102,12.05 01:00,0.0
102,12.05 02:00,0.0
102,12.05 03:00,1.005
102,12.05 04:00,1.002
102,12.05 05:00,1.001
102,12.05 06:00,0.998
102,12.05 07:00,1.002
102,12.05 08:00,0.996
102,12.05 09:00,0.999
102,12.05 10:00,1.0
102,12.05 11:00,0.997
102,12.05 12:00,1.005
102,12.05 13:00,1.003
102,12.05 14:00,1.001
102,12.05 15:00,1.005
102,12.05 16:00,1.004
102,12.05 17:00,1.004
102,12.05 18:00,1.002
102,12.05 19:00,1.005
102,12.05 20:00,0.997
102,12.05 21:00,1.002
102,12.05 22:00,0.999
102,12.05 23:00,1.003
102,13.05 00:00,1.004
102,13.05 01:00,0.0
102,13.05 02:00,0.0
102,13.05 03:00,0.0
102,13.05 04:00,0.0
102,13.05 05:00,0.0
102,13.05 06:00,0.0
102,13.05 07:00,0.0
102,13.05 08:00,0.0
102,13.05 09:00,0.0
102,13.05 10:00,0.0
102,13.05 11:00,0.0
102,13.05 13:00,0.0
102,13.05 15:00,0.0
102,13.05 16:00,0.0
102,13.05 17:00,0.0
102,13.05 18:00,0.0
102,13.05 19:00,0.0
102,13.05 20:00,0.0
102,13.05 21:00,0.0
102,13.05 22:00,0.0
102,13.05 23:00,0.0
102,14.05 00:00,0.0
102,14.05 01:00,0.0
102,14.05 02:00,0.0
102,14.05 03:00,0.0
102,14.05 04:00,0.0
102,14.05 05:00,0.0
102,14.05 06:00,0.0
102,14.05 07:00,0.0
102,14.05 08:00,0.0
102,14.05 09:00,0.0
102,14.05 10:00,0.0
102,14.05 11:00,0.0
102,14.05 12:00,0.0
102,14.05 13:00,0.0
102,14.05 14:00,0.0
102,14.05 15:00,0.0
102,14.05 16:00,0.0
102,14.05 17:00,0.0
102,14.05 18:00,0.0
102,14.05 19:00,0.0
102,14.05 20:00,0.0
102,14.05 21:00,0.0
102,14.05 22:00,0.0
102,14.05 23:00,0.0
102,15.05 00:00,0.0
102,15.05 01:00,0.0
102,15.05 02:00,0.0
102,15.05 03:00,0.0
102,15.05 04:00,0.0
102,15.05 05:00,0.0
102,15.05 06:00,0.0
102,15.05 07:00,0.0
102,15.05 08:00,0.0
102,15.05 09:00,0.0
102,15.05 10:00,0.0
102,15.05 11:00,0.0
102,15.05 12:00,0.0
102,15.05 13:00,0.0
102,15.05 14:00,0.0
102,15.05 15:00,0.0
102,15.05 16:00,0.0
102,15.05 17:00,0.0
102,15.05 18:00,0.0
102,15.05 19:00,0.0
102,15.05 20:00,0.0
102,15.05 21:00,0.0
102,15.05 22:00,0.0
102,15.05 23:00,0.0
102,16.05 00:00,0.0
102,16.05 01:00,0.0
102,16.05 02:00,0.0
102,16.05 03:00,0.0
102,16.05 04:00,0.0
102,16.05 05:00,0.0
102,16.05 07:00,114.618
102,16.05 08:00,104.654
102,16.05 09:00,99.165
102,16.05 10:00,76.16
102,16.05 11:00,0.0
102,16.05 12:00,0.997
102,16.05 13:00,1.001
102,16.05 14:00,1.003
102,16.05 15:00,0.999
102,16.05 16:00,0.995
102,16.05 17:00,1.005
102,16.05 18:00,0.999
102,16.05 19:00,1.0
102,16.05 20:00,1.0
102,16.05 21:00,1.004
102,16.05 22:00,1.003
102,16.05 23:00,1.002
102,17.05 00:00,1.005
102,17.05 02:00,0.996
102,17.05 03:00,0.999
102,17.05 04:00,0.997
102,17.05 05:00,0.999
102,17.05 06:00,1.004
102,17.05 07:00,1.004
102,17.05 09:00,106.145
102,17.05 10:00,129.3
102,17.05 11:00,169.404
102,17.05 12:00,181.626
102,17.05 13:00,195.319
102,17.05 14:00,219.219
102,17.05 15:00,250.934
102,17.05 16:00,308.419
102,17.05 17:00,333.312
102,17.05 18:00,345.607
102,17.05 19:00,646.633
102,17.05 20:00,648.345
102,17.05 21:00,628.799
102,17.05 22:00,532.12
102,17.05 23:00,490.164
102,18.05 00:00,165.791
102,18.05 01:00,131.606
102,18.05 02:00,129.504
102,18.05 03:00,131.094
102,18.05 04:00,129.439
102,18.05 05:00,119.48
102,18.05 06:00,121.072
102,18.05 07:00,122.525
102,18.05 08:00,103.565
102,18.05 09:00,94.775
102,18.05 10:00,105.111
102,18.05 11:00,115.83
102,18.05 12:00,121.256
102,18.05 13:00,117.452
102,18.05 14:00,125.378
102,18.05 15:00,125.147
102,18.05 16:00,123.445
102,18.05 17:00,117.946
102,18.05 18:00,115.032
102,18.05 19:00,106.326
102,18.05 20:00,98.664
102,18.05 21:00,115.449
102,18.05 22:00,114.684
102,18.05 23:00,112.519
102,19.05 00:00,110.78
102,19.05 01:00,109.258
102,19.05 02:00,114.307
102,19.05 03:00,110.466
102,19.05 04:00,108.334
102,19.05 05:00,109.237
102,19.05 06:00,107.368
102,19.05 07:00,232.702
102,19.05 08:00,268.678
102,19.05 09:00,121.036
102,19.05 10:00,127.892
102,19.05 11:00,138.447
102,19.05 12:00,133.544
102,19.05 13:00,140.901
102,19.05 14:00,160.426
102,19.05 15:00,223.101
102,19.05 16:00,276.065
102,19.05 17:00,330.57
102,19.05 18:00,341.138
102,19.05 19:00,633.565
102,19.05 20:00,627.864
102,19.05 21:00,566.129
102,19.05 22:00,331.855
102,19.05 23:00,164.342
102,20.05 00:00,158.598
102,20.05 01:00,135.063
102,20.05 02:00,134.161
102,20.05 03:00,127.547
102,20.05 04:00,123.473
102,20.05 05:00,124.205
102,20.05 06:00,122.404
102,20.05 07:00,123.732
102,20.05 08:00,109.23
102,20.05 09:00,102.361
102,20.05 10:00,108.465
102,20.05 11:00,116.779
102,20.05 12:00,119.119
102,20.05 13:00,163.408
102,20.05 14:00,206.009
102,20.05 15:00,264.916
102,20.05 16:00,305.487
102,20.05 17:00,352.346
102,20.05 18:00,435.499
102,20.05 19:00,681.131
102,20.05 20:00,674.489
102,20.05 21:00,639.734
102,20.05 22:00,587.814
102,20.05 23:00,507.755
102,21.05 00:00,217.628
102,21.05 01:00,179.58
102,21.05 02:00,183.979
102,21.05 03:00,174.574
102,21.05 04:00,168.696
102,21.05 05:00,168.755
102,21.05 06:00,165.585
102,21.05 07:00,172.034
102,21.05 08:00,156.508
102,21.05 09:00,155.426
102,21.05 10:00,181.719
102,21.05 11:00,234.264
102,21.05 12:00,314.276
102,21.05 13:00,354.914
102,21.05 14:00,379.001
102,21.05 15:00,380.674
102,21.05 16:00,381.728
102,21.05 17:00,376.807
102,21.05 18:00,334.605
102,21.05 19:00,233.893
102,21.05 20:00,189.633
102,21.05 21:00,158.311
102,21.05 22:00,160.339
102,21.05 23:00,157.521
102,22.05 00:00,152.695
102,22.05 01:00,150.598
102,22.05 02:00,147.035
102,22.05 03:00,146.081
102,22.05 04:00,144.84
102,22.05 05:00,142.403
102,22.05 06:00,140.743
102,22.05 07:00,142.703
102,22.05 08:00,125.378
102,22.05 09:00,118.572
102,22.05 10:00,117.735
102,22.05 11:00,121.13
102,22.05 12:00,130.595
102,22.05 13:00,135.629
102,22.05 14:00,137.788
102,22.05 15:00,150.227
102,22.05 16:00,151.638
102,22.05 17:00,153.732
102,22.05 18:00,151.314
102,22.05 19:00,150.19
102,22.05 20:00,143.205
102,22.05 21:00,152.374
102,22.05 22:00,154.215
102,22.05 23:00,146.217
102,23.05 00:00,144.297
102,23.05 01:00,138.478
102,23.05 02:00,137.645
102,23.05 03:00,138.019
102,23.05 04:00,136.357
102,23.05 05:00,134.631
102,23.05 06:00,133.305
102,23.05 07:00,133.181
102,23.05 08:00,125.381
102,23.05 09:00,116.839
102,23.05 10:00,119.712
102,23.05 11:00,125.35
102,23.05 12:00,119.667
102,23.05 13:00,125.37
102,23.05 14:00,128.782
102,23.05 15:00,133.274
102,23.05 16:00,131.439
102,23.05 17:00,131.244
102,23.05 18:00,134.353
102,23.05 19:00,128.488
102,23.05 20:00,125.479
102,23.05 21:00,137.266
102,23.05 22:00,141.456
102,23.05 23:00,139.685
102,24.05 00:00,138.525
102,24.05 01:00,138.841
102,24.05 02:00,137.318
102,24.05 03:00,133.458
102,24.05 04:00,132.571
102,24.05 05:00,133.472
102,24.05 06:00,130.603
102,24.05 07:00,131.571
102,24.05 08:00,120.541
102,24.05 09:00,113.209
102,24.05 10:00,125.774
102,24.05 11:00,136.188
102,24.05 12:00,146.388
102,24.05 13:00,141.335
102,24.05 14:00,140.588
102,24.05 15:00,141.508
102,24.05 16:00,132.845
102,24.05 17:00,139.199
102,24.05 18:00,136.615
102,24.05 19:00,134.342
102,24.05 20:00,129.445
102,24.05 21:00,143.52
102,24.05 22:00,146.905
102,24.05 23:00,139.558
102,25.05 00:00,137.61
102,25.05 01:00,137.899
102,25.05 02:00,140.601
102,25.05 03:00,136.489
102,25.05 04:00,135.402
102,25.05 05:00,132.863
102,25.05 06:00,133.615
102,25.05 07:00,134.029
102,25.05 08:00,120.516
102,25.05 09:00,116.172
102,25.05 10:00,119.892
102,25.05 11:00,123.906
102,25.05 12:00,133.849
102,25.05 13:00,122.437
102,25.05 14:00,123.591
102,25.05 15:00,122.443
102,25.05 16:00,124.152
102,25.05 17:00,127.327
102,25.05 18:00,126.519
102,25.05 19:00,119.99
102,25.05 20:00,119.87
102,25.05 21:00,131.738
102,25.05 22:00,137.93
102,25.05 23:00,134.477
102,26.05 00:00,133.223
102,26.05 01:00,133.562
102,26.05 02:00,132.22
102,26.05 03:00,132.381
102,26.05 04:00,129.78
102,26.05 05:00,131.561
102,26.05 06:00,131.527
102,26.05 07:00,133.382
102,26.05 08:00,118.226
102,26.05 09:00,106.729
102,26.05 10:00,108.894
102,26.05 11:00,112.927
102,26.05 12:00,121.313
102,26.05 13:00,129.433
102,26.05 14:00,126.611
102,26.05 15:00,126.629
102,26.05 16:00,136.381
102,26.05 17:00,130.655
102,26.05 18:00,119.856
102,26.05 19:00,115.48
102,26.05 20:00,107.89
102,26.05 21:00,121.468
102,26.05 22:00,124.724
102,26.05 23:00,123.565
102,27.05 00:00,119.712
102,27.05 01:00,116.436
102,27.05 02:00,112.692
102,27.05 03:00,114.222
102,27.05 04:00,112.133
102,27.05 05:00,111.945
102,27.05 06:00,112.959
102,27.05 07:00,110.719
102,27.05 08:00,107.473
102,27.05 09:00,90.678
102,27.05 10:00,90.821
102,27.05 11:00,89.183
102,27.05 12:00,88.224
102,27.05 13:00,89.15
102,27.05 14:00,87.882
102,27.05 15:00,89.329
102,27.05 16:00,91.621
102,27.05 17:00,94.344
102,27.05 18:00,99.43
102,27.05 19:00,100.876
102,27.05 20:00,97.655
102,27.05 21:00,106.919
102,27.05 22:00,112.238
102,27.05 23:00,111.654
102,28.05 00:00,111.526
102,28.05 01:00,103.662
102,28.05 02:00,108.085
102,28.05 03:00,107.007
102,28.05 04:00,106.998
102,28.05 05:00,105.517
102,28.05 06:00,106.187
102,28.05 07:00,105.356
102,28.05 08:00,92.045
102,28.05 09:00,84.761
102,28.05 10:00,88.138
102,28.05 11:00,91.346
102,28.05 12:00,98.595
102,28.05 13:00,110.166
102,28.05 14:00,118.515
102,28.05 15:00,119.842
102,28.05 16:00,126.534
102,28.05 17:00,129.555
102,28.05 18:00,130.619
102,28.05 19:00,124.651
102,28.05 20:00,119.71
102,28.05 21:00,130.782
102,28.05 22:00,131.728
102,28.05 23:00,130.319
102,29.05 00:00,128.255
102,29.05 01:00,124.387
102,29.05 02:00,122.405
102,29.05 03:00,123.529
102,29.05 04:00,120.917
102,29.05 05:00,120.471
102,29.05 06:00,117.749
102,29.05 07:00,114.771
102,29.05 08:00,108.665
102,29.05 09:00,90.565
102,29.05 10:00,100.187
102,29.05 11:00,104.087
102,29.05 12:00,109.808
102,29.05 13:00,110.876
102,29.05 14:00,112.228
102,29.05 15:00,120.99
102,29.05 16:00,132.05
102,29.05 17:00,131.809
102,29.05 18:00,129.967
102,29.05 19:00,129.133
102,29.05 20:00,122.553
102,29.05 21:00,126.861
102,29.05 22:00,130.649
102,29.05 23:00,130.74
102,30.05 00:00,126.877
102,30.05 01:00,123.459
102,30.05 02:00,122.491
102,30.05 03:00,122.906
102,30.05 04:00,120.332
102,30.05 05:00,119.54
102,30.05 06:00,120.662
102,30.05 07:00,114.553
102,30.05 08:00,109.996
102,30.05 09:00,103.717
102,30.05 10:00,94.856
102,30.05 11:00,91.942
102,30.05 12:00,102.135
102,30.05 13:00,110.765
102,30.05 14:00,117.992
102,30.05 15:00,117.273
102,30.05 16:00,124.438
102,30.05 17:00,122.539
102,30.05 18:00,128.325
102,30.05 19:00,130.285
102,30.05 20:00,120.468
102,30.05 21:00,127.859
102,30.05 22:00,133.181
102,30.05 23:00,132.539
102,31.05 00:00,128.892
102,31.05 01:00,126.477
102,31.05 02:00,126.541
102,31.05 03:00,125.048
102,31.05 04:00,123.437
102,31.05 05:00,124.349
102,31.05 06:00,124.94
102,31.05 07:00,122.011
102,31.05 08:00,110.045
102,31.05 09:00,104.486
102,31.05 10:00,110.166
102,31.05 11:00,116.31
102,31.05 12:00,126.852
102,31.05 13:00,129.389
102,31.05 14:00,126.324
102,31.05 15:00,119.497
102,31.05 16:00,112.523
102,31.05 17:00,117.839
102,31.05 18:00,112.918
102,31.05 19:00,101.387
102,31.05 20:00,101.428
102,31.05 21:00,115.886
102,31.05 22:00,120.68
102,31.05 23:00,118.014
102,01.06 00:00,118.04
102,01.06 01:00,118.091
102,01.06 02:00,120.47
102,01.06 03:00,112.873
102,01.06 04:00,114.216
102,01.06 05:00,113.529
102,01.06 06:00,113.972
102,01.06 07:00,107.552
102,01.06 08:00,98.665
102,01.06 09:00,101.733
102,01.06 10:00,103.919
102,01.06 11:00,112.018
102,01.06 12:00,114.479
102,01.06 13:00,119.408
102,01.06 14:00,120.948
102,01.06 15:00,131.422
102,01.06 16:00,131.345
102,01.06 17:00,132.03
102,01.06 18:00,131.008
102,01.06 19:00,124.983
102,01.06 20:00,115.805
102,01.06 21:00,126.417
102,01.06 22:00,130.783
102,01.06 23:00,130.189
102,02.06 00:00,128.428
102,02.06 01:00,129.204
102,02.06 02:00,122.949
102,02.06 03:00,123.955
102,02.06 04:00,122.959
102,02.06 05:00,121.068
102,02.06 06:00,121.598
102,02.06 07:00,119.842
102,02.06 08:00,116.305
102,02.06 09:00,99.717
102,02.06 10:00,98.768
102,02.06 11:00,99.43
102,02.06 12:00,104.836
102,02.06 13:00,104.79
102,02.06 14:00,109.544
102,02.06 15:00,114.437
102,02.06 16:00,113.754
102,02.06 17:00,116.467
102,02.06 18:00,117.742
102,02.06 19:00,116.85
102,02.06 20:00,114.902
102,02.06 21:00,117.901
102,02.06 22:00,123.526
102,02.06 23:00,119.901
102,03.06 00:00,122.434
102,03.06 01:00,115.857
102,03.06 02:00,116.716
102,03.06 03:00,112.672
102,03.06 04:00,113.282
102,03.06 05:00,112.513
102,03.06 06:00,112.368
102,03.06 07:00,111.518
102,03.06 08:00,99.506
102,03.06 09:00,95.241
102,03.06 10:00,104.243
102,03.06 11:00,112.592
102,03.06 12:00,113.078
102,03.06 13:00,116.657
102,03.06 14:00,119.439
102,03.06 15:00,121.442
102,03.06 16:00,123.871
102,03.06 17:00,132.058
102,03.06 18:00,127.589
102,03.06 19:00,121.107
102,03.06 20:00,112.841
102,03.06 21:00,123.635
102,03.06 22:00,124.191
102,03.06 23:00,120.41
102,04.06 00:00,118.436
102,04.06 01:00,116.034
102,04.06 02:00,114.881
102,04.06 03:00,113.431
102,04.06 04:00,120.34
102,04.06 05:00,113.483
102,04.06 06:00,113.229
102,04.06 07:00,112.5
102,04.06 08:00,109.594
102,04.06 09:00,96.434
102,04.06 10:00,100.423
102,04.06 11:00,98.89
102,04.06 12:00,103.057
102,04.06 13:00,109.013
102,04.06 14:00,110.913
102,04.06 15:00,116.111
102,04.06 16:00,117.007
102,04.06 17:00,118.444
102,04.06 18:00,111.022
102,04.06 19:00,106.544
102,04.06 20:00,108.69
102,04.06 21:00,115.819
102,04.06 22:00,121.977
102,04.06 23:00,120.496
102,05.06 00:00,118.909
102,05.06 01:00,118.454
102,05.06 02:00,117.517
102,05.06 03:00,115.455
102,05.06 04:00,114.092
102,05.06 05:00,114.004
102,05.06 06:00,114.194
102,05.06 07:00,108.964
102,05.06 08:00,95.34
102,05.06 09:00,96.449
102,05.06 10:00,98.564
102,05.06 11:00,104.614
102,05.06 12:00,108.087
102,05.06 13:00,111.732
102,05.06 14:00,113.344
102,05.06 15:00,115.642
102,05.06 16:00,117.738
102,05.06 17:00,120.597
102,05.06 18:00,118.644
102,05.06 19:00,396.276
102,05.06 20:00,396.844
102,05.06 21:00,401.491
102,05.06 22:00,270.387
102,05.06 23:00,122.663
102,06.06 00:00,120.344
102,06.06 01:00,116.435
102,06.06 02:00,116.475
102,06.06 03:00,113.928
102,06.06 04:00,114.058
102,06.06 05:00,114.049
102,06.06 06:00,113.13
102,06.06 07:00,107.493
102,06.06 08:00,99.81
102,06.06 09:00,100.229
102,06.06 10:00,92.814
102,06.06 11:00,123.212
102,06.06 12:00,118.651
102,06.06 13:00,124.663
102,06.06 14:00,127.266
102,06.06 15:00,131.118
102,06.06 16:00,133.51
102,06.06 17:00,131.029
102,06.06 18:00,132.971
102,06.06 19:00,130.022
102,06.06 20:00,124.21
102,06.06 21:00,125.994
102,06.06 22:00,132.883
102,06.06 23:00,129.878
102,07.06 00:00,127.52
102,07.06 01:00,123.454
102,07.06 02:00,124.694
102,07.06 03:00,122.709
102,07.06 04:00,121.597
102,07.06 05:00,118.546
102,07.06 06:00,117.538
102,07.06 07:00,113.843
102,07.06 08:00,103.925
102,07.06 09:00,109.964
102,07.06 10:00,117.051
102,07.06 11:00,132.613
102,07.06 12:00,145.305
102,07.06 13:00,147.347
102,07.06 14:00,139.433
102,07.06 15:00,144.534
102,07.06 16:00,143.74
102,07.06 17:00,145.365
102,07.06 18:00,144.658
102,07.06 19:00,417.066
102,07.06 20:00,419.619
102,07.06 21:00,423.091
102,07.06 22:00,284.375
102,07.06 23:00,134.503
102,08.06 00:00,132.424
102,08.06 01:00,131.839
102,08.06 02:00,131.476
102,08.06 03:00,130.858
102,08.06 04:00,125.988
102,08.06 05:00,124.252
102,08.06 06:00,124.704
102,08.06 07:00,121.108
102,08.06 08:00,117.178
102,08.06 09:00,129.546
102,08.06 10:00,136.389
102,08.06 11:00,184.758
102,08.06 12:00,233.497
102,08.06 13:00,275.758
102,08.06 14:00,283.092
102,08.06 15:00,284.306
102,08.06 16:00,292.328
102,08.06 17:00,286.954
102,08.06 18:00,282.17
102,08.06 19:00,231.897
102,08.06 20:00,206.071
102,08.06 21:00,193.658
102,08.06 22:00,163.44
102,08.06 23:00,159.517
102,09.06 00:00,157.658
102,09.06 01:00,154.487
102,09.06 02:00,156.282
102,09.06 03:00,154.045
102,09.06 04:00,156.452
102,09.06 05:00,152.766
102,09.06 06:00,148.296
102,09.06 07:00,141.139
102,09.06 08:00,129.113
102,09.06 09:00,136.114
102,09.06 10:00,138.991
102,09.06 11:00,153.615
102,09.06 12:00,162.837
102,09.06 13:00,163.688
102,09.06 14:00,168.897
102,09.06 15:00,180.859
102,09.06 16:00,207.835
102,09.06 17:00,222.915
102,09.06 18:00,224.989
102,09.06 19:00,224.013
102,09.06 20:00,233.801
102,09.06 21:00,206.141
102,09.06 22:00,158.777
102,09.06 23:00,145.898
102,10.06 00:00,140.369
102,10.06 01:00,137.386
102,10.06 02:00,135.38
102,10.06 03:00,136.424
102,10.06 04:00,136.774
102,10.06 05:00,128.412
102,10.06 06:00,127.386
102,10.06 07:00,125.668
102,10.06 08:00,116.722
102,10.06 09:00,114.299
102,10.06 10:00,115.503
102,10.06 11:00,124.957
102,10.06 12:00,124.37
102,10.06 13:00,133.907
102,10.06 14:00,131.402
102,10.06 15:00,129.397
102,10.06 16:00,131.758
102,10.06 17:00,133.381
102,10.06 18:00,134.761
102,10.06 19:00,129.579
102,10.06 20:00,126.889
102,10.06 21:00,130.145
102,10.06 22:00,139.343
102,10.06 23:00,135.247
102,11.06 00:00,128.367
102,11.06 01:00,125.486
102,11.06 02:00,125.519
102,11.06 03:00,125.946
102,11.06 04:00,123.803
102,11.06 05:00,122.404
102,11.06 06:00,120.766
102,11.06 07:00,120.463
102,11.06 08:00,105.234
102,11.06 09:00,105.733
102,11.06 10:00,110.054
102,11.06 11:00,109.644
102,11.06 12:00,118.289
102,11.06 13:00,121.876
102,11.06 14:00,128.185
102,11.06 15:00,131.864
102,11.06 16:00,133.107
102,11.06 17:00,132.433
102,11.06 18:00,133.59
102,11.06 19:00,130.177
102,11.06 20:00,128.829
102,11.06 21:00,130.599
102,11.06 22:00,139.346
102,11.06 23:00,135.835
102,12.06 00:00,132.572
102,12.06 01:00,130.774
102,12.06 02:00,134.187
102,12.06 03:00,132.428
102,12.06 04:00,130.719
102,12.06 05:00,126.107
102,12.06 06:00,127.248
102,12.06 07:00,124.855
102,12.06 08:00,107.974
102,12.06 09:00,113.868
102,12.06 10:00,120.537
102,12.06 11:00,120.076
102,12.06 12:00,129.494
102,12.06 13:00,130.958
102,12.06 14:00,139.129
102,12.06 15:00,141.404
102,12.06 16:00,141.847
102,12.06 17:00,144.402
102,12.06 18:00,144.743
102,12.06 19:00,140.243
102,12.06 20:00,133.665
102,12.06 21:00,139.652
102,12.06 22:00,146.886
102,12.06 23:00,142.702
102,13.06 00:00,138.55
102,13.06 01:00,136.871
102,13.06 02:00,137.626
102,13.06 03:00,135.72
102,13.06 04:00,135.016
102,13.06 05:00,134.076
102,13.06 06:00,130.815
102,13.06 07:00,129.054
102,13.06 08:00,120.762
102,13.06 09:00,124.812
102,13.06 10:00,132.606
102,13.06 11:00,135.307
102,13.06 12:00,141.8
102,13.06 13:00,150.629
102,13.06 14:00,149.549
102,13.06 15:00,150.659
102,13.06 16:00,154.165
102,13.06 17:00,155.651
102,13.06 18:00,150.584
102,13.06 19:00,149.7
102,13.06 20:00,147.074
102,13.06 21:00,143.73
102,13.06 22:00,151.88
102,13.06 23:00,146.841
102,14.06 00:00,145.426
102,14.06 01:00,141.255
102,14.06 02:00,144.75
102,14.06 03:00,139.0
102,14.06 04:00,138.326
102,14.06 05:00,139.973
102,14.06 06:00,137.074
102,14.06 07:00,129.941
102,14.06 08:00,112.062
102,14.06 09:00,110.874
102,14.06 10:00,114.538
102,14.06 11:00,123.442
102,14.06 12:00,124.393
102,14.06 13:00,127.088
102,14.06 14:00,132.688
102,14.06 15:00,137.228
102,14.06 16:00,141.644
102,14.06 17:00,141.57
102,14.06 18:00,140.629
102,14.06 19:00,134.977
102,14.06 20:00,134.533
102,14.06 21:00,134.517
102,14.06 22:00,142.289
102,14.06 23:00,139.255
102,15.06 00:00,131.302
102,15.06 01:00,126.607
102,15.06 02:00,127.765
102,15.06 03:00,129.625
102,15.06 04:00,127.432
102,15.06 05:00,125.377
102,15.06 06:00,125.622
102,15.06 07:00,125.645
102,15.06 08:00,113.032
102,15.06 09:00,115.633
102,15.06 10:00,122.265
102,15.06 11:00,128.576
102,15.06 12:00,130.562
102,15.06 13:00,136.293
102,15.06 14:00,139.483
102,15.06 15:00,143.386
102,15.06 16:00,143.037
102,15.06 17:00,145.517
102,15.06 18:00,145.249
102,15.06 19:00,139.478
102,15.06 20:00,135.489
102,15.06 21:00,134.514
102,15.06 22:00,144.417
102,15.06 23:00,137.571
102,16.06 00:00,136.165
102,16.06 01:00,133.183
102,16.06 02:00,132.14
102,16.06 03:00,131.438
102,16.06 04:00,126.469
102,16.06 05:00,126.385
102,16.06 06:00,127.049
102,16.06 07:00,121.501
102,16.06 08:00,106.867
102,16.06 09:00,111.903
102,16.06 10:00,115.442
102,16.06 11:00,123.051
102,16.06 12:00,132.078
102,16.06 13:00,133.764
102,16.06 14:00,137.594
102,16.06 15:00,140.506
102,16.06 16:00,135.035
102,16.06 17:00,141.385
102,16.06 18:00,145.435
102,16.06 19:00,142.291
102,16.06 20:00,135.961
102,16.06 21:00,137.902
102,16.06 22:00,145.22
102,16.06 23:00,138.45
102,17.06 00:00,133.586
102,17.06 01:00,130.817
102,17.06 02:00,131.974
102,17.06 03:00,127.795
102,17.06 04:00,127.16
102,17.06 05:00,126.838
102,17.06 06:00,126.154
102,17.06 07:00,119.627
102,17.06 08:00,108.128
102,17.06 09:00,113.271
102,17.06 10:00,118.22
102,17.06 11:00,120.588
102,17.06 12:00,120.257
102,17.06 13:00,123.466
102,17.06 14:00,130.035
102,17.06 15:00,134.014
102,17.06 16:00,138.931
102,17.06 17:00,139.393
102,17.06 18:00,143.577
102,17.06 19:00,138.95
102,17.06 20:00,135.394
102,17.06 21:00,141.821
102,17.06 22:00,145.42
102,17.06 23:00,142.597
102,18.06 00:00,135.4
102,18.06 01:00,133.644
102,18.06 02:00,131.643
102,18.06 03:00,129.227
102,18.06 04:00,127.544
102,18.06 05:00,125.728
102,18.06 06:00,126.288
102,18.06 07:00,124.406
102,18.06 08:00,108.329
102,18.06 09:00,106.922
102,18.06 10:00,117.475
102,18.06 11:00,119.058
102,18.06 12:00,121.584
102,18.06 13:00,126.438
102,18.06 14:00,131.5
102,18.06 15:00,135.566
102,18.06 16:00,140.548
102,18.06 17:00,141.261
102,18.06 18:00,143.727
102,18.06 19:00,139.754
102,18.06 20:00,132.44
102,18.06 21:00,136.9
102,18.06 22:00,144.459
102,18.06 23:00,140.16
102,19.06 00:00,135.554
102,19.06 01:00,131.717
102,19.06 02:00,131.743
102,19.06 03:00,130.467
102,19.06 04:00,126.404
102,19.06 05:00,126.428
102,19.06 06:00,128.609
102,19.06 07:00,124.224
102,19.06 08:00,110.038
102,19.06 09:00,105.89
102,19.06 10:00,112.559
102,19.06 11:00,120.13
102,19.06 12:00,123.594
102,19.06 13:00,125.098
102,19.06 14:00,132.634
102,19.06 15:00,133.353
102,19.06 16:00,136.667
102,19.06 17:00,137.281
102,19.06 18:00,135.362
102,19.06 19:00,134.376
102,19.06 20:00,129.285
102,19.06 21:00,129.907
102,19.06 22:00,139.393
102,19.06 23:00,133.137
102,20.06 00:00,131.069
102,20.06 01:00,128.052
102,20.06 02:00,125.863
102,20.06 03:00,125.087
102,20.06 04:00,124.0
102,20.06 05:00,123.039
102,20.06 06:00,122.88
102,20.06 07:00,119.249
102,20.06 08:00,106.903
102,20.06 09:00,113.996
102,20.06 10:00,129.924
102,20.06 11:00,133.567
102,20.06 12:00,139.494
102,20.06 13:00,140.807
102,20.06 14:00,146.89
102,20.06 15:00,148.659
102,20.06 16:00,149.347
102,20.06 17:00,152.819
102,20.06 18:00,153.051
102,20.06 19:00,150.247
102,20.06 20:00,146.011
102,20.06 21:00,139.966
102,20.06 22:00,150.731
102,20.06 23:00,144.893
102,21.06 00:00,139.554
102,21.06 01:00,138.299
102,21.06 02:00,136.809
102,21.06 03:00,133.857
102,21.06 04:00,130.649
102,21.06 05:00,132.38
102,21.06 06:00,131.532
102,21.06 07:00,126.984
102,21.06 08:00,115.029
102,21.06 09:00,117.091
102,21.06 10:00,126.106
102,21.06 11:00,127.202
102,21.06 12:00,130.048
102,21.06 13:00,133.493
102,21.06 14:00,141.531
102,21.06 15:00,139.037
102,21.06 16:00,139.309
102,21.06 17:00,143.439
102,21.06 18:00,142.693
102,21.06 19:00,136.561
102,21.06 20:00,133.655
102,21.06 21:00,133.607
102,21.06 22:00,145.224
102,21.06 23:00,138.497
102,22.06 00:00,132.155
102,22.06 01:00,129.773
102,22.06 02:00,131.019
102,22.06 03:00,127.63
102,22.06 04:00,125.262
102,22.06 05:00,123.536
102,22.06 06:00,127.021
102,22.06 07:00,121.605
102,22.06 08:00,107.293
102,22.06 09:00,114.021
102,22.06 10:00,117.511
102,22.06 11:00,119.428
102,22.06 12:00,121.723
102,22.06 13:00,124.827
102,22.06 14:00,126.29
102,22.06 15:00,131.04
102,22.06 16:00,130.457
102,22.06 17:00,133.517
102,22.06 18:00,134.593
102,22.06 19:00,127.915
102,22.06 20:00,124.717
102,22.06 21:00,127.486
102,22.06 22:00,133.94
102,22.06 23:00,132.591
102,23.06 00:00,126.377
102,23.06 01:00,122.731
102,23.06 02:00,125.151
102,23.06 03:00,121.958
102,23.06 04:00,118.932
102,23.06 05:00,117.516
102,23.06 06:00,117.321
102,23.06 07:00,112.565
102,23.06 08:00,100.697
102,23.06 09:00,101.605
102,23.06 10:00,109.44
102,23.06 11:00,113.735
102,23.06 12:00,116.716
102,23.06 13:00,118.314
102,23.06 14:00,121.436
102,23.06 15:00,125.589
102,23.06 16:00,129.282
102,23.06 17:00,131.472
102,23.06 18:00,131.68
102,23.06 19:00,125.404
102,23.06 20:00,122.613
102,23.06 21:00,121.73
102,23.06 22:00,126.503
102,23.06 23:00,122.476
102,24.06 00:00,122.01
102,24.06 01:00,119.024
102,24.06 02:00,121.085
102,24.06 03:00,114.534
102,24.06 04:00,115.309
102,24.06 05:00,114.489
102,24.06 06:00,115.525
102,24.06 07:00,113.275
102,24.06 08:00,90.856
102,24.06 09:00,95.928
102,24.06 10:00,105.676
102,24.06 11:00,113.369
102,24.06 12:00,115.979
102,24.06 13:00,112.474
102,24.06 14:00,113.017
102,24.06 15:00,123.658
102,24.06 16:00,127.248
102,24.06 17:00,127.045
102,24.06 18:00,122.983
102,24.06 19:00,112.167
102,24.06 20:00,110.297
102,24.06 21:00,118.786
102,24.06 22:00,127.086
102,24.06 23:00,123.424
102,25.06 00:00,118.739
102,25.06 01:00,114.484
102,25.06 02:00,116.773
102,25.06 03:00,115.897
102,25.06 04:00,117.317
102,25.06 05:00,117.42
102,25.06 06:00,115.354
102,25.06 07:00,107.687
102,25.06 08:00,91.432
102,25.06 09:00,94.539
102,25.06 10:00,98.718
102,25.06 11:00,102.413
102,25.06 12:00,107.082
102,25.06 13:00,99.045
102,25.06 14:00,98.808
102,25.06 15:00,100.927
102,25.06 16:00,96.548
102,25.06 17:00,98.231
102,25.06 18:00,100.806
102,25.06 19:00,92.871
102,25.06 20:00,92.141
102,25.06 21:00,102.335
102,25.06 22:00,108.664
102,25.06 23:00,111.679
102,26.06 00:00,114.904
102,26.06 01:00,109.039
102,26.06 02:00,109.381
102,26.06 03:00,111.24
102,26.06 04:00,104.91
102,26.06 05:00,111.469
102,26.06 06:00,106.175
102,26.06 07:00,102.559
102,26.06 08:00,88.237
102,26.06 09:00,89.244
102,26.06 10:00,96.424
102,26.06 11:00,100.019
102,26.06 12:00,112.353
102,26.06 13:00,114.288
102,26.06 14:00,122.135
102,26.06 15:00,117.091
102,26.06 16:00,118.871
102,26.06 17:00,121.562
102,26.06 18:00,126.38
102,26.06 19:00,124.506
102,26.06 20:00,120.943
102,26.06 21:00,122.095
102,26.06 22:00,123.326
102,26.06 23:00,115.325
102,27.06 00:00,119.848
102,27.06 01:00,121.534
102,27.06 02:00,119.337
102,27.06 03:00,115.46
102,27.06 04:00,115.715
102,27.06 05:00,107.724
102,27.06 06:00,106.778
102,27.06 07:00,106.886
102,27.06 08:00,100.175
102,27.06 09:00,102.065
102,27.06 10:00,103.766
102,27.06 11:00,106.396
102,27.06 12:00,104.398
102,27.06 13:00,117.909
102,27.06 14:00,123.751
102,27.06 15:00,123.016
102,27.06 16:00,126.842
102,27.06 17:00,132.733
102,27.06 18:00,131.79
102,27.06 19:00,130.713
102,27.06 20:00,128.463
102,27.06 21:00,124.965
102,27.06 22:00,136.599
102,27.06 23:00,124.081
102,28.06 00:00,124.293
102,28.06 01:00,121.528
102,28.06 02:00,124.464
102,28.06 03:00,119.44
102,28.06 04:00,118.029
102,28.06 05:00,115.702
102,28.06 06:00,118.455
102,28.06 07:00,107.639
102,28.06 08:00,102.21
102,28.06 09:00,107.164
102,28.06 10:00,121.395
102,28.06 11:00,123.328
102,28.06 12:00,129.406
102,28.06 13:00,133.739
102,28.06 14:00,137.261
102,28.06 15:00,141.401
102,28.06 16:00,143.344
102,28.06 17:00,115.872
102,28.06 18:00,111.565
102,28.06 19:00,105.846
102,28.06 20:00,98.65
102,28.06 21:00,108.161
102,28.06 22:00,114.753
102,28.06 23:00,114.514
102,29.06 00:00,111.541
102,29.06 01:00,112.02
102,29.06 02:00,110.565
102,29.06 03:00,108.89
102,29.06 04:00,101.826
102,29.06 05:00,105.698
102,29.06 06:00,106.174
102,29.06 07:00,101.274
102,29.06 08:00,84.415
102,29.06 09:00,86.669
102,29.06 10:00,104.622
102,29.06 11:00,108.905
102,29.06 12:00,112.072
102,29.06 13:00,110.887
102,29.06 14:00,114.374
102,29.06 15:00,119.882
102,29.06 16:00,127.654
102,29.06 17:00,130.65
102,29.06 18:00,127.027
102,29.06 19:00,125.558
102,29.06 20:00,117.949
102,29.06 21:00,121.713
102,29.06 22:00,129.638
102,29.06 23:00,127.831
102,30.06 00:00,123.466
102,30.06 01:00,117.461
102,30.06 02:00,114.748
102,30.06 03:00,113.91
102,30.06 04:00,113.087
102,30.06 05:00,115.882
102,30.06 06:00,116.474
102,30.06 07:00,110.997
102,30.06 08:00,102.02
102,30.06 09:00,106.843
102,30.06 10:00,116.465
102,30.06 11:00,121.511
102,30.06 12:00,123.218
102,30.06 13:00,129.414
102,30.06 14:00,131.033
102,30.06 15:00,136.436
102,30.06 16:00,140.505
102,30.06 17:00,137.562
102,30.06 18:00,133.742
102,30.06 19:00,131.68
102,30.06 20:00,125.992
102,30.06 21:00,128.087
102,30.06 22:00,135.449
102,30.06 23:00,131.495
102,01.07 00:00,129.426
102,01.07 01:00,124.078
102,01.07 02:00,122.221
102,01.07 03:00,116.976
102,01.07 04:00,117.559
102,01.07 05:00,116.113
102,01.07 06:00,117.114
102,01.07 07:00,114.805
102,01.07 08:00,105.29
102,01.07 09:00,114.551
102,01.07 10:00,113.902
102,01.07 11:00,120.364
102,01.07 12:00,126.601
102,01.07 13:00,127.472
102,01.07 14:00,90.434
102,01.07 15:00,92.577
102,01.07 16:00,89.998
102,01.07 17:00,90.108
102,01.07 18:00,89.976
102,01.07 19:00,89.698
102,01.07 20:00,90.142
102,01.07 21:00,90.423
102,01.07 22:00,89.945
102,01.07 23:00,89.715
102,02.07 00:00,90.251
102,02.07 01:00,89.595
102,02.07 02:00,90.074
102,02.07 03:00,90.068
102,02.07 04:00,90.059
102,02.07 05:00,89.816
102,02.07 06:00,90.402
102,02.07 07:00,90.401
102,02.07 08:00,90.126
102,02.07 09:00,1.005
102,02.07 10:00,0.996
102,02.07 11:00,1.005
102,02.07 12:00,0.998
102,02.07 13:00,1.001
102,02.07 14:00,1.002
102,02.07 15:00,0.997
102,02.07 16:00,0.997
102,02.07 17:00,0.998
102,02.07 18:00,0.999
102,02.07 19:00,1.002
102,02.07 20:00,0.999
102,02.07 21:00,0.998
102,02.07 22:00,1.001
102,02.07 23:00,1.001
102,03.07 00:00,1.0
102,03.07 01:00,0.0
102,03.07 02:00,0.0
102,03.07 03:00,1.005
102,03.07 04:00,1.004
102,03.07 05:00,1.003
102,03.07 06:00,0.999
102,03.07 07:00,1.004
102,03.07 08:00,1.003
102,03.07 09:00,1.001
102,03.07 10:00,1.003
102,03.07 11:00,0.998
102,03.07 12:00,1.004
102,03.07 13:00,0.998
102,03.07 14:00,1.018
102,03.07 15:00,0.998
102,03.07 16:00,1.0
102,03.07 17:00,1.005
102,03.07 18:00,0.997
102,03.07 19:00,1.0
102,03.07 20:00,0.995
102,03.07 21:00,1.001
102,03.07 22:00,0.998
102,03.07 23:00,0.996
102,04.07 00:00,0.998
102,04.07 01:00,0.0
102,04.07 02:00,0.0
102,04.07 03:00,1.0
102,04.07 04:00,1.001
102,04.07 05:00,1.003
102,04.07 06:00,0.998
102,04.07 07:00,1.003
102,04.07 08:00,0.995
102,04.07 09:00,0.996
102,04.07 10:00,0.998
102,04.07 11:00,0.995
102,04.07 12:00,0.995
102,04.07 13:00,0.997
102,04.07 14:00,0.999
102,04.07 15:00,1.004
102,04.07 16:00,0.998
102,04.07 17:00,1.001
102,04.07 18:00,0.999
102,04.07 19:00,0.999
102,04.07 20:00,0.997
102,04.07 21:00,0.999
102,04.07 22:00,0.999
102,04.07 23:00,1.002
102,05.07 00:00,0.999
102,05.07 01:00,0.0
102,05.07 02:00,0.0
102,05.07 03:00,0.0
102,05.07 04:00,0.0
102,05.07 06:00,119.634
102,05.07 07:00,124.495
102,05.07 08:00,110.513
102,05.07 09:00,98.743
102,05.07 10:00,101.654
102,05.07 11:00,113.161
102,05.07 12:00,122.85
102,05.07 13:00,136.533
102,05.07 14:00,142.689
102,05.07 15:00,134.813
102,05.07 16:00,140.847
102,05.07 17:00,151.743
102,05.07 18:00,155.696
102,05.07 19:00,149.035
102,05.07 20:00,278.147
102,05.07 21:00,418.529
102,05.07 22:00,291.272
102,05.07 23:00,141.709
102,06.07 00:00,129.099
102,06.07 01:00,129.733
102,06.07 02:00,125.977
102,06.07 03:00,128.278
102,06.07 04:00,127.359
102,06.07 05:00,120.304
102,06.07 06:00,121.979
102,06.07 07:00,124.591
102,06.07 08:00,139.613
102,06.07 09:00,110.518
102,06.07 10:00,116.605
102,06.07 11:00,117.996
102,06.07 12:00,135.64
102,06.07 13:00,140.034
102,06.07 14:00,144.489
102,06.07 15:00,142.562
102,06.07 16:00,142.96
102,06.07 17:00,147.698
102,06.07 18:00,146.479
102,06.07 19:00,135.05
102,06.07 20:00,125.867
102,06.07 21:00,130.915
102,06.07 22:00,143.905
102,06.07 23:00,135.531
102,07.07 00:00,133.148
102,07.07 01:00,127.443
102,07.07 02:00,127.25
102,07.07 03:00,129.647
102,07.07 04:00,126.574
102,07.07 05:00,119.748
102,07.07 06:00,115.763
102,07.07 07:00,119.417
102,07.07 08:00,108.629
102,07.07 09:00,113.147
102,07.07 10:00,116.55
102,07.07 11:00,119.986
102,07.07 12:00,125.242
102,07.07 13:00,137.212
102,07.07 14:00,144.555
102,07.07 15:00,145.326
102,07.07 16:00,146.247
102,07.07 17:00,151.144
102,07.07 18:00,147.659
102,07.07 19:00,145.632
102,07.07 20:00,132.383
102,07.07 21:00,129.377
102,07.07 22:00,141.324
102,07.07 23:00,140.398
102,08.07 00:00,137.428
102,08.07 01:00,124.384
102,08.07 02:00,133.958
102,08.07 03:00,135.054
102,08.07 04:00,124.127
102,08.07 05:00,123.931
102,08.07 06:00,127.371
102,08.07 07:00,125.515
102,08.07 08:00,112.965
102,08.07 09:00,111.731
102,08.07 10:00,75.164
102,08.07 11:00,168.683
102,08.07 12:00,137.251
102,08.07 13:00,141.098
102,08.07 14:00,136.09
102,08.07 15:00,143.469
102,08.07 16:00,151.335
102,08.07 17:00,151.238
102,08.07 18:00,141.376
102,08.07 19:00,141.952
102,08.07 20:00,135.592
102,08.07 21:00,136.123
102,08.07 22:00,144.905
102,08.07 23:00,140.287
102,09.07 00:00,131.677
102,09.07 01:00,128.697
102,09.07 02:00,130.454
102,09.07 03:00,119.594
102,09.07 04:00,122.566
102,09.07 05:00,122.004
102,09.07 06:00,124.135
102,09.07 07:00,121.599
102,09.07 08:00,101.867
102,09.07 09:00,105.722
102,09.07 10:00,113.892
102,09.07 11:00,116.217
102,09.07 12:00,123.492
102,09.07 13:00,136.396
102,09.07 14:00,143.638
102,09.07 15:00,150.951
102,09.07 16:00,145.331
102,09.07 17:00,140.489
102,09.07 18:00,147.635
102,09.07 19:00,142.235
102,09.07 20:00,136.341
102,09.07 21:00,137.818
102,09.07 22:00,145.485
102,09.07 23:00,139.822
102,10.07 00:00,129.518
102,10.07 01:00,130.78
102,10.07 02:00,130.827
102,10.07 03:00,127.43
102,10.07 04:00,126.572
102,10.07 05:00,126.344
102,10.07 06:00,122.525
102,10.07 07:00,120.322
102,10.07 08:00,117.551
102,10.07 09:00,109.893
102,10.07 10:00,113.455
102,10.07 11:00,111.744
102,10.07 12:00,119.579
102,10.07 13:00,132.563
102,10.07 14:00,135.898
102,10.07 15:00,140.848
102,10.07 16:00,135.422
102,10.07 17:00,141.511
102,10.07 18:00,147.685
102,10.07 19:00,140.641
102,10.07 20:00,138.216
102,10.07 21:00,127.464
102,10.07 22:00,136.607
102,10.07 23:00,136.36
102,11.07 00:00,132.006
102,11.07 01:00,123.486
102,11.07 02:00,118.39
102,11.07 03:00,124.052
102,11.07 04:00,125.481
102,11.07 05:00,125.047
102,11.07 06:00,119.005
102,11.07 07:00,117.778
102,11.07 08:00,111.497
102,11.07 09:00,115.773
102,11.07 10:00,120.133
102,11.07 11:00,124.625
102,11.07 12:00,133.491
102,11.07 13:00,142.53
102,11.07 14:00,148.253
102,11.07 15:00,150.662
102,11.07 16:00,154.708
102,11.07 17:00,153.577
102,11.07 18:00,153.684
102,11.07 19:00,147.61
102,11.07 20:00,140.277
102,11.07 21:00,136.787
102,11.07 22:00,147.649
102,11.07 23:00,136.52
102,12.07 00:00,133.483
102,12.07 01:00,136.48
102,12.07 02:00,126.352
102,12.07 03:00,120.603
102,12.07 04:00,126.373
102,12.07 05:00,125.081
102,12.07 06:00,125.605
102,12.07 07:00,126.572
102,12.07 08:00,107.744
102,12.07 09:00,111.518
102,12.07 10:00,116.942
102,12.07 11:00,133.313
102,12.07 12:00,133.786
102,12.07 13:00,136.156
102,12.07 14:00,143.905
102,12.07 15:00,146.024
102,12.07 16:00,149.09
102,12.07 17:00,148.674
102,12.07 18:00,145.929
102,12.07 19:00,137.063
102,12.07 20:00,131.473
102,12.07 21:00,134.011
102,12.07 22:00,143.269
102,12.07 23:00,135.175
102,13.07 00:00,135.507
102,13.07 01:00,124.252
102,13.07 02:00,124.018
102,13.07 03:00,127.989
102,13.07 04:00,126.362
102,13.07 05:00,119.07
102,13.07 06:00,118.66
102,13.07 07:00,128.896
102,13.07 08:00,117.05
102,13.07 09:00,113.466
102,13.07 10:00,119.492
102,13.07 11:00,127.184
102,13.07 12:00,133.659
102,13.07 13:00,137.437
102,13.07 14:00,140.383
102,13.07 15:00,153.51
102,13.07 16:00,150.618
102,13.07 17:00,147.01
102,13.07 18:00,141.717
102,13.07 19:00,138.46
102,13.07 20:00,139.176
102,13.07 21:00,137.291
102,13.07 22:00,145.072
102,13.07 23:00,134.473
102,14.07 00:00,136.489
102,14.07 01:00,137.75
102,14.07 02:00,133.269
102,14.07 03:00,133.443
102,14.07 04:00,125.283
102,14.07 05:00,124.24
102,14.07 06:00,127.604
102,14.07 07:00,126.046
102,14.07 08:00,108.886
102,14.07 09:00,106.157
102,14.07 10:00,107.988
102,14.07 11:00,124.064
102,14.07 12:00,135.115
102,14.07 13:00,142.384
102,14.07 14:00,147.155
102,14.07 15:00,141.956
102,14.07 16:00,143.495
102,14.07 17:00,152.519
102,14.07 18:00,150.881
102,14.07 19:00,137.925
102,14.07 20:00,132.282
102,14.07 21:00,136.273
102,14.07 22:00,145.713
102,14.07 23:00,140.502
102,15.07 00:00,129.548
102,15.07 01:00,126.567
102,15.07 02:00,139.331
102,15.07 03:00,136.362
102,15.07 04:00,132.58
102,15.07 05:00,119.772
102,15.07 06:00,123.185
102,15.07 07:00,124.204
102,15.07 08:00,113.251
102,15.07 09:00,111.539
102,15.07 10:00,113.204
102,15.07 11:00,123.28
102,15.07 12:00,137.089
102,15.07 13:00,135.648
102,15.07 14:00,140.427
102,15.07 15:00,141.776
102,15.07 16:00,147.033
102,15.07 17:00,144.867
102,15.07 18:00,148.37
102,15.07 19:00,141.451
102,15.07 20:00,138.195
102,15.07 21:00,138.006
102,15.07 22:00,147.578
102,15.07 23:00,138.505
102,16.07 00:00,128.948
102,16.07 01:00,126.624
102,16.07 02:00,126.251
102,16.07 03:00,126.224
102,16.07 04:00,122.444
102,16.07 05:00,124.34
102,16.07 06:00,124.457
102,16.07 07:00,122.111
102,16.07 08:00,107.718
102,16.07 09:00,107.225
102,16.07 10:00,107.45
102,16.07 11:00,121.577
102,16.07 12:00,124.741
102,16.07 13:00,125.428
102,16.07 14:00,137.455
102,16.07 15:00,141.051
102,16.07 16:00,145.339
102,16.07 17:00,147.064
102,16.07 18:00,146.466
102,16.07 19:00,146.403
102,16.07 20:00,139.711
102,16.07 21:00,135.632
102,16.07 22:00,146.539
102,16.07 23:00,141.274
102,17.07 00:00,135.912
102,17.07 01:00,122.892
102,17.07 02:00,128.249
102,17.07 03:00,128.439
102,17.07 04:00,125.435
102,17.07 05:00,123.727
102,17.07 06:00,127.478
102,17.07 07:00,123.5
102,17.07 08:00,107.247
102,17.07 09:00,107.254
102,17.07 10:00,112.717
102,17.07 11:00,121.183
102,17.07 12:00,122.731
102,17.07 13:00,126.349
102,17.07 14:00,130.47
102,17.07 15:00,140.644
102,17.07 16:00,144.552
102,17.07 17:00,149.045
102,17.07 18:00,146.306
102,17.07 19:00,141.403
102,17.07 20:00,135.588
102,17.07 21:00,134.617
102,17.07 22:00,142.117
102,17.07 23:00,138.66
102,18.07 00:00,134.858
102,18.07 01:00,128.645
102,18.07 02:00,128.502
102,18.07 03:00,126.487
102,18.07 04:00,127.199
102,18.07 05:00,123.65
102,18.07 06:00,126.643
102,18.07 07:00,125.395
102,18.07 08:00,110.637
102,18.07 09:00,106.024
102,18.07 10:00,111.463
102,18.07 11:00,118.047
102,18.07 12:00,121.717
102,18.07 13:00,128.738
102,18.07 14:00,136.607
102,18.07 15:00,138.446
102,18.07 16:00,136.46
102,18.07 17:00,149.796
102,18.07 18:00,154.574
102,18.07 19:00,153.54
102,18.07 20:00,273.312
102,18.07 21:00,420.436
102,18.07 22:00,276.299
102,18.07 23:00,126.573
102,19.07 00:00,122.357
102,19.07 01:00,114.086
102,19.07 02:00,111.638
102,19.07 03:00,111.053
102,19.07 04:00,112.153
102,19.07 05:00,113.549
102,19.07 06:00,112.903
102,19.07 07:00,110.524
102,19.07 08:00,108.303
102,19.07 09:00,115.293
102,19.07 10:00,126.818
102,19.07 11:00,128.205
102,19.07 12:00,130.002
102,19.07 13:00,133.462
102,19.07 14:00,144.569
102,19.07 15:00,146.598
102,19.07 16:00,151.775
102,19.07 17:00,150.706
102,19.07 18:00,141.321
102,19.07 19:00,130.452
102,19.07 20:00,132.476
102,19.07 21:00,129.884
102,19.07 22:00,136.456
102,19.07 23:00,128.911
102,20.07 00:00,130.409
102,20.07 01:00,127.948
102,20.07 02:00,124.722
102,20.07 03:00,121.512
102,20.07 04:00,114.87
102,20.07 05:00,116.374
102,20.07 06:00,119.535
102,20.07 07:00,115.851
102,20.07 08:00,101.164
102,20.07 09:00,115.038
102,20.07 10:00,120.434
102,20.07 11:00,120.895
102,20.07 12:00,130.923
102,20.07 13:00,136.67
102,20.07 14:00,142.403
102,20.07 15:00,139.971
102,20.07 16:00,154.809
102,20.07 17:00,153.629
102,20.07 18:00,154.017
102,20.07 19:00,143.613
102,20.07 20:00,138.61
102,20.07 21:00,404.993
102,20.07 22:00,286.638
102,20.07 23:00,136.061
102,21.07 00:00,132.636
102,21.07 01:00,130.594
102,21.07 02:00,128.534
102,21.07 03:00,125.44
102,21.07 04:00,121.732
102,21.07 05:00,114.132
102,21.07 06:00,118.559
102,21.07 07:00,114.707
102,21.07 08:00,108.984
102,21.07 09:00,116.609
102,21.07 10:00,119.729
102,21.07 11:00,124.398
102,21.07 12:00,129.621
102,21.07 13:00,134.526
102,21.07 14:00,140.891
102,21.07 15:00,145.445
102,21.07 16:00,151.465
102,21.07 17:00,150.753
102,21.07 18:00,147.132
102,21.07 19:00,138.414
102,21.07 20:00,134.958
102,21.07 21:00,418.843
102,21.07 22:00,291.223
102,21.07 23:00,138.336
102,22.07 00:00,133.542
102,22.07 01:00,130.969
102,22.07 02:00,129.161
102,22.07 03:00,132.46
102,22.07 04:00,124.637
102,22.07 05:00,125.603
102,22.07 06:00,125.06
102,22.07 07:00,128.422
102,22.07 08:00,112.314
102,22.07 09:00,118.518
102,22.07 10:00,119.912
102,22.07 11:00,137.394
102,22.07 12:00,140.314
102,22.07 13:00,141.599
102,22.07 14:00,146.418
102,22.07 15:00,150.478
102,22.07 16:00,154.757
102,22.07 17:00,156.917
102,22.07 18:00,156.766
102,22.07 19:00,151.155
102,22.07 20:00,147.258
102,22.07 21:00,422.766
102,22.07 22:00,295.732
102,22.07 23:00,145.709
102,23.07 00:00,141.53
102,23.07 01:00,138.414
102,23.07 02:00,137.793
102,23.07 03:00,136.915
102,23.07 04:00,126.726
102,23.07 05:00,124.309
102,23.07 06:00,129.903
102,23.07 07:00,127.571
102,23.07 08:00,106.612
102,23.07 09:00,107.528
102,23.07 10:00,116.611
102,23.07 11:00,124.485
102,23.07 12:00,133.339
102,23.07 13:00,133.491
102,23.07 14:00,142.468
102,23.07 15:00,150.133
102,23.07 16:00,155.208
102,23.07 17:00,155.741
102,23.07 18:00,156.066
102,23.07 19:00,149.519
102,23.07 20:00,140.954
102,23.07 21:00,144.727
102,23.07 22:00,151.342
102,23.07 23:00,145.171
102,24.07 00:00,137.969
102,24.07 01:00,138.639
102,24.07 02:00,137.654
102,24.07 03:00,136.923
102,24.07 04:00,130.5
102,24.07 05:00,129.954
102,24.07 06:00,130.886
102,24.07 07:00,129.568
102,24.07 08:00,116.666
102,24.07 09:00,114.057
102,24.07 10:00,114.475
102,24.07 11:00,120.048
102,24.07 12:00,132.482
102,24.07 13:00,141.108
102,24.07 14:00,147.008
102,24.07 15:00,152.079
102,24.07 16:00,152.661
102,24.07 17:00,149.737
102,24.07 18:00,157.622
102,24.07 19:00,154.911
102,24.07 20:00,153.579
102,24.07 21:00,423.377
102,24.07 22:00,300.483
102,24.07 23:00,148.648
102,25.07 00:00,142.314
102,25.07 01:00,139.629
102,25.07 02:00,133.743
102,25.07 03:00,132.207
102,25.07 04:00,133.593
102,25.07 05:00,134.402
102,25.07 06:00,136.219
102,25.07 07:00,128.588
102,25.07 08:00,111.2
102,25.07 09:00,117.034
102,25.07 10:00,128.79
102,25.07 11:00,128.136
102,25.07 12:00,137.036
102,25.07 13:00,146.953
102,25.07 14:00,152.694
102,25.07 15:00,161.615
102,25.07 16:00,166.369
102,25.07 17:00,168.803
102,25.07 18:00,178.398
102,25.07 19:00,153.307
102,25.07 20:00,135.483
102,25.07 21:00,135.788
102,25.07 22:00,140.2
102,25.07 23:00,133.732
102,26.07 00:00,125.469
102,26.07 01:00,120.738
102,26.07 02:00,130.198
102,26.07 03:00,128.004
102,26.07 04:00,119.678
102,26.07 05:00,116.149
102,26.07 06:00,124.385
102,26.07 07:00,127.271
102,26.07 08:00,103.0
102,26.07 09:00,107.071
102,26.07 10:00,115.813
102,26.07 11:00,122.856
102,26.07 12:00,132.465
102,26.07 13:00,130.629
102,26.07 14:00,135.652
102,26.07 15:00,139.82
102,26.07 16:00,142.305
102,26.07 17:00,115.334
102,26.07 18:00,109.662
102,26.07 19:00,114.187
102,26.07 20:00,116.057
102,26.07 21:00,398.739
102,26.07 22:00,268.701
102,26.07 23:00,119.969
102,27.07 00:00,118.538
102,27.07 01:00,122.352
102,27.07 02:00,121.462
102,27.07 03:00,117.151
102,27.07 04:00,116.677
102,27.07 05:00,112.682
102,27.07 06:00,113.357
102,27.07 07:00,121.609
102,27.07 08:00,102.475
102,27.07 09:00,99.473
102,27.07 10:00,102.032
102,27.07 11:00,102.865
102,27.07 12:00,111.045
102,27.07 13:00,111.36
102,27.07 14:00,119.986
102,27.07 15:00,122.593
102,27.07 16:00,134.594
102,27.07 17:00,136.432
102,27.07 18:00,128.786
102,27.07 19:00,122.093
102,27.07 20:00,127.514
102,27.07 21:00,126.414
102,27.07 22:00,124.514
102,27.07 23:00,121.576
102,28.07 00:00,123.306
102,28.07 01:00,123.334
102,28.07 02:00,117.388
102,28.07 03:00,114.875
102,28.07 04:00,114.056
102,28.07 05:00,120.561
102,28.07 06:00,113.185
102,28.07 07:00,112.443
102,28.07 08:00,98.814
102,28.07 09:00,101.131
102,28.07 10:00,104.946
102,28.07 11:00,116.506
102,28.07 12:00,123.68
102,28.07 13:00,130.487
102,28.07 14:00,138.899
102,28.07 15:00,147.004
102,28.07 16:00,142.536
102,28.07 17:00,119.651
102,28.07 18:00,116.541
102,28.07 19:00,110.969
102,28.07 20:00,112.448
102,28.07 21:00,117.835
102,28.07 22:00,124.045
102,28.07 23:00,124.455
102,29.07 00:00,122.085
102,29.07 01:00,113.105
102,29.07 02:00,113.562
102,29.07 03:00,112.456
102,29.07 04:00,110.255
102,29.07 05:00,109.061
102,29.07 06:00,116.961
102,29.07 07:00,113.583
102,29.07 08:00,95.897
102,29.07 09:00,100.996
102,29.07 10:00,106.437
102,29.07 11:00,110.125
102,29.07 12:00,114.82
102,29.07 13:00,121.913
102,29.07 14:00,130.363
102,29.07 15:00,133.654
102,29.07 16:00,130.538
102,29.07 17:00,142.817
102,29.07 18:00,150.306
102,29.07 19:00,138.558
102,29.07 20:00,276.729
102,29.07 21:00,449.985
102,29.07 22:00,448.888
102,29.07 23:00,133.705
102,30.07 00:00,129.135
102,30.07 01:00,126.507
102,30.07 02:00,130.542
102,30.07 03:00,132.911
102,30.07 04:00,123.481
102,30.07 05:00,118.229
102,30.07 06:00,122.112
102,30.07 07:00,115.163
102,30.07 08:00,98.239
102,30.07 09:00,102.447
102,30.07 10:00,104.791
102,30.07 11:00,119.449
102,30.07 12:00,122.553
102,30.07 13:00,127.047
102,30.07 14:00,132.641
102,30.07 15:00,144.842
102,30.07 16:00,147.168
102,30.07 17:00,138.355
102,30.07 18:00,136.891
102,30.07 19:00,132.99
102,30.07 20:00,137.051
102,30.07 21:00,144.674
102,30.07 22:00,146.504
102,30.07 23:00,136.295
102,31.07 00:00,132.465
102,31.07 01:00,129.25
102,31.07 02:00,132.696
102,31.07 03:00,126.995
102,31.07 04:00,122.557
102,31.07 05:00,117.867
102,31.07 06:00,121.573
102,31.07 07:00,120.341
102,31.07 08:00,109.536
102,31.07 09:00,107.619
102,31.07 10:00,110.325
102,31.07 11:00,119.256
102,31.07 12:00,126.035
102,31.07 13:00,129.497
102,31.07 14:00,140.352
102,31.07 15:00,145.837
102,31.07 16:00,142.677
102,31.07 17:00,138.77
102,31.07 18:00,140.321
102,31.07 19:00,144.609
102,31.07 20:00,143.496
102,31.07 21:00,139.31
102,31.07 22:00,141.429
102,31.07 23:00,142.429
102,01.08 00:00,141.503
102,01.08 01:00,136.363
102,01.08 02:00,128.008
102,01.08 03:00,122.817
102,01.08 04:00,121.741
102,01.08 05:00,125.694
102,01.08 06:00,127.357
102,01.08 07:00,119.27
102,01.08 08:00,100.536
102,01.08 09:00,105.157
102,01.08 10:00,114.278
102,01.08 11:00,123.089
102,01.08 12:00,129.161
102,01.08 13:00,133.894
102,01.08 14:00,143.623
102,01.08 15:00,147.093
102,01.08 16:00,151.271
102,01.08 17:00,157.579
102,01.08 18:00,153.314
102,01.08 19:00,147.7
102,01.08 20:00,142.427
102,01.08 21:00,143.76
102,01.08 22:00,148.173
102,01.08 23:00,143.242
102,02.08 00:00,139.634
102,02.08 01:00,138.344
102,02.08 02:00,130.457
102,02.08 03:00,124.532
102,02.08 04:00,128.22
102,02.08 05:00,125.388
102,02.08 06:00,128.513
102,02.08 07:00,122.92
102,02.08 08:00,111.283
102,02.08 09:00,107.272
102,02.08 10:00,112.411
102,02.08 11:00,124.764
102,02.08 12:00,131.486
102,02.08 13:00,134.42
102,02.08 14:00,144.82
102,02.08 15:00,149.622
102,02.08 16:00,154.692
102,02.08 17:00,155.316
102,02.08 18:00,143.15
102,02.08 19:00,142.229
102,02.08 20:00,143.342
102,02.08 21:00,143.98
102,02.08 22:00,148.574
102,02.08 23:00,141.63
102,03.08 00:00,139.566
102,03.08 01:00,130.058
102,03.08 02:00,130.641
102,03.08 03:00,129.392
102,03.08 04:00,122.664
102,03.08 05:00,125.005
102,03.08 06:00,124.856
102,03.08 07:00,125.085
102,03.08 08:00,109.307
102,03.08 09:00,108.232
102,03.08 10:00,116.302
102,03.08 11:00,123.476
102,03.08 12:00,130.621
102,03.08 13:00,137.987
102,03.08 14:00,144.994
102,03.08 15:00,146.088
102,03.08 16:00,146.945
102,03.08 17:00,148.65
102,03.08 18:00,147.325
102,03.08 19:00,138.5
102,03.08 20:00,140.492
102,03.08 21:00,145.776
102,03.08 22:00,145.334
102,03.08 23:00,142.961
102,04.08 00:00,138.441
102,04.08 01:00,133.646
102,04.08 02:00,132.032
102,04.08 03:00,127.822
102,04.08 04:00,120.386
102,04.08 05:00,121.523
102,04.08 06:00,125.797
102,04.08 07:00,122.211
102,04.08 08:00,113.295
102,04.08 09:00,109.367
102,04.08 10:00,110.525
102,04.08 11:00,127.468
102,04.08 12:00,131.674
102,04.08 13:00,134.393
102,04.08 14:00,145.542
102,04.08 15:00,148.313
102,04.08 16:00,149.663
102,04.08 17:00,143.812
102,04.08 18:00,151.377
102,04.08 19:00,148.968
102,04.08 20:00,147.278
102,04.08 21:00,143.343
102,04.08 22:00,148.373
102,04.08 23:00,135.459
102,05.08 00:00,135.872
102,05.08 01:00,132.767
102,05.08 02:00,130.419
102,05.08 03:00,128.783
102,05.08 04:00,120.562
102,05.08 05:00,119.352
102,05.08 06:00,127.898
102,05.08 07:00,127.497
102,05.08 08:00,115.329
102,05.08 09:00,119.168
102,05.08 10:00,117.595
102,05.08 11:00,125.229
102,05.08 12:00,126.118
102,05.08 13:00,98.58
102,05.08 14:00,0.0
102,05.08 15:00,342.817
102,05.08 16:00,159.689
102,05.08 17:00,160.545
102,05.08 18:00,155.499
102,05.08 19:00,150.355
102,05.08 20:00,142.256
102,05.08 21:00,148.79
102,05.08 22:00,153.577
102,05.08 23:00,147.987
102,06.08 00:00,134.608
102,06.08 01:00,129.603
102,06.08 02:00,134.229
102,06.08 03:00,123.822
102,06.08 04:00,127.021
102,06.08 05:00,126.628
102,06.08 06:00,123.588
102,06.08 07:00,122.966
102,06.08 08:00,111.014
102,06.08 09:00,111.895
102,06.08 10:00,105.632
102,06.08 11:00,109.907
102,06.08 12:00,128.235
102,06.08 13:00,129.191
102,06.08 14:00,136.638
102,06.08 15:00,133.791
102,06.08 16:00,135.435
102,06.08 17:00,146.439
102,06.08 18:00,148.602
102,06.08 19:00,143.441
102,06.08 20:00,141.688
102,06.08 21:00,142.974
102,06.08 22:00,147.462
102,06.08 23:00,140.631
102,07.08 00:00,137.602
102,07.08 01:00,131.503
102,07.08 02:00,132.918
102,07.08 03:00,130.633
102,07.08 04:00,122.187
102,07.08 05:00,119.015
102,07.08 06:00,126.433
102,07.08 07:00,127.083
102,07.08 08:00,113.515
102,07.08 09:00,117.873
102,07.08 10:00,115.099
102,07.08 11:00,118.225
102,07.08 12:00,127.743
102,07.08 13:00,139.506
102,07.08 14:00,144.421
102,07.08 15:00,150.615
102,07.08 16:00,147.25
102,07.08 17:00,147.481
102,07.08 18:00,153.992
102,07.08 19:00,152.89
102,07.08 20:00,147.458
102,07.08 21:00,150.735
102,07.08 22:00,151.98
102,07.08 23:00,145.312
102,08.08 00:00,139.365
102,08.08 01:00,139.266
102,08.08 02:00,137.658
102,08.08 03:00,128.382
102,08.08 04:00,126.993
102,08.08 05:00,130.376
102,08.08 06:00,129.393
102,08.08 07:00,131.265
102,08.08 08:00,113.359
102,08.08 09:00,114.69
102,08.08 10:00,122.766
102,08.08 11:00,132.229
102,08.08 12:00,140.105
102,08.08 13:00,141.965
102,08.08 14:00,136.873
102,08.08 15:00,149.482
102,08.08 16:00,155.192
102,08.08 17:00,159.881
102,08.08 18:00,162.596
102,08.08 19:00,155.643
102,08.08 20:00,151.352
102,08.08 21:00,156.453
102,08.08 22:00,153.585
102,08.08 23:00,141.593
102,09.08 00:00,139.002
102,09.08 01:00,130.808
102,09.08 02:00,133.397
102,09.08 03:00,132.81
102,09.08 04:00,126.461
102,09.08 05:00,126.117
102,09.08 06:00,125.286
102,09.08 07:00,125.307
102,09.08 08:00,115.348
102,09.08 09:00,116.69
102,09.08 10:00,118.662
102,09.08 11:00,122.091
102,09.08 12:00,137.063
102,09.08 13:00,145.283
102,09.08 14:00,149.626
102,09.08 15:00,148.723
102,09.08 16:00,149.481
102,09.08 17:00,156.178
102,09.08 18:00,157.753
102,09.08 19:00,154.447
102,09.08 20:00,148.326
102,09.08 21:00,151.371
102,09.08 22:00,151.695
102,09.08 23:00,147.432
102,10.08 00:00,141.523
102,10.08 01:00,136.65
102,10.08 02:00,127.779
102,10.08 03:00,133.373
102,10.08 04:00,135.475
102,10.08 05:00,130.906
102,10.08 06:00,123.504
102,10.08 07:00,124.547
102,10.08 08:00,117.605
102,10.08 09:00,122.197
102,10.08 10:00,120.218
102,10.08 11:00,120.889
102,10.08 12:00,137.48
102,10.08 13:00,143.44
102,10.08 14:00,150.255
102,10.08 15:00,164.915
102,10.08 16:00,161.261
102,10.08 17:00,160.073
102,10.08 18:00,152.226
102,10.08 19:00,152.919
102,10.08 20:00,148.165
102,10.08 21:00,151.389
102,10.08 22:00,150.593
102,10.08 23:00,149.322
102,11.08 00:00,140.56
102,11.08 01:00,139.003
102,11.08 02:00,137.068
102,11.08 03:00,132.235
102,11.08 04:00,129.474
102,11.08 05:00,131.408
102,11.08 06:00,130.544
102,11.08 07:00,126.444
102,11.08 08:00,108.694
102,11.08 09:00,117.791
102,11.08 10:00,121.562
102,11.08 11:00,116.18
102,11.08 12:00,132.078
102,11.08 13:00,150.655
102,11.08 14:00,150.864
102,11.08 15:00,157.503
102,11.08 16:00,152.69
102,11.08 17:00,151.049
102,11.08 18:00,164.128
102,11.08 19:00,158.573
102,11.08 20:00,150.857
102,11.08 21:00,151.34
102,11.08 22:00,149.965
102,11.08 23:00,146.973
102,12.08 00:00,136.611
102,12.08 01:00,136.201
102,12.08 02:00,139.587
102,12.08 03:00,133.641
102,12.08 04:00,126.423
102,12.08 05:00,124.729
102,12.08 06:00,130.518
102,12.08 07:00,130.789
102,12.08 08:00,118.224
102,12.08 09:00,110.301
102,12.08 10:00,112.194
102,12.08 11:00,116.57
102,12.08 12:00,135.363
102,12.08 13:00,147.309
102,12.08 14:00,157.135
102,12.08 15:00,156.633
102,12.08 16:00,155.89
102,12.08 17:00,153.127
102,12.08 18:00,157.365
102,12.08 19:00,162.933
102,12.08 20:00,157.278
102,12.08 21:00,153.521
102,12.08 22:00,151.632
102,12.08 23:00,138.68
102,13.08 00:00,139.809
102,13.08 01:00,136.729
102,13.08 02:00,132.559
102,13.08 03:00,131.442
102,13.08 04:00,127.33
102,13.08 05:00,126.957
102,13.08 06:00,132.201
102,13.08 07:00,126.666
102,13.08 08:00,113.889
102,13.08 09:00,112.638
102,13.08 10:00,111.847
102,13.08 11:00,106.203
102,13.08 12:00,121.455
102,13.08 13:00,132.064
102,13.08 14:00,135.812
102,13.08 15:00,147.55
102,13.08 16:00,141.408
102,13.08 17:00,137.641
102,13.08 18:00,130.34
102,13.08 19:00,122.387
102,13.08 20:00,119.544
102,13.08 21:00,125.115
102,13.08 22:00,126.812
102,13.08 23:00,123.829
102,14.08 00:00,115.645
102,14.08 01:00,114.092
102,14.08 02:00,120.294
102,14.08 03:00,120.294
102,14.08 04:00,119.173
102,14.08 05:00,114.548
102,14.08 06:00,114.546
102,14.08 07:00,115.436
102,14.08 08:00,108.092
102,14.08 09:00,102.882
102,14.08 10:00,100.489
102,14.08 11:00,97.592
102,14.08 12:00,107.443
102,14.08 13:00,117.144
102,14.08 14:00,104.236
102,14.08 15:00,105.335
102,14.08 16:00,103.334
102,14.08 17:00,102.768
102,14.08 18:00,99.022
102,14.08 19:00,93.427
102,14.08 20:00,96.968
102,14.08 21:00,110.379
102,14.08 22:00,105.531
102,14.08 23:00,104.204
102,15.08 00:00,102.358
102,15.08 01:00,101.328
102,15.08 02:00,103.62
102,15.08 03:00,100.663
102,15.08 04:00,101.29
102,15.08 05:00,101.278
102,15.08 06:00,103.346
102,15.08 07:00,107.037
102,15.08 08:00,103.788
102,15.08 09:00,89.918
102,15.08 10:00,90.761
102,15.08 11:00,92.077
102,15.08 12:00,90.972
102,15.08 13:00,92.086
102,15.08 14:00,96.971
102,15.08 15:00,94.218
102,15.08 16:00,93.845
102,15.08 17:00,93.548
102,15.08 18:00,95.055
102,15.08 19:00,91.562
102,15.08 20:00,92.618
102,15.08 21:00,103.816
102,15.08 22:00,105.407
102,15.08 23:00,103.37
102,16.08 00:00,103.121
102,16.08 01:00,99.958
102,16.08 02:00,98.591
102,16.08 03:00,100.362
102,16.08 04:00,100.753
102,16.08 05:00,96.852
102,16.08 06:00,98.852
102,16.08 07:00,102.983
102,16.08 08:00,98.853
102,16.08 09:00,89.756
102,16.08 10:00,97.665
102,16.08 11:00,97.398
102,16.08 12:00,100.812
102,16.08 13:00,108.219
102,16.08 14:00,104.035
102,16.08 15:00,98.386
102,16.08 16:00,94.1
102,16.08 17:00,92.8
102,16.08 18:00,91.122
102,16.08 19:00,90.153
102,16.08 20:00,88.823
102,16.08 21:00,102.291
102,16.08 22:00,103.935
102,16.08 23:00,105.573
102,17.08 00:00,103.324
102,17.08 01:00,102.721
102,17.08 02:00,103.909
102,17.08 03:00,104.762
102,17.08 04:00,104.271
102,17.08 05:00,101.571
102,17.08 06:00,97.04
102,17.08 07:00,104.831
102,17.08 08:00,95.546
102,17.08 09:00,91.387
102,17.08 10:00,96.371
102,17.08 11:00,103.251
102,17.08 12:00,104.172
102,17.08 13:00,106.951
102,17.08 14:00,107.609
102,17.08 15:00,106.421
102,17.08 16:00,111.232
102,17.08 17:00,106.012
102,17.08 18:00,105.693
102,17.08 19:00,99.563
102,17.08 20:00,95.753
102,17.08 21:00,108.821
102,17.08 22:00,111.182
102,17.08 23:00,109.202
102,18.08 00:00,106.344
102,18.08 01:00,106.836
102,18.08 02:00,108.928
102,18.08 03:00,104.508
102,18.08 04:00,99.697
102,18.08 05:00,104.22
102,18.08 06:00,102.5
102,18.08 07:00,103.893
102,18.08 08:00,95.222
102,18.08 09:00,101.174
102,18.08 10:00,112.643
102,18.08 11:00,108.614
102,18.08 12:00,116.547
102,18.08 13:00,126.981
102,18.08 14:00,134.007
102,18.08 15:00,131.8
102,18.08 16:00,135.681
102,18.08 17:00,125.228
102,18.08 18:00,129.602
102,18.08 19:00,122.14
102,18.08 20:00,112.348
102,18.08 21:00,118.468
102,18.08 22:00,120.216
102,18.08 23:00,117.027
102,19.08 00:00,115.133
102,19.08 01:00,114.141
102,19.08 02:00,112.852
102,19.08 03:00,113.817
102,19.08 04:00,118.101
102,19.08 05:00,111.427
102,19.08 06:00,119.44
102,19.08 07:00,120.438
102,19.08 08:00,110.97
102,19.08 09:00,108.157
102,19.08 10:00,117.177
102,19.08 11:00,129.965
102,19.08 12:00,135.426
102,19.08 13:00,139.519
102,19.08 14:00,145.32
102,19.08 15:00,145.919
102,19.08 16:00,138.941
102,19.08 17:00,137.921
102,19.08 18:00,138.947
102,19.08 19:00,137.695
102,19.08 20:00,125.734
102,19.08 21:00,132.362
102,19.08 22:00,129.01
102,19.08 23:00,123.894
102,20.08 00:00,124.308
102,20.08 01:00,119.508
102,20.08 02:00,117.579
102,20.08 03:00,117.211
102,20.08 04:00,118.259
102,20.08 05:00,117.623
102,20.08 06:00,124.59
102,20.08 07:00,123.801
102,20.08 08:00,109.213
102,20.08 09:00,108.639
102,20.08 10:00,111.716
102,20.08 11:00,113.252
102,20.08 12:00,117.433
102,20.08 13:00,117.25
102,20.08 14:00,119.279
102,20.08 15:00,119.98
102,20.08 16:00,129.821
102,20.08 17:00,134.64
102,20.08 18:00,131.562
102,20.08 19:00,116.723
102,20.08 20:00,111.528
102,20.08 21:00,121.534
102,20.08 22:00,120.989
102,20.08 23:00,117.113
102,21.08 00:00,116.266
102,21.08 01:00,114.733
102,21.08 02:00,114.505
102,21.08 03:00,117.002
102,21.08 04:00,117.178
102,21.08 05:00,112.971
102,21.08 06:00,114.458
102,21.08 07:00,113.07
102,21.08 08:00,101.307
102,21.08 09:00,94.014
102,21.08 10:00,100.926
102,21.08 11:00,108.457
102,21.08 12:00,110.574
102,21.08 13:00,117.306
102,21.08 14:00,122.301
102,21.08 15:00,119.221
102,21.08 16:00,120.158
102,21.08 17:00,127.721
102,21.08 18:00,117.38
102,21.08 19:00,120.871
102,21.08 20:00,114.029
102,21.08 21:00,118.021
102,21.08 22:00,118.465
102,21.08 23:00,116.83
102,22.08 00:00,113.948
102,22.08 01:00,114.493
102,22.08 02:00,113.481
102,22.08 03:00,114.533
102,22.08 04:00,116.216
102,22.08 05:00,112.943
102,22.08 06:00,116.386
102,22.08 07:00,118.378
102,22.08 08:00,107.281
102,22.08 09:00,97.064
102,22.08 10:00,97.533
102,22.08 11:00,101.069
102,22.08 12:00,107.248
102,22.08 13:00,122.744
102,22.08 14:00,121.78
102,22.08 15:00,125.285
102,22.08 16:00,124.473
102,22.08 17:00,125.9
102,22.08 18:00,127.596
102,22.08 19:00,120.507
102,22.08 20:00,118.335
102,22.08 21:00,125.417
102,22.08 22:00,121.898
102,22.08 23:00,121.716
102,23.08 00:00,115.182
102,23.08 01:00,115.016
102,23.08 02:00,114.206
102,23.08 03:00,112.57
102,23.08 04:00,114.443
102,23.08 05:00,114.238
102,23.08 06:00,118.584
102,23.08 07:00,117.527
102,23.08 08:00,107.658
102,23.08 09:00,102.564
102,23.08 10:00,108.773
102,23.08 11:00,106.474
102,23.08 12:00,121.164
102,23.08 13:00,127.395
102,23.08 14:00,130.082
102,23.08 15:00,137.611
102,23.08 16:00,137.352
102,23.08 17:00,137.4
102,23.08 18:00,140.681
102,23.08 19:00,131.422
102,23.08 20:00,126.403
102,23.08 21:00,128.372
102,23.08 22:00,128.445
102,23.08 23:00,124.121
102,24.08 00:00,121.57
102,24.08 01:00,115.335
102,24.08 02:00,117.728
102,24.08 03:00,115.622
102,24.08 04:00,124.546
102,24.08 05:00,117.867
102,24.08 06:00,110.565
102,24.08 07:00,115.695
102,24.08 08:00,107.062
102,24.08 09:00,104.615
102,24.08 10:00,104.526
102,24.08 11:00,113.829
102,24.08 12:00,117.419
102,24.08 13:00,124.935
102,24.08 14:00,132.074
102,24.08 15:00,143.571
102,24.08 16:00,141.698
102,24.08 17:00,133.237
102,24.08 18:00,137.634
102,24.08 19:00,133.938
102,24.08 20:00,127.157
102,24.08 21:00,129.549
102,24.08 22:00,129.809
102,24.08 23:00,122.655
102,25.08 00:00,118.329
102,25.08 01:00,115.743
102,25.08 02:00,116.722
102,25.08 03:00,121.188
102,25.08 04:00,117.572
102,25.08 05:00,111.54
102,25.08 06:00,113.969
102,25.08 07:00,114.921
102,25.08 08:00,101.729
102,25.08 09:00,94.988
102,25.08 10:00,102.095
102,25.08 11:00,105.688
102,25.08 12:00,114.091
102,25.08 13:00,133.134
102,25.08 14:00,140.824
102,25.08 15:00,141.131
102,25.08 16:00,142.284
102,25.08 17:00,131.106
102,25.08 18:00,133.56
102,25.08 19:00,141.691
102,25.08 20:00,137.253
102,25.08 21:00,136.074
102,25.08 22:00,125.102
102,25.08 23:00,123.597
102,26.08 00:00,121.187
102,26.08 01:00,124.879
102,26.08 02:00,122.756
102,26.08 03:00,112.241
102,26.08 04:00,110.483
102,26.08 05:00,109.279
102,26.08 06:00,117.163
102,26.08 07:00,113.633
102,26.08 08:00,111.45
102,26.08 09:00,98.277
102,26.08 10:00,105.487
102,26.08 11:00,115.193
102,26.08 12:00,119.424
102,26.08 13:00,128.572
102,26.08 14:00,130.833
102,26.08 15:00,144.944
102,26.08 16:00,146.362
102,26.08 17:00,148.762
102,26.08 18:00,141.413
102,26.08 19:00,130.532
102,26.08 20:00,128.265
102,26.08 21:00,132.613
102,26.08 22:00,129.949
102,26.08 23:00,121.59
102,27.08 00:00,123.763
102,27.08 01:00,120.081
102,27.08 02:00,123.32
102,27.08 03:00,114.651
102,27.08 04:00,109.618
102,27.08 05:00,111.773
102,27.08 06:00,119.453
102,27.08 07:00,109.813
102,27.08 08:00,96.694
102,27.08 09:00,98.174
102,27.08 10:00,99.895
102,27.08 11:00,118.357
102,27.08 12:00,119.718
102,27.08 13:00,123.581
102,27.08 14:00,121.143
102,27.08 15:00,124.109
102,27.08 16:00,131.224
102,27.08 17:00,135.463
102,27.08 18:00,135.967
102,27.08 19:00,129.205
102,27.08 20:00,124.406
102,27.08 21:00,126.567
102,27.08 22:00,125.934
102,27.08 23:00,126.843
102,28.08 00:00,126.073
102,28.08 01:00,124.605
102,28.08 02:00,123.598
102,28.08 03:00,115.599
102,28.08 04:00,111.087
102,28.08 05:00,115.931
102,28.08 06:00,119.455
102,28.08 07:00,117.216
102,28.08 08:00,110.454
102,28.08 09:00,100.641
102,28.08 10:00,98.896
102,28.08 11:00,107.332
102,28.08 12:00,108.742
102,28.08 13:00,117.664
102,28.08 14:00,127.056
102,28.08 15:00,123.602
102,28.08 16:00,128.638
102,28.08 17:00,127.364
102,28.08 18:00,124.868
102,28.08 19:00,127.243
102,28.08 20:00,120.613
102,28.08 21:00,125.453
102,28.08 22:00,123.185
102,28.08 23:00,118.55
102,29.08 00:00,112.112
102,29.08 01:00,115.078
102,29.08 02:00,117.172
102,29.08 03:00,115.91
102,29.08 04:00,111.064
102,29.08 05:00,107.535
102,29.08 06:00,115.472
102,29.08 07:00,119.318
102,29.08 08:00,109.333
102,29.08 09:00,100.207
102,29.08 10:00,101.693
102,29.08 11:00,111.855
102,29.08 12:00,114.547
102,29.08 13:00,120.036
102,29.08 14:00,128.518
102,29.08 15:00,138.075
102,29.08 16:00,141.592
102,29.08 17:00,146.32
102,29.08 18:00,146.566
102,29.08 19:00,128.01
102,29.08 20:00,112.727
102,29.08 21:00,126.919
102,29.08 22:00,126.506
102,29.08 23:00,120.437
102,30.08 00:00,111.573
102,30.08 01:00,110.421
102,30.08 02:00,105.064
102,30.08 03:00,105.287
102,30.08 04:00,103.501
102,30.08 05:00,110.283
102,30.08 06:00,114.438
102,30.08 07:00,110.257
102,30.08 08:00,95.728
102,30.08 09:00,94.119
102,30.08 10:00,96.337
102,30.08 11:00,99.848
102,30.08 12:00,116.859
102,30.08 13:00,125.6
102,30.08 14:00,134.601
102,30.08 15:00,127.64
102,30.08 16:00,128.239
102,30.08 17:00,138.051
102,30.08 18:00,136.162
102,30.08 19:00,126.231
102,30.08 20:00,115.389
102,30.08 21:00,124.38
102,30.08 22:00,124.422
102,30.08 23:00,119.187
102,31.08 00:00,112.959
102,31.08 01:00,110.284
102,31.08 02:00,113.451
102,31.08 03:00,112.036
102,31.08 04:00,103.355
102,31.08 05:00,103.14
102,31.08 06:00,110.265
102,31.08 07:00,109.759
102,31.08 08:00,94.615
102,31.08 09:00,94.18
102,31.08 10:00,97.664
102,31.08 11:00,112.154
102,31.08 12:00,118.348
102,31.08 13:00,123.72
102,31.08 14:00,126.237
102,31.08 15:00,141.391
102,31.08 16:00,147.475
102,31.08 17:00,142.454
102,31.08 18:00,146.682
102,31.08 19:00,137.625
102,31.08 20:00,133.311
102,31.08 21:00,134.707
102,31.08 22:00,130.284
102,31.08 23:00,125.222
102,01.09 00:00,117.277
102,01.09 01:00,110.955
102,01.09 02:00,121.225
102,01.09 03:00,119.541
102,01.09 04:00,111.752
102,01.09 05:00,110.483
102,01.09 06:00,108.364
102,01.09 07:00,114.46
102,01.09 08:00,104.728
102,01.09 09:00,102.963
102,01.09 10:00,109.94
102,01.09 11:00,115.179
102,01.09 12:00,137.943
102,01.09 13:00,143.832
102,01.09 14:00,141.602
102,01.09 15:00,153.677
102,01.09 16:00,152.641
102,01.09 17:00,149.636
102,01.09 18:00,152.104
102,01.09 19:00,136.04
102,01.09 20:00,132.281
102,01.09 21:00,135.578
102,01.09 22:00,131.772
102,01.09 23:00,117.542
102,02.09 00:00,120.118
102,02.09 01:00,120.327
102,02.09 02:00,119.506
102,02.09 03:00,113.168
102,02.09 04:00,106.951
102,02.09 05:00,111.805
102,02.09 06:00,115.069
102,02.09 07:00,125.014
102,02.09 08:00,115.037
102,02.09 09:00,108.465
102,02.09 10:00,108.462
102,02.09 11:00,106.844
102,02.09 12:00,126.574
102,02.09 13:00,135.786
102,02.09 14:00,141.372
102,02.09 15:00,134.913
102,02.09 16:00,140.498
102,02.09 17:00,141.69
102,02.09 18:00,131.862
102,02.09 19:00,121.376
102,02.09 20:00,108.534
102,02.09 21:00,118.195
102,02.09 22:00,117.466
102,02.09 23:00,115.532
102,03.09 00:00,113.153
102,03.09 01:00,111.832
102,03.09 02:00,112.538
102,03.09 03:00,111.489
102,03.09 04:00,109.854
102,03.09 05:00,109.359
102,03.09 06:00,111.768
102,03.09 07:00,108.343
102,03.09 08:00,99.553
102,03.09 09:00,98.487
102,03.09 10:00,102.252
102,03.09 11:00,103.451
102,03.09 12:00,108.799
102,03.09 13:00,116.515
102,03.09 14:00,127.933
102,03.09 15:00,126.606
102,03.09 16:00,126.224
102,03.09 17:00,132.711
102,03.09 18:00,128.594
102,03.09 19:00,114.45
102,03.09 20:00,110.235
102,03.09 21:00,123.38
102,03.09 22:00,120.485
102,03.09 23:00,113.55
102,04.09 00:00,109.884
102,04.09 01:00,111.807
102,04.09 02:00,112.535
102,04.09 03:00,112.604
102,04.09 04:00,108.39
102,04.09 05:00,109.141
102,04.09 06:00,112.217
102,04.09 07:00,115.229
102,04.09 08:00,101.315
102,04.09 09:00,93.962
102,04.09 10:00,105.054
102,04.09 11:00,106.267
102,04.09 12:00,118.799
102,04.09 13:00,127.014
102,04.09 14:00,126.211
102,04.09 15:00,131.798
102,04.09 16:00,141.431
102,04.09 17:00,141.542
102,04.09 18:00,134.509
102,04.09 19:00,420.003
102,04.09 20:00,418.262
102,04.09 21:00,432.462
102,04.09 22:00,423.999
102,04.09 23:00,422.162
102,05.09 00:00,116.754
102,05.09 01:00,108.655
102,05.09 02:00,109.228
102,05.09 03:00,109.801
102,05.09 04:00,108.377
102,05.09 05:00,108.348
102,05.09 06:00,112.414
102,05.09 07:00,111.47
102,05.09 08:00,96.835
102,05.09 09:00,94.111
102,05.09 10:00,98.347
102,05.09 11:00,98.029
102,05.09 12:00,106.235
102,05.09 13:00,121.346
102,05.09 14:00,122.387
102,05.09 15:00,120.183
102,05.09 16:00,113.936
102,05.09 17:00,110.49
102,05.09 18:00,114.653
102,05.09 19:00,113.697
102,05.09 20:00,114.553
102,05.09 21:00,115.265
102,05.09 22:00,112.751
102,05.09 23:00,112.617
102,06.09 00:00,110.757
102,06.09 01:00,107.427
102,06.09 02:00,103.896
102,06.09 03:00,108.733
102,06.09 04:00,109.232
102,06.09 05:00,102.681
102,06.09 06:00,108.509
102,06.09 07:00,106.742
102,06.09 08:00,98.775
102,06.09 09:00,95.693
102,06.09 10:00,99.057
102,06.09 11:00,107.279
102,06.09 12:00,113.762
102,06.09 13:00,126.488
102,06.09 14:00,139.718
102,06.09 15:00,141.537
102,06.09 16:00,139.663
102,06.09 17:00,137.66
102,06.09 18:00,142.358
102,06.09 19:00,130.59
102,06.09 20:00,125.886
102,06.09 21:00,127.095
102,06.09 22:00,123.362
102,06.09 23:00,118.552
102,07.09 00:00,112.226
102,07.09 01:00,111.244
102,07.09 02:00,114.714
102,07.09 03:00,115.932
102,07.09 04:00,113.895
102,07.09 05:00,114.351
102,07.09 06:00,113.609
102,07.09 07:00,107.336
102,07.09 08:00,104.204
102,07.09 09:00,96.038
102,07.09 10:00,101.901
102,07.09 11:00,105.754
102,07.09 12:00,118.548
102,07.09 13:00,126.393
102,07.09 14:00,128.356
102,07.09 15:00,139.398
102,07.09 16:00,150.556
102,07.09 17:00,151.631
102,07.09 18:00,150.83
102,07.09 19:00,145.196
102,07.09 20:00,132.736
102,07.09 21:00,126.889
102,07.09 22:00,123.692
102,07.09 23:00,123.189
102,08.09 00:00,118.38
102,08.09 01:00,119.223
102,08.09 02:00,113.543
102,08.09 03:00,112.776
102,08.09 04:00,113.909
102,08.09 05:00,116.532
102,08.09 06:00,113.445
102,08.09 07:00,114.464
102,08.09 08:00,103.443
102,08.09 09:00,100.843
102,08.09 10:00,101.668
102,08.09 11:00,106.6
102,08.09 12:00,121.535
102,08.09 13:00,127.625
102,08.09 14:00,133.402
102,08.09 15:00,139.887
102,08.09 16:00,141.459
102,08.09 17:00,142.842
102,08.09 18:00,147.075
102,08.09 19:00,142.025
102,08.09 20:00,127.382
102,08.09 21:00,130.396
102,08.09 22:00,126.932
102,08.09 23:00,123.03
102,09.09 00:00,118.443
102,09.09 01:00,118.172
102,09.09 02:00,115.884
102,09.09 03:00,117.917
102,09.09 04:00,112.086
102,09.09 05:00,114.912
102,09.09 06:00,118.538
102,09.09 07:00,121.432
102,09.09 08:00,112.451
102,09.09 09:00,104.952
102,09.09 10:00,115.194
102,09.09 11:00,113.392
102,09.09 12:00,129.236
102,09.09 13:00,128.235
102,09.09 14:00,146.763
102,09.09 15:00,149.682
102,09.09 16:00,153.718
102,09.09 17:00,156.681
102,09.09 18:00,143.557
102,09.09 19:00,142.175
102,09.09 20:00,131.99
102,09.09 21:00,136.156
102,09.09 22:00,131.203
102,09.09 23:00,129.871
102,10.09 00:00,119.386
102,10.09 01:00,118.517
102,10.09 02:00,118.442
102,10.09 03:00,118.435
102,10.09 04:00,108.259
102,10.09 05:00,110.14
102,10.09 06:00,113.03
102,10.09 07:00,108.708
102,10.09 08:00,98.711
102,10.09 09:00,105.451
102,10.09 10:00,111.397
102,10.09 11:00,107.414
102,10.09 12:00,111.789
102,10.09 13:00,114.698
102,10.09 14:00,125.102
102,10.09 15:00,127.777
102,10.09 16:00,132.848
102,10.09 17:00,129.533
102,10.09 18:00,125.509
102,10.09 19:00,117.579
102,10.09 20:00,116.565
102,10.09 21:00,123.547
102,10.09 22:00,117.466
102,10.09 23:00,110.912
102,11.09 00:00,110.679
102,11.09 01:00,108.929
102,11.09 02:00,110.672
102,11.09 03:00,109.06
102,11.09 04:00,110.72
102,11.09 05:00,107.467
102,11.09 06:00,106.18
102,11.09 07:00,103.46
102,11.09 08:00,107.767
102,11.09 09:00,108.504
102,11.09 10:00,109.708
102,11.09 11:00,113.966
102,11.09 12:00,121.55
102,11.09 13:00,126.698
102,11.09 14:00,132.422
102,11.09 15:00,131.349
102,11.09 16:00,135.972
102,11.09 17:00,131.583
102,11.09 18:00,139.575
102,11.09 19:00,129.146
102,11.09 20:00,124.701
102,11.09 21:00,123.891
102,11.09 22:00,120.926
102,11.09 23:00,115.524
102,12.09 00:00,110.765
102,12.09 01:00,109.85
102,12.09 02:00,108.351
102,12.09 03:00,108.49
102,12.09 04:00,107.268
102,12.09 05:00,107.761
102,12.09 06:00,109.86
102,12.09 07:00,109.266
102,12.09 08:00,98.453
102,12.09 09:00,99.628
102,12.09 10:00,102.133
102,12.09 11:00,107.595
102,12.09 12:00,111.781
102,12.09 13:00,132.614
102,12.09 14:00,126.42
102,12.09 15:00,149.324
102,12.09 16:00,140.034
102,12.09 17:00,149.291
102,12.09 18:00,136.199
102,12.09 19:00,134.334
102,12.09 20:00,122.503
102,12.09 21:00,121.529
102,12.09 22:00,126.55
102,12.09 23:00,116.477
102,13.09 00:00,112.484
102,13.09 01:00,113.781
102,13.09 02:00,113.052
102,13.09 03:00,111.503
102,13.09 04:00,108.457
102,13.09 05:00,117.481
102,13.09 06:00,110.049
102,13.09 07:00,109.357
102,13.09 08:00,99.961
102,13.09 09:00,97.787
102,13.09 10:00,99.137
102,13.09 11:00,106.244
102,13.09 12:00,114.333
102,13.09 13:00,122.289
102,13.09 14:00,124.91
102,13.09 15:00,135.434
102,13.09 16:00,145.553
102,13.09 17:00,132.177
102,13.09 18:00,123.568
102,13.09 19:00,125.614
102,13.09 20:00,132.465
102,13.09 21:00,129.933
102,13.09 22:00,131.708
102,13.09 23:00,118.656
102,14.09 00:00,114.78
102,14.09 01:00,111.288
102,14.09 02:00,110.47
102,14.09 03:00,114.034
102,14.09 04:00,107.312
102,14.09 05:00,108.821
102,14.09 06:00,108.176
102,14.09 07:00,108.215
102,14.09 08:00,101.159
102,14.09 09:00,7.011
102,14.09 10:00,0.0
102,14.09 11:00,288.789
102,14.09 12:00,114.462
102,14.09 13:00,122.812
102,14.09 14:00,135.576
102,14.09 15:00,137.543
102,14.09 16:00,137.57
102,14.09 17:00,147.313
102,14.09 18:00,167.325
102,14.09 19:00,440.405
102,14.09 20:00,440.787
102,14.09 21:00,444.909
102,14.09 22:00,437.539
102,14.09 23:00,126.726
102,15.09 00:00,118.639
102,15.09 01:00,112.17
102,15.09 02:00,106.739
102,15.09 03:00,113.445
102,15.09 04:00,110.425
102,15.09 05:00,102.558
102,15.09 06:00,105.717
102,15.09 07:00,108.38
102,15.09 08:00,97.042
102,15.09 09:00,90.407
102,15.09 10:00,99.965
102,15.09 11:00,104.693
102,15.09 12:00,117.155
102,15.09 13:00,129.474
102,15.09 14:00,139.162
102,15.09 15:00,136.358
102,15.09 16:00,140.517
102,15.09 17:00,142.301
102,15.09 18:00,143.113
102,15.09 19:00,135.946
102,15.09 20:00,141.573
102,15.09 21:00,139.364
102,15.09 22:00,132.423
102,15.09 23:00,126.138
102,16.09 00:00,117.447
102,16.09 01:00,102.968
102,16.09 02:00,112.859
102,16.09 03:00,116.502
102,16.09 04:00,110.602
102,16.09 05:00,112.868
102,16.09 06:00,116.278
102,16.09 07:00,117.973
102,16.09 08:00,109.691
102,16.09 09:00,106.37
102,16.09 10:00,100.322
102,16.09 11:00,113.262
102,16.09 12:00,121.208
102,16.09 13:00,124.377
102,16.09 14:00,127.579
102,16.09 15:00,144.378
102,16.09 16:00,144.515
102,16.09 17:00,141.863
102,16.09 18:00,134.517
102,16.09 19:00,128.538
102,16.09 20:00,125.135
102,16.09 21:00,125.448
102,16.09 22:00,128.42
102,16.09 23:00,126.819
102,17.09 00:00,125.165
102,17.09 01:00,118.061
102,17.09 02:00,114.924
102,17.09 03:00,120.157
102,17.09 04:00,116.105
102,17.09 05:00,113.172
102,17.09 06:00,109.535
102,17.09 07:00,111.993
102,17.09 08:00,16.936
102,17.09 09:00,0.0
102,17.09 10:00,0.0
102,17.09 11:00,0.0
102,17.09 12:00,0.0
102,17.09 13:00,0.0
102,17.09 14:00,146.02
102,17.09 15:00,166.207
102,17.09 16:00,163.24
102,17.09 17:00,161.27
102,17.09 18:00,161.844
102,17.09 19:00,150.5
102,17.09 20:00,141.988
102,17.09 21:00,142.519
102,17.09 22:00,138.742
102,17.09 23:00,136.512
102,18.09 00:00,135.22
102,18.09 01:00,130.481
102,18.09 02:00,131.556
102,18.09 03:00,126.43
102,18.09 04:00,120.307
102,18.09 05:00,119.361
102,18.09 06:00,127.123
102,18.09 07:00,126.406
102,18.09 08:00,109.496
102,18.09 09:00,103.673
102,18.09 10:00,103.805
102,18.09 11:00,113.747
102,18.09 12:00,121.448
102,18.09 13:00,139.67
102,18.09 14:00,145.834
102,18.09 15:00,155.976
102,18.09 16:00,157.63
102,18.09 17:00,149.947
102,18.09 18:00,159.114
102,18.09 19:00,139.004
102,18.09 20:00,140.847
102,18.09 21:00,139.505
102,18.09 22:00,134.463
102,18.09 23:00,132.345
102,19.09 00:00,126.732
102,19.09 01:00,123.417
102,19.09 02:00,123.559
102,19.09 03:00,121.317
102,19.09 04:00,117.14
102,19.09 05:00,115.289
102,19.09 06:00,116.04
102,19.09 07:00,117.952
102,19.09 08:00,109.124
102,19.09 09:00,107.143
102,19.09 10:00,114.563
102,19.09 11:00,115.761
102,19.09 12:00,122.88
102,19.09 13:00,140.448
102,19.09 14:00,151.707
102,19.09 15:00,158.049
102,19.09 16:00,159.308
102,19.09 17:00,164.253
102,19.09 18:00,163.715
102,19.09 19:00,153.343
102,19.09 20:00,158.502
102,19.09 21:00,140.055
102,19.09 22:00,139.44
102,19.09 23:00,134.365
102,20.09 00:00,133.177
102,20.09 01:00,132.135
102,20.09 02:00,126.984
102,20.09 03:00,126.589
102,20.09 04:00,125.468
102,20.09 05:00,117.084
102,20.09 06:00,117.98
102,20.09 07:00,122.604
102,20.09 08:00,117.982
102,20.09 09:00,108.533
102,20.09 10:00,112.182
102,20.09 11:00,117.629
102,20.09 12:00,138.284
102,20.09 13:00,137.648
102,20.09 14:00,153.714
102,20.09 15:00,160.527
102,20.09 16:00,162.21
102,20.09 17:00,153.887
102,20.09 18:00,148.112
102,20.09 19:00,146.604
102,20.09 20:00,144.32
102,20.09 21:00,144.674
102,20.09 22:00,137.145
102,20.09 23:00,131.089
102,21.09 00:00,128.441
102,21.09 01:00,123.088
102,21.09 02:00,122.363
102,21.09 03:00,117.112
102,21.09 04:00,118.23
102,21.09 05:00,121.489
102,21.09 06:00,114.103
102,21.09 07:00,114.132
102,21.09 08:00,104.435
102,21.09 09:00,97.073
102,21.09 10:00,102.873
102,21.09 11:00,108.474
102,21.09 12:00,123.266
102,21.09 13:00,130.816
102,21.09 14:00,138.579
102,21.09 15:00,155.117
102,21.09 16:00,150.655
102,21.09 17:00,154.337
102,21.09 18:00,146.988
102,21.09 19:00,137.134
102,21.09 20:00,338.655
102,21.09 21:00,408.296
102,21.09 22:00,353.082
102,21.09 23:00,129.472
102,22.09 00:00,116.473
102,22.09 01:00,110.094
102,22.09 02:00,115.624
102,22.09 03:00,113.983
102,22.09 04:00,111.551
102,22.09 05:00,111.608
102,22.09 06:00,105.36
102,22.09 07:00,106.534
102,22.09 08:00,99.761
102,22.09 09:00,96.144
102,22.09 10:00,106.533
102,22.09 11:00,116.576
102,22.09 12:00,123.099
102,22.09 13:00,135.658
102,22.09 14:00,149.591
102,22.09 15:00,162.155
102,22.09 16:00,187.145
102,22.09 17:00,176.647
102,22.09 18:00,141.27
102,22.09 19:00,144.338
102,22.09 20:00,146.576
102,22.09 21:00,142.87
102,22.09 22:00,140.609
102,22.09 23:00,136.432
102,23.09 00:00,131.569
102,23.09 01:00,123.814
102,23.09 02:00,123.482
102,23.09 03:00,129.097
102,23.09 04:00,128.617
102,23.09 05:00,117.279
102,23.09 06:00,116.508
102,23.09 07:00,120.563
102,23.09 08:00,115.761
102,23.09 09:00,105.49
102,23.09 10:00,107.911
102,23.09 11:00,106.168
102,23.09 12:00,109.662
102,23.09 13:00,129.467
102,23.09 14:00,126.52
102,23.09 15:00,131.953
102,23.09 16:00,137.301
102,23.09 17:00,141.8
102,23.09 18:00,136.222
102,23.09 19:00,135.534
102,23.09 20:00,130.887
102,23.09 21:00,132.549
102,23.09 22:00,125.415
102,23.09 23:00,127.387
102,24.09 00:00,135.541
102,24.09 01:00,124.384
102,24.09 02:00,122.094
102,24.09 03:00,119.57
102,24.09 04:00,124.408
102,24.09 05:00,118.677
102,24.09 06:00,125.71
102,24.09 07:00,132.269
102,24.09 08:00,122.496
102,24.09 09:00,111.252
102,24.09 10:00,116.874
102,24.09 11:00,111.178
102,24.09 12:00,114.545
102,24.09 13:00,125.664
102,24.09 14:00,131.488
102,24.09 15:00,123.391
102,24.09 16:00,130.047
102,24.09 17:00,120.527
102,24.09 18:00,123.635
102,24.09 19:00,221.566
102,24.09 20:00,454.815
102,24.09 21:00,453.748
102,24.09 22:00,444.424
102,24.09 23:00,449.879
102,25.09 00:00,267.717
102,25.09 01:00,128.465
102,25.09 02:00,127.983
102,25.09 03:00,127.287
102,25.09 04:00,134.38
102,25.09 05:00,130.095
102,25.09 06:00,134.892
102,25.09 07:00,130.622
102,25.09 08:00,128.515
102,25.09 09:00,114.652
102,25.09 10:00,112.055
102,25.09 11:00,107.233
102,25.09 12:00,104.428
102,25.09 13:00,108.277
102,25.09 14:00,114.299
102,25.09 15:00,123.413
102,25.09 16:00,123.422
102,25.09 17:00,113.761
102,25.09 18:00,103.03
102,25.09 19:00,97.273
102,25.09 20:00,110.29
102,25.09 21:00,108.378
102,25.09 22:00,102.007
102,25.09 23:00,110.095
102,26.09 00:00,106.343
102,26.09 01:00,104.253
102,26.09 02:00,111.176
102,26.09 03:00,108.982
102,26.09 04:00,108.059
102,26.09 05:00,111.514
102,26.09 06:00,113.832
102,26.09 07:00,111.069
102,26.09 08:00,108.44
102,26.09 09:00,96.306
102,26.09 10:00,96.416
102,26.09 11:00,99.626
102,26.09 12:00,97.61
102,26.09 13:00,90.253
102,26.09 14:00,95.681
102,26.09 15:00,97.935
102,26.09 16:00,95.815
102,26.09 17:00,98.887
102,26.09 18:00,98.974
102,26.09 19:00,90.039
102,26.09 20:00,95.0
102,26.09 21:00,95.346
102,26.09 22:00,97.855
102,26.09 23:00,94.678
102,27.09 00:00,93.449
102,27.09 01:00,98.072
102,27.09 02:00,103.173
102,27.09 03:00,102.168
102,27.09 04:00,99.612
102,27.09 05:00,92.357
102,27.09 06:00,95.54
102,27.09 07:00,98.26
102,27.09 08:00,91.571
102,27.09 09:00,81.143
102,27.09 10:00,74.66
102,27.09 11:00,95.248
102,27.09 12:00,100.298
102,27.09 13:00,93.566
102,27.09 14:00,99.013
102,27.09 15:00,102.65
102,27.09 16:00,98.891
102,27.09 17:00,99.428
102,27.09 18:00,95.013
102,27.09 19:00,101.516
102,27.09 20:00,102.346
102,27.09 21:00,102.459
102,27.09 22:00,101.131
102,27.09 23:00,104.515
102,28.09 00:00,93.857
102,28.09 01:00,98.221
102,28.09 02:00,98.321
102,28.09 03:00,100.098
102,28.09 04:00,92.835
102,28.09 05:00,94.955
102,28.09 06:00,95.368
102,28.09 07:00,94.426
102,28.09 08:00,88.116
102,28.09 09:00,81.366
102,28.09 10:00,86.64
102,28.09 11:00,83.619
102,28.09 12:00,106.085
102,28.09 13:00,106.919
102,28.09 14:00,124.585
102,28.09 15:00,124.481
102,28.09 16:00,123.16
102,28.09 17:00,120.143
102,28.09 18:00,115.65
102,28.09 19:00,123.562
102,28.09 20:00,328.499
102,28.09 21:00,399.689
102,28.09 22:00,323.87
102,28.09 23:00,101.816
102,29.09 00:00,102.338
102,29.09 01:00,97.33
102,29.09 02:00,98.469
102,29.09 03:00,96.695
102,29.09 04:00,101.871
102,29.09 05:00,93.745
102,29.09 06:00,95.904
102,29.09 07:00,91.625
102,29.09 08:00,82.797
102,29.09 09:00,81.118
102,29.09 10:00,85.578
102,29.09 11:00,86.579
102,29.09 12:00,90.696
102,29.09 13:00,100.672
102,29.09 14:00,120.706
102,29.09 15:00,123.504
102,29.09 16:00,117.634
102,29.09 17:00,119.191
102,29.09 18:00,116.102
102,29.09 19:00,105.41
102,29.09 20:00,119.514
102,29.09 21:00,110.131
102,29.09 22:00,105.787
102,29.09 23:00,108.977
102,30.09 00:00,102.197
102,30.09 01:00,99.05
102,30.09 02:00,95.154
102,30.09 03:00,93.681
102,30.09 04:00,92.266
102,30.09 05:00,93.139
102,30.09 06:00,92.566
102,30.09 07:00,94.212
102,30.09 08:00,83.694
102,30.09 09:00,80.378
102,30.09 10:00,81.847
102,30.09 11:00,85.356
102,30.09 12:00,86.629
102,30.09 13:00,102.567
102,30.09 14:00,110.179
102,30.09 15:00,121.416
102,30.09 16:00,110.953
102,30.09 17:00,110.887
102,30.09 18:00,115.341
102,30.09 19:00,107.788
102,30.09 20:00,115.519
102,30.09 21:00,106.87
102,30.09 22:00,100.285
102,30.09 23:00,99.018
