103,01.03 00:00,392.748
103,01.03 01:00,386.091
103,01.03 02:00,379.79
103,01.03 03:00,376.379
103,01.03 04:00,373.298
103,01.03 05:00,371.358
103,01.03 06:00,368.238
103,01.03 07:00,377.426
103,01.03 08:00,383.705
103,01.03 09:00,413.916
103,01.03 10:00,450.832
103,01.03 11:00,460.018
103,01.03 12:00,474.817
103,01.03 13:00,468.958
103,01.03 14:00,478.628
103,01.03 15:00,483.67
103,01.03 16:00,473.767
103,01.03 17:00,464.951
103,01.03 18:00,447.705
103,01.03 19:00,434.948
103,01.03 20:00,424.78
103,01.03 21:00,407.527
103,01.03 22:00,402.182
103,01.03 23:00,389.76
103,02.03 00:00,381.313
103,02.03 01:00,377.53
103,02.03 02:00,374.654
103,02.03 03:00,373.56
103,02.03 04:00,373.274
103,02.03 05:00,369.251
103,02.03 06:00,376.275
103,02.03 07:00,386.755
103,02.03 08:00,395.558
103,02.03 09:00,425.709
103,02.03 10:00,445.712
103,02.03 11:00,468.569
103,02.03 12:00,468.715
103,02.03 13:00,472.247
103,02.03 14:00,477.619
103,02.03 15:00,482.155
103,02.03 16:00,490.931
103,02.03 17:00,490.627
103,02.03 18:00,453.85
103,02.03 19:00,442.475
103,02.03 20:00,423.493
103,02.03 21:00,410.75
103,02.03 22:00,403.583
103,02.03 23:00,392.171
103,03.03 00:00,378.306
103,03.03 01:00,377.791
103,03.03 02:00,374.665
103,03.03 03:00,366.194
103,03.03 04:00,366.362
103,03.03 05:00,365.426
103,03.03 06:00,367.673
103,03.03 07:00,375.542
103,03.03 08:00,384.856
103,03.03 09:00,405.811
103,03.03 10:00,439.006
103,03.03 11:00,463.027
103,03.03 12:00,475.767
103,03.03 13:00,473.095
103,03.03 14:00,485.303
103,03.03 15:00,483.547
103,03.03 16:00,478.838
103,03.03 17:00,468.223
103,03.03 18:00,454.758
103,03.03 19:00,439.79
103,03.03 20:00,420.743
103,03.03 21:00,422.731
103,03.03 22:00,410.619
103,03.03 23:00,388.327
103,04.03 00:00,376.556
103,04.03 01:00,377.676
103,04.03 02:00,370.999
103,04.03 03:00,370.271
103,04.03 04:00,367.741
103,04.03 05:00,372.698
103,04.03 06:00,373.125
103,04.03 07:00,391.351
103,04.03 08:00,394.125
103,04.03 09:00,426.795
103,04.03 10:00,449.544
103,04.03 11:00,456.605
103,04.03 12:00,467.705
103,04.03 13:00,461.689
103,04.03 14:00,468.507
103,04.03 15:00,465.17
103,04.03 16:00,465.829
103,04.03 17:00,459.649
103,04.03 18:00,442.18
103,04.03 19:00,425.215
103,04.03 20:00,410.026
103,04.03 21:00,399.349
103,04.03 22:00,388.264
103,04.03 23:00,383.233
103,05.03 00:00,376.532
103,05.03 01:00,367.653
103,05.03 02:00,370.405
103,05.03 03:00,366.525
103,05.03 04:00,369.221
103,05.03 05:00,362.493
103,05.03 06:00,361.454
103,05.03 07:00,358.655
103,05.03 08:00,357.332
103,05.03 09:00,360.052
103,05.03 10:00,375.881
103,05.03 11:00,400.933
103,05.03 12:00,405.346
103,05.03 13:00,406.321
103,05.03 14:00,392.403
103,05.03 15:00,393.161
103,05.03 16:00,394.435
103,05.03 17:00,398.431
103,05.03 18:00,395.638
103,05.03 19:00,389.236
103,05.03 20:00,393.309
103,05.03 21:00,385.744
103,05.03 22:00,367.369
103,05.03 23:00,359.591
103,06.03 00:00,364.087
103,06.03 01:00,365.279
103,06.03 02:00,365.61
103,06.03 03:00,364.905
103,06.03 04:00,363.814
103,06.03 05:00,365.499
103,06.03 06:00,360.209
103,06.03 07:00,361.689
103,06.03 08:00,356.405
103,06.03 09:00,361.646
103,06.03 10:00,364.547
103,06.03 11:00,366.299
103,06.03 12:00,365.368
103,06.03 13:00,373.901
103,06.03 14:00,373.142
103,06.03 15:00,375.577
103,06.03 16:00,369.717
103,06.03 17:00,373.02
103,06.03 18:00,378.806
103,06.03 19:00,382.884
103,06.03 20:00,374.593
103,06.03 21:00,368.767
103,06.03 22:00,370.059
103,06.03 23:00,360.058
103,07.03 00:00,358.042
103,07.03 01:00,357.91
103,07.03 02:00,357.188
103,07.03 03:00,353.476
103,07.03 04:00,352.487
103,07.03 05:00,350.401
103,07.03 06:00,354.121
103,07.03 07:00,368.001
103,07.03 08:00,374.662
103,07.03 09:00,395.365
103,07.03 10:00,423.137
103,07.03 11:00,444.06
103,07.03 12:00,461.967
103,07.03 13:00,467.557
103,07.03 14:00,473.631
103,07.03 15:00,463.732
103,07.03 16:00,464.622
103,07.03 17:00,455.907
103,07.03 18:00,440.921
103,07.03 19:00,417.235
103,07.03 20:00,413.997
103,07.03 21:00,400.507
103,07.03 22:00,394.502
103,07.03 23:00,385.913
103,08.03 00:00,375.78
103,08.03 01:00,363.151
103,08.03 02:00,360.366
103,08.03 03:00,358.373
103,08.03 04:00,357.059
103,08.03 05:00,358.723
103,08.03 06:00,356.206
103,08.03 07:00,361.849
103,08.03 08:00,379.216
103,08.03 09:00,402.063
103,08.03 10:00,431.176
103,08.03 11:00,457.647
103,08.03 12:00,459.95
103,08.03 13:00,463.692
103,08.03 14:00,469.286
103,08.03 15:00,464.257
103,08.03 16:00,467.84
103,08.03 17:00,454.626
103,08.03 18:00,439.142
103,08.03 19:00,428.32
103,08.03 20:00,431.023
103,08.03 21:00,409.9
103,08.03 22:00,401.826
103,08.03 23:00,388.432
103,09.03 00:00,373.213
103,09.03 01:00,366.56
103,09.03 02:00,369.79
103,09.03 03:00,376.713
103,09.03 04:00,365.08
103,09.03 05:00,364.873
103,09.03 06:00,367.719
103,09.03 07:00,367.516
103,09.03 08:00,385.401
103,09.03 09:00,422.788
103,09.03 10:00,455.4
103,09.03 11:00,464.428
103,09.03 12:00,483.431
103,09.03 13:00,476.229
103,09.03 14:00,488.32
103,09.03 15:00,481.141
103,09.03 16:00,481.924
103,09.03 17:00,472.453
103,09.03 18:00,457.596
103,09.03 19:00,436.881
103,09.03 20:00,431.065
103,09.03 21:00,411.439
103,09.03 22:00,403.33
103,09.03 23:00,395.433
103,10.03 00:00,384.588
103,10.03 01:00,376.254
103,10.03 02:00,372.893
103,10.03 03:00,372.198
103,10.03 04:00,368.198
103,10.03 05:00,365.717
103,10.03 06:00,371.075
103,10.03 07:00,391.322
103,10.03 08:00,401.717
103,10.03 09:00,422.972
103,10.03 10:00,465.79
103,10.03 11:00,485.838
103,10.03 12:00,506.858
103,10.03 13:00,497.302
103,10.03 14:00,505.577
103,10.03 15:00,501.891
103,10.03 16:00,495.804
103,10.03 17:00,474.554
103,10.03 18:00,471.165
103,10.03 19:00,439.287
103,10.03 20:00,445.463
103,10.03 21:00,428.553
103,10.03 22:00,413.582
103,10.03 23:00,408.34
103,11.03 00:00,387.737
103,11.03 01:00,379.764
103,11.03 02:00,378.838
103,11.03 03:00,372.001
103,11.03 04:00,373.042
103,11.03 05:00,370.3
103,11.03 06:00,373.301
103,11.03 07:00,385.643
103,11.03 08:00,389.561
103,11.03 09:00,417.689
103,11.03 10:00,446.993
103,11.03 11:00,449.047
103,11.03 12:00,471.328
103,11.03 13:00,456.004
103,11.03 14:00,463.035
103,11.03 15:00,449.566
103,11.03 16:00,458.468
103,11.03 17:00,434.057
103,11.03 18:00,433.112
103,11.03 19:00,399.399
103,11.03 20:00,398.345
103,11.03 21:00,385.59
103,11.03 22:00,380.861
103,11.03 23:00,372.219
103,12.03 00:00,364.704
103,12.03 01:00,360.757
103,12.03 02:00,355.15
103,12.03 03:00,355.489
103,12.03 04:00,353.237
103,12.03 05:00,353.596
103,12.03 06:00,357.051
103,12.03 07:00,350.189
103,12.03 08:00,344.666
103,12.03 09:00,342.075
103,12.03 10:00,349.259
103,12.03 11:00,354.732
103,12.03 12:00,352.216
103,12.03 13:00,356.803
103,12.03 14:00,356.982
103,12.03 15:00,361.425
103,12.03 16:00,361.409
103,12.03 17:00,357.286
103,12.03 18:00,365.145
103,12.03 19:00,371.398
103,12.03 20:00,369.469
103,12.03 21:00,358.141
103,12.03 22:00,349.528
103,12.03 23:00,344.093
103,13.03 00:00,342.94
103,13.03 01:00,340.183
103,13.03 02:00,341.344
103,13.03 04:00,343.088
103,13.03 05:00,339.628
103,13.03 06:00,336.758
103,13.03 07:00,342.444
103,13.03 08:00,337.556
103,13.03 09:00,333.674
103,13.03 10:00,337.406
103,13.03 11:00,343.942
103,13.03 12:00,347.102
103,13.03 13:00,345.554
103,13.03 14:00,344.699
103,13.03 15:00,346.005
103,13.03 16:00,341.339
103,13.03 17:00,345.739
103,13.03 18:00,350.808
103,13.03 19:00,356.465
103,13.03 20:00,354.673
103,13.03 21:00,349.852
103,13.03 22:00,350.882
103,13.03 23:00,354.744
103,14.03 00:00,351.991
103,14.03 01:00,347.395
103,14.03 02:00,348.253
103,14.03 03:00,343.555
103,14.03 04:00,340.393
103,14.03 05:00,337.119
103,14.03 06:00,338.696
103,14.03 07:00,347.378
103,14.03 08:00,364.187
103,14.03 09:00,377.034
103,14.03 10:00,399.627
103,14.03 11:00,398.854
103,14.03 12:00,416.748
103,14.03 13:00,413.454
103,14.03 14:00,422.254
103,14.03 15:00,426.098
103,14.03 16:00,427.147
103,14.03 17:00,419.283
103,14.03 18:00,407.262
103,14.03 19:00,398.862
103,14.03 20:00,394.708
103,14.03 21:00,382.849
103,14.03 22:00,378.117
103,14.03 23:00,367.493
103,15.03 00:00,363.441
103,15.03 01:00,357.505
103,15.03 02:00,355.436
103,15.03 03:00,352.111
103,15.03 04:00,349.316
103,15.03 05:00,347.009
103,15.03 06:00,348.052
103,15.03 07:00,356.044
103,15.03 08:00,363.066
103,15.03 09:00,358.577
103,15.03 10:00,393.616
103,15.03 11:00,407.591
103,15.03 12:00,416.53
103,15.03 13:00,419.227
103,15.03 14:00,423.871
103,15.03 15:00,424.094
103,15.03 16:00,422.419
103,15.03 17:00,415.985
103,15.03 18:00,399.893
103,15.03 19:00,395.761
103,15.03 20:00,387.771
103,15.03 21:00,382.505
103,15.03 22:00,368.893
103,15.03 23:00,364.845
103,16.03 00:00,360.21
103,16.03 01:00,356.742
103,16.03 02:00,355.151
103,16.03 03:00,347.578
103,16.03 04:00,345.601
103,16.03 05:00,349.232
103,16.03 06:00,352.056
103,16.03 07:00,357.727
103,16.03 08:00,371.104
103,16.03 09:00,382.305
103,16.03 10:00,407.108
103,16.03 11:00,399.988
103,16.03 12:00,408.774
103,16.03 13:00,407.272
103,16.03 14:00,412.18
103,16.03 15:00,414.074
103,16.03 16:00,415.239
103,16.03 17:00,408.853
103,16.03 18:00,401.181
103,16.03 19:00,392.224
103,16.03 20:00,391.864
103,16.03 21:00,382.518
103,16.03 22:00,377.59
103,16.03 23:00,379.716
103,17.03 00:00,367.689
103,17.03 01:00,363.7
103,17.03 02:00,367.573
103,17.03 03:00,353.966
103,17.03 04:00,355.929
103,17.03 05:00,360.053
103,17.03 06:00,353.951
103,17.03 07:00,359.593
103,17.03 08:00,370.867
103,17.03 09:00,383.524
103,17.03 10:00,380.245
103,17.03 11:00,395.259
103,17.03 12:00,398.099
103,17.03 13:00,403.363
103,17.03 14:00,405.522
103,17.03 15:00,416.722
103,17.03 16:00,411.496
103,17.03 17:00,419.653
103,17.03 18:00,398.34
103,17.03 19:00,397.127
103,17.03 20:00,393.999
103,17.03 21:00,383.442
103,17.03 22:00,370.586
103,17.03 23:00,366.598
103,18.03 00:00,358.65
103,18.03 01:00,347.279
103,18.03 02:00,347.209
103,18.03 03:00,343.493
103,18.03 04:00,338.607
103,18.03 05:00,338.914
103,18.03 06:00,339.938
103,18.03 07:00,346.844
103,18.03 08:00,362.853
103,18.03 09:00,364.836
103,18.03 10:00,377.78
103,18.03 11:00,391.846
103,18.03 12:00,398.548
103,18.03 13:00,403.361
103,18.03 14:00,403.407
103,18.03 15:00,403.721
103,18.03 16:00,404.342
103,18.03 17:00,398.909
103,18.03 18:00,389.191
103,18.03 19:00,386.077
103,18.03 20:00,372.476
103,18.03 21:00,360.661
103,18.03 22:00,359.14
103,18.03 23:00,358.184
103,19.03 00:00,363.017
103,19.03 01:00,354.489
103,19.03 02:00,354.849
103,19.03 03:00,346.404
103,19.03 04:00,348.671
103,19.03 05:00,349.337
103,19.03 06:00,345.319
103,19.03 07:00,346.564
103,19.03 08:00,347.371
103,19.03 09:00,348.788
103,19.03 10:00,351.942
103,19.03 11:00,352.879
103,19.03 12:00,354.208
103,19.03 13:00,360.798
103,19.03 14:00,358.232
103,19.03 15:00,355.614
103,19.03 16:00,357.927
103,19.03 17:00,364.749
103,19.03 18:00,359.567
103,19.03 19:00,360.163
103,19.03 20:00,355.852
103,19.03 21:00,357.546
103,19.03 22:00,359.474
103,19.03 23:00,354.614
103,20.03 00:00,352.661
103,20.03 01:00,351.541
103,20.03 02:00,344.9
103,20.03 03:00,344.399
103,20.03 04:00,349.382
103,20.03 05:00,354.484
103,20.03 06:00,357.943
103,20.03 07:00,361.75
103,20.03 08:00,354.24
103,20.03 09:00,350.008
103,20.03 10:00,352.207
103,20.03 11:00,354.494
103,20.03 12:00,359.71
103,20.03 13:00,358.124
103,20.03 14:00,355.697
103,20.03 15:00,352.953
103,20.03 16:00,368.435
103,20.03 17:00,368.352
103,20.03 18:00,373.258
103,20.03 19:00,370.406
103,20.03 20:00,365.178
103,20.03 21:00,353.832
103,20.03 22:00,350.83
103,20.03 23:00,351.001
103,21.03 00:00,348.061
103,21.03 01:00,350.241
103,21.03 02:00,349.919
103,21.03 03:00,356.202
103,21.03 04:00,358.753
103,21.03 05:00,362.458
103,21.03 06:00,362.203
103,21.03 07:00,370.274
103,21.03 08:00,395.449
103,21.03 09:00,419.568
103,21.03 10:00,439.375
103,21.03 11:00,456.345
103,21.03 12:00,461.534
103,21.03 13:00,463.697
103,21.03 14:00,467.67
103,21.03 15:00,466.866
103,21.03 16:00,473.421
103,21.03 17:00,465.032
103,21.03 18:00,435.744
103,21.03 19:00,417.468
103,21.03 20:00,410.244
103,21.03 21:00,396.713
103,21.03 22:00,389.713
103,21.03 23:00,389.988
103,22.03 00:00,379.572
103,22.03 01:00,370.822
103,22.03 02:00,366.934
103,22.03 03:00,366.548
103,22.03 04:00,366.387
103,22.03 05:00,365.799
103,22.03 06:00,367.916
103,22.03 07:00,375.988
103,22.03 08:00,391.98
103,22.03 09:00,415.31
103,22.03 10:00,455.076
103,22.03 11:00,477.06
103,22.03 12:00,480.131
103,22.03 13:00,474.723
103,22.03 14:00,478.218
103,22.03 15:00,476.592
103,22.03 16:00,476.501
103,22.03 17:00,463.998
103,22.03 18:00,441.04
103,22.03 19:00,427.581
103,22.03 20:00,422.828
103,22.03 21:00,410.035
103,22.03 22:00,396.532
103,22.03 23:00,386.425
103,23.03 00:00,373.764
103,23.03 01:00,365.554
103,23.03 02:00,365.353
103,23.03 03:00,365.178
103,23.03 04:00,362.597
103,23.03 05:00,361.363
103,23.03 06:00,363.456
103,23.03 07:00,369.798
103,23.03 08:00,385.646
103,23.03 09:00,408.85
103,23.03 10:00,429.214
103,23.03 11:00,448.465
103,23.03 12:00,454.078
103,23.03 13:00,460.229
103,23.03 14:00,469.27
103,23.03 15:00,467.713
103,23.03 16:00,467.791
103,23.03 17:00,458.183
103,23.03 18:00,452.697
103,23.03 19:00,437.218
103,23.03 20:00,433.491
103,23.03 21:00,432.306
103,23.03 22:00,437.885
103,23.03 23:00,411.897
103,24.03 00:00,392.328
103,24.03 01:00,374.22
103,24.03 02:00,370.409
103,24.03 03:00,367.312
103,24.03 04:00,368.882
103,24.03 05:00,369.612
103,24.03 06:00,362.411
103,24.03 07:00,372.757
103,24.03 08:00,391.368
103,24.03 09:00,418.52
103,24.03 10:00,455.623
103,24.03 11:00,455.859
103,24.03 12:00,494.319
103,24.03 13:00,485.871
103,24.03 14:00,484.876
103,24.03 15:00,514.339
103,24.03 16:00,482.831
103,24.03 17:00,470.158
103,24.03 18:00,447.436
103,24.03 19:00,431.68
103,24.03 20:00,423.229
103,24.03 21:00,409.068
103,24.03 22:00,396.994
103,24.03 23:00,387.192
103,25.03 00:00,383.7
103,25.03 01:00,373.89
103,25.03 02:00,374.746
103,25.03 03:00,373.914
103,25.03 04:00,378.858
103,25.03 05:00,380.597
103,25.03 06:00,381.646
103,25.03 07:00,386.018
103,25.03 08:00,395.481
103,25.03 09:00,424.247
103,25.03 10:00,448.132
103,25.03 11:00,476.633
103,25.03 12:00,501.748
103,25.03 13:00,485.179
103,25.03 14:00,472.894
103,25.03 15:00,465.559
103,25.03 16:00,458.938
103,25.03 17:00,457.503
103,25.03 18:00,445.395
103,25.03 19:00,429.38
103,25.03 20:00,404.802
103,25.03 21:00,402.033
103,25.03 22:00,399.325
103,25.03 23:00,384.362
103,26.03 00:00,376.818
103,26.03 01:00,374.121
103,26.03 02:00,375.741
103,26.03 03:00,378.853
103,26.03 04:00,376.405
103,26.03 05:00,375.482
103,26.03 06:00,376.08
103,26.03 07:00,379.718
103,26.03 08:00,377.102
103,26.03 09:00,383.544
103,26.03 10:00,375.559
103,26.03 11:00,389.761
103,26.03 12:00,380.053
103,26.03 13:00,385.788
103,26.03 14:00,378.2
103,26.03 15:00,377.25
103,26.03 16:00,376.761
103,26.03 17:00,377.045
103,26.03 18:00,380.065
103,26.03 19:00,381.982
103,26.03 20:00,380.62
103,26.03 21:00,377.765
103,26.03 22:00,379.885
103,26.03 23:00,374.316
103,27.03 00:00,371.937
103,27.03 01:00,364.507
103,27.03 02:00,361.16
103,27.03 03:00,360.671
103,27.03 04:00,358.423
103,27.03 05:00,356.495
103,27.03 06:00,359.28
103,27.03 07:00,358.032
103,27.03 08:00,367.223
103,27.03 09:00,350.569
103,27.03 10:00,357.092
103,27.03 11:00,356.417
103,27.03 12:00,360.859
103,27.03 13:00,364.53
103,27.03 14:00,365.574
103,27.03 15:00,368.124
103,27.03 16:00,365.975
103,27.03 17:00,364.555
103,27.03 18:00,373.796
103,27.03 19:00,373.174
103,27.03 20:00,372.704
103,27.03 21:00,369.542
103,27.03 22:00,367.95
103,27.03 23:00,375.637
103,28.03 00:00,378.017
103,28.03 01:00,372.628
103,28.03 02:00,363.397
103,28.03 03:00,355.236
103,28.03 04:00,364.997
103,28.03 05:00,362.045
103,28.03 06:00,362.818
103,28.03 07:00,374.093
103,28.03 08:00,393.105
103,28.03 09:00,412.9
103,28.03 10:00,431.857
103,28.03 11:00,449.988
103,28.03 12:00,474.85
103,28.03 13:00,476.176
103,28.03 14:00,470.044
103,28.03 15:00,473.951
103,28.03 16:00,479.884
103,28.03 17:00,467.132
103,28.03 18:00,440.584
103,28.03 19:00,429.676
103,28.03 20:00,422.978
103,28.03 21:00,410.351
103,28.03 22:00,408.521
103,28.03 23:00,392.052
103,29.03 00:00,384.097
103,29.03 01:00,381.067
103,29.03 02:00,373.413
103,29.03 03:00,376.43
103,29.03 04:00,375.536
103,29.03 05:00,372.924
103,29.03 06:00,375.461
103,29.03 07:00,384.978
103,29.03 08:00,395.688
103,29.03 09:00,416.029
103,29.03 10:00,445.557
103,29.03 11:00,477.7
103,29.03 12:00,0.0
103,29.03 13:00,0.0
103,29.03 14:00,479.128
103,29.03 15:00,488.879
103,29.03 16:00,478.065
103,29.03 17:00,477.0
103,29.03 18:00,441.103
103,29.03 19:00,429.086
103,29.03 20:00,416.062
103,29.03 21:00,419.686
103,29.03 22:00,413.032
103,29.03 23:00,397.393
103,30.03 00:00,382.354
103,30.03 01:00,383.191
103,30.03 02:00,380.133
103,30.03 03:00,0.0
103,30.03 04:00,0.0
103,30.03 05:00,0.0
103,30.03 06:00,0.0
103,30.03 07:00,0.0
103,30.03 08:00,0.0
103,30.03 09:00,0.0
103,30.03 11:00,447.908
103,30.03 12:00,457.01
103,30.03 13:00,460.91
103,30.03 14:00,472.334
103,30.03 15:00,472.991
103,30.03 16:00,472.737
103,30.03 17:00,466.021
103,30.03 18:00,454.023
103,30.03 19:00,437.822
103,30.03 20:00,437.062
103,30.03 21:00,416.842
103,30.03 22:00,412.546
103,30.03 23:00,403.827
103,31.03 00:00,386.271
103,31.03 01:00,379.75
103,31.03 02:00,370.342
103,31.03 03:00,366.774
103,31.03 04:00,363.45
103,31.03 05:00,360.381
103,31.03 06:00,359.472
103,31.03 07:00,368.058
103,31.03 08:00,380.711
103,31.03 09:00,401.274
103,31.03 10:00,433.183
103,31.03 11:00,452.897
103,31.03 12:00,467.185
103,31.03 13:00,461.705
103,31.03 14:00,461.632
103,31.03 15:00,486.061
103,31.03 16:00,480.678
103,31.03 17:00,477.177
103,31.03 18:00,457.794
103,31.03 19:00,442.19
103,31.03 20:00,433.123
103,31.03 21:00,422.362
103,31.03 22:00,408.217
103,31.03 23:00,404.68
103,01.04 00:00,398.899
103,01.04 01:00,386.274
103,01.04 02:00,373.546
103,01.04 03:00,370.359
103,01.04 04:00,368.793
103,01.04 05:00,369.52
103,01.04 06:00,367.506
103,01.04 07:00,382.455
103,01.04 08:00,395.447
103,01.04 09:00,421.884
103,01.04 10:00,440.919
103,01.04 11:00,459.099
103,01.04 12:00,474.327
103,01.04 13:00,484.49
103,01.04 14:00,489.832
103,01.04 15:00,491.378
103,01.04 16:00,491.342
103,01.04 17:00,470.513
103,01.04 18:00,442.997
103,01.04 19:00,423.653
103,01.04 20:00,414.712
103,01.04 21:00,405.665
103,01.04 22:00,391.759
103,01.04 23:00,389.256
103,02.04 00:00,384.42
103,02.04 01:00,383.338
103,02.04 02:00,374.431
103,02.04 03:00,374.417
103,02.04 04:00,373.479
103,02.04 05:00,374.082
103,02.04 06:00,368.168
103,02.04 07:00,370.676
103,02.04 08:00,367.187
103,02.04 09:00,372.607
103,02.04 10:00,380.878
103,02.04 11:00,399.287
103,02.04 12:00,410.402
103,02.04 13:00,401.998
103,02.04 14:00,401.973
103,02.04 15:00,408.795
103,02.04 16:00,394.012
103,02.04 17:00,393.623
103,02.04 18:00,393.362
103,02.04 19:00,390.795
103,02.04 20:00,376.522
103,02.04 21:00,370.752
103,02.04 22:00,373.548
103,02.04 23:00,373.985
103,03.04 00:00,366.994
103,03.04 01:00,366.482
103,03.04 02:00,365.039
103,03.04 03:00,360.956
103,03.04 04:00,364.638
103,03.04 05:00,362.058
103,03.04 06:00,364.513
103,03.04 07:00,367.178
103,03.04 08:00,362.453
103,03.04 09:00,369.998
103,03.04 10:00,364.777
103,03.04 11:00,366.823
103,03.04 12:00,369.359
103,03.04 13:00,368.164
103,03.04 14:00,365.786
103,03.04 15:00,376.581
103,03.04 16:00,376.479
103,03.04 17:00,369.545
103,03.04 18:00,376.346
103,03.04 19:00,382.326
103,03.04 20:00,376.44
103,03.04 21:00,376.218
103,03.04 22:00,364.446
103,03.04 23:00,361.658
103,04.04 00:00,356.766
103,04.04 01:00,355.076
103,04.04 02:00,357.045
103,04.04 03:00,353.045
103,04.04 04:00,354.265
103,04.04 05:00,354.494
103,04.04 06:00,352.84
103,04.04 07:00,357.989
103,04.04 08:00,376.945
103,04.04 09:00,400.848
103,04.04 10:00,424.46
103,04.04 11:00,437.994
103,04.04 12:00,462.451
103,04.04 13:00,462.967
103,04.04 14:00,468.561
103,04.04 15:00,478.102
103,04.04 16:00,470.936
103,04.04 17:00,461.94
103,04.04 18:00,439.458
103,04.04 19:00,424.007
103,04.04 20:00,426.431
103,04.04 21:00,413.299
103,04.04 22:00,400.964
103,04.04 23:00,409.578
103,05.04 00:00,396.032
103,05.04 01:00,381.905
103,05.04 02:00,376.037
103,05.04 03:00,369.578
103,05.04 04:00,367.157
103,05.04 05:00,365.024
103,05.04 06:00,364.415
103,05.04 07:00,372.171
103,05.04 08:00,390.398
103,05.04 09:00,412.38
103,05.04 10:00,453.338
103,05.04 11:00,491.561
103,05.04 12:00,470.592
103,05.04 13:00,473.658
103,05.04 14:00,492.284
103,05.04 15:00,493.03
103,05.04 16:00,489.189
103,05.04 17:00,469.919
103,05.04 18:00,447.658
103,05.04 19:00,446.378
103,05.04 20:00,439.721
103,05.04 21:00,428.294
103,05.04 22:00,417.274
103,05.04 23:00,399.862
103,06.04 00:00,391.628
103,06.04 01:00,388.251
103,06.04 02:00,392.776
103,06.04 03:00,393.094
103,06.04 04:00,392.24
103,06.04 05:00,390.693
103,06.04 06:00,380.302
103,06.04 07:00,384.499
103,06.04 08:00,390.785
103,06.04 09:00,422.222
103,06.04 10:00,448.665
103,06.04 11:00,470.37
103,06.04 12:00,489.292
103,06.04 13:00,486.909
103,06.04 14:00,498.156
103,06.04 15:00,492.995
103,06.04 16:00,490.958
103,06.04 17:00,485.128
103,06.04 18:00,459.693
103,06.04 19:00,448.093
103,06.04 20:00,438.886
103,06.04 21:00,426.859
103,06.04 22:00,415.223
103,06.04 23:00,415.1
103,07.04 00:00,404.436
103,07.04 01:00,395.36
103,07.04 02:00,403.418
103,07.04 03:00,396.677
103,07.04 04:00,386.345
103,07.04 05:00,380.622
103,07.04 06:00,381.927
103,07.04 07:00,388.37
103,07.04 08:00,408.653
103,07.04 09:00,436.419
103,07.04 10:00,481.259
103,07.04 11:00,496.406
103,07.04 12:00,503.341
103,07.04 13:00,493.041
103,07.04 14:00,523.365
103,07.04 15:00,499.582
103,07.04 16:00,491.371
103,07.04 17:00,481.997
103,07.04 18:00,469.29
103,07.04 19:00,451.938
103,07.04 20:00,435.828
103,07.04 21:00,426.466
103,07.04 22:00,411.976
103,07.04 23:00,407.866
103,08.04 00:00,399.596
103,08.04 01:00,390.302
103,08.04 02:00,386.686
103,08.04 03:00,385.872
103,08.04 04:00,392.003
103,08.04 05:00,384.2
103,08.04 06:00,382.246
103,08.04 07:00,388.959
103,08.04 08:00,402.094
103,08.04 09:00,426.496
103,08.04 10:00,452.237
103,08.04 11:00,465.413
103,08.04 12:00,472.303
103,08.04 13:00,481.968
103,08.04 14:00,479.344
103,08.04 15:00,461.969
103,08.04 16:00,464.06
103,08.04 17:00,455.779
103,08.04 18:00,443.235
103,08.04 19:00,428.248
103,08.04 20:00,414.899
103,08.04 21:00,420.551
103,08.04 22:00,429.497
103,08.04 23:00,423.767
103,09.04 00:00,389.768
103,09.04 01:00,379.084
103,09.04 02:00,372.406
103,09.04 03:00,369.526
103,09.04 04:00,368.119
103,09.04 05:00,374.283
103,09.04 06:00,378.55
103,09.04 07:00,370.148
103,09.04 08:00,376.855
103,09.04 09:00,382.108
103,09.04 10:00,376.17
103,09.04 11:00,385.234
103,09.04 12:00,397.009
103,09.04 13:00,397.356
103,09.04 14:00,398.372
103,09.04 15:00,406.053
103,09.04 16:00,403.61
103,09.04 17:00,400.805
103,09.04 18:00,400.629
103,09.04 19:00,389.398
103,09.04 20:00,393.52
103,09.04 21:00,385.486
103,09.04 22:00,381.746
103,09.04 23:00,383.766
103,10.04 00:00,382.266
103,10.04 01:00,382.986
103,10.04 02:00,375.308
103,10.04 03:00,381.003
103,10.04 04:00,372.322
103,10.04 05:00,369.117
103,10.04 06:00,370.69
103,10.04 07:00,370.533
103,10.04 08:00,364.821
103,10.04 09:00,361.357
103,10.04 10:00,362.016
103,10.04 11:00,360.309
103,10.04 12:00,359.631
103,10.04 13:00,367.295
103,10.04 14:00,374.703
103,10.04 15:00,373.022
103,10.04 16:00,383.284
103,10.04 17:00,382.771
103,10.04 18:00,386.94
103,10.04 19:00,385.879
103,10.04 20:00,376.469
103,10.04 21:00,371.82
103,10.04 22:00,363.333
103,10.04 23:00,361.307
103,11.04 00:00,357.784
103,11.04 01:00,354.229
103,11.04 02:00,353.51
103,11.04 03:00,352.576
103,11.04 04:00,349.198
103,11.04 05:00,350.181
103,11.04 06:00,349.481
103,11.04 07:00,362.822
103,11.04 08:00,379.001
103,11.04 09:00,410.427
103,11.04 10:00,440.082
103,11.04 11:00,446.919
103,11.04 12:00,453.542
103,11.04 13:00,458.424
103,11.04 14:00,463.026
103,11.04 15:00,476.985
103,11.04 16:00,477.065
103,11.04 17:00,477.689
103,11.04 18:00,461.311
103,11.04 19:00,433.404
103,11.04 20:00,423.225
103,11.04 21:00,412.302
103,11.04 22:00,400.597
103,11.04 23:00,397.036
103,12.04 00:00,387.15
103,12.04 01:00,383.004
103,12.04 02:00,380.503
103,12.04 03:00,388.378
103,12.04 04:00,371.777
103,12.04 05:00,372.788
103,12.04 06:00,371.195
103,12.04 07:00,375.205
103,12.04 08:00,392.127
103,12.04 09:00,411.947
103,12.04 10:00,446.443
103,12.04 11:00,485.901
103,12.04 12:00,503.131
103,12.04 13:00,489.732
103,12.04 14:00,499.073
103,12.04 15:00,499.808
103,12.04 16:00,490.595
103,12.04 17:00,471.184
103,12.04 18:00,455.158
103,12.04 19:00,441.336
103,12.04 20:00,437.195
103,12.04 21:00,427.092
103,12.04 22:00,410.946
103,12.04 23:00,405.011
103,13.04 00:00,393.709
103,13.04 01:00,389.553
103,13.04 02:00,382.787
103,13.04 03:00,382.827
103,13.04 04:00,381.578
103,13.04 05:00,379.537
103,13.04 06:00,375.983
103,13.04 07:00,378.785
103,13.04 08:00,396.006
103,13.04 09:00,427.109
103,13.04 10:00,456.882
103,13.04 11:00,474.24
103,13.04 12:00,477.985
103,13.04 13:00,485.443
103,13.04 14:00,507.517
103,13.04 15:00,496.466
103,13.04 16:00,491.425
103,13.04 17:00,492.956
103,13.04 18:00,470.404
103,13.04 19:00,446.775
103,13.04 20:00,441.15
103,13.04 21:00,414.891
103,13.04 22:00,404.339
103,13.04 23:00,406.648
103,14.04 00:00,397.898
103,14.04 01:00,392.962
103,14.04 02:00,392.652
103,14.04 03:00,383.871
103,14.04 04:00,374.289
103,14.04 05:00,374.807
103,14.04 06:00,376.317
103,14.04 07:00,384.139
103,14.04 08:00,395.857
103,14.04 09:00,425.884
103,14.04 10:00,467.51
103,14.04 11:00,479.377
103,14.04 12:00,483.715
103,14.04 13:00,468.735
103,14.04 14:00,477.069
103,14.04 15:00,471.411
103,14.04 16:00,470.803
103,14.04 17:00,472.378
103,14.04 18:00,451.473
103,14.04 19:00,435.159
103,14.04 20:00,425.093
103,14.04 21:00,418.178
103,14.04 22:00,413.459
103,14.04 23:00,406.608
103,15.04 00:00,389.777
103,15.04 01:00,385.038
103,15.04 02:00,389.934
103,15.04 03:00,383.505
103,15.04 04:00,384.5
103,15.04 05:00,371.322
103,15.04 06:00,373.162
103,15.04 07:00,377.449
103,15.04 08:00,389.919
103,15.04 09:00,424.105
103,15.04 10:00,456.155
103,15.04 11:00,461.014
103,15.04 12:00,474.769
103,15.04 13:00,468.973
103,15.04 14:00,483.98
103,15.04 15:00,510.969
103,15.04 16:00,488.397
103,15.04 17:00,473.91
103,15.04 18:00,449.132
103,15.04 19:00,409.911
103,15.04 20:00,403.821
103,15.04 21:00,392.111
103,15.04 22:00,387.409
103,15.04 23:00,380.478
103,16.04 00:00,374.288
103,16.04 01:00,372.418
103,16.04 02:00,372.059
103,16.04 03:00,366.566
103,16.04 04:00,365.935
103,16.04 05:00,363.175
103,16.04 06:00,363.572
103,16.04 07:00,361.101
103,16.04 08:00,359.692
103,16.04 09:00,353.582
103,16.04 10:00,354.483
103,16.04 11:00,357.674
103,16.04 12:00,366.474
103,16.04 13:00,364.822
103,16.04 14:00,369.475
103,16.04 15:00,375.279
103,16.04 16:00,376.988
103,16.04 17:00,379.808
103,16.04 18:00,379.834
103,16.04 19:00,388.309
103,16.04 20:00,390.799
103,16.04 21:00,373.769
103,16.04 22:00,363.492
103,16.04 23:00,361.468
103,17.04 00:00,356.605
103,17.04 01:00,351.398
103,17.04 02:00,354.749
103,17.04 03:00,354.356
103,17.04 04:00,345.586
103,17.04 05:00,340.108
103,17.04 06:00,342.016
103,17.04 07:00,339.026
103,17.04 08:00,330.919
103,17.04 09:00,350.524
103,17.04 10:00,343.768
103,17.04 11:00,343.732
103,17.04 12:00,347.285
103,17.04 13:00,357.554
103,17.04 14:00,358.704
103,17.04 15:00,364.744
103,17.04 16:00,363.791
103,17.04 17:00,362.853
103,17.04 18:00,361.608
103,17.04 19:00,362.001
103,17.04 20:00,373.695
103,17.04 21:00,368.741
103,17.04 22:00,365.032
103,17.04 23:00,363.546
103,18.04 00:00,356.29
103,18.04 01:00,349.495
103,18.04 02:00,348.246
103,18.04 03:00,350.084
103,18.04 04:00,351.214
103,18.04 05:00,351.342
103,18.04 06:00,357.486
103,18.04 07:00,354.973
103,18.04 08:00,366.05
103,18.04 09:00,383.247
103,18.04 10:00,396.882
103,18.04 11:00,436.447
103,18.04 12:00,462.94
103,18.04 13:00,487.349
103,18.04 14:00,479.375
103,18.04 15:00,469.932
103,18.04 16:00,469.203
103,18.04 17:00,464.663
103,18.04 18:00,440.927
103,18.04 19:00,417.034
103,18.04 20:00,410.405
103,18.04 21:00,406.448
103,18.04 22:00,399.494
103,18.04 23:00,382.191
103,19.04 00:00,368.843
103,19.04 01:00,364.84
103,19.04 02:00,359.332
103,19.04 03:00,357.087
103,19.04 04:00,353.3
103,19.04 05:00,350.734
103,19.04 06:00,350.313
103,19.04 07:00,353.066
103,19.04 08:00,366.597
103,19.04 09:00,394.332
103,19.04 10:00,439.305
103,19.04 11:00,452.216
103,19.04 12:00,458.638
103,19.04 13:00,468.826
103,19.04 14:00,466.429
103,19.04 15:00,472.454
103,19.04 16:00,475.257
103,19.04 17:00,472.06
103,19.04 18:00,442.894
103,19.04 19:00,429.363
103,19.04 20:00,416.922
103,19.04 21:00,411.197
103,19.04 22:00,398.366
103,19.04 23:00,388.678
103,20.04 00:00,380.155
103,20.04 01:00,371.681
103,20.04 02:00,368.534
103,20.04 03:00,365.622
103,20.04 04:00,359.304
103,20.04 05:00,358.609
103,20.04 06:00,359.44
103,20.04 07:00,366.311
103,20.04 08:00,380.12
103,20.04 09:00,413.2
103,20.04 10:00,459.851
103,20.04 11:00,492.978
103,20.04 12:00,491.171
103,20.04 13:00,472.313
103,20.04 14:00,491.144
103,20.04 15:00,490.81
103,20.04 16:00,503.228
103,20.04 17:00,515.211
103,20.04 18:00,459.023
103,20.04 19:00,443.116
103,20.04 20:00,428.299
103,20.04 21:00,422.809
103,20.04 22:00,427.477
103,20.04 23:00,401.426
103,21.04 00:00,396.961
103,21.04 01:00,377.329
103,21.04 02:00,372.544
103,21.04 03:00,375.371
103,21.04 04:00,375.088
103,21.04 05:00,375.932
103,21.04 06:00,375.997
103,21.04 07:00,379.718
103,21.04 08:00,391.679
103,21.04 09:00,416.705
103,21.04 10:00,462.603
103,21.04 11:00,476.987
103,21.04 12:00,454.604
103,21.04 13:00,482.307
103,21.04 14:00,483.829
103,21.04 15:00,485.562
103,21.04 16:00,475.751
103,21.04 17:00,467.607
103,21.04 18:00,447.905
103,21.04 19:00,437.026
103,21.04 20:00,421.705
103,21.04 21:00,411.547
103,21.04 22:00,402.946
103,21.04 23:00,393.45
103,22.04 00:00,380.458
103,22.04 01:00,388.193
103,22.04 02:00,367.883
103,22.04 03:00,369.019
103,22.04 04:00,373.923
103,22.04 05:00,366.459
103,22.04 06:00,364.078
103,22.04 07:00,373.846
103,22.04 08:00,385.902
103,22.04 09:00,417.008
103,22.04 10:00,431.708
103,22.04 11:00,460.694
103,22.04 12:00,461.975
103,22.04 13:00,466.5
103,22.04 14:00,469.914
103,22.04 15:00,468.825
103,22.04 16:00,454.602
103,22.04 17:00,442.184
103,22.04 18:00,430.278
103,22.04 19:00,407.568
103,22.04 20:00,399.501
103,22.04 21:00,399.304
103,22.04 22:00,387.421
103,22.04 23:00,377.887
103,23.04 00:00,369.471
103,23.04 01:00,365.782
103,23.04 02:00,365.006
103,23.04 03:00,366.448
103,23.04 04:00,358.403
103,23.04 05:00,359.744
103,23.04 06:00,356.402
103,23.04 07:00,353.625
103,23.04 08:00,353.735
103,23.04 09:00,356.221
103,23.04 10:00,370.64
103,23.04 11:00,371.047
103,23.04 12:00,382.544
103,23.04 13:00,387.001
103,23.04 14:00,378.483
103,23.04 15:00,394.128
103,23.04 16:00,396.506
103,23.04 17:00,397.71
103,23.04 18:00,421.45
103,23.04 19:00,389.166
103,23.04 20:00,374.503
103,23.04 21:00,381.566
103,23.04 22:00,376.639
103,23.04 23:00,370.779
103,24.04 00:00,362.497
103,24.04 01:00,363.38
103,24.04 02:00,366.376
103,24.04 03:00,361.157
103,24.04 04:00,352.681
103,24.04 05:00,355.82
103,24.04 06:00,361.783
103,24.04 07:00,353.856
103,24.04 08:00,348.363
103,24.04 09:00,349.41
103,24.04 10:00,350.412
103,24.04 11:00,364.446
103,24.04 12:00,355.326
103,24.04 13:00,356.875
103,24.04 14:00,365.584
103,24.04 15:00,369.402
103,24.04 16:00,373.208
103,24.04 17:00,373.753
103,24.04 18:00,375.654
103,24.04 19:00,372.877
103,24.04 20:00,373.89
103,24.04 21:00,366.403
103,24.04 22:00,363.465
103,24.04 23:00,360.315
103,25.04 00:00,363.101
103,25.04 01:00,357.046
103,25.04 02:00,354.503
103,25.04 03:00,354.167
103,25.04 04:00,345.893
103,25.04 05:00,346.232
103,25.04 06:00,345.166
103,25.04 07:00,348.36
103,25.04 08:00,370.982
103,25.04 09:00,395.179
103,25.04 10:00,434.801
103,25.04 11:00,471.842
103,25.04 12:00,474.456
103,25.04 13:00,470.197
103,25.04 14:00,474.916
103,25.04 15:00,475.917
103,25.04 16:00,482.689
103,25.04 17:00,473.252
103,25.04 18:00,440.591
103,25.04 19:00,423.84
103,25.04 20:00,424.242
103,25.04 21:00,408.213
103,25.04 22:00,398.611
103,25.04 23:00,392.354
103,26.04 00:00,373.275
103,26.04 01:00,367.783
103,26.04 02:00,360.296
103,26.04 03:00,357.095
103,26.04 04:00,356.41
103,26.04 05:00,352.795
103,26.04 06:00,353.532
103,26.04 07:00,362.536
103,26.04 08:00,378.244
103,26.04 09:00,400.101
103,26.04 10:00,451.736
103,26.04 11:00,430.876
103,26.04 12:00,465.197
103,26.04 13:00,466.731
103,26.04 14:00,491.192
103,26.04 15:00,484.902
103,26.04 16:00,478.479
103,26.04 17:00,458.723
103,26.04 18:00,423.746
103,26.04 19:00,408.351
103,26.04 20:00,398.095
103,26.04 21:00,396.161
103,26.04 22:00,383.163
103,26.04 23:00,378.942
103,27.04 00:00,369.833
103,27.04 01:00,363.876
103,27.04 02:00,354.858
103,27.04 03:00,347.699
103,27.04 04:00,355.222
103,27.04 05:00,342.269
103,27.04 06:00,342.534
103,27.04 07:00,352.304
103,27.04 08:00,365.733
103,27.04 09:00,405.173
103,27.04 10:00,447.894
103,27.04 11:00,441.865
103,27.04 12:00,442.732
103,27.04 13:00,447.463
103,27.04 14:00,458.088
103,27.04 15:00,465.827
103,27.04 16:00,474.732
103,27.04 17:00,481.185
103,27.04 18:00,455.794
103,27.04 19:00,434.394
103,27.04 20:00,419.36
103,27.04 21:00,412.573
103,27.04 22:00,397.062
103,27.04 23:00,379.133
103,28.04 00:00,374.443
103,28.04 01:00,373.593
103,28.04 02:00,368.239
103,28.04 03:00,364.912
103,28.04 04:00,354.321
103,28.04 05:00,358.116
103,28.04 06:00,356.038
103,28.04 07:00,355.558
103,28.04 08:00,374.081
103,28.04 09:00,398.795
103,28.04 10:00,435.052
103,28.04 11:00,451.348
103,28.04 12:00,460.704
103,28.04 13:00,465.997
103,28.04 14:00,469.359
103,28.04 15:00,476.213
103,28.04 16:00,473.351
103,28.04 17:00,470.205
103,28.04 18:00,443.995
103,28.04 19:00,425.401
103,28.04 20:00,415.762
103,28.04 21:00,414.412
103,28.04 22:00,401.425
103,28.04 23:00,375.805
103,29.04 00:00,372.808
103,29.04 01:00,360.129
103,29.04 02:00,358.446
103,29.04 03:00,356.555
103,29.04 04:00,352.295
103,29.04 05:00,351.629
103,29.04 06:00,349.846
103,29.04 07:00,354.252
103,29.04 08:00,374.16
103,29.04 09:00,405.892
103,29.04 10:00,424.229
103,29.04 11:00,451.312
103,29.04 12:00,476.302
103,29.04 13:00,470.336
103,29.04 14:00,470.205
103,29.04 15:00,465.899
103,29.04 16:00,471.889
103,29.04 17:00,456.108
103,29.04 18:00,441.199
103,29.04 19:00,430.097
103,29.04 20:00,412.137
103,29.04 21:00,403.724
103,29.04 22:00,394.126
103,29.04 23:00,380.4
103,30.04 00:00,377.345
103,30.04 01:00,368.414
103,30.04 02:00,364.378
103,30.04 03:00,359.127
103,30.04 04:00,353.78
103,30.04 05:00,351.736
103,30.04 06:00,347.98
103,30.04 07:00,345.073
103,30.04 08:00,347.986
103,30.04 09:00,348.037
103,30.04 10:00,345.549
103,30.04 11:00,355.019
103,30.04 12:00,363.631
103,30.04 13:00,372.525
103,30.04 14:00,374.66
103,30.04 15:00,375.698
103,30.04 16:00,381.295
103,30.04 17:00,383.496
103,30.04 18:00,382.481
103,30.04 19:00,378.738
103,30.04 20:00,371.662
103,30.04 21:00,363.434
103,30.04 22:00,362.115
103,30.04 23:00,363.897
103,01.05 00:00,355.851
103,01.05 01:00,350.951
103,01.05 02:00,348.673
103,01.05 03:00,345.617
103,01.05 04:00,343.432
103,01.05 05:00,332.795
103,01.05 06:00,332.532
103,01.05 07:00,334.052
103,01.05 08:00,332.575
103,01.05 09:00,330.533
103,01.05 10:00,330.163
103,01.05 11:00,338.964
103,01.05 12:00,340.241
103,01.05 13:00,349.007
103,01.05 14:00,363.116
103,01.05 15:00,361.296
103,01.05 16:00,365.628
103,01.05 17:00,368.396
103,01.05 18:00,374.494
103,01.05 19:00,369.596
103,01.05 20:00,365.549
103,01.05 21:00,358.001
103,01.05 22:00,350.252
103,01.05 23:00,346.0
103,02.05 00:00,344.849
103,02.05 01:00,341.083
103,02.05 02:00,343.174
103,02.05 03:00,341.509
103,02.05 04:00,338.816
103,02.05 05:00,339.843
103,02.05 06:00,341.797
103,02.05 07:00,351.019
103,02.05 08:00,372.801
103,02.05 09:00,408.58
103,02.05 10:00,422.139
103,02.05 11:00,443.075
103,02.05 12:00,461.066
103,02.05 13:00,476.838
103,02.05 14:00,488.578
103,02.05 15:00,496.167
103,02.05 16:00,486.406
103,02.05 17:00,482.437
103,02.05 18:00,459.648
103,02.05 19:00,450.64
103,02.05 20:00,408.422
103,02.05 21:00,409.303
103,02.05 22:00,399.216
103,02.05 23:00,393.13
103,03.05 00:00,379.28
103,03.05 01:00,368.876
103,03.05 02:00,366.959
103,03.05 03:00,361.176
103,03.05 04:00,356.453
103,03.05 05:00,355.43
103,03.05 06:00,358.564
103,03.05 07:00,365.878
103,03.05 08:00,382.059
103,03.05 09:00,408.003
103,03.05 10:00,449.187
103,03.05 11:00,450.216
103,03.05 12:00,462.595
103,03.05 13:00,480.897
103,03.05 14:00,511.514
103,03.05 15:00,514.598
103,03.05 16:00,514.494
103,03.05 17:00,496.434
103,03.05 18:00,465.448
103,03.05 19:00,415.824
103,03.05 20:00,413.646
103,03.05 21:00,405.246
103,03.05 22:00,409.053
103,03.05 23:00,399.541
103,04.05 00:00,394.654
103,04.05 01:00,388.082
103,04.05 02:00,387.054
103,04.05 03:00,387.397
103,04.05 04:00,383.352
103,04.05 05:00,378.324
103,04.05 06:00,382.137
103,04.05 07:00,383.485
103,04.05 08:00,392.992
103,04.05 09:00,413.297
103,04.05 10:00,440.15
103,04.05 11:00,452.283
103,04.05 12:00,466.406
103,04.05 13:00,465.722
103,04.05 14:00,479.124
103,04.05 15:00,481.774
103,04.05 16:00,480.896
103,04.05 17:00,478.014
103,04.05 18:00,461.836
103,04.05 19:00,443.819
103,04.05 20:00,444.634
103,04.05 21:00,431.696
103,04.05 22:00,434.081
103,04.05 23:00,420.998
103,05.05 00:00,408.593
103,05.05 01:00,403.387
103,05.05 02:00,393.101
103,05.05 03:00,387.153
103,05.05 04:00,386.48
103,05.05 05:00,381.841
103,05.05 06:00,379.598
103,05.05 07:00,383.693
103,05.05 08:00,389.704
103,05.05 09:00,417.716
103,05.05 10:00,465.419
103,05.05 11:00,476.216
103,05.05 12:00,475.09
103,05.05 13:00,476.824
103,05.05 14:00,478.477
103,05.05 15:00,480.155
103,05.05 16:00,488.473
103,05.05 17:00,485.958
103,05.05 18:00,464.037
103,05.05 19:00,454.117
103,05.05 20:00,434.297
103,05.05 21:00,426.538
103,05.05 22:00,419.058
103,05.05 23:00,403.641
103,06.05 00:00,396.391
103,06.05 01:00,387.415
103,06.05 02:00,407.509
103,06.05 03:00,389.991
103,06.05 04:00,381.869
103,06.05 05:00,377.941
103,06.05 06:00,372.733
103,06.05 07:00,381.841
103,06.05 08:00,393.748
103,06.05 09:00,414.604
103,06.05 10:00,431.678
103,06.05 11:00,450.161
103,06.05 12:00,459.96
103,06.05 13:00,452.494
103,06.05 14:00,455.014
103,06.05 15:00,460.504
103,06.05 16:00,455.585
103,06.05 17:00,443.624
103,06.05 18:00,417.049
103,06.05 19:00,396.42
103,06.05 20:00,390.625
103,06.05 21:00,389.647
103,06.05 22:00,379.158
103,06.05 23:00,403.479
103,07.05 00:00,401.483
103,07.05 01:00,395.445
103,07.05 02:00,396.799
103,07.05 03:00,393.14
103,07.05 04:00,377.361
103,07.05 05:00,381.382
103,07.05 06:00,372.703
103,07.05 07:00,369.412
103,07.05 08:00,362.91
103,07.05 09:00,357.319
103,07.05 10:00,367.64
103,07.05 11:00,361.021
103,07.05 12:00,366.886
103,07.05 13:00,375.667
103,07.05 14:00,369.702
103,07.05 15:00,380.125
103,07.05 16:00,380.259
103,07.05 17:00,408.215
103,07.05 18:00,405.961
103,07.05 19:00,397.057
103,07.05 20:00,405.19
103,07.05 21:00,386.739
103,07.05 22:00,388.449
103,07.05 23:00,383.456
103,08.05 00:00,378.703
103,08.05 01:00,368.23
103,08.05 02:00,367.482
103,08.05 03:00,365.566
103,08.05 04:00,362.731
103,08.05 05:00,360.531
103,08.05 06:00,362.495
103,08.05 07:00,359.464
103,08.05 08:00,355.876
103,08.05 09:00,351.299
103,08.05 10:00,357.658
103,08.05 11:00,375.783
103,08.05 12:00,385.424
103,08.05 13:00,389.627
103,08.05 14:00,389.932
103,08.05 15:00,382.802
103,08.05 16:00,378.858
103,08.05 17:00,375.592
103,08.05 18:00,375.758
103,08.05 19:00,364.925
103,08.05 20:00,367.575
103,08.05 21:00,367.361
103,08.05 22:00,370.642
103,08.05 23:00,379.702
103,09.05 00:00,374.352
103,09.05 01:00,370.279
103,09.05 02:00,370.897
103,09.05 03:00,366.399
103,09.05 04:00,359.23
103,09.05 05:00,352.851
103,09.05 06:00,356.327
103,09.05 07:00,363.937
103,09.05 08:00,379.397
103,09.05 09:00,396.666
103,09.05 10:00,421.297
103,09.05 11:00,425.64
103,09.05 12:00,438.729
103,09.05 13:00,439.84
103,09.05 14:00,456.688
103,09.05 15:00,455.487
103,09.05 16:00,459.255
103,09.05 17:00,445.004
103,09.05 18:00,419.697
103,09.05 19:00,405.875
103,09.05 20:00,394.506
103,09.05 21:00,392.422
103,09.05 22:00,385.874
103,09.05 23:00,389.278
103,10.05 00:00,372.504
103,10.05 01:00,367.694
103,10.05 02:00,369.664
103,10.05 03:00,365.622
103,10.05 04:00,357.146
103,10.05 05:00,355.33
103,10.05 06:00,354.809
103,10.05 07:00,355.47
103,10.05 08:00,370.793
103,10.05 09:00,387.503
103,10.05 10:00,420.625
103,10.05 11:00,441.772
103,10.05 12:00,448.81
103,10.05 13:00,455.128
103,10.05 14:00,462.379
103,10.05 15:00,460.37
103,10.05 16:00,456.93
103,10.05 17:00,444.167
103,10.05 18:00,429.291
103,10.05 19:00,419.864
103,10.05 20:00,398.496
103,10.05 21:00,396.062
103,10.05 22:00,393.347
103,10.05 23:00,390.328
103,11.05 00:00,385.407
103,11.05 01:00,376.422
103,11.05 02:00,368.137
103,11.05 03:00,365.738
103,11.05 04:00,364.069
103,11.05 05:00,359.283
103,11.05 06:00,356.457
103,11.05 07:00,359.527
103,11.05 08:00,371.977
103,11.05 09:00,391.886
103,11.05 10:00,390.283
103,11.05 11:00,393.584
103,11.05 12:00,0.0
103,11.05 13:00,0.0
103,11.05 14:00,0.0
103,11.05 15:00,0.0
103,11.05 16:00,468.479
103,11.05 17:00,456.249
103,11.05 18:00,423.993
103,11.05 19:00,400.029
103,11.05 20:00,347.733
103,11.05 21:00,0.0
103,11.05 22:00,0.0
103,11.05 23:00,0.0
103,12.05 00:00,381.423
103,12.05 01:00,380.545
103,12.05 02:00,372.888
103,12.05 03:00,367.326
103,12.05 04:00,377.548
103,12.05 05:00,362.808
103,12.05 06:00,361.414
103,12.05 07:00,371.255
103,12.05 08:00,381.066
103,12.05 09:00,409.027
103,12.05 10:00,428.088
103,12.05 11:00,451.611
103,12.05 12:00,452.613
103,12.05 13:00,446.898
103,12.05 14:00,456.074
103,12.05 15:00,459.34
103,12.05 16:00,490.565
103,12.05 17:00,450.371
103,12.05 18:00,424.016
103,12.05 19:00,413.048
103,12.05 20:00,397.095
103,12.05 21:00,405.183
103,12.05 22:00,398.097
103,12.05 23:00,392.944
103,13.05 00:00,394.409
103,13.05 01:00,391.32
103,13.05 02:00,387.191
103,13.05 03:00,378.204
103,13.05 04:00,378.961
103,13.05 05:00,374.805
103,13.05 06:00,372.788
103,13.05 07:00,379.646
103,13.05 08:00,392.627
103,13.05 09:00,410.438
103,13.05 10:00,433.552
103,13.05 11:00,456.794
103,13.05 12:00,478.886
103,13.05 13:00,440.514
103,13.05 14:00,445.187
103,13.05 15:00,445.289
103,13.05 16:00,439.793
103,13.05 17:00,444.494
103,13.05 18:00,420.057
103,13.05 19:00,405.871
103,13.05 20:00,402.56
103,13.05 21:00,398.323
103,13.05 22:00,384.304
103,13.05 23:00,374.647
103,14.05 00:00,368.172
103,14.05 01:00,361.532
103,14.05 02:00,362.563
103,14.05 03:00,357.976
103,14.05 04:00,355.369
103,14.05 05:00,354.614
103,14.05 06:00,350.547
103,14.05 07:00,350.253
103,14.05 08:00,345.194
103,14.05 09:00,354.247
103,14.05 10:00,357.459
103,14.05 11:00,368.979
103,14.05 12:00,387.779
103,14.05 13:00,370.077
103,14.05 14:00,370.899
103,14.05 15:00,374.171
103,14.05 16:00,373.76
103,14.05 17:00,370.49
103,14.05 18:00,369.164
103,14.05 19:00,368.746
103,14.05 20:00,371.147
103,14.05 21:00,370.807
103,14.05 22:00,368.787
103,14.05 23:00,365.702
103,15.05 00:00,360.808
103,15.05 01:00,357.882
103,15.05 02:00,360.461
103,15.05 03:00,357.148
103,15.05 04:00,377.483
103,15.05 05:00,356.668
103,15.05 06:00,370.832
103,15.05 07:00,350.309
103,15.05 08:00,352.355
103,15.05 09:00,348.685
103,15.05 10:00,357.334
103,15.05 11:00,378.58
103,15.05 12:00,382.962
103,15.05 13:00,386.862
103,15.05 14:00,412.903
103,15.05 15:00,400.058
103,15.05 16:00,395.421
103,15.05 17:00,397.739
103,15.05 18:00,407.112
103,15.05 19:00,408.879
103,15.05 20:00,406.504
103,15.05 21:00,406.555
103,15.05 22:00,406.201
103,15.05 23:00,395.009
103,16.05 00:00,388.694
103,16.05 01:00,387.912
103,16.05 02:00,387.011
103,16.05 03:00,359.095
103,16.05 04:00,353.469
103,16.05 05:00,352.674
103,16.05 06:00,349.642
103,16.05 07:00,357.633
103,16.05 08:00,380.518
103,16.05 09:00,417.127
103,16.05 10:00,447.102
103,16.05 11:00,456.178
103,16.05 12:00,465.062
103,16.05 13:00,462.354
103,16.05 14:00,470.039
103,16.05 15:00,457.878
103,16.05 16:00,452.558
103,16.05 17:00,439.095
103,16.05 18:00,424.958
103,16.05 19:00,399.894
103,16.05 20:00,388.465
103,16.05 21:00,388.16
103,16.05 22:00,387.327
103,16.05 23:00,380.509
103,17.05 00:00,367.651
103,17.05 01:00,363.546
103,17.05 02:00,359.991
103,17.05 03:00,354.562
103,17.05 04:00,352.297
103,17.05 05:00,351.66
103,17.05 06:00,349.522
103,17.05 07:00,354.942
103,17.05 08:00,376.197
103,17.05 09:00,387.56
103,17.05 10:00,408.677
103,17.05 11:00,414.974
103,17.05 12:00,428.161
103,17.05 13:00,446.098
103,17.05 14:00,434.15
103,17.05 15:00,435.496
103,17.05 16:00,436.951
103,17.05 17:00,426.72
103,17.05 18:00,404.75
103,17.05 19:00,398.23
103,17.05 20:00,380.82
103,17.05 21:00,378.411
103,17.05 22:00,372.034
103,17.05 23:00,368.789
103,18.05 00:00,365.203
103,18.05 01:00,371.54
103,18.05 02:00,354.929
103,18.05 03:00,346.236
103,18.05 04:00,347.513
103,18.05 05:00,371.958
103,18.05 06:00,371.045
103,18.05 07:00,369.301
103,18.05 08:00,368.731
103,18.05 09:00,401.002
103,18.05 10:00,443.169
103,18.05 11:00,452.693
103,18.05 12:00,465.805
103,18.05 13:00,470.997
103,18.05 14:00,452.885
103,18.05 15:00,444.178
103,18.05 16:00,426.963
103,18.05 17:00,410.701
103,18.05 18:00,408.344
103,18.05 19:00,402.174
103,18.05 20:00,419.786
103,18.05 21:00,410.962
103,18.05 22:00,404.101
103,18.05 23:00,405.751
103,19.05 00:00,387.267
103,19.05 01:00,381.475
103,19.05 02:00,383.917
103,19.05 03:00,380.922
103,19.05 04:00,380.581
103,19.05 05:00,382.848
103,19.05 06:00,380.089
103,19.05 07:00,391.747
103,19.05 08:00,399.583
103,19.05 09:00,417.255
103,19.05 10:00,438.825
103,19.05 11:00,458.995
103,19.05 12:00,468.603
103,19.05 13:00,469.721
103,19.05 14:00,475.919
103,19.05 15:00,463.356
103,19.05 16:00,451.506
103,19.05 17:00,444.287
103,19.05 18:00,429.146
103,19.05 19:00,426.943
103,19.05 20:00,413.266
103,19.05 21:00,411.526
103,19.05 22:00,404.26
103,19.05 23:00,398.98
103,20.05 00:00,395.12
103,20.05 01:00,397.94
103,20.05 02:00,398.432
103,20.05 03:00,390.566
103,20.05 04:00,390.172
103,20.05 05:00,391.676
103,20.05 06:00,390.575
103,20.05 07:00,394.689
103,20.05 08:00,404.559
103,20.05 09:00,415.844
103,20.05 10:00,435.255
103,20.05 11:00,446.477
103,20.05 12:00,457.596
103,20.05 13:00,432.344
103,20.05 14:00,454.519
103,20.05 15:00,456.164
103,20.05 16:00,453.116
103,20.05 17:00,444.76
103,20.05 18:00,428.062
103,20.05 19:00,417.184
103,20.05 20:00,403.611
103,20.05 21:00,399.395
103,20.05 22:00,398.975
103,20.05 23:00,395.081
103,21.05 00:00,391.7
103,21.05 01:00,387.048
103,21.05 02:00,390.632
103,21.05 03:00,386.108
103,21.05 04:00,387.533
103,21.05 05:00,384.877
103,21.05 06:00,386.688
103,21.05 07:00,384.811
103,21.05 08:00,381.331
103,21.05 09:00,384.508
103,21.05 10:00,382.781
103,21.05 11:00,382.666
103,21.05 12:00,387.802
103,21.05 13:00,385.115
103,21.05 14:00,388.429
103,21.05 15:00,388.675
103,21.05 16:00,367.359
103,21.05 17:00,360.878
103,21.05 18:00,357.989
103,21.05 19:00,358.661
103,21.05 20:00,361.138
103,21.05 21:00,360.353
103,21.05 22:00,359.306
103,21.05 23:00,358.67
103,22.05 00:00,360.6
103,22.05 01:00,356.81
103,22.05 02:00,354.142
103,22.05 03:00,353.68
103,22.05 04:00,353.502
103,22.05 05:00,350.589
103,22.05 06:00,352.614
103,22.05 07:00,353.417
103,22.05 08:00,349.889
103,22.05 09:00,347.455
103,22.05 10:00,348.77
103,22.05 11:00,353.528
103,22.05 12:00,357.239
103,22.05 13:00,358.058
103,22.05 14:00,358.468
103,22.05 15:00,359.383
103,22.05 16:00,358.733
103,22.05 17:00,359.962
103,22.05 18:00,360.06
103,22.05 19:00,366.391
103,22.05 20:00,372.802
103,22.05 21:00,367.351
103,22.05 22:00,367.481
103,22.05 23:00,361.465
103,23.05 00:00,358.156
103,23.05 01:00,351.872
103,23.05 02:00,350.152
103,23.05 03:00,352.001
103,23.05 04:00,351.439
103,23.05 05:00,348.7
103,23.05 06:00,348.744
103,23.05 07:00,353.767
103,23.05 08:00,364.114
103,23.05 09:00,380.439
103,23.05 10:00,393.105
103,23.05 11:00,412.661
103,23.05 12:00,414.265
103,23.05 13:00,419.54
103,23.05 14:00,421.394
103,23.05 15:00,435.04
103,23.05 16:00,432.911
103,23.05 17:00,420.765
103,23.05 18:00,406.366
103,23.05 19:00,394.743
103,23.05 20:00,381.813
103,23.05 21:00,380.075
103,23.05 22:00,372.641
103,23.05 23:00,365.901
103,24.05 00:00,358.715
103,24.05 01:00,364.209
103,24.05 02:00,370.538
103,24.05 03:00,368.577
103,24.05 04:00,365.585
103,24.05 05:00,363.486
103,24.05 06:00,374.646
103,24.05 07:00,368.377
103,24.05 08:00,369.914
103,24.05 09:00,394.939
103,24.05 10:00,410.628
103,24.05 11:00,417.447
103,24.05 12:00,431.869
103,24.05 13:00,443.973
103,24.05 14:00,446.755
103,24.05 15:00,451.895
103,24.05 16:00,451.165
103,24.05 17:00,431.231
103,24.05 18:00,419.31
103,24.05 19:00,413.353
103,24.05 20:00,402.789
103,24.05 21:00,393.399
103,24.05 22:00,379.017
103,24.05 23:00,378.694
103,25.05 00:00,387.092
103,25.05 01:00,416.662
103,25.05 02:00,419.378
103,25.05 03:00,395.6
103,25.05 04:00,407.596
103,25.05 05:00,400.854
103,25.05 06:00,394.176
103,25.05 07:00,401.474
103,25.05 08:00,404.065
103,25.05 09:00,423.476
103,25.05 10:00,437.991
103,25.05 11:00,445.32
103,25.05 12:00,436.888
103,25.05 13:00,458.721
103,25.05 14:00,480.207
103,25.05 15:00,482.629
103,25.05 16:00,442.653
103,25.05 17:00,460.953
103,25.05 18:00,413.23
103,25.05 19:00,389.273
103,25.05 20:00,386.783
103,25.05 21:00,381.087
103,25.05 22:00,381.787
103,25.05 23:00,374.226
103,26.05 00:00,370.651
103,26.05 01:00,374.619
103,26.05 02:00,363.485
103,26.05 03:00,363.832
103,26.05 04:00,357.342
103,26.05 05:00,356.852
103,26.05 06:00,359.059
103,26.05 07:00,373.741
103,26.05 08:00,369.328
103,26.05 09:00,391.335
103,26.05 10:00,431.18
103,26.05 11:00,425.584
103,26.05 12:00,451.438
103,26.05 13:00,440.275
103,26.05 14:00,444.016
103,26.05 15:00,442.057
103,26.05 16:00,433.813
103,26.05 17:00,429.096
103,26.05 18:00,400.536
103,26.05 19:00,389.519
103,26.05 20:00,380.379
103,26.05 21:00,383.475
103,26.05 22:00,377.844
103,26.05 23:00,372.558
103,27.05 00:00,369.893
103,27.05 01:00,365.364
103,27.05 02:00,364.28
103,27.05 03:00,362.18
103,27.05 04:00,363.791
103,27.05 05:00,358.545
103,27.05 06:00,362.688
103,27.05 07:00,361.278
103,27.05 08:00,372.656
103,27.05 09:00,387.407
103,27.05 10:00,398.683
103,27.05 11:00,411.498
103,27.05 12:00,414.504
103,27.05 13:00,419.94
103,27.05 14:00,417.701
103,27.05 15:00,427.313
103,27.05 16:00,422.099
103,27.05 17:00,407.927
103,27.05 18:00,402.912
103,27.05 19:00,382.538
103,27.05 20:00,373.249
103,27.05 21:00,368.902
103,27.05 22:00,369.98
103,27.05 23:00,368.043
103,28.05 00:00,364.473
103,28.05 01:00,359.082
103,28.05 02:00,353.42
103,28.05 03:00,354.867
103,28.05 04:00,355.668
103,28.05 05:00,351.715
103,28.05 06:00,349.917
103,28.05 07:00,347.409
103,28.05 08:00,345.752
103,28.05 09:00,344.511
103,28.05 10:00,354.552
103,28.05 11:00,377.495
103,28.05 12:00,394.584
103,28.05 13:00,408.569
103,28.05 14:00,399.124
103,28.05 15:00,398.044
103,28.05 16:00,370.312
103,28.05 17:00,373.284
103,28.05 18:00,370.696
103,28.05 19:00,367.033
103,28.05 20:00,357.419
103,28.05 21:00,360.799
103,28.05 22:00,360.315
103,28.05 23:00,355.463
103,29.05 00:00,352.556
103,29.05 01:00,349.541
103,29.05 02:00,351.499
103,29.05 03:00,351.47
103,29.05 04:00,350.365
103,29.05 05:00,349.446
103,29.05 06:00,345.326
103,29.05 07:00,348.075
103,29.05 08:00,346.101
103,29.05 09:00,339.387
103,29.05 10:00,347.662
103,29.05 11:00,349.703
103,29.05 12:00,363.024
103,29.05 13:00,352.891
103,29.05 14:00,359.46
103,29.05 15:00,365.391
103,29.05 16:00,364.741
103,29.05 17:00,363.795
103,29.05 18:00,366.282
103,29.05 19:00,366.451
103,29.05 20:00,368.696
103,29.05 21:00,365.543
103,29.05 22:00,363.769
103,29.05 23:00,358.235
103,30.05 00:00,348.966
103,30.05 01:00,346.626
103,30.05 02:00,346.61
103,30.05 03:00,355.594
103,30.05 04:00,353.194
103,30.05 05:00,343.784
103,30.05 06:00,344.05
103,30.05 07:00,350.245
103,30.05 08:00,345.004
103,30.05 09:00,344.424
103,30.05 10:00,351.569
103,30.05 11:00,356.463
103,30.05 12:00,363.127
103,30.05 13:00,369.492
103,30.05 14:00,367.25
103,30.05 15:00,372.821
103,30.05 16:00,366.889
103,30.05 17:00,393.887
103,30.05 18:00,427.606
103,30.05 19:00,406.375
103,30.05 20:00,399.165
103,30.05 21:00,393.698
103,30.05 22:00,391.44
103,30.05 23:00,384.296
103,31.05 00:00,383.56
103,31.05 01:00,381.929
103,31.05 02:00,379.679
103,31.05 03:00,379.835
103,31.05 04:00,359.214
103,31.05 05:00,374.797
103,31.05 06:00,376.834
103,31.05 07:00,379.812
103,31.05 08:00,363.574
103,31.05 09:00,383.429
103,31.05 10:00,401.798
103,31.05 11:00,416.692
103,31.05 12:00,432.653
103,31.05 13:00,430.454
103,31.05 14:00,432.358
103,31.05 15:00,451.552
103,31.05 16:00,439.997
103,31.05 17:00,417.782
103,31.05 18:00,419.063
103,31.05 19:00,412.364
103,31.05 20:00,403.699
103,31.05 21:00,402.893
103,31.05 22:00,398.4
103,31.05 23:00,394.02
103,01.06 00:00,392.953
103,01.06 01:00,382.56
103,01.06 02:00,381.51
103,01.06 03:00,375.534
103,01.06 04:00,371.446
103,01.06 05:00,365.718
103,01.06 06:00,368.874
103,01.06 07:00,365.106
103,01.06 08:00,366.893
103,01.06 09:00,398.542
103,01.06 10:00,412.76
103,01.06 11:00,433.932
103,01.06 12:00,431.742
103,01.06 13:00,442.229
103,01.06 14:00,450.769
103,01.06 15:00,427.285
103,01.06 16:00,437.311
103,01.06 17:00,415.058
103,01.06 18:00,407.538
103,01.06 19:00,386.659
103,01.06 20:00,377.355
103,01.06 21:00,367.42
103,01.06 22:00,367.559
103,01.06 23:00,363.222
103,02.06 00:00,358.346
103,02.06 01:00,354.655
103,02.06 02:00,350.407
103,02.06 03:00,346.241
103,02.06 04:00,344.475
103,02.06 05:00,368.673
103,02.06 06:00,371.305
103,02.06 07:00,373.292
103,02.06 08:00,347.317
103,02.06 09:00,378.629
103,02.06 10:00,413.347
103,02.06 11:00,418.469
103,02.06 12:00,417.659
103,02.06 13:00,420.764
103,02.06 14:00,428.287
103,02.06 15:00,429.173
103,02.06 16:00,430.195
103,02.06 17:00,420.391
103,02.06 18:00,404.008
103,02.06 19:00,404.266
103,02.06 20:00,382.516
103,02.06 21:00,386.566
103,02.06 22:00,395.865
103,02.06 23:00,407.66
103,03.06 00:00,407.881
103,03.06 01:00,400.87
103,03.06 02:00,390.468
103,03.06 03:00,391.504
103,03.06 04:00,388.554
103,03.06 05:00,386.492
103,03.06 06:00,390.156
103,03.06 07:00,390.499
103,03.06 08:00,402.488
103,03.06 09:00,434.135
103,03.06 10:00,437.96
103,03.06 11:00,452.162
103,03.06 12:00,464.785
103,03.06 13:00,463.61
103,03.06 14:00,460.273
103,03.06 15:00,479.598
103,03.06 16:00,470.235
103,03.06 17:00,482.466
103,03.06 18:00,436.741
103,03.06 19:00,421.476
103,03.06 20:00,417.742
103,03.06 21:00,412.316
103,03.06 22:00,406.703
103,03.06 23:00,400.019
103,04.06 00:00,393.914
103,04.06 01:00,387.571
103,04.06 02:00,387.374
103,04.06 03:00,386.194
103,04.06 04:00,384.447
103,04.06 05:00,382.186
103,04.06 06:00,381.587
103,04.06 07:00,380.394
103,04.06 08:00,382.112
103,04.06 09:00,377.728
103,04.06 10:00,380.167
103,04.06 11:00,381.853
103,04.06 12:00,386.422
103,04.06 13:00,400.499
103,04.06 14:00,404.518
103,04.06 15:00,400.318
103,04.06 16:00,404.621
103,04.06 17:00,407.638
103,04.06 18:00,406.756
103,04.06 19:00,401.075
103,04.06 20:00,396.303
103,04.06 21:00,394.173
103,04.06 22:00,388.995
103,04.06 23:00,388.883
103,05.06 00:00,388.746
103,05.06 01:00,386.216
103,05.06 02:00,387.368
103,05.06 03:00,386.382
103,05.06 04:00,387.294
103,05.06 05:00,383.417
103,05.06 06:00,381.24
103,05.06 07:00,379.35
103,05.06 08:00,378.801
103,05.06 09:00,375.871
103,05.06 10:00,380.929
103,05.06 11:00,382.505
103,05.06 12:00,383.112
103,05.06 13:00,382.391
103,05.06 14:00,378.077
103,05.06 15:00,392.017
103,05.06 16:00,392.881
103,05.06 17:00,392.187
103,05.06 18:00,392.649
103,05.06 19:00,391.845
103,05.06 20:00,390.233
103,05.06 21:00,385.687
103,05.06 22:00,390.114
103,05.06 23:00,388.656
103,06.06 00:00,382.123
103,06.06 01:00,378.211
103,06.06 02:00,377.19
103,06.06 03:00,378.28
103,06.06 04:00,379.721
103,06.06 05:00,379.171
103,06.06 06:00,376.912
103,06.06 07:00,384.977
103,06.06 08:00,396.525
103,06.06 09:00,412.599
103,06.06 10:00,436.727
103,06.06 11:00,451.758
103,06.06 12:00,474.381
103,06.06 13:00,466.863
103,06.06 14:00,475.905
103,06.06 15:00,476.382
103,06.06 16:00,480.294
103,06.06 17:00,476.988
103,06.06 18:00,446.517
103,06.06 19:00,433.511
103,06.06 20:00,428.798
103,06.06 21:00,416.986
103,06.06 22:00,407.842
103,06.06 23:00,394.449
103,07.06 00:00,400.891
103,07.06 01:00,390.488
103,07.06 02:00,386.916
103,07.06 03:00,381.046
103,07.06 04:00,380.802
103,07.06 05:00,375.155
103,07.06 06:00,378.628
103,07.06 07:00,377.891
103,07.06 08:00,395.122
103,07.06 09:00,412.522
103,07.06 10:00,444.251
103,07.06 11:00,480.119
103,07.06 12:00,491.359
103,07.06 13:00,476.63
103,07.06 14:00,472.846
103,07.06 15:00,479.476
103,07.06 16:00,494.902
103,07.06 17:00,494.59
103,07.06 18:00,472.893
103,07.06 19:00,465.984
103,07.06 20:00,472.502
103,07.06 21:00,429.282
103,07.06 22:00,418.926
103,07.06 23:00,411.206
103,08.06 00:00,398.969
103,08.06 01:00,396.378
103,08.06 02:00,397.218
103,08.06 03:00,394.418
103,08.06 04:00,392.441
103,08.06 05:00,389.182
103,08.06 06:00,391.868
103,08.06 07:00,392.35
103,08.06 08:00,404.049
103,08.06 09:00,421.357
103,08.06 10:00,449.62
103,08.06 11:00,462.893
103,08.06 12:00,475.045
103,08.06 13:00,478.212
103,08.06 14:00,500.005
103,08.06 15:00,506.552
103,08.06 16:00,512.536
103,08.06 17:00,476.917
103,08.06 18:00,459.629
103,08.06 19:00,441.916
103,08.06 20:00,437.037
103,08.06 21:00,434.077
103,08.06 22:00,432.126
103,08.06 23:00,419.577
103,09.06 00:00,416.933
103,09.06 01:00,406.496
103,09.06 02:00,409.362
103,09.06 03:00,401.1
103,09.06 04:00,396.107
103,09.06 05:00,393.616
103,09.06 06:00,395.384
103,09.06 07:00,397.806
103,09.06 08:00,403.809
103,09.06 09:00,420.939
103,09.06 10:00,438.588
103,09.06 11:00,453.642
103,09.06 12:00,468.389
103,09.06 13:00,468.25
103,09.06 14:00,481.867
103,09.06 15:00,490.696
103,09.06 16:00,475.146
103,09.06 17:00,462.018
103,09.06 18:00,441.614
103,09.06 19:00,426.512
103,09.06 20:00,422.563
103,09.06 21:00,413.695
103,09.06 22:00,413.808
103,09.06 23:00,411.649
103,10.06 00:00,410.199
103,10.06 01:00,404.207
103,10.06 02:00,400.327
103,10.06 03:00,395.582
103,10.06 04:00,395.437
103,10.06 05:00,394.728
103,10.06 06:00,391.36
103,10.06 07:00,395.969
103,10.06 08:00,405.246
103,10.06 09:00,415.279
103,10.06 10:00,436.039
103,10.06 11:00,448.121
103,10.06 12:00,462.248
103,10.06 13:00,459.507
103,10.06 14:00,462.347
103,10.06 15:00,464.544
103,10.06 16:00,477.404
103,10.06 17:00,467.886
103,10.06 18:00,442.231
103,10.06 19:00,427.71
103,10.06 20:00,415.604
103,10.06 21:00,416.296
103,10.06 22:00,411.368
103,10.06 23:00,405.818
103,11.06 00:00,402.076
103,11.06 01:00,398.205
103,11.06 02:00,388.955
103,11.06 03:00,386.854
103,11.06 04:00,386.783
103,11.06 05:00,384.783
103,11.06 06:00,381.578
103,11.06 07:00,386.102
103,11.06 08:00,382.571
103,11.06 09:00,379.969
103,11.06 10:00,389.017
103,11.06 11:00,392.214
103,11.06 12:00,392.65
103,11.06 13:00,396.267
103,11.06 14:00,397.517
103,11.06 15:00,404.329
103,11.06 16:00,402.792
103,11.06 17:00,401.31
103,11.06 18:00,402.041
103,11.06 19:00,401.427
103,11.06 20:00,404.142
103,11.06 21:00,399.063
103,11.06 22:00,396.686
103,11.06 23:00,392.886
103,12.06 00:00,394.214
103,12.06 01:00,395.393
103,12.06 02:00,398.946
103,12.06 03:00,390.532
103,12.06 04:00,386.997
103,12.06 05:00,389.28
103,12.06 06:00,387.386
103,12.06 07:00,387.593
103,12.06 08:00,384.833
103,12.06 09:00,382.469
103,12.06 10:00,381.962
103,12.06 11:00,384.486
103,12.06 12:00,395.762
103,12.06 13:00,405.467
103,12.06 14:00,406.588
103,12.06 15:00,410.237
103,12.06 16:00,415.053
103,12.06 17:00,407.238
103,12.06 18:00,409.827
103,12.06 19:00,409.937
103,12.06 20:00,409.555
103,12.06 21:00,406.447
103,12.06 22:00,398.543
103,12.06 23:00,395.728
103,13.06 00:00,395.747
103,13.06 01:00,388.46
103,13.06 02:00,395.788
103,13.06 03:00,391.755
103,13.06 04:00,384.257
103,13.06 05:00,383.317
103,13.06 06:00,383.999
103,13.06 07:00,385.715
103,13.06 08:00,401.09
103,13.06 09:00,419.232
103,13.06 10:00,444.23
103,13.06 11:00,461.568
103,13.06 12:00,486.392
103,13.06 13:00,483.383
103,13.06 14:00,495.726
103,13.06 15:00,496.329
103,13.06 16:00,495.266
103,13.06 17:00,492.505
103,13.06 18:00,468.128
103,13.06 19:00,449.609
103,13.06 20:00,441.317
103,13.06 21:00,431.865
103,13.06 22:00,422.798
103,13.06 23:00,415.413
103,14.06 00:00,413.44
103,14.06 01:00,400.345
103,14.06 02:00,402.496
103,14.06 03:00,399.383
103,14.06 04:00,396.468
103,14.06 05:00,392.163
103,14.06 06:00,393.874
103,14.06 07:00,393.661
103,14.06 08:00,402.69
103,14.06 09:00,428.189
103,14.06 10:00,446.94
103,14.06 11:00,467.075
103,14.06 12:00,480.9
103,14.06 13:00,488.66
103,14.06 14:00,494.364
103,14.06 15:00,498.071
103,14.06 16:00,494.687
103,14.06 17:00,490.421
103,14.06 18:00,469.723
103,14.06 19:00,451.317
103,14.06 20:00,446.456
103,14.06 21:00,443.046
103,14.06 22:00,434.699
103,14.06 23:00,427.543
103,15.06 00:00,424.495
103,15.06 01:00,411.664
103,15.06 02:00,408.252
103,15.06 03:00,407.132
103,15.06 04:00,405.692
103,15.06 05:00,405.674
103,15.06 06:00,406.44
103,15.06 07:00,408.183
103,15.06 08:00,402.489
103,15.06 09:00,401.815
103,15.06 10:00,426.092
103,15.06 11:00,444.312
103,15.06 12:00,453.649
103,15.06 13:00,461.371
103,15.06 14:00,476.462
103,15.06 15:00,476.425
103,15.06 16:00,467.04
103,15.06 17:00,451.445
103,15.06 18:00,438.473
103,15.06 19:00,425.621
103,15.06 20:00,411.985
103,15.06 21:00,410.221
103,15.06 22:00,402.636
103,15.06 23:00,399.337
103,16.06 00:00,387.573
103,16.06 01:00,387.67
103,16.06 02:00,377.942
103,16.06 03:00,377.066
103,16.06 04:00,375.216
103,16.06 05:00,374.448
103,16.06 06:00,373.546
103,16.06 07:00,375.299
103,16.06 08:00,386.928
103,16.06 09:00,402.699
103,16.06 10:00,425.631
103,16.06 11:00,440.696
103,16.06 12:00,450.807
103,16.06 13:00,450.759
103,16.06 14:00,462.808
103,16.06 15:00,466.653
103,16.06 16:00,459.135
103,16.06 17:00,440.992
103,16.06 18:00,425.831
103,16.06 19:00,403.466
103,16.06 20:00,406.007
103,16.06 21:00,403.246
103,16.06 22:00,392.38
103,16.06 23:00,386.271
103,17.06 00:00,379.775
103,17.06 01:00,370.797
103,17.06 02:00,371.533
103,17.06 03:00,363.931
103,17.06 04:00,364.738
103,17.06 05:00,365.347
103,17.06 06:00,361.465
103,17.06 07:00,368.126
103,17.06 08:00,377.995
103,17.06 09:00,391.663
103,17.06 10:00,404.877
103,17.06 11:00,420.061
103,17.06 12:00,425.129
103,17.06 13:00,431.028
103,17.06 14:00,440.89
103,17.06 15:00,436.071
103,17.06 16:00,434.771
103,17.06 17:00,429.115
103,17.06 18:00,408.678
103,17.06 19:00,397.378
103,17.06 20:00,394.538
103,17.06 21:00,387.222
103,17.06 22:00,375.966
103,17.06 23:00,372.949
103,18.06 00:00,364.702
103,18.06 01:00,360.767
103,18.06 02:00,361.519
103,18.06 03:00,358.958
103,18.06 04:00,355.741
103,18.06 05:00,355.213
103,18.06 06:00,356.598
103,18.06 07:00,358.667
103,18.06 08:00,349.783
103,18.06 09:00,350.981
103,18.06 10:00,352.337
103,18.06 11:00,359.243
103,18.06 12:00,357.565
103,18.06 13:00,365.048
103,18.06 14:00,368.143
103,18.06 15:00,371.214
103,18.06 16:00,372.673
103,18.06 17:00,375.023
103,18.06 18:00,374.56
103,18.06 19:00,368.151
103,18.06 20:00,368.392
103,18.06 21:00,367.459
103,18.06 22:00,367.005
103,18.06 23:00,366.044
103,19.06 00:00,360.526
103,19.06 01:00,355.252
103,19.06 02:00,355.954
103,19.06 03:00,354.69
103,19.06 04:00,357.388
103,19.06 05:00,356.62
103,19.06 06:00,352.59
103,19.06 07:00,354.423
103,19.06 08:00,353.757
103,19.06 09:00,353.427
103,19.06 10:00,351.201
103,19.06 11:00,352.929
103,19.06 12:00,354.109
103,19.06 13:00,358.097
103,19.06 14:00,363.048
103,19.06 15:00,364.306
103,19.06 16:00,367.141
103,19.06 17:00,370.277
103,19.06 18:00,370.562
103,19.06 19:00,370.89
103,19.06 20:00,367.667
103,19.06 21:00,362.696
103,19.06 22:00,358.858
103,19.06 23:00,356.504
103,20.06 00:00,355.815
103,20.06 01:00,354.536
103,20.06 02:00,354.171
103,20.06 03:00,354.621
103,20.06 04:00,353.45
103,20.06 05:00,352.204
103,20.06 06:00,353.651
103,20.06 07:00,359.384
103,20.06 08:00,370.587
103,20.06 09:00,401.208
103,20.06 10:00,423.054
103,20.06 11:00,434.094
103,20.06 12:00,437.381
103,20.06 13:00,441.563
103,20.06 14:00,450.018
103,20.06 15:00,456.497
103,20.06 16:00,450.479
103,20.06 17:00,441.605
103,20.06 18:00,427.747
103,20.06 19:00,408.274
103,20.06 20:00,404.304
103,20.06 21:00,391.247
103,20.06 22:00,389.459
103,20.06 23:00,381.6
103,21.06 00:00,376.12
103,21.06 01:00,370.123
103,21.06 02:00,370.117
103,21.06 03:00,369.227
103,21.06 04:00,364.937
103,21.06 05:00,364.751
103,21.06 06:00,366.648
103,21.06 07:00,372.652
103,21.06 08:00,378.338
103,21.06 09:00,398.189
103,21.06 10:00,419.439
103,21.06 11:00,437.038
103,21.06 12:00,444.816
103,21.06 13:00,453.947
103,21.06 14:00,462.898
103,21.06 15:00,459.901
103,21.06 16:00,459.335
103,21.06 17:00,445.618
103,21.06 18:00,419.421
103,21.06 19:00,409.327
103,21.06 20:00,408.958
103,21.06 21:00,404.344
103,21.06 22:00,395.585
103,21.06 23:00,386.431
103,22.06 00:00,379.412
103,22.06 01:00,376.75
103,22.06 02:00,370.435
103,22.06 03:00,367.868
103,22.06 04:00,363.492
103,22.06 05:00,364.021
103,22.06 06:00,359.743
103,22.06 07:00,364.989
103,22.06 08:00,373.643
103,22.06 09:00,390.429
103,22.06 10:00,413.21
103,22.06 11:00,420.03
103,22.06 12:00,431.355
103,22.06 13:00,451.748
103,22.06 14:00,439.943
103,22.06 15:00,455.696
103,22.06 16:00,456.51
103,22.06 17:00,439.167
103,22.06 18:00,414.318
103,22.06 19:00,401.103
103,22.06 20:00,388.833
103,22.06 21:00,391.491
103,22.06 22:00,383.895
103,22.06 23:00,372.67
103,23.06 00:00,365.256
103,23.06 01:00,362.766
103,23.06 02:00,358.36
103,23.06 03:00,355.98
103,23.06 04:00,352.583
103,23.06 05:00,351.49
103,23.06 06:00,352.282
103,23.06 07:00,356.405
103,23.06 08:00,365.652
103,23.06 09:00,380.24
103,23.06 10:00,399.069
103,23.06 11:00,420.974
103,23.06 12:00,432.881
103,23.06 13:00,438.759
103,23.06 14:00,465.053
103,23.06 15:00,481.701
103,23.06 16:00,484.5
103,23.06 17:00,436.56
103,23.06 18:00,403.378
103,23.06 19:00,384.957
103,23.06 20:00,383.04
103,23.06 21:00,381.025
103,23.06 22:00,368.582
103,23.06 23:00,369.0
103,24.06 00:00,364.032
103,24.06 01:00,358.548
103,24.06 02:00,355.387
103,24.06 03:00,354.283
103,24.06 04:00,350.404
103,24.06 05:00,349.345
103,24.06 06:00,347.81
103,24.06 07:00,378.368
103,24.06 08:00,375.505
103,24.06 09:00,378.182
103,24.06 10:00,406.562
103,24.06 11:00,427.019
103,24.06 12:00,439.683
103,24.06 13:00,439.243
103,24.06 14:00,432.377
103,24.06 15:00,442.411
103,24.06 16:00,438.311
103,24.06 17:00,423.305
103,24.06 18:00,403.635
103,24.06 19:00,397.383
103,24.06 20:00,380.928
103,24.06 21:00,380.389
103,24.06 22:00,373.453
103,24.06 23:00,367.984
103,25.06 00:00,364.121
103,25.06 01:00,359.558
103,25.06 02:00,354.955
103,25.06 03:00,351.426
103,25.06 04:00,362.234
103,25.06 05:00,353.233
103,25.06 06:00,350.583
103,25.06 07:00,349.522
103,25.06 08:00,348.118
103,25.06 09:00,345.857
103,25.06 10:00,348.323
103,25.06 11:00,363.292
103,25.06 12:00,364.509
103,25.06 13:00,363.573
103,25.06 14:00,365.507
103,25.06 15:00,356.661
103,25.06 16:00,364.917
103,25.06 17:00,356.757
103,25.06 18:00,360.032
103,25.06 19:00,360.099
103,25.06 20:00,360.152
103,25.06 21:00,357.876
103,25.06 22:00,353.36
103,25.06 23:00,351.589
103,26.06 00:00,349.986
103,26.06 01:00,348.215
103,26.06 02:00,348.651
103,26.06 03:00,348.105
103,26.06 04:00,344.628
103,26.06 05:00,343.995
103,26.06 06:00,346.521
103,26.06 07:00,343.693
103,26.06 08:00,342.558
103,26.06 09:00,341.528
103,26.06 10:00,346.73
103,26.06 11:00,346.839
103,26.06 12:00,350.735
103,26.06 13:00,351.965
103,26.06 14:00,359.503
103,26.06 15:00,356.625
103,26.06 16:00,355.167
103,26.06 17:00,361.036
103,26.06 18:00,362.304
103,26.06 19:00,362.329
103,26.06 20:00,360.496
103,26.06 21:00,356.875
103,26.06 22:00,352.292
103,26.06 23:00,350.643
103,27.06 00:00,349.979
103,27.06 01:00,349.345
103,27.06 02:00,348.019
103,27.06 03:00,346.879
103,27.06 04:00,346.932
103,27.06 05:00,342.869
103,27.06 06:00,342.541
103,27.06 07:00,349.769
103,27.06 08:00,362.222
103,27.06 09:00,381.103
103,27.06 10:00,411.277
103,27.06 11:00,422.157
103,27.06 12:00,457.361
103,27.06 13:00,464.081
103,27.06 14:00,456.152
103,27.06 15:00,441.991
103,27.06 16:00,439.451
103,27.06 17:00,430.153
103,27.06 18:00,428.127
103,27.06 19:00,405.841
103,27.06 20:00,397.431
103,27.06 21:00,386.64
103,27.06 22:00,386.477
103,27.06 23:00,373.388
103,28.06 00:00,369.539
103,28.06 01:00,365.297
103,28.06 02:00,362.328
103,28.06 03:00,357.985
103,28.06 04:00,355.391
103,28.06 05:00,358.596
103,28.06 06:00,377.089
103,28.06 07:00,392.198
103,28.06 08:00,431.526
103,28.06 09:00,434.829
103,28.06 10:00,452.611
103,28.06 11:00,472.59
103,28.06 12:00,512.04
103,28.06 13:00,521.194
103,28.06 14:00,526.266
103,28.06 15:00,534.002
103,28.06 16:00,515.786
103,28.06 17:00,496.879
103,28.06 18:00,447.953
103,28.06 19:00,424.67
103,28.06 20:00,420.229
103,28.06 21:00,414.888
103,28.06 22:00,405.765
103,28.06 23:00,401.269
103,29.06 00:00,401.137
103,29.06 01:00,397.732
103,29.06 02:00,396.537
103,29.06 03:00,384.121
103,29.06 04:00,386.42
103,29.06 05:00,384.609
103,29.06 06:00,383.097
103,29.06 07:00,376.532
103,29.06 08:00,398.765
103,29.06 09:00,419.548
103,29.06 10:00,449.999
103,29.06 11:00,474.187
103,29.06 12:00,491.01
103,29.06 13:00,485.734
103,29.06 14:00,496.451
103,29.06 15:00,501.177
103,29.06 16:00,498.072
103,29.06 17:00,485.529
103,29.06 18:00,464.151
103,29.06 19:00,443.691
103,29.06 20:00,439.415
103,29.06 21:00,435.482
103,29.06 22:00,421.563
103,29.06 23:00,416.175
103,30.06 00:00,415.726
103,30.06 01:00,406.702
103,30.06 02:00,402.69
103,30.06 03:00,396.47
103,30.06 04:00,394.367
103,30.06 05:00,396.502
103,30.06 06:00,395.75
103,30.06 07:00,404.035
103,30.06 08:00,410.801
103,30.06 09:00,428.477
103,30.06 10:00,445.393
103,30.06 11:00,463.339
103,30.06 12:00,477.892
103,30.06 13:00,493.419
103,30.06 14:00,518.503
103,30.06 15:00,522.464
103,30.06 16:00,512.321
103,30.06 17:00,496.435
103,30.06 18:00,473.804
103,30.06 19:00,449.115
103,30.06 20:00,429.931
103,30.06 21:00,417.375
103,30.06 22:00,410.235
103,30.06 23:00,398.227
103,01.07 00:00,395.599
103,01.07 01:00,391.987
103,01.07 02:00,390.26
103,01.07 03:00,389.532
103,01.07 04:00,390.681
103,01.07 05:00,384.55
103,01.07 06:00,383.355
103,01.07 07:00,387.788
103,01.07 08:00,399.609
103,01.07 09:00,414.426
103,01.07 10:00,442.547
103,01.07 11:00,453.237
103,01.07 12:00,465.598
103,01.07 13:00,466.608
103,01.07 14:00,467.21
103,01.07 15:00,464.022
103,01.07 16:00,464.377
103,01.07 17:00,463.776
103,01.07 18:00,467.872
103,01.07 19:00,464.179
103,01.07 20:00,463.72
103,01.07 21:00,467.361
103,01.07 22:00,466.872
103,01.07 23:00,467.64
103,02.07 00:00,465.506
103,02.07 02:00,465.202
103,02.07 03:00,464.531
103,02.07 04:00,464.266
103,02.07 05:00,465.935
103,02.07 06:00,464.275
103,02.07 07:00,464.397
103,02.07 08:00,467.171
103,02.07 09:00,463.929
103,02.07 10:00,0.0
103,02.07 11:00,0.0
103,02.07 12:00,0.0
103,02.07 13:00,0.0
103,02.07 14:00,0.0
103,02.07 15:00,0.0
103,02.07 16:00,0.0
103,02.07 17:00,0.0
103,02.07 18:00,0.0
103,02.07 19:00,0.0
103,02.07 20:00,0.0
103,02.07 21:00,0.0
103,02.07 22:00,0.0
103,02.07 23:00,0.0
103,03.07 00:00,0.0
103,03.07 02:00,0.0
103,03.07 03:00,0.0
103,03.07 04:00,0.0
103,03.07 05:00,0.0
103,03.07 06:00,0.0
103,03.07 07:00,0.0
103,03.07 08:00,0.0
103,03.07 09:00,0.0
103,03.07 10:00,0.0
103,03.07 11:00,0.0
103,03.07 12:00,0.0
103,03.07 13:00,0.0
103,03.07 14:00,0.0
103,03.07 15:00,0.0
103,03.07 16:00,0.0
103,03.07 17:00,0.0
103,03.07 18:00,0.0
103,03.07 19:00,0.0
103,03.07 20:00,0.0
103,03.07 21:00,0.0
103,03.07 22:00,0.0
103,03.07 23:00,0.0
103,04.07 00:00,0.0
103,04.07 02:00,0.0
103,04.07 03:00,0.0
103,04.07 04:00,0.0
103,04.07 05:00,0.0
103,04.07 06:00,0.0
103,04.07 07:00,0.0
103,04.07 08:00,0.0
103,04.07 09:00,0.0
103,04.07 10:00,0.0
103,04.07 11:00,0.0
103,04.07 12:00,0.0
103,04.07 13:00,0.0
103,04.07 14:00,0.0
103,04.07 15:00,0.0
103,04.07 16:00,0.0
103,04.07 17:00,0.0
103,04.07 18:00,0.0
103,04.07 19:00,0.0
103,04.07 20:00,0.0
103,04.07 21:00,0.0
103,04.07 22:00,0.0
103,04.07 23:00,0.0
103,05.07 00:00,0.0
103,05.07 02:00,0.0
103,05.07 03:00,0.0
103,05.07 04:00,0.0
103,05.07 06:00,355.483
103,05.07 07:00,362.117
103,05.07 08:00,379.084
103,05.07 09:00,394.938
103,05.07 10:00,427.408
103,05.07 11:00,442.307
103,05.07 12:00,451.236
103,05.07 13:00,460.988
103,05.07 14:00,482.456
103,05.07 15:00,488.058
103,05.07 16:00,487.432
103,05.07 17:00,469.828
103,05.07 18:00,444.564
103,05.07 19:00,429.024
103,05.07 20:00,426.208
103,05.07 21:00,418.819
103,05.07 22:00,407.707
103,05.07 23:00,400.388
103,06.07 00:00,392.208
103,06.07 01:00,389.937
103,06.07 02:00,380.205
103,06.07 03:00,382.287
103,06.07 04:00,377.763
103,06.07 05:00,378.014
103,06.07 06:00,379.238
103,06.07 07:00,380.516
103,06.07 08:00,392.847
103,06.07 09:00,415.884
103,06.07 10:00,455.259
103,06.07 11:00,486.946
103,06.07 12:00,483.215
103,06.07 13:00,487.869
103,06.07 14:00,496.875
103,06.07 15:00,492.986
103,06.07 16:00,491.162
103,06.07 17:00,472.915
103,06.07 18:00,452.466
103,06.07 19:00,438.562
103,06.07 20:00,425.12
103,06.07 21:00,420.865
103,06.07 22:00,407.551
103,06.07 23:00,401.071
103,07.07 00:00,398.44
103,07.07 01:00,392.661
103,07.07 02:00,392.744
103,07.07 03:00,386.121
103,07.07 04:00,388.835
103,07.07 05:00,384.288
103,07.07 06:00,382.18
103,07.07 07:00,386.63
103,07.07 08:00,395.204
103,07.07 09:00,419.871
103,07.07 10:00,460.253
103,07.07 11:00,475.221
103,07.07 12:00,479.147
103,07.07 13:00,488.706
103,07.07 14:00,489.781
103,07.07 15:00,491.32
103,07.07 16:00,486.349
103,07.07 17:00,472.501
103,07.07 18:00,451.388
103,07.07 19:00,432.637
103,07.07 20:00,428.941
103,07.07 21:00,417.862
103,07.07 22:00,410.307
103,07.07 23:00,404.684
103,08.07 00:00,396.549
103,08.07 01:00,392.996
103,08.07 02:00,391.354
103,08.07 03:00,385.642
103,08.07 04:00,397.04
103,08.07 05:00,388.431
103,08.07 06:00,386.226
103,08.07 07:00,392.604
103,08.07 08:00,400.583
103,08.07 09:00,419.852
103,08.07 10:00,285.754
103,08.07 11:00,589.638
103,08.07 12:00,444.234
103,08.07 13:00,469.732
103,08.07 14:00,482.725
103,08.07 15:00,480.17
103,08.07 16:00,473.12
103,08.07 17:00,464.716
103,08.07 18:00,449.477
103,08.07 19:00,427.377
103,08.07 20:00,419.059
103,08.07 21:00,408.908
103,08.07 22:00,408.541
103,08.07 23:00,400.005
103,09.07 00:00,397.016
103,09.07 01:00,390.034
103,09.07 02:00,383.971
103,09.07 03:00,380.181
103,09.07 04:00,381.344
103,09.07 05:00,379.775
103,09.07 06:00,379.722
103,09.07 07:00,378.88
103,09.07 08:00,373.127
103,09.07 09:00,375.019
103,09.07 10:00,376.411
103,09.07 11:00,373.542
103,09.07 12:00,373.992
103,09.07 13:00,376.394
103,09.07 14:00,380.274
103,09.07 15:00,385.71
103,09.07 16:00,389.484
103,09.07 17:00,393.99
103,09.07 18:00,396.546
103,09.07 19:00,397.15
103,09.07 20:00,394.6
103,09.07 21:00,388.047
103,09.07 22:00,394.436
103,09.07 23:00,395.077
103,10.07 00:00,394.894
103,10.07 01:00,378.948
103,10.07 02:00,379.514
103,10.07 03:00,380.337
103,10.07 04:00,378.037
103,10.07 05:00,378.61
103,10.07 06:00,375.454
103,10.07 07:00,377.89
103,10.07 08:00,375.069
103,10.07 09:00,373.363
103,10.07 10:00,372.481
103,10.07 11:00,376.141
103,10.07 12:00,379.475
103,10.07 13:00,380.551
103,10.07 14:00,386.532
103,10.07 15:00,391.739
103,10.07 16:00,393.441
103,10.07 17:00,391.717
103,10.07 18:00,395.294
103,10.07 19:00,401.241
103,10.07 20:00,400.26
103,10.07 21:00,408.163
103,10.07 22:00,399.544
103,10.07 23:00,392.623
103,11.07 00:00,386.069
103,11.07 01:00,385.02
103,11.07 02:00,386.777
103,11.07 03:00,381.369
103,11.07 04:00,380.19
103,11.07 05:00,382.78
103,11.07 06:00,381.415
103,11.07 07:00,386.903
103,11.07 08:00,400.257
103,11.07 09:00,423.474
103,11.07 10:00,447.046
103,11.07 11:00,468.922
103,11.07 12:00,471.94
103,11.07 13:00,480.174
103,11.07 14:00,480.293
103,11.07 15:00,484.45
103,11.07 16:00,475.035
103,11.07 17:00,461.468
103,11.07 18:00,445.842
103,11.07 19:00,434.744
103,11.07 20:00,433.014
103,11.07 21:00,428.066
103,11.07 22:00,413.361
103,11.07 23:00,406.735
103,12.07 00:00,408.911
103,12.07 01:00,394.583
103,12.07 02:00,388.757
103,12.07 03:00,385.543
103,12.07 04:00,386.742
103,12.07 05:00,386.801
103,12.07 06:00,382.788
103,12.07 07:00,387.129
103,12.07 08:00,395.031
103,12.07 09:00,419.921
103,12.07 10:00,448.026
103,12.07 11:00,462.781
103,12.07 12:00,484.422
103,12.07 13:00,478.172
103,12.07 14:00,479.113
103,12.07 15:00,486.771
103,12.07 16:00,489.304
103,12.07 17:00,472.417
103,12.07 18:00,448.352
103,12.07 19:00,437.936
103,12.07 20:00,431.043
103,12.07 21:00,423.015
103,12.07 22:00,416.355
103,12.07 23:00,412.016
103,13.07 00:00,403.592
103,13.07 01:00,399.858
103,13.07 02:00,395.034
103,13.07 03:00,389.404
103,13.07 04:00,390.706
103,13.07 05:00,388.722
103,13.07 06:00,390.041
103,13.07 07:00,395.996
103,13.07 08:00,413.563
103,13.07 09:00,430.192
103,13.07 10:00,461.389
103,13.07 11:00,480.03
103,13.07 12:00,507.604
103,13.07 13:00,476.46
103,13.07 14:00,489.281
103,13.07 15:00,520.666
103,13.07 16:00,505.153
103,13.07 17:00,484.215
103,13.07 18:00,462.103
103,13.07 19:00,443.713
103,13.07 20:00,436.037
103,13.07 21:00,430.036
103,13.07 22:00,418.442
103,13.07 23:00,408.192
103,14.07 00:00,403.134
103,14.07 01:00,400.871
103,14.07 02:00,396.2
103,14.07 03:00,393.695
103,14.07 04:00,391.276
103,14.07 05:00,391.061
103,14.07 06:00,391.71
103,14.07 07:00,392.962
103,14.07 08:00,408.708
103,14.07 09:00,423.501
103,14.07 10:00,444.91
103,14.07 11:00,464.961
103,14.07 12:00,471.382
103,14.07 13:00,471.767
103,14.07 14:00,490.58
103,14.07 15:00,506.232
103,14.07 16:00,496.296
103,14.07 17:00,483.196
103,14.07 18:00,457.839
103,14.07 19:00,440.398
103,14.07 20:00,432.008
103,14.07 21:00,425.95
103,14.07 22:00,424.438
103,14.07 23:00,415.885
103,15.07 00:00,400.243
103,15.07 01:00,399.156
103,15.07 02:00,397.046
103,15.07 03:00,391.015
103,15.07 04:00,386.791
103,15.07 05:00,389.407
103,15.07 06:00,389.272
103,15.07 07:00,394.713
103,15.07 08:00,402.976
103,15.07 09:00,417.234
103,15.07 10:00,435.851
103,15.07 11:00,457.814
103,15.07 12:00,466.73
103,15.07 13:00,462.425
103,15.07 14:00,468.815
103,15.07 15:00,472.36
103,15.07 16:00,478.911
103,15.07 17:00,458.817
103,15.07 18:00,445.128
103,15.07 19:00,431.384
103,15.07 20:00,424.788
103,15.07 21:00,416.898
103,15.07 22:00,411.296
103,15.07 23:00,404.871
103,16.07 00:00,398.381
103,16.07 01:00,383.246
103,16.07 02:00,383.672
103,16.07 03:00,381.203
103,16.07 04:00,385.112
103,16.07 05:00,381.909
103,16.07 06:00,377.907
103,16.07 07:00,383.448
103,16.07 08:00,380.0
103,16.07 09:00,374.561
103,16.07 10:00,375.289
103,16.07 11:00,385.784
103,16.07 12:00,387.627
103,16.07 13:00,399.37
103,16.07 14:00,405.404
103,16.07 15:00,401.248
103,16.07 16:00,400.368
103,16.07 17:00,401.49
103,16.07 18:00,396.765
103,16.07 19:00,395.974
103,16.07 20:00,393.719
103,16.07 21:00,392.598
103,16.07 22:00,390.786
103,16.07 23:00,380.362
103,17.07 00:00,378.31
103,17.07 01:00,374.144
103,17.07 02:00,373.832
103,17.07 03:00,373.769
103,17.07 04:00,369.817
103,17.07 05:00,373.605
103,17.07 06:00,370.948
103,17.07 07:00,372.087
103,17.07 08:00,368.245
103,17.07 09:00,368.134
103,17.07 10:00,362.687
103,17.07 11:00,369.84
103,17.07 12:00,372.374
103,17.07 13:00,375.575
103,17.07 14:00,377.366
103,17.07 15:00,384.282
103,17.07 16:00,381.561
103,17.07 17:00,382.35
103,17.07 18:00,385.936
103,17.07 19:00,392.397
103,17.07 20:00,394.589
103,17.07 21:00,396.62
103,17.07 22:00,391.518
103,17.07 23:00,393.694
103,18.07 00:00,381.289
103,18.07 01:00,378.756
103,18.07 02:00,377.539
103,18.07 03:00,376.817
103,18.07 04:00,374.151
103,18.07 05:00,376.257
103,18.07 06:00,377.624
103,18.07 07:00,386.189
103,18.07 08:00,400.779
103,18.07 09:00,414.887
103,18.07 10:00,433.804
103,18.07 11:00,452.461
103,18.07 12:00,467.73
103,18.07 13:00,467.865
103,18.07 14:00,478.084
103,18.07 15:00,493.972
103,18.07 16:00,487.215
103,18.07 17:00,476.837
103,18.07 18:00,459.269
103,18.07 19:00,436.4
103,18.07 20:00,428.142
103,18.07 21:00,415.472
103,18.07 22:00,411.886
103,18.07 23:00,406.204
103,19.07 00:00,399.13
103,19.07 01:00,395.025
103,19.07 02:00,390.4
103,19.07 03:00,388.326
103,19.07 04:00,389.388
103,19.07 05:00,389.908
103,19.07 06:00,388.957
103,19.07 07:00,392.578
103,19.07 08:00,399.683
103,19.07 09:00,422.129
103,19.07 10:00,460.246
103,19.07 11:00,468.598
103,19.07 12:00,491.761
103,19.07 13:00,485.478
103,19.07 14:00,494.474
103,19.07 15:00,496.211
103,19.07 16:00,494.958
103,19.07 17:00,478.353
103,19.07 18:00,453.564
103,19.07 19:00,440.334
103,19.07 20:00,425.43
103,19.07 21:00,418.069
103,19.07 22:00,417.95
103,19.07 23:00,412.776
103,20.07 00:00,405.744
103,20.07 01:00,398.753
103,20.07 02:00,398.401
103,20.07 03:00,397.858
103,20.07 04:00,393.529
103,20.07 05:00,390.735
103,20.07 06:00,392.113
103,20.07 07:00,391.57
103,20.07 08:00,404.355
103,20.07 09:00,421.822
103,20.07 10:00,444.994
103,20.07 11:00,469.383
103,20.07 12:00,484.906
103,20.07 13:00,482.41
103,20.07 14:00,495.076
103,20.07 15:00,492.793
103,20.07 16:00,509.333
103,20.07 17:00,483.307
103,20.07 18:00,464.664
103,20.07 19:00,436.242
103,20.07 20:00,418.226
103,20.07 21:00,421.343
103,20.07 22:00,412.819
103,20.07 23:00,403.416
103,21.07 00:00,397.813
103,21.07 01:00,391.728
103,21.07 02:00,384.606
103,21.07 03:00,387.507
103,21.07 04:00,385.111
103,21.07 05:00,385.602
103,21.07 06:00,383.581
103,21.07 07:00,385.899
103,21.07 08:00,397.141
103,21.07 09:00,420.049
103,21.07 10:00,448.951
103,21.07 11:00,466.285
103,21.07 12:00,467.574
103,21.07 13:00,470.946
103,21.07 14:00,479.018
103,21.07 15:00,480.066
103,21.07 16:00,483.678
103,21.07 17:00,474.575
103,21.07 18:00,462.157
103,21.07 19:00,446.884
103,21.07 20:00,446.263
103,21.07 21:00,430.714
103,21.07 22:00,421.203
103,21.07 23:00,413.562
103,22.07 00:00,408.474
103,22.07 01:00,398.3
103,22.07 02:00,398.513
103,22.07 03:00,394.121
103,22.07 04:00,393.568
103,22.07 05:00,389.625
103,22.07 06:00,393.256
103,22.07 07:00,399.332
103,22.07 08:00,403.24
103,22.07 09:00,425.789
103,22.07 10:00,441.23
103,22.07 11:00,456.218
103,22.07 12:00,468.99
103,22.07 13:00,466.9
103,22.07 14:00,468.772
103,22.07 15:00,469.64
103,22.07 16:00,475.022
103,22.07 17:00,458.015
103,22.07 18:00,440.958
103,22.07 19:00,436.7
103,22.07 20:00,429.303
103,22.07 21:00,419.765
103,22.07 22:00,406.325
103,22.07 23:00,403.067
103,23.07 00:00,402.717
103,23.07 01:00,398.042
103,23.07 02:00,394.0
103,23.07 03:00,392.814
103,23.07 04:00,388.303
103,23.07 05:00,390.343
103,23.07 06:00,387.47
103,23.07 07:00,387.009
103,23.07 08:00,382.293
103,23.07 09:00,386.959
103,23.07 10:00,387.771
103,23.07 11:00,392.31
103,23.07 12:00,397.896
103,23.07 13:00,412.974
103,23.07 14:00,401.603
103,23.07 15:00,400.851
103,23.07 16:00,409.39
103,23.07 17:00,412.634
103,23.07 18:00,412.414
103,23.07 19:00,414.542
103,23.07 20:00,403.78
103,23.07 21:00,407.57
103,23.07 22:00,404.047
103,23.07 23:00,396.264
103,24.07 00:00,392.198
103,24.07 01:00,386.992
103,24.07 02:00,389.463
103,24.07 03:00,386.583
103,24.07 04:00,388.243
103,24.07 05:00,385.061
103,24.07 06:00,394.803
103,24.07 07:00,382.884
103,24.07 08:00,376.951
103,24.07 09:00,379.507
103,24.07 10:00,385.186
103,24.07 11:00,386.741
103,24.07 12:00,387.074
103,24.07 13:00,405.19
103,24.07 14:00,424.671
103,24.07 15:00,426.872
103,24.07 16:00,427.977
103,24.07 17:00,428.363
103,24.07 18:00,412.854
103,24.07 19:00,405.409
103,24.07 20:00,403.073
103,24.07 21:00,400.708
103,24.07 22:00,395.79
103,24.07 23:00,396.245
103,25.07 00:00,400.029
103,25.07 01:00,393.477
103,25.07 02:00,394.78
103,25.07 03:00,392.895
103,25.07 04:00,391.741
103,25.07 05:00,388.388
103,25.07 06:00,390.411
103,25.07 07:00,392.108
103,25.07 08:00,401.373
103,25.07 09:00,418.704
103,25.07 10:00,440.872
103,25.07 11:00,460.12
103,25.07 12:00,471.054
103,25.07 13:00,473.536
103,25.07 14:00,480.721
103,25.07 15:00,498.382
103,25.07 16:00,484.466
103,25.07 17:00,472.447
103,25.07 18:00,460.74
103,25.07 19:00,448.835
103,25.07 20:00,430.589
103,25.07 21:00,425.885
103,25.07 22:00,415.779
103,25.07 23:00,407.69
103,26.07 00:00,403.528
103,26.07 01:00,398.841
103,26.07 02:00,400.154
103,26.07 03:00,393.231
103,26.07 04:00,394.084
103,26.07 05:00,394.751
103,26.07 06:00,396.744
103,26.07 07:00,399.531
103,26.07 08:00,413.242
103,26.07 09:00,428.116
103,26.07 10:00,449.132
103,26.07 11:00,476.852
103,26.07 12:00,492.395
103,26.07 13:00,488.31
103,26.07 14:00,492.453
103,26.07 15:00,495.21
103,26.07 16:00,494.149
103,26.07 17:00,478.334
103,26.07 18:00,454.919
103,26.07 19:00,442.196
103,26.07 20:00,432.769
103,26.07 21:00,425.847
103,26.07 22:00,419.146
103,26.07 23:00,411.697
103,27.07 00:00,405.01
103,27.07 01:00,403.284
103,27.07 02:00,404.223
103,27.07 03:00,397.563
103,27.07 04:00,399.333
103,27.07 05:00,397.587
103,27.07 06:00,399.287
103,27.07 07:00,400.926
103,27.07 08:00,415.015
103,27.07 09:00,429.335
103,27.07 10:00,447.207
103,27.07 11:00,461.803
103,27.07 12:00,471.432
103,27.07 13:00,468.893
103,27.07 14:00,490.563
103,27.07 15:00,514.075
103,27.07 16:00,495.922
103,27.07 17:00,494.447
103,27.07 18:00,446.39
103,27.07 19:00,422.737
103,27.07 20:00,414.307
103,27.07 21:00,405.187
103,27.07 22:00,400.971
103,27.07 23:00,395.744
103,28.07 00:00,390.18
103,28.07 01:00,384.938
103,28.07 02:00,384.529
103,28.07 03:00,378.91
103,28.07 04:00,376.873
103,28.07 05:00,376.64
103,28.07 06:00,377.417
103,28.07 07:00,386.211
103,28.07 08:00,398.346
103,28.07 09:00,418.823
103,28.07 10:00,437.941
103,28.07 11:00,460.423
103,28.07 12:00,496.938
103,28.07 13:00,500.949
103,28.07 14:00,510.609
103,28.07 15:00,519.444
103,28.07 16:00,495.604
103,28.07 17:00,469.481
103,28.07 18:00,450.454
103,28.07 19:00,431.261
103,28.07 20:00,424.41
103,28.07 21:00,421.83
103,28.07 22:00,415.966
103,28.07 23:00,409.544
103,29.07 00:00,405.529
103,29.07 01:00,400.65
103,29.07 02:00,400.933
103,29.07 03:00,392.112
103,29.07 04:00,389.876
103,29.07 05:00,387.299
103,29.07 06:00,387.438
103,29.07 07:00,390.462
103,29.07 08:00,399.232
103,29.07 09:00,424.701
103,29.07 10:00,443.349
103,29.07 11:00,459.52
103,29.07 12:00,473.613
103,29.07 13:00,484.271
103,29.07 14:00,478.578
103,29.07 15:00,479.6
103,29.07 16:00,469.248
103,29.07 17:00,463.266
103,29.07 18:00,437.237
103,29.07 19:00,426.003
103,29.07 20:00,424.688
103,29.07 21:00,418.154
103,29.07 22:00,406.691
103,29.07 23:00,416.467
103,30.07 00:00,393.5
103,30.07 01:00,389.254
103,30.07 02:00,386.168
103,30.07 03:00,386.443
103,30.07 04:00,382.44
103,30.07 05:00,383.162
103,30.07 06:00,382.967
103,30.07 07:00,385.893
103,30.07 08:00,380.02
103,30.07 09:00,379.683
103,30.07 10:00,387.453
103,30.07 11:00,390.048
103,30.07 12:00,393.314
103,30.07 13:00,394.663
103,30.07 14:00,396.859
103,30.07 15:00,397.531
103,30.07 16:00,402.971
103,30.07 17:00,408.85
103,30.07 18:00,414.668
103,30.07 19:00,409.085
103,30.07 20:00,404.671
103,30.07 21:00,396.575
103,30.07 22:00,391.26
103,30.07 23:00,388.237
103,31.07 00:00,385.833
103,31.07 01:00,384.477
103,31.07 02:00,387.926
103,31.07 03:00,383.617
103,31.07 04:00,380.858
103,31.07 05:00,382.331
103,31.07 06:00,379.895
103,31.07 07:00,379.735
103,31.07 08:00,373.659
103,31.07 09:00,376.267
103,31.07 10:00,378.598
103,31.07 11:00,377.137
103,31.07 12:00,382.015
103,31.07 13:00,380.438
103,31.07 14:00,384.812
103,31.07 15:00,387.29
103,31.07 16:00,391.693
103,31.07 17:00,407.477
103,31.07 18:00,420.559
103,31.07 19:00,430.077
103,31.07 20:00,419.393
103,31.07 21:00,398.743
103,31.07 22:00,383.919
103,31.07 23:00,381.7
103,01.08 00:00,381.444
103,01.08 01:00,379.84
103,01.08 02:00,377.797
103,01.08 03:00,375.933
103,01.08 04:00,374.9
103,01.08 05:00,374.806
103,01.08 06:00,374.63
103,01.08 07:00,381.724
103,01.08 08:00,393.776
103,01.08 09:00,413.387
103,01.08 10:00,438.677
103,01.08 11:00,465.097
103,01.08 12:00,467.906
103,01.08 13:00,464.582
103,01.08 14:00,474.081
103,01.08 15:00,477.596
103,01.08 16:00,473.939
103,01.08 17:00,465.146
103,01.08 18:00,446.913
103,01.08 19:00,441.967
103,01.08 20:00,432.909
103,01.08 21:00,420.264
103,01.08 22:00,414.188
103,01.08 23:00,410.514
103,02.08 00:00,401.163
103,02.08 01:00,399.063
103,02.08 02:00,399.735
103,02.08 03:00,395.142
103,02.08 04:00,395.198
103,02.08 05:00,391.628
103,02.08 06:00,390.16
103,02.08 07:00,390.985
103,02.08 08:00,402.655
103,02.08 09:00,425.114
103,02.08 10:00,444.7
103,02.08 11:00,453.518
103,02.08 12:00,460.378
103,02.08 13:00,458.424
103,02.08 14:00,453.028
103,02.08 15:00,437.435
103,02.08 16:00,437.152
103,02.08 17:00,432.68
103,02.08 18:00,416.49
103,02.08 19:00,401.554
103,02.08 20:00,392.132
103,02.08 21:00,387.748
103,02.08 22:00,377.884
103,02.08 23:00,375.641
103,03.08 00:00,367.898
103,03.08 01:00,365.376
103,03.08 02:00,361.008
103,03.08 03:00,354.223
103,03.08 04:00,335.76
103,03.08 05:00,346.148
103,03.08 06:00,349.474
103,03.08 07:00,355.516
103,03.08 08:00,366.291
103,03.08 09:00,390.022
103,03.08 10:00,407.702
103,03.08 11:00,432.37
103,03.08 12:00,438.211
103,03.08 13:00,435.631
103,03.08 14:00,433.273
103,03.08 15:00,438.707
103,03.08 16:00,441.71
103,03.08 17:00,432.222
103,03.08 18:00,422.638
103,03.08 19:00,403.141
103,03.08 20:00,391.601
103,03.08 21:00,386.137
103,03.08 22:00,379.799
103,03.08 23:00,371.65
103,04.08 00:00,368.273
103,04.08 01:00,361.717
103,04.08 02:00,356.591
103,04.08 03:00,351.138
103,04.08 04:00,356.57
103,04.08 05:00,348.7
103,04.08 06:00,347.17
103,04.08 07:00,352.356
103,04.08 08:00,361.004
103,04.08 09:00,381.364
103,04.08 10:00,399.223
103,04.08 11:00,431.239
103,04.08 12:00,435.39
103,04.08 13:00,429.443
103,04.08 14:00,449.52
103,04.08 15:00,450.937
103,04.08 16:00,441.599
103,04.08 17:00,428.776
103,04.08 18:00,409.087
103,04.08 19:00,393.769
103,04.08 20:00,391.179
103,04.08 21:00,384.712
103,04.08 22:00,377.856
103,04.08 23:00,369.686
103,05.08 00:00,368.789
103,05.08 01:00,364.694
103,05.08 02:00,361.896
103,05.08 03:00,362.439
103,05.08 04:00,356.239
103,05.08 05:00,355.685
103,05.08 06:00,352.679
103,05.08 07:00,355.004
103,05.08 08:00,368.767
103,05.08 09:00,375.877
103,05.08 10:00,400.603
103,05.08 11:00,417.891
103,05.08 12:00,429.062
103,05.08 13:00,427.763
103,05.08 14:00,436.42
103,05.08 15:00,441.523
103,05.08 16:00,441.51
103,05.08 17:00,434.18
103,05.08 18:00,413.398
103,05.08 19:00,396.871
103,05.08 20:00,387.559
103,05.08 21:00,374.698
103,05.08 22:00,371.811
103,05.08 23:00,383.799
103,06.08 00:00,360.32
103,06.08 01:00,358.551
103,06.08 02:00,354.257
103,06.08 03:00,352.601
103,06.08 04:00,360.7
103,06.08 05:00,350.664
103,06.08 06:00,349.592
103,06.08 07:00,348.114
103,06.08 08:00,345.71
103,06.08 09:00,344.512
103,06.08 10:00,345.268
103,06.08 11:00,349.719
103,06.08 12:00,349.645
103,06.08 13:00,355.1
103,06.08 14:00,356.374
103,06.08 15:00,355.223
103,06.08 16:00,356.871
103,06.08 17:00,363.372
103,06.08 18:00,365.739
103,06.08 19:00,367.035
103,06.08 20:00,368.571
103,06.08 21:00,359.829
103,06.08 22:00,357.243
103,06.08 23:00,352.46
103,07.08 00:00,347.65
103,07.08 01:00,347.557
103,07.08 02:00,343.762
103,07.08 03:00,344.671
103,07.08 04:00,345.77
103,07.08 05:00,343.875
103,07.08 06:00,343.499
103,07.08 07:00,340.419
103,07.08 08:00,339.913
103,07.08 09:00,336.757
103,07.08 10:00,338.635
103,07.08 11:00,343.649
103,07.08 12:00,346.502
103,07.08 13:00,343.732
103,07.08 14:00,348.827
103,07.08 15:00,350.593
103,07.08 16:00,351.294
103,07.08 17:00,356.128
103,07.08 18:00,357.395
103,07.08 19:00,364.48
103,07.08 20:00,364.208
103,07.08 21:00,356.313
103,07.08 22:00,350.857
103,07.08 23:00,347.854
103,08.08 00:00,342.955
103,08.08 01:00,338.211
103,08.08 02:00,338.765
103,08.08 03:00,340.997
103,08.08 04:00,336.552
103,08.08 05:00,335.408
103,08.08 06:00,339.856
103,08.08 07:00,346.135
103,08.08 08:00,358.285
103,08.08 09:00,373.552
103,08.08 10:00,392.397
103,08.08 11:00,407.939
103,08.08 12:00,413.979
103,08.08 13:00,413.176
103,08.08 14:00,418.758
103,08.08 15:00,430.059
103,08.08 16:00,434.335
103,08.08 17:00,425.478
103,08.08 18:00,407.289
103,08.08 19:00,394.842
103,08.08 20:00,387.358
103,08.08 21:00,383.515
103,08.08 22:00,378.844
103,08.08 23:00,369.518
103,09.08 00:00,366.671
103,09.08 01:00,363.331
103,09.08 02:00,359.222
103,09.08 03:00,352.338
103,09.08 04:00,352.607
103,09.08 05:00,354.095
103,09.08 06:00,351.904
103,09.08 07:00,357.381
103,09.08 08:00,369.015
103,09.08 09:00,387.909
103,09.08 10:00,401.517
103,09.08 11:00,413.087
103,09.08 12:00,430.018
103,09.08 13:00,433.721
103,09.08 14:00,448.458
103,09.08 15:00,447.14
103,09.08 16:00,442.052
103,09.08 17:00,423.81
103,09.08 18:00,409.923
103,09.08 19:00,393.338
103,09.08 20:00,394.199
103,09.08 21:00,381.367
103,09.08 22:00,377.437
103,09.08 23:00,368.602
103,10.08 00:00,364.712
103,10.08 01:00,358.698
103,10.08 02:00,354.978
103,10.08 03:00,354.273
103,10.08 04:00,354.681
103,10.08 05:00,352.193
103,10.08 06:00,354.619
103,10.08 07:00,358.349
103,10.08 08:00,370.844
103,10.08 09:00,387.597
103,10.08 10:00,411.134
103,10.08 11:00,421.66
103,10.08 12:00,451.822
103,10.08 13:00,459.605
103,10.08 14:00,461.227
103,10.08 15:00,465.014
103,10.08 16:00,437.682
103,10.08 17:00,434.01
103,10.08 18:00,434.883
103,10.08 19:00,409.983
103,10.08 20:00,398.113
103,10.08 21:00,397.146
103,10.08 22:00,386.687
103,10.08 23:00,378.721
103,11.08 00:00,375.12
103,11.08 01:00,370.326
103,11.08 02:00,368.416
103,11.08 03:00,364.663
103,11.08 04:00,364.803
103,11.08 05:00,363.87
103,11.08 06:00,362.786
103,11.08 07:00,363.638
103,11.08 08:00,376.565
103,11.08 09:00,394.581
103,11.08 10:00,410.22
103,11.08 11:00,417.03
103,11.08 12:00,422.93
103,11.08 13:00,436.084
103,11.08 14:00,429.974
103,11.08 15:00,442.67
103,11.08 16:00,429.311
103,11.08 17:00,424.977
103,11.08 18:00,413.605
103,11.08 19:00,400.787
103,11.08 20:00,395.512
103,11.08 21:00,386.406
103,11.08 22:00,380.588
103,11.08 23:00,375.245
103,12.08 00:00,371.561
103,12.08 01:00,363.607
103,12.08 02:00,364.088
103,12.08 03:00,363.878
103,12.08 04:00,360.912
103,12.08 05:00,358.39
103,12.08 06:00,358.991
103,12.08 07:00,361.473
103,12.08 08:00,367.341
103,12.08 09:00,379.265
103,12.08 10:00,401.242
103,12.08 11:00,414.816
103,12.08 12:00,421.006
103,12.08 13:00,420.276
103,12.08 14:00,426.533
103,12.08 15:00,430.262
103,12.08 16:00,435.393
103,12.08 17:00,423.83
103,12.08 18:00,402.657
103,12.08 19:00,391.256
103,12.08 20:00,387.182
103,12.08 21:00,382.176
103,12.08 22:00,371.836
103,12.08 23:00,365.327
103,13.08 00:00,360.235
103,13.08 01:00,354.894
103,13.08 02:00,353.783
103,13.08 03:00,351.227
103,13.08 04:00,350.853
103,13.08 05:00,347.462
103,13.08 06:00,344.666
103,13.08 07:00,344.223
103,13.08 08:00,343.213
103,13.08 09:00,339.534
103,13.08 10:00,343.824
103,13.08 11:00,343.871
103,13.08 12:00,347.883
103,13.08 13:00,348.7
103,13.08 14:00,348.213
103,13.08 15:00,355.234
103,13.08 16:00,358.88
103,13.08 17:00,357.892
103,13.08 18:00,359.296
103,13.08 19:00,357.699
103,13.08 20:00,356.255
103,13.08 21:00,355.964
103,13.08 22:00,355.606
103,13.08 23:00,352.214
103,14.08 00:00,348.577
103,14.08 01:00,343.989
103,14.08 02:00,342.581
103,14.08 03:00,343.389
103,14.08 04:00,340.93
103,14.08 05:00,343.378
103,14.08 06:00,343.437
103,14.08 07:00,341.256
103,14.08 08:00,340.605
103,14.08 09:00,336.914
103,14.08 10:00,341.499
103,14.08 11:00,343.58
103,14.08 12:00,340.349
103,14.08 13:00,346.394
103,14.08 14:00,345.481
103,14.08 15:00,350.557
103,14.08 16:00,352.251
103,14.08 17:00,353.434
103,14.08 18:00,356.256
103,14.08 19:00,355.284
103,14.08 20:00,351.715
103,14.08 21:00,353.932
103,14.08 22:00,354.778
103,14.08 23:00,348.485
103,15.08 00:00,345.268
103,15.08 01:00,346.785
103,15.08 02:00,346.458
103,15.08 03:00,343.409
103,15.08 04:00,340.433
103,15.08 05:00,341.995
103,15.08 06:00,342.231
103,15.08 07:00,347.28
103,15.08 08:00,353.246
103,15.08 09:00,368.446
103,15.08 10:00,381.643
103,15.08 11:00,396.47
103,15.08 12:00,401.979
103,15.08 13:00,401.569
103,15.08 14:00,410.26
103,15.08 15:00,409.1
103,15.08 16:00,405.506
103,15.08 17:00,402.725
103,15.08 18:00,386.566
103,15.08 19:00,378.921
103,15.08 20:00,371.239
103,15.08 21:00,369.795
103,15.08 22:00,370.529
103,15.08 23:00,362.817
103,16.08 00:00,358.436
103,16.08 01:00,357.182
103,16.08 02:00,352.341
103,16.08 03:00,344.068
103,16.08 04:00,345.25
103,16.08 05:00,345.202
103,16.08 06:00,345.603
103,16.08 07:00,348.412
103,16.08 08:00,356.807
103,16.08 09:00,376.51
103,16.08 10:00,388.867
103,16.08 11:00,398.65
103,16.08 12:00,407.922
103,16.08 13:00,403.132
103,16.08 14:00,409.314
103,16.08 15:00,416.251
103,16.08 16:00,415.401
103,16.08 17:00,387.038
103,16.08 18:00,382.36
103,16.08 19:00,369.909
103,16.08 20:00,362.178
103,16.08 21:00,360.834
103,16.08 22:00,362.435
103,16.08 23:00,357.106
103,17.08 00:00,350.409
103,17.08 01:00,349.873
103,17.08 02:00,345.291
103,17.08 03:00,338.987
103,17.08 04:00,336.442
103,17.08 05:00,338.561
103,17.08 06:00,339.058
103,17.08 07:00,339.354
103,17.08 08:00,356.537
103,17.08 09:00,371.788
103,17.08 10:00,377.771
103,17.08 11:00,395.013
103,17.08 12:00,403.031
103,17.08 13:00,403.129
103,17.08 14:00,414.608
103,17.08 15:00,416.391
103,17.08 16:00,413.246
103,17.08 17:00,409.563
103,17.08 18:00,384.496
103,17.08 19:00,368.758
103,17.08 20:00,364.0
103,17.08 21:00,356.717
103,17.08 22:00,353.778
103,17.08 23:00,348.923
103,18.08 00:00,344.689
103,18.08 01:00,341.488
103,18.08 02:00,338.684
103,18.08 03:00,335.453
103,18.08 04:00,334.098
103,18.08 05:00,331.284
103,18.08 06:00,328.549
103,18.08 07:00,335.521
103,18.08 08:00,351.647
103,18.08 09:00,362.477
103,18.08 10:00,378.06
103,18.08 11:00,399.703
103,18.08 12:00,416.178
103,18.08 13:00,406.56
103,18.08 14:00,417.881
103,18.08 15:00,421.956
103,18.08 16:00,411.299
103,18.08 17:00,397.319
103,18.08 18:00,381.025
103,18.08 19:00,363.336
103,18.08 20:00,357.492
103,18.08 21:00,361.005
103,18.08 22:00,353.25
103,18.08 23:00,348.106
103,19.08 00:00,343.815
103,19.08 01:00,341.281
103,19.08 02:00,340.06
103,19.08 03:00,338.363
103,19.08 04:00,334.23
103,19.08 05:00,333.698
103,19.08 06:00,333.417
103,19.08 07:00,336.137
103,19.08 08:00,349.358
103,19.08 09:00,367.609
103,19.08 10:00,382.902
103,19.08 11:00,388.498
103,19.08 12:00,393.625
103,19.08 13:00,394.14
103,19.08 14:00,410.147
103,19.08 15:00,410.978
103,19.08 16:00,415.88
103,19.08 17:00,392.837
103,19.08 18:00,375.917
103,19.08 19:00,359.667
103,19.08 20:00,349.192
103,19.08 21:00,346.156
103,19.08 22:00,348.372
103,19.08 23:00,335.742
103,20.08 00:00,342.12
103,20.08 01:00,340.388
103,20.08 02:00,330.821
103,20.08 03:00,330.871
103,20.08 04:00,331.467
103,20.08 05:00,329.994
103,20.08 06:00,330.543
103,20.08 07:00,325.591
103,20.08 08:00,325.202
103,20.08 09:00,324.389
103,20.08 10:00,322.99
103,20.08 11:00,332.007
103,20.08 12:00,335.035
103,20.08 13:00,334.343
103,20.08 14:00,336.259
103,20.08 15:00,336.992
103,20.08 16:00,339.845
103,20.08 17:00,338.319
103,20.08 18:00,337.639
103,20.08 19:00,338.723
103,20.08 20:00,335.434
103,20.08 21:00,336.831
103,20.08 22:00,332.398
103,20.08 23:00,327.386
103,21.08 00:00,328.259
103,21.08 01:00,327.03
103,21.08 02:00,325.54
103,21.08 03:00,325.208
103,21.08 04:00,325.482
103,21.08 05:00,323.975
103,21.08 06:00,324.15
103,21.08 07:00,324.607
103,21.08 08:00,321.249
103,21.08 09:00,319.635
103,21.08 10:00,324.079
103,21.08 11:00,326.453
103,21.08 12:00,329.673
103,21.08 13:00,333.473
103,21.08 14:00,334.893
103,21.08 15:00,332.404
103,21.08 16:00,334.002
103,21.08 17:00,334.0
103,21.08 18:00,336.015
103,21.08 19:00,334.488
103,21.08 20:00,333.897
103,21.08 21:00,336.938
103,21.08 22:00,337.764
103,21.08 23:00,333.892
103,22.08 00:00,333.513
103,22.08 01:00,332.079
103,22.08 02:00,331.277
103,22.08 03:00,328.261
103,22.08 04:00,327.538
103,22.08 05:00,329.61
103,22.08 06:00,326.048
103,22.08 07:00,329.55
103,22.08 08:00,339.367
103,22.08 09:00,360.174
103,22.08 10:00,378.479
103,22.08 11:00,398.405
103,22.08 12:00,409.237
103,22.08 13:00,416.407
103,22.08 14:00,431.742
103,22.08 15:00,436.786
103,22.08 16:00,449.228
103,22.08 17:00,426.959
103,22.08 18:00,394.93
103,22.08 19:00,386.532
103,22.08 20:00,378.682
103,22.08 21:00,375.054
103,22.08 22:00,369.939
103,22.08 23:00,365.193
103,23.08 00:00,366.27
103,23.08 01:00,363.502
103,23.08 02:00,357.415
103,23.08 03:00,352.409
103,23.08 04:00,351.753
103,23.08 05:00,349.17
103,23.08 06:00,351.086
103,23.08 07:00,353.415
103,23.08 08:00,368.79
103,23.08 09:00,387.285
103,23.08 10:00,399.268
103,23.08 11:00,412.052
103,23.08 12:00,430.615
103,23.08 13:00,439.12
103,23.08 14:00,447.225
103,23.08 15:00,450.094
103,23.08 16:00,450.436
103,23.08 17:00,429.405
103,23.08 18:00,398.998
103,23.08 19:00,386.057
103,23.08 20:00,375.298
103,23.08 21:00,372.427
103,23.08 22:00,370.86
103,23.08 23:00,367.098
103,24.08 00:00,360.4
103,24.08 01:00,354.153
103,24.08 02:00,351.26
103,24.08 03:00,347.599
103,24.08 04:00,349.257
103,24.08 05:00,349.775
103,24.08 06:00,346.615
103,24.08 07:00,353.708
103,24.08 08:00,366.925
103,24.08 09:00,391.919
103,24.08 10:00,413.34
103,24.08 11:00,451.867
103,24.08 12:00,446.106
103,24.08 13:00,443.716
103,24.08 14:00,456.285
103,24.08 15:00,459.984
103,24.08 16:00,459.102
103,24.08 17:00,432.21
103,24.08 18:00,408.014
103,24.08 19:00,394.575
103,24.08 20:00,387.499
103,24.08 21:00,380.885
103,24.08 22:00,375.097
103,24.08 23:00,370.586
103,25.08 00:00,362.702
103,25.08 01:00,354.801
103,25.08 02:00,357.634
103,25.08 03:00,350.093
103,25.08 04:00,349.966
103,25.08 05:00,346.436
103,25.08 06:00,349.069
103,25.08 07:00,355.758
103,25.08 08:00,372.58
103,25.08 09:00,394.879
103,25.08 10:00,422.982
103,25.08 11:00,446.505
103,25.08 12:00,455.249
103,25.08 13:00,455.202
103,25.08 14:00,458.062
103,25.08 15:00,462.073
103,25.08 16:00,474.072
103,25.08 17:00,449.597
103,25.08 18:00,424.44
103,25.08 19:00,401.857
103,25.08 20:00,386.52
103,25.08 21:00,386.948
103,25.08 22:00,375.125
103,25.08 23:00,372.967
103,26.08 00:00,366.761
103,26.08 01:00,359.757
103,26.08 02:00,356.054
103,26.08 03:00,352.025
103,26.08 04:00,352.092
103,26.08 05:00,351.457
103,26.08 06:00,349.325
103,26.08 07:00,353.158
103,26.08 08:00,365.362
103,26.08 09:00,401.578
103,26.08 10:00,425.949
103,26.08 11:00,441.803
103,26.08 12:00,449.986
103,26.08 13:00,449.896
103,26.08 14:00,455.911
103,26.08 15:00,452.619
103,26.08 16:00,449.707
103,26.08 17:00,432.329
103,26.08 18:00,405.85
103,26.08 19:00,384.156
103,26.08 20:00,379.282
103,26.08 21:00,376.739
103,26.08 22:00,371.683
103,26.08 23:00,371.598
103,27.08 00:00,363.741
103,27.08 01:00,361.13
103,27.08 02:00,356.426
103,27.08 03:00,356.353
103,27.08 04:00,353.215
103,27.08 05:00,348.283
103,27.08 06:00,348.872
103,27.08 07:00,351.548
103,27.08 08:00,347.616
103,27.08 09:00,345.348
103,27.08 10:00,349.757
103,27.08 11:00,354.248
103,27.08 12:00,353.254
103,27.08 13:00,354.169
103,27.08 14:00,355.28
103,27.08 15:00,357.756
103,27.08 16:00,360.41
103,27.08 17:00,360.246
103,27.08 18:00,357.22
103,27.08 19:00,358.569
103,27.08 20:00,341.143
103,27.08 21:00,356.693
103,27.08 22:00,353.906
103,27.08 23:00,350.209
103,28.08 00:00,349.209
103,28.08 01:00,347.543
103,28.08 02:00,345.639
103,28.08 03:00,348.516
103,28.08 04:00,343.835
103,28.08 05:00,346.873
103,28.08 06:00,345.907
103,28.08 07:00,346.725
103,28.08 08:00,343.835
103,28.08 09:00,344.626
103,28.08 10:00,350.904
103,28.08 11:00,348.484
103,28.08 12:00,349.381
103,28.08 13:00,352.194
103,28.08 14:00,357.154
103,28.08 15:00,358.553
103,28.08 16:00,361.133
103,28.08 17:00,363.105
103,28.08 18:00,366.688
103,28.08 19:00,368.519
103,28.08 20:00,363.251
103,28.08 21:00,375.147
103,28.08 22:00,367.115
103,28.08 23:00,357.671
103,29.08 00:00,354.382
103,29.08 01:00,349.905
103,29.08 02:00,349.327
103,29.08 03:00,344.853
103,29.08 04:00,346.881
103,29.08 05:00,346.55
103,29.08 06:00,347.657
103,29.08 07:00,355.138
103,29.08 08:00,370.752
103,29.08 09:00,402.699
103,29.08 10:00,427.967
103,29.08 11:00,449.004
103,29.08 12:00,452.672
103,29.08 13:00,451.958
103,29.08 14:00,458.638
103,29.08 15:00,460.319
103,29.08 16:00,455.283
103,29.08 17:00,446.594
103,29.08 18:00,418.463
103,29.08 19:00,407.683
103,29.08 20:00,394.621
103,29.08 21:00,389.13
103,29.08 22:00,381.367
103,29.08 23:00,375.17
103,30.08 00:00,368.178
103,30.08 01:00,365.577
103,30.08 02:00,365.141
103,30.08 03:00,357.427
103,30.08 04:00,358.486
103,30.08 05:00,356.146
103,30.08 06:00,355.452
103,30.08 07:00,360.497
103,30.08 08:00,376.58
103,30.08 09:00,402.735
103,30.08 10:00,467.334
103,30.08 11:00,456.485
103,30.08 12:00,462.658
103,30.08 13:00,466.342
103,30.08 14:00,466.506
103,30.08 15:00,468.498
103,30.08 16:00,466.372
103,30.08 17:00,463.833
103,30.08 18:00,441.209
103,30.08 19:00,415.911
103,30.08 20:00,395.369
103,30.08 21:00,389.234
103,30.08 22:00,377.46
103,30.08 23:00,373.696
103,31.08 00:00,362.268
103,31.08 01:00,360.099
103,31.08 02:00,358.295
103,31.08 03:00,355.919
103,31.08 04:00,353.113
103,31.08 05:00,355.402
103,31.08 06:00,352.686
103,31.08 07:00,370.412
103,31.08 08:00,368.35
103,31.08 09:00,400.83
103,31.08 10:00,432.317
103,31.08 11:00,443.984
103,31.08 12:00,452.511
103,31.08 13:00,455.047
103,31.08 14:00,457.737
103,31.08 15:00,464.544
103,31.08 16:00,461.686
103,31.08 17:00,452.407
103,31.08 18:00,429.459
103,31.08 19:00,414.984
103,31.08 20:00,397.207
103,31.08 21:00,410.96
103,31.08 22:00,391.603
103,31.08 23:00,381.733
103,01.09 00:00,375.619
103,01.09 01:00,369.868
103,01.09 02:00,365.879
103,01.09 03:00,363.706
103,01.09 04:00,360.397
103,01.09 05:00,360.073
103,01.09 06:00,357.338
103,01.09 07:00,363.677
103,01.09 08:00,382.505
103,01.09 09:00,408.114
103,01.09 10:00,442.885
103,01.09 11:00,457.485
103,01.09 12:00,470.351
103,01.09 13:00,471.174
103,01.09 14:00,464.982
103,01.09 15:00,462.219
103,01.09 16:00,466.64
103,01.09 17:00,458.734
103,01.09 18:00,432.839
103,01.09 19:00,412.645
103,01.09 20:00,399.395
103,01.09 21:00,399.94
103,01.09 22:00,392.697
103,01.09 23:00,385.942
103,02.09 00:00,377.042
103,02.09 01:00,371.62
103,02.09 02:00,370.036
103,02.09 03:00,366.847
103,02.09 04:00,367.066
103,02.09 05:00,364.249
103,02.09 06:00,362.847
103,02.09 07:00,367.32
103,02.09 08:00,375.701
103,02.09 09:00,402.326
103,02.09 10:00,418.079
103,02.09 11:00,443.284
103,02.09 12:00,446.899
103,02.09 13:00,449.07
103,02.09 14:00,453.718
103,02.09 15:00,456.289
103,02.09 16:00,467.523
103,02.09 17:00,444.708
103,02.09 18:00,419.883
103,02.09 19:00,400.189
103,02.09 20:00,384.741
103,02.09 21:00,383.183
103,02.09 22:00,379.035
103,02.09 23:00,370.204
103,03.09 00:00,368.681
103,03.09 01:00,363.845
103,03.09 02:00,364.308
103,03.09 03:00,364.744
103,03.09 04:00,362.929
103,03.09 05:00,362.201
103,03.09 06:00,363.002
103,03.09 07:00,362.535
103,03.09 08:00,358.325
103,03.09 09:00,356.576
103,03.09 10:00,363.78
103,03.09 11:00,362.605
103,03.09 12:00,363.517
103,03.09 13:00,363.761
103,03.09 14:00,362.234
103,03.09 15:00,362.801
103,03.09 16:00,366.754
103,03.09 17:00,364.182
103,03.09 18:00,369.735
103,03.09 19:00,371.26
103,03.09 20:00,368.362
103,03.09 21:00,367.681
103,03.09 22:00,366.253
103,03.09 23:00,364.684
103,04.09 00:00,359.583
103,04.09 01:00,361.647
103,04.09 02:00,358.969
103,04.09 03:00,360.893
103,04.09 04:00,359.032
103,04.09 05:00,358.976
103,04.09 06:00,356.226
103,04.09 07:00,356.4
103,04.09 08:00,352.288
103,04.09 09:00,351.617
103,04.09 10:00,349.882
103,04.09 11:00,353.544
103,04.09 12:00,358.846
103,04.09 13:00,362.738
103,04.09 14:00,363.262
103,04.09 15:00,365.005
103,04.09 16:00,366.722
103,04.09 17:00,366.46
103,04.09 18:00,367.501
103,04.09 19:00,367.654
103,04.09 20:00,366.322
103,04.09 21:00,362.765
103,04.09 22:00,361.959
103,04.09 23:00,362.131
103,05.09 00:00,359.602
103,05.09 01:00,357.814
103,05.09 02:00,356.935
103,05.09 03:00,357.14
103,05.09 04:00,356.0
103,05.09 05:00,353.308
103,05.09 06:00,357.616
103,05.09 07:00,367.758
103,05.09 08:00,351.388
103,05.09 09:00,354.396
103,05.09 10:00,355.646
103,05.09 11:00,358.367
103,05.09 12:00,362.597
103,05.09 13:00,364.721
103,05.09 14:00,367.379
103,05.09 15:00,369.579
103,05.09 16:00,367.025
103,05.09 17:00,368.473
103,05.09 18:00,366.588
103,05.09 19:00,366.999
103,05.09 20:00,364.897
103,05.09 21:00,364.236
103,05.09 22:00,362.594
103,05.09 23:00,359.826
103,06.09 00:00,355.419
103,06.09 01:00,353.114
103,06.09 02:00,355.32
103,06.09 03:00,350.353
103,06.09 04:00,351.542
103,06.09 05:00,354.58
103,06.09 06:00,353.861
103,06.09 07:00,358.584
103,06.09 08:00,373.174
103,06.09 09:00,407.96
103,06.09 10:00,432.277
103,06.09 11:00,447.272
103,06.09 12:00,452.058
103,06.09 13:00,455.003
103,06.09 14:00,455.044
103,06.09 15:00,467.842
103,06.09 16:00,469.858
103,06.09 17:00,463.193
103,06.09 18:00,436.383
103,06.09 19:00,415.908
103,06.09 20:00,394.668
103,06.09 21:00,388.407
103,06.09 22:00,377.222
103,06.09 23:00,373.655
103,07.09 00:00,367.297
103,07.09 01:00,359.438
103,07.09 02:00,360.296
103,07.09 03:00,358.017
103,07.09 04:00,356.023
103,07.09 05:00,355.228
103,07.09 06:00,354.241
103,07.09 07:00,358.329
103,07.09 08:00,375.755
103,07.09 09:00,409.108
103,07.09 10:00,442.66
103,07.09 11:00,440.899
103,07.09 12:00,448.823
103,07.09 13:00,451.178
103,07.09 14:00,450.807
103,07.09 15:00,452.038
103,07.09 16:00,461.574
103,07.09 17:00,448.611
103,07.09 18:00,429.87
103,07.09 19:00,414.83
103,07.09 20:00,401.738
103,07.09 21:00,391.164
103,07.09 22:00,383.724
103,07.09 23:00,371.851
103,08.09 00:00,367.8
103,08.09 01:00,364.311
103,08.09 02:00,360.509
103,08.09 03:00,357.507
103,08.09 04:00,355.523
103,08.09 05:00,354.718
103,08.09 06:00,353.331
103,08.09 07:00,360.568
103,08.09 08:00,375.941
103,08.09 09:00,400.09
103,08.09 10:00,424.056
103,08.09 11:00,446.915
103,08.09 12:00,465.072
103,08.09 13:00,458.318
103,08.09 14:00,460.812
103,08.09 15:00,461.408
103,08.09 16:00,472.332
103,08.09 17:00,464.675
103,08.09 18:00,434.804
103,08.09 19:00,411.819
103,08.09 20:00,394.843
103,08.09 21:00,386.228
103,08.09 22:00,382.158
103,08.09 23:00,371.698
103,09.09 00:00,365.745
103,09.09 01:00,360.698
103,09.09 02:00,357.556
103,09.09 03:00,354.69
103,09.09 04:00,355.683
103,09.09 05:00,356.004
103,09.09 06:00,356.679
103,09.09 07:00,363.43
103,09.09 08:00,376.593
103,09.09 09:00,397.246
103,09.09 10:00,421.992
103,09.09 11:00,446.093
103,09.09 12:00,455.477
103,09.09 13:00,460.676
103,09.09 14:00,469.514
103,09.09 15:00,475.739
103,09.09 16:00,474.758
103,09.09 17:00,451.7
103,09.09 18:00,426.673
103,09.09 19:00,408.446
103,09.09 20:00,394.619
103,09.09 21:00,385.781
103,09.09 22:00,381.314
103,09.09 23:00,372.383
103,10.09 00:00,363.835
103,10.09 01:00,357.92
103,10.09 02:00,350.01
103,10.09 03:00,351.638
103,10.09 04:00,351.887
103,10.09 05:00,350.588
103,10.09 06:00,347.79
103,10.09 07:00,349.265
103,10.09 08:00,346.404
103,10.09 09:00,354.154
103,10.09 10:00,356.473
103,10.09 11:00,358.324
103,10.09 12:00,361.888
103,10.09 13:00,363.789
103,10.09 14:00,359.632
103,10.09 15:00,369.772
103,10.09 16:00,369.461
103,10.09 17:00,372.361
103,10.09 18:00,372.22
103,10.09 19:00,370.293
103,10.09 20:00,366.27
103,10.09 21:00,361.74
103,10.09 22:00,359.503
103,10.09 23:00,357.475
103,11.09 00:00,352.755
103,11.09 01:00,352.471
103,11.09 02:00,350.356
103,11.09 03:00,349.408
103,11.09 04:00,348.307
103,11.09 05:00,348.318
103,11.09 06:00,347.768
103,11.09 07:00,348.823
103,11.09 08:00,342.542
103,11.09 09:00,341.947
103,11.09 10:00,348.423
103,11.09 11:00,354.358
103,11.09 12:00,355.705
103,11.09 13:00,358.337
103,11.09 14:00,364.008
103,11.09 15:00,365.83
103,11.09 16:00,367.696
103,11.09 17:00,386.493
103,11.09 18:00,398.607
103,11.09 19:00,398.846
103,11.09 20:00,367.307
103,11.09 21:00,357.812
103,11.09 22:00,353.922
103,11.09 23:00,353.763
103,12.09 00:00,347.633
103,12.09 01:00,345.364
103,12.09 02:00,345.198
103,12.09 03:00,343.123
103,12.09 04:00,341.321
103,12.09 05:00,342.668
103,12.09 06:00,345.55
103,12.09 07:00,342.724
103,12.09 08:00,361.168
103,12.09 09:00,387.132
103,12.09 10:00,419.94
103,12.09 11:00,445.714
103,12.09 12:00,451.475
103,12.09 13:00,456.074
103,12.09 14:00,458.336
103,12.09 15:00,479.118
103,12.09 16:00,490.175
103,12.09 17:00,480.098
103,12.09 18:00,438.782
103,12.09 19:00,422.825
103,12.09 20:00,409.556
103,12.09 21:00,400.986
103,12.09 22:00,393.109
103,12.09 23:00,375.127
103,13.09 00:00,364.194
103,13.09 01:00,363.061
103,13.09 02:00,360.132
103,13.09 03:00,358.182
103,13.09 04:00,356.226
103,13.09 05:00,360.437
103,13.09 06:00,355.88
103,13.09 07:00,363.34
103,13.09 08:00,379.114
103,13.09 09:00,406.253
103,13.09 10:00,433.332
103,13.09 11:00,444.066
103,13.09 12:00,457.719
103,13.09 13:00,465.418
103,13.09 14:00,469.337
103,13.09 15:00,472.711
103,13.09 16:00,477.347
103,13.09 17:00,468.11
103,13.09 18:00,440.839
103,13.09 19:00,427.04
103,13.09 20:00,411.686
103,13.09 21:00,402.948
103,13.09 22:00,386.834
103,13.09 23:00,376.742
103,14.09 00:00,381.412
103,14.09 01:00,373.413
103,14.09 02:00,369.067
103,14.09 03:00,362.502
103,14.09 04:00,364.683
103,14.09 05:00,350.175
103,14.09 06:00,359.265
103,14.09 07:00,365.977
103,14.09 08:00,379.719
103,14.09 09:00,404.039
103,14.09 10:00,431.214
103,14.09 11:00,448.191
103,14.09 12:00,452.659
103,14.09 13:00,453.247
103,14.09 14:00,460.315
103,14.09 15:00,475.768
103,14.09 16:00,475.08
103,14.09 17:00,463.11
103,14.09 18:00,440.797
103,14.09 19:00,417.55
103,14.09 20:00,405.243
103,14.09 21:00,398.8
103,14.09 22:00,394.942
103,14.09 23:00,382.749
103,15.09 00:00,376.161
103,15.09 01:00,368.097
103,15.09 02:00,364.568
103,15.09 03:00,364.535
103,15.09 04:00,360.836
103,15.09 05:00,359.287
103,15.09 06:00,357.613
103,15.09 07:00,367.799
103,15.09 08:00,382.476
103,15.09 09:00,413.208
103,15.09 10:00,437.725
103,15.09 11:00,447.977
103,15.09 12:00,461.07
103,15.09 13:00,462.652
103,15.09 14:00,466.123
103,15.09 15:00,471.352
103,15.09 16:00,469.091
103,15.09 17:00,465.86
103,15.09 18:00,444.335
103,15.09 19:00,424.982
103,15.09 20:00,413.426
103,15.09 21:00,407.768
103,15.09 22:00,399.376
103,15.09 23:00,383.137
103,16.09 00:00,374.044
103,16.09 01:00,372.024
103,16.09 02:00,370.48
103,16.09 03:00,367.642
103,16.09 04:00,369.822
103,16.09 05:00,367.539
103,16.09 06:00,363.793
103,16.09 07:00,365.953
103,16.09 08:00,382.51
103,16.09 09:00,399.213
103,16.09 10:00,425.512
103,16.09 11:00,435.847
103,16.09 12:00,444.74
103,16.09 13:00,446.34
103,16.09 14:00,456.652
103,16.09 15:00,460.605
103,16.09 16:00,470.26
103,16.09 17:00,441.591
103,16.09 18:00,413.975
103,16.09 19:00,402.622
103,16.09 20:00,391.348
103,16.09 21:00,387.013
103,16.09 22:00,382.387
103,16.09 23:00,370.652
103,17.09 00:00,365.922
103,17.09 01:00,362.314
103,17.09 02:00,356.761
103,17.09 03:00,356.763
103,17.09 04:00,357.064
103,17.09 05:00,358.727
103,17.09 06:00,353.86
103,17.09 07:00,354.616
103,17.09 08:00,354.502
103,17.09 09:00,351.228
103,17.09 10:00,359.924
103,17.09 11:00,363.232
103,17.09 12:00,370.624
103,17.09 13:00,375.449
103,17.09 14:00,371.949
103,17.09 15:00,376.408
103,17.09 16:00,377.962
103,17.09 17:00,377.356
103,17.09 18:00,378.609
103,17.09 19:00,381.673
103,17.09 20:00,367.524
103,17.09 21:00,367.845
103,17.09 22:00,364.058
103,17.09 23:00,363.471
103,18.09 00:00,361.935
103,18.09 01:00,357.189
103,18.09 02:00,356.688
103,18.09 03:00,358.703
103,18.09 04:00,354.175
103,18.09 05:00,353.209
103,18.09 06:00,353.499
103,18.09 07:00,354.096
103,18.09 08:00,349.612
103,18.09 09:00,350.527
103,18.09 10:00,353.009
103,18.09 11:00,354.833
103,18.09 12:00,353.528
103,18.09 13:00,376.819
103,18.09 14:00,377.444
103,18.09 15:00,378.903
103,18.09 16:00,384.375
103,18.09 17:00,382.231
103,18.09 18:00,386.681
103,18.09 19:00,378.59
103,18.09 20:00,374.441
103,18.09 21:00,372.935
103,18.09 22:00,368.21
103,18.09 23:00,364.198
103,19.09 00:00,355.569
103,19.09 01:00,352.59
103,19.09 02:00,352.029
103,19.09 03:00,352.614
103,19.09 04:00,347.92
103,19.09 05:00,346.453
103,19.09 06:00,348.949
103,19.09 07:00,354.649
103,19.09 08:00,372.716
103,19.09 09:00,400.693
103,19.09 10:00,431.078
103,19.09 11:00,447.669
103,19.09 12:00,459.456
103,19.09 13:00,468.108
103,19.09 14:00,471.848
103,19.09 15:00,473.342
103,19.09 16:00,479.674
103,19.09 17:00,472.108
103,19.09 18:00,443.45
103,19.09 19:00,420.019
103,19.09 20:00,403.801
103,19.09 21:00,396.397
103,19.09 22:00,394.123
103,19.09 23:00,379.963
103,20.09 00:00,377.152
103,20.09 01:00,372.084
103,20.09 02:00,367.708
103,20.09 03:00,362.957
103,20.09 04:00,361.832
103,20.09 05:00,357.72
103,20.09 06:00,358.972
103,20.09 07:00,362.305
103,20.09 08:00,381.724
103,20.09 09:00,408.449
103,20.09 10:00,434.583
103,20.09 11:00,455.671
103,20.09 12:00,467.229
103,20.09 13:00,471.907
103,20.09 14:00,476.913
103,20.09 15:00,473.293
103,20.09 16:00,468.793
103,20.09 17:00,442.263
103,20.09 18:00,448.35
103,20.09 19:00,441.741
103,20.09 20:00,436.067
103,20.09 21:00,404.697
103,20.09 22:00,398.847
103,20.09 23:00,386.197
103,21.09 00:00,381.694
103,21.09 01:00,374.88
103,21.09 02:00,371.581
103,21.09 03:00,367.42
103,21.09 04:00,365.481
103,21.09 05:00,364.208
103,21.09 06:00,366.421
103,21.09 07:00,366.709
103,21.09 08:00,384.609
103,21.09 09:00,404.668
103,21.09 10:00,433.492
103,21.09 11:00,458.131
103,21.09 12:00,451.672
103,21.09 13:00,441.102
103,21.09 14:00,437.922
103,21.09 15:00,454.569
103,21.09 16:00,473.521
103,21.09 17:00,474.247
103,21.09 18:00,447.51
103,21.09 19:00,433.888
103,21.09 20:00,410.891
103,21.09 21:00,399.023
103,21.09 22:00,386.358
103,21.09 23:00,386.12
103,22.09 00:00,375.088
103,22.09 01:00,368.915
103,22.09 02:00,363.093
103,22.09 03:00,358.362
103,22.09 04:00,363.587
103,22.09 05:00,361.091
103,22.09 06:00,356.981
103,22.09 07:00,367.575
103,22.09 08:00,392.611
103,22.09 09:00,412.588
103,22.09 10:00,434.16
103,22.09 11:00,449.851
103,22.09 12:00,460.208
103,22.09 13:00,469.263
103,22.09 14:00,469.884
103,22.09 15:00,471.409
103,22.09 16:00,473.935
103,22.09 17:00,458.777
103,22.09 18:00,440.543
103,22.09 19:00,414.896
103,22.09 20:00,399.248
103,22.09 21:00,392.703
103,22.09 22:00,385.256
103,22.09 23:00,376.752
103,23.09 00:00,368.972
103,23.09 01:00,366.372
103,23.09 02:00,363.539
103,23.09 03:00,358.204
103,23.09 04:00,356.602
103,23.09 05:00,356.275
103,23.09 06:00,354.673
103,23.09 07:00,365.419
103,23.09 08:00,375.241
103,23.09 09:00,400.462
103,23.09 10:00,443.461
103,23.09 11:00,456.242
103,23.09 12:00,466.477
103,23.09 13:00,468.844
103,23.09 14:00,475.282
103,23.09 15:00,473.249
103,23.09 16:00,465.766
103,23.09 17:00,453.174
103,23.09 18:00,438.351
103,23.09 19:00,416.029
103,23.09 20:00,397.114
103,23.09 21:00,393.581
103,23.09 22:00,389.73
103,23.09 23:00,376.149
103,24.09 00:00,373.239
103,24.09 01:00,368.748
103,24.09 02:00,362.368
103,24.09 03:00,358.71
103,24.09 04:00,358.612
103,24.09 05:00,359.156
103,24.09 06:00,359.337
103,24.09 07:00,356.741
103,24.09 08:00,359.661
103,24.09 09:00,359.326
103,24.09 10:00,365.994
103,24.09 11:00,363.301
103,24.09 12:00,365.853
103,24.09 13:00,376.48
103,24.09 14:00,376.452
103,24.09 15:00,380.108
103,24.09 16:00,379.07
103,24.09 17:00,384.4
103,24.09 18:00,383.724
103,24.09 19:00,378.363
103,24.09 20:00,370.651
103,24.09 21:00,362.225
103,24.09 22:00,356.371
103,24.09 23:00,361.162
103,25.09 00:00,358.285
103,25.09 01:00,357.916
103,25.09 02:00,357.546
103,25.09 03:00,358.119
103,25.09 04:00,355.816
103,25.09 05:00,354.56
103,25.09 06:00,352.581
103,25.09 07:00,353.472
103,25.09 08:00,350.407
103,25.09 09:00,352.511
103,25.09 10:00,355.62
103,25.09 11:00,358.827
103,25.09 12:00,364.591
103,25.09 13:00,361.527
103,25.09 14:00,369.798
103,25.09 15:00,379.297
103,25.09 16:00,378.896
103,25.09 17:00,381.744
103,25.09 18:00,373.031
103,25.09 19:00,373.821
103,25.09 20:00,367.242
103,25.09 21:00,364.522
103,25.09 22:00,361.012
103,25.09 23:00,362.045
103,26.09 00:00,357.235
103,26.09 01:00,354.003
103,26.09 02:00,354.199
103,26.09 03:00,353.067
103,26.09 04:00,351.148
103,26.09 05:00,351.73
103,26.09 06:00,351.634
103,26.09 07:00,356.608
103,26.09 08:00,372.593
103,26.09 09:00,393.747
103,26.09 10:00,421.703
103,26.09 11:00,443.687
103,26.09 12:00,452.211
103,26.09 13:00,453.027
103,26.09 14:00,449.879
103,26.09 15:00,461.815
103,26.09 16:00,456.41
103,26.09 17:00,450.93
103,26.09 18:00,419.159
103,26.09 19:00,410.761
103,26.09 20:00,397.527
103,26.09 21:00,391.889
103,26.09 22:00,388.698
103,26.09 23:00,377.387
103,27.09 00:00,371.901
103,27.09 01:00,368.651
103,27.09 02:00,365.444
103,27.09 03:00,363.098
103,27.09 04:00,361.948
103,27.09 05:00,361.708
103,27.09 06:00,378.759
103,27.09 07:00,366.087
103,27.09 08:00,383.714
103,27.09 09:00,403.801
103,27.09 10:00,432.682
103,27.09 11:00,442.314
103,27.09 12:00,457.112
103,27.09 13:00,454.617
103,27.09 14:00,455.774
103,27.09 15:00,460.974
103,27.09 16:00,466.476
103,27.09 17:00,452.225
103,27.09 18:00,430.073
103,27.09 19:00,420.01
103,27.09 20:00,407.494
103,27.09 21:00,394.148
103,27.09 22:00,393.508
103,27.09 23:00,379.073
103,28.09 00:00,362.869
103,28.09 01:00,360.771
103,28.09 02:00,360.255
103,28.09 03:00,352.832
103,28.09 04:00,351.744
103,28.09 05:00,351.912
103,28.09 06:00,352.11
103,28.09 07:00,357.697
103,28.09 08:00,371.979
103,28.09 09:00,397.645
103,28.09 10:00,431.858
103,28.09 11:00,435.043
103,28.09 12:00,445.376
103,28.09 13:00,451.674
103,28.09 14:00,457.122
103,28.09 15:00,464.723
103,28.09 16:00,463.088
103,28.09 17:00,451.298
103,28.09 18:00,434.849
103,28.09 19:00,412.777
103,28.09 20:00,402.407
103,28.09 21:00,399.952
103,28.09 22:00,392.65
103,28.09 23:00,384.048
103,29.09 00:00,374.218
103,29.09 01:00,364.064
103,29.09 02:00,357.432
103,29.09 03:00,352.325
103,29.09 04:00,354.878
103,29.09 05:00,353.267
103,29.09 06:00,352.502
103,29.09 07:00,363.964
103,29.09 08:00,380.333
103,29.09 09:00,394.174
103,29.09 10:00,431.508
103,29.09 11:00,450.245
103,29.09 12:00,472.578
103,29.09 13:00,469.543
103,29.09 14:00,484.172
103,29.09 15:00,477.384
103,29.09 16:00,462.46
103,29.09 17:00,453.059
103,29.09 18:00,428.509
103,29.09 19:00,414.868
103,29.09 20:00,399.828
103,29.09 21:00,400.154
103,29.09 22:00,388.524
103,29.09 23:00,377.883
103,30.09 00:00,366.616
103,30.09 01:00,361.854
103,30.09 02:00,361.537
103,30.09 03:00,359.655
103,30.09 04:00,357.148
103,30.09 05:00,355.508
103,30.09 06:00,354.8
103,30.09 07:00,362.313
103,30.09 08:00,379.032
103,30.09 09:00,400.278
103,30.09 10:00,424.489
103,30.09 11:00,438.376
103,30.09 12:00,447.647
103,30.09 13:00,448.847
103,30.09 14:00,447.06
103,30.09 15:00,443.58
103,30.09 16:00,453.047
103,30.09 17:00,442.548
103,30.09 18:00,417.134
103,30.09 19:00,398.429
103,30.09 20:00,386.117
103,30.09 21:00,376.749
103,30.09 22:00,375.149
103,30.09 23:00,364.856
