112,01.03 00:00,20.047
112,01.03 01:00,18.923
112,01.03 02:00,19.036
112,01.03 03:00,20.049
112,01.03 04:00,18.958
112,01.03 05:00,19.979
112,01.03 06:00,19.929
112,01.03 07:00,20.916
112,01.03 08:00,20.001
112,01.03 09:00,23.066
112,01.03 10:00,25.114
112,01.03 11:00,25.011
112,01.03 12:00,25.974
112,01.03 13:00,26.067
112,01.03 14:00,26.062
112,01.03 15:00,26.869
112,01.03 16:00,26.088
112,01.03 17:00,26.08
112,01.03 18:00,25.116
112,01.03 19:00,23.994
112,01.03 20:00,22.971
112,01.03 21:00,23.925
112,01.03 22:00,21.043
112,01.03 23:00,21.919
112,02.03 00:00,20.906
112,02.03 01:00,20.959
112,02.03 02:00,19.932
112,02.03 03:00,20.971
112,02.03 04:00,19.915
112,02.03 05:00,20.915
112,02.03 06:00,22.08
112,02.03 07:00,21.057
112,02.03 08:00,22.915
112,02.03 09:00,24.927
112,02.03 10:00,27.075
112,02.03 11:00,26.984
112,02.03 12:00,25.088
112,02.03 13:00,26.173
112,02.03 14:00,26.12
112,02.03 15:00,24.894
112,02.03 16:00,25.933
112,02.03 17:00,23.898
112,02.03 18:00,23.979
112,02.03 19:00,21.053
112,02.03 20:00,23.002
112,02.03 21:00,22.888
112,02.03 22:00,21.046
112,02.03 23:00,19.924
112,03.03 00:00,19.994
112,03.03 01:00,19.064
112,03.03 02:00,20.001
112,03.03 03:00,19.931
112,03.03 04:00,19.972
112,03.03 05:00,18.95
112,03.03 06:00,20.98
112,03.03 07:00,21.92
112,03.03 08:00,20.061
112,03.03 09:00,20.931
112,03.03 10:00,24.93
112,03.03 11:00,24.956
112,03.03 12:00,24.922
112,03.03 13:00,27.039
112,03.03 14:00,26.097
112,03.03 15:00,24.919
112,03.03 16:00,24.897
112,03.03 17:00,26.002
112,03.03 18:00,22.92
112,03.03 19:00,22.06
112,03.03 20:00,22.95
112,03.03 21:00,22.067
112,03.03 22:00,21.914
112,03.03 23:00,20.002
112,04.03 00:00,21.099
112,04.03 01:00,19.974
112,04.03 02:00,21.065
112,04.03 03:00,20.027
112,04.03 04:00,21.023
112,04.03 05:00,20.992
112,04.03 06:00,22.078
112,04.03 07:00,20.925
112,04.03 08:00,21.992
112,04.03 09:00,21.997
112,04.03 10:00,23.914
112,04.03 11:00,24.949
112,04.03 12:00,24.979
112,04.03 13:00,25.084
112,04.03 14:00,28.059
112,04.03 15:00,26.029
112,04.03 16:00,26.896
112,04.03 17:00,24.946
112,04.03 18:00,25.013
112,04.03 19:00,23.031
112,04.03 20:00,23.09
112,04.03 21:00,22.083
112,04.03 22:00,21.053
112,04.03 23:00,19.933
112,05.03 00:00,19.943
112,05.03 01:00,19.963
112,05.03 02:00,19.94
112,05.03 03:00,21.101
112,05.03 04:00,20.001
112,05.03 05:00,20.075
112,05.03 06:00,20.999
112,05.03 07:00,20.931
112,05.03 08:00,19.969
112,05.03 09:00,20.084
112,05.03 10:00,20.925
112,05.03 11:00,20.935
112,05.03 12:00,20.043
112,05.03 13:00,20.677
112,05.03 14:00,21.072
112,05.03 15:00,20.911
112,05.03 16:00,20.987
112,05.03 17:00,22.098
112,05.03 18:00,21.029
112,05.03 19:00,21.961
112,05.03 20:00,20.956
112,05.03 21:00,20.932
112,05.03 22:00,20.937
112,05.03 23:00,20.1
112,06.03 00:00,22.052
112,06.03 01:00,20.035
112,06.03 02:00,21.087
112,06.03 03:00,19.989
112,06.03 04:00,21.094
112,06.03 05:00,20.995
112,06.03 06:00,19.906
112,06.03 07:00,21.058
112,06.03 08:00,19.03
112,06.03 09:00,17.971
112,06.03 10:00,19.005
112,06.03 11:00,17.988
112,06.03 12:00,18.083
112,06.03 13:00,18.976
112,06.03 14:00,17.987
112,06.03 15:00,18.945
112,06.03 16:00,18.025
112,06.03 17:00,17.921
112,06.03 18:00,19.077
112,06.03 19:00,19.951
112,06.03 20:00,19.938
112,06.03 21:00,20.913
112,06.03 22:00,21.021
112,06.03 23:00,20.076
112,07.03 00:00,21.021
112,07.03 01:00,21.043
112,07.03 02:00,21.059
112,07.03 03:00,20.038
112,07.03 04:00,21.001
112,07.03 05:00,20.918
112,07.03 06:00,22.995
112,07.03 07:00,22.009
112,07.03 08:00,22.069
112,07.03 09:00,20.948
112,07.03 10:00,26.045
112,07.03 11:00,25.017
112,07.03 12:00,25.957
112,07.03 13:00,25.956
112,07.03 14:00,25.037
112,07.03 15:00,24.975
112,07.03 16:00,26.073
112,07.03 17:00,23.969
112,07.03 18:00,21.957
112,07.03 19:00,22.9
112,07.03 20:00,23.108
112,07.03 21:00,22.076
112,07.03 22:00,21.039
112,07.03 23:00,20.918
112,08.03 00:00,20.934
112,08.03 01:00,19.925
112,08.03 02:00,19.906
112,08.03 03:00,20.898
112,08.03 04:00,18.917
112,08.03 05:00,19.941
112,08.03 06:00,20.936
112,08.03 07:00,22.012
112,08.03 08:00,20.946
112,08.03 09:00,20.965
112,08.03 10:00,25.096
112,08.03 11:00,23.911
112,08.03 12:00,25.974
112,08.03 13:00,27.097
112,08.03 14:00,28.992
112,08.03 15:00,26.106
112,08.03 16:00,28.133
112,08.03 17:00,24.991
112,08.03 18:00,23.09
112,08.03 19:00,20.952
112,08.03 20:00,22.099
112,08.03 21:00,22.085
112,08.03 22:00,20.079
112,08.03 23:00,20.008
112,09.03 00:00,20.016
112,09.03 01:00,20.903
112,09.03 02:00,20.005
112,09.03 03:00,19.945
112,09.03 04:00,19.943
112,09.03 05:00,20.016
112,09.03 06:00,20.047
112,09.03 07:00,20.013
112,09.03 08:00,18.962
112,09.03 09:00,23.031
112,09.03 10:00,25.112
112,09.03 11:00,26.881
112,09.03 12:00,26.869
112,09.03 13:00,24.882
112,09.03 14:00,25.908
112,09.03 15:00,27.059
112,09.03 16:00,25.889
112,09.03 17:00,26.423
112,09.03 18:00,24.03
112,09.03 19:00,21.974
112,09.03 20:00,22.025
112,09.03 21:00,22.016
112,09.03 22:00,21.907
112,09.03 23:00,21.031
112,10.03 00:00,19.971
112,10.03 01:00,19.932
112,10.03 02:00,19.901
112,10.03 03:00,20.02
112,10.03 04:00,21.941
112,10.03 05:00,21.101
112,10.03 06:00,20.037
112,10.03 07:00,20.073
112,10.03 08:00,19.987
112,10.03 09:00,22.051
112,10.03 10:00,24.013
112,10.03 11:00,25.066
112,10.03 12:00,26.028
112,10.03 13:00,25.051
112,10.03 14:00,26.112
112,10.03 15:00,24.921
112,10.03 16:00,23.953
112,10.03 17:00,24.048
112,10.03 18:00,22.103
112,10.03 19:00,23.059
112,10.03 20:00,22.023
112,10.03 21:00,21.896
112,10.03 22:00,21.041
112,10.03 23:00,19.991
112,11.03 00:00,19.99
112,11.03 01:00,20.073
112,11.03 02:00,20.015
112,11.03 03:00,20.093
112,11.03 04:00,20.07
112,11.03 05:00,20.027
112,11.03 06:00,21.035
112,11.03 07:00,21.915
112,11.03 08:00,21.075
112,11.03 09:00,21.964
112,11.03 10:00,25.091
112,11.03 11:00,25.091
112,11.03 12:00,25.063
112,11.03 13:00,25.01
112,11.03 14:00,25.12
112,11.03 15:00,25.051
112,11.03 16:00,24.017
112,11.03 17:00,23.883
112,11.03 18:00,22.975
112,11.03 19:00,22.886
112,11.03 20:00,23.919
112,11.03 21:00,24.053
112,11.03 22:00,24.025
112,11.03 23:00,24.108
112,12.03 00:00,20.025
112,12.03 01:00,18.981
112,12.03 02:00,20.016
112,12.03 03:00,19.927
112,12.03 04:00,19.93
112,12.03 05:00,18.954
112,12.03 06:00,19.945
112,12.03 07:00,19.938
112,12.03 08:00,19.004
112,12.03 09:00,16.982
112,12.03 10:00,17.949
112,12.03 11:00,18.062
112,12.03 12:00,17.076
112,12.03 13:00,16.975
112,12.03 14:00,18.07
112,12.03 15:00,18.018
112,12.03 16:00,17.064
112,12.03 17:00,17.02
112,12.03 18:00,18.09
112,12.03 19:00,18.948
112,12.03 20:00,20.049
112,12.03 21:00,20.028
112,12.03 22:00,20.066
112,12.03 23:00,20.057
112,13.03 00:00,20.041
112,13.03 01:00,19.957
112,13.03 02:00,19.043
112,13.03 04:00,20.043
112,13.03 05:00,20.044
112,13.03 06:00,19.909
112,13.03 07:00,19.046
112,13.03 08:00,20.057
112,13.03 09:00,18.048
112,13.03 10:00,18.009
112,13.03 11:00,17.938
112,13.03 12:00,16.976
112,13.03 13:00,17.911
112,13.03 14:00,16.982
112,13.03 15:00,18.007
112,13.03 16:00,17.026
112,13.03 17:00,17.927
112,13.03 18:00,18.062
112,13.03 19:00,18.908
112,13.03 20:00,19.019
112,13.03 21:00,20.095
112,13.03 22:00,20.077
112,13.03 23:00,19.957
112,14.03 00:00,19.902
112,14.03 01:00,19.937
112,14.03 02:00,20.042
112,14.03 03:00,19.953
112,14.03 04:00,18.94
112,14.03 05:00,19.931
112,14.03 06:00,19.915
112,14.03 07:00,19.932
112,14.03 08:00,20.008
112,14.03 09:00,22.034
112,14.03 10:00,23.058
112,14.03 11:00,22.894
112,14.03 12:00,23.018
112,14.03 13:00,24.975
112,14.03 14:00,25.03
112,14.03 15:00,23.971
112,14.03 16:00,23.95
112,14.03 17:00,23.021
112,14.03 18:00,23.039
112,14.03 19:00,21.999
112,14.03 20:00,20.426
112,14.03 21:00,22.074
112,14.03 22:00,21.921
112,14.03 23:00,20.99
112,15.03 00:00,19.999
112,15.03 01:00,21.06
112,15.03 02:00,20.028
112,15.03 03:00,20.938
112,15.03 04:00,20.041
112,15.03 05:00,20.024
112,15.03 06:00,20.023
112,15.03 07:00,19.913
112,15.03 08:00,21.917
112,15.03 09:00,23.11
112,15.03 10:00,23.949
112,15.03 11:00,22.985
112,15.03 12:00,24.065
112,15.03 13:00,24.038
112,15.03 14:00,24.927
112,15.03 15:00,23.919
112,15.03 16:00,24.903
112,15.03 17:00,23.053
112,15.03 18:00,22.037
112,15.03 19:00,18.993
112,15.03 20:00,19.017
112,15.03 21:00,19.915
112,15.03 22:00,20.032
112,15.03 23:00,18.963
112,16.03 00:00,20.075
112,16.03 01:00,19.973
112,16.03 02:00,19.082
112,16.03 03:00,19.968
112,16.03 04:00,20.034
112,16.03 05:00,18.987
112,16.03 06:00,19.919
112,16.03 07:00,18.922
112,16.03 08:00,21.954
112,16.03 09:00,21.996
112,16.03 10:00,24.024
112,16.03 11:00,24.023
112,16.03 12:00,24.11
112,16.03 13:00,23.064
112,16.03 14:00,24.984
112,16.03 15:00,23.885
112,16.03 16:00,25.041
112,16.03 17:00,23.008
112,16.03 18:00,21.096
112,16.03 19:00,19.037
112,16.03 20:00,20.978
112,16.03 21:00,21.085
112,16.03 22:00,20.922
112,16.03 23:00,20.905
112,17.03 00:00,21.988
112,17.03 01:00,20.957
112,17.03 02:00,20.03
112,17.03 03:00,19.945
112,17.03 04:00,19.957
112,17.03 05:00,20.077
112,17.03 06:00,20.036
112,17.03 07:00,19.981
112,17.03 08:00,22.053
112,17.03 09:00,22.904
112,17.03 10:00,26.917
112,17.03 11:00,25.1
112,17.03 12:00,24.986
112,17.03 13:00,25.107
112,17.03 14:00,24.058
112,17.03 15:00,24.954
112,17.03 16:00,23.957
112,17.03 17:00,22.991
112,17.03 18:00,22.057
112,17.03 19:00,21.004
112,17.03 20:00,23.107
112,17.03 21:00,22.093
112,17.03 22:00,21.105
112,17.03 23:00,19.911
112,18.03 00:00,1.001
112,18.03 01:00,0.998
112,18.03 02:00,1.003
112,18.03 03:00,1.001
112,18.03 04:00,0.999
112,18.03 05:00,1.004
112,18.03 06:00,1.005
112,18.03 07:00,0.997
112,18.03 08:00,22.077
112,18.03 09:00,22.081
112,18.03 10:00,23.001
112,18.03 11:00,24.008
112,18.03 12:00,22.92
112,18.03 13:00,23.952
112,18.03 14:00,23.994
112,18.03 15:00,22.953
112,18.03 16:00,22.96
112,18.03 17:00,23.05
112,18.03 18:00,21.956
112,18.03 19:00,21.004
112,18.03 20:00,20.915
112,18.03 21:00,22.086
112,18.03 22:00,20.94
112,18.03 23:00,22.096
112,19.03 00:00,19.983
112,19.03 01:00,21.072
112,19.03 02:00,19.925
112,19.03 03:00,20.042
112,19.03 04:00,20.087
112,19.03 05:00,19.008
112,19.03 06:00,21.095
112,19.03 07:00,20.049
112,19.03 08:00,18.956
112,19.03 09:00,17.964
112,19.03 10:00,18.925
112,19.03 11:00,16.918
112,19.03 12:00,17.915
112,19.03 13:00,17.015
112,19.03 14:00,17.975
112,19.03 15:00,17.949
112,19.03 16:00,17.955
112,19.03 17:00,17.013
112,19.03 18:00,18.043
112,19.03 19:00,18.078
112,19.03 20:00,18.997
112,19.03 21:00,20.048
112,19.03 22:00,19.951
112,19.03 23:00,19.929
112,20.03 00:00,20.07
112,20.03 01:00,19.939
112,20.03 02:00,20.907
112,20.03 03:00,18.971
112,20.03 04:00,19.922
112,20.03 05:00,20.077
112,20.03 06:00,20.013
112,20.03 07:00,19.919
112,20.03 08:00,20.739
112,20.03 09:00,18.013
112,20.03 10:00,17.932
112,20.03 11:00,16.919
112,20.03 12:00,18.986
112,20.03 13:00,17.045
112,20.03 14:00,17.925
112,20.03 15:00,18.039
112,20.03 16:00,18.066
112,20.03 17:00,18.976
112,20.03 18:00,17.911
112,20.03 19:00,17.949
112,20.03 20:00,17.955
112,20.03 21:00,20.059
112,20.03 22:00,18.983
112,20.03 23:00,19.969
112,21.03 00:00,19.034
112,21.03 01:00,21.061
112,21.03 02:00,18.967
112,21.03 03:00,20.095
112,21.03 04:00,19.067
112,21.03 05:00,19.99
112,21.03 06:00,19.024
112,21.03 07:00,19.73
112,21.03 08:00,20.051
112,21.03 09:00,22.061
112,21.03 10:00,23.992
112,21.03 11:00,25.063
112,21.03 12:00,24.909
112,21.03 13:00,25.089
112,21.03 14:00,25.089
112,21.03 15:00,24.026
112,21.03 16:00,26.118
112,21.03 17:00,23.006
112,21.03 18:00,23.058
112,21.03 19:00,20.084
112,21.03 20:00,19.957
112,21.03 21:00,21.931
112,21.03 22:00,19.973
112,21.03 23:00,20.079
112,22.03 00:00,19.979
112,22.03 01:00,19.937
112,22.03 02:00,20.017
112,22.03 03:00,19.912
112,22.03 04:00,18.938
112,22.03 05:00,20.063
112,22.03 06:00,20.911
112,22.03 07:00,21.044
112,22.03 08:00,21.944
112,22.03 09:00,23.064
112,22.03 10:00,24.969
112,22.03 11:00,23.995
112,22.03 12:00,23.956
112,22.03 13:00,23.944
112,22.03 14:00,25.073
112,22.03 15:00,24.015
112,22.03 16:00,22.989
112,22.03 17:00,23.954
112,22.03 18:00,23.065
112,22.03 19:00,20.982
112,22.03 20:00,20.96
112,22.03 21:00,23.113
112,22.03 22:00,23.102
112,22.03 23:00,21.087
112,23.03 00:00,20.899
112,23.03 01:00,19.938
112,23.03 02:00,19.904
112,23.03 03:00,19.923
112,23.03 04:00,20.012
112,23.03 05:00,19.026
112,23.03 06:00,21.935
112,23.03 07:00,21.059
112,23.03 08:00,21.094
112,23.03 09:00,22.096
112,23.03 10:00,25.12
112,23.03 11:00,24.915
112,23.03 12:00,25.104
112,23.03 13:00,26.97
112,23.03 14:00,26.001
112,23.03 15:00,27.123
112,23.03 16:00,25.068
112,23.03 17:00,24.986
112,23.03 18:00,23.923
112,23.03 19:00,20.93
112,23.03 20:00,21.039
112,23.03 21:00,20.921
112,23.03 22:00,21.98
112,23.03 23:00,19.903
112,24.03 00:00,19.902
112,24.03 01:00,21.088
112,24.03 02:00,20.074
112,24.03 03:00,19.922
112,24.03 04:00,19.922
112,24.03 05:00,19.997
112,24.03 06:00,21.014
112,24.03 07:00,21.994
112,24.03 08:00,21.055
112,24.03 09:00,23.04
112,24.03 10:00,24.052
112,24.03 11:00,24.973
112,24.03 12:00,24.063
112,24.03 13:00,25.938
112,24.03 14:00,25.932
112,24.03 15:00,25.969
112,24.03 16:00,25.988
112,24.03 17:00,25.122
112,24.03 18:00,22.979
112,24.03 19:00,20.998
112,24.03 20:00,21.992
112,24.03 21:00,21.96
112,24.03 22:00,22.097
112,24.03 23:00,19.924
112,25.03 00:00,19.95
112,25.03 01:00,19.988
112,25.03 02:00,19.996
112,25.03 03:00,19.949
112,25.03 04:00,19.085
112,25.03 05:00,19.954
112,25.03 06:00,20.909
112,25.03 07:00,22.0
112,25.03 08:00,20.932
112,25.03 09:00,23.083
112,25.03 10:00,24.97
112,25.03 11:00,24.97
112,25.03 12:00,23.897
112,25.03 13:00,24.978
112,25.03 14:00,24.014
112,25.03 15:00,24.094
112,25.03 16:00,24.022
112,25.03 17:00,21.918
112,25.03 18:00,22.032
112,25.03 19:00,19.918
112,25.03 20:00,21.066
112,25.03 21:00,21.086
112,25.03 22:00,21.02
112,25.03 23:00,18.935
112,26.03 00:00,19.012
112,26.03 01:00,20.005
112,26.03 02:00,19.01
112,26.03 03:00,20.068
112,26.03 04:00,18.916
112,26.03 05:00,19.053
112,26.03 06:00,20.039
112,26.03 07:00,18.985
112,26.03 08:00,18.975
112,26.03 09:00,17.084
112,26.03 10:00,18.023
112,26.03 11:00,16.973
112,26.03 12:00,17.937
112,26.03 13:00,18.012
112,26.03 14:00,16.952
112,26.03 15:00,17.956
112,26.03 16:00,17.026
112,26.03 17:00,18.067
112,26.03 18:00,16.946
112,26.03 19:00,18.056
112,26.03 20:00,19.083
112,26.03 21:00,18.945
112,26.03 22:00,19.977
112,26.03 23:00,20.068
112,27.03 00:00,20.013
112,27.03 01:00,19.965
112,27.03 02:00,19.014
112,27.03 03:00,19.994
112,27.03 04:00,19.962
112,27.03 05:00,19.968
112,27.03 06:00,19.972
112,27.03 07:00,20.0
112,27.03 08:00,19.03
112,27.03 09:00,17.991
112,27.03 10:00,16.993
112,27.03 11:00,17.975
112,27.03 12:00,17.021
112,27.03 13:00,17.911
112,27.03 14:00,17.075
112,27.03 15:00,18.077
112,27.03 16:00,17.074
112,27.03 17:00,17.97
112,27.03 18:00,16.923
112,27.03 19:00,18.048
112,27.03 20:00,19.015
112,27.03 21:00,20.035
112,27.03 22:00,19.939
112,27.03 23:00,18.97
112,28.03 00:00,19.917
112,28.03 01:00,20.1
112,28.03 02:00,20.04
112,28.03 03:00,19.058
112,28.03 04:00,20.057
112,28.03 05:00,19.909
112,28.03 06:00,21.063
112,28.03 07:00,20.03
112,28.03 08:00,20.948
112,28.03 09:00,22.052
112,28.03 10:00,25.092
112,28.03 11:00,26.996
112,28.03 12:00,28.969
112,28.03 13:00,28.004
112,28.03 14:00,30.092
112,28.03 15:00,24.993
112,28.03 16:00,25.892
112,28.03 17:00,24.077
112,28.03 18:00,22.958
112,28.03 19:00,20.907
112,28.03 20:00,21.088
112,28.03 21:00,23.099
112,28.03 22:00,21.085
112,28.03 23:00,20.917
112,29.03 00:00,19.919
112,29.03 01:00,21.086
112,29.03 02:00,19.05
112,29.03 03:00,20.076
112,29.03 04:00,19.914
112,29.03 05:00,19.909
112,29.03 06:00,21.078
112,29.03 07:00,20.097
112,29.03 08:00,20.911
112,29.03 09:00,22.004
112,29.03 10:00,23.976
112,29.03 11:00,24.994
112,29.03 12:00,0.0
112,29.03 13:00,0.0
112,29.03 14:00,24.933
112,29.03 15:00,25.002
112,29.03 16:00,24.054
112,29.03 17:00,24.117
112,29.03 18:00,21.924
112,29.03 19:00,22.081
112,29.03 20:00,21.086
112,29.03 21:00,22.889
112,29.03 22:00,21.011
112,29.03 23:00,20.895
112,30.03 00:00,20.926
112,30.03 01:00,20.997
112,30.03 02:00,0.0
112,30.03 03:00,0.997
112,30.03 04:00,1.004
112,30.03 05:00,1.004
112,30.03 06:00,0.999
112,30.03 07:00,1.003
112,30.03 08:00,1.005
112,30.03 09:00,0.999
112,30.03 11:00,25.044
112,30.03 12:00,24.916
112,30.03 13:00,26.932
112,30.03 14:00,24.973
112,30.03 15:00,28.081
112,30.03 16:00,29.06
112,30.03 17:00,29.046
112,30.03 18:00,26.989
112,30.03 19:00,23.948
112,30.03 20:00,20.975
112,30.03 21:00,22.014
112,30.03 22:00,21.045
112,30.03 23:00,19.968
112,31.03 00:00,18.997
112,31.03 01:00,18.934
112,31.03 02:00,19.951
112,31.03 03:00,19.023
112,31.03 04:00,19.94
112,31.03 05:00,19.962
112,31.03 06:00,19.963
112,31.03 07:00,21.097
112,31.03 08:00,21.099
112,31.03 09:00,21.95
112,31.03 10:00,25.999
112,31.03 11:00,25.018
112,31.03 12:00,25.078
112,31.03 13:00,25.068
112,31.03 14:00,25.927
112,31.03 15:00,25.871
112,31.03 16:00,26.983
112,31.03 17:00,25.118
112,31.03 18:00,22.96
112,31.03 19:00,20.392
112,31.03 20:00,21.032
112,31.03 21:00,21.951
112,31.03 22:00,21.969
112,31.03 23:00,20.973
112,01.04 00:00,20.044
112,01.04 01:00,19.05
112,01.04 02:00,19.957
112,01.04 03:00,18.913
112,01.04 04:00,19.983
112,01.04 05:00,19.944
112,01.04 06:00,20.986
112,01.04 07:00,20.096
112,01.04 08:00,20.949
112,01.04 09:00,22.885
112,01.04 10:00,23.97
112,01.04 11:00,23.959
112,01.04 12:00,25.087
112,01.04 13:00,24.901
112,01.04 14:00,23.033
112,01.04 15:00,24.037
112,01.04 16:00,26.046
112,01.04 17:00,24.994
112,01.04 18:00,24.997
112,01.04 19:00,20.925
112,01.04 20:00,21.089
112,01.04 21:00,22.085
112,01.04 22:00,21.054
112,01.04 23:00,21.965
112,02.04 00:00,20.905
112,02.04 01:00,20.02
112,02.04 02:00,20.087
112,02.04 03:00,19.95
112,02.04 04:00,20.019
112,02.04 05:00,20.925
112,02.04 06:00,19.992
112,02.04 07:00,20.016
112,02.04 08:00,19.081
112,02.04 09:00,18.962
112,02.04 10:00,16.974
112,02.04 11:00,18.024
112,02.04 12:00,0.996
112,02.04 13:00,0.998
112,02.04 14:00,1.001
112,02.04 15:00,1.0
112,02.04 16:00,1.004
112,02.04 17:00,1.047
112,02.04 18:00,1.002
112,02.04 19:00,0.999
112,02.04 20:00,19.083
112,02.04 21:00,20.089
112,02.04 22:00,19.992
112,02.04 23:00,19.961
112,03.04 00:00,21.034
112,03.04 01:00,19.928
112,03.04 02:00,20.027
112,03.04 03:00,19.939
112,03.04 04:00,20.042
112,03.04 05:00,20.037
112,03.04 06:00,20.996
112,03.04 07:00,20.961
112,03.04 08:00,17.916
112,03.04 09:00,19.089
112,03.04 10:00,17.944
112,03.04 11:00,17.919
112,03.04 12:00,16.941
112,03.04 13:00,17.954
112,03.04 14:00,18.014
112,03.04 15:00,17.468
112,03.04 16:00,18.03
112,03.04 17:00,17.999
112,03.04 18:00,17.953
112,03.04 19:00,16.99
112,03.04 20:00,19.037
112,03.04 21:00,20.961
112,03.04 22:00,21.0
112,03.04 23:00,19.079
112,04.04 00:00,20.086
112,04.04 01:00,20.019
112,04.04 02:00,20.053
112,04.04 03:00,20.078
112,04.04 04:00,19.94
112,04.04 05:00,19.933
112,04.04 06:00,21.053
112,04.04 07:00,20.99
112,04.04 08:00,21.058
112,04.04 09:00,23.115
112,04.04 10:00,24.04
112,04.04 11:00,23.973
112,04.04 12:00,25.115
112,04.04 13:00,23.083
112,04.04 14:00,22.987
112,04.04 15:00,24.109
112,04.04 16:00,23.898
112,04.04 17:00,22.98
112,04.04 18:00,22.082
112,04.04 19:00,22.045
112,04.04 20:00,20.058
112,04.04 21:00,21.02
112,04.04 22:00,20.088
112,04.04 23:00,21.019
112,05.04 00:00,19.949
112,05.04 01:00,18.916
112,05.04 02:00,19.967
112,05.04 03:00,20.046
112,05.04 04:00,20.068
112,05.04 05:00,20.091
112,05.04 06:00,20.974
112,05.04 07:00,22.046
112,05.04 08:00,20.012
112,05.04 09:00,22.979
112,05.04 10:00,23.078
112,05.04 11:00,22.989
112,05.04 12:00,23.115
112,05.04 13:00,25.059
112,05.04 14:00,23.912
112,05.04 15:00,24.887
112,05.04 16:00,24.118
112,05.04 17:00,24.077
112,05.04 18:00,21.984
112,05.04 19:00,20.041
112,05.04 20:00,21.062
112,05.04 21:00,21.996
112,05.04 22:00,21.031
112,05.04 23:00,19.075
112,06.04 00:00,20.097
112,06.04 01:00,19.902
112,06.04 02:00,18.963
112,06.04 03:00,19.927
112,06.04 04:00,20.091
112,06.04 05:00,20.006
112,06.04 06:00,20.957
112,06.04 07:00,20.998
112,06.04 08:00,20.899
112,06.04 09:00,23.025
112,06.04 10:00,23.029
112,06.04 11:00,23.961
112,06.04 12:00,24.008
112,06.04 13:00,24.897
112,06.04 14:00,24.936
112,06.04 15:00,24.905
112,06.04 16:00,24.953
112,06.04 17:00,25.079
112,06.04 18:00,23.064
112,06.04 19:00,20.897
112,06.04 20:00,19.969
112,06.04 21:00,21.905
112,06.04 22:00,19.906
112,06.04 23:00,20.089
112,07.04 00:00,20.096
112,07.04 01:00,19.933
112,07.04 02:00,20.97
112,07.04 03:00,20.085
112,07.04 04:00,19.992
112,07.04 05:00,20.017
112,07.04 06:00,22.049
112,07.04 07:00,22.006
112,07.04 08:00,20.095
112,07.04 09:00,21.966
112,07.04 10:00,25.899
112,07.04 11:00,25.035
112,07.04 12:00,27.943
112,07.04 13:00,27.103
112,07.04 14:00,26.901
112,07.04 15:00,26.96
112,07.04 16:00,25.92
112,07.04 17:00,24.069
112,07.04 18:00,23.059
112,07.04 19:00,22.012
112,07.04 20:00,21.062
112,07.04 21:00,22.079
112,07.04 22:00,20.924
112,07.04 23:00,20.058
112,08.04 00:00,19.986
112,08.04 01:00,20.074
112,08.04 02:00,20.081
112,08.04 03:00,20.912
112,08.04 04:00,19.931
112,08.04 05:00,19.959
112,08.04 06:00,20.097
112,08.04 07:00,19.985
112,08.04 08:00,20.981
112,08.04 09:00,22.005
112,08.04 10:00,23.965
112,08.04 11:00,24.016
112,08.04 12:00,23.081
112,08.04 13:00,23.036
112,08.04 14:00,23.057
112,08.04 15:00,23.894
112,08.04 16:00,25.016
112,08.04 17:00,23.947
112,08.04 18:00,21.902
112,08.04 19:00,20.023
112,08.04 20:00,19.923
112,08.04 21:00,22.042
112,08.04 22:00,19.909
112,08.04 23:00,21.014
112,09.04 00:00,20.97
112,09.04 01:00,19.935
112,09.04 02:00,19.965
112,09.04 03:00,19.008
112,09.04 04:00,21.086
112,09.04 05:00,20.004
112,09.04 06:00,19.913
112,09.04 07:00,19.933
112,09.04 08:00,18.949
112,09.04 09:00,18.069
112,09.04 10:00,18.0
112,09.04 11:00,17.942
112,09.04 12:00,17.04
112,09.04 13:00,18.046
112,09.04 14:00,17.051
112,09.04 15:00,16.353
112,09.04 16:00,18.09
112,09.04 17:00,18.032
112,09.04 18:00,16.981
112,09.04 19:00,17.987
112,09.04 20:00,17.989
112,09.04 21:00,21.021
112,09.04 22:00,19.976
112,09.04 23:00,20.099
112,10.04 00:00,19.954
112,10.04 01:00,19.047
112,10.04 02:00,19.934
112,10.04 03:00,20.04
112,10.04 04:00,19.901
112,10.04 05:00,18.939
112,10.04 06:00,19.981
112,10.04 07:00,20.0
112,10.04 08:00,18.937
112,10.04 09:00,18.004
112,10.04 10:00,17.995
112,10.04 11:00,17.047
112,10.04 12:00,18.023
112,10.04 13:00,18.038
112,10.04 14:00,18.071
112,10.04 15:00,16.918
112,10.04 16:00,18.011
112,10.04 17:00,16.939
112,10.04 18:00,18.006
112,10.04 19:00,17.946
112,10.04 20:00,19.032
112,10.04 21:00,20.921
112,10.04 22:00,19.906
112,10.04 23:00,18.942
112,11.04 00:00,20.088
112,11.04 01:00,20.098
112,11.04 02:00,20.049
112,11.04 03:00,18.914
112,11.04 04:00,19.935
112,11.04 05:00,21.004
112,11.04 06:00,19.98
112,11.04 07:00,21.083
112,11.04 08:00,21.895
112,11.04 09:00,22.088
112,11.04 10:00,25.02
112,11.04 11:00,25.709
112,11.04 12:00,24.916
112,11.04 13:00,27.038
112,11.04 14:00,27.124
112,11.04 15:00,27.997
112,11.04 16:00,27.018
112,11.04 17:00,25.871
112,11.04 18:00,24.983
112,11.04 19:00,22.962
112,11.04 20:00,19.927
112,11.04 21:00,23.067
112,11.04 22:00,20.933
112,11.04 23:00,20.063
112,12.04 00:00,20.074
112,12.04 01:00,20.049
112,12.04 02:00,19.968
112,12.04 03:00,19.949
112,12.04 04:00,20.081
112,12.04 05:00,19.935
112,12.04 06:00,20.904
112,12.04 07:00,20.903
112,12.04 08:00,20.963
112,12.04 09:00,21.935
112,12.04 10:00,23.994
112,12.04 11:00,23.991
112,12.04 12:00,25.932
112,12.04 13:00,26.075
112,12.04 14:00,24.926
112,12.04 15:00,26.996
112,12.04 16:00,26.944
112,12.04 17:00,24.878
112,12.04 18:00,22.958
112,12.04 19:00,21.031
112,12.04 20:00,23.957
112,12.04 21:00,23.038
112,12.04 22:00,20.965
112,12.04 23:00,20.086
112,13.04 00:00,19.999
112,13.04 01:00,20.076
112,13.04 02:00,19.93
112,13.04 03:00,20.914
112,13.04 04:00,19.948
112,13.04 05:00,19.997
112,13.04 06:00,21.007
112,13.04 07:00,21.021
112,13.04 08:00,20.907
112,13.04 09:00,22.043
112,13.04 10:00,24.894
112,13.04 11:00,24.029
112,13.04 12:00,24.886
112,13.04 13:00,26.056
112,13.04 14:00,24.089
112,13.04 15:00,24.971
112,13.04 16:00,26.093
112,13.04 17:00,24.978
112,13.04 18:00,21.939
112,13.04 19:00,21.045
112,13.04 20:00,19.034
112,13.04 21:00,24.084
112,13.04 22:00,21.973
112,13.04 23:00,21.01
112,14.04 00:00,20.057
112,14.04 01:00,19.938
112,14.04 02:00,19.932
112,14.04 03:00,19.93
112,14.04 04:00,20.032
112,14.04 05:00,19.901
112,14.04 06:00,21.007
112,14.04 07:00,22.034
112,14.04 08:00,19.911
112,14.04 09:00,23.052
112,14.04 10:00,24.062
112,14.04 11:00,23.938
112,14.04 12:00,24.994
112,14.04 13:00,24.171
112,14.04 14:00,25.102
112,14.04 15:00,25.106
112,14.04 16:00,22.979
112,14.04 17:00,24.049
112,14.04 18:00,23.905
112,14.04 19:00,21.067
112,14.04 20:00,21.061
112,14.04 21:00,22.914
112,14.04 22:00,21.943
112,14.04 23:00,22.022
112,15.04 00:00,21.007
112,15.04 01:00,21.046
112,15.04 02:00,20.903
112,15.04 03:00,20.932
112,15.04 04:00,20.901
112,15.04 05:00,20.896
112,15.04 06:00,21.894
112,15.04 07:00,22.054
112,15.04 08:00,20.937
112,15.04 09:00,23.05
112,15.04 10:00,23.111
112,15.04 11:00,24.003
112,15.04 12:00,24.1
112,15.04 13:00,23.04
112,15.04 14:00,24.074
112,15.04 15:00,25.098
112,15.04 16:00,24.066
112,15.04 17:00,22.956
112,15.04 18:00,20.948
112,15.04 19:00,20.925
112,15.04 20:00,20.928
112,15.04 21:00,21.996
112,15.04 22:00,20.947
112,15.04 23:00,22.05
112,16.04 00:00,19.951
112,16.04 01:00,20.089
112,16.04 02:00,21.03
112,16.04 03:00,20.059
112,16.04 04:00,21.005
112,16.04 05:00,21.03
112,16.04 06:00,20.021
112,16.04 07:00,19.96
112,16.04 08:00,19.91
112,16.04 09:00,18.905
112,16.04 10:00,19.001
112,16.04 11:00,18.964
112,16.04 12:00,19.083
112,16.04 13:00,18.01
112,16.04 14:00,19.052
112,16.04 15:00,18.979
112,16.04 16:00,19.042
112,16.04 17:00,18.934
112,16.04 18:00,19.047
112,16.04 19:00,19.042
112,16.04 20:00,20.015
112,16.04 21:00,22.598
112,16.04 22:00,21.046
112,16.04 23:00,20.932
112,17.04 00:00,1.003
112,17.04 01:00,0.996
112,17.04 02:00,0.996
112,17.04 03:00,1.001
112,17.04 04:00,0.997
112,17.04 05:00,1.043
112,17.04 06:00,0.998
112,17.04 07:00,0.997
112,17.04 08:00,1.005
112,17.04 09:00,18.962
112,17.04 10:00,20.638
112,17.04 11:00,18.016
112,17.04 12:00,19.019
112,17.04 13:00,19.954
112,17.04 14:00,17.998
112,17.04 15:00,19.095
112,17.04 16:00,19.048
112,17.04 17:00,18.976
112,17.04 18:00,17.962
112,17.04 19:00,21.047
112,17.04 20:00,19.949
112,17.04 21:00,21.004
112,17.04 22:00,20.946
112,17.04 23:00,20.911
112,18.04 00:00,21.054
112,18.04 01:00,21.097
112,18.04 02:00,20.928
112,18.04 03:00,22.093
112,18.04 04:00,21.098
112,18.04 05:00,20.953
112,18.04 06:00,21.096
112,18.04 07:00,22.013
112,18.04 08:00,21.029
112,18.04 09:00,20.96
112,18.04 10:00,20.085
112,18.04 11:00,22.935
112,18.04 12:00,24.058
112,18.04 13:00,24.007
112,18.04 14:00,25.89
112,18.04 15:00,25.027
112,18.04 16:00,25.036
112,18.04 17:00,22.921
112,18.04 18:00,23.114
112,18.04 19:00,20.997
112,18.04 20:00,19.951
112,18.04 21:00,22.971
112,18.04 22:00,21.072
112,18.04 23:00,20.925
112,19.04 00:00,18.995
112,19.04 01:00,20.036
112,19.04 02:00,19.958
112,19.04 03:00,19.968
112,19.04 04:00,19.026
112,19.04 05:00,20.093
112,19.04 06:00,20.943
112,19.04 07:00,22.047
112,19.04 08:00,19.997
112,19.04 09:00,23.005
112,19.04 10:00,23.893
112,19.04 11:00,24.12
112,19.04 12:00,24.894
112,19.04 13:00,23.908
112,19.04 14:00,24.939
112,19.04 15:00,23.91
112,19.04 16:00,25.094
112,19.04 17:00,23.928
112,19.04 18:00,24.102
112,19.04 19:00,22.046
112,19.04 20:00,20.963
112,19.04 21:00,25.909
112,19.04 22:00,27.861
112,19.04 23:00,21.969
112,20.04 00:00,20.967
112,20.04 01:00,20.02
112,20.04 02:00,20.037
112,20.04 03:00,20.001
112,20.04 04:00,19.97
112,20.04 05:00,20.043
112,20.04 06:00,20.933
112,20.04 07:00,20.991
112,20.04 08:00,21.938
112,20.04 09:00,23.023
112,20.04 10:00,24.045
112,20.04 11:00,23.094
112,20.04 12:00,25.018
112,20.04 13:00,23.969
112,20.04 14:00,24.099
112,20.04 15:00,25.035
112,20.04 16:00,24.094
112,20.04 17:00,23.945
112,20.04 18:00,21.959
112,20.04 19:00,20.949
112,20.04 20:00,21.999
112,20.04 21:00,20.921
112,20.04 22:00,22.027
112,20.04 23:00,20.096
112,21.04 00:00,19.901
112,21.04 01:00,19.972
112,21.04 02:00,20.024
112,21.04 03:00,19.996
112,21.04 04:00,20.093
112,21.04 05:00,20.921
112,21.04 06:00,19.881
112,21.04 07:00,21.008
112,21.04 08:00,22.056
112,21.04 09:00,24.052
112,21.04 10:00,26.057
112,21.04 11:00,26.989
112,21.04 12:00,25.019
112,21.04 13:00,25.921
112,21.04 14:00,24.929
112,21.04 15:00,23.918
112,21.04 16:00,24.894
112,21.04 17:00,24.876
112,21.04 18:00,24.93
112,21.04 19:00,22.885
112,21.04 20:00,23.086
112,21.04 21:00,23.993
112,21.04 22:00,22.08
112,21.04 23:00,22.913
112,22.04 00:00,23.1
112,22.04 01:00,22.1
112,22.04 02:00,20.992
112,22.04 03:00,20.904
112,22.04 04:00,21.018
112,22.04 05:00,21.093
112,22.04 06:00,22.084
112,22.04 07:00,22.031
112,22.04 08:00,19.977
112,22.04 09:00,21.944
112,22.04 10:00,22.959
112,22.04 11:00,23.913
112,22.04 12:00,24.981
112,22.04 13:00,22.948
112,22.04 14:00,24.896
112,22.04 15:00,23.932
112,22.04 16:00,24.109
112,22.04 17:00,23.988
112,22.04 18:00,21.89
112,22.04 19:00,22.021
112,22.04 20:00,22.007
112,22.04 21:00,22.979
112,22.04 22:00,20.928
112,22.04 23:00,22.086
112,23.04 00:00,20.977
112,23.04 01:00,21.046
112,23.04 02:00,20.938
112,23.04 03:00,19.934
112,23.04 04:00,19.946
112,23.04 05:00,21.081
112,23.04 06:00,20.006
112,23.04 07:00,19.928
112,23.04 08:00,19.009
112,23.04 09:00,19.044
112,23.04 10:00,19.004
112,23.04 11:00,17.935
112,23.04 12:00,1.003
112,23.04 13:00,1.004
112,23.04 14:00,1.001
112,23.04 15:00,0.996
112,23.04 16:00,0.998
112,23.04 17:00,1.001
112,23.04 18:00,0.997
112,23.04 19:00,0.997
112,23.04 20:00,19.043
112,23.04 21:00,19.925
112,23.04 22:00,20.97
112,23.04 23:00,20.091
112,24.04 00:00,19.95
112,24.04 01:00,20.024
112,24.04 02:00,20.981
112,24.04 03:00,20.067
112,24.04 04:00,19.981
112,24.04 05:00,21.069
112,24.04 06:00,20.065
112,24.04 07:00,20.051
112,24.04 08:00,20.085
112,24.04 09:00,17.99
112,24.04 10:00,1.004
112,24.04 11:00,0.997
112,24.04 12:00,0.998
112,24.04 13:00,0.995
112,24.04 14:00,0.997
112,24.04 15:00,0.995
112,24.04 16:00,1.002
112,24.04 17:00,1.001
112,24.04 18:00,19.01
112,24.04 19:00,19.0
112,24.04 20:00,17.927
112,24.04 21:00,19.978
112,24.04 22:00,1.001
112,24.04 23:00,1.005
112,25.04 00:00,0.997
112,25.04 01:00,0.995
112,25.04 02:00,1.003
112,25.04 03:00,1.003
112,25.04 04:00,0.999
112,25.04 05:00,1.0
112,25.04 06:00,21.092
112,25.04 07:00,20.95
112,25.04 08:00,21.025
112,25.04 09:00,20.909
112,25.04 10:00,24.106
112,25.04 11:00,27.063
112,25.04 12:00,31.137
112,25.04 13:00,30.064
112,25.04 14:00,29.041
112,25.04 15:00,24.938
112,25.04 16:00,25.005
112,25.04 17:00,25.119
112,25.04 18:00,21.987
112,25.04 19:00,21.05
112,25.04 20:00,21.03
112,25.04 21:00,21.896
112,25.04 22:00,23.904
112,25.04 23:00,24.901
112,26.04 00:00,21.996
112,26.04 01:00,19.045
112,26.04 02:00,20.922
112,26.04 03:00,18.963
112,26.04 04:00,19.901
112,26.04 05:00,19.089
112,26.04 06:00,20.939
112,26.04 07:00,22.097
112,26.04 08:00,19.982
112,26.04 09:00,23.075
112,26.04 10:00,24.063
112,26.04 11:00,24.94
112,26.04 12:00,24.888
112,26.04 13:00,25.03
112,26.04 14:00,24.997
112,26.04 15:00,28.075
112,26.04 16:00,25.959
112,26.04 17:00,26.115
112,26.04 18:00,22.067
112,26.04 19:00,21.934
112,26.04 20:00,21.97
112,26.04 21:00,23.044
112,26.04 22:00,22.903
112,26.04 23:00,21.935
112,27.04 00:00,21.99
112,27.04 01:00,19.96
112,27.04 02:00,19.938
112,27.04 03:00,19.98
112,27.04 04:00,21.086
112,27.04 05:00,19.901
112,27.04 06:00,19.921
112,27.04 07:00,21.02
112,27.04 08:00,20.994
112,27.04 09:00,20.965
112,27.04 10:00,24.898
112,27.04 11:00,26.015
112,27.04 12:00,25.062
112,27.04 13:00,24.952
112,27.04 14:00,26.008
112,27.04 15:00,25.027
112,27.04 16:00,26.11
112,27.04 17:00,25.901
112,27.04 18:00,20.909
112,27.04 19:00,20.364
112,27.04 20:00,20.982
112,27.04 21:00,20.61
112,27.04 22:00,20.085
112,27.04 23:00,21.009
112,28.04 00:00,19.934
112,28.04 01:00,19.021
112,28.04 02:00,19.915
112,28.04 03:00,20.063
112,28.04 04:00,20.08
112,28.04 05:00,20.005
112,28.04 06:00,20.967
112,28.04 07:00,20.006
112,28.04 08:00,21.082
112,28.04 09:00,21.973
112,28.04 10:00,25.011
112,28.04 11:00,23.964
112,28.04 12:00,25.103
112,28.04 13:00,24.065
112,28.04 14:00,25.102
112,28.04 15:00,24.913
112,28.04 16:00,25.085
112,28.04 17:00,23.889
112,28.04 18:00,22.068
112,28.04 19:00,22.057
112,28.04 20:00,22.071
112,28.04 21:00,21.923
112,28.04 22:00,24.093
112,28.04 23:00,24.019
112,29.04 00:00,21.995
112,29.04 01:00,20.023
112,29.04 02:00,20.045
112,29.04 03:00,20.945
112,29.04 04:00,20.014
112,29.04 05:00,20.975
112,29.04 06:00,21.997
112,29.04 07:00,20.93
112,29.04 08:00,20.929
112,29.04 09:00,22.014
112,29.04 10:00,22.905
112,29.04 11:00,22.904
112,29.04 12:00,22.943
112,29.04 13:00,25.089
112,29.04 14:00,25.106
112,29.04 15:00,25.957
112,29.04 16:00,25.02
112,29.04 17:00,23.065
112,29.04 18:00,21.043
112,29.04 19:00,20.902
112,29.04 20:00,21.918
112,29.04 21:00,24.002
112,29.04 22:00,20.94
112,29.04 23:00,21.0
112,30.04 00:00,19.902
112,30.04 01:00,19.91
112,30.04 02:00,19.983
112,30.04 03:00,20.072
112,30.04 04:00,19.956
112,30.04 05:00,21.073
112,30.04 06:00,20.031
112,30.04 07:00,19.963
112,30.04 08:00,19.036
112,30.04 09:00,18.023
112,30.04 10:00,18.041
112,30.04 11:00,17.919
112,30.04 12:00,1.001
112,30.04 13:00,1.003
112,30.04 14:00,0.997
112,30.04 15:00,1.0
112,30.04 16:00,1.002
112,30.04 17:00,0.996
112,30.04 18:00,0.998
112,30.04 19:00,0.995
112,30.04 20:00,0.995
112,30.04 21:00,19.944
112,30.04 22:00,20.934
112,30.04 23:00,20.017
112,01.05 00:00,20.039
112,01.05 01:00,19.998
112,01.05 02:00,20.896
112,01.05 03:00,20.015
112,01.05 04:00,19.98
112,01.05 05:00,20.028
112,01.05 06:00,20.906
112,01.05 07:00,19.911
112,01.05 08:00,17.999
112,01.05 09:00,19.0
112,01.05 10:00,19.01
112,01.05 11:00,18.012
112,01.05 12:00,18.007
112,01.05 13:00,17.959
112,01.05 14:00,17.984
112,01.05 15:00,16.952
112,01.05 16:00,18.043
112,01.05 17:00,18.96
112,01.05 18:00,18.954
112,01.05 19:00,18.945
112,01.05 20:00,19.941
112,01.05 21:00,19.915
112,01.05 22:00,20.042
112,01.05 23:00,20.987
112,02.05 00:00,19.949
112,02.05 01:00,19.968
112,02.05 02:00,20.089
112,02.05 03:00,20.911
112,02.05 04:00,19.938
112,02.05 05:00,19.935
112,02.05 06:00,22.073
112,02.05 07:00,20.948
112,02.05 08:00,22.06
112,02.05 09:00,22.939
112,02.05 10:00,25.905
112,02.05 11:00,28.063
112,02.05 12:00,30.144
112,02.05 13:00,28.867
112,02.05 14:00,29.062
112,02.05 15:00,29.026
112,02.05 16:00,28.888
112,02.05 17:00,25.897
112,02.05 18:00,25.907
112,02.05 19:00,22.92
112,02.05 20:00,22.055
112,02.05 21:00,22.077
112,02.05 22:00,21.029
112,02.05 23:00,20.974
112,03.05 00:00,20.941
112,03.05 01:00,19.954
112,03.05 02:00,20.95
112,03.05 03:00,21.081
112,03.05 04:00,20.969
112,03.05 05:00,21.009
112,03.05 06:00,21.894
112,03.05 07:00,22.079
112,03.05 08:00,20.908
112,03.05 09:00,25.11
112,03.05 10:00,25.016
112,03.05 11:00,25.077
112,03.05 12:00,26.035
112,03.05 13:00,24.898
112,03.05 14:00,25.079
112,03.05 15:00,25.882
112,03.05 16:00,27.916
112,03.05 17:00,24.92
112,03.05 18:00,23.091
112,03.05 19:00,23.037
112,03.05 20:00,21.93
112,03.05 21:00,22.921
112,03.05 22:00,23.062
112,03.05 23:00,19.92
112,04.05 00:00,21.047
112,04.05 01:00,19.928
112,04.05 02:00,20.96
112,04.05 03:00,19.913
112,04.05 04:00,20.01
112,04.05 05:00,20.947
112,04.05 06:00,20.902
112,04.05 07:00,21.045
112,04.05 08:00,22.999
112,04.05 09:00,23.988
112,04.05 10:00,26.078
112,04.05 11:00,27.127
112,04.05 12:00,25.938
112,04.05 13:00,28.113
112,04.05 14:00,27.112
112,04.05 15:00,27.099
112,04.05 16:00,26.55
112,04.05 17:00,23.997
112,04.05 18:00,22.962
112,04.05 19:00,21.01
112,04.05 20:00,22.11
112,04.05 21:00,23.026
112,04.05 22:00,22.057
112,04.05 23:00,20.051
112,05.05 00:00,19.929
112,05.05 01:00,20.083
112,05.05 02:00,19.93
112,05.05 03:00,19.961
112,05.05 04:00,20.044
112,05.05 05:00,20.045
112,05.05 06:00,21.957
112,05.05 07:00,21.002
112,05.05 08:00,20.077
112,05.05 09:00,23.046
112,05.05 10:00,25.045
112,05.05 11:00,26.022
112,05.05 12:00,24.075
112,05.05 13:00,24.097
112,05.05 14:00,25.017
112,05.05 15:00,23.884
112,05.05 16:00,23.992
112,05.05 17:00,23.896
112,05.05 18:00,21.99
112,05.05 19:00,21.01
112,05.05 20:00,19.032
112,05.05 21:00,20.957
112,05.05 22:00,19.013
112,05.05 23:00,20.085
112,06.05 00:00,18.962
112,06.05 01:00,19.943
112,06.05 02:00,18.933
112,06.05 03:00,19.957
112,06.05 04:00,19.948
112,06.05 05:00,18.917
112,06.05 06:00,21.946
112,06.05 07:00,21.06
112,06.05 08:00,19.979
112,06.05 09:00,21.984
112,06.05 10:00,23.108
112,06.05 11:00,24.116
112,06.05 12:00,24.093
112,06.05 13:00,25.055
112,06.05 14:00,22.986
112,06.05 15:00,22.939
112,06.05 16:00,23.933
112,06.05 17:00,26.964
112,06.05 18:00,24.927
112,06.05 19:00,23.02
112,06.05 20:00,23.923
112,06.05 21:00,21.898
112,06.05 22:00,22.057
112,06.05 23:00,22.053
112,07.05 00:00,21.923
112,07.05 01:00,22.009
112,07.05 02:00,21.084
112,07.05 03:00,20.072
112,07.05 04:00,20.088
112,07.05 05:00,19.977
112,07.05 06:00,19.973
112,07.05 07:00,20.068
112,07.05 08:00,17.937
112,07.05 09:00,19.065
112,07.05 10:00,17.964
112,07.05 11:00,17.918
112,07.05 12:00,18.037
112,07.05 13:00,17.983
112,07.05 14:00,17.963
112,07.05 15:00,18.087
112,07.05 16:00,18.767
112,07.05 17:00,17.048
112,07.05 18:00,18.988
112,07.05 19:00,17.96
112,07.05 20:00,18.077
112,07.05 21:00,19.036
112,07.05 22:00,18.981
112,07.05 23:00,20.034
112,08.05 00:00,18.956
112,08.05 01:00,19.974
112,08.05 02:00,18.957
112,08.05 03:00,18.914
112,08.05 04:00,21.059
112,08.05 05:00,18.976
112,08.05 06:00,19.922
112,08.05 07:00,19.011
112,08.05 08:00,18.055
112,08.05 09:00,17.98
112,08.05 10:00,16.931
112,08.05 11:00,16.954
112,08.05 12:00,17.081
112,08.05 13:00,17.036
112,08.05 14:00,17.024
112,08.05 15:00,18.012
112,08.05 16:00,17.022
112,08.05 17:00,16.918
112,08.05 18:00,16.99
112,08.05 19:00,17.014
112,08.05 20:00,17.984
112,08.05 21:00,20.054
112,08.05 22:00,18.968
112,08.05 23:00,20.054
112,09.05 00:00,18.907
112,09.05 01:00,20.015
112,09.05 02:00,19.032
112,09.05 03:00,19.95
112,09.05 04:00,19.047
112,09.05 05:00,19.089
112,09.05 06:00,21.017
112,09.05 07:00,19.969
112,09.05 08:00,20.907
112,09.05 09:00,22.017
112,09.05 10:00,23.029
112,09.05 11:00,23.946
112,09.05 12:00,24.099
112,09.05 13:00,24.989
112,09.05 14:00,24.934
112,09.05 15:00,24.959
112,09.05 16:00,24.999
112,09.05 17:00,23.096
112,09.05 18:00,22.987
112,09.05 19:00,22.076
112,09.05 20:00,21.945
112,09.05 21:00,23.823
112,09.05 22:00,22.045
112,09.05 23:00,20.922
112,10.05 00:00,20.069
112,10.05 01:00,21.007
112,10.05 02:00,20.013
112,10.05 03:00,19.962
112,10.05 04:00,21.038
112,10.05 05:00,19.906
112,10.05 06:00,22.044
112,10.05 07:00,21.101
112,10.05 08:00,21.085
112,10.05 09:00,23.039
112,10.05 10:00,23.022
112,10.05 11:00,26.945
112,10.05 12:00,26.976
112,10.05 13:00,27.104
112,10.05 14:00,25.069
112,10.05 15:00,25.044
112,10.05 16:00,26.049
112,10.05 17:00,25.053
112,10.05 18:00,23.095
112,10.05 19:00,22.085
112,10.05 20:00,20.997
112,10.05 21:00,21.956
112,10.05 22:00,22.06
112,10.05 23:00,20.985
112,11.05 00:00,19.952
112,11.05 01:00,19.901
112,11.05 02:00,20.02
112,11.05 03:00,20.007
112,11.05 04:00,21.043
112,11.05 05:00,20.919
112,11.05 06:00,21.056
112,11.05 07:00,22.097
112,11.05 08:00,21.075
112,11.05 09:00,22.972
112,11.05 10:00,24.013
112,11.05 11:00,0.0
112,11.05 12:00,0.0
112,11.05 13:00,0.0
112,11.05 14:00,0.0
112,11.05 16:00,24.048
112,11.05 17:00,25.029
112,11.05 18:00,23.082
112,11.05 19:00,22.071
112,11.05 20:00,18.991
112,11.05 21:00,0.0
112,11.05 22:00,0.0
112,12.05 00:00,19.07
112,12.05 01:00,18.905
112,12.05 02:00,20.029
112,12.05 03:00,19.034
112,12.05 04:00,20.072
112,12.05 05:00,19.051
112,12.05 06:00,20.947
112,12.05 07:00,22.034
112,12.05 08:00,18.915
112,12.05 09:00,21.983
112,12.05 10:00,25.001
112,12.05 11:00,22.953
112,12.05 12:00,23.919
112,12.05 13:00,24.967
112,12.05 14:00,25.096
112,12.05 15:00,24.079
112,12.05 16:00,23.028
112,12.05 17:00,23.939
112,12.05 18:00,21.97
112,12.05 19:00,20.926
112,12.05 20:00,20.928
112,12.05 21:00,21.957
112,12.05 22:00,23.043
112,12.05 23:00,21.935
112,13.05 00:00,22.048
112,13.05 01:00,22.08
112,13.05 02:00,21.104
112,13.05 03:00,20.982
112,13.05 04:00,20.998
112,13.05 05:00,21.087
112,13.05 06:00,20.993
112,13.05 07:00,21.926
112,13.05 08:00,20.988
112,13.05 09:00,23.105
112,13.05 10:00,24.032
112,13.05 11:00,24.098
112,13.05 12:00,24.984
112,13.05 13:00,23.936
112,13.05 14:00,24.883
112,13.05 15:00,23.998
112,13.05 16:00,24.053
112,13.05 17:00,24.677
112,13.05 18:00,22.927
112,13.05 19:00,20.05
112,13.05 20:00,19.022
112,13.05 21:00,20.022
112,13.05 22:00,19.92
112,13.05 23:00,21.075
112,14.05 00:00,19.952
112,14.05 01:00,19.914
112,14.05 02:00,19.938
112,14.05 03:00,21.08
112,14.05 04:00,20.004
112,14.05 05:00,19.942
112,14.05 06:00,20.977
112,14.05 07:00,20.029
112,14.05 08:00,19.042
112,14.05 09:00,18.92
112,14.05 10:00,19.03
112,14.05 11:00,17.922
112,14.05 12:00,18.059
112,14.05 13:00,18.98
112,14.05 14:00,18.087
112,14.05 15:00,19.038
112,14.05 16:00,19.948
112,14.05 17:00,18.993
112,14.05 18:00,19.013
112,14.05 19:00,19.003
112,14.05 20:00,17.936
112,14.05 21:00,20.064
112,14.05 22:00,20.094
112,14.05 23:00,20.0
112,15.05 00:00,21.021
112,15.05 01:00,20.098
112,15.05 02:00,20.0
112,15.05 03:00,21.083
112,15.05 04:00,18.908
112,15.05 05:00,20.918
112,15.05 06:00,20.056
112,15.05 07:00,20.092
112,15.05 08:00,17.91
112,15.05 09:00,18.965
112,15.05 10:00,18.013
112,15.05 11:00,17.079
112,15.05 12:00,18.062
112,15.05 13:00,17.976
112,15.05 14:00,18.99
112,15.05 15:00,16.943
112,15.05 16:00,19.029
112,15.05 17:00,18.972
112,15.05 18:00,18.978
112,15.05 19:00,19.957
112,15.05 20:00,20.005
112,15.05 21:00,21.043
112,15.05 22:00,20.904
112,15.05 23:00,19.972
112,16.05 00:00,20.03
112,16.05 01:00,19.901
112,16.05 02:00,20.056
112,16.05 03:00,21.022
112,16.05 04:00,19.939
112,16.05 05:00,20.923
112,16.05 06:00,20.659
112,16.05 07:00,22.023
112,16.05 08:00,20.039
112,16.05 09:00,23.059
112,16.05 10:00,24.096
112,16.05 11:00,24.884
112,16.05 12:00,24.97
112,16.05 13:00,26.886
112,16.05 14:00,26.122
112,16.05 15:00,25.03
112,16.05 16:00,24.926
112,16.05 17:00,24.879
112,16.05 18:00,21.977
112,16.05 19:00,21.005
112,16.05 20:00,21.995
112,16.05 21:00,20.954
112,16.05 22:00,21.897
112,16.05 23:00,22.064
112,17.05 00:00,22.004
112,17.05 01:00,21.01
112,17.05 02:00,21.084
112,17.05 03:00,19.925
112,17.05 04:00,19.92
112,17.05 05:00,21.089
112,17.05 06:00,21.098
112,17.05 07:00,22.099
112,17.05 08:00,21.008
112,17.05 09:00,23.005
112,17.05 10:00,24.095
112,17.05 11:00,26.992
112,17.05 12:00,24.055
112,17.05 13:00,24.934
112,17.05 14:00,26.104
112,17.05 15:00,23.925
112,17.05 16:00,23.89
112,17.05 17:00,25.023
112,17.05 18:00,22.955
112,17.05 19:00,21.905
112,17.05 20:00,21.012
112,17.05 21:00,21.065
112,17.05 22:00,21.907
112,17.05 23:00,21.084
112,18.05 00:00,21.27
112,18.05 01:00,21.019
112,18.05 02:00,19.925
112,18.05 03:00,20.088
112,18.05 04:00,19.947
112,18.05 05:00,21.083
112,18.05 06:00,20.97
112,18.05 07:00,21.077
112,18.05 08:00,20.09
112,18.05 09:00,23.959
112,18.05 10:00,24.948
112,18.05 11:00,25.052
112,18.05 12:00,23.939
112,18.05 13:00,26.994
112,18.05 14:00,25.884
112,18.05 15:00,24.884
112,18.05 16:00,25.07
112,18.05 17:00,23.976
112,18.05 18:00,23.896
112,18.05 19:00,22.043
112,18.05 20:00,22.099
112,18.05 21:00,23.036
112,18.05 22:00,23.061
112,18.05 23:00,22.954
112,19.05 00:00,22.96
112,19.05 01:00,21.021
112,19.05 02:00,21.995
112,19.05 03:00,19.986
112,19.05 04:00,19.901
112,19.05 05:00,20.014
112,19.05 06:00,20.947
112,19.05 07:00,20.981
112,19.05 08:00,20.961
112,19.05 09:00,25.924
112,19.05 10:00,26.066
112,19.05 11:00,26.871
112,19.05 12:00,24.995
112,19.05 13:00,26.978
112,19.05 14:00,25.897
112,19.05 15:00,27.998
112,19.05 16:00,26.93
112,19.05 17:00,26.941
112,19.05 18:00,26.122
112,19.05 19:00,25.048
112,19.05 20:00,22.081
112,19.05 21:00,23.893
112,19.05 22:00,23.077
112,19.05 23:00,22.1
112,20.05 00:00,20.915
112,20.05 01:00,20.094
112,20.05 02:00,19.925
112,20.05 03:00,19.962
112,20.05 04:00,19.044
112,20.05 05:00,20.075
112,20.05 06:00,21.013
112,20.05 07:00,20.911
112,20.05 08:00,20.098
112,20.05 09:00,21.085
112,20.05 10:00,23.884
112,20.05 11:00,24.878
112,20.05 12:00,24.937
112,20.05 13:00,22.954
112,20.05 14:00,24.082
112,20.05 15:00,24.929
112,20.05 16:00,22.982
112,20.05 17:00,23.94
112,20.05 18:00,21.921
112,20.05 19:00,20.935
112,20.05 20:00,20.935
112,20.05 21:00,21.89
112,20.05 22:00,23.029
112,20.05 23:00,22.397
112,21.05 00:00,22.072
112,21.05 01:00,21.904
112,21.05 02:00,21.918
112,21.05 03:00,23.025
112,21.05 04:00,20.909
112,21.05 05:00,19.971
112,21.05 06:00,20.947
112,21.05 07:00,20.025
112,21.05 08:00,20.075
112,21.05 09:00,21.035
112,21.05 10:00,21.032
112,21.05 11:00,20.971
112,21.05 12:00,22.108
112,21.05 13:00,22.964
112,21.05 14:00,21.102
112,21.05 15:00,22.045
112,21.05 16:00,22.017
112,21.05 17:00,20.944
112,21.05 18:00,22.008
112,21.05 19:00,22.028
112,21.05 20:00,21.943
112,21.05 21:00,22.948
112,21.05 22:00,22.898
112,21.05 23:00,24.076
112,22.05 00:00,23.059
112,22.05 01:00,21.959
112,22.05 02:00,19.948
112,22.05 03:00,20.004
112,22.05 04:00,20.0
112,22.05 05:00,19.937
112,22.05 06:00,19.944
112,22.05 07:00,20.013
112,22.05 08:00,17.937
112,22.05 09:00,18.073
112,22.05 10:00,17.931
112,22.05 11:00,17.923
112,22.05 12:00,16.978
112,22.05 13:00,18.066
112,22.05 14:00,16.952
112,22.05 15:00,17.995
112,22.05 16:00,17.931
112,22.05 17:00,17.06
112,22.05 18:00,18.071
112,22.05 19:00,17.913
112,22.05 20:00,18.924
112,22.05 21:00,18.917
112,22.05 22:00,20.001
112,22.05 23:00,1.003
112,23.05 00:00,1.001
112,23.05 01:00,1.0
112,23.05 02:00,1.003
112,23.05 03:00,1.004
112,23.05 04:00,1.002
112,23.05 05:00,1.0
112,23.05 06:00,21.075
112,23.05 07:00,21.072
112,23.05 08:00,19.969
112,23.05 09:00,21.963
112,23.05 10:00,23.898
112,23.05 11:00,27.969
112,23.05 12:00,28.066
112,23.05 13:00,30.139
112,23.05 14:00,27.011
112,23.05 15:00,24.927
112,23.05 16:00,23.96
112,23.05 17:00,24.072
112,23.05 18:00,21.982
112,23.05 19:00,19.912
112,23.05 20:00,19.068
112,23.05 21:00,20.987
112,23.05 22:00,19.964
112,23.05 23:00,21.038
112,24.05 00:00,20.033
112,24.05 01:00,20.999
112,24.05 02:00,20.075
112,24.05 03:00,20.086
112,24.05 04:00,19.971
112,24.05 05:00,20.642
112,24.05 06:00,22.006
112,24.05 07:00,20.912
112,24.05 08:00,20.06
112,24.05 09:00,22.001
112,24.05 10:00,22.886
112,24.05 11:00,24.951
112,24.05 12:00,23.918
112,24.05 13:00,23.907
112,24.05 14:00,23.986
112,24.05 15:00,23.903
112,24.05 16:00,24.107
112,24.05 17:00,24.079
112,24.05 18:00,21.008
112,24.05 19:00,22.065
112,24.05 20:00,21.02
112,24.05 21:00,24.058
112,24.05 22:00,24.09
112,24.05 23:00,23.114
112,25.05 00:00,22.076
112,25.05 01:00,21.022
112,25.05 02:00,20.067
112,25.05 03:00,18.908
112,25.05 04:00,19.664
112,25.05 05:00,19.974
112,25.05 06:00,20.924
112,25.05 07:00,20.094
112,25.05 08:00,18.051
112,25.05 09:00,20.937
112,25.05 10:00,23.964
112,25.05 11:00,22.936
112,25.05 12:00,24.088
112,25.05 13:00,23.061
112,25.05 14:00,22.072
112,25.05 15:00,23.051
112,25.05 16:00,23.023
112,25.05 17:00,22.015
112,25.05 18:00,20.938
112,25.05 19:00,22.901
112,25.05 20:00,20.001
112,25.05 21:00,21.923
112,25.05 22:00,22.981
112,25.05 23:00,22.009
112,26.05 00:00,21.059
112,26.05 01:00,20.032
112,26.05 02:00,18.909
112,26.05 03:00,20.088
112,26.05 04:00,18.988
112,26.05 05:00,19.941
112,26.05 06:00,19.903
112,26.05 07:00,20.091
112,26.05 08:00,19.949
112,26.05 09:00,21.084
112,26.05 10:00,22.937
112,26.05 11:00,22.957
112,26.05 12:00,24.062
112,26.05 13:00,24.118
112,26.05 14:00,24.929
112,26.05 15:00,24.066
112,26.05 16:00,20.971
112,26.05 17:00,22.021
112,26.05 18:00,20.091
112,26.05 19:00,19.074
112,26.05 20:00,20.041
112,26.05 21:00,21.969
112,26.05 22:00,21.927
112,26.05 23:00,20.956
112,27.05 00:00,20.991
112,27.05 01:00,19.956
112,27.05 02:00,19.967
112,27.05 03:00,18.937
112,27.05 04:00,20.038
112,27.05 05:00,18.931
112,27.05 06:00,20.025
112,27.05 07:00,20.997
112,27.05 08:00,19.051
112,27.05 09:00,21.938
112,27.05 10:00,23.111
112,27.05 11:00,21.933
112,27.05 12:00,23.9
112,27.05 13:00,22.943
112,27.05 14:00,23.989
112,27.05 15:00,22.04
112,27.05 16:00,22.088
112,27.05 17:00,22.049
112,27.05 18:00,20.925
112,27.05 19:00,20.016
112,27.05 20:00,18.922
112,27.05 21:00,19.963
112,27.05 22:00,20.947
112,27.05 23:00,21.927
112,28.05 00:00,19.959
112,28.05 01:00,19.965
112,28.05 02:00,18.913
112,28.05 03:00,19.943
112,28.05 04:00,19.051
112,28.05 05:00,20.096
112,28.05 06:00,19.076
112,28.05 07:00,20.046
112,28.05 08:00,17.007
112,28.05 09:00,17.916
112,28.05 10:00,17.066
112,28.05 11:00,16.973
112,28.05 12:00,17.078
112,28.05 13:00,18.057
112,28.05 14:00,16.976
112,28.05 15:00,15.971
112,28.05 16:00,16.948
112,28.05 17:00,18.055
112,28.05 18:00,16.025
112,28.05 19:00,17.031
112,28.05 20:00,18.024
112,28.05 21:00,19.085
112,28.05 22:00,18.908
112,28.05 23:00,19.041
112,29.05 00:00,19.906
112,29.05 01:00,19.017
112,29.05 02:00,18.989
112,29.05 03:00,18.952
112,29.05 04:00,20.095
112,29.05 05:00,19.057
112,29.05 06:00,18.966
112,29.05 07:00,20.062
112,29.05 08:00,17.935
112,29.05 09:00,17.921
112,29.05 10:00,17.008
112,29.05 11:00,17.053
112,29.05 12:00,16.926
112,29.05 13:00,16.966
112,29.05 14:00,17.06
112,29.05 15:00,17.005
112,29.05 16:00,15.962
112,29.05 17:00,17.951
112,29.05 18:00,15.967
112,29.05 19:00,18.011
112,29.05 20:00,18.062
112,29.05 21:00,17.947
112,29.05 22:00,19.052
112,29.05 23:00,19.977
112,30.05 00:00,18.963
112,30.05 01:00,19.088
112,30.05 02:00,18.953
112,30.05 03:00,18.964
112,30.05 04:00,19.0
112,30.05 05:00,20.072
112,30.05 06:00,18.912
112,30.05 07:00,18.919
112,30.05 08:00,18.912
112,30.05 09:00,19.994
112,30.05 10:00,17.913
112,30.05 11:00,16.967
112,30.05 12:00,1.002
112,30.05 13:00,1.003
112,30.05 14:00,1.002
112,30.05 15:00,1.003
112,30.05 16:00,0.999
112,30.05 17:00,0.997
112,30.05 18:00,0.997
112,30.05 19:00,0.998
112,30.05 20:00,1.001
112,30.05 21:00,19.032
112,30.05 22:00,18.912
112,30.05 23:00,19.008
112,31.05 00:00,18.955
112,31.05 01:00,19.922
112,31.05 02:00,19.005
112,31.05 03:00,18.977
112,31.05 04:00,19.994
112,31.05 05:00,18.987
112,31.05 06:00,20.977
112,31.05 07:00,19.985
112,31.05 08:00,19.994
112,31.05 09:00,21.047
112,31.05 10:00,23.029
112,31.05 11:00,21.92
112,31.05 12:00,23.491
112,31.05 13:00,24.095
112,31.05 14:00,24.115
112,31.05 15:00,24.094
112,31.05 16:00,24.109
112,31.05 17:00,25.016
112,31.05 18:00,21.067
112,31.05 19:00,19.006
112,31.05 20:00,18.979
112,31.05 21:00,18.974
112,31.05 22:00,20.056
112,31.05 23:00,20.982
112,01.06 00:00,19.068
112,01.06 01:00,19.919
112,01.06 02:00,19.09
112,01.06 03:00,20.065
112,01.06 04:00,19.936
112,01.06 05:00,18.912
112,01.06 06:00,20.952
112,01.06 07:00,20.931
112,01.06 08:00,18.95
112,01.06 09:00,25.068
112,01.06 10:00,23.973
112,01.06 11:00,25.109
112,01.06 12:00,24.083
112,01.06 13:00,24.099
112,01.06 14:00,23.936
112,01.06 15:00,24.026
112,01.06 16:00,23.065
112,01.06 17:00,22.915
112,01.06 18:00,20.067
112,01.06 19:00,20.089
112,01.06 20:00,20.015
112,01.06 21:00,21.99
112,01.06 22:00,19.908
112,01.06 23:00,20.96
112,02.06 00:00,21.031
112,02.06 01:00,19.965
112,02.06 02:00,19.931
112,02.06 03:00,20.0
112,02.06 04:00,18.932
112,02.06 05:00,21.1
112,02.06 06:00,21.092
112,02.06 07:00,21.911
112,02.06 08:00,20.997
112,02.06 09:00,22.988
112,02.06 10:00,25.096
112,02.06 11:00,26.126
112,02.06 12:00,24.909
112,02.06 13:00,25.029
112,02.06 14:00,25.886
112,02.06 15:00,25.985
112,02.06 16:00,23.892
112,02.06 17:00,24.926
112,02.06 18:00,22.985
112,02.06 19:00,21.099
112,02.06 20:00,20.089
112,02.06 21:00,21.065
112,02.06 22:00,20.921
112,02.06 23:00,21.068
112,03.06 00:00,22.021
112,03.06 01:00,21.081
112,03.06 02:00,21.051
112,03.06 03:00,19.965
112,03.06 04:00,20.952
112,03.06 05:00,20.047
112,03.06 06:00,22.088
112,03.06 07:00,21.01
112,03.06 08:00,21.02
112,03.06 09:00,22.086
112,03.06 10:00,23.111
112,03.06 11:00,22.912
112,03.06 12:00,25.02
112,03.06 13:00,23.893
112,03.06 14:00,23.036
112,03.06 15:00,22.957
112,03.06 16:00,24.119
112,03.06 17:00,22.922
112,03.06 18:00,20.904
112,03.06 19:00,19.998
112,03.06 20:00,18.078
112,03.06 21:00,20.029
112,03.06 22:00,21.036
112,03.06 23:00,20.057
112,04.06 00:00,0.997
112,04.06 01:00,1.002
112,04.06 02:00,0.997
112,04.06 03:00,0.996
112,04.06 04:00,0.995
112,04.06 05:00,1.001
112,04.06 06:00,0.996
112,04.06 07:00,0.998
112,04.06 08:00,18.986
112,04.06 09:00,17.912
112,04.06 10:00,17.95
112,04.06 11:00,18.033
112,04.06 12:00,16.979
112,04.06 13:00,17.035
112,04.06 14:00,18.001
112,04.06 15:00,17.004
112,04.06 16:00,18.015
112,04.06 17:00,18.047
112,04.06 18:00,16.973
112,04.06 19:00,17.968
112,04.06 20:00,18.029
112,04.06 21:00,18.939
112,04.06 22:00,19.932
112,04.06 23:00,20.004
112,05.06 00:00,20.007
112,05.06 01:00,19.994
112,05.06 02:00,20.063
112,05.06 03:00,19.016
112,05.06 04:00,19.968
112,05.06 05:00,20.02
112,05.06 06:00,19.975
112,05.06 07:00,19.988
112,05.06 08:00,16.994
112,05.06 09:00,18.065
112,05.06 10:00,18.059
112,05.06 11:00,17.951
112,05.06 12:00,17.914
112,05.06 13:00,16.982
112,05.06 14:00,17.057
112,05.06 15:00,18.088
112,05.06 16:00,17.057
112,05.06 17:00,18.052
112,05.06 18:00,16.95
112,05.06 19:00,18.005
112,05.06 20:00,18.033
112,05.06 21:00,19.058
112,05.06 22:00,19.949
112,05.06 23:00,19.965
112,06.06 00:00,20.048
112,06.06 01:00,18.92
112,06.06 02:00,19.967
112,06.06 03:00,20.082
112,06.06 04:00,21.058
112,06.06 05:00,19.902
112,06.06 06:00,20.91
112,06.06 07:00,19.98
112,06.06 08:00,19.915
112,06.06 09:00,21.895
112,06.06 10:00,23.003
112,06.06 11:00,24.1
112,06.06 12:00,24.962
112,06.06 13:00,24.007
112,06.06 14:00,23.098
112,06.06 15:00,23.97
112,06.06 16:00,24.077
112,06.06 17:00,24.072
112,06.06 18:00,20.957
112,06.06 19:00,21.06
112,06.06 20:00,19.93
112,06.06 21:00,20.092
112,06.06 22:00,21.912
112,06.06 23:00,19.974
112,07.06 00:00,20.069
112,07.06 01:00,20.005
112,07.06 02:00,19.97
112,07.06 03:00,19.95
112,07.06 04:00,19.988
112,07.06 05:00,20.081
112,07.06 06:00,21.06
112,07.06 07:00,20.017
112,07.06 08:00,20.927
112,07.06 09:00,22.029
112,07.06 10:00,24.06
112,07.06 11:00,23.935
112,07.06 12:00,24.933
112,07.06 13:00,24.909
112,07.06 14:00,24.05
112,07.06 15:00,24.924
112,07.06 16:00,25.062
112,07.06 17:00,24.989
112,07.06 18:00,22.983
112,07.06 19:00,20.019
112,07.06 20:00,19.071
112,07.06 21:00,18.976
112,07.06 22:00,21.071
112,07.06 23:00,20.969
112,08.06 00:00,19.968
112,08.06 01:00,19.933
112,08.06 02:00,21.048
112,08.06 03:00,20.089
112,08.06 04:00,19.901
112,08.06 05:00,21.081
112,08.06 06:00,21.002
112,08.06 07:00,20.975
112,08.06 08:00,20.079
112,08.06 09:00,23.049
112,08.06 10:00,24.06
112,08.06 11:00,24.11
112,08.06 12:00,23.909
112,08.06 13:00,24.96
112,08.06 14:00,24.115
112,08.06 15:00,25.93
112,08.06 16:00,25.054
112,08.06 17:00,25.06
112,08.06 18:00,22.949
112,08.06 19:00,21.072
112,08.06 20:00,19.012
112,08.06 21:00,18.995
112,08.06 22:00,20.053
112,08.06 23:00,19.976
112,09.06 00:00,20.017
112,09.06 01:00,20.03
112,09.06 02:00,19.907
112,09.06 03:00,18.998
112,09.06 04:00,19.933
112,09.06 05:00,21.036
112,09.06 06:00,19.968
112,09.06 07:00,20.959
112,09.06 08:00,19.922
112,09.06 09:00,22.06
112,09.06 10:00,23.851
112,09.06 11:00,22.956
112,09.06 12:00,25.01
112,09.06 13:00,25.03
112,09.06 14:00,23.977
112,09.06 15:00,23.963
112,09.06 16:00,24.89
112,09.06 17:00,24.054
112,09.06 18:00,21.038
112,09.06 19:00,21.101
112,09.06 20:00,19.946
112,09.06 21:00,21.071
112,09.06 22:00,20.936
112,09.06 23:00,21.925
112,10.06 00:00,20.024
112,10.06 01:00,20.954
112,10.06 02:00,19.952
112,10.06 03:00,18.948
112,10.06 04:00,20.0
112,10.06 05:00,19.986
112,10.06 06:00,21.023
112,10.06 07:00,20.992
112,10.06 08:00,19.983
112,10.06 09:00,21.932
112,10.06 10:00,22.924
112,10.06 11:00,24.041
112,10.06 12:00,25.079
112,10.06 13:00,23.951
112,10.06 14:00,25.024
112,10.06 15:00,25.534
112,10.06 16:00,25.05
112,10.06 17:00,26.027
112,10.06 18:00,21.979
112,10.06 19:00,20.067
112,10.06 20:00,18.93
112,10.06 21:00,20.003
112,10.06 22:00,20.944
112,10.06 23:00,21.074
112,11.06 00:00,19.913
112,11.06 01:00,18.953
112,11.06 02:00,20.051
112,11.06 03:00,19.917
112,11.06 04:00,20.064
112,11.06 05:00,20.002
112,11.06 06:00,19.943
112,11.06 07:00,20.026
112,11.06 08:00,17.959
112,11.06 09:00,17.948
112,11.06 10:00,17.004
112,11.06 11:00,17.965
112,11.06 12:00,18.079
112,11.06 13:00,17.05
112,11.06 14:00,18.082
112,11.06 15:00,17.047
112,11.06 16:00,18.037
112,11.06 17:00,17.49
112,11.06 18:00,16.98
112,11.06 19:00,17.911
112,11.06 20:00,17.914
112,11.06 21:00,17.971
112,11.06 22:00,19.944
112,11.06 23:00,20.079
112,12.06 00:00,20.04
112,12.06 01:00,20.099
112,12.06 02:00,19.047
112,12.06 03:00,20.931
112,12.06 04:00,19.011
112,12.06 05:00,20.043
112,12.06 06:00,18.935
112,12.06 07:00,19.969
112,12.06 08:00,17.953
112,12.06 09:00,18.038
112,12.06 10:00,17.002
112,12.06 11:00,16.948
112,12.06 12:00,18.042
112,12.06 13:00,16.939
112,12.06 14:00,16.958
112,12.06 15:00,18.555
112,12.06 16:00,17.032
112,12.06 17:00,16.962
112,12.06 18:00,17.914
112,12.06 19:00,16.93
112,12.06 20:00,18.019
112,12.06 21:00,19.082
112,12.06 22:00,18.993
112,12.06 23:00,20.052
112,13.06 00:00,19.97
112,13.06 01:00,20.061
112,13.06 02:00,19.019
112,13.06 03:00,19.907
112,13.06 04:00,19.984
112,13.06 05:00,20.078
112,13.06 06:00,21.99
112,13.06 07:00,21.06
112,13.06 08:00,19.989
112,13.06 09:00,23.083
112,13.06 10:00,28.022
112,13.06 11:00,26.973
112,13.06 12:00,27.058
112,13.06 13:00,27.085
112,13.06 14:00,26.994
112,13.06 15:00,26.015
112,13.06 16:00,25.09
112,13.06 17:00,25.906
112,13.06 18:00,21.913
112,13.06 19:00,20.056
112,13.06 20:00,19.033
112,13.06 21:00,19.029
112,13.06 22:00,19.979
112,13.06 23:00,20.012
112,14.06 00:00,19.961
112,14.06 01:00,19.911
112,14.06 02:00,19.934
112,14.06 03:00,19.998
112,14.06 04:00,20.995
112,14.06 05:00,19.982
112,14.06 06:00,20.897
112,14.06 07:00,20.901
112,14.06 08:00,18.942
112,14.06 09:00,22.071
112,14.06 10:00,26.11
112,14.06 11:00,22.887
112,14.06 12:00,24.106
112,14.06 13:00,23.986
112,14.06 14:00,23.111
112,14.06 15:00,23.959
112,14.06 16:00,25.007
112,14.06 17:00,24.034
112,14.06 18:00,19.921
112,14.06 19:00,19.904
112,14.06 20:00,18.941
112,14.06 21:00,20.07
112,14.06 22:00,18.966
112,14.06 23:00,19.998
112,15.06 00:00,18.906
112,15.06 01:00,19.039
112,15.06 02:00,18.956
112,15.06 03:00,20.061
112,15.06 04:00,19.06
112,15.06 05:00,19.95
112,15.06 06:00,19.924
112,15.06 07:00,21.035
112,15.06 08:00,19.084
112,15.06 09:00,22.984
112,15.06 10:00,25.93
112,15.06 11:00,26.127
112,15.06 12:00,26.096
112,15.06 13:00,25.114
112,15.06 14:00,26.945
112,15.06 15:00,27.2
112,15.06 16:00,24.925
112,15.06 17:00,26.118
112,15.06 18:00,23.987
112,15.06 19:00,19.951
112,15.06 20:00,19.918
112,15.06 21:00,21.026
112,15.06 22:00,22.103
112,15.06 23:00,21.049
112,16.06 00:00,20.906
112,16.06 01:00,21.989
112,16.06 02:00,19.975
112,16.06 03:00,20.037
112,16.06 04:00,20.05
112,16.06 05:00,20.897
112,16.06 06:00,20.994
112,16.06 07:00,21.928
112,16.06 08:00,18.943
112,16.06 09:00,23.036
112,16.06 10:00,23.948
112,16.06 11:00,24.013
112,16.06 12:00,23.975
112,16.06 13:00,23.969
112,16.06 14:00,26.025
112,16.06 15:00,22.888
112,16.06 16:00,23.984
112,16.06 17:00,24.06
112,16.06 18:00,21.925
112,16.06 19:00,20.036
112,16.06 20:00,20.082
112,16.06 21:00,20.002
112,16.06 22:00,21.08
112,16.06 23:00,22.048
112,17.06 00:00,21.09
112,17.06 01:00,19.906
112,17.06 02:00,19.911
112,17.06 03:00,20.006
112,17.06 04:00,20.082
112,17.06 05:00,21.019
112,17.06 06:00,20.057
112,17.06 07:00,20.902
112,17.06 08:00,20.007
112,17.06 09:00,21.099
112,17.06 10:00,24.106
112,17.06 11:00,23.088
112,17.06 12:00,22.897
112,17.06 13:00,21.969
112,17.06 14:00,24.02
112,17.06 15:00,23.101
112,17.06 16:00,23.103
112,17.06 17:00,22.913
112,17.06 18:00,20.978
112,17.06 19:00,20.087
112,17.06 20:00,19.995
112,17.06 21:00,19.928
112,17.06 22:00,20.988
112,17.06 23:00,22.048
112,18.06 00:00,21.079
112,18.06 01:00,19.995
112,18.06 02:00,20.03
112,18.06 03:00,19.914
112,18.06 04:00,20.041
112,18.06 05:00,19.95
112,18.06 06:00,21.061
112,18.06 07:00,19.98
112,18.06 08:00,18.077
112,18.06 09:00,18.968
112,18.06 10:00,18.074
112,18.06 11:00,17.941
112,18.06 12:00,17.332
112,18.06 13:00,18.003
112,18.06 14:00,17.998
112,18.06 15:00,16.928
112,18.06 16:00,18.013
112,18.06 17:00,17.926
112,18.06 18:00,18.059
112,18.06 19:00,17.979
112,18.06 20:00,18.043
112,18.06 21:00,19.034
112,18.06 22:00,21.068
112,18.06 23:00,20.06
112,19.06 00:00,20.011
112,19.06 01:00,20.064
112,19.06 02:00,20.043
112,19.06 03:00,20.076
112,19.06 04:00,19.921
112,19.06 05:00,19.965
112,19.06 06:00,21.087
112,19.06 07:00,18.991
112,19.06 08:00,18.948
112,19.06 09:00,18.028
112,19.06 10:00,18.055
112,19.06 11:00,17.935
112,19.06 12:00,18.083
112,19.06 13:00,17.044
112,19.06 14:00,18.088
112,19.06 15:00,18.972
112,19.06 16:00,18.019
112,19.06 17:00,17.992
112,19.06 18:00,17.997
112,19.06 19:00,17.031
112,19.06 20:00,18.94
112,19.06 21:00,18.91
112,19.06 22:00,20.09
112,19.06 23:00,20.019
112,20.06 00:00,20.04
112,20.06 01:00,20.037
112,20.06 02:00,20.994
112,20.06 03:00,19.947
112,20.06 04:00,19.903
112,20.06 05:00,20.954
112,20.06 06:00,21.892
112,20.06 07:00,21.001
112,20.06 08:00,18.913
112,20.06 09:00,21.073
112,20.06 10:00,23.899
112,20.06 11:00,22.917
112,20.06 12:00,24.066
112,20.06 13:00,23.587
112,20.06 14:00,24.097
112,20.06 15:00,25.061
112,20.06 16:00,23.994
112,20.06 17:00,24.021
112,20.06 18:00,22.063
112,20.06 19:00,19.969
112,20.06 20:00,17.972
112,20.06 21:00,17.988
112,20.06 22:00,19.994
112,20.06 23:00,18.92
112,21.06 00:00,20.038
112,21.06 01:00,20.072
112,21.06 02:00,19.029
112,21.06 03:00,19.073
112,21.06 04:00,18.985
112,21.06 05:00,21.099
112,21.06 06:00,20.096
112,21.06 07:00,21.053
112,21.06 08:00,19.901
112,21.06 09:00,22.066
112,21.06 10:00,22.9
112,21.06 11:00,22.911
112,21.06 12:00,24.997
112,21.06 13:00,23.999
112,21.06 14:00,24.996
112,21.06 15:00,25.973
112,21.06 16:00,24.926
112,21.06 17:00,24.06
112,21.06 18:00,23.978
112,21.06 19:00,20.071
112,21.06 20:00,18.935
112,21.06 21:00,20.083
112,21.06 22:00,21.034
112,21.06 23:00,20.015
112,22.06 00:00,20.982
112,22.06 01:00,19.97
112,22.06 02:00,21.086
112,22.06 03:00,21.057
112,22.06 04:00,19.995
112,22.06 05:00,20.939
112,22.06 06:00,19.933
112,22.06 07:00,20.901
112,22.06 08:00,20.071
112,22.06 09:00,20.985
112,22.06 10:00,24.092
112,22.06 11:00,22.938
112,22.06 12:00,23.025
112,22.06 13:00,22.886
112,22.06 14:00,24.032
112,22.06 15:00,25.046
112,22.06 16:00,23.98
112,22.06 17:00,25.01
112,22.06 18:00,21.983
112,22.06 19:00,21.012
112,22.06 20:00,20.041
112,22.06 21:00,19.96
112,22.06 22:00,20.978
112,22.06 23:00,20.969
112,23.06 00:00,20.059
112,23.06 01:00,20.053
112,23.06 02:00,19.903
112,23.06 03:00,20.04
112,23.06 04:00,20.008
112,23.06 05:00,19.953
112,23.06 06:00,18.923
112,23.06 07:00,20.088
112,23.06 08:00,18.999
112,23.06 09:00,21.936
112,23.06 10:00,25.076
112,23.06 11:00,25.879
112,23.06 12:00,26.946
112,23.06 13:00,24.925
112,23.06 14:00,23.918
112,23.06 15:00,25.009
112,23.06 16:00,23.963
112,23.06 17:00,24.101
112,23.06 18:00,21.906
112,23.06 19:00,20.959
112,23.06 20:00,19.909
112,23.06 21:00,20.94
112,23.06 22:00,21.973
112,23.06 23:00,21.892
112,24.06 00:00,19.944
112,24.06 01:00,20.099
112,24.06 02:00,21.063
112,24.06 03:00,21.078
112,24.06 04:00,20.942
112,24.06 05:00,20.961
112,24.06 06:00,19.903
112,24.06 07:00,21.92
112,24.06 08:00,19.072
112,24.06 09:00,22.035
112,24.06 10:00,22.92
112,24.06 11:00,23.966
112,24.06 12:00,22.97
112,24.06 13:00,23.916
112,24.06 14:00,23.998
112,24.06 15:00,23.064
112,24.06 16:00,22.924
112,24.06 17:00,22.959
112,24.06 18:00,21.964
112,24.06 19:00,20.97
112,24.06 20:00,20.015
112,24.06 21:00,21.023
112,24.06 22:00,20.971
112,24.06 23:00,21.056
112,25.06 00:00,21.076
112,25.06 01:00,20.053
112,25.06 02:00,20.048
112,25.06 03:00,20.672
112,25.06 04:00,19.946
112,25.06 05:00,20.052
112,25.06 06:00,20.927
112,25.06 07:00,20.047
112,25.06 08:00,18.016
112,25.06 09:00,18.979
112,25.06 10:00,17.951
112,25.06 11:00,17.924
112,25.06 12:00,18.015
112,25.06 13:00,16.949
112,25.06 14:00,19.001
112,25.06 15:00,17.987
112,25.06 16:00,18.004
112,25.06 17:00,17.019
112,25.06 18:00,17.983
112,25.06 19:00,17.919
112,25.06 20:00,19.012
112,25.06 21:00,20.0
112,25.06 22:00,19.924
112,25.06 23:00,20.084
112,26.06 00:00,21.056
112,26.06 01:00,20.069
112,26.06 02:00,20.084
112,26.06 03:00,19.992
112,26.06 04:00,20.059
112,26.06 05:00,21.064
112,26.06 06:00,20.031
112,26.06 07:00,19.912
112,26.06 08:00,18.994
112,26.06 09:00,18.039
112,26.06 10:00,19.047
112,26.06 11:00,17.037
112,26.06 12:00,17.943
112,26.06 13:00,17.995
112,26.06 14:00,17.929
112,26.06 15:00,17.992
112,26.06 16:00,17.975
112,26.06 17:00,17.06
112,26.06 18:00,18.059
112,26.06 19:00,17.985
112,26.06 20:00,18.987
112,26.06 21:00,19.08
112,26.06 22:00,21.1
112,26.06 23:00,20.07
112,27.06 00:00,20.912
112,27.06 01:00,20.047
112,27.06 02:00,21.094
112,27.06 03:00,20.062
112,27.06 04:00,19.992
112,27.06 05:00,20.008
112,27.06 06:00,20.036
112,27.06 07:00,20.061
112,27.06 08:00,18.997
112,27.06 09:00,21.916
112,27.06 10:00,23.114
112,27.06 11:00,23.063
112,27.06 12:00,23.987
112,27.06 13:00,23.974
112,27.06 14:00,22.966
112,27.06 15:00,23.953
112,27.06 16:00,23.093
112,27.06 17:00,22.003
112,27.06 18:00,22.019
112,27.06 19:00,21.056
112,27.06 20:00,18.928
112,27.06 21:00,20.089
112,27.06 22:00,22.02
112,27.06 23:00,22.06
112,28.06 00:00,20.954
112,28.06 01:00,23.094
112,28.06 02:00,21.018
112,28.06 03:00,19.949
112,28.06 04:00,20.975
112,28.06 05:00,19.903
112,28.06 06:00,19.926
112,28.06 07:00,20.022
112,28.06 08:00,19.956
112,28.06 09:00,22.082
112,28.06 10:00,24.116
112,28.06 11:00,23.98
112,28.06 12:00,24.014
112,28.06 13:00,24.967
112,28.06 14:00,24.92
112,28.06 15:00,24.219
112,28.06 16:00,26.066
112,28.06 17:00,24.922
112,28.06 18:00,22.947
112,28.06 19:00,20.068
112,28.06 20:00,18.947
112,28.06 21:00,19.951
112,28.06 22:00,20.036
112,28.06 23:00,19.965
112,29.06 00:00,19.904
112,29.06 01:00,19.626
112,29.06 02:00,20.921
112,29.06 03:00,19.978
112,29.06 04:00,20.003
112,29.06 05:00,20.071
112,29.06 06:00,19.937
112,29.06 07:00,19.961
112,29.06 08:00,19.96
112,29.06 09:00,21.001
112,29.06 10:00,23.414
112,29.06 11:00,25.082
112,29.06 12:00,24.91
112,29.06 13:00,25.122
112,29.06 14:00,24.912
112,29.06 15:00,24.892
112,29.06 16:00,25.881
112,29.06 17:00,23.973
112,29.06 18:00,23.894
112,29.06 19:00,22.014
112,29.06 20:00,20.969
112,29.06 21:00,21.019
112,29.06 22:00,22.021
112,29.06 23:00,21.06
112,30.06 00:00,19.964
112,30.06 01:00,0.998
112,30.06 02:00,1.004
112,30.06 03:00,1.005
112,30.06 04:00,1.0
112,30.06 05:00,1.002
112,30.06 06:00,1.004
112,30.06 07:00,0.998
112,30.06 08:00,18.926
112,30.06 09:00,22.917
112,30.06 10:00,23.952
112,30.06 11:00,23.958
112,30.06 12:00,24.905
112,30.06 13:00,24.031
112,30.06 14:00,23.929
112,30.06 15:00,23.92
112,30.06 16:00,24.898
112,30.06 17:00,24.952
112,30.06 18:00,21.933
112,30.06 19:00,19.949
112,30.06 20:00,20.021
112,30.06 21:00,21.022
112,30.06 22:00,21.042
112,30.06 23:00,22.945
112,01.07 00:00,20.063
112,01.07 01:00,19.994
112,01.07 02:00,19.062
112,01.07 03:00,19.993
112,01.07 04:00,19.092
112,01.07 05:00,20.021
112,01.07 06:00,19.012
112,01.07 07:00,19.07
112,01.07 08:00,19.083
112,01.07 09:00,19.953
112,01.07 10:00,22.898
112,01.07 11:00,22.943
112,01.07 12:00,22.931
112,01.07 13:00,22.909
112,01.07 14:00,23.057
112,01.07 15:00,22.923
112,01.07 16:00,23.019
112,01.07 17:00,23.026
112,01.07 18:00,23.023
112,01.07 19:00,23.096
112,01.07 20:00,22.967
112,01.07 21:00,22.966
112,01.07 22:00,23.07
112,01.07 23:00,22.964
112,02.07 00:00,22.963
112,02.07 02:00,23.015
112,02.07 03:00,23.114
112,02.07 04:00,23.025
112,02.07 05:00,22.977
112,02.07 06:00,23.076
112,02.07 07:00,22.988
112,02.07 08:00,22.987
112,02.07 09:00,23.044
112,02.07 10:00,22.935
112,02.07 11:00,23.027
112,02.07 12:00,23.107
112,02.07 13:00,22.937
112,02.07 14:00,23.004
112,02.07 15:00,22.952
112,02.07 16:00,22.933
112,02.07 17:00,23.044
112,02.07 18:00,22.891
112,02.07 19:00,23.59
112,02.07 20:00,23.107
112,02.07 21:00,23.109
112,02.07 22:00,23.05
112,02.07 23:00,23.061
112,03.07 00:00,23.022
112,03.07 02:00,22.983
112,03.07 03:00,23.106
112,03.07 04:00,22.936
112,03.07 05:00,22.899
112,03.07 06:00,23.1
112,03.07 07:00,22.904
112,03.07 08:00,22.895
112,03.07 09:00,22.951
112,03.07 10:00,23.044
112,03.07 11:00,23.084
112,03.07 12:00,23.113
112,03.07 13:00,23.092
112,03.07 14:00,23.056
112,03.07 15:00,23.022
112,03.07 16:00,23.037
112,03.07 17:00,22.964
112,03.07 18:00,23.003
112,03.07 19:00,22.981
112,03.07 20:00,23.071
112,03.07 21:00,23.022
112,03.07 22:00,23.08
112,03.07 23:00,23.068
112,04.07 00:00,22.946
112,04.07 02:00,23.082
112,04.07 03:00,23.103
112,04.07 04:00,23.016
112,04.07 05:00,22.938
112,04.07 06:00,22.935
112,04.07 07:00,23.047
112,04.07 08:00,22.94
112,04.07 09:00,23.074
112,04.07 10:00,22.991
112,04.07 11:00,22.954
112,04.07 12:00,23.038
112,04.07 13:00,22.969
112,04.07 14:00,22.914
112,04.07 15:00,22.954
112,04.07 16:00,0.0
112,04.07 17:00,0.0
112,04.07 18:00,0.0
112,04.07 19:00,0.0
112,04.07 20:00,0.0
112,04.07 21:00,0.0
112,04.07 22:00,0.0
112,04.07 23:00,0.0
112,05.07 00:00,0.0
112,05.07 02:00,0.0
112,05.07 03:00,0.0
112,05.07 04:00,0.0
112,05.07 06:00,18.919
112,05.07 07:00,19.079
112,05.07 08:00,17.92
112,05.07 09:00,23.889
112,05.07 10:00,25.052
112,05.07 11:00,24.883
112,05.07 12:00,25.011
112,05.07 13:00,24.966
112,05.07 14:00,24.891
112,05.07 15:00,25.954
112,05.07 16:00,24.884
112,05.07 17:00,24.978
112,05.07 18:00,20.949
112,05.07 19:00,20.002
112,05.07 20:00,18.94
112,05.07 21:00,19.074
112,05.07 22:00,19.942
112,05.07 23:00,20.011
112,06.07 00:00,19.967
112,06.07 01:00,20.06
112,06.07 02:00,19.93
112,06.07 03:00,20.023
112,06.07 04:00,19.966
112,06.07 05:00,21.047
112,06.07 06:00,21.048
112,06.07 07:00,21.054
112,06.07 08:00,19.991
112,06.07 09:00,23.081
112,06.07 10:00,24.091
112,06.07 11:00,23.069
112,06.07 12:00,23.963
112,06.07 13:00,23.903
112,06.07 14:00,26.022
112,06.07 15:00,25.872
112,06.07 16:00,24.894
112,06.07 17:00,24.985
112,06.07 18:00,22.091
112,06.07 19:00,19.953
112,06.07 20:00,20.005
112,06.07 21:00,22.104
112,06.07 22:00,19.951
112,06.07 23:00,1.0
112,07.07 00:00,0.998
112,07.07 01:00,1.001
112,07.07 02:00,1.001
112,07.07 03:00,1.002
112,07.07 04:00,1.003
112,07.07 05:00,1.003
112,07.07 06:00,1.003
112,07.07 07:00,1.003
112,07.07 08:00,18.91
112,07.07 09:00,23.037
112,07.07 10:00,24.082
112,07.07 11:00,24.892
112,07.07 12:00,25.085
112,07.07 13:00,25.108
112,07.07 14:00,24.907
112,07.07 15:00,25.977
112,07.07 16:00,25.081
112,07.07 17:00,24.991
112,07.07 18:00,22.013
112,07.07 19:00,19.964
112,07.07 20:00,20.062
112,07.07 21:00,20.974
112,07.07 22:00,21.913
112,07.07 23:00,20.083
112,08.07 00:00,19.049
112,08.07 01:00,21.097
112,08.07 02:00,20.022
112,08.07 03:00,20.079
112,08.07 04:00,20.061
112,08.07 05:00,19.907
112,08.07 06:00,20.039
112,08.07 07:00,19.0
112,08.07 08:00,20.073
112,08.07 09:00,21.962
112,08.07 10:00,16.022
112,08.07 11:00,0.0
112,08.07 12:00,23.907
112,08.07 13:00,24.069
112,08.07 14:00,25.0
112,08.07 15:00,24.954
112,08.07 16:00,25.923
112,08.07 17:00,23.992
112,08.07 18:00,21.921
112,08.07 19:00,19.07
112,08.07 20:00,19.943
112,08.07 21:00,19.97
112,08.07 22:00,20.918
112,08.07 23:00,22.026
112,09.07 00:00,18.92
112,09.07 01:00,20.023
112,09.07 02:00,19.912
112,09.07 03:00,19.936
112,09.07 04:00,19.032
112,09.07 05:00,20.024
112,09.07 06:00,19.011
112,09.07 07:00,19.967
112,09.07 08:00,17.06
112,09.07 09:00,17.911
112,09.07 10:00,16.926
112,09.07 11:00,17.767
112,09.07 12:00,18.015
112,09.07 13:00,16.991
112,09.07 14:00,17.917
112,09.07 15:00,17.077
112,09.07 16:00,18.057
112,09.07 17:00,16.993
112,09.07 18:00,17.938
112,09.07 19:00,18.049
112,09.07 20:00,17.981
112,09.07 21:00,18.995
112,09.07 22:00,19.956
112,09.07 23:00,20.009
112,10.07 00:00,20.008
112,10.07 01:00,20.082
112,10.07 02:00,19.918
112,10.07 03:00,19.973
112,10.07 04:00,20.965
112,10.07 05:00,19.947
112,10.07 06:00,19.904
112,10.07 07:00,19.966
112,10.07 08:00,17.934
112,10.07 09:00,17.982
112,10.07 10:00,17.927
112,10.07 11:00,17.07
112,10.07 12:00,18.018
112,10.07 13:00,18.086
112,10.07 14:00,16.983
112,10.07 15:00,17.011
112,10.07 16:00,16.996
112,10.07 17:00,18.024
112,10.07 18:00,17.009
112,10.07 19:00,18.058
112,10.07 20:00,18.009
112,10.07 21:00,18.996
112,10.07 22:00,19.029
112,10.07 23:00,20.062
112,11.07 00:00,1.001
112,11.07 01:00,1.004
112,11.07 02:00,1.003
112,11.07 03:00,1.003
112,11.07 04:00,0.997
112,11.07 05:00,0.997
112,11.07 06:00,0.997
112,11.07 07:00,0.995
112,11.07 08:00,18.953
112,11.07 09:00,20.087
112,11.07 10:00,22.044
112,11.07 11:00,23.01
112,11.07 12:00,22.912
112,11.07 13:00,23.051
112,11.07 14:00,23.061
112,11.07 15:00,24.001
112,11.07 16:00,23.9
112,11.07 17:00,22.075
112,11.07 18:00,20.992
112,11.07 19:00,19.901
112,11.07 20:00,19.077
112,11.07 21:00,20.086
112,11.07 22:00,19.951
112,11.07 23:00,19.924
112,12.07 00:00,20.043
112,12.07 01:00,18.979
112,12.07 02:00,19.022
112,12.07 03:00,20.073
112,12.07 04:00,18.965
112,12.07 05:00,20.01
112,12.07 06:00,19.902
112,12.07 07:00,18.921
112,12.07 08:00,20.048
112,12.07 09:00,21.92
112,12.07 10:00,24.021
112,12.07 11:00,25.055
112,12.07 12:00,23.997
112,12.07 13:00,23.942
112,12.07 14:00,26.923
112,12.07 15:00,26.936
112,12.07 16:00,27.09
112,12.07 17:00,25.112
112,12.07 18:00,23.099
112,12.07 19:00,21.951
112,12.07 20:00,21.031
112,12.07 21:00,20.931
112,12.07 22:00,24.095
112,12.07 23:00,21.926
112,13.07 00:00,21.045
112,13.07 01:00,19.953
112,13.07 02:00,19.934
112,13.07 03:00,21.066
112,13.07 04:00,21.094
112,13.07 05:00,20.015
112,13.07 06:00,21.902
112,13.07 07:00,21.096
112,13.07 08:00,20.081
112,13.07 09:00,22.06
112,13.07 10:00,25.24
112,13.07 11:00,25.949
112,13.07 12:00,25.007
112,13.07 13:00,25.938
112,13.07 14:00,25.904
112,13.07 15:00,25.903
112,13.07 16:00,25.013
112,13.07 17:00,22.92
112,13.07 18:00,21.061
112,13.07 19:00,19.906
112,13.07 20:00,19.908
112,13.07 21:00,21.93
112,13.07 22:00,22.024
112,13.07 23:00,20.951
112,14.07 00:00,20.033
112,14.07 01:00,19.01
112,14.07 02:00,19.956
112,14.07 03:00,19.094
112,14.07 04:00,19.999
112,14.07 05:00,20.899
112,14.07 06:00,21.142
112,14.07 07:00,19.961
112,14.07 08:00,19.969
112,14.07 09:00,23.083
112,14.07 10:00,22.903
112,14.07 11:00,23.037
112,14.07 12:00,22.077
112,14.07 13:00,23.047
112,14.07 14:00,22.925
112,14.07 15:00,22.983
112,14.07 16:00,22.941
112,14.07 17:00,21.043
112,14.07 18:00,19.973
112,14.07 19:00,18.982
112,14.07 20:00,18.994
112,14.07 21:00,20.091
112,14.07 22:00,21.077
112,14.07 23:00,23.041
112,15.07 00:00,21.094
112,15.07 01:00,21.046
112,15.07 02:00,20.037
112,15.07 03:00,20.932
112,15.07 04:00,19.968
112,15.07 05:00,19.987
112,15.07 06:00,21.025
112,15.07 07:00,21.014
112,15.07 08:00,19.944
112,15.07 09:00,21.905
112,15.07 10:00,23.006
112,15.07 11:00,22.951
112,15.07 12:00,23.067
112,15.07 13:00,22.082
112,15.07 14:00,22.996
112,15.07 15:00,24.902
112,15.07 16:00,22.915
112,15.07 17:00,24.109
112,15.07 18:00,20.994
112,15.07 19:00,19.933
112,15.07 20:00,20.053
112,15.07 21:00,21.009
112,15.07 22:00,21.038
112,15.07 23:00,19.952
112,16.07 00:00,19.994
112,16.07 01:00,19.933
112,16.07 02:00,18.944
112,16.07 03:00,19.95
112,16.07 04:00,20.059
112,16.07 05:00,18.987
112,16.07 06:00,20.002
112,16.07 07:00,19.075
112,16.07 08:00,18.923
112,16.07 09:00,18.09
112,16.07 10:00,17.91
112,16.07 11:00,17.02
112,16.07 12:00,17.024
112,16.07 13:00,16.289
112,16.07 14:00,17.03
112,16.07 15:00,18.029
112,16.07 16:00,17.015
112,16.07 17:00,16.923
112,16.07 18:00,17.036
112,16.07 19:00,17.043
112,16.07 20:00,17.96
112,16.07 21:00,19.231
112,16.07 22:00,18.926
112,16.07 23:00,19.904
112,17.07 00:00,19.945
112,17.07 01:00,20.781
112,17.07 02:00,19.965
112,17.07 03:00,20.098
112,17.07 04:00,19.039
112,17.07 05:00,19.942
112,17.07 06:00,19.06
112,17.07 07:00,19.929
112,17.07 08:00,18.023
112,17.07 09:00,18.073
112,17.07 10:00,18.082
112,17.07 11:00,17.044
112,17.07 12:00,18.043
112,17.07 13:00,16.93
112,17.07 14:00,17.031
112,17.07 15:00,18.011
112,17.07 16:00,16.92
112,17.07 17:00,17.084
112,17.07 18:00,18.06
112,17.07 19:00,18.015
112,17.07 20:00,17.947
112,17.07 21:00,17.93
112,17.07 22:00,20.094
112,17.07 23:00,19.903
112,18.07 00:00,20.056
112,18.07 01:00,19.056
112,18.07 02:00,20.085
112,18.07 03:00,20.012
112,18.07 04:00,19.058
112,18.07 05:00,19.941
112,18.07 06:00,21.069
112,18.07 07:00,20.989
112,18.07 08:00,21.067
112,18.07 09:00,22.099
112,18.07 10:00,24.89
112,18.07 11:00,27.973
112,18.07 12:00,25.012
112,18.07 13:00,25.977
112,18.07 14:00,24.038
112,18.07 15:00,26.073
112,18.07 16:00,25.058
112,18.07 17:00,23.974
112,18.07 18:00,22.016
112,18.07 19:00,21.973
112,18.07 20:00,20.95
112,18.07 21:00,20.056
112,18.07 22:00,20.903
112,18.07 23:00,20.093
112,19.07 00:00,20.01
112,19.07 01:00,19.983
112,19.07 02:00,19.922
112,19.07 03:00,20.975
112,19.07 04:00,19.908
112,19.07 05:00,20.096
112,19.07 06:00,21.912
112,19.07 07:00,21.105
112,19.07 08:00,20.972
112,19.07 09:00,24.949
112,19.07 10:00,25.07
112,19.07 11:00,25.889
112,19.07 12:00,26.023
112,19.07 13:00,25.025
112,19.07 14:00,24.982
112,19.07 15:00,24.962
112,19.07 16:00,23.922
112,19.07 17:00,24.095
112,19.07 18:00,20.007
112,19.07 19:00,21.066
112,19.07 20:00,19.089
112,19.07 21:00,19.967
112,19.07 22:00,20.062
112,19.07 23:00,20.014
112,20.07 00:00,20.914
112,20.07 01:00,18.907
112,20.07 02:00,19.967
112,20.07 03:00,21.011
112,20.07 04:00,18.281
112,20.07 05:00,20.921
112,20.07 06:00,20.94
112,20.07 07:00,20.899
112,20.07 08:00,19.941
112,20.07 09:00,22.936
112,20.07 10:00,23.018
112,20.07 11:00,24.232
112,20.07 12:00,24.033
112,20.07 13:00,24.883
112,20.07 14:00,23.974
112,20.07 15:00,23.955
112,20.07 16:00,25.102
112,20.07 17:00,24.231
112,20.07 18:00,21.963
112,20.07 19:00,20.953
112,20.07 20:00,21.009
112,20.07 21:00,19.947
112,20.07 22:00,21.098
112,20.07 23:00,20.004
112,21.07 00:00,20.0
112,21.07 01:00,19.918
112,21.07 02:00,18.955
112,21.07 03:00,20.09
112,21.07 04:00,19.954
112,21.07 05:00,19.943
112,21.07 06:00,22.06
112,21.07 07:00,20.094
112,21.07 08:00,21.054
112,21.07 09:00,22.082
112,21.07 10:00,23.095
112,21.07 11:00,23.033
112,21.07 12:00,23.011
112,21.07 13:00,25.05
112,21.07 14:00,23.076
112,21.07 15:00,23.932
112,21.07 16:00,23.566
112,21.07 17:00,23.024
112,21.07 18:00,22.069
112,21.07 19:00,20.964
112,21.07 20:00,20.087
112,21.07 21:00,19.999
112,21.07 22:00,21.052
112,21.07 23:00,19.943
112,22.07 00:00,19.996
112,22.07 01:00,19.022
112,22.07 02:00,19.956
112,22.07 03:00,19.902
112,22.07 04:00,19.94
112,22.07 05:00,20.052
112,22.07 06:00,20.043
112,22.07 07:00,20.921
112,22.07 08:00,20.052
112,22.07 09:00,23.094
112,22.07 10:00,22.969
112,22.07 11:00,22.003
112,22.07 12:00,23.035
112,22.07 13:00,22.098
112,22.07 14:00,22.919
112,22.07 15:00,22.032
112,22.07 16:00,22.922
112,22.07 17:00,20.911
112,22.07 18:00,20.001
112,22.07 19:00,19.984
112,22.07 20:00,19.023
112,22.07 21:00,18.91
112,22.07 22:00,19.942
112,22.07 23:00,19.93
112,23.07 00:00,20.063
112,23.07 01:00,21.089
112,23.07 02:00,20.036
112,23.07 03:00,19.928
112,23.07 04:00,20.005
112,23.07 05:00,19.904
112,23.07 06:00,20.075
112,23.07 07:00,20.036
112,23.07 08:00,18.966
112,23.07 09:00,17.976
112,23.07 10:00,18.019
112,23.07 11:00,18.021
112,23.07 12:00,18.016
112,23.07 13:00,17.008
112,23.07 14:00,18.003
112,23.07 15:00,18.027
112,23.07 16:00,17.971
112,23.07 17:00,18.057
112,23.07 18:00,16.971
112,23.07 19:00,18.06
112,23.07 20:00,19.05
112,23.07 21:00,19.0
112,23.07 22:00,20.066
112,23.07 23:00,21.077
112,24.07 00:00,19.913
112,24.07 01:00,20.085
112,24.07 02:00,19.94
112,24.07 03:00,19.977
112,24.07 04:00,20.048
112,24.07 05:00,19.08
112,24.07 06:00,20.09
112,24.07 07:00,21.046
112,24.07 08:00,19.075
112,24.07 09:00,17.943
112,24.07 10:00,18.033
112,24.07 11:00,17.084
112,24.07 12:00,17.979
112,24.07 13:00,18.061
112,24.07 14:00,16.984
112,24.07 15:00,17.008
112,24.07 16:00,17.993
112,24.07 17:00,17.978
112,24.07 18:00,18.082
112,24.07 19:00,17.025
112,24.07 20:00,18.932
112,24.07 21:00,18.98
112,24.07 22:00,18.928
112,24.07 23:00,21.076
112,25.07 00:00,20.078
112,25.07 01:00,19.972
112,25.07 02:00,19.955
112,25.07 03:00,19.998
112,25.07 04:00,21.068
112,25.07 05:00,19.929
112,25.07 06:00,21.086
112,25.07 07:00,20.962
112,25.07 08:00,19.927
112,25.07 09:00,22.077
112,25.07 10:00,23.918
112,25.07 11:00,22.063
112,25.07 12:00,22.916
112,25.07 13:00,22.969
112,25.07 14:00,22.892
112,25.07 15:00,23.549
112,25.07 16:00,23.091
112,25.07 17:00,21.901
112,25.07 18:00,21.066
112,25.07 19:00,19.986
112,25.07 20:00,20.084
112,25.07 21:00,21.022
112,25.07 22:00,20.938
112,25.07 23:00,20.014
112,26.07 00:00,19.98
112,26.07 01:00,20.071
112,26.07 02:00,19.987
112,26.07 03:00,20.0
112,26.07 04:00,19.96
112,26.07 05:00,21.087
112,26.07 06:00,20.987
112,26.07 07:00,20.926
112,26.07 08:00,20.093
112,26.07 09:00,22.1
112,26.07 10:00,24.097
112,26.07 11:00,24.981
112,26.07 12:00,23.96
112,26.07 13:00,25.121
112,26.07 14:00,24.995
112,26.07 15:00,23.911
112,26.07 16:00,23.04
112,26.07 17:00,21.903
112,26.07 18:00,20.931
112,26.07 19:00,21.025
112,26.07 20:00,19.993
112,26.07 21:00,20.083
112,26.07 22:00,20.023
112,26.07 23:00,19.929
112,27.07 00:00,18.961
112,27.07 01:00,20.004
112,27.07 02:00,19.985
112,27.07 03:00,19.907
112,27.07 04:00,18.955
112,27.07 05:00,19.402
112,27.07 06:00,21.088
112,27.07 07:00,21.927
112,27.07 08:00,19.923
112,27.07 09:00,21.894
112,27.07 10:00,23.894
112,27.07 11:00,26.021
112,27.07 12:00,23.985
112,27.07 13:00,24.931
112,27.07 14:00,25.021
112,27.07 15:00,24.911
112,27.07 16:00,24.052
112,27.07 17:00,24.915
112,27.07 18:00,22.091
112,27.07 19:00,20.043
112,27.07 20:00,19.044
112,27.07 21:00,20.979
112,27.07 22:00,19.083
112,27.07 23:00,19.997
112,28.07 00:00,19.965
112,28.07 01:00,19.97
112,28.07 02:00,19.905
112,28.07 03:00,19.974
112,28.07 04:00,19.094
112,28.07 05:00,20.93
112,28.07 06:00,20.095
112,28.07 07:00,22.038
112,28.07 08:00,20.097
112,28.07 09:00,22.935
112,28.07 10:00,24.998
112,28.07 11:00,25.992
112,28.07 12:00,25.093
112,28.07 13:00,27.084
112,28.07 14:00,26.885
112,28.07 15:00,25.961
112,28.07 16:00,27.025
112,28.07 17:00,25.97
112,28.07 18:00,23.007
112,28.07 19:00,21.93
112,28.07 20:00,20.967
112,28.07 21:00,20.026
112,28.07 22:00,20.066
112,28.07 23:00,20.033
112,29.07 00:00,21.073
112,29.07 01:00,20.029
112,29.07 02:00,20.004
112,29.07 03:00,19.978
112,29.07 04:00,20.03
112,29.07 05:00,19.901
112,29.07 06:00,21.92
112,29.07 07:00,22.04
112,29.07 08:00,20.034
112,29.07 09:00,22.99
112,29.07 10:00,21.903
112,29.07 11:00,24.082
112,29.07 12:00,24.922
112,29.07 13:00,24.68
112,29.07 14:00,25.048
112,29.07 15:00,25.928
112,29.07 16:00,25.018
112,29.07 17:00,26.059
112,29.07 18:00,22.989
112,29.07 19:00,20.981
112,29.07 20:00,20.047
112,29.07 21:00,20.063
112,29.07 22:00,19.931
112,29.07 23:00,20.094
112,30.07 00:00,19.945
112,30.07 01:00,20.002
112,30.07 02:00,18.993
112,30.07 03:00,19.958
112,30.07 04:00,19.93
112,30.07 05:00,19.96
112,30.07 06:00,20.009
112,30.07 07:00,19.92
112,30.07 08:00,19.022
112,30.07 09:00,18.058
112,30.07 10:00,17.926
112,30.07 11:00,16.996
112,30.07 12:00,18.024
112,30.07 13:00,16.967
112,30.07 14:00,16.924
112,30.07 15:00,17.981
112,30.07 16:00,16.849
112,30.07 17:00,16.929
112,30.07 18:00,17.966
112,30.07 19:00,16.925
112,30.07 20:00,18.042
112,30.07 21:00,18.969
112,30.07 22:00,19.951
112,30.07 23:00,19.938
112,31.07 00:00,19.985
112,31.07 01:00,18.941
112,31.07 02:00,19.926
112,31.07 03:00,20.895
112,31.07 04:00,20.054
112,31.07 05:00,20.04
112,31.07 06:00,20.051
112,31.07 07:00,19.066
112,31.07 08:00,17.977
112,31.07 09:00,18.066
112,31.07 10:00,18.028
112,31.07 11:00,16.941
112,31.07 12:00,17.056
112,31.07 13:00,17.061
112,31.07 14:00,18.015
112,31.07 15:00,17.009
112,31.07 16:00,16.938
112,31.07 17:00,17.921
112,31.07 18:00,16.915
112,31.07 19:00,16.962
112,31.07 20:00,17.916
112,31.07 21:00,20.007
112,31.07 22:00,19.083
112,31.07 23:00,20.072
112,01.08 00:00,20.062
112,01.08 01:00,19.972
112,01.08 02:00,19.964
112,01.08 03:00,19.902
112,01.08 04:00,20.083
112,01.08 05:00,20.914
112,01.08 06:00,21.07
112,01.08 07:00,20.991
112,01.08 08:00,19.919
112,01.08 09:00,26.099
112,01.08 10:00,24.961
112,01.08 11:00,24.951
112,01.08 12:00,24.013
112,01.08 13:00,22.942
112,01.08 14:00,24.877
112,01.08 15:00,26.071
112,01.08 16:00,24.993
112,01.08 17:00,24.944
112,01.08 18:00,22.001
112,01.08 19:00,19.991
112,01.08 20:00,19.045
112,01.08 21:00,21.049
112,01.08 22:00,20.925
112,01.08 23:00,19.952
112,02.08 00:00,19.994
112,02.08 01:00,21.037
112,02.08 02:00,19.964
112,02.08 03:00,19.948
112,02.08 04:00,19.073
112,02.08 05:00,19.917
112,02.08 06:00,20.956
112,02.08 07:00,19.915
112,02.08 08:00,19.929
112,02.08 09:00,20.945
112,02.08 10:00,22.926
112,02.08 11:00,22.94
112,02.08 12:00,25.1
112,02.08 13:00,24.105
112,02.08 14:00,25.058
112,02.08 15:00,25.071
112,02.08 16:00,25.063
112,02.08 17:00,24.079
112,02.08 18:00,24.059
112,02.08 19:00,19.99
112,02.08 20:00,18.908
112,02.08 21:00,18.955
112,02.08 22:00,20.025
112,02.08 23:00,18.97
112,03.08 00:00,19.925
112,03.08 01:00,18.925
112,03.08 02:00,20.062
112,03.08 03:00,18.958
112,03.08 04:00,19.989
112,03.08 05:00,20.08
112,03.08 06:00,20.043
112,03.08 07:00,20.964
112,03.08 08:00,20.063
112,03.08 09:00,22.935
112,03.08 10:00,24.954
112,03.08 11:00,25.093
112,03.08 12:00,23.038
112,03.08 13:00,25.059
112,03.08 14:00,24.109
112,03.08 15:00,23.887
112,03.08 16:00,25.122
112,03.08 17:00,25.112
112,03.08 18:00,21.914
112,03.08 19:00,21.028
112,03.08 20:00,20.094
112,03.08 21:00,22.98
112,03.08 22:00,20.068
112,03.08 23:00,0.997
112,04.08 00:00,1.003
112,04.08 01:00,1.0
112,04.08 02:00,0.996
112,04.08 03:00,1.003
112,04.08 04:00,0.998
112,04.08 05:00,0.997
112,04.08 06:00,21.029
112,04.08 07:00,20.944
112,04.08 08:00,20.956
112,04.08 09:00,20.952
112,04.08 10:00,23.92
112,04.08 11:00,25.92
112,04.08 12:00,23.97
112,04.08 13:00,25.086
112,04.08 14:00,25.016
112,04.08 15:00,24.997
112,04.08 16:00,24.991
112,04.08 17:00,24.931
112,04.08 18:00,23.096
112,04.08 19:00,20.938
112,04.08 20:00,20.92
112,04.08 21:00,20.956
112,04.08 22:00,20.077
112,04.08 23:00,20.078
112,05.08 00:00,20.089
112,05.08 01:00,20.087
112,05.08 02:00,21.027
112,05.08 03:00,19.954
112,05.08 04:00,19.997
112,05.08 05:00,22.046
112,05.08 06:00,20.969
112,05.08 07:00,21.034
112,05.08 08:00,20.934
112,05.08 09:00,20.907
112,05.08 10:00,22.961
112,05.08 11:00,23.938
112,05.08 12:00,22.087
112,05.08 13:00,24.076
112,05.08 14:00,24.039
112,05.08 15:00,25.915
112,05.08 16:00,23.952
112,05.08 17:00,24.033
112,05.08 18:00,19.994
112,05.08 19:00,18.945
112,05.08 20:00,18.024
112,05.08 21:00,18.974
112,05.08 22:00,19.071
112,05.08 23:00,18.934
112,06.08 00:00,19.954
112,06.08 01:00,19.051
112,06.08 02:00,18.977
112,06.08 03:00,19.056
112,06.08 04:00,19.973
112,06.08 05:00,19.973
112,06.08 06:00,19.01
112,06.08 07:00,20.037
112,06.08 08:00,18.051
112,06.08 09:00,16.916
112,06.08 10:00,16.98
112,06.08 11:00,16.945
112,06.08 12:00,17.039
112,06.08 13:00,16.068
112,06.08 14:00,18.025
112,06.08 15:00,17.927
112,06.08 16:00,17.013
112,06.08 17:00,17.945
112,06.08 18:00,17.954
112,06.08 19:00,18.075
112,06.08 20:00,17.913
112,06.08 21:00,18.081
112,06.08 22:00,20.013
112,06.08 23:00,20.0
112,07.08 00:00,18.92
112,07.08 01:00,19.031
112,07.08 02:00,19.007
112,07.08 03:00,19.003
112,07.08 04:00,18.92
112,07.08 05:00,20.021
112,07.08 06:00,19.049
112,07.08 07:00,18.967
112,07.08 08:00,16.946
112,07.08 09:00,17.93
112,07.08 10:00,15.979
112,07.08 11:00,16.968
112,07.08 12:00,17.025
112,07.08 13:00,16.015
112,07.08 14:00,16.973
112,07.08 15:00,17.061
112,07.08 16:00,16.968
112,07.08 17:00,16.926
112,07.08 18:00,17.018
112,07.08 19:00,16.918
112,07.08 20:00,17.04
112,07.08 21:00,18.085
112,07.08 22:00,19.904
112,07.08 23:00,18.995
112,08.08 00:00,19.08
112,08.08 01:00,18.912
112,08.08 02:00,19.038
112,08.08 03:00,19.048
112,08.08 04:00,18.909
112,08.08 05:00,20.034
112,08.08 06:00,21.082
112,08.08 07:00,20.004
112,08.08 08:00,20.999
112,08.08 09:00,21.071
112,08.08 10:00,25.069
112,08.08 11:00,24.978
112,08.08 12:00,25.0
112,08.08 13:00,26.986
112,08.08 14:00,24.987
112,08.08 15:00,24.959
112,08.08 16:00,25.965
112,08.08 17:00,26.965
112,08.08 18:00,23.001
112,08.08 19:00,19.958
112,08.08 20:00,19.092
112,08.08 21:00,19.912
112,08.08 22:00,19.04
112,08.08 23:00,19.986
112,09.08 00:00,19.94
112,09.08 01:00,20.001
112,09.08 02:00,19.926
112,09.08 03:00,19.967
112,09.08 04:00,19.96
112,09.08 05:00,19.93
112,09.08 06:00,21.927
112,09.08 07:00,20.092
112,09.08 08:00,21.072
112,09.08 09:00,22.946
112,09.08 10:00,26.052
112,09.08 11:00,27.078
112,09.08 12:00,26.075
112,09.08 13:00,26.037
112,09.08 14:00,26.033
112,09.08 15:00,25.97
112,09.08 16:00,25.987
112,09.08 17:00,26.019
112,09.08 18:00,23.962
112,09.08 19:00,22.937
112,09.08 20:00,19.997
112,09.08 21:00,21.075
112,09.08 22:00,20.974
112,09.08 23:00,20.919
112,10.08 00:00,20.937
112,10.08 01:00,19.911
112,10.08 02:00,20.918
112,10.08 03:00,19.984
112,10.08 04:00,21.056
112,10.08 05:00,21.07
112,10.08 06:00,20.937
112,10.08 07:00,22.047
112,10.08 08:00,20.076
112,10.08 09:00,23.006
112,10.08 10:00,26.053
112,10.08 11:00,25.888
112,10.08 12:00,25.889
112,10.08 13:00,26.968
112,10.08 14:00,26.008
112,10.08 15:00,27.045
112,10.08 16:00,27.052
112,10.08 17:00,26.883
112,10.08 18:00,23.921
112,10.08 19:00,19.946
112,10.08 20:00,20.035
112,10.08 21:00,20.915
112,10.08 22:00,19.918
112,10.08 23:00,20.085
112,11.08 00:00,19.994
112,11.08 01:00,19.987
112,11.08 02:00,19.916
112,11.08 03:00,19.959
112,11.08 04:00,19.004
112,11.08 05:00,20.007
112,11.08 06:00,20.99
112,11.08 07:00,22.048
112,11.08 08:00,20.043
112,11.08 09:00,22.9
112,11.08 10:00,24.954
112,11.08 11:00,26.102
112,11.08 12:00,26.052
112,11.08 13:00,26.128
112,11.08 14:00,25.915
112,11.08 15:00,26.023
112,11.08 16:00,26.109
112,11.08 17:00,27.038
112,11.08 18:00,25.008
112,11.08 19:00,22.093
112,11.08 20:00,22.049
112,11.08 21:00,20.091
112,11.08 22:00,20.968
112,11.08 23:00,0.998
112,12.08 00:00,1.001
112,12.08 01:00,1.002
112,12.08 02:00,0.996
112,12.08 03:00,1.004
112,12.08 04:00,0.998
112,12.08 05:00,1.002
112,12.08 06:00,0.995
112,12.08 07:00,22.045
112,12.08 08:00,20.97
112,12.08 09:00,22.914
112,12.08 10:00,26.111
112,12.08 11:00,26.027
112,12.08 12:00,25.882
112,12.08 13:00,28.972
112,12.08 14:00,29.0
112,12.08 15:00,30.01
112,12.08 16:00,29.96
112,12.08 17:00,26.003
112,12.08 18:00,24.086
112,12.08 19:00,22.048
112,12.08 20:00,21.076
112,12.08 21:00,21.053
112,12.08 22:00,20.891
112,12.08 23:00,20.067
112,13.08 00:00,1.0
112,13.08 01:00,1.004
112,13.08 02:00,0.999
112,13.08 03:00,0.999
112,13.08 04:00,1.003
112,13.08 05:00,1.003
112,13.08 06:00,0.999
112,13.08 07:00,1.004
112,13.08 08:00,18.924
112,13.08 09:00,18.032
112,13.08 10:00,17.979
112,13.08 11:00,17.969
112,13.08 12:00,17.007
112,13.08 13:00,17.008
112,13.08 14:00,17.979
112,13.08 15:00,17.048
112,13.08 16:00,18.04
112,13.08 17:00,16.958
112,13.08 18:00,17.039
112,13.08 19:00,18.033
112,13.08 20:00,17.945
112,13.08 21:00,20.024
112,13.08 22:00,20.046
112,13.08 23:00,19.077
112,14.08 00:00,20.09
112,14.08 01:00,20.004
112,14.08 02:00,21.072
112,14.08 03:00,19.963
112,14.08 04:00,20.016
112,14.08 05:00,19.945
112,14.08 06:00,20.046
112,14.08 07:00,20.058
112,14.08 08:00,19.031
112,14.08 09:00,18.008
112,14.08 10:00,18.03
112,14.08 11:00,16.99
112,14.08 12:00,17.072
112,14.08 13:00,17.435
112,14.08 14:00,17.053
112,14.08 15:00,17.941
112,14.08 16:00,17.037
112,14.08 17:00,17.054
112,14.08 18:00,18.086
112,14.08 19:00,18.025
112,14.08 20:00,19.043
112,14.08 21:00,20.038
112,14.08 22:00,19.044
112,14.08 23:00,19.991
112,15.08 00:00,20.036
112,15.08 01:00,19.945
112,15.08 02:00,19.992
112,15.08 03:00,19.071
112,15.08 04:00,19.981
112,15.08 05:00,20.047
112,15.08 06:00,21.08
112,15.08 07:00,22.055
112,15.08 08:00,21.013
112,15.08 09:00,21.91
112,15.08 10:00,24.04
112,15.08 11:00,25.939
112,15.08 12:00,25.89
112,15.08 13:00,27.237
112,15.08 14:00,26.96
112,15.08 15:00,22.062
112,15.08 16:00,22.929
112,15.08 17:00,23.103
112,15.08 18:00,21.897
112,15.08 19:00,20.001
112,15.08 20:00,19.051
112,15.08 21:00,19.974
112,15.08 22:00,22.963
112,15.08 23:00,22.971
112,16.08 00:00,20.091
112,16.08 01:00,20.091
112,16.08 02:00,19.963
112,16.08 03:00,20.083
112,16.08 04:00,19.962
112,16.08 05:00,19.989
112,16.08 06:00,20.904
112,16.08 07:00,21.928
112,16.08 08:00,20.94
112,16.08 09:00,24.056
112,16.08 10:00,23.907
112,16.08 11:00,24.119
112,16.08 12:00,24.028
112,16.08 13:00,24.981
112,16.08 14:00,24.959
112,16.08 15:00,23.9
112,16.08 16:00,25.103
112,16.08 17:00,23.921
112,16.08 18:00,22.104
112,16.08 19:00,19.923
112,16.08 20:00,20.056
112,16.08 21:00,20.961
112,16.08 22:00,20.022
112,16.08 23:00,20.032
112,17.08 00:00,21.04
112,17.08 01:00,19.933
112,17.08 02:00,20.016
112,17.08 03:00,21.036
112,17.08 04:00,20.078
112,17.08 05:00,21.002
112,17.08 06:00,21.065
112,17.08 07:00,20.897
112,17.08 08:00,21.966
112,17.08 09:00,20.908
112,17.08 10:00,22.969
112,17.08 11:00,24.888
112,17.08 12:00,23.981
112,17.08 13:00,25.073
112,17.08 14:00,24.077
112,17.08 15:00,23.103
112,17.08 16:00,25.051
112,17.08 17:00,24.118
112,17.08 18:00,22.064
112,17.08 19:00,21.0
112,17.08 20:00,20.96
112,17.08 21:00,20.027
112,17.08 22:00,20.955
112,17.08 23:00,20.099
112,18.08 00:00,20.896
112,18.08 01:00,21.084
112,18.08 02:00,20.001
112,18.08 03:00,20.049
112,18.08 04:00,21.049
112,18.08 05:00,19.935
112,18.08 06:00,22.091
112,18.08 07:00,21.894
112,18.08 08:00,20.914
112,18.08 09:00,22.954
112,18.08 10:00,24.885
112,18.08 11:00,22.969
112,18.08 12:00,23.886
112,18.08 13:00,24.879
112,18.08 14:00,25.058
112,18.08 15:00,25.97
112,18.08 16:00,23.95
112,18.08 17:00,25.017
112,18.08 18:00,23.927
112,18.08 19:00,20.966
112,18.08 20:00,20.997
112,18.08 21:00,21.069
112,18.08 22:00,20.084
112,18.08 23:00,20.023
112,19.08 00:00,19.953
112,19.08 01:00,19.946
112,19.08 02:00,19.923
112,19.08 03:00,21.028
112,19.08 04:00,20.038
112,19.08 05:00,20.926
112,19.08 06:00,19.974
112,19.08 07:00,20.974
112,19.08 08:00,21.908
112,19.08 09:00,22.056
112,19.08 10:00,23.046
112,19.08 11:00,23.972
112,19.08 12:00,24.89
112,19.08 13:00,25.096
112,19.08 14:00,24.915
112,19.08 15:00,24.989
112,19.08 16:00,24.855
112,19.08 17:00,26.905
112,19.08 18:00,22.981
112,19.08 19:00,20.968
112,19.08 20:00,21.903
112,19.08 21:00,20.026
112,19.08 22:00,21.046
112,19.08 23:00,19.092
112,20.08 00:00,21.083
112,20.08 01:00,20.058
112,20.08 02:00,20.088
112,20.08 03:00,20.004
112,20.08 04:00,20.874
112,20.08 05:00,20.997
112,20.08 06:00,20.014
112,20.08 07:00,19.916
112,20.08 08:00,18.961
112,20.08 09:00,18.907
112,20.08 10:00,18.006
112,20.08 11:00,19.003
112,20.08 12:00,18.982
112,20.08 13:00,19.911
112,20.08 14:00,17.966
112,20.08 15:00,17.917
112,20.08 16:00,20.059
112,20.08 17:00,19.999
112,20.08 18:00,19.992
112,20.08 19:00,19.049
112,20.08 20:00,19.936
112,20.08 21:00,21.944
112,20.08 22:00,20.943
112,20.08 23:00,20.973
112,21.08 00:00,21.091
112,21.08 01:00,20.089
112,21.08 02:00,19.907
112,21.08 03:00,20.942
112,21.08 04:00,20.056
112,21.08 05:00,20.099
112,21.08 06:00,20.96
112,21.08 07:00,20.041
112,21.08 08:00,18.947
112,21.08 09:00,18.046
112,21.08 10:00,18.046
112,21.08 11:00,17.994
112,21.08 12:00,16.923
112,21.08 13:00,18.054
112,21.08 14:00,18.936
112,21.08 15:00,20.064
112,21.08 16:00,19.047
112,21.08 17:00,18.083
112,21.08 18:00,19.908
112,21.08 19:00,19.028
112,21.08 20:00,20.098
112,21.08 21:00,22.016
112,21.08 22:00,20.944
112,21.08 23:00,21.072
112,22.08 00:00,22.027
112,22.08 01:00,20.913
112,22.08 02:00,19.921
112,22.08 03:00,18.945
112,22.08 04:00,19.989
112,22.08 05:00,21.014
112,22.08 06:00,20.017
112,22.08 07:00,19.93
112,22.08 08:00,22.077
112,22.08 09:00,22.959
112,22.08 10:00,24.912
112,22.08 11:00,25.884
112,22.08 12:00,25.994
112,22.08 13:00,26.983
112,22.08 14:00,25.005
112,22.08 15:00,25.032
112,22.08 16:00,25.941
112,22.08 17:00,25.083
112,22.08 18:00,23.897
112,22.08 19:00,22.969
112,22.08 20:00,22.081
112,22.08 21:00,23.005
112,22.08 22:00,21.072
112,22.08 23:00,20.942
112,23.08 00:00,21.952
112,23.08 01:00,23.094
112,23.08 02:00,21.967
112,23.08 03:00,21.957
112,23.08 04:00,22.918
112,23.08 05:00,21.067
112,23.08 06:00,19.957
112,23.08 07:00,20.098
112,23.08 08:00,21.048
112,23.08 09:00,22.955
112,23.08 10:00,22.957
112,23.08 11:00,24.002
112,23.08 12:00,26.093
112,23.08 13:00,27.084
112,23.08 14:00,23.943
112,23.08 15:00,26.046
112,23.08 16:00,25.007
112,23.08 17:00,23.886
112,23.08 18:00,22.061
112,23.08 19:00,21.935
112,23.08 20:00,23.052
112,23.08 21:00,22.897
112,23.08 22:00,20.898
112,23.08 23:00,20.037
112,24.08 00:00,20.04
112,24.08 01:00,19.97
112,24.08 02:00,19.061
112,24.08 03:00,18.946
112,24.08 04:00,18.995
112,24.08 05:00,19.038
112,24.08 06:00,19.985
112,24.08 07:00,18.08
112,24.08 08:00,18.993
112,24.08 09:00,21.995
112,24.08 10:00,23.084
112,24.08 11:00,23.066
112,24.08 12:00,23.928
112,24.08 13:00,24.916
112,24.08 14:00,25.112
112,24.08 15:00,25.025
112,24.08 16:00,23.895
112,24.08 17:00,25.078
112,24.08 18:00,22.099
112,24.08 19:00,22.98
112,24.08 20:00,21.012
112,24.08 21:00,22.969
112,24.08 22:00,20.961
112,24.08 23:00,19.955
112,25.08 00:00,1.001
112,25.08 01:00,1.005
112,25.08 02:00,0.999
112,25.08 03:00,1.003
112,25.08 04:00,1.002
112,25.08 05:00,1.002
112,25.08 06:00,1.004
112,25.08 07:00,18.973
112,25.08 08:00,19.91
112,25.08 09:00,22.894
112,25.08 10:00,24.059
112,25.08 11:00,23.898
112,25.08 12:00,23.95
112,25.08 13:00,23.892
112,25.08 14:00,24.031
112,25.08 15:00,25.973
112,25.08 16:00,23.958
112,25.08 17:00,24.057
112,25.08 18:00,22.071
112,25.08 19:00,19.054
112,25.08 20:00,20.068
112,25.08 21:00,20.971
112,25.08 22:00,19.043
112,25.08 23:00,19.916
112,26.08 00:00,20.065
112,26.08 01:00,20.931
112,26.08 02:00,20.019
112,26.08 03:00,18.93
112,26.08 04:00,20.059
112,26.08 05:00,19.958
112,26.08 06:00,19.954
112,26.08 07:00,20.081
112,26.08 08:00,20.042
112,26.08 09:00,23.109
112,26.08 10:00,22.991
112,26.08 11:00,21.893
112,26.08 12:00,24.027
112,26.08 13:00,22.888
112,26.08 14:00,23.056
112,26.08 15:00,23.906
112,26.08 16:00,23.105
112,26.08 17:00,22.98
112,26.08 18:00,22.897
112,26.08 19:00,20.045
112,26.08 20:00,20.076
112,26.08 21:00,19.976
112,26.08 22:00,19.067
112,26.08 23:00,19.979
112,27.08 00:00,20.07
112,27.08 01:00,19.941
112,27.08 02:00,19.953
112,27.08 03:00,20.06
112,27.08 04:00,20.091
112,27.08 05:00,19.053
112,27.08 06:00,21.018
112,27.08 07:00,19.025
112,27.08 08:00,18.981
112,27.08 09:00,17.942
112,27.08 10:00,18.004
112,27.08 11:00,18.089
112,27.08 12:00,17.009
112,27.08 13:00,16.935
112,27.08 14:00,17.068
112,27.08 15:00,17.023
112,27.08 16:00,18.09
112,27.08 17:00,17.018
112,27.08 18:00,16.938
112,27.08 19:00,17.925
112,27.08 20:00,18.007
112,27.08 21:00,20.058
112,27.08 22:00,0.996
112,27.08 23:00,0.998
112,28.08 00:00,1.003
112,28.08 01:00,1.003
112,28.08 02:00,1.0
112,28.08 03:00,1.002
112,28.08 04:00,1.004
112,28.08 05:00,19.038
112,28.08 06:00,19.941
112,28.08 07:00,20.046
112,28.08 08:00,17.993
112,28.08 09:00,18.064
112,28.08 10:00,18.05
112,28.08 11:00,17.026
112,28.08 12:00,17.993
112,28.08 13:00,16.973
112,28.08 14:00,16.977
112,28.08 15:00,17.974
112,28.08 16:00,16.939
112,28.08 17:00,17.025
112,28.08 18:00,18.358
112,28.08 19:00,17.052
112,28.08 20:00,18.925
112,28.08 21:00,19.902
112,28.08 22:00,20.024
112,28.08 23:00,19.974
112,29.08 00:00,20.026
112,29.08 01:00,19.973
112,29.08 02:00,19.017
112,29.08 03:00,20.012
112,29.08 04:00,20.016
112,29.08 05:00,20.511
112,29.08 06:00,19.006
112,29.08 07:00,20.055
112,29.08 08:00,19.093
112,29.08 09:00,22.033
112,29.08 10:00,23.992
112,29.08 11:00,25.081
112,29.08 12:00,23.938
112,29.08 13:00,24.971
112,29.08 14:00,24.88
112,29.08 15:00,26.073
112,29.08 16:00,25.069
112,29.08 17:00,24.119
112,29.08 18:00,21.896
112,29.08 19:00,20.087
112,29.08 20:00,19.943
112,29.08 21:00,21.994
112,29.08 22:00,20.096
112,29.08 23:00,19.909
112,30.08 00:00,19.915
112,30.08 01:00,21.031
112,30.08 02:00,18.926
112,30.08 03:00,19.966
112,30.08 04:00,19.965
112,30.08 05:00,19.033
112,30.08 06:00,19.907
112,30.08 07:00,20.036
112,30.08 08:00,19.973
112,30.08 09:00,22.944
112,30.08 10:00,23.958
112,30.08 11:00,25.01
112,30.08 12:00,25.094
112,30.08 13:00,24.954
112,30.08 14:00,25.052
112,30.08 15:00,26.008
112,30.08 16:00,23.908
112,30.08 17:00,23.95
112,30.08 18:00,22.96
112,30.08 19:00,20.973
112,30.08 20:00,20.898
112,30.08 21:00,21.909
112,30.08 22:00,20.025
112,30.08 23:00,21.092
112,31.08 00:00,20.974
112,31.08 01:00,20.095
112,31.08 02:00,19.997
112,31.08 03:00,21.025
112,31.08 04:00,20.063
112,31.08 05:00,21.042
112,31.08 06:00,20.097
112,31.08 07:00,21.103
112,31.08 08:00,19.946
112,31.08 09:00,22.088
112,31.08 10:00,24.096
112,31.08 11:00,23.954
112,31.08 12:00,22.926
112,31.08 13:00,25.064
112,31.08 14:00,23.939
112,31.08 15:00,23.914
112,31.08 16:00,25.939
112,31.08 17:00,23.861
112,31.08 18:00,23.037
112,31.08 19:00,20.952
112,31.08 20:00,21.015
112,31.08 21:00,21.972
112,31.08 22:00,19.978
112,31.08 23:00,19.989
112,01.09 00:00,19.997
112,01.09 01:00,20.046
112,01.09 02:00,19.044
112,01.09 03:00,19.936
112,01.09 04:00,19.944
112,01.09 05:00,19.945
112,01.09 06:00,21.908
112,01.09 07:00,23.106
112,01.09 08:00,19.989
112,01.09 09:00,23.015
112,01.09 10:00,23.106
112,01.09 11:00,24.062
112,01.09 12:00,24.079
112,01.09 13:00,23.035
112,01.09 14:00,25.11
112,01.09 15:00,24.989
112,01.09 16:00,24.948
112,01.09 17:00,23.905
112,01.09 18:00,22.022
112,01.09 19:00,20.005
112,01.09 20:00,20.019
112,01.09 21:00,21.078
112,01.09 22:00,21.993
112,01.09 23:00,19.916
112,02.09 00:00,20.997
112,02.09 01:00,21.218
112,02.09 02:00,20.011
112,02.09 03:00,20.074
112,02.09 04:00,20.998
112,02.09 05:00,20.978
112,02.09 06:00,21.003
112,02.09 07:00,21.088
112,02.09 08:00,19.952
112,02.09 09:00,22.901
112,02.09 10:00,23.094
112,02.09 11:00,22.997
112,02.09 12:00,23.909
112,02.09 13:00,23.887
112,02.09 14:00,24.07
112,02.09 15:00,22.954
112,02.09 16:00,23.091
112,02.09 17:00,22.921
112,02.09 18:00,22.06
112,02.09 19:00,19.919
112,02.09 20:00,20.04
112,02.09 21:00,21.032
112,02.09 22:00,21.082
112,02.09 23:00,20.942
112,03.09 00:00,18.984
112,03.09 01:00,20.068
112,03.09 02:00,19.97
112,03.09 03:00,19.997
112,03.09 04:00,18.996
112,03.09 05:00,19.928
112,03.09 06:00,20.023
112,03.09 07:00,19.999
112,03.09 08:00,17.924
112,03.09 09:00,17.923
112,03.09 10:00,17.988
112,03.09 11:00,0.999
112,03.09 12:00,1.0
112,03.09 13:00,1.002
112,03.09 14:00,0.995
112,03.09 15:00,0.998
112,03.09 16:00,1.002
112,03.09 17:00,0.998
112,03.09 18:00,1.003
112,03.09 19:00,1.004
112,03.09 20:00,19.058
112,03.09 21:00,19.98
112,03.09 22:00,19.903
112,03.09 23:00,20.938
112,04.09 00:00,20.058
112,04.09 01:00,19.983
112,04.09 02:00,20.049
112,04.09 03:00,19.957
112,04.09 04:00,19.055
112,04.09 05:00,20.053
112,04.09 06:00,19.907
112,04.09 07:00,19.984
112,04.09 08:00,17.955
112,04.09 09:00,18.052
112,04.09 10:00,16.972
112,04.09 11:00,17.947
112,04.09 12:00,16.955
112,04.09 13:00,17.017
112,04.09 14:00,17.023
112,04.09 15:00,17.919
112,04.09 16:00,17.011
112,04.09 17:00,16.998
112,04.09 18:00,16.989
112,04.09 19:00,16.987
112,04.09 20:00,17.942
112,04.09 21:00,20.038
112,04.09 22:00,19.954
112,04.09 23:00,20.004
112,05.09 00:00,19.921
112,05.09 01:00,19.082
112,05.09 02:00,20.052
112,05.09 03:00,20.039
112,05.09 04:00,18.969
112,05.09 05:00,19.942
112,05.09 06:00,20.046
112,05.09 07:00,18.932
112,05.09 08:00,19.031
112,05.09 09:00,17.912
112,05.09 10:00,16.958
112,05.09 11:00,16.948
112,05.09 12:00,17.031
112,05.09 13:00,17.932
112,05.09 14:00,17.959
112,05.09 15:00,17.956
112,05.09 16:00,17.957
112,05.09 17:00,18.029
112,05.09 18:00,18.03
112,05.09 19:00,17.035
112,05.09 20:00,17.99
112,05.09 21:00,19.99
112,05.09 22:00,20.836
112,05.09 23:00,19.027
112,06.09 00:00,20.085
112,06.09 01:00,20.065
112,06.09 02:00,20.076
112,06.09 03:00,18.955
112,06.09 04:00,19.965
112,06.09 05:00,19.941
112,06.09 06:00,20.081
112,06.09 07:00,21.932
112,06.09 08:00,20.896
112,06.09 09:00,20.996
112,06.09 10:00,23.91
112,06.09 11:00,24.987
112,06.09 12:00,26.079
112,06.09 13:00,27.107
112,06.09 14:00,28.981
112,06.09 15:00,27.928
112,06.09 16:00,26.98
112,06.09 17:00,23.945
112,06.09 18:00,22.971
112,06.09 19:00,21.893
112,06.09 20:00,20.967
112,06.09 21:00,22.909
112,06.09 22:00,20.996
112,06.09 23:00,21.083
112,07.09 00:00,21.968
112,07.09 01:00,20.924
112,07.09 02:00,21.013
112,07.09 03:00,20.048
112,07.09 04:00,20.95
112,07.09 05:00,20.083
112,07.09 06:00,23.042
112,07.09 07:00,21.912
112,07.09 08:00,20.975
112,07.09 09:00,20.996
112,07.09 10:00,23.993
112,07.09 11:00,23.941
112,07.09 12:00,23.931
112,07.09 13:00,24.919
112,07.09 14:00,25.116
112,07.09 15:00,25.121
112,07.09 16:00,25.119
112,07.09 17:00,24.07
112,07.09 18:00,22.106
112,07.09 19:00,20.931
112,07.09 20:00,20.963
112,07.09 21:00,22.067
112,07.09 22:00,21.946
112,07.09 23:00,19.974
112,08.09 00:00,19.969
112,08.09 01:00,18.989
112,08.09 02:00,19.935
112,08.09 03:00,19.936
112,08.09 04:00,20.023
112,08.09 05:00,19.939
112,08.09 06:00,21.189
112,08.09 07:00,20.097
112,08.09 08:00,20.928
112,08.09 09:00,21.942
112,08.09 10:00,22.897
112,08.09 11:00,23.03
112,08.09 12:00,23.964
112,08.09 13:00,24.043
112,08.09 14:00,25.1
112,08.09 15:00,24.943
112,08.09 16:00,25.069
112,08.09 17:00,23.968
112,08.09 18:00,22.065
112,08.09 19:00,20.0
112,08.09 20:00,21.925
112,08.09 21:00,22.005
112,08.09 22:00,22.032
112,08.09 23:00,18.933
112,09.09 00:00,20.939
112,09.09 01:00,19.013
112,09.09 02:00,19.952
112,09.09 03:00,19.921
112,09.09 04:00,19.029
112,09.09 05:00,20.06
112,09.09 06:00,21.094
112,09.09 07:00,20.035
112,09.09 08:00,21.096
112,09.09 09:00,19.924
112,09.09 10:00,22.999
112,09.09 11:00,22.995
112,09.09 12:00,23.971
112,09.09 13:00,24.08
112,09.09 14:00,25.049
112,09.09 15:00,25.008
112,09.09 16:00,24.094
112,09.09 17:00,24.05
112,09.09 18:00,20.029
112,09.09 19:00,19.91
112,09.09 20:00,20.079
112,09.09 21:00,20.15
112,09.09 22:00,19.968
112,09.09 23:00,20.078
112,10.09 00:00,18.922
112,10.09 01:00,18.958
112,10.09 02:00,19.993
112,10.09 03:00,20.042
112,10.09 04:00,20.02
112,10.09 05:00,20.074
112,10.09 06:00,19.92
112,10.09 07:00,20.003
112,10.09 08:00,19.551
112,10.09 09:00,18.075
112,10.09 10:00,18.016
112,10.09 11:00,17.018
112,10.09 12:00,17.058
112,10.09 13:00,18.083
112,10.09 14:00,17.05
112,10.09 15:00,16.977
112,10.09 16:00,18.045
112,10.09 17:00,16.953
112,10.09 18:00,17.986
112,10.09 19:00,17.055
112,10.09 20:00,19.071
112,10.09 21:00,18.923
112,10.09 22:00,20.013
112,10.09 23:00,18.971
112,11.09 00:00,20.056
112,11.09 01:00,19.193
112,11.09 02:00,20.072
112,11.09 03:00,19.93
112,11.09 04:00,18.915
112,11.09 05:00,19.914
112,11.09 06:00,20.013
112,11.09 07:00,18.931
112,11.09 08:00,18.924
112,11.09 09:00,16.966
112,11.09 10:00,17.947
112,11.09 11:00,16.996
112,11.09 12:00,1.001
112,11.09 13:00,0.997
112,11.09 14:00,0.997
112,11.09 15:00,1.001
112,11.09 16:00,0.996
112,11.09 17:00,1.001
112,11.09 18:00,1.003
112,11.09 19:00,0.996
112,11.09 20:00,18.959
112,11.09 21:00,19.027
112,11.09 22:00,19.042
112,11.09 23:00,19.978
112,12.09 00:00,19.055
112,12.09 01:00,18.906
112,12.09 02:00,18.92
112,12.09 03:00,20.029
112,12.09 04:00,20.092
112,12.09 05:00,19.963
112,12.09 06:00,19.938
112,12.09 07:00,20.944
112,12.09 08:00,20.911
112,12.09 09:00,22.033
112,12.09 10:00,23.103
112,12.09 11:00,23.106
112,12.09 12:00,24.096
112,12.09 13:00,25.095
112,12.09 14:00,25.082
112,12.09 15:00,24.979
112,12.09 16:00,24.119
112,12.09 17:00,24.16
112,12.09 18:00,21.981
112,12.09 19:00,21.079
112,12.09 20:00,20.929
112,12.09 21:00,23.019
112,12.09 22:00,23.079
112,12.09 23:00,21.986
112,13.09 00:00,21.009
112,13.09 01:00,19.904
112,13.09 02:00,19.995
112,13.09 03:00,20.012
112,13.09 04:00,21.077
112,13.09 05:00,20.078
112,13.09 06:00,21.959
112,13.09 07:00,22.005
112,13.09 08:00,20.026
112,13.09 09:00,22.103
112,13.09 10:00,24.939
112,13.09 11:00,25.873
112,13.09 12:00,25.042
112,13.09 13:00,24.938
112,13.09 14:00,23.992
112,13.09 15:00,24.109
112,13.09 16:00,24.041
112,13.09 17:00,24.988
112,13.09 18:00,21.917
112,13.09 19:00,20.085
112,13.09 20:00,21.099
112,13.09 21:00,22.033
112,13.09 22:00,21.088
112,13.09 23:00,19.901
112,14.09 00:00,19.965
112,14.09 01:00,19.917
112,14.09 02:00,19.906
112,14.09 03:00,18.971
112,14.09 04:00,20.026
112,14.09 05:00,21.044
112,14.09 06:00,21.066
112,14.09 07:00,21.096
112,14.09 08:00,20.988
112,14.09 09:00,22.011
112,14.09 10:00,23.98
112,14.09 11:00,24.026
112,14.09 12:00,25.021
112,14.09 13:00,25.118
112,14.09 14:00,23.959
112,14.09 15:00,25.92
112,14.09 16:00,23.887
112,14.09 17:00,22.966
112,14.09 18:00,21.951
112,14.09 19:00,18.979
112,14.09 20:00,19.957
112,14.09 21:00,20.942
112,14.09 22:00,23.056
112,14.09 23:00,20.018
112,15.09 00:00,19.959
112,15.09 01:00,19.964
112,15.09 02:00,19.035
112,15.09 03:00,20.026
112,15.09 04:00,19.94
112,15.09 05:00,19.073
112,15.09 06:00,21.087
112,15.09 07:00,21.001
112,15.09 08:00,19.98
112,15.09 09:00,20.045
112,15.09 10:00,23.038
112,15.09 11:00,21.892
112,15.09 12:00,22.105
112,15.09 13:00,21.915
112,15.09 14:00,22.05
112,15.09 15:00,23.977
112,15.09 16:00,23.083
112,15.09 17:00,22.05
112,15.09 18:00,20.972
112,15.09 19:00,21.083
112,15.09 20:00,20.957
112,15.09 21:00,20.001
112,15.09 22:00,20.943
112,15.09 23:00,20.092
112,16.09 00:00,21.007
112,16.09 01:00,20.099
112,16.09 02:00,19.976
112,16.09 03:00,20.064
112,16.09 04:00,20.028
112,16.09 05:00,19.914
112,16.09 06:00,20.928
112,16.09 07:00,21.063
112,16.09 08:00,19.037
112,16.09 09:00,21.069
112,16.09 10:00,19.985
112,16.09 11:00,21.005
112,16.09 12:00,20.987
112,16.09 13:00,20.921
112,16.09 14:00,22.081
112,16.09 15:00,23.096
112,16.09 16:00,20.705
112,16.09 17:00,21.975
112,16.09 18:00,21.028
112,16.09 19:00,20.053
112,16.09 20:00,20.939
112,16.09 21:00,20.011
112,16.09 22:00,20.973
112,16.09 23:00,20.052
112,17.09 00:00,19.955
112,17.09 01:00,19.037
112,17.09 02:00,19.903
112,17.09 03:00,19.944
112,17.09 04:00,20.526
112,17.09 05:00,19.967
112,17.09 06:00,18.969
112,17.09 07:00,19.931
112,17.09 08:00,18.916
112,17.09 09:00,16.957
112,17.09 10:00,17.94
112,17.09 11:00,16.917
112,17.09 12:00,17.059
112,17.09 13:00,16.993
112,17.09 14:00,17.026
112,17.09 15:00,16.692
112,17.09 16:00,17.01
112,17.09 17:00,17.944
112,17.09 18:00,16.984
112,17.09 19:00,16.939
112,17.09 20:00,17.936
112,17.09 21:00,20.943
112,17.09 22:00,18.926
112,17.09 23:00,19.014
112,18.09 00:00,19.926
112,18.09 01:00,19.037
112,18.09 02:00,20.012
112,18.09 03:00,20.083
112,18.09 04:00,18.988
112,18.09 05:00,19.818
112,18.09 06:00,19.987
112,18.09 07:00,20.09
112,18.09 08:00,17.755
112,18.09 09:00,18.0
112,18.09 10:00,17.029
112,18.09 11:00,17.024
112,18.09 12:00,16.946
112,18.09 13:00,17.06
112,18.09 14:00,18.034
112,18.09 15:00,16.964
112,18.09 16:00,16.953
112,18.09 17:00,17.059
112,18.09 18:00,16.953
112,18.09 19:00,18.072
112,18.09 20:00,17.94
112,18.09 21:00,19.972
112,18.09 22:00,19.069
112,18.09 23:00,19.945
112,19.09 00:00,19.938
112,19.09 01:00,19.915
112,19.09 02:00,19.03
112,19.09 03:00,19.974
112,19.09 04:00,19.939
112,19.09 05:00,19.992
112,19.09 06:00,20.963
112,19.09 07:00,21.892
112,19.09 08:00,19.973
112,19.09 09:00,21.926
112,19.09 10:00,23.093
112,19.09 11:00,23.888
112,19.09 12:00,24.349
112,19.09 13:00,26.013
112,19.09 14:00,28.058
112,19.09 15:00,25.923
112,19.09 16:00,23.942
112,19.09 17:00,26.065
112,19.09 18:00,24.059
112,19.09 19:00,21.906
112,19.09 20:00,22.007
112,19.09 21:00,20.949
112,19.09 22:00,22.009
112,19.09 23:00,20.937
112,20.09 00:00,20.072
112,20.09 01:00,20.054
112,20.09 02:00,19.942
112,20.09 03:00,19.08
112,20.09 04:00,19.963
112,20.09 05:00,21.103
112,20.09 06:00,21.083
112,20.09 07:00,21.074
112,20.09 08:00,20.1
112,20.09 09:00,21.983
112,20.09 10:00,24.963
112,20.09 11:00,23.972
112,20.09 12:00,24.967
112,20.09 13:00,24.118
112,20.09 14:00,27.022
112,20.09 15:00,25.113
112,20.09 16:00,24.898
112,20.09 17:00,24.095
112,20.09 18:00,24.109
112,20.09 19:00,19.993
112,20.09 20:00,19.959
112,20.09 21:00,20.952
112,20.09 22:00,21.991
112,20.09 23:00,20.054
112,21.09 00:00,20.044
112,21.09 01:00,20.003
112,21.09 02:00,20.076
112,21.09 03:00,19.977
112,21.09 04:00,19.908
112,21.09 05:00,19.95
112,21.09 06:00,20.916
112,21.09 07:00,20.941
112,21.09 08:00,20.007
112,21.09 09:00,21.959
112,21.09 10:00,23.014
112,21.09 11:00,23.938
112,21.09 12:00,23.962
112,21.09 13:00,25.111
112,21.09 14:00,25.068
112,21.09 15:00,25.2
112,21.09 16:00,25.885
112,21.09 17:00,26.085
112,21.09 18:00,24.891
112,21.09 19:00,22.91
112,21.09 20:00,20.924
112,21.09 21:00,21.079
112,21.09 22:00,20.037
112,21.09 23:00,19.945
112,22.09 00:00,20.073
112,22.09 01:00,18.926
112,22.09 02:00,19.92
112,22.09 03:00,20.024
112,22.09 04:00,19.918
112,22.09 05:00,19.924
112,22.09 06:00,19.988
112,22.09 07:00,20.955
112,22.09 08:00,21.065
112,22.09 09:00,21.094
112,22.09 10:00,22.985
112,22.09 11:00,24.12
112,22.09 12:00,24.002
112,22.09 13:00,23.11
112,22.09 14:00,24.92
112,22.09 15:00,24.002
112,22.09 16:00,24.029
112,22.09 17:00,23.923
112,22.09 18:00,22.106
112,22.09 19:00,20.037
112,22.09 20:00,23.084
112,22.09 21:00,22.039
112,22.09 22:00,22.09
112,22.09 23:00,23.09
112,23.09 00:00,19.981
112,23.09 01:00,18.984
112,23.09 02:00,20.072
112,23.09 03:00,19.929
112,23.09 04:00,19.904
112,23.09 05:00,19.934
112,23.09 06:00,20.939
112,23.09 07:00,21.97
112,23.09 08:00,20.953
112,23.09 09:00,22.052
112,23.09 10:00,23.098
112,23.09 11:00,22.002
112,23.09 12:00,24.002
112,23.09 13:00,23.114
112,23.09 14:00,23.919
112,23.09 15:00,22.993
112,23.09 16:00,25.046
112,23.09 17:00,22.987
112,23.09 18:00,21.072
112,23.09 19:00,19.923
112,23.09 20:00,21.012
112,23.09 21:00,20.991
112,23.09 22:00,20.919
112,23.09 23:00,20.003
112,24.09 00:00,20.043
112,24.09 01:00,21.048
112,24.09 02:00,19.009
112,24.09 03:00,19.937
112,24.09 04:00,20.018
112,24.09 05:00,19.968
112,24.09 06:00,20.971
112,24.09 07:00,19.984
112,24.09 08:00,19.955
112,24.09 09:00,17.948
112,24.09 10:00,18.983
112,24.09 11:00,17.985
112,24.09 12:00,18.063
112,24.09 13:00,17.937
112,24.09 14:00,18.011
112,24.09 15:00,19.083
112,24.09 16:00,17.994
112,24.09 17:00,18.033
112,24.09 18:00,18.081
112,24.09 19:00,17.068
112,24.09 20:00,20.002
112,24.09 21:00,18.916
112,24.09 22:00,20.015
112,24.09 23:00,0.996
112,25.09 00:00,0.996
112,25.09 01:00,1.002
112,25.09 02:00,0.996
112,25.09 03:00,1.002
112,25.09 04:00,0.998
112,25.09 05:00,1.002
112,25.09 06:00,1.0
112,25.09 07:00,0.998
112,25.09 08:00,19.089
112,25.09 09:00,19.918
112,25.09 10:00,19.044
112,25.09 11:00,17.979
112,25.09 12:00,18.963
112,25.09 13:00,17.948
112,25.09 14:00,17.053
112,25.09 15:00,17.077
112,25.09 16:00,17.055
112,25.09 17:00,17.938
112,25.09 18:00,18.048
112,25.09 19:00,19.014
112,25.09 20:00,20.063
112,25.09 21:00,20.051
112,25.09 22:00,19.085
112,25.09 23:00,19.688
112,26.09 00:00,19.957
112,26.09 01:00,19.07
112,26.09 02:00,19.951
112,26.09 03:00,19.97
112,26.09 04:00,20.061
112,26.09 05:00,20.086
112,26.09 06:00,20.98
112,26.09 07:00,20.907
112,26.09 08:00,21.989
112,26.09 09:00,22.027
112,26.09 10:00,21.932
112,26.09 11:00,24.075
112,26.09 12:00,22.981
112,26.09 13:00,22.045
112,26.09 14:00,23.098
112,26.09 15:00,23.974
112,26.09 16:00,22.89
112,26.09 17:00,21.96
112,26.09 18:00,20.901
112,26.09 19:00,20.987
112,26.09 20:00,21.99
112,26.09 21:00,22.9
112,26.09 22:00,21.061
112,26.09 23:00,21.092
112,27.09 00:00,20.969
112,27.09 01:00,21.922
112,27.09 02:00,20.963
112,27.09 03:00,21.091
112,27.09 04:00,20.912
112,27.09 05:00,20.909
112,27.09 06:00,22.026
112,27.09 07:00,22.949
112,27.09 08:00,21.029
112,27.09 09:00,21.05
112,27.09 10:00,23.013
112,27.09 11:00,24.073
112,27.09 12:00,25.037
112,27.09 13:00,23.124
112,27.09 14:00,22.98
112,27.09 15:00,24.082
112,27.09 16:00,22.995
112,27.09 17:00,22.964
112,27.09 18:00,21.978
112,27.09 19:00,21.07
112,27.09 20:00,21.969
112,27.09 21:00,21.992
112,27.09 22:00,21.994
112,27.09 23:00,20.958
112,28.09 00:00,20.997
112,28.09 01:00,21.051
112,28.09 02:00,20.897
112,28.09 03:00,21.027
112,28.09 04:00,20.969
112,28.09 05:00,20.911
112,28.09 06:00,21.955
112,28.09 07:00,21.908
112,28.09 08:00,21.969
112,28.09 09:00,21.988
112,28.09 10:00,23.962
112,28.09 11:00,23.987
112,28.09 12:00,24.085
112,28.09 13:00,24.888
112,28.09 14:00,23.748
112,28.09 15:00,24.085
112,28.09 16:00,24.033
112,28.09 17:00,24.938
112,28.09 18:00,24.946
112,28.09 19:00,22.046
112,28.09 20:00,20.969
112,28.09 21:00,20.939
112,28.09 22:00,20.954
112,28.09 23:00,21.038
112,29.09 00:00,19.901
112,29.09 01:00,20.971
112,29.09 02:00,20.021
112,29.09 03:00,20.932
112,29.09 04:00,19.915
112,29.09 05:00,21.992
112,29.09 06:00,22.08
112,29.09 07:00,21.941
112,29.09 08:00,21.955
112,29.09 09:00,22.897
112,29.09 10:00,24.891
112,29.09 11:00,23.108
112,29.09 12:00,25.111
112,29.09 13:00,23.999
112,29.09 14:00,24.112
112,29.09 15:00,23.052
112,29.09 16:00,24.113
112,29.09 17:00,24.057
112,29.09 18:00,22.781
112,29.09 19:00,20.945
112,29.09 20:00,22.96
112,29.09 21:00,22.017
112,29.09 22:00,20.955
112,29.09 23:00,20.061
112,30.09 00:00,21.037
112,30.09 01:00,20.051
112,30.09 02:00,21.083
112,30.09 03:00,20.059
112,30.09 04:00,19.947
112,30.09 05:00,20.931
112,30.09 06:00,22.066
112,30.09 07:00,22.078
112,30.09 08:00,21.992
112,30.09 09:00,21.048
112,30.09 10:00,23.092
112,30.09 11:00,23.991
112,30.09 12:00,23.986
112,30.09 13:00,23.898
112,30.09 14:00,23.013
112,30.09 15:00,22.974
112,30.09 16:00,23.971
112,30.09 17:00,24.884
112,30.09 18:00,24.911
112,30.09 19:00,22.97
112,30.09 20:00,21.987
112,30.09 21:00,21.945
112,30.09 22:00,19.932
112,30.09 23:00,21.038
