115,01.03 00:00,60.917
115,01.03 01:00,54.768
115,01.03 02:00,51.949
115,01.03 03:00,45.915
115,01.03 04:00,46.814
115,01.03 05:00,46.988
115,01.03 06:00,57.019
115,01.03 07:00,79.266
115,01.03 08:00,80.118
115,01.03 09:00,80.868
115,01.03 10:00,88.704
115,01.03 11:00,87.959
115,01.03 12:00,84.762
115,01.03 13:00,90.654
115,01.03 14:00,91.206
115,01.03 15:00,93.846
115,01.03 16:00,93.04
115,01.03 17:00,92.691
115,01.03 18:00,85.915
115,01.03 19:00,89.068
115,01.03 20:00,90.593
115,01.03 21:00,76.639
115,01.03 22:00,59.701
115,01.03 23:00,59.881
115,02.03 00:00,54.86
115,02.03 01:00,58.082
115,02.03 02:00,53.139
115,02.03 03:00,48.02
115,02.03 04:00,47.019
115,02.03 05:00,48.207
115,02.03 06:00,57.22
115,02.03 07:00,75.631
115,02.03 08:00,79.079
115,02.03 09:00,85.884
115,02.03 10:00,82.244
115,02.03 11:00,85.689
115,02.03 12:00,92.408
115,02.03 13:00,88.349
115,02.03 14:00,82.599
115,02.03 15:00,86.13
115,02.03 16:00,91.046
115,02.03 17:00,82.764
115,02.03 18:00,79.043
115,02.03 19:00,86.171
115,02.03 20:00,87.889
115,02.03 21:00,67.778
115,02.03 22:00,62.046
115,02.03 23:00,60.109
115,03.03 00:00,62.22
115,03.03 01:00,57.087
115,03.03 02:00,51.981
115,03.03 03:00,49.098
115,03.03 04:00,45.824
115,03.03 05:00,46.119
115,03.03 06:00,54.769
115,03.03 07:00,78.703
115,03.03 08:00,82.077
115,03.03 09:00,83.153
115,03.03 10:00,85.268
115,03.03 11:00,83.185
115,03.03 12:00,89.017
115,03.03 13:00,89.621
115,03.03 14:00,87.186
115,03.03 15:00,90.443
115,03.03 16:00,94.261
115,03.03 17:00,87.889
115,03.03 18:00,86.257
115,03.03 19:00,85.161
115,03.03 20:00,84.197
115,03.03 21:00,68.666
115,03.03 22:00,62.172
115,03.03 23:00,62.845
115,04.03 00:00,60.05
115,04.03 01:00,56.185
115,04.03 02:00,54.86
115,04.03 03:00,53.178
115,04.03 04:00,48.961
115,04.03 05:00,44.886
115,04.03 06:00,49.874
115,04.03 07:00,72.698
115,04.03 08:00,76.224
115,04.03 09:00,84.388
115,04.03 10:00,81.216
115,04.03 11:00,83.75
115,04.03 12:00,95.436
115,04.03 13:00,86.582
115,04.03 14:00,89.866
115,04.03 15:00,92.078
115,04.03 16:00,87.571
115,04.03 17:00,76.768
115,04.03 18:00,55.789
115,04.03 19:00,56.903
115,04.03 20:00,56.82
115,04.03 21:00,62.161
115,04.03 22:00,56.097
115,04.03 23:00,55.839
115,05.03 00:00,52.781
115,05.03 01:00,50.983
115,05.03 02:00,49.99
115,05.03 03:00,49.105
115,05.03 04:00,47.857
115,05.03 05:00,45.223
115,05.03 06:00,45.77
115,05.03 07:00,61.787
115,05.03 08:00,64.73
115,05.03 09:00,66.887
115,05.03 10:00,75.185
115,05.03 11:00,77.199
115,05.03 12:00,76.668
115,05.03 13:00,87.419
115,05.03 14:00,85.169
115,05.03 15:00,83.701
115,05.03 16:00,83.044
115,05.03 17:00,56.815
115,05.03 18:00,51.082
115,05.03 19:00,56.151
115,05.03 20:00,54.894
115,05.03 21:00,52.756
115,05.03 22:00,50.962
115,05.03 23:00,52.003
115,06.03 00:00,55.16
115,06.03 01:00,52.207
115,06.03 02:00,52.172
115,06.03 03:00,49.126
115,06.03 04:00,49.071
115,06.03 05:00,44.858
115,06.03 06:00,45.804
115,06.03 07:00,45.142
115,06.03 08:00,43.023
115,06.03 09:00,44.821
115,06.03 10:00,49.226
115,06.03 11:00,53.879
115,06.03 12:00,52.154
115,06.03 13:00,74.987
115,06.03 14:00,79.785
115,06.03 15:00,79.371
115,06.03 16:00,82.713
115,06.03 17:00,89.403
115,06.03 18:00,83.582
115,06.03 19:00,88.836
115,06.03 20:00,89.601
115,06.03 21:00,79.389
115,06.03 22:00,64.84
115,06.03 23:00,64.034
115,07.03 00:00,59.235
115,07.03 01:00,57.276
115,07.03 02:00,52.808
115,07.03 03:00,50.968
115,07.03 04:00,46.03
115,07.03 05:00,50.114
115,07.03 06:00,55.928
115,07.03 07:00,79.33
115,07.03 08:00,82.148
115,07.03 09:00,85.128
115,07.03 10:00,83.79
115,07.03 11:00,90.595
115,07.03 12:00,90.446
115,07.03 13:00,89.709
115,07.03 14:00,88.165
115,07.03 15:00,88.893
115,07.03 16:00,83.845
115,07.03 17:00,84.941
115,07.03 18:00,81.048
115,07.03 19:00,86.156
115,07.03 20:00,85.157
115,07.03 21:00,74.89
115,07.03 22:00,63.692
115,07.03 23:00,55.79
115,08.03 00:00,54.849
115,08.03 01:00,53.982
115,08.03 02:00,51.028
115,08.03 03:00,48.92
115,08.03 04:00,49.127
115,08.03 05:00,48.136
115,08.03 06:00,48.922
115,08.03 07:00,79.102
115,08.03 08:00,83.284
115,08.03 09:00,88.609
115,08.03 10:00,83.287
115,08.03 11:00,86.8
115,08.03 12:00,90.211
115,08.03 13:00,94.635
115,08.03 14:00,91.158
115,08.03 15:00,87.013
115,08.03 16:00,94.162
115,08.03 17:00,90.56
115,08.03 18:00,84.114
115,08.03 19:00,92.553
115,08.03 20:00,96.308
115,08.03 21:00,77.995
115,08.03 22:00,64.778
115,08.03 23:00,58.865
115,09.03 00:00,61.761
115,09.03 01:00,56.872
115,09.03 02:00,50.871
115,09.03 03:00,48.827
115,09.03 04:00,48.178
115,09.03 05:00,48.138
115,09.03 06:00,56.888
115,09.03 07:00,78.671
115,09.03 08:00,79.934
115,09.03 09:00,87.28
115,09.03 10:00,89.429
115,09.03 11:00,87.996
115,09.03 12:00,84.647
115,09.03 13:00,88.587
115,09.03 14:00,87.757
115,09.03 15:00,91.347
115,09.03 16:00,93.176
115,09.03 17:00,93.125
115,09.03 18:00,83.373
115,09.03 19:00,86.637
115,09.03 20:00,83.904
115,09.03 21:00,75.854
115,09.03 22:00,61.299
115,09.03 23:00,55.755
115,10.03 00:00,57.853
115,10.03 01:00,54.791
115,10.03 02:00,51.08
115,10.03 03:00,50.06
115,10.03 04:00,51.125
115,10.03 05:00,49.152
115,10.03 06:00,56.17
115,10.03 07:00,78.737
115,10.03 08:00,79.226
115,10.03 09:00,84.578
115,10.03 10:00,85.988
115,10.03 11:00,92.236
115,10.03 12:00,97.832
115,10.03 13:00,93.194
115,10.03 14:00,88.845
115,10.03 15:00,90.994
115,10.03 16:00,94.258
115,10.03 17:00,95.079
115,10.03 18:00,92.946
115,10.03 19:00,91.031
115,10.03 20:00,93.314
115,10.03 21:00,82.316
115,10.03 22:00,59.843
115,10.03 23:00,58.948
115,11.03 00:00,59.929
115,11.03 01:00,54.048
115,11.03 02:00,53.022
115,11.03 03:00,53.05
115,11.03 04:00,50.188
115,11.03 05:00,53.172
115,11.03 06:00,57.472
115,11.03 07:00,76.196
115,11.03 08:00,76.907
115,11.03 09:00,81.222
115,11.03 10:00,83.726
115,11.03 11:00,89.265
115,11.03 12:00,96.748
115,11.03 13:00,87.982
115,11.03 14:00,90.327
115,11.03 15:00,82.213
115,11.03 16:00,67.054
115,11.03 17:00,57.031
115,11.03 18:00,56.947
115,11.03 19:00,55.899
115,11.03 20:00,56.862
115,11.03 21:00,55.116
115,11.03 22:00,54.881
115,11.03 23:00,54.921
115,12.03 00:00,54.096
115,12.03 01:00,52.791
115,12.03 02:00,51.782
115,12.03 03:00,50.173
115,12.03 04:00,49.226
115,12.03 05:00,46.889
115,12.03 06:00,47.059
115,12.03 07:00,47.191
115,12.03 08:00,48.983
115,12.03 09:00,51.093
115,12.03 10:00,48.922
115,12.03 11:00,46.07
115,12.03 12:00,47.805
115,12.03 13:00,45.917
115,12.03 14:00,50.162
115,12.03 15:00,46.947
115,12.03 16:00,50.231
115,12.03 17:00,44.798
115,12.03 18:00,44.919
115,12.03 19:00,46.899
115,12.03 20:00,51.232
115,12.03 21:00,48.207
115,12.03 22:00,47.92
115,12.03 23:00,48.972
115,13.03 00:00,49.102
115,13.03 01:00,47.025
115,13.03 02:00,46.986
115,13.03 04:00,47.905
115,13.03 05:00,44.94
115,13.03 06:00,44.103
115,13.03 07:00,46.218
115,13.03 08:00,45.865
115,13.03 09:00,44.925
115,13.03 10:00,44.07
115,13.03 11:00,45.972
115,13.03 12:00,46.799
115,13.03 13:00,45.937
115,13.03 14:00,43.809
115,13.03 15:00,46.822
115,13.03 16:00,43.047
115,13.03 17:00,46.043
115,13.03 18:00,46.835
115,13.03 19:00,46.029
115,13.03 20:00,45.017
115,13.03 21:00,47.039
115,13.03 22:00,47.063
115,13.03 23:00,46.194
115,14.03 00:00,50.946
115,14.03 01:00,46.104
115,14.03 02:00,44.101
115,14.03 03:00,46.171
115,14.03 04:00,46.156
115,14.03 05:00,45.873
115,14.03 06:00,54.967
115,14.03 07:00,77.763
115,14.03 08:00,73.345
115,14.03 09:00,69.794
115,14.03 10:00,73.951
115,14.03 11:00,76.074
115,14.03 12:00,73.318
115,14.03 13:00,72.807
115,14.03 14:00,68.679
115,14.03 15:00,69.043
115,14.03 16:00,50.162
115,14.03 17:00,47.138
115,14.03 18:00,45.079
115,14.03 19:00,47.228
115,14.03 20:00,44.907
115,14.03 21:00,46.959
115,14.03 22:00,47.128
115,14.03 23:00,47.023
115,15.03 00:00,46.831
115,15.03 01:00,47.824
115,15.03 02:00,45.814
115,15.03 03:00,46.876
115,15.03 04:00,44.806
115,15.03 05:00,44.881
115,15.03 06:00,62.966
115,15.03 07:00,73.75
115,15.03 08:00,72.712
115,15.03 09:00,71.931
115,15.03 10:00,72.926
115,15.03 11:00,71.151
115,15.03 12:00,73.298
115,15.03 13:00,70.999
115,15.03 14:00,74.217
115,15.03 15:00,67.112
115,15.03 16:00,48.804
115,15.03 17:00,47.175
115,15.03 18:00,49.061
115,15.03 19:00,45.15
115,15.03 20:00,44.207
115,15.03 21:00,49.123
115,15.03 22:00,47.917
115,15.03 23:00,48.024
115,16.03 00:00,48.889
115,16.03 01:00,45.8
115,16.03 02:00,48.202
115,16.03 03:00,47.011
115,16.03 04:00,45.82
115,16.03 05:00,45.886
115,16.03 06:00,56.244
115,16.03 07:00,74.219
115,16.03 08:00,75.328
115,16.03 09:00,72.687
115,16.03 10:00,76.042
115,16.03 11:00,73.91
115,16.03 12:00,71.06
115,16.03 13:00,72.801
115,16.03 14:00,67.769
115,16.03 15:00,63.14
115,16.03 16:00,45.896
115,16.03 17:00,45.905
115,16.03 18:00,44.053
115,16.03 19:00,49.174
115,16.03 20:00,45.802
115,16.03 21:00,48.236
115,16.03 22:00,47.21
115,16.03 23:00,45.96
115,17.03 00:00,47.158
115,17.03 01:00,44.813
115,17.03 02:00,46.144
115,17.03 03:00,46.155
115,17.03 04:00,45.774
115,17.03 05:00,44.186
115,17.03 06:00,55.195
115,17.03 07:00,74.986
115,17.03 08:00,73.016
115,17.03 09:00,76.688
115,17.03 10:00,73.187
115,17.03 11:00,76.007
115,17.03 12:00,74.91
115,17.03 13:00,76.228
115,17.03 14:00,72.741
115,17.03 15:00,64.286
115,17.03 16:00,46.906
115,17.03 17:00,46.16
115,17.03 18:00,48.889
115,17.03 19:00,48.015
115,17.03 20:00,50.231
115,17.03 21:00,45.044
115,17.03 22:00,48.904
115,17.03 23:00,46.93
115,18.03 00:00,47.183
115,18.03 01:00,45.979
115,18.03 02:00,45.102
115,18.03 03:00,44.803
115,18.03 04:00,46.142
115,18.03 05:00,46.038
115,18.03 06:00,55.912
115,18.03 07:00,78.912
115,18.03 08:00,72.898
115,18.03 09:00,73.973
115,18.03 10:00,74.34
115,18.03 11:00,73.319
115,18.03 12:00,77.255
115,18.03 13:00,77.96
115,18.03 14:00,82.053
115,18.03 15:00,69.104
115,18.03 16:00,55.11
115,18.03 17:00,47.946
115,18.03 18:00,45.07
115,18.03 19:00,47.827
115,18.03 20:00,46.125
115,18.03 21:00,49.755
115,18.03 22:00,46.766
115,18.03 23:00,46.878
115,19.03 00:00,47.808
115,19.03 01:00,47.714
115,19.03 02:00,44.087
115,19.03 03:00,43.852
115,19.03 04:00,43.024
115,19.03 05:00,44.173
115,19.03 06:00,46.891
115,19.03 07:00,43.944
115,19.03 08:00,43.894
115,19.03 09:00,41.916
115,19.03 10:00,43.125
115,19.03 11:00,43.834
115,19.03 12:00,45.915
115,19.03 13:00,45.066
115,19.03 14:00,47.084
115,19.03 15:00,43.787
115,19.03 16:00,44.955
115,19.03 17:00,46.956
115,19.03 18:00,45.0
115,19.03 19:00,48.237
115,19.03 20:00,45.214
115,19.03 21:00,45.166
115,19.03 22:00,47.122
115,19.03 23:00,50.167
115,20.03 00:00,50.895
115,20.03 01:00,47.879
115,20.03 02:00,45.931
115,20.03 03:00,43.97
115,20.03 04:00,43.939
115,20.03 05:00,44.194
115,20.03 06:00,45.105
115,20.03 07:00,43.809
115,20.03 08:00,43.867
115,20.03 09:00,43.95
115,20.03 10:00,45.136
115,20.03 11:00,42.787
115,20.03 12:00,47.941
115,20.03 13:00,48.863
115,20.03 14:00,47.234
115,20.03 15:00,46.092
115,20.03 16:00,50.01
115,20.03 17:00,51.16
115,20.03 18:00,50.748
115,20.03 19:00,49.924
115,20.03 20:00,53.145
115,20.03 21:00,50.893
115,20.03 22:00,52.855
115,20.03 23:00,53.956
115,21.03 00:00,53.103
115,21.03 01:00,50.757
115,21.03 02:00,47.8
115,21.03 03:00,46.766
115,21.03 04:00,44.805
115,21.03 05:00,45.044
115,21.03 06:00,50.157
115,21.03 07:00,76.906
115,21.03 08:00,83.053
115,21.03 09:00,82.871
115,21.03 10:00,82.153
115,21.03 11:00,84.998
115,21.03 12:00,85.34
115,21.03 13:00,86.835
115,21.03 14:00,82.73
115,21.03 15:00,81.147
115,21.03 16:00,86.367
115,21.03 17:00,85.37
115,21.03 18:00,81.227
115,21.03 19:00,84.277
115,21.03 20:00,82.17
115,21.03 21:00,73.209
115,21.03 22:00,64.297
115,21.03 23:00,56.927
115,22.03 00:00,58.86
115,22.03 01:00,56.935
115,22.03 02:00,54.207
115,22.03 03:00,52.033
115,22.03 04:00,52.093
115,22.03 05:00,52.925
115,22.03 06:00,55.175
115,22.03 07:00,79.251
115,22.03 08:00,79.916
115,22.03 09:00,81.367
115,22.03 10:00,88.409
115,22.03 11:00,91.928
115,22.03 12:00,86.805
115,22.03 13:00,89.728
115,22.03 14:00,82.985
115,22.03 15:00,86.915
115,22.03 16:00,85.945
115,22.03 17:00,85.282
115,22.03 18:00,80.842
115,22.03 19:00,78.862
115,22.03 20:00,76.619
115,22.03 21:00,66.911
115,22.03 22:00,60.136
115,22.03 23:00,53.763
115,23.03 00:00,57.863
115,23.03 01:00,54.083
115,23.03 02:00,50.155
115,23.03 03:00,48.774
115,23.03 04:00,46.158
115,23.03 05:00,48.9
115,23.03 06:00,59.749
115,23.03 07:00,81.171
115,23.03 08:00,77.668
115,23.03 09:00,81.604
115,23.03 10:00,81.902
115,23.03 11:00,82.728
115,23.03 12:00,86.32
115,23.03 13:00,88.614
115,23.03 14:00,84.283
115,23.03 15:00,86.354
115,23.03 16:00,86.687
115,23.03 17:00,81.163
115,23.03 18:00,79.823
115,23.03 19:00,84.694
115,23.03 20:00,80.013
115,23.03 21:00,72.758
115,23.03 22:00,59.101
115,23.03 23:00,59.046
115,24.03 00:00,62.188
115,24.03 01:00,54.006
115,24.03 02:00,52.805
115,24.03 03:00,50.946
115,24.03 04:00,48.815
115,24.03 05:00,48.991
115,24.03 06:00,57.935
115,24.03 07:00,80.106
115,24.03 08:00,79.792
115,24.03 09:00,86.231
115,24.03 10:00,84.901
115,24.03 11:00,82.996
115,24.03 12:00,86.41
115,24.03 13:00,89.141
115,24.03 14:00,83.851
115,24.03 15:00,83.199
115,24.03 16:00,82.649
115,24.03 17:00,89.116
115,24.03 18:00,83.913
115,24.03 19:00,85.078
115,24.03 20:00,80.82
115,24.03 21:00,69.135
115,24.03 22:00,61.004
115,24.03 23:00,56.994
115,25.03 00:00,57.741
115,25.03 01:00,53.809
115,25.03 02:00,51.188
115,25.03 03:00,47.8
115,25.03 04:00,49.195
115,25.03 05:00,47.778
115,25.03 06:00,55.877
115,25.03 07:00,76.868
115,25.03 08:00,79.275
115,25.03 09:00,79.062
115,25.03 10:00,81.668
115,25.03 11:00,83.342
115,25.03 12:00,85.807
115,25.03 13:00,80.781
115,25.03 14:00,81.798
115,25.03 15:00,70.988
115,25.03 16:00,61.164
115,25.03 17:00,57.746
115,25.03 18:00,56.955
115,25.03 19:00,53.072
115,25.03 20:00,57.005
115,25.03 21:00,54.816
115,25.03 22:00,51.796
115,25.03 23:00,53.262
115,26.03 00:00,53.934
115,26.03 01:00,50.858
115,26.03 02:00,49.78
115,26.03 03:00,48.769
115,26.03 04:00,47.826
115,26.03 05:00,46.915
115,26.03 06:00,46.903
115,26.03 07:00,46.066
115,26.03 08:00,45.827
115,26.03 09:00,48.801
115,26.03 10:00,49.797
115,26.03 11:00,49.101
115,26.03 12:00,52.148
115,26.03 13:00,51.136
115,26.03 14:00,51.162
115,26.03 15:00,50.062
115,26.03 16:00,52.162
115,26.03 17:00,54.777
115,26.03 18:00,54.17
115,26.03 19:00,50.84
115,26.03 20:00,57.083
115,26.03 21:00,53.884
115,26.03 22:00,52.078
115,26.03 23:00,54.953
115,27.03 00:00,55.182
115,27.03 01:00,50.127
115,27.03 02:00,49.916
115,27.03 03:00,49.01
115,27.03 04:00,46.1
115,27.03 05:00,45.93
115,27.03 06:00,47.09
115,27.03 07:00,46.079
115,27.03 08:00,46.161
115,27.03 09:00,43.913
115,27.03 10:00,46.067
115,27.03 11:00,52.799
115,27.03 12:00,52.124
115,27.03 13:00,77.857
115,27.03 14:00,77.614
115,27.03 15:00,77.649
115,27.03 16:00,84.259
115,27.03 17:00,81.035
115,27.03 18:00,79.227
115,27.03 19:00,84.192
115,27.03 20:00,81.811
115,27.03 21:00,67.181
115,27.03 22:00,61.184
115,27.03 23:00,59.901
115,28.03 00:00,58.145
115,28.03 01:00,56.103
115,28.03 02:00,52.95
115,28.03 03:00,50.99
115,28.03 04:00,45.055
115,28.03 05:00,47.761
115,28.03 06:00,55.065
115,28.03 07:00,78.177
115,28.03 08:00,78.003
115,28.03 09:00,82.868
115,28.03 10:00,81.114
115,28.03 11:00,82.187
115,28.03 12:00,79.869
115,28.03 13:00,83.056
115,28.03 14:00,86.889
115,28.03 15:00,86.008
115,28.03 16:00,85.92
115,28.03 17:00,84.783
115,28.03 18:00,84.405
115,28.03 19:00,84.646
115,28.03 20:00,85.315
115,28.03 21:00,72.88
115,28.03 22:00,63.282
115,28.03 23:00,65.702
115,29.03 00:00,68.747
115,29.03 01:00,66.058
115,29.03 02:00,54.737
115,29.03 03:00,54.891
115,29.03 04:00,53.064
115,29.03 05:00,52.094
115,29.03 06:00,57.024
115,29.03 07:00,79.993
115,29.03 08:00,80.072
115,29.03 09:00,81.851
115,29.03 10:00,89.029
115,29.03 11:00,88.9
115,29.03 12:00,0.0
115,29.03 13:00,177.858
115,29.03 14:00,87.592
115,29.03 15:00,84.988
115,29.03 16:00,84.905
115,29.03 17:00,88.873
115,29.03 18:00,87.901
115,29.03 19:00,95.618
115,29.03 20:00,83.623
115,29.03 21:00,73.0
115,29.03 22:00,62.089
115,29.03 23:00,65.246
115,30.03 00:00,65.256
115,30.03 02:00,1.002
115,30.03 03:00,0.996
115,30.03 04:00,1.003
115,30.03 05:00,0.995
115,30.03 06:00,0.996
115,30.03 07:00,1.001
115,30.03 08:00,1.001
115,30.03 09:00,0.997
115,30.03 11:00,83.137
115,30.03 12:00,88.722
115,30.03 13:00,89.736
115,30.03 14:00,91.234
115,30.03 15:00,83.048
115,30.03 16:00,86.637
115,30.03 17:00,86.398
115,30.03 18:00,85.739
115,30.03 19:00,83.913
115,30.03 20:00,83.286
115,30.03 21:00,73.297
115,30.03 22:00,61.728
115,30.03 23:00,61.036
115,31.03 00:00,58.056
115,31.03 01:00,56.091
115,31.03 02:00,50.883
115,31.03 03:00,50.925
115,31.03 04:00,49.163
115,31.03 05:00,48.195
115,31.03 06:00,62.697
115,31.03 07:00,77.835
115,31.03 08:00,80.015
115,31.03 09:00,85.842
115,31.03 10:00,85.359
115,31.03 11:00,84.01
115,31.03 12:00,90.73
115,31.03 13:00,92.638
115,31.03 14:00,90.796
115,31.03 15:00,87.199
115,31.03 16:00,87.855
115,31.03 17:00,85.209
115,31.03 18:00,83.636
115,31.03 19:00,84.862
115,31.03 20:00,83.812
115,31.03 21:00,68.113
115,31.03 22:00,58.932
115,31.03 23:00,58.098
115,01.04 00:00,55.935
115,01.04 01:00,59.921
115,01.04 02:00,54.041
115,01.04 03:00,50.147
115,01.04 04:00,47.858
115,01.04 05:00,45.812
115,01.04 06:00,49.132
115,01.04 07:00,74.287
115,01.04 08:00,76.653
115,01.04 09:00,81.124
115,01.04 10:00,78.871
115,01.04 11:00,81.667
115,01.04 12:00,86.202
115,01.04 13:00,86.173
115,01.04 14:00,89.938
115,01.04 15:00,87.21
115,01.04 16:00,85.893
115,01.04 17:00,71.813
115,01.04 18:00,57.253
115,01.04 19:00,53.969
115,01.04 20:00,54.063
115,01.04 21:00,54.889
115,01.04 22:00,55.14
115,01.04 23:00,55.159
115,02.04 00:00,52.904
115,02.04 01:00,51.165
115,02.04 02:00,52.874
115,02.04 03:00,51.193
115,02.04 04:00,47.789
115,02.04 05:00,48.829
115,02.04 06:00,46.963
115,02.04 07:00,46.155
115,02.04 08:00,45.08
115,02.04 09:00,44.159
115,02.04 10:00,47.206
115,02.04 11:00,48.22
115,02.04 12:00,52.827
115,02.04 13:00,58.208
115,02.04 14:00,60.715
115,02.04 15:00,62.133
115,02.04 16:00,59.108
115,02.04 17:00,56.777
115,02.04 18:00,56.273
115,02.04 19:00,58.981
115,02.04 20:00,56.989
115,02.04 21:00,62.268
115,02.04 22:00,59.908
115,02.04 23:00,58.272
115,03.04 00:00,56.851
115,03.04 01:00,57.844
115,03.04 02:00,56.776
115,03.04 03:00,50.178
115,03.04 04:00,47.061
115,03.04 05:00,46.851
115,03.04 06:00,46.224
115,03.04 07:00,45.921
115,03.04 08:00,48.086
115,03.04 09:00,45.879
115,03.04 10:00,48.111
115,03.04 11:00,51.9
115,03.04 12:00,55.984
115,03.04 13:00,84.97
115,03.04 14:00,84.043
115,03.04 15:00,81.148
115,03.04 16:00,87.133
115,03.04 17:00,85.699
115,03.04 18:00,84.287
115,03.04 19:00,88.023
115,03.04 20:00,80.056
115,03.04 21:00,77.218
115,03.04 22:00,57.81
115,03.04 23:00,59.282
115,04.04 00:00,58.878
115,04.04 01:00,57.239
115,04.04 02:00,54.182
115,04.04 03:00,49.771
115,04.04 04:00,46.144
115,04.04 05:00,48.815
115,04.04 06:00,59.039
115,04.04 07:00,76.815
115,04.04 08:00,76.699
115,04.04 09:00,83.977
115,04.04 10:00,83.259
115,04.04 11:00,87.838
115,04.04 12:00,89.139
115,04.04 13:00,91.44
115,04.04 14:00,88.595
115,04.04 15:00,88.378
115,04.04 16:00,88.715
115,04.04 17:00,84.92
115,04.04 18:00,83.024
115,04.04 19:00,85.733
115,04.04 20:00,80.005
115,04.04 21:00,70.654
115,04.04 22:00,57.872
115,04.04 23:00,58.011
115,05.04 00:00,61.729
115,05.04 01:00,57.284
115,05.04 02:00,52.11
115,05.04 03:00,50.059
115,05.04 04:00,46.965
115,05.04 05:00,46.477
115,05.04 06:00,57.174
115,05.04 07:00,81.162
115,05.04 08:00,76.633
115,05.04 09:00,82.983
115,05.04 10:00,87.138
115,05.04 11:00,85.889
115,05.04 12:00,90.819
115,05.04 13:00,90.943
115,05.04 14:00,88.347
115,05.04 15:00,85.971
115,05.04 16:00,88.965
115,05.04 17:00,84.859
115,05.04 18:00,78.757
115,05.04 19:00,84.232
115,05.04 20:00,84.377
115,05.04 21:00,68.245
115,05.04 22:00,56.976
115,05.04 23:00,56.962
115,06.04 00:00,62.759
115,06.04 01:00,57.119
115,06.04 02:00,56.097
115,06.04 03:00,51.981
115,06.04 04:00,50.153
115,06.04 05:00,53.118
115,06.04 06:00,58.097
115,06.04 07:00,81.882
115,06.04 08:00,85.714
115,06.04 09:00,82.963
115,06.04 10:00,84.203
115,06.04 11:00,84.724
115,06.04 12:00,85.016
115,06.04 13:00,87.821
115,06.04 14:00,87.131
115,06.04 15:00,88.405
115,06.04 16:00,86.739
115,06.04 17:00,83.941
115,06.04 18:00,81.925
115,06.04 19:00,85.869
115,06.04 20:00,79.862
115,06.04 21:00,72.71
115,06.04 22:00,56.752
115,06.04 23:00,57.194
115,07.04 00:00,58.19
115,07.04 01:00,55.129
115,07.04 02:00,51.911
115,07.04 03:00,49.213
115,07.04 04:00,48.154
115,07.04 05:00,46.775
115,07.04 06:00,55.085
115,07.04 07:00,76.76
115,07.04 08:00,81.38
115,07.04 09:00,85.103
115,07.04 10:00,82.222
115,07.04 11:00,81.957
115,07.04 12:00,88.135
115,07.04 13:00,87.605
115,07.04 14:00,84.796
115,07.04 15:00,82.929
115,07.04 16:00,87.718
115,07.04 17:00,83.07
115,07.04 18:00,80.84
115,07.04 19:00,89.876
115,07.04 20:00,78.904
115,07.04 21:00,75.771
115,07.04 22:00,64.049
115,07.04 23:00,58.036
115,08.04 00:00,57.728
115,08.04 01:00,55.026
115,08.04 02:00,52.11
115,08.04 03:00,49.754
115,08.04 04:00,46.979
115,08.04 05:00,50.166
115,08.04 06:00,57.797
115,08.04 07:00,76.336
115,08.04 08:00,79.347
115,08.04 09:00,82.912
115,08.04 10:00,83.341
115,08.04 11:00,86.069
115,08.04 12:00,85.006
115,08.04 13:00,80.946
115,08.04 14:00,85.0
115,08.04 15:00,85.647
115,08.04 16:00,89.736
115,08.04 17:00,74.223
115,08.04 18:00,68.021
115,08.04 19:00,60.26
115,08.04 20:00,61.865
115,08.04 21:00,58.998
115,08.04 22:00,58.8
115,08.04 23:00,56.846
115,09.04 00:00,58.732
115,09.04 01:00,54.831
115,09.04 02:00,53.221
115,09.04 03:00,51.85
115,09.04 04:00,48.211
115,09.04 05:00,48.001
115,09.04 06:00,47.789
115,09.04 07:00,47.988
115,09.04 08:00,45.843
115,09.04 09:00,45.971
115,09.04 10:00,46.802
115,09.04 11:00,53.253
115,09.04 12:00,49.771
115,09.04 13:00,56.877
115,09.04 14:00,55.838
115,09.04 15:00,58.066
115,09.04 16:00,53.954
115,09.04 17:00,54.156
115,09.04 18:00,55.1
115,09.04 19:00,52.221
115,09.04 20:00,53.861
115,09.04 21:00,62.07
115,09.04 22:00,58.996
115,09.04 23:00,56.908
115,10.04 00:00,57.971
115,10.04 01:00,55.186
115,10.04 02:00,53.148
115,10.04 03:00,53.829
115,10.04 04:00,48.053
115,10.04 05:00,46.106
115,10.04 06:00,47.205
115,10.04 07:00,49.023
115,10.04 08:00,46.498
115,10.04 09:00,46.802
115,10.04 10:00,51.027
115,10.04 11:00,47.202
115,10.04 12:00,51.013
115,10.04 13:00,77.192
115,10.04 14:00,81.89
115,10.04 15:00,79.974
115,10.04 16:00,93.805
115,10.04 17:00,93.391
115,10.04 18:00,92.141
115,10.04 19:00,94.384
115,10.04 20:00,87.228
115,10.04 21:00,74.273
115,10.04 22:00,63.857
115,10.04 23:00,57.783
115,11.04 00:00,63.969
115,11.04 01:00,61.273
115,11.04 02:00,51.812
115,11.04 03:00,50.172
115,11.04 04:00,49.996
115,11.04 05:00,49.795
115,11.04 06:00,56.16
115,11.04 07:00,78.953
115,11.04 08:00,82.335
115,11.04 09:00,81.647
115,11.04 10:00,86.814
115,11.04 11:00,85.63
115,11.04 12:00,86.961
115,11.04 13:00,90.906
115,11.04 14:00,95.448
115,11.04 15:00,90.971
115,11.04 16:00,91.815
115,11.04 17:00,92.888
115,11.04 18:00,85.603
115,11.04 19:00,88.584
115,11.04 20:00,84.202
115,11.04 21:00,75.212
115,11.04 22:00,61.261
115,11.04 23:00,62.251
115,12.04 00:00,61.799
115,12.04 01:00,56.148
115,12.04 02:00,53.121
115,12.04 03:00,52.024
115,12.04 04:00,48.993
115,12.04 05:00,48.776
115,12.04 06:00,58.719
115,12.04 07:00,80.393
115,12.04 08:00,82.153
115,12.04 09:00,84.735
115,12.04 10:00,85.997
115,12.04 11:00,84.388
115,12.04 12:00,88.582
115,12.04 13:00,90.227
115,12.04 14:00,87.801
115,12.04 15:00,86.162
115,12.04 16:00,92.974
115,12.04 17:00,92.297
115,12.04 18:00,87.569
115,12.04 19:00,83.679
115,12.04 20:00,80.049
115,12.04 21:00,68.839
115,12.04 22:00,58.273
115,12.04 23:00,57.887
115,13.04 00:00,63.213
115,13.04 01:00,56.093
115,13.04 02:00,55.021
115,13.04 03:00,52.168
115,13.04 04:00,47.223
115,13.04 05:00,48.998
115,13.04 06:00,58.813
115,13.04 07:00,78.725
115,13.04 08:00,81.051
115,13.04 09:00,81.71
115,13.04 10:00,82.594
115,13.04 11:00,87.051
115,13.04 12:00,86.034
115,13.04 13:00,88.681
115,13.04 14:00,85.811
115,13.04 15:00,89.554
115,13.04 16:00,88.335
115,13.04 17:00,90.641
115,13.04 18:00,83.853
115,13.04 19:00,83.768
115,13.04 20:00,84.778
115,13.04 21:00,75.359
115,13.04 22:00,62.957
115,13.04 23:00,62.967
115,14.04 00:00,62.162
115,14.04 01:00,59.234
115,14.04 02:00,56.667
115,14.04 03:00,52.246
115,14.04 04:00,50.105
115,14.04 05:00,50.242
115,14.04 06:00,59.041
115,14.04 07:00,81.684
115,14.04 08:00,84.043
115,14.04 09:00,86.96
115,14.04 10:00,85.875
115,14.04 11:00,85.851
115,14.04 12:00,92.675
115,14.04 13:00,94.582
115,14.04 14:00,89.753
115,14.04 15:00,94.265
115,14.04 16:00,90.412
115,14.04 17:00,91.295
115,14.04 18:00,88.185
115,14.04 19:00,89.428
115,14.04 20:00,85.141
115,14.04 21:00,72.66
115,14.04 22:00,65.906
115,14.04 23:00,61.044
115,15.04 00:00,60.841
115,15.04 01:00,60.14
115,15.04 02:00,57.216
115,15.04 03:00,55.893
115,15.04 04:00,52.919
115,15.04 05:00,53.855
115,15.04 06:00,71.795
115,15.04 07:00,75.823
115,15.04 08:00,82.33
115,15.04 09:00,84.413
115,15.04 10:00,89.69
115,15.04 11:00,90.875
115,15.04 12:00,93.084
115,15.04 13:00,98.467
115,15.04 14:00,91.805
115,15.04 15:00,85.185
115,15.04 16:00,87.564
115,15.04 17:00,72.989
115,15.04 18:00,57.011
115,15.04 19:00,54.198
115,15.04 20:00,53.107
115,15.04 21:00,55.164
115,15.04 22:00,53.783
115,15.04 23:00,60.0
115,16.04 00:00,56.949
115,16.04 01:00,52.879
115,16.04 02:00,50.111
115,16.04 03:00,51.153
115,16.04 04:00,49.964
115,16.04 05:00,48.761
115,16.04 06:00,48.887
115,16.04 07:00,48.969
115,16.04 08:00,48.139
115,16.04 09:00,51.022
115,16.04 10:00,51.053
115,16.04 11:00,50.082
115,16.04 12:00,55.116
115,16.04 13:00,54.241
115,16.04 14:00,51.057
115,16.04 15:00,50.987
115,16.04 16:00,52.772
115,16.04 17:00,52.847
115,16.04 18:00,57.886
115,16.04 19:00,54.927
115,16.04 20:00,56.261
115,16.04 21:00,63.128
115,16.04 22:00,60.177
115,16.04 23:00,58.242
115,17.04 00:00,55.884
115,17.04 01:00,54.82
115,17.04 02:00,55.087
115,17.04 03:00,50.835
115,17.04 04:00,50.842
115,17.04 05:00,48.071
115,17.04 06:00,50.214
115,17.04 07:00,47.826
115,17.04 08:00,49.06
115,17.04 09:00,46.179
115,17.04 10:00,50.971
115,17.04 11:00,50.077
115,17.04 12:00,56.039
115,17.04 13:00,74.242
115,17.04 14:00,76.006
115,17.04 15:00,80.28
115,17.04 16:00,87.149
115,17.04 17:00,92.976
115,17.04 18:00,91.05
115,17.04 19:00,91.453
115,17.04 20:00,89.035
115,17.04 21:00,76.21
115,17.04 22:00,67.171
115,17.04 23:00,66.005
115,18.04 00:00,65.207
115,18.04 01:00,59.834
115,18.04 02:00,56.085
115,18.04 03:00,51.915
115,18.04 04:00,50.18
115,18.04 05:00,50.852
115,18.04 06:00,61.067
115,18.04 07:00,80.043
115,18.04 08:00,79.992
115,18.04 09:00,81.958
115,18.04 10:00,85.687
115,18.04 11:00,83.28
115,18.04 12:00,86.319
115,18.04 13:00,90.877
115,18.04 14:00,91.016
115,18.04 15:00,86.696
115,18.04 16:00,84.091
115,18.04 17:00,84.744
115,18.04 18:00,87.101
115,18.04 19:00,88.148
115,18.04 20:00,81.722
115,18.04 21:00,71.876
115,18.04 22:00,62.732
115,18.04 23:00,63.009
115,19.04 00:00,59.923
115,19.04 01:00,58.194
115,19.04 02:00,56.234
115,19.04 03:00,54.771
115,19.04 04:00,51.986
115,19.04 05:00,56.85
115,19.04 06:00,61.87
115,19.04 07:00,79.974
115,19.04 08:00,82.028
115,19.04 09:00,87.825
115,19.04 10:00,92.102
115,19.04 11:00,86.611
115,19.04 12:00,85.877
115,19.04 13:00,90.847
115,19.04 14:00,92.567
115,19.04 15:00,88.349
115,19.04 16:00,86.899
115,19.04 17:00,86.909
115,19.04 18:00,88.333
115,19.04 19:00,86.703
115,19.04 20:00,84.915
115,19.04 21:00,76.165
115,19.04 22:00,59.233
115,19.04 23:00,58.96
115,20.04 00:00,61.825
115,20.04 01:00,61.146
115,20.04 02:00,57.208
115,20.04 03:00,52.11
115,20.04 04:00,49.901
115,20.04 05:00,55.032
115,20.04 06:00,68.877
115,20.04 07:00,78.73
115,20.04 08:00,77.729
115,20.04 09:00,86.372
115,20.04 10:00,83.35
115,20.04 11:00,84.069
115,20.04 12:00,87.422
115,20.04 13:00,94.31
115,20.04 14:00,88.799
115,20.04 15:00,85.748
115,20.04 16:00,86.6
115,20.04 17:00,81.757
115,20.04 18:00,82.319
115,20.04 19:00,83.627
115,20.04 20:00,78.945
115,20.04 21:00,73.219
115,20.04 22:00,61.16
115,20.04 23:00,58.944
115,21.04 00:00,59.848
115,21.04 01:00,57.929
115,21.04 02:00,52.793
115,21.04 03:00,49.942
115,21.04 04:00,47.989
115,21.04 05:00,48.78
115,21.04 06:00,64.081
115,21.04 07:00,77.234
115,21.04 08:00,80.033
115,21.04 09:00,83.714
115,21.04 10:00,85.699
115,21.04 11:00,83.278
115,21.04 12:00,89.962
115,21.04 13:00,95.79
115,21.04 14:00,91.31
115,21.04 15:00,86.793
115,21.04 16:00,85.163
115,21.04 17:00,92.115
115,21.04 18:00,85.858
115,21.04 19:00,89.88
115,21.04 20:00,83.099
115,21.04 21:00,74.707
115,21.04 22:00,62.692
115,21.04 23:00,59.119
115,22.04 00:00,56.964
115,22.04 01:00,55.818
115,22.04 02:00,54.063
115,22.04 03:00,52.064
115,22.04 04:00,49.922
115,22.04 05:00,47.835
115,22.04 06:00,61.899
115,22.04 07:00,76.83
115,22.04 08:00,77.145
115,22.04 09:00,80.792
115,22.04 10:00,82.068
115,22.04 11:00,82.877
115,22.04 12:00,85.601
115,22.04 13:00,87.986
115,22.04 14:00,87.384
115,22.04 15:00,83.943
115,22.04 16:00,79.217
115,22.04 17:00,72.647
115,22.04 18:00,55.808
115,22.04 19:00,53.943
115,22.04 20:00,53.134
115,22.04 21:00,61.783
115,22.04 22:00,58.048
115,22.04 23:00,64.087
115,23.04 00:00,57.746
115,23.04 01:00,56.845
115,23.04 02:00,53.958
115,23.04 03:00,49.149
115,23.04 04:00,49.179
115,23.04 05:00,46.847
115,23.04 06:00,49.968
115,23.04 07:00,48.903
115,23.04 08:00,45.104
115,23.04 09:00,48.124
115,23.04 10:00,45.866
115,23.04 11:00,49.782
115,23.04 12:00,51.813
115,23.04 13:00,52.18
115,23.04 14:00,52.844
115,23.04 15:00,49.895
115,23.04 16:00,51.221
115,23.04 17:00,56.99
115,23.04 18:00,55.167
115,23.04 19:00,51.162
115,23.04 20:00,51.744
115,23.04 21:00,52.814
115,23.04 22:00,52.031
115,23.04 23:00,54.854
115,24.04 00:00,54.068
115,24.04 01:00,53.762
115,24.04 02:00,52.952
115,24.04 03:00,47.856
115,24.04 04:00,48.953
115,24.04 05:00,44.865
115,24.04 06:00,48.035
115,24.04 07:00,45.923
115,24.04 08:00,45.962
115,24.04 09:00,45.774
115,24.04 10:00,50.042
115,24.04 11:00,51.95
115,24.04 12:00,57.74
115,24.04 13:00,83.385
115,24.04 14:00,84.023
115,24.04 15:00,84.217
115,24.04 16:00,86.323
115,24.04 17:00,89.784
115,24.04 18:00,79.784
115,24.04 19:00,90.275
115,24.04 20:00,86.64
115,24.04 21:00,72.226
115,24.04 22:00,59.956
115,24.04 23:00,60.241
115,25.04 00:00,59.052
115,25.04 01:00,56.207
115,25.04 02:00,53.099
115,25.04 03:00,49.142
115,25.04 04:00,47.918
115,25.04 05:00,47.114
115,25.04 06:00,53.051
115,25.04 07:00,77.959
115,25.04 08:00,77.975
115,25.04 09:00,82.671
115,25.04 10:00,81.696
115,25.04 11:00,83.587
115,25.04 12:00,84.626
115,25.04 13:00,89.621
115,25.04 14:00,91.718
115,25.04 15:00,85.039
115,25.04 16:00,83.636
115,25.04 17:00,79.249
115,25.04 18:00,81.207
115,25.04 19:00,82.209
115,25.04 20:00,82.288
115,25.04 21:00,78.828
115,25.04 22:00,64.752
115,25.04 23:00,57.094
115,26.04 00:00,57.048
115,26.04 01:00,55.734
115,26.04 02:00,53.047
115,26.04 03:00,54.838
115,26.04 04:00,49.178
115,26.04 05:00,53.755
115,26.04 06:00,61.225
115,26.04 07:00,77.355
115,26.04 08:00,77.821
115,26.04 09:00,79.074
115,26.04 10:00,88.099
115,26.04 11:00,83.236
115,26.04 12:00,85.891
115,26.04 13:00,89.919
115,26.04 14:00,86.124
115,26.04 15:00,82.079
115,26.04 16:00,85.766
115,26.04 17:00,82.247
115,26.04 18:00,82.222
115,26.04 19:00,82.276
115,26.04 20:00,81.816
115,26.04 21:00,75.99
115,26.04 22:00,63.106
115,26.04 23:00,58.947
115,27.04 00:00,60.754
115,27.04 01:00,56.014
115,27.04 02:00,53.816
115,27.04 03:00,47.908
115,27.04 04:00,48.793
115,27.04 05:00,53.992
115,27.04 06:00,58.097
115,27.04 07:00,78.189
115,27.04 08:00,78.84
115,27.04 09:00,80.256
115,27.04 10:00,80.301
115,27.04 11:00,81.632
115,27.04 12:00,84.309
115,27.04 13:00,90.119
115,27.04 14:00,92.23
115,27.04 15:00,87.793
115,27.04 16:00,90.933
115,27.04 17:00,88.361
115,27.04 18:00,86.02
115,27.04 19:00,80.333
115,27.04 20:00,80.213
115,27.04 21:00,73.351
115,27.04 22:00,58.018
115,27.04 23:00,59.13
115,28.04 00:00,62.764
115,28.04 01:00,57.942
115,28.04 02:00,57.232
115,28.04 03:00,53.857
115,28.04 04:00,50.034
115,28.04 05:00,49.122
115,28.04 06:00,58.13
115,28.04 07:00,77.282
115,28.04 08:00,79.056
115,28.04 09:00,81.814
115,28.04 10:00,87.94
115,28.04 11:00,83.948
115,28.04 12:00,90.23
115,28.04 13:00,86.125
115,28.04 14:00,83.83
115,28.04 15:00,82.799
115,28.04 16:00,81.993
115,28.04 17:00,82.878
115,28.04 18:00,84.712
115,28.04 19:00,86.402
115,28.04 20:00,83.918
115,28.04 21:00,74.225
115,28.04 22:00,61.153
115,28.04 23:00,59.163
115,29.04 00:00,59.82
115,29.04 01:00,60.005
115,29.04 02:00,55.001
115,29.04 03:00,52.763
115,29.04 04:00,52.252
115,29.04 05:00,52.051
115,29.04 06:00,58.138
115,29.04 07:00,74.861
115,29.04 08:00,76.206
115,29.04 09:00,80.23
115,29.04 10:00,77.073
115,29.04 11:00,81.715
115,29.04 12:00,89.868
115,29.04 13:00,88.928
115,29.04 14:00,82.288
115,29.04 15:00,82.16
115,29.04 16:00,85.213
115,29.04 17:00,77.914
115,29.04 18:00,63.874
115,29.04 19:00,54.248
115,29.04 20:00,50.781
115,29.04 21:00,54.943
115,29.04 22:00,55.951
115,29.04 23:00,53.001
115,30.04 00:00,58.85
115,30.04 01:00,58.008
115,30.04 02:00,53.067
115,30.04 03:00,50.853
115,30.04 04:00,47.922
115,30.04 05:00,47.003
115,30.04 06:00,46.886
115,30.04 07:00,47.802
115,30.04 08:00,45.847
115,30.04 09:00,46.994
115,30.04 10:00,47.922
115,30.04 11:00,47.819
115,30.04 12:00,51.022
115,30.04 13:00,53.782
115,30.04 14:00,52.182
115,30.04 15:00,52.037
115,30.04 16:00,53.827
115,30.04 17:00,56.262
115,30.04 18:00,56.158
115,30.04 19:00,58.857
115,30.04 20:00,55.0
115,30.04 21:00,54.993
115,30.04 22:00,58.254
115,30.04 23:00,56.939
115,01.05 00:00,60.971
115,01.05 01:00,56.398
115,01.05 02:00,53.14
115,01.05 03:00,53.897
115,01.05 04:00,48.905
115,01.05 05:00,50.205
115,01.05 06:00,49.854
115,01.05 07:00,48.841
115,01.05 08:00,47.872
115,01.05 09:00,49.202
115,01.05 10:00,51.18
115,01.05 11:00,51.015
115,01.05 12:00,55.227
115,01.05 13:00,74.196
115,01.05 14:00,88.32
115,01.05 15:00,84.335
115,01.05 16:00,87.387
115,01.05 17:00,87.611
115,01.05 18:00,88.076
115,01.05 19:00,85.021
115,01.05 20:00,81.943
115,01.05 21:00,67.966
115,01.05 22:00,59.125
115,01.05 23:00,57.728
115,02.05 00:00,62.0
115,02.05 01:00,56.057
115,02.05 02:00,52.043
115,02.05 03:00,49.222
115,02.05 04:00,49.002
115,02.05 05:00,47.041
115,02.05 06:00,55.937
115,02.05 07:00,77.314
115,02.05 08:00,78.235
115,02.05 09:00,80.96
115,02.05 10:00,81.269
115,02.05 11:00,83.225
115,02.05 12:00,86.613
115,02.05 13:00,88.341
115,02.05 14:00,85.185
115,02.05 15:00,83.1
115,02.05 16:00,86.323
115,02.05 17:00,82.761
115,02.05 18:00,78.175
115,02.05 19:00,86.029
115,02.05 20:00,77.764
115,02.05 21:00,68.222
115,02.05 22:00,59.202
115,02.05 23:00,58.878
115,03.05 00:00,58.251
115,03.05 01:00,54.89
115,03.05 02:00,54.855
115,03.05 03:00,50.199
115,03.05 04:00,49.058
115,03.05 05:00,54.174
115,03.05 06:00,57.166
115,03.05 07:00,77.129
115,03.05 08:00,76.033
115,03.05 09:00,80.037
115,03.05 10:00,86.804
115,03.05 11:00,82.68
115,03.05 12:00,83.514
115,03.05 13:00,84.205
115,03.05 14:00,82.774
115,03.05 15:00,84.795
115,03.05 16:00,87.199
115,03.05 17:00,83.941
115,03.05 18:00,82.872
115,03.05 19:00,87.251
115,03.05 20:00,78.987
115,03.05 21:00,69.147
115,03.05 22:00,56.749
115,03.05 23:00,59.263
115,04.05 00:00,55.948
115,04.05 01:00,52.093
115,04.05 02:00,49.755
115,04.05 03:00,47.984
115,04.05 04:00,50.011
115,04.05 05:00,48.999
115,04.05 06:00,56.215
115,04.05 07:00,78.007
115,04.05 08:00,76.135
115,04.05 09:00,82.165
115,04.05 10:00,80.004
115,04.05 11:00,81.282
115,04.05 12:00,83.602
115,04.05 13:00,82.609
115,04.05 14:00,83.814
115,04.05 15:00,85.761
115,04.05 16:00,81.367
115,04.05 17:00,86.689
115,04.05 18:00,89.973
115,04.05 19:00,81.671
115,04.05 20:00,76.981
115,04.05 21:00,67.315
115,04.05 22:00,60.138
115,04.05 23:00,61.188
115,05.05 00:00,54.905
115,05.05 01:00,55.114
115,05.05 02:00,53.037
115,05.05 03:00,49.847
115,05.05 04:00,47.773
115,05.05 05:00,48.145
115,05.05 06:00,53.173
115,05.05 07:00,79.232
115,05.05 08:00,82.616
115,05.05 09:00,85.807
115,05.05 10:00,83.104
115,05.05 11:00,82.828
115,05.05 12:00,88.177
115,05.05 13:00,94.252
115,05.05 14:00,91.874
115,05.05 15:00,87.229
115,05.05 16:00,88.275
115,05.05 17:00,91.136
115,05.05 18:00,87.61
115,05.05 19:00,86.08
115,05.05 20:00,81.364
115,05.05 21:00,72.036
115,05.05 22:00,65.956
115,05.05 23:00,63.229
115,06.05 00:00,55.129
115,06.05 01:00,53.732
115,06.05 02:00,52.028
115,06.05 03:00,51.849
115,06.05 04:00,51.203
115,06.05 05:00,51.197
115,06.05 06:00,58.141
115,06.05 07:00,77.199
115,06.05 08:00,77.075
115,06.05 09:00,80.835
115,06.05 10:00,81.388
115,06.05 11:00,80.764
115,06.05 12:00,86.764
115,06.05 13:00,84.837
115,06.05 14:00,84.251
115,06.05 15:00,88.961
115,06.05 16:00,86.327
115,06.05 17:00,72.667
115,06.05 18:00,57.231
115,06.05 19:00,53.046
115,06.05 20:00,54.017
115,06.05 21:00,55.153
115,06.05 22:00,57.247
115,06.05 23:00,52.079
115,07.05 00:00,49.881
115,07.05 01:00,51.895
115,07.05 02:00,50.833
115,07.05 03:00,48.882
115,07.05 04:00,48.978
115,07.05 05:00,44.9
115,07.05 06:00,46.032
115,07.05 07:00,45.085
115,07.05 08:00,43.948
115,07.05 09:00,47.69
115,07.05 10:00,47.957
115,07.05 11:00,48.865
115,07.05 12:00,48.893
115,07.05 13:00,53.019
115,07.05 14:00,50.793
115,07.05 15:00,53.206
115,07.05 16:00,52.026
115,07.05 17:00,53.89
115,07.05 18:00,55.186
115,07.05 19:00,50.784
115,07.05 20:00,49.204
115,07.05 21:00,53.785
115,07.05 22:00,52.989
115,07.05 23:00,50.865
115,08.05 00:00,49.908
115,08.05 01:00,50.014
115,08.05 02:00,50.215
115,08.05 03:00,46.838
115,08.05 04:00,48.838
115,08.05 05:00,46.123
115,08.05 06:00,45.088
115,08.05 07:00,45.794
115,08.05 08:00,44.828
115,08.05 09:00,43.798
115,08.05 10:00,47.058
115,08.05 11:00,48.044
115,08.05 12:00,48.994
115,08.05 13:00,74.076
115,08.05 14:00,80.268
115,08.05 15:00,78.776
115,08.05 16:00,83.125
115,08.05 17:00,78.735
115,08.05 18:00,81.275
115,08.05 19:00,81.509
115,08.05 20:00,78.223
115,08.05 21:00,66.085
115,08.05 22:00,52.968
115,08.05 23:00,53.049
115,09.05 00:00,52.221
115,09.05 01:00,53.885
115,09.05 02:00,55.132
115,09.05 03:00,53.747
115,09.05 04:00,50.155
115,09.05 05:00,47.065
115,09.05 06:00,49.801
115,09.05 07:00,77.221
115,09.05 08:00,72.863
115,09.05 09:00,76.071
115,09.05 10:00,78.74
115,09.05 11:00,81.113
115,09.05 12:00,83.963
115,09.05 13:00,85.179
115,09.05 14:00,83.67
115,09.05 15:00,85.327
115,09.05 16:00,83.015
115,09.05 17:00,78.04
115,09.05 18:00,77.136
115,09.05 19:00,82.364
115,09.05 20:00,77.778
115,09.05 21:00,67.776
115,09.05 22:00,55.738
115,09.05 23:00,57.249
115,10.05 00:00,55.113
115,10.05 01:00,54.881
115,10.05 02:00,53.913
115,10.05 03:00,54.021
115,10.05 04:00,47.932
115,10.05 05:00,51.917
115,10.05 06:00,57.731
115,10.05 07:00,77.919
115,10.05 08:00,76.378
115,10.05 09:00,73.668
115,10.05 10:00,77.794
115,10.05 11:00,80.21
115,10.05 12:00,84.253
115,10.05 13:00,87.607
115,10.05 14:00,85.711
115,10.05 15:00,83.909
115,10.05 16:00,84.27
115,10.05 17:00,86.13
115,10.05 18:00,79.976
115,10.05 19:00,76.616
115,10.05 20:00,75.008
115,10.05 21:00,71.019
115,10.05 22:00,61.224
115,10.05 23:00,56.078
115,11.05 00:00,57.837
115,11.05 01:00,56.769
115,11.05 02:00,54.063
115,11.05 03:00,53.246
115,11.05 04:00,47.994
115,11.05 05:00,48.792
115,11.05 06:00,58.275
115,11.05 07:00,75.761
115,11.05 08:00,76.111
115,11.05 09:00,77.099
115,11.05 10:00,77.295
115,11.05 11:00,77.217
115,11.05 12:00,76.9
115,11.05 13:00,0.0
115,11.05 14:00,0.0
115,11.05 16:00,84.874
115,11.05 17:00,86.977
115,11.05 18:00,81.227
115,11.05 19:00,79.893
115,11.05 20:00,69.772
115,11.05 21:00,0.0
115,11.05 22:00,0.0
115,11.05 23:00,195.539
115,12.05 00:00,56.107
115,12.05 01:00,55.911
115,12.05 02:00,52.973
115,12.05 03:00,51.747
115,12.05 04:00,50.103
115,12.05 05:00,47.874
115,12.05 06:00,51.894
115,12.05 07:00,78.258
115,12.05 08:00,74.909
115,12.05 09:00,78.606
115,12.05 10:00,84.664
115,12.05 11:00,84.035
115,12.05 12:00,89.914
115,12.05 13:00,89.616
115,12.05 14:00,89.408
115,12.05 15:00,85.945
115,12.05 16:00,90.437
115,12.05 17:00,85.76
115,12.05 18:00,89.37
115,12.05 19:00,86.329
115,12.05 20:00,81.394
115,12.05 21:00,67.124
115,12.05 22:00,56.185
115,12.05 23:00,56.118
115,13.05 00:00,54.23
115,13.05 01:00,54.911
115,13.05 02:00,53.98
115,13.05 03:00,50.761
115,13.05 04:00,47.002
115,13.05 05:00,46.79
115,13.05 06:00,60.101
115,13.05 07:00,73.945
115,13.05 08:00,75.911
115,13.05 09:00,78.752
115,13.05 10:00,77.326
115,13.05 11:00,82.76
115,13.05 12:00,80.406
115,13.05 13:00,83.983
115,13.05 14:00,83.016
115,13.05 15:00,81.121
115,13.05 16:00,86.076
115,13.05 17:00,76.82
115,13.05 18:00,61.78
115,13.05 19:00,54.836
115,13.05 20:00,52.814
115,13.05 21:00,55.225
115,13.05 22:00,57.922
115,13.05 23:00,60.896
115,14.05 00:00,57.768
115,14.05 01:00,55.747
115,14.05 02:00,58.748
115,14.05 03:00,50.861
115,14.05 04:00,48.991
115,14.05 05:00,50.153
115,14.05 06:00,47.031
115,14.05 07:00,46.084
115,14.05 08:00,44.056
115,14.05 09:00,46.922
115,14.05 10:00,48.2
115,14.05 11:00,52.163
115,14.05 12:00,51.749
115,14.05 13:00,58.028
115,14.05 14:00,53.742
115,14.05 15:00,53.75
115,14.05 16:00,57.165
115,14.05 17:00,52.881
115,14.05 18:00,56.841
115,14.05 19:00,47.163
115,14.05 20:00,47.192
115,14.05 21:00,48.917
115,14.05 22:00,51.996
115,14.05 23:00,52.229
115,15.05 00:00,52.087
115,15.05 01:00,49.796
115,15.05 02:00,48.815
115,15.05 03:00,48.075
115,15.05 04:00,49.977
115,15.05 05:00,47.099
115,15.05 06:00,44.865
115,15.05 07:00,46.056
115,15.05 08:00,44.075
115,15.05 09:00,47.133
115,15.05 10:00,47.856
115,15.05 11:00,49.893
115,15.05 12:00,56.074
115,15.05 13:00,78.239
115,15.05 14:00,81.248
115,15.05 15:00,75.242
115,15.05 16:00,79.38
115,15.05 17:00,76.335
115,15.05 18:00,78.915
115,15.05 19:00,83.988
115,15.05 20:00,80.616
115,15.05 21:00,66.07
115,15.05 22:00,56.724
115,15.05 23:00,55.757
115,16.05 00:00,52.752
115,16.05 01:00,52.892
115,16.05 02:00,54.79
115,16.05 03:00,50.08
115,16.05 04:00,47.923
115,16.05 05:00,45.906
115,16.05 06:00,51.112
115,16.05 07:00,74.794
115,16.05 08:00,75.063
115,16.05 09:00,78.945
115,16.05 10:00,77.922
115,16.05 11:00,79.255
115,16.05 12:00,78.62
115,16.05 13:00,85.245
115,16.05 14:00,83.943
115,16.05 15:00,78.631
115,16.05 16:00,73.236
115,16.05 17:00,59.28
115,16.05 18:00,55.862
115,16.05 19:00,49.809
115,16.05 20:00,46.859
115,16.05 21:00,49.126
115,16.05 22:00,49.121
115,16.05 23:00,56.928
115,17.05 00:00,52.176
115,17.05 01:00,50.018
115,17.05 02:00,47.227
115,17.05 03:00,46.189
115,17.05 04:00,47.096
115,17.05 05:00,50.036
115,17.05 06:00,67.169
115,17.05 07:00,75.744
115,17.05 08:00,71.32
115,17.05 09:00,77.699
115,17.05 10:00,76.011
115,17.05 11:00,76.796
115,17.05 12:00,80.061
115,17.05 13:00,81.176
115,17.05 14:00,82.021
115,17.05 15:00,81.784
115,17.05 16:00,76.901
115,17.05 17:00,64.791
115,17.05 18:00,49.237
115,17.05 19:00,49.149
115,17.05 20:00,55.236
115,17.05 21:00,51.925
115,17.05 22:00,49.092
115,17.05 23:00,54.13
115,18.05 00:00,49.217
115,18.05 01:00,50.14
115,18.05 02:00,46.177
115,18.05 03:00,48.178
115,18.05 04:00,50.977
115,18.05 05:00,49.86
115,18.05 06:00,60.786
115,18.05 07:00,74.772
115,18.05 08:00,78.219
115,18.05 09:00,77.143
115,18.05 10:00,76.998
115,18.05 11:00,70.313
115,18.05 12:00,72.818
115,18.05 13:00,78.883
115,18.05 14:00,72.358
115,18.05 15:00,63.742
115,18.05 16:00,64.158
115,18.05 17:00,52.822
115,18.05 18:00,43.84
115,18.05 19:00,43.189
115,18.05 20:00,42.117
115,18.05 21:00,45.095
115,18.05 22:00,44.968
115,18.05 23:00,44.084
115,19.05 00:00,47.974
115,19.05 01:00,48.172
115,19.05 02:00,44.048
115,19.05 03:00,44.032
115,19.05 04:00,43.831
115,19.05 05:00,43.157
115,19.05 06:00,45.173
115,19.05 07:00,43.897
115,19.05 08:00,46.144
115,19.05 09:00,43.876
115,19.05 10:00,45.219
115,19.05 11:00,44.957
115,19.05 12:00,45.795
115,19.05 13:00,44.785
115,19.05 14:00,45.206
115,19.05 15:00,44.869
115,19.05 16:00,45.8
115,19.05 17:00,45.944
115,19.05 18:00,46.018
115,19.05 19:00,41.827
115,19.05 20:00,43.807
115,19.05 21:00,46.09
115,19.05 22:00,45.007
115,19.05 23:00,45.947
115,20.05 00:00,45.197
115,20.05 01:00,45.083
115,20.05 02:00,45.208
115,20.05 03:00,45.903
115,20.05 04:00,45.158
115,20.05 05:00,44.938
115,20.05 06:00,45.163
115,20.05 07:00,44.833
115,20.05 08:00,47.992
115,20.05 09:00,48.195
115,20.05 10:00,45.866
115,20.05 11:00,46.999
115,20.05 12:00,48.115
115,20.05 13:00,45.206
115,20.05 14:00,48.136
115,20.05 15:00,47.028
115,20.05 16:00,44.977
115,20.05 17:00,41.182
115,20.05 18:00,39.167
115,20.05 19:00,39.118
115,20.05 20:00,39.109
115,20.05 21:00,38.163
115,20.05 22:00,39.182
115,20.05 23:00,38.862
115,21.05 00:00,39.931
115,21.05 01:00,39.851
115,21.05 02:00,38.826
115,21.05 03:00,40.066
115,21.05 04:00,37.933
115,21.05 05:00,39.024
115,21.05 06:00,40.109
115,21.05 07:00,39.127
115,21.05 08:00,36.893
115,21.05 09:00,36.91
115,21.05 10:00,36.903
115,21.05 11:00,38.061
115,21.05 12:00,36.977
115,21.05 13:00,38.053
115,21.05 14:00,36.996
115,21.05 15:00,36.911
115,21.05 16:00,38.161
115,21.05 17:00,37.072
115,21.05 18:00,36.925
115,21.05 19:00,37.956
115,21.05 20:00,37.053
115,21.05 21:00,37.871
115,21.05 22:00,39.998
115,21.05 23:00,40.828
115,22.05 00:00,39.972
115,22.05 01:00,38.08
115,22.05 02:00,38.855
115,22.05 03:00,38.925
115,22.05 04:00,38.952
115,22.05 05:00,38.893
115,22.05 06:00,38.987
115,22.05 07:00,37.899
115,22.05 08:00,38.81
115,22.05 09:00,36.904
115,22.05 10:00,37.002
115,22.05 11:00,38.065
115,22.05 12:00,36.089
115,22.05 13:00,36.84
115,22.05 14:00,39.031
115,22.05 15:00,36.159
115,22.05 16:00,37.051
115,22.05 17:00,37.057
115,22.05 18:00,37.163
115,22.05 19:00,37.021
115,22.05 20:00,37.961
115,22.05 21:00,38.972
115,22.05 22:00,39.046
115,22.05 23:00,39.115
115,23.05 00:00,39.889
115,23.05 01:00,38.847
115,23.05 02:00,38.912
115,23.05 03:00,39.068
115,23.05 04:00,37.955
115,23.05 05:00,39.831
115,23.05 06:00,48.182
115,23.05 07:00,73.254
115,23.05 08:00,67.023
115,23.05 09:00,64.196
115,23.05 10:00,72.94
115,23.05 11:00,75.759
115,23.05 12:00,73.678
115,23.05 13:00,73.15
115,23.05 14:00,70.825
115,23.05 15:00,70.719
115,23.05 16:00,54.172
115,23.05 17:00,42.043
115,23.05 18:00,43.014
115,23.05 19:00,40.974
115,23.05 20:00,40.117
115,23.05 21:00,43.027
115,23.05 22:00,42.9
115,23.05 23:00,41.816
115,24.05 00:00,42.918
115,24.05 01:00,42.043
115,24.05 02:00,41.887
115,24.05 03:00,43.091
115,24.05 04:00,43.195
115,24.05 05:00,43.788
115,24.05 06:00,51.165
115,24.05 07:00,69.708
115,24.05 08:00,70.927
115,24.05 09:00,73.073
115,24.05 10:00,73.079
115,24.05 11:00,71.823
115,24.05 12:00,71.674
115,24.05 13:00,69.768
115,24.05 14:00,71.15
115,24.05 15:00,67.334
115,24.05 16:00,57.895
115,24.05 17:00,41.115
115,24.05 18:00,37.885
115,24.05 19:00,38.178
115,24.05 20:00,39.945
115,24.05 21:00,38.821
115,24.05 22:00,41.133
115,24.05 23:00,39.029
115,25.05 00:00,39.995
115,25.05 01:00,40.025
115,25.05 02:00,41.103
115,25.05 03:00,39.14
115,25.05 04:00,40.091
115,25.05 05:00,44.211
115,25.05 06:00,52.228
115,25.05 07:00,69.933
115,25.05 08:00,71.099
115,25.05 09:00,71.611
115,25.05 10:00,69.011
115,25.05 11:00,70.95
115,25.05 12:00,71.071
115,25.05 13:00,70.028
115,25.05 14:00,65.182
115,25.05 15:00,64.8
115,25.05 16:00,52.127
115,25.05 17:00,39.086
115,25.05 18:00,37.986
115,25.05 19:00,40.105
115,25.05 20:00,38.127
115,25.05 21:00,38.946
115,25.05 22:00,40.944
115,25.05 23:00,39.837
115,26.05 00:00,40.177
115,26.05 01:00,41.062
115,26.05 02:00,40.114
115,26.05 03:00,40.195
115,26.05 04:00,40.172
115,26.05 05:00,40.062
115,26.05 06:00,46.907
115,26.05 07:00,67.727
115,26.05 08:00,71.112
115,26.05 09:00,69.154
115,26.05 10:00,69.173
115,26.05 11:00,68.081
115,26.05 12:00,68.867
115,26.05 13:00,70.878
115,26.05 14:00,67.203
115,26.05 15:00,68.75
115,26.05 16:00,58.103
115,26.05 17:00,46.816
115,26.05 18:00,46.077
115,26.05 19:00,47.003
115,26.05 20:00,45.999
115,26.05 21:00,46.051
115,26.05 22:00,46.061
115,26.05 23:00,47.158
115,27.05 00:00,46.217
115,27.05 01:00,45.773
115,27.05 02:00,45.001
115,27.05 03:00,44.921
115,27.05 04:00,45.946
115,27.05 05:00,43.973
115,27.05 06:00,49.919
115,27.05 07:00,68.836
115,27.05 08:00,70.012
115,27.05 09:00,70.702
115,27.05 10:00,69.859
115,27.05 11:00,66.856
115,27.05 12:00,69.104
115,27.05 13:00,69.079
115,27.05 14:00,68.294
115,27.05 15:00,63.849
115,27.05 16:00,56.848
115,27.05 17:00,40.053
115,27.05 18:00,40.035
115,27.05 19:00,39.852
115,27.05 20:00,40.111
115,27.05 21:00,40.687
115,27.05 22:00,39.035
115,27.05 23:00,40.077
115,28.05 00:00,39.841
115,28.05 01:00,38.087
115,28.05 02:00,40.841
115,28.05 03:00,40.841
115,28.05 04:00,40.94
115,28.05 05:00,39.097
115,28.05 06:00,40.017
115,28.05 07:00,40.053
115,28.05 08:00,37.997
115,28.05 09:00,37.931
115,28.05 10:00,37.997
115,28.05 11:00,40.093
115,28.05 12:00,37.998
115,28.05 13:00,39.0
115,28.05 14:00,37.898
115,28.05 15:00,37.852
115,28.05 16:00,37.857
115,28.05 17:00,37.899
115,28.05 18:00,38.828
115,28.05 19:00,38.024
115,28.05 20:00,38.86
115,28.05 21:00,39.076
115,28.05 22:00,38.011
115,28.05 23:00,39.122
115,29.05 00:00,40.888
115,29.05 01:00,38.092
115,29.05 02:00,40.99
115,29.05 03:00,40.176
115,29.05 04:00,39.889
115,29.05 05:00,39.016
115,29.05 06:00,39.875
115,29.05 07:00,39.083
115,29.05 08:00,39.052
115,29.05 09:00,36.946
115,29.05 10:00,37.984
115,29.05 11:00,38.116
115,29.05 12:00,38.126
115,29.05 13:00,39.165
115,29.05 14:00,37.092
115,29.05 15:00,36.99
115,29.05 16:00,37.172
115,29.05 17:00,36.828
115,29.05 18:00,38.053
115,29.05 19:00,38.174
115,29.05 20:00,37.901
115,29.05 21:00,38.913
115,29.05 22:00,39.966
115,29.05 23:00,38.172
115,30.05 00:00,39.803
115,30.05 01:00,39.854
115,30.05 02:00,39.066
115,30.05 03:00,40.799
115,30.05 04:00,39.142
115,30.05 05:00,41.132
115,30.05 06:00,37.98
115,30.05 07:00,39.968
115,30.05 08:00,37.882
115,30.05 09:00,39.097
115,30.05 10:00,37.943
115,30.05 11:00,37.897
115,30.05 12:00,38.073
115,30.05 13:00,37.136
115,30.05 14:00,38.007
115,30.05 15:00,37.097
115,30.05 16:00,37.835
115,30.05 17:00,36.878
115,30.05 18:00,38.186
115,30.05 19:00,36.867
115,30.05 20:00,38.013
115,30.05 21:00,40.119
115,30.05 22:00,39.187
115,30.05 23:00,39.194
115,31.05 00:00,38.92
115,31.05 01:00,39.008
115,31.05 02:00,40.03
115,31.05 03:00,38.901
115,31.05 04:00,39.883
115,31.05 05:00,45.853
115,31.05 06:00,52.048
115,31.05 07:00,72.312
115,31.05 08:00,71.182
115,31.05 09:00,66.326
115,31.05 10:00,70.014
115,31.05 11:00,73.353
115,31.05 12:00,69.163
115,31.05 13:00,71.823
115,31.05 14:00,69.155
115,31.05 15:00,66.075
115,31.05 16:00,54.882
115,31.05 17:00,40.088
115,31.05 18:00,39.127
115,31.05 19:00,39.982
115,31.05 20:00,39.018
115,31.05 21:00,41.159
115,31.05 22:00,40.824
115,31.05 23:00,39.814
115,01.06 00:00,40.992
115,01.06 01:00,40.153
115,01.06 02:00,39.895
115,01.06 03:00,42.012
115,01.06 04:00,40.515
115,01.06 05:00,47.952
115,01.06 06:00,51.746
115,01.06 07:00,68.663
115,01.06 08:00,67.332
115,01.06 09:00,70.061
115,01.06 10:00,72.201
115,01.06 11:00,71.001
115,01.06 12:00,68.324
115,01.06 13:00,69.869
115,01.06 14:00,68.992
115,01.06 15:00,66.222
115,01.06 16:00,56.043
115,01.06 17:00,47.009
115,01.06 18:00,43.079
115,01.06 19:00,42.831
115,01.06 20:00,43.844
115,01.06 21:00,44.194
115,01.06 22:00,45.794
115,01.06 23:00,43.933
115,02.06 00:00,45.092
115,02.06 01:00,45.067
115,02.06 02:00,45.185
115,02.06 03:00,44.028
115,02.06 04:00,45.823
115,02.06 05:00,46.917
115,02.06 06:00,52.174
115,02.06 07:00,69.004
115,02.06 08:00,68.753
115,02.06 09:00,71.085
115,02.06 10:00,70.087
115,02.06 11:00,68.792
115,02.06 12:00,69.277
115,02.06 13:00,69.011
115,02.06 14:00,69.036
115,02.06 15:00,62.015
115,02.06 16:00,52.132
115,02.06 17:00,40.094
115,02.06 18:00,39.008
115,02.06 19:00,37.044
115,02.06 20:00,36.846
115,02.06 21:00,37.858
115,02.06 22:00,38.968
115,02.06 23:00,40.162
115,03.06 00:00,39.967
115,03.06 01:00,39.886
115,03.06 02:00,38.032
115,03.06 03:00,39.173
115,03.06 04:00,40.007
115,03.06 05:00,38.945
115,03.06 06:00,47.778
115,03.06 07:00,72.011
115,03.06 08:00,67.327
115,03.06 09:00,71.178
115,03.06 10:00,70.314
115,03.06 11:00,71.092
115,03.06 12:00,66.266
115,03.06 13:00,69.067
115,03.06 14:00,66.829
115,03.06 15:00,63.168
115,03.06 16:00,52.944
115,03.06 17:00,38.078
115,03.06 18:00,37.103
115,03.06 19:00,36.846
115,03.06 20:00,36.929
115,03.06 21:00,38.947
115,03.06 22:00,39.854
115,03.06 23:00,37.839
115,04.06 00:00,39.181
115,04.06 01:00,39.112
115,04.06 02:00,38.926
115,04.06 03:00,39.092
115,04.06 04:00,38.088
115,04.06 05:00,39.078
115,04.06 06:00,40.984
115,04.06 07:00,40.02
115,04.06 08:00,39.184
115,04.06 09:00,37.086
115,04.06 10:00,38.978
115,04.06 11:00,39.144
115,04.06 12:00,40.851
115,04.06 13:00,38.999
115,04.06 14:00,39.979
115,04.06 15:00,37.876
115,04.06 16:00,38.121
115,04.06 17:00,37.126
115,04.06 18:00,38.094
115,04.06 19:00,36.872
115,04.06 20:00,36.959
115,04.06 21:00,38.866
115,04.06 22:00,39.084
115,04.06 23:00,39.768
115,05.06 00:00,40.048
115,05.06 01:00,41.066
115,05.06 02:00,39.152
115,05.06 03:00,38.06
115,05.06 04:00,39.157
115,05.06 05:00,38.822
115,05.06 06:00,39.947
115,05.06 07:00,38.126
115,05.06 08:00,37.007
115,05.06 09:00,38.895
115,05.06 10:00,37.993
115,05.06 11:00,35.915
115,05.06 12:00,36.95
115,05.06 13:00,37.047
115,05.06 14:00,36.896
115,05.06 15:00,35.875
115,05.06 16:00,36.947
115,05.06 17:00,37.153
115,05.06 18:00,37.069
115,05.06 19:00,38.951
115,05.06 20:00,35.843
115,05.06 21:00,37.066
115,05.06 22:00,38.011
115,05.06 23:00,38.98
115,06.06 00:00,39.106
115,06.06 01:00,38.018
115,06.06 02:00,37.932
115,06.06 03:00,39.061
115,06.06 04:00,38.828
115,06.06 05:00,39.847
115,06.06 06:00,46.117
115,06.06 07:00,69.168
115,06.06 08:00,65.886
115,06.06 09:00,73.074
115,06.06 10:00,71.233
115,06.06 11:00,70.681
115,06.06 12:00,69.962
115,06.06 13:00,69.713
115,06.06 14:00,66.116
115,06.06 15:00,61.151
115,06.06 16:00,51.04
115,06.06 17:00,37.001
115,06.06 18:00,37.155
115,06.06 19:00,35.911
115,06.06 20:00,36.122
115,06.06 21:00,37.933
115,06.06 22:00,40.036
115,06.06 23:00,38.181
115,07.06 00:00,41.046
115,07.06 01:00,37.871
115,07.06 02:00,37.85
115,07.06 03:00,37.974
115,07.06 04:00,40.141
115,07.06 05:00,42.98
115,07.06 06:00,49.09
115,07.06 07:00,69.934
115,07.06 08:00,68.172
115,07.06 09:00,67.267
115,07.06 10:00,70.149
115,07.06 11:00,69.976
115,07.06 12:00,64.188
115,07.06 13:00,66.923
115,07.06 14:00,69.758
115,07.06 15:00,67.938
115,07.06 16:00,49.12
115,07.06 17:00,37.811
115,07.06 18:00,37.859
115,07.06 19:00,37.847
115,07.06 20:00,36.876
115,07.06 21:00,37.061
115,07.06 22:00,40.107
115,07.06 23:00,38.077
115,08.06 00:00,39.992
115,08.06 01:00,40.025
115,08.06 02:00,40.084
115,08.06 03:00,38.988
115,08.06 04:00,41.132
115,08.06 05:00,37.849
115,08.06 06:00,47.143
115,08.06 07:00,71.159
115,08.06 08:00,66.206
115,08.06 09:00,73.915
115,08.06 10:00,69.957
115,08.06 11:00,70.05
115,08.06 12:00,67.059
115,08.06 13:00,72.8
115,08.06 14:00,69.081
115,08.06 15:00,66.69
115,08.06 16:00,51.834
115,08.06 17:00,41.061
115,08.06 18:00,38.089
115,08.06 19:00,36.956
115,08.06 20:00,37.029
115,08.06 21:00,38.123
115,08.06 22:00,39.824
115,08.06 23:00,39.831
115,09.06 00:00,39.992
115,09.06 01:00,39.08
115,09.06 02:00,39.582
115,09.06 03:00,39.935
115,09.06 04:00,38.846
115,09.06 05:00,39.079
115,09.06 06:00,48.044
115,09.06 07:00,72.08
115,09.06 08:00,66.969
115,09.06 09:00,70.304
115,09.06 10:00,72.095
115,09.06 11:00,72.203
115,09.06 12:00,70.337
115,09.06 13:00,74.124
115,09.06 14:00,74.995
115,09.06 15:00,76.313
115,09.06 16:00,60.3
115,09.06 17:00,47.004
115,09.06 18:00,45.092
115,09.06 19:00,44.874
115,09.06 20:00,45.017
115,09.06 21:00,44.907
115,09.06 22:00,46.195
115,09.06 23:00,45.064
115,10.06 00:00,45.037
115,10.06 01:00,45.843
115,10.06 02:00,42.899
115,10.06 03:00,42.887
115,10.06 04:00,46.046
115,10.06 05:00,43.966
115,10.06 06:00,48.909
115,10.06 07:00,68.823
115,10.06 08:00,68.294
115,10.06 09:00,68.788
115,10.06 10:00,68.694
115,10.06 11:00,73.711
115,10.06 12:00,70.254
115,10.06 13:00,70.996
115,10.06 14:00,70.854
115,10.06 15:00,66.313
115,10.06 16:00,53.823
115,10.06 17:00,45.827
115,10.06 18:00,44.216
115,10.06 19:00,42.195
115,10.06 20:00,41.003
115,10.06 21:00,44.807
115,10.06 22:00,42.957
115,10.06 23:00,44.075
115,11.06 00:00,45.842
115,11.06 01:00,44.179
115,11.06 02:00,45.135
115,11.06 03:00,44.902
115,11.06 04:00,44.923
115,11.06 05:00,44.085
115,11.06 06:00,45.182
115,11.06 07:00,43.017
115,11.06 08:00,45.143
115,11.06 09:00,45.939
115,11.06 10:00,44.092
115,11.06 11:00,44.078
115,11.06 12:00,45.875
115,11.06 13:00,45.215
115,11.06 14:00,45.823
115,11.06 15:00,43.006
115,11.06 16:00,42.841
115,11.06 17:00,43.146
115,11.06 18:00,42.832
115,11.06 19:00,42.92
115,11.06 20:00,42.155
115,11.06 21:00,43.955
115,11.06 22:00,45.194
115,11.06 23:00,46.088
115,12.06 00:00,46.806
115,12.06 01:00,46.119
115,12.06 02:00,43.898
115,12.06 03:00,44.025
115,12.06 04:00,45.058
115,12.06 05:00,44.12
115,12.06 06:00,45.855
115,12.06 07:00,44.217
115,12.06 08:00,44.148
115,12.06 09:00,44.996
115,12.06 10:00,41.985
115,12.06 11:00,43.934
115,12.06 12:00,42.037
115,12.06 13:00,43.02
115,12.06 14:00,42.944
115,12.06 15:00,43.956
115,12.06 16:00,43.963
115,12.06 17:00,41.139
115,12.06 18:00,44.143
115,12.06 19:00,45.146
115,12.06 20:00,43.938
115,12.06 21:00,42.975
115,12.06 22:00,44.072
115,12.06 23:00,44.929
115,13.06 00:00,45.889
115,13.06 01:00,44.145
115,13.06 02:00,45.222
115,13.06 03:00,44.181
115,13.06 04:00,45.166
115,13.06 05:00,48.009
115,13.06 06:00,54.093
115,13.06 07:00,70.695
115,13.06 08:00,69.701
115,13.06 09:00,71.303
115,13.06 10:00,72.671
115,13.06 11:00,69.914
115,13.06 12:00,64.349
115,13.06 13:00,73.177
115,13.06 14:00,70.217
115,13.06 15:00,68.689
115,13.06 16:00,57.073
115,13.06 17:00,39.913
115,13.06 18:00,38.139
115,13.06 19:00,38.934
115,13.06 20:00,35.682
115,13.06 21:00,37.897
115,13.06 22:00,39.865
115,13.06 23:00,39.122
115,14.06 00:00,40.903
115,14.06 01:00,39.117
115,14.06 02:00,41.094
115,14.06 03:00,40.086
115,14.06 04:00,39.003
115,14.06 05:00,44.042
115,14.06 06:00,48.88
115,14.06 07:00,71.259
115,14.06 08:00,70.007
115,14.06 09:00,70.264
115,14.06 10:00,71.321
115,14.06 11:00,69.833
115,14.06 12:00,72.058
115,14.06 13:00,79.078
115,14.06 14:00,72.208
115,14.06 15:00,67.124
115,14.06 16:00,53.235
115,14.06 17:00,38.817
115,14.06 18:00,39.19
115,14.06 19:00,37.823
115,14.06 20:00,39.09
115,14.06 21:00,39.821
115,14.06 22:00,40.118
115,14.06 23:00,40.03
115,15.06 00:00,40.153
115,15.06 01:00,40.116
115,15.06 02:00,39.066
115,15.06 03:00,39.842
115,15.06 04:00,40.173
115,15.06 05:00,44.804
115,15.06 06:00,49.884
115,15.06 07:00,69.725
115,15.06 08:00,68.905
115,15.06 09:00,66.744
115,15.06 10:00,71.074
115,15.06 11:00,69.169
115,15.06 12:00,67.162
115,15.06 13:00,70.779
115,15.06 14:00,65.839
115,15.06 15:00,64.731
115,15.06 16:00,57.881
115,15.06 17:00,40.969
115,15.06 18:00,40.912
115,15.06 19:00,41.053
115,15.06 20:00,39.103
115,15.06 21:00,40.127
115,15.06 22:00,40.933
115,15.06 23:00,40.898
115,16.06 00:00,41.194
115,16.06 01:00,40.908
115,16.06 02:00,41.097
115,16.06 03:00,41.061
115,16.06 04:00,41.883
115,16.06 05:00,47.073
115,16.06 06:00,50.909
115,16.06 07:00,69.674
115,16.06 08:00,68.207
115,16.06 09:00,68.794
115,16.06 10:00,72.328
115,16.06 11:00,69.254
115,16.06 12:00,69.662
115,16.06 13:00,72.682
115,16.06 14:00,74.231
115,16.06 15:00,71.355
115,16.06 16:00,55.982
115,16.06 17:00,39.117
115,16.06 18:00,38.922
115,16.06 19:00,36.891
115,16.06 20:00,38.006
115,16.06 21:00,37.923
115,16.06 22:00,39.004
115,16.06 23:00,41.053
115,17.06 00:00,38.164
115,17.06 01:00,39.827
115,17.06 02:00,40.009
115,17.06 03:00,38.847
115,17.06 04:00,38.865
115,17.06 05:00,40.963
115,17.06 06:00,49.837
115,17.06 07:00,71.209
115,17.06 08:00,65.973
115,17.06 09:00,70.258
115,17.06 10:00,70.245
115,17.06 11:00,73.281
115,17.06 12:00,70.083
115,17.06 13:00,72.063
115,17.06 14:00,72.347
115,17.06 15:00,68.298
115,17.06 16:00,63.275
115,17.06 17:00,56.086
115,17.06 18:00,36.943
115,17.06 19:00,35.945
115,17.06 20:00,35.081
115,17.06 21:00,35.104
115,17.06 22:00,36.918
115,17.06 23:00,37.171
115,18.06 00:00,37.088
115,18.06 01:00,36.174
115,18.06 02:00,35.845
115,18.06 03:00,36.859
115,18.06 04:00,37.068
115,18.06 05:00,35.919
115,18.06 06:00,35.834
115,18.06 07:00,36.134
115,18.06 08:00,38.016
115,18.06 09:00,38.097
115,18.06 10:00,36.145
115,18.06 11:00,36.897
115,18.06 12:00,36.902
115,18.06 13:00,38.097
115,18.06 14:00,35.907
115,18.06 15:00,36.918
115,18.06 16:00,35.946
115,18.06 17:00,34.942
115,18.06 18:00,36.023
115,18.06 19:00,35.087
115,18.06 20:00,35.952
115,18.06 21:00,35.108
115,18.06 22:00,36.987
115,18.06 23:00,37.086
115,19.06 00:00,37.12
115,19.06 01:00,37.903
115,19.06 02:00,37.02
115,19.06 03:00,37.185
115,19.06 04:00,36.138
115,19.06 05:00,36.96
115,19.06 06:00,36.87
115,19.06 07:00,35.847
115,19.06 08:00,35.145
115,19.06 09:00,33.976
115,19.06 10:00,35.935
115,19.06 11:00,33.89
115,19.06 12:00,33.95
115,19.06 13:00,36.162
115,19.06 14:00,35.013
115,19.06 15:00,34.855
115,19.06 16:00,35.04
115,19.06 17:00,34.922
115,19.06 18:00,35.885
115,19.06 19:00,36.093
115,19.06 20:00,35.02
115,19.06 21:00,36.133
115,19.06 22:00,36.968
115,19.06 23:00,37.045
115,20.06 00:00,37.025
115,20.06 01:00,36.06
115,20.06 02:00,36.961
115,20.06 03:00,36.826
115,20.06 04:00,37.048
115,20.06 05:00,37.114
115,20.06 06:00,36.068
115,20.06 07:00,36.875
115,20.06 08:00,38.121
115,20.06 09:00,40.037
115,20.06 10:00,42.799
115,20.06 11:00,41.805
115,20.06 12:00,41.823
115,20.06 13:00,40.936
115,20.06 14:00,42.986
115,20.06 15:00,43.878
115,20.06 16:00,42.055
115,20.06 17:00,40.937
115,20.06 18:00,39.847
115,20.06 19:00,36.997
115,20.06 20:00,37.892
115,20.06 21:00,37.848
115,20.06 22:00,38.912
115,20.06 23:00,38.812
115,21.06 00:00,39.858
115,21.06 01:00,39.187
115,21.06 02:00,37.871
115,21.06 03:00,39.901
115,21.06 04:00,39.032
115,21.06 05:00,38.872
115,21.06 06:00,39.067
115,21.06 07:00,38.95
115,21.06 08:00,38.123
115,21.06 09:00,41.075
115,21.06 10:00,44.209
115,21.06 11:00,43.029
115,21.06 12:00,43.062
115,21.06 13:00,45.145
115,21.06 14:00,45.175
115,21.06 15:00,42.023
115,21.06 16:00,40.985
115,21.06 17:00,37.924
115,21.06 18:00,38.999
115,21.06 19:00,37.846
115,21.06 20:00,38.187
115,21.06 21:00,38.969
115,21.06 22:00,38.858
115,21.06 23:00,39.05
115,22.06 00:00,41.02
115,22.06 01:00,40.044
115,22.06 02:00,39.912
115,22.06 03:00,38.835
115,22.06 04:00,39.851
115,22.06 05:00,37.899
115,22.06 06:00,40.839
115,22.06 07:00,39.894
115,22.06 08:00,42.166
115,22.06 09:00,42.928
115,22.06 10:00,50.008
115,22.06 11:00,47.821
115,22.06 12:00,44.882
115,22.06 13:00,46.108
115,22.06 14:00,44.794
115,22.06 15:00,43.132
115,22.06 16:00,45.887
115,22.06 17:00,42.171
115,22.06 18:00,40.832
115,22.06 19:00,41.129
115,22.06 20:00,39.923
115,22.06 21:00,42.181
115,22.06 22:00,41.163
115,22.06 23:00,42.008
115,23.06 00:00,42.908
115,23.06 01:00,43.013
115,23.06 02:00,41.189
115,23.06 03:00,41.841
115,23.06 04:00,42.798
115,23.06 05:00,42.809
115,23.06 06:00,41.862
115,23.06 07:00,42.009
115,23.06 08:00,43.826
115,23.06 09:00,44.205
115,23.06 10:00,45.971
115,23.06 11:00,45.052
115,23.06 12:00,46.103
115,23.06 13:00,46.857
115,23.06 14:00,45.06
115,23.06 15:00,45.894
115,23.06 16:00,50.085
115,23.06 17:00,45.223
115,23.06 18:00,47.777
115,23.06 19:00,47.895
115,23.06 20:00,47.085
115,23.06 21:00,48.15
115,23.06 22:00,50.021
115,23.06 23:00,48.948
115,24.06 00:00,0.998
115,24.06 01:00,1.0
115,24.06 02:00,1.004
115,24.06 03:00,1.002
115,24.06 04:00,0.999
115,24.06 05:00,0.998
115,24.06 06:00,1.005
115,24.06 07:00,47.84
115,24.06 08:00,48.195
115,24.06 09:00,49.94
115,24.06 10:00,52.087
115,24.06 11:00,53.792
115,24.06 12:00,54.185
115,24.06 13:00,52.895
115,24.06 14:00,52.828
115,24.06 15:00,48.868
115,24.06 16:00,44.037
115,24.06 17:00,42.145
115,24.06 18:00,42.936
115,24.06 19:00,40.926
115,24.06 20:00,42.995
115,24.06 21:00,41.868
115,24.06 22:00,45.221
115,24.06 23:00,40.534
115,25.06 00:00,45.018
115,25.06 01:00,44.088
115,25.06 02:00,44.159
115,25.06 03:00,45.131
115,25.06 04:00,43.994
115,25.06 05:00,44.136
115,25.06 06:00,43.857
115,25.06 07:00,42.397
115,25.06 08:00,43.967
115,25.06 09:00,45.2
115,25.06 10:00,46.093
115,25.06 11:00,45.817
115,25.06 12:00,45.718
115,25.06 13:00,45.986
115,25.06 14:00,46.773
115,25.06 15:00,47.073
115,25.06 16:00,44.78
115,25.06 17:00,43.954
115,25.06 18:00,44.2
115,25.06 19:00,44.99
115,25.06 20:00,43.808
115,25.06 21:00,45.143
115,25.06 22:00,46.229
115,25.06 23:00,45.18
115,26.06 00:00,48.208
115,26.06 01:00,45.816
115,26.06 02:00,45.797
115,26.06 03:00,46.91
115,26.06 04:00,44.999
115,26.06 05:00,46.097
115,26.06 06:00,47.164
115,26.06 07:00,46.045
115,26.06 08:00,44.818
115,26.06 09:00,42.819
115,26.06 10:00,44.986
115,26.06 11:00,43.084
115,26.06 12:00,44.84
115,26.06 13:00,44.113
115,26.06 14:00,43.993
115,26.06 15:00,43.16
115,26.06 16:00,44.931
115,26.06 17:00,43.87
115,26.06 18:00,43.855
115,26.06 19:00,44.195
115,26.06 20:00,43.176
115,26.06 21:00,45.922
115,26.06 22:00,44.441
115,26.06 23:00,44.933
115,27.06 00:00,46.176
115,27.06 01:00,47.051
115,27.06 02:00,45.122
115,27.06 03:00,46.226
115,27.06 04:00,46.099
115,27.06 05:00,45.204
115,27.06 06:00,45.808
115,27.06 07:00,46.16
115,27.06 08:00,46.929
115,27.06 09:00,47.202
115,27.06 10:00,44.912
115,27.06 11:00,46.167
115,27.06 12:00,46.03
115,27.06 13:00,45.065
115,27.06 14:00,44.902
115,27.06 15:00,45.134
115,27.06 16:00,44.835
115,27.06 17:00,44.212
115,27.06 18:00,44.98
115,27.06 19:00,45.002
115,27.06 20:00,44.144
115,27.06 21:00,43.868
115,27.06 22:00,45.906
115,27.06 23:00,44.931
115,28.06 00:00,47.212
115,28.06 01:00,46.006
115,28.06 02:00,45.859
115,28.06 03:00,45.92
115,28.06 04:00,44.958
115,28.06 05:00,46.015
115,28.06 06:00,46.137
115,28.06 07:00,45.044
115,28.06 08:00,44.919
115,28.06 09:00,48.06
115,28.06 10:00,48.944
115,28.06 11:00,46.88
115,28.06 12:00,47.075
115,28.06 13:00,47.218
115,28.06 14:00,45.909
115,28.06 15:00,45.955
115,28.06 16:00,46.952
115,28.06 17:00,45.82
115,28.06 18:00,42.032
115,28.06 19:00,40.191
115,28.06 20:00,42.073
115,28.06 21:00,41.138
115,28.06 22:00,42.989
115,28.06 23:00,41.182
115,29.06 00:00,43.071
115,29.06 01:00,41.909
115,29.06 02:00,41.931
115,29.06 03:00,42.17
115,29.06 04:00,40.844
115,29.06 05:00,43.205
115,29.06 06:00,41.79
115,29.06 07:00,42.995
115,29.06 08:00,42.191
115,29.06 09:00,44.825
115,29.06 10:00,46.161
115,29.06 11:00,44.041
115,29.06 12:00,46.155
115,29.06 13:00,42.183
115,29.06 14:00,40.907
115,29.06 15:00,40.933
115,29.06 16:00,42.206
115,29.06 17:00,38.154
115,29.06 18:00,38.186
115,29.06 19:00,38.023
115,29.06 20:00,35.959
115,29.06 21:00,38.923
115,29.06 22:00,39.88
115,29.06 23:00,39.821
115,30.06 00:00,38.161
115,30.06 01:00,37.815
115,30.06 02:00,39.006
115,30.06 03:00,38.992
115,30.06 04:00,40.022
115,30.06 05:00,39.067
115,30.06 06:00,38.874
115,30.06 07:00,40.132
115,30.06 08:00,37.978
115,30.06 09:00,42.921
115,30.06 10:00,41.999
115,30.06 11:00,46.058
115,30.06 12:00,47.826
115,30.06 13:00,46.85
115,30.06 14:00,48.943
115,30.06 15:00,45.208
115,30.06 16:00,46.186
115,30.06 17:00,38.037
115,30.06 18:00,38.079
115,30.06 19:00,37.166
115,30.06 20:00,34.917
115,30.06 21:00,38.058
115,30.06 22:00,39.666
115,30.06 23:00,38.073
115,01.07 00:00,37.984
115,01.07 01:00,38.168
115,01.07 02:00,38.086
115,01.07 03:00,36.88
115,01.07 04:00,39.112
115,01.07 05:00,36.857
115,01.07 06:00,38.181
115,01.07 07:00,37.105
115,01.07 08:00,37.816
115,01.07 09:00,38.819
115,01.07 10:00,38.129
115,01.07 11:00,38.997
115,01.07 12:00,38.002
115,01.07 13:00,37.984
115,01.07 14:00,38.155
115,01.07 15:00,37.911
115,01.07 16:00,37.931
115,01.07 17:00,37.848
115,01.07 18:00,38.152
115,01.07 19:00,38.026
115,01.07 20:00,38.001
115,01.07 21:00,38.144
115,01.07 22:00,37.983
115,01.07 23:00,37.825
115,02.07 00:00,37.965
115,02.07 02:00,37.834
115,02.07 03:00,38.068
115,02.07 04:00,38.053
115,02.07 05:00,37.852
115,02.07 06:00,38.035
115,02.07 07:00,38.186
115,02.07 08:00,37.943
115,02.07 09:00,37.959
115,02.07 10:00,38.099
115,02.07 11:00,0.0
115,02.07 12:00,0.0
115,02.07 13:00,0.0
115,02.07 14:00,0.0
115,02.07 15:00,0.0
115,02.07 16:00,0.0
115,02.07 17:00,0.0
115,02.07 18:00,0.0
115,02.07 19:00,0.0
115,02.07 20:00,0.0
115,02.07 21:00,0.0
115,02.07 22:00,0.0
115,02.07 23:00,0.0
115,03.07 00:00,0.0
115,03.07 02:00,0.0
115,03.07 03:00,0.0
115,03.07 04:00,0.0
115,03.07 05:00,0.0
115,03.07 06:00,0.0
115,03.07 07:00,0.0
115,03.07 08:00,0.0
115,03.07 09:00,0.0
115,03.07 10:00,0.0
115,03.07 11:00,0.0
115,03.07 12:00,0.0
115,03.07 13:00,0.0
115,03.07 14:00,0.0
115,03.07 15:00,0.0
115,03.07 16:00,0.0
115,03.07 17:00,0.0
115,03.07 18:00,0.0
115,03.07 19:00,0.0
115,03.07 20:00,0.0
115,03.07 21:00,0.0
115,03.07 22:00,0.0
115,03.07 23:00,0.0
115,04.07 00:00,0.0
115,04.07 02:00,0.0
115,04.07 03:00,0.0
115,04.07 04:00,0.0
115,04.07 05:00,0.0
115,04.07 06:00,0.0
115,04.07 07:00,0.0
115,04.07 08:00,0.0
115,04.07 09:00,0.0
115,04.07 10:00,0.0
115,04.07 11:00,0.0
115,04.07 12:00,0.0
115,04.07 13:00,0.0
115,04.07 14:00,0.0
115,04.07 15:00,0.0
115,04.07 16:00,0.0
115,04.07 17:00,0.0
115,04.07 18:00,0.0
115,04.07 19:00,0.0
115,04.07 20:00,0.0
115,04.07 21:00,0.0
115,04.07 22:00,0.0
115,04.07 23:00,0.0
115,05.07 00:00,0.0
115,05.07 02:00,0.0
115,05.07 03:00,0.0
115,05.07 04:00,0.0
115,05.07 06:00,33.889
115,05.07 07:00,35.94
115,05.07 08:00,35.03
115,05.07 09:00,37.884
115,05.07 10:00,38.174
115,05.07 11:00,40.825
115,05.07 12:00,43.03
115,05.07 13:00,41.903
115,05.07 14:00,40.812
115,05.07 15:00,41.951
115,05.07 16:00,42.13
115,05.07 17:00,40.102
115,05.07 18:00,38.838
115,05.07 19:00,39.181
115,05.07 20:00,38.971
115,05.07 21:00,38.941
115,05.07 22:00,40.017
115,05.07 23:00,39.948
115,06.07 00:00,40.057
115,06.07 01:00,39.151
115,06.07 02:00,40.042
115,06.07 03:00,40.177
115,06.07 04:00,38.953
115,06.07 05:00,40.005
115,06.07 06:00,38.976
115,06.07 07:00,40.168
115,06.07 08:00,39.815
115,06.07 09:00,38.822
115,06.07 10:00,38.127
115,06.07 11:00,38.975
115,06.07 12:00,38.069
115,06.07 13:00,39.049
115,06.07 14:00,39.089
115,06.07 15:00,38.964
115,06.07 16:00,39.069
115,06.07 17:00,39.176
115,06.07 18:00,37.138
115,06.07 19:00,35.872
115,06.07 20:00,36.868
115,06.07 21:00,36.175
115,06.07 22:00,39.111
115,06.07 23:00,38.111
115,07.07 00:00,36.825
115,07.07 01:00,37.822
115,07.07 02:00,37.121
115,07.07 03:00,38.044
115,07.07 04:00,36.989
115,07.07 05:00,36.967
115,07.07 06:00,37.102
115,07.07 07:00,36.908
115,07.07 08:00,35.999
115,07.07 09:00,38.844
115,07.07 10:00,39.19
115,07.07 11:00,40.126
115,07.07 12:00,38.963
115,07.07 13:00,39.815
115,07.07 14:00,40.012
115,07.07 15:00,42.998
115,07.07 16:00,39.892
115,07.07 17:00,36.854
115,07.07 18:00,38.039
115,07.07 19:00,37.087
115,07.07 20:00,37.861
115,07.07 21:00,37.87
115,07.07 22:00,39.119
115,07.07 23:00,40.323
115,08.07 00:00,37.099
115,08.07 01:00,38.937
115,08.07 02:00,39.941
115,08.07 03:00,38.189
115,08.07 04:00,38.916
115,08.07 05:00,39.07
115,08.07 06:00,37.936
115,08.07 07:00,37.868
115,08.07 08:00,37.812
115,08.07 09:00,40.939
115,08.07 10:00,28.887
115,08.07 11:00,55.045
115,08.07 12:00,43.037
115,08.07 13:00,42.118
115,08.07 14:00,40.913
115,08.07 15:00,39.979
115,08.07 16:00,35.98
115,08.07 17:00,34.055
115,08.07 18:00,33.882
115,08.07 19:00,33.008
115,08.07 20:00,31.853
115,08.07 21:00,35.961
115,08.07 22:00,32.935
115,08.07 23:00,34.972
115,09.07 00:00,34.85
115,09.07 01:00,32.529
115,09.07 02:00,34.899
115,09.07 03:00,35.023
115,09.07 04:00,35.163
115,09.07 05:00,33.975
115,09.07 06:00,34.907
115,09.07 07:00,34.957
115,09.07 08:00,33.994
115,09.07 09:00,37.021
115,09.07 10:00,39.111
115,09.07 11:00,37.111
115,09.07 12:00,38.046
115,09.07 13:00,38.04
115,09.07 14:00,35.141
115,09.07 15:00,33.916
115,09.07 16:00,34.142
115,09.07 17:00,34.007
115,09.07 18:00,34.038
115,09.07 19:00,33.074
115,09.07 20:00,34.04
115,09.07 21:00,35.069
115,09.07 22:00,35.136
115,09.07 23:00,36.14
115,10.07 00:00,35.849
115,10.07 01:00,34.143
115,10.07 02:00,34.951
115,10.07 03:00,35.827
115,10.07 04:00,34.892
115,10.07 05:00,35.006
115,10.07 06:00,34.944
115,10.07 07:00,33.133
115,10.07 08:00,34.009
115,10.07 09:00,32.122
115,10.07 10:00,33.121
115,10.07 11:00,32.944
115,10.07 12:00,33.118
115,10.07 13:00,32.997
115,10.07 14:00,33.979
115,10.07 15:00,32.083
115,10.07 16:00,35.509
115,10.07 17:00,33.84
115,10.07 18:00,32.895
115,10.07 19:00,34.035
115,10.07 20:00,33.999
115,10.07 21:00,34.852
115,10.07 22:00,36.118
115,10.07 23:00,35.876
115,11.07 00:00,35.146
115,11.07 01:00,34.908
115,11.07 02:00,35.018
115,11.07 03:00,34.957
115,11.07 04:00,35.084
115,11.07 05:00,34.891
115,11.07 06:00,35.001
115,11.07 07:00,34.148
115,11.07 08:00,35.033
115,11.07 09:00,33.848
115,11.07 10:00,36.923
115,11.07 11:00,36.177
115,11.07 12:00,35.17
115,11.07 13:00,35.052
115,11.07 14:00,36.93
115,11.07 15:00,36.909
115,11.07 16:00,35.931
115,11.07 17:00,34.896
115,11.07 18:00,35.867
115,11.07 19:00,35.912
115,11.07 20:00,34.955
115,11.07 21:00,36.907
115,11.07 22:00,35.082
115,11.07 23:00,33.964
115,12.07 00:00,34.833
115,12.07 01:00,34.85
115,12.07 02:00,34.941
115,12.07 03:00,33.929
115,12.07 04:00,33.116
115,12.07 05:00,34.887
115,12.07 06:00,33.008
115,12.07 07:00,34.144
115,12.07 08:00,32.108
115,12.07 09:00,33.998
115,12.07 10:00,34.089
115,12.07 11:00,34.095
115,12.07 12:00,35.82
115,12.07 13:00,36.854
115,12.07 14:00,37.179
115,12.07 15:00,35.166
115,12.07 16:00,36.157
115,12.07 17:00,32.91
115,12.07 18:00,33.027
115,12.07 19:00,34.887
115,12.07 20:00,32.001
115,12.07 21:00,34.131
115,12.07 22:00,35.004
115,12.07 23:00,35.057
115,13.07 00:00,34.085
115,13.07 01:00,34.086
115,13.07 02:00,33.939
115,13.07 03:00,33.938
115,13.07 04:00,33.105
115,13.07 05:00,34.079
115,13.07 06:00,33.839
115,13.07 07:00,32.974
115,13.07 08:00,33.059
115,13.07 09:00,35.134
115,13.07 10:00,34.865
115,13.07 11:00,34.874
115,13.07 12:00,34.9
115,13.07 13:00,35.922
115,13.07 14:00,36.01
115,13.07 15:00,35.063
115,13.07 16:00,35.933
115,13.07 17:00,34.988
115,13.07 18:00,35.032
115,13.07 19:00,35.171
115,13.07 20:00,36.17
115,13.07 21:00,35.079
115,13.07 22:00,35.9
115,13.07 23:00,34.99
115,14.07 00:00,36.123
115,14.07 01:00,35.945
115,14.07 02:00,36.102
115,14.07 03:00,34.843
115,14.07 04:00,35.077
115,14.07 05:00,34.987
115,14.07 06:00,35.089
115,14.07 07:00,34.961
115,14.07 08:00,33.157
115,14.07 09:00,33.998
115,14.07 10:00,35.029
115,14.07 11:00,32.886
115,14.07 12:00,35.144
115,14.07 13:00,32.871
115,14.07 14:00,35.893
115,14.07 15:00,34.943
115,14.07 16:00,37.017
115,14.07 17:00,35.947
115,14.07 18:00,33.096
115,14.07 19:00,34.106
115,14.07 20:00,34.137
115,14.07 21:00,35.005
115,14.07 22:00,34.885
115,14.07 23:00,36.122
115,15.07 00:00,34.829
115,15.07 01:00,34.879
115,15.07 02:00,35.979
115,15.07 03:00,34.003
115,15.07 04:00,35.158
115,15.07 05:00,35.171
115,15.07 06:00,34.134
115,15.07 07:00,35.045
115,15.07 08:00,32.983
115,15.07 09:00,34.138
115,15.07 10:00,33.019
115,15.07 11:00,32.845
115,15.07 12:00,35.056
115,15.07 13:00,32.071
115,15.07 14:00,35.13
115,15.07 15:00,35.131
115,15.07 16:00,33.91
115,15.07 17:00,34.056
115,15.07 18:00,34.926
115,15.07 19:00,32.873
115,15.07 20:00,32.942
115,15.07 21:00,34.007
115,15.07 22:00,35.16
115,15.07 23:00,35.146
115,16.07 00:00,34.99
115,16.07 01:00,33.902
115,16.07 02:00,35.102
115,16.07 03:00,33.869
115,16.07 04:00,34.872
115,16.07 05:00,33.932
115,16.07 06:00,35.004
115,16.07 07:00,34.096
115,16.07 08:00,32.041
115,16.07 09:00,33.049
115,16.07 10:00,34.085
115,16.07 11:00,32.986
115,16.07 12:00,34.065
115,16.07 13:00,33.034
115,16.07 14:00,33.884
115,16.07 15:00,31.927
115,16.07 16:00,33.045
115,16.07 17:00,33.059
115,16.07 18:00,32.957
115,16.07 19:00,33.115
115,16.07 20:00,34.085
115,16.07 21:00,32.936
115,16.07 22:00,35.003
115,16.07 23:00,32.852
115,17.07 00:00,35.175
115,17.07 01:00,34.259
115,17.07 02:00,33.893
115,17.07 03:00,33.92
115,17.07 04:00,34.038
115,17.07 05:00,34.092
115,17.07 06:00,34.153
115,17.07 07:00,33.838
115,17.07 08:00,32.981
115,17.07 09:00,30.98
115,17.07 10:00,32.094
115,17.07 11:00,31.965
115,17.07 12:00,32.94
115,17.07 13:00,32.049
115,17.07 14:00,31.886
115,17.07 15:00,31.9
115,17.07 16:00,34.141
115,17.07 17:00,33.843
115,17.07 18:00,34.979
115,17.07 19:00,36.152
115,17.07 20:00,34.988
115,17.07 21:00,34.129
115,17.07 22:00,34.891
115,17.07 23:00,35.145
115,18.07 00:00,34.056
115,18.07 01:00,34.28
115,18.07 02:00,34.983
115,18.07 03:00,34.113
115,18.07 04:00,34.004
115,18.07 05:00,34.129
115,18.07 06:00,34.024
115,18.07 07:00,34.988
115,18.07 08:00,33.019
115,18.07 09:00,35.95
115,18.07 10:00,36.982
115,18.07 11:00,36.946
115,18.07 12:00,35.956
115,18.07 13:00,36.136
115,18.07 14:00,36.898
115,18.07 15:00,34.867
115,18.07 16:00,35.892
115,18.07 17:00,36.089
115,18.07 18:00,35.103
115,18.07 19:00,35.088
115,18.07 20:00,36.043
115,18.07 21:00,36.015
115,18.07 22:00,36.933
115,18.07 23:00,36.013
115,19.07 00:00,37.022
115,19.07 01:00,36.115
115,19.07 02:00,35.898
115,19.07 03:00,36.12
115,19.07 04:00,35.842
115,19.07 05:00,36.816
115,19.07 06:00,35.963
115,19.07 07:00,34.879
115,19.07 08:00,35.913
115,19.07 09:00,37.91
115,19.07 10:00,40.148
115,19.07 11:00,36.966
115,19.07 12:00,37.855
115,19.07 13:00,36.916
115,19.07 14:00,38.847
115,19.07 15:00,35.15
115,19.07 16:00,35.143
115,19.07 17:00,34.031
115,19.07 18:00,32.094
115,19.07 19:00,31.87
115,19.07 20:00,33.117
115,19.07 21:00,32.984
115,19.07 22:00,34.005
115,19.07 23:00,34.853
115,20.07 00:00,32.939
115,20.07 01:00,34.061
115,20.07 02:00,32.972
115,20.07 03:00,32.924
115,20.07 04:00,33.885
115,20.07 05:00,33.105
115,20.07 06:00,33.118
115,20.07 07:00,33.019
115,20.07 08:00,33.959
115,20.07 09:00,35.091
115,20.07 10:00,39.036
115,20.07 11:00,39.047
115,20.07 12:00,37.97
115,20.07 13:00,38.072
115,20.07 14:00,36.861
115,20.07 15:00,38.997
115,20.07 16:00,36.032
115,20.07 17:00,34.997
115,20.07 18:00,34.073
115,20.07 19:00,33.872
115,20.07 20:00,34.05
115,20.07 21:00,35.99
115,20.07 22:00,34.827
115,20.07 23:00,34.996
115,21.07 00:00,36.171
115,21.07 01:00,34.843
115,21.07 02:00,35.158
115,21.07 03:00,34.864
115,21.07 04:00,35.916
115,21.07 05:00,34.095
115,21.07 06:00,35.076
115,21.07 07:00,35.145
115,21.07 08:00,34.92
115,21.07 09:00,38.996
115,21.07 10:00,51.821
115,21.07 11:00,48.861
115,21.07 12:00,45.802
115,21.07 13:00,45.087
115,21.07 14:00,46.981
115,21.07 15:00,45.2
115,21.07 16:00,46.186
115,21.07 17:00,43.17
115,21.07 18:00,42.209
115,21.07 19:00,40.961
115,21.07 20:00,41.187
115,21.07 21:00,42.208
115,21.07 22:00,41.918
115,21.07 23:00,41.153
115,22.07 00:00,40.097
115,22.07 01:00,40.946
115,22.07 02:00,39.968
115,22.07 03:00,40.185
115,22.07 04:00,40.055
115,22.07 05:00,39.95
115,22.07 06:00,40.056
115,22.07 07:00,39.841
115,22.07 08:00,36.972
115,22.07 09:00,38.967
115,22.07 10:00,39.136
115,22.07 11:00,39.9
115,22.07 12:00,39.119
115,22.07 13:00,38.87
115,22.07 14:00,38.93
115,22.07 15:00,37.021
115,22.07 16:00,37.177
115,22.07 17:00,36.915
115,22.07 18:00,38.941
115,22.07 19:00,38.963
115,22.07 20:00,38.926
115,22.07 21:00,37.898
115,22.07 22:00,38.942
115,22.07 23:00,38.832
115,23.07 00:00,39.823
115,23.07 01:00,38.897
115,23.07 02:00,38.839
115,23.07 03:00,39.093
115,23.07 04:00,39.888
115,23.07 05:00,36.852
115,23.07 06:00,38.925
115,23.07 07:00,39.955
115,23.07 08:00,34.269
115,23.07 09:00,35.843
115,23.07 10:00,36.08
115,23.07 11:00,36.474
115,23.07 12:00,37.014
115,23.07 13:00,38.133
115,23.07 14:00,36.954
115,23.07 15:00,38.04
115,23.07 16:00,36.066
115,23.07 17:00,38.089
115,23.07 18:00,38.871
115,23.07 19:00,38.183
115,23.07 20:00,36.847
115,23.07 21:00,37.904
115,23.07 22:00,38.834
115,23.07 23:00,38.963
115,24.07 00:00,38.925
115,24.07 01:00,38.003
115,24.07 02:00,38.945
115,24.07 03:00,39.124
115,24.07 04:00,38.995
115,24.07 05:00,39.042
115,24.07 06:00,42.051
115,24.07 07:00,40.124
115,24.07 08:00,36.848
115,24.07 09:00,36.129
115,24.07 10:00,37.921
115,24.07 11:00,39.113
115,24.07 12:00,39.187
115,24.07 13:00,40.049
115,24.07 14:00,39.028
115,24.07 15:00,37.03
115,24.07 16:00,36.078
115,24.07 17:00,38.149
115,24.07 18:00,38.839
115,24.07 19:00,36.933
115,24.07 20:00,35.836
115,24.07 21:00,38.187
115,24.07 22:00,39.087
115,24.07 23:00,39.071
115,25.07 00:00,39.92
115,25.07 01:00,38.132
115,25.07 02:00,37.882
115,25.07 03:00,40.177
115,25.07 04:00,37.863
115,25.07 05:00,37.041
115,25.07 06:00,40.183
115,25.07 07:00,37.896
115,25.07 08:00,36.936
115,25.07 09:00,41.903
115,25.07 10:00,41.955
115,25.07 11:00,41.194
115,25.07 12:00,40.134
115,25.07 13:00,40.879
115,25.07 14:00,38.943
115,25.07 15:00,40.974
115,25.07 16:00,39.914
115,25.07 17:00,41.134
115,25.07 18:00,40.186
115,25.07 19:00,40.894
115,25.07 20:00,40.108
115,25.07 21:00,40.84
115,25.07 22:00,40.828
115,25.07 23:00,41.179
115,26.07 00:00,39.85
115,26.07 01:00,39.885
115,26.07 02:00,39.942
115,26.07 03:00,39.956
115,26.07 04:00,38.834
115,26.07 05:00,41.029
115,26.07 06:00,41.154
115,26.07 07:00,40.109
115,26.07 08:00,37.906
115,26.07 09:00,39.878
115,26.07 10:00,39.836
115,26.07 11:00,41.991
115,26.07 12:00,40.983
115,26.07 13:00,39.867
115,26.07 14:00,42.91
115,26.07 15:00,41.045
115,26.07 16:00,39.841
115,26.07 17:00,38.083
115,26.07 18:00,35.898
115,26.07 19:00,36.975
115,26.07 20:00,38.14
115,26.07 21:00,35.982
115,26.07 22:00,37.815
115,26.07 23:00,39.187
115,27.07 00:00,38.984
115,27.07 01:00,35.861
115,27.07 02:00,38.078
115,27.07 03:00,37.84
115,27.07 04:00,36.036
115,27.07 05:00,37.914
115,27.07 06:00,37.958
115,27.07 07:00,37.056
115,27.07 08:00,40.374
115,27.07 09:00,40.122
115,27.07 10:00,40.957
115,27.07 11:00,41.026
115,27.07 12:00,41.161
115,27.07 13:00,42.022
115,27.07 14:00,41.174
115,27.07 15:00,41.095
115,27.07 16:00,39.913
115,27.07 17:00,40.147
115,27.07 18:00,39.036
115,27.07 19:00,38.087
115,27.07 20:00,38.863
115,27.07 21:00,38.85
115,27.07 22:00,37.885
115,27.07 23:00,39.045
115,28.07 00:00,39.169
115,28.07 01:00,37.859
115,28.07 02:00,38.887
115,28.07 03:00,37.959
115,28.07 04:00,40.132
115,28.07 05:00,38.01
115,28.07 06:00,39.984
115,28.07 07:00,38.826
115,28.07 08:00,39.076
115,28.07 09:00,39.815
115,28.07 10:00,42.002
115,28.07 11:00,42.027
115,28.07 12:00,41.867
115,28.07 13:00,44.122
115,28.07 14:00,43.836
115,28.07 15:00,41.824
115,28.07 16:00,42.152
115,28.07 17:00,38.972
115,28.07 18:00,40.011
115,28.07 19:00,38.898
115,28.07 20:00,39.715
115,28.07 21:00,39.101
115,28.07 22:00,39.831
115,28.07 23:00,40.172
115,29.07 00:00,40.897
115,29.07 01:00,39.081
115,29.07 02:00,39.886
115,29.07 03:00,41.051
115,29.07 04:00,38.93
115,29.07 05:00,38.851
115,29.07 06:00,40.055
115,29.07 07:00,39.094
115,29.07 08:00,40.015
115,29.07 09:00,40.822
115,29.07 10:00,42.134
115,29.07 11:00,40.862
115,29.07 12:00,41.088
115,29.07 13:00,39.877
115,29.07 14:00,41.028
115,29.07 15:00,39.924
115,29.07 16:00,37.854
115,29.07 17:00,39.165
115,29.07 18:00,39.004
115,29.07 19:00,38.064
115,29.07 20:00,36.888
115,29.07 21:00,39.0
115,29.07 22:00,39.124
115,29.07 23:00,37.887
115,30.07 00:00,38.827
115,30.07 01:00,39.072
115,30.07 02:00,40.135
115,30.07 03:00,38.898
115,30.07 04:00,37.12
115,30.07 05:00,39.07
115,30.07 06:00,38.146
115,30.07 07:00,37.844
115,30.07 08:00,36.97
115,30.07 09:00,36.013
115,30.07 10:00,38.142
115,30.07 11:00,36.84
115,30.07 12:00,37.132
115,30.07 13:00,38.087
115,30.07 14:00,36.961
115,30.07 15:00,38.135
115,30.07 16:00,38.057
115,30.07 17:00,38.944
115,30.07 18:00,39.033
115,30.07 19:00,38.961
115,30.07 20:00,38.498
115,30.07 21:00,40.036
115,30.07 22:00,39.127
115,30.07 23:00,38.994
115,31.07 00:00,38.883
115,31.07 01:00,40.148
115,31.07 02:00,40.075
115,31.07 03:00,37.905
115,31.07 04:00,37.828
115,31.07 05:00,37.937
115,31.07 06:00,38.84
115,31.07 07:00,39.004
115,31.07 08:00,36.02
115,31.07 09:00,37.125
115,31.07 10:00,37.104
115,31.07 11:00,35.917
115,31.07 12:00,38.028
115,31.07 13:00,38.136
115,31.07 14:00,38.076
115,31.07 15:00,37.141
115,31.07 16:00,38.087
115,31.07 17:00,38.152
115,31.07 18:00,38.127
115,31.07 19:00,39.562
115,31.07 20:00,39.084
115,31.07 21:00,41.079
115,31.07 22:00,40.966
115,31.07 23:00,38.054
115,01.08 00:00,41.163
115,01.08 01:00,39.957
115,01.08 02:00,39.156
115,01.08 03:00,37.881
115,01.08 04:00,39.007
115,01.08 05:00,38.878
115,01.08 06:00,38.915
115,01.08 07:00,37.889
115,01.08 08:00,39.897
115,01.08 09:00,41.976
115,01.08 10:00,39.994
115,01.08 11:00,39.876
115,01.08 12:00,41.97
115,01.08 13:00,45.88
115,01.08 14:00,41.192
115,01.08 15:00,43.045
115,01.08 16:00,41.104
115,01.08 17:00,40.571
115,01.08 18:00,40.018
115,01.08 19:00,42.946
115,01.08 20:00,38.888
115,01.08 21:00,41.913
115,01.08 22:00,40.011
115,01.08 23:00,41.201
115,02.08 00:00,41.866
115,02.08 01:00,40.015
115,02.08 02:00,40.802
115,02.08 03:00,40.059
115,02.08 04:00,41.806
115,02.08 05:00,40.004
115,02.08 06:00,40.046
115,02.08 07:00,40.924
115,02.08 08:00,38.086
115,02.08 09:00,39.957
115,02.08 10:00,40.124
115,02.08 11:00,41.159
115,02.08 12:00,40.821
115,02.08 13:00,39.845
115,02.08 14:00,41.88
115,02.08 15:00,43.04
115,02.08 16:00,41.186
115,02.08 17:00,40.934
115,02.08 18:00,40.871
115,02.08 19:00,39.949
115,02.08 20:00,41.158
115,02.08 21:00,39.817
115,02.08 22:00,42.803
115,02.08 23:00,41.932
115,03.08 00:00,42.184
115,03.08 01:00,41.944
115,03.08 02:00,41.079
115,03.08 03:00,40.799
115,03.08 04:00,40.91
115,03.08 05:00,40.932
115,03.08 06:00,40.866
115,03.08 07:00,41.04
115,03.08 08:00,38.905
115,03.08 09:00,40.176
115,03.08 10:00,41.008
115,03.08 11:00,43.051
115,03.08 12:00,46.151
115,03.08 13:00,42.042
115,03.08 14:00,40.43
115,03.08 15:00,42.102
115,03.08 16:00,41.94
115,03.08 17:00,40.812
115,03.08 18:00,42.789
115,03.08 19:00,40.99
115,03.08 20:00,39.926
115,03.08 21:00,45.002
115,03.08 22:00,42.788
115,03.08 23:00,41.84
115,04.08 00:00,44.205
115,04.08 01:00,41.838
115,04.08 02:00,42.128
115,04.08 03:00,43.669
115,04.08 04:00,40.945
115,04.08 05:00,41.092
115,04.08 06:00,41.969
115,04.08 07:00,41.986
115,04.08 08:00,42.873
115,04.08 09:00,41.183
115,04.08 10:00,42.043
115,04.08 11:00,41.055
115,04.08 12:00,43.136
115,04.08 13:00,44.027
115,04.08 14:00,43.072
115,04.08 15:00,42.864
115,04.08 16:00,42.97
115,04.08 17:00,41.81
115,04.08 18:00,42.035
115,04.08 19:00,40.887
115,04.08 20:00,42.833
115,04.08 21:00,40.979
115,04.08 22:00,43.984
115,04.08 23:00,42.901
115,05.08 00:00,44.191
115,05.08 01:00,42.196
115,05.08 02:00,41.872
115,05.08 03:00,41.17
115,05.08 04:00,41.194
115,05.08 05:00,42.116
115,05.08 06:00,41.154
115,05.08 07:00,42.009
115,05.08 08:00,42.17
115,05.08 09:00,40.95
115,05.08 10:00,41.018
115,05.08 11:00,43.108
115,05.08 12:00,42.014
115,05.08 13:00,40.87
115,05.08 14:00,39.861
115,05.08 15:00,39.965
115,05.08 16:00,40.045
115,05.08 17:00,40.163
115,05.08 18:00,41.098
115,05.08 19:00,40.124
115,05.08 20:00,39.118
115,05.08 21:00,42.178
115,05.08 22:00,43.036
115,05.08 23:00,42.116
115,06.08 00:00,42.838
115,06.08 01:00,40.962
115,06.08 02:00,41.029
115,06.08 03:00,39.872
115,06.08 04:00,41.064
115,06.08 05:00,40.796
115,06.08 06:00,40.2
115,06.08 07:00,39.902
115,06.08 08:00,37.941
115,06.08 09:00,39.973
115,06.08 10:00,39.05
115,06.08 11:00,39.193
115,06.08 12:00,39.926
115,06.08 13:00,39.906
115,06.08 14:00,42.986
115,06.08 15:00,38.881
115,06.08 16:00,40.064
115,06.08 17:00,40.192
115,06.08 18:00,39.972
115,06.08 19:00,40.137
115,06.08 20:00,39.43
115,06.08 21:00,39.357
115,06.08 22:00,41.2
115,06.08 23:00,41.051
115,07.08 00:00,43.098
115,07.08 01:00,40.168
115,07.08 02:00,40.897
115,07.08 03:00,40.851
115,07.08 04:00,40.952
115,07.08 05:00,41.195
115,07.08 06:00,39.893
115,07.08 07:00,39.461
115,07.08 08:00,40.032
115,07.08 09:00,37.888
115,07.08 10:00,38.932
115,07.08 11:00,40.159
115,07.08 12:00,39.006
115,07.08 13:00,39.991
115,07.08 14:00,39.98
115,07.08 15:00,38.943
115,07.08 16:00,39.935
115,07.08 17:00,38.823
115,07.08 18:00,40.805
115,07.08 19:00,39.879
115,07.08 20:00,39.831
115,07.08 21:00,43.16
115,07.08 22:00,40.976
115,07.08 23:00,43.201
115,08.08 00:00,44.165
115,08.08 01:00,42.886
115,08.08 02:00,42.973
115,08.08 03:00,41.073
115,08.08 04:00,39.807
115,08.08 05:00,41.95
115,08.08 06:00,40.838
115,08.08 07:00,39.888
115,08.08 08:00,38.931
115,08.08 09:00,42.048
115,08.08 10:00,41.134
115,08.08 11:00,42.03
115,08.08 12:00,43.054
115,08.08 13:00,43.15
115,08.08 14:00,42.067
115,08.08 15:00,42.886
115,08.08 16:00,42.974
115,08.08 17:00,42.95
115,08.08 18:00,43.104
115,08.08 19:00,43.115
115,08.08 20:00,41.203
115,08.08 21:00,43.085
115,08.08 22:00,42.814
115,08.08 23:00,43.17
115,09.08 00:00,44.067
115,09.08 01:00,42.048
115,09.08 02:00,42.92
115,09.08 03:00,41.986
115,09.08 04:00,41.822
115,09.08 05:00,40.036
115,09.08 06:00,42.959
115,09.08 07:00,41.972
115,09.08 08:00,43.139
115,09.08 09:00,44.002
115,09.08 10:00,42.954
115,09.08 11:00,42.13
115,09.08 12:00,41.164
115,09.08 13:00,42.105
115,09.08 14:00,41.84
115,09.08 15:00,41.162
115,09.08 16:00,39.956
115,09.08 17:00,40.148
115,09.08 18:00,41.121
115,09.08 19:00,43.804
115,09.08 20:00,43.129
115,09.08 21:00,41.967
115,09.08 22:00,43.158
115,09.08 23:00,43.174
115,10.08 00:00,41.956
115,10.08 01:00,42.099
115,10.08 02:00,41.16
115,10.08 03:00,40.106
115,10.08 04:00,39.842
115,10.08 05:00,42.823
115,10.08 06:00,46.903
115,10.08 07:00,46.843
115,10.08 08:00,47.828
115,10.08 09:00,48.079
115,10.08 10:00,47.864
115,10.08 11:00,50.912
115,10.08 12:00,48.228
115,10.08 13:00,49.798
115,10.08 14:00,50.876
115,10.08 15:00,51.116
115,10.08 16:00,50.243
115,10.08 17:00,40.008
115,10.08 18:00,41.02
115,10.08 19:00,41.201
115,10.08 20:00,39.938
115,10.08 21:00,40.059
115,10.08 22:00,43.164
115,10.08 23:00,41.871
115,11.08 00:00,41.834
115,11.08 01:00,39.842
115,11.08 02:00,42.127
115,11.08 03:00,39.069
115,11.08 04:00,40.047
115,11.08 05:00,40.02
115,11.08 06:00,39.871
115,11.08 07:00,46.024
115,11.08 08:00,49.204
115,11.08 09:00,47.05
115,11.08 10:00,51.099
115,11.08 11:00,54.925
115,11.08 12:00,50.835
115,11.08 13:00,52.948
115,11.08 14:00,54.906
115,11.08 15:00,48.974
115,11.08 16:00,48.882
115,11.08 17:00,44.158
115,11.08 18:00,40.964
115,11.08 19:00,41.998
115,11.08 20:00,38.182
115,11.08 21:00,42.077
115,11.08 22:00,42.936
115,11.08 23:00,43.118
115,12.08 00:00,43.215
115,12.08 01:00,40.926
115,12.08 02:00,40.831
115,12.08 03:00,40.852
115,12.08 04:00,40.016
115,12.08 05:00,40.829
115,12.08 06:00,41.982
115,12.08 07:00,51.806
115,12.08 08:00,54.153
115,12.08 09:00,51.959
115,12.08 10:00,53.222
115,12.08 11:00,53.979
115,12.08 12:00,51.009
115,12.08 13:00,51.838
115,12.08 14:00,57.187
115,12.08 15:00,55.157
115,12.08 16:00,47.078
115,12.08 17:00,43.127
115,12.08 18:00,42.96
115,12.08 19:00,43.043
115,12.08 20:00,41.864
115,12.08 21:00,43.213
115,12.08 22:00,43.088
115,12.08 23:00,42.045
115,13.08 00:00,41.166
115,13.08 01:00,41.183
115,13.08 02:00,41.883
115,13.08 03:00,42.127
115,13.08 04:00,40.111
115,13.08 05:00,39.86
115,13.08 06:00,41.975
115,13.08 07:00,42.886
115,13.08 08:00,41.012
115,13.08 09:00,39.99
115,13.08 10:00,38.929
115,13.08 11:00,41.156
115,13.08 12:00,41.913
115,13.08 13:00,40.036
115,13.08 14:00,40.132
115,13.08 15:00,40.035
115,13.08 16:00,41.871
115,13.08 17:00,42.624
115,13.08 18:00,41.909
115,13.08 19:00,41.075
115,13.08 20:00,41.17
115,13.08 21:00,43.834
115,13.08 22:00,43.86
115,13.08 23:00,42.192
115,14.08 00:00,43.962
115,14.08 01:00,41.826
115,14.08 02:00,42.116
115,14.08 03:00,42.196
115,14.08 04:00,42.098
115,14.08 05:00,42.066
115,14.08 06:00,40.914
115,14.08 07:00,41.798
115,14.08 08:00,40.058
115,14.08 09:00,39.076
115,14.08 10:00,37.873
115,14.08 11:00,39.851
115,14.08 12:00,39.854
115,14.08 13:00,40.964
115,14.08 14:00,41.078
115,14.08 15:00,40.897
115,14.08 16:00,42.6
115,14.08 17:00,39.882
115,14.08 18:00,39.989
115,14.08 19:00,40.902
115,14.08 20:00,42.974
115,14.08 21:00,44.13
115,14.08 22:00,42.922
115,14.08 23:00,43.104
115,15.08 00:00,42.154
115,15.08 01:00,40.951
115,15.08 02:00,38.813
115,15.08 03:00,41.131
115,15.08 04:00,40.04
115,15.08 05:00,40.125
115,15.08 06:00,52.113
115,15.08 07:00,76.865
115,15.08 08:00,77.264
115,15.08 09:00,70.747
115,15.08 10:00,73.123
115,15.08 11:00,70.769
115,15.08 12:00,74.116
115,15.08 13:00,73.631
115,15.08 14:00,74.031
115,15.08 15:00,67.251
115,15.08 16:00,56.732
115,15.08 17:00,45.194
115,15.08 18:00,44.96
115,15.08 19:00,43.215
115,15.08 20:00,43.034
115,15.08 21:00,45.12
115,15.08 22:00,44.201
115,15.08 23:00,42.801
115,16.08 00:00,44.098
115,16.08 01:00,40.908
115,16.08 02:00,43.176
115,16.08 03:00,40.926
115,16.08 04:00,41.112
115,16.08 05:00,42.071
115,16.08 06:00,49.102
115,16.08 07:00,75.138
115,16.08 08:00,77.788
115,16.08 09:00,79.106
115,16.08 10:00,74.284
115,16.08 11:00,75.273
115,16.08 12:00,72.891
115,16.08 13:00,75.817
115,16.08 14:00,72.235
115,16.08 15:00,73.075
115,16.08 16:00,63.272
115,16.08 17:00,43.938
115,16.08 18:00,45.041
115,16.08 19:00,41.97
115,16.08 20:00,44.113
115,16.08 21:00,43.176
115,16.08 22:00,45.204
115,16.08 23:00,42.945
115,17.08 00:00,41.824
115,17.08 01:00,41.971
115,17.08 02:00,41.177
115,17.08 03:00,41.18
115,17.08 04:00,41.069
115,17.08 05:00,47.969
115,17.08 06:00,58.86
115,17.08 07:00,71.706
115,17.08 08:00,75.101
115,17.08 09:00,69.561
115,17.08 10:00,69.804
115,17.08 11:00,67.22
115,17.08 12:00,73.792
115,17.08 13:00,73.175
115,17.08 14:00,74.904
115,17.08 15:00,73.273
115,17.08 16:00,57.013
115,17.08 17:00,44.159
115,17.08 18:00,41.928
115,17.08 19:00,40.168
115,17.08 20:00,43.166
115,17.08 21:00,42.988
115,17.08 22:00,44.955
115,17.08 23:00,42.195
115,18.08 00:00,46.209
115,18.08 01:00,42.08
115,18.08 02:00,42.187
115,18.08 03:00,39.958
115,18.08 04:00,40.82
115,18.08 05:00,44.808
115,18.08 06:00,56.226
115,18.08 07:00,72.313
115,18.08 08:00,78.152
115,18.08 09:00,77.301
115,18.08 10:00,73.85
115,18.08 11:00,76.157
115,18.08 12:00,73.96
115,18.08 13:00,74.649
115,18.08 14:00,73.275
115,18.08 15:00,71.718
115,18.08 16:00,54.221
115,18.08 17:00,43.892
115,18.08 18:00,41.882
115,18.08 19:00,43.065
115,18.08 20:00,41.8
115,18.08 21:00,44.937
115,18.08 22:00,45.153
115,18.08 23:00,43.84
115,19.08 00:00,44.002
115,19.08 01:00,44.179
115,19.08 02:00,41.937
115,19.08 03:00,40.945
115,19.08 04:00,42.148
115,19.08 05:00,46.132
115,19.08 06:00,52.771
115,19.08 07:00,74.693
115,19.08 08:00,76.807
115,19.08 09:00,71.797
115,19.08 10:00,74.035
115,19.08 11:00,72.847
115,19.08 12:00,79.473
115,19.08 13:00,80.138
115,19.08 14:00,84.779
115,19.08 15:00,75.788
115,19.08 16:00,67.965
115,19.08 17:00,50.946
115,19.08 18:00,48.11
115,19.08 19:00,51.05
115,19.08 20:00,45.836
115,19.08 21:00,51.889
115,19.08 22:00,51.995
115,19.08 23:00,49.935
115,20.08 00:00,48.95
115,20.08 01:00,49.768
115,20.08 02:00,43.94
115,20.08 03:00,43.784
115,20.08 04:00,41.965
115,20.08 05:00,40.144
115,20.08 06:00,42.071
115,20.08 07:00,43.063
115,20.08 08:00,43.929
115,20.08 09:00,45.926
115,20.08 10:00,45.166
115,20.08 11:00,46.925
115,20.08 12:00,46.859
115,20.08 13:00,45.212
115,20.08 14:00,47.062
115,20.08 15:00,47.044
115,20.08 16:00,49.856
115,20.08 17:00,50.022
115,20.08 18:00,53.211
115,20.08 19:00,52.173
115,20.08 20:00,52.141
115,20.08 21:00,49.114
115,20.08 22:00,51.252
115,20.08 23:00,50.755
115,21.08 00:00,52.864
115,21.08 01:00,47.775
115,21.08 02:00,45.845
115,21.08 03:00,41.799
115,21.08 04:00,44.049
115,21.08 05:00,43.954
115,21.08 06:00,41.978
115,21.08 07:00,43.144
115,21.08 08:00,43.79
115,21.08 09:00,44.865
115,21.08 10:00,52.011
115,21.08 11:00,52.107
115,21.08 12:00,52.801
115,21.08 13:00,53.975
115,21.08 14:00,52.885
115,21.08 15:00,51.058
115,21.08 16:00,55.033
115,21.08 17:00,48.182
115,21.08 18:00,49.874
115,21.08 19:00,47.822
115,21.08 20:00,47.966
115,21.08 21:00,51.89
115,21.08 22:00,50.131
115,21.08 23:00,50.979
115,22.08 00:00,51.874
115,22.08 01:00,48.228
115,22.08 02:00,45.795
115,22.08 03:00,45.057
115,22.08 04:00,44.131
115,22.08 05:00,42.981
115,22.08 06:00,48.238
115,22.08 07:00,75.14
115,22.08 08:00,75.819
115,22.08 09:00,77.159
115,22.08 10:00,82.074
115,22.08 11:00,84.727
115,22.08 12:00,81.969
115,22.08 13:00,78.78
115,22.08 14:00,82.382
115,22.08 15:00,78.98
115,22.08 16:00,65.955
115,22.08 17:00,53.197
115,22.08 18:00,56.174
115,22.08 19:00,51.129
115,22.08 20:00,53.941
115,22.08 21:00,52.061
115,22.08 22:00,62.095
115,22.08 23:00,54.889
115,23.08 00:00,57.893
115,23.08 01:00,54.821
115,23.08 02:00,47.125
115,23.08 03:00,45.833
115,23.08 04:00,43.07
115,23.08 05:00,46.287
115,23.08 06:00,50.048
115,23.08 07:00,74.357
115,23.08 08:00,72.918
115,23.08 09:00,76.151
115,23.08 10:00,83.057
115,23.08 11:00,85.251
115,23.08 12:00,83.042
115,23.08 13:00,86.736
115,23.08 14:00,83.812
115,23.08 15:00,82.326
115,23.08 16:00,77.315
115,23.08 17:00,56.042
115,23.08 18:00,55.196
115,23.08 19:00,53.078
115,23.08 20:00,46.175
115,23.08 21:00,48.995
115,23.08 22:00,50.404
115,23.08 23:00,57.171
115,24.08 00:00,59.271
115,24.08 01:00,52.892
115,24.08 02:00,47.171
115,24.08 03:00,43.849
115,24.08 04:00,44.901
115,24.08 05:00,45.925
115,24.08 06:00,61.102
115,24.08 07:00,76.197
115,24.08 08:00,76.947
115,24.08 09:00,82.763
115,24.08 10:00,84.696
115,24.08 11:00,86.631
115,24.08 12:00,88.095
115,24.08 13:00,89.233
115,24.08 14:00,89.005
115,24.08 15:00,89.726
115,24.08 16:00,89.852
115,24.08 17:00,86.946
115,24.08 18:00,85.691
115,24.08 19:00,83.237
115,24.08 20:00,79.605
115,24.08 21:00,68.074
115,24.08 22:00,62.98
115,24.08 23:00,61.902
115,25.08 00:00,55.906
115,25.08 01:00,47.962
115,25.08 02:00,46.071
115,25.08 03:00,44.037
115,25.08 04:00,42.799
115,25.08 05:00,46.195
115,25.08 06:00,59.205
115,25.08 07:00,80.623
115,25.08 08:00,75.863
115,25.08 09:00,85.42
115,25.08 10:00,87.982
115,25.08 11:00,83.795
115,25.08 12:00,90.243
115,25.08 13:00,92.345
115,25.08 14:00,96.863
115,25.08 15:00,89.024
115,25.08 16:00,88.695
115,25.08 17:00,87.726
115,25.08 18:00,85.116
115,25.08 19:00,82.598
115,25.08 20:00,79.256
115,25.08 21:00,66.711
115,25.08 22:00,60.227
115,25.08 23:00,59.793
115,26.08 00:00,58.247
115,26.08 01:00,54.122
115,26.08 02:00,48.007
115,26.08 03:00,46.01
115,26.08 04:00,46.147
115,26.08 05:00,51.074
115,26.08 06:00,54.85
115,26.08 07:00,77.975
115,26.08 08:00,78.797
115,26.08 09:00,85.579
115,26.08 10:00,92.069
115,26.08 11:00,90.3
115,26.08 12:00,89.6
115,26.08 13:00,95.178
115,26.08 14:00,93.626
115,26.08 15:00,89.981
115,26.08 16:00,84.696
115,26.08 17:00,83.806
115,26.08 18:00,64.873
115,26.08 19:00,62.305
115,26.08 20:00,59.013
115,26.08 21:00,63.152
115,26.08 22:00,62.291
115,26.08 23:00,61.777
115,27.08 00:00,56.276
115,27.08 01:00,52.232
115,27.08 02:00,47.727
115,27.08 03:00,48.901
115,27.08 04:00,46.06
115,27.08 05:00,45.881
115,27.08 06:00,45.106
115,27.08 07:00,44.092
115,27.08 08:00,44.009
115,27.08 09:00,44.873
115,27.08 10:00,48.847
115,27.08 11:00,53.193
115,27.08 12:00,56.828
115,27.08 13:00,56.209
115,27.08 14:00,57.96
115,27.08 15:00,60.239
115,27.08 16:00,56.192
115,27.08 17:00,58.868
115,27.08 18:00,56.231
115,27.08 19:00,55.052
115,27.08 20:00,55.79
115,27.08 21:00,57.104
115,27.08 22:00,55.189
115,27.08 23:00,58.714
115,28.08 00:00,54.834
115,28.08 01:00,54.092
115,28.08 02:00,51.204
115,28.08 03:00,50.822
115,28.08 04:00,48.763
115,28.08 05:00,46.996
115,28.08 06:00,47.152
115,28.08 07:00,47.035
115,28.08 08:00,46.206
115,28.08 09:00,47.893
115,28.08 10:00,49.769
115,28.08 11:00,51.754
115,28.08 12:00,53.882
115,28.08 13:00,71.25
115,28.08 14:00,84.869
115,28.08 15:00,82.099
115,28.08 16:00,80.811
115,28.08 17:00,86.322
115,28.08 18:00,87.945
115,28.08 19:00,90.345
115,28.08 20:00,89.303
115,28.08 21:00,79.379
115,28.08 22:00,65.955
115,28.08 23:00,63.927
115,29.08 00:00,57.793
115,29.08 01:00,56.157
115,29.08 02:00,52.96
115,29.08 03:00,47.109
115,29.08 04:00,47.078
115,29.08 05:00,50.158
115,29.08 06:00,57.004
115,29.08 07:00,79.603
115,29.08 08:00,81.217
115,29.08 09:00,86.074
115,29.08 10:00,91.016
115,29.08 11:00,83.856
115,29.08 12:00,89.108
115,29.08 13:00,86.612
115,29.08 14:00,86.6
115,29.08 15:00,87.591
115,29.08 16:00,87.586
115,29.08 17:00,90.858
115,29.08 18:00,87.121
115,29.08 19:00,85.61
115,29.08 20:00,90.099
115,29.08 21:00,77.81
115,29.08 22:00,64.202
115,29.08 23:00,61.783
115,30.08 00:00,64.243
115,30.08 01:00,58.011
115,30.08 02:00,47.772
115,30.08 03:00,49.211
115,30.08 04:00,46.02
115,30.08 05:00,48.15
115,30.08 06:00,56.776
115,30.08 07:00,81.189
115,30.08 08:00,78.628
115,30.08 09:00,86.825
115,30.08 10:00,90.668
115,30.08 11:00,85.362
115,30.08 12:00,92.444
115,30.08 13:00,94.944
115,30.08 14:00,91.164
115,30.08 15:00,87.957
115,30.08 16:00,88.639
115,30.08 17:00,84.108
115,30.08 18:00,85.414
115,30.08 19:00,83.794
115,30.08 20:00,84.917
115,30.08 21:00,74.875
115,30.08 22:00,64.684
115,30.08 23:00,62.089
115,31.08 00:00,60.308
115,31.08 01:00,54.265
115,31.08 02:00,48.858
115,31.08 03:00,46.125
115,31.08 04:00,46.788
115,31.08 05:00,48.981
115,31.08 06:00,55.222
115,31.08 07:00,79.65
115,31.08 08:00,77.865
115,31.08 09:00,80.251
115,31.08 10:00,88.056
115,31.08 11:00,85.584
115,31.08 12:00,87.397
115,31.08 13:00,83.981
115,31.08 14:00,86.264
115,31.08 15:00,87.769
115,31.08 16:00,91.644
115,31.08 17:00,89.681
115,31.08 18:00,88.297
115,31.08 19:00,82.963
115,31.08 20:00,86.01
115,31.08 21:00,77.623
115,31.08 22:00,62.972
115,31.08 23:00,60.7
115,01.09 00:00,60.873
115,01.09 01:00,53.889
115,01.09 02:00,49.777
115,01.09 03:00,49.095
115,01.09 04:00,45.918
115,01.09 05:00,48.182
115,01.09 06:00,50.026
115,01.09 07:00,81.825
115,01.09 08:00,79.776
115,01.09 09:00,88.949
115,01.09 10:00,90.72
115,01.09 11:00,88.62
115,01.09 12:00,93.777
115,01.09 13:00,93.459
115,01.09 14:00,88.91
115,01.09 15:00,87.098
115,01.09 16:00,87.433
115,01.09 17:00,85.42
115,01.09 18:00,85.631
115,01.09 19:00,85.145
115,01.09 20:00,79.138
115,01.09 21:00,68.226
115,01.09 22:00,59.175
115,01.09 23:00,60.255
115,02.09 00:00,58.86
115,02.09 01:00,59.24
115,02.09 02:00,51.02
115,02.09 03:00,47.162
115,02.09 04:00,45.919
115,02.09 05:00,49.159
115,02.09 06:00,57.06
115,02.09 07:00,83.624
115,02.09 08:00,80.177
115,02.09 09:00,87.92
115,02.09 10:00,85.761
115,02.09 11:00,86.916
115,02.09 12:00,88.435
115,02.09 13:00,89.274
115,02.09 14:00,91.216
115,02.09 15:00,77.233
115,02.09 16:00,57.768
115,02.09 17:00,57.741
115,02.09 18:00,52.002
115,02.09 19:00,54.963
115,02.09 20:00,54.846
115,02.09 21:00,54.897
115,02.09 22:00,55.168
115,02.09 23:00,55.927
115,03.09 00:00,56.22
115,03.09 01:00,52.135
115,03.09 02:00,47.025
115,03.09 03:00,45.896
115,03.09 04:00,48.059
115,03.09 05:00,47.113
115,03.09 06:00,46.947
115,03.09 07:00,46.084
115,03.09 08:00,46.228
115,03.09 09:00,46.043
115,03.09 10:00,49.778
115,03.09 11:00,49.017
115,03.09 12:00,48.84
115,03.09 13:00,49.221
115,03.09 14:00,51.208
115,03.09 15:00,49.799
115,03.09 16:00,50.091
115,03.09 17:00,49.84
115,03.09 18:00,52.184
115,03.09 19:00,50.146
115,03.09 20:00,51.994
115,03.09 21:00,53.857
115,03.09 22:00,53.224
115,03.09 23:00,51.237
115,04.09 00:00,54.787
115,04.09 01:00,52.017
115,04.09 02:00,50.911
115,04.09 03:00,49.915
115,04.09 04:00,48.194
115,04.09 05:00,48.985
115,04.09 06:00,44.967
115,04.09 07:00,45.84
115,04.09 08:00,46.033
115,04.09 09:00,45.886
115,04.09 10:00,46.933
115,04.09 11:00,48.907
115,04.09 12:00,55.394
115,04.09 13:00,50.75
115,04.09 14:00,50.945
115,04.09 15:00,52.914
115,04.09 16:00,50.054
115,04.09 17:00,52.094
115,04.09 18:00,50.131
115,04.09 19:00,48.847
115,04.09 20:00,51.101
115,04.09 21:00,49.907
115,04.09 22:00,50.014
115,04.09 23:00,49.203
115,05.09 00:00,52.776
115,05.09 01:00,55.784
115,05.09 02:00,50.006
115,05.09 03:00,49.184
115,05.09 04:00,46.765
115,05.09 05:00,45.847
115,05.09 06:00,46.106
115,05.09 07:00,46.174
115,05.09 08:00,46.187
115,05.09 09:00,45.072
115,05.09 10:00,45.88
115,05.09 11:00,60.766
115,05.09 12:00,55.888
115,05.09 13:00,56.797
115,05.09 14:00,56.833
115,05.09 15:00,57.224
115,05.09 16:00,56.878
115,05.09 17:00,58.182
115,05.09 18:00,56.91
115,05.09 19:00,58.872
115,05.09 20:00,63.017
115,05.09 21:00,63.25
115,05.09 22:00,64.262
115,05.09 23:00,64.112
115,06.09 00:00,61.251
115,06.09 01:00,55.911
115,06.09 02:00,53.217
115,06.09 03:00,47.763
115,06.09 04:00,48.13
115,06.09 05:00,46.94
115,06.09 06:00,59.898
115,06.09 07:00,80.087
115,06.09 08:00,75.642
115,06.09 09:00,85.249
115,06.09 10:00,89.772
115,06.09 11:00,87.106
115,06.09 12:00,90.378
115,06.09 13:00,89.165
115,06.09 14:00,88.019
115,06.09 15:00,84.053
115,06.09 16:00,88.644
115,06.09 17:00,86.668
115,06.09 18:00,85.408
115,06.09 19:00,85.82
115,06.09 20:00,87.13
115,06.09 21:00,75.158
115,06.09 22:00,64.051
115,06.09 23:00,60.902
115,07.09 00:00,62.896
115,07.09 01:00,54.963
115,07.09 02:00,48.974
115,07.09 03:00,44.937
115,07.09 04:00,47.198
115,07.09 05:00,52.627
115,07.09 06:00,56.072
115,07.09 07:00,84.054
115,07.09 08:00,78.247
115,07.09 09:00,86.89
115,07.09 10:00,91.35
115,07.09 11:00,88.42
115,07.09 12:00,88.187
115,07.09 13:00,88.048
115,07.09 14:00,90.444
115,07.09 15:00,89.165
115,07.09 16:00,90.384
115,07.09 17:00,90.869
115,07.09 18:00,89.805
115,07.09 19:00,84.679
115,07.09 20:00,88.866
115,07.09 21:00,77.68
115,07.09 22:00,65.863
115,07.09 23:00,61.124
115,08.09 00:00,59.782
115,08.09 01:00,54.078
115,08.09 02:00,52.862
115,08.09 03:00,46.852
115,08.09 04:00,45.862
115,08.09 05:00,48.15
115,08.09 06:00,56.151
115,08.09 07:00,79.27
115,08.09 08:00,82.954
115,08.09 09:00,88.184
115,08.09 10:00,89.247
115,08.09 11:00,90.368
115,08.09 12:00,90.843
115,08.09 13:00,96.29
115,08.09 14:00,91.141
115,08.09 15:00,88.298
115,08.09 16:00,89.349
115,08.09 17:00,86.59
115,08.09 18:00,88.633
115,08.09 19:00,79.953
115,08.09 20:00,82.26
115,08.09 21:00,65.893
115,08.09 22:00,60.938
115,08.09 23:00,60.83
115,09.09 00:00,59.805
115,09.09 01:00,51.917
115,09.09 02:00,50.229
115,09.09 03:00,43.945
115,09.09 04:00,44.995
115,09.09 05:00,47.973
115,09.09 06:00,60.183
115,09.09 07:00,78.034
115,09.09 08:00,77.84
115,09.09 09:00,83.038
115,09.09 10:00,89.494
115,09.09 11:00,88.838
115,09.09 12:00,87.347
115,09.09 13:00,89.384
115,09.09 14:00,89.628
115,09.09 15:00,92.9
115,09.09 16:00,90.836
115,09.09 17:00,80.366
115,09.09 18:00,62.074
115,09.09 19:00,59.821
115,09.09 20:00,57.78
115,09.09 21:00,62.244
115,09.09 22:00,63.887
115,09.09 23:00,63.177
115,10.09 00:00,54.115
115,10.09 01:00,50.843
115,10.09 02:00,49.791
115,10.09 03:00,47.227
115,10.09 04:00,45.891
115,10.09 05:00,48.397
115,10.09 06:00,43.846
115,10.09 07:00,42.794
115,10.09 08:00,45.146
115,10.09 09:00,46.105
115,10.09 10:00,51.803
115,10.09 11:00,50.834
115,10.09 12:00,55.255
115,10.09 13:00,51.91
115,10.09 14:00,53.23
115,10.09 15:00,54.419
115,10.09 16:00,51.04
115,10.09 17:00,51.97
115,10.09 18:00,55.752
115,10.09 19:00,56.604
115,10.09 20:00,54.801
115,10.09 21:00,55.103
115,10.09 22:00,57.252
115,10.09 23:00,56.755
115,11.09 00:00,54.736
115,11.09 01:00,52.127
115,11.09 02:00,49.156
115,11.09 03:00,47.902
115,11.09 04:00,45.879
115,11.09 05:00,44.032
115,11.09 06:00,44.948
115,11.09 07:00,46.225
115,11.09 08:00,44.102
115,11.09 09:00,45.809
115,11.09 10:00,46.899
115,11.09 11:00,52.061
115,11.09 12:00,51.054
115,11.09 13:00,79.054
115,11.09 14:00,86.861
115,11.09 15:00,84.408
115,11.09 16:00,85.33
115,11.09 17:00,86.3
115,11.09 18:00,82.245
115,11.09 19:00,86.843
115,11.09 20:00,87.279
115,11.09 21:00,75.158
115,11.09 22:00,62.891
115,11.09 23:00,60.122
115,12.09 00:00,61.042
115,12.09 01:00,56.902
115,12.09 02:00,51.972
115,12.09 03:00,47.08
115,12.09 04:00,48.224
115,12.09 05:00,51.193
115,12.09 06:00,55.138
115,12.09 07:00,78.329
115,12.09 08:00,77.288
115,12.09 09:00,84.182
115,12.09 10:00,88.391
115,12.09 11:00,88.769
115,12.09 12:00,89.058
115,12.09 13:00,86.665
115,12.09 14:00,90.566
115,12.09 15:00,85.967
115,12.09 16:00,89.86
115,12.09 17:00,88.165
115,12.09 18:00,84.624
115,12.09 19:00,79.242
115,12.09 20:00,84.318
115,12.09 21:00,72.737
115,12.09 22:00,64.176
115,12.09 23:00,58.206
115,13.09 00:00,58.059
115,13.09 01:00,54.852
115,13.09 02:00,49.783
115,13.09 03:00,49.077
115,13.09 04:00,45.181
115,13.09 05:00,46.038
115,13.09 06:00,52.768
115,13.09 07:00,81.344
115,13.09 08:00,82.831
115,13.09 09:00,82.616
115,13.09 10:00,89.58
115,13.09 11:00,82.302
115,13.09 12:00,88.366
115,13.09 13:00,87.017
115,13.09 14:00,85.68
115,13.09 15:00,83.668
115,13.09 16:00,84.765
115,13.09 17:00,82.982
115,13.09 18:00,81.854
115,13.09 19:00,87.909
115,13.09 20:00,86.109
115,13.09 21:00,78.091
115,13.09 22:00,59.169
115,13.09 23:00,63.24
115,14.09 00:00,57.752
115,14.09 01:00,55.225
115,14.09 02:00,51.146
115,14.09 03:00,46.8
115,14.09 04:00,45.134
115,14.09 05:00,51.059
115,14.09 06:00,58.705
115,14.09 07:00,76.761
115,14.09 08:00,81.11
115,14.09 09:00,80.858
115,14.09 10:00,83.747
115,14.09 11:00,83.989
115,14.09 12:00,86.388
115,14.09 13:00,89.676
115,14.09 14:00,86.337
115,14.09 15:00,85.818
115,14.09 16:00,93.128
115,14.09 17:00,87.708
115,14.09 18:00,84.653
115,14.09 19:00,87.417
115,14.09 20:00,80.286
115,14.09 21:00,75.793
115,14.09 22:00,60.173
115,14.09 23:00,58.27
115,15.09 00:00,58.893
115,15.09 01:00,56.979
115,15.09 02:00,50.057
115,15.09 03:00,47.776
115,15.09 04:00,44.93
115,15.09 05:00,46.952
115,15.09 06:00,52.875
115,15.09 07:00,79.363
115,15.09 08:00,82.078
115,15.09 09:00,84.673
115,15.09 10:00,88.975
115,15.09 11:00,90.03
115,15.09 12:00,92.407
115,15.09 13:00,94.776
115,15.09 14:00,88.403
115,15.09 15:00,88.793
115,15.09 16:00,92.31
115,15.09 17:00,89.329
115,15.09 18:00,85.658
115,15.09 19:00,87.133
115,15.09 20:00,81.38
115,15.09 21:00,69.0
115,15.09 22:00,63.052
115,15.09 23:00,64.794
115,16.09 00:00,59.915
115,16.09 01:00,56.16
115,16.09 02:00,52.141
115,16.09 03:00,51.06
115,16.09 04:00,46.817
115,16.09 05:00,48.208
115,16.09 06:00,60.085
115,16.09 07:00,75.711
115,16.09 08:00,76.193
115,16.09 09:00,78.147
115,16.09 10:00,86.601
115,16.09 11:00,85.934
115,16.09 12:00,89.114
115,16.09 13:00,94.207
115,16.09 14:00,90.148
115,16.09 15:00,84.972
115,16.09 16:00,86.781
115,16.09 17:00,77.259
115,16.09 18:00,62.822
115,16.09 19:00,56.155
115,16.09 20:00,58.245
115,16.09 21:00,64.917
115,16.09 22:00,55.893
115,16.09 23:00,54.801
115,17.09 00:00,58.728
115,17.09 01:00,53.76
115,17.09 02:00,55.118
115,17.09 03:00,48.839
115,17.09 04:00,46.217
115,17.09 05:00,46.022
115,17.09 06:00,46.201
115,17.09 07:00,45.883
115,17.09 08:00,44.027
115,17.09 09:00,44.862
115,17.09 10:00,50.69
115,17.09 11:00,50.908
115,17.09 12:00,52.873
115,17.09 13:00,56.964
115,17.09 14:00,54.961
115,17.09 15:00,60.164
115,17.09 16:00,56.747
115,17.09 17:00,54.024
115,17.09 18:00,59.18
115,17.09 19:00,54.952
115,17.09 20:00,57.815
115,17.09 21:00,64.2
115,17.09 22:00,57.125
115,17.09 23:00,56.862
115,18.09 00:00,59.181
115,18.09 01:00,57.076
115,18.09 02:00,51.186
115,18.09 03:00,48.159
115,18.09 04:00,47.137
115,18.09 05:00,47.079
115,18.09 06:00,46.864
115,18.09 07:00,46.08
115,18.09 08:00,46.06
115,18.09 09:00,45.842
115,18.09 10:00,51.069
115,18.09 11:00,51.01
115,18.09 12:00,56.795
115,18.09 13:00,82.304
115,18.09 14:00,84.784
115,18.09 15:00,86.109
115,18.09 16:00,92.281
115,18.09 17:00,83.724
115,18.09 18:00,88.019
115,18.09 19:00,89.166
115,18.09 20:00,94.412
115,18.09 21:00,76.073
115,18.09 22:00,65.169
115,18.09 23:00,67.196
115,19.09 00:00,60.698
115,19.09 01:00,57.87
115,19.09 02:00,54.26
115,19.09 03:00,50.777
115,19.09 04:00,48.07
115,19.09 05:00,48.119
115,19.09 06:00,54.176
115,19.09 07:00,81.747
115,19.09 08:00,82.334
115,19.09 09:00,86.386
115,19.09 10:00,91.065
115,19.09 11:00,86.088
115,19.09 12:00,89.93
115,19.09 13:00,89.815
115,19.09 14:00,91.67
115,19.09 15:00,87.096
115,19.09 16:00,88.616
115,19.09 17:00,87.737
115,19.09 18:00,90.753
115,19.09 19:00,93.115
115,19.09 20:00,85.847
115,19.09 21:00,72.904
115,19.09 22:00,61.958
115,19.09 23:00,65.083
115,20.09 00:00,64.251
115,20.09 01:00,57.208
115,20.09 02:00,54.231
115,20.09 03:00,47.9
115,20.09 04:00,48.232
115,20.09 05:00,48.973
115,20.09 06:00,57.248
115,20.09 07:00,81.253
115,20.09 08:00,80.274
115,20.09 09:00,85.82
115,20.09 10:00,93.103
115,20.09 11:00,86.714
115,20.09 12:00,87.608
115,20.09 13:00,92.808
115,20.09 14:00,89.977
115,20.09 15:00,86.903
115,20.09 16:00,92.104
115,20.09 17:00,89.166
115,20.09 18:00,84.977
115,20.09 19:00,86.41
115,20.09 20:00,85.767
115,20.09 21:00,74.229
115,20.09 22:00,58.012
115,20.09 23:00,59.73
115,21.09 00:00,59.991
115,21.09 01:00,56.92
115,21.09 02:00,51.149
115,21.09 03:00,47.983
115,21.09 04:00,44.953
115,21.09 05:00,49.121
115,21.09 06:00,56.202
115,21.09 07:00,78.355
115,21.09 08:00,76.995
115,21.09 09:00,84.358
115,21.09 10:00,89.103
115,21.09 11:00,90.31
115,21.09 12:00,90.436
115,21.09 13:00,91.14
115,21.09 14:00,88.984
115,21.09 15:00,87.58
115,21.09 16:00,92.654
115,21.09 17:00,87.782
115,21.09 18:00,85.268
115,21.09 19:00,84.638
115,21.09 20:00,87.346
115,21.09 21:00,79.337
115,21.09 22:00,63.974
115,21.09 23:00,63.301
115,22.09 00:00,61.297
115,22.09 01:00,57.038
115,22.09 02:00,51.86
115,22.09 03:00,49.921
115,22.09 04:00,46.827
115,22.09 05:00,51.83
115,22.09 06:00,65.214
115,22.09 07:00,78.324
115,22.09 08:00,80.229
115,22.09 09:00,82.725
115,22.09 10:00,90.993
115,22.09 11:00,86.227
115,22.09 12:00,90.817
115,22.09 13:00,91.713
115,22.09 14:00,91.776
115,22.09 15:00,86.113
115,22.09 16:00,92.118
115,22.09 17:00,87.047
115,22.09 18:00,85.612
115,22.09 19:00,87.117
115,22.09 20:00,83.745
115,22.09 21:00,70.034
115,22.09 22:00,63.238
115,22.09 23:00,62.923
115,23.09 00:00,58.729
115,23.09 01:00,58.039
115,23.09 02:00,53.739
115,23.09 03:00,49.198
115,23.09 04:00,46.131
115,23.09 05:00,47.235
115,23.09 06:00,58.994
115,23.09 07:00,78.359
115,23.09 08:00,78.295
115,23.09 09:00,84.806
115,23.09 10:00,87.132
115,23.09 11:00,85.584
115,23.09 12:00,92.213
115,23.09 13:00,93.89
115,23.09 14:00,96.173
115,23.09 15:00,90.257
115,23.09 16:00,89.622
115,23.09 17:00,79.645
115,23.09 18:00,57.807
115,23.09 19:00,51.903
115,23.09 20:00,51.246
115,23.09 21:00,54.179
115,23.09 22:00,52.986
115,23.09 23:00,55.266
115,24.09 00:00,55.766
115,24.09 01:00,50.24
115,24.09 02:00,48.109
115,24.09 03:00,46.836
115,24.09 04:00,46.122
115,24.09 05:00,43.865
115,24.09 06:00,47.01
115,24.09 07:00,45.841
115,24.09 08:00,46.0
115,24.09 09:00,46.956
115,24.09 10:00,50.093
115,24.09 11:00,49.77
115,24.09 12:00,56.976
115,24.09 13:00,56.112
115,24.09 14:00,54.227
115,24.09 15:00,54.989
115,24.09 16:00,53.772
115,24.09 17:00,51.789
115,24.09 18:00,51.938
115,24.09 19:00,53.224
115,24.09 20:00,53.181
115,24.09 21:00,53.166
115,24.09 22:00,55.952
115,24.09 23:00,53.934
115,25.09 00:00,49.835
115,25.09 01:00,48.862
115,25.09 02:00,47.823
115,25.09 03:00,44.2
115,25.09 04:00,44.189
115,25.09 05:00,43.046
115,25.09 06:00,41.893
115,25.09 07:00,42.054
115,25.09 08:00,42.09
115,25.09 09:00,42.168
115,25.09 10:00,46.158
115,25.09 11:00,46.157
115,25.09 12:00,47.115
115,25.09 13:00,74.631
115,25.09 14:00,76.986
115,25.09 15:00,81.355
115,25.09 16:00,85.558
115,25.09 17:00,89.375
115,25.09 18:00,88.904
115,25.09 19:00,92.589
115,25.09 20:00,92.403
115,25.09 21:00,79.028
115,25.09 22:00,67.688
115,25.09 23:00,68.735
115,26.09 00:00,66.229
115,26.09 01:00,60.009
115,26.09 02:00,57.721
115,26.09 03:00,55.918
115,26.09 04:00,53.153
115,26.09 05:00,51.063
115,26.09 06:00,60.261
115,26.09 07:00,79.784
115,26.09 08:00,82.101
115,26.09 09:00,79.667
115,26.09 10:00,88.423
115,26.09 11:00,83.214
115,26.09 12:00,86.21
115,26.09 13:00,86.137
115,26.09 14:00,89.556
115,26.09 15:00,83.957
115,26.09 16:00,86.63
115,26.09 17:00,80.713
115,26.09 18:00,80.351
115,26.09 19:00,85.724
115,26.09 20:00,86.82
115,26.09 21:00,71.938
115,26.09 22:00,55.726
115,26.09 23:00,58.164
115,27.09 00:00,56.81
115,27.09 01:00,53.803
115,27.09 02:00,49.244
115,27.09 03:00,43.913
115,27.09 04:00,42.827
115,27.09 05:00,45.915
115,27.09 06:00,53.097
115,27.09 07:00,78.17
115,27.09 08:00,76.302
115,27.09 09:00,80.694
115,27.09 10:00,86.383
115,27.09 11:00,83.414
115,27.09 12:00,87.627
115,27.09 13:00,87.142
115,27.09 14:00,88.005
115,27.09 15:00,87.783
115,27.09 16:00,86.871
115,27.09 17:00,83.332
115,27.09 18:00,81.949
115,27.09 19:00,73.741
115,27.09 20:00,76.893
115,27.09 21:00,67.067
115,27.09 22:00,58.988
115,27.09 23:00,62.044
115,28.09 00:00,59.88
115,28.09 01:00,57.015
115,28.09 02:00,51.254
115,28.09 03:00,48.128
115,28.09 04:00,44.2
115,28.09 05:00,47.887
115,28.09 06:00,54.762
115,28.09 07:00,73.887
115,28.09 08:00,70.972
115,28.09 09:00,75.746
115,28.09 10:00,83.256
115,28.09 11:00,86.24
115,28.09 12:00,89.392
115,28.09 13:00,84.657
115,28.09 14:00,86.05
115,28.09 15:00,82.261
115,28.09 16:00,84.771
115,28.09 17:00,83.058
115,28.09 18:00,88.326
115,28.09 19:00,81.346
115,28.09 20:00,84.392
115,28.09 21:00,72.323
115,28.09 22:00,66.138
115,28.09 23:00,62.261
115,29.09 00:00,58.901
115,29.09 01:00,52.895
115,29.09 02:00,48.026
115,29.09 03:00,46.114
115,29.09 04:00,45.004
115,29.09 05:00,49.031
115,29.09 06:00,56.021
115,29.09 07:00,78.073
115,29.09 08:00,75.668
115,29.09 09:00,82.321
115,29.09 10:00,87.017
115,29.09 11:00,91.189
115,29.09 12:00,89.395
115,29.09 13:00,94.972
115,29.09 14:00,88.348
115,29.09 15:00,83.984
115,29.09 16:00,86.377
115,29.09 17:00,83.943
115,29.09 18:00,87.408
115,29.09 19:00,84.362
115,29.09 20:00,80.078
115,29.09 21:00,67.786
115,29.09 22:00,64.061
115,29.09 23:00,56.958
115,30.09 00:00,58.916
115,30.09 01:00,53.18
115,30.09 02:00,49.963
115,30.09 03:00,46.768
115,30.09 04:00,46.057
115,30.09 05:00,51.137
115,30.09 06:00,56.178
115,30.09 07:00,76.683
115,30.09 08:00,75.966
115,30.09 09:00,81.713
115,30.09 10:00,88.274
115,30.09 11:00,81.165
115,30.09 12:00,84.113
115,30.09 13:00,86.119
115,30.09 14:00,86.916
115,30.09 15:00,85.962
115,30.09 16:00,85.117
115,30.09 17:00,80.262
115,30.09 18:00,56.884
115,30.09 19:00,54.238
115,30.09 20:00,54.803
115,30.09 21:00,53.737
115,30.09 22:00,57.894
115,30.09 23:00,60.066
