116,01.03 00:00,233.466
116,01.03 01:00,215.066
116,01.03 02:00,191.862
116,01.03 03:00,177.315
116,01.03 04:00,178.775
116,01.03 05:00,178.535
116,01.03 06:00,246.905
116,01.03 07:00,268.3
116,01.03 08:00,311.453
116,01.03 09:00,359.511
116,01.03 10:00,386.849
116,01.03 11:00,394.899
116,01.03 12:00,396.312
116,01.03 13:00,397.326
116,01.03 14:00,390.106
116,01.03 15:00,388.67
116,01.03 16:00,380.661
116,01.03 17:00,356.779
116,01.03 18:00,316.619
116,01.03 19:00,299.719
116,01.03 20:00,314.114
116,01.03 21:00,269.579
116,01.03 22:00,252.729
116,01.03 23:00,249.924
116,02.03 00:00,247.177
116,02.03 01:00,217.206
116,02.03 02:00,206.698
116,02.03 03:00,181.659
116,02.03 04:00,183.775
116,02.03 05:00,187.281
116,02.03 06:00,253.559
116,02.03 07:00,267.942
116,02.03 08:00,305.096
116,02.03 09:00,375.641
116,02.03 10:00,398.269
116,02.03 11:00,407.149
116,02.03 12:00,436.447
116,02.03 13:00,401.883
116,02.03 14:00,397.439
116,02.03 15:00,399.093
116,02.03 16:00,388.178
116,02.03 17:00,365.341
116,02.03 18:00,315.735
116,02.03 19:00,329.968
116,02.03 20:00,350.371
116,02.03 21:00,294.085
116,02.03 22:00,284.282
116,02.03 23:00,276.936
116,03.03 00:00,261.534
116,03.03 01:00,235.724
116,03.03 02:00,208.076
116,03.03 03:00,204.262
116,03.03 04:00,207.028
116,03.03 05:00,209.968
116,03.03 06:00,278.951
116,03.03 07:00,302.344
116,03.03 08:00,300.69
116,03.03 09:00,364.804
116,03.03 10:00,388.562
116,03.03 11:00,406.877
116,03.03 12:00,412.966
116,03.03 13:00,406.821
116,03.03 14:00,402.433
116,03.03 15:00,396.722
116,03.03 16:00,402.78
116,03.03 17:00,375.071
116,03.03 18:00,326.38
116,03.03 19:00,305.235
116,03.03 20:00,317.172
116,03.03 21:00,257.875
116,03.03 22:00,252.397
116,03.03 23:00,252.095
116,04.03 00:00,237.578
116,04.03 01:00,226.136
116,04.03 02:00,212.844
116,04.03 03:00,190.343
116,04.03 04:00,191.754
116,04.03 05:00,191.641
116,04.03 06:00,263.186
116,04.03 07:00,279.886
116,04.03 08:00,318.725
116,04.03 09:00,393.151
116,04.03 10:00,405.58
116,04.03 11:00,401.188
116,04.03 12:00,401.263
116,04.03 13:00,396.655
116,04.03 14:00,392.854
116,04.03 15:00,398.504
116,04.03 16:00,383.995
116,04.03 17:00,358.578
116,04.03 18:00,308.142
116,04.03 19:00,262.283
116,04.03 20:00,278.005
116,04.03 21:00,226.061
116,04.03 22:00,225.688
116,04.03 23:00,219.906
116,05.03 00:00,209.459
116,05.03 01:00,195.265
116,05.03 02:00,191.88
116,05.03 03:00,180.155
116,05.03 04:00,183.244
116,05.03 05:00,182.099
116,05.03 06:00,189.783
116,05.03 07:00,255.4
116,05.03 08:00,220.017
116,05.03 09:00,218.625
116,05.03 10:00,223.687
116,05.03 11:00,214.105
116,05.03 12:00,220.925
116,05.03 13:00,237.746
116,05.03 14:00,268.297
116,05.03 15:00,279.063
116,05.03 16:00,262.742
116,05.03 17:00,257.003
116,05.03 18:00,216.093
116,05.03 19:00,181.461
116,05.03 20:00,187.261
116,05.03 21:00,183.182
116,05.03 22:00,184.881
116,05.03 23:00,177.883
116,06.03 00:00,184.917
116,06.03 01:00,182.087
116,06.03 02:00,186.42
116,06.03 03:00,182.867
116,06.03 04:00,178.875
116,06.03 05:00,174.362
116,06.03 06:00,178.983
116,06.03 07:00,243.02
116,06.03 08:00,200.671
116,06.03 09:00,197.018
116,06.03 10:00,201.125
116,06.03 11:00,206.243
116,06.03 12:00,209.609
116,06.03 13:00,215.873
116,06.03 14:00,245.157
116,06.03 15:00,244.453
116,06.03 16:00,246.7
116,06.03 17:00,247.559
116,06.03 18:00,242.373
116,06.03 19:00,211.363
116,06.03 20:00,231.887
116,06.03 21:00,231.992
116,06.03 22:00,230.022
116,06.03 23:00,227.829
116,07.03 00:00,221.204
116,07.03 01:00,182.039
116,07.03 02:00,180.154
116,07.03 03:00,181.567
116,07.03 04:00,183.549
116,07.03 05:00,182.992
116,07.03 06:00,250.658
116,07.03 07:00,275.666
116,07.03 08:00,310.789
116,07.03 09:00,356.139
116,07.03 10:00,382.766
116,07.03 11:00,398.746
116,07.03 12:00,402.431
116,07.03 13:00,400.684
116,07.03 14:00,404.761
116,07.03 15:00,395.843
116,07.03 16:00,380.794
116,07.03 17:00,361.13
116,07.03 18:00,318.561
116,07.03 19:00,330.628
116,07.03 20:00,310.102
116,07.03 21:00,261.46
116,07.03 22:00,247.195
116,07.03 23:00,241.466
116,08.03 00:00,230.569
116,08.03 01:00,206.941
116,08.03 02:00,197.18
116,08.03 03:00,174.163
116,08.03 04:00,176.534
116,08.03 05:00,182.082
116,08.03 06:00,249.395
116,08.03 07:00,277.068
116,08.03 08:00,312.554
116,08.03 09:00,371.432
116,08.03 10:00,393.475
116,08.03 11:00,399.643
116,08.03 12:00,400.16
116,08.03 13:00,408.423
116,08.03 14:00,400.291
116,08.03 15:00,404.167
116,08.03 16:00,402.206
116,08.03 17:00,382.811
116,08.03 18:00,338.07
116,08.03 19:00,335.172
116,08.03 20:00,361.929
116,08.03 21:00,303.759
116,08.03 22:00,290.57
116,08.03 23:00,280.951
116,09.03 00:00,276.258
116,09.03 01:00,234.466
116,09.03 02:00,226.654
116,09.03 03:00,213.614
116,09.03 04:00,213.979
116,09.03 05:00,216.044
116,09.03 06:00,269.821
116,09.03 07:00,297.694
116,09.03 08:00,297.285
116,09.03 09:00,365.16
116,09.03 10:00,395.02
116,09.03 11:00,395.317
116,09.03 12:00,405.905
116,09.03 13:00,395.634
116,09.03 14:00,393.009
116,09.03 15:00,383.919
116,09.03 16:00,385.722
116,09.03 17:00,362.284
116,09.03 18:00,326.053
116,09.03 19:00,317.074
116,09.03 20:00,319.848
116,09.03 21:00,266.039
116,09.03 22:00,256.405
116,09.03 23:00,245.409
116,10.03 00:00,233.125
116,10.03 01:00,206.161
116,10.03 02:00,185.148
116,10.03 03:00,174.454
116,10.03 04:00,176.174
116,10.03 05:00,178.819
116,10.03 06:00,247.127
116,10.03 07:00,275.682
116,10.03 08:00,292.899
116,10.03 09:00,361.158
116,10.03 10:00,383.81
116,10.03 11:00,386.395
116,10.03 12:00,400.661
116,10.03 13:00,393.105
116,10.03 14:00,386.804
116,10.03 15:00,383.181
116,10.03 16:00,388.669
116,10.03 17:00,370.494
116,10.03 18:00,321.684
116,10.03 19:00,320.742
116,10.03 20:00,312.6
116,10.03 21:00,256.134
116,10.03 22:00,244.314
116,10.03 23:00,239.935
116,11.03 00:00,236.884
116,11.03 01:00,182.531
116,11.03 02:00,191.094
116,11.03 03:00,172.367
116,11.03 04:00,173.832
116,11.03 05:00,176.784
116,11.03 06:00,241.039
116,11.03 07:00,266.454
116,11.03 08:00,298.351
116,11.03 09:00,354.372
116,11.03 10:00,365.514
116,11.03 11:00,378.331
116,11.03 12:00,373.396
116,11.03 13:00,350.857
116,11.03 14:00,358.621
116,11.03 15:00,356.895
116,11.03 16:00,347.364
116,11.03 17:00,330.842
116,11.03 18:00,266.396
116,11.03 19:00,267.081
116,11.03 20:00,262.85
116,11.03 21:00,219.394
116,11.03 22:00,210.014
116,11.03 23:00,200.442
116,12.03 00:00,200.312
116,12.03 01:00,204.082
116,12.03 02:00,180.44
116,12.03 03:00,168.563
116,12.03 04:00,170.932
116,12.03 05:00,169.832
116,12.03 06:00,174.16
116,12.03 07:00,228.287
116,12.03 08:00,192.793
116,12.03 09:00,201.05
116,12.03 10:00,205.599
116,12.03 11:00,205.856
116,12.03 12:00,201.988
116,12.03 13:00,206.936
116,12.03 14:00,203.281
116,12.03 15:00,206.131
116,12.03 16:00,208.571
116,12.03 17:00,205.595
116,12.03 18:00,200.762
116,12.03 19:00,149.478
116,12.03 20:00,176.239
116,12.03 21:00,175.406
116,12.03 22:00,175.44
116,12.03 23:00,173.802
116,13.03 00:00,169.952
116,13.03 01:00,170.322
116,13.03 02:00,171.526
116,13.03 04:00,171.231
116,13.03 05:00,170.713
116,13.03 06:00,171.307
116,13.03 07:00,233.737
116,13.03 08:00,222.35
116,13.03 09:00,198.867
116,13.03 10:00,199.934
116,13.03 11:00,202.579
116,13.03 12:00,206.424
116,13.03 13:00,205.343
116,13.03 14:00,206.951
116,13.03 15:00,208.072
116,13.03 16:00,204.583
116,13.03 17:00,208.389
116,13.03 18:00,208.406
116,13.03 19:00,145.609
116,13.03 20:00,156.697
116,13.03 21:00,186.202
116,13.03 22:00,186.375
116,13.03 23:00,184.162
116,14.03 00:00,183.558
116,14.03 01:00,172.488
116,14.03 02:00,174.937
116,14.03 03:00,175.708
116,14.03 04:00,175.39
116,14.03 05:00,178.053
116,14.03 06:00,244.994
116,14.03 07:00,264.822
116,14.03 08:00,317.495
116,14.03 09:00,355.225
116,14.03 10:00,367.301
116,14.03 11:00,370.298
116,14.03 12:00,370.517
116,14.03 13:00,368.174
116,14.03 14:00,371.592
116,14.03 15:00,363.335
116,14.03 16:00,367.186
116,14.03 17:00,340.576
116,14.03 18:00,282.417
116,14.03 19:00,254.138
116,14.03 20:00,246.408
116,14.03 21:00,231.53
116,14.03 22:00,234.709
116,14.03 23:00,224.483
116,15.03 00:00,226.993
116,15.03 01:00,219.123
116,15.03 02:00,203.963
116,15.03 03:00,180.945
116,15.03 04:00,183.544
116,15.03 05:00,186.474
116,15.03 06:00,236.519
116,15.03 07:00,259.419
116,15.03 08:00,317.905
116,15.03 09:00,346.549
116,15.03 10:00,368.069
116,15.03 11:00,384.439
116,15.03 12:00,386.405
116,15.03 13:00,382.727
116,15.03 14:00,378.101
116,15.03 15:00,383.695
116,15.03 16:00,376.006
116,15.03 17:00,347.057
116,15.03 18:00,290.973
116,15.03 19:00,264.106
116,15.03 20:00,251.652
116,15.03 21:00,230.097
116,15.03 22:00,221.567
116,15.03 23:00,207.731
116,16.03 00:00,224.706
116,16.03 01:00,220.234
116,16.03 02:00,203.516
116,16.03 03:00,183.68
116,16.03 04:00,184.03
116,16.03 05:00,188.124
116,16.03 06:00,234.087
116,16.03 07:00,253.686
116,16.03 08:00,309.995
116,16.03 09:00,337.307
116,16.03 10:00,365.764
116,16.03 11:00,376.099
116,16.03 12:00,383.987
116,16.03 13:00,375.81
116,16.03 14:00,375.61
116,16.03 15:00,376.258
116,16.03 16:00,370.661
116,16.03 17:00,346.145
116,16.03 18:00,279.615
116,16.03 19:00,255.986
116,16.03 20:00,245.924
116,16.03 21:00,224.151
116,16.03 22:00,219.542
116,16.03 23:00,217.072
116,17.03 00:00,226.971
116,17.03 01:00,212.855
116,17.03 02:00,201.661
116,17.03 03:00,180.921
116,17.03 04:00,181.816
116,17.03 05:00,182.76
116,17.03 06:00,241.617
116,17.03 07:00,259.779
116,17.03 08:00,313.627
116,17.03 09:00,348.982
116,17.03 10:00,350.99
116,17.03 11:00,358.549
116,17.03 12:00,359.936
116,17.03 13:00,362.45
116,17.03 14:00,363.192
116,17.03 15:00,358.691
116,17.03 16:00,355.524
116,17.03 17:00,335.357
116,17.03 18:00,266.319
116,17.03 19:00,233.226
116,17.03 20:00,263.059
116,17.03 21:00,247.116
116,17.03 22:00,236.583
116,17.03 23:00,240.468
116,18.03 00:00,231.071
116,18.03 01:00,216.5
116,18.03 02:00,197.013
116,18.03 03:00,181.226
116,18.03 04:00,182.495
116,18.03 05:00,184.842
116,18.03 06:00,243.008
116,18.03 07:00,256.359
116,18.03 08:00,310.959
116,18.03 09:00,336.306
116,18.03 10:00,351.357
116,18.03 11:00,356.415
116,18.03 12:00,358.008
116,18.03 13:00,359.724
116,18.03 14:00,377.952
116,18.03 15:00,355.337
116,18.03 16:00,343.38
116,18.03 17:00,321.417
116,18.03 18:00,260.827
116,18.03 19:00,244.966
116,18.03 20:00,278.701
116,18.03 21:00,224.188
116,18.03 22:00,211.945
116,18.03 23:00,216.894
116,19.03 00:00,207.147
116,19.03 01:00,208.755
116,19.03 02:00,189.78
116,19.03 03:00,183.523
116,19.03 04:00,177.816
116,19.03 05:00,180.329
116,19.03 06:00,183.887
116,19.03 07:00,250.942
116,19.03 08:00,239.646
116,19.03 09:00,206.207
116,19.03 10:00,207.421
116,19.03 11:00,208.43
116,19.03 12:00,211.457
116,19.03 13:00,209.587
116,19.03 14:00,210.666
116,19.03 15:00,217.128
116,19.03 16:00,217.595
116,19.03 17:00,216.998
116,19.03 18:00,213.309
116,19.03 19:00,180.207
116,19.03 20:00,154.405
116,19.03 21:00,183.376
116,19.03 22:00,182.49
116,19.03 23:00,181.339
116,20.03 00:00,180.6
116,20.03 01:00,180.898
116,20.03 02:00,179.751
116,20.03 03:00,180.739
116,20.03 04:00,180.843
116,20.03 05:00,180.724
116,20.03 06:00,184.192
116,20.03 07:00,242.451
116,20.03 08:00,225.19
116,20.03 09:00,207.386
116,20.03 10:00,210.36
116,20.03 11:00,208.334
116,20.03 12:00,210.83
116,20.03 13:00,208.271
116,20.03 14:00,209.457
116,20.03 15:00,215.383
116,20.03 16:00,211.361
116,20.03 17:00,213.799
116,20.03 18:00,214.993
116,20.03 19:00,194.853
116,20.03 20:00,162.318
116,20.03 21:00,192.852
116,20.03 22:00,192.059
116,20.03 23:00,192.954
116,21.03 00:00,189.66
116,21.03 01:00,179.416
116,21.03 02:00,180.272
116,21.03 03:00,181.531
116,21.03 04:00,180.324
116,21.03 05:00,182.666
116,21.03 06:00,246.624
116,21.03 07:00,269.302
116,21.03 08:00,320.19
116,21.03 09:00,375.045
116,21.03 10:00,393.201
116,21.03 11:00,398.62
116,21.03 12:00,399.644
116,21.03 13:00,400.898
116,21.03 14:00,400.813
116,21.03 15:00,396.918
116,21.03 16:00,392.569
116,21.03 17:00,346.494
116,21.03 18:00,306.232
116,21.03 19:00,275.758
116,21.03 20:00,277.918
116,21.03 21:00,259.249
116,21.03 22:00,243.012
116,21.03 23:00,243.478
116,22.03 00:00,232.152
116,22.03 01:00,196.135
116,22.03 02:00,189.896
116,22.03 03:00,178.399
116,22.03 04:00,179.467
116,22.03 05:00,182.751
116,22.03 06:00,246.351
116,22.03 07:00,265.93
116,22.03 08:00,310.349
116,22.03 09:00,359.719
116,22.03 10:00,377.99
116,22.03 11:00,382.396
116,22.03 12:00,382.149
116,22.03 13:00,373.471
116,22.03 14:00,370.981
116,22.03 15:00,368.714
116,22.03 16:00,370.997
116,22.03 17:00,348.306
116,22.03 18:00,301.082
116,22.03 19:00,272.285
116,22.03 20:00,265.072
116,22.03 21:00,248.12
116,22.03 22:00,235.603
116,22.03 23:00,233.052
116,23.03 00:00,230.934
116,23.03 01:00,187.835
116,23.03 02:00,183.73
116,23.03 03:00,169.199
116,23.03 04:00,169.83
116,23.03 05:00,172.041
116,23.03 06:00,231.612
116,23.03 07:00,252.566
116,23.03 08:00,302.609
116,23.03 09:00,356.748
116,23.03 10:00,372.191
116,23.03 11:00,386.561
116,23.03 12:00,393.116
116,23.03 13:00,388.965
116,23.03 14:00,385.74
116,23.03 15:00,376.702
116,23.03 16:00,372.143
116,23.03 17:00,355.789
116,23.03 18:00,315.422
116,23.03 19:00,294.914
116,23.03 20:00,279.858
116,23.03 21:00,262.902
116,23.03 22:00,249.971
116,23.03 23:00,248.507
116,24.03 00:00,238.898
116,24.03 01:00,207.048
116,24.03 02:00,190.168
116,24.03 03:00,176.777
116,24.03 04:00,173.653
116,24.03 05:00,177.986
116,24.03 06:00,253.837
116,24.03 07:00,277.417
116,24.03 08:00,323.143
116,24.03 09:00,366.528
116,24.03 10:00,385.589
116,24.03 11:00,397.872
116,24.03 12:00,398.868
116,24.03 13:00,389.257
116,24.03 14:00,391.728
116,24.03 15:00,393.537
116,24.03 16:00,380.278
116,24.03 17:00,359.595
116,24.03 18:00,316.111
116,24.03 19:00,290.426
116,24.03 20:00,280.556
116,24.03 21:00,260.462
116,24.03 22:00,260.292
116,24.03 23:00,257.23
116,25.03 00:00,245.909
116,25.03 01:00,212.756
116,25.03 02:00,197.417
116,25.03 03:00,182.744
116,25.03 04:00,181.772
116,25.03 05:00,184.804
116,25.03 06:00,252.601
116,25.03 07:00,274.293
116,25.03 08:00,299.759
116,25.03 09:00,358.262
116,25.03 10:00,386.337
116,25.03 11:00,392.571
116,25.03 12:00,391.036
116,25.03 13:00,381.888
116,25.03 14:00,369.042
116,25.03 15:00,358.702
116,25.03 16:00,350.411
116,25.03 17:00,341.402
116,25.03 18:00,295.962
116,25.03 19:00,243.069
116,25.03 20:00,228.063
116,25.03 21:00,205.296
116,25.03 22:00,194.566
116,25.03 23:00,198.328
116,26.03 00:00,198.785
116,26.03 01:00,198.158
116,26.03 02:00,181.356
116,26.03 03:00,179.656
116,26.03 04:00,179.456
116,26.03 05:00,180.61
116,26.03 06:00,186.83
116,26.03 07:00,248.099
116,26.03 08:00,232.576
116,26.03 09:00,210.656
116,26.03 10:00,208.421
116,26.03 11:00,214.876
116,26.03 12:00,211.075
116,26.03 13:00,216.576
116,26.03 14:00,233.907
116,26.03 15:00,236.051
116,26.03 16:00,234.32
116,26.03 17:00,231.286
116,26.03 18:00,198.207
116,26.03 19:00,140.701
116,26.03 20:00,148.063
116,26.03 21:00,177.758
116,26.03 22:00,180.114
116,26.03 23:00,177.87
116,27.03 00:00,178.164
116,27.03 01:00,175.865
116,27.03 02:00,175.781
116,27.03 03:00,175.205
116,27.03 04:00,174.36
116,27.03 05:00,174.951
116,27.03 06:00,180.148
116,27.03 07:00,239.673
116,27.03 08:00,232.278
116,27.03 09:00,202.147
116,27.03 10:00,201.796
116,27.03 11:00,205.069
116,27.03 12:00,199.634
116,27.03 13:00,202.051
116,27.03 14:00,234.926
116,27.03 15:00,237.363
116,27.03 16:00,241.005
116,27.03 17:00,240.084
116,27.03 18:00,249.859
116,27.03 19:00,206.792
116,27.03 20:00,207.978
116,27.03 21:00,266.052
116,27.03 22:00,264.707
116,27.03 23:00,270.95
116,28.03 00:00,263.246
116,28.03 01:00,237.366
116,28.03 02:00,227.534
116,28.03 03:00,228.423
116,28.03 04:00,226.739
116,28.03 05:00,231.096
116,28.03 06:00,296.654
116,28.03 07:00,317.48
116,28.03 08:00,335.28
116,28.03 09:00,371.01
116,28.03 10:00,393.363
116,28.03 11:00,397.985
116,28.03 12:00,410.398
116,28.03 13:00,410.556
116,28.03 14:00,402.262
116,28.03 15:00,384.864
116,28.03 16:00,382.708
116,28.03 17:00,365.868
116,28.03 18:00,339.593
116,28.03 19:00,300.905
116,28.03 20:00,281.078
116,28.03 21:00,268.017
116,28.03 22:00,252.512
116,28.03 23:00,245.044
116,29.03 00:00,239.203
116,29.03 01:00,212.395
116,29.03 02:00,202.966
116,29.03 03:00,181.741
116,29.03 04:00,183.191
116,29.03 05:00,188.404
116,29.03 06:00,246.672
116,29.03 07:00,264.555
116,29.03 08:00,310.303
116,29.03 09:00,344.525
116,29.03 10:00,368.501
116,29.03 11:00,387.054
116,29.03 12:00,4.977
116,29.03 13:00,0.0
116,29.03 14:00,378.315
116,29.03 15:00,379.994
116,29.03 16:00,374.897
116,29.03 17:00,356.878
116,29.03 18:00,301.875
116,29.03 19:00,278.372
116,29.03 20:00,290.598
116,29.03 21:00,256.9
116,29.03 22:00,249.46
116,29.03 23:00,242.747
116,30.03 00:00,241.121
116,30.03 01:00,242.986
116,30.03 02:00,0.0
116,30.03 03:00,0.995
116,30.03 04:00,0.995
116,30.03 05:00,0.996
116,30.03 06:00,1.001
116,30.03 07:00,1.001
116,30.03 08:00,1.001
116,30.03 09:00,1.002
116,30.03 10:00,0.0
116,30.03 11:00,379.353
116,30.03 12:00,381.485
116,30.03 13:00,384.866
116,30.03 14:00,382.117
116,30.03 15:00,377.848
116,30.03 16:00,372.819
116,30.03 17:00,352.371
116,30.03 18:00,305.73
116,30.03 19:00,275.022
116,30.03 20:00,257.143
116,30.03 21:00,248.217
116,30.03 22:00,246.135
116,30.03 23:00,242.085
116,31.03 00:00,230.619
116,31.03 01:00,195.218
116,31.03 02:00,189.53
116,31.03 03:00,175.947
116,31.03 04:00,177.682
116,31.03 05:00,176.493
116,31.03 06:00,236.672
116,31.03 07:00,259.172
116,31.03 08:00,292.535
116,31.03 09:00,350.174
116,31.03 10:00,374.904
116,31.03 11:00,377.653
116,31.03 12:00,383.091
116,31.03 13:00,375.948
116,31.03 14:00,373.307
116,31.03 15:00,374.676
116,31.03 16:00,368.919
116,31.03 17:00,356.808
116,31.03 18:00,312.706
116,31.03 19:00,285.629
116,31.03 20:00,269.921
116,31.03 21:00,263.538
116,31.03 22:00,257.163
116,31.03 23:00,249.195
116,01.04 00:00,237.71
116,01.04 01:00,214.105
116,01.04 02:00,203.739
116,01.04 03:00,175.326
116,01.04 04:00,184.174
116,01.04 05:00,187.008
116,01.04 06:00,248.94
116,01.04 07:00,266.694
116,01.04 08:00,300.545
116,01.04 09:00,353.886
116,01.04 10:00,380.533
116,01.04 11:00,384.307
116,01.04 12:00,389.054
116,01.04 13:00,380.838
116,01.04 14:00,380.454
116,01.04 15:00,381.727
116,01.04 16:00,374.148
116,01.04 17:00,354.972
116,01.04 18:00,310.103
116,01.04 19:00,262.141
116,01.04 20:00,236.85
116,01.04 21:00,216.216
116,01.04 22:00,204.351
116,01.04 23:00,193.485
116,02.04 00:00,199.187
116,02.04 01:00,200.801
116,02.04 02:00,197.755
116,02.04 03:00,186.047
116,02.04 04:00,184.958
116,02.04 05:00,186.754
116,02.04 06:00,190.521
116,02.04 07:00,247.791
116,02.04 08:00,218.832
116,02.04 09:00,223.414
116,02.04 10:00,229.49
116,02.04 11:00,234.671
116,02.04 12:00,236.406
116,02.04 13:00,246.952
116,02.04 14:00,254.905
116,02.04 15:00,259.285
116,02.04 16:00,262.58
116,02.04 17:00,255.081
116,02.04 18:00,217.923
116,02.04 19:00,177.359
116,02.04 20:00,154.234
116,02.04 21:00,196.358
116,02.04 22:00,186.684
116,02.04 23:00,187.738
116,03.04 00:00,185.654
116,03.04 01:00,183.206
116,03.04 02:00,185.091
116,03.04 03:00,186.107
116,03.04 04:00,183.286
116,03.04 05:00,185.865
116,03.04 06:00,189.526
116,03.04 07:00,248.547
116,03.04 08:00,217.906
116,03.04 09:00,199.859
116,03.04 10:00,214.288
116,03.04 11:00,207.958
116,03.04 12:00,201.518
116,03.04 13:00,203.647
116,03.04 14:00,234.52
116,03.04 15:00,239.07
116,03.04 16:00,238.743
116,03.04 17:00,241.6
116,03.04 18:00,232.779
116,03.04 19:00,215.345
116,03.04 20:00,190.754
116,03.04 21:00,230.941
116,03.04 22:00,230.586
116,03.04 23:00,229.945
116,04.04 00:00,222.811
116,04.04 01:00,189.521
116,04.04 02:00,190.735
116,04.04 03:00,189.759
116,04.04 04:00,189.439
116,04.04 05:00,191.377
116,04.04 06:00,255.581
116,04.04 07:00,275.789
116,04.04 08:00,304.369
116,04.04 09:00,348.592
116,04.04 10:00,370.299
116,04.04 11:00,382.193
116,04.04 12:00,391.254
116,04.04 13:00,387.369
116,04.04 14:00,386.736
116,04.04 15:00,379.505
116,04.04 16:00,371.823
116,04.04 17:00,352.618
116,04.04 18:00,308.053
116,04.04 19:00,280.419
116,04.04 20:00,259.93
116,04.04 21:00,253.118
116,04.04 22:00,250.574
116,04.04 23:00,246.172
116,05.04 00:00,235.383
116,05.04 01:00,191.155
116,05.04 02:00,188.877
116,05.04 03:00,182.579
116,05.04 04:00,181.91
116,05.04 05:00,185.055
116,05.04 06:00,239.65
116,05.04 07:00,275.361
116,05.04 08:00,300.614
116,05.04 09:00,347.079
116,05.04 10:00,365.041
116,05.04 11:00,382.83
116,05.04 12:00,392.53
116,05.04 13:00,395.417
116,05.04 14:00,381.826
116,05.04 15:00,377.711
116,05.04 16:00,372.672
116,05.04 17:00,352.78
116,05.04 18:00,313.978
116,05.04 19:00,287.986
116,05.04 20:00,269.252
116,05.04 21:00,262.835
116,05.04 22:00,259.508
116,05.04 23:00,250.503
116,06.04 00:00,245.011
116,06.04 01:00,211.668
116,06.04 02:00,198.537
116,06.04 03:00,186.577
116,06.04 04:00,187.787
116,06.04 05:00,189.821
116,06.04 06:00,241.213
116,06.04 07:00,252.655
116,06.04 08:00,294.655
116,06.04 09:00,352.965
116,06.04 10:00,379.489
116,06.04 11:00,392.75
116,06.04 12:00,388.868
116,06.04 13:00,386.461
116,06.04 14:00,383.166
116,06.04 15:00,385.122
116,06.04 16:00,388.223
116,06.04 17:00,359.089
116,06.04 18:00,318.068
116,06.04 19:00,290.357
116,06.04 20:00,271.59
116,06.04 21:00,259.475
116,06.04 22:00,247.1
116,06.04 23:00,244.62
116,07.04 00:00,242.281
116,07.04 01:00,207.158
116,07.04 02:00,194.471
116,07.04 03:00,182.814
116,07.04 04:00,187.259
116,07.04 05:00,188.912
116,07.04 06:00,253.047
116,07.04 07:00,269.107
116,07.04 08:00,299.311
116,07.04 09:00,347.981
116,07.04 10:00,360.557
116,07.04 11:00,377.09
116,07.04 12:00,404.564
116,07.04 13:00,394.701
116,07.04 14:00,397.941
116,07.04 15:00,389.434
116,07.04 16:00,381.612
116,07.04 17:00,363.5
116,07.04 18:00,323.584
116,07.04 19:00,285.315
116,07.04 20:00,264.698
116,07.04 21:00,231.995
116,07.04 22:00,224.532
116,07.04 23:00,221.972
116,08.04 00:00,208.909
116,08.04 01:00,179.277
116,08.04 02:00,161.208
116,08.04 03:00,144.842
116,08.04 04:00,149.165
116,08.04 05:00,152.275
116,08.04 06:00,208.312
116,08.04 07:00,241.844
116,08.04 08:00,288.763
116,08.04 09:00,354.746
116,08.04 10:00,383.571
116,08.04 11:00,392.544
116,08.04 12:00,384.188
116,08.04 13:00,376.595
116,08.04 14:00,371.265
116,08.04 15:00,371.034
116,08.04 16:00,367.536
116,08.04 17:00,338.432
116,08.04 18:00,296.894
116,08.04 19:00,250.821
116,08.04 20:00,244.056
116,08.04 21:00,227.541
116,08.04 22:00,226.618
116,08.04 23:00,217.256
116,09.04 00:00,194.346
116,09.04 01:00,198.74
116,09.04 02:00,188.503
116,09.04 03:00,181.139
116,09.04 04:00,182.182
116,09.04 05:00,184.928
116,09.04 06:00,190.118
116,09.04 07:00,252.08
116,09.04 08:00,229.204
116,09.04 09:00,216.267
116,09.04 10:00,218.074
116,09.04 11:00,204.211
116,09.04 12:00,205.497
116,09.04 13:00,217.201
116,09.04 14:00,233.99
116,09.04 15:00,233.91
116,09.04 16:00,234.955
116,09.04 17:00,231.563
116,09.04 18:00,200.134
116,09.04 19:00,169.478
116,09.04 20:00,144.077
116,09.04 21:00,185.826
116,09.04 22:00,183.623
116,09.04 23:00,179.85
116,10.04 00:00,181.565
116,10.04 01:00,178.881
116,10.04 02:00,179.396
116,10.04 03:00,180.103
116,10.04 04:00,180.275
116,10.04 05:00,180.868
116,10.04 06:00,182.315
116,10.04 07:00,236.942
116,10.04 08:00,217.113
116,10.04 09:00,195.18
116,10.04 10:00,196.587
116,10.04 11:00,200.511
116,10.04 12:00,201.211
116,10.04 13:00,210.881
116,10.04 14:00,234.61
116,10.04 15:00,238.465
116,10.04 16:00,241.16
116,10.04 17:00,239.028
116,10.04 18:00,238.994
116,10.04 19:00,215.524
116,10.04 20:00,200.267
116,10.04 21:00,229.717
116,10.04 22:00,230.437
116,10.04 23:00,229.606
116,11.04 00:00,224.874
116,11.04 01:00,187.178
116,11.04 02:00,186.688
116,11.04 03:00,186.344
116,11.04 04:00,186.415
116,11.04 05:00,188.151
116,11.04 06:00,248.65
116,11.04 07:00,264.884
116,11.04 08:00,316.553
116,11.04 09:00,362.441
116,11.04 10:00,379.669
116,11.04 11:00,389.192
116,11.04 12:00,396.253
116,11.04 13:00,401.937
116,11.04 14:00,397.993
116,11.04 15:00,396.75
116,11.04 16:00,387.339
116,11.04 17:00,367.202
116,11.04 18:00,327.061
116,11.04 19:00,291.563
116,11.04 20:00,270.197
116,11.04 21:00,262.71
116,11.04 22:00,256.165
116,11.04 23:00,254.934
116,12.04 00:00,244.246
116,12.04 01:00,204.336
116,12.04 02:00,192.462
116,12.04 03:00,182.244
116,12.04 04:00,179.278
116,12.04 05:00,184.132
116,12.04 06:00,242.957
116,12.04 07:00,266.929
116,12.04 08:00,315.89
116,12.04 09:00,366.757
116,12.04 10:00,389.068
116,12.04 11:00,399.434
116,12.04 12:00,401.989
116,12.04 13:00,401.534
116,12.04 14:00,402.316
116,12.04 15:00,391.993
116,12.04 16:00,385.349
116,12.04 17:00,362.422
116,12.04 18:00,311.448
116,12.04 19:00,278.971
116,12.04 20:00,279.613
116,12.04 21:00,263.976
116,12.04 22:00,259.276
116,12.04 23:00,253.569
116,13.04 00:00,249.868
116,13.04 01:00,219.522
116,13.04 02:00,202.865
116,13.04 03:00,176.833
116,13.04 04:00,178.22
116,13.04 05:00,182.265
116,13.04 06:00,235.834
116,13.04 07:00,268.054
116,13.04 08:00,304.679
116,13.04 09:00,345.451
116,13.04 10:00,370.356
116,13.04 11:00,373.878
116,13.04 12:00,388.312
116,13.04 13:00,381.435
116,13.04 14:00,380.486
116,13.04 15:00,374.552
116,13.04 16:00,372.395
116,13.04 17:00,358.583
116,13.04 18:00,307.554
116,13.04 19:00,280.705
116,13.04 20:00,271.657
116,13.04 21:00,249.233
116,13.04 22:00,247.462
116,13.04 23:00,244.251
116,14.04 00:00,237.17
116,14.04 01:00,195.925
116,14.04 02:00,186.426
116,14.04 03:00,174.773
116,14.04 04:00,175.835
116,14.04 05:00,177.961
116,14.04 06:00,234.926
116,14.04 07:00,252.487
116,14.04 08:00,272.967
116,14.04 09:00,350.521
116,14.04 10:00,372.204
116,14.04 11:00,378.262
116,14.04 12:00,380.254
116,14.04 13:00,377.705
116,14.04 14:00,378.386
116,14.04 15:00,380.998
116,14.04 16:00,370.458
116,14.04 17:00,363.566
116,14.04 18:00,311.866
116,14.04 19:00,286.462
116,14.04 20:00,261.556
116,14.04 21:00,250.323
116,14.04 22:00,241.884
116,14.04 23:00,242.664
116,15.04 00:00,230.661
116,15.04 01:00,207.808
116,15.04 02:00,199.551
116,15.04 03:00,179.491
116,15.04 04:00,180.871
116,15.04 05:00,178.735
116,15.04 06:00,238.199
116,15.04 07:00,266.713
116,15.04 08:00,297.573
116,15.04 09:00,353.688
116,15.04 10:00,377.2
116,15.04 11:00,398.845
116,15.04 12:00,395.635
116,15.04 13:00,385.818
116,15.04 14:00,388.252
116,15.04 15:00,375.725
116,15.04 16:00,368.531
116,15.04 17:00,357.247
116,15.04 18:00,324.906
116,15.04 19:00,276.21
116,15.04 20:00,247.601
116,15.04 21:00,239.912
116,15.04 22:00,261.487
116,15.04 23:00,266.094
116,16.04 00:00,252.351
116,16.04 01:00,249.304
116,16.04 02:00,227.874
116,16.04 03:00,215.966
116,16.04 04:00,218.69
116,16.04 05:00,216.848
116,16.04 06:00,217.646
116,16.04 07:00,272.709
116,16.04 08:00,227.507
116,16.04 09:00,210.849
116,16.04 10:00,213.94
116,16.04 11:00,206.155
116,16.04 12:00,208.314
116,16.04 13:00,220.432
116,16.04 14:00,247.032
116,16.04 15:00,247.847
116,16.04 16:00,251.62
116,16.04 17:00,245.846
116,16.04 18:00,208.985
116,16.04 19:00,177.552
116,16.04 20:00,187.525
116,16.04 21:00,211.548
116,16.04 22:00,212.747
116,16.04 23:00,208.696
116,17.04 00:00,207.752
116,17.04 01:00,207.363
116,17.04 02:00,205.47
116,17.04 03:00,207.027
116,17.04 04:00,206.613
116,17.04 05:00,205.956
116,17.04 06:00,204.908
116,17.04 07:00,260.186
116,17.04 08:00,242.141
116,17.04 09:00,200.04
116,17.04 10:00,203.87
116,17.04 11:00,205.158
116,17.04 12:00,209.862
116,17.04 13:00,216.432
116,17.04 14:00,251.149
116,17.04 15:00,250.93
116,17.04 16:00,249.67
116,17.04 17:00,250.176
116,17.04 18:00,249.186
116,17.04 19:00,233.348
116,17.04 20:00,224.759
116,17.04 21:00,234.724
116,17.04 22:00,237.049
116,17.04 23:00,236.989
116,18.04 00:00,228.408
116,18.04 01:00,193.638
116,18.04 02:00,189.224
116,18.04 03:00,192.809
116,18.04 04:00,191.405
116,18.04 05:00,191.302
116,18.04 06:00,247.79
116,18.04 07:00,259.129
116,18.04 08:00,286.417
116,18.04 09:00,305.75
116,18.04 10:00,327.169
116,18.04 11:00,365.629
116,18.04 12:00,377.314
116,18.04 13:00,383.802
116,18.04 14:00,382.821
116,18.04 15:00,370.823
116,18.04 16:00,367.278
116,18.04 17:00,353.829
116,18.04 18:00,303.168
116,18.04 19:00,279.242
116,18.04 20:00,266.082
116,18.04 21:00,257.826
116,18.04 22:00,249.318
116,18.04 23:00,247.652
116,19.04 00:00,243.176
116,19.04 01:00,207.497
116,19.04 02:00,193.801
116,19.04 03:00,175.288
116,19.04 04:00,174.5
116,19.04 05:00,175.418
116,19.04 06:00,231.107
116,19.04 07:00,260.143
116,19.04 08:00,299.559
116,19.04 09:00,357.647
116,19.04 10:00,369.32
116,19.04 11:00,384.997
116,19.04 12:00,389.516
116,19.04 13:00,382.075
116,19.04 14:00,384.632
116,19.04 15:00,385.17
116,19.04 16:00,386.553
116,19.04 17:00,371.903
116,19.04 18:00,321.909
116,19.04 19:00,296.516
116,19.04 20:00,279.853
116,19.04 21:00,279.121
116,19.04 22:00,262.487
116,19.04 23:00,257.908
116,20.04 00:00,252.248
116,20.04 01:00,211.979
116,20.04 02:00,193.252
116,20.04 03:00,182.782
116,20.04 04:00,182.773
116,20.04 05:00,181.618
116,20.04 06:00,236.707
116,20.04 07:00,265.883
116,20.04 08:00,299.843
116,20.04 09:00,358.605
116,20.04 10:00,376.396
116,20.04 11:00,390.348
116,20.04 12:00,395.985
116,20.04 13:00,391.185
116,20.04 14:00,387.588
116,20.04 15:00,392.407
116,20.04 16:00,383.162
116,20.04 17:00,370.693
116,20.04 18:00,318.13
116,20.04 19:00,293.407
116,20.04 20:00,272.685
116,20.04 21:00,282.352
116,20.04 22:00,278.845
116,20.04 23:00,271.481
116,21.04 00:00,263.405
116,21.04 01:00,227.984
116,21.04 02:00,219.437
116,21.04 03:00,201.802
116,21.04 04:00,203.913
116,21.04 05:00,203.301
116,21.04 06:00,262.943
116,21.04 07:00,287.662
116,21.04 08:00,296.213
116,21.04 09:00,365.469
116,21.04 10:00,388.757
116,21.04 11:00,391.202
116,21.04 12:00,390.614
116,21.04 13:00,391.572
116,21.04 14:00,391.784
116,21.04 15:00,396.379
116,21.04 16:00,389.558
116,21.04 17:00,371.17
116,21.04 18:00,331.601
116,21.04 19:00,300.805
116,21.04 20:00,281.411
116,21.04 21:00,253.698
116,21.04 22:00,229.949
116,21.04 23:00,219.66
116,22.04 00:00,204.215
116,22.04 01:00,177.534
116,22.04 02:00,169.547
116,22.04 03:00,146.17
116,22.04 04:00,146.269
116,22.04 05:00,149.148
116,22.04 06:00,203.044
116,22.04 07:00,234.831
116,22.04 08:00,285.912
116,22.04 09:00,362.707
116,22.04 10:00,386.687
116,22.04 11:00,394.119
116,22.04 12:00,396.575
116,22.04 13:00,388.594
116,22.04 14:00,385.752
116,22.04 15:00,375.117
116,22.04 16:00,377.336
116,22.04 17:00,365.026
116,22.04 18:00,306.353
116,22.04 19:00,269.792
116,22.04 20:00,252.184
116,22.04 21:00,234.373
116,22.04 22:00,255.302
116,22.04 23:00,266.038
116,23.04 00:00,256.201
116,23.04 01:00,226.919
116,23.04 02:00,217.496
116,23.04 03:00,203.264
116,23.04 04:00,203.93
116,23.04 05:00,202.99
116,23.04 06:00,203.77
116,23.04 07:00,251.345
116,23.04 08:00,196.036
116,23.04 09:00,192.523
116,23.04 10:00,194.789
116,23.04 11:00,194.911
116,23.04 12:00,195.502
116,23.04 13:00,209.688
116,23.04 14:00,245.877
116,23.04 15:00,246.427
116,23.04 16:00,245.199
116,23.04 17:00,240.707
116,23.04 18:00,202.022
116,23.04 19:00,171.545
116,23.04 20:00,144.124
116,23.04 21:00,173.716
116,23.04 22:00,179.344
116,23.04 23:00,177.966
116,24.04 00:00,178.458
116,24.04 01:00,175.093
116,24.04 02:00,177.392
116,24.04 03:00,174.522
116,24.04 04:00,175.958
116,24.04 05:00,176.006
116,24.04 06:00,175.53
116,24.04 07:00,229.662
116,24.04 08:00,197.498
116,24.04 09:00,194.568
116,24.04 10:00,201.71
116,24.04 11:00,201.319
116,24.04 12:00,199.223
116,24.04 13:00,206.885
116,24.04 14:00,241.848
116,24.04 15:00,246.726
116,24.04 16:00,245.445
116,24.04 17:00,248.487
116,24.04 18:00,245.958
116,24.04 19:00,222.197
116,24.04 20:00,199.37
116,24.04 21:00,226.107
116,24.04 22:00,234.872
116,24.04 23:00,232.339
116,25.04 00:00,229.123
116,25.04 01:00,189.446
116,25.04 02:00,188.766
116,25.04 03:00,188.586
116,25.04 04:00,187.681
116,25.04 05:00,188.586
116,25.04 06:00,245.775
116,25.04 07:00,270.271
116,25.04 08:00,306.436
116,25.04 09:00,361.117
116,25.04 10:00,383.418
116,25.04 11:00,392.083
116,25.04 12:00,398.768
116,25.04 13:00,397.099
116,25.04 14:00,400.833
116,25.04 15:00,392.034
116,25.04 16:00,390.626
116,25.04 17:00,372.362
116,25.04 18:00,330.085
116,25.04 19:00,306.657
116,25.04 20:00,274.187
116,25.04 21:00,259.635
116,25.04 22:00,251.918
116,25.04 23:00,241.906
116,26.04 00:00,241.024
116,26.04 01:00,198.831
116,26.04 02:00,190.861
116,26.04 03:00,176.509
116,26.04 04:00,180.6
116,26.04 05:00,177.947
116,26.04 06:00,240.612
116,26.04 07:00,265.833
116,26.04 08:00,284.076
116,26.04 09:00,365.637
116,26.04 10:00,384.829
116,26.04 11:00,404.93
116,26.04 12:00,403.115
116,26.04 13:00,403.267
116,26.04 14:00,400.251
116,26.04 15:00,393.593
116,26.04 16:00,387.339
116,26.04 17:00,370.314
116,26.04 18:00,324.263
116,26.04 19:00,298.822
116,26.04 20:00,276.417
116,26.04 21:00,265.775
116,26.04 22:00,252.322
116,26.04 23:00,249.084
116,27.04 00:00,239.905
116,27.04 01:00,206.49
116,27.04 02:00,194.872
116,27.04 03:00,176.388
116,27.04 04:00,171.581
116,27.04 05:00,173.279
116,27.04 06:00,231.886
116,27.04 07:00,259.667
116,27.04 08:00,285.068
116,27.04 09:00,358.348
116,27.04 10:00,381.629
116,27.04 11:00,396.752
116,27.04 12:00,396.995
116,27.04 13:00,389.297
116,27.04 14:00,385.383
116,27.04 15:00,385.778
116,27.04 16:00,376.967
116,27.04 17:00,365.968
116,27.04 18:00,324.028
116,27.04 19:00,289.655
116,27.04 20:00,285.249
116,27.04 21:00,269.535
116,27.04 22:00,260.191
116,27.04 23:00,262.875
116,28.04 00:00,261.961
116,28.04 01:00,229.697
116,28.04 02:00,215.596
116,28.04 03:00,201.164
116,28.04 04:00,200.658
116,28.04 05:00,200.782
116,28.04 06:00,262.967
116,28.04 07:00,277.267
116,28.04 08:00,283.023
116,28.04 09:00,354.475
116,28.04 10:00,372.145
116,28.04 11:00,389.198
116,28.04 12:00,388.703
116,28.04 13:00,387.86
116,28.04 14:00,396.434
116,28.04 15:00,383.567
116,28.04 16:00,384.811
116,28.04 17:00,373.577
116,28.04 18:00,333.143
116,28.04 19:00,312.168
116,28.04 20:00,280.569
116,28.04 21:00,276.321
116,28.04 22:00,253.748
116,28.04 23:00,244.675
116,29.04 00:00,238.462
116,29.04 01:00,201.096
116,29.04 02:00,194.624
116,29.04 03:00,172.786
116,29.04 04:00,174.395
116,29.04 05:00,174.95
116,29.04 06:00,237.408
116,29.04 07:00,257.581
116,29.04 08:00,280.093
116,29.04 09:00,363.596
116,29.04 10:00,384.362
116,29.04 11:00,393.509
116,29.04 12:00,402.201
116,29.04 13:00,396.188
116,29.04 14:00,389.043
116,29.04 15:00,391.673
116,29.04 16:00,378.883
116,29.04 17:00,359.387
116,29.04 18:00,315.705
116,29.04 19:00,253.317
116,29.04 20:00,234.267
116,29.04 21:00,217.364
116,29.04 22:00,217.713
116,29.04 23:00,216.319
116,30.04 00:00,217.072
116,30.04 01:00,228.56
116,30.04 02:00,204.178
116,30.04 03:00,197.839
116,30.04 04:00,198.083
116,30.04 05:00,198.904
116,30.04 06:00,196.613
116,30.04 07:00,249.648
116,30.04 08:00,194.786
116,30.04 09:00,200.394
116,30.04 10:00,203.636
116,30.04 11:00,209.25
116,30.04 12:00,209.938
116,30.04 13:00,209.528
116,30.04 14:00,247.407
116,30.04 15:00,252.29
116,30.04 16:00,256.81
116,30.04 17:00,252.106
116,30.04 18:00,227.742
116,30.04 19:00,189.348
116,30.04 20:00,160.256
116,30.04 21:00,186.426
116,30.04 22:00,174.984
116,30.04 23:00,173.396
116,01.05 00:00,175.46
116,01.05 01:00,174.7
116,01.05 02:00,175.416
116,01.05 03:00,173.327
116,01.05 04:00,173.42
116,01.05 05:00,174.61
116,01.05 06:00,172.412
116,01.05 07:00,231.668
116,01.05 08:00,195.582
116,01.05 09:00,195.475
116,01.05 10:00,200.805
116,01.05 11:00,204.47
116,01.05 12:00,210.788
116,01.05 13:00,215.87
116,01.05 14:00,246.328
116,01.05 15:00,247.756
116,01.05 16:00,251.902
116,01.05 17:00,256.211
116,01.05 18:00,260.002
116,01.05 19:00,253.915
116,01.05 20:00,225.072
116,01.05 21:00,276.75
116,01.05 22:00,234.756
116,01.05 23:00,228.764
116,02.05 00:00,226.498
116,02.05 01:00,185.787
116,02.05 02:00,157.74
116,02.05 03:00,155.226
116,02.05 04:00,155.254
116,02.05 05:00,154.939
116,02.05 06:00,212.263
116,02.05 07:00,235.359
116,02.05 08:00,291.183
116,02.05 09:00,356.472
116,02.05 10:00,373.451
116,02.05 11:00,386.308
116,02.05 12:00,389.624
116,02.05 13:00,393.528
116,02.05 14:00,407.192
116,02.05 15:00,404.512
116,02.05 16:00,396.341
116,02.05 17:00,362.008
116,02.05 18:00,316.745
116,02.05 19:00,290.313
116,02.05 20:00,297.659
116,02.05 21:00,255.085
116,02.05 22:00,241.356
116,02.05 23:00,240.875
116,03.05 00:00,238.224
116,03.05 01:00,195.816
116,03.05 02:00,170.207
116,03.05 03:00,144.38
116,03.05 04:00,145.692
116,03.05 05:00,145.685
116,03.05 06:00,202.483
116,03.05 07:00,228.492
116,03.05 08:00,278.364
116,03.05 09:00,350.028
116,03.05 10:00,367.992
116,03.05 11:00,383.757
116,03.05 12:00,384.993
116,03.05 13:00,388.335
116,03.05 14:00,377.843
116,03.05 15:00,376.696
116,03.05 16:00,372.919
116,03.05 17:00,363.101
116,03.05 18:00,338.125
116,03.05 19:00,319.515
116,03.05 20:00,304.696
116,03.05 21:00,271.234
116,03.05 22:00,264.182
116,03.05 23:00,267.601
116,04.05 00:00,248.935
116,04.05 01:00,195.255
116,04.05 02:00,193.328
116,04.05 03:00,180.991
116,04.05 04:00,183.201
116,04.05 05:00,182.669
116,04.05 06:00,253.492
116,04.05 07:00,262.833
116,04.05 08:00,319.697
116,04.05 09:00,351.373
116,04.05 10:00,369.024
116,04.05 11:00,380.935
116,04.05 12:00,389.304
116,04.05 13:00,382.559
116,04.05 14:00,386.335
116,04.05 15:00,385.103
116,04.05 16:00,383.737
116,04.05 17:00,367.169
116,04.05 18:00,320.345
116,04.05 19:00,290.245
116,04.05 20:00,273.519
116,04.05 21:00,266.783
116,04.05 22:00,273.889
116,04.05 23:00,272.227
116,05.05 00:00,266.936
116,05.05 01:00,229.968
116,05.05 02:00,216.112
116,05.05 03:00,199.943
116,05.05 04:00,202.095
116,05.05 05:00,200.553
116,05.05 06:00,263.097
116,05.05 07:00,264.802
116,05.05 08:00,284.092
116,05.05 09:00,356.832
116,05.05 10:00,373.275
116,05.05 11:00,391.972
116,05.05 12:00,394.008
116,05.05 13:00,381.565
116,05.05 14:00,379.946
116,05.05 15:00,380.055
116,05.05 16:00,386.737
116,05.05 17:00,374.763
116,05.05 18:00,340.695
116,05.05 19:00,314.015
116,05.05 20:00,282.286
116,05.05 21:00,255.513
116,05.05 22:00,255.134
116,05.05 23:00,260.021
116,06.05 00:00,249.512
116,06.05 01:00,203.981
116,06.05 02:00,206.312
116,06.05 03:00,180.736
116,06.05 04:00,183.877
116,06.05 05:00,182.676
116,06.05 06:00,240.061
116,06.05 07:00,251.144
116,06.05 08:00,290.008
116,06.05 09:00,358.325
116,06.05 10:00,376.493
116,06.05 11:00,388.436
116,06.05 12:00,397.561
116,06.05 13:00,386.767
116,06.05 14:00,383.037
116,06.05 15:00,379.946
116,06.05 16:00,366.526
116,06.05 17:00,350.269
116,06.05 18:00,298.448
116,06.05 19:00,238.764
116,06.05 20:00,221.11
116,06.05 21:00,172.071
116,06.05 22:00,169.382
116,06.05 23:00,166.67
116,07.05 00:00,173.407
116,07.05 01:00,167.877
116,07.05 02:00,152.482
116,07.05 03:00,148.468
116,07.05 04:00,147.532
116,07.05 05:00,149.019
116,07.05 06:00,151.678
116,07.05 07:00,203.958
116,07.05 08:00,196.164
116,07.05 09:00,199.556
116,07.05 10:00,200.582
116,07.05 11:00,204.439
116,07.05 12:00,207.438
116,07.05 13:00,217.99
116,07.05 14:00,242.802
116,07.05 15:00,242.8
116,07.05 16:00,247.662
116,07.05 17:00,246.942
116,07.05 18:00,207.79
116,07.05 19:00,171.723
116,07.05 20:00,144.238
116,07.05 21:00,176.815
116,07.05 22:00,202.756
116,07.05 23:00,199.274
116,08.05 00:00,198.378
116,08.05 01:00,197.162
116,08.05 02:00,198.175
116,08.05 03:00,196.275
116,08.05 04:00,198.766
116,08.05 05:00,197.166
116,08.05 06:00,196.295
116,08.05 07:00,250.66
116,08.05 08:00,195.598
116,08.05 09:00,193.194
116,08.05 10:00,197.93
116,08.05 11:00,199.924
116,08.05 12:00,200.869
116,08.05 13:00,209.136
116,08.05 14:00,240.895
116,08.05 15:00,244.411
116,08.05 16:00,240.019
116,08.05 17:00,239.12
116,08.05 18:00,236.608
116,08.05 19:00,196.564
116,08.05 20:00,191.89
116,08.05 21:00,225.423
116,08.05 22:00,232.895
116,08.05 23:00,236.402
116,09.05 00:00,226.941
116,09.05 01:00,188.072
116,09.05 02:00,187.604
116,09.05 03:00,186.695
116,09.05 04:00,187.356
116,09.05 05:00,186.946
116,09.05 06:00,245.091
116,09.05 07:00,265.052
116,09.05 08:00,289.9
116,09.05 09:00,357.633
116,09.05 10:00,374.533
116,09.05 11:00,388.888
116,09.05 12:00,395.357
116,09.05 13:00,387.404
116,09.05 14:00,401.017
116,09.05 15:00,390.936
116,09.05 16:00,393.709
116,09.05 17:00,367.824
116,09.05 18:00,326.957
116,09.05 19:00,297.224
116,09.05 20:00,272.751
116,09.05 21:00,266.067
116,09.05 22:00,278.097
116,09.05 23:00,270.72
116,10.05 00:00,253.001
116,10.05 01:00,212.255
116,10.05 02:00,207.478
116,10.05 03:00,194.976
116,10.05 04:00,197.275
116,10.05 05:00,197.441
116,10.05 06:00,257.628
116,10.05 07:00,276.033
116,10.05 08:00,298.843
116,10.05 09:00,375.603
116,10.05 10:00,392.894
116,10.05 11:00,403.461
116,10.05 12:00,395.825
116,10.05 13:00,406.869
116,10.05 14:00,401.277
116,10.05 15:00,402.707
116,10.05 16:00,388.105
116,10.05 17:00,376.7
116,10.05 18:00,339.039
116,10.05 19:00,309.533
116,10.05 20:00,289.054
116,10.05 21:00,264.634
116,10.05 22:00,266.184
116,10.05 23:00,258.111
116,11.05 00:00,244.866
116,11.05 01:00,207.599
116,11.05 02:00,193.176
116,11.05 03:00,180.83
116,11.05 04:00,180.447
116,11.05 05:00,179.823
116,11.05 06:00,239.08
116,11.05 07:00,254.831
116,11.05 08:00,268.672
116,11.05 09:00,359.576
116,11.05 10:00,388.567
116,11.05 11:00,99.094
116,11.05 12:00,0.0
116,11.05 13:00,0.0
116,11.05 14:00,0.0
116,11.05 15:00,0.0
116,11.05 16:00,388.306
116,11.05 17:00,363.75
116,11.05 18:00,326.597
116,11.05 19:00,299.601
116,11.05 20:00,249.715
116,11.05 21:00,0.0
116,11.05 22:00,0.0
116,11.05 23:00,0.0
116,12.05 00:00,241.648
116,12.05 01:00,211.953
116,12.05 02:00,193.919
116,12.05 03:00,176.709
116,12.05 04:00,179.234
116,12.05 05:00,181.065
116,12.05 06:00,245.086
116,12.05 07:00,262.25
116,12.05 08:00,288.379
116,12.05 09:00,360.524
116,12.05 10:00,379.879
116,12.05 11:00,393.246
116,12.05 12:00,399.414
116,12.05 13:00,391.911
116,12.05 14:00,391.506
116,12.05 15:00,390.903
116,12.05 16:00,392.955
116,12.05 17:00,371.886
116,12.05 18:00,331.007
116,12.05 19:00,298.285
116,12.05 20:00,266.562
116,12.05 21:00,250.014
116,12.05 22:00,255.141
116,12.05 23:00,256.254
116,13.05 00:00,239.15
116,13.05 01:00,212.001
116,13.05 02:00,213.261
116,13.05 03:00,197.072
116,13.05 04:00,200.729
116,13.05 05:00,198.942
116,13.05 06:00,259.833
116,13.05 07:00,266.682
116,13.05 08:00,291.338
116,13.05 09:00,353.899
116,13.05 10:00,376.39
116,13.05 11:00,386.419
116,13.05 12:00,391.785
116,13.05 13:00,386.673
116,13.05 14:00,389.165
116,13.05 15:00,386.391
116,13.05 16:00,379.112
116,13.05 17:00,367.568
116,13.05 18:00,324.831
116,13.05 19:00,259.799
116,13.05 20:00,229.177
116,13.05 21:00,225.925
116,13.05 22:00,250.885
116,13.05 23:00,251.842
116,14.05 00:00,243.838
116,14.05 01:00,239.96
116,14.05 02:00,210.239
116,14.05 03:00,200.195
116,14.05 04:00,199.053
116,14.05 05:00,197.46
116,14.05 06:00,199.992
116,14.05 07:00,250.228
116,14.05 08:00,197.771
116,14.05 09:00,202.742
116,14.05 10:00,208.697
116,14.05 11:00,213.408
116,14.05 12:00,212.98
116,14.05 13:00,212.386
116,14.05 14:00,246.829
116,14.05 15:00,250.76
116,14.05 16:00,245.144
116,14.05 17:00,241.009
116,14.05 18:00,199.995
116,14.05 19:00,169.124
116,14.05 20:00,141.376
116,14.05 21:00,170.553
116,14.05 22:00,183.864
116,14.05 23:00,178.479
116,15.05 00:00,179.099
116,15.05 01:00,177.741
116,15.05 02:00,179.291
116,15.05 03:00,178.727
116,15.05 04:00,179.567
116,15.05 05:00,178.188
116,15.05 06:00,179.362
116,15.05 07:00,225.846
116,15.05 08:00,190.737
116,15.05 09:00,196.364
116,15.05 10:00,198.944
116,15.05 11:00,197.879
116,15.05 12:00,193.808
116,15.05 13:00,201.681
116,15.05 14:00,238.935
116,15.05 15:00,240.602
116,15.05 16:00,243.056
116,15.05 17:00,241.839
116,15.05 18:00,238.613
116,15.05 19:00,217.626
116,15.05 20:00,208.367
116,15.05 21:00,249.253
116,15.05 22:00,251.987
116,15.05 23:00,254.128
116,16.05 00:00,244.65
116,16.05 01:00,204.43
116,16.05 02:00,202.122
116,16.05 03:00,205.365
116,16.05 04:00,203.747
116,16.05 05:00,203.003
116,16.05 06:00,263.586
116,16.05 07:00,284.885
116,16.05 08:00,284.546
116,16.05 09:00,361.89
116,16.05 10:00,380.887
116,16.05 11:00,383.839
116,16.05 12:00,388.481
116,16.05 13:00,383.245
116,16.05 14:00,381.46
116,16.05 15:00,377.648
116,16.05 16:00,374.333
116,16.05 17:00,349.384
116,16.05 18:00,305.784
116,16.05 19:00,283.942
116,16.05 20:00,275.746
116,16.05 21:00,299.416
116,16.05 22:00,279.47
116,16.05 23:00,257.815
116,17.05 00:00,245.627
116,17.05 01:00,211.607
116,17.05 02:00,214.77
116,17.05 03:00,189.831
116,17.05 04:00,188.622
116,17.05 05:00,190.55
116,17.05 06:00,243.851
116,17.05 07:00,270.105
116,17.05 08:00,318.921
116,17.05 09:00,397.577
116,17.05 10:00,420.894
116,17.05 11:00,426.712
116,17.05 12:00,430.96
116,17.05 13:00,423.701
116,17.05 14:00,418.99
116,17.05 15:00,417.261
116,17.05 16:00,414.517
116,17.05 17:00,395.846
116,17.05 18:00,346.106
116,17.05 19:00,304.06
116,17.05 20:00,261.947
116,17.05 21:00,274.811
116,17.05 22:00,261.193
116,17.05 23:00,253.087
116,18.05 00:00,229.055
116,18.05 01:00,215.431
116,18.05 02:00,187.241
116,18.05 03:00,181.691
116,18.05 04:00,179.961
116,18.05 05:00,179.243
116,18.05 06:00,233.51
116,18.05 07:00,259.602
116,18.05 08:00,294.281
116,18.05 09:00,392.386
116,18.05 10:00,416.036
116,18.05 11:00,437.622
116,18.05 12:00,446.057
116,18.05 13:00,412.411
116,18.05 14:00,413.965
116,18.05 15:00,409.916
116,18.05 16:00,403.532
116,18.05 17:00,382.024
116,18.05 18:00,307.466
116,18.05 19:00,278.663
116,18.05 20:00,265.201
116,18.05 21:00,263.095
116,18.05 22:00,276.868
116,18.05 23:00,274.377
116,19.05 00:00,281.001
116,19.05 01:00,270.106
116,19.05 02:00,213.261
116,19.05 03:00,172.696
116,19.05 04:00,182.664
116,19.05 05:00,183.806
116,19.05 06:00,235.648
116,19.05 07:00,262.701
116,19.05 08:00,318.935
116,19.05 09:00,409.983
116,19.05 10:00,433.117
116,19.05 11:00,437.326
116,19.05 12:00,439.894
116,19.05 13:00,435.7
116,19.05 14:00,438.55
116,19.05 15:00,426.153
116,19.05 16:00,412.286
116,19.05 17:00,397.799
116,19.05 18:00,329.373
116,19.05 19:00,300.527
116,19.05 20:00,306.315
116,19.05 21:00,294.145
116,19.05 22:00,272.883
116,19.05 23:00,277.585
116,20.05 00:00,304.264
116,20.05 01:00,281.801
116,20.05 02:00,218.007
116,20.05 03:00,180.267
116,20.05 04:00,181.907
116,20.05 05:00,180.227
116,20.05 06:00,237.826
116,20.05 07:00,257.903
116,20.05 08:00,309.753
116,20.05 09:00,402.586
116,20.05 10:00,402.992
116,20.05 11:00,380.036
116,20.05 12:00,382.657
116,20.05 13:00,383.714
116,20.05 14:00,434.841
116,20.05 15:00,448.781
116,20.05 16:00,383.732
116,20.05 17:00,363.785
116,20.05 18:00,288.977
116,20.05 19:00,260.703
116,20.05 20:00,266.186
116,20.05 21:00,227.9
116,20.05 22:00,252.054
116,20.05 23:00,234.857
116,21.05 00:00,277.89
116,21.05 01:00,271.759
116,21.05 02:00,221.799
116,21.05 03:00,177.554
116,21.05 04:00,181.581
116,21.05 05:00,180.334
116,21.05 06:00,182.276
116,21.05 07:00,238.418
116,21.05 08:00,232.578
116,21.05 09:00,238.967
116,21.05 10:00,245.42
116,21.05 11:00,281.141
116,21.05 12:00,297.509
116,21.05 13:00,296.976
116,21.05 14:00,300.376
116,21.05 15:00,274.747
116,21.05 16:00,246.288
116,21.05 17:00,242.624
116,21.05 18:00,258.834
116,21.05 19:00,334.599
116,21.05 20:00,396.256
116,21.05 21:00,371.252
116,21.05 22:00,372.104
116,21.05 23:00,421.975
116,22.05 00:00,263.599
116,22.05 01:00,254.011
116,22.05 02:00,241.067
116,22.05 03:00,242.058
116,22.05 04:00,235.449
116,22.05 05:00,236.171
116,22.05 06:00,234.312
116,22.05 07:00,292.084
116,22.05 08:00,263.024
116,22.05 09:00,222.13
116,22.05 10:00,224.031
116,22.05 11:00,229.405
116,22.05 12:00,233.239
116,22.05 13:00,234.678
116,22.05 14:00,228.987
116,22.05 15:00,229.784
116,22.05 16:00,230.942
116,22.05 17:00,229.024
116,22.05 18:00,229.55
116,22.05 19:00,210.608
116,22.05 20:00,182.047
116,22.05 21:00,228.051
116,22.05 22:00,246.618
116,22.05 23:00,241.861
116,23.05 00:00,239.224
116,23.05 01:00,227.319
116,23.05 02:00,232.097
116,23.05 03:00,231.752
116,23.05 04:00,230.914
116,23.05 05:00,231.256
116,23.05 06:00,296.346
116,23.05 07:00,315.3
116,23.05 08:00,307.865
116,23.05 09:00,371.352
116,23.05 10:00,382.879
116,23.05 11:00,393.699
116,23.05 12:00,393.573
116,23.05 13:00,395.024
116,23.05 14:00,400.273
116,23.05 15:00,387.651
116,23.05 16:00,381.667
116,23.05 17:00,365.79
116,23.05 18:00,289.577
116,23.05 19:00,275.078
116,23.05 20:00,258.266
116,23.05 21:00,245.34
116,23.05 22:00,237.865
116,23.05 23:00,232.856
116,24.05 00:00,228.007
116,24.05 01:00,223.918
116,24.05 02:00,209.696
116,24.05 03:00,196.164
116,24.05 04:00,196.758
116,24.05 05:00,198.1
116,24.05 06:00,263.848
116,24.05 07:00,273.222
116,24.05 08:00,295.02
116,24.05 09:00,363.313
116,24.05 10:00,385.099
116,24.05 11:00,395.79
116,24.05 12:00,401.331
116,24.05 13:00,391.124
116,24.05 14:00,392.722
116,24.05 15:00,388.793
116,24.05 16:00,377.838
116,24.05 17:00,353.694
116,24.05 18:00,288.519
116,24.05 19:00,267.732
116,24.05 20:00,249.002
116,24.05 21:00,224.938
116,24.05 22:00,221.007
116,24.05 23:00,222.988
116,25.05 00:00,223.749
116,25.05 01:00,222.549
116,25.05 02:00,204.007
116,25.05 03:00,180.596
116,25.05 04:00,182.477
116,25.05 05:00,182.958
116,25.05 06:00,246.714
116,25.05 07:00,258.558
116,25.05 08:00,290.583
116,25.05 09:00,366.767
116,25.05 10:00,373.189
116,25.05 11:00,378.909
116,25.05 12:00,385.28
116,25.05 13:00,381.007
116,25.05 14:00,381.695
116,25.05 15:00,377.524
116,25.05 16:00,376.636
116,25.05 17:00,362.432
116,25.05 18:00,289.882
116,25.05 19:00,259.225
116,25.05 20:00,243.891
116,25.05 21:00,225.606
116,25.05 22:00,238.814
116,25.05 23:00,238.235
116,26.05 00:00,238.11
116,26.05 01:00,228.254
116,26.05 02:00,201.62
116,26.05 03:00,180.456
116,26.05 04:00,180.318
116,26.05 05:00,182.985
116,26.05 06:00,248.586
116,26.05 07:00,271.251
116,26.05 08:00,295.631
116,26.05 09:00,359.799
116,26.05 10:00,370.528
116,26.05 11:00,376.761
116,26.05 12:00,392.121
116,26.05 13:00,393.977
116,26.05 14:00,396.727
116,26.05 15:00,386.866
116,26.05 16:00,380.855
116,26.05 17:00,365.32
116,26.05 18:00,297.914
116,26.05 19:00,266.023
116,26.05 20:00,246.739
116,26.05 21:00,223.676
116,26.05 22:00,222.101
116,26.05 23:00,221.658
116,27.05 00:00,218.139
116,27.05 01:00,213.886
116,27.05 02:00,189.177
116,27.05 03:00,179.34
116,27.05 04:00,180.079
116,27.05 05:00,178.559
116,27.05 06:00,239.872
116,27.05 07:00,255.952
116,27.05 08:00,283.038
116,27.05 09:00,348.789
116,27.05 10:00,360.647
116,27.05 11:00,372.793
116,27.05 12:00,376.399
116,27.05 13:00,371.728
116,27.05 14:00,378.443
116,27.05 15:00,367.881
116,27.05 16:00,361.489
116,27.05 17:00,344.559
116,27.05 18:00,274.024
116,27.05 19:00,240.498
116,27.05 20:00,234.885
116,27.05 21:00,202.583
116,27.05 22:00,202.995
116,27.05 23:00,192.475
116,28.05 00:00,187.135
116,28.05 01:00,182.62
116,28.05 02:00,180.154
116,28.05 03:00,174.067
116,28.05 04:00,175.699
116,28.05 05:00,173.967
116,28.05 06:00,177.827
116,28.05 07:00,182.14
116,28.05 08:00,144.639
116,28.05 09:00,144.608
116,28.05 10:00,152.587
116,28.05 11:00,155.113
116,28.05 12:00,154.67
116,28.05 13:00,158.498
116,28.05 14:00,154.723
116,28.05 15:00,154.44
116,28.05 16:00,152.936
116,28.05 17:00,154.281
116,28.05 18:00,150.911
116,28.05 19:00,150.359
116,28.05 20:00,146.407
116,28.05 21:00,181.638
116,28.05 22:00,184.272
116,28.05 23:00,185.359
116,29.05 00:00,186.187
116,29.05 01:00,182.793
116,29.05 02:00,191.031
116,29.05 03:00,182.588
116,29.05 04:00,184.872
116,29.05 05:00,183.013
116,29.05 06:00,183.358
116,29.05 07:00,185.783
116,29.05 08:00,150.525
116,29.05 09:00,142.359
116,29.05 10:00,145.191
116,29.05 11:00,151.182
116,29.05 12:00,154.428
116,29.05 13:00,152.488
116,29.05 14:00,149.651
116,29.05 15:00,149.365
116,29.05 16:00,151.758
116,29.05 17:00,149.943
116,29.05 18:00,150.291
116,29.05 19:00,152.593
116,29.05 20:00,150.187
116,29.05 21:00,167.42
116,29.05 22:00,188.568
116,29.05 23:00,187.003
116,30.05 00:00,183.834
116,30.05 01:00,182.094
116,30.05 02:00,186.59
116,30.05 03:00,185.081
116,30.05 04:00,184.708
116,30.05 05:00,186.618
116,30.05 06:00,180.562
116,30.05 07:00,185.544
116,30.05 08:00,182.488
116,30.05 09:00,146.699
116,30.05 10:00,143.47
116,30.05 11:00,144.489
116,30.05 12:00,148.834
116,30.05 13:00,150.531
116,30.05 14:00,148.637
116,30.05 15:00,152.44
116,30.05 16:00,152.699
116,30.05 17:00,154.642
116,30.05 18:00,151.512
116,30.05 19:00,153.677
116,30.05 20:00,153.562
116,30.05 21:00,171.532
116,30.05 22:00,190.789
116,30.05 23:00,188.725
116,31.05 00:00,189.229
116,31.05 01:00,186.744
116,31.05 02:00,189.663
116,31.05 03:00,181.333
116,31.05 04:00,187.113
116,31.05 05:00,187.508
116,31.05 06:00,253.382
116,31.05 07:00,269.092
116,31.05 08:00,297.893
116,31.05 09:00,345.169
116,31.05 10:00,378.247
116,31.05 11:00,385.47
116,31.05 12:00,394.547
116,31.05 13:00,391.431
116,31.05 14:00,386.227
116,31.05 15:00,385.029
116,31.05 16:00,379.742
116,31.05 17:00,356.398
116,31.05 18:00,287.365
116,31.05 19:00,248.044
116,31.05 20:00,237.947
116,31.05 21:00,224.942
116,31.05 22:00,222.952
116,31.05 23:00,223.341
116,01.06 00:00,225.684
116,01.06 01:00,217.795
116,01.06 02:00,195.508
116,01.06 03:00,179.83
116,01.06 04:00,178.02
116,01.06 05:00,179.391
116,01.06 06:00,249.271
116,01.06 07:00,246.771
116,01.06 08:00,291.427
116,01.06 09:00,351.564
116,01.06 10:00,377.325
116,01.06 11:00,388.84
116,01.06 12:00,390.258
116,01.06 13:00,384.695
116,01.06 14:00,388.93
116,01.06 15:00,386.372
116,01.06 16:00,379.976
116,01.06 17:00,356.671
116,01.06 18:00,287.498
116,01.06 19:00,255.038
116,01.06 20:00,236.608
116,01.06 21:00,210.378
116,01.06 22:00,220.189
116,01.06 23:00,228.871
116,02.06 00:00,216.952
116,02.06 01:00,218.571
116,02.06 02:00,201.4
116,02.06 03:00,178.166
116,02.06 04:00,181.831
116,02.06 05:00,178.703
116,02.06 06:00,243.748
116,02.06 07:00,257.072
116,02.06 08:00,295.699
116,02.06 09:00,358.223
116,02.06 10:00,369.848
116,02.06 11:00,382.356
116,02.06 12:00,395.698
116,02.06 13:00,394.985
116,02.06 14:00,381.977
116,02.06 15:00,386.352
116,02.06 16:00,382.705
116,02.06 17:00,363.178
116,02.06 18:00,314.798
116,02.06 19:00,286.479
116,02.06 20:00,264.558
116,02.06 21:00,221.092
116,02.06 22:00,198.12
116,02.06 23:00,195.4
116,03.06 00:00,188.155
116,03.06 01:00,188.36
116,03.06 02:00,188.781
116,03.06 03:00,176.849
116,03.06 04:00,179.416
116,03.06 05:00,175.514
116,03.06 06:00,239.165
116,03.06 07:00,254.873
116,03.06 08:00,278.523
116,03.06 09:00,350.883
116,03.06 10:00,370.481
116,03.06 11:00,379.97
116,03.06 12:00,379.227
116,03.06 13:00,377.477
116,03.06 14:00,376.583
116,03.06 15:00,370.948
116,03.06 16:00,369.775
116,03.06 17:00,358.007
116,03.06 18:00,316.675
116,03.06 19:00,257.896
116,03.06 20:00,236.237
116,03.06 21:00,205.05
116,03.06 22:00,219.902
116,03.06 23:00,217.456
116,04.06 00:00,195.747
116,04.06 01:00,197.282
116,04.06 02:00,191.751
116,04.06 03:00,178.869
116,04.06 04:00,180.573
116,04.06 05:00,180.335
116,04.06 06:00,183.64
116,04.06 07:00,240.851
116,04.06 08:00,207.976
116,04.06 09:00,201.587
116,04.06 10:00,207.358
116,04.06 11:00,205.209
116,04.06 12:00,213.152
116,04.06 13:00,213.578
116,04.06 14:00,247.01
116,04.06 15:00,249.437
116,04.06 16:00,250.864
116,04.06 17:00,252.389
116,04.06 18:00,210.987
116,04.06 19:00,179.363
116,04.06 20:00,149.516
116,04.06 21:00,163.866
116,04.06 22:00,187.09
116,04.06 23:00,182.367
116,05.06 00:00,180.202
116,05.06 01:00,179.033
116,05.06 02:00,179.911
116,05.06 03:00,182.525
116,05.06 04:00,178.186
116,05.06 05:00,180.304
116,05.06 06:00,179.396
116,05.06 07:00,210.86
116,05.06 08:00,190.461
116,05.06 09:00,192.142
116,05.06 10:00,196.103
116,05.06 11:00,204.419
116,05.06 12:00,214.042
116,05.06 13:00,235.277
116,05.06 14:00,231.845
116,05.06 15:00,232.093
116,05.06 16:00,232.441
116,05.06 17:00,237.016
116,05.06 18:00,237.075
116,05.06 19:00,211.024
116,05.06 20:00,180.487
116,05.06 21:00,189.591
116,05.06 22:00,182.513
116,05.06 23:00,180.702
116,06.06 00:00,182.822
116,06.06 01:00,179.332
116,06.06 02:00,183.1
116,06.06 03:00,182.379
116,06.06 04:00,183.667
116,06.06 05:00,181.862
116,06.06 06:00,234.902
116,06.06 07:00,233.349
116,06.06 08:00,274.805
116,06.06 09:00,345.785
116,06.06 10:00,367.825
116,06.06 11:00,376.144
116,06.06 12:00,381.421
116,06.06 13:00,379.073
116,06.06 14:00,381.337
116,06.06 15:00,378.253
116,06.06 16:00,370.68
116,06.06 17:00,364.701
116,06.06 18:00,339.751
116,06.06 19:00,304.48
116,06.06 20:00,281.066
116,06.06 21:00,230.461
116,06.06 22:00,229.034
116,06.06 23:00,220.941
116,07.06 00:00,215.013
116,07.06 01:00,199.042
116,07.06 02:00,184.171
116,07.06 03:00,182.574
116,07.06 04:00,183.684
116,07.06 05:00,183.884
116,07.06 06:00,252.457
116,07.06 07:00,245.995
116,07.06 08:00,292.86
116,07.06 09:00,361.331
116,07.06 10:00,378.093
116,07.06 11:00,394.295
116,07.06 12:00,390.974
116,07.06 13:00,395.501
116,07.06 14:00,392.036
116,07.06 15:00,393.595
116,07.06 16:00,391.959
116,07.06 17:00,382.833
116,07.06 18:00,336.339
116,07.06 19:00,312.022
116,07.06 20:00,288.669
116,07.06 21:00,243.13
116,07.06 22:00,218.4
116,07.06 23:00,207.037
116,08.06 00:00,199.396
116,08.06 01:00,203.074
116,08.06 02:00,185.523
116,08.06 03:00,188.841
116,08.06 04:00,191.243
116,08.06 05:00,188.683
116,08.06 06:00,251.888
116,08.06 07:00,246.437
116,08.06 08:00,280.599
116,08.06 09:00,369.761
116,08.06 10:00,380.756
116,08.06 11:00,393.957
116,08.06 12:00,404.524
116,08.06 13:00,402.659
116,08.06 14:00,398.928
116,08.06 15:00,395.463
116,08.06 16:00,393.835
116,08.06 17:00,377.29
116,08.06 18:00,336.321
116,08.06 19:00,302.256
116,08.06 20:00,278.808
116,08.06 21:00,233.397
116,08.06 22:00,203.72
116,08.06 23:00,215.789
116,09.06 00:00,223.306
116,09.06 01:00,217.232
116,09.06 02:00,202.516
116,09.06 03:00,182.294
116,09.06 04:00,187.052
116,09.06 05:00,186.645
116,09.06 06:00,252.888
116,09.06 07:00,249.468
116,09.06 08:00,291.548
116,09.06 09:00,369.598
116,09.06 10:00,384.954
116,09.06 11:00,395.643
116,09.06 12:00,393.547
116,09.06 13:00,392.081
116,09.06 14:00,390.164
116,09.06 15:00,386.005
116,09.06 16:00,385.34
116,09.06 17:00,371.886
116,09.06 18:00,327.991
116,09.06 19:00,297.89
116,09.06 20:00,282.65
116,09.06 21:00,259.268
116,09.06 22:00,229.852
116,09.06 23:00,232.561
116,10.06 00:00,228.903
116,10.06 01:00,224.085
116,10.06 02:00,207.621
116,10.06 03:00,187.552
116,10.06 04:00,189.81
116,10.06 05:00,187.069
116,10.06 06:00,249.746
116,10.06 07:00,237.911
116,10.06 08:00,285.529
116,10.06 09:00,358.122
116,10.06 10:00,380.158
116,10.06 11:00,384.414
116,10.06 12:00,388.595
116,10.06 13:00,385.855
116,10.06 14:00,389.391
116,10.06 15:00,388.292
116,10.06 16:00,391.602
116,10.06 17:00,362.155
116,10.06 18:00,326.438
116,10.06 19:00,261.186
116,10.06 20:00,237.363
116,10.06 21:00,211.51
116,10.06 22:00,231.347
116,10.06 23:00,223.224
116,11.06 00:00,215.21
116,11.06 01:00,206.175
116,11.06 02:00,209.897
116,11.06 03:00,205.192
116,11.06 04:00,206.82
116,11.06 05:00,207.671
116,11.06 06:00,207.726
116,11.06 07:00,261.708
116,11.06 08:00,229.248
116,11.06 09:00,234.541
116,11.06 10:00,237.482
116,11.06 11:00,240.303
116,11.06 12:00,244.587
116,11.06 13:00,263.076
116,11.06 14:00,278.981
116,11.06 15:00,284.75
116,11.06 16:00,272.083
116,11.06 17:00,266.058
116,11.06 18:00,229.86
116,11.06 19:00,193.125
116,11.06 20:00,187.541
116,11.06 21:00,204.093
116,11.06 22:00,199.543
116,11.06 23:00,197.499
116,12.06 00:00,199.545
116,12.06 01:00,198.401
116,12.06 02:00,198.13
116,12.06 03:00,198.358
116,12.06 04:00,197.828
116,12.06 05:00,198.585
116,12.06 06:00,196.646
116,12.06 07:00,253.039
116,12.06 08:00,223.505
116,12.06 09:00,223.485
116,12.06 10:00,228.102
116,12.06 11:00,229.544
116,12.06 12:00,233.353
116,12.06 13:00,249.061
116,12.06 14:00,267.899
116,12.06 15:00,270.839
116,12.06 16:00,267.675
116,12.06 17:00,269.126
116,12.06 18:00,267.539
116,12.06 19:00,217.037
116,12.06 20:00,209.289
116,12.06 21:00,213.468
116,12.06 22:00,208.742
116,12.06 23:00,208.275
116,13.06 00:00,207.484
116,13.06 01:00,203.313
116,13.06 02:00,203.678
116,13.06 03:00,202.731
116,13.06 04:00,202.447
116,13.06 05:00,205.447
116,13.06 06:00,267.392
116,13.06 07:00,272.483
116,13.06 08:00,300.189
116,13.06 09:00,369.237
116,13.06 10:00,390.869
116,13.06 11:00,397.539
116,13.06 12:00,398.504
116,13.06 13:00,402.384
116,13.06 14:00,402.252
116,13.06 15:00,399.733
116,13.06 16:00,390.148
116,13.06 17:00,374.186
116,13.06 18:00,322.859
116,13.06 19:00,293.677
116,13.06 20:00,278.009
116,13.06 21:00,223.916
116,13.06 22:00,205.294
116,13.06 23:00,205.695
116,14.06 00:00,208.825
116,14.06 01:00,196.36
116,14.06 02:00,189.104
116,14.06 03:00,185.259
116,14.06 04:00,187.766
116,14.06 05:00,187.74
116,14.06 06:00,255.244
116,14.06 07:00,270.191
116,14.06 08:00,302.842
116,14.06 09:00,369.492
116,14.06 10:00,383.108
116,14.06 11:00,391.888
116,14.06 12:00,396.839
116,14.06 13:00,395.296
116,14.06 14:00,402.084
116,14.06 15:00,402.004
116,14.06 16:00,390.462
116,14.06 17:00,385.804
116,14.06 18:00,338.8
116,14.06 19:00,309.227
116,14.06 20:00,288.372
116,14.06 21:00,243.509
116,14.06 22:00,231.659
116,14.06 23:00,240.561
116,15.06 00:00,203.574
116,15.06 01:00,198.022
116,15.06 02:00,195.129
116,15.06 03:00,189.181
116,15.06 04:00,191.49
116,15.06 05:00,191.444
116,15.06 06:00,258.884
116,15.06 07:00,262.927
116,15.06 08:00,294.988
116,15.06 09:00,367.562
116,15.06 10:00,386.087
116,15.06 11:00,394.129
116,15.06 12:00,400.965
116,15.06 13:00,396.479
116,15.06 14:00,403.002
116,15.06 15:00,407.851
116,15.06 16:00,404.159
116,15.06 17:00,382.977
116,15.06 18:00,344.082
116,15.06 19:00,322.272
116,15.06 20:00,292.67
116,15.06 21:00,238.967
116,15.06 22:00,211.248
116,15.06 23:00,218.552
116,16.06 00:00,207.956
116,16.06 01:00,200.424
116,16.06 02:00,196.65
116,16.06 03:00,194.158
116,16.06 04:00,197.086
116,16.06 05:00,193.345
116,16.06 06:00,263.949
116,16.06 07:00,258.713
116,16.06 08:00,300.259
116,16.06 09:00,386.36
116,16.06 10:00,397.33
116,16.06 11:00,407.785
116,16.06 12:00,416.159
116,16.06 13:00,407.772
116,16.06 14:00,404.175
116,16.06 15:00,411.983
116,16.06 16:00,403.581
116,16.06 17:00,385.093
116,16.06 18:00,340.916
116,16.06 19:00,309.116
116,16.06 20:00,280.782
116,16.06 21:00,250.775
116,16.06 22:00,204.281
116,16.06 23:00,207.714
116,17.06 00:00,200.918
116,17.06 01:00,194.926
116,17.06 02:00,194.627
116,17.06 03:00,195.942
116,17.06 04:00,195.081
116,17.06 05:00,197.386
116,17.06 06:00,269.374
116,17.06 07:00,262.856
116,17.06 08:00,288.398
116,17.06 09:00,357.217
116,17.06 10:00,372.566
116,17.06 11:00,392.682
116,17.06 12:00,399.779
116,17.06 13:00,385.253
116,17.06 14:00,387.729
116,17.06 15:00,384.15
116,17.06 16:00,380.268
116,17.06 17:00,367.75
116,17.06 18:00,326.68
116,17.06 19:00,270.112
116,17.06 20:00,251.013
116,17.06 21:00,221.438
116,17.06 22:00,223.073
116,17.06 23:00,220.462
116,18.06 00:00,231.03
116,18.06 01:00,217.628
116,18.06 02:00,217.305
116,18.06 03:00,210.258
116,18.06 04:00,214.507
116,18.06 05:00,212.984
116,18.06 06:00,210.963
116,18.06 07:00,268.961
116,18.06 08:00,242.926
116,18.06 09:00,246.129
116,18.06 10:00,249.625
116,18.06 11:00,256.079
116,18.06 12:00,256.533
116,18.06 13:00,256.311
116,18.06 14:00,265.69
116,18.06 15:00,265.464
116,18.06 16:00,263.592
116,18.06 17:00,262.222
116,18.06 18:00,229.758
116,18.06 19:00,194.693
116,18.06 20:00,187.545
116,18.06 21:00,197.97
116,18.06 22:00,195.439
116,18.06 23:00,195.017
116,19.06 00:00,195.009
116,19.06 01:00,192.868
116,19.06 02:00,193.723
116,19.06 03:00,190.893
116,19.06 04:00,189.184
116,19.06 05:00,186.183
116,19.06 06:00,188.258
116,19.06 07:00,240.709
116,19.06 08:00,217.593
116,19.06 09:00,215.212
116,19.06 10:00,217.711
116,19.06 11:00,223.534
116,19.06 12:00,229.014
116,19.06 13:00,243.672
116,19.06 14:00,267.563
116,19.06 15:00,266.549
116,19.06 16:00,262.938
116,19.06 17:00,265.646
116,19.06 18:00,267.512
116,19.06 19:00,211.762
116,19.06 20:00,201.545
116,19.06 21:00,206.651
116,19.06 22:00,200.347
116,19.06 23:00,198.397
116,20.06 00:00,197.389
116,20.06 01:00,193.68
116,20.06 02:00,191.001
116,20.06 03:00,191.11
116,20.06 04:00,188.918
116,20.06 05:00,190.878
116,20.06 06:00,263.256
116,20.06 07:00,274.646
116,20.06 08:00,298.331
116,20.06 09:00,376.355
116,20.06 10:00,395.033
116,20.06 11:00,409.329
116,20.06 12:00,413.244
116,20.06 13:00,410.958
116,20.06 14:00,410.963
116,20.06 15:00,403.494
116,20.06 16:00,396.423
116,20.06 17:00,384.271
116,20.06 18:00,341.007
116,20.06 19:00,306.387
116,20.06 20:00,288.795
116,20.06 21:00,236.205
116,20.06 22:00,235.095
116,20.06 23:00,234.96
116,21.06 00:00,221.284
116,21.06 01:00,208.718
116,21.06 02:00,208.526
116,21.06 03:00,195.459
116,21.06 04:00,199.465
116,21.06 05:00,198.766
116,21.06 06:00,269.286
116,21.06 07:00,268.908
116,21.06 08:00,306.207
116,21.06 09:00,373.718
116,21.06 10:00,397.858
116,21.06 11:00,402.437
116,21.06 12:00,413.823
116,21.06 13:00,409.747
116,21.06 14:00,409.968
116,21.06 15:00,400.306
116,21.06 16:00,404.358
116,21.06 17:00,389.578
116,21.06 18:00,348.232
116,21.06 19:00,311.611
116,21.06 20:00,291.225
116,21.06 21:00,233.85
116,21.06 22:00,216.608
116,21.06 23:00,206.509
116,22.06 00:00,210.032
116,22.06 01:00,196.856
116,22.06 02:00,198.781
116,22.06 03:00,193.433
116,22.06 04:00,193.926
116,22.06 05:00,196.201
116,22.06 06:00,268.156
116,22.06 07:00,257.945
116,22.06 08:00,293.456
116,22.06 09:00,363.255
116,22.06 10:00,401.255
116,22.06 11:00,414.971
116,22.06 12:00,415.676
116,22.06 13:00,410.002
116,22.06 14:00,403.976
116,22.06 15:00,398.659
116,22.06 16:00,397.963
116,22.06 17:00,387.679
116,22.06 18:00,337.581
116,22.06 19:00,303.618
116,22.06 20:00,290.462
116,22.06 21:00,237.967
116,22.06 22:00,216.895
116,22.06 23:00,220.274
116,23.06 00:00,207.603
116,23.06 01:00,205.738
116,23.06 02:00,201.312
116,23.06 03:00,196.848
116,23.06 04:00,195.672
116,23.06 05:00,196.46
116,23.06 06:00,270.651
116,23.06 07:00,273.664
116,23.06 08:00,301.721
116,23.06 09:00,380.691
116,23.06 10:00,398.967
116,23.06 11:00,408.074
116,23.06 12:00,414.306
116,23.06 13:00,405.095
116,23.06 14:00,405.524
116,23.06 15:00,403.339
116,23.06 16:00,394.169
116,23.06 17:00,389.008
116,23.06 18:00,344.301
116,23.06 19:00,302.988
116,23.06 20:00,284.884
116,23.06 21:00,257.989
116,23.06 22:00,207.829
116,23.06 23:00,209.402
116,24.06 00:00,215.59
116,24.06 01:00,203.716
116,24.06 02:00,197.562
116,24.06 03:00,193.528
116,24.06 04:00,196.996
116,24.06 05:00,196.761
116,24.06 06:00,269.876
116,24.06 07:00,269.645
116,24.06 08:00,301.402
116,24.06 09:00,369.08
116,24.06 10:00,392.69
116,24.06 11:00,400.06
116,24.06 12:00,403.022
116,24.06 13:00,401.726
116,24.06 14:00,397.365
116,24.06 15:00,391.527
116,24.06 16:00,392.772
116,24.06 17:00,382.025
116,24.06 18:00,335.383
116,24.06 19:00,262.294
116,24.06 20:00,243.076
116,24.06 21:00,228.77
116,24.06 22:00,226.865
116,24.06 23:00,234.338
116,25.06 00:00,238.028
116,25.06 01:00,224.275
116,25.06 02:00,207.083
116,25.06 03:00,190.587
116,25.06 04:00,192.732
116,25.06 05:00,197.874
116,25.06 06:00,191.126
116,25.06 07:00,251.822
116,25.06 08:00,224.832
116,25.06 09:00,222.776
116,25.06 10:00,219.448
116,25.06 11:00,220.78
116,25.06 12:00,227.526
116,25.06 13:00,230.947
116,25.06 14:00,256.093
116,25.06 15:00,260.927
116,25.06 16:00,264.021
116,25.06 17:00,252.023
116,25.06 18:00,216.609
116,25.06 19:00,185.622
116,25.06 20:00,184.426
116,25.06 21:00,201.631
116,25.06 22:00,195.964
116,25.06 23:00,190.116
116,26.06 00:00,189.298
116,26.06 01:00,191.084
116,26.06 02:00,193.758
116,26.06 03:00,193.881
116,26.06 04:00,193.756
116,26.06 05:00,193.428
116,26.06 06:00,193.084
116,26.06 07:00,257.226
116,26.06 08:00,217.49
116,26.06 09:00,213.19
116,26.06 10:00,217.596
116,26.06 11:00,222.932
116,26.06 12:00,227.662
116,26.06 13:00,234.329
116,26.06 14:00,256.908
116,26.06 15:00,260.037
116,26.06 16:00,261.738
116,26.06 17:00,257.728
116,26.06 18:00,258.328
116,26.06 19:00,212.081
116,26.06 20:00,202.86
116,26.06 21:00,223.077
116,26.06 22:00,230.083
116,26.06 23:00,230.326
116,27.06 00:00,226.926
116,27.06 01:00,226.853
116,27.06 02:00,228.473
116,27.06 03:00,230.515
116,27.06 04:00,229.36
116,27.06 05:00,232.832
116,27.06 06:00,300.643
116,27.06 07:00,282.793
116,27.06 08:00,305.792
116,27.06 09:00,374.192
116,27.06 10:00,396.944
116,27.06 11:00,413.271
116,27.06 12:00,411.423
116,27.06 13:00,411.959
116,27.06 14:00,409.342
116,27.06 15:00,404.278
116,27.06 16:00,410.131
116,27.06 17:00,391.143
116,27.06 18:00,346.311
116,27.06 19:00,319.17
116,27.06 20:00,296.175
116,27.06 21:00,245.784
116,27.06 22:00,225.89
116,27.06 23:00,223.191
116,28.06 00:00,218.955
116,28.06 01:00,200.395
116,28.06 02:00,186.648
116,28.06 03:00,194.074
116,28.06 04:00,194.029
116,28.06 05:00,195.922
116,28.06 06:00,276.929
116,28.06 07:00,265.375
116,28.06 08:00,305.443
116,28.06 09:00,375.505
116,28.06 10:00,396.008
116,28.06 11:00,409.822
116,28.06 12:00,415.938
116,28.06 13:00,411.058
116,28.06 14:00,409.372
116,28.06 15:00,402.923
116,28.06 16:00,402.09
116,28.06 17:00,393.146
116,28.06 18:00,354.591
116,28.06 19:00,308.32
116,28.06 20:00,288.196
116,28.06 21:00,252.352
116,28.06 22:00,221.928
116,28.06 23:00,219.447
116,29.06 00:00,210.501
116,29.06 01:00,202.59
116,29.06 02:00,197.993
116,29.06 03:00,194.295
116,29.06 04:00,195.485
116,29.06 05:00,196.776
116,29.06 06:00,262.026
116,29.06 07:00,262.888
116,29.06 08:00,297.707
116,29.06 09:00,372.56
116,29.06 10:00,390.2
116,29.06 11:00,407.126
116,29.06 12:00,412.342
116,29.06 13:00,404.348
116,29.06 14:00,399.704
116,29.06 15:00,395.894
116,29.06 16:00,391.094
116,29.06 17:00,381.639
116,29.06 18:00,345.182
116,29.06 19:00,313.9
116,29.06 20:00,293.502
116,29.06 21:00,241.52
116,29.06 22:00,221.887
116,29.06 23:00,223.637
116,30.06 00:00,203.74
116,30.06 01:00,192.526
116,30.06 02:00,195.58
116,30.06 03:00,194.718
116,30.06 04:00,194.164
116,30.06 05:00,195.485
116,30.06 06:00,270.309
116,30.06 07:00,266.604
116,30.06 08:00,295.741
116,30.06 09:00,377.996
116,30.06 10:00,397.913
116,30.06 11:00,410.613
116,30.06 12:00,412.676
116,30.06 13:00,397.541
116,30.06 14:00,403.035
116,30.06 15:00,404.652
116,30.06 16:00,394.602
116,30.06 17:00,379.564
116,30.06 18:00,372.903
116,30.06 19:00,334.875
116,30.06 20:00,317.473
116,30.06 21:00,285.424
116,30.06 22:00,215.842
116,30.06 23:00,210.05
116,01.07 00:00,209.359
116,01.07 01:00,205.389
116,01.07 02:00,199.009
116,01.07 03:00,195.335
116,01.07 04:00,195.448
116,01.07 05:00,198.748
116,01.07 06:00,267.998
116,01.07 07:00,287.913
116,01.07 08:00,337.909
116,01.07 09:00,370.364
116,01.07 10:00,390.615
116,01.07 11:00,405.379
116,01.07 12:00,401.226
116,01.07 13:00,403.661
116,01.07 14:00,402.012
116,01.07 15:00,401.052
116,01.07 16:00,401.294
116,01.07 17:00,401.805
116,01.07 18:00,404.907
116,01.07 19:00,404.274
116,01.07 20:00,403.149
116,01.07 21:00,401.825
116,01.07 22:00,403.437
116,01.07 23:00,401.791
116,02.07 00:00,402.732
116,02.07 02:00,404.649
116,02.07 03:00,404.704
116,02.07 04:00,403.064
116,02.07 05:00,402.265
116,02.07 06:00,402.756
116,02.07 07:00,403.792
116,02.07 08:00,0.0
116,02.07 09:00,0.0
116,02.07 10:00,0.0
116,02.07 11:00,0.0
116,02.07 12:00,0.0
116,02.07 13:00,0.0
116,02.07 14:00,0.0
116,02.07 15:00,0.0
116,02.07 16:00,0.0
116,02.07 17:00,0.0
116,02.07 18:00,0.0
116,02.07 19:00,0.0
116,02.07 20:00,0.0
116,02.07 21:00,0.0
116,02.07 22:00,0.0
116,02.07 23:00,0.0
116,03.07 00:00,0.0
116,03.07 02:00,0.0
116,03.07 03:00,0.0
116,03.07 04:00,0.0
116,03.07 05:00,0.0
116,03.07 06:00,0.0
116,03.07 07:00,0.0
116,03.07 08:00,0.0
116,03.07 09:00,0.0
116,03.07 10:00,0.0
116,03.07 11:00,0.0
116,03.07 12:00,0.0
116,03.07 13:00,0.0
116,03.07 14:00,0.0
116,03.07 15:00,0.0
116,03.07 16:00,0.0
116,03.07 17:00,0.0
116,03.07 18:00,0.0
116,03.07 19:00,0.0
116,03.07 20:00,0.0
116,03.07 21:00,0.0
116,03.07 22:00,0.0
116,03.07 23:00,0.0
116,04.07 00:00,0.0
116,04.07 02:00,0.0
116,04.07 03:00,0.0
116,04.07 04:00,0.0
116,04.07 05:00,0.0
116,04.07 06:00,0.0
116,04.07 07:00,0.0
116,04.07 08:00,0.0
116,04.07 09:00,0.0
116,04.07 10:00,0.0
116,04.07 11:00,0.0
116,04.07 12:00,0.0
116,04.07 13:00,0.0
116,04.07 14:00,0.0
116,04.07 15:00,0.0
116,04.07 16:00,0.0
116,04.07 17:00,0.0
116,04.07 18:00,0.0
116,04.07 19:00,0.0
116,04.07 20:00,0.0
116,04.07 21:00,0.0
116,04.07 22:00,0.0
116,04.07 23:00,0.0
116,05.07 00:00,0.0
116,05.07 02:00,0.0
116,05.07 03:00,0.0
116,05.07 04:00,0.0
116,05.07 06:00,291.862
116,05.07 07:00,298.813
116,05.07 08:00,353.036
116,05.07 09:00,380.203
116,05.07 10:00,394.134
116,05.07 11:00,402.169
116,05.07 12:00,411.934
116,05.07 13:00,408.371
116,05.07 14:00,402.062
116,05.07 15:00,403.74
116,05.07 16:00,401.361
116,05.07 17:00,391.862
116,05.07 18:00,384.99
116,05.07 19:00,351.374
116,05.07 20:00,331.472
116,05.07 21:00,280.359
116,05.07 22:00,241.13
116,05.07 23:00,239.759
116,06.07 00:00,240.654
116,06.07 01:00,224.309
116,06.07 02:00,204.363
116,06.07 03:00,196.197
116,06.07 04:00,199.552
116,06.07 05:00,201.747
116,06.07 06:00,268.992
116,06.07 07:00,286.452
116,06.07 08:00,341.326
116,06.07 09:00,383.076
116,06.07 10:00,401.751
116,06.07 11:00,410.787
116,06.07 12:00,415.783
116,06.07 13:00,416.948
116,06.07 14:00,413.888
116,06.07 15:00,404.223
116,06.07 16:00,400.091
116,06.07 17:00,391.396
116,06.07 18:00,382.412
116,06.07 19:00,353.42
116,06.07 20:00,337.59
116,06.07 21:00,271.88
116,06.07 22:00,223.492
116,06.07 23:00,221.003
116,07.07 00:00,220.105
116,07.07 01:00,218.987
116,07.07 02:00,204.708
116,07.07 03:00,198.194
116,07.07 04:00,198.01
116,07.07 05:00,201.151
116,07.07 06:00,278.712
116,07.07 07:00,285.917
116,07.07 08:00,343.657
116,07.07 09:00,403.731
116,07.07 10:00,430.607
116,07.07 11:00,439.097
116,07.07 12:00,422.667
116,07.07 13:00,409.606
116,07.07 14:00,402.335
116,07.07 15:00,405.452
116,07.07 16:00,404.481
116,07.07 17:00,388.328
116,07.07 18:00,341.924
116,07.07 19:00,312.051
116,07.07 20:00,299.338
116,07.07 21:00,274.978
116,07.07 22:00,224.87
116,07.07 23:00,239.709
116,08.07 00:00,246.875
116,08.07 01:00,239.759
116,08.07 02:00,200.795
116,08.07 03:00,191.789
116,08.07 04:00,192.205
116,08.07 05:00,195.533
116,08.07 06:00,269.289
116,08.07 07:00,269.146
116,08.07 08:00,296.145
116,08.07 09:00,374.094
116,08.07 10:00,260.788
116,08.07 11:00,0.0
116,08.07 12:00,409.726
116,08.07 13:00,406.359
116,08.07 14:00,410.37
116,08.07 15:00,410.308
116,08.07 16:00,398.109
116,08.07 17:00,383.592
116,08.07 18:00,340.101
116,08.07 19:00,286.402
116,08.07 20:00,259.704
116,08.07 21:00,231.904
116,08.07 22:00,218.481
116,08.07 23:00,214.848
116,09.07 00:00,211.494
116,09.07 01:00,209.638
116,09.07 02:00,201.966
116,09.07 03:00,195.927
116,09.07 04:00,198.69
116,09.07 05:00,196.473
116,09.07 06:00,201.708
116,09.07 07:00,261.52
116,09.07 08:00,227.178
116,09.07 09:00,230.806
116,09.07 10:00,235.512
116,09.07 11:00,237.756
116,09.07 12:00,244.759
116,09.07 13:00,241.965
116,09.07 14:00,276.998
116,09.07 15:00,281.481
116,09.07 16:00,277.958
116,09.07 17:00,270.243
116,09.07 18:00,238.987
116,09.07 19:00,204.281
116,09.07 20:00,197.929
116,09.07 21:00,209.583
116,09.07 22:00,200.787
116,09.07 23:00,195.791
116,10.07 00:00,199.301
116,10.07 01:00,194.308
116,10.07 02:00,195.13
116,10.07 03:00,190.492
116,10.07 04:00,193.825
116,10.07 05:00,193.358
116,10.07 06:00,194.051
116,10.07 07:00,266.385
116,10.07 08:00,227.781
116,10.07 09:00,225.9
116,10.07 10:00,228.28
116,10.07 11:00,231.823
116,10.07 12:00,236.521
116,10.07 13:00,253.972
116,10.07 14:00,271.066
116,10.07 15:00,274.933
116,10.07 16:00,272.192
116,10.07 17:00,275.008
116,10.07 18:00,269.269
116,10.07 19:00,220.953
116,10.07 20:00,211.268
116,10.07 21:00,218.505
116,10.07 22:00,212.717
116,10.07 23:00,210.407
116,11.07 00:00,206.662
116,11.07 01:00,202.547
116,11.07 02:00,201.679
116,11.07 03:00,206.911
116,11.07 04:00,205.139
116,11.07 05:00,205.715
116,11.07 06:00,280.974
116,11.07 07:00,279.564
116,11.07 08:00,312.499
116,11.07 09:00,376.772
116,11.07 10:00,394.133
116,11.07 11:00,397.677
116,11.07 12:00,411.608
116,11.07 13:00,407.869
116,11.07 14:00,401.63
116,11.07 15:00,402.208
116,11.07 16:00,395.455
116,11.07 17:00,387.259
116,11.07 18:00,350.697
116,11.07 19:00,324.427
116,11.07 20:00,306.378
116,11.07 21:00,254.211
116,11.07 22:00,225.167
116,11.07 23:00,245.163
116,12.07 00:00,250.253
116,12.07 01:00,228.539
116,12.07 02:00,215.21
116,12.07 03:00,202.856
116,12.07 04:00,200.645
116,12.07 05:00,199.783
116,12.07 06:00,275.038
116,12.07 07:00,280.893
116,12.07 08:00,306.913
116,12.07 09:00,369.923
116,12.07 10:00,388.338
116,12.07 11:00,404.951
116,12.07 12:00,402.068
116,12.07 13:00,407.432
116,12.07 14:00,412.464
116,12.07 15:00,404.556
116,12.07 16:00,403.931
116,12.07 17:00,390.07
116,12.07 18:00,358.583
116,12.07 19:00,338.631
116,12.07 20:00,318.707
116,12.07 21:00,318.802
116,12.07 22:00,253.303
116,12.07 23:00,239.336
116,13.07 00:00,238.266
116,13.07 01:00,230.751
116,13.07 02:00,213.901
116,13.07 03:00,207.393
116,13.07 04:00,212.289
116,13.07 05:00,214.085
116,13.07 06:00,212.579
116,13.07 07:00,286.267
116,13.07 08:00,312.357
116,13.07 09:00,376.106
116,13.07 10:00,416.35
116,13.07 11:00,408.926
116,13.07 12:00,416.0
116,13.07 13:00,408.462
116,13.07 14:00,401.959
116,13.07 15:00,402.299
116,13.07 16:00,389.574
116,13.07 17:00,387.322
116,13.07 18:00,358.326
116,13.07 19:00,320.879
116,13.07 20:00,316.209
116,13.07 21:00,319.498
116,13.07 22:00,246.677
116,13.07 23:00,246.885
116,14.07 00:00,245.578
116,14.07 01:00,246.777
116,14.07 02:00,222.387
116,14.07 03:00,204.626
116,14.07 04:00,207.831
116,14.07 05:00,205.528
116,14.07 06:00,203.146
116,14.07 07:00,284.523
116,14.07 08:00,310.674
116,14.07 09:00,385.483
116,14.07 10:00,405.887
116,14.07 11:00,413.044
116,14.07 12:00,416.545
116,14.07 13:00,412.452
116,14.07 14:00,412.6
116,14.07 15:00,403.054
116,14.07 16:00,409.15
116,14.07 17:00,397.352
116,14.07 18:00,361.234
116,14.07 19:00,333.541
116,14.07 20:00,310.805
116,14.07 21:00,316.163
116,14.07 22:00,278.571
116,14.07 23:00,249.069
116,15.07 00:00,249.002
116,15.07 01:00,244.621
116,15.07 02:00,223.784
116,15.07 03:00,210.059
116,15.07 04:00,213.346
116,15.07 05:00,208.732
116,15.07 06:00,207.987
116,15.07 07:00,281.448
116,15.07 08:00,308.222
116,15.07 09:00,383.374
116,15.07 10:00,403.027
116,15.07 11:00,406.061
116,15.07 12:00,408.653
116,15.07 13:00,407.248
116,15.07 14:00,399.911
116,15.07 15:00,385.112
116,15.07 16:00,385.33
116,15.07 17:00,368.935
116,15.07 18:00,332.238
116,15.07 19:00,277.905
116,15.07 20:00,254.784
116,15.07 21:00,264.995
116,15.07 22:00,255.861
116,15.07 23:00,232.331
116,16.07 00:00,222.707
116,16.07 01:00,233.385
116,16.07 02:00,213.69
116,16.07 03:00,204.991
116,16.07 04:00,204.957
116,16.07 05:00,201.382
116,16.07 06:00,201.236
116,16.07 07:00,196.552
116,16.07 08:00,225.842
116,16.07 09:00,228.798
116,16.07 10:00,228.531
116,16.07 11:00,237.067
116,16.07 12:00,238.995
116,16.07 13:00,241.97
116,16.07 14:00,269.236
116,16.07 15:00,289.673
116,16.07 16:00,273.462
116,16.07 17:00,267.703
116,16.07 18:00,236.832
116,16.07 19:00,237.279
116,16.07 20:00,204.416
116,16.07 21:00,207.478
116,16.07 22:00,230.805
116,16.07 23:00,203.961
116,17.07 00:00,201.044
116,17.07 01:00,199.202
116,17.07 02:00,200.933
116,17.07 03:00,198.076
116,17.07 04:00,200.309
116,17.07 05:00,197.211
116,17.07 06:00,198.195
116,17.07 07:00,182.903
116,17.07 08:00,219.304
116,17.07 09:00,220.637
116,17.07 10:00,223.004
116,17.07 11:00,230.084
116,17.07 12:00,230.56
116,17.07 13:00,240.327
116,17.07 14:00,266.236
116,17.07 15:00,264.939
116,17.07 16:00,264.881
116,17.07 17:00,267.82
116,17.07 18:00,265.148
116,17.07 19:00,262.26
116,17.07 20:00,213.402
116,17.07 21:00,213.076
116,17.07 22:00,218.012
116,17.07 23:00,205.36
116,18.07 00:00,202.612
116,18.07 01:00,202.062
116,18.07 02:00,216.915
116,18.07 03:00,204.312
116,18.07 04:00,204.178
116,18.07 05:00,204.903
116,18.07 06:00,207.093
116,18.07 07:00,281.708
116,18.07 08:00,306.505
116,18.07 09:00,367.564
116,18.07 10:00,388.369
116,18.07 11:00,415.497
116,18.07 12:00,406.056
116,18.07 13:00,403.737
116,18.07 14:00,407.233
116,18.07 15:00,406.015
116,18.07 16:00,397.793
116,18.07 17:00,387.868
116,18.07 18:00,348.012
116,18.07 19:00,322.224
116,18.07 20:00,303.116
116,18.07 21:00,254.069
116,18.07 22:00,236.671
116,18.07 23:00,231.933
116,19.07 00:00,237.636
116,19.07 01:00,236.387
116,19.07 02:00,211.226
116,19.07 03:00,196.735
116,19.07 04:00,199.643
116,19.07 05:00,201.771
116,19.07 06:00,270.886
116,19.07 07:00,273.932
116,19.07 08:00,302.071
116,19.07 09:00,373.429
116,19.07 10:00,396.461
116,19.07 11:00,403.386
116,19.07 12:00,407.809
116,19.07 13:00,403.223
116,19.07 14:00,414.76
116,19.07 15:00,400.578
116,19.07 16:00,405.409
116,19.07 17:00,386.131
116,19.07 18:00,346.265
116,19.07 19:00,323.399
116,19.07 20:00,306.032
116,19.07 21:00,259.826
116,19.07 22:00,240.551
116,19.07 23:00,239.17
116,20.07 00:00,244.603
116,20.07 01:00,244.847
116,20.07 02:00,219.573
116,20.07 03:00,203.339
116,20.07 04:00,205.999
116,20.07 05:00,209.966
116,20.07 06:00,283.312
116,20.07 07:00,281.442
116,20.07 08:00,297.398
116,20.07 09:00,371.472
116,20.07 10:00,393.904
116,20.07 11:00,400.031
116,20.07 12:00,416.393
116,20.07 13:00,402.76
116,20.07 14:00,400.999
116,20.07 15:00,399.177
116,20.07 16:00,396.841
116,20.07 17:00,395.935
116,20.07 18:00,361.483
116,20.07 19:00,334.431
116,20.07 20:00,315.068
116,20.07 21:00,268.241
116,20.07 22:00,260.86
116,20.07 23:00,255.067
116,21.07 00:00,251.93
116,21.07 01:00,252.117
116,21.07 02:00,224.892
116,21.07 03:00,200.737
116,21.07 04:00,204.243
116,21.07 05:00,204.145
116,21.07 06:00,276.736
116,21.07 07:00,279.22
116,21.07 08:00,312.114
116,21.07 09:00,378.522
116,21.07 10:00,395.184
116,21.07 11:00,405.845
116,21.07 12:00,410.067
116,21.07 13:00,409.188
116,21.07 14:00,400.269
116,21.07 15:00,402.925
116,21.07 16:00,397.808
116,21.07 17:00,387.778
116,21.07 18:00,347.682
116,21.07 19:00,316.055
116,21.07 20:00,299.88
116,21.07 21:00,286.34
116,21.07 22:00,256.08
116,21.07 23:00,256.565
116,22.07 00:00,258.942
116,22.07 01:00,249.505
116,22.07 02:00,229.43
116,22.07 03:00,210.125
116,22.07 04:00,211.785
116,22.07 05:00,210.637
116,22.07 06:00,284.297
116,22.07 07:00,284.346
116,22.07 08:00,303.875
116,22.07 09:00,368.61
116,22.07 10:00,389.053
116,22.07 11:00,392.606
116,22.07 12:00,399.656
116,22.07 13:00,397.147
116,22.07 14:00,386.484
116,22.07 15:00,380.262
116,22.07 16:00,381.371
116,22.07 17:00,372.086
116,22.07 18:00,325.714
116,22.07 19:00,280.115
116,22.07 20:00,264.043
116,22.07 21:00,231.829
116,22.07 22:00,224.989
116,22.07 23:00,222.961
116,23.07 00:00,217.94
116,23.07 01:00,215.84
116,23.07 02:00,208.102
116,23.07 03:00,200.941
116,23.07 04:00,201.969
116,23.07 05:00,201.455
116,23.07 06:00,205.272
116,23.07 07:00,265.703
116,23.07 08:00,222.423
116,23.07 09:00,226.957
116,23.07 10:00,232.582
116,23.07 11:00,240.989
116,23.07 12:00,236.377
116,23.07 13:00,234.928
116,23.07 14:00,268.851
116,23.07 15:00,272.317
116,23.07 16:00,272.631
116,23.07 17:00,272.283
116,23.07 18:00,240.924
116,23.07 19:00,205.641
116,23.07 20:00,200.74
116,23.07 21:00,204.91
116,23.07 22:00,203.734
116,23.07 23:00,204.909
116,24.07 00:00,202.369
116,24.07 01:00,201.863
116,24.07 02:00,201.015
116,24.07 03:00,202.965
116,24.07 04:00,202.098
116,24.07 05:00,203.124
116,24.07 06:00,210.023
116,24.07 07:00,268.189
116,24.07 08:00,221.156
116,24.07 09:00,227.195
116,24.07 10:00,233.285
116,24.07 11:00,237.751
116,24.07 12:00,237.0
116,24.07 13:00,251.548
116,24.07 14:00,273.864
116,24.07 15:00,274.761
116,24.07 16:00,273.875
116,24.07 17:00,267.749
116,24.07 18:00,269.179
116,24.07 19:00,218.429
116,24.07 20:00,217.32
116,24.07 21:00,225.777
116,24.07 22:00,215.507
116,24.07 23:00,220.548
116,25.07 00:00,216.251
116,25.07 01:00,214.535
116,25.07 02:00,215.444
116,25.07 03:00,212.687
116,25.07 04:00,212.011
116,25.07 05:00,212.408
116,25.07 06:00,292.635
116,25.07 07:00,288.207
116,25.07 08:00,308.027
116,25.07 09:00,373.378
116,25.07 10:00,408.073
116,25.07 11:00,427.253
116,25.07 12:00,432.395
116,25.07 13:00,438.27
116,25.07 14:00,420.401
116,25.07 15:00,417.933
116,25.07 16:00,407.528
116,25.07 17:00,391.989
116,25.07 18:00,352.218
116,25.07 19:00,331.218
116,25.07 20:00,312.412
116,25.07 21:00,261.14
116,25.07 22:00,240.644
116,25.07 23:00,230.967
116,26.07 00:00,229.041
116,26.07 01:00,229.926
116,26.07 02:00,217.826
116,26.07 03:00,204.686
116,26.07 04:00,201.04
116,26.07 05:00,200.324
116,26.07 06:00,277.574
116,26.07 07:00,291.042
116,26.07 08:00,308.63
116,26.07 09:00,375.175
116,26.07 10:00,397.914
116,26.07 11:00,393.572
116,26.07 12:00,407.286
116,26.07 13:00,418.494
116,26.07 14:00,411.768
116,26.07 15:00,417.976
116,26.07 16:00,402.2
116,26.07 17:00,381.35
116,26.07 18:00,331.681
116,26.07 19:00,317.507
116,26.07 20:00,292.854
116,26.07 21:00,256.114
116,26.07 22:00,230.157
116,26.07 23:00,231.277
116,27.07 00:00,244.795
116,27.07 01:00,244.698
116,27.07 02:00,221.712
116,27.07 03:00,199.701
116,27.07 04:00,201.502
116,27.07 05:00,203.1
116,27.07 06:00,273.971
116,27.07 07:00,286.863
116,27.07 08:00,299.717
116,27.07 09:00,362.658
116,27.07 10:00,388.173
116,27.07 11:00,397.227
116,27.07 12:00,398.914
116,27.07 13:00,400.003
116,27.07 14:00,397.237
116,27.07 15:00,398.716
116,27.07 16:00,387.952
116,27.07 17:00,375.774
116,27.07 18:00,339.126
116,27.07 19:00,318.264
116,27.07 20:00,298.353
116,27.07 21:00,255.919
116,27.07 22:00,227.681
116,27.07 23:00,241.014
116,28.07 00:00,243.563
116,28.07 01:00,238.926
116,28.07 02:00,208.309
116,28.07 03:00,199.609
116,28.07 04:00,203.662
116,28.07 05:00,203.737
116,28.07 06:00,272.496
116,28.07 07:00,288.437
116,28.07 08:00,295.454
116,28.07 09:00,367.145
116,28.07 10:00,393.745
116,28.07 11:00,410.969
116,28.07 12:00,416.029
116,28.07 13:00,408.607
116,28.07 14:00,402.003
116,28.07 15:00,398.02
116,28.07 16:00,384.014
116,28.07 17:00,371.613
116,28.07 18:00,323.447
116,28.07 19:00,299.382
116,28.07 20:00,284.037
116,28.07 21:00,254.165
116,28.07 22:00,240.113
116,28.07 23:00,249.244
116,29.07 00:00,243.189
116,29.07 01:00,230.282
116,29.07 02:00,210.386
116,29.07 03:00,193.122
116,29.07 04:00,197.198
116,29.07 05:00,201.875
116,29.07 06:00,268.254
116,29.07 07:00,283.18
116,29.07 08:00,307.948
116,29.07 09:00,361.375
116,29.07 10:00,383.758
116,29.07 11:00,391.067
116,29.07 12:00,395.076
116,29.07 13:00,391.81
116,29.07 14:00,394.874
116,29.07 15:00,376.301
116,29.07 16:00,373.648
116,29.07 17:00,361.21
116,29.07 18:00,319.873
116,29.07 19:00,280.064
116,29.07 20:00,260.209
116,29.07 21:00,215.507
116,29.07 22:00,232.814
116,29.07 23:00,228.247
116,30.07 00:00,238.574
116,30.07 01:00,229.996
116,30.07 02:00,214.502
116,30.07 03:00,199.92
116,30.07 04:00,203.635
116,30.07 05:00,200.334
116,30.07 06:00,197.876
116,30.07 07:00,259.729
116,30.07 08:00,221.512
116,30.07 09:00,225.864
116,30.07 10:00,232.291
116,30.07 11:00,238.156
116,30.07 12:00,238.458
116,30.07 13:00,238.423
116,30.07 14:00,266.296
116,30.07 15:00,271.662
116,30.07 16:00,272.172
116,30.07 17:00,270.543
116,30.07 18:00,233.272
116,30.07 19:00,176.798
116,30.07 20:00,169.747
116,30.07 21:00,189.609
116,30.07 22:00,209.272
116,30.07 23:00,211.379
116,31.07 00:00,211.908
116,31.07 01:00,205.107
116,31.07 02:00,203.317
116,31.07 03:00,201.101
116,31.07 04:00,199.78
116,31.07 05:00,199.845
116,31.07 06:00,207.9
116,31.07 07:00,264.963
116,31.07 08:00,225.052
116,31.07 09:00,235.963
116,31.07 10:00,242.577
116,31.07 11:00,241.471
116,31.07 12:00,239.337
116,31.07 13:00,249.862
116,31.07 14:00,274.379
116,31.07 15:00,275.022
116,31.07 16:00,274.603
116,31.07 17:00,275.226
116,31.07 18:00,271.327
116,31.07 19:00,220.933
116,31.07 20:00,215.166
116,31.07 21:00,230.872
116,31.07 22:00,211.801
116,31.07 23:00,211.223
116,01.08 00:00,210.148
116,01.08 01:00,206.332
116,01.08 02:00,205.409
116,01.08 03:00,205.444
116,01.08 04:00,205.141
116,01.08 05:00,207.163
116,01.08 06:00,276.658
116,01.08 07:00,281.949
116,01.08 08:00,305.057
116,01.08 09:00,373.972
116,01.08 10:00,393.659
116,01.08 11:00,412.824
116,01.08 12:00,423.098
116,01.08 13:00,408.677
116,01.08 14:00,410.857
116,01.08 15:00,410.63
116,01.08 16:00,396.58
116,01.08 17:00,381.031
116,01.08 18:00,349.833
116,01.08 19:00,328.542
116,01.08 20:00,303.639
116,01.08 21:00,258.705
116,01.08 22:00,217.813
116,01.08 23:00,220.213
116,02.08 00:00,218.845
116,02.08 01:00,211.503
116,02.08 02:00,192.182
116,02.08 03:00,186.842
116,02.08 04:00,184.216
116,02.08 05:00,183.522
116,02.08 06:00,252.753
116,02.08 07:00,272.696
116,02.08 08:00,312.391
116,02.08 09:00,384.546
116,02.08 10:00,398.578
116,02.08 11:00,408.443
116,02.08 12:00,423.923
116,02.08 13:00,413.695
116,02.08 14:00,410.515
116,02.08 15:00,410.189
116,02.08 16:00,408.53
116,02.08 17:00,398.571
116,02.08 18:00,354.277
116,02.08 19:00,332.322
116,02.08 20:00,311.928
116,02.08 21:00,274.104
116,02.08 22:00,255.275
116,02.08 23:00,251.605
116,03.08 00:00,240.364
116,03.08 01:00,220.058
116,03.08 02:00,214.081
116,03.08 03:00,206.106
116,03.08 04:00,211.67
116,03.08 05:00,212.047
116,03.08 06:00,282.09
116,03.08 07:00,281.281
116,03.08 08:00,307.766
116,03.08 09:00,370.753
116,03.08 10:00,391.026
116,03.08 11:00,402.868
116,03.08 12:00,412.26
116,03.08 13:00,404.902
116,03.08 14:00,404.534
116,03.08 15:00,401.493
116,03.08 16:00,398.607
116,03.08 17:00,386.171
116,03.08 18:00,351.658
116,03.08 19:00,321.341
116,03.08 20:00,302.637
116,03.08 21:00,267.633
116,03.08 22:00,242.734
116,03.08 23:00,235.22
116,04.08 00:00,234.86
116,04.08 01:00,228.775
116,04.08 02:00,222.923
116,04.08 03:00,206.062
116,04.08 04:00,206.698
116,04.08 05:00,204.172
116,04.08 06:00,274.498
116,04.08 07:00,278.807
116,04.08 08:00,307.87
116,04.08 09:00,378.077
116,04.08 10:00,400.061
116,04.08 11:00,410.157
116,04.08 12:00,415.273
116,04.08 13:00,413.37
116,04.08 14:00,401.421
116,04.08 15:00,411.041
116,04.08 16:00,416.38
116,04.08 17:00,392.383
116,04.08 18:00,351.212
116,04.08 19:00,315.874
116,04.08 20:00,299.349
116,04.08 21:00,267.848
116,04.08 22:00,243.853
116,04.08 23:00,236.205
116,05.08 00:00,222.989
116,05.08 01:00,220.247
116,05.08 02:00,214.329
116,05.08 03:00,203.872
116,05.08 04:00,204.096
116,05.08 05:00,204.136
116,05.08 06:00,275.145
116,05.08 07:00,276.027
116,05.08 08:00,300.51
116,05.08 09:00,380.803
116,05.08 10:00,388.171
116,05.08 11:00,394.214
116,05.08 12:00,401.39
116,05.08 13:00,399.252
116,05.08 14:00,391.216
116,05.08 15:00,386.629
116,05.08 16:00,385.136
116,05.08 17:00,376.328
116,05.08 18:00,329.215
116,05.08 19:00,283.634
116,05.08 20:00,253.924
116,05.08 21:00,214.424
116,05.08 22:00,254.889
116,05.08 23:00,256.005
116,06.08 00:00,251.899
116,06.08 01:00,245.101
116,06.08 02:00,227.963
116,06.08 03:00,204.839
116,06.08 04:00,206.918
116,06.08 05:00,199.633
116,06.08 06:00,196.232
116,06.08 07:00,264.936
116,06.08 08:00,224.641
116,06.08 09:00,230.125
116,06.08 10:00,236.018
116,06.08 11:00,243.249
116,06.08 12:00,250.532
116,06.08 13:00,239.366
116,06.08 14:00,271.299
116,06.08 15:00,272.866
116,06.08 16:00,273.897
116,06.08 17:00,265.927
116,06.08 18:00,240.091
116,06.08 19:00,175.998
116,06.08 20:00,168.728
116,06.08 21:00,193.012
116,06.08 22:00,208.24
116,06.08 23:00,209.911
116,07.08 00:00,208.187
116,07.08 01:00,206.684
116,07.08 02:00,207.821
116,07.08 03:00,204.602
116,07.08 04:00,207.805
116,07.08 05:00,205.777
116,07.08 06:00,207.693
116,07.08 07:00,273.555
116,07.08 08:00,230.983
116,07.08 09:00,230.788
116,07.08 10:00,235.317
116,07.08 11:00,238.133
116,07.08 12:00,245.154
116,07.08 13:00,255.672
116,07.08 14:00,274.753
116,07.08 15:00,270.926
116,07.08 16:00,267.459
116,07.08 17:00,267.872
116,07.08 18:00,275.134
116,07.08 19:00,223.223
116,07.08 20:00,214.052
116,07.08 21:00,231.086
116,07.08 22:00,213.647
116,07.08 23:00,218.845
116,08.08 00:00,221.723
116,08.08 01:00,218.917
116,08.08 02:00,214.037
116,08.08 03:00,209.97
116,08.08 04:00,210.931
116,08.08 05:00,204.059
116,08.08 06:00,280.08
116,08.08 07:00,284.635
116,08.08 08:00,312.113
116,08.08 09:00,384.441
116,08.08 10:00,398.63
116,08.08 11:00,408.29
116,08.08 12:00,413.833
116,08.08 13:00,409.066
116,08.08 14:00,408.738
116,08.08 15:00,402.141
116,08.08 16:00,398.591
116,08.08 17:00,386.542
116,08.08 18:00,347.989
116,08.08 19:00,323.997
116,08.08 20:00,294.127
116,08.08 21:00,259.367
116,08.08 22:00,232.726
116,08.08 23:00,231.7
116,09.08 00:00,232.08
116,09.08 01:00,226.004
116,09.08 02:00,212.812
116,09.08 03:00,200.594
116,09.08 04:00,202.741
116,09.08 05:00,206.613
116,09.08 06:00,282.199
116,09.08 07:00,289.798
116,09.08 08:00,306.251
116,09.08 09:00,386.691
116,09.08 10:00,405.437
116,09.08 11:00,409.915
116,09.08 12:00,418.337
116,09.08 13:00,419.203
116,09.08 14:00,408.626
116,09.08 15:00,400.5
116,09.08 16:00,397.919
116,09.08 17:00,386.302
116,09.08 18:00,351.117
116,09.08 19:00,318.953
116,09.08 20:00,299.284
116,09.08 21:00,258.379
116,09.08 22:00,225.815
116,09.08 23:00,225.173
116,10.08 00:00,223.217
116,10.08 01:00,218.617
116,10.08 02:00,207.703
116,10.08 03:00,202.445
116,10.08 04:00,206.218
116,10.08 05:00,207.79
116,10.08 06:00,284.983
116,10.08 07:00,288.255
116,10.08 08:00,303.338
116,10.08 09:00,381.116
116,10.08 10:00,398.718
116,10.08 11:00,412.82
116,10.08 12:00,418.855
116,10.08 13:00,413.116
116,10.08 14:00,407.751
116,10.08 15:00,407.584
116,10.08 16:00,406.89
116,10.08 17:00,390.063
116,10.08 18:00,352.844
116,10.08 19:00,320.71
116,10.08 20:00,306.099
116,10.08 21:00,271.681
116,10.08 22:00,254.319
116,10.08 23:00,257.283
116,11.08 00:00,247.911
116,11.08 01:00,243.128
116,11.08 02:00,219.701
116,11.08 03:00,208.043
116,11.08 04:00,211.618
116,11.08 05:00,209.439
116,11.08 06:00,291.942
116,11.08 07:00,291.083
116,11.08 08:00,318.468
116,11.08 09:00,383.932
116,11.08 10:00,401.373
116,11.08 11:00,413.514
116,11.08 12:00,423.719
116,11.08 13:00,418.481
116,11.08 14:00,410.825
116,11.08 15:00,406.655
116,11.08 16:00,404.811
116,11.08 17:00,389.353
116,11.08 18:00,351.073
116,11.08 19:00,314.715
116,11.08 20:00,296.787
116,11.08 21:00,284.915
116,11.08 22:00,221.174
116,11.08 23:00,221.501
116,12.08 00:00,222.5
116,12.08 01:00,219.456
116,12.08 02:00,207.851
116,12.08 03:00,200.275
116,12.08 04:00,201.838
116,12.08 05:00,203.785
116,12.08 06:00,276.067
116,12.08 07:00,280.992
116,12.08 08:00,296.585
116,12.08 09:00,369.117
116,12.08 10:00,397.217
116,12.08 11:00,410.555
116,12.08 12:00,420.455
116,12.08 13:00,411.022
116,12.08 14:00,406.784
116,12.08 15:00,399.088
116,12.08 16:00,394.511
116,12.08 17:00,379.672
116,12.08 18:00,336.302
116,12.08 19:00,270.612
116,12.08 20:00,256.273
116,12.08 21:00,240.901
116,12.08 22:00,229.31
116,12.08 23:00,224.676
116,13.08 00:00,223.048
116,13.08 01:00,213.871
116,13.08 02:00,199.398
116,13.08 03:00,193.347
116,13.08 04:00,196.456
116,13.08 05:00,193.914
116,13.08 06:00,197.462
116,13.08 07:00,262.765
116,13.08 08:00,224.958
116,13.08 09:00,221.198
116,13.08 10:00,224.171
116,13.08 11:00,221.433
116,13.08 12:00,233.248
116,13.08 13:00,237.876
116,13.08 14:00,275.098
116,13.08 15:00,275.729
116,13.08 16:00,278.182
116,13.08 17:00,270.564
116,13.08 18:00,238.712
116,13.08 19:00,203.73
116,13.08 20:00,193.811
116,13.08 21:00,213.265
116,13.08 22:00,197.072
116,13.08 23:00,196.086
116,14.08 00:00,192.462
116,14.08 01:00,192.847
116,14.08 02:00,194.932
116,14.08 03:00,192.008
116,14.08 04:00,192.757
116,14.08 05:00,190.089
116,14.08 06:00,194.438
116,14.08 07:00,256.351
116,14.08 08:00,217.197
116,14.08 09:00,218.16
116,14.08 10:00,219.096
116,14.08 11:00,221.685
116,14.08 12:00,220.514
116,14.08 13:00,230.59
116,14.08 14:00,264.084
116,14.08 15:00,256.954
116,14.08 16:00,260.588
116,14.08 17:00,261.99
116,14.08 18:00,259.852
116,14.08 19:00,208.397
116,14.08 20:00,205.763
116,14.08 21:00,225.902
116,14.08 22:00,202.534
116,14.08 23:00,205.416
116,15.08 00:00,202.854
116,15.08 01:00,199.224
116,15.08 02:00,199.832
116,15.08 03:00,200.083
116,15.08 04:00,204.138
116,15.08 05:00,204.59
116,15.08 06:00,262.708
116,15.08 07:00,275.475
116,15.08 08:00,286.44
116,15.08 09:00,367.615
116,15.08 10:00,384.661
116,15.08 11:00,389.675
116,15.08 12:00,403.493
116,15.08 13:00,395.506
116,15.08 14:00,391.356
116,15.08 15:00,394.583
116,15.08 16:00,389.489
116,15.08 17:00,370.559
116,15.08 18:00,328.564
116,15.08 19:00,303.034
116,15.08 20:00,270.921
116,15.08 21:00,245.971
116,15.08 22:00,223.13
116,15.08 23:00,216.106
116,16.08 00:00,214.15
116,16.08 01:00,212.342
116,16.08 02:00,203.649
116,16.08 03:00,191.231
116,16.08 04:00,192.933
116,16.08 05:00,198.194
116,16.08 06:00,258.263
116,16.08 07:00,277.972
116,16.08 08:00,292.379
116,16.08 09:00,367.879
116,16.08 10:00,388.519
116,16.08 11:00,389.767
116,16.08 12:00,400.798
116,16.08 13:00,398.089
116,16.08 14:00,395.888
116,16.08 15:00,394.787
116,16.08 16:00,385.647
116,16.08 17:00,374.786
116,16.08 18:00,301.317
116,16.08 19:00,264.099
116,16.08 20:00,258.189
116,16.08 21:00,242.723
116,16.08 22:00,238.925
116,16.08 23:00,232.549
116,17.08 00:00,230.366
116,17.08 01:00,225.762
116,17.08 02:00,216.747
116,17.08 03:00,202.872
116,17.08 04:00,203.757
116,17.08 05:00,207.101
116,17.08 06:00,262.87
116,17.08 07:00,284.995
116,17.08 08:00,292.482
116,17.08 09:00,370.433
116,17.08 10:00,388.045
116,17.08 11:00,401.972
116,17.08 12:00,401.053
116,17.08 13:00,398.274
116,17.08 14:00,396.133
116,17.08 15:00,401.482
116,17.08 16:00,385.563
116,17.08 17:00,376.243
116,17.08 18:00,302.787
116,17.08 19:00,263.89
116,17.08 20:00,246.426
116,17.08 21:00,232.011
116,17.08 22:00,216.547
116,17.08 23:00,224.272
116,18.08 00:00,219.105
116,18.08 01:00,216.792
116,18.08 02:00,209.843
116,18.08 03:00,200.657
116,18.08 04:00,202.442
116,18.08 05:00,205.541
116,18.08 06:00,265.484
116,18.08 07:00,283.683
116,18.08 08:00,300.932
116,18.08 09:00,372.138
116,18.08 10:00,384.971
116,18.08 11:00,397.91
116,18.08 12:00,404.043
116,18.08 13:00,403.388
116,18.08 14:00,411.859
116,18.08 15:00,402.38
116,18.08 16:00,413.461
116,18.08 17:00,379.502
116,18.08 18:00,312.565
116,18.08 19:00,280.793
116,18.08 20:00,275.269
116,18.08 21:00,274.955
116,18.08 22:00,248.59
116,18.08 23:00,243.118
116,19.08 00:00,248.878
116,19.08 01:00,242.547
116,19.08 02:00,221.602
116,19.08 03:00,196.727
116,19.08 04:00,197.162
116,19.08 05:00,198.712
116,19.08 06:00,257.449
116,19.08 07:00,273.834
116,19.08 08:00,284.63
116,19.08 09:00,358.291
116,19.08 10:00,386.858
116,19.08 11:00,397.319
116,19.08 12:00,405.489
116,19.08 13:00,411.148
116,19.08 14:00,401.002
116,19.08 15:00,394.32
116,19.08 16:00,393.121
116,19.08 17:00,374.013
116,19.08 18:00,292.835
116,19.08 19:00,283.13
116,19.08 20:00,281.117
116,19.08 21:00,279.713
116,19.08 22:00,255.669
116,19.08 23:00,242.626
116,20.08 00:00,243.003
116,20.08 01:00,237.262
116,20.08 02:00,220.383
116,20.08 03:00,190.49
116,20.08 04:00,190.426
116,20.08 05:00,192.897
116,20.08 06:00,193.745
116,20.08 07:00,250.96
116,20.08 08:00,209.91
116,20.08 09:00,212.083
116,20.08 10:00,216.709
116,20.08 11:00,222.998
116,20.08 12:00,220.156
116,20.08 13:00,221.543
116,20.08 14:00,224.869
116,20.08 15:00,227.047
116,20.08 16:00,226.142
116,20.08 17:00,223.124
116,20.08 18:00,213.06
116,20.08 19:00,190.783
116,20.08 20:00,179.535
116,20.08 21:00,210.297
116,20.08 22:00,197.009
116,20.08 23:00,193.726
116,21.08 00:00,195.15
116,21.08 01:00,195.86
116,21.08 02:00,196.282
116,21.08 03:00,194.498
116,21.08 04:00,196.206
116,21.08 05:00,194.228
116,21.08 06:00,195.52
116,21.08 07:00,248.779
116,21.08 08:00,214.321
116,21.08 09:00,209.733
116,21.08 10:00,213.082
116,21.08 11:00,215.56
116,21.08 12:00,215.274
116,21.08 13:00,216.872
116,21.08 14:00,221.169
116,21.08 15:00,230.944
116,21.08 16:00,229.715
116,21.08 17:00,222.923
116,21.08 18:00,216.621
116,21.08 19:00,175.729
116,21.08 20:00,185.366
116,21.08 21:00,218.538
116,21.08 22:00,226.631
116,21.08 23:00,203.012
116,22.08 00:00,224.759
116,22.08 01:00,230.608
116,22.08 02:00,203.068
116,22.08 03:00,201.898
116,22.08 04:00,200.942
116,22.08 05:00,199.66
116,22.08 06:00,259.23
116,22.08 07:00,275.862
116,22.08 08:00,309.279
116,22.08 09:00,376.326
116,22.08 10:00,399.091
116,22.08 11:00,435.604
116,22.08 12:00,415.701
116,22.08 13:00,410.199
116,22.08 14:00,410.232
116,22.08 15:00,410.574
116,22.08 16:00,413.832
116,22.08 17:00,393.867
116,22.08 18:00,309.53
116,22.08 19:00,282.496
116,22.08 20:00,320.634
116,22.08 21:00,298.889
116,22.08 22:00,291.976
116,22.08 23:00,282.723
116,23.08 00:00,275.062
116,23.08 01:00,246.017
116,23.08 02:00,234.01
116,23.08 03:00,206.295
116,23.08 04:00,201.138
116,23.08 05:00,203.41
116,23.08 06:00,228.222
116,23.08 07:00,253.623
116,23.08 08:00,305.726
116,23.08 09:00,391.358
116,23.08 10:00,423.317
116,23.08 11:00,430.598
116,23.08 12:00,437.917
116,23.08 13:00,425.612
116,23.08 14:00,417.264
116,23.08 15:00,418.003
116,23.08 16:00,408.721
116,23.08 17:00,398.49
116,23.08 18:00,341.402
116,23.08 19:00,327.532
116,23.08 20:00,366.99
116,23.08 21:00,386.449
116,23.08 22:00,377.045
116,23.08 23:00,362.44
116,24.08 00:00,333.83
116,24.08 01:00,262.738
116,24.08 02:00,260.56
116,24.08 03:00,249.25
116,24.08 04:00,249.011
116,24.08 05:00,250.815
116,24.08 06:00,317.694
116,24.08 07:00,328.452
116,24.08 08:00,320.916
116,24.08 09:00,385.42
116,24.08 10:00,412.614
116,24.08 11:00,431.788
116,24.08 12:00,435.382
116,24.08 13:00,423.908
116,24.08 14:00,420.836
116,24.08 15:00,420.27
116,24.08 16:00,413.523
116,24.08 17:00,404.38
116,24.08 18:00,359.957
116,24.08 19:00,323.111
116,24.08 20:00,305.171
116,24.08 21:00,292.863
116,24.08 22:00,278.092
116,24.08 23:00,231.468
116,25.08 00:00,234.709
116,25.08 01:00,238.749
116,25.08 02:00,208.874
116,25.08 03:00,201.381
116,25.08 04:00,202.942
116,25.08 05:00,203.768
116,25.08 06:00,266.848
116,25.08 07:00,290.186
116,25.08 08:00,315.504
116,25.08 09:00,383.375
116,25.08 10:00,413.004
116,25.08 11:00,426.393
116,25.08 12:00,424.628
116,25.08 13:00,422.865
116,25.08 14:00,422.559
116,25.08 15:00,421.551
116,25.08 16:00,412.14
116,25.08 17:00,398.121
116,25.08 18:00,353.181
116,25.08 19:00,322.501
116,25.08 20:00,310.442
116,25.08 21:00,326.505
116,25.08 22:00,283.94
116,25.08 23:00,236.905
116,26.08 00:00,235.129
116,26.08 01:00,239.572
116,26.08 02:00,222.919
116,26.08 03:00,199.9
116,26.08 04:00,203.327
116,26.08 05:00,199.439
116,26.08 06:00,267.78
116,26.08 07:00,293.311
116,26.08 08:00,325.538
116,26.08 09:00,382.277
116,26.08 10:00,409.99
116,26.08 11:00,416.247
116,26.08 12:00,417.801
116,26.08 13:00,423.044
116,26.08 14:00,420.826
116,26.08 15:00,410.887
116,26.08 16:00,402.022
116,26.08 17:00,391.699
116,26.08 18:00,348.184
116,26.08 19:00,280.363
116,26.08 20:00,274.237
116,26.08 21:00,327.227
116,26.08 22:00,295.784
116,26.08 23:00,285.252
116,27.08 00:00,275.943
116,27.08 01:00,265.316
116,27.08 02:00,244.585
116,27.08 03:00,235.608
116,27.08 04:00,234.672
116,27.08 05:00,236.918
116,27.08 06:00,234.444
116,27.08 07:00,297.598
116,27.08 08:00,233.672
116,27.08 09:00,234.304
116,27.08 10:00,241.668
116,27.08 11:00,233.953
116,27.08 12:00,232.625
116,27.08 13:00,252.671
116,27.08 14:00,275.223
116,27.08 15:00,274.43
116,27.08 16:00,275.108
116,27.08 17:00,272.778
116,27.08 18:00,233.212
116,27.08 19:00,200.329
116,27.08 20:00,190.4
116,27.08 21:00,231.936
116,27.08 22:00,204.399
116,27.08 23:00,200.244
116,28.08 00:00,198.241
116,28.08 01:00,201.894
116,28.08 02:00,202.464
116,28.08 03:00,204.296
116,28.08 04:00,200.027
116,28.08 05:00,202.854
116,28.08 06:00,201.225
116,28.08 07:00,260.775
116,28.08 08:00,227.085
116,28.08 09:00,223.896
116,28.08 10:00,229.77
116,28.08 11:00,232.652
116,28.08 12:00,231.79
116,28.08 13:00,234.935
116,28.08 14:00,243.052
116,28.08 15:00,280.904
116,28.08 16:00,276.108
116,28.08 17:00,277.103
116,28.08 18:00,275.718
116,28.08 19:00,226.382
116,28.08 20:00,218.716
116,28.08 21:00,251.541
116,28.08 22:00,244.226
116,28.08 23:00,198.349
116,29.08 00:00,201.277
116,29.08 01:00,202.196
116,29.08 02:00,204.199
116,29.08 03:00,200.727
116,29.08 04:00,203.15
116,29.08 05:00,203.39
116,29.08 06:00,265.67
116,29.08 07:00,285.17
116,29.08 08:00,312.335
116,29.08 09:00,394.786
116,29.08 10:00,395.865
116,29.08 11:00,410.079
116,29.08 12:00,422.337
116,29.08 13:00,424.695
116,29.08 14:00,443.846
116,29.08 15:00,421.251
116,29.08 16:00,418.155
116,29.08 17:00,405.541
116,29.08 18:00,364.601
116,29.08 19:00,337.906
116,29.08 20:00,312.352
116,29.08 21:00,300.206
116,29.08 22:00,282.725
116,29.08 23:00,233.653
116,30.08 00:00,258.849
116,30.08 01:00,252.95
116,30.08 02:00,231.021
116,30.08 03:00,205.139
116,30.08 04:00,208.588
116,30.08 05:00,206.349
116,30.08 06:00,272.719
116,30.08 07:00,297.952
116,30.08 08:00,326.825
116,30.08 09:00,404.194
116,30.08 10:00,425.087
116,30.08 11:00,433.845
116,30.08 12:00,434.483
116,30.08 13:00,429.521
116,30.08 14:00,429.036
116,30.08 15:00,426.518
116,30.08 16:00,416.992
116,30.08 17:00,393.223
116,30.08 18:00,347.025
116,30.08 19:00,324.686
116,30.08 20:00,303.657
116,30.08 21:00,287.674
116,30.08 22:00,273.823
116,30.08 23:00,230.696
116,31.08 00:00,233.689
116,31.08 01:00,224.584
116,31.08 02:00,213.077
116,31.08 03:00,203.799
116,31.08 04:00,207.196
116,31.08 05:00,205.169
116,31.08 06:00,269.044
116,31.08 07:00,302.303
116,31.08 08:00,338.495
116,31.08 09:00,386.915
116,31.08 10:00,409.758
116,31.08 11:00,419.456
116,31.08 12:00,426.855
116,31.08 13:00,425.903
116,31.08 14:00,421.721
116,31.08 15:00,421.102
116,31.08 16:00,419.413
116,31.08 17:00,405.266
116,31.08 18:00,354.728
116,31.08 19:00,329.362
116,31.08 20:00,319.617
116,31.08 21:00,297.24
116,31.08 22:00,287.667
116,31.08 23:00,236.0
116,01.09 00:00,247.209
116,01.09 01:00,248.416
116,01.09 02:00,227.287
116,01.09 03:00,217.938
116,01.09 04:00,216.446
116,01.09 05:00,214.942
116,01.09 06:00,278.193
116,01.09 07:00,305.997
116,01.09 08:00,330.772
116,01.09 09:00,400.383
116,01.09 10:00,405.468
116,01.09 11:00,422.699
116,01.09 12:00,430.042
116,01.09 13:00,421.265
116,01.09 14:00,418.436
116,01.09 15:00,414.463
116,01.09 16:00,411.358
116,01.09 17:00,398.731
116,01.09 18:00,353.712
116,01.09 19:00,318.955
116,01.09 20:00,313.657
116,01.09 21:00,300.19
116,01.09 22:00,280.1
116,01.09 23:00,227.599
116,02.09 00:00,237.783
116,02.09 01:00,245.5
116,02.09 02:00,229.269
116,02.09 03:00,210.631
116,02.09 04:00,208.75
116,02.09 05:00,206.221
116,02.09 06:00,275.027
116,02.09 07:00,299.695
116,02.09 08:00,324.959
116,02.09 09:00,390.287
116,02.09 10:00,400.883
116,02.09 11:00,413.354
116,02.09 12:00,407.059
116,02.09 13:00,415.27
116,02.09 14:00,411.977
116,02.09 15:00,406.834
116,02.09 16:00,392.719
116,02.09 17:00,387.322
116,02.09 18:00,338.358
116,02.09 19:00,283.202
116,02.09 20:00,284.802
116,02.09 21:00,270.69
116,02.09 22:00,267.569
116,02.09 23:00,259.517
116,03.09 00:00,236.233
116,03.09 01:00,244.071
116,03.09 02:00,202.642
116,03.09 03:00,199.776
116,03.09 04:00,202.878
116,03.09 05:00,203.356
116,03.09 06:00,205.082
116,03.09 07:00,269.825
116,03.09 08:00,235.193
116,03.09 09:00,229.876
116,03.09 10:00,239.43
116,03.09 11:00,239.589
116,03.09 12:00,242.592
116,03.09 13:00,260.01
116,03.09 14:00,281.487
116,03.09 15:00,283.73
116,03.09 16:00,284.827
116,03.09 17:00,282.243
116,03.09 18:00,233.18
116,03.09 19:00,201.169
116,03.09 20:00,177.81
116,03.09 21:00,202.962
116,03.09 22:00,199.14
116,03.09 23:00,201.535
116,04.09 00:00,203.169
116,04.09 01:00,208.898
116,04.09 02:00,203.856
116,04.09 03:00,203.01
116,04.09 04:00,203.47
116,04.09 05:00,202.815
116,04.09 06:00,202.81
116,04.09 07:00,260.959
116,04.09 08:00,226.788
116,04.09 09:00,226.453
116,04.09 10:00,226.168
116,04.09 11:00,226.084
116,04.09 12:00,225.161
116,04.09 13:00,257.949
116,04.09 14:00,264.862
116,04.09 15:00,273.275
116,04.09 16:00,277.68
116,04.09 17:00,274.629
116,04.09 18:00,274.878
116,04.09 19:00,248.215
116,04.09 20:00,220.212
116,04.09 21:00,255.896
116,04.09 22:00,245.383
116,04.09 23:00,199.903
116,05.09 00:00,209.288
116,05.09 01:00,206.511
116,05.09 02:00,206.626
116,05.09 03:00,204.55
116,05.09 04:00,205.61
116,05.09 05:00,204.019
116,05.09 06:00,265.697
116,05.09 07:00,270.001
116,05.09 08:00,230.416
116,05.09 09:00,222.276
116,05.09 10:00,228.783
116,05.09 11:00,227.969
116,05.09 12:00,233.261
116,05.09 13:00,231.988
116,05.09 14:00,229.239
116,05.09 15:00,230.367
116,05.09 16:00,230.349
116,05.09 17:00,221.886
116,05.09 18:00,219.544
116,05.09 19:00,219.718
116,05.09 20:00,228.438
116,05.09 21:00,219.433
116,05.09 22:00,217.209
116,05.09 23:00,200.031
116,06.09 00:00,201.604
116,06.09 01:00,201.353
116,06.09 02:00,206.797
116,06.09 03:00,203.936
116,06.09 04:00,203.807
116,06.09 05:00,204.074
116,06.09 06:00,270.585
116,06.09 07:00,287.649
116,06.09 08:00,317.948
116,06.09 09:00,374.616
116,06.09 10:00,405.478
116,06.09 11:00,412.01
116,06.09 12:00,423.646
116,06.09 13:00,416.049
116,06.09 14:00,414.019
116,06.09 15:00,409.563
116,06.09 16:00,409.304
116,06.09 17:00,400.213
116,06.09 18:00,358.409
116,06.09 19:00,327.387
116,06.09 20:00,309.364
116,06.09 21:00,288.238
116,06.09 22:00,274.042
116,06.09 23:00,236.421
116,07.09 00:00,252.401
116,07.09 01:00,240.886
116,07.09 02:00,225.057
116,07.09 03:00,206.43
116,07.09 04:00,209.221
116,07.09 05:00,212.407
116,07.09 06:00,275.206
116,07.09 07:00,292.939
116,07.09 08:00,315.3
116,07.09 09:00,385.151
116,07.09 10:00,400.61
116,07.09 11:00,415.161
116,07.09 12:00,426.39
116,07.09 13:00,418.129
116,07.09 14:00,420.311
116,07.09 15:00,438.162
116,07.09 16:00,415.657
116,07.09 17:00,397.543
116,07.09 18:00,357.67
116,07.09 19:00,322.918
116,07.09 20:00,311.82
116,07.09 21:00,294.845
116,07.09 22:00,286.215
116,07.09 23:00,242.761
116,08.09 00:00,226.094
116,08.09 01:00,218.162
116,08.09 02:00,211.651
116,08.09 03:00,198.753
116,08.09 04:00,201.54
116,08.09 05:00,199.981
116,08.09 06:00,268.257
116,08.09 07:00,291.284
116,08.09 08:00,321.647
116,08.09 09:00,401.128
116,08.09 10:00,410.462
116,08.09 11:00,414.924
116,08.09 12:00,419.519
116,08.09 13:00,424.596
116,08.09 14:00,425.189
116,08.09 15:00,425.656
116,08.09 16:00,415.868
116,08.09 17:00,423.472
116,08.09 18:00,360.47
116,08.09 19:00,333.814
116,08.09 20:00,311.258
116,08.09 21:00,255.733
116,08.09 22:00,267.574
116,08.09 23:00,247.301
116,09.09 00:00,257.842
116,09.09 01:00,244.866
116,09.09 02:00,208.017
116,09.09 03:00,198.366
116,09.09 04:00,198.948
116,09.09 05:00,201.426
116,09.09 06:00,267.766
116,09.09 07:00,288.492
116,09.09 08:00,347.737
116,09.09 09:00,400.792
116,09.09 10:00,454.948
116,09.09 11:00,468.582
116,09.09 12:00,460.521
116,09.09 13:00,447.01
116,09.09 14:00,446.844
116,09.09 15:00,434.885
116,09.09 16:00,428.704
116,09.09 17:00,421.411
116,09.09 18:00,372.715
116,09.09 19:00,307.423
116,09.09 20:00,289.71
116,09.09 21:00,244.062
116,09.09 22:00,256.533
116,09.09 23:00,257.183
116,10.09 00:00,247.221
116,10.09 01:00,236.552
116,10.09 02:00,209.893
116,10.09 03:00,192.576
116,10.09 04:00,196.546
116,10.09 05:00,195.467
116,10.09 06:00,195.91
116,10.09 07:00,263.748
116,10.09 08:00,232.817
116,10.09 09:00,225.056
116,10.09 10:00,271.195
116,10.09 11:00,270.376
116,10.09 12:00,276.966
116,10.09 13:00,293.196
116,10.09 14:00,312.717
116,10.09 15:00,319.456
116,10.09 16:00,320.9
116,10.09 17:00,317.624
116,10.09 18:00,281.907
116,10.09 19:00,248.02
116,10.09 20:00,202.091
116,10.09 21:00,212.054
116,10.09 22:00,205.015
116,10.09 23:00,206.358
116,11.09 00:00,205.069
116,11.09 01:00,205.902
116,11.09 02:00,205.958
116,11.09 03:00,202.05
116,11.09 04:00,202.697
116,11.09 05:00,202.77
116,11.09 06:00,200.414
116,11.09 07:00,267.282
116,11.09 08:00,231.753
116,11.09 09:00,228.139
116,11.09 10:00,271.638
116,11.09 11:00,271.76
116,11.09 12:00,272.62
116,11.09 13:00,278.902
116,11.09 14:00,293.446
116,11.09 15:00,320.95
116,11.09 16:00,314.295
116,11.09 17:00,311.708
116,11.09 18:00,309.775
116,11.09 19:00,291.38
116,11.09 20:00,259.09
116,11.09 21:00,259.099
116,11.09 22:00,252.222
116,11.09 23:00,211.336
116,12.09 00:00,210.452
116,12.09 01:00,198.991
116,12.09 02:00,206.309
116,12.09 03:00,204.513
116,12.09 04:00,206.649
116,12.09 05:00,202.616
116,12.09 06:00,268.051
116,12.09 07:00,283.766
116,12.09 08:00,326.277
116,12.09 09:00,391.204
116,12.09 10:00,450.092
116,12.09 11:00,454.908
116,12.09 12:00,441.75
116,12.09 13:00,427.01
116,12.09 14:00,420.237
116,12.09 15:00,439.881
116,12.09 16:00,425.779
116,12.09 17:00,403.351
116,12.09 18:00,365.74
116,12.09 19:00,338.814
116,12.09 20:00,334.876
116,12.09 21:00,307.445
116,12.09 22:00,301.296
116,12.09 23:00,255.309
116,13.09 00:00,246.893
116,13.09 01:00,249.582
116,13.09 02:00,236.44
116,13.09 03:00,213.59
116,13.09 04:00,214.817
116,13.09 05:00,215.437
116,13.09 06:00,286.051
116,13.09 07:00,311.45
116,13.09 08:00,345.504
116,13.09 09:00,397.919
116,13.09 10:00,411.502
116,13.09 11:00,422.602
116,13.09 12:00,425.658
116,13.09 13:00,418.03
116,13.09 14:00,420.132
116,13.09 15:00,419.191
116,13.09 16:00,424.941
116,13.09 17:00,407.953
116,13.09 18:00,369.821
116,13.09 19:00,346.457
116,13.09 20:00,338.502
116,13.09 21:00,308.479
116,13.09 22:00,294.485
116,13.09 23:00,259.279
116,14.09 00:00,260.145
116,14.09 01:00,248.261
116,14.09 02:00,229.079
116,14.09 03:00,209.086
116,14.09 04:00,210.966
116,14.09 05:00,209.131
116,14.09 06:00,279.211
116,14.09 07:00,302.911
116,14.09 08:00,344.612
116,14.09 09:00,387.605
116,14.09 10:00,419.855
116,14.09 11:00,428.589
116,14.09 12:00,434.112
116,14.09 13:00,427.069
116,14.09 14:00,420.909
116,14.09 15:00,420.237
116,14.09 16:00,421.07
116,14.09 17:00,407.393
116,14.09 18:00,371.664
116,14.09 19:00,338.097
116,14.09 20:00,334.965
116,14.09 21:00,312.246
116,14.09 22:00,286.155
116,14.09 23:00,250.105
116,15.09 00:00,271.763
116,15.09 01:00,248.32
116,15.09 02:00,225.488
116,15.09 03:00,215.856
116,15.09 04:00,211.421
116,15.09 05:00,212.479
116,15.09 06:00,286.386
116,15.09 07:00,306.886
116,15.09 08:00,345.246
116,15.09 09:00,400.496
116,15.09 10:00,421.922
116,15.09 11:00,432.712
116,15.09 12:00,437.469
116,15.09 13:00,437.956
116,15.09 14:00,426.895
116,15.09 15:00,433.8
116,15.09 16:00,427.835
116,15.09 17:00,409.845
116,15.09 18:00,370.471
116,15.09 19:00,346.254
116,15.09 20:00,350.114
116,15.09 21:00,334.307
116,15.09 22:00,328.876
116,15.09 23:00,298.773
116,16.09 00:00,310.417
116,16.09 01:00,290.46
116,16.09 02:00,269.777
116,16.09 03:00,250.386
116,16.09 04:00,253.091
116,16.09 05:00,253.763
116,16.09 06:00,313.872
116,16.09 07:00,327.729
116,16.09 08:00,353.6
116,16.09 09:00,402.263
116,16.09 10:00,419.864
116,16.09 11:00,428.55
116,16.09 12:00,432.128
116,16.09 13:00,428.831
116,16.09 14:00,434.815
116,16.09 15:00,428.023
116,16.09 16:00,416.034
116,16.09 17:00,402.821
116,16.09 18:00,349.897
116,16.09 19:00,298.323
116,16.09 20:00,308.027
116,16.09 21:00,264.988
116,16.09 22:00,247.189
116,16.09 23:00,246.13
116,17.09 00:00,239.441
116,17.09 01:00,237.833
116,17.09 02:00,231.801
116,17.09 03:00,224.822
116,17.09 04:00,224.16
116,17.09 05:00,220.514
116,17.09 06:00,217.284
116,17.09 07:00,283.689
116,17.09 08:00,251.241
116,17.09 09:00,251.305
116,17.09 10:00,265.856
116,17.09 11:00,273.976
116,17.09 12:00,271.987
116,17.09 13:00,285.427
116,17.09 14:00,315.56
116,17.09 15:00,313.639
116,17.09 16:00,306.349
116,17.09 17:00,299.73
116,17.09 18:00,260.812
116,17.09 19:00,223.149
116,17.09 20:00,204.941
116,17.09 21:00,229.672
116,17.09 22:00,222.554
116,17.09 23:00,224.823
116,18.09 00:00,221.448
116,18.09 01:00,219.007
116,18.09 02:00,223.018
116,18.09 03:00,220.182
116,18.09 04:00,220.915
116,18.09 05:00,218.387
116,18.09 06:00,220.954
116,18.09 07:00,284.118
116,18.09 08:00,250.488
116,18.09 09:00,246.489
116,18.09 10:00,253.595
116,18.09 11:00,256.208
116,18.09 12:00,250.995
116,18.09 13:00,254.71
116,18.09 14:00,260.172
116,18.09 15:00,300.875
116,18.09 16:00,299.861
116,18.09 17:00,299.215
116,18.09 18:00,297.331
116,18.09 19:00,270.933
116,18.09 20:00,252.77
116,18.09 21:00,279.248
116,18.09 22:00,276.338
116,18.09 23:00,230.871
116,19.09 00:00,229.564
116,19.09 01:00,221.703
116,19.09 02:00,223.02
116,19.09 03:00,223.107
116,19.09 04:00,220.881
116,19.09 05:00,220.04
116,19.09 06:00,296.658
116,19.09 07:00,312.586
116,19.09 08:00,338.63
116,19.09 09:00,407.023
116,19.09 10:00,433.93
116,19.09 11:00,442.692
116,19.09 12:00,451.114
116,19.09 13:00,438.729
116,19.09 14:00,447.082
116,19.09 15:00,452.055
116,19.09 16:00,446.919
116,19.09 17:00,418.359
116,19.09 18:00,377.691
116,19.09 19:00,349.181
116,19.09 20:00,345.565
116,19.09 21:00,299.777
116,19.09 22:00,289.2
116,19.09 23:00,255.017
116,20.09 00:00,246.217
116,20.09 01:00,243.533
116,20.09 02:00,236.57
116,20.09 03:00,224.12
116,20.09 04:00,222.14
116,20.09 05:00,223.926
116,20.09 06:00,298.385
116,20.09 07:00,320.563
116,20.09 08:00,349.462
116,20.09 09:00,410.479
116,20.09 10:00,429.988
116,20.09 11:00,433.718
116,20.09 12:00,443.304
116,20.09 13:00,441.125
116,20.09 14:00,439.677
116,20.09 15:00,437.674
116,20.09 16:00,428.499
116,20.09 17:00,422.893
116,20.09 18:00,386.375
116,20.09 19:00,358.921
116,20.09 20:00,349.715
116,20.09 21:00,304.038
116,20.09 22:00,288.188
116,20.09 23:00,257.966
116,21.09 00:00,265.225
116,21.09 01:00,256.686
116,21.09 02:00,235.923
116,21.09 03:00,224.057
116,21.09 04:00,224.173
116,21.09 05:00,228.917
116,21.09 06:00,301.418
116,21.09 07:00,309.521
116,21.09 08:00,337.353
116,21.09 09:00,410.036
116,21.09 10:00,429.298
116,21.09 11:00,440.473
116,21.09 12:00,449.101
116,21.09 13:00,447.715
116,21.09 14:00,442.161
116,21.09 15:00,440.463
116,21.09 16:00,418.483
116,21.09 17:00,406.821
116,21.09 18:00,377.17
116,21.09 19:00,353.18
116,21.09 20:00,348.293
116,21.09 21:00,316.063
116,21.09 22:00,289.568
116,21.09 23:00,234.81
116,22.09 00:00,260.048
116,22.09 01:00,253.469
116,22.09 02:00,233.981
116,22.09 03:00,216.684
116,22.09 04:00,220.901
116,22.09 05:00,219.132
116,22.09 06:00,288.553
116,22.09 07:00,311.653
116,22.09 08:00,355.982
116,22.09 09:00,436.947
116,22.09 10:00,431.149
116,22.09 11:00,434.613
116,22.09 12:00,438.819
116,22.09 13:00,438.564
116,22.09 14:00,449.735
116,22.09 15:00,434.934
116,22.09 16:00,421.155
116,22.09 17:00,404.157
116,22.09 18:00,365.031
116,22.09 19:00,334.936
116,22.09 20:00,335.336
116,22.09 21:00,295.897
116,22.09 22:00,284.225
116,22.09 23:00,249.095
116,23.09 00:00,266.006
116,23.09 01:00,257.281
116,23.09 02:00,241.132
116,23.09 03:00,228.109
116,23.09 04:00,219.861
116,23.09 05:00,218.448
116,23.09 06:00,282.37
116,23.09 07:00,306.975
116,23.09 08:00,341.971
116,23.09 09:00,392.017
116,23.09 10:00,414.627
116,23.09 11:00,417.644
116,23.09 12:00,423.029
116,23.09 13:00,423.341
116,23.09 14:00,422.699
116,23.09 15:00,413.312
116,23.09 16:00,415.38
116,23.09 17:00,391.725
116,23.09 18:00,368.489
116,23.09 19:00,315.04
116,23.09 20:00,335.61
116,23.09 21:00,327.65
116,23.09 22:00,309.706
116,23.09 23:00,283.457
116,24.09 00:00,257.843
116,24.09 01:00,250.394
116,24.09 02:00,245.665
116,24.09 03:00,235.891
116,24.09 04:00,234.885
116,24.09 05:00,236.518
116,24.09 06:00,245.222
116,24.09 07:00,295.766
116,24.09 08:00,275.721
116,24.09 09:00,281.193
116,24.09 10:00,295.308
116,24.09 11:00,304.679
116,24.09 12:00,307.569
116,24.09 13:00,308.852
116,24.09 14:00,314.131
116,24.09 15:00,295.519
116,24.09 16:00,286.817
116,24.09 17:00,282.588
116,24.09 18:00,237.978
116,24.09 19:00,185.627
116,24.09 20:00,204.064
116,24.09 21:00,220.624
116,24.09 22:00,222.196
116,24.09 23:00,212.293
116,25.09 00:00,210.423
116,25.09 01:00,211.415
116,25.09 02:00,209.73
116,25.09 03:00,208.609
116,25.09 04:00,206.861
116,25.09 05:00,210.524
116,25.09 06:00,208.257
116,25.09 07:00,258.961
116,25.09 08:00,236.787
116,25.09 09:00,220.449
116,25.09 10:00,222.046
116,25.09 11:00,223.651
116,25.09 12:00,221.777
116,25.09 13:00,227.568
116,25.09 14:00,251.169
116,25.09 15:00,274.458
116,25.09 16:00,275.037
116,25.09 17:00,276.998
116,25.09 18:00,266.082
116,25.09 19:00,223.484
116,25.09 20:00,245.044
116,25.09 21:00,255.771
116,25.09 22:00,252.928
116,25.09 23:00,217.908
116,26.09 00:00,214.543
116,26.09 01:00,207.417
116,26.09 02:00,210.668
116,26.09 03:00,209.214
116,26.09 04:00,208.363
116,26.09 05:00,210.819
116,26.09 06:00,263.175
116,26.09 07:00,284.586
116,26.09 08:00,335.495
116,26.09 09:00,384.627
116,26.09 10:00,403.843
116,26.09 11:00,409.128
116,26.09 12:00,415.906
116,26.09 13:00,415.054
116,26.09 14:00,411.781
116,26.09 15:00,402.562
116,26.09 16:00,398.953
116,26.09 17:00,375.626
116,26.09 18:00,330.794
116,26.09 19:00,307.694
116,26.09 20:00,317.498
116,26.09 21:00,277.724
116,26.09 22:00,267.879
116,26.09 23:00,245.61
116,27.09 00:00,251.979
116,27.09 01:00,246.198
116,27.09 02:00,229.48
116,27.09 03:00,201.294
116,27.09 04:00,202.436
116,27.09 05:00,203.162
116,27.09 06:00,248.782
116,27.09 07:00,282.391
116,27.09 08:00,326.735
116,27.09 09:00,376.021
116,27.09 10:00,389.243
116,27.09 11:00,400.603
116,27.09 12:00,402.659
116,27.09 13:00,400.157
116,27.09 14:00,403.711
116,27.09 15:00,402.619
116,27.09 16:00,394.183
116,27.09 17:00,386.238
116,27.09 18:00,338.154
116,27.09 19:00,325.79
116,27.09 20:00,334.562
116,27.09 21:00,299.696
116,27.09 22:00,284.443
116,27.09 23:00,252.37
116,28.09 00:00,256.745
116,28.09 01:00,249.441
116,28.09 02:00,233.432
116,28.09 03:00,211.831
116,28.09 04:00,212.163
116,28.09 05:00,210.905
116,28.09 06:00,260.693
116,28.09 07:00,284.22
116,28.09 08:00,328.453
116,28.09 09:00,376.107
116,28.09 10:00,402.856
116,28.09 11:00,407.164
116,28.09 12:00,413.488
116,28.09 13:00,410.641
116,28.09 14:00,412.696
116,28.09 15:00,408.779
116,28.09 16:00,401.942
116,28.09 17:00,382.322
116,28.09 18:00,339.637
116,28.09 19:00,313.451
116,28.09 20:00,326.936
116,28.09 21:00,285.941
116,28.09 22:00,271.416
116,28.09 23:00,251.006
116,29.09 00:00,256.603
116,29.09 01:00,258.251
116,29.09 02:00,232.36
116,29.09 03:00,209.308
116,29.09 04:00,212.675
116,29.09 05:00,210.173
116,29.09 06:00,261.915
116,29.09 07:00,286.406
116,29.09 08:00,329.636
116,29.09 09:00,374.52
116,29.09 10:00,386.837
116,29.09 11:00,398.395
116,29.09 12:00,407.053
116,29.09 13:00,403.607
116,29.09 14:00,403.911
116,29.09 15:00,404.161
116,29.09 16:00,407.689
116,29.09 17:00,382.836
116,29.09 18:00,351.566
116,29.09 19:00,317.49
116,29.09 20:00,320.969
116,29.09 21:00,289.342
116,29.09 22:00,279.331
116,29.09 23:00,257.036
116,30.09 00:00,267.275
116,30.09 01:00,251.498
116,30.09 02:00,228.806
116,30.09 03:00,208.43
116,30.09 04:00,213.971
116,30.09 05:00,213.608
116,30.09 06:00,260.412
116,30.09 07:00,289.009
116,30.09 08:00,344.724
116,30.09 09:00,376.462
116,30.09 10:00,393.226
116,30.09 11:00,391.874
116,30.09 12:00,391.944
116,30.09 13:00,383.175
116,30.09 14:00,379.058
116,30.09 15:00,378.625
116,30.09 16:00,374.846
116,30.09 17:00,355.214
116,30.09 18:00,316.456
116,30.09 19:00,267.758
116,30.09 20:00,287.355
116,30.09 21:00,257.349
116,30.09 22:00,250.568
116,30.09 23:00,241.227
