126,01.03 00:00,275.195
126,01.03 01:00,258.434
126,01.03 02:00,239.447
126,01.03 03:00,224.029
126,01.03 04:00,214.802
126,01.03 05:00,209.104
126,01.03 06:00,211.961
126,01.03 07:00,246.681
126,01.03 08:00,245.593
126,01.03 09:00,257.648
126,01.03 10:00,265.532
126,01.03 11:00,270.413
126,01.03 12:00,299.878
126,01.03 13:00,292.253
126,01.03 14:00,313.092
126,01.03 15:00,292.696
126,01.03 16:00,286.274
126,01.03 17:00,290.553
126,01.03 18:00,287.411
126,01.03 19:00,290.793
126,01.03 20:00,329.356
126,01.03 21:00,312.244
126,01.03 22:00,309.254
126,01.03 23:00,281.883
126,02.03 00:00,273.062
126,02.03 01:00,257.246
126,02.03 02:00,237.122
126,02.03 03:00,215.687
126,02.03 04:00,210.028
126,02.03 05:00,201.721
126,02.03 06:00,206.821
126,02.03 07:00,236.128
126,02.03 08:00,234.998
126,02.03 09:00,246.282
126,02.03 10:00,265.927
126,02.03 11:00,269.189
126,02.03 12:00,278.398
126,02.03 13:00,271.166
126,02.03 14:00,292.654
126,02.03 15:00,304.206
126,02.03 16:00,279.216
126,02.03 17:00,273.984
126,02.03 18:00,281.159
126,02.03 19:00,306.155
126,02.03 20:00,321.893
126,02.03 21:00,307.987
126,02.03 22:00,301.479
126,02.03 23:00,296.664
126,03.03 00:00,283.598
126,03.03 01:00,248.831
126,03.03 02:00,231.899
126,03.03 03:00,214.819
126,03.03 04:00,213.042
126,03.03 05:00,210.594
126,03.03 06:00,205.923
126,03.03 07:00,240.714
126,03.03 08:00,237.383
126,03.03 09:00,239.083
126,03.03 10:00,255.398
126,03.03 11:00,265.924
126,03.03 12:00,297.246
126,03.03 13:00,288.906
126,03.03 14:00,279.236
126,03.03 15:00,291.945
126,03.03 16:00,287.97
126,03.03 17:00,274.631
126,03.03 18:00,278.383
126,03.03 19:00,298.671
126,03.03 20:00,301.422
126,03.03 21:00,299.573
126,03.03 22:00,284.305
126,03.03 23:00,267.134
126,04.03 00:00,280.675
126,04.03 01:00,251.828
126,04.03 02:00,238.535
126,04.03 03:00,224.844
126,04.03 04:00,210.448
126,04.03 05:00,204.727
126,04.03 06:00,211.354
126,04.03 07:00,228.039
126,04.03 08:00,241.169
126,04.03 09:00,250.563
126,04.03 10:00,267.097
126,04.03 11:00,284.409
126,04.03 12:00,303.824
126,04.03 13:00,297.578
126,04.03 14:00,299.618
126,04.03 15:00,291.372
126,04.03 16:00,260.859
126,04.03 17:00,233.462
126,04.03 18:00,241.551
126,04.03 19:00,252.471
126,04.03 20:00,251.954
126,04.03 21:00,248.134
126,04.03 22:00,257.205
126,04.03 23:00,257.199
126,05.03 00:00,260.373
126,05.03 01:00,257.959
126,05.03 02:00,248.61
126,05.03 03:00,232.452
126,05.03 04:00,215.457
126,05.03 05:00,211.483
126,05.03 06:00,207.857
126,05.03 07:00,201.6
126,05.03 08:00,195.047
126,05.03 09:00,197.659
126,05.03 10:00,219.245
126,05.03 11:00,260.054
126,05.03 12:00,277.847
126,05.03 13:00,293.367
126,05.03 14:00,288.767
126,05.03 15:00,303.184
126,05.03 16:00,302.783
126,05.03 17:00,283.802
126,05.03 18:00,292.021
126,05.03 19:00,285.99
126,05.03 20:00,279.024
126,05.03 21:00,270.075
126,05.03 22:00,267.794
126,05.03 23:00,270.024
126,06.03 00:00,263.128
126,06.03 01:00,265.589
126,06.03 02:00,236.815
126,06.03 03:00,216.793
126,06.03 04:00,212.031
126,06.03 05:00,204.28
126,06.03 06:00,203.273
126,06.03 07:00,201.086
126,06.03 08:00,193.661
126,06.03 09:00,199.562
126,06.03 10:00,192.289
126,06.03 11:00,244.636
126,06.03 12:00,252.833
126,06.03 13:00,280.335
126,06.03 14:00,322.446
126,06.03 15:00,313.548
126,06.03 16:00,297.7
126,06.03 17:00,305.386
126,06.03 18:00,296.159
126,06.03 19:00,296.919
126,06.03 20:00,304.548
126,06.03 21:00,288.003
126,06.03 22:00,282.692
126,06.03 23:00,295.57
126,07.03 00:00,285.643
126,07.03 01:00,263.228
126,07.03 02:00,251.939
126,07.03 03:00,233.991
126,07.03 04:00,208.44
126,07.03 05:00,209.426
126,07.03 06:00,211.386
126,07.03 07:00,237.318
126,07.03 08:00,243.962
126,07.03 09:00,246.165
126,07.03 10:00,250.344
126,07.03 11:00,279.49
126,07.03 12:00,272.857
126,07.03 13:00,275.22
126,07.03 14:00,296.742
126,07.03 15:00,299.903
126,07.03 16:00,274.883
126,07.03 17:00,271.223
126,07.03 18:00,280.447
126,07.03 19:00,302.234
126,07.03 20:00,305.98
126,07.03 21:00,302.225
126,07.03 22:00,293.915
126,07.03 23:00,287.005
126,08.03 00:00,280.376
126,08.03 01:00,251.561
126,08.03 02:00,228.92
126,08.03 03:00,213.996
126,08.03 04:00,207.135
126,08.03 05:00,205.697
126,08.03 06:00,204.567
126,08.03 07:00,236.642
126,08.03 08:00,241.179
126,08.03 09:00,246.091
126,08.03 10:00,256.477
126,08.03 11:00,265.379
126,08.03 12:00,280.672
126,08.03 13:00,273.655
126,08.03 14:00,281.783
126,08.03 15:00,281.946
126,08.03 16:00,274.789
126,08.03 17:00,272.959
126,08.03 18:00,279.705
126,08.03 19:00,299.634
126,08.03 20:00,312.329
126,08.03 21:00,308.254
126,08.03 22:00,295.509
126,08.03 23:00,280.641
126,09.03 00:00,277.356
126,09.03 01:00,250.196
126,09.03 02:00,242.653
126,09.03 03:00,231.316
126,09.03 04:00,220.038
126,09.03 05:00,202.288
126,09.03 06:00,212.685
126,09.03 07:00,238.849
126,09.03 08:00,238.124
126,09.03 09:00,252.094
126,09.03 10:00,266.97
126,09.03 11:00,294.236
126,09.03 12:00,293.215
126,09.03 13:00,294.464
126,09.03 14:00,282.626
126,09.03 15:00,291.316
126,09.03 16:00,279.047
126,09.03 17:00,279.457
126,09.03 18:00,294.254
126,09.03 19:00,314.404
126,09.03 20:00,304.344
126,09.03 21:00,299.484
126,09.03 22:00,289.146
126,09.03 23:00,278.283
126,10.03 00:00,288.683
126,10.03 01:00,273.941
126,10.03 02:00,248.905
126,10.03 03:00,226.324
126,10.03 04:00,215.612
126,10.03 05:00,207.891
126,10.03 06:00,208.643
126,10.03 07:00,239.466
126,10.03 08:00,245.035
126,10.03 09:00,247.06
126,10.03 10:00,277.425
126,10.03 11:00,282.143
126,10.03 12:00,309.236
126,10.03 13:00,305.815
126,10.03 14:00,286.39
126,10.03 15:00,309.428
126,10.03 16:00,287.023
126,10.03 17:00,264.945
126,10.03 18:00,269.07
126,10.03 19:00,292.675
126,10.03 20:00,312.472
126,10.03 21:00,310.844
126,10.03 22:00,311.128
126,10.03 23:00,291.822
126,11.03 00:00,287.545
126,11.03 01:00,297.149
126,11.03 02:00,258.043
126,11.03 03:00,233.034
126,11.03 04:00,219.937
126,11.03 05:00,217.271
126,11.03 06:00,219.781
126,11.03 07:00,233.697
126,11.03 08:00,228.55
126,11.03 09:00,243.982
126,11.03 10:00,251.919
126,11.03 11:00,267.467
126,11.03 12:00,291.833
126,11.03 13:00,274.988
126,11.03 14:00,276.921
126,11.03 15:00,265.269
126,11.03 16:00,259.105
126,11.03 17:00,247.16
126,11.03 18:00,237.046
126,11.03 19:00,236.228
126,11.03 20:00,231.719
126,11.03 21:00,239.834
126,11.03 22:00,244.63
126,11.03 23:00,242.832
126,12.03 00:00,254.237
126,12.03 01:00,225.761
126,12.03 02:00,216.808
126,12.03 03:00,209.859
126,12.03 04:00,212.737
126,12.03 05:00,203.168
126,12.03 06:00,199.856
126,12.03 07:00,194.357
126,12.03 08:00,184.387
126,12.03 09:00,185.105
126,12.03 10:00,184.913
126,12.03 11:00,191.645
126,12.03 12:00,196.119
126,12.03 13:00,198.542
126,12.03 14:00,210.06
126,12.03 15:00,209.385
126,12.03 16:00,198.825
126,12.03 17:00,201.965
126,12.03 18:00,196.384
126,12.03 19:00,215.121
126,12.03 20:00,222.923
126,12.03 21:00,220.022
126,12.03 22:00,215.308
126,12.03 23:00,208.711
126,13.03 00:00,215.558
126,13.03 01:00,216.212
126,13.03 02:00,203.742
126,13.03 04:00,197.856
126,13.03 05:00,197.129
126,13.03 06:00,197.459
126,13.03 07:00,195.427
126,13.03 08:00,190.678
126,13.03 09:00,178.778
126,13.03 10:00,180.953
126,13.03 11:00,189.868
126,13.03 12:00,188.449
126,13.03 13:00,190.796
126,13.03 14:00,189.387
126,13.03 15:00,203.728
126,13.03 16:00,201.266
126,13.03 17:00,198.729
126,13.03 18:00,202.696
126,13.03 19:00,198.608
126,13.03 20:00,203.598
126,13.03 21:00,206.547
126,13.03 22:00,215.19
126,13.03 23:00,216.391
126,14.03 00:00,207.243
126,14.03 01:00,206.467
126,14.03 02:00,199.092
126,14.03 03:00,200.27
126,14.03 04:00,198.297
126,14.03 05:00,191.487
126,14.03 06:00,197.431
126,14.03 07:00,199.715
126,14.03 08:00,193.067
126,14.03 09:00,185.228
126,14.03 10:00,186.112
126,14.03 11:00,185.818
126,14.03 12:00,195.758
126,14.03 13:00,189.77
126,14.03 14:00,203.484
126,14.03 15:00,200.885
126,14.03 16:00,197.184
126,14.03 17:00,192.463
126,14.03 18:00,200.796
126,14.03 19:00,199.305
126,14.03 20:00,199.857
126,14.03 21:00,205.094
126,14.03 22:00,207.355
126,14.03 23:00,206.148
126,15.03 00:00,215.708
126,15.03 01:00,220.274
126,15.03 02:00,209.402
126,15.03 03:00,197.149
126,15.03 04:00,195.442
126,15.03 05:00,191.649
126,15.03 06:00,192.805
126,15.03 07:00,203.811
126,15.03 08:00,192.609
126,15.03 09:00,186.925
126,15.03 10:00,184.478
126,15.03 11:00,188.599
126,15.03 12:00,191.351
126,15.03 13:00,192.926
126,15.03 14:00,189.371
126,15.03 15:00,194.465
126,15.03 16:00,189.828
126,15.03 17:00,198.43
126,15.03 18:00,212.554
126,15.03 19:00,199.058
126,15.03 20:00,196.471
126,15.03 21:00,202.926
126,15.03 22:00,211.377
126,15.03 23:00,216.034
126,16.03 00:00,207.841
126,16.03 01:00,202.807
126,16.03 02:00,198.08
126,16.03 03:00,198.527
126,16.03 04:00,194.87
126,16.03 05:00,192.499
126,16.03 06:00,197.355
126,16.03 07:00,195.734
126,16.03 08:00,197.561
126,16.03 09:00,184.784
126,16.03 10:00,202.369
126,16.03 11:00,198.909
126,16.03 12:00,193.713
126,16.03 13:00,199.895
126,16.03 14:00,210.295
126,16.03 15:00,204.665
126,16.03 16:00,199.163
126,16.03 17:00,198.078
126,16.03 18:00,207.949
126,16.03 19:00,195.905
126,16.03 20:00,195.326
126,16.03 21:00,206.105
126,16.03 22:00,208.199
126,16.03 23:00,206.75
126,17.03 00:00,205.02
126,17.03 01:00,202.795
126,17.03 02:00,198.755
126,17.03 03:00,196.833
126,17.03 04:00,197.199
126,17.03 05:00,193.378
126,17.03 06:00,197.437
126,17.03 07:00,195.782
126,17.03 08:00,198.211
126,17.03 09:00,186.456
126,17.03 10:00,191.739
126,17.03 11:00,190.718
126,17.03 12:00,202.188
126,17.03 13:00,214.964
126,17.03 14:00,196.145
126,17.03 15:00,197.233
126,17.03 16:00,187.431
126,17.03 17:00,183.14
126,17.03 18:00,186.478
126,17.03 19:00,190.555
126,17.03 20:00,196.466
126,17.03 21:00,204.748
126,17.03 22:00,206.742
126,17.03 23:00,208.835
126,18.03 00:00,201.906
126,18.03 01:00,201.564
126,18.03 02:00,200.842
126,18.03 03:00,200.434
126,18.03 04:00,195.434
126,18.03 05:00,197.424
126,18.03 06:00,195.219
126,18.03 07:00,194.309
126,18.03 08:00,196.623
126,18.03 09:00,186.165
126,18.03 10:00,197.814
126,18.03 11:00,189.936
126,18.03 12:00,204.172
126,18.03 13:00,193.919
126,18.03 14:00,206.532
126,18.03 15:00,192.286
126,18.03 16:00,188.617
126,18.03 17:00,190.441
126,18.03 18:00,194.385
126,18.03 19:00,202.546
126,18.03 20:00,210.279
126,18.03 21:00,211.29
126,18.03 22:00,211.807
126,18.03 23:00,209.876
126,19.03 00:00,206.355
126,19.03 01:00,204.751
126,19.03 02:00,200.985
126,19.03 03:00,199.075
126,19.03 04:00,197.273
126,19.03 05:00,193.893
126,19.03 06:00,194.683
126,19.03 07:00,193.03
126,19.03 08:00,190.653
126,19.03 09:00,178.49
126,19.03 10:00,180.971
126,19.03 11:00,184.482
126,19.03 12:00,193.241
126,19.03 13:00,194.46
126,19.03 14:00,209.391
126,19.03 15:00,205.096
126,19.03 16:00,213.054
126,19.03 17:00,205.828
126,19.03 18:00,198.566
126,19.03 19:00,199.514
126,19.03 20:00,205.052
126,19.03 21:00,218.255
126,19.03 22:00,228.174
126,19.03 23:00,224.253
126,20.03 00:00,217.676
126,20.03 01:00,214.266
126,20.03 02:00,211.68
126,20.03 03:00,213.423
126,20.03 04:00,202.106
126,20.03 05:00,202.227
126,20.03 06:00,199.438
126,20.03 07:00,198.631
126,20.03 08:00,192.982
126,20.03 09:00,180.751
126,20.03 10:00,182.399
126,20.03 11:00,188.307
126,20.03 12:00,202.407
126,20.03 13:00,224.631
126,20.03 14:00,233.306
126,20.03 15:00,244.094
126,20.03 16:00,218.948
126,20.03 17:00,235.114
126,20.03 18:00,245.409
126,20.03 19:00,237.916
126,20.03 20:00,249.682
126,20.03 21:00,278.236
126,20.03 22:00,300.698
126,20.03 23:00,278.737
126,21.03 00:00,270.69
126,21.03 01:00,245.464
126,21.03 02:00,218.634
126,21.03 03:00,215.825
126,21.03 04:00,210.475
126,21.03 05:00,205.104
126,21.03 06:00,210.851
126,21.03 07:00,245.004
126,21.03 08:00,248.817
126,21.03 09:00,252.024
126,21.03 10:00,252.004
126,21.03 11:00,264.89
126,21.03 12:00,286.797
126,21.03 13:00,269.954
126,21.03 14:00,261.762
126,21.03 15:00,270.68
126,21.03 16:00,256.831
126,21.03 17:00,263.627
126,21.03 18:00,264.956
126,21.03 19:00,267.871
126,21.03 20:00,275.352
126,21.03 21:00,297.272
126,21.03 22:00,280.424
126,21.03 23:00,266.548
126,22.03 00:00,267.155
126,22.03 01:00,253.306
126,22.03 02:00,235.127
126,22.03 03:00,222.802
126,22.03 04:00,218.202
126,22.03 05:00,211.345
126,22.03 06:00,214.005
126,22.03 07:00,242.877
126,22.03 08:00,249.649
126,22.03 09:00,252.941
126,22.03 10:00,267.901
126,22.03 11:00,268.995
126,22.03 12:00,273.95
126,22.03 13:00,278.301
126,22.03 14:00,278.836
126,22.03 15:00,277.011
126,22.03 16:00,278.927
126,22.03 17:00,266.154
126,22.03 18:00,274.742
126,22.03 19:00,275.928
126,22.03 20:00,285.884
126,22.03 21:00,298.477
126,22.03 22:00,286.813
126,22.03 23:00,275.391
126,23.03 00:00,252.022
126,23.03 01:00,260.412
126,23.03 02:00,237.455
126,23.03 03:00,220.432
126,23.03 04:00,212.629
126,23.03 05:00,208.615
126,23.03 06:00,215.745
126,23.03 07:00,239.951
126,23.03 08:00,242.947
126,23.03 09:00,251.349
126,23.03 10:00,257.118
126,23.03 11:00,276.234
126,23.03 12:00,279.416
126,23.03 13:00,277.819
126,23.03 14:00,281.789
126,23.03 15:00,276.446
126,23.03 16:00,277.991
126,23.03 17:00,267.506
126,23.03 18:00,281.168
126,23.03 19:00,281.063
126,23.03 20:00,281.662
126,23.03 21:00,315.642
126,23.03 22:00,301.763
126,23.03 23:00,280.02
126,24.03 00:00,284.593
126,24.03 01:00,270.969
126,24.03 02:00,234.466
126,24.03 03:00,219.773
126,24.03 04:00,209.96
126,24.03 05:00,204.476
126,24.03 06:00,215.347
126,24.03 07:00,251.246
126,24.03 08:00,240.88
126,24.03 09:00,239.668
126,24.03 10:00,258.479
126,24.03 11:00,286.724
126,24.03 12:00,271.724
126,24.03 13:00,283.262
126,24.03 14:00,285.968
126,24.03 15:00,258.015
126,24.03 16:00,269.376
126,24.03 17:00,267.866
126,24.03 18:00,276.125
126,24.03 19:00,269.091
126,24.03 20:00,264.891
126,24.03 21:00,279.317
126,24.03 22:00,290.072
126,24.03 23:00,276.888
126,25.03 00:00,271.078
126,25.03 01:00,263.287
126,25.03 02:00,244.007
126,25.03 03:00,232.671
126,25.03 04:00,211.858
126,25.03 05:00,202.269
126,25.03 06:00,207.751
126,25.03 07:00,240.567
126,25.03 08:00,247.831
126,25.03 09:00,251.755
126,25.03 10:00,251.717
126,25.03 11:00,276.967
126,25.03 12:00,285.877
126,25.03 13:00,282.848
126,25.03 14:00,297.48
126,25.03 15:00,283.108
126,25.03 16:00,247.342
126,25.03 17:00,229.962
126,25.03 18:00,228.344
126,25.03 19:00,220.428
126,25.03 20:00,225.189
126,25.03 21:00,237.824
126,25.03 22:00,258.049
126,25.03 23:00,241.915
126,26.03 00:00,235.726
126,26.03 01:00,234.644
126,26.03 02:00,221.94
126,26.03 03:00,216.93
126,26.03 04:00,203.869
126,26.03 05:00,201.984
126,26.03 06:00,201.774
126,26.03 07:00,200.583
126,26.03 08:00,200.834
126,26.03 09:00,187.79
126,26.03 10:00,202.885
126,26.03 11:00,211.073
126,26.03 12:00,214.918
126,26.03 13:00,233.041
126,26.03 14:00,237.152
126,26.03 15:00,228.946
126,26.03 16:00,242.192
126,26.03 17:00,237.58
126,26.03 18:00,235.892
126,26.03 19:00,235.026
126,26.03 20:00,240.345
126,26.03 21:00,257.489
126,26.03 22:00,262.686
126,26.03 23:00,259.249
126,27.03 00:00,251.789
126,27.03 01:00,239.7
126,27.03 02:00,228.811
126,27.03 03:00,219.09
126,27.03 04:00,214.916
126,27.03 05:00,206.807
126,27.03 06:00,204.816
126,27.03 07:00,202.608
126,27.03 08:00,209.626
126,27.03 09:00,194.451
126,27.03 10:00,205.808
126,27.03 11:00,206.692
126,27.03 12:00,228.998
126,27.03 13:00,221.687
126,27.03 14:00,238.591
126,27.03 15:00,254.025
126,27.03 16:00,232.769
126,27.03 17:00,265.912
126,27.03 18:00,262.707
126,27.03 19:00,250.943
126,27.03 20:00,260.624
126,27.03 21:00,271.397
126,27.03 22:00,280.99
126,27.03 23:00,288.793
126,28.03 00:00,282.612
126,28.03 01:00,258.784
126,28.03 02:00,235.055
126,28.03 03:00,217.642
126,28.03 04:00,206.205
126,28.03 05:00,202.179
126,28.03 06:00,206.131
126,28.03 07:00,244.363
126,28.03 08:00,234.479
126,28.03 09:00,239.316
126,28.03 10:00,246.532
126,28.03 11:00,262.696
126,28.03 12:00,263.957
126,28.03 13:00,260.362
126,28.03 14:00,274.473
126,28.03 15:00,269.6
126,28.03 16:00,262.37
126,28.03 17:00,265.28
126,28.03 18:00,268.873
126,28.03 19:00,278.107
126,28.03 20:00,284.024
126,28.03 21:00,300.196
126,28.03 22:00,294.908
126,28.03 23:00,276.799
126,29.03 00:00,287.009
126,29.03 01:00,268.912
126,29.03 02:00,236.514
126,29.03 03:00,222.879
126,29.03 04:00,210.52
126,29.03 05:00,205.642
126,29.03 06:00,211.212
126,29.03 07:00,243.661
126,29.03 08:00,258.145
126,29.03 09:00,244.012
126,29.03 10:00,269.969
126,29.03 11:00,272.272
126,29.03 12:00,2.002
126,29.03 13:00,0.0
126,29.03 14:00,308.449
126,29.03 15:00,307.733
126,29.03 16:00,307.375
126,29.03 17:00,274.694
126,29.03 18:00,283.147
126,29.03 19:00,290.765
126,29.03 20:00,305.93
126,29.03 21:00,321.263
126,29.03 22:00,320.532
126,29.03 23:00,281.507
126,30.03 00:00,280.371
126,30.03 01:00,279.783
126,30.03 02:00,0.0
126,30.03 03:00,0.998
126,30.03 04:00,0.996
126,30.03 05:00,1.002
126,30.03 06:00,0.995
126,30.03 07:00,0.996
126,30.03 08:00,0.998
126,30.03 09:00,0.997
126,30.03 11:00,270.42
126,30.03 12:00,288.675
126,30.03 13:00,304.253
126,30.03 14:00,308.249
126,30.03 15:00,309.582
126,30.03 16:00,299.001
126,30.03 17:00,297.782
126,30.03 18:00,323.563
126,30.03 19:00,326.411
126,30.03 20:00,318.687
126,30.03 21:00,345.548
126,30.03 22:00,316.714
126,30.03 23:00,296.567
126,31.03 00:00,298.188
126,31.03 01:00,262.375
126,31.03 02:00,260.15
126,31.03 03:00,247.047
126,31.03 04:00,237.571
126,31.03 05:00,223.611
126,31.03 06:00,225.787
126,31.03 07:00,244.96
126,31.03 08:00,261.521
126,31.03 09:00,256.458
126,31.03 10:00,254.054
126,31.03 11:00,286.999
126,31.03 12:00,298.84
126,31.03 13:00,295.444
126,31.03 14:00,301.87
126,31.03 15:00,308.032
126,31.03 16:00,306.838
126,31.03 17:00,300.186
126,31.03 18:00,286.621
126,31.03 19:00,283.648
126,31.03 20:00,300.223
126,31.03 21:00,317.484
126,31.03 22:00,307.089
126,31.03 23:00,298.748
126,01.04 00:00,299.04
126,01.04 01:00,269.787
126,01.04 02:00,245.829
126,01.04 03:00,243.9
126,01.04 04:00,221.722
126,01.04 05:00,211.885
126,01.04 06:00,216.314
126,01.04 07:00,241.59
126,01.04 08:00,247.313
126,01.04 09:00,267.25
126,01.04 10:00,266.006
126,01.04 11:00,271.94
126,01.04 12:00,295.614
126,01.04 13:00,305.126
126,01.04 14:00,292.772
126,01.04 15:00,301.046
126,01.04 16:00,261.399
126,01.04 17:00,249.252
126,01.04 18:00,250.88
126,01.04 19:00,249.979
126,01.04 20:00,249.183
126,01.04 21:00,277.111
126,01.04 22:00,284.797
126,01.04 23:00,289.163
126,02.04 00:00,274.56
126,02.04 01:00,247.919
126,02.04 02:00,242.423
126,02.04 03:00,234.73
126,02.04 04:00,223.402
126,02.04 05:00,212.017
126,02.04 06:00,209.958
126,02.04 07:00,219.361
126,02.04 08:00,217.993
126,02.04 09:00,211.04
126,02.04 10:00,220.469
126,02.04 11:00,251.135
126,02.04 12:00,270.599
126,02.04 13:00,281.875
126,02.04 14:00,284.187
126,02.04 15:00,290.777
126,02.04 16:00,275.482
126,02.04 17:00,275.284
126,02.04 18:00,283.019
126,02.04 19:00,272.055
126,02.04 20:00,264.248
126,02.04 21:00,261.105
126,02.04 22:00,268.723
126,02.04 23:00,273.233
126,03.04 00:00,270.49
126,03.04 01:00,254.772
126,03.04 02:00,249.08
126,03.04 03:00,227.466
126,03.04 04:00,217.82
126,03.04 05:00,212.519
126,03.04 06:00,207.02
126,03.04 07:00,208.958
126,03.04 08:00,201.611
126,03.04 09:00,197.745
126,03.04 10:00,210.681
126,03.04 11:00,243.389
126,03.04 12:00,267.113
126,03.04 13:00,290.024
126,03.04 14:00,305.151
126,03.04 15:00,342.144
126,03.04 16:00,325.569
126,03.04 17:00,321.462
126,03.04 18:00,301.446
126,03.04 19:00,300.393
126,03.04 20:00,321.049
126,03.04 21:00,295.134
126,03.04 22:00,301.974
126,03.04 23:00,315.375
126,04.04 00:00,285.82
126,04.04 01:00,278.278
126,04.04 02:00,257.761
126,04.04 03:00,239.991
126,04.04 04:00,216.258
126,04.04 05:00,207.753
126,04.04 06:00,215.382
126,04.04 07:00,231.927
126,04.04 08:00,242.741
126,04.04 09:00,250.722
126,04.04 10:00,257.826
126,04.04 11:00,274.9
126,04.04 12:00,307.395
126,04.04 13:00,290.88
126,04.04 14:00,298.354
126,04.04 15:00,297.22
126,04.04 16:00,281.719
126,04.04 17:00,306.546
126,04.04 18:00,307.959
126,04.04 19:00,297.241
126,04.04 20:00,290.105
126,04.04 21:00,320.371
126,04.04 22:00,317.34
126,04.04 23:00,305.481
126,05.04 00:00,305.508
126,05.04 01:00,274.319
126,05.04 02:00,256.585
126,05.04 03:00,234.051
126,05.04 04:00,220.067
126,05.04 05:00,210.34
126,05.04 06:00,213.368
126,05.04 07:00,246.722
126,05.04 08:00,242.889
126,05.04 09:00,243.035
126,05.04 10:00,272.692
126,05.04 11:00,299.492
126,05.04 12:00,276.947
126,05.04 13:00,283.753
126,05.04 14:00,304.262
126,05.04 15:00,277.49
126,05.04 16:00,292.146
126,05.04 17:00,272.839
126,05.04 18:00,282.538
126,05.04 19:00,299.339
126,05.04 20:00,316.862
126,05.04 21:00,305.672
126,05.04 22:00,300.742
126,05.04 23:00,301.473
126,06.04 00:00,291.161
126,06.04 01:00,269.262
126,06.04 02:00,245.527
126,06.04 03:00,238.07
126,06.04 04:00,225.102
126,06.04 05:00,214.548
126,06.04 06:00,220.514
126,06.04 07:00,257.474
126,06.04 08:00,252.217
126,06.04 09:00,256.56
126,06.04 10:00,268.521
126,06.04 11:00,276.825
126,06.04 12:00,300.084
126,06.04 13:00,291.912
126,06.04 14:00,298.282
126,06.04 15:00,283.788
126,06.04 16:00,286.189
126,06.04 17:00,265.35
126,06.04 18:00,281.796
126,06.04 19:00,279.408
126,06.04 20:00,287.117
126,06.04 21:00,299.522
126,06.04 22:00,283.266
126,06.04 23:00,293.967
126,07.04 00:00,276.21
126,07.04 01:00,263.251
126,07.04 02:00,238.953
126,07.04 03:00,227.046
126,07.04 04:00,219.738
126,07.04 05:00,211.71
126,07.04 06:00,212.231
126,07.04 07:00,241.214
126,07.04 08:00,235.862
126,07.04 09:00,266.613
126,07.04 10:00,284.277
126,07.04 11:00,273.292
126,07.04 12:00,294.27
126,07.04 13:00,309.709
126,07.04 14:00,301.668
126,07.04 15:00,306.078
126,07.04 16:00,307.0
126,07.04 17:00,293.829
126,07.04 18:00,300.136
126,07.04 19:00,312.07
126,07.04 20:00,298.778
126,07.04 21:00,302.759
126,07.04 22:00,303.475
126,07.04 23:00,275.053
126,08.04 00:00,294.976
126,08.04 01:00,265.637
126,08.04 02:00,245.388
126,08.04 03:00,238.145
126,08.04 04:00,230.799
126,08.04 05:00,218.44
126,08.04 06:00,216.853
126,08.04 07:00,271.127
126,08.04 08:00,265.033
126,08.04 09:00,263.287
126,08.04 10:00,265.441
126,08.04 11:00,295.245
126,08.04 12:00,312.119
126,08.04 13:00,304.938
126,08.04 14:00,290.767
126,08.04 15:00,272.942
126,08.04 16:00,264.587
126,08.04 17:00,255.895
126,08.04 18:00,263.196
126,08.04 19:00,242.896
126,08.04 20:00,238.655
126,08.04 21:00,278.676
126,08.04 22:00,282.544
126,08.04 23:00,277.092
126,09.04 00:00,272.003
126,09.04 01:00,253.337
126,09.04 02:00,238.017
126,09.04 03:00,227.896
126,09.04 04:00,224.619
126,09.04 05:00,214.502
126,09.04 06:00,213.395
126,09.04 07:00,218.908
126,09.04 08:00,237.803
126,09.04 09:00,211.442
126,09.04 10:00,222.949
126,09.04 11:00,242.635
126,09.04 12:00,249.867
126,09.04 13:00,264.638
126,09.04 14:00,269.758
126,09.04 15:00,281.815
126,09.04 16:00,300.629
126,09.04 17:00,291.659
126,09.04 18:00,310.217
126,09.04 19:00,279.721
126,09.04 20:00,274.06
126,09.04 21:00,304.9
126,09.04 22:00,291.439
126,09.04 23:00,279.57
126,10.04 00:00,285.086
126,10.04 01:00,263.506
126,10.04 02:00,247.103
126,10.04 03:00,236.833
126,10.04 04:00,239.178
126,10.04 05:00,221.407
126,10.04 06:00,217.906
126,10.04 07:00,216.992
126,10.04 08:00,215.53
126,10.04 09:00,204.927
126,10.04 10:00,220.995
126,10.04 11:00,246.003
126,10.04 12:00,260.865
126,10.04 13:00,290.924
126,10.04 14:00,308.714
126,10.04 15:00,328.942
126,10.04 16:00,315.733
126,10.04 17:00,322.036
126,10.04 18:00,304.616
126,10.04 19:00,302.398
126,10.04 20:00,295.026
126,10.04 21:00,287.742
126,10.04 22:00,306.887
126,10.04 23:00,297.497
126,11.04 00:00,291.722
126,11.04 01:00,275.902
126,11.04 02:00,255.271
126,11.04 03:00,241.982
126,11.04 04:00,226.896
126,11.04 05:00,224.895
126,11.04 06:00,227.784
126,11.04 07:00,248.793
126,11.04 08:00,250.987
126,11.04 09:00,251.454
126,11.04 10:00,267.573
126,11.04 11:00,283.616
126,11.04 12:00,298.996
126,11.04 13:00,299.318
126,11.04 14:00,304.9
126,11.04 15:00,311.224
126,11.04 16:00,299.451
126,11.04 17:00,300.717
126,11.04 18:00,302.872
126,11.04 19:00,293.77
126,11.04 20:00,296.055
126,11.04 21:00,321.48
126,11.04 22:00,312.131
126,11.04 23:00,307.97
126,12.04 00:00,302.704
126,12.04 01:00,273.753
126,12.04 02:00,240.146
126,12.04 03:00,232.316
126,12.04 04:00,222.688
126,12.04 05:00,215.572
126,12.04 06:00,221.967
126,12.04 07:00,251.405
126,12.04 08:00,258.381
126,12.04 09:00,270.298
126,12.04 10:00,265.795
126,12.04 11:00,266.719
126,12.04 12:00,289.265
126,12.04 13:00,289.745
126,12.04 14:00,290.672
126,12.04 15:00,283.157
126,12.04 16:00,292.353
126,12.04 17:00,299.105
126,12.04 18:00,283.306
126,12.04 19:00,290.728
126,12.04 20:00,321.465
126,12.04 21:00,322.692
126,12.04 22:00,302.444
126,12.04 23:00,303.135
126,13.04 00:00,291.33
126,13.04 01:00,259.425
126,13.04 02:00,238.063
126,13.04 03:00,233.644
126,13.04 04:00,220.732
126,13.04 05:00,215.235
126,13.04 06:00,213.43
126,13.04 07:00,252.78
126,13.04 08:00,254.036
126,13.04 09:00,257.616
126,13.04 10:00,261.133
126,13.04 11:00,269.208
126,13.04 12:00,273.173
126,13.04 13:00,288.68
126,13.04 14:00,286.972
126,13.04 15:00,280.608
126,13.04 16:00,287.015
126,13.04 17:00,282.388
126,13.04 18:00,287.551
126,13.04 19:00,291.34
126,13.04 20:00,298.965
126,13.04 21:00,324.059
126,13.04 22:00,310.192
126,13.04 23:00,289.637
126,14.04 00:00,291.502
126,14.04 01:00,272.558
126,14.04 02:00,257.816
126,14.04 03:00,233.633
126,14.04 04:00,220.682
126,14.04 05:00,211.961
126,14.04 06:00,217.146
126,14.04 07:00,253.519
126,14.04 08:00,247.119
126,14.04 09:00,257.758
126,14.04 10:00,275.32
126,14.04 11:00,294.29
126,14.04 12:00,318.643
126,14.04 13:00,318.436
126,14.04 14:00,298.637
126,14.04 15:00,289.394
126,14.04 16:00,291.642
126,14.04 17:00,288.741
126,14.04 18:00,277.222
126,14.04 19:00,285.519
126,14.04 20:00,282.339
126,14.04 21:00,300.15
126,14.04 22:00,313.141
126,14.04 23:00,295.299
126,15.04 00:00,282.611
126,15.04 01:00,262.449
126,15.04 02:00,245.496
126,15.04 03:00,233.858
126,15.04 04:00,224.356
126,15.04 05:00,215.907
126,15.04 06:00,220.275
126,15.04 07:00,257.242
126,15.04 08:00,254.501
126,15.04 09:00,267.414
126,15.04 10:00,266.952
126,15.04 11:00,272.318
126,15.04 12:00,306.846
126,15.04 13:00,298.802
126,15.04 14:00,308.698
126,15.04 15:00,269.614
126,15.04 16:00,247.899
126,15.04 17:00,246.539
126,15.04 18:00,257.98
126,15.04 19:00,268.861
126,15.04 20:00,269.15
126,15.04 21:00,289.294
126,15.04 22:00,284.289
126,15.04 23:00,276.223
126,16.04 00:00,264.44
126,16.04 01:00,264.276
126,16.04 02:00,252.018
126,16.04 03:00,237.664
126,16.04 04:00,230.271
126,16.04 05:00,220.905
126,16.04 06:00,218.851
126,16.04 07:00,214.631
126,16.04 08:00,208.214
126,16.04 09:00,203.39
126,16.04 10:00,217.517
126,16.04 11:00,241.595
126,16.04 12:00,279.71
126,16.04 13:00,294.539
126,16.04 14:00,275.981
126,16.04 15:00,271.605
126,16.04 16:00,286.241
126,16.04 17:00,297.048
126,16.04 18:00,282.867
126,16.04 19:00,298.164
126,16.04 20:00,301.568
126,16.04 21:00,305.126
126,16.04 22:00,292.73
126,16.04 23:00,281.993
126,17.04 00:00,272.003
126,17.04 01:00,264.696
126,17.04 02:00,248.418
126,17.04 03:00,240.737
126,17.04 04:00,225.465
126,17.04 05:00,212.829
126,17.04 06:00,217.97
126,17.04 07:00,216.29
126,17.04 08:00,218.246
126,17.04 09:00,212.56
126,17.04 10:00,217.991
126,17.04 11:00,252.797
126,17.04 12:00,262.151
126,17.04 13:00,278.172
126,17.04 14:00,301.006
126,17.04 15:00,325.156
126,17.04 16:00,317.591
126,17.04 17:00,326.586
126,17.04 18:00,328.786
126,17.04 19:00,332.036
126,17.04 20:00,325.619
126,17.04 21:00,317.69
126,17.04 22:00,319.286
126,17.04 23:00,314.583
126,18.04 00:00,302.481
126,18.04 01:00,284.419
126,18.04 02:00,262.619
126,18.04 03:00,239.305
126,18.04 04:00,231.877
126,18.04 05:00,221.237
126,18.04 06:00,220.82
126,18.04 07:00,251.392
126,18.04 08:00,266.325
126,18.04 09:00,256.19
126,18.04 10:00,264.21
126,18.04 11:00,279.354
126,18.04 12:00,310.467
126,18.04 13:00,302.227
126,18.04 14:00,317.545
126,18.04 15:00,300.566
126,18.04 16:00,299.527
126,18.04 17:00,319.248
126,18.04 18:00,319.832
126,18.04 19:00,333.432
126,18.04 20:00,326.578
126,18.04 21:00,311.275
126,18.04 22:00,313.712
126,18.04 23:00,303.353
126,19.04 00:00,270.985
126,19.04 01:00,263.26
126,19.04 02:00,243.762
126,19.04 03:00,245.896
126,19.04 04:00,234.296
126,19.04 05:00,220.849
126,19.04 06:00,217.208
126,19.04 07:00,248.861
126,19.04 08:00,253.233
126,19.04 09:00,276.502
126,19.04 10:00,278.799
126,19.04 11:00,297.222
126,19.04 12:00,306.407
126,19.04 13:00,291.884
126,19.04 14:00,284.784
126,19.04 15:00,282.618
126,19.04 16:00,286.907
126,19.04 17:00,285.434
126,19.04 18:00,294.581
126,19.04 19:00,294.428
126,19.04 20:00,315.442
126,19.04 21:00,320.991
126,19.04 22:00,319.603
126,19.04 23:00,307.158
126,20.04 00:00,293.28
126,20.04 01:00,297.661
126,20.04 02:00,257.977
126,20.04 03:00,237.163
126,20.04 04:00,220.973
126,20.04 05:00,215.045
126,20.04 06:00,215.408
126,20.04 07:00,250.353
126,20.04 08:00,256.188
126,20.04 09:00,263.672
126,20.04 10:00,265.692
126,20.04 11:00,268.707
126,20.04 12:00,288.564
126,20.04 13:00,294.799
126,20.04 14:00,298.958
126,20.04 15:00,281.232
126,20.04 16:00,285.422
126,20.04 17:00,287.1
126,20.04 18:00,285.101
126,20.04 19:00,280.975
126,20.04 20:00,284.624
126,20.04 21:00,311.089
126,20.04 22:00,308.121
126,20.04 23:00,293.372
126,21.04 00:00,276.904
126,21.04 01:00,269.762
126,21.04 02:00,245.831
126,21.04 03:00,228.169
126,21.04 04:00,231.337
126,21.04 05:00,214.97
126,21.04 06:00,218.624
126,21.04 07:00,249.458
126,21.04 08:00,245.821
126,21.04 09:00,260.29
126,21.04 10:00,261.693
126,21.04 11:00,290.284
126,21.04 12:00,288.238
126,21.04 13:00,299.263
126,21.04 14:00,302.71
126,21.04 15:00,293.625
126,21.04 16:00,314.295
126,21.04 17:00,308.452
126,21.04 18:00,302.8
126,21.04 19:00,299.204
126,21.04 20:00,296.792
126,21.04 21:00,302.297
126,21.04 22:00,306.542
126,21.04 23:00,293.925
126,22.04 00:00,305.533
126,22.04 01:00,270.303
126,22.04 02:00,252.105
126,22.04 03:00,236.705
126,22.04 04:00,230.945
126,22.04 05:00,222.651
126,22.04 06:00,217.515
126,22.04 07:00,249.369
126,22.04 08:00,243.874
126,22.04 09:00,245.363
126,22.04 10:00,252.834
126,22.04 11:00,263.84
126,22.04 12:00,298.676
126,22.04 13:00,299.581
126,22.04 14:00,281.761
126,22.04 15:00,267.041
126,22.04 16:00,265.192
126,22.04 17:00,248.78
126,22.04 18:00,247.032
126,22.04 19:00,257.706
126,22.04 20:00,243.411
126,22.04 21:00,260.615
126,22.04 22:00,275.339
126,22.04 23:00,267.145
126,23.04 00:00,264.002
126,23.04 01:00,244.042
126,23.04 02:00,237.246
126,23.04 03:00,226.734
126,23.04 04:00,222.215
126,23.04 05:00,212.675
126,23.04 06:00,211.113
126,23.04 07:00,212.943
126,23.04 08:00,197.516
126,23.04 09:00,198.033
126,23.04 10:00,216.97
126,23.04 11:00,252.213
126,23.04 12:00,276.066
126,23.04 13:00,268.152
126,23.04 14:00,274.03
126,23.04 15:00,270.387
126,23.04 16:00,279.132
126,23.04 17:00,286.372
126,23.04 18:00,287.112
126,23.04 19:00,296.285
126,23.04 20:00,269.218
126,23.04 21:00,261.121
126,23.04 22:00,263.05
126,23.04 23:00,276.985
126,24.04 00:00,264.713
126,24.04 01:00,253.932
126,24.04 02:00,245.189
126,24.04 03:00,230.946
126,24.04 04:00,225.234
126,24.04 05:00,226.886
126,24.04 06:00,219.839
126,24.04 07:00,216.841
126,24.04 08:00,210.83
126,24.04 09:00,201.877
126,24.04 10:00,215.596
126,24.04 11:00,238.864
126,24.04 12:00,282.868
126,24.04 13:00,278.161
126,24.04 14:00,289.712
126,24.04 15:00,307.416
126,24.04 16:00,304.799
126,24.04 17:00,301.323
126,24.04 18:00,299.606
126,24.04 19:00,298.14
126,24.04 20:00,287.803
126,24.04 21:00,288.023
126,24.04 22:00,317.356
126,24.04 23:00,292.865
126,25.04 00:00,282.324
126,25.04 01:00,272.418
126,25.04 02:00,254.919
126,25.04 03:00,236.843
126,25.04 04:00,231.488
126,25.04 05:00,215.785
126,25.04 06:00,221.195
126,25.04 07:00,249.949
126,25.04 08:00,240.762
126,25.04 09:00,256.755
126,25.04 10:00,258.764
126,25.04 11:00,273.843
126,25.04 12:00,295.353
126,25.04 13:00,281.957
126,25.04 14:00,286.966
126,25.04 15:00,288.792
126,25.04 16:00,291.105
126,25.04 17:00,300.968
126,25.04 18:00,314.951
126,25.04 19:00,318.383
126,25.04 20:00,313.245
126,25.04 21:00,317.631
126,25.04 22:00,296.826
126,25.04 23:00,297.299
126,26.04 00:00,317.584
126,26.04 01:00,276.396
126,26.04 02:00,258.223
126,26.04 03:00,239.82
126,26.04 04:00,221.93
126,26.04 05:00,221.148
126,26.04 06:00,223.149
126,26.04 07:00,255.889
126,26.04 08:00,246.254
126,26.04 09:00,255.8
126,26.04 10:00,255.851
126,26.04 11:00,265.768
126,26.04 12:00,271.834
126,26.04 13:00,291.9
126,26.04 14:00,309.999
126,26.04 15:00,293.28
126,26.04 16:00,286.339
126,26.04 17:00,289.953
126,26.04 18:00,294.088
126,26.04 19:00,309.314
126,26.04 20:00,295.651
126,26.04 21:00,306.835
126,26.04 22:00,305.081
126,26.04 23:00,287.748
126,27.04 00:00,298.707
126,27.04 01:00,289.515
126,27.04 02:00,265.897
126,27.04 03:00,261.13
126,27.04 04:00,239.551
126,27.04 05:00,218.135
126,27.04 06:00,219.039
126,27.04 07:00,251.334
126,27.04 08:00,236.595
126,27.04 09:00,259.009
126,27.04 10:00,259.144
126,27.04 11:00,267.61
126,27.04 12:00,288.54
126,27.04 13:00,282.683
126,27.04 14:00,285.041
126,27.04 15:00,285.646
126,27.04 16:00,287.724
126,27.04 17:00,274.546
126,27.04 18:00,288.643
126,27.04 19:00,294.845
126,27.04 20:00,305.002
126,27.04 21:00,313.171
126,27.04 22:00,289.102
126,27.04 23:00,287.683
126,28.04 00:00,285.478
126,28.04 01:00,267.537
126,28.04 02:00,251.613
126,28.04 03:00,242.028
126,28.04 04:00,226.988
126,28.04 05:00,220.801
126,28.04 06:00,222.317
126,28.04 07:00,256.709
126,28.04 08:00,245.793
126,28.04 09:00,264.102
126,28.04 10:00,269.56
126,28.04 11:00,280.18
126,28.04 12:00,313.428
126,28.04 13:00,314.71
126,28.04 14:00,323.59
126,28.04 15:00,307.097
126,28.04 16:00,303.266
126,28.04 17:00,294.785
126,28.04 18:00,303.644
126,28.04 19:00,310.278
126,28.04 20:00,301.581
126,28.04 21:00,312.455
126,28.04 22:00,310.359
126,28.04 23:00,299.439
126,29.04 00:00,298.734
126,29.04 01:00,270.205
126,29.04 02:00,254.247
126,29.04 03:00,242.486
126,29.04 04:00,232.974
126,29.04 05:00,232.878
126,29.04 06:00,231.046
126,29.04 07:00,265.694
126,29.04 08:00,264.094
126,29.04 09:00,262.975
126,29.04 10:00,264.227
126,29.04 11:00,300.912
126,29.04 12:00,304.376
126,29.04 13:00,304.487
126,29.04 14:00,304.182
126,29.04 15:00,292.605
126,29.04 16:00,268.333
126,29.04 17:00,279.007
126,29.04 18:00,277.853
126,29.04 19:00,263.818
126,29.04 20:00,262.131
126,29.04 21:00,273.878
126,29.04 22:00,278.65
126,29.04 23:00,274.56
126,30.04 00:00,271.682
126,30.04 01:00,261.339
126,30.04 02:00,253.259
126,30.04 03:00,243.325
126,30.04 04:00,233.917
126,30.04 05:00,228.338
126,30.04 06:00,226.176
126,30.04 07:00,224.229
126,30.04 08:00,208.254
126,30.04 09:00,210.245
126,30.04 10:00,215.652
126,30.04 11:00,255.546
126,30.04 12:00,271.059
126,30.04 13:00,273.664
126,30.04 14:00,282.436
126,30.04 15:00,284.116
126,30.04 16:00,276.28
126,30.04 17:00,276.356
126,30.04 18:00,282.343
126,30.04 19:00,284.893
126,30.04 20:00,263.229
126,30.04 21:00,270.055
126,30.04 22:00,280.913
126,30.04 23:00,273.128
126,01.05 00:00,269.413
126,01.05 01:00,264.214
126,01.05 02:00,255.978
126,01.05 03:00,241.312
126,01.05 04:00,228.952
126,01.05 05:00,224.078
126,01.05 06:00,222.684
126,01.05 07:00,221.083
126,01.05 08:00,212.712
126,01.05 09:00,216.578
126,01.05 10:00,216.738
126,01.05 11:00,240.142
126,01.05 12:00,267.522
126,01.05 13:00,297.948
126,01.05 14:00,290.33
126,01.05 15:00,342.034
126,01.05 16:00,325.395
126,01.05 17:00,308.509
126,01.05 18:00,319.339
126,01.05 19:00,305.803
126,01.05 20:00,294.035
126,01.05 21:00,299.796
126,01.05 22:00,314.172
126,01.05 23:00,311.025
126,02.05 00:00,301.848
126,02.05 01:00,284.461
126,02.05 02:00,253.665
126,02.05 03:00,246.035
126,02.05 04:00,226.242
126,02.05 05:00,217.814
126,02.05 06:00,225.904
126,02.05 07:00,253.51
126,02.05 08:00,253.097
126,02.05 09:00,254.399
126,02.05 10:00,260.742
126,02.05 11:00,287.185
126,02.05 12:00,270.718
126,02.05 13:00,275.628
126,02.05 14:00,293.534
126,02.05 15:00,299.874
126,02.05 16:00,299.772
126,02.05 17:00,285.622
126,02.05 18:00,288.122
126,02.05 19:00,289.858
126,02.05 20:00,294.327
126,02.05 21:00,338.166
126,02.05 22:00,318.513
126,02.05 23:00,305.899
126,03.05 00:00,284.686
126,03.05 01:00,270.509
126,03.05 02:00,254.105
126,03.05 03:00,241.299
126,03.05 04:00,217.436
126,03.05 05:00,214.913
126,03.05 06:00,217.559
126,03.05 07:00,247.208
126,03.05 08:00,240.144
126,03.05 09:00,256.242
126,03.05 10:00,273.184
126,03.05 11:00,284.329
126,03.05 12:00,277.02
126,03.05 13:00,271.289
126,03.05 14:00,284.319
126,03.05 15:00,284.818
126,03.05 16:00,293.04
126,03.05 17:00,274.634
126,03.05 18:00,280.856
126,03.05 19:00,289.279
126,03.05 20:00,301.581
126,03.05 21:00,320.234
126,03.05 22:00,303.66
126,03.05 23:00,284.718
126,04.05 00:00,274.923
126,04.05 01:00,268.748
126,04.05 02:00,245.153
126,04.05 03:00,229.087
126,04.05 04:00,219.767
126,04.05 05:00,214.373
126,04.05 06:00,212.501
126,04.05 07:00,244.026
126,04.05 08:00,237.411
126,04.05 09:00,255.082
126,04.05 10:00,253.214
126,04.05 11:00,275.799
126,04.05 12:00,297.934
126,04.05 13:00,301.502
126,04.05 14:00,305.301
126,04.05 15:00,298.753
126,04.05 16:00,289.763
126,04.05 17:00,282.129
126,04.05 18:00,300.34
126,04.05 19:00,309.54
126,04.05 20:00,318.352
126,04.05 21:00,315.009
126,04.05 22:00,307.573
126,04.05 23:00,287.078
126,05.05 00:00,282.997
126,05.05 01:00,277.784
126,05.05 02:00,253.437
126,05.05 03:00,237.549
126,05.05 04:00,233.587
126,05.05 05:00,222.122
126,05.05 06:00,222.113
126,05.05 07:00,248.745
126,05.05 08:00,239.959
126,05.05 09:00,251.831
126,05.05 10:00,261.853
126,05.05 11:00,294.157
126,05.05 12:00,307.314
126,05.05 13:00,301.404
126,05.05 14:00,296.28
126,05.05 15:00,296.122
126,05.05 16:00,291.229
126,05.05 17:00,286.148
126,05.05 18:00,309.67
126,05.05 19:00,289.759
126,05.05 20:00,291.03
126,05.05 21:00,300.009
126,05.05 22:00,280.515
126,05.05 23:00,279.796
126,06.05 00:00,280.948
126,06.05 01:00,260.643
126,06.05 02:00,249.819
126,06.05 03:00,238.801
126,06.05 04:00,222.333
126,06.05 05:00,209.53
126,06.05 06:00,205.66
126,06.05 07:00,241.71
126,06.05 08:00,238.698
126,06.05 09:00,252.947
126,06.05 10:00,262.974
126,06.05 11:00,277.836
126,06.05 12:00,301.668
126,06.05 13:00,284.855
126,06.05 14:00,298.651
126,06.05 15:00,285.896
126,06.05 16:00,275.713
126,06.05 17:00,278.067
126,06.05 18:00,286.483
126,06.05 19:00,280.391
126,06.05 20:00,275.803
126,06.05 21:00,271.323
126,06.05 22:00,266.516
126,06.05 23:00,267.054
126,07.05 00:00,270.557
126,07.05 01:00,260.616
126,07.05 02:00,248.029
126,07.05 03:00,238.234
126,07.05 04:00,229.964
126,07.05 05:00,223.241
126,07.05 06:00,218.154
126,07.05 07:00,216.259
126,07.05 08:00,205.901
126,07.05 09:00,200.763
126,07.05 10:00,215.503
126,07.05 11:00,254.916
126,07.05 12:00,263.377
126,07.05 13:00,272.698
126,07.05 14:00,286.008
126,07.05 15:00,281.837
126,07.05 16:00,286.402
126,07.05 17:00,274.377
126,07.05 18:00,278.881
126,07.05 19:00,274.482
126,07.05 20:00,279.922
126,07.05 21:00,258.649
126,07.05 22:00,274.279
126,07.05 23:00,271.322
126,08.05 00:00,265.932
126,08.05 01:00,265.195
126,08.05 02:00,259.757
126,08.05 03:00,240.042
126,08.05 04:00,229.061
126,08.05 05:00,220.343
126,08.05 06:00,218.305
126,08.05 07:00,213.909
126,08.05 08:00,206.07
126,08.05 09:00,204.631
126,08.05 10:00,218.842
126,08.05 11:00,229.953
126,08.05 12:00,274.116
126,08.05 13:00,259.411
126,08.05 14:00,287.918
126,08.05 15:00,316.888
126,08.05 16:00,280.352
126,08.05 17:00,284.046
126,08.05 18:00,277.505
126,08.05 19:00,282.979
126,08.05 20:00,255.815
126,08.05 21:00,271.588
126,08.05 22:00,277.858
126,08.05 23:00,270.793
126,09.05 00:00,270.297
126,09.05 01:00,255.692
126,09.05 02:00,247.822
126,09.05 03:00,235.27
126,09.05 04:00,218.207
126,09.05 05:00,211.772
126,09.05 06:00,212.551
126,09.05 07:00,237.908
126,09.05 08:00,225.864
126,09.05 09:00,234.925
126,09.05 10:00,267.273
126,09.05 11:00,275.18
126,09.05 12:00,286.366
126,09.05 13:00,285.877
126,09.05 14:00,296.419
126,09.05 15:00,293.812
126,09.05 16:00,281.174
126,09.05 17:00,277.769
126,09.05 18:00,281.179
126,09.05 19:00,294.341
126,09.05 20:00,303.473
126,09.05 21:00,293.875
126,09.05 22:00,286.654
126,09.05 23:00,276.826
126,10.05 00:00,276.21
126,10.05 01:00,253.148
126,10.05 02:00,240.995
126,10.05 03:00,231.145
126,10.05 04:00,221.039
126,10.05 05:00,215.0
126,10.05 06:00,216.601
126,10.05 07:00,234.896
126,10.05 08:00,241.075
126,10.05 09:00,239.675
126,10.05 10:00,262.141
126,10.05 11:00,268.838
126,10.05 12:00,281.724
126,10.05 13:00,286.199
126,10.05 14:00,306.579
126,10.05 15:00,310.51
126,10.05 16:00,298.623
126,10.05 17:00,282.277
126,10.05 18:00,283.573
126,10.05 19:00,280.354
126,10.05 20:00,296.133
126,10.05 21:00,309.524
126,10.05 22:00,280.541
126,10.05 23:00,283.958
126,11.05 00:00,277.291
126,11.05 01:00,254.023
126,11.05 02:00,245.262
126,11.05 03:00,234.019
126,11.05 04:00,219.858
126,11.05 05:00,211.967
126,11.05 06:00,217.092
126,11.05 07:00,239.309
126,11.05 08:00,231.966
126,11.05 09:00,232.773
126,11.05 10:00,232.786
126,11.05 11:00,233.241
126,11.05 12:00,233.911
126,11.05 13:00,232.88
126,11.05 14:00,233.171
126,11.05 15:00,232.412
126,11.05 16:00,232.844
126,11.05 17:00,233.822
126,11.05 18:00,232.889
126,11.05 19:00,232.996
126,11.05 20:00,233.453
126,11.05 21:00,232.604
126,11.05 22:00,232.844
126,11.05 23:00,0.0
126,12.05 00:00,269.833
126,12.05 01:00,255.01
126,12.05 02:00,245.082
126,12.05 03:00,228.386
126,12.05 04:00,220.752
126,12.05 05:00,222.987
126,12.05 06:00,223.252
126,12.05 07:00,250.688
126,12.05 08:00,233.187
126,12.05 09:00,248.141
126,12.05 10:00,261.281
126,12.05 11:00,281.154
126,12.05 12:00,308.53
126,12.05 13:00,303.289
126,12.05 14:00,293.541
126,12.05 15:00,291.871
126,12.05 16:00,285.74
126,12.05 17:00,296.732
126,12.05 18:00,293.058
126,12.05 19:00,290.071
126,12.05 20:00,294.896
126,12.05 21:00,316.867
126,12.05 22:00,290.518
126,12.05 23:00,279.808
126,13.05 00:00,278.14
126,13.05 01:00,271.479
126,13.05 02:00,253.751
126,13.05 03:00,247.596
126,13.05 04:00,237.143
126,13.05 05:00,228.588
126,13.05 06:00,224.973
126,13.05 07:00,244.822
126,13.05 08:00,238.305
126,13.05 09:00,244.405
126,13.05 10:00,248.221
126,13.05 11:00,266.17
126,13.05 12:00,279.266
126,13.05 13:00,292.931
126,13.05 14:00,292.105
126,13.05 15:00,278.629
126,13.05 16:00,263.445
126,13.05 17:00,250.75
126,13.05 18:00,238.016
126,13.05 19:00,230.762
126,13.05 20:00,233.001
126,13.05 21:00,251.535
126,13.05 22:00,256.758
126,13.05 23:00,252.091
126,14.05 00:00,251.251
126,14.05 01:00,256.634
126,14.05 02:00,254.483
126,14.05 03:00,242.914
126,14.05 04:00,230.081
126,14.05 05:00,221.279
126,14.05 06:00,216.955
126,14.05 07:00,221.788
126,14.05 08:00,210.53
126,14.05 09:00,206.137
126,14.05 10:00,218.628
126,14.05 11:00,244.848
126,14.05 12:00,261.139
126,14.05 13:00,261.773
126,14.05 14:00,270.241
126,14.05 15:00,272.632
126,14.05 16:00,269.728
126,14.05 17:00,279.771
126,14.05 18:00,267.315
126,14.05 19:00,261.631
126,14.05 20:00,246.901
126,14.05 21:00,244.878
126,14.05 22:00,252.617
126,14.05 23:00,242.196
126,15.05 00:00,240.062
126,15.05 01:00,243.341
126,15.05 02:00,238.957
126,15.05 03:00,228.206
126,15.05 04:00,215.477
126,15.05 05:00,212.558
126,15.05 06:00,211.549
126,15.05 07:00,208.726
126,15.05 08:00,197.318
126,15.05 09:00,197.803
126,15.05 10:00,213.066
126,15.05 11:00,235.818
126,15.05 12:00,244.098
126,15.05 13:00,239.858
126,15.05 14:00,243.161
126,15.05 15:00,246.516
126,15.05 16:00,256.354
126,15.05 17:00,254.791
126,15.05 18:00,257.745
126,15.05 19:00,249.188
126,15.05 20:00,246.289
126,15.05 21:00,250.233
126,15.05 22:00,259.96
126,15.05 23:00,246.008
126,16.05 00:00,242.926
126,16.05 01:00,236.176
126,16.05 02:00,227.001
126,16.05 03:00,221.762
126,16.05 04:00,211.944
126,16.05 05:00,209.838
126,16.05 06:00,211.879
126,16.05 07:00,234.917
126,16.05 08:00,232.385
126,16.05 09:00,228.827
126,16.05 10:00,235.959
126,16.05 11:00,258.74
126,16.05 12:00,260.046
126,16.05 13:00,258.018
126,16.05 14:00,264.366
126,16.05 15:00,248.521
126,16.05 16:00,234.862
126,16.05 17:00,226.886
126,16.05 18:00,234.978
126,16.05 19:00,231.045
126,16.05 20:00,237.122
126,16.05 21:00,238.664
126,16.05 22:00,242.666
126,16.05 23:00,237.135
126,17.05 00:00,237.969
126,17.05 01:00,230.29
126,17.05 02:00,230.118
126,17.05 03:00,219.1
126,17.05 04:00,207.291
126,17.05 05:00,209.787
126,17.05 06:00,205.836
126,17.05 07:00,234.81
126,17.05 08:00,231.362
126,17.05 09:00,227.702
126,17.05 10:00,247.501
126,17.05 11:00,263.117
126,17.05 12:00,262.066
126,17.05 13:00,277.332
126,17.05 14:00,259.311
126,17.05 15:00,247.972
126,17.05 16:00,233.838
126,17.05 17:00,211.713
126,17.05 18:00,210.012
126,17.05 19:00,213.318
126,17.05 20:00,211.136
126,17.05 21:00,211.736
126,17.05 22:00,225.065
126,17.05 23:00,220.754
126,18.05 00:00,214.225
126,18.05 01:00,205.363
126,18.05 02:00,199.47
126,18.05 03:00,200.179
126,18.05 04:00,198.411
126,18.05 05:00,194.352
126,18.05 06:00,201.101
126,18.05 07:00,223.964
126,18.05 08:00,219.034
126,18.05 09:00,238.627
126,18.05 10:00,224.413
126,18.05 11:00,235.84
126,18.05 12:00,234.931
126,18.05 13:00,236.668
126,18.05 14:00,248.199
126,18.05 15:00,224.756
126,18.05 16:00,205.972
126,18.05 17:00,211.747
126,18.05 18:00,210.311
126,18.05 19:00,195.819
126,18.05 20:00,192.235
126,18.05 21:00,202.086
126,18.05 22:00,206.014
126,18.05 23:00,200.122
126,19.05 00:00,194.435
126,19.05 01:00,195.318
126,19.05 02:00,194.052
126,19.05 03:00,198.915
126,19.05 04:00,192.064
126,19.05 05:00,191.084
126,19.05 06:00,192.435
126,19.05 07:00,208.257
126,19.05 08:00,239.283
126,19.05 09:00,276.517
126,19.05 10:00,274.731
126,19.05 11:00,267.573
126,19.05 12:00,265.434
126,19.05 13:00,252.209
126,19.05 14:00,260.662
126,19.05 15:00,266.63
126,19.05 16:00,238.534
126,19.05 17:00,230.646
126,19.05 18:00,238.358
126,19.05 19:00,226.621
126,19.05 20:00,196.191
126,19.05 21:00,205.786
126,19.05 22:00,211.316
126,19.05 23:00,211.573
126,20.05 00:00,218.802
126,20.05 01:00,207.697
126,20.05 02:00,205.64
126,20.05 03:00,204.507
126,20.05 04:00,197.673
126,20.05 05:00,198.467
126,20.05 06:00,205.196
126,20.05 07:00,219.786
126,20.05 08:00,209.796
126,20.05 09:00,196.217
126,20.05 10:00,198.132
126,20.05 11:00,209.754
126,20.05 12:00,217.273
126,20.05 13:00,214.821
126,20.05 14:00,221.644
126,20.05 15:00,230.165
126,20.05 16:00,227.616
126,20.05 17:00,218.492
126,20.05 18:00,225.259
126,20.05 19:00,208.102
126,20.05 20:00,197.809
126,20.05 21:00,210.305
126,20.05 22:00,215.052
126,20.05 23:00,213.247
126,21.05 00:00,211.19
126,21.05 01:00,210.747
126,21.05 02:00,211.959
126,21.05 03:00,209.394
126,21.05 04:00,209.03
126,21.05 05:00,209.87
126,21.05 06:00,216.328
126,21.05 07:00,228.282
126,21.05 08:00,208.015
126,21.05 09:00,204.37
126,21.05 10:00,204.967
126,21.05 11:00,204.997
126,21.05 12:00,238.688
126,21.05 13:00,217.409
126,21.05 14:00,213.027
126,21.05 15:00,220.187
126,21.05 16:00,208.983
126,21.05 17:00,198.676
126,21.05 18:00,201.127
126,21.05 19:00,195.399
126,21.05 20:00,197.826
126,21.05 21:00,212.514
126,21.05 22:00,211.463
126,21.05 23:00,210.592
126,22.05 00:00,209.754
126,22.05 01:00,211.016
126,22.05 02:00,210.41
126,22.05 03:00,209.625
126,22.05 04:00,207.968
126,22.05 05:00,204.119
126,22.05 06:00,205.745
126,22.05 07:00,209.658
126,22.05 08:00,193.895
126,22.05 09:00,191.217
126,22.05 10:00,198.29
126,22.05 11:00,193.391
126,22.05 12:00,195.32
126,22.05 13:00,197.764
126,22.05 14:00,198.621
126,22.05 15:00,201.626
126,22.05 16:00,205.189
126,22.05 17:00,209.499
126,22.05 18:00,204.179
126,22.05 19:00,201.089
126,22.05 20:00,200.482
126,22.05 21:00,208.673
126,22.05 22:00,213.403
126,22.05 23:00,213.798
126,23.05 00:00,211.141
126,23.05 01:00,211.783
126,23.05 02:00,208.256
126,23.05 03:00,208.461
126,23.05 04:00,206.815
126,23.05 05:00,204.869
126,23.05 06:00,209.242
126,23.05 07:00,215.502
126,23.05 08:00,212.759
126,23.05 09:00,220.557
126,23.05 10:00,220.49
126,23.05 11:00,214.029
126,23.05 12:00,209.764
126,23.05 13:00,209.661
126,23.05 14:00,211.242
126,23.05 15:00,201.008
126,23.05 16:00,208.903
126,23.05 17:00,204.086
126,23.05 18:00,202.217
126,23.05 19:00,196.549
126,23.05 20:00,201.943
126,23.05 21:00,216.088
126,23.05 22:00,218.137
126,23.05 23:00,227.077
126,24.05 00:00,219.957
126,24.05 01:00,217.414
126,24.05 02:00,208.176
126,24.05 03:00,207.002
126,24.05 04:00,205.417
126,24.05 05:00,206.708
126,24.05 06:00,207.933
126,24.05 07:00,208.55
126,24.05 08:00,205.618
126,24.05 09:00,227.864
126,24.05 10:00,221.561
126,24.05 11:00,228.081
126,24.05 12:00,227.155
126,24.05 13:00,233.276
126,24.05 14:00,223.305
126,24.05 15:00,217.168
126,24.05 16:00,221.443
126,24.05 17:00,218.399
126,24.05 18:00,217.516
126,24.05 19:00,220.037
126,24.05 20:00,208.783
126,24.05 21:00,218.633
126,24.05 22:00,223.677
126,24.05 23:00,215.108
126,25.05 00:00,213.53
126,25.05 01:00,217.686
126,25.05 02:00,213.744
126,25.05 03:00,211.569
126,25.05 04:00,214.922
126,25.05 05:00,209.772
126,25.05 06:00,213.242
126,25.05 07:00,230.466
126,25.05 08:00,221.437
126,25.05 09:00,222.555
126,25.05 10:00,220.222
126,25.05 11:00,221.02
126,25.05 12:00,241.338
126,25.05 13:00,238.19
126,25.05 14:00,228.586
126,25.05 15:00,232.161
126,25.05 16:00,228.259
126,25.05 17:00,227.336
126,25.05 18:00,225.059
126,25.05 19:00,211.532
126,25.05 20:00,205.291
126,25.05 21:00,218.117
126,25.05 22:00,219.456
126,25.05 23:00,228.234
126,26.05 00:00,231.657
126,26.05 01:00,221.994
126,26.05 02:00,215.953
126,26.05 03:00,214.518
126,26.05 04:00,212.817
126,26.05 05:00,212.954
126,26.05 06:00,211.652
126,26.05 07:00,218.036
126,26.05 08:00,206.869
126,26.05 09:00,214.643
126,26.05 10:00,213.3
126,26.05 11:00,226.223
126,26.05 12:00,216.208
126,26.05 13:00,221.738
126,26.05 14:00,219.584
126,26.05 15:00,221.934
126,26.05 16:00,221.366
126,26.05 17:00,225.361
126,26.05 18:00,222.933
126,26.05 19:00,210.04
126,26.05 20:00,210.845
126,26.05 21:00,223.757
126,26.05 22:00,225.651
126,26.05 23:00,227.078
126,27.05 00:00,224.871
126,27.05 01:00,216.921
126,27.05 02:00,214.66
126,27.05 03:00,219.608
126,27.05 04:00,215.018
126,27.05 05:00,212.056
126,27.05 06:00,215.824
126,27.05 07:00,216.639
126,27.05 08:00,214.576
126,27.05 09:00,214.031
126,27.05 10:00,209.731
126,27.05 11:00,218.864
126,27.05 12:00,210.723
126,27.05 13:00,209.215
126,27.05 14:00,213.305
126,27.05 15:00,224.149
126,27.05 16:00,225.622
126,27.05 17:00,218.316
126,27.05 18:00,220.228
126,27.05 19:00,200.601
126,27.05 20:00,196.201
126,27.05 21:00,206.538
126,27.05 22:00,208.658
126,27.05 23:00,209.765
126,28.05 00:00,211.57
126,28.05 01:00,208.511
126,28.05 02:00,211.984
126,28.05 03:00,209.746
126,28.05 04:00,205.297
126,28.05 05:00,203.276
126,28.05 06:00,208.169
126,28.05 07:00,211.067
126,28.05 08:00,218.117
126,28.05 09:00,214.509
126,28.05 10:00,210.365
126,28.05 11:00,212.337
126,28.05 12:00,212.016
126,28.05 13:00,204.779
126,28.05 14:00,208.486
126,28.05 15:00,218.604
126,28.05 16:00,223.067
126,28.05 17:00,199.295
126,28.05 18:00,202.04
126,28.05 19:00,204.565
126,28.05 20:00,203.993
126,28.05 21:00,215.585
126,28.05 22:00,224.571
126,28.05 23:00,218.16
126,29.05 00:00,215.787
126,29.05 01:00,212.218
126,29.05 02:00,211.834
126,29.05 03:00,211.626
126,29.05 04:00,210.072
126,29.05 05:00,206.216
126,29.05 06:00,211.695
126,29.05 07:00,207.846
126,29.05 08:00,206.154
126,29.05 09:00,192.193
126,29.05 10:00,204.729
126,29.05 11:00,206.369
126,29.05 12:00,208.153
126,29.05 13:00,203.929
126,29.05 14:00,220.422
126,29.05 15:00,206.717
126,29.05 16:00,207.981
126,29.05 17:00,208.394
126,29.05 18:00,218.415
126,29.05 19:00,241.403
126,29.05 20:00,208.618
126,29.05 21:00,217.554
126,29.05 22:00,230.26
126,29.05 23:00,231.96
126,30.05 00:00,225.985
126,30.05 01:00,221.214
126,30.05 02:00,232.649
126,30.05 03:00,222.347
126,30.05 04:00,209.875
126,30.05 05:00,207.979
126,30.05 06:00,209.384
126,30.05 07:00,206.168
126,30.05 08:00,208.178
126,30.05 09:00,208.531
126,30.05 10:00,201.34
126,30.05 11:00,217.894
126,30.05 12:00,208.645
126,30.05 13:00,209.582
126,30.05 14:00,218.906
126,30.05 15:00,234.484
126,30.05 16:00,213.594
126,30.05 17:00,222.994
126,30.05 18:00,237.791
126,30.05 19:00,219.251
126,30.05 20:00,215.223
126,30.05 21:00,227.844
126,30.05 22:00,246.634
126,30.05 23:00,238.6
126,31.05 00:00,235.161
126,31.05 01:00,236.113
126,31.05 02:00,222.377
126,31.05 03:00,217.4
126,31.05 04:00,213.902
126,31.05 05:00,212.727
126,31.05 06:00,212.126
126,31.05 07:00,220.665
126,31.05 08:00,217.927
126,31.05 09:00,216.028
126,31.05 10:00,217.13
126,31.05 11:00,213.758
126,31.05 12:00,221.592
126,31.05 13:00,213.958
126,31.05 14:00,220.53
126,31.05 15:00,213.887
126,31.05 16:00,233.173
126,31.05 17:00,262.689
126,31.05 18:00,253.515
126,31.05 19:00,221.838
126,31.05 20:00,220.528
126,31.05 21:00,235.612
126,31.05 22:00,252.438
126,31.05 23:00,250.296
126,01.06 00:00,236.986
126,01.06 01:00,231.976
126,01.06 02:00,219.044
126,01.06 03:00,212.924
126,01.06 04:00,207.781
126,01.06 05:00,206.997
126,01.06 06:00,210.638
126,01.06 07:00,222.512
126,01.06 08:00,231.938
126,01.06 09:00,246.93
126,01.06 10:00,258.157
126,01.06 11:00,254.207
126,01.06 12:00,245.707
126,01.06 13:00,245.137
126,01.06 14:00,245.081
126,01.06 15:00,227.898
126,01.06 16:00,235.227
126,01.06 17:00,233.972
126,01.06 18:00,232.934
126,01.06 19:00,227.481
126,01.06 20:00,228.479
126,01.06 21:00,244.888
126,01.06 22:00,249.234
126,01.06 23:00,241.499
126,02.06 00:00,237.954
126,02.06 01:00,237.267
126,02.06 02:00,225.977
126,02.06 03:00,212.301
126,02.06 04:00,208.98
126,02.06 05:00,207.262
126,02.06 06:00,208.775
126,02.06 07:00,230.668
126,02.06 08:00,235.693
126,02.06 09:00,229.546
126,02.06 10:00,229.441
126,02.06 11:00,228.946
126,02.06 12:00,232.72
126,02.06 13:00,231.148
126,02.06 14:00,222.717
126,02.06 15:00,213.947
126,02.06 16:00,197.777
126,02.06 17:00,211.598
126,02.06 18:00,195.218
126,02.06 19:00,193.511
126,02.06 20:00,198.474
126,02.06 21:00,212.807
126,02.06 22:00,221.353
126,02.06 23:00,227.099
126,03.06 00:00,219.488
126,03.06 01:00,206.058
126,03.06 02:00,197.121
126,03.06 03:00,193.651
126,03.06 04:00,186.469
126,03.06 05:00,185.326
126,03.06 06:00,185.407
126,03.06 07:00,221.956
126,03.06 08:00,208.757
126,03.06 09:00,216.859
126,03.06 10:00,204.742
126,03.06 11:00,204.053
126,03.06 12:00,225.129
126,03.06 13:00,215.175
126,03.06 14:00,223.652
126,03.06 15:00,228.646
126,03.06 16:00,193.2
126,03.06 17:00,187.342
126,03.06 18:00,201.056
126,03.06 19:00,186.364
126,03.06 20:00,192.83
126,03.06 21:00,209.135
126,03.06 22:00,219.242
126,03.06 23:00,219.624
126,04.06 00:00,218.076
126,04.06 01:00,206.938
126,04.06 02:00,194.929
126,04.06 03:00,192.468
126,04.06 04:00,187.75
126,04.06 05:00,184.701
126,04.06 06:00,182.171
126,04.06 07:00,185.147
126,04.06 08:00,178.585
126,04.06 09:00,177.583
126,04.06 10:00,175.873
126,04.06 11:00,183.193
126,04.06 12:00,186.74
126,04.06 13:00,184.426
126,04.06 14:00,202.747
126,04.06 15:00,216.836
126,04.06 16:00,190.968
126,04.06 17:00,200.963
126,04.06 18:00,201.46
126,04.06 19:00,205.718
126,04.06 20:00,200.551
126,04.06 21:00,211.348
126,04.06 22:00,219.309
126,04.06 23:00,223.332
126,05.06 00:00,211.943
126,05.06 01:00,199.907
126,05.06 02:00,196.196
126,05.06 03:00,192.228
126,05.06 04:00,193.502
126,05.06 05:00,188.092
126,05.06 06:00,186.6
126,05.06 07:00,179.334
126,05.06 08:00,171.263
126,05.06 09:00,173.029
126,05.06 10:00,176.83
126,05.06 11:00,188.48
126,05.06 12:00,185.109
126,05.06 13:00,194.86
126,05.06 14:00,200.192
126,05.06 15:00,210.796
126,05.06 16:00,205.801
126,05.06 17:00,198.487
126,05.06 18:00,210.188
126,05.06 19:00,198.397
126,05.06 20:00,208.573
126,05.06 21:00,224.237
126,05.06 22:00,237.511
126,05.06 23:00,225.806
126,06.06 00:00,226.181
126,06.06 01:00,204.705
126,06.06 02:00,198.105
126,06.06 03:00,188.588
126,06.06 04:00,186.281
126,06.06 05:00,186.051
126,06.06 06:00,183.185
126,06.06 07:00,213.313
126,06.06 08:00,215.052
126,06.06 09:00,216.243
126,06.06 10:00,230.861
126,06.06 11:00,227.328
126,06.06 12:00,224.915
126,06.06 13:00,227.604
126,06.06 14:00,227.589
126,06.06 15:00,217.999
126,06.06 16:00,199.797
126,06.06 17:00,196.628
126,06.06 18:00,208.864
126,06.06 19:00,208.103
126,06.06 20:00,211.378
126,06.06 21:00,222.734
126,06.06 22:00,220.138
126,06.06 23:00,222.899
126,07.06 00:00,212.666
126,07.06 01:00,203.212
126,07.06 02:00,195.96
126,07.06 03:00,191.119
126,07.06 04:00,192.441
126,07.06 05:00,187.434
126,07.06 06:00,187.649
126,07.06 07:00,210.44
126,07.06 08:00,209.514
126,07.06 09:00,213.619
126,07.06 10:00,221.589
126,07.06 11:00,235.836
126,07.06 12:00,240.118
126,07.06 13:00,224.087
126,07.06 14:00,238.624
126,07.06 15:00,203.008
126,07.06 16:00,191.53
126,07.06 17:00,195.375
126,07.06 18:00,197.289
126,07.06 19:00,193.322
126,07.06 20:00,200.116
126,07.06 21:00,222.562
126,07.06 22:00,241.682
126,07.06 23:00,233.951
126,08.06 00:00,211.837
126,08.06 01:00,219.325
126,08.06 02:00,207.684
126,08.06 03:00,195.685
126,08.06 04:00,189.007
126,08.06 05:00,188.398
126,08.06 06:00,187.511
126,08.06 07:00,209.052
126,08.06 08:00,206.473
126,08.06 09:00,216.712
126,08.06 10:00,230.585
126,08.06 11:00,237.15
126,08.06 12:00,230.418
126,08.06 13:00,232.941
126,08.06 14:00,236.768
126,08.06 15:00,215.678
126,08.06 16:00,192.899
126,08.06 17:00,194.178
126,08.06 18:00,194.587
126,08.06 19:00,211.948
126,08.06 20:00,204.433
126,08.06 21:00,228.147
126,08.06 22:00,233.529
126,08.06 23:00,222.64
126,09.06 00:00,213.305
126,09.06 01:00,200.467
126,09.06 02:00,196.439
126,09.06 03:00,192.344
126,09.06 04:00,186.066
126,09.06 05:00,186.148
126,09.06 06:00,188.595
126,09.06 07:00,212.724
126,09.06 08:00,218.699
126,09.06 09:00,230.859
126,09.06 10:00,238.059
126,09.06 11:00,249.435
126,09.06 12:00,252.028
126,09.06 13:00,240.552
126,09.06 14:00,249.963
126,09.06 15:00,216.543
126,09.06 16:00,204.626
126,09.06 17:00,198.198
126,09.06 18:00,200.317
126,09.06 19:00,205.015
126,09.06 20:00,211.964
126,09.06 21:00,227.296
126,09.06 22:00,235.045
126,09.06 23:00,233.31
126,10.06 00:00,226.861
126,10.06 01:00,213.809
126,10.06 02:00,200.465
126,10.06 03:00,201.475
126,10.06 04:00,192.598
126,10.06 05:00,189.144
126,10.06 06:00,192.616
126,10.06 07:00,212.535
126,10.06 08:00,221.068
126,10.06 09:00,225.253
126,10.06 10:00,224.618
126,10.06 11:00,243.061
126,10.06 12:00,263.84
126,10.06 13:00,250.681
126,10.06 14:00,272.463
126,10.06 15:00,242.907
126,10.06 16:00,231.213
126,10.06 17:00,202.982
126,10.06 18:00,203.599
126,10.06 19:00,197.013
126,10.06 20:00,203.552
126,10.06 21:00,214.508
126,10.06 22:00,222.085
126,10.06 23:00,233.433
126,11.06 00:00,221.058
126,11.06 01:00,218.888
126,11.06 02:00,206.612
126,11.06 03:00,197.6
126,11.06 04:00,192.695
126,11.06 05:00,187.823
126,11.06 06:00,185.988
126,11.06 07:00,189.088
126,11.06 08:00,195.016
126,11.06 09:00,193.449
126,11.06 10:00,203.211
126,11.06 11:00,204.056
126,11.06 12:00,220.373
126,11.06 13:00,222.002
126,11.06 14:00,220.118
126,11.06 15:00,225.102
126,11.06 16:00,217.545
126,11.06 17:00,217.278
126,11.06 18:00,208.753
126,11.06 19:00,221.368
126,11.06 20:00,224.345
126,11.06 21:00,218.679
126,11.06 22:00,223.068
126,11.06 23:00,234.288
126,12.06 00:00,217.322
126,12.06 01:00,214.981
126,12.06 02:00,206.296
126,12.06 03:00,199.06
126,12.06 04:00,196.802
126,12.06 05:00,192.214
126,12.06 06:00,190.811
126,12.06 07:00,188.384
126,12.06 08:00,179.694
126,12.06 09:00,192.69
126,12.06 10:00,197.727
126,12.06 11:00,217.55
126,12.06 12:00,212.294
126,12.06 13:00,226.221
126,12.06 14:00,246.085
126,12.06 15:00,253.211
126,12.06 16:00,214.629
126,12.06 17:00,211.615
126,12.06 18:00,218.506
126,12.06 19:00,223.02
126,12.06 20:00,217.876
126,12.06 21:00,235.331
126,12.06 22:00,247.554
126,12.06 23:00,261.865
126,13.06 00:00,247.842
126,13.06 01:00,216.009
126,13.06 02:00,209.119
126,13.06 03:00,200.059
126,13.06 04:00,197.781
126,13.06 05:00,191.499
126,13.06 06:00,192.891
126,13.06 07:00,223.879
126,13.06 08:00,242.413
126,13.06 09:00,242.908
126,13.06 10:00,233.075
126,13.06 11:00,237.104
126,13.06 12:00,258.32
126,13.06 13:00,238.857
126,13.06 14:00,256.933
126,13.06 15:00,239.203
126,13.06 16:00,232.614
126,13.06 17:00,214.283
126,13.06 18:00,219.207
126,13.06 19:00,217.663
126,13.06 20:00,231.055
126,13.06 21:00,230.587
126,13.06 22:00,241.898
126,13.06 23:00,256.895
126,14.06 00:00,254.812
126,14.06 01:00,246.222
126,14.06 02:00,222.232
126,14.06 03:00,210.025
126,14.06 04:00,206.482
126,14.06 05:00,202.662
126,14.06 06:00,207.755
126,14.06 07:00,227.08
126,14.06 08:00,225.051
126,14.06 09:00,219.462
126,14.06 10:00,236.858
126,14.06 11:00,230.357
126,14.06 12:00,248.847
126,14.06 13:00,249.344
126,14.06 14:00,257.508
126,14.06 15:00,250.259
126,14.06 16:00,217.152
126,14.06 17:00,215.935
126,14.06 18:00,217.646
126,14.06 19:00,210.352
126,14.06 20:00,242.252
126,14.06 21:00,253.751
126,14.06 22:00,251.385
126,14.06 23:00,247.11
126,15.06 00:00,249.625
126,15.06 01:00,233.909
126,15.06 02:00,218.821
126,15.06 03:00,212.994
126,15.06 04:00,205.62
126,15.06 05:00,199.433
126,15.06 06:00,199.915
126,15.06 07:00,223.058
126,15.06 08:00,225.977
126,15.06 09:00,219.412
126,15.06 10:00,235.155
126,15.06 11:00,253.405
126,15.06 12:00,255.911
126,15.06 13:00,256.344
126,15.06 14:00,248.05
126,15.06 15:00,234.89
126,15.06 16:00,210.1
126,15.06 17:00,223.228
126,15.06 18:00,224.293
126,15.06 19:00,220.244
126,15.06 20:00,224.106
126,15.06 21:00,231.802
126,15.06 22:00,236.82
126,15.06 23:00,257.806
126,16.06 00:00,243.465
126,16.06 01:00,239.311
126,16.06 02:00,216.298
126,16.06 03:00,211.753
126,16.06 04:00,208.429
126,16.06 05:00,199.865
126,16.06 06:00,199.039
126,16.06 07:00,230.231
126,16.06 08:00,236.93
126,16.06 09:00,237.632
126,16.06 10:00,231.148
126,16.06 11:00,230.858
126,16.06 12:00,257.04
126,16.06 13:00,247.011
126,16.06 14:00,260.282
126,16.06 15:00,245.935
126,16.06 16:00,229.03
126,16.06 17:00,203.345
126,16.06 18:00,207.383
126,16.06 19:00,210.784
126,16.06 20:00,231.095
126,16.06 21:00,248.643
126,16.06 22:00,256.437
126,16.06 23:00,242.918
126,17.06 00:00,243.095
126,17.06 01:00,220.571
126,17.06 02:00,211.078
126,17.06 03:00,203.744
126,17.06 04:00,196.434
126,17.06 05:00,198.023
126,17.06 06:00,197.358
126,17.06 07:00,216.16
126,17.06 08:00,236.518
126,17.06 09:00,230.616
126,17.06 10:00,233.843
126,17.06 11:00,236.606
126,17.06 12:00,259.365
126,17.06 13:00,249.022
126,17.06 14:00,260.179
126,17.06 15:00,245.096
126,17.06 16:00,231.926
126,17.06 17:00,229.395
126,17.06 18:00,208.491
126,17.06 19:00,214.291
126,17.06 20:00,220.574
126,17.06 21:00,235.223
126,17.06 22:00,242.571
126,17.06 23:00,237.476
126,18.06 00:00,237.89
126,18.06 01:00,241.6
126,18.06 02:00,212.949
126,18.06 03:00,205.856
126,18.06 04:00,204.444
126,18.06 05:00,198.099
126,18.06 06:00,198.606
126,18.06 07:00,195.08
126,18.06 08:00,182.141
126,18.06 09:00,191.495
126,18.06 10:00,194.336
126,18.06 11:00,201.335
126,18.06 12:00,206.557
126,18.06 13:00,214.531
126,18.06 14:00,229.117
126,18.06 15:00,240.289
126,18.06 16:00,235.022
126,18.06 17:00,225.797
126,18.06 18:00,212.259
126,18.06 19:00,206.332
126,18.06 20:00,206.267
126,18.06 21:00,212.484
126,18.06 22:00,233.373
126,18.06 23:00,224.27
126,19.06 00:00,225.774
126,19.06 01:00,215.172
126,19.06 02:00,217.098
126,19.06 03:00,206.821
126,19.06 04:00,198.211
126,19.06 05:00,193.144
126,19.06 06:00,192.172
126,19.06 07:00,190.308
126,19.06 08:00,193.068
126,19.06 09:00,185.531
126,19.06 10:00,194.246
126,19.06 11:00,211.109
126,19.06 12:00,217.286
126,19.06 13:00,217.877
126,19.06 14:00,238.629
126,19.06 15:00,235.655
126,19.06 16:00,235.403
126,19.06 17:00,237.021
126,19.06 18:00,229.58
126,19.06 19:00,224.264
126,19.06 20:00,223.885
126,19.06 21:00,236.696
126,19.06 22:00,253.628
126,19.06 23:00,246.831
126,20.06 00:00,232.764
126,20.06 01:00,227.453
126,20.06 02:00,217.549
126,20.06 03:00,209.323
126,20.06 04:00,196.695
126,20.06 05:00,196.873
126,20.06 06:00,198.106
126,20.06 07:00,211.85
126,20.06 08:00,209.601
126,20.06 09:00,217.552
126,20.06 10:00,228.559
126,20.06 11:00,230.292
126,20.06 12:00,236.785
126,20.06 13:00,234.221
126,20.06 14:00,241.901
126,20.06 15:00,219.631
126,20.06 16:00,228.664
126,20.06 17:00,226.526
126,20.06 18:00,219.62
126,20.06 19:00,213.099
126,20.06 20:00,217.185
126,20.06 21:00,238.788
126,20.06 22:00,246.489
126,20.06 23:00,248.876
126,21.06 00:00,230.889
126,21.06 01:00,221.505
126,21.06 02:00,213.665
126,21.06 03:00,205.105
126,21.06 04:00,202.54
126,21.06 05:00,197.78
126,21.06 06:00,212.893
126,21.06 07:00,227.184
126,21.06 08:00,221.507
126,21.06 09:00,235.2
126,21.06 10:00,219.486
126,21.06 11:00,238.695
126,21.06 12:00,250.181
126,21.06 13:00,241.731
126,21.06 14:00,239.75
126,21.06 15:00,229.207
126,21.06 16:00,206.564
126,21.06 17:00,210.999
126,21.06 18:00,202.251
126,21.06 19:00,202.403
126,21.06 20:00,212.618
126,21.06 21:00,220.807
126,21.06 22:00,237.893
126,21.06 23:00,246.643
126,22.06 00:00,238.589
126,22.06 01:00,218.496
126,22.06 02:00,207.36
126,22.06 03:00,202.079
126,22.06 04:00,198.827
126,22.06 05:00,191.889
126,22.06 06:00,199.67
126,22.06 07:00,222.014
126,22.06 08:00,212.679
126,22.06 09:00,219.273
126,22.06 10:00,223.742
126,22.06 11:00,244.079
126,22.06 12:00,262.001
126,22.06 13:00,254.217
126,22.06 14:00,250.805
126,22.06 15:00,242.806
126,22.06 16:00,228.525
126,22.06 17:00,219.926
126,22.06 18:00,234.648
126,22.06 19:00,224.383
126,22.06 20:00,225.783
126,22.06 21:00,239.872
126,22.06 22:00,248.923
126,22.06 23:00,239.765
126,23.06 00:00,237.89
126,23.06 01:00,225.265
126,23.06 02:00,211.499
126,23.06 03:00,207.216
126,23.06 04:00,203.431
126,23.06 05:00,198.686
126,23.06 06:00,201.839
126,23.06 07:00,224.567
126,23.06 08:00,234.733
126,23.06 09:00,221.928
126,23.06 10:00,224.361
126,23.06 11:00,245.949
126,23.06 12:00,257.803
126,23.06 13:00,240.816
126,23.06 14:00,245.894
126,23.06 15:00,221.154
126,23.06 16:00,208.494
126,23.06 17:00,205.864
126,23.06 18:00,208.275
126,23.06 19:00,215.416
126,23.06 20:00,212.203
126,23.06 21:00,226.545
126,23.06 22:00,240.654
126,23.06 23:00,245.134
126,24.06 00:00,234.76
126,24.06 01:00,222.651
126,24.06 02:00,216.017
126,24.06 03:00,209.651
126,24.06 04:00,204.469
126,24.06 05:00,195.523
126,24.06 06:00,200.597
126,24.06 07:00,222.677
126,24.06 08:00,212.906
126,24.06 09:00,218.65
126,24.06 10:00,235.42
126,24.06 11:00,236.21
126,24.06 12:00,255.624
126,24.06 13:00,248.008
126,24.06 14:00,255.19
126,24.06 15:00,256.892
126,24.06 16:00,232.711
126,24.06 17:00,218.779
126,24.06 18:00,222.589
126,24.06 19:00,206.186
126,24.06 20:00,217.854
126,24.06 21:00,225.151
126,24.06 22:00,237.038
126,24.06 23:00,230.413
126,25.06 00:00,238.265
126,25.06 01:00,230.164
126,25.06 02:00,214.922
126,25.06 03:00,216.041
126,25.06 04:00,202.585
126,25.06 05:00,198.554
126,25.06 06:00,197.803
126,25.06 07:00,195.633
126,25.06 08:00,184.254
126,25.06 09:00,192.175
126,25.06 10:00,198.559
126,25.06 11:00,200.833
126,25.06 12:00,219.32
126,25.06 13:00,221.944
126,25.06 14:00,222.865
126,25.06 15:00,231.109
126,25.06 16:00,215.937
126,25.06 17:00,228.936
126,25.06 18:00,225.76
126,25.06 19:00,224.007
126,25.06 20:00,225.469
126,25.06 21:00,237.955
126,25.06 22:00,247.194
126,25.06 23:00,237.593
126,26.06 00:00,225.907
126,26.06 01:00,224.414
126,26.06 02:00,208.827
126,26.06 03:00,207.605
126,26.06 04:00,202.478
126,26.06 05:00,197.661
126,26.06 06:00,195.179
126,26.06 07:00,194.454
126,26.06 08:00,194.653
126,26.06 09:00,194.121
126,26.06 10:00,203.848
126,26.06 11:00,203.068
126,26.06 12:00,223.745
126,26.06 13:00,221.039
126,26.06 14:00,232.819
126,26.06 15:00,238.636
126,26.06 16:00,245.798
126,26.06 17:00,247.855
126,26.06 18:00,243.909
126,26.06 19:00,232.177
126,26.06 20:00,234.892
126,26.06 21:00,272.213
126,26.06 22:00,274.966
126,26.06 23:00,237.014
126,27.06 00:00,235.019
126,27.06 01:00,227.414
126,27.06 02:00,223.302
126,27.06 03:00,206.026
126,27.06 04:00,205.683
126,27.06 05:00,200.281
126,27.06 06:00,202.182
126,27.06 07:00,229.763
126,27.06 08:00,234.057
126,27.06 09:00,245.289
126,27.06 10:00,265.585
126,27.06 11:00,261.45
126,27.06 12:00,271.886
126,27.06 13:00,272.759
126,27.06 14:00,267.546
126,27.06 15:00,230.182
126,27.06 16:00,223.118
126,27.06 17:00,229.18
126,27.06 18:00,224.531
126,27.06 19:00,226.106
126,27.06 20:00,234.752
126,27.06 21:00,236.55
126,27.06 22:00,255.521
126,27.06 23:00,240.969
126,28.06 00:00,235.293
126,28.06 01:00,235.492
126,28.06 02:00,213.002
126,28.06 03:00,207.207
126,28.06 04:00,203.345
126,28.06 05:00,198.299
126,28.06 06:00,204.093
126,28.06 07:00,227.255
126,28.06 08:00,227.967
126,28.06 09:00,229.971
126,28.06 10:00,246.051
126,28.06 11:00,252.003
126,28.06 12:00,270.266
126,28.06 13:00,268.283
126,28.06 14:00,268.973
126,28.06 15:00,238.486
126,28.06 16:00,221.155
126,28.06 17:00,227.755
126,28.06 18:00,217.331
126,28.06 19:00,221.776
126,28.06 20:00,237.952
126,28.06 21:00,247.663
126,28.06 22:00,246.55
126,28.06 23:00,235.002
126,29.06 00:00,247.66
126,29.06 01:00,225.422
126,29.06 02:00,218.735
126,29.06 03:00,207.228
126,29.06 04:00,198.835
126,29.06 05:00,200.95
126,29.06 06:00,188.964
126,29.06 07:00,224.989
126,29.06 08:00,236.754
126,29.06 09:00,237.883
126,29.06 10:00,227.027
126,29.06 11:00,241.835
126,29.06 12:00,245.139
126,29.06 13:00,243.726
126,29.06 14:00,249.445
126,29.06 15:00,222.474
126,29.06 16:00,226.787
126,29.06 17:00,210.066
126,29.06 18:00,211.735
126,29.06 19:00,202.512
126,29.06 20:00,224.806
126,29.06 21:00,231.918
126,29.06 22:00,237.813
126,29.06 23:00,239.681
126,30.06 00:00,237.92
126,30.06 01:00,232.787
126,30.06 02:00,213.537
126,30.06 03:00,209.643
126,30.06 04:00,201.962
126,30.06 05:00,201.082
126,30.06 06:00,200.601
126,30.06 07:00,223.672
126,30.06 08:00,228.082
126,30.06 09:00,238.085
126,30.06 10:00,241.127
126,30.06 11:00,252.167
126,30.06 12:00,257.122
126,30.06 13:00,253.691
126,30.06 14:00,247.898
126,30.06 15:00,231.687
126,30.06 16:00,229.699
126,30.06 17:00,209.623
126,30.06 18:00,219.403
126,30.06 19:00,215.585
126,30.06 20:00,223.088
126,30.06 21:00,244.076
126,30.06 22:00,256.411
126,30.06 23:00,239.703
126,01.07 00:00,240.256
126,01.07 01:00,229.174
126,01.07 02:00,227.58
126,01.07 03:00,215.251
126,01.07 04:00,202.801
126,01.07 05:00,201.847
126,01.07 06:00,205.121
126,01.07 07:00,225.944
126,01.07 08:00,230.842
126,01.07 09:00,225.007
126,01.07 10:00,231.114
126,01.07 11:00,253.149
126,01.07 12:00,248.234
126,01.07 13:00,246.169
126,01.07 14:00,245.225
126,01.07 15:00,246.981
126,01.07 16:00,245.78
126,01.07 17:00,245.457
126,01.07 18:00,246.935
126,01.07 19:00,246.038
126,01.07 20:00,244.902
126,01.07 21:00,246.508
126,01.07 22:00,246.361
126,01.07 23:00,246.198
126,02.07 00:00,245.651
126,02.07 02:00,247.194
126,02.07 03:00,247.085
126,02.07 04:00,0.0
126,02.07 05:00,0.0
126,02.07 06:00,0.0
126,02.07 07:00,0.0
126,02.07 08:00,0.0
126,02.07 09:00,0.0
126,02.07 10:00,0.0
126,02.07 11:00,0.0
126,02.07 12:00,0.0
126,02.07 13:00,0.0
126,02.07 14:00,0.0
126,02.07 15:00,0.0
126,02.07 16:00,0.0
126,02.07 17:00,0.0
126,02.07 18:00,0.0
126,02.07 19:00,0.0
126,02.07 20:00,0.0
126,02.07 21:00,0.0
126,02.07 22:00,0.0
126,02.07 23:00,0.0
126,03.07 00:00,0.0
126,03.07 02:00,0.0
126,03.07 03:00,0.0
126,03.07 04:00,0.0
126,03.07 05:00,0.0
126,03.07 06:00,0.0
126,03.07 07:00,0.0
126,03.07 08:00,0.0
126,03.07 09:00,0.0
126,03.07 10:00,0.0
126,03.07 11:00,0.0
126,03.07 12:00,0.0
126,03.07 13:00,0.0
126,03.07 14:00,0.0
126,03.07 15:00,0.0
126,03.07 16:00,0.0
126,03.07 17:00,0.0
126,03.07 18:00,0.0
126,03.07 19:00,0.0
126,03.07 20:00,0.0
126,03.07 21:00,0.0
126,03.07 22:00,0.0
126,03.07 23:00,0.0
126,04.07 00:00,0.0
126,04.07 02:00,0.0
126,04.07 03:00,0.0
126,04.07 04:00,0.0
126,04.07 05:00,0.0
126,04.07 06:00,0.0
126,04.07 07:00,0.0
126,04.07 08:00,0.0
126,04.07 09:00,0.0
126,04.07 10:00,0.0
126,04.07 11:00,0.0
126,04.07 12:00,0.0
126,04.07 13:00,0.0
126,04.07 14:00,0.0
126,04.07 15:00,0.0
126,04.07 16:00,0.0
126,04.07 17:00,0.0
126,04.07 18:00,0.0
126,04.07 19:00,0.0
126,04.07 20:00,0.0
126,04.07 21:00,0.0
126,04.07 22:00,0.0
126,04.07 23:00,0.0
126,05.07 00:00,0.0
126,05.07 02:00,0.0
126,05.07 03:00,0.0
126,05.07 04:00,0.0
126,05.07 06:00,203.095
126,05.07 07:00,222.796
126,05.07 08:00,224.314
126,05.07 09:00,232.621
126,05.07 10:00,242.276
126,05.07 11:00,253.073
126,05.07 12:00,271.986
126,05.07 13:00,256.01
126,05.07 14:00,253.754
126,05.07 15:00,218.608
126,05.07 16:00,205.075
126,05.07 17:00,204.802
126,05.07 18:00,208.037
126,05.07 19:00,223.203
126,05.07 20:00,243.564
126,05.07 21:00,245.374
126,05.07 22:00,254.716
126,05.07 23:00,239.232
126,06.07 00:00,238.251
126,06.07 01:00,221.995
126,06.07 02:00,220.688
126,06.07 03:00,213.255
126,06.07 04:00,205.801
126,06.07 05:00,198.742
126,06.07 06:00,202.978
126,06.07 07:00,241.144
126,06.07 08:00,219.244
126,06.07 09:00,226.663
126,06.07 10:00,232.245
126,06.07 11:00,260.828
126,06.07 12:00,251.604
126,06.07 13:00,256.046
126,06.07 14:00,240.648
126,06.07 15:00,217.425
126,06.07 16:00,210.91
126,06.07 17:00,224.361
126,06.07 18:00,205.823
126,06.07 19:00,215.638
126,06.07 20:00,232.67
126,06.07 21:00,231.415
126,06.07 22:00,243.881
126,06.07 23:00,239.737
126,07.07 00:00,226.937
126,07.07 01:00,228.282
126,07.07 02:00,214.655
126,07.07 03:00,207.011
126,07.07 04:00,204.241
126,07.07 05:00,200.741
126,07.07 06:00,201.614
126,07.07 07:00,223.962
126,07.07 08:00,222.082
126,07.07 09:00,227.951
126,07.07 10:00,242.971
126,07.07 11:00,252.181
126,07.07 12:00,260.596
126,07.07 13:00,250.235
126,07.07 14:00,252.007
126,07.07 15:00,243.501
126,07.07 16:00,229.476
126,07.07 17:00,225.328
126,07.07 18:00,230.785
126,07.07 19:00,235.765
126,07.07 20:00,259.713
126,07.07 21:00,240.94
126,07.07 22:00,244.059
126,07.07 23:00,260.635
126,08.07 00:00,259.083
126,08.07 01:00,260.009
126,08.07 02:00,225.916
126,08.07 03:00,221.041
126,08.07 04:00,217.42
126,08.07 05:00,209.286
126,08.07 06:00,209.356
126,08.07 07:00,228.878
126,08.07 08:00,225.551
126,08.07 09:00,244.73
126,08.07 10:00,170.58
126,08.07 11:00,346.516
126,08.07 12:00,261.768
126,08.07 13:00,261.388
126,08.07 14:00,265.938
126,08.07 15:00,231.419
126,08.07 16:00,223.659
126,08.07 17:00,220.765
126,08.07 18:00,216.664
126,08.07 19:00,213.573
126,08.07 20:00,206.629
126,08.07 21:00,234.649
126,08.07 22:00,243.828
126,08.07 23:00,257.072
126,09.07 00:00,244.177
126,09.07 01:00,229.626
126,09.07 02:00,221.223
126,09.07 03:00,225.626
126,09.07 04:00,208.839
126,09.07 05:00,201.917
126,09.07 06:00,201.508
126,09.07 07:00,201.753
126,09.07 08:00,192.3
126,09.07 09:00,190.696
126,09.07 10:00,194.486
126,09.07 11:00,203.264
126,09.07 12:00,223.369
126,09.07 13:00,215.309
126,09.07 14:00,231.496
126,09.07 15:00,233.56
126,09.07 16:00,227.927
126,09.07 17:00,242.775
126,09.07 18:00,236.936
126,09.07 19:00,231.975
126,09.07 20:00,219.36
126,09.07 21:00,233.303
126,09.07 22:00,236.855
126,09.07 23:00,237.189
126,10.07 00:00,226.508
126,10.07 01:00,219.924
126,10.07 02:00,211.1
126,10.07 03:00,210.71
126,10.07 04:00,208.422
126,10.07 05:00,204.086
126,10.07 06:00,204.671
126,10.07 07:00,202.205
126,10.07 08:00,214.124
126,10.07 09:00,194.505
126,10.07 10:00,207.053
126,10.07 11:00,226.074
126,10.07 12:00,221.962
126,10.07 13:00,223.276
126,10.07 14:00,232.918
126,10.07 15:00,246.703
126,10.07 16:00,241.844
126,10.07 17:00,230.987
126,10.07 18:00,219.241
126,10.07 19:00,231.415
126,10.07 20:00,255.305
126,10.07 21:00,249.806
126,10.07 22:00,275.805
126,10.07 23:00,254.86
126,11.07 00:00,242.325
126,11.07 01:00,235.287
126,11.07 02:00,215.336
126,11.07 03:00,215.805
126,11.07 04:00,209.128
126,11.07 05:00,203.641
126,11.07 06:00,203.432
126,11.07 07:00,225.399
126,11.07 08:00,226.961
126,11.07 09:00,232.416
126,11.07 10:00,237.959
126,11.07 11:00,257.843
126,11.07 12:00,267.03
126,11.07 13:00,245.052
126,11.07 14:00,260.474
126,11.07 15:00,234.535
126,11.07 16:00,218.964
126,11.07 17:00,218.365
126,11.07 18:00,229.78
126,11.07 19:00,229.18
126,11.07 20:00,246.01
126,11.07 21:00,247.841
126,11.07 22:00,260.006
126,11.07 23:00,252.996
126,12.07 00:00,256.912
126,12.07 01:00,235.33
126,12.07 02:00,218.711
126,12.07 03:00,217.788
126,12.07 04:00,206.176
126,12.07 05:00,202.455
126,12.07 06:00,206.712
126,12.07 07:00,227.3
126,12.07 08:00,234.728
126,12.07 09:00,232.052
126,12.07 10:00,243.103
126,12.07 11:00,258.778
126,12.07 12:00,271.396
126,12.07 13:00,260.763
126,12.07 14:00,256.24
126,12.07 15:00,231.461
126,12.07 16:00,234.321
126,12.07 17:00,215.466
126,12.07 18:00,210.901
126,12.07 19:00,213.373
126,12.07 20:00,218.74
126,12.07 21:00,226.486
126,12.07 22:00,246.735
126,12.07 23:00,254.268
126,13.07 00:00,245.749
126,13.07 01:00,233.618
126,13.07 02:00,229.039
126,13.07 03:00,212.74
126,13.07 04:00,208.376
126,13.07 05:00,207.866
126,13.07 06:00,207.313
126,13.07 07:00,226.215
126,13.07 08:00,220.597
126,13.07 09:00,246.485
126,13.07 10:00,234.915
126,13.07 11:00,249.848
126,13.07 12:00,249.395
126,13.07 13:00,243.744
126,13.07 14:00,248.731
126,13.07 15:00,238.146
126,13.07 16:00,213.278
126,13.07 17:00,206.791
126,13.07 18:00,217.734
126,13.07 19:00,217.191
126,13.07 20:00,214.314
126,13.07 21:00,226.865
126,13.07 22:00,245.624
126,13.07 23:00,249.049
126,14.07 00:00,246.987
126,14.07 01:00,226.281
126,14.07 02:00,217.446
126,14.07 03:00,209.505
126,14.07 04:00,207.863
126,14.07 05:00,201.769
126,14.07 06:00,202.144
126,14.07 07:00,226.506
126,14.07 08:00,218.258
126,14.07 09:00,227.555
126,14.07 10:00,225.438
126,14.07 11:00,237.192
126,14.07 12:00,259.699
126,14.07 13:00,258.954
126,14.07 14:00,251.123
126,14.07 15:00,226.951
126,14.07 16:00,213.547
126,14.07 17:00,232.527
126,14.07 18:00,215.856
126,14.07 19:00,214.836
126,14.07 20:00,229.694
126,14.07 21:00,243.102
126,14.07 22:00,244.11
126,14.07 23:00,245.469
126,15.07 00:00,247.107
126,15.07 01:00,234.451
126,15.07 02:00,221.036
126,15.07 03:00,215.221
126,15.07 04:00,211.296
126,15.07 05:00,206.023
126,15.07 06:00,210.55
126,15.07 07:00,229.444
126,15.07 08:00,221.515
126,15.07 09:00,232.801
126,15.07 10:00,243.182
126,15.07 11:00,243.302
126,15.07 12:00,251.983
126,15.07 13:00,252.396
126,15.07 14:00,257.717
126,15.07 15:00,235.008
126,15.07 16:00,220.046
126,15.07 17:00,218.255
126,15.07 18:00,223.308
126,15.07 19:00,233.89
126,15.07 20:00,217.209
126,15.07 21:00,226.804
126,15.07 22:00,240.168
126,15.07 23:00,243.402
126,16.07 00:00,226.804
126,16.07 01:00,231.464
126,16.07 02:00,221.228
126,16.07 03:00,216.114
126,16.07 04:00,204.49
126,16.07 05:00,204.282
126,16.07 06:00,201.093
126,16.07 07:00,207.364
126,16.07 08:00,189.644
126,16.07 09:00,188.319
126,16.07 10:00,191.926
126,16.07 11:00,201.53
126,16.07 12:00,207.323
126,16.07 13:00,218.042
126,16.07 14:00,217.379
126,16.07 15:00,215.337
126,16.07 16:00,217.446
126,16.07 17:00,221.623
126,16.07 18:00,215.147
126,16.07 19:00,209.586
126,16.07 20:00,217.593
126,16.07 21:00,234.673
126,16.07 22:00,242.308
126,16.07 23:00,242.788
126,17.07 00:00,229.427
126,17.07 01:00,226.671
126,17.07 02:00,218.926
126,17.07 03:00,213.083
126,17.07 04:00,208.184
126,17.07 05:00,202.827
126,17.07 06:00,203.367
126,17.07 07:00,198.262
126,17.07 08:00,187.667
126,17.07 09:00,187.703
126,17.07 10:00,198.046
126,17.07 11:00,221.074
126,17.07 12:00,202.215
126,17.07 13:00,221.89
126,17.07 14:00,233.206
126,17.07 15:00,232.497
126,17.07 16:00,228.752
126,17.07 17:00,230.764
126,17.07 18:00,222.501
126,17.07 19:00,240.043
126,17.07 20:00,236.948
126,17.07 21:00,243.02
126,17.07 22:00,240.042
126,17.07 23:00,243.954
126,18.07 00:00,247.556
126,18.07 01:00,234.239
126,18.07 02:00,240.072
126,18.07 03:00,216.843
126,18.07 04:00,206.454
126,18.07 05:00,202.797
126,18.07 06:00,204.294
126,18.07 07:00,225.019
126,18.07 08:00,221.134
126,18.07 09:00,234.66
126,18.07 10:00,251.167
126,18.07 11:00,269.857
126,18.07 12:00,263.942
126,18.07 13:00,260.204
126,18.07 14:00,281.88
126,18.07 15:00,247.985
126,18.07 16:00,231.121
126,18.07 17:00,224.809
126,18.07 18:00,214.931
126,18.07 19:00,220.848
126,18.07 20:00,230.211
126,18.07 21:00,234.455
126,18.07 22:00,257.924
126,18.07 23:00,249.908
126,19.07 00:00,275.566
126,19.07 01:00,247.979
126,19.07 02:00,227.151
126,19.07 03:00,212.561
126,19.07 04:00,212.496
126,19.07 05:00,206.671
126,19.07 06:00,205.002
126,19.07 07:00,233.08
126,19.07 08:00,242.253
126,19.07 09:00,243.932
126,19.07 10:00,244.465
126,19.07 11:00,251.211
126,19.07 12:00,270.308
126,19.07 13:00,266.081
126,19.07 14:00,255.516
126,19.07 15:00,234.039
126,19.07 16:00,208.324
126,19.07 17:00,226.11
126,19.07 18:00,208.264
126,19.07 19:00,205.655
126,19.07 20:00,224.874
126,19.07 21:00,243.089
126,19.07 22:00,244.743
126,19.07 23:00,248.061
126,20.07 00:00,247.686
126,20.07 01:00,236.853
126,20.07 02:00,218.128
126,20.07 03:00,212.995
126,20.07 04:00,214.3
126,20.07 05:00,203.219
126,20.07 06:00,204.266
126,20.07 07:00,241.464
126,20.07 08:00,221.115
126,20.07 09:00,223.439
126,20.07 10:00,226.749
126,20.07 11:00,265.187
126,20.07 12:00,249.188
126,20.07 13:00,254.584
126,20.07 14:00,250.874
126,20.07 15:00,231.648
126,20.07 16:00,212.681
126,20.07 17:00,212.557
126,20.07 18:00,222.514
126,20.07 19:00,215.994
126,20.07 20:00,227.337
126,20.07 21:00,242.418
126,20.07 22:00,258.349
126,20.07 23:00,237.624
126,21.07 00:00,239.292
126,21.07 01:00,237.948
126,21.07 02:00,222.357
126,21.07 03:00,215.963
126,21.07 04:00,210.255
126,21.07 05:00,204.714
126,21.07 06:00,207.065
126,21.07 07:00,240.456
126,21.07 08:00,231.263
126,21.07 09:00,244.88
126,21.07 10:00,246.246
126,21.07 11:00,245.788
126,21.07 12:00,268.041
126,21.07 13:00,277.846
126,21.07 14:00,278.804
126,21.07 15:00,246.125
126,21.07 16:00,242.068
126,21.07 17:00,223.86
126,21.07 18:00,218.263
126,21.07 19:00,227.423
126,21.07 20:00,222.607
126,21.07 21:00,254.343
126,21.07 22:00,260.115
126,21.07 23:00,251.274
126,22.07 00:00,241.796
126,22.07 01:00,236.914
126,22.07 02:00,220.833
126,22.07 03:00,214.984
126,22.07 04:00,209.96
126,22.07 05:00,208.934
126,22.07 06:00,206.755
126,22.07 07:00,229.688
126,22.07 08:00,222.796
126,22.07 09:00,226.481
126,22.07 10:00,230.826
126,22.07 11:00,257.96
126,22.07 12:00,265.112
126,22.07 13:00,254.723
126,22.07 14:00,253.615
126,22.07 15:00,246.168
126,22.07 16:00,217.075
126,22.07 17:00,212.384
126,22.07 18:00,219.896
126,22.07 19:00,224.559
126,22.07 20:00,221.639
126,22.07 21:00,221.343
126,22.07 22:00,242.745
126,22.07 23:00,248.172
126,23.07 00:00,239.724
126,23.07 01:00,236.973
126,23.07 02:00,219.055
126,23.07 03:00,213.827
126,23.07 04:00,205.172
126,23.07 05:00,205.702
126,23.07 06:00,207.317
126,23.07 07:00,203.6
126,23.07 08:00,192.173
126,23.07 09:00,197.797
126,23.07 10:00,197.549
126,23.07 11:00,204.198
126,23.07 12:00,212.534
126,23.07 13:00,230.427
126,23.07 14:00,227.721
126,23.07 15:00,233.415
126,23.07 16:00,232.005
126,23.07 17:00,224.842
126,23.07 18:00,226.304
126,23.07 19:00,214.185
126,23.07 20:00,218.913
126,23.07 21:00,226.836
126,23.07 22:00,238.954
126,23.07 23:00,243.484
126,24.07 00:00,244.743
126,24.07 01:00,236.897
126,24.07 02:00,217.99
126,24.07 03:00,216.985
126,24.07 04:00,211.877
126,24.07 05:00,206.482
126,24.07 06:00,219.998
126,24.07 07:00,203.876
126,24.07 08:00,188.119
126,24.07 09:00,192.21
126,24.07 10:00,199.196
126,24.07 11:00,210.035
126,24.07 12:00,214.48
126,24.07 13:00,227.157
126,24.07 14:00,235.94
126,24.07 15:00,223.567
126,24.07 16:00,226.393
126,24.07 17:00,221.813
126,24.07 18:00,232.849
126,24.07 19:00,242.46
126,24.07 20:00,236.727
126,24.07 21:00,242.958
126,24.07 22:00,253.404
126,24.07 23:00,245.743
126,25.07 00:00,247.159
126,25.07 01:00,228.945
126,25.07 02:00,217.255
126,25.07 03:00,214.172
126,25.07 04:00,210.577
126,25.07 05:00,206.688
126,25.07 06:00,212.982
126,25.07 07:00,246.945
126,25.07 08:00,225.933
126,25.07 09:00,254.844
126,25.07 10:00,255.682
126,25.07 11:00,270.393
126,25.07 12:00,272.614
126,25.07 13:00,252.982
126,25.07 14:00,251.174
126,25.07 15:00,242.268
126,25.07 16:00,225.891
126,25.07 17:00,227.47
126,25.07 18:00,239.668
126,25.07 19:00,227.986
126,25.07 20:00,242.884
126,25.07 21:00,270.029
126,25.07 22:00,275.016
126,25.07 23:00,261.67
126,26.07 00:00,253.8
126,26.07 01:00,237.73
126,26.07 02:00,224.634
126,26.07 03:00,227.091
126,26.07 04:00,211.966
126,26.07 05:00,210.242
126,26.07 06:00,213.246
126,26.07 07:00,250.906
126,26.07 08:00,232.062
126,26.07 09:00,231.55
126,26.07 10:00,254.782
126,26.07 11:00,257.097
126,26.07 12:00,268.781
126,26.07 13:00,261.126
126,26.07 14:00,247.864
126,26.07 15:00,241.71
126,26.07 16:00,265.955
126,26.07 17:00,219.36
126,26.07 18:00,213.542
126,26.07 19:00,229.24
126,26.07 20:00,229.484
126,26.07 21:00,248.365
126,26.07 22:00,244.677
126,26.07 23:00,245.101
126,27.07 00:00,239.969
126,27.07 01:00,237.174
126,27.07 02:00,214.57
126,27.07 03:00,213.057
126,27.07 04:00,210.569
126,27.07 05:00,206.408
126,27.07 06:00,205.299
126,27.07 07:00,231.668
126,27.07 08:00,224.892
126,27.07 09:00,227.567
126,27.07 10:00,235.443
126,27.07 11:00,244.866
126,27.07 12:00,254.495
126,27.07 13:00,242.72
126,27.07 14:00,239.832
126,27.07 15:00,234.096
126,27.07 16:00,228.852
126,27.07 17:00,223.811
126,27.07 18:00,224.456
126,27.07 19:00,214.68
126,27.07 20:00,220.737
126,27.07 21:00,242.398
126,27.07 22:00,243.387
126,27.07 23:00,241.511
126,28.07 00:00,234.615
126,28.07 01:00,229.098
126,28.07 02:00,215.488
126,28.07 03:00,209.867
126,28.07 04:00,215.892
126,28.07 05:00,209.744
126,28.07 06:00,202.042
126,28.07 07:00,230.004
126,28.07 08:00,220.786
126,28.07 09:00,225.046
126,28.07 10:00,245.038
126,28.07 11:00,257.47
126,28.07 12:00,256.049
126,28.07 13:00,237.679
126,28.07 14:00,242.266
126,28.07 15:00,228.317
126,28.07 16:00,219.914
126,28.07 17:00,235.132
126,28.07 18:00,208.007
126,28.07 19:00,212.015
126,28.07 20:00,221.372
126,28.07 21:00,234.105
126,28.07 22:00,248.953
126,28.07 23:00,238.344
126,29.07 00:00,237.894
126,29.07 01:00,224.094
126,29.07 02:00,235.85
126,29.07 03:00,213.967
126,29.07 04:00,206.369
126,29.07 05:00,198.409
126,29.07 06:00,200.864
126,29.07 07:00,240.818
126,29.07 08:00,233.477
126,29.07 09:00,240.988
126,29.07 10:00,249.831
126,29.07 11:00,246.572
126,29.07 12:00,253.882
126,29.07 13:00,250.969
126,29.07 14:00,259.495
126,29.07 15:00,233.289
126,29.07 16:00,219.446
126,29.07 17:00,217.681
126,29.07 18:00,214.659
126,29.07 19:00,221.798
126,29.07 20:00,225.252
126,29.07 21:00,241.768
126,29.07 22:00,249.236
126,29.07 23:00,248.207
126,30.07 00:00,243.582
126,30.07 01:00,233.1
126,30.07 02:00,226.591
126,30.07 03:00,211.415
126,30.07 04:00,203.292
126,30.07 05:00,199.02
126,30.07 06:00,198.536
126,30.07 07:00,197.873
126,30.07 08:00,193.025
126,30.07 09:00,186.645
126,30.07 10:00,193.538
126,30.07 11:00,198.332
126,30.07 12:00,205.008
126,30.07 13:00,214.028
126,30.07 14:00,221.242
126,30.07 15:00,226.93
126,30.07 16:00,213.487
126,30.07 17:00,211.451
126,30.07 18:00,218.521
126,30.07 19:00,207.939
126,30.07 20:00,206.762
126,30.07 21:00,222.514
126,30.07 22:00,236.393
126,30.07 23:00,224.16
126,31.07 00:00,230.098
126,31.07 01:00,224.976
126,31.07 02:00,213.552
126,31.07 03:00,225.965
126,31.07 04:00,209.955
126,31.07 05:00,202.775
126,31.07 06:00,198.118
126,31.07 07:00,199.075
126,31.07 08:00,206.972
126,31.07 09:00,188.442
126,31.07 10:00,200.564
126,31.07 11:00,209.771
126,31.07 12:00,195.305
126,31.07 13:00,226.647
126,31.07 14:00,209.768
126,31.07 15:00,222.7
126,31.07 16:00,232.468
126,31.07 17:00,225.887
126,31.07 18:00,226.443
126,31.07 19:00,227.119
126,31.07 20:00,230.335
126,31.07 21:00,251.016
126,31.07 22:00,255.898
126,31.07 23:00,236.814
126,01.08 00:00,276.264
126,01.08 01:00,244.573
126,01.08 02:00,223.958
126,01.08 03:00,215.889
126,01.08 04:00,203.713
126,01.08 05:00,200.769
126,01.08 06:00,197.735
126,01.08 07:00,234.518
126,01.08 08:00,216.097
126,01.08 09:00,230.755
126,01.08 10:00,241.849
126,01.08 11:00,241.5
126,01.08 12:00,252.582
126,01.08 13:00,248.795
126,01.08 14:00,245.152
126,01.08 15:00,235.468
126,01.08 16:00,219.504
126,01.08 17:00,210.435
126,01.08 18:00,211.563
126,01.08 19:00,224.016
126,01.08 20:00,227.148
126,01.08 21:00,240.45
126,01.08 22:00,245.626
126,01.08 23:00,247.948
126,02.08 00:00,243.681
126,02.08 01:00,226.146
126,02.08 02:00,232.248
126,02.08 03:00,211.193
126,02.08 04:00,204.23
126,02.08 05:00,207.764
126,02.08 06:00,204.365
126,02.08 07:00,246.767
126,02.08 08:00,237.79
126,02.08 09:00,246.832
126,02.08 10:00,252.737
126,02.08 11:00,251.825
126,02.08 12:00,252.978
126,02.08 13:00,243.479
126,02.08 14:00,252.028
126,02.08 15:00,247.683
126,02.08 16:00,222.98
126,02.08 17:00,213.982
126,02.08 18:00,214.302
126,02.08 19:00,215.183
126,02.08 20:00,221.456
126,02.08 21:00,245.51
126,02.08 22:00,261.133
126,02.08 23:00,250.333
126,03.08 00:00,243.474
126,03.08 01:00,234.025
126,03.08 02:00,214.329
126,03.08 03:00,210.324
126,03.08 04:00,202.236
126,03.08 05:00,198.453
126,03.08 06:00,201.229
126,03.08 07:00,227.99
126,03.08 08:00,231.98
126,03.08 09:00,247.014
126,03.08 10:00,241.963
126,03.08 11:00,250.681
126,03.08 12:00,263.972
126,03.08 13:00,260.487
126,03.08 14:00,264.015
126,03.08 15:00,240.135
126,03.08 16:00,226.528
126,03.08 17:00,230.813
126,03.08 18:00,218.311
126,03.08 19:00,224.899
126,03.08 20:00,221.677
126,03.08 21:00,236.642
126,03.08 22:00,227.584
126,03.08 23:00,236.092
126,04.08 00:00,238.917
126,04.08 01:00,229.97
126,04.08 02:00,218.47
126,04.08 03:00,212.457
126,04.08 04:00,202.857
126,04.08 05:00,199.427
126,04.08 06:00,205.214
126,04.08 07:00,234.936
126,04.08 08:00,236.874
126,04.08 09:00,259.2
126,04.08 10:00,253.875
126,04.08 11:00,270.523
126,04.08 12:00,265.31
126,04.08 13:00,263.802
126,04.08 14:00,257.419
126,04.08 15:00,255.397
126,04.08 16:00,235.1
126,04.08 17:00,221.474
126,04.08 18:00,215.728
126,04.08 19:00,228.156
126,04.08 20:00,227.676
126,04.08 21:00,258.418
126,04.08 22:00,269.096
126,04.08 23:00,250.872
126,05.08 00:00,244.148
126,05.08 01:00,247.532
126,05.08 02:00,234.913
126,05.08 03:00,213.868
126,05.08 04:00,210.739
126,05.08 05:00,206.347
126,05.08 06:00,207.555
126,05.08 07:00,251.393
126,05.08 08:00,241.436
126,05.08 09:00,231.362
126,05.08 10:00,243.471
126,05.08 11:00,243.237
126,05.08 12:00,255.235
126,05.08 13:00,250.227
126,05.08 14:00,269.576
126,05.08 15:00,244.982
126,05.08 16:00,216.773
126,05.08 17:00,209.896
126,05.08 18:00,215.984
126,05.08 19:00,223.525
126,05.08 20:00,218.289
126,05.08 21:00,232.851
126,05.08 22:00,228.88
126,05.08 23:00,231.406
126,06.08 00:00,228.607
126,06.08 01:00,219.837
126,06.08 02:00,212.753
126,06.08 03:00,210.038
126,06.08 04:00,210.877
126,06.08 05:00,206.006
126,06.08 06:00,203.487
126,06.08 07:00,204.814
126,06.08 08:00,197.71
126,06.08 09:00,195.064
126,06.08 10:00,203.43
126,06.08 11:00,216.954
126,06.08 12:00,220.166
126,06.08 13:00,213.911
126,06.08 14:00,218.125
126,06.08 15:00,230.317
126,06.08 16:00,225.497
126,06.08 17:00,225.783
126,06.08 18:00,217.028
126,06.08 19:00,218.198
126,06.08 20:00,221.524
126,06.08 21:00,226.375
126,06.08 22:00,230.361
126,06.08 23:00,226.96
126,07.08 00:00,237.933
126,07.08 01:00,219.974
126,07.08 02:00,211.873
126,07.08 03:00,209.134
126,07.08 04:00,204.449
126,07.08 05:00,203.258
126,07.08 06:00,201.42
126,07.08 07:00,197.291
126,07.08 08:00,192.518
126,07.08 09:00,191.655
126,07.08 10:00,193.617
126,07.08 11:00,203.743
126,07.08 12:00,224.225
126,07.08 13:00,207.999
126,07.08 14:00,211.451
126,07.08 15:00,221.366
126,07.08 16:00,234.974
126,07.08 17:00,217.857
126,07.08 18:00,221.996
126,07.08 19:00,215.544
126,07.08 20:00,217.479
126,07.08 21:00,238.885
126,07.08 22:00,246.633
126,07.08 23:00,241.389
126,08.08 00:00,237.646
126,08.08 01:00,231.294
126,08.08 02:00,214.525
126,08.08 03:00,208.47
126,08.08 04:00,219.92
126,08.08 05:00,213.002
126,08.08 06:00,204.032
126,08.08 07:00,228.301
126,08.08 08:00,243.319
126,08.08 09:00,247.832
126,08.08 10:00,235.839
126,08.08 11:00,239.331
126,08.08 12:00,242.939
126,08.08 13:00,246.989
126,08.08 14:00,247.632
126,08.08 15:00,236.878
126,08.08 16:00,220.615
126,08.08 17:00,219.864
126,08.08 18:00,227.244
126,08.08 19:00,219.056
126,08.08 20:00,222.4
126,08.08 21:00,239.684
126,08.08 22:00,240.847
126,08.08 23:00,239.628
126,09.08 00:00,244.964
126,09.08 01:00,226.37
126,09.08 02:00,215.239
126,09.08 03:00,210.698
126,09.08 04:00,206.388
126,09.08 05:00,202.933
126,09.08 06:00,208.347
126,09.08 07:00,231.622
126,09.08 08:00,242.883
126,09.08 09:00,240.452
126,09.08 10:00,241.822
126,09.08 11:00,257.195
126,09.08 12:00,255.063
126,09.08 13:00,255.549
126,09.08 14:00,245.961
126,09.08 15:00,254.112
126,09.08 16:00,222.054
126,09.08 17:00,216.934
126,09.08 18:00,219.655
126,09.08 19:00,213.913
126,09.08 20:00,217.848
126,09.08 21:00,232.934
126,09.08 22:00,233.859
126,09.08 23:00,232.022
126,10.08 00:00,235.567
126,10.08 01:00,224.109
126,10.08 02:00,209.411
126,10.08 03:00,205.594
126,10.08 04:00,204.384
126,10.08 05:00,200.459
126,10.08 06:00,202.438
126,10.08 07:00,231.133
126,10.08 08:00,229.314
126,10.08 09:00,242.709
126,10.08 10:00,241.927
126,10.08 11:00,250.617
126,10.08 12:00,245.139
126,10.08 13:00,242.01
126,10.08 14:00,238.79
126,10.08 15:00,227.949
126,10.08 16:00,220.207
126,10.08 17:00,211.34
126,10.08 18:00,206.749
126,10.08 19:00,213.861
126,10.08 20:00,217.299
126,10.08 21:00,249.241
126,10.08 22:00,252.989
126,10.08 23:00,238.513
126,11.08 00:00,233.187
126,11.08 01:00,229.73
126,11.08 02:00,221.654
126,11.08 03:00,220.723
126,11.08 04:00,212.267
126,11.08 05:00,206.024
126,11.08 06:00,216.031
126,11.08 07:00,237.946
126,11.08 08:00,235.912
126,11.08 09:00,231.512
126,11.08 10:00,251.231
126,11.08 11:00,263.066
126,11.08 12:00,262.239
126,11.08 13:00,267.42
126,11.08 14:00,265.001
126,11.08 15:00,262.084
126,11.08 16:00,233.882
126,11.08 17:00,213.958
126,11.08 18:00,211.737
126,11.08 19:00,208.543
126,11.08 20:00,213.141
126,11.08 21:00,239.986
126,11.08 22:00,253.864
126,11.08 23:00,243.877
126,12.08 00:00,233.471
126,12.08 01:00,225.364
126,12.08 02:00,214.87
126,12.08 03:00,215.059
126,12.08 04:00,207.794
126,12.08 05:00,205.263
126,12.08 06:00,205.799
126,12.08 07:00,238.605
126,12.08 08:00,233.814
126,12.08 09:00,254.582
126,12.08 10:00,261.989
126,12.08 11:00,256.755
126,12.08 12:00,246.319
126,12.08 13:00,253.155
126,12.08 14:00,257.494
126,12.08 15:00,256.273
126,12.08 16:00,243.547
126,12.08 17:00,208.452
126,12.08 18:00,209.837
126,12.08 19:00,213.283
126,12.08 20:00,219.904
126,12.08 21:00,229.136
126,12.08 22:00,236.895
126,12.08 23:00,241.886
126,13.08 00:00,230.672
126,13.08 01:00,223.759
126,13.08 02:00,226.983
126,13.08 03:00,212.89
126,13.08 04:00,205.508
126,13.08 05:00,202.803
126,13.08 06:00,202.796
126,13.08 07:00,203.502
126,13.08 08:00,213.895
126,13.08 09:00,206.137
126,13.08 10:00,196.695
126,13.08 11:00,213.411
126,13.08 12:00,221.823
126,13.08 13:00,223.25
126,13.08 14:00,208.217
126,13.08 15:00,206.442
126,13.08 16:00,200.191
126,13.08 17:00,194.175
126,13.08 18:00,200.171
126,13.08 19:00,209.96
126,13.08 20:00,217.043
126,13.08 21:00,216.618
126,13.08 22:00,218.749
126,13.08 23:00,222.776
126,14.08 00:00,215.22
126,14.08 01:00,213.636
126,14.08 02:00,203.639
126,14.08 03:00,202.633
126,14.08 04:00,201.278
126,14.08 05:00,197.736
126,14.08 06:00,196.985
126,14.08 07:00,199.028
126,14.08 08:00,218.43
126,14.08 09:00,202.291
126,14.08 10:00,190.736
126,14.08 11:00,211.522
126,14.08 12:00,200.114
126,14.08 13:00,224.117
126,14.08 14:00,210.542
126,14.08 15:00,223.028
126,14.08 16:00,213.641
126,14.08 17:00,204.013
126,14.08 18:00,204.79
126,14.08 19:00,212.484
126,14.08 20:00,229.388
126,14.08 21:00,230.482
126,14.08 22:00,229.434
126,14.08 23:00,231.324
126,15.08 00:00,220.238
126,15.08 01:00,212.434
126,15.08 02:00,205.087
126,15.08 03:00,204.538
126,15.08 04:00,199.51
126,15.08 05:00,197.546
126,15.08 06:00,200.964
126,15.08 07:00,230.95
126,15.08 08:00,253.528
126,15.08 09:00,245.446
126,15.08 10:00,262.87
126,15.08 11:00,256.713
126,15.08 12:00,264.557
126,15.08 13:00,269.013
126,15.08 14:00,259.593
126,15.08 15:00,262.577
126,15.08 16:00,227.778
126,15.08 17:00,220.33
126,15.08 18:00,211.25
126,15.08 19:00,205.996
126,15.08 20:00,220.238
126,15.08 21:00,228.45
126,15.08 22:00,230.99
126,15.08 23:00,225.887
126,16.08 00:00,231.997
126,16.08 01:00,210.74
126,16.08 02:00,204.684
126,16.08 03:00,202.393
126,16.08 04:00,198.954
126,16.08 05:00,198.736
126,16.08 06:00,203.421
126,16.08 07:00,235.141
126,16.08 08:00,250.791
126,16.08 09:00,259.951
126,16.08 10:00,260.472
126,16.08 11:00,255.358
126,16.08 12:00,253.047
126,16.08 13:00,245.471
126,16.08 14:00,250.104
126,16.08 15:00,247.395
126,16.08 16:00,219.413
126,16.08 17:00,214.867
126,16.08 18:00,204.588
126,16.08 19:00,206.76
126,16.08 20:00,212.279
126,16.08 21:00,215.878
126,16.08 22:00,235.267
126,16.08 23:00,222.04
126,17.08 00:00,212.827
126,17.08 01:00,206.868
126,17.08 02:00,200.965
126,17.08 03:00,198.238
126,17.08 04:00,196.118
126,17.08 05:00,197.763
126,17.08 06:00,203.744
126,17.08 07:00,252.151
126,17.08 08:00,263.497
126,17.08 09:00,267.198
126,17.08 10:00,233.814
126,17.08 11:00,255.188
126,17.08 12:00,262.093
126,17.08 13:00,252.891
126,17.08 14:00,264.989
126,17.08 15:00,245.055
126,17.08 16:00,235.584
126,17.08 17:00,232.603
126,17.08 18:00,230.168
126,17.08 19:00,230.371
126,17.08 20:00,231.061
126,17.08 21:00,225.794
126,17.08 22:00,232.116
126,17.08 23:00,228.972
126,18.08 00:00,220.286
126,18.08 01:00,211.922
126,18.08 02:00,204.821
126,18.08 03:00,202.948
126,18.08 04:00,203.176
126,18.08 05:00,202.579
126,18.08 06:00,205.752
126,18.08 07:00,239.437
126,18.08 08:00,236.737
126,18.08 09:00,246.779
126,18.08 10:00,252.118
126,18.08 11:00,258.946
126,18.08 12:00,245.797
126,18.08 13:00,252.596
126,18.08 14:00,249.811
126,18.08 15:00,236.554
126,18.08 16:00,224.198
126,18.08 17:00,220.992
126,18.08 18:00,215.777
126,18.08 19:00,223.218
126,18.08 20:00,232.921
126,18.08 21:00,225.671
126,18.08 22:00,226.545
126,18.08 23:00,230.837
126,19.08 00:00,227.75
126,19.08 01:00,212.824
126,19.08 02:00,205.634
126,19.08 03:00,202.132
126,19.08 04:00,202.239
126,19.08 05:00,201.034
126,19.08 06:00,201.102
126,19.08 07:00,238.58
126,19.08 08:00,243.569
126,19.08 09:00,234.299
126,19.08 10:00,272.043
126,19.08 11:00,274.812
126,19.08 12:00,278.322
126,19.08 13:00,275.877
126,19.08 14:00,294.449
126,19.08 15:00,300.652
126,19.08 16:00,301.17
126,19.08 17:00,278.267
126,19.08 18:00,263.712
126,19.08 19:00,257.395
126,19.08 20:00,257.368
126,19.08 21:00,263.411
126,19.08 22:00,274.274
126,19.08 23:00,295.167
126,20.08 00:00,266.212
126,20.08 01:00,257.411
126,20.08 02:00,231.673
126,20.08 03:00,226.8
126,20.08 04:00,220.448
126,20.08 05:00,216.718
126,20.08 06:00,213.271
126,20.08 07:00,220.161
126,20.08 08:00,226.171
126,20.08 09:00,234.276
126,20.08 10:00,250.863
126,20.08 11:00,247.392
126,20.08 12:00,272.447
126,20.08 13:00,279.58
126,20.08 14:00,284.82
126,20.08 15:00,286.403
126,20.08 16:00,280.963
126,20.08 17:00,289.394
126,20.08 18:00,301.763
126,20.08 19:00,293.681
126,20.08 20:00,275.977
126,20.08 21:00,265.926
126,20.08 22:00,281.03
126,20.08 23:00,276.088
126,21.08 00:00,270.37
126,21.08 01:00,247.995
126,21.08 02:00,235.355
126,21.08 03:00,225.017
126,21.08 04:00,221.609
126,21.08 05:00,216.392
126,21.08 06:00,214.006
126,21.08 07:00,226.622
126,21.08 08:00,231.037
126,21.08 09:00,227.795
126,21.08 10:00,240.593
126,21.08 11:00,250.245
126,21.08 12:00,278.849
126,21.08 13:00,281.75
126,21.08 14:00,280.368
126,21.08 15:00,284.193
126,21.08 16:00,291.352
126,21.08 17:00,284.607
126,21.08 18:00,273.2
126,21.08 19:00,279.615
126,21.08 20:00,259.354
126,21.08 21:00,253.938
126,21.08 22:00,284.411
126,21.08 23:00,292.58
126,22.08 00:00,270.818
126,22.08 01:00,252.842
126,22.08 02:00,240.678
126,22.08 03:00,229.36
126,22.08 04:00,222.885
126,22.08 05:00,215.846
126,22.08 06:00,216.925
126,22.08 07:00,244.478
126,22.08 08:00,242.217
126,22.08 09:00,254.697
126,22.08 10:00,258.081
126,22.08 11:00,280.665
126,22.08 12:00,282.8
126,22.08 13:00,290.257
126,22.08 14:00,293.623
126,22.08 15:00,295.134
126,22.08 16:00,311.235
126,22.08 17:00,307.585
126,22.08 18:00,312.237
126,22.08 19:00,308.141
126,22.08 20:00,295.357
126,22.08 21:00,300.415
126,22.08 22:00,284.918
126,22.08 23:00,281.136
126,23.08 00:00,265.959
126,23.08 01:00,254.106
126,23.08 02:00,245.01
126,23.08 03:00,229.382
126,23.08 04:00,224.124
126,23.08 05:00,219.069
126,23.08 06:00,218.95
126,23.08 07:00,243.249
126,23.08 08:00,246.119
126,23.08 09:00,243.5
126,23.08 10:00,255.234
126,23.08 11:00,266.901
126,23.08 12:00,305.538
126,23.08 13:00,316.228
126,23.08 14:00,317.084
126,23.08 15:00,322.318
126,23.08 16:00,308.519
126,23.08 17:00,307.057
126,23.08 18:00,333.837
126,23.08 19:00,295.543
126,23.08 20:00,280.491
126,23.08 21:00,302.505
126,23.08 22:00,300.567
126,23.08 23:00,313.752
126,24.08 00:00,296.63
126,24.08 01:00,284.298
126,24.08 02:00,242.479
126,24.08 03:00,227.421
126,24.08 04:00,224.686
126,24.08 05:00,217.703
126,24.08 06:00,223.838
126,24.08 07:00,253.413
126,24.08 08:00,262.985
126,24.08 09:00,278.002
126,24.08 10:00,287.192
126,24.08 11:00,294.112
126,24.08 12:00,299.429
126,24.08 13:00,290.317
126,24.08 14:00,303.448
126,24.08 15:00,299.501
126,24.08 16:00,319.335
126,24.08 17:00,327.267
126,24.08 18:00,306.723
126,24.08 19:00,285.061
126,24.08 20:00,303.67
126,24.08 21:00,335.313
126,24.08 22:00,344.027
126,24.08 23:00,310.949
126,25.08 00:00,278.624
126,25.08 01:00,248.55
126,25.08 02:00,232.961
126,25.08 03:00,222.436
126,25.08 04:00,213.602
126,25.08 05:00,219.091
126,25.08 06:00,216.247
126,25.08 07:00,250.047
126,25.08 08:00,255.985
126,25.08 09:00,254.813
126,25.08 10:00,262.74
126,25.08 11:00,292.231
126,25.08 12:00,300.053
126,25.08 13:00,313.693
126,25.08 14:00,296.816
126,25.08 15:00,310.735
126,25.08 16:00,308.927
126,25.08 17:00,299.576
126,25.08 18:00,309.135
126,25.08 19:00,307.333
126,25.08 20:00,321.981
126,25.08 21:00,331.347
126,25.08 22:00,311.113
126,25.08 23:00,296.777
126,26.08 00:00,277.342
126,26.08 01:00,255.686
126,26.08 02:00,230.933
126,26.08 03:00,225.362
126,26.08 04:00,220.977
126,26.08 05:00,215.342
126,26.08 06:00,221.25
126,26.08 07:00,260.266
126,26.08 08:00,260.147
126,26.08 09:00,258.876
126,26.08 10:00,292.946
126,26.08 11:00,323.449
126,26.08 12:00,314.297
126,26.08 13:00,302.551
126,26.08 14:00,303.109
126,26.08 15:00,308.37
126,26.08 16:00,289.358
126,26.08 17:00,281.721
126,26.08 18:00,276.506
126,26.08 19:00,276.358
126,26.08 20:00,253.424
126,26.08 21:00,272.646
126,26.08 22:00,285.582
126,26.08 23:00,291.765
126,27.08 00:00,271.895
126,27.08 01:00,250.915
126,27.08 02:00,235.757
126,27.08 03:00,231.11
126,27.08 04:00,223.329
126,27.08 05:00,219.296
126,27.08 06:00,219.593
126,27.08 07:00,226.825
126,27.08 08:00,206.642
126,27.08 09:00,210.709
126,27.08 10:00,240.795
126,27.08 11:00,270.409
126,27.08 12:00,288.065
126,27.08 13:00,315.563
126,27.08 14:00,307.543
126,27.08 15:00,335.594
126,27.08 16:00,353.148
126,27.08 17:00,335.676
126,27.08 18:00,324.072
126,27.08 19:00,334.402
126,27.08 20:00,291.351
126,27.08 21:00,281.878
126,27.08 22:00,286.676
126,27.08 23:00,305.523
126,28.08 00:00,283.947
126,28.08 01:00,263.631
126,28.08 02:00,249.112
126,28.08 03:00,239.317
126,28.08 04:00,230.723
126,28.08 05:00,219.622
126,28.08 06:00,220.908
126,28.08 07:00,229.964
126,28.08 08:00,220.182
126,28.08 09:00,207.819
126,28.08 10:00,217.262
126,28.08 11:00,258.953
126,28.08 12:00,304.71
126,28.08 13:00,313.662
126,28.08 14:00,341.084
126,28.08 15:00,330.817
126,28.08 16:00,339.384
126,28.08 17:00,336.336
126,28.08 18:00,330.32
126,28.08 19:00,321.913
126,28.08 20:00,330.157
126,28.08 21:00,302.917
126,28.08 22:00,325.059
126,28.08 23:00,316.495
126,29.08 00:00,323.553
126,29.08 01:00,269.165
126,29.08 02:00,239.315
126,29.08 03:00,224.373
126,29.08 04:00,220.844
126,29.08 05:00,213.812
126,29.08 06:00,219.961
126,29.08 07:00,254.779
126,29.08 08:00,252.598
126,29.08 09:00,262.991
126,29.08 10:00,261.861
126,29.08 11:00,271.78
126,29.08 12:00,285.087
126,29.08 13:00,291.952
126,29.08 14:00,291.942
126,29.08 15:00,287.065
126,29.08 16:00,299.533
126,29.08 17:00,339.409
126,29.08 18:00,332.156
126,29.08 19:00,309.732
126,29.08 20:00,326.371
126,29.08 21:00,363.243
126,29.08 22:00,334.341
126,29.08 23:00,318.24
126,30.08 00:00,288.542
126,30.08 01:00,259.44
126,30.08 02:00,238.291
126,30.08 03:00,228.909
126,30.08 04:00,216.044
126,30.08 05:00,213.193
126,30.08 06:00,216.788
126,30.08 07:00,261.257
126,30.08 08:00,246.044
126,30.08 09:00,253.703
126,30.08 10:00,267.002
126,30.08 11:00,267.258
126,30.08 12:00,280.617
126,30.08 13:00,295.772
126,30.08 14:00,286.89
126,30.08 15:00,290.414
126,30.08 16:00,283.679
126,30.08 17:00,290.617
126,30.08 18:00,294.928
126,30.08 19:00,290.287
126,30.08 20:00,301.352
126,30.08 21:00,326.298
126,30.08 22:00,334.85
126,30.08 23:00,312.229
126,31.08 00:00,294.763
126,31.08 01:00,275.831
126,31.08 02:00,245.117
126,31.08 03:00,230.027
126,31.08 04:00,221.166
126,31.08 05:00,217.615
126,31.08 06:00,216.221
126,31.08 07:00,248.437
126,31.08 08:00,257.65
126,31.08 09:00,261.701
126,31.08 10:00,264.314
126,31.08 11:00,282.977
126,31.08 12:00,296.836
126,31.08 13:00,305.068
126,31.08 14:00,272.449
126,31.08 15:00,298.343
126,31.08 16:00,322.563
126,31.08 17:00,333.576
126,31.08 18:00,317.292
126,31.08 19:00,323.375
126,31.08 20:00,311.083
126,31.08 21:00,345.2
126,31.08 22:00,331.16
126,31.08 23:00,302.253
126,01.09 00:00,295.639
126,01.09 01:00,269.522
126,01.09 02:00,248.715
126,01.09 03:00,231.494
126,01.09 04:00,223.733
126,01.09 05:00,221.053
126,01.09 06:00,222.448
126,01.09 07:00,254.664
126,01.09 08:00,257.085
126,01.09 09:00,268.501
126,01.09 10:00,268.033
126,01.09 11:00,280.275
126,01.09 12:00,298.781
126,01.09 13:00,318.902
126,01.09 14:00,320.145
126,01.09 15:00,298.257
126,01.09 16:00,307.845
126,01.09 17:00,296.731
126,01.09 18:00,302.519
126,01.09 19:00,304.185
126,01.09 20:00,313.149
126,01.09 21:00,330.323
126,01.09 22:00,324.481
126,01.09 23:00,311.08
126,02.09 00:00,297.322
126,02.09 01:00,267.075
126,02.09 02:00,246.206
126,02.09 03:00,232.138
126,02.09 04:00,224.34
126,02.09 05:00,218.947
126,02.09 06:00,223.079
126,02.09 07:00,253.204
126,02.09 08:00,256.338
126,02.09 09:00,258.897
126,02.09 10:00,297.179
126,02.09 11:00,316.652
126,02.09 12:00,318.083
126,02.09 13:00,320.79
126,02.09 14:00,327.91
126,02.09 15:00,307.225
126,02.09 16:00,288.785
126,02.09 17:00,271.393
126,02.09 18:00,267.706
126,02.09 19:00,258.788
126,02.09 20:00,268.291
126,02.09 21:00,275.204
126,02.09 22:00,285.472
126,02.09 23:00,282.063
126,03.09 00:00,268.909
126,03.09 01:00,247.75
126,03.09 02:00,234.006
126,03.09 03:00,229.075
126,03.09 04:00,222.642
126,03.09 05:00,220.486
126,03.09 06:00,215.573
126,03.09 07:00,214.518
126,03.09 08:00,207.69
126,03.09 09:00,205.111
126,03.09 10:00,214.282
126,03.09 11:00,238.506
126,03.09 12:00,234.721
126,03.09 13:00,256.353
126,03.09 14:00,271.805
126,03.09 15:00,303.96
126,03.09 16:00,284.146
126,03.09 17:00,283.094
126,03.09 18:00,299.411
126,03.09 19:00,291.368
126,03.09 20:00,272.591
126,03.09 21:00,289.798
126,03.09 22:00,304.593
126,03.09 23:00,284.734
126,04.09 00:00,274.796
126,04.09 01:00,257.086
126,04.09 02:00,242.914
126,04.09 03:00,231.021
126,04.09 04:00,226.926
126,04.09 05:00,222.41
126,04.09 06:00,222.772
126,04.09 07:00,225.057
126,04.09 08:00,209.975
126,04.09 09:00,204.926
126,04.09 10:00,215.132
126,04.09 11:00,253.024
126,04.09 12:00,293.967
126,04.09 13:00,311.128
126,04.09 14:00,314.617
126,04.09 15:00,329.213
126,04.09 16:00,314.7
126,04.09 17:00,303.251
126,04.09 18:00,303.359
126,04.09 19:00,274.213
126,04.09 20:00,239.629
126,04.09 21:00,250.523
126,04.09 22:00,246.012
126,04.09 23:00,242.172
126,05.09 00:00,267.029
126,05.09 01:00,262.622
126,05.09 02:00,250.301
126,05.09 03:00,239.187
126,05.09 04:00,232.141
126,05.09 05:00,226.698
126,05.09 06:00,224.425
126,05.09 07:00,220.178
126,05.09 08:00,214.007
126,05.09 09:00,205.44
126,05.09 10:00,212.434
126,05.09 11:00,227.638
126,05.09 12:00,253.829
126,05.09 13:00,275.516
126,05.09 14:00,290.301
126,05.09 15:00,305.925
126,05.09 16:00,313.536
126,05.09 17:00,305.994
126,05.09 18:00,300.898
126,05.09 19:00,294.469
126,05.09 20:00,315.089
126,05.09 21:00,331.465
126,05.09 22:00,342.804
126,05.09 23:00,333.523
126,06.09 00:00,314.46
126,06.09 01:00,288.752
126,06.09 02:00,249.163
126,06.09 03:00,222.932
126,06.09 04:00,221.598
126,06.09 05:00,213.388
126,06.09 06:00,225.106
126,06.09 07:00,254.227
126,06.09 08:00,255.338
126,06.09 09:00,257.148
126,06.09 10:00,270.083
126,06.09 11:00,287.643
126,06.09 12:00,304.224
126,06.09 13:00,311.835
126,06.09 14:00,288.129
126,06.09 15:00,285.989
126,06.09 16:00,311.711
126,06.09 17:00,290.282
126,06.09 18:00,298.53
126,06.09 19:00,308.268
126,06.09 20:00,328.763
126,06.09 21:00,346.544
126,06.09 22:00,346.588
126,06.09 23:00,318.083
126,07.09 00:00,302.622
126,07.09 01:00,276.698
126,07.09 02:00,248.653
126,07.09 03:00,234.624
126,07.09 04:00,224.554
126,07.09 05:00,220.55
126,07.09 06:00,220.872
126,07.09 07:00,256.643
126,07.09 08:00,261.669
126,07.09 09:00,262.608
126,07.09 10:00,261.462
126,07.09 11:00,279.298
126,07.09 12:00,285.615
126,07.09 13:00,281.828
126,07.09 14:00,288.358
126,07.09 15:00,309.211
126,07.09 16:00,320.645
126,07.09 17:00,319.3
126,07.09 18:00,324.213
126,07.09 19:00,314.008
126,07.09 20:00,315.27
126,07.09 21:00,348.053
126,07.09 22:00,350.461
126,07.09 23:00,327.002
126,08.09 00:00,299.084
126,08.09 01:00,284.277
126,08.09 02:00,254.039
126,08.09 03:00,243.896
126,08.09 04:00,233.531
126,08.09 05:00,228.816
126,08.09 06:00,228.092
126,08.09 07:00,260.068
126,08.09 08:00,261.265
126,08.09 09:00,272.617
126,08.09 10:00,267.937
126,08.09 11:00,274.662
126,08.09 12:00,291.787
126,08.09 13:00,304.027
126,08.09 14:00,302.766
126,08.09 15:00,302.869
126,08.09 16:00,308.163
126,08.09 17:00,298.382
126,08.09 18:00,297.351
126,08.09 19:00,287.759
126,08.09 20:00,310.328
126,08.09 21:00,339.426
126,08.09 22:00,325.086
126,08.09 23:00,321.671
126,09.09 00:00,301.403
126,09.09 01:00,281.033
126,09.09 02:00,252.456
126,09.09 03:00,238.792
126,09.09 04:00,233.159
126,09.09 05:00,222.273
126,09.09 06:00,218.821
126,09.09 07:00,251.789
126,09.09 08:00,277.549
126,09.09 09:00,272.547
126,09.09 10:00,291.727
126,09.09 11:00,318.532
126,09.09 12:00,304.915
126,09.09 13:00,303.788
126,09.09 14:00,295.717
126,09.09 15:00,299.265
126,09.09 16:00,286.298
126,09.09 17:00,313.556
126,09.09 18:00,273.819
126,09.09 19:00,279.836
126,09.09 20:00,273.618
126,09.09 21:00,287.185
126,09.09 22:00,294.371
126,09.09 23:00,280.259
126,10.09 00:00,276.179
126,10.09 01:00,256.442
126,10.09 02:00,248.08
126,10.09 03:00,238.937
126,10.09 04:00,226.407
126,10.09 05:00,221.241
126,10.09 06:00,217.339
126,10.09 07:00,216.241
126,10.09 08:00,211.654
126,10.09 09:00,210.279
126,10.09 10:00,230.0
126,10.09 11:00,252.486
126,10.09 12:00,272.205
126,10.09 13:00,307.16
126,10.09 14:00,333.331
126,10.09 15:00,317.734
126,10.09 16:00,317.658
126,10.09 17:00,328.25
126,10.09 18:00,307.973
126,10.09 19:00,279.691
126,10.09 20:00,263.49
126,10.09 21:00,258.732
126,10.09 22:00,267.293
126,10.09 23:00,279.898
126,11.09 00:00,276.389
126,11.09 01:00,259.725
126,11.09 02:00,249.408
126,11.09 03:00,239.128
126,11.09 04:00,230.964
126,11.09 05:00,221.611
126,11.09 06:00,216.501
126,11.09 07:00,214.063
126,11.09 08:00,210.897
126,11.09 09:00,206.648
126,11.09 10:00,215.278
126,11.09 11:00,248.22
126,11.09 12:00,325.865
126,11.09 13:00,299.117
126,11.09 14:00,315.323
126,11.09 15:00,345.818
126,11.09 16:00,343.68
126,11.09 17:00,346.896
126,11.09 18:00,337.015
126,11.09 19:00,340.567
126,11.09 20:00,296.728
126,11.09 21:00,315.516
126,11.09 22:00,326.037
126,11.09 23:00,334.906
126,12.09 00:00,305.858
126,12.09 01:00,295.344
126,12.09 02:00,256.776
126,12.09 03:00,233.85
126,12.09 04:00,221.268
126,12.09 05:00,218.807
126,12.09 06:00,216.781
126,12.09 07:00,247.469
126,12.09 08:00,259.067
126,12.09 09:00,258.77
126,12.09 10:00,265.174
126,12.09 11:00,265.58
126,12.09 12:00,275.438
126,12.09 13:00,281.264
126,12.09 14:00,289.19
126,12.09 15:00,304.001
126,12.09 16:00,312.206
126,12.09 17:00,317.085
126,12.09 18:00,330.844
126,12.09 19:00,321.459
126,12.09 20:00,347.026
126,12.09 21:00,363.135
126,12.09 22:00,336.46
126,12.09 23:00,322.157
126,13.09 00:00,293.28
126,13.09 01:00,271.643
126,13.09 02:00,253.094
126,13.09 03:00,235.33
126,13.09 04:00,225.84
126,13.09 05:00,222.14
126,13.09 06:00,218.215
126,13.09 07:00,254.116
126,13.09 08:00,250.418
126,13.09 09:00,273.034
126,13.09 10:00,268.487
126,13.09 11:00,267.313
126,13.09 12:00,288.631
126,13.09 13:00,306.38
126,13.09 14:00,306.12
126,13.09 15:00,297.185
126,13.09 16:00,290.882
126,13.09 17:00,290.541
126,13.09 18:00,295.689
126,13.09 19:00,300.181
126,13.09 20:00,309.216
126,13.09 21:00,330.867
126,13.09 22:00,319.076
126,13.09 23:00,308.5
126,14.09 00:00,302.811
126,14.09 01:00,270.093
126,14.09 02:00,252.178
126,14.09 03:00,245.547
126,14.09 04:00,232.379
126,14.09 05:00,223.669
126,14.09 06:00,223.503
126,14.09 07:00,262.85
126,14.09 08:00,268.319
126,14.09 09:00,263.001
126,14.09 10:00,268.853
126,14.09 11:00,292.76
126,14.09 12:00,291.976
126,14.09 13:00,304.997
126,14.09 14:00,305.818
126,14.09 15:00,322.726
126,14.09 16:00,315.54
126,14.09 17:00,297.707
126,14.09 18:00,300.98
126,14.09 19:00,286.496
126,14.09 20:00,312.438
126,14.09 21:00,322.253
126,14.09 22:00,327.162
126,14.09 23:00,297.435
126,15.09 00:00,295.727
126,15.09 01:00,276.026
126,15.09 02:00,247.512
126,15.09 03:00,231.385
126,15.09 04:00,221.655
126,15.09 05:00,216.262
126,15.09 06:00,216.415
126,15.09 07:00,247.856
126,15.09 08:00,252.574
126,15.09 09:00,259.826
126,15.09 10:00,265.618
126,15.09 11:00,292.756
126,15.09 12:00,332.69
126,15.09 13:00,315.316
126,15.09 14:00,295.14
126,15.09 15:00,319.971
126,15.09 16:00,290.191
126,15.09 17:00,303.341
126,15.09 18:00,306.467
126,15.09 19:00,312.35
126,15.09 20:00,323.232
126,15.09 21:00,344.05
126,15.09 22:00,333.018
126,15.09 23:00,317.722
126,16.09 00:00,303.509
126,16.09 01:00,278.278
126,16.09 02:00,259.966
126,16.09 03:00,241.509
126,16.09 04:00,234.279
126,16.09 05:00,221.312
126,16.09 06:00,223.271
126,16.09 07:00,255.312
126,16.09 08:00,264.707
126,16.09 09:00,265.282
126,16.09 10:00,281.232
126,16.09 11:00,302.51
126,16.09 12:00,308.144
126,16.09 13:00,318.749
126,16.09 14:00,313.777
126,16.09 15:00,305.371
126,16.09 16:00,296.486
126,16.09 17:00,297.675
126,16.09 18:00,281.363
126,16.09 19:00,260.185
126,16.09 20:00,263.675
126,16.09 21:00,284.811
126,16.09 22:00,288.798
126,16.09 23:00,270.491
126,17.09 00:00,262.769
126,17.09 01:00,264.571
126,17.09 02:00,245.124
126,17.09 03:00,244.79
126,17.09 04:00,232.677
126,17.09 05:00,221.555
126,17.09 06:00,216.914
126,17.09 07:00,218.61
126,17.09 08:00,227.598
126,17.09 09:00,232.794
126,17.09 10:00,233.498
126,17.09 11:00,253.102
126,17.09 12:00,272.077
126,17.09 13:00,307.45
126,17.09 14:00,313.958
126,17.09 15:00,324.733
126,17.09 16:00,311.526
126,17.09 17:00,313.253
126,17.09 18:00,321.472
126,17.09 19:00,325.801
126,17.09 20:00,319.251
126,17.09 21:00,290.687
126,17.09 22:00,291.935
126,17.09 23:00,288.28
126,18.09 00:00,268.003
126,18.09 01:00,259.77
126,18.09 02:00,257.723
126,18.09 03:00,239.797
126,18.09 04:00,232.143
126,18.09 05:00,222.835
126,18.09 06:00,220.414
126,18.09 07:00,216.989
126,18.09 08:00,213.694
126,18.09 09:00,207.924
126,18.09 10:00,221.418
126,18.09 11:00,248.975
126,18.09 12:00,306.694
126,18.09 13:00,315.831
126,18.09 14:00,317.147
126,18.09 15:00,337.407
126,18.09 16:00,320.217
126,18.09 17:00,327.518
126,18.09 18:00,326.468
126,18.09 19:00,366.801
126,18.09 20:00,353.788
126,18.09 21:00,357.314
126,18.09 22:00,359.344
126,18.09 23:00,339.522
126,19.09 00:00,322.233
126,19.09 01:00,280.102
126,19.09 02:00,263.472
126,19.09 03:00,238.977
126,19.09 04:00,229.777
126,19.09 05:00,223.679
126,19.09 06:00,227.44
126,19.09 07:00,260.623
126,19.09 08:00,270.107
126,19.09 09:00,265.549
126,19.09 10:00,272.268
126,19.09 11:00,276.395
126,19.09 12:00,287.703
126,19.09 13:00,302.32
126,19.09 14:00,305.335
126,19.09 15:00,313.911
126,19.09 16:00,312.847
126,19.09 17:00,346.135
126,19.09 18:00,317.444
126,19.09 19:00,315.982
126,19.09 20:00,334.919
126,19.09 21:00,345.286
126,19.09 22:00,324.806
126,19.09 23:00,311.036
126,20.09 00:00,296.948
126,20.09 01:00,283.733
126,20.09 02:00,261.141
126,20.09 03:00,238.932
126,20.09 04:00,229.93
126,20.09 05:00,223.914
126,20.09 06:00,224.389
126,20.09 07:00,258.019
126,20.09 08:00,258.313
126,20.09 09:00,265.092
126,20.09 10:00,273.032
126,20.09 11:00,290.363
126,20.09 12:00,305.218
126,20.09 13:00,310.783
126,20.09 14:00,330.009
126,20.09 15:00,318.17
126,20.09 16:00,324.481
126,20.09 17:00,313.732
126,20.09 18:00,308.315
126,20.09 19:00,321.889
126,20.09 20:00,323.042
126,20.09 21:00,344.696
126,20.09 22:00,339.541
126,20.09 23:00,327.713
126,21.09 00:00,305.412
126,21.09 01:00,282.506
126,21.09 02:00,260.426
126,21.09 03:00,246.195
126,21.09 04:00,230.012
126,21.09 05:00,224.75
126,21.09 06:00,227.026
126,21.09 07:00,271.01
126,21.09 08:00,270.846
126,21.09 09:00,265.341
126,21.09 10:00,292.014
126,21.09 11:00,306.057
126,21.09 12:00,308.101
126,21.09 13:00,304.971
126,21.09 14:00,305.313
126,21.09 15:00,312.37
126,21.09 16:00,303.513
126,21.09 17:00,300.815
126,21.09 18:00,299.387
126,21.09 19:00,289.27
126,21.09 20:00,313.117
126,21.09 21:00,347.622
126,21.09 22:00,327.928
126,21.09 23:00,316.75
126,22.09 00:00,296.936
126,22.09 01:00,283.986
126,22.09 02:00,265.824
126,22.09 03:00,245.376
126,22.09 04:00,232.967
126,22.09 05:00,225.143
126,22.09 06:00,227.261
126,22.09 07:00,282.013
126,22.09 08:00,273.452
126,22.09 09:00,265.958
126,22.09 10:00,289.559
126,22.09 11:00,296.613
126,22.09 12:00,295.544
126,22.09 13:00,296.894
126,22.09 14:00,301.863
126,22.09 15:00,311.771
126,22.09 16:00,316.907
126,22.09 17:00,298.494
126,22.09 18:00,318.972
126,22.09 19:00,304.679
126,22.09 20:00,323.812
126,22.09 21:00,330.004
126,22.09 22:00,327.078
126,22.09 23:00,319.322
126,23.09 00:00,293.319
126,23.09 01:00,282.39
126,23.09 02:00,255.484
126,23.09 03:00,241.883
126,23.09 04:00,231.54
126,23.09 05:00,221.939
126,23.09 06:00,218.094
126,23.09 07:00,262.367
126,23.09 08:00,264.137
126,23.09 09:00,268.071
126,23.09 10:00,297.859
126,23.09 11:00,297.976
126,23.09 12:00,331.02
126,23.09 13:00,324.462
126,23.09 14:00,332.288
126,23.09 15:00,327.11
126,23.09 16:00,289.62
126,23.09 17:00,281.209
126,23.09 18:00,282.101
126,23.09 19:00,292.276
126,23.09 20:00,271.426
126,23.09 21:00,278.482
126,23.09 22:00,274.259
126,23.09 23:00,271.09
126,24.09 00:00,268.938
126,24.09 01:00,273.742
126,24.09 02:00,269.093
126,24.09 03:00,243.053
126,24.09 04:00,241.03
126,24.09 05:00,230.809
126,24.09 06:00,228.724
126,24.09 07:00,229.132
126,24.09 08:00,227.935
126,24.09 09:00,219.028
126,24.09 10:00,216.345
126,24.09 11:00,251.756
126,24.09 12:00,286.555
126,24.09 13:00,298.755
126,24.09 14:00,294.975
126,24.09 15:00,308.194
126,24.09 16:00,313.244
126,24.09 17:00,304.727
126,24.09 18:00,296.214
126,24.09 19:00,299.6
126,24.09 20:00,310.72
126,24.09 21:00,278.367
126,24.09 22:00,289.436
126,24.09 23:00,278.936
126,25.09 00:00,296.94
126,25.09 01:00,262.95
126,25.09 02:00,253.788
126,25.09 03:00,237.912
126,25.09 04:00,227.531
126,25.09 05:00,223.215
126,25.09 06:00,221.7
126,25.09 07:00,218.494
126,25.09 08:00,216.699
126,25.09 09:00,206.737
126,25.09 10:00,217.029
126,25.09 11:00,245.62
126,25.09 12:00,281.173
126,25.09 13:00,297.831
126,25.09 14:00,339.524
126,25.09 15:00,345.163
126,25.09 16:00,315.462
126,25.09 17:00,336.858
126,25.09 18:00,329.252
126,25.09 19:00,335.716
126,25.09 20:00,318.933
126,25.09 21:00,337.358
126,25.09 22:00,339.688
126,25.09 23:00,325.826
126,26.09 00:00,296.849
126,26.09 01:00,272.985
126,26.09 02:00,251.698
126,26.09 03:00,233.614
126,26.09 04:00,217.988
126,26.09 05:00,213.345
126,26.09 06:00,218.657
126,26.09 07:00,246.614
126,26.09 08:00,259.764
126,26.09 09:00,254.931
126,26.09 10:00,268.869
126,26.09 11:00,269.352
126,26.09 12:00,287.446
126,26.09 13:00,289.211
126,26.09 14:00,280.735
126,26.09 15:00,292.599
126,26.09 16:00,310.903
126,26.09 17:00,299.87
126,26.09 18:00,310.145
126,26.09 19:00,313.458
126,26.09 20:00,327.427
126,26.09 21:00,333.032
126,26.09 22:00,317.633
126,26.09 23:00,307.76
126,27.09 00:00,292.893
126,27.09 01:00,274.502
126,27.09 02:00,248.773
126,27.09 03:00,226.736
126,27.09 04:00,214.074
126,27.09 05:00,212.83
126,27.09 06:00,211.591
126,27.09 07:00,263.82
126,27.09 08:00,263.623
126,27.09 09:00,246.494
126,27.09 10:00,279.007
126,27.09 11:00,275.533
126,27.09 12:00,296.483
126,27.09 13:00,315.501
126,27.09 14:00,331.174
126,27.09 15:00,290.965
126,27.09 16:00,299.296
126,27.09 17:00,301.872
126,27.09 18:00,285.805
126,27.09 19:00,291.655
126,27.09 20:00,309.141
126,27.09 21:00,313.252
126,27.09 22:00,312.45
126,27.09 23:00,299.622
126,28.09 00:00,295.819
126,28.09 01:00,266.534
126,28.09 02:00,235.724
126,28.09 03:00,220.113
126,28.09 04:00,214.892
126,28.09 05:00,210.353
126,28.09 06:00,210.976
126,28.09 07:00,260.261
126,28.09 08:00,261.644
126,28.09 09:00,273.637
126,28.09 10:00,287.318
126,28.09 11:00,275.616
126,28.09 12:00,271.842
126,28.09 13:00,269.659
126,28.09 14:00,274.059
126,28.09 15:00,290.832
126,28.09 16:00,303.774
126,28.09 17:00,304.134
126,28.09 18:00,307.877
126,28.09 19:00,296.051
126,28.09 20:00,317.02
126,28.09 21:00,328.341
126,28.09 22:00,324.041
126,28.09 23:00,299.405
126,29.09 00:00,297.971
126,29.09 01:00,265.68
126,29.09 02:00,249.914
126,29.09 03:00,223.127
126,29.09 04:00,219.27
126,29.09 05:00,211.238
126,29.09 06:00,215.719
126,29.09 07:00,239.985
126,29.09 08:00,246.169
126,29.09 09:00,245.699
126,29.09 10:00,259.72
126,29.09 11:00,270.402
126,29.09 12:00,288.569
126,29.09 13:00,281.49
126,29.09 14:00,292.428
126,29.09 15:00,309.48
126,29.09 16:00,292.606
126,29.09 17:00,282.633
126,29.09 18:00,279.117
126,29.09 19:00,299.678
126,29.09 20:00,316.329
126,29.09 21:00,326.364
126,29.09 22:00,304.133
126,29.09 23:00,305.764
126,30.09 00:00,275.114
126,30.09 01:00,263.059
126,30.09 02:00,248.844
126,30.09 03:00,238.921
126,30.09 04:00,224.945
126,30.09 05:00,211.205
126,30.09 06:00,213.252
126,30.09 07:00,241.417
126,30.09 08:00,248.156
126,30.09 09:00,266.693
126,30.09 10:00,272.041
126,30.09 11:00,287.983
126,30.09 12:00,274.915
126,30.09 13:00,293.353
126,30.09 14:00,317.101
126,30.09 15:00,291.068
126,30.09 16:00,270.795
126,30.09 17:00,261.072
126,30.09 18:00,239.684
126,30.09 19:00,241.92
126,30.09 20:00,245.919
126,30.09 21:00,258.83
126,30.09 22:00,266.623
126,30.09 23:00,244.393
