133,01.03 00:00,34.884
133,01.03 01:00,33.856
133,01.03 02:00,33.99
133,01.03 03:00,32.961
133,01.03 04:00,33.145
133,01.03 05:00,33.94
133,01.03 06:00,34.123
133,01.03 07:00,36.094
133,01.03 08:00,35.899
133,01.03 09:00,33.871
133,01.03 10:00,35.025
133,01.03 11:00,34.005
133,01.03 12:00,34.055
133,01.03 13:00,35.051
133,01.03 14:00,34.025
133,01.03 15:00,34.128
133,01.03 16:00,36.056
133,01.03 17:00,34.142
133,01.03 18:00,32.091
133,01.03 19:00,32.983
133,01.03 20:00,37.009
133,01.03 21:00,35.825
133,01.03 22:00,35.041
133,01.03 23:00,35.047
133,02.03 00:00,34.975
133,02.03 01:00,32.993
133,02.03 02:00,34.15
133,02.03 03:00,32.853
133,02.03 04:00,33.963
133,02.03 05:00,33.067
133,02.03 06:00,36.059
133,02.03 07:00,36.954
133,02.03 08:00,35.059
133,02.03 09:00,36.085
133,02.03 10:00,35.103
133,02.03 11:00,33.955
133,02.03 12:00,33.851
133,02.03 13:00,35.108
133,02.03 14:00,34.95
133,02.03 15:00,33.072
133,02.03 16:00,35.035
133,02.03 17:00,34.975
133,02.03 18:00,33.063
133,02.03 19:00,33.003
133,02.03 20:00,37.05
133,02.03 21:00,36.956
133,02.03 22:00,37.106
133,02.03 23:00,34.883
133,03.03 00:00,34.99
133,03.03 01:00,33.989
133,03.03 02:00,32.931
133,03.03 03:00,33.885
133,03.03 04:00,35.092
133,03.03 05:00,34.087
133,03.03 06:00,35.125
133,03.03 07:00,36.144
133,03.03 08:00,34.148
133,03.03 09:00,34.861
133,03.03 10:00,34.446
133,03.03 11:00,33.851
133,03.03 12:00,34.903
133,03.03 13:00,34.027
133,03.03 14:00,33.919
133,03.03 15:00,33.016
133,03.03 16:00,34.973
133,03.03 17:00,31.939
133,03.03 18:00,29.019
133,03.03 19:00,29.921
133,03.03 20:00,33.883
133,03.03 21:00,32.081
133,03.03 22:00,33.079
133,03.03 23:00,34.06
133,04.03 00:00,34.188
133,04.03 01:00,33.084
133,04.03 02:00,32.13
133,04.03 03:00,33.114
133,04.03 04:00,31.884
133,04.03 05:00,33.957
133,04.03 06:00,33.133
133,04.03 07:00,34.946
133,04.03 08:00,31.104
133,04.03 09:00,32.123
133,04.03 10:00,33.861
133,04.03 11:00,34.114
133,04.03 12:00,32.219
133,04.03 13:00,30.66
133,04.03 14:00,32.865
133,04.03 15:00,31.915
133,04.03 16:00,34.156
133,04.03 17:00,32.157
133,04.03 18:00,28.866
133,04.03 19:00,29.945
133,04.03 20:00,33.887
133,04.03 21:00,32.876
133,04.03 22:00,33.993
133,04.03 23:00,34.884
133,05.03 00:00,33.075
133,05.03 01:00,35.175
133,05.03 02:00,33.882
133,05.03 03:00,33.889
133,05.03 04:00,34.142
133,05.03 05:00,32.86
133,05.03 06:00,33.034
133,05.03 07:00,34.003
133,05.03 08:00,31.129
133,05.03 09:00,32.878
133,05.03 10:00,33.955
133,05.03 11:00,34.018
133,05.03 12:00,33.834
133,05.03 13:00,32.846
133,05.03 14:00,32.964
133,05.03 15:00,33.03
133,05.03 16:00,32.947
133,05.03 17:00,33.063
133,05.03 18:00,33.156
133,05.03 19:00,33.125
133,05.03 20:00,32.152
133,05.03 21:00,33.006
133,05.03 22:00,33.072
133,05.03 23:00,34.964
133,06.03 00:00,32.899
133,06.03 01:00,32.091
133,06.03 02:00,32.805
133,06.03 03:00,32.897
133,06.03 04:00,34.961
133,06.03 05:00,32.128
133,06.03 06:00,31.879
133,06.03 07:00,33.035
133,06.03 08:00,30.849
133,06.03 09:00,28.869
133,06.03 10:00,27.99
133,06.03 11:00,30.942
133,06.03 12:00,28.926
133,06.03 13:00,29.86
133,06.03 14:00,29.11
133,06.03 15:00,30.112
133,06.03 16:00,28.906
133,06.03 17:00,27.011
133,06.03 18:00,28.974
133,06.03 19:00,29.878
133,06.03 20:00,33.065
133,06.03 21:00,33.054
133,06.03 22:00,34.073
133,06.03 23:00,34.163
133,07.03 00:00,33.032
133,07.03 01:00,32.157
133,07.03 02:00,30.916
133,07.03 03:00,32.136
133,07.03 04:00,32.016
133,07.03 05:00,32.937
133,07.03 06:00,33.143
133,07.03 07:00,32.967
133,07.03 08:00,36.102
133,07.03 09:00,34.124
133,07.03 10:00,33.942
133,07.03 11:00,35.835
133,07.03 12:00,35.031
133,07.03 13:00,33.933
133,07.03 14:00,35.134
133,07.03 15:00,34.068
133,07.03 16:00,33.921
133,07.03 17:00,33.574
133,07.03 18:00,29.938
133,07.03 19:00,34.882
133,07.03 20:00,34.034
133,07.03 21:00,32.852
133,07.03 22:00,33.114
133,07.03 23:00,36.062
133,08.03 00:00,35.146
133,08.03 01:00,33.935
133,08.03 02:00,35.071
133,08.03 03:00,34.87
133,08.03 04:00,33.92
133,08.03 05:00,35.084
133,08.03 06:00,34.922
133,08.03 07:00,37.131
133,08.03 08:00,35.984
133,08.03 09:00,34.025
133,08.03 10:00,33.921
133,08.03 11:00,33.075
133,08.03 12:00,34.926
133,08.03 13:00,35.149
133,08.03 14:00,33.96
133,08.03 15:00,34.094
133,08.03 16:00,32.935
133,08.03 17:00,32.907
133,08.03 18:00,30.977
133,08.03 19:00,33.018
133,08.03 20:00,34.885
133,08.03 21:00,34.079
133,08.03 22:00,34.919
133,08.03 23:00,36.075
133,09.03 00:00,35.969
133,09.03 01:00,33.926
133,09.03 02:00,35.068
133,09.03 03:00,35.14
133,09.03 04:00,37.024
133,09.03 05:00,36.008
133,09.03 06:00,34.925
133,09.03 07:00,35.083
133,09.03 08:00,35.079
133,09.03 09:00,35.873
133,09.03 10:00,36.02
133,09.03 11:00,34.836
133,09.03 12:00,36.91
133,09.03 13:00,36.076
133,09.03 14:00,37.156
133,09.03 15:00,35.092
133,09.03 16:00,34.032
133,09.03 17:00,34.156
133,09.03 18:00,31.014
133,09.03 19:00,32.079
133,09.03 20:00,36.002
133,09.03 21:00,35.976
133,09.03 22:00,36.138
133,09.03 23:00,35.99
133,10.03 00:00,37.182
133,10.03 01:00,35.996
133,10.03 02:00,36.098
133,10.03 03:00,35.907
133,10.03 04:00,37.022
133,10.03 05:00,36.035
133,10.03 06:00,34.826
133,10.03 07:00,37.104
133,10.03 08:00,32.952
133,10.03 09:00,35.033
133,10.03 10:00,34.032
133,10.03 11:00,35.961
133,10.03 12:00,37.055
133,10.03 13:00,35.035
133,10.03 14:00,36.04
133,10.03 15:00,34.886
133,10.03 16:00,33.951
133,10.03 17:00,31.926
133,10.03 18:00,32.028
133,10.03 19:00,32.84
133,10.03 20:00,34.125
133,10.03 21:00,33.853
133,10.03 22:00,34.0
133,10.03 23:00,34.953
133,11.03 00:00,35.026
133,11.03 01:00,34.92
133,11.03 02:00,35.99
133,11.03 03:00,33.864
133,11.03 04:00,34.084
133,11.03 05:00,36.12
133,11.03 06:00,34.982
133,11.03 07:00,35.867
133,11.03 08:00,33.16
133,11.03 09:00,33.035
133,11.03 10:00,33.878
133,11.03 11:00,34.12
133,11.03 12:00,33.904
133,11.03 13:00,34.968
133,11.03 14:00,35.025
133,11.03 15:00,35.147
133,11.03 16:00,35.112
133,11.03 17:00,32.05
133,11.03 18:00,29.985
133,11.03 19:00,31.993
133,11.03 20:00,36.157
133,11.03 21:00,36.931
133,11.03 22:00,35.964
133,11.03 23:00,36.118
133,12.03 00:00,34.896
133,12.03 01:00,33.889
133,12.03 02:00,33.961
133,12.03 03:00,33.13
133,12.03 04:00,35.924
133,12.03 05:00,34.829
133,12.03 06:00,34.974
133,12.03 07:00,36.14
133,12.03 08:00,30.908
133,12.03 09:00,29.112
133,12.03 10:00,30.996
133,12.03 11:00,30.147
133,12.03 12:00,29.864
133,12.03 13:00,30.927
133,12.03 14:00,30.005
133,12.03 15:00,30.051
133,12.03 16:00,29.875
133,12.03 17:00,31.088
133,12.03 18:00,32.0
133,12.03 19:00,31.102
133,12.03 20:00,32.91
133,12.03 21:00,32.85
133,12.03 22:00,33.01
133,12.03 23:00,33.122
133,13.03 00:00,34.041
133,13.03 01:00,32.978
133,13.03 02:00,32.912
133,13.03 04:00,35.044
133,13.03 05:00,33.003
133,13.03 06:00,32.906
133,13.03 07:00,35.028
133,13.03 08:00,33.032
133,13.03 09:00,30.031
133,13.03 10:00,31.113
133,13.03 11:00,29.981
133,13.03 12:00,30.049
133,13.03 13:00,29.069
133,13.03 14:00,28.913
133,13.03 15:00,31.955
133,13.03 16:00,31.113
133,13.03 17:00,30.113
133,13.03 18:00,30.85
133,13.03 19:00,30.123
133,13.03 20:00,26.963
133,13.03 21:00,30.988
133,13.03 22:00,31.941
133,13.03 23:00,32.874
133,14.03 00:00,30.97
133,14.03 01:00,32.113
133,14.03 02:00,30.851
133,14.03 03:00,31.895
133,14.03 04:00,33.126
133,14.03 05:00,33.133
133,14.03 06:00,33.109
133,14.03 07:00,34.129
133,14.03 08:00,35.057
133,14.03 09:00,33.9
133,14.03 10:00,33.105
133,14.03 11:00,31.961
133,14.03 12:00,33.842
133,14.03 13:00,31.967
133,14.03 14:00,32.93
133,14.03 15:00,30.856
133,14.03 16:00,32.079
133,14.03 17:00,31.035
133,14.03 18:00,29.081
133,14.03 19:00,28.073
133,14.03 20:00,31.027
133,14.03 21:00,35.164
133,14.03 22:00,35.068
133,14.03 23:00,35.829
133,15.03 00:00,36.131
133,15.03 01:00,34.984
133,15.03 02:00,34.961
133,15.03 03:00,36.047
133,15.03 04:00,36.015
133,15.03 05:00,35.173
133,15.03 06:00,34.917
133,15.03 07:00,36.037
133,15.03 08:00,36.843
133,15.03 09:00,33.049
133,15.03 10:00,32.93
133,15.03 11:00,32.986
133,15.03 12:00,32.838
133,15.03 13:00,33.985
133,15.03 14:00,31.977
133,15.03 15:00,35.033
133,15.03 16:00,34.128
133,15.03 17:00,32.123
133,15.03 18:00,29.958
133,15.03 19:00,30.987
133,15.03 20:00,30.968
133,15.03 21:00,35.837
133,15.03 22:00,34.924
133,15.03 23:00,34.848
133,16.03 00:00,35.035
133,16.03 01:00,34.107
133,16.03 02:00,33.871
133,16.03 03:00,35.482
133,16.03 04:00,35.03
133,16.03 05:00,34.887
133,16.03 06:00,37.066
133,16.03 07:00,37.965
133,16.03 08:00,36.175
133,16.03 09:00,32.927
133,16.03 10:00,34.066
133,16.03 11:00,32.921
133,16.03 12:00,32.881
133,16.03 13:00,31.969
133,16.03 14:00,32.067
133,16.03 15:00,33.887
133,16.03 16:00,31.98
133,16.03 17:00,30.991
133,16.03 18:00,29.98
133,16.03 19:00,29.95
133,16.03 20:00,31.021
133,16.03 21:00,35.984
133,16.03 22:00,36.852
133,16.03 23:00,35.165
133,17.03 00:00,37.039
133,17.03 01:00,35.871
133,17.03 02:00,35.101
133,17.03 03:00,34.934
133,17.03 04:00,36.132
133,17.03 05:00,35.154
133,17.03 06:00,34.014
133,17.03 07:00,36.928
133,17.03 08:00,36.868
133,17.03 09:00,33.86
133,17.03 10:00,32.867
133,17.03 11:00,32.9
133,17.03 12:00,32.068
133,17.03 13:00,31.535
133,17.03 14:00,33.995
133,17.03 15:00,32.87
133,17.03 16:00,31.98
133,17.03 17:00,31.003
133,17.03 18:00,29.014
133,17.03 19:00,30.888
133,17.03 20:00,31.05
133,17.03 21:00,37.173
133,17.03 22:00,36.092
133,17.03 23:00,35.045
133,18.03 00:00,35.946
133,18.03 01:00,34.853
133,18.03 02:00,34.274
133,18.03 03:00,33.929
133,18.03 04:00,34.061
133,18.03 05:00,36.071
133,18.03 06:00,35.078
133,18.03 07:00,35.898
133,18.03 08:00,36.13
133,18.03 09:00,32.911
133,18.03 10:00,32.923
133,18.03 11:00,34.071
133,18.03 12:00,32.038
133,18.03 13:00,31.885
133,18.03 14:00,32.144
133,18.03 15:00,32.098
133,18.03 16:00,32.06
133,18.03 17:00,30.863
133,18.03 18:00,30.099
133,18.03 19:00,28.979
133,18.03 20:00,33.951
133,18.03 21:00,33.862
133,18.03 22:00,34.889
133,18.03 23:00,35.908
133,19.03 00:00,35.974
133,19.03 01:00,36.938
133,19.03 02:00,34.869
133,19.03 03:00,34.165
133,19.03 04:00,36.169
133,19.03 05:00,36.851
133,19.03 06:00,34.166
133,19.03 07:00,35.843
133,19.03 08:00,32.933
133,19.03 09:00,27.983
133,19.03 10:00,28.893
133,19.03 11:00,30.028
133,19.03 12:00,29.043
133,19.03 13:00,28.968
133,19.03 14:00,28.994
133,19.03 15:00,28.901
133,19.03 16:00,30.069
133,19.03 17:00,29.126
133,19.03 18:00,29.145
133,19.03 19:00,28.12
133,19.03 20:00,31.152
133,19.03 21:00,32.887
133,19.03 22:00,33.042
133,19.03 23:00,34.925
133,20.03 00:00,34.932
133,20.03 01:00,32.921
133,20.03 02:00,35.156
133,20.03 03:00,33.121
133,20.03 04:00,33.102
133,20.03 05:00,33.872
133,20.03 06:00,31.866
133,20.03 07:00,33.879
133,20.03 08:00,33.14
133,20.03 09:00,27.887
133,20.03 10:00,29.999
133,20.03 11:00,29.063
133,20.03 12:00,29.95
133,20.03 13:00,29.921
133,20.03 14:00,29.067
133,20.03 15:00,29.061
133,20.03 16:00,30.125
133,20.03 17:00,29.996
133,20.03 18:00,29.128
133,20.03 19:00,30.116
133,20.03 20:00,29.011
133,20.03 21:00,33.943
133,20.03 22:00,33.861
133,20.03 23:00,32.979
133,21.03 00:00,34.158
133,21.03 01:00,34.131
133,21.03 02:00,34.906
133,21.03 03:00,33.889
133,21.03 04:00,34.037
133,21.03 05:00,34.846
133,21.03 06:00,34.058
133,21.03 07:00,36.025
133,21.03 08:00,37.013
133,21.03 09:00,34.127
133,21.03 10:00,34.942
133,21.03 11:00,35.874
133,21.03 12:00,36.077
133,21.03 13:00,34.094
133,21.03 14:00,35.921
133,21.03 15:00,34.916
133,21.03 16:00,34.862
133,21.03 17:00,34.891
133,21.03 18:00,33.045
133,21.03 19:00,30.974
133,21.03 20:00,30.909
133,21.03 21:00,35.889
133,21.03 22:00,33.868
133,21.03 23:00,34.881
133,22.03 00:00,34.018
133,22.03 01:00,35.021
133,22.03 02:00,34.916
133,22.03 03:00,33.986
133,22.03 04:00,35.169
133,22.03 05:00,35.932
133,22.03 06:00,35.917
133,22.03 07:00,36.844
133,22.03 08:00,39.125
133,22.03 09:00,30.929
133,22.03 10:00,31.989
133,22.03 11:00,33.113
133,22.03 12:00,34.109
133,22.03 13:00,32.877
133,22.03 14:00,32.927
133,22.03 15:00,34.168
133,22.03 16:00,33.109
133,22.03 17:00,32.03
133,22.03 18:00,30.901
133,22.03 19:00,29.953
133,22.03 20:00,30.042
133,22.03 21:00,35.142
133,22.03 22:00,35.959
133,22.03 23:00,34.14
133,23.03 00:00,33.995
133,23.03 01:00,34.029
133,23.03 02:00,33.154
133,23.03 03:00,34.122
133,23.03 04:00,33.154
133,23.03 05:00,33.996
133,23.03 06:00,34.054
133,23.03 07:00,33.842
133,23.03 08:00,36.978
133,23.03 09:00,33.113
133,23.03 10:00,33.94
133,23.03 11:00,35.114
133,23.03 12:00,34.06
133,23.03 13:00,34.859
133,23.03 14:00,35.067
133,23.03 15:00,34.047
133,23.03 16:00,34.029
133,23.03 17:00,31.864
133,23.03 18:00,31.144
133,23.03 19:00,28.916
133,23.03 20:00,30.863
133,23.03 21:00,37.699
133,23.03 22:00,31.861
133,23.03 23:00,32.951
133,24.03 00:00,33.835
133,24.03 01:00,34.162
133,24.03 02:00,33.044
133,24.03 03:00,34.129
133,24.03 04:00,34.934
133,24.03 05:00,32.889
133,24.03 06:00,33.907
133,24.03 07:00,33.863
133,24.03 08:00,35.975
133,24.03 09:00,32.147
133,24.03 10:00,31.916
133,24.03 11:00,33.06
133,24.03 12:00,33.885
133,24.03 13:00,32.006
133,24.03 14:00,32.123
133,24.03 15:00,34.091
133,24.03 16:00,33.158
133,24.03 17:00,31.123
133,24.03 18:00,29.038
133,24.03 19:00,28.901
133,24.03 20:00,31.01
133,24.03 21:00,32.958
133,24.03 22:00,33.843
133,24.03 23:00,34.111
133,25.03 00:00,31.965
133,25.03 01:00,30.988
133,25.03 02:00,31.883
133,25.03 03:00,31.96
133,25.03 04:00,32.008
133,25.03 05:00,31.933
133,25.03 06:00,32.882
133,25.03 07:00,32.932
133,25.03 08:00,33.064
133,25.03 09:00,31.858
133,25.03 10:00,33.156
133,25.03 11:00,32.117
133,25.03 12:00,32.915
133,25.03 13:00,33.056
133,25.03 14:00,33.989
133,25.03 15:00,33.043
133,25.03 16:00,32.071
133,25.03 17:00,29.858
133,25.03 18:00,29.021
133,25.03 19:00,27.974
133,25.03 20:00,31.083
133,25.03 21:00,33.945
133,25.03 22:00,32.931
133,25.03 23:00,33.104
133,26.03 00:00,34.134
133,26.03 01:00,33.922
133,26.03 02:00,30.883
133,26.03 03:00,32.977
133,26.03 04:00,34.119
133,26.03 05:00,32.924
133,26.03 06:00,33.051
133,26.03 07:00,32.847
133,26.03 08:00,33.038
133,26.03 09:00,27.863
133,26.03 10:00,29.036
133,26.03 11:00,29.08
133,26.03 12:00,28.972
133,26.03 13:00,27.924
133,26.03 14:00,26.869
133,26.03 15:00,28.015
133,26.03 16:00,28.971
133,26.03 17:00,28.878
133,26.03 18:00,29.066
133,26.03 19:00,27.893
133,26.03 20:00,29.08
133,26.03 21:00,32.989
133,26.03 22:00,31.916
133,26.03 23:00,32.839
133,27.03 00:00,32.931
133,27.03 01:00,32.043
133,27.03 02:00,32.916
133,27.03 03:00,32.079
133,27.03 04:00,32.028
133,27.03 05:00,31.891
133,27.03 06:00,32.864
133,27.03 07:00,32.861
133,27.03 08:00,32.095
133,27.03 09:00,26.969
133,27.03 10:00,26.903
133,27.03 11:00,26.121
133,27.03 12:00,27.076
133,27.03 13:00,26.888
133,27.03 14:00,26.953
133,27.03 15:00,27.989
133,27.03 16:00,27.106
133,27.03 17:00,27.875
133,27.03 18:00,28.098
133,27.03 19:00,26.981
133,27.03 20:00,28.139
133,27.03 21:00,32.008
133,27.03 22:00,31.137
133,27.03 23:00,32.157
133,28.03 00:00,33.125
133,28.03 01:00,32.028
133,28.03 02:00,32.104
133,28.03 03:00,33.116
133,28.03 04:00,32.09
133,28.03 05:00,30.909
133,28.03 06:00,31.943
133,28.03 07:00,34.876
133,28.03 08:00,33.955
133,28.03 09:00,31.991
133,28.03 10:00,33.483
133,28.03 11:00,33.837
133,28.03 12:00,33.11
133,28.03 13:00,32.001
133,28.03 14:00,32.971
133,28.03 15:00,33.878
133,28.03 16:00,31.943
133,28.03 17:00,29.903
133,28.03 18:00,28.893
133,28.03 19:00,29.082
133,28.03 20:00,29.891
133,28.03 21:00,34.024
133,28.03 22:00,34.063
133,28.03 23:00,34.042
133,29.03 00:00,31.909
133,29.03 01:00,31.949
133,29.03 02:00,31.941
133,29.03 03:00,32.899
133,29.03 04:00,31.891
133,29.03 05:00,34.004
133,29.03 06:00,33.969
133,29.03 07:00,35.992
133,29.03 08:00,37.036
133,29.03 09:00,31.983
133,29.03 10:00,33.033
133,29.03 11:00,35.132
133,29.03 12:00,0.0
133,29.03 13:00,0.0
133,29.03 14:00,33.897
133,29.03 15:00,34.141
133,29.03 16:00,33.018
133,29.03 17:00,32.0
133,29.03 18:00,28.976
133,29.03 19:00,30.034
133,29.03 20:00,30.976
133,29.03 21:00,33.7
133,29.03 22:00,34.11
133,29.03 23:00,32.931
133,30.03 00:00,33.869
133,30.03 01:00,33.921
133,30.03 02:00,0.0
133,30.03 03:00,0.0
133,30.03 04:00,0.0
133,30.03 05:00,0.0
133,30.03 06:00,0.0
133,30.03 07:00,0.0
133,30.03 08:00,0.0
133,30.03 09:00,0.0
133,30.03 11:00,34.913
133,30.03 12:00,35.152
133,30.03 13:00,36.084
133,30.03 14:00,34.133
133,30.03 15:00,34.063
133,30.03 16:00,33.097
133,30.03 17:00,31.997
133,30.03 18:00,30.017
133,30.03 19:00,29.909
133,30.03 20:00,29.949
133,30.03 21:00,33.882
133,30.03 22:00,32.926
133,30.03 23:00,33.924
133,31.03 00:00,35.159
133,31.03 01:00,33.982
133,31.03 02:00,32.851
133,31.03 03:00,32.838
133,31.03 04:00,35.021
133,31.03 05:00,32.952
133,31.03 06:00,31.859
133,31.03 07:00,35.858
133,31.03 08:00,34.845
133,31.03 09:00,34.155
133,31.03 10:00,33.032
133,31.03 11:00,35.024
133,31.03 12:00,34.965
133,31.03 13:00,35.998
133,31.03 14:00,33.872
133,31.03 15:00,33.931
133,31.03 16:00,32.924
133,31.03 17:00,31.862
133,31.03 18:00,31.098
133,31.03 19:00,30.935
133,31.03 20:00,30.876
133,31.03 21:00,33.889
133,31.03 22:00,33.884
133,31.03 23:00,34.1
133,01.04 00:00,34.983
133,01.04 01:00,34.868
133,01.04 02:00,33.974
133,01.04 03:00,32.906
133,01.04 04:00,33.05
133,01.04 05:00,33.947
133,01.04 06:00,36.032
133,01.04 07:00,36.908
133,01.04 08:00,36.822
133,01.04 09:00,34.09
133,01.04 10:00,36.092
133,01.04 11:00,34.06
133,01.04 12:00,35.0
133,01.04 13:00,34.97
133,01.04 14:00,37.16
133,01.04 15:00,35.972
133,01.04 16:00,33.912
133,01.04 17:00,31.09
133,01.04 18:00,31.083
133,01.04 19:00,31.006
133,01.04 20:00,30.869
133,01.04 21:00,35.036
133,01.04 22:00,35.989
133,01.04 23:00,36.905
133,02.04 00:00,35.869
133,02.04 01:00,35.922
133,02.04 02:00,34.999
133,02.04 03:00,36.123
133,02.04 04:00,34.027
133,02.04 05:00,34.108
133,02.04 06:00,33.967
133,02.04 07:00,33.878
133,02.04 08:00,35.101
133,02.04 09:00,31.873
133,02.04 10:00,32.1
133,02.04 11:00,33.087
133,02.04 12:00,30.907
133,02.04 13:00,31.917
133,02.04 14:00,32.954
133,02.04 15:00,31.859
133,02.04 16:00,30.867
133,02.04 17:00,31.853
133,02.04 18:00,32.006
133,02.04 19:00,29.892
133,02.04 20:00,29.055
133,02.04 21:00,32.078
133,02.04 22:00,33.873
133,02.04 23:00,33.052
133,03.04 00:00,33.003
133,03.04 01:00,34.022
133,03.04 02:00,33.028
133,03.04 03:00,35.068
133,03.04 04:00,33.836
133,03.04 05:00,33.918
133,03.04 06:00,35.152
133,03.04 07:00,34.052
133,03.04 08:00,30.876
133,03.04 09:00,28.047
133,03.04 10:00,27.083
133,03.04 11:00,27.049
133,03.04 12:00,29.106
133,03.04 13:00,29.135
133,03.04 14:00,30.074
133,03.04 15:00,27.017
133,03.04 16:00,28.133
133,03.04 17:00,27.88
133,03.04 18:00,27.871
133,03.04 19:00,28.056
133,03.04 20:00,26.868
133,03.04 21:00,32.566
133,03.04 22:00,33.988
133,03.04 23:00,34.103
133,04.04 00:00,34.056
133,04.04 01:00,33.133
133,04.04 02:00,33.165
133,04.04 03:00,31.781
133,04.04 04:00,32.942
133,04.04 05:00,33.105
133,04.04 06:00,33.124
133,04.04 07:00,35.906
133,04.04 08:00,32.873
133,04.04 09:00,31.946
133,04.04 10:00,34.883
133,04.04 11:00,34.037
133,04.04 12:00,33.934
133,04.04 13:00,36.062
133,04.04 14:00,35.036
133,04.04 15:00,33.911
133,04.04 16:00,33.877
133,04.04 17:00,33.127
133,04.04 18:00,31.045
133,04.04 19:00,30.032
133,04.04 20:00,31.09
133,04.04 21:00,35.048
133,04.04 22:00,35.138
133,04.04 23:00,35.082
133,05.04 00:00,36.952
133,05.04 01:00,34.997
133,05.04 02:00,33.932
133,05.04 03:00,33.939
133,05.04 04:00,33.849
133,05.04 05:00,34.045
133,05.04 06:00,32.974
133,05.04 07:00,34.989
133,05.04 08:00,35.116
133,05.04 09:00,33.87
133,05.04 10:00,33.927
133,05.04 11:00,33.956
133,05.04 12:00,33.009
133,05.04 13:00,32.88
133,05.04 14:00,34.064
133,05.04 15:00,34.92
133,05.04 16:00,35.004
133,05.04 17:00,37.11
133,05.04 18:00,33.962
133,05.04 19:00,34.874
133,05.04 20:00,33.885
133,05.04 21:00,37.818
133,05.04 22:00,38.094
133,05.04 23:00,37.98
133,06.04 00:00,36.92
133,06.04 01:00,35.163
133,06.04 02:00,34.06
133,06.04 03:00,35.868
133,06.04 04:00,35.143
133,06.04 05:00,34.983
133,06.04 06:00,33.915
133,06.04 07:00,37.923
133,06.04 08:00,36.975
133,06.04 09:00,35.864
133,06.04 10:00,35.079
133,06.04 11:00,36.139
133,06.04 12:00,35.149
133,06.04 13:00,35.942
133,06.04 14:00,34.863
133,06.04 15:00,33.932
133,06.04 16:00,34.154
133,06.04 17:00,35.046
133,06.04 18:00,34.12
133,06.04 19:00,33.067
133,06.04 20:00,31.955
133,06.04 21:00,35.062
133,06.04 22:00,35.918
133,06.04 23:00,36.833
133,07.04 00:00,36.901
133,07.04 01:00,36.116
133,07.04 02:00,36.972
133,07.04 03:00,37.152
133,07.04 04:00,37.997
133,07.04 05:00,38.094
133,07.04 06:00,36.005
133,07.04 07:00,37.967
133,07.04 08:00,36.176
133,07.04 09:00,33.938
133,07.04 10:00,33.7
133,07.04 11:00,35.007
133,07.04 12:00,35.843
133,07.04 13:00,33.933
133,07.04 14:00,33.834
133,07.04 15:00,34.13
133,07.04 16:00,34.167
133,07.04 17:00,32.978
133,07.04 18:00,33.939
133,07.04 19:00,33.135
133,07.04 20:00,32.844
133,07.04 21:00,37.062
133,07.04 22:00,36.838
133,07.04 23:00,35.853
133,08.04 00:00,36.905
133,08.04 01:00,34.969
133,08.04 02:00,36.143
133,08.04 03:00,36.852
133,08.04 04:00,36.973
133,08.04 05:00,36.865
133,08.04 06:00,37.161
133,08.04 07:00,38.086
133,08.04 08:00,38.032
133,08.04 09:00,37.073
133,08.04 10:00,35.087
133,08.04 11:00,34.908
133,08.04 12:00,34.917
133,08.04 13:00,37.175
133,08.04 14:00,36.077
133,08.04 15:00,35.055
133,08.04 16:00,35.055
133,08.04 17:00,33.149
133,08.04 18:00,31.134
133,08.04 19:00,32.011
133,08.04 20:00,30.986
133,08.04 21:00,33.904
133,08.04 22:00,33.889
133,08.04 23:00,35.98
133,09.04 00:00,36.165
133,09.04 01:00,35.856
133,09.04 02:00,36.178
133,09.04 03:00,37.115
133,09.04 04:00,34.072
133,09.04 05:00,35.914
133,09.04 06:00,36.825
133,09.04 07:00,37.156
133,09.04 08:00,34.984
133,09.04 09:00,33.138
133,09.04 10:00,32.922
133,09.04 11:00,31.148
133,09.04 12:00,33.158
133,09.04 13:00,31.948
133,09.04 14:00,32.9
133,09.04 15:00,30.847
133,09.04 16:00,32.12
133,09.04 17:00,32.858
133,09.04 18:00,32.515
133,09.04 19:00,32.878
133,09.04 20:00,31.999
133,09.04 21:00,35.977
133,09.04 22:00,35.898
133,09.04 23:00,35.838
133,10.04 00:00,35.852
133,10.04 01:00,35.038
133,10.04 02:00,36.893
133,10.04 03:00,34.98
133,10.04 04:00,34.967
133,10.04 05:00,36.141
133,10.04 06:00,35.836
133,10.04 07:00,35.902
133,10.04 08:00,35.136
133,10.04 09:00,31.073
133,10.04 10:00,31.977
133,10.04 11:00,32.875
133,10.04 12:00,33.845
133,10.04 13:00,32.971
133,10.04 14:00,33.118
133,10.04 15:00,32.117
133,10.04 16:00,31.865
133,10.04 17:00,34.029
133,10.04 18:00,31.871
133,10.04 19:00,30.917
133,10.04 20:00,31.984
133,10.04 21:00,33.979
133,10.04 22:00,35.104
133,10.04 23:00,34.037
133,11.04 00:00,33.973
133,11.04 01:00,34.153
133,11.04 02:00,34.876
133,11.04 03:00,34.989
133,11.04 04:00,34.167
133,11.04 05:00,33.98
133,11.04 06:00,33.97
133,11.04 07:00,37.125
133,11.04 08:00,38.94
133,11.04 09:00,34.994
133,11.04 10:00,35.099
133,11.04 11:00,34.123
133,11.04 12:00,35.922
133,11.04 13:00,35.964
133,11.04 14:00,35.04
133,11.04 15:00,33.912
133,11.04 16:00,36.147
133,11.04 17:00,33.917
133,11.04 18:00,30.954
133,11.04 19:00,30.923
133,11.04 20:00,29.911
133,11.04 21:00,35.047
133,11.04 22:00,33.945
133,11.04 23:00,32.945
133,12.04 00:00,33.838
133,12.04 01:00,34.157
133,12.04 02:00,35.075
133,12.04 03:00,32.875
133,12.04 04:00,34.031
133,12.04 05:00,34.029
133,12.04 06:00,33.948
133,12.04 07:00,36.105
133,12.04 08:00,39.134
133,12.04 09:00,34.069
133,12.04 10:00,35.999
133,12.04 11:00,35.882
133,12.04 12:00,35.002
133,12.04 13:00,35.984
133,12.04 14:00,38.133
133,12.04 15:00,36.891
133,12.04 16:00,36.099
133,12.04 17:00,36.013
133,12.04 18:00,33.161
133,12.04 19:00,32.912
133,12.04 20:00,31.908
133,12.04 21:00,35.887
133,12.04 22:00,36.146
133,12.04 23:00,33.932
133,13.04 00:00,33.999
133,13.04 01:00,35.165
133,13.04 02:00,34.844
133,13.04 03:00,34.159
133,13.04 04:00,34.161
133,13.04 05:00,35.158
133,13.04 06:00,33.882
133,13.04 07:00,37.085
133,13.04 08:00,36.886
133,13.04 09:00,35.151
133,13.04 10:00,35.891
133,13.04 11:00,36.033
133,13.04 12:00,36.063
133,13.04 13:00,36.162
133,13.04 14:00,35.969
133,13.04 15:00,37.013
133,13.04 16:00,35.073
133,13.04 17:00,32.952
133,13.04 18:00,32.129
133,13.04 19:00,31.993
133,13.04 20:00,31.119
133,13.04 21:00,34.929
133,13.04 22:00,35.946
133,13.04 23:00,35.976
133,14.04 00:00,34.081
133,14.04 01:00,35.051
133,14.04 02:00,35.105
133,14.04 03:00,35.997
133,14.04 04:00,35.827
133,14.04 05:00,34.101
133,14.04 06:00,33.013
133,14.04 07:00,35.136
133,14.04 08:00,33.927
133,14.04 09:00,30.988
133,14.04 10:00,33.83
133,14.04 11:00,32.981
133,14.04 12:00,33.9
133,14.04 13:00,32.928
133,14.04 14:00,32.842
133,14.04 15:00,33.094
133,14.04 16:00,32.891
133,14.04 17:00,32.037
133,14.04 18:00,30.046
133,14.04 19:00,29.953
133,14.04 20:00,29.918
133,14.04 21:00,36.081
133,14.04 22:00,36.057
133,14.04 23:00,37.031
133,15.04 00:00,35.876
133,15.04 01:00,34.963
133,15.04 02:00,35.905
133,15.04 03:00,36.04
133,15.04 04:00,35.924
133,15.04 05:00,35.007
133,15.04 06:00,34.85
133,15.04 07:00,35.855
133,15.04 08:00,34.864
133,15.04 09:00,34.022
133,15.04 10:00,32.94
133,15.04 11:00,33.851
133,15.04 12:00,34.002
133,15.04 13:00,33.128
133,15.04 14:00,34.005
133,15.04 15:00,33.031
133,15.04 16:00,33.098
133,15.04 17:00,33.846
133,15.04 18:00,29.042
133,15.04 19:00,30.054
133,15.04 20:00,31.028
133,15.04 21:00,35.851
133,15.04 22:00,34.94
133,15.04 23:00,36.138
133,16.04 00:00,34.847
133,16.04 01:00,35.897
133,16.04 02:00,35.129
133,16.04 03:00,36.138
133,16.04 04:00,34.951
133,16.04 05:00,36.003
133,16.04 06:00,33.877
133,16.04 07:00,34.847
133,16.04 08:00,32.101
133,16.04 09:00,28.988
133,16.04 10:00,28.109
133,16.04 11:00,30.002
133,16.04 12:00,29.939
133,16.04 13:00,29.621
133,16.04 14:00,30.086
133,16.04 15:00,30.012
133,16.04 16:00,29.91
133,16.04 17:00,30.117
133,16.04 18:00,29.9
133,16.04 19:00,29.015
133,16.04 20:00,30.923
133,16.04 21:00,33.855
133,16.04 22:00,36.153
133,16.04 23:00,34.926
133,17.04 00:00,34.841
133,17.04 01:00,34.028
133,17.04 02:00,33.106
133,17.04 03:00,36.0
133,17.04 04:00,34.868
133,17.04 05:00,35.05
133,17.04 06:00,34.145
133,17.04 07:00,33.908
133,17.04 08:00,33.877
133,17.04 09:00,28.958
133,17.04 10:00,29.118
133,17.04 11:00,30.951
133,17.04 12:00,31.089
133,17.04 13:00,30.974
133,17.04 14:00,30.082
133,17.04 15:00,31.138
133,17.04 16:00,31.023
133,17.04 17:00,30.124
133,17.04 18:00,29.008
133,17.04 19:00,30.092
133,17.04 20:00,31.088
133,17.04 21:00,34.833
133,17.04 22:00,34.874
133,17.04 23:00,34.005
133,18.04 00:00,35.124
133,18.04 01:00,35.116
133,18.04 02:00,33.981
133,18.04 03:00,34.159
133,18.04 04:00,35.126
133,18.04 05:00,33.837
133,18.04 06:00,34.083
133,18.04 07:00,36.913
133,18.04 08:00,36.96
133,18.04 09:00,35.959
133,18.04 10:00,33.895
133,18.04 11:00,35.846
133,18.04 12:00,33.976
133,18.04 13:00,35.028
133,18.04 14:00,36.916
133,18.04 15:00,35.883
133,18.04 16:00,33.997
133,18.04 17:00,33.056
133,18.04 18:00,30.901
133,18.04 19:00,31.052
133,18.04 20:00,32.133
133,18.04 21:00,34.869
133,18.04 22:00,35.126
133,18.04 23:00,34.89
133,19.04 00:00,36.156
133,19.04 01:00,34.965
133,19.04 02:00,35.131
133,19.04 03:00,33.877
133,19.04 04:00,33.831
133,19.04 05:00,33.869
133,19.04 06:00,32.929
133,19.04 07:00,34.911
133,19.04 08:00,34.007
133,19.04 09:00,28.918
133,19.04 10:00,32.897
133,19.04 11:00,35.016
133,19.04 12:00,34.027
133,19.04 13:00,32.947
133,19.04 14:00,33.164
133,19.04 15:00,34.922
133,19.04 16:00,34.869
133,19.04 17:00,31.874
133,19.04 18:00,31.084
133,19.04 19:00,32.018
133,19.04 20:00,31.081
133,19.04 21:00,34.163
133,19.04 22:00,35.053
133,19.04 23:00,33.842
133,20.04 00:00,35.049
133,20.04 01:00,33.896
133,20.04 02:00,34.867
133,20.04 03:00,35.062
133,20.04 04:00,33.849
133,20.04 05:00,35.956
133,20.04 06:00,34.125
133,20.04 07:00,34.851
133,20.04 08:00,37.137
133,20.04 09:00,34.83
133,20.04 10:00,34.964
133,20.04 11:00,36.033
133,20.04 12:00,38.26
133,20.04 13:00,35.996
133,20.04 14:00,35.146
133,20.04 15:00,33.846
133,20.04 16:00,34.86
133,20.04 17:00,34.136
133,20.04 18:00,30.025
133,20.04 19:00,31.008
133,20.04 20:00,32.097
133,20.04 21:00,36.073
133,20.04 22:00,34.847
133,20.04 23:00,35.916
133,21.04 00:00,35.891
133,21.04 01:00,35.124
133,21.04 02:00,35.87
133,21.04 03:00,34.974
133,21.04 04:00,34.851
133,21.04 05:00,33.051
133,21.04 06:00,35.048
133,21.04 07:00,37.166
133,21.04 08:00,35.994
133,21.04 09:00,34.972
133,21.04 10:00,32.943
133,21.04 11:00,35.116
133,21.04 12:00,35.745
133,21.04 13:00,36.981
133,21.04 14:00,34.918
133,21.04 15:00,34.136
133,21.04 16:00,36.157
133,21.04 17:00,33.051
133,21.04 18:00,33.879
133,21.04 19:00,33.939
133,21.04 20:00,31.038
133,21.04 21:00,35.052
133,21.04 22:00,37.993
133,21.04 23:00,35.822
133,22.04 00:00,1.003
133,22.04 01:00,0.998
133,22.04 02:00,1.004
133,22.04 03:00,1.002
133,22.04 04:00,1.0
133,22.04 05:00,1.003
133,22.04 06:00,0.998
133,22.04 07:00,37.101
133,22.04 08:00,32.974
133,22.04 09:00,34.138
133,22.04 10:00,33.061
133,22.04 11:00,34.114
133,22.04 12:00,33.874
133,22.04 13:00,31.861
133,22.04 14:00,33.904
133,22.04 15:00,35.134
133,22.04 16:00,32.955
133,22.04 17:00,32.905
133,22.04 18:00,31.12
133,22.04 19:00,29.936
133,22.04 20:00,32.114
133,22.04 21:00,36.13
133,22.04 22:00,35.841
133,22.04 23:00,35.834
133,23.04 00:00,36.01
133,23.04 01:00,35.857
133,23.04 02:00,35.075
133,23.04 03:00,34.129
133,23.04 04:00,33.941
133,23.04 05:00,34.928
133,23.04 06:00,34.144
133,23.04 07:00,34.917
133,23.04 08:00,30.023
133,23.04 09:00,27.918
133,23.04 10:00,28.988
133,23.04 11:00,29.004
133,23.04 12:00,27.948
133,23.04 13:00,28.892
133,23.04 14:00,28.865
133,23.04 15:00,27.094
133,23.04 16:00,27.576
133,23.04 17:00,29.155
133,23.04 18:00,28.054
133,23.04 19:00,27.896
133,23.04 20:00,28.977
133,23.04 21:00,32.933
133,23.04 22:00,34.069
133,23.04 23:00,33.853
133,24.04 00:00,35.08
133,24.04 01:00,34.096
133,24.04 02:00,34.017
133,24.04 03:00,35.095
133,24.04 04:00,32.926
133,24.04 05:00,32.859
133,24.04 06:00,34.856
133,24.04 07:00,33.141
133,24.04 08:00,30.135
133,24.04 09:00,27.948
133,24.04 10:00,29.079
133,24.04 11:00,28.138
133,24.04 12:00,30.039
133,24.04 13:00,30.013
133,24.04 14:00,30.109
133,24.04 15:00,28.957
133,24.04 16:00,28.057
133,24.04 17:00,28.097
133,24.04 18:00,29.031
133,24.04 19:00,28.039
133,24.04 20:00,26.961
133,24.04 21:00,31.966
133,24.04 22:00,32.966
133,24.04 23:00,33.052
133,25.04 00:00,33.15
133,25.04 01:00,33.163
133,25.04 02:00,31.915
133,25.04 03:00,32.997
133,25.04 04:00,33.132
133,25.04 05:00,32.028
133,25.04 06:00,33.164
133,25.04 07:00,35.088
133,25.04 08:00,35.955
133,25.04 09:00,34.971
133,25.04 10:00,34.902
133,25.04 11:00,36.946
133,25.04 12:00,35.151
133,25.04 13:00,36.007
133,25.04 14:00,36.048
133,25.04 15:00,35.162
133,25.04 16:00,33.985
133,25.04 17:00,34.053
133,25.04 18:00,32.973
133,25.04 19:00,32.128
133,25.04 20:00,32.09
133,25.04 21:00,37.822
133,25.04 22:00,39.181
133,25.04 23:00,36.954
133,26.04 00:00,37.941
133,26.04 01:00,37.991
133,26.04 02:00,38.178
133,26.04 03:00,37.094
133,26.04 04:00,37.021
133,26.04 05:00,36.034
133,26.04 06:00,36.049
133,26.04 07:00,37.97
133,26.04 08:00,34.267
133,26.04 09:00,37.154
133,26.04 10:00,35.829
133,26.04 11:00,37.873
133,26.04 12:00,38.1
133,26.04 13:00,35.862
133,26.04 14:00,36.925
133,26.04 15:00,36.158
133,26.04 16:00,37.143
133,26.04 17:00,34.854
133,26.04 18:00,33.864
133,26.04 19:00,35.016
133,26.04 20:00,32.858
133,26.04 21:00,37.865
133,26.04 22:00,38.159
133,26.04 23:00,36.822
133,27.04 00:00,37.097
133,27.04 01:00,37.143
133,27.04 02:00,37.13
133,27.04 03:00,35.982
133,27.04 04:00,35.964
133,27.04 05:00,36.073
133,27.04 06:00,36.984
133,27.04 07:00,39.158
133,27.04 08:00,33.849
133,27.04 09:00,35.917
133,27.04 10:00,35.987
133,27.04 11:00,36.094
133,27.04 12:00,34.862
133,27.04 13:00,37.065
133,27.04 14:00,36.108
133,27.04 15:00,34.843
133,27.04 16:00,36.054
133,27.04 17:00,35.153
133,27.04 18:00,32.919
133,27.04 19:00,32.845
133,27.04 20:00,34.83
133,27.04 21:00,38.13
133,27.04 22:00,37.166
133,27.04 23:00,37.844
133,28.04 00:00,37.169
133,28.04 01:00,35.997
133,28.04 02:00,37.851
133,28.04 03:00,35.962
133,28.04 04:00,37.18
133,28.04 05:00,36.943
133,28.04 06:00,36.145
133,28.04 07:00,36.843
133,28.04 08:00,35.152
133,28.04 09:00,35.993
133,28.04 10:00,35.164
133,28.04 11:00,36.945
133,28.04 12:00,33.943
133,28.04 13:00,36.084
133,28.04 14:00,36.178
133,28.04 15:00,35.169
133,28.04 16:00,35.166
133,28.04 17:00,33.035
133,28.04 18:00,31.963
133,28.04 19:00,31.072
133,28.04 20:00,29.878
133,28.04 21:00,36.095
133,28.04 22:00,37.095
133,28.04 23:00,35.896
133,29.04 00:00,35.021
133,29.04 01:00,36.072
133,29.04 02:00,35.998
133,29.04 03:00,35.967
133,29.04 04:00,33.888
133,29.04 05:00,35.018
133,29.04 06:00,35.951
133,29.04 07:00,36.936
133,29.04 08:00,34.916
133,29.04 09:00,34.169
133,29.04 10:00,36.036
133,29.04 11:00,35.046
133,29.04 12:00,32.941
133,29.04 13:00,33.962
133,29.04 14:00,33.872
133,29.04 15:00,36.22
133,29.04 16:00,33.096
133,29.04 17:00,32.854
133,29.04 18:00,31.865
133,29.04 19:00,29.885
133,29.04 20:00,31.049
133,29.04 21:00,34.992
133,29.04 22:00,37.002
133,29.04 23:00,35.926
133,30.04 00:00,36.014
133,30.04 01:00,34.851
133,30.04 02:00,35.944
133,30.04 03:00,35.898
133,30.04 04:00,35.019
133,30.04 05:00,35.056
133,30.04 06:00,35.002
133,30.04 07:00,35.054
133,30.04 08:00,29.951
133,30.04 09:00,31.036
133,30.04 10:00,29.926
133,30.04 11:00,31.117
133,30.04 12:00,32.021
133,30.04 13:00,30.046
133,30.04 14:00,28.973
133,30.04 15:00,30.129
133,30.04 16:00,28.891
133,30.04 17:00,30.009
133,30.04 18:00,28.037
133,30.04 19:00,28.902
133,30.04 20:00,29.978
133,30.04 21:00,31.998
133,30.04 22:00,35.097
133,30.04 23:00,33.065
133,01.05 00:00,32.995
133,01.05 01:00,34.924
133,01.05 02:00,34.052
133,01.05 03:00,33.973
133,01.05 04:00,32.995
133,01.05 05:00,34.092
133,01.05 06:00,33.917
133,01.05 07:00,33.121
133,01.05 08:00,31.119
133,01.05 09:00,30.112
133,01.05 10:00,30.926
133,01.05 11:00,31.143
133,01.05 12:00,29.961
133,01.05 13:00,31.882
133,01.05 14:00,30.024
133,01.05 15:00,32.001
133,01.05 16:00,32.971
133,01.05 17:00,30.134
133,01.05 18:00,28.882
133,01.05 19:00,29.946
133,01.05 20:00,31.87
133,01.05 21:00,32.843
133,01.05 22:00,34.001
133,01.05 23:00,33.046
133,02.05 00:00,32.057
133,02.05 01:00,32.06
133,02.05 02:00,32.875
133,02.05 03:00,32.927
133,02.05 04:00,32.983
133,02.05 05:00,32.055
133,02.05 06:00,33.843
133,02.05 07:00,34.002
133,02.05 08:00,35.005
133,02.05 09:00,34.929
133,02.05 10:00,34.017
133,02.05 11:00,35.935
133,02.05 12:00,35.055
133,02.05 13:00,37.09
133,02.05 14:00,35.856
133,02.05 15:00,36.135
133,02.05 16:00,34.913
133,02.05 17:00,34.125
133,02.05 18:00,35.019
133,02.05 19:00,33.914
133,02.05 20:00,30.988
133,02.05 21:00,35.059
133,02.05 22:00,34.913
133,02.05 23:00,34.155
133,03.05 00:00,33.944
133,03.05 01:00,32.086
133,03.05 02:00,33.96
133,03.05 03:00,34.831
133,03.05 04:00,34.962
133,03.05 05:00,32.037
133,03.05 06:00,32.836
133,03.05 07:00,34.878
133,03.05 08:00,33.992
133,03.05 09:00,32.896
133,03.05 10:00,33.9
133,03.05 11:00,33.09
133,03.05 12:00,33.924
133,03.05 13:00,33.964
133,03.05 14:00,33.952
133,03.05 15:00,35.023
133,03.05 16:00,33.05
133,03.05 17:00,32.059
133,03.05 18:00,31.12
133,03.05 19:00,29.873
133,03.05 20:00,29.019
133,03.05 21:00,34.016
133,03.05 22:00,34.971
133,03.05 23:00,34.032
133,04.05 00:00,34.05
133,04.05 01:00,32.96
133,04.05 02:00,32.948
133,04.05 03:00,33.116
133,04.05 04:00,33.834
133,04.05 05:00,32.863
133,04.05 06:00,32.866
133,04.05 07:00,35.14
133,04.05 08:00,33.155
133,04.05 09:00,33.984
133,04.05 10:00,33.933
133,04.05 11:00,34.085
133,04.05 12:00,34.893
133,04.05 13:00,34.165
133,04.05 14:00,33.96
133,04.05 15:00,33.99
133,04.05 16:00,33.008
133,04.05 17:00,33.144
133,04.05 18:00,30.993
133,04.05 19:00,32.005
133,04.05 20:00,31.051
133,04.05 21:00,34.04
133,04.05 22:00,34.899
133,04.05 23:00,33.956
133,05.05 00:00,35.001
133,05.05 01:00,34.038
133,05.05 02:00,34.155
133,05.05 03:00,35.098
133,05.05 04:00,35.14
133,05.05 05:00,32.964
133,05.05 06:00,33.864
133,05.05 07:00,35.143
133,05.05 08:00,34.011
133,05.05 09:00,34.17
133,05.05 10:00,34.859
133,05.05 11:00,35.118
133,05.05 12:00,33.951
133,05.05 13:00,33.165
133,05.05 14:00,34.029
133,05.05 15:00,34.134
133,05.05 16:00,34.139
133,05.05 17:00,34.841
133,05.05 18:00,31.924
133,05.05 19:00,29.903
133,05.05 20:00,28.941
133,05.05 21:00,34.041
133,05.05 22:00,34.138
133,05.05 23:00,32.905
133,06.05 00:00,33.048
133,06.05 01:00,33.995
133,06.05 02:00,33.969
133,06.05 03:00,33.159
133,06.05 04:00,33.146
133,06.05 05:00,32.955
133,06.05 06:00,34.066
133,06.05 07:00,33.0
133,06.05 08:00,33.161
133,06.05 09:00,32.953
133,06.05 10:00,32.905
133,06.05 11:00,35.074
133,06.05 12:00,35.092
133,06.05 13:00,33.842
133,06.05 14:00,34.03
133,06.05 15:00,34.12
133,06.05 16:00,32.026
133,06.05 17:00,30.902
133,06.05 18:00,28.976
133,06.05 19:00,27.965
133,06.05 20:00,28.916
133,06.05 21:00,31.869
133,06.05 22:00,32.918
133,06.05 23:00,30.96
133,07.05 00:00,32.921
133,07.05 01:00,31.875
133,07.05 02:00,32.12
133,07.05 03:00,31.14
133,07.05 04:00,32.908
133,07.05 05:00,33.092
133,07.05 06:00,33.006
133,07.05 07:00,31.105
133,07.05 08:00,30.051
133,07.05 09:00,27.05
133,07.05 10:00,29.865
133,07.05 11:00,30.14
133,07.05 12:00,31.148
133,07.05 13:00,28.891
133,07.05 14:00,29.896
133,07.05 15:00,29.091
133,07.05 16:00,29.138
133,07.05 17:00,29.957
133,07.05 18:00,27.018
133,07.05 19:00,28.871
133,07.05 20:00,28.946
133,07.05 21:00,32.965
133,07.05 22:00,33.904
133,07.05 23:00,31.905
133,08.05 00:00,32.978
133,08.05 01:00,34.074
133,08.05 02:00,32.929
133,08.05 03:00,32.892
133,08.05 04:00,32.073
133,08.05 05:00,32.908
133,08.05 06:00,32.963
133,08.05 07:00,31.964
133,08.05 08:00,29.06
133,08.05 09:00,28.864
133,08.05 10:00,28.916
133,08.05 11:00,27.948
133,08.05 12:00,29.056
133,08.05 13:00,30.114
133,08.05 14:00,29.917
133,08.05 15:00,29.081
133,08.05 16:00,28.116
133,08.05 17:00,30.324
133,08.05 18:00,28.873
133,08.05 19:00,27.997
133,08.05 20:00,30.13
133,08.05 21:00,31.891
133,08.05 22:00,31.851
133,08.05 23:00,32.082
133,09.05 00:00,33.165
133,09.05 01:00,33.008
133,09.05 02:00,31.931
133,09.05 03:00,30.875
133,09.05 04:00,32.858
133,09.05 05:00,31.114
133,09.05 06:00,32.123
133,09.05 07:00,32.93
133,09.05 08:00,31.071
133,09.05 09:00,34.16
133,09.05 10:00,33.125
133,09.05 11:00,33.971
133,09.05 12:00,34.957
133,09.05 13:00,33.981
133,09.05 14:00,33.982
133,09.05 15:00,34.12
133,09.05 16:00,31.871
133,09.05 17:00,31.021
133,09.05 18:00,29.062
133,09.05 19:00,28.989
133,09.05 20:00,29.953
133,09.05 21:00,32.157
133,09.05 22:00,35.027
133,09.05 23:00,33.866
133,10.05 00:00,34.859
133,10.05 01:00,34.139
133,10.05 02:00,33.069
133,10.05 03:00,35.104
133,10.05 04:00,33.164
133,10.05 05:00,33.111
133,10.05 06:00,34.844
133,10.05 07:00,35.993
133,10.05 08:00,35.003
133,10.05 09:00,34.976
133,10.05 10:00,36.161
133,10.05 11:00,35.883
133,10.05 12:00,34.915
133,10.05 13:00,32.979
133,10.05 14:00,34.929
133,10.05 15:00,33.965
133,10.05 16:00,33.068
133,10.05 17:00,32.851
133,10.05 18:00,31.897
133,10.05 19:00,30.855
133,10.05 20:00,30.989
133,10.05 21:00,32.053
133,10.05 22:00,34.937
133,10.05 23:00,34.923
133,11.05 00:00,34.063
133,11.05 01:00,33.879
133,11.05 02:00,34.134
133,11.05 03:00,34.099
133,11.05 04:00,33.069
133,11.05 05:00,32.092
133,11.05 06:00,32.899
133,11.05 07:00,34.079
133,11.05 08:00,35.024
133,11.05 09:00,35.124
133,11.05 10:00,35.159
133,11.05 11:00,35.15
133,11.05 12:00,0.0
133,11.05 13:00,0.0
133,11.05 14:00,0.0
133,11.05 16:00,33.941
133,11.05 17:00,32.951
133,11.05 18:00,30.864
133,11.05 19:00,29.124
133,11.05 20:00,26.012
133,11.05 21:00,0.0
133,11.05 22:00,0.0
133,11.05 23:00,0.0
133,12.05 00:00,31.965
133,12.05 01:00,34.092
133,12.05 02:00,33.88
133,12.05 03:00,34.108
133,12.05 04:00,32.028
133,12.05 05:00,34.011
133,12.05 06:00,32.914
133,12.05 07:00,32.985
133,12.05 08:00,31.989
133,12.05 09:00,33.137
133,12.05 10:00,33.06
133,12.05 11:00,33.856
133,12.05 12:00,32.909
133,12.05 13:00,34.939
133,12.05 14:00,33.149
133,12.05 15:00,32.09
133,12.05 16:00,31.048
133,12.05 17:00,29.979
133,12.05 18:00,28.873
133,12.05 19:00,29.095
133,12.05 20:00,29.016
133,12.05 21:00,31.024
133,12.05 22:00,32.988
133,12.05 23:00,33.029
133,13.05 00:00,31.071
133,13.05 01:00,31.944
133,13.05 02:00,32.005
133,13.05 03:00,30.887
133,13.05 04:00,31.984
133,13.05 05:00,33.016
133,13.05 06:00,31.025
133,13.05 07:00,33.095
133,13.05 08:00,31.151
133,13.05 09:00,33.951
133,13.05 10:00,34.004
133,13.05 11:00,33.152
133,13.05 12:00,33.947
133,13.05 13:00,32.9
133,13.05 14:00,32.903
133,13.05 15:00,33.151
133,13.05 16:00,34.005
133,13.05 17:00,31.856
133,13.05 18:00,31.009
133,13.05 19:00,31.065
133,13.05 20:00,28.912
133,13.05 21:00,29.34
133,13.05 22:00,33.14
133,13.05 23:00,32.948
133,14.05 00:00,32.901
133,14.05 01:00,31.91
133,14.05 02:00,31.98
133,14.05 03:00,31.001
133,14.05 04:00,33.163
133,14.05 05:00,30.964
133,14.05 06:00,31.08
133,14.05 07:00,32.141
133,14.05 08:00,28.873
133,14.05 09:00,29.103
133,14.05 10:00,28.125
133,14.05 11:00,29.87
133,14.05 12:00,28.995
133,14.05 13:00,28.857
133,14.05 14:00,28.912
133,14.05 15:00,28.921
133,14.05 16:00,29.034
133,14.05 17:00,30.064
133,14.05 18:00,28.915
133,14.05 19:00,28.878
133,14.05 20:00,28.024
133,14.05 21:00,30.082
133,14.05 22:00,31.98
133,14.05 23:00,31.942
133,15.05 00:00,31.146
133,15.05 01:00,31.152
133,15.05 02:00,30.962
133,15.05 03:00,30.137
133,15.05 04:00,31.01
133,15.05 05:00,29.894
133,15.05 06:00,30.104
133,15.05 07:00,29.057
133,15.05 08:00,28.069
133,15.05 09:00,26.02
133,15.05 10:00,27.961
133,15.05 11:00,28.047
133,15.05 12:00,27.886
133,15.05 13:00,26.899
133,15.05 14:00,26.948
133,15.05 15:00,25.883
133,15.05 16:00,27.031
133,15.05 17:00,26.876
133,15.05 18:00,27.868
133,15.05 19:00,26.963
133,15.05 20:00,26.944
133,15.05 21:00,30.024
133,15.05 22:00,30.992
133,15.05 23:00,31.001
133,16.05 00:00,30.913
133,16.05 01:00,31.051
133,16.05 02:00,30.966
133,16.05 03:00,30.876
133,16.05 04:00,30.108
133,16.05 05:00,29.881
133,16.05 06:00,29.02
133,16.05 07:00,31.115
133,16.05 08:00,31.066
133,16.05 09:00,28.977
133,16.05 10:00,30.051
133,16.05 11:00,33.163
133,16.05 12:00,31.9
133,16.05 13:00,32.119
133,16.05 14:00,30.951
133,16.05 15:00,32.847
133,16.05 16:00,32.016
133,16.05 17:00,31.035
133,16.05 18:00,29.13
133,16.05 19:00,28.095
133,16.05 20:00,27.955
133,16.05 21:00,30.123
133,16.05 22:00,31.921
133,16.05 23:00,30.926
133,17.05 00:00,31.846
133,17.05 01:00,31.074
133,17.05 02:00,30.092
133,17.05 03:00,31.012
133,17.05 04:00,31.035
133,17.05 05:00,30.101
133,17.05 06:00,29.896
133,17.05 07:00,32.997
133,17.05 08:00,33.862
133,17.05 09:00,27.887
133,17.05 10:00,33.837
133,17.05 11:00,33.988
133,17.05 12:00,31.897
133,17.05 13:00,33.854
133,17.05 14:00,35.109
133,17.05 15:00,34.853
133,17.05 16:00,33.152
133,17.05 17:00,33.141
133,17.05 18:00,30.092
133,17.05 19:00,29.093
133,17.05 20:00,30.052
133,17.05 21:00,31.858
133,17.05 22:00,31.875
133,17.05 23:00,32.138
133,18.05 00:00,31.845
133,18.05 01:00,31.98
133,18.05 02:00,31.154
133,18.05 03:00,33.087
133,18.05 04:00,30.015
133,18.05 05:00,31.115
133,18.05 06:00,30.91
133,18.05 07:00,33.053
133,18.05 08:00,31.946
133,18.05 09:00,33.87
133,18.05 10:00,33.86
133,18.05 11:00,33.883
133,18.05 12:00,34.916
133,18.05 13:00,35.022
133,18.05 14:00,34.032
133,18.05 15:00,35.002
133,18.05 16:00,34.044
133,18.05 17:00,32.98
133,18.05 18:00,29.969
133,18.05 19:00,30.018
133,18.05 20:00,29.891
133,18.05 21:00,33.09
133,18.05 22:00,34.889
133,18.05 23:00,33.979
133,19.05 00:00,34.035
133,19.05 01:00,34.064
133,19.05 02:00,34.06
133,19.05 03:00,34.14
133,19.05 04:00,32.959
133,19.05 05:00,33.882
133,19.05 06:00,32.949
133,19.05 07:00,33.861
133,19.05 08:00,35.058
133,19.05 09:00,36.014
133,19.05 10:00,35.013
133,19.05 11:00,33.135
133,19.05 12:00,33.001
133,19.05 13:00,34.783
133,19.05 14:00,33.91
133,19.05 15:00,34.042
133,19.05 16:00,32.925
133,19.05 17:00,32.115
133,19.05 18:00,30.023
133,19.05 19:00,30.008
133,19.05 20:00,28.023
133,19.05 21:00,30.071
133,19.05 22:00,33.079
133,19.05 23:00,32.887
133,20.05 00:00,32.04
133,20.05 01:00,31.973
133,20.05 02:00,33.085
133,20.05 03:00,32.13
133,20.05 04:00,31.995
133,20.05 05:00,31.907
133,20.05 06:00,32.121
133,20.05 07:00,33.051
133,20.05 08:00,31.981
133,20.05 09:00,31.993
133,20.05 10:00,33.1
133,20.05 11:00,33.988
133,20.05 12:00,33.115
133,20.05 13:00,32.872
133,20.05 14:00,31.871
133,20.05 15:00,32.883
133,20.05 16:00,33.102
133,20.05 17:00,32.114
133,20.05 18:00,29.82
133,20.05 19:00,30.887
133,20.05 20:00,28.878
133,20.05 21:00,30.138
133,20.05 22:00,33.146
133,20.05 23:00,33.049
133,21.05 00:00,31.884
133,21.05 01:00,32.145
133,21.05 02:00,33.052
133,21.05 03:00,32.048
133,21.05 04:00,31.956
133,21.05 05:00,33.088
133,21.05 06:00,32.012
133,21.05 07:00,33.02
133,21.05 08:00,31.888
133,21.05 09:00,32.129
133,21.05 10:00,32.015
133,21.05 11:00,32.934
133,21.05 12:00,33.476
133,21.05 13:00,32.012
133,21.05 14:00,33.094
133,21.05 15:00,33.956
133,21.05 16:00,34.018
133,21.05 17:00,35.1
133,21.05 18:00,33.052
133,21.05 19:00,32.128
133,21.05 20:00,30.929
133,21.05 21:00,33.005
133,21.05 22:00,34.04
133,21.05 23:00,36.055
133,22.05 00:00,35.017
133,22.05 01:00,33.872
133,22.05 02:00,34.0
133,22.05 03:00,33.844
133,22.05 04:00,32.942
133,22.05 05:00,34.123
133,22.05 06:00,30.885
133,22.05 07:00,32.041
133,22.05 08:00,28.043
133,22.05 09:00,27.051
133,22.05 10:00,26.876
133,22.05 11:00,28.124
133,22.05 12:00,27.939
133,22.05 13:00,26.999
133,22.05 14:00,28.119
133,22.05 15:00,26.024
133,22.05 16:00,25.961
133,22.05 17:00,26.945
133,22.05 18:00,26.127
133,22.05 19:00,27.032
133,22.05 20:00,26.942
133,22.05 21:00,30.062
133,22.05 22:00,30.066
133,22.05 23:00,31.092
133,23.05 00:00,30.86
133,23.05 01:00,31.008
133,23.05 02:00,30.846
133,23.05 03:00,32.157
133,23.05 04:00,31.079
133,23.05 05:00,30.889
133,23.05 06:00,32.09
133,23.05 07:00,33.15
133,23.05 08:00,31.509
133,23.05 09:00,34.07
133,23.05 10:00,34.121
133,23.05 11:00,33.044
133,23.05 12:00,34.97
133,23.05 13:00,34.974
133,23.05 14:00,34.918
133,23.05 15:00,33.002
133,23.05 16:00,35.95
133,23.05 17:00,35.131
133,23.05 18:00,32.089
133,23.05 19:00,29.87
133,23.05 20:00,29.941
133,23.05 21:00,32.979
133,23.05 22:00,33.049
133,23.05 23:00,34.081
133,24.05 00:00,33.897
133,24.05 01:00,33.138
133,24.05 02:00,33.94
133,24.05 03:00,33.154
133,24.05 04:00,33.939
133,24.05 05:00,33.038
133,24.05 06:00,32.125
133,24.05 07:00,35.163
133,24.05 08:00,33.922
133,24.05 09:00,34.942
133,24.05 10:00,35.072
133,24.05 11:00,34.976
133,24.05 12:00,35.074
133,24.05 13:00,37.049
133,24.05 14:00,35.153
133,24.05 15:00,35.091
133,24.05 16:00,36.162
133,24.05 17:00,34.359
133,24.05 18:00,31.87
133,24.05 19:00,32.038
133,24.05 20:00,32.072
133,24.05 21:00,33.895
133,24.05 22:00,0.999
133,24.05 23:00,1.005
133,25.05 00:00,1.003
133,25.05 01:00,0.996
133,25.05 02:00,1.005
133,25.05 03:00,1.0
133,25.05 04:00,1.037
133,25.05 05:00,33.142
133,25.05 06:00,33.912
133,25.05 07:00,35.862
133,25.05 08:00,33.088
133,25.05 09:00,34.849
133,25.05 10:00,35.578
133,25.05 11:00,32.914
133,25.05 12:00,34.059
133,25.05 13:00,35.167
133,25.05 14:00,34.161
133,25.05 15:00,34.832
133,25.05 16:00,34.118
133,25.05 17:00,32.139
133,25.05 18:00,32.078
133,25.05 19:00,32.941
133,25.05 20:00,30.942
133,25.05 21:00,33.03
133,25.05 22:00,32.991
133,25.05 23:00,35.162
133,26.05 00:00,33.036
133,26.05 01:00,34.815
133,26.05 02:00,35.026
133,26.05 03:00,33.556
133,26.05 04:00,34.11
133,26.05 05:00,33.863
133,26.05 06:00,33.06
133,26.05 07:00,36.176
133,26.05 08:00,32.862
133,26.05 09:00,33.063
133,26.05 10:00,32.104
133,26.05 11:00,33.029
133,26.05 12:00,33.055
133,26.05 13:00,32.963
133,26.05 14:00,33.152
133,26.05 15:00,34.094
133,26.05 16:00,33.128
133,26.05 17:00,32.107
133,26.05 18:00,29.044
133,26.05 19:00,29.863
133,26.05 20:00,30.043
133,26.05 21:00,31.901
133,26.05 22:00,34.878
133,26.05 23:00,33.023
133,27.05 00:00,32.856
133,27.05 01:00,32.978
133,27.05 02:00,34.09
133,27.05 03:00,30.92
133,27.05 04:00,31.978
133,27.05 05:00,33.059
133,27.05 06:00,31.882
133,27.05 07:00,32.123
133,27.05 08:00,32.113
133,27.05 09:00,32.069
133,27.05 10:00,33.86
133,27.05 11:00,32.954
133,27.05 12:00,32.098
133,27.05 13:00,31.076
133,27.05 14:00,32.898
133,27.05 15:00,31.023
133,27.05 16:00,32.883
133,27.05 17:00,32.108
133,27.05 18:00,31.087
133,27.05 19:00,29.415
133,27.05 20:00,31.975
133,27.05 21:00,30.082
133,27.05 22:00,32.867
133,27.05 23:00,33.067
133,28.05 00:00,32.996
133,28.05 01:00,33.099
133,28.05 02:00,32.933
133,28.05 03:00,32.128
133,28.05 04:00,32.029
133,28.05 05:00,32.042
133,28.05 06:00,30.85
133,28.05 07:00,34.067
133,28.05 08:00,29.9
133,28.05 09:00,28.983
133,28.05 10:00,26.842
133,28.05 11:00,30.111
133,28.05 12:00,27.887
133,28.05 13:00,27.946
133,28.05 14:00,28.922
133,28.05 15:00,29.058
133,28.05 16:00,27.876
133,28.05 17:00,29.068
133,28.05 18:00,28.031
133,28.05 19:00,28.01
133,28.05 20:00,28.115
133,28.05 21:00,31.09
133,28.05 22:00,31.031
133,28.05 23:00,33.048
133,29.05 00:00,31.004
133,29.05 01:00,31.934
133,29.05 02:00,32.083
133,29.05 03:00,32.066
133,29.05 04:00,31.091
133,29.05 05:00,32.045
133,29.05 06:00,31.885
133,29.05 07:00,32.116
133,29.05 08:00,30.139
133,29.05 09:00,27.018
133,29.05 10:00,27.052
133,29.05 11:00,26.957
133,29.05 12:00,27.995
133,29.05 13:00,28.043
133,29.05 14:00,27.989
133,29.05 15:00,26.938
133,29.05 16:00,27.9
133,29.05 17:00,28.043
133,29.05 18:00,26.882
133,29.05 19:00,28.127
133,29.05 20:00,28.009
133,29.05 21:00,28.91
133,29.05 22:00,31.892
133,29.05 23:00,31.896
133,30.05 00:00,32.128
133,30.05 01:00,32.153
133,30.05 02:00,32.089
133,30.05 03:00,33.101
133,30.05 04:00,32.153
133,30.05 05:00,31.921
133,30.05 06:00,32.031
133,30.05 07:00,32.085
133,30.05 08:00,31.932
133,30.05 09:00,30.991
133,30.05 10:00,28.876
133,30.05 11:00,30.102
133,30.05 12:00,28.071
133,30.05 13:00,30.066
133,30.05 14:00,27.9
133,30.05 15:00,29.912
133,30.05 16:00,27.863
133,30.05 17:00,27.953
133,30.05 18:00,27.088
133,30.05 19:00,27.878
133,30.05 20:00,27.895
133,30.05 21:00,29.891
133,30.05 22:00,31.934
133,30.05 23:00,31.94
133,31.05 00:00,31.001
133,31.05 01:00,31.006
133,31.05 02:00,32.08
133,31.05 03:00,31.874
133,31.05 04:00,32.048
133,31.05 05:00,31.906
133,31.05 06:00,31.964
133,31.05 07:00,33.013
133,31.05 08:00,30.944
133,31.05 09:00,31.914
133,31.05 10:00,31.891
133,31.05 11:00,31.908
133,31.05 12:00,30.875
133,31.05 13:00,32.879
133,31.05 14:00,32.015
133,31.05 15:00,31.933
133,31.05 16:00,31.877
133,31.05 17:00,30.967
133,31.05 18:00,28.932
133,31.05 19:00,30.099
133,31.05 20:00,30.106
133,31.05 21:00,33.006
133,31.05 22:00,33.148
133,31.05 23:00,34.073
133,01.06 00:00,33.116
133,01.06 01:00,31.889
133,01.06 02:00,33.017
133,01.06 03:00,33.885
133,01.06 04:00,32.078
133,01.06 05:00,33.937
133,01.06 06:00,32.928
133,01.06 07:00,32.881
133,01.06 08:00,32.878
133,01.06 09:00,35.172
133,01.06 10:00,35.152
133,01.06 11:00,37.073
133,01.06 12:00,35.833
133,01.06 13:00,35.854
133,01.06 14:00,36.004
133,01.06 15:00,36.058
133,01.06 16:00,36.042
133,01.06 17:00,33.075
133,01.06 18:00,32.925
133,01.06 19:00,30.981
133,01.06 20:00,29.952
133,01.06 21:00,33.87
133,01.06 22:00,35.004
133,01.06 23:00,33.143
133,02.06 00:00,32.993
133,02.06 01:00,32.066
133,02.06 02:00,32.066
133,02.06 03:00,34.046
133,02.06 04:00,32.111
133,02.06 05:00,31.901
133,02.06 06:00,34.031
133,02.06 07:00,34.898
133,02.06 08:00,0.996
133,02.06 09:00,0.995
133,02.06 10:00,1.005
133,02.06 11:00,0.997
133,02.06 12:00,0.999
133,02.06 13:00,1.0
133,02.06 14:00,1.002
133,02.06 15:00,33.869
133,02.06 16:00,35.104
133,02.06 17:00,33.126
133,02.06 18:00,31.029
133,02.06 19:00,32.147
133,02.06 20:00,30.124
133,02.06 21:00,31.96
133,02.06 22:00,33.917
133,02.06 23:00,34.114
133,03.06 00:00,33.02
133,03.06 01:00,33.956
133,03.06 02:00,32.136
133,03.06 03:00,33.96
133,03.06 04:00,33.932
133,03.06 05:00,33.099
133,03.06 06:00,34.137
133,03.06 07:00,35.1
133,03.06 08:00,32.058
133,03.06 09:00,33.081
133,03.06 10:00,33.06
133,03.06 11:00,33.09
133,03.06 12:00,31.902
133,03.06 13:00,32.911
133,03.06 14:00,35.087
133,03.06 15:00,32.948
133,03.06 16:00,35.036
133,03.06 17:00,33.874
133,03.06 18:00,32.051
133,03.06 19:00,31.106
133,03.06 20:00,27.973
133,03.06 21:00,32.886
133,03.06 22:00,33.923
133,03.06 23:00,33.909
133,04.06 00:00,31.911
133,04.06 01:00,33.896
133,04.06 02:00,31.903
133,04.06 03:00,32.132
133,04.06 04:00,32.929
133,04.06 05:00,32.92
133,04.06 06:00,33.15
133,04.06 07:00,32.936
133,04.06 08:00,31.024
133,04.06 09:00,28.004
133,04.06 10:00,29.937
133,04.06 11:00,27.942
133,04.06 12:00,31.152
133,04.06 13:00,28.921
133,04.06 14:00,27.893
133,04.06 15:00,28.039
133,04.06 16:00,29.916
133,04.06 17:00,28.932
133,04.06 18:00,29.021
133,04.06 19:00,28.999
133,04.06 20:00,26.932
133,04.06 21:00,29.896
133,04.06 22:00,30.927
133,04.06 23:00,30.903
133,05.06 00:00,32.15
133,05.06 01:00,30.094
133,05.06 02:00,32.15
133,05.06 03:00,31.972
133,05.06 04:00,30.858
133,05.06 05:00,32.105
133,05.06 06:00,32.132
133,05.06 07:00,28.876
133,05.06 08:00,28.915
133,05.06 09:00,28.078
133,05.06 10:00,28.991
133,05.06 11:00,28.945
133,05.06 12:00,29.14
133,05.06 13:00,28.024
133,05.06 14:00,27.976
133,05.06 15:00,28.038
133,05.06 16:00,28.06
133,05.06 17:00,27.874
133,05.06 18:00,28.136
133,05.06 19:00,28.855
133,05.06 20:00,27.01
133,05.06 21:00,26.939
133,05.06 22:00,31.069
133,05.06 23:00,30.86
133,06.06 00:00,31.033
133,06.06 01:00,31.979
133,06.06 02:00,32.08
133,06.06 03:00,30.926
133,06.06 04:00,30.851
133,06.06 05:00,31.989
133,06.06 06:00,1.004
133,06.06 07:00,1.0
133,06.06 08:00,1.0
133,06.06 09:00,0.996
133,06.06 10:00,0.997
133,06.06 11:00,1.0
133,06.06 12:00,1.054
133,06.06 13:00,33.995
133,06.06 14:00,32.839
133,06.06 15:00,33.021
133,06.06 16:00,32.94
133,06.06 17:00,30.932
133,06.06 18:00,28.896
133,06.06 19:00,29.122
133,06.06 20:00,29.858
133,06.06 21:00,29.874
133,06.06 22:00,32.858
133,06.06 23:00,33.05
133,07.06 00:00,31.868
133,07.06 01:00,30.845
133,07.06 02:00,30.929
133,07.06 03:00,30.941
133,07.06 04:00,31.096
133,07.06 05:00,30.995
133,07.06 06:00,31.125
133,07.06 07:00,32.129
133,07.06 08:00,32.087
133,07.06 09:00,33.033
133,07.06 10:00,32.982
133,07.06 11:00,34.07
133,07.06 12:00,33.88
133,07.06 13:00,33.148
133,07.06 14:00,33.022
133,07.06 15:00,31.875
133,07.06 16:00,33.908
133,07.06 17:00,29.101
133,07.06 18:00,29.884
133,07.06 19:00,29.002
133,07.06 20:00,30.934
133,07.06 21:00,31.103
133,07.06 22:00,32.077
133,07.06 23:00,33.095
133,08.06 00:00,33.154
133,08.06 01:00,31.965
133,08.06 02:00,32.151
133,08.06 03:00,33.116
133,08.06 04:00,31.055
133,08.06 05:00,31.886
133,08.06 06:00,32.038
133,08.06 07:00,32.022
133,08.06 08:00,32.888
133,08.06 09:00,34.944
133,08.06 10:00,34.886
133,08.06 11:00,35.172
133,08.06 12:00,34.066
133,08.06 13:00,33.972
133,08.06 14:00,36.135
133,08.06 15:00,31.988
133,08.06 16:00,33.959
133,08.06 17:00,33.13
133,08.06 18:00,32.957
133,08.06 19:00,29.08
133,08.06 20:00,30.891
133,08.06 21:00,32.006
133,08.06 22:00,34.073
133,08.06 23:00,33.894
133,09.06 00:00,33.056
133,09.06 01:00,32.861
133,09.06 02:00,34.091
133,09.06 03:00,32.888
133,09.06 04:00,34.03
133,09.06 05:00,33.006
133,09.06 06:00,32.889
133,09.06 07:00,32.033
133,09.06 08:00,33.105
133,09.06 09:00,33.04
133,09.06 10:00,34.112
133,09.06 11:00,35.024
133,09.06 12:00,32.969
133,09.06 13:00,33.996
133,09.06 14:00,34.995
133,09.06 15:00,34.963
133,09.06 16:00,35.874
133,09.06 17:00,33.948
133,09.06 18:00,32.138
133,09.06 19:00,29.923
133,09.06 20:00,29.941
133,09.06 21:00,30.887
133,09.06 22:00,33.959
133,09.06 23:00,33.098
133,10.06 00:00,33.032
133,10.06 01:00,33.078
133,10.06 02:00,32.894
133,10.06 03:00,32.994
133,10.06 04:00,32.107
133,10.06 05:00,32.099
133,10.06 06:00,33.15
133,10.06 07:00,31.985
133,10.06 08:00,32.037
133,10.06 09:00,33.159
133,10.06 10:00,35.015
133,10.06 11:00,33.994
133,10.06 12:00,32.995
133,10.06 13:00,34.107
133,10.06 14:00,34.116
133,10.06 15:00,32.124
133,10.06 16:00,29.961
133,10.06 17:00,31.061
133,10.06 18:00,29.102
133,10.06 19:00,30.027
133,10.06 20:00,29.129
133,10.06 21:00,29.875
133,10.06 22:00,33.094
133,10.06 23:00,32.144
133,11.06 00:00,31.125
133,11.06 01:00,31.08
133,11.06 02:00,32.08
133,11.06 03:00,31.886
133,11.06 04:00,31.138
133,11.06 05:00,32.024
133,11.06 06:00,30.936
133,11.06 07:00,30.118
133,11.06 08:00,27.882
133,11.06 09:00,27.116
133,11.06 10:00,27.954
133,11.06 11:00,26.983
133,11.06 12:00,26.946
133,11.06 13:00,29.047
133,11.06 14:00,27.885
133,11.06 15:00,27.942
133,11.06 16:00,27.882
133,11.06 17:00,27.975
133,11.06 18:00,25.882
133,11.06 19:00,29.03
133,11.06 20:00,27.021
133,11.06 21:00,28.095
133,11.06 22:00,31.912
133,11.06 23:00,31.088
133,12.06 00:00,30.03
133,12.06 01:00,32.135
133,12.06 02:00,29.99
133,12.06 03:00,31.116
133,12.06 04:00,30.893
133,12.06 05:00,30.957
133,12.06 06:00,30.031
133,12.06 07:00,30.85
133,12.06 08:00,28.044
133,12.06 09:00,28.057
133,12.06 10:00,27.866
133,12.06 11:00,28.96
133,12.06 12:00,25.911
133,12.06 13:00,25.973
133,12.06 14:00,26.924
133,12.06 15:00,27.076
133,12.06 16:00,29.106
133,12.06 17:00,28.078
133,12.06 18:00,27.952
133,12.06 19:00,28.043
133,12.06 20:00,27.939
133,12.06 21:00,28.129
133,12.06 22:00,31.884
133,12.06 23:00,29.862
133,13.06 00:00,31.133
133,13.06 01:00,32.006
133,13.06 02:00,31.002
133,13.06 03:00,30.952
133,13.06 04:00,30.86
133,13.06 05:00,31.083
133,13.06 06:00,30.108
133,13.06 07:00,32.009
133,13.06 08:00,30.869
133,13.06 09:00,32.153
133,13.06 10:00,32.944
133,13.06 11:00,33.879
133,13.06 12:00,34.097
133,13.06 13:00,32.025
133,13.06 14:00,34.168
133,13.06 15:00,34.892
133,13.06 16:00,30.984
133,13.06 17:00,31.092
133,13.06 18:00,30.103
133,13.06 19:00,28.959
133,13.06 20:00,31.103
133,13.06 21:00,32.042
133,13.06 22:00,34.119
133,13.06 23:00,32.964
133,14.06 00:00,31.888
133,14.06 01:00,34.147
133,14.06 02:00,33.07
133,14.06 03:00,33.856
133,14.06 04:00,32.059
133,14.06 05:00,33.03
133,14.06 06:00,32.942
133,14.06 07:00,33.87
133,14.06 08:00,32.872
133,14.06 09:00,33.987
133,14.06 10:00,34.991
133,14.06 11:00,34.944
133,14.06 12:00,34.058
133,14.06 13:00,34.115
133,14.06 14:00,33.918
133,14.06 15:00,33.404
133,14.06 16:00,34.918
133,14.06 17:00,33.04
133,14.06 18:00,30.981
133,14.06 19:00,30.887
133,14.06 20:00,30.081
133,14.06 21:00,31.118
133,14.06 22:00,35.079
133,14.06 23:00,34.844
133,15.06 00:00,34.418
133,15.06 01:00,34.857
133,15.06 02:00,34.065
133,15.06 03:00,31.968
133,15.06 04:00,33.156
133,15.06 05:00,33.057
133,15.06 06:00,33.089
133,15.06 07:00,33.922
133,15.06 08:00,31.951
133,15.06 09:00,32.965
133,15.06 10:00,33.923
133,15.06 11:00,33.89
133,15.06 12:00,34.073
133,15.06 13:00,32.981
133,15.06 14:00,32.947
133,15.06 15:00,34.022
133,15.06 16:00,33.1
133,15.06 17:00,31.995
133,15.06 18:00,30.105
133,15.06 19:00,30.989
133,15.06 20:00,30.049
133,15.06 21:00,30.911
133,15.06 22:00,34.157
133,15.06 23:00,33.131
133,16.06 00:00,32.088
133,16.06 01:00,32.858
133,16.06 02:00,32.979
133,16.06 03:00,32.853
133,16.06 04:00,33.078
133,16.06 05:00,33.116
133,16.06 06:00,31.917
133,16.06 07:00,33.071
133,16.06 08:00,31.016
133,16.06 09:00,33.074
133,16.06 10:00,31.978
133,16.06 11:00,34.05
133,16.06 12:00,32.905
133,16.06 13:00,32.89
133,16.06 14:00,32.977
133,16.06 15:00,33.108
133,16.06 16:00,31.867
133,16.06 17:00,31.89
133,16.06 18:00,30.004
133,16.06 19:00,30.993
133,16.06 20:00,30.96
133,16.06 21:00,31.104
133,16.06 22:00,33.855
133,16.06 23:00,33.002
133,17.06 00:00,33.03
133,17.06 01:00,32.144
133,17.06 02:00,33.965
133,17.06 03:00,33.059
133,17.06 04:00,32.887
133,17.06 05:00,33.115
133,17.06 06:00,33.063
133,17.06 07:00,32.116
133,17.06 08:00,32.836
133,17.06 09:00,34.864
133,17.06 10:00,33.028
133,17.06 11:00,33.048
133,17.06 12:00,33.082
133,17.06 13:00,33.06
133,17.06 14:00,31.866
133,17.06 15:00,31.845
133,17.06 16:00,32.988
133,17.06 17:00,32.881
133,17.06 18:00,29.903
133,17.06 19:00,30.885
133,17.06 20:00,29.061
133,17.06 21:00,28.954
133,17.06 22:00,34.032
133,17.06 23:00,32.954
133,18.06 00:00,31.853
133,18.06 01:00,31.937
133,18.06 02:00,32.956
133,18.06 03:00,32.12
133,18.06 04:00,32.132
133,18.06 05:00,32.064
133,18.06 06:00,31.975
133,18.06 07:00,30.94
133,18.06 08:00,28.087
133,18.06 09:00,28.919
133,18.06 10:00,29.006
133,18.06 11:00,29.873
133,18.06 12:00,1.004
133,18.06 13:00,1.002
133,18.06 14:00,1.005
133,18.06 15:00,1.001
133,18.06 16:00,1.001
133,18.06 17:00,0.997
133,18.06 18:00,1.0
133,18.06 19:00,30.962
133,18.06 20:00,28.981
133,18.06 21:00,29.964
133,18.06 22:00,33.889
133,18.06 23:00,33.975
133,19.06 00:00,34.117
133,19.06 01:00,34.14
133,19.06 02:00,32.974
133,19.06 03:00,34.912
133,19.06 04:00,33.13
133,19.06 05:00,32.979
133,19.06 06:00,34.133
133,19.06 07:00,33.032
133,19.06 08:00,29.082
133,19.06 09:00,30.847
133,19.06 10:00,27.978
133,19.06 11:00,31.03
133,19.06 12:00,28.968
133,19.06 13:00,28.956
133,19.06 14:00,28.989
133,19.06 15:00,29.071
133,19.06 16:00,29.93
133,19.06 17:00,29.079
133,19.06 18:00,28.938
133,19.06 19:00,30.084
133,19.06 20:00,29.067
133,19.06 21:00,30.906
133,19.06 22:00,33.955
133,19.06 23:00,32.952
133,20.06 00:00,35.031
133,20.06 01:00,32.84
133,20.06 02:00,34.017
133,20.06 03:00,33.901
133,20.06 04:00,32.913
133,20.06 05:00,33.848
133,20.06 06:00,34.042
133,20.06 07:00,33.13
133,20.06 08:00,33.838
133,20.06 09:00,34.985
133,20.06 10:00,36.094
133,20.06 11:00,37.105
133,20.06 12:00,35.972
133,20.06 13:00,35.13
133,20.06 14:00,36.065
133,20.06 15:00,35.96
133,20.06 16:00,36.169
133,20.06 17:00,35.977
133,20.06 18:00,31.849
133,20.06 19:00,30.886
133,20.06 20:00,29.992
133,20.06 21:00,31.008
133,20.06 22:00,33.98
133,20.06 23:00,35.109
133,21.06 00:00,31.982
133,21.06 01:00,34.126
133,21.06 02:00,34.122
133,21.06 03:00,33.145
133,21.06 04:00,33.975
133,21.06 05:00,32.855
133,21.06 06:00,32.122
133,21.06 07:00,33.936
133,21.06 08:00,33.033
133,21.06 09:00,29.904
133,21.06 10:00,35.841
133,21.06 11:00,35.048
133,21.06 12:00,34.943
133,21.06 13:00,34.847
133,21.06 14:00,34.953
133,21.06 15:00,34.141
133,21.06 16:00,36.009
133,21.06 17:00,33.09
133,21.06 18:00,32.932
133,21.06 19:00,33.014
133,21.06 20:00,31.921
133,21.06 21:00,32.891
133,21.06 22:00,37.092
133,21.06 23:00,34.829
133,22.06 00:00,36.137
133,22.06 01:00,34.898
133,22.06 02:00,35.049
133,22.06 03:00,34.954
133,22.06 04:00,34.856
133,22.06 05:00,34.984
133,22.06 06:00,34.881
133,22.06 07:00,34.069
133,22.06 08:00,32.045
133,22.06 09:00,33.858
133,22.06 10:00,33.845
133,22.06 11:00,33.086
133,22.06 12:00,32.991
133,22.06 13:00,34.133
133,22.06 14:00,34.145
133,22.06 15:00,34.891
133,22.06 16:00,32.959
133,22.06 17:00,34.131
133,22.06 18:00,32.888
133,22.06 19:00,32.069
133,22.06 20:00,30.992
133,22.06 21:00,32.918
133,22.06 22:00,34.031
133,22.06 23:00,34.117
133,23.06 00:00,34.858
133,23.06 01:00,33.944
133,23.06 02:00,35.074
133,23.06 03:00,34.927
133,23.06 04:00,33.92
133,23.06 05:00,33.91
133,23.06 06:00,33.883
133,23.06 07:00,32.925
133,23.06 08:00,32.941
133,23.06 09:00,34.157
133,23.06 10:00,34.874
133,23.06 11:00,35.869
133,23.06 12:00,33.97
133,23.06 13:00,35.105
133,23.06 14:00,35.146
133,23.06 15:00,35.046
133,23.06 16:00,35.111
133,23.06 17:00,33.953
133,23.06 18:00,32.959
133,23.06 19:00,32.14
133,23.06 20:00,29.864
133,23.06 21:00,32.033
133,23.06 22:00,35.169
133,23.06 23:00,32.894
133,24.06 00:00,32.956
133,24.06 01:00,33.006
133,24.06 02:00,33.029
133,24.06 03:00,34.032
133,24.06 04:00,32.861
133,24.06 05:00,32.849
133,24.06 06:00,33.002
133,24.06 07:00,32.958
133,24.06 08:00,33.085
133,24.06 09:00,33.119
133,24.06 10:00,35.054
133,24.06 11:00,35.001
133,24.06 12:00,34.065
133,24.06 13:00,33.091
133,24.06 14:00,34.021
133,24.06 15:00,32.879
133,24.06 16:00,34.137
133,24.06 17:00,33.099
133,24.06 18:00,34.054
133,24.06 19:00,31.931
133,24.06 20:00,31.954
133,24.06 21:00,32.144
133,24.06 22:00,35.858
133,24.06 23:00,32.932
133,25.06 00:00,35.069
133,25.06 01:00,32.985
133,25.06 02:00,32.435
133,25.06 03:00,33.83
133,25.06 04:00,32.871
133,25.06 05:00,33.136
133,25.06 06:00,33.864
133,25.06 07:00,32.13
133,25.06 08:00,31.12
133,25.06 09:00,28.037
133,25.06 10:00,30.126
133,25.06 11:00,28.93
133,25.06 12:00,28.984
133,25.06 13:00,30.001
133,25.06 14:00,29.14
133,25.06 15:00,28.898
133,25.06 16:00,30.149
133,25.06 17:00,29.967
133,25.06 18:00,29.995
133,25.06 19:00,28.922
133,25.06 20:00,29.136
133,25.06 21:00,31.12
133,25.06 22:00,35.065
133,25.06 23:00,32.98
133,26.06 00:00,34.865
133,26.06 01:00,33.038
133,26.06 02:00,33.014
133,26.06 03:00,33.907
133,26.06 04:00,33.012
133,26.06 05:00,33.162
133,26.06 06:00,34.035
133,26.06 07:00,32.134
133,26.06 08:00,29.921
133,26.06 09:00,28.904
133,26.06 10:00,28.109
133,26.06 11:00,28.884
133,26.06 12:00,28.999
133,26.06 13:00,27.887
133,26.06 14:00,28.959
133,26.06 15:00,28.999
133,26.06 16:00,29.12
133,26.06 17:00,29.085
133,26.06 18:00,28.988
133,26.06 19:00,28.939
133,26.06 20:00,30.017
133,26.06 21:00,30.139
133,26.06 22:00,34.928
133,26.06 23:00,33.118
133,27.06 00:00,33.076
133,27.06 01:00,32.985
133,27.06 02:00,33.021
133,27.06 03:00,33.094
133,27.06 04:00,33.008
133,27.06 05:00,32.98
133,27.06 06:00,33.906
133,27.06 07:00,33.144
133,27.06 08:00,31.938
133,27.06 09:00,34.844
133,27.06 10:00,34.102
133,27.06 11:00,34.166
133,27.06 12:00,33.014
133,27.06 13:00,33.074
133,27.06 14:00,32.972
133,27.06 15:00,31.875
133,27.06 16:00,32.848
133,27.06 17:00,31.888
133,27.06 18:00,31.1
133,27.06 19:00,32.12
133,27.06 20:00,30.943
133,27.06 21:00,30.996
133,27.06 22:00,34.843
133,27.06 23:00,33.928
133,28.06 00:00,33.838
133,28.06 01:00,33.92
133,28.06 02:00,34.084
133,28.06 03:00,33.937
133,28.06 04:00,34.083
133,28.06 05:00,34.046
133,28.06 06:00,35.072
133,28.06 07:00,33.022
133,28.06 08:00,33.987
133,28.06 09:00,34.992
133,28.06 10:00,33.976
133,28.06 11:00,32.95
133,28.06 12:00,31.855
133,28.06 13:00,34.145
133,28.06 14:00,33.099
133,28.06 15:00,35.045
133,28.06 16:00,35.028
133,28.06 17:00,31.897
133,28.06 18:00,30.97
133,28.06 19:00,31.093
133,28.06 20:00,31.102
133,28.06 21:00,32.99
133,28.06 22:00,33.103
133,28.06 23:00,34.022
133,29.06 00:00,34.146
133,29.06 01:00,33.861
133,29.06 02:00,33.925
133,29.06 03:00,34.082
133,29.06 04:00,33.147
133,29.06 05:00,34.09
133,29.06 06:00,32.936
133,29.06 07:00,32.86
133,29.06 08:00,31.881
133,29.06 09:00,33.847
133,29.06 10:00,35.866
133,29.06 11:00,35.169
133,29.06 12:00,34.085
133,29.06 13:00,33.939
133,29.06 14:00,31.984
133,29.06 15:00,33.135
133,29.06 16:00,33.913
133,29.06 17:00,33.065
133,29.06 18:00,32.958
133,29.06 19:00,29.804
133,29.06 20:00,31.961
133,29.06 21:00,30.977
133,29.06 22:00,33.981
133,29.06 23:00,35.094
133,30.06 00:00,33.982
133,30.06 01:00,32.99
133,30.06 02:00,33.853
133,30.06 03:00,33.035
133,30.06 04:00,33.899
133,30.06 05:00,33.108
133,30.06 06:00,33.055
133,30.06 07:00,33.868
133,30.06 08:00,31.908
133,30.06 09:00,32.1
133,30.06 10:00,33.016
133,30.06 11:00,33.075
133,30.06 12:00,32.088
133,30.06 13:00,34.037
133,30.06 14:00,34.131
133,30.06 15:00,33.955
133,30.06 16:00,32.999
133,30.06 17:00,32.072
133,30.06 18:00,29.979
133,30.06 19:00,31.93
133,30.06 20:00,31.044
133,30.06 21:00,31.976
133,30.06 22:00,34.117
133,30.06 23:00,32.98
133,01.07 00:00,33.053
133,01.07 01:00,33.978
133,01.07 02:00,33.087
133,01.07 03:00,34.134
133,01.07 04:00,32.889
133,01.07 05:00,32.906
133,01.07 06:00,32.896
133,01.07 07:00,32.987
133,01.07 08:00,32.045
133,01.07 09:00,31.964
133,01.07 10:00,33.028
133,01.07 11:00,32.857
133,01.07 12:00,34.1
133,01.07 13:00,33.916
133,01.07 14:00,33.839
133,01.07 15:00,34.009
133,01.07 16:00,33.858
133,01.07 17:00,34.109
133,01.07 18:00,34.909
133,01.07 19:00,33.874
133,01.07 20:00,34.076
133,01.07 21:00,33.838
133,01.07 22:00,34.14
133,01.07 23:00,34.134
133,02.07 00:00,33.985
133,02.07 02:00,33.885
133,02.07 03:00,0.0
133,02.07 04:00,0.0
133,02.07 05:00,0.0
133,02.07 06:00,0.0
133,02.07 07:00,0.0
133,02.07 08:00,0.0
133,02.07 09:00,0.0
133,02.07 10:00,0.0
133,02.07 11:00,0.0
133,02.07 12:00,0.0
133,02.07 13:00,0.0
133,02.07 14:00,0.0
133,02.07 15:00,0.0
133,02.07 16:00,0.0
133,02.07 17:00,0.0
133,02.07 18:00,0.0
133,02.07 19:00,0.0
133,02.07 20:00,0.0
133,02.07 21:00,0.0
133,02.07 22:00,0.0
133,02.07 23:00,0.0
133,03.07 00:00,0.0
133,03.07 02:00,0.0
133,03.07 03:00,0.0
133,03.07 04:00,0.0
133,03.07 05:00,0.0
133,03.07 06:00,0.0
133,03.07 07:00,0.0
133,03.07 08:00,0.0
133,03.07 09:00,0.0
133,03.07 10:00,0.0
133,03.07 11:00,0.0
133,03.07 12:00,0.0
133,03.07 13:00,0.0
133,03.07 14:00,0.0
133,03.07 15:00,0.0
133,03.07 16:00,0.0
133,03.07 17:00,0.0
133,03.07 18:00,0.0
133,03.07 19:00,0.0
133,03.07 20:00,0.0
133,03.07 21:00,0.0
133,03.07 22:00,0.0
133,03.07 23:00,0.0
133,04.07 00:00,0.0
133,04.07 02:00,0.0
133,04.07 03:00,0.0
133,04.07 04:00,0.0
133,04.07 05:00,0.0
133,04.07 06:00,0.0
133,04.07 07:00,0.0
133,04.07 08:00,0.0
133,04.07 09:00,0.0
133,04.07 10:00,0.0
133,04.07 11:00,0.0
133,04.07 12:00,0.0
133,04.07 13:00,0.0
133,04.07 14:00,0.0
133,04.07 15:00,0.0
133,04.07 16:00,0.0
133,04.07 17:00,0.0
133,04.07 18:00,0.0
133,04.07 19:00,0.0
133,04.07 20:00,0.0
133,04.07 21:00,0.0
133,04.07 22:00,0.0
133,04.07 23:00,0.0
133,05.07 00:00,0.0
133,05.07 02:00,0.0
133,05.07 03:00,0.0
133,05.07 04:00,0.0
133,05.07 06:00,33.859
133,05.07 07:00,33.047
133,05.07 08:00,34.102
133,05.07 09:00,37.125
133,05.07 10:00,36.099
133,05.07 11:00,36.114
133,05.07 12:00,37.029
133,05.07 13:00,34.99
133,05.07 14:00,37.07
133,05.07 15:00,37.178
133,05.07 16:00,37.159
133,05.07 17:00,34.843
133,05.07 18:00,33.068
133,05.07 19:00,32.85
133,05.07 20:00,31.115
133,05.07 21:00,33.053
133,05.07 22:00,35.891
133,05.07 23:00,37.034
133,06.07 00:00,35.115
133,06.07 01:00,34.115
133,06.07 02:00,34.908
133,06.07 03:00,32.949
133,06.07 04:00,33.112
133,06.07 05:00,33.862
133,06.07 06:00,33.908
133,06.07 07:00,35.067
133,06.07 08:00,34.95
133,06.07 09:00,34.896
133,06.07 10:00,35.153
133,06.07 11:00,35.044
133,06.07 12:00,36.152
133,06.07 13:00,33.989
133,06.07 14:00,35.07
133,06.07 15:00,35.941
133,06.07 16:00,35.01
133,06.07 17:00,32.095
133,06.07 18:00,32.099
133,06.07 19:00,30.879
133,06.07 20:00,31.122
133,06.07 21:00,32.913
133,06.07 22:00,35.922
133,06.07 23:00,35.972
133,07.07 00:00,35.062
133,07.07 01:00,37.042
133,07.07 02:00,36.991
133,07.07 03:00,34.932
133,07.07 04:00,34.886
133,07.07 05:00,33.906
133,07.07 06:00,34.041
133,07.07 07:00,36.097
133,07.07 08:00,36.131
133,07.07 09:00,36.126
133,07.07 10:00,37.048
133,07.07 11:00,35.972
133,07.07 12:00,37.004
133,07.07 13:00,36.942
133,07.07 14:00,36.124
133,07.07 15:00,34.893
133,07.07 16:00,34.109
133,07.07 17:00,30.955
133,07.07 18:00,30.888
133,07.07 19:00,30.898
133,07.07 20:00,31.909
133,07.07 21:00,30.891
133,07.07 22:00,36.025
133,07.07 23:00,34.983
133,08.07 00:00,35.081
133,08.07 01:00,35.071
133,08.07 02:00,34.924
133,08.07 03:00,32.95
133,08.07 04:00,34.062
133,08.07 05:00,31.978
133,08.07 06:00,31.923
133,08.07 07:00,32.0
133,08.07 08:00,31.063
133,08.07 09:00,34.155
133,08.07 10:00,23.087
133,08.07 11:00,0.0
133,08.07 12:00,34.041
133,08.07 13:00,36.051
133,08.07 14:00,35.07
133,08.07 15:00,35.877
133,08.07 16:00,36.133
133,08.07 17:00,35.102
133,08.07 18:00,33.882
133,08.07 19:00,32.993
133,08.07 20:00,33.87
133,08.07 21:00,31.976
133,08.07 22:00,34.095
133,08.07 23:00,33.103
133,09.07 00:00,33.926
133,09.07 01:00,32.91
133,09.07 02:00,33.903
133,09.07 03:00,32.884
133,09.07 04:00,33.921
133,09.07 05:00,32.93
133,09.07 06:00,33.873
133,09.07 07:00,34.119
133,09.07 08:00,28.071
133,09.07 09:00,31.127
133,09.07 10:00,29.0
133,09.07 11:00,29.04
133,09.07 12:00,29.901
133,09.07 13:00,30.929
133,09.07 14:00,30.121
133,09.07 15:00,28.927
133,09.07 16:00,29.948
133,09.07 17:00,30.093
133,09.07 18:00,30.867
133,09.07 19:00,31.098
133,09.07 20:00,29.112
133,09.07 21:00,30.088
133,09.07 22:00,33.865
133,09.07 23:00,32.871
133,10.07 00:00,32.861
133,10.07 01:00,31.893
133,10.07 02:00,33.154
133,10.07 03:00,32.992
133,10.07 04:00,32.937
133,10.07 05:00,31.987
133,10.07 06:00,31.862
133,10.07 07:00,32.139
133,10.07 08:00,28.036
133,10.07 09:00,30.042
133,10.07 10:00,31.071
133,10.07 11:00,27.981
133,10.07 12:00,28.017
133,10.07 13:00,30.086
133,10.07 14:00,29.035
133,10.07 15:00,29.933
133,10.07 16:00,31.041
133,10.07 17:00,31.133
133,10.07 18:00,30.141
133,10.07 19:00,28.922
133,10.07 20:00,28.97
133,10.07 21:00,31.981
133,10.07 22:00,34.042
133,10.07 23:00,36.121
133,11.07 00:00,33.071
133,11.07 01:00,34.123
133,11.07 02:00,33.921
133,11.07 03:00,33.835
133,11.07 04:00,34.137
133,11.07 05:00,31.887
133,11.07 06:00,31.933
133,11.07 07:00,32.991
133,11.07 08:00,33.957
133,11.07 09:00,36.874
133,11.07 10:00,34.916
133,11.07 11:00,35.861
133,11.07 12:00,37.076
133,11.07 13:00,36.087
133,11.07 14:00,38.181
133,11.07 15:00,35.905
133,11.07 16:00,37.055
133,11.07 17:00,36.148
133,11.07 18:00,33.931
133,11.07 19:00,33.02
133,11.07 20:00,30.874
133,11.07 21:00,32.856
133,11.07 22:00,35.465
133,11.07 23:00,34.833
133,12.07 00:00,36.087
133,12.07 01:00,33.891
133,12.07 02:00,35.131
133,12.07 03:00,35.167
133,12.07 04:00,35.695
133,12.07 05:00,32.988
133,12.07 06:00,35.066
133,12.07 07:00,35.109
133,12.07 08:00,33.905
133,12.07 09:00,32.929
133,12.07 10:00,34.896
133,12.07 11:00,37.164
133,12.07 12:00,36.05
133,12.07 13:00,35.94
133,12.07 14:00,35.869
133,12.07 15:00,34.107
133,12.07 16:00,36.052
133,12.07 17:00,34.882
133,12.07 18:00,32.994
133,12.07 19:00,33.086
133,12.07 20:00,32.952
133,12.07 21:00,32.136
133,12.07 22:00,36.122
133,12.07 23:00,35.842
133,13.07 00:00,34.121
133,13.07 01:00,33.846
133,13.07 02:00,34.16
133,13.07 03:00,34.72
133,13.07 04:00,34.087
133,13.07 05:00,34.07
133,13.07 06:00,35.104
133,13.07 07:00,36.086
133,13.07 08:00,35.005
133,13.07 09:00,38.079
133,13.07 10:00,38.07
133,13.07 11:00,38.067
133,13.07 12:00,35.97
133,13.07 13:00,38.174
133,13.07 14:00,39.043
133,13.07 15:00,37.133
133,13.07 16:00,38.101
133,13.07 17:00,35.944
133,13.07 18:00,30.869
133,13.07 19:00,33.117
133,13.07 20:00,33.9
133,13.07 21:00,34.103
133,13.07 22:00,35.168
133,13.07 23:00,34.882
133,14.07 00:00,35.175
133,14.07 01:00,33.876
133,14.07 02:00,34.91
133,14.07 03:00,34.026
133,14.07 04:00,33.07
133,14.07 05:00,32.983
133,14.07 06:00,33.906
133,14.07 07:00,35.112
133,14.07 08:00,34.923
133,14.07 09:00,35.875
133,14.07 10:00,34.873
133,14.07 11:00,36.922
133,14.07 12:00,36.85
133,14.07 13:00,36.013
133,14.07 14:00,36.85
133,14.07 15:00,37.122
133,14.07 16:00,36.16
133,14.07 17:00,34.949
133,14.07 18:00,34.133
133,14.07 19:00,34.84
133,14.07 20:00,34.152
133,14.07 21:00,33.948
133,14.07 22:00,35.866
133,14.07 23:00,36.146
133,15.07 00:00,36.18
133,15.07 01:00,33.853
133,15.07 02:00,33.965
133,15.07 03:00,34.025
133,15.07 04:00,34.03
133,15.07 05:00,34.105
133,15.07 06:00,33.089
133,15.07 07:00,33.996
133,15.07 08:00,33.08
133,15.07 09:00,34.873
133,15.07 10:00,35.877
133,15.07 11:00,34.937
133,15.07 12:00,33.833
133,15.07 13:00,35.016
133,15.07 14:00,35.874
133,15.07 15:00,35.834
133,15.07 16:00,35.982
133,15.07 17:00,32.856
133,15.07 18:00,33.083
133,15.07 19:00,32.076
133,15.07 20:00,30.869
133,15.07 21:00,31.148
133,15.07 22:00,33.893
133,15.07 23:00,32.925
133,16.07 00:00,32.879
133,16.07 01:00,32.915
133,16.07 02:00,33.041
133,16.07 03:00,32.061
133,16.07 04:00,32.977
133,16.07 05:00,32.977
133,16.07 06:00,34.089
133,16.07 07:00,32.845
133,16.07 08:00,27.879
133,16.07 09:00,29.08
133,16.07 10:00,28.091
133,16.07 11:00,27.893
133,16.07 12:00,29.054
133,16.07 13:00,27.016
133,16.07 14:00,30.097
133,16.07 15:00,29.022
133,16.07 16:00,28.911
133,16.07 17:00,30.139
133,16.07 18:00,29.982
133,16.07 19:00,29.056
133,16.07 20:00,30.061
133,16.07 21:00,31.085
133,16.07 22:00,34.106
133,16.07 23:00,31.965
133,17.07 00:00,33.065
133,17.07 01:00,34.024
133,17.07 02:00,33.951
133,17.07 03:00,32.038
133,17.07 04:00,34.026
133,17.07 05:00,34.14
133,17.07 06:00,33.009
133,17.07 07:00,33.732
133,17.07 08:00,29.125
133,17.07 09:00,29.076
133,17.07 10:00,29.081
133,17.07 11:00,27.919
133,17.07 12:00,29.12
133,17.07 13:00,29.017
133,17.07 14:00,29.013
133,17.07 15:00,28.953
133,17.07 16:00,30.886
133,17.07 17:00,28.878
133,17.07 18:00,29.027
133,17.07 19:00,31.119
133,17.07 20:00,28.999
133,17.07 21:00,30.94
133,17.07 22:00,34.988
133,17.07 23:00,33.875
133,18.07 00:00,33.086
133,18.07 01:00,35.081
133,18.07 02:00,32.958
133,18.07 03:00,33.836
133,18.07 04:00,34.126
133,18.07 05:00,34.028
133,18.07 06:00,32.094
133,18.07 07:00,35.018
133,18.07 08:00,33.842
133,18.07 09:00,36.893
133,18.07 10:00,36.948
133,18.07 11:00,36.905
133,18.07 12:00,36.011
133,18.07 13:00,36.015
133,18.07 14:00,35.969
133,18.07 15:00,36.987
133,18.07 16:00,35.126
133,18.07 17:00,32.083
133,18.07 18:00,29.908
133,18.07 19:00,31.877
133,18.07 20:00,32.879
133,18.07 21:00,33.965
133,18.07 22:00,36.894
133,18.07 23:00,35.962
133,19.07 00:00,36.039
133,19.07 01:00,34.885
133,19.07 02:00,34.097
133,19.07 03:00,33.841
133,19.07 04:00,35.036
133,19.07 05:00,34.1
133,19.07 06:00,34.048
133,19.07 07:00,34.913
133,19.07 08:00,35.034
133,19.07 09:00,29.898
133,19.07 10:00,35.934
133,19.07 11:00,36.026
133,19.07 12:00,35.867
133,19.07 13:00,34.979
133,19.07 14:00,33.007
133,19.07 15:00,34.896
133,19.07 16:00,34.095
133,19.07 17:00,32.99
133,19.07 18:00,33.138
133,19.07 19:00,32.952
133,19.07 20:00,31.958
133,19.07 21:00,32.868
133,19.07 22:00,34.061
133,19.07 23:00,34.023
133,20.07 00:00,35.081
133,20.07 01:00,33.874
133,20.07 02:00,33.143
133,20.07 03:00,34.075
133,20.07 04:00,32.951
133,20.07 05:00,32.859
133,20.07 06:00,35.098
133,20.07 07:00,33.984
133,20.07 08:00,33.963
133,20.07 09:00,37.067
133,20.07 10:00,37.166
133,20.07 11:00,37.923
133,20.07 12:00,37.157
133,20.07 13:00,35.851
133,20.07 14:00,37.161
133,20.07 15:00,37.033
133,20.07 16:00,37.106
133,20.07 17:00,33.998
133,20.07 18:00,31.993
133,20.07 19:00,33.121
133,20.07 20:00,32.866
133,20.07 21:00,33.093
133,20.07 22:00,34.032
133,20.07 23:00,32.971
133,21.07 00:00,32.869
133,21.07 01:00,33.882
133,21.07 02:00,33.065
133,21.07 03:00,32.965
133,21.07 04:00,32.897
133,21.07 05:00,32.876
133,21.07 06:00,32.995
133,21.07 07:00,33.994
133,21.07 08:00,33.911
133,21.07 09:00,35.919
133,21.07 10:00,36.119
133,21.07 11:00,35.039
133,21.07 12:00,36.118
133,21.07 13:00,35.856
133,21.07 14:00,35.886
133,21.07 15:00,35.039
133,21.07 16:00,34.167
133,21.07 17:00,31.939
133,21.07 18:00,32.066
133,21.07 19:00,31.946
133,21.07 20:00,33.122
133,21.07 21:00,32.86
133,21.07 22:00,35.039
133,21.07 23:00,33.84
133,22.07 00:00,35.47
133,22.07 01:00,36.152
133,22.07 02:00,35.136
133,22.07 03:00,34.163
133,22.07 04:00,35.14
133,22.07 05:00,34.012
133,22.07 06:00,34.164
133,22.07 07:00,34.981
133,22.07 08:00,33.156
133,22.07 09:00,34.112
133,22.07 10:00,37.169
133,22.07 11:00,36.913
133,22.07 12:00,36.906
133,22.07 13:00,35.837
133,22.07 14:00,36.949
133,22.07 15:00,36.837
133,22.07 16:00,37.975
133,22.07 17:00,35.034
133,22.07 18:00,32.905
133,22.07 19:00,32.138
133,22.07 20:00,32.872
133,22.07 21:00,32.064
133,22.07 22:00,35.117
133,22.07 23:00,34.912
133,23.07 00:00,35.924
133,23.07 01:00,34.152
133,23.07 02:00,36.111
133,23.07 03:00,33.897
133,23.07 04:00,32.873
133,23.07 05:00,35.034
133,23.07 06:00,34.008
133,23.07 07:00,34.066
133,23.07 08:00,31.063
133,23.07 09:00,30.989
133,23.07 10:00,31.111
133,23.07 11:00,30.966
133,23.07 12:00,31.979
133,23.07 13:00,31.048
133,23.07 14:00,32.01
133,23.07 15:00,32.143
133,23.07 16:00,32.043
133,23.07 17:00,32.112
133,23.07 18:00,33.087
133,23.07 19:00,31.994
133,23.07 20:00,30.939
133,23.07 21:00,31.954
133,23.07 22:00,34.83
133,23.07 23:00,34.954
133,24.07 00:00,34.964
133,24.07 01:00,32.235
133,24.07 02:00,35.037
133,24.07 03:00,34.166
133,24.07 04:00,34.989
133,24.07 05:00,33.967
133,24.07 06:00,33.882
133,24.07 07:00,34.083
133,24.07 08:00,30.056
133,24.07 09:00,27.959
133,24.07 10:00,29.043
133,24.07 11:00,28.113
133,24.07 12:00,27.018
133,24.07 13:00,26.888
133,24.07 14:00,27.892
133,24.07 15:00,30.099
133,24.07 16:00,29.989
133,24.07 17:00,27.989
133,24.07 18:00,29.007
133,24.07 19:00,27.894
133,24.07 20:00,31.477
133,24.07 21:00,32.142
133,24.07 22:00,35.049
133,24.07 23:00,32.841
133,25.07 00:00,34.976
133,25.07 01:00,34.866
133,25.07 02:00,34.005
133,25.07 03:00,32.131
133,25.07 04:00,33.084
133,25.07 05:00,31.842
133,25.07 06:00,34.002
133,25.07 07:00,36.089
133,25.07 08:00,34.051
133,25.07 09:00,34.116
133,25.07 10:00,34.015
133,25.07 11:00,34.826
133,25.07 12:00,35.145
133,25.07 13:00,35.059
133,25.07 14:00,34.907
133,25.07 15:00,36.962
133,25.07 16:00,37.024
133,25.07 17:00,33.982
133,25.07 18:00,34.108
133,25.07 19:00,33.923
133,25.07 20:00,33.061
133,25.07 21:00,37.019
133,25.07 22:00,35.976
133,25.07 23:00,36.051
133,26.07 00:00,35.843
133,26.07 01:00,37.863
133,26.07 02:00,36.116
133,26.07 03:00,34.977
133,26.07 04:00,36.121
133,26.07 05:00,36.079
133,26.07 06:00,35.007
133,26.07 07:00,37.025
133,26.07 08:00,35.022
133,26.07 09:00,33.986
133,26.07 10:00,33.976
133,26.07 11:00,34.88
133,26.07 12:00,33.871
133,26.07 13:00,33.068
133,26.07 14:00,34.985
133,26.07 15:00,34.892
133,26.07 16:00,33.911
133,26.07 17:00,33.017
133,26.07 18:00,31.9
133,26.07 19:00,31.079
133,26.07 20:00,29.909
133,26.07 21:00,32.849
133,26.07 22:00,33.119
133,26.07 23:00,35.074
133,27.07 00:00,33.943
133,27.07 01:00,35.059
133,27.07 02:00,32.316
133,27.07 03:00,35.111
133,27.07 04:00,34.058
133,27.07 05:00,34.007
133,27.07 06:00,35.149
133,27.07 07:00,36.866
133,27.07 08:00,36.964
133,27.07 09:00,34.828
133,27.07 10:00,36.162
133,27.07 11:00,36.015
133,27.07 12:00,35.878
133,27.07 13:00,34.134
133,27.07 14:00,33.964
133,27.07 15:00,34.957
133,27.07 16:00,35.006
133,27.07 17:00,32.985
133,27.07 18:00,31.852
133,27.07 19:00,31.065
133,27.07 20:00,33.033
133,27.07 21:00,33.032
133,27.07 22:00,35.058
133,27.07 23:00,34.078
133,28.07 00:00,33.935
133,28.07 01:00,34.142
133,28.07 02:00,34.06
133,28.07 03:00,33.16
133,28.07 04:00,34.867
133,28.07 05:00,33.882
133,28.07 06:00,32.931
133,28.07 07:00,35.84
133,28.07 08:00,34.994
133,28.07 09:00,36.092
133,28.07 10:00,35.876
133,28.07 11:00,36.153
133,28.07 12:00,34.832
133,28.07 13:00,35.111
133,28.07 14:00,37.028
133,28.07 15:00,35.087
133,28.07 16:00,36.977
133,28.07 17:00,33.892
133,28.07 18:00,32.865
133,28.07 19:00,35.117
133,28.07 20:00,33.861
133,28.07 21:00,36.123
133,28.07 22:00,38.809
133,28.07 23:00,36.982
133,29.07 00:00,39.055
133,29.07 01:00,36.85
133,29.07 02:00,37.84
133,29.07 03:00,36.064
133,29.07 04:00,36.846
133,29.07 05:00,36.014
133,29.07 06:00,36.837
133,29.07 07:00,36.997
133,29.07 08:00,37.101
133,29.07 09:00,36.843
133,29.07 10:00,36.853
133,29.07 11:00,38.049
133,29.07 12:00,38.133
133,29.07 13:00,37.956
133,29.07 14:00,37.932
133,29.07 15:00,36.966
133,29.07 16:00,35.826
133,29.07 17:00,32.313
133,29.07 18:00,33.918
133,29.07 19:00,35.124
133,29.07 20:00,33.917
133,29.07 21:00,36.857
133,29.07 22:00,38.044
133,29.07 23:00,35.899
133,30.07 00:00,37.829
133,30.07 01:00,36.166
133,30.07 02:00,36.035
133,30.07 03:00,35.136
133,30.07 04:00,35.894
133,30.07 05:00,35.834
133,30.07 06:00,33.893
133,30.07 07:00,35.173
133,30.07 08:00,30.102
133,30.07 09:00,29.89
133,30.07 10:00,30.897
133,30.07 11:00,29.944
133,30.07 12:00,31.019
133,30.07 13:00,30.017
133,30.07 14:00,31.103
133,30.07 15:00,31.849
133,30.07 16:00,31.141
133,30.07 17:00,29.929
133,30.07 18:00,30.992
133,30.07 19:00,29.961
133,30.07 20:00,30.036
133,30.07 21:00,32.119
133,30.07 22:00,33.966
133,30.07 23:00,33.984
133,31.07 00:00,33.126
133,31.07 01:00,32.928
133,31.07 02:00,32.867
133,31.07 03:00,34.135
133,31.07 04:00,32.91
133,31.07 05:00,33.834
133,31.07 06:00,32.975
133,31.07 07:00,33.121
133,31.07 08:00,30.073
133,31.07 09:00,30.963
133,31.07 10:00,29.89
133,31.07 11:00,30.882
133,31.07 12:00,30.138
133,31.07 13:00,30.007
133,31.07 14:00,29.973
133,31.07 15:00,31.038
133,31.07 16:00,32.082
133,31.07 17:00,30.893
133,31.07 18:00,32.077
133,31.07 19:00,31.089
133,31.07 20:00,29.937
133,31.07 21:00,31.122
133,31.07 22:00,34.117
133,31.07 23:00,34.261
133,01.08 00:00,33.004
133,01.08 01:00,32.034
133,01.08 02:00,33.953
133,01.08 03:00,32.939
133,01.08 04:00,32.975
133,01.08 05:00,32.836
133,01.08 06:00,33.056
133,01.08 07:00,34.004
133,01.08 08:00,34.925
133,01.08 09:00,34.861
133,01.08 10:00,35.161
133,01.08 11:00,35.07
133,01.08 12:00,35.847
133,01.08 13:00,34.06
133,01.08 14:00,33.856
133,01.08 15:00,33.97
133,01.08 16:00,34.955
133,01.08 17:00,35.167
133,01.08 18:00,31.995
133,01.08 19:00,32.027
133,01.08 20:00,32.856
133,01.08 21:00,32.87
133,01.08 22:00,34.862
133,01.08 23:00,36.05
133,02.08 00:00,35.947
133,02.08 01:00,35.134
133,02.08 02:00,35.922
133,02.08 03:00,34.924
133,02.08 04:00,34.993
133,02.08 05:00,35.062
133,02.08 06:00,36.15
133,02.08 07:00,36.069
133,02.08 08:00,35.157
133,02.08 09:00,35.835
133,02.08 10:00,35.886
133,02.08 11:00,35.031
133,02.08 12:00,34.855
133,02.08 13:00,35.04
133,02.08 14:00,35.153
133,02.08 15:00,34.056
133,02.08 16:00,35.106
133,02.08 17:00,33.942
133,02.08 18:00,31.846
133,02.08 19:00,32.045
133,02.08 20:00,32.859
133,02.08 21:00,33.127
133,02.08 22:00,34.827
133,02.08 23:00,36.06
133,03.08 00:00,35.048
133,03.08 01:00,35.049
133,03.08 02:00,35.067
133,03.08 03:00,34.994
133,03.08 04:00,34.898
133,03.08 05:00,34.042
133,03.08 06:00,35.871
133,03.08 07:00,34.986
133,03.08 08:00,34.132
133,03.08 09:00,36.974
133,03.08 10:00,38.156
133,03.08 11:00,36.912
133,03.08 12:00,36.904
133,03.08 13:00,35.164
133,03.08 14:00,35.095
133,03.08 15:00,34.968
133,03.08 16:00,37.166
133,03.08 17:00,35.156
133,03.08 18:00,34.121
133,03.08 19:00,34.861
133,03.08 20:00,31.724
133,03.08 21:00,33.984
133,03.08 22:00,36.004
133,03.08 23:00,34.992
133,04.08 00:00,36.073
133,04.08 01:00,36.169
133,04.08 02:00,36.06
133,04.08 03:00,34.94
133,04.08 04:00,34.12
133,04.08 05:00,35.007
133,04.08 06:00,36.123
133,04.08 07:00,35.893
133,04.08 08:00,34.927
133,04.08 09:00,37.027
133,04.08 10:00,37.041
133,04.08 11:00,38.373
133,04.08 12:00,37.816
133,04.08 13:00,35.861
133,04.08 14:00,37.9
133,04.08 15:00,38.108
133,04.08 16:00,39.178
133,04.08 17:00,33.986
133,04.08 18:00,35.124
133,04.08 19:00,33.996
133,04.08 20:00,33.985
133,04.08 21:00,33.16
133,04.08 22:00,37.141
133,04.08 23:00,36.138
133,05.08 00:00,35.966
133,05.08 01:00,34.866
133,05.08 02:00,35.028
133,05.08 03:00,34.14
133,05.08 04:00,33.875
133,05.08 05:00,34.884
133,05.08 06:00,35.062
133,05.08 07:00,38.066
133,05.08 08:00,36.108
133,05.08 09:00,36.101
133,05.08 10:00,37.926
133,05.08 11:00,38.149
133,05.08 12:00,37.882
133,05.08 13:00,36.009
133,05.08 14:00,37.843
133,05.08 15:00,38.812
133,05.08 16:00,38.002
133,05.08 17:00,34.885
133,05.08 18:00,35.063
133,05.08 19:00,33.013
133,05.08 20:00,32.986
133,05.08 21:00,33.95
133,05.08 22:00,37.157
133,05.08 23:00,35.941
133,06.08 00:00,36.823
133,06.08 01:00,35.067
133,06.08 02:00,35.854
133,06.08 03:00,35.836
133,06.08 04:00,34.95
133,06.08 05:00,36.097
133,06.08 06:00,35.02
133,06.08 07:00,33.881
133,06.08 08:00,30.933
133,06.08 09:00,31.893
133,06.08 10:00,30.977
133,06.08 11:00,31.122
133,06.08 12:00,32.035
133,06.08 13:00,32.113
133,06.08 14:00,32.939
133,06.08 15:00,32.868
133,06.08 16:00,31.956
133,06.08 17:00,31.102
133,06.08 18:00,30.048
133,06.08 19:00,32.051
133,06.08 20:00,31.091
133,06.08 21:00,32.089
133,06.08 22:00,35.169
133,06.08 23:00,33.897
133,07.08 00:00,36.068
133,07.08 01:00,35.172
133,07.08 02:00,35.935
133,07.08 03:00,34.994
133,07.08 04:00,35.03
133,07.08 05:00,34.965
133,07.08 06:00,34.945
133,07.08 07:00,34.964
133,07.08 08:00,32.642
133,07.08 09:00,33.136
133,07.08 10:00,32.057
133,07.08 11:00,31.887
133,07.08 12:00,33.127
133,07.08 13:00,32.933
133,07.08 14:00,32.911
133,07.08 15:00,32.123
133,07.08 16:00,34.828
133,07.08 17:00,32.903
133,07.08 18:00,30.983
133,07.08 19:00,31.962
133,07.08 20:00,31.135
133,07.08 21:00,33.006
133,07.08 22:00,35.074
133,07.08 23:00,35.125
133,08.08 00:00,35.037
133,08.08 01:00,34.879
133,08.08 02:00,36.073
133,08.08 03:00,33.051
133,08.08 04:00,35.032
133,08.08 05:00,35.156
133,08.08 06:00,35.026
133,08.08 07:00,36.033
133,08.08 08:00,33.866
133,08.08 09:00,35.884
133,08.08 10:00,35.954
133,08.08 11:00,35.993
133,08.08 12:00,36.026
133,08.08 13:00,36.92
133,08.08 14:00,36.086
133,08.08 15:00,38.133
133,08.08 16:00,35.969
133,08.08 17:00,35.102
133,08.08 18:00,33.152
133,08.08 19:00,34.089
133,08.08 20:00,32.839
133,08.08 21:00,35.918
133,08.08 22:00,35.912
133,08.08 23:00,34.952
133,09.08 00:00,34.925
133,09.08 01:00,34.892
133,09.08 02:00,35.136
133,09.08 03:00,34.147
133,09.08 04:00,35.169
133,09.08 05:00,33.951
133,09.08 06:00,33.959
133,09.08 07:00,35.825
133,09.08 08:00,36.905
133,09.08 09:00,0.0
133,09.08 10:00,36.156
133,09.08 11:00,36.852
133,09.08 12:00,36.009
133,09.08 13:00,36.156
133,09.08 14:00,36.986
133,09.08 15:00,37.836
133,09.08 16:00,37.057
133,09.08 17:00,34.092
133,09.08 18:00,32.16
133,09.08 19:00,32.866
133,09.08 20:00,33.046
133,09.08 21:00,34.082
133,09.08 22:00,37.098
133,09.08 23:00,34.986
133,10.08 00:00,36.989
133,10.08 01:00,36.027
133,10.08 02:00,34.947
133,10.08 03:00,33.852
133,10.08 04:00,35.829
133,10.08 05:00,35.009
133,10.08 06:00,34.851
133,10.08 07:00,37.901
133,10.08 08:00,35.025
133,10.08 09:00,35.053
133,10.08 10:00,34.881
133,10.08 11:00,36.827
133,10.08 12:00,38.153
133,10.08 13:00,35.967
133,10.08 14:00,34.953
133,10.08 15:00,35.882
133,10.08 16:00,35.832
133,10.08 17:00,34.837
133,10.08 18:00,32.917
133,10.08 19:00,33.02
133,10.08 20:00,32.902
133,10.08 21:00,34.889
133,10.08 22:00,35.906
133,10.08 23:00,35.091
133,11.08 00:00,35.898
133,11.08 01:00,35.171
133,11.08 02:00,34.975
133,11.08 03:00,34.095
133,11.08 04:00,34.946
133,11.08 05:00,35.949
133,11.08 06:00,33.854
133,11.08 07:00,34.829
133,11.08 08:00,34.955
133,11.08 09:00,34.152
133,11.08 10:00,34.996
133,11.08 11:00,36.049
133,11.08 12:00,35.884
133,11.08 13:00,36.167
133,11.08 14:00,34.073
133,11.08 15:00,35.862
133,11.08 16:00,36.129
133,11.08 17:00,33.021
133,11.08 18:00,32.142
133,11.08 19:00,31.876
133,11.08 20:00,32.036
133,11.08 21:00,33.154
133,11.08 22:00,35.883
133,11.08 23:00,35.997
133,12.08 00:00,35.132
133,12.08 01:00,35.063
133,12.08 02:00,36.169
133,12.08 03:00,35.025
133,12.08 04:00,35.999
133,12.08 05:00,36.125
133,12.08 06:00,34.918
133,12.08 07:00,36.166
133,12.08 08:00,32.898
133,12.08 09:00,34.838
133,12.08 10:00,33.865
133,12.08 11:00,35.088
133,12.08 12:00,35.025
133,12.08 13:00,35.922
133,12.08 14:00,35.157
133,12.08 15:00,36.045
133,12.08 16:00,34.935
133,12.08 17:00,33.995
133,12.08 18:00,30.992
133,12.08 19:00,32.134
133,12.08 20:00,32.114
133,12.08 21:00,33.079
133,12.08 22:00,34.921
133,12.08 23:00,34.009
133,13.08 00:00,34.114
133,13.08 01:00,33.025
133,13.08 02:00,34.098
133,13.08 03:00,33.841
133,13.08 04:00,31.159
133,13.08 05:00,34.005
133,13.08 06:00,32.958
133,13.08 07:00,32.865
133,13.08 08:00,30.07
133,13.08 09:00,29.083
133,13.08 10:00,27.917
133,13.08 11:00,28.033
133,13.08 12:00,28.972
133,13.08 13:00,27.284
133,13.08 14:00,30.014
133,13.08 15:00,30.143
133,13.08 16:00,31.042
133,13.08 17:00,29.098
133,13.08 18:00,31.032
133,13.08 19:00,28.88
133,13.08 20:00,28.919
133,13.08 21:00,32.933
133,13.08 22:00,35.083
133,13.08 23:00,32.065
133,14.08 00:00,32.86
133,14.08 01:00,33.118
133,14.08 02:00,33.043
133,14.08 03:00,31.996
133,14.08 04:00,33.135
133,14.08 05:00,34.357
133,14.08 06:00,33.028
133,14.08 07:00,34.007
133,14.08 08:00,30.115
133,14.08 09:00,29.867
133,14.08 10:00,27.884
133,14.08 11:00,28.04
133,14.08 12:00,27.863
133,14.08 13:00,28.87
133,14.08 14:00,28.066
133,14.08 15:00,27.955
133,14.08 16:00,29.942
133,14.08 17:00,29.121
133,14.08 18:00,28.044
133,14.08 19:00,28.89
133,14.08 20:00,28.112
133,14.08 21:00,32.854
133,14.08 22:00,34.04
133,14.08 23:00,31.995
133,15.08 00:00,30.931
133,15.08 01:00,32.003
133,15.08 02:00,31.992
133,15.08 03:00,30.915
133,15.08 04:00,30.983
133,15.08 05:00,32.048
133,15.08 06:00,31.987
133,15.08 07:00,32.928
133,15.08 08:00,35.134
133,15.08 09:00,33.082
133,15.08 10:00,32.853
133,15.08 11:00,34.911
133,15.08 12:00,32.847
133,15.08 13:00,33.932
133,15.08 14:00,34.028
133,15.08 15:00,32.953
133,15.08 16:00,34.157
133,15.08 17:00,33.011
133,15.08 18:00,30.045
133,15.08 19:00,32.126
133,15.08 20:00,32.09
133,15.08 21:00,35.671
133,15.08 22:00,34.12
133,15.08 23:00,33.94
133,16.08 00:00,35.063
133,16.08 01:00,34.866
133,16.08 02:00,34.982
133,16.08 03:00,33.891
133,16.08 04:00,34.157
133,16.08 05:00,34.406
133,16.08 06:00,34.944
133,16.08 07:00,35.926
133,16.08 08:00,36.944
133,16.08 09:00,30.924
133,16.08 10:00,33.869
133,16.08 11:00,31.974
133,16.08 12:00,33.907
133,16.08 13:00,33.126
133,16.08 14:00,32.937
133,16.08 15:00,33.083
133,16.08 16:00,34.137
133,16.08 17:00,31.075
133,16.08 18:00,30.07
133,16.08 19:00,32.068
133,16.08 20:00,30.942
133,16.08 21:00,34.16
133,16.08 22:00,34.043
133,16.08 23:00,34.014
133,17.08 00:00,33.906
133,17.08 01:00,32.888
133,17.08 02:00,33.127
133,17.08 03:00,34.012
133,17.08 04:00,34.0
133,17.08 05:00,33.115
133,17.08 06:00,34.127
133,17.08 07:00,34.061
133,17.08 08:00,34.844
133,17.08 09:00,33.895
133,17.08 10:00,33.982
133,17.08 11:00,34.102
133,17.08 12:00,33.867
133,17.08 13:00,34.075
133,17.08 14:00,32.981
133,17.08 15:00,33.077
133,17.08 16:00,34.146
133,17.08 17:00,32.036
133,17.08 18:00,29.942
133,17.08 19:00,30.862
133,17.08 20:00,30.905
133,17.08 21:00,32.925
133,17.08 22:00,34.141
133,17.08 23:00,31.957
133,18.08 00:00,33.974
133,18.08 01:00,32.917
133,18.08 02:00,34.097
133,18.08 03:00,33.878
133,18.08 04:00,34.159
133,18.08 05:00,33.138
133,18.08 06:00,32.067
133,18.08 07:00,34.842
133,18.08 08:00,35.417
133,18.08 09:00,32.912
133,18.08 10:00,32.863
133,18.08 11:00,34.09
133,18.08 12:00,33.837
133,18.08 13:00,34.019
133,18.08 14:00,34.16
133,18.08 15:00,34.084
133,18.08 16:00,35.056
133,18.08 17:00,32.98
133,18.08 18:00,31.065
133,18.08 19:00,31.997
133,18.08 20:00,30.974
133,18.08 21:00,33.119
133,18.08 22:00,35.9
133,18.08 23:00,33.891
133,19.08 00:00,34.052
133,19.08 01:00,32.87
133,19.08 02:00,33.124
133,19.08 03:00,32.111
133,19.08 04:00,32.96
133,19.08 05:00,32.934
133,19.08 06:00,31.959
133,19.08 07:00,33.989
133,19.08 08:00,32.139
133,19.08 09:00,33.082
133,19.08 10:00,32.835
133,19.08 11:00,33.044
133,19.08 12:00,34.016
133,19.08 13:00,33.877
133,19.08 14:00,31.917
133,19.08 15:00,32.895
133,19.08 16:00,33.975
133,19.08 17:00,31.012
133,19.08 18:00,30.097
133,19.08 19:00,31.071
133,19.08 20:00,30.972
133,19.08 21:00,33.97
133,19.08 22:00,33.912
133,19.08 23:00,31.389
133,20.08 00:00,32.986
133,20.08 01:00,32.879
133,20.08 02:00,31.066
133,20.08 03:00,31.094
133,20.08 04:00,31.97
133,20.08 05:00,31.993
133,20.08 06:00,32.904
133,20.08 07:00,32.134
133,20.08 08:00,28.924
133,20.08 09:00,28.92
133,20.08 10:00,27.096
133,20.08 11:00,28.868
133,20.08 12:00,27.9
133,20.08 13:00,27.03
133,20.08 14:00,27.979
133,20.08 15:00,28.956
133,20.08 16:00,27.913
133,20.08 17:00,28.878
133,20.08 18:00,28.067
133,20.08 19:00,26.888
133,20.08 20:00,28.123
133,20.08 21:00,30.926
133,20.08 22:00,33.042
133,20.08 23:00,32.037
133,21.08 00:00,31.082
133,21.08 01:00,31.07
133,21.08 02:00,32.966
133,21.08 03:00,30.869
133,21.08 04:00,33.053
133,21.08 05:00,32.902
133,21.08 06:00,32.932
133,21.08 07:00,32.868
133,21.08 08:00,29.991
133,21.08 09:00,28.018
133,21.08 10:00,28.039
133,21.08 11:00,27.073
133,21.08 12:00,28.016
133,21.08 13:00,26.913
133,21.08 14:00,27.919
133,21.08 15:00,28.013
133,21.08 16:00,28.916
133,21.08 17:00,28.112
133,21.08 18:00,26.994
133,21.08 19:00,27.098
133,21.08 20:00,26.962
133,21.08 21:00,33.075
133,21.08 22:00,30.978
133,21.08 23:00,32.019
133,22.08 00:00,32.027
133,22.08 01:00,31.966
133,22.08 02:00,32.074
133,22.08 03:00,31.96
133,22.08 04:00,29.997
133,22.08 05:00,32.095
133,22.08 06:00,32.864
133,22.08 07:00,32.886
133,22.08 08:00,35.006
133,22.08 09:00,33.081
133,22.08 10:00,33.861
133,22.08 11:00,34.03
133,22.08 12:00,35.075
133,22.08 13:00,33.083
133,22.08 14:00,32.889
133,22.08 15:00,33.862
133,22.08 16:00,31.88
133,22.08 17:00,31.065
133,22.08 18:00,31.101
133,22.08 19:00,29.074
133,22.08 20:00,30.001
133,22.08 21:00,33.038
133,22.08 22:00,33.987
133,22.08 23:00,32.851
133,23.08 00:00,33.064
133,23.08 01:00,32.127
133,23.08 02:00,34.123
133,23.08 03:00,32.965
133,23.08 04:00,34.948
133,23.08 05:00,33.889
133,23.08 06:00,32.845
133,23.08 07:00,33.954
133,23.08 08:00,35.171
133,23.08 09:00,33.869
133,23.08 10:00,35.149
133,23.08 11:00,33.13
133,23.08 12:00,35.849
133,23.08 13:00,33.901
133,23.08 14:00,34.03
133,23.08 15:00,33.897
133,23.08 16:00,33.074
133,23.08 17:00,32.13
133,23.08 18:00,31.048
133,23.08 19:00,31.151
133,23.08 20:00,32.044
133,23.08 21:00,34.164
133,23.08 22:00,34.901
133,23.08 23:00,35.041
133,24.08 00:00,34.169
133,24.08 01:00,35.909
133,24.08 02:00,34.033
133,24.08 03:00,32.865
133,24.08 04:00,35.09
133,24.08 05:00,34.016
133,24.08 06:00,34.855
133,24.08 07:00,35.092
133,24.08 08:00,35.111
133,24.08 09:00,35.08
133,24.08 10:00,36.113
133,24.08 11:00,39.129
133,24.08 12:00,37.179
133,24.08 13:00,35.893
133,24.08 14:00,35.918
133,24.08 15:00,35.928
133,24.08 16:00,35.017
133,24.08 17:00,34.856
133,24.08 18:00,31.979
133,24.08 19:00,33.107
133,24.08 20:00,32.128
133,24.08 21:00,36.163
133,24.08 22:00,37.142
133,24.08 23:00,35.066
133,25.08 00:00,35.873
133,25.08 01:00,34.894
133,25.08 02:00,33.835
133,25.08 03:00,34.965
133,25.08 04:00,33.926
133,25.08 05:00,33.908
133,25.08 06:00,33.967
133,25.08 07:00,37.113
133,25.08 08:00,35.153
133,25.08 09:00,35.16
133,25.08 10:00,34.901
133,25.08 11:00,36.859
133,25.08 12:00,34.932
133,25.08 13:00,37.033
133,25.08 14:00,36.088
133,25.08 15:00,36.066
133,25.08 16:00,36.949
133,25.08 17:00,34.053
133,25.08 18:00,31.124
133,25.08 19:00,31.995
133,25.08 20:00,31.901
133,25.08 21:00,34.967
133,25.08 22:00,35.068
133,25.08 23:00,35.159
133,26.08 00:00,34.917
133,26.08 01:00,34.909
133,26.08 02:00,33.891
133,26.08 03:00,35.035
133,26.08 04:00,35.001
133,26.08 05:00,33.906
133,26.08 06:00,35.035
133,26.08 07:00,35.107
133,26.08 08:00,34.011
133,26.08 09:00,34.058
133,26.08 10:00,35.031
133,26.08 11:00,35.121
133,26.08 12:00,34.868
133,26.08 13:00,34.124
133,26.08 14:00,34.861
133,26.08 15:00,36.165
133,26.08 16:00,35.149
133,26.08 17:00,32.053
133,26.08 18:00,31.072
133,26.08 19:00,30.938
133,26.08 20:00,30.113
133,26.08 21:00,33.956
133,26.08 22:00,34.874
133,26.08 23:00,34.105
133,27.08 00:00,33.092
133,27.08 01:00,33.012
133,27.08 02:00,33.027
133,27.08 03:00,32.946
133,27.08 04:00,33.141
133,27.08 05:00,32.87
133,27.08 06:00,33.141
133,27.08 07:00,32.031
133,27.08 08:00,30.098
133,27.08 09:00,28.073
133,27.08 10:00,29.046
133,27.08 11:00,28.909
133,27.08 12:00,26.917
133,27.08 13:00,28.008
133,27.08 14:00,30.046
133,27.08 15:00,29.057
133,27.08 16:00,29.912
133,27.08 17:00,29.046
133,27.08 18:00,28.929
133,27.08 19:00,28.942
133,27.08 20:00,28.886
133,27.08 21:00,33.084
133,27.08 22:00,33.94
133,27.08 23:00,32.047
133,28.08 00:00,32.988
133,28.08 01:00,33.898
133,28.08 02:00,33.058
133,28.08 03:00,32.991
133,28.08 04:00,33.038
133,28.08 05:00,33.098
133,28.08 06:00,33.111
133,28.08 07:00,32.101
133,28.08 08:00,28.962
133,28.08 09:00,27.877
133,28.08 10:00,28.0
133,28.08 11:00,28.016
133,28.08 12:00,28.093
133,28.08 13:00,28.036
133,28.08 14:00,27.063
133,28.08 15:00,26.892
133,28.08 16:00,30.393
133,28.08 17:00,27.945
133,28.08 18:00,27.874
133,28.08 19:00,27.082
133,28.08 20:00,29.011
133,28.08 21:00,33.084
133,28.08 22:00,33.145
133,28.08 23:00,32.152
133,29.08 00:00,32.884
133,29.08 01:00,33.043
133,29.08 02:00,32.875
133,29.08 03:00,32.972
133,29.08 04:00,32.974
133,29.08 05:00,32.091
133,29.08 06:00,32.943
133,29.08 07:00,34.013
133,29.08 08:00,34.11
133,29.08 09:00,33.964
133,29.08 10:00,33.006
133,29.08 11:00,35.168
133,29.08 12:00,35.896
133,29.08 13:00,33.884
133,29.08 14:00,35.144
133,29.08 15:00,34.904
133,29.08 16:00,35.072
133,29.08 17:00,32.105
133,29.08 18:00,30.104
133,29.08 19:00,30.033
133,29.08 20:00,32.04
133,29.08 21:00,34.094
133,29.08 22:00,35.861
133,29.08 23:00,31.921
133,30.08 00:00,34.13
133,30.08 01:00,34.157
133,30.08 02:00,33.136
133,30.08 03:00,31.861
133,30.08 04:00,31.867
133,30.08 05:00,31.081
133,30.08 06:00,32.921
133,30.08 07:00,35.89
133,30.08 08:00,34.834
133,30.08 09:00,35.903
133,30.08 10:00,36.172
133,30.08 11:00,36.028
133,30.08 12:00,35.835
133,30.08 13:00,35.151
133,30.08 14:00,35.863
133,30.08 15:00,33.121
133,30.08 16:00,35.16
133,30.08 17:00,33.95
133,30.08 18:00,31.038
133,30.08 19:00,30.991
133,30.08 20:00,32.874
133,30.08 21:00,34.021
133,30.08 22:00,36.055
133,30.08 23:00,36.054
133,31.08 00:00,34.931
133,31.08 01:00,35.097
133,31.08 02:00,33.026
133,31.08 03:00,32.966
133,31.08 04:00,33.862
133,31.08 05:00,33.927
133,31.08 06:00,34.056
133,31.08 07:00,35.042
133,31.08 08:00,35.159
133,31.08 09:00,34.158
133,31.08 10:00,35.891
133,31.08 11:00,35.094
133,31.08 12:00,35.981
133,31.08 13:00,33.516
133,31.08 14:00,35.85
133,31.08 15:00,35.86
133,31.08 16:00,37.121
133,31.08 17:00,32.007
133,31.08 18:00,31.105
133,31.08 19:00,30.049
133,31.08 20:00,31.149
133,31.08 21:00,33.771
133,31.08 22:00,35.063
133,31.08 23:00,33.961
133,01.09 00:00,34.858
133,01.09 01:00,34.991
133,01.09 02:00,35.081
133,01.09 03:00,33.973
133,01.09 04:00,34.145
133,01.09 05:00,33.949
133,01.09 06:00,34.962
133,01.09 07:00,35.109
133,01.09 08:00,35.158
133,01.09 09:00,37.016
133,01.09 10:00,36.004
133,01.09 11:00,36.858
133,01.09 12:00,35.852
133,01.09 13:00,34.93
133,01.09 14:00,34.138
133,01.09 15:00,35.85
133,01.09 16:00,35.082
133,01.09 17:00,33.867
133,01.09 18:00,30.878
133,01.09 19:00,31.004
133,01.09 20:00,33.394
133,01.09 21:00,34.885
133,01.09 22:00,35.015
133,01.09 23:00,34.956
133,02.09 00:00,34.93
133,02.09 01:00,34.853
133,02.09 02:00,34.885
133,02.09 03:00,33.94
133,02.09 04:00,33.115
133,02.09 05:00,32.877
133,02.09 06:00,32.943
133,02.09 07:00,34.05
133,02.09 08:00,34.093
133,02.09 09:00,33.034
133,02.09 10:00,32.903
133,02.09 11:00,33.873
133,02.09 12:00,34.046
133,02.09 13:00,33.088
133,02.09 14:00,32.241
133,02.09 15:00,33.943
133,02.09 16:00,34.124
133,02.09 17:00,31.989
133,02.09 18:00,31.078
133,02.09 19:00,31.132
133,02.09 20:00,28.888
133,02.09 21:00,36.099
133,02.09 22:00,33.863
133,02.09 23:00,34.026
133,03.09 00:00,33.897
133,03.09 01:00,32.865
133,03.09 02:00,33.87
133,03.09 03:00,32.948
133,03.09 04:00,32.124
133,03.09 05:00,32.799
133,03.09 06:00,32.83
133,03.09 07:00,35.144
133,03.09 08:00,29.0
133,03.09 09:00,29.01
133,03.09 10:00,30.066
133,03.09 11:00,28.95
133,03.09 12:00,29.96
133,03.09 13:00,28.031
133,03.09 14:00,28.935
133,03.09 15:00,30.911
133,03.09 16:00,30.031
133,03.09 17:00,30.008
133,03.09 18:00,29.89
133,03.09 19:00,32.134
133,03.09 20:00,31.938
133,03.09 21:00,35.09
133,03.09 22:00,34.068
133,03.09 23:00,34.082
133,04.09 00:00,34.158
133,04.09 01:00,34.147
133,04.09 02:00,34.058
133,04.09 03:00,34.128
133,04.09 04:00,33.131
133,04.09 05:00,33.902
133,04.09 06:00,33.858
133,04.09 07:00,36.059
133,04.09 08:00,30.964
133,04.09 09:00,31.03
133,04.09 10:00,30.966
133,04.09 11:00,30.007
133,04.09 12:00,30.851
133,04.09 13:00,30.962
133,04.09 14:00,33.968
133,04.09 15:00,36.133
133,04.09 16:00,37.032
133,04.09 17:00,35.901
133,04.09 18:00,35.733
133,04.09 19:00,36.037
133,04.09 20:00,33.896
133,04.09 21:00,38.958
133,04.09 22:00,38.87
133,04.09 23:00,39.03
133,05.09 00:00,36.877
133,05.09 01:00,35.835
133,05.09 02:00,34.132
133,05.09 03:00,32.945
133,05.09 04:00,32.913
133,05.09 05:00,33.126
133,05.09 06:00,34.093
133,05.09 07:00,34.126
133,05.09 08:00,31.045
133,05.09 09:00,28.861
133,05.09 10:00,30.005
133,05.09 11:00,29.978
133,05.09 12:00,28.076
133,05.09 13:00,27.941
133,05.09 14:00,27.125
133,05.09 15:00,26.883
133,05.09 16:00,27.91
133,05.09 17:00,27.037
133,05.09 18:00,27.884
133,05.09 19:00,27.047
133,05.09 20:00,27.998
133,05.09 21:00,32.046
133,05.09 22:00,32.991
133,05.09 23:00,30.937
133,06.09 00:00,33.075
133,06.09 01:00,31.921
133,06.09 02:00,31.856
133,06.09 03:00,32.955
133,06.09 04:00,32.954
133,06.09 05:00,32.062
133,06.09 06:00,33.862
133,06.09 07:00,33.949
133,06.09 08:00,33.139
133,06.09 09:00,33.883
133,06.09 10:00,34.956
133,06.09 11:00,34.128
133,06.09 12:00,33.915
133,06.09 13:00,34.841
133,06.09 14:00,33.003
133,06.09 15:00,34.917
133,06.09 16:00,34.918
133,06.09 17:00,32.884
133,06.09 18:00,29.928
133,06.09 19:00,30.132
133,06.09 20:00,29.912
133,06.09 21:00,31.85
133,06.09 22:00,35.085
133,06.09 23:00,33.995
133,07.09 00:00,32.935
133,07.09 01:00,32.952
133,07.09 02:00,34.126
133,07.09 03:00,34.137
133,07.09 04:00,32.939
133,07.09 05:00,33.009
133,07.09 06:00,32.945
133,07.09 07:00,36.081
133,07.09 08:00,33.954
133,07.09 09:00,34.033
133,07.09 10:00,34.025
133,07.09 11:00,35.081
133,07.09 12:00,34.135
133,07.09 13:00,35.008
133,07.09 14:00,34.091
133,07.09 15:00,34.838
133,07.09 16:00,37.174
133,07.09 17:00,32.912
133,07.09 18:00,31.021
133,07.09 19:00,29.883
133,07.09 20:00,29.892
133,07.09 21:00,35.022
133,07.09 22:00,34.078
133,07.09 23:00,32.863
133,08.09 00:00,32.849
133,08.09 01:00,34.882
133,08.09 02:00,33.1
133,08.09 03:00,33.975
133,08.09 04:00,32.001
133,08.09 05:00,32.093
133,08.09 06:00,33.873
133,08.09 07:00,33.09
133,08.09 08:00,35.076
133,08.09 09:00,35.838
133,08.09 10:00,33.855
133,08.09 11:00,34.082
133,08.09 12:00,34.078
133,08.09 13:00,33.96
133,08.09 14:00,34.067
133,08.09 15:00,32.884
133,08.09 16:00,34.037
133,08.09 17:00,32.929
133,08.09 18:00,30.15
133,08.09 19:00,32.069
133,08.09 20:00,31.088
133,08.09 21:00,34.964
133,08.09 22:00,34.85
133,08.09 23:00,34.16
133,09.09 00:00,33.97
133,09.09 01:00,33.88
133,09.09 02:00,33.847
133,09.09 03:00,32.927
133,09.09 04:00,31.115
133,09.09 05:00,31.886
133,09.09 06:00,33.034
133,09.09 07:00,32.875
133,09.09 08:00,34.14
133,09.09 09:00,34.099
133,09.09 10:00,33.075
133,09.09 11:00,34.168
133,09.09 12:00,32.986
133,09.09 13:00,33.902
133,09.09 14:00,33.862
133,09.09 15:00,34.984
133,09.09 16:00,33.833
133,09.09 17:00,31.857
133,09.09 18:00,31.842
133,09.09 19:00,31.102
133,09.09 20:00,31.105
133,09.09 21:00,36.029
133,09.09 22:00,34.851
133,09.09 23:00,34.959
133,10.09 00:00,36.069
133,10.09 01:00,34.137
133,10.09 02:00,33.97
133,10.09 03:00,33.844
133,10.09 04:00,32.93
133,10.09 05:00,34.095
133,10.09 06:00,32.998
133,10.09 07:00,34.02
133,10.09 08:00,31.993
133,10.09 09:00,29.902
133,10.09 10:00,30.008
133,10.09 11:00,30.944
133,10.09 12:00,31.087
133,10.09 13:00,29.901
133,10.09 14:00,32.975
133,10.09 15:00,36.137
133,10.09 16:00,37.945
133,10.09 17:00,35.826
133,10.09 18:00,35.879
133,10.09 19:00,34.985
133,10.09 20:00,34.938
133,10.09 21:00,38.394
133,10.09 22:00,37.943
133,10.09 23:00,36.977
133,11.09 00:00,33.853
133,11.09 01:00,33.922
133,11.09 02:00,31.928
133,11.09 03:00,32.865
133,11.09 04:00,33.117
133,11.09 05:00,33.071
133,11.09 06:00,34.029
133,11.09 07:00,34.912
133,11.09 08:00,31.927
133,11.09 09:00,30.019
133,11.09 10:00,29.062
133,11.09 11:00,27.938
133,11.09 12:00,29.143
133,11.09 13:00,28.914
133,11.09 14:00,29.874
133,11.09 15:00,30.069
133,11.09 16:00,30.143
133,11.09 17:00,30.109
133,11.09 18:00,29.964
133,11.09 19:00,28.88
133,11.09 20:00,30.884
133,11.09 21:00,33.868
133,11.09 22:00,33.928
133,11.09 23:00,34.908
133,12.09 00:00,33.84
133,12.09 01:00,35.148
133,12.09 02:00,34.043
133,12.09 03:00,32.89
133,12.09 04:00,32.843
133,12.09 05:00,32.622
133,12.09 06:00,33.832
133,12.09 07:00,34.919
133,12.09 08:00,33.129
133,12.09 09:00,30.544
133,12.09 10:00,34.087
133,12.09 11:00,33.078
133,12.09 12:00,33.129
133,12.09 13:00,35.147
133,12.09 14:00,35.031
133,12.09 15:00,34.883
133,12.09 16:00,37.138
133,12.09 17:00,37.149
133,12.09 18:00,33.046
133,12.09 19:00,31.125
133,12.09 20:00,32.142
133,12.09 21:00,34.976
133,12.09 22:00,36.112
133,12.09 23:00,34.155
133,13.09 00:00,34.058
133,13.09 01:00,33.85
133,13.09 02:00,34.937
133,13.09 03:00,34.103
133,13.09 04:00,35.175
133,13.09 05:00,35.083
133,13.09 06:00,34.096
133,13.09 07:00,36.914
133,13.09 08:00,35.056
133,13.09 09:00,33.993
133,13.09 10:00,35.972
133,13.09 11:00,34.161
133,13.09 12:00,34.915
133,13.09 13:00,35.041
133,13.09 14:00,34.128
133,13.09 15:00,35.113
133,13.09 16:00,35.137
133,13.09 17:00,31.861
133,13.09 18:00,29.986
133,13.09 19:00,30.87
133,13.09 20:00,32.993
133,13.09 21:00,34.987
133,13.09 22:00,35.983
133,13.09 23:00,35.05
133,14.09 00:00,34.966
133,14.09 01:00,35.884
133,14.09 02:00,33.904
133,14.09 03:00,33.968
133,14.09 04:00,32.085
133,14.09 05:00,33.852
133,14.09 06:00,34.134
133,14.09 07:00,34.844
133,14.09 08:00,35.486
133,14.09 09:00,34.047
133,14.09 10:00,35.975
133,14.09 11:00,36.175
133,14.09 12:00,35.119
133,14.09 13:00,35.159
133,14.09 14:00,33.935
133,14.09 15:00,34.998
133,14.09 16:00,36.127
133,14.09 17:00,33.869
133,14.09 18:00,32.052
133,14.09 19:00,30.911
133,14.09 20:00,33.103
133,14.09 21:00,34.912
133,14.09 22:00,36.831
133,14.09 23:00,34.032
133,15.09 00:00,35.935
133,15.09 01:00,36.917
133,15.09 02:00,35.123
133,15.09 03:00,35.867
133,15.09 04:00,35.906
133,15.09 05:00,35.141
133,15.09 06:00,34.975
133,15.09 07:00,36.938
133,15.09 08:00,34.002
133,15.09 09:00,35.942
133,15.09 10:00,36.016
133,15.09 11:00,35.963
133,15.09 12:00,34.914
133,15.09 13:00,36.056
133,15.09 14:00,34.123
133,15.09 15:00,34.02
133,15.09 16:00,34.912
133,15.09 17:00,33.15
133,15.09 18:00,30.891
133,15.09 19:00,32.096
133,15.09 20:00,32.988
133,15.09 21:00,35.128
133,15.09 22:00,36.09
133,15.09 23:00,35.07
133,16.09 00:00,35.144
133,16.09 01:00,36.034
133,16.09 02:00,34.95
133,16.09 03:00,34.857
133,16.09 04:00,35.156
133,16.09 05:00,35.073
133,16.09 06:00,33.843
133,16.09 07:00,36.054
133,16.09 08:00,33.843
133,16.09 09:00,32.948
133,16.09 10:00,35.012
133,16.09 11:00,34.125
133,16.09 12:00,33.879
133,16.09 13:00,34.975
133,16.09 14:00,33.852
133,16.09 15:00,33.146
133,16.09 16:00,33.008
133,16.09 17:00,31.064
133,16.09 18:00,30.851
133,16.09 19:00,30.879
133,16.09 20:00,30.915
133,16.09 21:00,35.169
133,16.09 22:00,36.136
133,16.09 23:00,34.102
133,17.09 00:00,34.924
133,17.09 01:00,32.851
133,17.09 02:00,31.991
133,17.09 03:00,32.931
133,17.09 04:00,32.838
133,17.09 05:00,32.071
133,17.09 06:00,34.022
133,17.09 07:00,32.037
133,17.09 08:00,30.109
133,17.09 09:00,29.05
133,17.09 10:00,29.028
133,17.09 11:00,30.094
133,17.09 12:00,30.325
133,17.09 13:00,29.126
133,17.09 14:00,30.044
133,17.09 15:00,29.033
133,17.09 16:00,30.091
133,17.09 17:00,28.921
133,17.09 18:00,27.919
133,17.09 19:00,28.042
133,17.09 20:00,31.085
133,17.09 21:00,34.016
133,17.09 22:00,35.856
133,17.09 23:00,33.905
133,18.09 00:00,33.048
133,18.09 01:00,33.096
133,18.09 02:00,34.129
133,18.09 03:00,31.886
133,18.09 04:00,33.071
133,18.09 05:00,33.009
133,18.09 06:00,32.955
133,18.09 07:00,32.838
133,18.09 08:00,31.145
133,18.09 09:00,28.935
133,18.09 10:00,28.918
133,18.09 11:00,29.135
133,18.09 12:00,31.118
133,18.09 13:00,29.065
133,18.09 14:00,30.118
133,18.09 15:00,28.985
133,18.09 16:00,28.892
133,18.09 17:00,30.118
133,18.09 18:00,29.03
133,18.09 19:00,29.875
133,18.09 20:00,30.969
133,18.09 21:00,33.888
133,18.09 22:00,34.001
133,18.09 23:00,33.916
133,19.09 00:00,34.003
133,19.09 01:00,33.046
133,19.09 02:00,31.978
133,19.09 03:00,33.003
133,19.09 04:00,33.057
133,19.09 05:00,32.969
133,19.09 06:00,32.968
133,19.09 07:00,36.043
133,19.09 08:00,34.847
133,19.09 09:00,33.109
133,19.09 10:00,36.983
133,19.09 11:00,34.838
133,19.09 12:00,36.962
133,19.09 13:00,36.94
133,19.09 14:00,36.85
133,19.09 15:00,36.92
133,19.09 16:00,35.949
133,19.09 17:00,32.989
133,19.09 18:00,30.962
133,19.09 19:00,31.988
133,19.09 20:00,33.159
133,19.09 21:00,36.137
133,19.09 22:00,34.867
133,19.09 23:00,36.147
133,20.09 00:00,35.989
133,20.09 01:00,36.726
133,20.09 02:00,34.831
133,20.09 03:00,33.855
133,20.09 04:00,34.862
133,20.09 05:00,34.083
133,20.09 06:00,33.941
133,20.09 07:00,36.976
133,20.09 08:00,35.858
133,20.09 09:00,32.02
133,20.09 10:00,35.974
133,20.09 11:00,36.169
133,20.09 12:00,38.019
133,20.09 13:00,35.116
133,20.09 14:00,35.886
133,20.09 15:00,37.037
133,20.09 16:00,35.119
133,20.09 17:00,35.01
133,20.09 18:00,32.13
133,20.09 19:00,31.861
133,20.09 20:00,34.1
133,20.09 21:00,35.922
133,20.09 22:00,35.875
133,20.09 23:00,36.101
133,21.09 00:00,37.174
133,21.09 01:00,36.916
133,21.09 02:00,35.846
133,21.09 03:00,34.887
133,21.09 04:00,35.061
133,21.09 05:00,35.004
133,21.09 06:00,35.049
133,21.09 07:00,36.883
133,21.09 08:00,35.025
133,21.09 09:00,34.869
133,21.09 10:00,35.158
133,21.09 11:00,37.019
133,21.09 12:00,36.1
133,21.09 13:00,35.09
133,21.09 14:00,37.128
133,21.09 15:00,37.446
133,21.09 16:00,36.882
133,21.09 17:00,35.101
133,21.09 18:00,31.936
133,21.09 19:00,30.986
133,21.09 20:00,32.928
133,21.09 21:00,35.954
133,21.09 22:00,35.901
133,21.09 23:00,35.1
133,22.09 00:00,34.85
133,22.09 01:00,35.934
133,22.09 02:00,34.1
133,22.09 03:00,35.088
133,22.09 04:00,33.937
133,22.09 05:00,34.991
133,22.09 06:00,34.908
133,22.09 07:00,35.836
133,22.09 08:00,36.837
133,22.09 09:00,36.874
133,22.09 10:00,36.122
133,22.09 11:00,34.844
133,22.09 12:00,37.898
133,22.09 13:00,37.88
133,22.09 14:00,36.864
133,22.09 15:00,36.964
133,22.09 16:00,36.173
133,22.09 17:00,33.845
133,22.09 18:00,33.012
133,22.09 19:00,34.157
133,22.09 20:00,35.123
133,22.09 21:00,37.811
133,22.09 22:00,35.88
133,22.09 23:00,35.992
133,23.09 00:00,36.037
133,23.09 01:00,35.976
133,23.09 02:00,34.046
133,23.09 03:00,35.125
133,23.09 04:00,34.887
133,23.09 05:00,34.992
133,23.09 06:00,34.991
133,23.09 07:00,36.956
133,23.09 08:00,37.162
133,23.09 09:00,34.051
133,23.09 10:00,34.947
133,23.09 11:00,34.991
133,23.09 12:00,34.111
133,23.09 13:00,35.859
133,23.09 14:00,36.052
133,23.09 15:00,34.005
133,23.09 16:00,33.035
133,23.09 17:00,31.854
133,23.09 18:00,30.894
133,23.09 19:00,28.936
133,23.09 20:00,32.973
133,23.09 21:00,33.902
133,23.09 22:00,34.971
133,23.09 23:00,35.167
133,24.09 00:00,35.005
133,24.09 01:00,35.16
133,24.09 02:00,33.139
133,24.09 03:00,33.867
133,24.09 04:00,33.013
133,24.09 05:00,32.938
133,24.09 06:00,34.137
133,24.09 07:00,33.094
133,24.09 08:00,33.127
133,24.09 09:00,30.989
133,24.09 10:00,30.985
133,24.09 11:00,29.013
133,24.09 12:00,30.074
133,24.09 13:00,29.854
133,24.09 14:00,29.992
133,24.09 15:00,28.931
133,24.09 16:00,29.963
133,24.09 17:00,29.105
133,24.09 18:00,30.916
133,24.09 19:00,29.877
133,24.09 20:00,32.04
133,24.09 21:00,32.899
133,24.09 22:00,34.955
133,24.09 23:00,33.161
133,25.09 00:00,32.982
133,25.09 01:00,33.109
133,25.09 02:00,31.933
133,25.09 03:00,31.109
133,25.09 04:00,32.913
133,25.09 05:00,30.99
133,25.09 06:00,30.998
133,25.09 07:00,32.962
133,25.09 08:00,30.028
133,25.09 09:00,26.935
133,25.09 10:00,28.098
133,25.09 11:00,27.888
133,25.09 12:00,27.901
133,25.09 13:00,27.872
133,25.09 14:00,27.979
133,25.09 15:00,26.986
133,25.09 16:00,28.026
133,25.09 17:00,26.943
133,25.09 18:00,28.132
133,25.09 19:00,26.943
133,25.09 20:00,31.906
133,25.09 21:00,31.973
133,25.09 22:00,32.868
133,25.09 23:00,31.019
133,26.09 00:00,33.046
133,26.09 01:00,32.078
133,26.09 02:00,32.093
133,26.09 03:00,32.105
133,26.09 04:00,31.94
133,26.09 05:00,31.955
133,26.09 06:00,31.129
133,26.09 07:00,32.98
133,26.09 08:00,35.999
133,26.09 09:00,33.895
133,26.09 10:00,33.016
133,26.09 11:00,33.968
133,26.09 12:00,33.974
133,26.09 13:00,34.145
133,26.09 14:00,33.925
133,26.09 15:00,34.128
133,26.09 16:00,33.09
133,26.09 17:00,34.16
133,26.09 18:00,31.024
133,26.09 19:00,32.123
133,26.09 20:00,33.933
133,26.09 21:00,37.039
133,26.09 22:00,33.867
133,26.09 23:00,32.846
133,27.09 00:00,34.076
133,27.09 01:00,34.077
133,27.09 02:00,32.838
133,27.09 03:00,32.909
133,27.09 04:00,33.084
133,27.09 05:00,32.035
133,27.09 06:00,33.148
133,27.09 07:00,34.936
133,27.09 08:00,34.034
133,27.09 09:00,33.135
133,27.09 10:00,34.089
133,27.09 11:00,35.043
133,27.09 12:00,34.833
133,27.09 13:00,32.934
133,27.09 14:00,34.069
133,27.09 15:00,34.156
133,27.09 16:00,32.104
133,27.09 17:00,32.884
133,27.09 18:00,29.916
133,27.09 19:00,31.039
133,27.09 20:00,34.018
133,27.09 21:00,34.841
133,27.09 22:00,33.083
133,27.09 23:00,31.946
133,28.09 00:00,32.884
133,28.09 01:00,31.907
133,28.09 02:00,33.063
133,28.09 03:00,34.029
133,28.09 04:00,32.929
133,28.09 05:00,33.084
133,28.09 06:00,32.964
133,28.09 07:00,34.153
133,28.09 08:00,35.133
133,28.09 09:00,34.038
133,28.09 10:00,35.12
133,28.09 11:00,34.13
133,28.09 12:00,33.907
133,28.09 13:00,33.924
133,28.09 14:00,33.979
133,28.09 15:00,35.077
133,28.09 16:00,34.058
133,28.09 17:00,33.16
133,28.09 18:00,30.89
133,28.09 19:00,30.846
133,28.09 20:00,33.047
133,28.09 21:00,36.925
133,28.09 22:00,35.112
133,28.09 23:00,31.993
133,29.09 00:00,34.158
133,29.09 01:00,32.927
133,29.09 02:00,32.94
133,29.09 03:00,35.149
133,29.09 04:00,33.034
133,29.09 05:00,32.84
133,29.09 06:00,33.156
133,29.09 07:00,34.987
133,29.09 08:00,33.929
133,29.09 09:00,33.857
133,29.09 10:00,33.984
133,29.09 11:00,33.164
133,29.09 12:00,34.961
133,29.09 13:00,32.914
133,29.09 14:00,33.993
133,29.09 15:00,33.961
133,29.09 16:00,34.149
133,29.09 17:00,33.869
133,29.09 18:00,30.961
133,29.09 19:00,30.98
133,29.09 20:00,34.042
133,29.09 21:00,36.118
133,29.09 22:00,34.851
133,29.09 23:00,34.107
133,30.09 00:00,33.124
133,30.09 01:00,34.956
133,30.09 02:00,33.928
133,30.09 03:00,34.165
133,30.09 04:00,32.985
133,30.09 05:00,34.946
133,30.09 06:00,34.031
133,30.09 07:00,35.144
133,30.09 08:00,32.837
133,30.09 09:00,32.972
133,30.09 10:00,33.162
133,30.09 11:00,33.904
133,30.09 12:00,34.105
133,30.09 13:00,33.831
133,30.09 14:00,31.974
133,30.09 15:00,32.886
133,30.09 16:00,31.981
133,30.09 17:00,32.153
133,30.09 18:00,29.875
133,30.09 19:00,30.058
133,30.09 20:00,31.916
133,30.09 21:00,34.978
133,30.09 22:00,33.895
133,30.09 23:00,32.975
