134,01.03 00:00,57.981
134,01.03 01:00,54.797
134,01.03 02:00,53.042
134,01.03 03:00,55.267
134,01.03 04:00,54.087
134,01.03 05:00,55.255
134,01.03 06:00,82.225
134,01.03 07:00,85.386
134,01.03 08:00,106.297
134,01.03 09:00,114.871
134,01.03 10:00,121.559
134,01.03 11:00,123.779
134,01.03 12:00,125.01
134,01.03 13:00,120.683
134,01.03 14:00,117.468
134,01.03 15:00,117.92
134,01.03 16:00,119.508
134,01.03 17:00,114.438
134,01.03 18:00,113.502
134,01.03 19:00,107.78
134,01.03 20:00,94.263
134,01.03 21:00,93.782
134,01.03 22:00,79.888
134,01.03 23:00,57.115
134,02.03 00:00,51.976
134,02.03 01:00,51.13
134,02.03 02:00,50.224
134,02.03 03:00,52.072
134,02.03 04:00,51.841
134,02.03 05:00,52.837
134,02.03 06:00,82.838
134,02.03 07:00,90.092
134,02.03 08:00,106.538
134,02.03 09:00,112.029
134,02.03 10:00,127.063
134,02.03 11:00,130.474
134,02.03 12:00,132.724
134,02.03 13:00,136.172
134,02.03 14:00,136.208
134,02.03 15:00,136.541
134,02.03 16:00,137.61
134,02.03 17:00,124.584
134,02.03 18:00,85.111
134,02.03 19:00,77.928
134,02.03 20:00,76.083
134,02.03 21:00,78.734
134,02.03 22:00,74.281
134,02.03 23:00,59.096
134,03.03 00:00,77.054
134,03.03 01:00,81.061
134,03.03 02:00,81.7
134,03.03 03:00,83.171
134,03.03 04:00,84.367
134,03.03 05:00,83.585
134,03.03 06:00,86.312
134,03.03 07:00,90.176
134,03.03 08:00,107.073
134,03.03 09:00,116.812
134,03.03 10:00,121.757
134,03.03 11:00,128.504
134,03.03 12:00,132.385
134,03.03 13:00,132.952
134,03.03 14:00,137.548
134,03.03 15:00,139.355
134,03.03 16:00,136.374
134,03.03 17:00,126.851
134,03.03 18:00,91.692
134,03.03 19:00,84.762
134,03.03 20:00,82.825
134,03.03 21:00,84.276
134,03.03 22:00,72.995
134,03.03 23:00,60.858
134,04.03 00:00,76.977
134,04.03 01:00,85.769
134,04.03 02:00,84.822
134,04.03 03:00,85.747
134,04.03 04:00,84.083
134,04.03 05:00,83.943
134,04.03 06:00,99.206
134,04.03 07:00,116.061
134,04.03 08:00,127.219
134,04.03 09:00,135.332
134,04.03 10:00,139.483
134,04.03 11:00,139.629
134,04.03 12:00,135.456
134,04.03 13:00,143.182
134,04.03 14:00,141.322
134,04.03 15:00,145.958
134,04.03 16:00,146.392
134,04.03 17:00,146.209
134,04.03 18:00,144.22
134,04.03 19:00,114.881
134,04.03 20:00,112.405
134,04.03 21:00,102.454
134,04.03 22:00,97.941
134,04.03 23:00,84.408
134,05.03 00:00,78.342
134,05.03 01:00,77.36
134,05.03 02:00,72.767
134,05.03 03:00,73.304
134,05.03 04:00,70.941
134,05.03 05:00,72.813
134,05.03 06:00,92.673
134,05.03 07:00,120.71
134,05.03 08:00,120.827
134,05.03 09:00,121.429
134,05.03 10:00,118.441
134,05.03 11:00,124.375
134,05.03 12:00,124.524
134,05.03 13:00,120.496
134,05.03 14:00,116.315
134,05.03 15:00,109.226
134,05.03 16:00,98.236
134,05.03 17:00,96.276
134,05.03 18:00,79.006
134,05.03 19:00,78.952
134,05.03 20:00,79.257
134,05.03 21:00,79.321
134,05.03 22:00,78.164
134,05.03 23:00,81.097
134,06.03 00:00,79.732
134,06.03 01:00,80.699
134,06.03 02:00,75.051
134,06.03 03:00,76.889
134,06.03 04:00,76.374
134,06.03 05:00,75.8
134,06.03 06:00,75.735
134,06.03 07:00,74.714
134,06.03 08:00,71.282
134,06.03 09:00,68.954
134,06.03 10:00,67.845
134,06.03 11:00,67.804
134,06.03 12:00,70.051
134,06.03 13:00,68.975
134,06.03 14:00,68.812
134,06.03 15:00,67.776
134,06.03 16:00,67.717
134,06.03 17:00,69.323
134,06.03 18:00,72.866
134,06.03 19:00,72.117
134,06.03 20:00,72.935
134,06.03 21:00,72.331
134,06.03 22:00,73.826
134,06.03 23:00,72.899
134,07.03 00:00,73.242
134,07.03 01:00,73.35
134,07.03 02:00,76.202
134,07.03 03:00,74.339
134,07.03 04:00,73.043
134,07.03 05:00,72.13
134,07.03 06:00,91.211
134,07.03 07:00,98.293
134,07.03 08:00,108.466
134,07.03 09:00,116.086
134,07.03 10:00,121.443
134,07.03 11:00,126.689
134,07.03 12:00,126.664
134,07.03 13:00,126.49
134,07.03 14:00,128.485
134,07.03 15:00,126.364
134,07.03 16:00,128.806
134,07.03 17:00,127.212
134,07.03 18:00,115.068
134,07.03 19:00,112.689
134,07.03 20:00,110.758
134,07.03 21:00,91.827
134,07.03 22:00,91.919
134,07.03 23:00,63.68
134,08.03 00:00,63.853
134,08.03 01:00,62.901
134,08.03 02:00,64.306
134,08.03 03:00,63.254
134,08.03 04:00,63.141
134,08.03 05:00,62.259
134,08.03 06:00,87.397
134,08.03 07:00,86.972
134,08.03 08:00,102.759
134,08.03 09:00,118.323
134,08.03 10:00,129.911
134,08.03 11:00,128.403
134,08.03 12:00,129.618
134,08.03 13:00,126.491
134,08.03 14:00,131.785
134,08.03 15:00,130.306
134,08.03 16:00,121.245
134,08.03 17:00,121.563
134,08.03 18:00,113.686
134,08.03 19:00,104.702
134,08.03 20:00,98.077
134,08.03 21:00,107.345
134,08.03 22:00,89.931
134,08.03 23:00,57.772
134,09.03 00:00,55.848
134,09.03 01:00,56.99
134,09.03 02:00,59.249
134,09.03 03:00,57.16
134,09.03 04:00,57.823
134,09.03 05:00,55.952
134,09.03 06:00,82.651
134,09.03 07:00,98.682
134,09.03 08:00,110.402
134,09.03 09:00,112.925
134,09.03 10:00,119.507
134,09.03 11:00,126.151
134,09.03 12:00,127.385
134,09.03 13:00,126.675
134,09.03 14:00,127.115
134,09.03 15:00,139.074
134,09.03 16:00,135.781
134,09.03 17:00,124.488
134,09.03 18:00,122.044
134,09.03 19:00,112.753
134,09.03 20:00,102.891
134,09.03 21:00,102.071
134,09.03 22:00,95.351
134,09.03 23:00,68.937
134,10.03 00:00,64.966
134,10.03 01:00,65.976
134,10.03 02:00,65.252
134,10.03 03:00,65.825
134,10.03 04:00,66.84
134,10.03 05:00,67.038
134,10.03 06:00,88.214
134,10.03 07:00,87.636
134,10.03 08:00,102.915
134,10.03 09:00,116.391
134,10.03 10:00,120.633
134,10.03 11:00,132.238
134,10.03 12:00,138.609
134,10.03 13:00,134.295
134,10.03 14:00,137.005
134,10.03 15:00,135.552
134,10.03 16:00,128.556
134,10.03 17:00,123.958
134,10.03 18:00,108.545
134,10.03 19:00,108.888
134,10.03 20:00,101.792
134,10.03 21:00,91.235
134,10.03 22:00,91.297
134,10.03 23:00,63.274
134,11.03 00:00,62.972
134,11.03 01:00,61.708
134,11.03 02:00,62.951
134,11.03 03:00,62.97
134,11.03 04:00,62.877
134,11.03 05:00,62.982
134,11.03 06:00,94.227
134,11.03 07:00,93.789
134,11.03 08:00,112.835
134,11.03 09:00,120.895
134,11.03 10:00,133.65
134,11.03 11:00,136.991
134,11.03 12:00,142.49
134,11.03 13:00,139.052
134,11.03 14:00,134.085
134,11.03 15:00,117.729
134,11.03 16:00,107.405
134,11.03 17:00,101.719
134,11.03 18:00,105.81
134,11.03 19:00,77.709
134,11.03 20:00,76.769
134,11.03 21:00,80.237
134,11.03 22:00,75.914
134,11.03 23:00,65.229
134,12.03 00:00,66.831
134,12.03 01:00,67.286
134,12.03 02:00,67.232
134,12.03 03:00,67.999
134,12.03 04:00,67.784
134,12.03 05:00,67.759
134,12.03 06:00,80.67
134,12.03 07:00,94.537
134,12.03 08:00,94.434
134,12.03 09:00,92.631
134,12.03 10:00,100.383
134,12.03 11:00,92.9
134,12.03 12:00,87.989
134,12.03 13:00,89.725
134,12.03 14:00,84.683
134,12.03 15:00,85.893
134,12.03 16:00,82.924
134,12.03 17:00,77.868
134,12.03 18:00,59.135
134,12.03 19:00,57.728
134,12.03 20:00,59.019
134,12.03 21:00,58.99
134,12.03 22:00,58.959
134,12.03 23:00,60.156
134,13.03 00:00,58.85
134,13.03 01:00,61.236
134,13.03 02:00,61.211
134,13.03 04:00,61.902
134,13.03 05:00,63.942
134,13.03 06:00,64.204
134,13.03 07:00,72.828
134,13.03 08:00,69.828
134,13.03 09:00,62.88
134,13.03 10:00,60.946
134,13.03 11:00,59.15
134,13.03 12:00,56.755
134,13.03 13:00,58.964
134,13.03 14:00,62.116
134,13.03 15:00,58.846
134,13.03 16:00,56.215
134,13.03 17:00,56.167
134,13.03 18:00,53.016
134,13.03 19:00,58.9
134,13.03 20:00,60.963
134,13.03 21:00,57.952
134,13.03 22:00,57.816
134,13.03 23:00,60.743
134,14.03 00:00,57.968
134,14.03 01:00,57.913
134,14.03 02:00,58.235
134,14.03 03:00,58.018
134,14.03 04:00,60.134
134,14.03 05:00,59.748
134,14.03 06:00,84.337
134,14.03 07:00,89.298
134,14.03 08:00,100.994
134,14.03 09:00,105.853
134,14.03 10:00,108.966
134,14.03 11:00,110.463
134,14.03 12:00,111.549
134,14.03 13:00,113.462
134,14.03 14:00,121.266
134,14.03 15:00,127.915
134,14.03 16:00,130.217
134,14.03 17:00,124.25
134,14.03 18:00,102.853
134,14.03 19:00,98.788
134,14.03 20:00,97.125
134,14.03 21:00,94.722
134,14.03 22:00,88.31
134,14.03 23:00,63.286
134,15.03 00:00,62.798
134,15.03 01:00,61.895
134,15.03 02:00,60.73
134,15.03 03:00,61.193
134,15.03 04:00,58.832
134,15.03 05:00,60.043
134,15.03 06:00,87.431
134,15.03 07:00,87.381
134,15.03 08:00,106.847
134,15.03 09:00,115.713
134,15.03 10:00,116.027
134,15.03 11:00,114.138
134,15.03 12:00,115.776
134,15.03 13:00,126.51
134,15.03 14:00,130.182
134,15.03 15:00,129.257
134,15.03 16:00,127.64
134,15.03 17:00,116.701
134,15.03 18:00,97.727
134,15.03 19:00,91.166
134,15.03 20:00,92.587
134,15.03 21:00,89.856
134,15.03 22:00,87.359
134,15.03 23:00,55.726
134,16.03 00:00,51.874
134,16.03 01:00,51.059
134,16.03 02:00,53.949
134,16.03 03:00,51.021
134,16.03 04:00,52.141
134,16.03 05:00,53.786
134,16.03 06:00,85.058
134,16.03 07:00,83.059
134,16.03 08:00,98.222
134,16.03 09:00,105.956
134,16.03 10:00,112.106
134,16.03 11:00,110.807
134,16.03 12:00,112.298
134,16.03 13:00,112.589
134,16.03 14:00,126.603
134,16.03 15:00,125.822
134,16.03 16:00,119.277
134,16.03 17:00,115.565
134,16.03 18:00,97.749
134,16.03 19:00,92.606
134,16.03 20:00,94.323
134,16.03 21:00,87.214
134,16.03 22:00,89.946
134,16.03 23:00,61.109
134,17.03 00:00,55.96
134,17.03 01:00,57.181
134,17.03 02:00,57.087
134,17.03 03:00,56.27
134,17.03 04:00,54.851
134,17.03 05:00,57.149
134,17.03 06:00,90.163
134,17.03 07:00,87.056
134,17.03 08:00,91.905
134,17.03 09:00,101.314
134,17.03 10:00,113.455
134,17.03 11:00,115.499
134,17.03 12:00,115.356
134,17.03 13:00,113.585
134,17.03 14:00,113.23
134,17.03 15:00,110.805
134,17.03 16:00,110.481
134,17.03 17:00,110.808
134,17.03 18:00,95.296
134,17.03 19:00,98.058
134,17.03 20:00,91.435
134,17.03 21:00,88.043
134,17.03 22:00,87.688
134,17.03 23:00,63.766
134,18.03 00:00,62.077
134,18.03 01:00,57.167
134,18.03 02:00,53.262
134,18.03 03:00,53.948
134,18.03 04:00,52.97
134,18.03 05:00,53.899
134,18.03 06:00,89.913
134,18.03 07:00,88.671
134,18.03 08:00,92.954
134,18.03 09:00,103.555
134,18.03 10:00,112.325
134,18.03 11:00,119.647
134,18.03 12:00,115.281
134,18.03 13:00,99.792
134,18.03 14:00,97.894
134,18.03 15:00,93.828
134,18.03 16:00,95.316
134,18.03 17:00,93.737
134,18.03 18:00,90.652
134,18.03 19:00,68.21
134,18.03 20:00,75.213
134,18.03 21:00,66.871
134,18.03 22:00,65.102
134,18.03 23:00,65.876
134,19.03 00:00,58.755
134,19.03 01:00,56.852
134,19.03 02:00,56.748
134,19.03 03:00,59.135
134,19.03 04:00,56.139
134,19.03 05:00,56.846
134,19.03 06:00,61.184
134,19.03 07:00,87.675
134,19.03 08:00,91.742
134,19.03 09:00,86.643
134,19.03 10:00,87.722
134,19.03 11:00,90.379
134,19.03 12:00,87.342
134,19.03 13:00,95.56
134,19.03 14:00,94.033
134,19.03 15:00,84.689
134,19.03 16:00,83.299
134,19.03 17:00,82.38
134,19.03 18:00,56.968
134,19.03 19:00,58.119
134,19.03 20:00,62.738
134,19.03 21:00,61.824
134,19.03 22:00,63.75
134,19.03 23:00,64.927
134,20.03 00:00,61.903
134,20.03 01:00,61.069
134,20.03 02:00,57.041
134,20.03 03:00,57.822
134,20.03 04:00,55.898
134,20.03 05:00,54.963
134,20.03 06:00,54.908
134,20.03 07:00,58.553
134,20.03 08:00,58.76
134,20.03 09:00,59.069
134,20.03 10:00,53.965
134,20.03 11:00,54.966
134,20.03 12:00,58.139
134,20.03 13:00,59.248
134,20.03 14:00,56.24
134,20.03 15:00,52.011
134,20.03 16:00,51.094
134,20.03 17:00,52.908
134,20.03 18:00,50.134
134,20.03 19:00,50.874
134,20.03 20:00,54.147
134,20.03 21:00,55.087
134,20.03 22:00,53.106
134,20.03 23:00,53.263
134,21.03 00:00,54.228
134,21.03 01:00,53.977
134,21.03 02:00,53.039
134,21.03 03:00,55.05
134,21.03 04:00,54.81
134,21.03 05:00,55.199
134,21.03 06:00,100.088
134,21.03 07:00,99.824
134,21.03 08:00,109.943
134,21.03 09:00,120.659
134,21.03 10:00,127.166
134,21.03 11:00,127.698
134,21.03 12:00,129.625
134,21.03 13:00,125.771
134,21.03 14:00,128.376
134,21.03 15:00,127.918
134,21.03 16:00,129.163
134,21.03 17:00,130.33
134,21.03 18:00,119.198
134,21.03 19:00,107.854
134,21.03 20:00,104.815
134,21.03 21:00,105.887
134,21.03 22:00,100.394
134,21.03 23:00,62.163
134,22.03 00:00,59.282
134,22.03 01:00,55.835
134,22.03 02:00,52.764
134,22.03 03:00,52.848
134,22.03 04:00,52.041
134,22.03 05:00,52.879
134,22.03 06:00,88.983
134,22.03 07:00,89.441
134,22.03 08:00,95.873
134,22.03 09:00,112.399
134,22.03 10:00,122.034
134,22.03 11:00,125.994
134,22.03 12:00,129.841
134,22.03 13:00,128.885
134,22.03 14:00,132.126
134,22.03 15:00,129.081
134,22.03 16:00,128.573
134,22.03 17:00,126.037
134,22.03 18:00,107.375
134,22.03 19:00,103.482
134,22.03 20:00,103.552
134,22.03 21:00,104.972
134,22.03 22:00,103.146
134,22.03 23:00,90.084
134,23.03 00:00,78.347
134,23.03 01:00,51.145
134,23.03 02:00,50.896
134,23.03 03:00,49.866
134,23.03 04:00,52.791
134,23.03 05:00,53.081
134,23.03 06:00,81.995
134,23.03 07:00,87.852
134,23.03 08:00,97.964
134,23.03 09:00,116.14
134,23.03 10:00,130.874
134,23.03 11:00,136.495
134,23.03 12:00,137.687
134,23.03 13:00,136.538
134,23.03 14:00,136.895
134,23.03 15:00,129.964
134,23.03 16:00,126.812
134,23.03 17:00,117.529
134,23.03 18:00,104.82
134,23.03 19:00,99.896
134,23.03 20:00,102.377
134,23.03 21:00,91.795
134,23.03 22:00,91.865
134,23.03 23:00,59.929
134,24.03 00:00,53.861
134,24.03 01:00,53.968
134,24.03 02:00,54.031
134,24.03 03:00,53.785
134,24.03 04:00,53.203
134,24.03 05:00,56.034
134,24.03 06:00,82.834
134,24.03 07:00,87.795
134,24.03 08:00,98.431
134,24.03 09:00,109.137
134,24.03 10:00,122.883
134,24.03 11:00,126.375
134,24.03 12:00,139.218
134,24.03 13:00,132.339
134,24.03 14:00,127.622
134,24.03 15:00,121.741
134,24.03 16:00,119.954
134,24.03 17:00,116.381
134,24.03 18:00,99.536
134,24.03 19:00,94.419
134,24.03 20:00,103.161
134,24.03 21:00,89.208
134,24.03 22:00,84.132
134,24.03 23:00,60.936
134,25.03 00:00,66.814
134,25.03 01:00,62.132
134,25.03 02:00,54.041
134,25.03 03:00,53.74
134,25.03 04:00,54.103
134,25.03 05:00,55.938
134,25.03 06:00,96.327
134,25.03 07:00,117.431
134,25.03 08:00,115.52
134,25.03 09:00,118.76
134,25.03 10:00,122.261
134,25.03 11:00,126.503
134,25.03 12:00,124.127
134,25.03 13:00,120.636
134,25.03 14:00,119.868
134,25.03 15:00,118.978
134,25.03 16:00,108.139
134,25.03 17:00,97.185
134,25.03 18:00,87.965
134,25.03 19:00,62.204
134,25.03 20:00,63.902
134,25.03 21:00,53.81
134,25.03 22:00,56.131
134,25.03 23:00,54.061
134,26.03 00:00,50.14
134,26.03 01:00,50.247
134,26.03 02:00,51.866
134,26.03 03:00,48.906
134,26.03 04:00,49.102
134,26.03 05:00,49.148
134,26.03 06:00,53.118
134,26.03 07:00,84.292
134,26.03 08:00,84.97
134,26.03 09:00,80.597
134,26.03 10:00,79.362
134,26.03 11:00,87.314
134,26.03 12:00,86.252
134,26.03 13:00,86.644
134,26.03 14:00,84.237
134,26.03 15:00,82.35
134,26.03 16:00,79.342
134,26.03 17:00,79.364
134,26.03 18:00,54.218
134,26.03 19:00,51.054
134,26.03 20:00,54.843
134,26.03 21:00,53.855
134,26.03 22:00,55.782
134,26.03 23:00,55.161
134,27.03 00:00,53.872
134,27.03 01:00,54.857
134,27.03 02:00,52.878
134,27.03 03:00,51.114
134,27.03 04:00,52.806
134,27.03 05:00,52.107
134,27.03 06:00,51.242
134,27.03 07:00,50.937
134,27.03 08:00,50.228
134,27.03 09:00,46.991
134,27.03 10:00,47.947
134,27.03 11:00,47.174
134,27.03 12:00,45.796
134,27.03 13:00,47.868
134,27.03 14:00,46.042
134,27.03 15:00,45.008
134,27.03 16:00,47.934
134,27.03 17:00,50.168
134,27.03 18:00,47.12
134,27.03 19:00,47.061
134,27.03 20:00,52.102
134,27.03 21:00,51.171
134,27.03 22:00,50.853
134,27.03 23:00,51.249
134,28.03 00:00,51.224
134,28.03 01:00,51.993
134,28.03 02:00,53.03
134,28.03 03:00,50.97
134,28.03 04:00,51.936
134,28.03 05:00,51.933
134,28.03 06:00,85.247
134,28.03 07:00,93.649
134,28.03 08:00,108.215
134,28.03 09:00,114.512
134,28.03 10:00,120.572
134,28.03 11:00,125.769
134,28.03 12:00,131.999
134,28.03 13:00,123.517
134,28.03 14:00,121.938
134,28.03 15:00,122.317
134,28.03 16:00,122.155
134,28.03 17:00,119.948
134,28.03 18:00,109.284
134,28.03 19:00,98.753
134,28.03 20:00,102.878
134,28.03 21:00,99.275
134,28.03 22:00,93.884
134,28.03 23:00,63.969
134,29.03 00:00,58.885
134,29.03 01:00,57.951
134,29.03 02:00,61.911
134,29.03 03:00,62.814
134,29.03 04:00,57.165
134,29.03 05:00,57.881
134,29.03 06:00,86.313
134,29.03 07:00,93.018
134,29.03 08:00,123.13
134,29.03 09:00,124.785
134,29.03 10:00,135.882
134,29.03 11:00,139.438
134,29.03 12:00,0.0
134,29.03 13:00,0.0
134,29.03 14:00,140.548
134,29.03 15:00,138.425
134,29.03 16:00,133.263
134,29.03 17:00,133.138
134,29.03 18:00,107.096
134,29.03 19:00,107.573
134,29.03 20:00,104.358
134,29.03 21:00,91.427
134,29.03 22:00,90.949
134,29.03 23:00,0.0
134,30.03 00:00,0.0
134,30.03 01:00,0.0
134,30.03 02:00,0.0
134,30.03 03:00,1.004
134,30.03 04:00,1.003
134,30.03 05:00,1.001
134,30.03 06:00,0.996
134,30.03 07:00,1.004
134,30.03 08:00,1.002
134,30.03 09:00,1.002
134,30.03 11:00,140.269
134,30.03 12:00,141.574
134,30.03 13:00,140.386
134,30.03 14:00,139.534
134,30.03 15:00,135.205
134,30.03 16:00,136.164
134,30.03 17:00,130.7
134,30.03 18:00,113.37
134,30.03 19:00,95.803
134,30.03 20:00,98.677
134,30.03 21:00,116.478
134,30.03 22:00,105.628
134,30.03 23:00,57.751
134,31.03 00:00,55.099
134,31.03 01:00,55.062
134,31.03 02:00,54.938
134,31.03 03:00,54.964
134,31.03 04:00,54.847
134,31.03 05:00,57.945
134,31.03 06:00,92.151
134,31.03 07:00,88.873
134,31.03 08:00,107.439
134,31.03 09:00,132.21
134,31.03 10:00,138.449
134,31.03 11:00,147.299
134,31.03 12:00,149.839
134,31.03 13:00,143.556
134,31.03 14:00,139.653
134,31.03 15:00,138.865
134,31.03 16:00,138.391
134,31.03 17:00,138.151
134,31.03 18:00,124.849
134,31.03 19:00,116.951
134,31.03 20:00,111.25
134,31.03 21:00,111.881
134,31.03 22:00,89.933
134,31.03 23:00,61.071
134,01.04 00:00,51.87
134,01.04 01:00,56.974
134,01.04 02:00,58.136
134,01.04 03:00,54.032
134,01.04 04:00,53.245
134,01.04 05:00,53.749
134,01.04 06:00,84.336
134,01.04 07:00,86.864
134,01.04 08:00,101.395
134,01.04 09:00,111.631
134,01.04 10:00,116.571
134,01.04 11:00,120.465
134,01.04 12:00,120.671
134,01.04 13:00,123.511
134,01.04 14:00,137.535
134,01.04 15:00,135.659
134,01.04 16:00,131.563
134,01.04 17:00,118.051
134,01.04 18:00,106.785
134,01.04 19:00,70.766
134,01.04 20:00,73.804
134,01.04 21:00,69.292
134,01.04 22:00,55.805
134,01.04 23:00,56.029
134,02.04 00:00,56.007
134,02.04 01:00,56.805
134,02.04 02:00,55.272
134,02.04 03:00,53.998
134,02.04 04:00,56.17
134,02.04 05:00,53.735
134,02.04 06:00,82.75
134,02.04 07:00,94.228
134,02.04 08:00,104.902
134,02.04 09:00,100.565
134,02.04 10:00,108.478
134,02.04 11:00,114.538
134,02.04 12:00,112.604
134,02.04 13:00,114.638
134,02.04 14:00,115.586
134,02.04 15:00,122.541
134,02.04 16:00,122.674
134,02.04 17:00,113.079
134,02.04 18:00,75.09
134,02.04 19:00,77.751
134,02.04 20:00,94.903
134,02.04 21:00,92.856
134,02.04 22:00,90.589
134,02.04 23:00,92.447
134,03.04 00:00,104.916
134,03.04 01:00,98.346
134,03.04 02:00,63.283
134,03.04 03:00,59.839
134,03.04 04:00,58.87
134,03.04 05:00,58.229
134,03.04 06:00,57.795
134,03.04 07:00,58.713
134,03.04 08:00,60.792
134,03.04 09:00,58.889
134,03.04 10:00,58.014
134,03.04 11:00,56.968
134,03.04 12:00,62.751
134,03.04 13:00,68.898
134,03.04 14:00,57.038
134,03.04 15:00,52.229
134,03.04 16:00,49.01
134,03.04 17:00,47.013
134,03.04 18:00,48.043
134,03.04 19:00,47.91
134,03.04 20:00,52.092
134,03.04 21:00,53.174
134,03.04 22:00,52.18
134,03.04 23:00,53.094
134,04.04 00:00,51.917
134,04.04 01:00,53.035
134,04.04 02:00,53.213
134,04.04 03:00,51.849
134,04.04 04:00,52.907
134,04.04 05:00,55.27
134,04.04 06:00,83.277
134,04.04 07:00,86.31
134,04.04 08:00,106.139
134,04.04 09:00,125.303
134,04.04 10:00,133.094
134,04.04 11:00,136.87
134,04.04 12:00,140.149
134,04.04 13:00,142.747
134,04.04 14:00,145.526
134,04.04 15:00,142.775
134,04.04 16:00,143.8
134,04.04 17:00,138.586
134,04.04 18:00,124.699
134,04.04 19:00,121.386
134,04.04 20:00,117.522
134,04.04 21:00,113.829
134,04.04 22:00,106.659
134,04.04 23:00,60.825
134,05.04 00:00,53.804
134,05.04 01:00,50.815
134,05.04 02:00,51.208
134,05.04 03:00,50.861
134,05.04 04:00,53.191
134,05.04 05:00,53.156
134,05.04 06:00,81.888
134,05.04 07:00,81.67
134,05.04 08:00,103.184
134,05.04 09:00,111.624
134,05.04 10:00,122.249
134,05.04 11:00,125.351
134,05.04 12:00,131.061
134,05.04 13:00,131.014
134,05.04 14:00,131.569
134,05.04 15:00,130.411
134,05.04 16:00,129.575
134,05.04 17:00,121.477
134,05.04 18:00,115.745
134,05.04 19:00,108.939
134,05.04 20:00,106.202
134,05.04 21:00,88.188
134,05.04 22:00,84.311
134,05.04 23:00,61.067
134,06.04 00:00,53.167
134,06.04 01:00,51.099
134,06.04 02:00,53.962
134,06.04 03:00,53.706
134,06.04 04:00,52.992
134,06.04 05:00,53.839
134,06.04 06:00,82.157
134,06.04 07:00,88.997
134,06.04 08:00,109.589
134,06.04 09:00,120.162
134,06.04 10:00,120.534
134,06.04 11:00,125.442
134,06.04 12:00,126.196
134,06.04 13:00,125.019
134,06.04 14:00,125.595
134,06.04 15:00,129.082
134,06.04 16:00,134.279
134,06.04 17:00,139.353
134,06.04 18:00,130.451
134,06.04 19:00,120.57
134,06.04 20:00,115.902
134,06.04 21:00,109.198
134,06.04 22:00,90.802
134,06.04 23:00,62.891
134,07.04 00:00,55.024
134,07.04 01:00,52.955
134,07.04 02:00,53.734
134,07.04 03:00,54.971
134,07.04 04:00,53.867
134,07.04 05:00,55.158
134,07.04 06:00,80.401
134,07.04 07:00,82.099
134,07.04 08:00,103.841
134,07.04 09:00,113.315
134,07.04 10:00,119.314
134,07.04 11:00,121.84
134,07.04 12:00,128.258
134,07.04 13:00,127.439
134,07.04 14:00,130.642
134,07.04 15:00,135.567
134,07.04 16:00,144.491
134,07.04 17:00,142.441
134,07.04 18:00,119.507
134,07.04 19:00,102.379
134,07.04 20:00,104.297
134,07.04 21:00,107.087
134,07.04 22:00,98.161
134,07.04 23:00,63.88
134,08.04 00:00,58.404
134,08.04 01:00,57.123
134,08.04 02:00,55.194
134,08.04 03:00,55.204
134,08.04 04:00,56.949
134,08.04 05:00,58.938
134,08.04 06:00,89.119
134,08.04 07:00,90.821
134,08.04 08:00,101.353
134,08.04 09:00,111.635
134,08.04 10:00,122.379
134,08.04 11:00,125.024
134,08.04 12:00,125.403
134,08.04 13:00,126.284
134,08.04 14:00,126.61
134,08.04 15:00,126.665
134,08.04 16:00,143.366
134,08.04 17:00,148.642
134,08.04 18:00,118.324
134,08.04 19:00,71.731
134,08.04 20:00,79.004
134,08.04 21:00,58.899
134,08.04 22:00,57.206
134,08.04 23:00,57.849
134,09.04 00:00,57.196
134,09.04 01:00,54.008
134,09.04 02:00,52.753
134,09.04 03:00,49.819
134,09.04 04:00,53.157
134,09.04 05:00,50.182
134,09.04 06:00,53.064
134,09.04 07:00,83.981
134,09.04 08:00,80.132
134,09.04 09:00,82.292
134,09.04 10:00,81.089
134,09.04 11:00,88.951
134,09.04 12:00,92.127
134,09.04 13:00,95.207
134,09.04 14:00,101.9
134,09.04 15:00,106.891
134,09.04 16:00,114.33
134,09.04 17:00,110.69
134,09.04 18:00,101.963
134,09.04 19:00,101.802
134,09.04 20:00,106.106
134,09.04 21:00,106.22
134,09.04 22:00,81.81
134,09.04 23:00,78.803
134,10.04 00:00,61.16
134,10.04 01:00,61.071
134,10.04 02:00,58.16
134,10.04 03:00,54.876
134,10.04 04:00,54.089
134,10.04 05:00,55.076
134,10.04 06:00,54.049
134,10.04 07:00,55.902
134,10.04 08:00,54.171
134,10.04 09:00,59.212
134,10.04 10:00,57.791
134,10.04 11:00,53.882
134,10.04 12:00,56.14
134,10.04 13:00,77.119
134,10.04 14:00,75.2
134,10.04 15:00,83.384
134,10.04 16:00,89.692
134,10.04 17:00,97.569
134,10.04 18:00,109.261
134,10.04 19:00,109.895
134,10.04 20:00,107.177
134,10.04 21:00,97.546
134,10.04 22:00,61.716
134,10.04 23:00,60.782
134,11.04 00:00,58.894
134,11.04 01:00,57.974
134,11.04 02:00,58.863
134,11.04 03:00,58.232
134,11.04 04:00,56.766
134,11.04 05:00,59.911
134,11.04 06:00,91.618
134,11.04 07:00,90.408
134,11.04 08:00,109.693
134,11.04 09:00,118.585
134,11.04 10:00,124.84
134,11.04 11:00,128.615
134,11.04 12:00,132.463
134,11.04 13:00,134.187
134,11.04 14:00,138.204
134,11.04 15:00,136.538
134,11.04 16:00,131.955
134,11.04 17:00,125.317
134,11.04 18:00,117.318
134,11.04 19:00,105.134
134,11.04 20:00,103.409
134,11.04 21:00,105.024
134,11.04 22:00,104.707
134,11.04 23:00,62.769
134,12.04 00:00,59.087
134,12.04 01:00,60.742
134,12.04 02:00,61.113
134,12.04 03:00,60.29
134,12.04 04:00,60.992
134,12.04 05:00,59.729
134,12.04 06:00,92.667
134,12.04 07:00,86.08
134,12.04 08:00,103.179
134,12.04 09:00,117.428
134,12.04 10:00,122.556
134,12.04 11:00,127.56
134,12.04 12:00,129.47
134,12.04 13:00,127.607
134,12.04 14:00,126.706
134,12.04 15:00,125.689
134,12.04 16:00,128.407
134,12.04 17:00,126.52
134,12.04 18:00,114.783
134,12.04 19:00,106.478
134,12.04 20:00,102.602
134,12.04 21:00,102.343
134,12.04 22:00,90.115
134,12.04 23:00,56.957
134,13.04 00:00,52.138
134,13.04 01:00,51.237
134,13.04 02:00,51.779
134,13.04 03:00,55.906
134,13.04 04:00,59.282
134,13.04 05:00,60.928
134,13.04 06:00,85.754
134,13.04 07:00,89.921
134,13.04 08:00,102.622
134,13.04 09:00,115.563
134,13.04 10:00,120.194
134,13.04 11:00,126.607
134,13.04 12:00,125.991
134,13.04 13:00,129.417
134,13.04 14:00,129.542
134,13.04 15:00,124.404
134,13.04 16:00,127.116
134,13.04 17:00,124.614
134,13.04 18:00,106.89
134,13.04 19:00,99.504
134,13.04 20:00,97.969
134,13.04 21:00,95.221
134,13.04 22:00,95.563
134,13.04 23:00,66.071
134,14.04 00:00,55.138
134,14.04 01:00,50.847
134,14.04 02:00,50.135
134,14.04 03:00,50.913
134,14.04 04:00,51.101
134,14.04 05:00,50.941
134,14.04 06:00,83.014
134,14.04 07:00,83.09
134,14.04 08:00,106.972
134,14.04 09:00,113.921
134,14.04 10:00,124.503
134,14.04 11:00,137.549
134,14.04 12:00,143.61
134,14.04 13:00,141.781
134,14.04 14:00,137.062
134,14.04 15:00,135.179
134,14.04 16:00,136.582
134,14.04 17:00,135.598
134,14.04 18:00,129.746
134,14.04 19:00,119.595
134,14.04 20:00,103.431
134,14.04 21:00,100.74
134,14.04 22:00,101.235
134,14.04 23:00,59.239
134,15.04 00:00,55.779
134,15.04 01:00,54.985
134,15.04 02:00,55.251
134,15.04 03:00,52.084
134,15.04 04:00,51.971
134,15.04 05:00,61.302
134,15.04 06:00,106.318
134,15.04 07:00,115.87
134,15.04 08:00,126.232
134,15.04 09:00,124.466
134,15.04 10:00,130.658
134,15.04 11:00,132.65
134,15.04 12:00,134.433
134,15.04 13:00,137.271
134,15.04 14:00,133.586
134,15.04 15:00,134.848
134,15.04 16:00,136.189
134,15.04 17:00,135.488
134,15.04 18:00,126.639
134,15.04 19:00,117.457
134,15.04 20:00,113.725
134,15.04 21:00,106.775
134,15.04 22:00,89.796
134,15.04 23:00,84.674
134,16.04 00:00,83.285
134,16.04 01:00,57.145
134,16.04 02:00,58.141
134,16.04 03:00,56.187
134,16.04 04:00,58.024
134,16.04 05:00,56.918
134,16.04 06:00,61.1
134,16.04 07:00,61.199
134,16.04 08:00,62.813
134,16.04 09:00,58.863
134,16.04 10:00,103.787
134,16.04 11:00,104.902
134,16.04 12:00,115.872
134,16.04 13:00,120.471
134,16.04 14:00,116.698
134,16.04 15:00,108.459
134,16.04 16:00,92.258
134,16.04 17:00,88.243
134,16.04 18:00,89.433
134,16.04 19:00,89.723
134,16.04 20:00,95.166
134,16.04 21:00,94.822
134,16.04 22:00,95.342
134,16.04 23:00,94.588
134,17.04 00:00,99.909
134,17.04 01:00,93.031
134,17.04 02:00,58.978
134,17.04 03:00,57.759
134,17.04 04:00,59.29
134,17.04 05:00,57.997
134,17.04 06:00,57.254
134,17.04 07:00,58.071
134,17.04 08:00,56.816
134,17.04 09:00,67.869
134,17.04 10:00,66.097
134,17.04 11:00,50.923
134,17.04 12:00,52.888
134,17.04 13:00,53.057
134,17.04 14:00,53.036
134,17.04 15:00,51.991
134,17.04 16:00,49.772
134,17.04 17:00,48.958
134,17.04 18:00,49.014
134,17.04 19:00,51.047
134,17.04 20:00,53.104
134,17.04 21:00,55.179
134,17.04 22:00,53.05
134,17.04 23:00,53.955
134,18.04 00:00,52.139
134,18.04 01:00,52.018
134,18.04 02:00,51.866
134,18.04 03:00,53.102
134,18.04 04:00,51.934
134,18.04 05:00,57.062
134,18.04 06:00,93.32
134,18.04 07:00,89.704
134,18.04 08:00,103.347
134,18.04 09:00,110.711
134,18.04 10:00,122.738
134,18.04 11:00,129.638
134,18.04 12:00,131.036
134,18.04 13:00,132.363
134,18.04 14:00,130.644
134,18.04 15:00,129.56
134,18.04 16:00,127.773
134,18.04 17:00,124.525
134,18.04 18:00,104.549
134,18.04 19:00,99.856
134,18.04 20:00,100.497
134,18.04 21:00,108.45
134,18.04 22:00,98.054
134,18.04 23:00,57.716
134,19.04 00:00,52.746
134,19.04 01:00,53.067
134,19.04 02:00,52.917
134,19.04 03:00,52.949
134,19.04 04:00,51.844
134,19.04 05:00,54.068
134,19.04 06:00,85.367
134,19.04 07:00,86.356
134,19.04 08:00,111.552
134,19.04 09:00,119.235
134,19.04 10:00,123.319
134,19.04 11:00,127.157
134,19.04 12:00,126.127
134,19.04 13:00,126.393
134,19.04 14:00,123.837
134,19.04 15:00,128.119
134,19.04 16:00,128.355
134,19.04 17:00,128.575
134,19.04 18:00,114.687
134,19.04 19:00,109.461
134,19.04 20:00,113.517
134,19.04 21:00,106.499
134,19.04 22:00,98.684
134,19.04 23:00,61.774
134,20.04 00:00,53.253
134,20.04 01:00,51.749
134,20.04 02:00,51.037
134,20.04 03:00,53.889
134,20.04 04:00,51.081
134,20.04 05:00,52.913
134,20.04 06:00,83.187
134,20.04 07:00,89.245
134,20.04 08:00,109.828
134,20.04 09:00,117.411
134,20.04 10:00,125.537
134,20.04 11:00,124.488
134,20.04 12:00,129.413
134,20.04 13:00,125.392
134,20.04 14:00,128.38
134,20.04 15:00,123.747
134,20.04 16:00,133.481
134,20.04 17:00,128.766
134,20.04 18:00,113.599
134,20.04 19:00,104.503
134,20.04 20:00,104.361
134,20.04 21:00,110.926
134,20.04 22:00,117.476
134,20.04 23:00,61.122
134,21.04 00:00,56.971
134,21.04 01:00,54.018
134,21.04 02:00,51.741
134,21.04 03:00,49.92
134,21.04 04:00,52.1
134,21.04 05:00,58.982
134,21.04 06:00,85.014
134,21.04 07:00,94.547
134,21.04 08:00,115.97
134,21.04 09:00,128.382
134,21.04 10:00,135.028
134,21.04 11:00,137.071
134,21.04 12:00,142.332
134,21.04 13:00,142.032
134,21.04 14:00,136.104
134,21.04 15:00,137.844
134,21.04 16:00,136.731
134,21.04 17:00,128.558
134,21.04 18:00,124.481
134,21.04 19:00,119.076
134,21.04 20:00,114.93
134,21.04 21:00,111.772
134,21.04 22:00,111.913
134,21.04 23:00,64.995
134,22.04 00:00,58.981
134,22.04 01:00,59.918
134,22.04 02:00,62.23
134,22.04 03:00,60.166
134,22.04 04:00,59.721
134,22.04 05:00,62.088
134,22.04 06:00,92.278
134,22.04 07:00,96.594
134,22.04 08:00,118.336
134,22.04 09:00,120.6
134,22.04 10:00,132.407
134,22.04 11:00,138.556
134,22.04 12:00,138.358
134,22.04 13:00,130.381
134,22.04 14:00,133.859
134,22.04 15:00,140.833
134,22.04 16:00,144.233
134,22.04 17:00,139.531
134,22.04 18:00,114.451
134,22.04 19:00,77.765
134,22.04 20:00,84.885
134,22.04 21:00,76.035
134,22.04 22:00,70.347
134,22.04 23:00,66.11
134,23.04 00:00,57.896
134,23.04 01:00,57.026
134,23.04 02:00,55.113
134,23.04 03:00,53.946
134,23.04 04:00,55.231
134,23.04 05:00,54.747
134,23.04 06:00,59.028
134,23.04 07:00,57.083
134,23.04 08:00,86.965
134,23.04 09:00,99.432
134,23.04 10:00,101.031
134,23.04 11:00,99.109
134,23.04 12:00,104.733
134,23.04 13:00,104.284
134,23.04 14:00,112.942
134,23.04 15:00,110.138
134,23.04 16:00,104.616
134,23.04 17:00,103.322
134,23.04 18:00,106.886
134,23.04 19:00,107.571
134,23.04 20:00,108.652
134,23.04 21:00,102.519
134,23.04 22:00,101.406
134,23.04 23:00,100.021
134,24.04 00:00,89.235
134,24.04 01:00,65.272
134,24.04 02:00,59.24
134,24.04 03:00,57.872
134,24.04 04:00,58.519
134,24.04 05:00,60.156
134,24.04 06:00,60.98
134,24.04 07:00,61.282
134,24.04 08:00,57.229
134,24.04 09:00,58.055
134,24.04 10:00,63.827
134,24.04 11:00,56.858
134,24.04 12:00,54.929
134,24.04 13:00,56.886
134,24.04 14:00,57.128
134,24.04 15:00,57.272
134,24.04 16:00,60.244
134,24.04 17:00,60.819
134,24.04 18:00,58.976
134,24.04 19:00,56.055
134,24.04 20:00,60.797
134,24.04 21:00,55.896
134,24.04 22:00,57.035
134,24.04 23:00,57.246
134,25.04 00:00,56.127
134,25.04 01:00,55.896
134,25.04 02:00,57.978
134,25.04 03:00,55.773
134,25.04 04:00,56.771
134,25.04 05:00,60.217
134,25.04 06:00,97.716
134,25.04 07:00,93.583
134,25.04 08:00,112.035
134,25.04 09:00,126.445
134,25.04 10:00,133.549
134,25.04 11:00,134.708
134,25.04 12:00,143.836
134,25.04 13:00,147.715
134,25.04 14:00,146.491
134,25.04 15:00,134.432
134,25.04 16:00,133.986
134,25.04 17:00,134.289
134,25.04 18:00,121.402
134,25.04 19:00,118.416
134,25.04 20:00,106.421
134,25.04 21:00,103.088
134,25.04 22:00,105.349
134,25.04 23:00,60.243
134,26.04 00:00,54.757
134,26.04 01:00,52.149
134,26.04 02:00,53.139
134,26.04 03:00,52.248
134,26.04 04:00,53.858
134,26.04 05:00,55.957
134,26.04 06:00,91.803
134,26.04 07:00,87.296
134,26.04 08:00,104.39
134,26.04 09:00,119.301
134,26.04 10:00,134.37
134,26.04 11:00,151.15
134,26.04 12:00,155.45
134,26.04 13:00,156.671
134,26.04 14:00,151.275
134,26.04 15:00,150.42
134,26.04 16:00,143.061
134,26.04 17:00,124.174
134,26.04 18:00,108.032
134,26.04 19:00,97.732
134,26.04 20:00,104.915
134,26.04 21:00,110.109
134,26.04 22:00,101.211
134,26.04 23:00,63.038
134,27.04 00:00,59.356
134,27.04 01:00,59.193
134,27.04 02:00,58.064
134,27.04 03:00,57.242
134,27.04 04:00,56.039
134,27.04 05:00,57.714
134,27.04 06:00,94.128
134,27.04 07:00,92.628
134,27.04 08:00,115.423
134,27.04 09:00,121.579
134,27.04 10:00,124.741
134,27.04 11:00,127.874
134,27.04 12:00,127.158
134,27.04 13:00,126.659
134,27.04 14:00,134.519
134,27.04 15:00,136.844
134,27.04 16:00,141.472
134,27.04 17:00,139.463
134,27.04 18:00,137.351
134,27.04 19:00,132.019
134,27.04 20:00,127.181
134,27.04 21:00,125.471
134,27.04 22:00,129.276
134,27.04 23:00,73.949
134,28.04 00:00,60.843
134,28.04 01:00,59.897
134,28.04 02:00,61.27
134,28.04 03:00,58.009
134,28.04 04:00,55.794
134,28.04 05:00,58.195
134,28.04 06:00,93.017
134,28.04 07:00,90.621
134,28.04 08:00,114.47
134,28.04 09:00,121.062
134,28.04 10:00,131.552
134,28.04 11:00,138.404
134,28.04 12:00,139.51
134,28.04 13:00,147.473
134,28.04 14:00,149.698
134,28.04 15:00,145.488
134,28.04 16:00,137.83
134,28.04 17:00,131.565
134,28.04 18:00,123.448
134,28.04 19:00,107.709
134,28.04 20:00,109.648
134,28.04 21:00,108.398
134,28.04 22:00,95.162
134,28.04 23:00,63.974
134,29.04 00:00,58.868
134,29.04 01:00,58.829
134,29.04 02:00,56.769
134,29.04 03:00,57.207
134,29.04 04:00,55.057
134,29.04 05:00,55.836
134,29.04 06:00,97.994
134,29.04 07:00,98.906
134,29.04 08:00,124.783
134,29.04 09:00,131.055
134,29.04 10:00,135.965
134,29.04 11:00,148.066
134,29.04 12:00,156.288
134,29.04 13:00,155.262
134,29.04 14:00,153.918
134,29.04 15:00,145.708
134,29.04 16:00,141.458
134,29.04 17:00,141.439
134,29.04 18:00,141.678
134,29.04 19:00,132.512
134,29.04 20:00,124.614
134,29.04 21:00,101.805
134,29.04 22:00,84.949
134,29.04 23:00,61.265
134,30.04 00:00,59.106
134,30.04 01:00,56.85
134,30.04 02:00,59.17
134,30.04 03:00,57.905
134,30.04 04:00,59.786
134,30.04 05:00,63.25
134,30.04 06:00,62.913
134,30.04 07:00,64.159
134,30.04 08:00,62.211
134,30.04 09:00,62.922
134,30.04 10:00,102.632
134,30.04 11:00,92.764
134,30.04 12:00,92.853
134,30.04 13:00,94.874
134,30.04 14:00,96.97
134,30.04 15:00,102.291
134,30.04 16:00,65.951
134,30.04 17:00,65.315
134,30.04 18:00,61.752
134,30.04 19:00,63.065
134,30.04 20:00,65.793
134,30.04 21:00,64.805
134,30.04 22:00,64.873
134,30.04 23:00,66.667
134,01.05 00:00,64.914
134,01.05 01:00,62.25
134,01.05 02:00,59.105
134,01.05 03:00,55.729
134,01.05 04:00,56.151
134,01.05 05:00,56.933
134,01.05 06:00,56.262
134,01.05 07:00,56.747
134,01.05 08:00,89.041
134,01.05 09:00,77.727
134,01.05 10:00,78.946
134,01.05 11:00,77.882
134,01.05 12:00,81.215
134,01.05 13:00,102.769
134,01.05 14:00,81.9
134,01.05 15:00,83.889
134,01.05 16:00,84.097
134,01.05 17:00,87.239
134,01.05 18:00,85.201
134,01.05 19:00,86.897
134,01.05 20:00,91.348
134,01.05 21:00,85.899
134,01.05 22:00,88.071
134,01.05 23:00,59.718
134,02.05 00:00,58.203
134,02.05 01:00,62.729
134,02.05 02:00,61.728
134,02.05 03:00,53.867
134,02.05 04:00,53.745
134,02.05 05:00,53.066
134,02.05 06:00,93.222
134,02.05 07:00,92.957
134,02.05 08:00,112.216
134,02.05 09:00,116.422
134,02.05 10:00,122.983
134,02.05 11:00,127.628
134,02.05 12:00,129.465
134,02.05 13:00,128.463
134,02.05 14:00,127.605
134,02.05 15:00,126.424
134,02.05 16:00,127.298
134,02.05 17:00,130.629
134,02.05 18:00,107.491
134,02.05 19:00,100.09
134,02.05 20:00,102.31
134,02.05 21:00,106.501
134,02.05 22:00,100.114
134,02.05 23:00,86.956
134,03.05 00:00,82.063
134,03.05 01:00,65.209
134,03.05 02:00,64.74
134,03.05 03:00,64.791
134,03.05 04:00,60.962
134,03.05 05:00,65.062
134,03.05 06:00,89.349
134,03.05 07:00,86.943
134,03.05 08:00,109.341
134,03.05 09:00,117.214
134,03.05 10:00,123.958
134,03.05 11:00,124.945
134,03.05 12:00,131.784
134,03.05 13:00,129.523
134,03.05 14:00,136.462
134,03.05 15:00,137.58
134,03.05 16:00,136.425
134,03.05 17:00,127.609
134,03.05 18:00,108.801
134,03.05 19:00,106.594
134,03.05 20:00,104.268
134,03.05 21:00,105.49
134,03.05 22:00,97.976
134,03.05 23:00,70.168
134,04.05 00:00,64.855
134,04.05 01:00,62.217
134,04.05 02:00,59.185
134,04.05 03:00,59.795
134,04.05 04:00,58.904
134,04.05 05:00,61.75
134,04.05 06:00,82.697
134,04.05 07:00,90.301
134,04.05 08:00,107.82
134,04.05 09:00,110.382
134,04.05 10:00,117.765
134,04.05 11:00,123.009
134,04.05 12:00,122.928
134,04.05 13:00,121.744
134,04.05 14:00,122.333
134,04.05 15:00,128.566
134,04.05 16:00,133.477
134,04.05 17:00,126.656
134,04.05 18:00,102.978
134,04.05 19:00,96.013
134,04.05 20:00,94.943
134,04.05 21:00,102.461
134,04.05 22:00,100.555
134,04.05 23:00,63.915
134,05.05 00:00,62.05
134,05.05 01:00,60.01
134,05.05 02:00,60.107
134,05.05 03:00,60.15
134,05.05 04:00,58.071
134,05.05 05:00,59.846
134,05.05 06:00,84.596
134,05.05 07:00,84.403
134,05.05 08:00,104.329
134,05.05 09:00,106.965
134,05.05 10:00,112.534
134,05.05 11:00,121.643
134,05.05 12:00,131.348
134,05.05 13:00,131.727
134,05.05 14:00,136.476
134,05.05 15:00,140.206
134,05.05 16:00,144.146
134,05.05 17:00,138.053
134,05.05 18:00,115.988
134,05.05 19:00,92.04
134,05.05 20:00,96.305
134,05.05 21:00,99.053
134,05.05 22:00,97.778
134,05.05 23:00,63.955
134,06.05 00:00,61.257
134,06.05 01:00,61.027
134,06.05 02:00,62.8
134,06.05 03:00,67.875
134,06.05 04:00,67.301
134,06.05 05:00,64.282
134,06.05 06:00,105.351
134,06.05 07:00,114.615
134,06.05 08:00,121.628
134,06.05 09:00,132.612
134,06.05 10:00,138.666
134,06.05 11:00,137.058
134,06.05 12:00,138.684
134,06.05 13:00,139.882
134,06.05 14:00,143.004
134,06.05 15:00,145.56
134,06.05 16:00,151.671
134,06.05 17:00,142.904
134,06.05 18:00,138.915
134,06.05 19:00,129.905
134,06.05 20:00,126.48
134,06.05 21:00,118.435
134,06.05 22:00,106.802
134,06.05 23:00,98.019
134,07.05 00:00,83.906
134,07.05 01:00,65.863
134,07.05 02:00,63.98
134,07.05 03:00,65.247
134,07.05 04:00,65.89
134,07.05 05:00,64.9
134,07.05 06:00,90.273
134,07.05 07:00,90.038
134,07.05 08:00,93.149
134,07.05 09:00,96.29
134,07.05 10:00,105.169
134,07.05 11:00,112.505
134,07.05 12:00,110.975
134,07.05 13:00,109.259
134,07.05 14:00,110.502
134,07.05 15:00,110.936
134,07.05 16:00,106.634
134,07.05 17:00,101.804
134,07.05 18:00,104.254
134,07.05 19:00,105.223
134,07.05 20:00,102.911
134,07.05 21:00,102.09
134,07.05 22:00,105.737
134,07.05 23:00,100.915
134,08.05 00:00,97.43
134,08.05 01:00,80.254
134,08.05 02:00,71.67
134,08.05 03:00,59.119
134,08.05 04:00,60.18
134,08.05 05:00,57.22
134,08.05 06:00,59.254
134,08.05 07:00,59.783
134,08.05 08:00,54.15
134,08.05 09:00,69.803
134,08.05 10:00,56.96
134,08.05 11:00,54.146
134,08.05 12:00,54.138
134,08.05 13:00,56.05
134,08.05 14:00,57.823
134,08.05 15:00,56.194
134,08.05 16:00,56.969
134,08.05 17:00,55.23
134,08.05 18:00,51.134
134,08.05 19:00,51.021
134,08.05 20:00,58.22
134,08.05 21:00,57.889
134,08.05 22:00,59.815
134,08.05 23:00,58.017
134,09.05 00:00,58.717
134,09.05 01:00,57.967
134,09.05 02:00,58.164
134,09.05 03:00,59.142
134,09.05 04:00,60.257
134,09.05 05:00,62.873
134,09.05 06:00,87.686
134,09.05 07:00,88.286
134,09.05 08:00,110.213
134,09.05 09:00,122.767
134,09.05 10:00,127.132
134,09.05 11:00,135.558
134,09.05 12:00,136.367
134,09.05 13:00,135.514
134,09.05 14:00,135.632
134,09.05 15:00,144.562
134,09.05 16:00,139.694
134,09.05 17:00,130.696
134,09.05 18:00,110.453
134,09.05 19:00,101.798
134,09.05 20:00,105.998
134,09.05 21:00,109.328
134,09.05 22:00,112.997
134,09.05 23:00,71.976
134,10.05 00:00,61.866
134,10.05 01:00,59.114
134,10.05 02:00,60.874
134,10.05 03:00,62.293
134,10.05 04:00,62.101
134,10.05 05:00,59.824
134,10.05 06:00,91.15
134,10.05 07:00,94.178
134,10.05 08:00,110.478
134,10.05 09:00,124.853
134,10.05 10:00,133.081
134,10.05 11:00,144.873
134,10.05 12:00,144.523
134,10.05 13:00,147.022
134,10.05 14:00,146.937
134,10.05 15:00,147.597
134,10.05 16:00,148.076
134,10.05 17:00,141.755
134,10.05 18:00,136.349
134,10.05 19:00,132.135
134,10.05 20:00,128.019
134,10.05 21:00,128.671
134,10.05 22:00,119.858
134,10.05 23:00,82.979
134,11.05 00:00,69.269
134,11.05 01:00,66.122
134,11.05 02:00,68.236
134,11.05 03:00,72.915
134,11.05 04:00,72.215
134,11.05 05:00,64.734
134,11.05 06:00,91.932
134,11.05 07:00,93.733
134,11.05 08:00,110.841
134,11.05 09:00,118.189
134,11.05 10:00,117.759
134,11.05 11:00,117.831
134,11.05 12:00,117.591
134,11.05 13:00,0.0
134,11.05 14:00,0.0
134,11.05 15:00,0.0
134,11.05 16:00,130.653
134,11.05 17:00,125.05
134,11.05 18:00,103.589
134,11.05 19:00,97.892
134,11.05 20:00,87.803
134,11.05 21:00,0.0
134,11.05 22:00,0.0
134,11.05 23:00,0.0
134,12.05 00:00,60.118
134,12.05 01:00,59.738
134,12.05 02:00,61.303
134,12.05 03:00,60.771
134,12.05 04:00,59.906
134,12.05 05:00,64.122
134,12.05 06:00,98.311
134,12.05 07:00,85.674
134,12.05 08:00,110.514
134,12.05 09:00,111.581
134,12.05 10:00,118.139
134,12.05 11:00,122.95
134,12.05 12:00,127.808
134,12.05 13:00,129.613
134,12.05 14:00,126.316
134,12.05 15:00,127.372
134,12.05 16:00,126.352
134,12.05 17:00,127.349
134,12.05 18:00,119.183
134,12.05 19:00,121.437
134,12.05 20:00,115.131
134,12.05 21:00,111.342
134,12.05 22:00,104.531
134,12.05 23:00,67.064
134,13.05 00:00,64.301
134,13.05 01:00,64.242
134,13.05 02:00,63.103
134,13.05 03:00,64.195
134,13.05 04:00,65.254
134,13.05 05:00,65.958
134,13.05 06:00,97.35
134,13.05 07:00,100.906
134,13.05 08:00,120.46
134,13.05 09:00,125.175
134,13.05 10:00,130.432
134,13.05 11:00,142.563
134,13.05 12:00,144.703
134,13.05 13:00,139.449
134,13.05 14:00,140.939
134,13.05 15:00,148.922
134,13.05 16:00,143.804
134,13.05 17:00,133.662
134,13.05 18:00,118.524
134,13.05 19:00,103.667
134,13.05 20:00,103.197
134,13.05 21:00,68.24
134,13.05 22:00,67.961
134,13.05 23:00,67.248
134,14.05 00:00,64.879
134,14.05 01:00,64.956
134,14.05 02:00,64.969
134,14.05 03:00,64.074
134,14.05 04:00,62.943
134,14.05 05:00,62.978
134,14.05 06:00,65.99
134,14.05 07:00,67.155
134,14.05 08:00,68.141
134,14.05 09:00,65.076
134,14.05 10:00,67.208
134,14.05 11:00,98.969
134,14.05 12:00,91.996
134,14.05 13:00,93.615
134,14.05 14:00,93.416
134,14.05 15:00,85.873
134,14.05 16:00,57.843
134,14.05 17:00,58.712
134,14.05 18:00,56.959
134,14.05 19:00,56.728
134,14.05 20:00,61.896
134,14.05 21:00,63.799
134,14.05 22:00,63.717
134,14.05 23:00,64.299
134,15.05 00:00,63.256
134,15.05 01:00,63.145
134,15.05 02:00,63.088
134,15.05 03:00,61.188
134,15.05 04:00,61.953
134,15.05 05:00,59.923
134,15.05 06:00,59.97
134,15.05 07:00,58.271
134,15.05 08:00,55.743
134,15.05 09:00,55.236
134,15.05 10:00,55.752
134,15.05 11:00,57.159
134,15.05 12:00,54.951
134,15.05 13:00,51.804
134,15.05 14:00,50.958
134,15.05 15:00,53.175
134,15.05 16:00,52.956
134,15.05 17:00,56.04
134,15.05 18:00,57.136
134,15.05 19:00,53.0
134,15.05 20:00,58.152
134,15.05 21:00,58.726
134,15.05 22:00,58.064
134,15.05 23:00,58.872
134,16.05 00:00,59.865
134,16.05 01:00,59.235
134,16.05 02:00,58.206
134,16.05 03:00,57.277
134,16.05 04:00,58.973
134,16.05 05:00,61.973
134,16.05 06:00,89.98
134,16.05 07:00,100.28
134,16.05 08:00,115.324
134,16.05 09:00,120.668
134,16.05 10:00,126.714
134,16.05 11:00,132.781
134,16.05 12:00,139.395
134,16.05 13:00,133.491
134,16.05 14:00,129.609
134,16.05 15:00,123.677
134,16.05 16:00,118.724
134,16.05 17:00,124.453
134,16.05 18:00,104.049
134,16.05 19:00,93.056
134,16.05 20:00,95.622
134,16.05 21:00,102.692
134,16.05 22:00,99.23
134,16.05 23:00,62.058
134,17.05 00:00,58.04
134,17.05 01:00,56.759
134,17.05 02:00,56.987
134,17.05 03:00,57.947
134,17.05 04:00,58.859
134,17.05 05:00,60.935
134,17.05 06:00,96.667
134,17.05 07:00,97.065
134,17.05 08:00,115.04
134,17.05 09:00,117.347
134,17.05 10:00,121.099
134,17.05 11:00,126.424
134,17.05 12:00,132.88
134,17.05 13:00,133.429
134,17.05 14:00,124.684
134,17.05 15:00,122.111
134,17.05 16:00,118.486
134,17.05 17:00,120.473
134,17.05 18:00,107.555
134,17.05 19:00,101.641
134,17.05 20:00,97.818
134,17.05 21:00,92.1
134,17.05 22:00,88.04
134,17.05 23:00,58.108
134,18.05 00:00,57.165
134,18.05 01:00,56.726
134,18.05 02:00,56.104
134,18.05 03:00,55.89
134,18.05 04:00,56.724
134,18.05 05:00,56.793
134,18.05 06:00,91.179
134,18.05 07:00,99.316
134,18.05 08:00,116.558
134,18.05 09:00,121.981
134,18.05 10:00,129.598
134,18.05 11:00,136.624
134,18.05 12:00,132.349
134,18.05 13:00,129.863
134,18.05 14:00,132.074
134,18.05 15:00,125.831
134,18.05 16:00,126.617
134,18.05 17:00,133.889
134,18.05 18:00,129.747
134,18.05 19:00,121.258
134,18.05 20:00,118.492
134,18.05 21:00,130.277
134,18.05 22:00,107.101
134,18.05 23:00,64.278
134,19.05 00:00,58.046
134,19.05 01:00,56.98
134,19.05 02:00,56.789
134,19.05 03:00,57.846
134,19.05 04:00,58.805
134,19.05 05:00,60.916
134,19.05 06:00,90.163
134,19.05 07:00,96.159
134,19.05 08:00,110.547
134,19.05 09:00,120.395
134,19.05 10:00,126.741
134,19.05 11:00,128.078
134,19.05 12:00,127.375
134,19.05 13:00,127.428
134,19.05 14:00,125.198
134,19.05 15:00,125.998
134,19.05 16:00,136.575
134,19.05 17:00,138.521
134,19.05 18:00,131.847
134,19.05 19:00,132.646
134,19.05 20:00,127.506
134,19.05 21:00,130.153
134,19.05 22:00,131.356
134,19.05 23:00,119.102
134,20.05 00:00,77.052
134,20.05 01:00,61.69
134,20.05 02:00,62.161
134,20.05 03:00,59.223
134,20.05 04:00,55.961
134,20.05 05:00,59.705
134,20.05 06:00,92.199
134,20.05 07:00,97.377
134,20.05 08:00,116.644
134,20.05 09:00,125.389
134,20.05 10:00,127.304
134,20.05 11:00,129.353
134,20.05 12:00,126.447
134,20.05 13:00,128.311
134,20.05 14:00,129.934
134,20.05 15:00,125.895
134,20.05 16:00,133.65
134,20.05 17:00,132.646
134,20.05 18:00,126.665
134,20.05 19:00,116.46
134,20.05 20:00,116.532
134,20.05 21:00,96.568
134,20.05 22:00,88.435
134,20.05 23:00,81.706
134,21.05 00:00,80.196
134,21.05 01:00,56.23
134,21.05 02:00,55.776
134,21.05 03:00,56.128
134,21.05 04:00,56.741
134,21.05 05:00,55.778
134,21.05 06:00,59.758
134,21.05 07:00,86.298
134,21.05 08:00,82.913
134,21.05 09:00,88.729
134,21.05 10:00,91.55
134,21.05 11:00,92.784
134,21.05 12:00,92.554
134,21.05 13:00,102.67
134,21.05 14:00,110.284
134,21.05 15:00,130.975
134,21.05 16:00,138.044
134,21.05 17:00,141.34
134,21.05 18:00,142.408
134,21.05 19:00,143.585
134,21.05 20:00,136.856
134,21.05 21:00,125.046
134,21.05 22:00,123.561
134,21.05 23:00,96.176
134,22.05 00:00,60.114
134,22.05 01:00,61.037
134,22.05 02:00,57.204
134,22.05 03:00,57.128
134,22.05 04:00,56.944
134,22.05 05:00,58.021
134,22.05 06:00,58.189
134,22.05 07:00,57.069
134,22.05 08:00,53.859
134,22.05 09:00,64.229
134,22.05 10:00,69.251
134,22.05 11:00,54.853
134,22.05 12:00,48.065
134,22.05 13:00,48.946
134,22.05 14:00,48.982
134,22.05 15:00,48.968
134,22.05 16:00,51.098
134,22.05 17:00,54.955
134,22.05 18:00,52.173
134,22.05 19:00,50.2
134,22.05 20:00,53.823
134,22.05 21:00,54.818
134,22.05 22:00,55.836
134,22.05 23:00,54.899
134,23.05 00:00,53.74
134,23.05 01:00,54.197
134,23.05 02:00,55.844
134,23.05 03:00,54.751
134,23.05 04:00,55.183
134,23.05 05:00,58.209
134,23.05 06:00,108.918
134,23.05 07:00,100.085
134,23.05 08:00,109.087
134,23.05 09:00,114.837
134,23.05 10:00,123.807
134,23.05 11:00,124.389
134,23.05 12:00,131.53
134,23.05 13:00,128.159
134,23.05 14:00,132.607
134,23.05 15:00,119.064
134,23.05 16:00,113.157
134,23.05 17:00,108.517
134,23.05 18:00,95.378
134,23.05 19:00,89.89
134,23.05 20:00,93.67
134,23.05 21:00,95.305
134,23.05 22:00,103.315
134,23.05 23:00,56.01
134,24.05 00:00,51.243
134,24.05 01:00,52.8
134,24.05 02:00,51.163
134,24.05 03:00,52.158
134,24.05 04:00,53.887
134,24.05 05:00,54.949
134,24.05 06:00,100.103
134,24.05 07:00,87.31
134,24.05 08:00,101.227
134,24.05 09:00,117.559
134,24.05 10:00,117.371
134,24.05 11:00,122.005
134,24.05 12:00,123.576
134,24.05 13:00,122.583
134,24.05 14:00,122.619
134,24.05 15:00,119.499
134,24.05 16:00,115.957
134,24.05 17:00,116.023
134,24.05 18:00,102.914
134,24.05 19:00,94.226
134,24.05 20:00,99.455
134,24.05 21:00,100.215
134,24.05 22:00,89.04
134,24.05 23:00,58.107
134,25.05 00:00,52.986
134,25.05 01:00,52.883
134,25.05 02:00,52.974
134,25.05 03:00,54.792
134,25.05 04:00,55.176
134,25.05 05:00,55.929
134,25.05 06:00,97.436
134,25.05 07:00,92.954
134,25.05 08:00,106.876
134,25.05 09:00,116.913
134,25.05 10:00,125.172
134,25.05 11:00,125.489
134,25.05 12:00,126.039
134,25.05 13:00,129.456
134,25.05 14:00,129.375
134,25.05 15:00,133.468
134,25.05 16:00,123.747
134,25.05 17:00,116.459
134,25.05 18:00,97.705
134,25.05 19:00,96.121
134,25.05 20:00,103.096
134,25.05 21:00,95.786
134,25.05 22:00,85.937
134,25.05 23:00,58.714
134,26.05 00:00,55.16
134,26.05 01:00,55.938
134,26.05 02:00,55.217
134,26.05 03:00,56.802
134,26.05 04:00,55.857
134,26.05 05:00,55.189
134,26.05 06:00,94.955
134,26.05 07:00,85.153
134,26.05 08:00,106.093
134,26.05 09:00,121.536
134,26.05 10:00,120.766
134,26.05 11:00,119.413
134,26.05 12:00,120.587
134,26.05 13:00,123.8
134,26.05 14:00,125.47
134,26.05 15:00,124.786
134,26.05 16:00,122.038
134,26.05 17:00,115.364
134,26.05 18:00,94.207
134,26.05 19:00,88.427
134,26.05 20:00,102.629
134,26.05 21:00,93.698
134,26.05 22:00,85.275
134,26.05 23:00,56.84
134,27.05 00:00,53.197
134,27.05 01:00,55.159
134,27.05 02:00,52.151
134,27.05 03:00,51.065
134,27.05 04:00,52.875
134,27.05 05:00,54.12
134,27.05 06:00,89.16
134,27.05 07:00,87.712
134,27.05 08:00,98.772
134,27.05 09:00,115.307
134,27.05 10:00,116.567
134,27.05 11:00,122.281
134,27.05 12:00,120.96
134,27.05 13:00,116.731
134,27.05 14:00,122.046
134,27.05 15:00,120.965
134,27.05 16:00,108.187
134,27.05 17:00,102.495
134,27.05 18:00,103.817
134,27.05 19:00,95.416
134,27.05 20:00,98.626
134,27.05 21:00,70.955
134,27.05 22:00,66.232
134,27.05 23:00,57.173
134,28.05 00:00,56.073
134,28.05 01:00,53.847
134,28.05 02:00,51.772
134,28.05 03:00,53.835
134,28.05 04:00,53.164
134,28.05 05:00,51.043
134,28.05 06:00,54.983
134,28.05 07:00,55.163
134,28.05 08:00,53.936
134,28.05 09:00,54.873
134,28.05 10:00,52.837
134,28.05 11:00,85.409
134,28.05 12:00,84.92
134,28.05 13:00,86.119
134,28.05 14:00,92.297
134,28.05 15:00,92.817
134,28.05 16:00,62.278
134,28.05 17:00,53.993
134,28.05 18:00,56.887
134,28.05 19:00,56.218
134,28.05 20:00,59.116
134,28.05 21:00,59.06
134,28.05 22:00,59.157
134,28.05 23:00,59.117
134,29.05 00:00,59.177
134,29.05 01:00,59.786
134,29.05 02:00,59.155
134,29.05 03:00,54.225
134,29.05 04:00,61.241
134,29.05 05:00,61.248
134,29.05 06:00,82.086
134,29.05 07:00,78.223
134,29.05 08:00,79.152
134,29.05 09:00,81.19
134,29.05 10:00,75.897
134,29.05 11:00,77.05
134,29.05 12:00,85.256
134,29.05 13:00,84.696
134,29.05 14:00,87.103
134,29.05 15:00,87.768
134,29.05 16:00,92.839
134,29.05 17:00,91.274
134,29.05 18:00,86.117
134,29.05 19:00,87.042
134,29.05 20:00,88.214
134,29.05 21:00,63.664
134,29.05 22:00,54.924
134,29.05 23:00,56.093
134,30.05 00:00,55.865
134,30.05 01:00,57.211
134,30.05 02:00,55.067
134,30.05 03:00,56.135
134,30.05 04:00,55.771
134,30.05 05:00,58.763
134,30.05 06:00,59.145
134,30.05 07:00,58.824
134,30.05 08:00,51.82
134,30.05 09:00,53.039
134,30.05 10:00,54.774
134,30.05 11:00,51.107
134,30.05 12:00,49.81
134,30.05 13:00,51.058
134,30.05 14:00,53.261
134,30.05 15:00,51.224
134,30.05 16:00,49.998
134,30.05 17:00,51.046
134,30.05 18:00,54.912
134,30.05 19:00,57.095
134,30.05 20:00,58.764
134,30.05 21:00,56.069
134,30.05 22:00,55.798
134,30.05 23:00,58.255
134,31.05 00:00,51.974
134,31.05 01:00,53.264
134,31.05 02:00,52.876
134,31.05 03:00,54.943
134,31.05 04:00,52.885
134,31.05 05:00,58.243
134,31.05 06:00,96.754
134,31.05 07:00,92.195
134,31.05 08:00,110.034
134,31.05 09:00,112.468
134,31.05 10:00,118.831
134,31.05 11:00,131.562
134,31.05 12:00,131.942
134,31.05 13:00,129.63
134,31.05 14:00,135.124
134,31.05 15:00,129.405
134,31.05 16:00,125.078
134,31.05 17:00,122.874
134,31.05 18:00,97.147
134,31.05 19:00,91.288
134,31.05 20:00,96.534
134,31.05 21:00,104.882
134,31.05 22:00,96.073
134,31.05 23:00,57.207
134,01.06 00:00,54.244
134,01.06 01:00,50.992
134,01.06 02:00,51.22
134,01.06 03:00,52.989
134,01.06 04:00,52.202
134,01.06 05:00,57.527
134,01.06 06:00,88.743
134,01.06 07:00,90.81
134,01.06 08:00,112.41
134,01.06 09:00,116.8
134,01.06 10:00,119.464
134,01.06 11:00,129.327
134,01.06 12:00,129.016
134,01.06 13:00,121.494
134,01.06 14:00,122.963
134,01.06 15:00,125.131
134,01.06 16:00,118.546
134,01.06 17:00,115.372
134,01.06 18:00,103.603
134,01.06 19:00,95.81
134,01.06 20:00,93.672
134,01.06 21:00,96.95
134,01.06 22:00,93.931
134,01.06 23:00,60.038
134,02.06 00:00,56.762
134,02.06 01:00,55.081
134,02.06 02:00,53.944
134,02.06 03:00,56.142
134,02.06 04:00,55.233
134,02.06 05:00,58.167
134,02.06 06:00,93.933
134,02.06 07:00,90.761
134,02.06 08:00,112.526
134,02.06 09:00,117.446
134,02.06 10:00,119.43
134,02.06 11:00,123.952
134,02.06 12:00,127.138
134,02.06 13:00,128.613
134,02.06 14:00,127.806
134,02.06 15:00,128.51
134,02.06 16:00,122.671
134,02.06 17:00,116.764
134,02.06 18:00,99.355
134,02.06 19:00,104.714
134,02.06 20:00,102.8
134,02.06 21:00,105.465
134,02.06 22:00,96.043
134,02.06 23:00,59.253
134,03.06 00:00,55.21
134,03.06 01:00,54.864
134,03.06 02:00,52.061
134,03.06 03:00,55.19
134,03.06 04:00,54.994
134,03.06 05:00,54.229
134,03.06 06:00,91.41
134,03.06 07:00,94.751
134,03.06 08:00,109.847
134,03.06 09:00,116.038
134,03.06 10:00,121.072
134,03.06 11:00,129.939
134,03.06 12:00,126.126
134,03.06 13:00,120.467
134,03.06 14:00,119.524
134,03.06 15:00,126.582
134,03.06 16:00,125.41
134,03.06 17:00,118.731
134,03.06 18:00,96.936
134,03.06 19:00,66.186
134,03.06 20:00,74.182
134,03.06 21:00,67.157
134,03.06 22:00,58.835
134,03.06 23:00,55.051
134,04.06 00:00,54.06
134,04.06 01:00,53.832
134,04.06 02:00,53.747
134,04.06 03:00,54.193
134,04.06 04:00,56.86
134,04.06 05:00,60.93
134,04.06 06:00,59.913
134,04.06 07:00,82.933
134,04.06 08:00,76.109
134,04.06 09:00,80.15
134,04.06 10:00,82.854
134,04.06 11:00,82.028
134,04.06 12:00,85.637
134,04.06 13:00,89.794
134,04.06 14:00,93.954
134,04.06 15:00,95.667
134,04.06 16:00,107.749
134,04.06 17:00,114.647
134,04.06 18:00,115.536
134,04.06 19:00,105.672
134,04.06 20:00,111.266
134,04.06 21:00,108.212
134,04.06 22:00,109.229
134,04.06 23:00,111.002
134,05.06 00:00,110.227
134,05.06 01:00,65.08
134,05.06 02:00,59.887
134,05.06 03:00,60.103
134,05.06 04:00,58.872
134,05.06 05:00,60.696
134,05.06 06:00,59.914
134,05.06 07:00,59.827
134,05.06 08:00,56.071
134,05.06 09:00,53.1
134,05.06 10:00,56.022
134,05.06 11:00,65.101
134,05.06 12:00,78.993
134,05.06 13:00,62.124
134,05.06 14:00,56.016
134,05.06 15:00,52.792
134,05.06 16:00,52.841
134,05.06 17:00,52.171
134,05.06 18:00,52.042
134,05.06 19:00,52.882
134,05.06 20:00,56.779
134,05.06 21:00,56.848
134,05.06 22:00,56.881
134,05.06 23:00,56.035
134,06.06 00:00,55.098
134,06.06 01:00,57.241
134,06.06 02:00,55.888
134,06.06 03:00,55.027
134,06.06 04:00,55.957
134,06.06 05:00,57.815
134,06.06 06:00,94.007
134,06.06 07:00,96.196
134,06.06 08:00,107.035
134,06.06 09:00,112.068
134,06.06 10:00,122.0
134,06.06 11:00,128.264
134,06.06 12:00,130.294
134,06.06 13:00,133.599
134,06.06 14:00,132.617
134,06.06 15:00,136.269
134,06.06 16:00,131.027
134,06.06 17:00,123.676
134,06.06 18:00,101.069
134,06.06 19:00,97.357
134,06.06 20:00,100.76
134,06.06 21:00,112.355
134,06.06 22:00,111.338
134,06.06 23:00,58.78
134,07.06 00:00,55.25
134,07.06 01:00,59.109
134,07.06 02:00,60.972
134,07.06 03:00,59.997
134,07.06 04:00,54.887
134,07.06 05:00,55.904
134,07.06 06:00,92.804
134,07.06 07:00,87.661
134,07.06 08:00,105.496
134,07.06 09:00,111.649
134,07.06 10:00,117.133
134,07.06 11:00,121.91
134,07.06 12:00,122.134
134,07.06 13:00,132.445
134,07.06 14:00,133.778
134,07.06 15:00,129.614
134,07.06 16:00,125.397
134,07.06 17:00,122.606
134,07.06 18:00,101.884
134,07.06 19:00,98.961
134,07.06 20:00,101.099
134,07.06 21:00,110.234
134,07.06 22:00,111.019
134,07.06 23:00,66.741
134,08.06 00:00,61.867
134,08.06 01:00,59.988
134,08.06 02:00,57.902
134,08.06 03:00,59.773
134,08.06 04:00,57.774
134,08.06 05:00,61.848
134,08.06 06:00,119.647
134,08.06 07:00,111.203
134,08.06 08:00,130.592
134,08.06 09:00,141.362
134,08.06 10:00,146.413
134,08.06 11:00,148.601
134,08.06 12:00,147.451
134,08.06 13:00,162.402
134,08.06 14:00,162.491
134,08.06 15:00,159.355
134,08.06 16:00,146.45
134,08.06 17:00,140.604
134,08.06 18:00,116.738
134,08.06 19:00,110.251
134,08.06 20:00,116.954
134,08.06 21:00,128.526
134,08.06 22:00,126.491
134,08.06 23:00,70.221
134,09.06 00:00,59.187
134,09.06 01:00,57.911
134,09.06 02:00,59.821
134,09.06 03:00,59.916
134,09.06 04:00,57.848
134,09.06 05:00,60.886
134,09.06 06:00,106.678
134,09.06 07:00,104.987
134,09.06 08:00,120.782
134,09.06 09:00,132.015
134,09.06 10:00,137.21
134,09.06 11:00,137.813
134,09.06 12:00,141.281
134,09.06 13:00,142.522
134,09.06 14:00,144.503
134,09.06 15:00,148.613
134,09.06 16:00,141.091
134,09.06 17:00,133.847
134,09.06 18:00,112.38
134,09.06 19:00,104.831
134,09.06 20:00,119.193
134,09.06 21:00,118.451
134,09.06 22:00,105.659
134,09.06 23:00,62.8
134,10.06 00:00,60.731
134,10.06 01:00,55.981
134,10.06 02:00,56.962
134,10.06 03:00,55.041
134,10.06 04:00,57.204
134,10.06 05:00,57.064
134,10.06 06:00,106.675
134,10.06 07:00,111.039
134,10.06 08:00,129.243
134,10.06 09:00,130.72
134,10.06 10:00,129.751
134,10.06 11:00,129.901
134,10.06 12:00,129.281
134,10.06 13:00,132.487
134,10.06 14:00,132.406
134,10.06 15:00,134.33
134,10.06 16:00,132.029
134,10.06 17:00,127.837
134,10.06 18:00,111.419
134,10.06 19:00,104.414
134,10.06 20:00,111.646
134,10.06 21:00,112.48
134,10.06 22:00,103.701
134,10.06 23:00,96.848
134,11.06 00:00,82.018
134,11.06 01:00,58.191
134,11.06 02:00,58.25
134,11.06 03:00,58.996
134,11.06 04:00,57.981
134,11.06 05:00,58.166
134,11.06 06:00,59.776
134,11.06 07:00,61.248
134,11.06 08:00,57.902
134,11.06 09:00,62.194
134,11.06 10:00,79.311
134,11.06 11:00,92.758
134,11.06 12:00,88.35
134,11.06 13:00,90.101
134,11.06 14:00,90.198
134,11.06 15:00,95.183
134,11.06 16:00,80.016
134,11.06 17:00,80.376
134,11.06 18:00,77.887
134,11.06 19:00,74.973
134,11.06 20:00,78.95
134,11.06 21:00,60.157
134,11.06 22:00,61.155
134,11.06 23:00,62.157
134,12.06 00:00,58.736
134,12.06 01:00,60.926
134,12.06 02:00,55.534
134,12.06 03:00,57.207
134,12.06 04:00,57.211
134,12.06 05:00,57.762
134,12.06 06:00,58.754
134,12.06 07:00,59.925
134,12.06 08:00,56.978
134,12.06 09:00,55.031
134,12.06 10:00,59.753
134,12.06 11:00,61.87
134,12.06 12:00,66.569
134,12.06 13:00,97.15
134,12.06 14:00,116.539
134,12.06 15:00,115.692
134,12.06 16:00,118.283
134,12.06 17:00,115.597
134,12.06 18:00,114.669
134,12.06 19:00,114.2
134,12.06 20:00,117.339
134,12.06 21:00,118.531
134,12.06 22:00,121.316
134,12.06 23:00,114.541
134,13.06 00:00,88.735
134,13.06 01:00,62.74
134,13.06 02:00,63.075
134,13.06 03:00,61.82
134,13.06 04:00,61.826
134,13.06 05:00,64.053
134,13.06 06:00,104.668
134,13.06 07:00,99.31
134,13.06 08:00,113.274
134,13.06 09:00,118.26
134,13.06 10:00,127.579
134,13.06 11:00,138.507
134,13.06 12:00,138.881
134,13.06 13:00,133.456
134,13.06 14:00,131.802
134,13.06 15:00,134.526
134,13.06 16:00,129.246
134,13.06 17:00,125.524
134,13.06 18:00,102.497
134,13.06 19:00,101.601
134,13.06 20:00,105.73
134,13.06 21:00,114.539
134,13.06 22:00,107.321
134,13.06 23:00,59.964
134,14.06 00:00,55.773
134,14.06 01:00,55.924
134,14.06 02:00,56.155
134,14.06 03:00,57.018
134,14.06 04:00,54.071
134,14.06 05:00,57.146
134,14.06 06:00,101.841
134,14.06 07:00,88.191
134,14.06 08:00,104.698
134,14.06 09:00,113.306
134,14.06 10:00,119.427
134,14.06 11:00,125.893
134,14.06 12:00,127.228
134,14.06 13:00,122.94
134,14.06 14:00,122.575
134,14.06 15:00,129.667
134,14.06 16:00,117.596
134,14.06 17:00,108.921
134,14.06 18:00,97.659
134,14.06 19:00,95.172
134,14.06 20:00,104.224
134,14.06 21:00,107.892
134,14.06 22:00,91.188
134,14.06 23:00,57.233
134,15.06 00:00,53.989
134,15.06 01:00,54.847
134,15.06 02:00,53.774
134,15.06 03:00,53.763
134,15.06 04:00,52.942
134,15.06 05:00,55.873
134,15.06 06:00,98.355
134,15.06 07:00,90.167
134,15.06 08:00,105.894
134,15.06 09:00,112.153
134,15.06 10:00,118.646
134,15.06 11:00,129.481
134,15.06 12:00,132.714
134,15.06 13:00,131.468
134,15.06 14:00,127.449
134,15.06 15:00,131.172
134,15.06 16:00,126.781
134,15.06 17:00,119.621
134,15.06 18:00,101.054
134,15.06 19:00,98.464
134,15.06 20:00,100.892
134,15.06 21:00,108.52
134,15.06 22:00,102.473
134,15.06 23:00,59.719
134,16.06 00:00,54.11
134,16.06 01:00,51.838
134,16.06 02:00,51.143
134,16.06 03:00,52.244
134,16.06 04:00,54.179
134,16.06 05:00,56.177
134,16.06 06:00,96.769
134,16.06 07:00,88.106
134,16.06 08:00,111.011
134,16.06 09:00,127.925
134,16.06 10:00,135.379
134,16.06 11:00,148.531
134,16.06 12:00,147.552
134,16.06 13:00,149.584
134,16.06 14:00,152.892
134,16.06 15:00,149.304
134,16.06 16:00,145.615
134,16.06 17:00,140.319
134,16.06 18:00,131.222
134,16.06 19:00,125.276
134,16.06 20:00,119.964
134,16.06 21:00,111.677
134,16.06 22:00,94.227
134,16.06 23:00,60.153
134,17.06 00:00,54.081
134,17.06 01:00,53.767
134,17.06 02:00,53.927
134,17.06 03:00,55.096
134,17.06 04:00,54.074
134,17.06 05:00,57.042
134,17.06 06:00,106.707
134,17.06 07:00,95.326
134,17.06 08:00,98.78
134,17.06 09:00,117.979
134,17.06 10:00,121.941
134,17.06 11:00,123.993
134,17.06 12:00,125.299
134,17.06 13:00,125.192
134,17.06 14:00,128.101
134,17.06 15:00,127.795
134,17.06 16:00,123.945
134,17.06 17:00,117.988
134,17.06 18:00,100.738
134,17.06 19:00,71.881
134,17.06 20:00,61.953
134,17.06 21:00,54.241
134,17.06 22:00,55.044
134,17.06 23:00,56.197
134,18.06 00:00,55.85
134,18.06 01:00,54.81
134,18.06 02:00,53.878
134,18.06 03:00,53.737
134,18.06 04:00,54.75
134,18.06 05:00,92.928
134,18.06 06:00,91.282
134,18.06 07:00,86.744
134,18.06 08:00,82.718
134,18.06 09:00,82.247
134,18.06 10:00,83.124
134,18.06 11:00,91.122
134,18.06 12:00,90.346
134,18.06 13:00,90.801
134,18.06 14:00,91.876
134,18.06 15:00,92.132
134,18.06 16:00,86.906
134,18.06 17:00,86.118
134,18.06 18:00,90.304
134,18.06 19:00,93.548
134,18.06 20:00,94.873
134,18.06 21:00,97.399
134,18.06 22:00,98.247
134,18.06 23:00,87.116
134,19.06 00:00,85.629
134,19.06 01:00,58.88
134,19.06 02:00,55.833
134,19.06 03:00,57.059
134,19.06 04:00,56.181
134,19.06 05:00,56.73
134,19.06 06:00,55.923
134,19.06 07:00,55.851
134,19.06 08:00,54.115
134,19.06 09:00,55.802
134,19.06 10:00,54.228
134,19.06 11:00,54.143
134,19.06 12:00,53.995
134,19.06 13:00,49.836
134,19.06 14:00,52.935
134,19.06 15:00,49.85
134,19.06 16:00,51.773
134,19.06 17:00,47.85
134,19.06 18:00,51.186
134,19.06 19:00,53.946
134,19.06 20:00,56.092
134,19.06 21:00,57.217
134,19.06 22:00,58.131
134,19.06 23:00,54.055
134,20.06 00:00,51.917
134,20.06 01:00,52.981
134,20.06 02:00,54.783
134,20.06 03:00,54.043
134,20.06 04:00,54.984
134,20.06 05:00,57.153
134,20.06 06:00,107.769
134,20.06 07:00,102.414
134,20.06 08:00,103.9
134,20.06 09:00,115.098
134,20.06 10:00,123.738
134,20.06 11:00,133.664
134,20.06 12:00,139.488
134,20.06 13:00,136.092
134,20.06 14:00,135.327
134,20.06 15:00,131.349
134,20.06 16:00,129.145
134,20.06 17:00,128.234
134,20.06 18:00,106.854
134,20.06 19:00,102.639
134,20.06 20:00,105.97
134,20.06 21:00,112.44
134,20.06 22:00,87.998
134,20.06 23:00,56.806
134,21.06 00:00,53.896
134,21.06 01:00,54.109
134,21.06 02:00,54.116
134,21.06 03:00,54.968
134,21.06 04:00,54.735
134,21.06 05:00,59.186
134,21.06 06:00,101.221
134,21.06 07:00,90.104
134,21.06 08:00,107.328
134,21.06 09:00,122.426
134,21.06 10:00,129.147
134,21.06 11:00,131.448
134,21.06 12:00,133.531
134,21.06 13:00,130.076
134,21.06 14:00,130.491
134,21.06 15:00,127.984
134,21.06 16:00,122.405
134,21.06 17:00,120.54
134,21.06 18:00,100.329
134,21.06 19:00,93.102
134,21.06 20:00,108.238
134,21.06 21:00,90.808
134,21.06 22:00,83.642
134,21.06 23:00,55.176
134,22.06 00:00,54.243
134,22.06 01:00,50.885
134,22.06 02:00,51.04
134,22.06 03:00,53.512
134,22.06 04:00,54.093
134,22.06 05:00,55.814
134,22.06 06:00,97.748
134,22.06 07:00,101.016
134,22.06 08:00,121.305
134,22.06 09:00,136.784
134,22.06 10:00,145.638
134,22.06 11:00,151.616
134,22.06 12:00,151.304
134,22.06 13:00,152.717
134,22.06 14:00,155.934
134,22.06 15:00,149.403
134,22.06 16:00,144.625
134,22.06 17:00,144.505
134,22.06 18:00,123.56
134,22.06 19:00,117.441
134,22.06 20:00,113.235
134,22.06 21:00,118.565
134,22.06 22:00,112.499
134,22.06 23:00,58.04
134,23.06 00:00,55.723
134,23.06 01:00,57.275
134,23.06 02:00,55.956
134,23.06 03:00,55.957
134,23.06 04:00,54.07
134,23.06 05:00,55.749
134,23.06 06:00,97.98
134,23.06 07:00,93.031
134,23.06 08:00,111.988
134,23.06 09:00,130.995
134,23.06 10:00,135.649
134,23.06 11:00,139.202
134,23.06 12:00,142.141
134,23.06 13:00,142.377
134,23.06 14:00,142.809
134,23.06 15:00,150.056
134,23.06 16:00,139.45
134,23.06 17:00,136.802
134,23.06 18:00,108.69
134,23.06 19:00,99.683
134,23.06 20:00,108.603
134,23.06 21:00,115.838
134,23.06 22:00,114.378
134,23.06 23:00,57.203
134,24.06 00:00,56.935
134,24.06 01:00,55.784
134,24.06 02:00,54.733
134,24.06 03:00,54.883
134,24.06 04:00,54.131
134,24.06 05:00,58.99
134,24.06 06:00,103.821
134,24.06 07:00,93.084
134,24.06 08:00,107.988
134,24.06 09:00,124.946
134,24.06 10:00,140.003
134,24.06 11:00,144.662
134,24.06 12:00,146.517
134,24.06 13:00,142.46
134,24.06 14:00,141.535
134,24.06 15:00,138.31
134,24.06 16:00,143.608
134,24.06 17:00,133.969
134,24.06 18:00,109.657
134,24.06 19:00,87.432
134,24.06 20:00,84.19
134,24.06 21:00,73.042
134,24.06 22:00,74.25
134,24.06 23:00,76.326
134,25.06 00:00,74.276
134,25.06 01:00,50.029
134,25.06 02:00,52.981
134,25.06 03:00,53.259
134,25.06 04:00,51.799
134,25.06 05:00,51.973
134,25.06 06:00,58.088
134,25.06 07:00,93.23
134,25.06 08:00,78.98
134,25.06 09:00,76.886
134,25.06 10:00,79.299
134,25.06 11:00,85.123
134,25.06 12:00,86.328
134,25.06 13:00,105.221
134,25.06 14:00,117.754
134,25.06 15:00,125.662
134,25.06 16:00,126.475
134,25.06 17:00,123.333
134,25.06 18:00,120.82
134,25.06 19:00,117.7
134,25.06 20:00,113.54
134,25.06 21:00,105.715
134,25.06 22:00,104.574
134,25.06 23:00,86.633
134,26.06 00:00,82.08
134,26.06 01:00,59.923
134,26.06 02:00,56.968
134,26.06 03:00,55.151
134,26.06 04:00,54.804
134,26.06 05:00,53.577
134,26.06 06:00,57.224
134,26.06 07:00,86.924
134,26.06 08:00,75.354
134,26.06 09:00,76.097
134,26.06 10:00,74.9
134,26.06 11:00,77.207
134,26.06 12:00,76.232
134,26.06 13:00,76.736
134,26.06 14:00,79.061
134,26.06 15:00,85.129
134,26.06 16:00,85.16
134,26.06 17:00,84.259
134,26.06 18:00,48.852
134,26.06 19:00,51.1
134,26.06 20:00,54.787
134,26.06 21:00,56.248
134,26.06 22:00,55.913
134,26.06 23:00,56.046
134,27.06 00:00,57.253
134,27.06 01:00,56.266
134,27.06 02:00,56.256
134,27.06 03:00,58.84
134,27.06 04:00,56.898
134,27.06 05:00,60.261
134,27.06 06:00,102.47
134,27.06 07:00,99.245
134,27.06 08:00,112.788
134,27.06 09:00,123.24
134,27.06 10:00,126.449
134,27.06 11:00,138.441
134,27.06 12:00,147.01
134,27.06 13:00,147.492
134,27.06 14:00,148.125
134,27.06 15:00,144.413
134,27.06 16:00,142.571
134,27.06 17:00,139.511
134,27.06 18:00,113.381
134,27.06 19:00,101.78
134,27.06 20:00,110.493
134,27.06 21:00,102.288
134,27.06 22:00,89.845
134,27.06 23:00,57.041
134,28.06 00:00,55.067
134,28.06 01:00,58.809
134,28.06 02:00,58.087
134,28.06 03:00,53.806
134,28.06 04:00,55.2
134,28.06 05:00,56.956
134,28.06 06:00,97.531
134,28.06 07:00,90.116
134,28.06 08:00,107.632
134,28.06 09:00,122.749
134,28.06 10:00,127.073
134,28.06 11:00,130.556
134,28.06 12:00,132.933
134,28.06 13:00,143.703
134,28.06 14:00,138.662
134,28.06 15:00,129.937
134,28.06 16:00,126.784
134,28.06 17:00,117.504
134,28.06 18:00,93.612
134,28.06 19:00,91.055
134,28.06 20:00,101.789
134,28.06 21:00,96.149
134,28.06 22:00,83.112
134,28.06 23:00,54.879
134,29.06 00:00,52.992
134,29.06 01:00,51.896
134,29.06 02:00,50.853
134,29.06 03:00,49.123
134,29.06 04:00,48.959
134,29.06 05:00,51.888
134,29.06 06:00,88.133
134,29.06 07:00,83.407
134,29.06 08:00,98.799
134,29.06 09:00,109.741
134,29.06 10:00,119.757
134,29.06 11:00,125.331
134,29.06 12:00,128.158
134,29.06 13:00,129.704
134,29.06 14:00,140.496
134,29.06 15:00,136.484
134,29.06 16:00,131.84
134,29.06 17:00,130.297
134,29.06 18:00,120.747
134,29.06 19:00,110.544
134,29.06 20:00,109.55
134,29.06 21:00,116.56
134,29.06 22:00,113.178
134,29.06 23:00,59.125
134,30.06 00:00,56.741
134,30.06 01:00,55.865
134,30.06 02:00,54.884
134,30.06 03:00,56.005
134,30.06 04:00,53.932
134,30.06 05:00,56.745
134,30.06 06:00,96.176
134,30.06 07:00,86.635
134,30.06 08:00,98.433
134,30.06 09:00,113.566
134,30.06 10:00,122.68
134,30.06 11:00,130.609
134,30.06 12:00,131.263
134,30.06 13:00,129.044
134,30.06 14:00,127.384
134,30.06 15:00,126.039
134,30.06 16:00,120.821
134,30.06 17:00,116.03
134,30.06 18:00,97.337
134,30.06 19:00,88.045
134,30.06 20:00,97.067
134,30.06 21:00,93.12
134,30.06 22:00,85.942
134,30.06 23:00,56.873
134,01.07 00:00,51.961
134,01.07 01:00,51.942
134,01.07 02:00,52.78
134,01.07 03:00,54.86
134,01.07 04:00,54.126
134,01.07 05:00,58.048
134,01.07 06:00,93.386
134,01.07 07:00,85.876
134,01.07 08:00,80.735
134,01.07 09:00,79.111
134,01.07 10:00,86.663
134,01.07 11:00,85.72
134,01.07 12:00,87.056
134,01.07 13:00,87.926
134,01.07 14:00,58.126
134,01.07 15:00,57.74
134,01.07 16:00,58.154
134,01.07 17:00,58.057
134,01.07 18:00,57.853
134,01.07 19:00,57.776
134,01.07 20:00,58.13
134,01.07 21:00,58.157
134,01.07 22:00,57.73
134,01.07 23:00,57.894
134,02.07 00:00,57.844
134,02.07 01:00,57.775
134,02.07 02:00,57.931
134,02.07 03:00,58.094
134,02.07 04:00,58.016
134,02.07 05:00,58.018
134,02.07 06:00,0.998
134,02.07 07:00,1.003
134,02.07 08:00,0.998
134,02.07 09:00,1.003
134,02.07 10:00,0.996
134,02.07 11:00,1.003
134,02.07 12:00,0.996
134,02.07 13:00,1.005
134,02.07 14:00,1.003
134,02.07 15:00,1.002
134,02.07 16:00,0.998
134,02.07 17:00,1.002
134,02.07 18:00,0.999
134,02.07 19:00,1.001
134,02.07 20:00,0.996
134,02.07 21:00,0.996
134,02.07 22:00,1.03
134,02.07 23:00,1.005
134,03.07 00:00,1.004
134,03.07 01:00,0.0
134,03.07 02:00,0.0
134,03.07 03:00,1.003
134,03.07 04:00,1.004
134,03.07 05:00,1.005
134,03.07 06:00,1.0
134,03.07 07:00,1.001
134,03.07 08:00,1.003
134,03.07 09:00,0.996
134,03.07 10:00,1.0
134,03.07 11:00,0.995
134,03.07 12:00,0.995
134,03.07 13:00,1.004
134,03.07 14:00,0.998
134,03.07 15:00,1.001
134,03.07 16:00,0.998
134,03.07 17:00,1.003
134,03.07 18:00,0.997
134,03.07 19:00,1.002
134,03.07 20:00,1.002
134,03.07 21:00,1.0
134,03.07 22:00,1.001
134,03.07 23:00,0.995
134,04.07 00:00,0.996
134,04.07 01:00,0.0
134,04.07 02:00,0.0
134,04.07 03:00,0.998
134,04.07 04:00,1.005
134,04.07 05:00,0.998
134,04.07 06:00,0.998
134,04.07 07:00,0.999
134,04.07 08:00,1.001
134,04.07 09:00,1.002
134,04.07 10:00,1.003
134,04.07 11:00,1.005
134,04.07 12:00,1.004
134,04.07 13:00,1.002
134,04.07 14:00,1.001
134,04.07 15:00,1.003
134,04.07 16:00,1.004
134,04.07 17:00,1.005
134,04.07 18:00,0.996
134,04.07 19:00,1.001
134,04.07 20:00,0.999
134,04.07 21:00,0.999
134,04.07 22:00,0.996
134,04.07 23:00,0.998
134,05.07 00:00,1.001
134,05.07 01:00,0.0
134,05.07 02:00,0.0
134,05.07 03:00,0.0
134,05.07 04:00,0.0
134,05.07 06:00,101.547
134,05.07 07:00,93.562
134,05.07 08:00,106.165
134,05.07 09:00,115.345
134,05.07 10:00,118.406
134,05.07 11:00,119.459
134,05.07 12:00,122.749
134,05.07 13:00,128.515
134,05.07 14:00,131.517
134,05.07 15:00,127.196
134,05.07 16:00,123.596
134,05.07 17:00,125.417
134,05.07 18:00,103.176
134,05.07 19:00,97.684
134,05.07 20:00,105.496
134,05.07 21:00,110.404
134,05.07 22:00,99.27
134,05.07 23:00,58.937
134,06.07 00:00,56.899
134,06.07 01:00,56.072
134,06.07 02:00,57.271
134,06.07 03:00,56.062
134,06.07 04:00,58.332
134,06.07 05:00,60.168
134,06.07 06:00,104.418
134,06.07 07:00,95.385
134,06.07 08:00,107.245
134,06.07 09:00,119.256
134,06.07 10:00,121.602
134,06.07 11:00,127.028
134,06.07 12:00,135.816
134,06.07 13:00,138.151
134,06.07 14:00,135.247
134,06.07 15:00,129.995
134,06.07 16:00,125.913
134,06.07 17:00,121.936
134,06.07 18:00,101.32
134,06.07 19:00,96.862
134,06.07 20:00,100.626
134,06.07 21:00,110.976
134,06.07 22:00,111.23
134,06.07 23:00,62.052
134,07.07 00:00,58.268
134,07.07 01:00,57.906
134,07.07 02:00,59.222
134,07.07 03:00,59.068
134,07.07 04:00,62.712
134,07.07 05:00,66.75
134,07.07 06:00,103.369
134,07.07 07:00,92.309
134,07.07 08:00,100.769
134,07.07 09:00,119.725
134,07.07 10:00,127.865
134,07.07 11:00,130.528
134,07.07 12:00,132.387
134,07.07 13:00,135.651
134,07.07 14:00,138.234
134,07.07 15:00,131.153
134,07.07 16:00,125.46
134,07.07 17:00,122.65
134,07.07 18:00,100.352
134,07.07 19:00,100.529
134,07.07 20:00,113.27
134,07.07 21:00,99.464
134,07.07 22:00,89.221
134,07.07 23:00,56.814
134,08.07 00:00,51.253
134,08.07 01:00,51.88
134,08.07 02:00,52.995
134,08.07 03:00,55.731
134,08.07 04:00,62.122
134,08.07 05:00,60.913
134,08.07 06:00,59.885
134,08.07 07:00,64.175
134,08.07 08:00,116.709
134,08.07 09:00,114.147
134,08.07 10:00,78.312
134,08.07 11:00,166.479
134,08.07 12:00,134.628
134,08.07 13:00,131.247
134,08.07 14:00,129.415
134,08.07 15:00,124.48
134,08.07 16:00,126.562
134,08.07 17:00,118.539
134,08.07 18:00,101.241
134,08.07 19:00,101.171
134,08.07 20:00,95.574
134,08.07 21:00,56.095
134,08.07 22:00,56.999
134,08.07 23:00,57.027
134,09.07 00:00,54.792
134,09.07 01:00,56.208
134,09.07 02:00,55.942
134,09.07 03:00,55.774
134,09.07 04:00,57.001
134,09.07 05:00,55.926
134,09.07 06:00,61.366
134,09.07 07:00,95.173
134,09.07 08:00,80.32
134,09.07 09:00,80.291
134,09.07 10:00,79.162
134,09.07 11:00,91.796
134,09.07 12:00,98.979
134,09.07 13:00,96.716
134,09.07 14:00,97.845
134,09.07 15:00,98.432
134,09.07 16:00,55.102
134,09.07 17:00,54.405
134,09.07 18:00,56.715
134,09.07 19:00,57.889
134,09.07 20:00,61.241
134,09.07 21:00,61.853
134,09.07 22:00,62.077
134,09.07 23:00,60.14
134,10.07 00:00,61.126
134,10.07 01:00,60.157
134,10.07 02:00,57.123
134,10.07 03:00,56.972
134,10.07 04:00,55.948
134,10.07 05:00,57.774
134,10.07 06:00,56.042
134,10.07 07:00,55.785
134,10.07 08:00,49.836
134,10.07 09:00,46.998
134,10.07 10:00,45.936
134,10.07 11:00,47.086
134,10.07 12:00,48.779
134,10.07 13:00,45.908
134,10.07 14:00,47.195
134,10.07 15:00,50.089
134,10.07 16:00,45.924
134,10.07 17:00,49.779
134,10.07 18:00,47.17
134,10.07 19:00,48.034
134,10.07 20:00,52.012
134,10.07 21:00,55.077
134,10.07 22:00,55.186
134,10.07 23:00,56.031
134,11.07 00:00,54.811
134,11.07 01:00,54.136
134,11.07 02:00,54.176
134,11.07 03:00,56.778
134,11.07 04:00,54.07
134,11.07 05:00,56.987
134,11.07 06:00,107.101
134,11.07 07:00,97.839
134,11.07 08:00,115.204
134,11.07 09:00,120.487
134,11.07 10:00,124.375
134,11.07 11:00,129.606
134,11.07 12:00,132.069
134,11.07 13:00,131.468
134,11.07 14:00,132.036
134,11.07 15:00,127.99
134,11.07 16:00,122.155
134,11.07 17:00,117.706
134,11.07 18:00,103.241
134,11.07 19:00,97.584
134,11.07 20:00,102.759
134,11.07 21:00,104.218
134,11.07 22:00,96.051
134,11.07 23:00,63.126
134,12.07 00:00,57.196
134,12.07 01:00,58.197
134,12.07 02:00,58.752
134,12.07 03:00,60.853
134,12.07 04:00,61.23
134,12.07 05:00,64.825
134,12.07 06:00,107.272
134,12.07 07:00,94.328
134,12.07 08:00,108.267
134,12.07 09:00,116.994
134,12.07 10:00,119.715
134,12.07 11:00,128.481
134,12.07 12:00,131.359
134,12.07 13:00,138.761
134,12.07 14:00,140.037
134,12.07 15:00,135.541
134,12.07 16:00,130.755
134,12.07 17:00,126.158
134,12.07 18:00,106.111
134,12.07 19:00,101.535
134,12.07 20:00,113.648
134,12.07 21:00,101.497
134,12.07 22:00,88.577
134,12.07 23:00,62.931
134,13.07 00:00,58.934
134,13.07 01:00,58.963
134,13.07 02:00,58.933
134,13.07 03:00,60.08
134,13.07 04:00,59.731
134,13.07 05:00,63.089
134,13.07 06:00,102.231
134,13.07 07:00,95.217
134,13.07 08:00,108.201
134,13.07 09:00,118.031
134,13.07 10:00,118.427
134,13.07 11:00,128.586
134,13.07 12:00,139.487
134,13.07 13:00,138.757
134,13.07 14:00,141.419
134,13.07 15:00,143.486
134,13.07 16:00,146.515
134,13.07 17:00,142.226
134,13.07 18:00,134.422
134,13.07 19:00,133.696
134,13.07 20:00,133.81
134,13.07 21:00,116.911
134,13.07 22:00,109.237
134,13.07 23:00,64.964
134,14.07 00:00,60.287
134,14.07 01:00,59.166
134,14.07 02:00,59.821
134,14.07 03:00,59.886
134,14.07 04:00,58.248
134,14.07 05:00,60.784
134,14.07 06:00,102.041
134,14.07 07:00,90.756
134,14.07 08:00,108.568
134,14.07 09:00,126.007
134,14.07 10:00,127.856
134,14.07 11:00,135.323
134,14.07 12:00,138.666
134,14.07 13:00,139.597
134,14.07 14:00,141.549
134,14.07 15:00,135.808
134,14.07 16:00,131.621
134,14.07 17:00,128.303
134,14.07 18:00,105.771
134,14.07 19:00,102.533
134,14.07 20:00,115.343
134,14.07 21:00,115.283
134,14.07 22:00,92.573
134,14.07 23:00,62.044
134,15.07 00:00,59.023
134,15.07 01:00,57.059
134,15.07 02:00,57.05
134,15.07 03:00,56.783
134,15.07 04:00,58.093
134,15.07 05:00,56.813
134,15.07 06:00,105.05
134,15.07 07:00,92.948
134,15.07 08:00,104.049
134,15.07 09:00,121.906
134,15.07 10:00,124.019
134,15.07 11:00,129.415
134,15.07 12:00,134.918
134,15.07 13:00,141.953
134,15.07 14:00,138.36
134,15.07 15:00,130.093
134,15.07 16:00,123.92
134,15.07 17:00,118.469
134,15.07 18:00,98.852
134,15.07 19:00,91.998
134,15.07 20:00,99.898
134,15.07 21:00,55.902
134,15.07 22:00,57.872
134,15.07 23:00,59.136
134,16.07 00:00,54.018
134,16.07 01:00,53.928
134,16.07 02:00,54.036
134,16.07 03:00,53.739
134,16.07 04:00,53.248
134,16.07 05:00,54.241
134,16.07 06:00,57.725
134,16.07 07:00,93.221
134,16.07 08:00,76.044
134,16.07 09:00,75.968
134,16.07 10:00,80.338
134,16.07 11:00,86.96
134,16.07 12:00,92.095
134,16.07 13:00,95.805
134,16.07 14:00,98.337
134,16.07 15:00,100.029
134,16.07 16:00,89.931
134,16.07 17:00,88.971
134,16.07 18:00,87.968
134,16.07 19:00,88.862
134,16.07 20:00,90.052
134,16.07 21:00,91.077
134,16.07 22:00,90.863
134,16.07 23:00,89.936
134,17.07 00:00,86.948
134,17.07 01:00,59.205
134,17.07 02:00,55.939
134,17.07 03:00,55.958
134,17.07 04:00,60.264
134,17.07 05:00,61.188
134,17.07 06:00,56.989
134,17.07 07:00,90.929
134,17.07 08:00,75.78
134,17.07 09:00,74.838
134,17.07 10:00,76.112
134,17.07 11:00,79.666
134,17.07 12:00,84.642
134,17.07 13:00,85.973
134,17.07 14:00,85.855
134,17.07 15:00,52.75
134,17.07 16:00,51.923
134,17.07 17:00,53.983
134,17.07 18:00,56.272
134,17.07 19:00,55.952
134,17.07 20:00,55.151
134,17.07 21:00,57.095
134,17.07 22:00,56.754
134,17.07 23:00,57.032
134,18.07 00:00,56.073
134,18.07 01:00,56.94
134,18.07 02:00,56.266
134,18.07 03:00,58.112
134,18.07 04:00,59.868
134,18.07 05:00,67.964
134,18.07 06:00,104.208
134,18.07 07:00,98.948
134,18.07 08:00,108.912
134,18.07 09:00,117.27
134,18.07 10:00,123.579
134,18.07 11:00,133.628
134,18.07 12:00,134.008
134,18.07 13:00,132.426
134,18.07 14:00,132.777
134,18.07 15:00,134.214
134,18.07 16:00,124.868
134,18.07 17:00,120.77
134,18.07 18:00,98.72
134,18.07 19:00,96.515
134,18.07 20:00,105.175
134,18.07 21:00,105.425
134,18.07 22:00,88.821
134,18.07 23:00,61.298
134,19.07 00:00,58.065
134,19.07 01:00,58.233
134,19.07 02:00,57.783
134,19.07 03:00,58.048
134,19.07 04:00,55.886
134,19.07 05:00,61.172
134,19.07 06:00,105.74
134,19.07 07:00,91.004
134,19.07 08:00,113.452
134,19.07 09:00,132.436
134,19.07 10:00,131.391
134,19.07 11:00,138.904
134,19.07 12:00,146.661
134,19.07 13:00,142.595
134,19.07 14:00,143.945
134,19.07 15:00,138.816
134,19.07 16:00,124.732
134,19.07 17:00,124.344
134,19.07 18:00,100.146
134,19.07 19:00,93.345
134,19.07 20:00,102.565
134,19.07 21:00,108.724
134,19.07 22:00,85.969
134,19.07 23:00,56.213
134,20.07 00:00,54.088
134,20.07 01:00,52.077
134,20.07 02:00,53.755
134,20.07 03:00,53.05
134,20.07 04:00,57.901
134,20.07 05:00,62.98
134,20.07 06:00,98.351
134,20.07 07:00,90.852
134,20.07 08:00,108.957
134,20.07 09:00,116.887
134,20.07 10:00,127.553
134,20.07 11:00,134.731
134,20.07 12:00,140.107
134,20.07 13:00,146.444
134,20.07 14:00,146.665
134,20.07 15:00,137.444
134,20.07 16:00,135.972
134,20.07 17:00,130.453
134,20.07 18:00,108.285
134,20.07 19:00,104.497
134,20.07 20:00,104.186
134,20.07 21:00,111.548
134,20.07 22:00,109.194
134,20.07 23:00,69.155
134,21.07 00:00,62.845
134,21.07 01:00,64.263
134,21.07 02:00,62.848
134,21.07 03:00,64.855
134,21.07 04:00,64.798
134,21.07 05:00,67.118
134,21.07 06:00,109.249
134,21.07 07:00,95.854
134,21.07 08:00,105.903
134,21.07 09:00,120.516
134,21.07 10:00,128.614
134,21.07 11:00,130.072
134,21.07 12:00,124.546
134,21.07 13:00,127.546
134,21.07 14:00,134.578
134,21.07 15:00,129.565
134,21.07 16:00,124.751
134,21.07 17:00,122.553
134,21.07 18:00,95.64
134,21.07 19:00,92.945
134,21.07 20:00,97.729
134,21.07 21:00,107.491
134,21.07 22:00,98.105
134,21.07 23:00,57.769
134,22.07 00:00,54.239
134,22.07 01:00,55.202
134,22.07 02:00,55.215
134,22.07 03:00,55.199
134,22.07 04:00,54.252
134,22.07 05:00,54.913
134,22.07 06:00,101.878
134,22.07 07:00,89.249
134,22.07 08:00,98.976
134,22.07 09:00,121.418
134,22.07 10:00,128.05
134,22.07 11:00,141.658
134,22.07 12:00,141.686
134,22.07 13:00,142.687
134,22.07 14:00,142.425
134,22.07 15:00,146.024
134,22.07 16:00,138.138
134,22.07 17:00,135.915
134,22.07 18:00,116.261
134,22.07 19:00,109.193
134,22.07 20:00,119.57
134,22.07 21:00,90.383
134,22.07 22:00,91.823
134,22.07 23:00,92.634
134,23.07 00:00,80.267
134,23.07 01:00,54.841
134,23.07 02:00,56.906
134,23.07 03:00,56.109
134,23.07 04:00,56.158
134,23.07 05:00,54.742
134,23.07 06:00,58.824
134,23.07 07:00,58.108
134,23.07 08:00,87.86
134,23.07 09:00,76.627
134,23.07 10:00,75.95
134,23.07 11:00,81.762
134,23.07 12:00,83.408
134,23.07 13:00,83.628
134,23.07 14:00,85.143
134,23.07 15:00,91.375
134,23.07 16:00,54.158
134,23.07 17:00,51.864
134,23.07 18:00,53.102
134,23.07 19:00,54.773
134,23.07 20:00,59.827
134,23.07 21:00,60.101
134,23.07 22:00,61.18
134,23.07 23:00,60.869
134,24.07 00:00,59.22
134,24.07 01:00,59.167
134,24.07 02:00,55.743
134,24.07 03:00,55.952
134,24.07 04:00,53.835
134,24.07 05:00,55.964
134,24.07 06:00,56.138
134,24.07 07:00,53.889
134,24.07 08:00,48.991
134,24.07 09:00,47.818
134,24.07 10:00,48.82
134,24.07 11:00,48.22
134,24.07 12:00,47.817
134,24.07 13:00,49.164
134,24.07 14:00,49.188
134,24.07 15:00,49.226
134,24.07 16:00,50.21
134,24.07 17:00,49.001
134,24.07 18:00,49.137
134,24.07 19:00,50.746
134,24.07 20:00,52.082
134,24.07 21:00,54.991
134,24.07 22:00,55.042
134,24.07 23:00,52.972
134,25.07 00:00,52.975
134,25.07 01:00,54.898
134,25.07 02:00,53.881
134,25.07 03:00,53.774
134,25.07 04:00,54.089
134,25.07 05:00,56.195
134,25.07 06:00,103.278
134,25.07 07:00,102.298
134,25.07 08:00,101.241
134,25.07 09:00,113.046
134,25.07 10:00,119.813
134,25.07 11:00,133.04
134,25.07 12:00,132.246
134,25.07 13:00,130.727
134,25.07 14:00,130.439
134,25.07 15:00,132.591
134,25.07 16:00,123.556
134,25.07 17:00,121.063
134,25.07 18:00,110.635
134,25.07 19:00,105.606
134,25.07 20:00,101.846
134,25.07 21:00,93.744
134,25.07 22:00,84.036
134,25.07 23:00,55.727
134,26.07 00:00,53.104
134,26.07 01:00,52.149
134,26.07 02:00,53.18
134,26.07 03:00,52.972
134,26.07 04:00,54.241
134,26.07 05:00,57.721
134,26.07 06:00,100.073
134,26.07 07:00,87.096
134,26.07 08:00,92.731
134,26.07 09:00,108.295
134,26.07 10:00,117.928
134,26.07 11:00,121.544
134,26.07 12:00,128.003
134,26.07 13:00,130.483
134,26.07 14:00,127.934
134,26.07 15:00,124.993
134,26.07 16:00,124.304
134,26.07 17:00,116.715
134,26.07 18:00,99.479
134,26.07 19:00,98.829
134,26.07 20:00,106.488
134,26.07 21:00,95.883
134,26.07 22:00,86.829
134,26.07 23:00,58.053
134,27.07 00:00,53.499
134,27.07 01:00,55.24
134,27.07 02:00,54.978
134,27.07 03:00,56.255
134,27.07 04:00,56.147
134,27.07 05:00,56.72
134,27.07 06:00,97.401
134,27.07 07:00,86.758
134,27.07 08:00,94.718
134,27.07 09:00,106.727
134,27.07 10:00,111.819
134,27.07 11:00,118.839
134,27.07 12:00,121.102
134,27.07 13:00,130.325
134,27.07 14:00,128.546
134,27.07 15:00,119.413
134,27.07 16:00,115.777
134,27.07 17:00,118.486
134,27.07 18:00,97.525
134,27.07 19:00,94.864
134,27.07 20:00,94.564
134,27.07 21:00,107.478
134,27.07 22:00,101.056
134,27.07 23:00,58.045
134,28.07 00:00,53.894
134,28.07 01:00,56.215
134,28.07 02:00,55.097
134,28.07 03:00,53.744
134,28.07 04:00,53.963
134,28.07 05:00,55.884
134,28.07 06:00,95.055
134,28.07 07:00,87.158
134,28.07 08:00,98.966
134,28.07 09:00,108.626
134,28.07 10:00,112.458
134,28.07 11:00,122.685
134,28.07 12:00,127.57
134,28.07 13:00,137.604
134,28.07 14:00,144.948
134,28.07 15:00,135.299
134,28.07 16:00,131.183
134,28.07 17:00,112.417
134,28.07 18:00,87.256
134,28.07 19:00,94.143
134,28.07 20:00,102.422
134,28.07 21:00,99.329
134,28.07 22:00,84.418
134,28.07 23:00,56.73
134,29.07 00:00,53.816
134,29.07 01:00,53.766
134,29.07 02:00,53.094
134,29.07 03:00,54.207
134,29.07 04:00,53.143
134,29.07 05:00,54.942
134,29.07 06:00,93.776
134,29.07 07:00,81.185
134,29.07 08:00,96.516
134,29.07 09:00,119.888
134,29.07 10:00,134.584
134,29.07 11:00,142.142
134,29.07 12:00,149.452
134,29.07 13:00,147.106
134,29.07 14:00,144.873
134,29.07 15:00,138.723
134,29.07 16:00,127.375
134,29.07 17:00,112.688
134,29.07 18:00,100.5
134,29.07 19:00,98.939
134,29.07 20:00,104.262
134,29.07 21:00,80.681
134,29.07 22:00,81.051
134,29.07 23:00,54.012
134,30.07 00:00,53.034
134,30.07 01:00,53.241
134,30.07 02:00,53.182
134,30.07 03:00,52.965
134,30.07 04:00,53.264
134,30.07 05:00,54.151
134,30.07 06:00,56.032
134,30.07 07:00,83.775
134,30.07 08:00,68.659
134,30.07 09:00,69.964
134,30.07 10:00,78.345
134,30.07 11:00,89.879
134,30.07 12:00,94.278
134,30.07 13:00,97.893
134,30.07 14:00,100.526
134,30.07 15:00,107.746
134,30.07 16:00,112.521
134,30.07 17:00,111.918
134,30.07 18:00,117.563
134,30.07 19:00,121.953
134,30.07 20:00,125.501
134,30.07 21:00,125.735
134,30.07 22:00,118.049
134,30.07 23:00,108.321
134,31.07 00:00,109.534
134,31.07 01:00,106.231
134,31.07 02:00,67.91
134,31.07 03:00,60.222
134,31.07 04:00,60.819
134,31.07 05:00,61.192
134,31.07 06:00,59.863
134,31.07 07:00,60.952
134,31.07 08:00,86.72
134,31.07 09:00,91.847
134,31.07 10:00,75.731
134,31.07 11:00,75.961
134,31.07 12:00,77.856
134,31.07 13:00,84.211
134,31.07 14:00,82.736
134,31.07 15:00,83.818
134,31.07 16:00,81.037
134,31.07 17:00,79.251
134,31.07 18:00,46.914
134,31.07 19:00,50.841
134,31.07 20:00,54.73
134,31.07 21:00,57.861
134,31.07 22:00,56.192
134,31.07 23:00,56.029
134,01.08 00:00,53.983
134,01.08 01:00,53.961
134,01.08 02:00,53.237
134,01.08 03:00,55.163
134,01.08 04:00,58.736
134,01.08 05:00,62.953
134,01.08 06:00,88.675
134,01.08 07:00,91.082
134,01.08 08:00,97.85
134,01.08 09:00,106.34
134,01.08 10:00,125.464
134,01.08 11:00,130.486
134,01.08 12:00,131.534
134,01.08 13:00,138.616
134,01.08 14:00,142.46
134,01.08 15:00,139.266
134,01.08 16:00,136.998
134,01.08 17:00,141.013
134,01.08 18:00,139.003
134,01.08 19:00,131.404
134,01.08 20:00,130.374
134,01.08 21:00,127.212
134,01.08 22:00,115.989
134,01.08 23:00,109.373
134,02.08 00:00,89.04
134,02.08 01:00,76.92
134,02.08 02:00,56.16
134,02.08 03:00,57.09
134,02.08 04:00,56.778
134,02.08 05:00,61.083
134,02.08 06:00,94.18
134,02.08 07:00,84.664
134,02.08 08:00,102.892
134,02.08 09:00,118.455
134,02.08 10:00,125.734
134,02.08 11:00,127.595
134,02.08 12:00,123.435
134,02.08 13:00,126.856
134,02.08 14:00,126.649
134,02.08 15:00,131.596
134,02.08 16:00,126.378
134,02.08 17:00,123.601
134,02.08 18:00,98.702
134,02.08 19:00,92.136
134,02.08 20:00,100.622
134,02.08 21:00,116.143
134,02.08 22:00,100.631
134,02.08 23:00,77.903
134,03.08 00:00,74.696
134,03.08 01:00,55.911
134,03.08 02:00,59.149
134,03.08 03:00,63.094
134,03.08 04:00,57.054
134,03.08 05:00,57.025
134,03.08 06:00,94.164
134,03.08 07:00,85.037
134,03.08 08:00,97.471
134,03.08 09:00,113.468
134,03.08 10:00,123.756
134,03.08 11:00,131.503
134,03.08 12:00,132.879
134,03.08 13:00,132.577
134,03.08 14:00,135.659
134,03.08 15:00,126.32
134,03.08 16:00,125.77
134,03.08 17:00,118.079
134,03.08 18:00,105.501
134,03.08 19:00,93.827
134,03.08 20:00,96.548
134,03.08 21:00,104.529
134,03.08 22:00,82.928
134,03.08 23:00,57.879
134,04.08 00:00,51.748
134,04.08 01:00,51.993
134,04.08 02:00,54.209
134,04.08 03:00,52.759
134,04.08 04:00,52.915
134,04.08 05:00,56.246
134,04.08 06:00,95.424
134,04.08 07:00,84.198
134,04.08 08:00,98.352
134,04.08 09:00,118.126
134,04.08 10:00,124.386
134,04.08 11:00,127.648
134,04.08 12:00,131.536
134,04.08 13:00,133.934
134,04.08 14:00,136.117
134,04.08 15:00,136.467
134,04.08 16:00,135.907
134,04.08 17:00,127.163
134,04.08 18:00,105.429
134,04.08 19:00,102.288
134,04.08 20:00,112.149
134,04.08 21:00,105.802
134,04.08 22:00,90.673
134,04.08 23:00,61.768
134,05.08 00:00,58.247
134,05.08 01:00,57.717
134,05.08 02:00,57.827
134,05.08 03:00,58.89
134,05.08 04:00,55.824
134,05.08 05:00,60.241
134,05.08 06:00,103.019
134,05.08 07:00,94.581
134,05.08 08:00,101.208
134,05.08 09:00,119.68
134,05.08 10:00,124.743
134,05.08 11:00,127.496
134,05.08 12:00,130.953
134,05.08 13:00,130.633
134,05.08 14:00,127.996
134,05.08 15:00,120.993
134,05.08 16:00,119.121
134,05.08 17:00,114.159
134,05.08 18:00,93.026
134,05.08 19:00,85.948
134,05.08 20:00,100.922
134,05.08 21:00,59.865
134,05.08 22:00,61.082
134,05.08 23:00,59.732
134,06.08 00:00,53.254
134,06.08 01:00,48.794
134,06.08 02:00,53.068
134,06.08 03:00,52.047
134,06.08 04:00,51.9
134,06.08 05:00,50.31
134,06.08 06:00,58.732
134,06.08 07:00,88.248
134,06.08 08:00,77.113
134,06.08 09:00,75.88
134,06.08 10:00,89.874
134,06.08 11:00,102.471
134,06.08 12:00,103.278
134,06.08 13:00,102.23
134,06.08 14:00,106.223
134,06.08 15:00,86.882
134,06.08 16:00,82.344
134,06.08 17:00,93.033
134,06.08 18:00,87.764
134,06.08 19:00,86.974
134,06.08 20:00,88.067
134,06.08 21:00,83.708
134,06.08 22:00,82.875
134,06.08 23:00,83.845
134,07.08 00:00,78.649
134,07.08 01:00,79.121
134,07.08 02:00,79.011
134,07.08 03:00,77.79
134,07.08 04:00,78.142
134,07.08 05:00,76.198
134,07.08 06:00,76.347
134,07.08 07:00,78.842
134,07.08 08:00,87.697
134,07.08 09:00,87.711
134,07.08 10:00,98.416
134,07.08 11:00,105.937
134,07.08 12:00,102.463
134,07.08 13:00,99.923
134,07.08 14:00,101.526
134,07.08 15:00,90.945
134,07.08 16:00,92.685
134,07.08 17:00,93.765
134,07.08 18:00,93.266
134,07.08 19:00,94.911
134,07.08 20:00,97.375
134,07.08 21:00,94.081
134,07.08 22:00,89.255
134,07.08 23:00,80.912
134,08.08 00:00,52.838
134,08.08 01:00,52.883
134,08.08 02:00,54.041
134,08.08 03:00,56.725
134,08.08 04:00,54.339
134,08.08 05:00,57.107
134,08.08 06:00,93.44
134,08.08 07:00,90.546
134,08.08 08:00,100.683
134,08.08 09:00,120.479
134,08.08 10:00,123.594
134,08.08 11:00,129.044
134,08.08 12:00,130.631
134,08.08 13:00,127.697
134,08.08 14:00,126.124
134,08.08 15:00,126.254
134,08.08 16:00,125.615
134,08.08 17:00,122.587
134,08.08 18:00,101.503
134,08.08 19:00,92.738
134,08.08 20:00,103.461
134,08.08 21:00,103.698
134,08.08 22:00,103.316
134,08.08 23:00,64.742
134,09.08 00:00,54.925
134,09.08 01:00,58.038
134,09.08 02:00,55.058
134,09.08 03:00,53.909
134,09.08 04:00,55.216
134,09.08 05:00,56.877
134,09.08 06:00,96.861
134,09.08 07:00,87.112
134,09.08 08:00,97.835
134,09.08 09:00,123.599
134,09.08 10:00,140.638
134,09.08 11:00,145.915
134,09.08 12:00,137.488
134,09.08 13:00,142.574
134,09.08 14:00,143.628
134,09.08 15:00,142.329
134,09.08 16:00,137.541
134,09.08 17:00,130.43
134,09.08 18:00,108.582
134,09.08 19:00,106.825
134,09.08 20:00,125.237
134,09.08 21:00,126.131
134,09.08 22:00,123.387
134,09.08 23:00,63.153
134,10.08 00:00,59.878
134,10.08 01:00,62.071
134,10.08 02:00,60.138
134,10.08 03:00,63.256
134,10.08 04:00,66.794
134,10.08 05:00,66.145
134,10.08 06:00,100.106
134,10.08 07:00,94.585
134,10.08 08:00,109.144
134,10.08 09:00,119.18
134,10.08 10:00,130.631
134,10.08 11:00,139.979
134,10.08 12:00,138.551
134,10.08 13:00,134.396
134,10.08 14:00,127.882
134,10.08 15:00,124.39
134,10.08 16:00,122.533
134,10.08 17:00,124.857
134,10.08 18:00,103.724
134,10.08 19:00,96.77
134,10.08 20:00,100.493
134,10.08 21:00,113.475
134,10.08 22:00,94.311
134,10.08 23:00,60.882
134,11.08 00:00,56.802
134,11.08 01:00,53.856
134,11.08 02:00,53.199
134,11.08 03:00,53.079
134,11.08 04:00,55.101
134,11.08 05:00,57.059
134,11.08 06:00,98.091
134,11.08 07:00,97.678
134,11.08 08:00,108.411
134,11.08 09:00,136.012
134,11.08 10:00,141.736
134,11.08 11:00,147.7
134,11.08 12:00,141.751
134,11.08 13:00,144.343
134,11.08 14:00,150.448
134,11.08 15:00,146.904
134,11.08 16:00,140.403
134,11.08 17:00,132.549
134,11.08 18:00,108.162
134,11.08 19:00,104.637
134,11.08 20:00,114.355
134,11.08 21:00,105.009
134,11.08 22:00,90.24
134,11.08 23:00,65.082
134,12.08 00:00,66.214
134,12.08 01:00,62.116
134,12.08 02:00,59.081
134,12.08 03:00,56.22
134,12.08 04:00,57.02
134,12.08 05:00,60.024
134,12.08 06:00,93.893
134,12.08 07:00,96.917
134,12.08 08:00,109.454
134,12.08 09:00,131.494
134,12.08 10:00,121.532
134,12.08 11:00,124.211
134,12.08 12:00,124.531
134,12.08 13:00,123.677
134,12.08 14:00,131.551
134,12.08 15:00,127.661
134,12.08 16:00,124.956
134,12.08 17:00,121.085
134,12.08 18:00,97.69
134,12.08 19:00,91.38
134,12.08 20:00,96.052
134,12.08 21:00,67.152
134,12.08 22:00,68.833
134,12.08 23:00,66.006
134,13.08 00:00,50.976
134,13.08 01:00,50.962
134,13.08 02:00,53.233
134,13.08 03:00,51.224
134,13.08 04:00,51.912
134,13.08 05:00,52.799
134,13.08 06:00,56.092
134,13.08 07:00,86.149
134,13.08 08:00,74.056
134,13.08 09:00,82.338
134,13.08 10:00,94.913
134,13.08 11:00,103.033
134,13.08 12:00,97.226
134,13.08 13:00,97.772
134,13.08 14:00,98.833
134,13.08 15:00,90.121
134,13.08 16:00,54.175
134,13.08 17:00,52.94
134,13.08 18:00,52.943
134,13.08 19:00,54.164
134,13.08 20:00,57.262
134,13.08 21:00,55.783
134,13.08 22:00,57.944
134,13.08 23:00,62.797
134,14.08 00:00,65.143
134,14.08 01:00,57.927
134,14.08 02:00,56.151
134,14.08 03:00,56.186
134,14.08 04:00,55.182
134,14.08 05:00,51.809
134,14.08 06:00,55.9
134,14.08 07:00,83.004
134,14.08 08:00,66.998
134,14.08 09:00,66.801
134,14.08 10:00,70.192
134,14.08 11:00,80.304
134,14.08 12:00,82.9
134,14.08 13:00,84.294
134,14.08 14:00,92.315
134,14.08 15:00,73.962
134,14.08 16:00,72.126
134,14.08 17:00,73.001
134,14.08 18:00,78.875
134,14.08 19:00,70.346
134,14.08 20:00,75.143
134,14.08 21:00,78.922
134,14.08 22:00,81.634
134,14.08 23:00,68.115
134,15.08 00:00,57.272
134,15.08 01:00,55.963
134,15.08 02:00,55.871
134,15.08 03:00,56.008
134,15.08 04:00,53.834
134,15.08 05:00,61.893
134,15.08 06:00,92.781
134,15.08 07:00,93.088
134,15.08 08:00,101.192
134,15.08 09:00,114.907
134,15.08 10:00,130.521
134,15.08 11:00,135.605
134,15.08 12:00,137.9
134,15.08 13:00,136.279
134,15.08 14:00,138.478
134,15.08 15:00,138.604
134,15.08 16:00,132.558
134,15.08 17:00,128.358
134,15.08 18:00,106.096
134,15.08 19:00,106.321
134,15.08 20:00,109.653
134,15.08 21:00,109.237
134,15.08 22:00,94.278
134,15.08 23:00,54.995
134,16.08 00:00,51.203
134,16.08 01:00,50.877
134,16.08 02:00,53.145
134,16.08 03:00,51.096
134,16.08 04:00,51.752
134,16.08 05:00,54.848
134,16.08 06:00,87.82
134,16.08 07:00,98.884
134,16.08 08:00,108.113
134,16.08 09:00,108.289
134,16.08 10:00,111.886
134,16.08 11:00,116.557
134,16.08 12:00,119.35
134,16.08 13:00,121.125
134,16.08 14:00,138.486
134,16.08 15:00,132.676
134,16.08 16:00,126.818
134,16.08 17:00,129.526
134,16.08 18:00,124.406
134,16.08 19:00,118.753
134,16.08 20:00,111.826
134,16.08 21:00,108.483
134,16.08 22:00,101.111
134,16.08 23:00,66.954
134,17.08 00:00,60.165
134,17.08 01:00,60.867
134,17.08 02:00,61.031
134,17.08 03:00,62.156
134,17.08 04:00,64.148
134,17.08 05:00,64.213
134,17.08 06:00,99.551
134,17.08 07:00,105.105
134,17.08 08:00,112.461
134,17.08 09:00,124.956
134,17.08 10:00,144.2
134,17.08 11:00,147.805
134,17.08 12:00,148.26
134,17.08 13:00,146.016
134,17.08 14:00,147.394
134,17.08 15:00,140.174
134,17.08 16:00,139.324
134,17.08 17:00,136.365
134,17.08 18:00,109.486
134,17.08 19:00,114.489
134,17.08 20:00,113.275
134,17.08 21:00,93.025
134,17.08 22:00,86.029
134,17.08 23:00,54.842
134,18.08 00:00,51.043
134,18.08 01:00,49.935
134,18.08 02:00,51.221
134,18.08 03:00,50.85
134,18.08 04:00,50.192
134,18.08 05:00,52.084
134,18.08 06:00,90.03
134,18.08 07:00,94.631
134,18.08 08:00,104.509
134,18.08 09:00,115.537
134,18.08 10:00,128.138
134,18.08 11:00,132.102
134,18.08 12:00,134.52
134,18.08 13:00,136.205
134,18.08 14:00,132.767
134,18.08 15:00,125.837
134,18.08 16:00,124.51
134,18.08 17:00,115.294
134,18.08 18:00,97.467
134,18.08 19:00,91.018
134,18.08 20:00,99.017
134,18.08 21:00,98.761
134,18.08 22:00,90.874
134,18.08 23:00,52.943
134,19.08 00:00,52.097
134,19.08 01:00,50.194
134,19.08 02:00,53.059
134,19.08 03:00,52.172
134,19.08 04:00,51.79
134,19.08 05:00,85.815
134,19.08 06:00,105.429
134,19.08 07:00,111.614
134,19.08 08:00,126.316
134,19.08 09:00,133.862
134,19.08 10:00,136.892
134,19.08 11:00,140.539
134,19.08 12:00,140.374
134,19.08 13:00,140.712
134,19.08 14:00,137.455
134,19.08 15:00,138.652
134,19.08 16:00,128.262
134,19.08 17:00,120.685
134,19.08 18:00,100.583
134,19.08 19:00,103.151
134,19.08 20:00,120.446
134,19.08 21:00,61.752
134,19.08 22:00,52.039
134,19.08 23:00,52.162
134,20.08 00:00,55.189
134,20.08 01:00,57.875
134,20.08 02:00,54.96
134,20.08 03:00,50.16
134,20.08 04:00,49.776
134,20.08 05:00,51.179
134,20.08 06:00,54.198
134,20.08 07:00,76.733
134,20.08 08:00,72.357
134,20.08 09:00,66.888
134,20.08 10:00,74.353
134,20.08 11:00,86.178
134,20.08 12:00,93.154
134,20.08 13:00,93.027
134,20.08 14:00,89.647
134,20.08 15:00,86.897
134,20.08 16:00,75.46
134,20.08 17:00,87.586
134,20.08 18:00,86.006
134,20.08 19:00,86.234
134,20.08 20:00,95.421
134,20.08 21:00,88.65
134,20.08 22:00,60.995
134,20.08 23:00,52.786
134,21.08 00:00,52.899
134,21.08 01:00,52.975
134,21.08 02:00,48.053
134,21.08 03:00,49.848
134,21.08 04:00,49.759
134,21.08 05:00,49.81
134,21.08 06:00,48.907
134,21.08 07:00,49.106
134,21.08 08:00,46.994
134,21.08 09:00,44.086
134,21.08 10:00,43.796
134,21.08 11:00,43.843
134,21.08 12:00,43.964
134,21.08 13:00,44.916
134,21.08 14:00,41.936
134,21.08 15:00,42.162
134,21.08 16:00,43.8
134,21.08 17:00,44.081
134,21.08 18:00,45.084
134,21.08 19:00,45.868
134,21.08 20:00,49.178
134,21.08 21:00,51.083
134,21.08 22:00,50.814
134,21.08 23:00,49.037
134,22.08 00:00,46.812
134,22.08 01:00,47.865
134,22.08 02:00,50.091
134,22.08 03:00,48.058
134,22.08 04:00,47.845
134,22.08 05:00,53.734
134,22.08 06:00,92.118
134,22.08 07:00,92.019
134,22.08 08:00,107.244
134,22.08 09:00,109.639
134,22.08 10:00,115.569
134,22.08 11:00,118.432
134,22.08 12:00,118.317
134,22.08 13:00,114.535
134,22.08 14:00,116.985
134,22.08 15:00,116.631
134,22.08 16:00,119.013
134,22.08 17:00,113.496
134,22.08 18:00,94.037
134,22.08 19:00,89.098
134,22.08 20:00,99.337
134,22.08 21:00,104.696
134,22.08 22:00,90.253
134,22.08 23:00,58.115
134,23.08 00:00,55.245
134,23.08 01:00,54.923
134,23.08 02:00,56.868
134,23.08 03:00,56.964
134,23.08 04:00,55.896
134,23.08 05:00,59.197
134,23.08 06:00,86.575
134,23.08 07:00,85.719
134,23.08 08:00,101.784
134,23.08 09:00,106.584
134,23.08 10:00,115.156
134,23.08 11:00,117.349
134,23.08 12:00,115.325
134,23.08 13:00,114.738
134,23.08 14:00,123.116
134,23.08 15:00,120.206
134,23.08 16:00,114.892
134,23.08 17:00,109.515
134,23.08 18:00,87.913
134,23.08 19:00,82.881
134,23.08 20:00,92.716
134,23.08 21:00,96.618
134,23.08 22:00,77.261
134,23.08 23:00,54.764
134,24.08 00:00,52.062
134,24.08 01:00,50.981
134,24.08 02:00,50.201
134,24.08 03:00,53.023
134,24.08 04:00,51.916
134,24.08 05:00,53.774
134,24.08 06:00,83.945
134,24.08 07:00,79.922
134,24.08 08:00,102.534
134,24.08 09:00,113.418
134,24.08 10:00,122.396
134,24.08 11:00,126.405
134,24.08 12:00,128.8
134,24.08 13:00,130.618
134,24.08 14:00,129.335
134,24.08 15:00,131.37
134,24.08 16:00,120.147
134,24.08 17:00,121.922
134,24.08 18:00,125.194
134,24.08 19:00,126.439
134,24.08 20:00,133.584
134,24.08 21:00,132.313
134,24.08 22:00,124.184
134,24.08 23:00,89.072
134,25.08 00:00,59.034
134,25.08 01:00,52.785
134,25.08 02:00,51.843
134,25.08 03:00,52.204
134,25.08 04:00,52.914
134,25.08 05:00,54.74
134,25.08 06:00,89.118
134,25.08 07:00,85.891
134,25.08 08:00,98.852
134,25.08 09:00,108.291
134,25.08 10:00,115.181
134,25.08 11:00,121.369
134,25.08 12:00,124.152
134,25.08 13:00,126.477
134,25.08 14:00,134.543
134,25.08 15:00,130.222
134,25.08 16:00,126.423
134,25.08 17:00,122.169
134,25.08 18:00,107.908
134,25.08 19:00,105.919
134,25.08 20:00,111.34
134,25.08 21:00,98.505
134,25.08 22:00,95.108
134,25.08 23:00,60.848
134,26.08 00:00,56.1
134,26.08 01:00,56.357
134,26.08 02:00,56.205
134,26.08 03:00,57.858
134,26.08 04:00,55.775
134,26.08 05:00,59.109
134,26.08 06:00,87.089
134,26.08 07:00,84.624
134,26.08 08:00,103.429
134,26.08 09:00,107.543
134,26.08 10:00,112.072
134,26.08 11:00,120.758
134,26.08 12:00,119.207
134,26.08 13:00,120.155
134,26.08 14:00,114.995
134,26.08 15:00,128.276
134,26.08 16:00,121.393
134,26.08 17:00,123.248
134,26.08 18:00,89.6
134,26.08 19:00,88.856
134,26.08 20:00,94.551
134,26.08 21:00,79.87
134,26.08 22:00,58.086
134,26.08 23:00,56.7
134,27.08 00:00,56.792
134,27.08 01:00,55.786
134,27.08 02:00,51.089
134,27.08 03:00,52.128
134,27.08 04:00,52.114
134,27.08 05:00,50.931
134,27.08 06:00,55.258
134,27.08 07:00,55.776
134,27.08 08:00,82.911
134,27.08 09:00,77.885
134,27.08 10:00,80.271
134,27.08 11:00,95.542
134,27.08 12:00,115.067
134,27.08 13:00,119.83
134,27.08 14:00,114.447
134,27.08 15:00,117.578
134,27.08 16:00,116.573
134,27.08 17:00,106.508
134,27.08 18:00,105.196
134,27.08 19:00,101.276
134,27.08 20:00,108.51
134,27.08 21:00,114.22
134,27.08 22:00,114.418
134,27.08 23:00,109.862
134,28.08 00:00,78.869
134,28.08 01:00,79.873
134,28.08 02:00,75.794
134,28.08 03:00,73.782
134,28.08 04:00,73.159
134,28.08 05:00,74.058
134,28.08 06:00,74.076
134,28.08 07:00,75.878
134,28.08 08:00,70.683
134,28.08 09:00,71.244
134,28.08 10:00,55.947
134,28.08 11:00,46.907
134,28.08 12:00,49.018
134,28.08 13:00,47.039
134,28.08 14:00,47.851
134,28.08 15:00,48.074
134,28.08 16:00,47.986
134,28.08 17:00,48.158
134,28.08 18:00,48.919
134,28.08 19:00,46.773
134,28.08 20:00,52.966
134,28.08 21:00,54.209
134,28.08 22:00,54.954
134,28.08 23:00,54.194
134,29.08 00:00,51.743
134,29.08 01:00,54.21
134,29.08 02:00,51.762
134,29.08 03:00,55.087
134,29.08 04:00,53.107
134,29.08 05:00,56.837
134,29.08 06:00,92.899
134,29.08 07:00,92.003
134,29.08 08:00,100.755
134,29.08 09:00,111.767
134,29.08 10:00,117.662
134,29.08 11:00,114.058
134,29.08 12:00,123.999
134,29.08 13:00,129.177
134,29.08 14:00,124.613
134,29.08 15:00,123.708
134,29.08 16:00,120.967
134,29.08 17:00,114.328
134,29.08 18:00,98.028
134,29.08 19:00,89.851
134,29.08 20:00,90.42
134,29.08 21:00,88.792
134,29.08 22:00,78.291
134,29.08 23:00,57.229
134,30.08 00:00,50.077
134,30.08 01:00,50.052
134,30.08 02:00,49.767
134,30.08 03:00,49.845
134,30.08 04:00,50.949
134,30.08 05:00,52.894
134,30.08 06:00,83.603
134,30.08 07:00,83.855
134,30.08 08:00,100.927
134,30.08 09:00,103.927
134,30.08 10:00,110.944
134,30.08 11:00,112.471
134,30.08 12:00,117.117
134,30.08 13:00,124.465
134,30.08 14:00,119.64
134,30.08 15:00,120.777
134,30.08 16:00,117.069
134,30.08 17:00,116.267
134,30.08 18:00,103.785
134,30.08 19:00,98.348
134,30.08 20:00,96.519
134,30.08 21:00,96.645
134,30.08 22:00,82.253
134,30.08 23:00,51.122
134,31.08 00:00,52.025
134,31.08 01:00,48.806
134,31.08 02:00,48.975
134,31.08 03:00,48.096
134,31.08 04:00,50.762
134,31.08 05:00,51.951
134,31.08 06:00,82.928
134,31.08 07:00,82.672
134,31.08 08:00,90.321
134,31.08 09:00,102.409
134,31.08 10:00,110.196
134,31.08 11:00,113.15
134,31.08 12:00,117.481
134,31.08 13:00,118.965
134,31.08 14:00,120.725
134,31.08 15:00,134.329
134,31.08 16:00,123.446
134,31.08 17:00,117.553
134,31.08 18:00,104.705
134,31.08 19:00,114.375
134,31.08 20:00,107.884
134,31.08 21:00,106.276
134,31.08 22:00,95.363
134,31.08 23:00,58.755
134,01.09 00:00,53.034
134,01.09 01:00,51.218
134,01.09 02:00,50.194
134,01.09 03:00,51.2
134,01.09 04:00,50.954
134,01.09 05:00,52.738
134,01.09 06:00,85.135
134,01.09 07:00,82.681
134,01.09 08:00,102.536
134,01.09 09:00,106.976
134,01.09 10:00,116.567
134,01.09 11:00,129.665
134,01.09 12:00,133.473
134,01.09 13:00,137.099
134,01.09 14:00,141.296
134,01.09 15:00,144.405
134,01.09 16:00,137.714
134,01.09 17:00,131.596
134,01.09 18:00,135.073
134,01.09 19:00,120.678
134,01.09 20:00,118.154
134,01.09 21:00,114.505
134,01.09 22:00,113.209
134,01.09 23:00,70.973
134,02.09 00:00,54.238
134,02.09 01:00,51.451
134,02.09 02:00,51.082
134,02.09 03:00,51.208
134,02.09 04:00,52.153
134,02.09 05:00,53.791
134,02.09 06:00,101.618
134,02.09 07:00,110.608
134,02.09 08:00,129.41
134,02.09 09:00,138.886
134,02.09 10:00,147.904
134,02.09 11:00,149.132
134,02.09 12:00,151.295
134,02.09 13:00,158.94
134,02.09 14:00,154.227
134,02.09 15:00,158.329
134,02.09 16:00,157.479
134,02.09 17:00,141.627
134,02.09 18:00,116.977
134,02.09 19:00,106.06
134,02.09 20:00,104.713
134,02.09 21:00,98.779
134,02.09 22:00,59.034
134,02.09 23:00,60.131
134,03.09 00:00,61.17
134,03.09 01:00,62.278
134,03.09 02:00,55.755
134,03.09 03:00,54.728
134,03.09 04:00,54.046
134,03.09 05:00,54.971
134,03.09 06:00,60.962
134,03.09 07:00,90.449
134,03.09 08:00,87.708
134,03.09 09:00,98.351
134,03.09 10:00,102.219
134,03.09 11:00,102.855
134,03.09 12:00,105.122
134,03.09 13:00,115.262
134,03.09 14:00,123.386
134,03.09 15:00,119.695
134,03.09 16:00,115.529
134,03.09 17:00,111.475
134,03.09 18:00,114.457
134,03.09 19:00,118.296
134,03.09 20:00,119.165
134,03.09 21:00,112.924
134,03.09 22:00,110.825
134,03.09 23:00,113.117
134,04.09 00:00,110.45
134,04.09 01:00,107.455
134,04.09 02:00,110.316
134,04.09 03:00,76.051
134,04.09 04:00,76.712
134,04.09 05:00,78.044
134,04.09 06:00,75.771
134,04.09 07:00,75.213
134,04.09 08:00,73.102
134,04.09 09:00,70.884
134,04.09 10:00,73.753
134,04.09 11:00,115.691
134,04.09 12:00,113.825
134,04.09 13:00,121.264
134,04.09 14:00,130.525
134,04.09 15:00,145.557
134,04.09 16:00,154.771
134,04.09 17:00,164.579
134,04.09 18:00,165.726
134,04.09 19:00,165.052
134,04.09 20:00,165.778
134,04.09 21:00,167.946
134,04.09 22:00,158.922
134,04.09 23:00,154.186
134,05.09 00:00,131.849
134,05.09 01:00,90.115
134,05.09 02:00,79.817
134,05.09 03:00,58.913
134,05.09 04:00,60.275
134,05.09 05:00,61.266
134,05.09 06:00,99.166
134,05.09 07:00,87.88
134,05.09 08:00,84.227
134,05.09 09:00,83.219
134,05.09 10:00,93.765
134,05.09 11:00,97.065
134,05.09 12:00,108.497
134,05.09 13:00,105.139
134,05.09 14:00,110.022
134,05.09 15:00,100.629
134,05.09 16:00,86.733
134,05.09 17:00,80.977
134,05.09 18:00,82.161
134,05.09 19:00,82.725
134,05.09 20:00,84.865
134,05.09 21:00,84.366
134,05.09 22:00,83.694
134,05.09 23:00,55.238
134,06.09 00:00,55.857
134,06.09 01:00,56.063
134,06.09 02:00,57.874
134,06.09 03:00,57.91
134,06.09 04:00,57.234
134,06.09 05:00,57.841
134,06.09 06:00,98.358
134,06.09 07:00,98.249
134,06.09 08:00,111.194
134,06.09 09:00,126.395
134,06.09 10:00,137.336
134,06.09 11:00,145.731
134,06.09 12:00,150.673
134,06.09 13:00,146.288
134,06.09 14:00,148.379
134,06.09 15:00,144.404
134,06.09 16:00,134.057
134,06.09 17:00,131.115
134,06.09 18:00,118.239
134,06.09 19:00,108.509
134,06.09 20:00,111.874
134,06.09 21:00,120.755
134,06.09 22:00,102.929
134,06.09 23:00,55.274
134,07.09 00:00,55.246
134,07.09 01:00,55.228
134,07.09 02:00,55.03
134,07.09 03:00,55.042
134,07.09 04:00,55.949
134,07.09 05:00,55.921
134,07.09 06:00,100.06
134,07.09 07:00,90.687
134,07.09 08:00,108.302
134,07.09 09:00,112.764
134,07.09 10:00,117.348
134,07.09 11:00,125.02
134,07.09 12:00,126.443
134,07.09 13:00,129.58
134,07.09 14:00,136.444
134,07.09 15:00,136.691
134,07.09 16:00,136.323
134,07.09 17:00,144.175
134,07.09 18:00,146.916
134,07.09 19:00,138.471
134,07.09 20:00,132.482
134,07.09 21:00,132.805
134,07.09 22:00,135.129
134,07.09 23:00,109.451
134,08.09 00:00,84.845
134,08.09 01:00,60.007
134,08.09 02:00,58.8
134,08.09 03:00,59.12
134,08.09 04:00,57.122
134,08.09 05:00,61.879
134,08.09 06:00,99.792
134,08.09 07:00,95.134
134,08.09 08:00,106.201
134,08.09 09:00,114.828
134,08.09 10:00,122.444
134,08.09 11:00,130.013
134,08.09 12:00,129.705
134,08.09 13:00,131.266
134,08.09 14:00,140.432
134,08.09 15:00,138.592
134,08.09 16:00,145.051
134,08.09 17:00,147.335
134,08.09 18:00,140.452
134,08.09 19:00,129.666
134,08.09 20:00,119.897
134,08.09 21:00,120.499
134,08.09 22:00,113.591
134,08.09 23:00,71.749
134,09.09 00:00,57.018
134,09.09 01:00,55.117
134,09.09 02:00,55.794
134,09.09 03:00,51.842
134,09.09 04:00,54.771
134,09.09 05:00,56.183
134,09.09 06:00,95.132
134,09.09 07:00,95.846
134,09.09 08:00,116.579
134,09.09 09:00,123.429
134,09.09 10:00,132.477
134,09.09 11:00,147.834
134,09.09 12:00,145.02
134,09.09 13:00,151.433
134,09.09 14:00,155.715
134,09.09 15:00,156.229
134,09.09 16:00,148.912
134,09.09 17:00,149.256
134,09.09 18:00,146.397
134,09.09 19:00,137.494
134,09.09 20:00,135.821
134,09.09 21:00,126.608
134,09.09 22:00,121.528
134,09.09 23:00,123.819
134,10.09 00:00,120.164
134,10.09 01:00,95.918
134,10.09 02:00,95.194
134,10.09 03:00,61.001
134,10.09 04:00,61.906
134,10.09 05:00,59.891
134,10.09 06:00,65.071
134,10.09 07:00,100.2
134,10.09 08:00,88.558
134,10.09 09:00,85.2
134,10.09 10:00,86.787
134,10.09 11:00,88.203
134,10.09 12:00,113.547
134,10.09 13:00,132.634
134,10.09 14:00,140.974
134,10.09 15:00,152.085
134,10.09 16:00,153.377
134,10.09 17:00,158.183
134,10.09 18:00,157.199
134,10.09 19:00,144.205
134,10.09 20:00,147.927
134,10.09 21:00,152.693
134,10.09 22:00,140.782
134,10.09 23:00,132.585
134,11.09 00:00,123.533
134,11.09 01:00,119.41
134,11.09 02:00,94.613
134,11.09 03:00,65.117
134,11.09 04:00,64.014
134,11.09 05:00,63.725
134,11.09 06:00,64.866
134,11.09 07:00,94.756
134,11.09 08:00,85.007
134,11.09 09:00,85.298
134,11.09 10:00,84.729
134,11.09 11:00,100.527
134,11.09 12:00,99.62
134,11.09 13:00,102.636
134,11.09 14:00,106.426
134,11.09 15:00,105.094
134,11.09 16:00,100.989
134,11.09 17:00,70.972
134,11.09 18:00,60.957
134,11.09 19:00,59.903
134,11.09 20:00,65.133
134,11.09 21:00,63.714
134,11.09 22:00,62.963
134,11.09 23:00,61.012
134,12.09 00:00,60.174
134,12.09 01:00,59.183
134,12.09 02:00,62.334
134,12.09 03:00,63.111
134,12.09 04:00,60.097
134,12.09 05:00,65.892
134,12.09 06:00,108.852
134,12.09 07:00,105.003
134,12.09 08:00,109.52
134,12.09 09:00,118.268
134,12.09 10:00,135.061
134,12.09 11:00,137.529
134,12.09 12:00,143.556
134,12.09 13:00,150.052
134,12.09 14:00,157.783
134,12.09 15:00,143.677
134,12.09 16:00,140.245
134,12.09 17:00,139.091
134,12.09 18:00,124.465
134,12.09 19:00,111.568
134,12.09 20:00,124.861
134,12.09 21:00,128.881
134,12.09 22:00,111.67
134,12.09 23:00,72.152
134,13.09 00:00,56.725
134,13.09 01:00,54.794
134,13.09 02:00,54.84
134,13.09 03:00,55.247
134,13.09 04:00,55.111
134,13.09 05:00,58.236
134,13.09 06:00,107.229
134,13.09 07:00,99.722
134,13.09 08:00,109.743
134,13.09 09:00,118.52
134,13.09 10:00,131.758
134,13.09 11:00,136.873
134,13.09 12:00,138.229
134,13.09 13:00,146.396
134,13.09 14:00,151.75
134,13.09 15:00,138.488
134,13.09 16:00,132.116
134,13.09 17:00,135.237
134,13.09 18:00,105.45
134,13.09 19:00,98.793
134,13.09 20:00,108.273
134,13.09 21:00,113.289
134,13.09 22:00,114.078
134,13.09 23:00,58.978
134,14.09 00:00,56.735
134,14.09 01:00,56.956
134,14.09 02:00,58.134
134,14.09 03:00,56.8
134,14.09 04:00,54.87
134,14.09 05:00,61.764
134,14.09 06:00,104.849
134,14.09 07:00,97.372
134,14.09 08:00,108.783
134,14.09 09:00,122.34
134,14.09 10:00,136.016
134,14.09 11:00,140.693
134,14.09 12:00,141.618
134,14.09 13:00,144.568
134,14.09 14:00,151.675
134,14.09 15:00,154.388
134,14.09 16:00,149.603
134,14.09 17:00,132.35
134,14.09 18:00,122.732
134,14.09 19:00,120.318
134,14.09 20:00,125.64
134,14.09 21:00,123.584
134,14.09 22:00,121.355
134,14.09 23:00,71.026
134,15.09 00:00,54.949
134,15.09 01:00,54.879
134,15.09 02:00,54.793
134,15.09 03:00,55.215
134,15.09 04:00,56.037
134,15.09 05:00,56.82
134,15.09 06:00,91.904
134,15.09 07:00,87.031
134,15.09 08:00,106.498
134,15.09 09:00,119.64
134,15.09 10:00,131.583
134,15.09 11:00,127.71
134,15.09 12:00,129.384
134,15.09 13:00,132.358
134,15.09 14:00,143.69
134,15.09 15:00,132.512
134,15.09 16:00,149.782
134,15.09 17:00,156.232
134,15.09 18:00,155.542
134,15.09 19:00,145.034
134,15.09 20:00,144.587
134,15.09 21:00,131.725
134,15.09 22:00,115.492
134,15.09 23:00,112.613
134,16.09 00:00,76.24
134,16.09 01:00,57.227
134,16.09 02:00,56.802
134,16.09 03:00,54.116
134,16.09 04:00,54.035
134,16.09 05:00,57.068
134,16.09 06:00,105.899
134,16.09 07:00,100.538
134,16.09 08:00,120.417
134,16.09 09:00,126.541
134,16.09 10:00,132.293
134,16.09 11:00,129.398
134,16.09 12:00,128.559
134,16.09 13:00,140.037
134,16.09 14:00,147.899
134,16.09 15:00,145.018
134,16.09 16:00,143.455
134,16.09 17:00,134.36
134,16.09 18:00,117.87
134,16.09 19:00,105.518
134,16.09 20:00,107.757
134,16.09 21:00,95.433
134,16.09 22:00,84.639
134,16.09 23:00,81.278
134,17.09 00:00,52.319
134,17.09 01:00,55.956
134,17.09 02:00,54.892
134,17.09 03:00,56.018
134,17.09 04:00,56.189
134,17.09 05:00,55.73
134,17.09 06:00,61.178
134,17.09 07:00,101.09
134,17.09 08:00,94.681
134,17.09 09:00,88.023
134,17.09 10:00,88.785
134,17.09 11:00,99.366
134,17.09 12:00,99.102
134,17.09 13:00,93.636
134,17.09 14:00,91.244
134,17.09 15:00,88.657
134,17.09 16:00,54.741
134,17.09 17:00,55.034
134,17.09 18:00,55.109
134,17.09 19:00,55.985
134,17.09 20:00,59.862
134,17.09 21:00,62.258
134,17.09 22:00,59.805
134,17.09 23:00,58.204
134,18.09 00:00,68.003
134,18.09 01:00,69.342
134,18.09 02:00,63.789
134,18.09 03:00,54.886
134,18.09 04:00,54.203
134,18.09 05:00,55.106
134,18.09 06:00,57.119
134,18.09 07:00,97.181
134,18.09 08:00,77.349
134,18.09 09:00,73.784
134,18.09 10:00,72.88
134,18.09 11:00,73.794
134,18.09 12:00,75.19
134,18.09 13:00,79.166
134,18.09 14:00,79.656
134,18.09 15:00,88.331
134,18.09 16:00,89.631
134,18.09 17:00,61.041
134,18.09 18:00,53.866
134,18.09 19:00,54.038
134,18.09 20:00,60.123
134,18.09 21:00,58.286
134,18.09 22:00,64.877
134,18.09 23:00,64.254
134,19.09 00:00,61.092
134,19.09 01:00,58.105
134,19.09 02:00,50.11
134,19.09 03:00,53.15
134,19.09 04:00,49.847
134,19.09 05:00,56.727
134,19.09 06:00,112.827
134,19.09 07:00,104.477
134,19.09 08:00,123.748
134,19.09 09:00,131.136
134,19.09 10:00,137.406
134,19.09 11:00,144.101
134,19.09 12:00,146.029
134,19.09 13:00,148.347
134,19.09 14:00,140.411
134,19.09 15:00,144.281
134,19.09 16:00,144.15
134,19.09 17:00,137.017
134,19.09 18:00,113.707
134,19.09 19:00,104.559
134,19.09 20:00,110.458
134,19.09 21:00,111.317
134,19.09 22:00,106.895
134,19.09 23:00,62.131
134,20.09 00:00,52.929
134,20.09 01:00,52.152
134,20.09 02:00,51.063
134,20.09 03:00,51.124
134,20.09 04:00,51.758
134,20.09 05:00,56.955
134,20.09 06:00,105.982
134,20.09 07:00,96.655
134,20.09 08:00,114.638
134,20.09 09:00,121.849
134,20.09 10:00,130.074
134,20.09 11:00,132.61
134,20.09 12:00,134.625
134,20.09 13:00,134.561
134,20.09 14:00,136.85
134,20.09 15:00,127.362
134,20.09 16:00,127.117
134,20.09 17:00,124.536
134,20.09 18:00,101.926
134,20.09 19:00,100.877
134,20.09 20:00,108.907
134,20.09 21:00,107.867
134,20.09 22:00,94.027
134,20.09 23:00,64.955
134,21.09 00:00,61.926
134,21.09 01:00,63.981
134,21.09 02:00,64.228
134,21.09 03:00,63.314
134,21.09 04:00,62.957
134,21.09 05:00,67.938
134,21.09 06:00,117.527
134,21.09 07:00,105.383
134,21.09 08:00,115.789
134,21.09 09:00,123.754
134,21.09 10:00,132.027
134,21.09 11:00,136.967
134,21.09 12:00,139.825
134,21.09 13:00,145.309
134,21.09 14:00,139.879
134,21.09 15:00,135.626
134,21.09 16:00,140.481
134,21.09 17:00,139.176
134,21.09 18:00,117.779
134,21.09 19:00,102.61
134,21.09 20:00,105.874
134,21.09 21:00,105.477
134,21.09 22:00,103.051
134,21.09 23:00,61.87
134,22.09 00:00,50.047
134,22.09 01:00,51.159
134,22.09 02:00,50.853
134,22.09 03:00,51.205
134,22.09 04:00,50.762
134,22.09 05:00,55.89
134,22.09 06:00,108.514
134,22.09 07:00,111.986
134,22.09 08:00,130.615
134,22.09 09:00,146.628
134,22.09 10:00,152.976
134,22.09 11:00,160.3
134,22.09 12:00,157.575
134,22.09 13:00,169.498
134,22.09 14:00,164.385
134,22.09 15:00,163.719
134,22.09 16:00,159.945
134,22.09 17:00,151.948
134,22.09 18:00,129.579
134,22.09 19:00,118.976
134,22.09 20:00,117.557
134,22.09 21:00,116.541
134,22.09 22:00,117.045
134,22.09 23:00,90.816
134,23.09 00:00,76.225
134,23.09 01:00,50.901
134,23.09 02:00,54.121
134,23.09 03:00,52.859
134,23.09 04:00,53.082
134,23.09 05:00,56.176
134,23.09 06:00,106.999
134,23.09 07:00,104.729
134,23.09 08:00,124.284
134,23.09 09:00,135.67
134,23.09 10:00,143.396
134,23.09 11:00,148.986
134,23.09 12:00,153.39
134,23.09 13:00,146.792
134,23.09 14:00,150.324
134,23.09 15:00,145.528
134,23.09 16:00,143.691
134,23.09 17:00,147.206
134,23.09 18:00,148.515
134,23.09 19:00,129.162
134,23.09 20:00,124.145
134,23.09 21:00,108.022
134,23.09 22:00,104.023
134,23.09 23:00,109.463
134,24.09 00:00,85.905
134,24.09 01:00,53.23
134,24.09 02:00,53.856
134,24.09 03:00,53.1
134,24.09 04:00,53.032
134,24.09 05:00,55.883
134,24.09 06:00,88.303
134,24.09 07:00,80.739
134,24.09 08:00,87.125
134,24.09 09:00,85.328
134,24.09 10:00,93.072
134,24.09 11:00,100.504
134,24.09 12:00,97.623
134,24.09 13:00,114.441
134,24.09 14:00,132.719
134,24.09 15:00,128.254
134,24.09 16:00,113.312
134,24.09 17:00,110.478
134,24.09 18:00,117.975
134,24.09 19:00,119.813
134,24.09 20:00,125.953
134,24.09 21:00,121.493
134,24.09 22:00,119.202
134,24.09 23:00,123.426
134,25.09 00:00,115.38
134,25.09 01:00,101.521
134,25.09 02:00,85.608
134,25.09 03:00,56.163
134,25.09 04:00,57.023
134,25.09 05:00,84.961
134,25.09 06:00,79.894
134,25.09 07:00,103.88
134,25.09 08:00,109.765
134,25.09 09:00,109.099
134,25.09 10:00,110.76
134,25.09 11:00,118.894
134,25.09 12:00,115.887
134,25.09 13:00,114.647
134,25.09 14:00,102.371
134,25.09 15:00,89.12
134,25.09 16:00,88.759
134,25.09 17:00,86.26
134,25.09 18:00,51.983
134,25.09 19:00,53.192
134,25.09 20:00,61.093
134,25.09 21:00,59.268
134,25.09 22:00,59.943
134,25.09 23:00,58.207
134,26.09 00:00,58.237
134,26.09 01:00,56.929
134,26.09 02:00,59.028
134,26.09 03:00,58.234
134,26.09 04:00,56.89
134,26.09 05:00,61.737
134,26.09 06:00,109.778
134,26.09 07:00,108.985
134,26.09 08:00,128.305
134,26.09 09:00,134.905
134,26.09 10:00,142.322
134,26.09 11:00,147.539
134,26.09 12:00,146.676
134,26.09 13:00,148.592
134,26.09 14:00,150.743
134,26.09 15:00,142.111
134,26.09 16:00,138.798
134,26.09 17:00,138.24
134,26.09 18:00,116.456
134,26.09 19:00,109.306
134,26.09 20:00,115.583
134,26.09 21:00,125.545
134,26.09 22:00,119.878
134,26.09 23:00,67.738
134,27.09 00:00,53.101
134,27.09 01:00,54.207
134,27.09 02:00,56.199
134,27.09 03:00,51.851
134,27.09 04:00,53.078
134,27.09 05:00,55.903
134,27.09 06:00,97.551
134,27.09 07:00,98.417
134,27.09 08:00,112.469
134,27.09 09:00,132.364
134,27.09 10:00,144.156
134,27.09 11:00,157.332
134,27.09 12:00,156.513
134,27.09 13:00,154.955
134,27.09 14:00,155.755
134,27.09 15:00,154.429
134,27.09 16:00,151.688
134,27.09 17:00,147.483
134,27.09 18:00,121.914
134,27.09 19:00,114.183
134,27.09 20:00,110.979
134,27.09 21:00,123.337
134,27.09 22:00,118.416
134,27.09 23:00,94.09
134,28.09 00:00,82.318
134,28.09 01:00,56.17
134,28.09 02:00,53.243
134,28.09 03:00,52.869
134,28.09 04:00,52.943
134,28.09 05:00,56.188
134,28.09 06:00,97.254
134,28.09 07:00,97.472
134,28.09 08:00,110.923
134,28.09 09:00,135.486
134,28.09 10:00,148.056
134,28.09 11:00,153.896
134,28.09 12:00,156.649
134,28.09 13:00,155.021
134,28.09 14:00,155.12
134,28.09 15:00,156.463
134,28.09 16:00,158.698
134,28.09 17:00,142.623
134,28.09 18:00,114.945
134,28.09 19:00,109.779
134,28.09 20:00,115.037
134,28.09 21:00,114.139
134,28.09 22:00,115.631
134,28.09 23:00,71.171
134,29.09 00:00,52.903
134,29.09 01:00,50.199
134,29.09 02:00,50.904
134,29.09 03:00,53.916
134,29.09 04:00,50.008
134,29.09 05:00,55.042
134,29.09 06:00,98.116
134,29.09 07:00,94.653
134,29.09 08:00,113.286
134,29.09 09:00,138.376
134,29.09 10:00,149.994
134,29.09 11:00,153.839
134,29.09 12:00,161.673
134,29.09 13:00,157.273
134,29.09 14:00,158.501
134,29.09 15:00,159.705
134,29.09 16:00,149.3
134,29.09 17:00,140.488
134,29.09 18:00,112.499
134,29.09 19:00,100.053
134,29.09 20:00,114.521
134,29.09 21:00,113.464
134,29.09 22:00,89.162
134,29.09 23:00,83.68
134,30.09 00:00,80.998
134,30.09 01:00,58.13
134,30.09 02:00,54.249
134,30.09 03:00,53.88
134,30.09 04:00,55.062
134,30.09 05:00,56.813
134,30.09 06:00,99.35
134,30.09 07:00,98.347
134,30.09 08:00,112.342
134,30.09 09:00,129.604
134,30.09 10:00,152.212
134,30.09 11:00,156.792
134,30.09 12:00,157.865
134,30.09 13:00,162.651
134,30.09 14:00,165.741
134,30.09 15:00,162.784
134,30.09 16:00,141.309
134,30.09 17:00,128.772
134,30.09 18:00,127.106
134,30.09 19:00,77.842
134,30.09 20:00,71.08
134,30.09 21:00,57.942
134,30.09 22:00,57.277
134,30.09 23:00,55.906
