138,01.03 00:00,4.982
138,01.03 01:00,5.97
138,01.03 02:00,4.992
138,01.03 03:00,6.198
138,01.03 04:00,4.99
138,01.03 05:00,5.986
138,01.03 06:00,4.979
138,01.03 07:00,6.028
138,01.03 08:00,4.989
138,01.03 09:00,5.001
138,01.03 10:00,4.989
138,01.03 11:00,5.986
138,01.03 12:00,5.013
138,01.03 13:00,5.015
138,01.03 14:00,4.996
138,01.03 15:00,4.992
138,01.03 16:00,4.995
138,01.03 17:00,5.021
138,01.03 18:00,6.014
138,01.03 19:00,4.991
138,01.03 20:00,5.01
138,01.03 21:00,5.973
138,01.03 22:00,5.013
138,01.03 23:00,5.002
138,02.03 00:00,4.987
138,02.03 01:00,5.983
138,02.03 02:00,5.006
138,02.03 03:00,6.008
138,02.03 04:00,5.024
138,02.03 05:00,6.026
138,02.03 06:00,5.023
138,02.03 07:00,6.012
138,02.03 08:00,4.998
138,02.03 09:00,5.003
138,02.03 10:00,5.007
138,02.03 11:00,4.977
138,02.03 12:00,4.99
138,02.03 13:00,6.017
138,02.03 14:00,5.004
138,02.03 15:00,5.0
138,02.03 16:00,4.993
138,02.03 17:00,4.985
138,02.03 18:00,5.984
138,02.03 19:00,4.985
138,02.03 20:00,4.981
138,02.03 21:00,5.977
138,02.03 22:00,5.025
138,02.03 23:00,5.99
138,03.03 00:00,4.998
138,03.03 01:00,5.998
138,03.03 02:00,4.975
138,03.03 03:00,6.026
138,03.03 04:00,4.999
138,03.03 05:00,6.017
138,03.03 06:00,4.995
138,03.03 07:00,5.988
138,03.03 08:00,5.021
138,03.03 09:00,6.016
138,03.03 10:00,5.005
138,03.03 11:00,5.02
138,03.03 12:00,5.017
138,03.03 13:00,5.018
138,03.03 14:00,5.019
138,03.03 15:00,4.982
138,03.03 16:00,5.021
138,03.03 17:00,4.984
138,03.03 18:00,4.997
138,03.03 19:00,6.021
138,03.03 20:00,4.998
138,03.03 21:00,5.007
138,03.03 22:00,6.003
138,03.03 23:00,4.988
138,04.03 00:00,5.02
138,04.03 01:00,6.004
138,04.03 02:00,4.986
138,04.03 03:00,5.997
138,04.03 04:00,5.021
138,04.03 05:00,4.989
138,04.03 06:00,6.005
138,04.03 07:00,5.009
138,04.03 08:00,3.981
138,04.03 09:00,3.003
138,04.03 10:00,3.987
138,04.03 11:00,3.012
138,04.03 12:00,2.999
138,04.03 13:00,2.993
138,04.03 14:00,3.009
138,04.03 15:00,3.002
138,04.03 16:00,4.0
138,04.03 17:00,2.991
138,04.03 18:00,3.985
138,04.03 19:00,3.015
138,04.03 20:00,3.984
138,04.03 21:00,2.99
138,04.03 22:00,3.007
138,04.03 23:00,3.999
138,05.03 00:00,3.003
138,05.03 01:00,4.017
138,05.03 02:00,3.991
138,05.03 03:00,3.005
138,05.03 04:00,4.016
138,05.03 05:00,3.006
138,05.03 06:00,3.003
138,05.03 07:00,4.009
138,05.03 08:00,3.008
138,05.03 09:00,2.993
138,05.03 10:00,3.999
138,05.03 11:00,2.992
138,05.03 12:00,2.993
138,05.03 13:00,3.005
138,05.03 14:00,2.988
138,05.03 15:00,2.995
138,05.03 16:00,4.002
138,05.03 17:00,2.985
138,05.03 18:00,2.993
138,05.03 19:00,4.018
138,05.03 20:00,4.002
138,05.03 21:00,2.988
138,05.03 22:00,3.005
138,05.03 23:00,4.007
138,06.03 00:00,3.013
138,06.03 01:00,3.001
138,06.03 02:00,4.015
138,06.03 03:00,3.013
138,06.03 04:00,4.014
138,06.03 05:00,3.012
138,06.03 06:00,3.999
138,06.03 07:00,2.994
138,06.03 08:00,3.982
138,06.03 09:00,2.998
138,06.03 10:00,3.006
138,06.03 11:00,3.992
138,06.03 12:00,3.004
138,06.03 13:00,3.996
138,06.03 14:00,2.988
138,06.03 15:00,3.01
138,06.03 16:00,3.995
138,06.03 17:00,3.0
138,06.03 18:00,3.984
138,06.03 19:00,3.006
138,06.03 20:00,3.996
138,06.03 21:00,3.998
138,06.03 22:00,3.004
138,06.03 23:00,3.992
138,07.03 00:00,3.987
138,07.03 01:00,2.999
138,07.03 02:00,3.988
138,07.03 03:00,4.003
138,07.03 04:00,3.012
138,07.03 05:00,3.987
138,07.03 06:00,4.009
138,07.03 07:00,3.013
138,07.03 08:00,3.994
138,07.03 09:00,3.004
138,07.03 10:00,3.014
138,07.03 11:00,3.989
138,07.03 12:00,2.996
138,07.03 13:00,3.005
138,07.03 14:00,4.006
138,07.03 15:00,2.996
138,07.03 16:00,3.01
138,07.03 17:00,3.993
138,07.03 18:00,2.999
138,07.03 19:00,3.983
138,07.03 20:00,2.991
138,07.03 21:00,3.982
138,07.03 22:00,4.008
138,07.03 23:00,3.992
138,08.03 00:00,2.995
138,08.03 01:00,4.005
138,08.03 02:00,3.983
138,08.03 03:00,3.985
138,08.03 04:00,3.011
138,08.03 05:00,4.005
138,08.03 06:00,4.019
138,08.03 07:00,4.01
138,08.03 08:00,2.989
138,08.03 09:00,3.002
138,08.03 10:00,4.001
138,08.03 11:00,3.0
138,08.03 12:00,3.986
138,08.03 13:00,3.013
138,08.03 14:00,3.004
138,08.03 15:00,2.999
138,08.03 16:00,2.99
138,08.03 17:00,4.013
138,08.03 18:00,3.001
138,08.03 19:00,4.016
138,08.03 20:00,3.002
138,08.03 21:00,4.006
138,08.03 22:00,2.992
138,08.03 23:00,4.019
138,09.03 00:00,3.995
138,09.03 01:00,2.995
138,09.03 02:00,4.012
138,09.03 03:00,3.998
138,09.03 04:00,2.999
138,09.03 05:00,4.014
138,09.03 06:00,3.009
138,09.03 07:00,4.019
138,09.03 08:00,4.004
138,09.03 09:00,2.99
138,09.03 10:00,2.996
138,09.03 11:00,3.998
138,09.03 12:00,2.987
138,09.03 13:00,3.994
138,09.03 14:00,2.993
138,09.03 15:00,3.001
138,09.03 16:00,2.997
138,09.03 17:00,3.991
138,09.03 18:00,3.007
138,09.03 19:00,3.001
138,09.03 20:00,3.983
138,09.03 21:00,2.989
138,09.03 22:00,4.0
138,09.03 23:00,3.987
138,10.03 00:00,2.995
138,10.03 01:00,4.016
138,10.03 02:00,3.013
138,10.03 03:00,3.982
138,10.03 04:00,2.987
138,10.03 05:00,4.019
138,10.03 06:00,4.007
138,10.03 07:00,2.986
138,10.03 08:00,4.019
138,10.03 09:00,3.011
138,10.03 10:00,3.989
138,10.03 11:00,4.975
138,10.03 12:00,5.021
138,10.03 13:00,4.02
138,10.03 14:00,2.999
138,10.03 15:00,3.992
138,10.03 16:00,3.003
138,10.03 17:00,3.997
138,10.03 18:00,2.991
138,10.03 19:00,3.004
138,10.03 20:00,4.004
138,10.03 21:00,3.993
138,10.03 22:00,3.103
138,10.03 23:00,4.016
138,11.03 00:00,3.004
138,11.03 01:00,3.003
138,11.03 02:00,3.007
138,11.03 03:00,4.986
138,11.03 04:00,2.996
138,11.03 05:00,3.983
138,11.03 06:00,3.014
138,11.03 07:00,3.006
138,11.03 08:00,4.017
138,11.03 09:00,3.013
138,11.03 10:00,2.971
138,11.03 11:00,4.01
138,11.03 12:00,3.0
138,11.03 13:00,3.005
138,11.03 14:00,2.995
138,11.03 15:00,3.995
138,11.03 16:00,3.013
138,11.03 17:00,2.985
138,11.03 18:00,2.992
138,11.03 19:00,3.993
138,11.03 20:00,2.986
138,11.03 21:00,3.009
138,11.03 22:00,4.011
138,11.03 23:00,3.014
138,12.03 00:00,4.013
138,12.03 01:00,2.996
138,12.03 02:00,3.013
138,12.03 03:00,4.014
138,12.03 04:00,3.986
138,12.03 05:00,2.993
138,12.03 06:00,2.997
138,12.03 07:00,4.007
138,12.03 08:00,3.014
138,12.03 09:00,2.997
138,12.03 10:00,3.98
138,12.03 11:00,3.009
138,12.03 12:00,3.014
138,12.03 13:00,2.997
138,12.03 14:00,4.015
138,12.03 15:00,2.996
138,12.03 16:00,2.987
138,12.03 17:00,2.989
138,12.03 18:00,3.982
138,12.03 19:00,3.003
138,12.03 20:00,3.009
138,12.03 21:00,3.003
138,12.03 22:00,5.017
138,12.03 23:00,3.013
138,13.03 00:00,4.019
138,13.03 01:00,2.999
138,13.03 03:00,3.984
138,13.03 04:00,3.008
138,13.03 05:00,3.99
138,13.03 06:00,2.992
138,13.03 07:00,4.016
138,13.03 08:00,3.007
138,13.03 09:00,4.007
138,13.03 10:00,3.006
138,13.03 11:00,2.989
138,13.03 12:00,3.987
138,13.03 13:00,2.997
138,13.03 14:00,2.985
138,13.03 15:00,3.014
138,13.03 16:00,4.013
138,13.03 17:00,2.998
138,13.03 18:00,2.987
138,13.03 19:00,2.993
138,13.03 20:00,3.015
138,13.03 21:00,3.98
138,13.03 22:00,2.997
138,13.03 23:00,4.007
138,14.03 00:00,4.014
138,14.03 01:00,2.988
138,14.03 02:00,4.003
138,14.03 03:00,2.991
138,14.03 04:00,3.992
138,14.03 05:00,4.013
138,14.03 06:00,2.994
138,14.03 07:00,3.008
138,14.03 08:00,4.01
138,14.03 09:00,3.013
138,14.03 10:00,3.995
138,14.03 11:00,3.014
138,14.03 12:00,4.011
138,14.03 13:00,3.99
138,14.03 14:00,3.014
138,14.03 15:00,3.995
138,14.03 16:00,3.013
138,14.03 17:00,4.011
138,14.03 18:00,2.989
138,14.03 19:00,3.986
138,14.03 20:00,4.018
138,14.03 21:00,2.987
138,14.03 22:00,3.995
138,14.03 23:00,2.993
138,15.03 00:00,4.005
138,15.03 01:00,4.009
138,15.03 02:00,4.008
138,15.03 03:00,3.014
138,15.03 04:00,4.013
138,15.03 05:00,4.02
138,15.03 06:00,2.986
138,15.03 07:00,4.007
138,15.03 08:00,3.009
138,15.03 09:00,4.004
138,15.03 10:00,3.982
138,15.03 11:00,4.988
138,15.03 12:00,3.001
138,15.03 13:00,2.991
138,15.03 14:00,4.008
138,15.03 15:00,3.982
138,15.03 16:00,2.985
138,15.03 17:00,4.017
138,15.03 18:00,2.997
138,15.03 19:00,4.007
138,15.03 20:00,2.943
138,15.03 21:00,4.018
138,15.03 22:00,3.988
138,15.03 23:00,4.007
138,16.03 00:00,3.011
138,16.03 01:00,4.01
138,16.03 02:00,2.998
138,16.03 03:00,4.019
138,16.03 04:00,3.987
138,16.03 05:00,4.016
138,16.03 06:00,3.004
138,16.03 07:00,3.999
138,16.03 08:00,2.986
138,16.03 09:00,3.988
138,16.03 10:00,3.002
138,16.03 11:00,3.981
138,16.03 12:00,3.003
138,16.03 13:00,3.988
138,16.03 14:00,3.009
138,16.03 15:00,3.99
138,16.03 16:00,3.009
138,16.03 17:00,2.987
138,16.03 18:00,3.003
138,16.03 19:00,3.997
138,16.03 20:00,3.005
138,16.03 21:00,3.926
138,16.03 22:00,2.987
138,16.03 23:00,4.004
138,17.03 00:00,3.997
138,17.03 01:00,3.009
138,17.03 02:00,3.984
138,17.03 03:00,3.011
138,17.03 04:00,3.986
138,17.03 05:00,3.01
138,17.03 06:00,3.996
138,17.03 07:00,3.999
138,17.03 08:00,2.935
138,17.03 09:00,3.997
138,17.03 10:00,3.994
138,17.03 11:00,3.008
138,17.03 12:00,2.999
138,17.03 13:00,3.991
138,17.03 14:00,3.002
138,17.03 15:00,2.986
138,17.03 16:00,3.986
138,17.03 17:00,2.993
138,17.03 18:00,3.998
138,17.03 19:00,3.994
138,17.03 20:00,2.994
138,17.03 21:00,3.987
138,17.03 22:00,3.981
138,17.03 23:00,3.0
138,18.03 00:00,3.981
138,18.03 01:00,4.014
138,18.03 02:00,3.001
138,18.03 03:00,4.0
138,18.03 04:00,4.013
138,18.03 05:00,4.005
138,18.03 06:00,3.013
138,18.03 07:00,4.012
138,18.03 08:00,3.998
138,18.03 09:00,3.008
138,18.03 10:00,3.984
138,18.03 11:00,3.005
138,18.03 12:00,4.007
138,18.03 13:00,3.015
138,18.03 14:00,4.02
138,18.03 15:00,2.991
138,18.03 16:00,2.985
138,18.03 17:00,3.9
138,18.03 18:00,2.986
138,18.03 19:00,3.011
138,18.03 20:00,3.986
138,18.03 21:00,2.986
138,18.03 22:00,4.0
138,18.03 23:00,3.999
138,19.03 00:00,2.994
138,19.03 01:00,3.99
138,19.03 02:00,3.991
138,19.03 03:00,3.993
138,19.03 04:00,3.009
138,19.03 05:00,4.0
138,19.03 06:00,3.99
138,19.03 07:00,4.011
138,19.03 08:00,2.991
138,19.03 09:00,3.987
138,19.03 10:00,3.007
138,19.03 11:00,3.006
138,19.03 12:00,3.993
138,19.03 13:00,2.988
138,19.03 14:00,2.99
138,19.03 15:00,3.01
138,19.03 16:00,4.018
138,19.03 17:00,2.991
138,19.03 18:00,2.987
138,19.03 19:00,3.989
138,19.03 20:00,4.02
138,19.03 21:00,2.987
138,19.03 22:00,4.019
138,19.03 23:00,2.995
138,20.03 00:00,3.995
138,20.03 01:00,4.005
138,20.03 02:00,4.006
138,20.03 03:00,2.991
138,20.03 04:00,4.012
138,20.03 05:00,3.982
138,20.03 06:00,4.004
138,20.03 07:00,2.993
138,20.03 08:00,2.997
138,20.03 09:00,3.991
138,20.03 10:00,2.987
138,20.03 11:00,3.982
138,20.03 12:00,2.985
138,20.03 13:00,3.009
138,20.03 14:00,2.99
138,20.03 15:00,2.994
138,20.03 16:00,3.006
138,20.03 17:00,3.993
138,20.03 18:00,3.008
138,20.03 19:00,4.015
138,20.03 20:00,2.995
138,20.03 21:00,4.013
138,20.03 22:00,2.994
138,20.03 23:00,4.019
138,21.03 00:00,3.005
138,21.03 01:00,4.004
138,21.03 02:00,2.999
138,21.03 03:00,3.998
138,21.03 04:00,2.991
138,21.03 05:00,3.003
138,21.03 06:00,4.012
138,21.03 07:00,4.012
138,21.03 08:00,3.012
138,21.03 09:00,2.989
138,21.03 10:00,3.004
138,21.03 11:00,2.986
138,21.03 12:00,3.994
138,21.03 13:00,2.991
138,21.03 14:00,3.005
138,21.03 15:00,4.012
138,21.03 16:00,2.992
138,21.03 17:00,3.984
138,21.03 18:00,2.988
138,21.03 19:00,3.995
138,21.03 20:00,2.999
138,21.03 21:00,2.994
138,21.03 22:00,3.0
138,21.03 23:00,4.015
138,22.03 00:00,3.005
138,22.03 01:00,4.008
138,22.03 02:00,2.996
138,22.03 03:00,4.006
138,22.03 04:00,3.012
138,22.03 05:00,4.02
138,22.03 06:00,3.995
138,22.03 07:00,3.015
138,22.03 08:00,4.012
138,22.03 09:00,4.016
138,22.03 10:00,3.008
138,22.03 11:00,4.017
138,22.03 12:00,3.008
138,22.03 13:00,3.988
138,22.03 14:00,3.009
138,22.03 15:00,4.01
138,22.03 16:00,3.008
138,22.03 17:00,4.019
138,22.03 18:00,2.99
138,22.03 19:00,4.18
138,22.03 20:00,2.999
138,22.03 21:00,4.011
138,22.03 22:00,4.015
138,22.03 23:00,3.001
138,23.03 00:00,3.989
138,23.03 01:00,4.017
138,23.03 02:00,3.007
138,23.03 03:00,3.985
138,23.03 04:00,3.988
138,23.03 05:00,3.985
138,23.03 06:00,2.995
138,23.03 07:00,4.0
138,23.03 08:00,2.992
138,23.03 09:00,3.995
138,23.03 10:00,3.988
138,23.03 11:00,2.991
138,23.03 12:00,4.018
138,23.03 13:00,2.991
138,23.03 14:00,3.992
138,23.03 15:00,2.986
138,23.03 16:00,3.007
138,23.03 17:00,3.988
138,23.03 18:00,2.989
138,23.03 19:00,3.009
138,23.03 20:00,4.003
138,23.03 21:00,2.995
138,23.03 22:00,3.989
138,23.03 23:00,3.996
138,24.03 00:00,3.002
138,24.03 01:00,4.016
138,24.03 02:00,3.998
138,24.03 03:00,2.996
138,24.03 04:00,3.995
138,24.03 05:00,2.997
138,24.03 06:00,3.982
138,24.03 07:00,4.012
138,24.03 08:00,2.995
138,24.03 09:00,4.015
138,24.03 10:00,3.007
138,24.03 11:00,2.995
138,24.03 12:00,4.011
138,24.03 13:00,3.005
138,24.03 14:00,4.005
138,24.03 15:00,2.998
138,24.03 16:00,3.007
138,24.03 17:00,3.99
138,24.03 18:00,2.999
138,24.03 19:00,2.995
138,24.03 20:00,3.997
138,24.03 21:00,2.943
138,24.03 22:00,4.015
138,24.03 23:00,4.019
138,25.03 00:00,2.993
138,25.03 01:00,4.002
138,25.03 02:00,4.016
138,25.03 03:00,3.004
138,25.03 04:00,3.987
138,25.03 05:00,3.993
138,25.03 06:00,3.985
138,25.03 07:00,3.013
138,25.03 08:00,4.007
138,25.03 09:00,2.998
138,25.03 10:00,3.981
138,25.03 11:00,2.991
138,25.03 12:00,4.004
138,25.03 13:00,4.013
138,25.03 14:00,3.005
138,25.03 15:00,3.993
138,25.03 16:00,3.0
138,25.03 17:00,3.043
138,25.03 18:00,2.999
138,25.03 19:00,3.873
138,25.03 20:00,3.982
138,25.03 21:00,3.002
138,25.03 22:00,4.015
138,25.03 23:00,2.993
138,26.03 00:00,3.991
138,26.03 01:00,4.014
138,26.03 02:00,4.013
138,26.03 03:00,3.006
138,26.03 04:00,3.986
138,26.03 05:00,3.992
138,26.03 06:00,3.01
138,26.03 07:00,4.004
138,26.03 08:00,3.992
138,26.03 09:00,2.995
138,26.03 10:00,3.994
138,26.03 11:00,2.998
138,26.03 12:00,2.989
138,26.03 13:00,3.984
138,26.03 14:00,2.991
138,26.03 15:00,3.0
138,26.03 16:00,3.984
138,26.03 17:00,3.009
138,26.03 18:00,4.018
138,26.03 19:00,2.992
138,26.03 20:00,3.985
138,26.03 21:00,4.004
138,26.03 22:00,3.004
138,26.03 23:00,3.993
138,27.03 00:00,3.007
138,27.03 01:00,3.986
138,27.03 02:00,4.0
138,27.03 03:00,2.993
138,27.03 04:00,4.014
138,27.03 05:00,3.011
138,27.03 06:00,3.982
138,27.03 07:00,4.004
138,27.03 08:00,3.009
138,27.03 09:00,3.99
138,27.03 10:00,2.992
138,27.03 11:00,2.996
138,27.03 12:00,4.002
138,27.03 13:00,2.995
138,27.03 14:00,3.0
138,27.03 15:00,3.006
138,27.03 16:00,3.983
138,27.03 17:00,3.008
138,27.03 18:00,3.003
138,27.03 19:00,4.02
138,27.03 20:00,3.008
138,27.03 21:00,4.0
138,27.03 22:00,2.997
138,27.03 23:00,4.005
138,28.03 00:00,2.996
138,28.03 01:00,4.005
138,28.03 02:00,3.986
138,28.03 03:00,3.01
138,28.03 04:00,3.99
138,28.03 05:00,3.998
138,28.03 06:00,4.002
138,28.03 07:00,2.996
138,28.03 08:00,4.013
138,28.03 09:00,2.996
138,28.03 10:00,4.009
138,28.03 11:00,4.011
138,28.03 12:00,3.002
138,28.03 13:00,2.997
138,28.03 14:00,4.01
138,28.03 15:00,4.003
138,28.03 16:00,2.992
138,28.03 17:00,3.855
138,28.03 18:00,2.995
138,28.03 19:00,4.017
138,28.03 20:00,2.997
138,28.03 21:00,3.998
138,28.03 22:00,4.002
138,28.03 23:00,2.986
138,29.03 00:00,4.004
138,29.03 01:00,3.008
138,29.03 02:00,4.017
138,29.03 03:00,3.008
138,29.03 04:00,4.01
138,29.03 05:00,3.99
138,29.03 06:00,2.994
138,29.03 07:00,4.006
138,29.03 08:00,2.91
138,29.03 09:00,3.986
138,29.03 10:00,3.003
138,29.03 11:00,4.015
138,29.03 12:00,3.01
138,29.03 13:00,4.016
138,29.03 14:00,2.994
138,29.03 15:00,2.987
138,29.03 16:00,3.991
138,29.03 17:00,4.012
138,29.03 18:00,2.996
138,29.03 19:00,3.991
138,29.03 20:00,3.001
138,29.03 21:00,4.02
138,29.03 22:00,4.017
138,29.03 23:00,3.004
138,30.03 00:00,3.984
138,30.03 01:00,3.002
138,30.03 02:00,4.018
138,30.03 03:00,3.982
138,30.03 04:00,3.007
138,30.03 05:00,4.006
138,30.03 06:00,3.011
138,30.03 07:00,3.987
138,30.03 08:00,3.98
138,30.03 09:00,3.008
138,30.03 10:00,3.014
138,30.03 11:00,3.988
138,30.03 12:00,3.997
138,30.03 13:00,3.009
138,30.03 14:00,3.012
138,30.03 15:00,4.003
138,30.03 16:00,2.994
138,30.03 17:00,4.017
138,30.03 18:00,3.01
138,30.03 19:00,4.01
138,30.03 20:00,3.012
138,30.03 21:00,3.997
138,30.03 22:00,2.001
138,30.03 23:00,5.005
138,31.03 00:00,3.983
138,31.03 01:00,2.988
138,31.03 02:00,3.982
138,31.03 03:00,3.063
138,31.03 04:00,3.987
138,31.03 05:00,3.984
138,31.03 06:00,2.988
138,31.03 07:00,3.997
138,31.03 08:00,3.004
138,31.03 09:00,4.012
138,31.03 10:00,3.003
138,31.03 11:00,3.01
138,31.03 12:00,4.017
138,31.03 13:00,2.995
138,31.03 14:00,3.987
138,31.03 15:00,2.994
138,31.03 16:00,2.998
138,31.03 17:00,2.986
138,31.03 18:00,3.994
138,31.03 19:00,2.994
138,31.03 20:00,3.997
138,31.03 21:00,2.024
138,31.03 22:00,4.984
138,31.03 23:00,3.982
138,01.04 00:00,3.014
138,01.04 01:00,3.997
138,01.04 02:00,4.019
138,01.04 03:00,2.996
138,01.04 04:00,3.986
138,01.04 05:00,4.017
138,01.04 06:00,2.997
138,01.04 07:00,4.013
138,01.04 08:00,2.987
138,01.04 09:00,4.005
138,01.04 10:00,3.014
138,01.04 11:00,3.001
138,01.04 12:00,4.015
138,01.04 13:00,2.989
138,01.04 14:00,3.013
138,01.04 15:00,3.997
138,01.04 16:00,3.001
138,01.04 17:00,2.996
138,01.04 18:00,3.987
138,01.04 19:00,2.991
138,01.04 20:00,3.999
138,01.04 21:00,3.0
138,01.04 22:00,4.008
138,01.04 23:00,3.007
138,02.04 00:00,3.991
138,02.04 01:00,3.011
138,02.04 02:00,4.981
138,02.04 03:00,3.0
138,02.04 04:00,3.981
138,02.04 05:00,3.005
138,02.04 06:00,4.003
138,02.04 07:00,4.017
138,02.04 08:00,2.991
138,02.04 09:00,3.985
138,02.04 10:00,3.004
138,02.04 11:00,2.993
138,02.04 12:00,3.981
138,02.04 13:00,2.993
138,02.04 14:00,2.99
138,02.04 15:00,2.986
138,02.04 16:00,3.0
138,02.04 17:00,3.99
138,02.04 18:00,3.01
138,02.04 19:00,3.008
138,02.04 20:00,3.984
138,02.04 21:00,4.019
138,02.04 22:00,3.004
138,02.04 23:00,3.99
138,03.04 00:00,3.002
138,03.04 01:00,3.002
138,03.04 02:00,3.007
138,03.04 03:00,0.0
138,03.04 04:00,9.038
138,03.04 05:00,3.0
138,03.04 06:00,3.984
138,03.04 07:00,3.008
138,03.04 08:00,4.012
138,03.04 09:00,2.99
138,03.04 10:00,3.983
138,03.04 11:00,3.003
138,03.04 12:00,3.012
138,03.04 13:00,2.988
138,03.04 14:00,2.996
138,03.04 15:00,2.992
138,03.04 16:00,2.989
138,03.04 17:00,4.018
138,03.04 18:00,3.003
138,03.04 19:00,2.992
138,03.04 20:00,4.004
138,03.04 21:00,2.896
138,03.04 22:00,4.011
138,03.04 23:00,3.991
138,04.04 00:00,3.0
138,04.04 01:00,3.982
138,04.04 02:00,2.009
138,04.04 03:00,2.989
138,04.04 04:00,4.981
138,04.04 05:00,3.982
138,04.04 06:00,3.996
138,04.04 07:00,3.008
138,04.04 08:00,2.993
138,04.04 09:00,4.014
138,04.04 10:00,3.008
138,04.04 11:00,3.005
138,04.04 12:00,3.004
138,04.04 13:00,2.99
138,04.04 14:00,3.997
138,04.04 15:00,2.998
138,04.04 16:00,3.981
138,04.04 17:00,2.996
138,04.04 18:00,3.988
138,04.04 19:00,3.009
138,04.04 20:00,2.999
138,04.04 21:00,4.01
138,04.04 22:00,2.987
138,04.04 23:00,4.01
138,05.04 00:00,3.013
138,05.04 01:00,3.999
138,05.04 02:00,4.014
138,05.04 03:00,3.007
138,05.04 04:00,3.986
138,05.04 05:00,3.988
138,05.04 06:00,2.995
138,05.04 07:00,3.996
138,05.04 08:00,2.985
138,05.04 09:00,4.011
138,05.04 10:00,2.991
138,05.04 11:00,3.007
138,05.04 12:00,3.996
138,05.04 13:00,2.987
138,05.04 14:00,2.99
138,05.04 15:00,2.987
138,05.04 16:00,3.991
138,05.04 17:00,3.001
138,05.04 18:00,3.005
138,05.04 19:00,3.984
138,05.04 20:00,3.007
138,05.04 21:00,4.007
138,05.04 22:00,3.988
138,05.04 23:00,3.015
138,06.04 00:00,3.011
138,06.04 01:00,5.023
138,06.04 02:00,3.011
138,06.04 03:00,4.017
138,06.04 04:00,3.993
138,06.04 05:00,3.0
138,06.04 06:00,4.007
138,06.04 07:00,4.018
138,06.04 08:00,3.015
138,06.04 09:00,2.995
138,06.04 10:00,3.987
138,06.04 11:00,3.0
138,06.04 12:00,2.999
138,06.04 13:00,2.995
138,06.04 14:00,3.994
138,06.04 15:00,2.999
138,06.04 16:00,2.985
138,06.04 17:00,2.993
138,06.04 18:00,3.982
138,06.04 19:00,2.989
138,06.04 20:00,3.982
138,06.04 21:00,3.005
138,06.04 22:00,4.02
138,06.04 23:00,4.013
138,07.04 00:00,2.996
138,07.04 01:00,0.0
138,07.04 02:00,3.995
138,07.04 03:00,6.026
138,07.04 04:00,3.99
138,07.04 05:00,2.992
138,07.04 06:00,3.994
138,07.04 07:00,3.98
138,07.04 08:00,3.008
138,07.04 09:00,2.995
138,07.04 10:00,3.995
138,07.04 11:00,2.994
138,07.04 12:00,2.99
138,07.04 13:00,4.012
138,07.04 14:00,3.009
138,07.04 15:00,2.997
138,07.04 16:00,3.013
138,07.04 17:00,4.007
138,07.04 18:00,2.99
138,07.04 19:00,3.007
138,07.04 20:00,3.986
138,07.04 21:00,3.005
138,07.04 22:00,3.981
138,07.04 23:00,4.005
138,08.04 00:00,4.004
138,08.04 01:00,2.989
138,08.04 02:00,4.003
138,08.04 03:00,3.048
138,08.04 04:00,3.998
138,08.04 05:00,2.991
138,08.04 06:00,4.011
138,08.04 07:00,2.985
138,08.04 08:00,3.99
138,08.04 09:00,2.993
138,08.04 10:00,3.994
138,08.04 11:00,4.002
138,08.04 12:00,25.069
138,08.04 13:00,43.048
138,08.04 14:00,40.106
138,08.04 15:00,40.968
138,08.04 16:00,40.072
138,08.04 17:00,40.063
138,08.04 18:00,40.169
138,08.04 19:00,38.124
138,08.04 20:00,39.14
138,08.04 21:00,27.874
138,08.04 22:00,5.011
138,08.04 23:00,4.981
138,09.04 00:00,6.015
138,09.04 01:00,5.021
138,09.04 02:00,5.021
138,09.04 03:00,3.988
138,09.04 04:00,5.014
138,09.04 05:00,4.982
138,09.04 06:00,5.003
138,09.04 07:00,22.076
138,09.04 08:00,16.96
138,09.04 09:00,26.122
138,09.04 10:00,10.041
138,09.04 11:00,19.951
138,09.04 12:00,39.188
138,09.04 13:00,31.951
138,09.04 14:00,31.975
138,09.04 15:00,42.133
138,09.04 16:00,37.08
138,09.04 17:00,37.956
138,09.04 18:00,29.935
138,09.04 19:00,3.995
138,09.04 20:00,5.02
138,09.04 21:00,5.002
138,09.04 22:00,6.018
138,09.04 23:00,4.981
138,10.04 00:00,5.014
138,10.04 01:00,3.991
138,10.04 02:00,4.988
138,10.04 03:00,4.994
138,10.04 04:00,4.999
138,10.04 05:00,5.005
138,10.04 06:00,5.02
138,10.04 07:00,5.005
138,10.04 08:00,4.017
138,10.04 09:00,5.018
138,10.04 10:00,3.981
138,10.04 11:00,4.991
138,10.04 12:00,5.015
138,10.04 13:00,5.012
138,10.04 14:00,4.016
138,10.04 15:00,5.011
138,10.04 16:00,4.989
138,10.04 17:00,4.016
138,10.04 18:00,4.997
138,10.04 19:00,5.021
138,10.04 20:00,3.989
138,10.04 21:00,5.012
138,10.04 22:00,5.995
138,10.04 23:00,5.018
138,11.04 00:00,5.009
138,11.04 01:00,4.997
138,11.04 02:00,4.009
138,11.04 03:00,6.014
138,11.04 04:00,7.971
138,11.04 05:00,36.043
138,11.04 06:00,32.845
138,11.04 07:00,36.004
138,11.04 08:00,13.009
138,11.04 09:00,21.005
138,11.04 10:00,36.113
138,11.04 11:00,34.924
138,11.04 12:00,36.036
138,11.04 13:00,36.933
138,11.04 14:00,32.122
138,11.04 15:00,39.807
138,11.04 16:00,40.946
138,11.04 17:00,36.091
138,11.04 18:00,37.922
138,11.04 19:00,40.97
138,11.04 20:00,39.002
138,11.04 21:00,28.969
138,11.04 22:00,0.0
138,11.04 23:00,0.0
138,12.04 00:00,0.0
138,12.04 01:00,0.0
138,12.04 02:00,30.048
138,12.04 03:00,2.002
138,12.04 04:00,8.981
138,12.04 05:00,25.949
138,12.04 06:00,15.97
138,12.04 07:00,41.974
138,12.04 08:00,21.004
138,12.04 09:00,37.89
138,12.04 10:00,37.12
138,12.04 11:00,25.996
138,12.04 12:00,31.776
138,12.04 13:00,58.726
138,12.04 14:00,34.018
138,12.04 15:00,38.144
138,12.04 16:00,36.876
138,12.04 17:00,15.018
138,12.04 18:00,65.179
138,12.04 19:00,14.998
138,12.04 20:00,27.072
138,12.04 21:00,61.875
138,12.04 22:00,27.865
138,12.04 23:00,20.08
138,13.04 00:00,11.981
138,13.04 01:00,18.981
138,13.04 02:00,6.022
138,13.04 03:00,22.096
138,13.04 04:00,9.032
138,13.04 05:00,28.066
138,13.04 06:00,37.125
138,13.04 07:00,35.895
138,13.04 08:00,35.92
138,13.04 09:00,38.047
138,13.04 10:00,40.01
138,13.04 11:00,42.935
138,13.04 12:00,37.175
138,13.04 13:00,39.082
138,13.04 14:00,41.089
138,13.04 15:00,36.905
138,13.04 16:00,38.96
138,13.04 17:00,39.809
138,13.04 18:00,37.108
138,13.04 19:00,31.964
138,13.04 20:00,29.886
138,13.04 21:00,10.972
138,13.04 22:00,6.984
138,13.04 23:00,6.0
138,14.04 00:00,8.959
138,14.04 01:00,6.021
138,14.04 02:00,5.98
138,14.04 03:00,6.016
138,14.04 04:00,5.997
138,14.04 05:00,27.082
138,14.04 06:00,35.045
138,14.04 07:00,39.041
138,14.04 08:00,38.151
138,14.04 09:00,38.167
138,14.04 10:00,20.311
138,14.04 11:00,6.028
138,14.04 12:00,5.993
138,14.04 13:00,10.968
138,14.04 14:00,12.027
138,14.04 15:00,6.026
138,14.04 16:00,6.021
138,14.04 17:00,6.008
138,14.04 18:00,5.973
138,14.04 19:00,6.016
138,14.04 20:00,5.982
138,14.04 21:00,6.011
138,14.04 22:00,4.977
138,14.04 23:00,7.023
138,15.04 00:00,6.012
138,15.04 01:00,5.994
138,15.04 02:00,5.988
138,15.04 03:00,5.99
138,15.04 04:00,5.974
138,15.04 05:00,5.975
138,15.04 06:00,4.975
138,15.04 07:00,6.01
138,15.04 08:00,6.969
138,15.04 09:00,5.991
138,15.04 10:00,4.986
138,15.04 11:00,6.017
138,15.04 12:00,6.023
138,15.04 13:00,5.987
138,15.04 14:00,5.78
138,15.04 15:00,4.976
138,15.04 16:00,7.031
138,15.04 17:00,5.983
138,15.04 18:00,4.997
138,15.04 19:00,6.029
138,15.04 20:00,7.021
138,15.04 21:00,5.975
138,15.04 22:00,5.981
138,15.04 23:00,6.018
138,16.04 00:00,6.013
138,16.04 01:00,6.027
138,16.04 02:00,7.004
138,16.04 03:00,6.022
138,16.04 04:00,1.001
138,16.04 05:00,0.998
138,16.04 06:00,1.001
138,16.04 07:00,1.003
138,16.04 08:00,0.996
138,16.04 09:00,1.004
138,16.04 10:00,1.004
138,16.04 11:00,5.009
138,16.04 12:00,6.002
138,16.04 13:00,5.995
138,16.04 14:00,12.042
138,16.04 15:00,82.092
138,16.04 16:00,29.008
138,16.04 17:00,21.921
138,16.04 18:00,24.942
138,16.04 19:00,6.027
138,16.04 20:00,6.984
138,16.04 21:00,6.004
138,16.04 22:00,5.973
138,16.04 23:00,6.0
138,17.04 00:00,5.985
138,17.04 01:00,5.977
138,17.04 02:00,6.0
138,17.04 03:00,7.003
138,17.04 04:00,6.01
138,17.04 05:00,1.003
138,17.04 06:00,1.004
138,17.04 07:00,1.001
138,17.04 08:00,1.001
138,17.04 09:00,1.001
138,17.04 10:00,1.001
138,17.04 11:00,0.997
138,17.04 12:00,1.001
138,17.04 13:00,5.014
138,17.04 14:00,6.004
138,17.04 15:00,6.004
138,17.04 16:00,6.025
138,17.04 17:00,6.993
138,17.04 18:00,4.985
138,17.04 19:00,6.981
138,17.04 20:00,4.983
138,17.04 21:00,5.991
138,17.04 22:00,7.017
138,17.04 23:00,6.228
138,18.04 00:00,6.005
138,18.04 01:00,5.992
138,18.04 02:00,6.979
138,18.04 03:00,5.021
138,18.04 04:00,6.007
138,18.04 05:00,20.081
138,18.04 06:00,33.985
138,18.04 07:00,33.008
138,18.04 08:00,12.05
138,18.04 09:00,5.99
138,18.04 10:00,5.996
138,18.04 11:00,5.007
138,18.04 12:00,6.012
138,18.04 13:00,5.973
138,18.04 14:00,19.915
138,18.04 15:00,34.083
138,18.04 16:00,34.063
138,18.04 17:00,33.927
138,18.04 18:00,34.079
138,18.04 19:00,34.887
138,18.04 20:00,33.891
138,18.04 21:00,33.831
138,18.04 22:00,25.047
138,18.04 23:00,7.006
138,19.04 00:00,6.016
138,19.04 01:00,5.988
138,19.04 02:00,5.007
138,19.04 03:00,6.025
138,19.04 04:00,7.024
138,19.04 05:00,5.025
138,19.04 06:00,6.005
138,19.04 07:00,5.99
138,19.04 08:00,6.025
138,19.04 09:00,5.001
138,19.04 10:00,16.054
138,19.04 11:00,35.168
138,19.04 12:00,34.951
138,19.04 13:00,32.885
138,19.04 14:00,38.865
138,19.04 15:00,37.039
138,19.04 16:00,37.064
138,19.04 17:00,41.067
138,19.04 18:00,38.044
138,19.04 19:00,38.944
138,19.04 20:00,37.122
138,19.04 21:00,43.1
138,19.04 22:00,30.882
138,19.04 23:00,5.989
138,20.04 00:00,5.991
138,20.04 01:00,5.978
138,20.04 02:00,5.987
138,20.04 03:00,6.03
138,20.04 04:00,5.987
138,20.04 05:00,25.952
138,20.04 06:00,34.053
138,20.04 07:00,34.983
138,20.04 08:00,34.2
138,20.04 09:00,33.891
138,20.04 10:00,34.931
138,20.04 11:00,36.018
138,20.04 12:00,38.846
138,20.04 13:00,38.186
138,20.04 14:00,39.172
138,20.04 15:00,44.982
138,20.04 16:00,45.223
138,20.04 17:00,44.786
138,20.04 18:00,44.039
138,20.04 19:00,41.186
138,20.04 20:00,42.847
138,20.04 21:00,44.984
138,20.04 22:00,24.893
138,20.04 23:00,5.983
138,21.04 00:00,6.026
138,21.04 01:00,6.021
138,21.04 02:00,5.007
138,21.04 03:00,6.012
138,21.04 04:00,22.912
138,21.04 05:00,25.897
138,21.04 06:00,33.036
138,21.04 07:00,34.877
138,21.04 08:00,34.062
138,21.04 09:00,34.017
138,21.04 10:00,36.939
138,21.04 11:00,38.107
138,21.04 12:00,38.92
138,21.04 13:00,40.117
138,21.04 14:00,42.793
138,21.04 15:00,48.867
138,21.04 16:00,48.127
138,21.04 17:00,48.097
138,21.04 18:00,44.066
138,21.04 19:00,43.883
138,21.04 20:00,43.208
138,21.04 21:00,42.121
138,21.04 22:00,30.922
138,21.04 23:00,5.978
138,22.04 00:00,5.986
138,22.04 01:00,6.001
138,22.04 02:00,4.999
138,22.04 03:00,18.072
138,22.04 04:00,26.97
138,22.04 05:00,23.95
138,22.04 06:00,37.052
138,22.04 07:00,33.853
138,22.04 08:00,34.059
138,22.04 09:00,36.824
138,22.04 10:00,35.869
138,22.04 11:00,35.835
138,22.04 12:00,38.048
138,22.04 13:00,38.932
138,22.04 14:00,39.079
138,22.04 15:00,39.831
138,22.04 16:00,41.204
138,22.04 17:00,40.925
138,22.04 18:00,41.014
138,22.04 19:00,38.93
138,22.04 20:00,40.914
138,22.04 21:00,28.963
138,22.04 22:00,5.995
138,22.04 23:00,4.998
138,23.04 00:00,24.086
138,23.04 01:00,30.967
138,23.04 02:00,39.148
138,23.04 03:00,33.085
138,23.04 04:00,27.937
138,23.04 05:00,33.993
138,23.04 06:00,34.979
138,23.04 07:00,32.893
138,23.04 08:00,33.99
138,23.04 09:00,33.878
138,23.04 10:00,33.088
138,23.04 11:00,33.952
138,23.04 12:00,33.138
138,23.04 13:00,33.859
138,23.04 14:00,24.931
138,23.04 15:00,11.011
138,23.04 16:00,9.994
138,23.04 17:00,5.997
138,23.04 18:00,6.009
138,23.04 19:00,5.994
138,23.04 20:00,5.99
138,23.04 21:00,4.979
138,23.04 22:00,6.027
138,23.04 23:00,5.82
138,24.04 00:00,5.996
138,24.04 01:00,6.004
138,24.04 02:00,6.011
138,24.04 03:00,5.984
138,24.04 04:00,4.998
138,24.04 05:00,5.991
138,24.04 06:00,6.001
138,24.04 07:00,5.986
138,24.04 08:00,5.008
138,24.04 09:00,6.011
138,24.04 10:00,6.018
138,24.04 11:00,5.02
138,24.04 12:00,5.972
138,24.04 13:00,6.004
138,24.04 14:00,4.999
138,24.04 15:00,6.003
138,24.04 16:00,5.017
138,24.04 17:00,6.004
138,24.04 18:00,6.017
138,24.04 19:00,5.025
138,24.04 20:00,6.01
138,24.04 21:00,6.026
138,24.04 22:00,5.977
138,24.04 23:00,6.014
138,25.04 00:00,6.006
138,25.04 01:00,6.015
138,25.04 02:00,5.011
138,25.04 03:00,5.983
138,25.04 04:00,12.052
138,25.04 05:00,34.036
138,25.04 06:00,34.072
138,25.04 07:00,33.952
138,25.04 08:00,32.835
138,25.04 09:00,34.055
138,25.04 10:00,33.977
138,25.04 11:00,33.147
138,25.04 12:00,33.92
138,25.04 13:00,33.964
138,25.04 14:00,34.15
138,25.04 15:00,32.953
138,25.04 16:00,34.143
138,25.04 17:00,22.058
138,25.04 18:00,5.994
138,25.04 19:00,6.002
138,25.04 20:00,5.024
138,25.04 21:00,6.02
138,25.04 22:00,6.01
138,25.04 23:00,6.019
138,26.04 00:00,5.994
138,26.04 01:00,6.016
138,26.04 02:00,6.006
138,26.04 03:00,4.98
138,26.04 04:00,6.015
138,26.04 05:00,6.013
138,26.04 06:00,5.973
138,26.04 07:00,5.003
138,26.04 08:00,5.982
138,26.04 09:00,6.013
138,26.04 10:00,5.987
138,26.04 11:00,4.986
138,26.04 12:00,6.027
138,26.04 13:00,5.979
138,26.04 14:00,5.005
138,26.04 15:00,6.003
138,26.04 16:00,6.019
138,26.04 17:00,4.992
138,26.04 18:00,31.855
138,26.04 19:00,33.91
138,26.04 20:00,34.023
138,26.04 21:00,33.986
138,26.04 22:00,24.073
138,26.04 23:00,6.03
138,27.04 00:00,5.974
138,27.04 01:00,6.021
138,27.04 02:00,6.025
138,27.04 03:00,5.987
138,27.04 04:00,6.024
138,27.04 05:00,4.984
138,27.04 06:00,5.99
138,27.04 07:00,5.976
138,27.04 08:00,5.018
138,27.04 09:00,6.004
138,27.04 10:00,5.98
138,27.04 11:00,5.004
138,27.04 12:00,5.979
138,27.04 13:00,27.974
138,27.04 14:00,34.051
138,27.04 15:00,33.874
138,27.04 16:00,33.148
138,27.04 17:00,34.972
138,27.04 18:00,33.946
138,27.04 19:00,34.124
138,27.04 20:00,33.939
138,27.04 21:00,34.955
138,27.04 22:00,24.959
138,27.04 23:00,6.017
138,28.04 00:00,6.022
138,28.04 01:00,4.988
138,28.04 02:00,5.993
138,28.04 03:00,1.004
138,28.04 04:00,0.996
138,28.04 05:00,0.995
138,28.04 06:00,1.0
138,28.04 07:00,1.001
138,28.04 08:00,1.002
138,28.04 09:00,1.005
138,28.04 10:00,4.993
138,28.04 11:00,6.005
138,28.04 12:00,6.028
138,28.04 13:00,6.001
138,28.04 14:00,5.992
138,28.04 15:00,6.221
138,28.04 16:00,6.015
138,28.04 17:00,6.026
138,28.04 18:00,6.018
138,28.04 19:00,6.023
138,28.04 20:00,5.998
138,28.04 21:00,6.02
138,28.04 22:00,0.997
138,28.04 23:00,1.0
138,29.04 00:00,0.948
138,29.04 01:00,1.005
138,29.04 02:00,1.003
138,29.04 03:00,1.001
138,29.04 04:00,1.003
138,29.04 05:00,0.997
138,29.04 06:00,0.997
138,29.04 07:00,5.993
138,29.04 08:00,4.98
138,29.04 09:00,5.981
138,29.04 10:00,5.972
138,29.04 11:00,4.992
138,29.04 12:00,6.029
138,29.04 13:00,6.019
138,29.04 14:00,5.011
138,29.04 15:00,5.988
138,29.04 16:00,5.976
138,29.04 17:00,6.023
138,29.04 18:00,26.016
138,29.04 19:00,33.997
138,29.04 20:00,32.851
138,29.04 21:00,24.947
138,29.04 22:00,5.979
138,29.04 23:00,5.995
138,30.04 00:00,5.986
138,30.04 01:00,5.986
138,30.04 02:00,6.011
138,30.04 03:00,5.971
138,30.04 04:00,5.015
138,30.04 05:00,5.977
138,30.04 06:00,6.011
138,30.04 07:00,5.978
138,30.04 08:00,5.973
138,30.04 09:00,5.991
138,30.04 10:00,6.013
138,30.04 11:00,4.977
138,30.04 12:00,5.98
138,30.04 13:00,15.947
138,30.04 14:00,34.856
138,30.04 15:00,34.097
138,30.04 16:00,34.127
138,30.04 17:00,33.056
138,30.04 18:00,25.008
138,30.04 19:00,5.735
138,30.04 20:00,6.01
138,30.04 21:00,6.022
138,30.04 22:00,5.994
138,30.04 23:00,5.999
138,01.05 00:00,6.028
138,01.05 01:00,6.01
138,01.05 02:00,5.995
138,01.05 03:00,5.006
138,01.05 04:00,6.991
138,01.05 05:00,5.999
138,01.05 06:00,4.98
138,01.05 07:00,5.986
138,01.05 08:00,6.001
138,01.05 09:00,5.987
138,01.05 10:00,5.019
138,01.05 11:00,6.025
138,01.05 12:00,5.999
138,01.05 13:00,6.005
138,01.05 14:00,6.005
138,01.05 15:00,4.979
138,01.05 16:00,7.03
138,01.05 17:00,6.002
138,01.05 18:00,5.012
138,01.05 19:00,5.994
138,01.05 20:00,5.999
138,01.05 21:00,0.997
138,01.05 22:00,0.998
138,01.05 23:00,0.995
138,02.05 00:00,1.001
138,02.05 01:00,1.002
138,02.05 02:00,1.005
138,02.05 03:00,1.0
138,02.05 04:00,10.957
138,02.05 05:00,34.987
138,02.05 06:00,34.112
138,02.05 07:00,33.974
138,02.05 08:00,34.088
138,02.05 09:00,34.141
138,02.05 10:00,33.831
138,02.05 11:00,32.971
138,02.05 12:00,34.004
138,02.05 13:00,33.124
138,02.05 14:00,32.9
138,02.05 15:00,36.963
138,02.05 16:00,45.031
138,02.05 17:00,33.848
138,02.05 18:00,33.088
138,02.05 19:00,34.831
138,02.05 20:00,40.133
138,02.05 21:00,39.922
138,02.05 22:00,24.877
138,02.05 23:00,6.007
138,03.05 00:00,6.009
138,03.05 01:00,5.998
138,03.05 02:00,5.997
138,03.05 03:00,6.013
138,03.05 04:00,4.998
138,03.05 05:00,5.993
138,03.05 06:00,6.004
138,03.05 07:00,5.985
138,03.05 08:00,7.972
138,03.05 09:00,33.855
138,03.05 10:00,33.941
138,03.05 11:00,42.184
138,03.05 12:00,37.085
138,03.05 13:00,40.143
138,03.05 14:00,39.856
138,03.05 15:00,43.123
138,03.05 16:00,41.814
138,03.05 17:00,41.883
138,03.05 18:00,42.08
138,03.05 19:00,40.873
138,03.05 20:00,41.936
138,03.05 21:00,42.095
138,03.05 22:00,23.915
138,03.05 23:00,6.009
138,04.05 00:00,6.017
138,04.05 01:00,7.033
138,04.05 02:00,4.986
138,04.05 03:00,5.978
138,04.05 04:00,5.973
138,04.05 05:00,25.107
138,04.05 06:00,38.917
138,04.05 07:00,33.992
138,04.05 08:00,34.032
138,04.05 09:00,34.974
138,04.05 10:00,43.072
138,04.05 11:00,43.215
138,04.05 12:00,44.008
138,04.05 13:00,45.065
138,04.05 14:00,46.024
138,04.05 15:00,55.909
138,04.05 16:00,53.736
138,04.05 17:00,54.957
138,04.05 18:00,54.25
138,04.05 19:00,55.262
138,04.05 20:00,51.999
138,04.05 21:00,49.005
138,04.05 22:00,33.833
138,04.05 23:00,6.023
138,05.05 00:00,5.993
138,05.05 01:00,5.986
138,05.05 02:00,5.975
138,05.05 03:00,4.994
138,05.05 04:00,5.981
138,05.05 05:00,27.874
138,05.05 06:00,43.136
138,05.05 07:00,40.8
138,05.05 08:00,41.028
138,05.05 09:00,41.835
138,05.05 10:00,42.194
138,05.05 11:00,43.936
138,05.05 12:00,50.88
138,05.05 13:00,59.084
138,05.05 14:00,71.321
138,05.05 15:00,73.02
138,05.05 16:00,74.98
138,05.05 17:00,73.966
138,05.05 18:00,74.659
138,05.05 19:00,72.883
138,05.05 20:00,65.822
138,05.05 21:00,56.896
138,05.05 22:00,38.188
138,05.05 23:00,6.005
138,06.05 00:00,4.995
138,06.05 01:00,5.973
138,06.05 02:00,6.018
138,06.05 03:00,6.021
138,06.05 04:00,4.975
138,06.05 05:00,31.086
138,06.05 06:00,50.395
138,06.05 07:00,45.074
138,06.05 08:00,47.142
138,06.05 09:00,44.943
138,06.05 10:00,39.873
138,06.05 11:00,43.211
138,06.05 12:00,53.055
138,06.05 13:00,56.19
138,06.05 14:00,51.001
138,06.05 15:00,56.218
138,06.05 16:00,52.853
138,06.05 17:00,45.213
138,06.05 18:00,34.893
138,06.05 19:00,34.053
138,06.05 20:00,33.002
138,06.05 21:00,25.977
138,06.05 22:00,5.971
138,06.05 23:00,6.016
138,07.05 00:00,6.027
138,07.05 01:00,6.017
138,07.05 02:00,5.972
138,07.05 03:00,6.027
138,07.05 04:00,6.021
138,07.05 05:00,5.989
138,07.05 06:00,6.005
138,07.05 07:00,24.985
138,07.05 08:00,34.005
138,07.05 09:00,45.119
138,07.05 10:00,33.859
138,07.05 11:00,37.18
138,07.05 12:00,44.783
138,07.05 13:00,35.094
138,07.05 14:00,34.79
138,07.05 15:00,33.099
138,07.05 16:00,33.947
138,07.05 17:00,39.859
138,07.05 18:00,33.018
138,07.05 19:00,6.027
138,07.05 20:00,6.027
138,07.05 21:00,7.022
138,07.05 22:00,5.986
138,07.05 23:00,6.023
138,08.05 00:00,6.027
138,08.05 01:00,6.004
138,08.05 02:00,5.019
138,08.05 03:00,5.991
138,08.05 04:00,6.023
138,08.05 05:00,6.997
138,08.05 06:00,4.984
138,08.05 07:00,5.979
138,08.05 08:00,6.026
138,08.05 09:00,6.028
138,08.05 10:00,6.016
138,08.05 11:00,6.014
138,08.05 12:00,4.998
138,08.05 13:00,6.007
138,08.05 14:00,5.984
138,08.05 15:00,5.986
138,08.05 16:00,5.999
138,08.05 17:00,5.982
138,08.05 18:00,5.992
138,08.05 19:00,5.022
138,08.05 20:00,5.99
138,08.05 21:00,6.014
138,08.05 22:00,6.029
138,08.05 23:00,6.981
138,09.05 00:00,5.978
138,09.05 01:00,5.004
138,09.05 02:00,5.984
138,09.05 03:00,5.977
138,09.05 04:00,10.005
138,09.05 05:00,37.866
138,09.05 06:00,41.128
138,09.05 07:00,33.837
138,09.05 08:00,33.968
138,09.05 09:00,35.0
138,09.05 10:00,40.85
138,09.05 11:00,42.875
138,09.05 12:00,42.817
138,09.05 13:00,43.033
138,09.05 14:00,44.017
138,09.05 15:00,43.088
138,09.05 16:00,43.145
138,09.05 17:00,42.98
138,09.05 18:00,44.867
138,09.05 19:00,35.124
138,09.05 20:00,33.878
138,09.05 21:00,33.981
138,09.05 22:00,24.876
138,09.05 23:00,6.978
138,10.05 00:00,5.981
138,10.05 01:00,5.021
138,10.05 02:00,5.98
138,10.05 03:00,6.027
138,10.05 04:00,5.972
138,10.05 05:00,6.007
138,10.05 06:00,5.988
138,10.05 07:00,5.987
138,10.05 08:00,6.013
138,10.05 09:00,5.986
138,10.05 10:00,6.972
138,10.05 11:00,5.978
138,10.05 12:00,6.021
138,10.05 13:00,27.089
138,10.05 14:00,35.175
138,10.05 15:00,33.895
138,10.05 16:00,34.956
138,10.05 17:00,34.989
138,10.05 18:00,35.132
138,10.05 19:00,33.999
138,10.05 20:00,36.001
138,10.05 21:00,35.08
138,10.05 22:00,25.496
138,10.05 23:00,6.025
138,11.05 00:00,8.01
138,11.05 01:00,6.005
138,11.05 02:00,6.974
138,11.05 03:00,7.033
138,11.05 04:00,5.984
138,11.05 05:00,7.013
138,11.05 06:00,6.973
138,11.05 07:00,6.0
138,11.05 08:00,5.988
138,11.05 09:00,16.974
138,11.05 10:00,35.14
138,11.05 11:00,34.056
138,11.05 12:00,33.932
138,11.05 13:00,35.121
138,11.05 14:00,34.94
138,11.05 15:00,33.037
138,11.05 16:00,31.852
138,11.05 17:00,33.04
138,11.05 18:00,33.118
138,11.05 19:00,44.943
138,11.05 20:00,40.019
138,11.05 21:00,38.167
138,11.05 22:00,25.037
138,11.05 23:00,7.013
138,12.05 00:00,7.019
138,12.05 01:00,6.02
138,12.05 02:00,7.005
138,12.05 03:00,7.028
138,12.05 04:00,6.01
138,12.05 05:00,7.03
138,12.05 06:00,5.994
138,12.05 07:00,7.007
138,12.05 08:00,6.99
138,12.05 09:00,16.994
138,12.05 10:00,33.877
138,12.05 11:00,44.073
138,12.05 12:00,45.264
138,12.05 13:00,48.064
138,12.05 14:00,47.134
138,12.05 15:00,47.164
138,12.05 16:00,49.135
138,12.05 17:00,46.964
138,12.05 18:00,48.889
138,12.05 19:00,48.199
138,12.05 20:00,49.884
138,12.05 21:00,48.005
138,12.05 22:00,34.051
138,12.05 23:00,6.0
138,13.05 00:00,6.009
138,13.05 01:00,6.984
138,13.05 02:00,5.979
138,13.05 03:00,6.014
138,13.05 04:00,6.017
138,13.05 05:00,25.069
138,13.05 06:00,44.007
138,13.05 07:00,34.878
138,13.05 08:00,32.994
138,13.05 09:00,38.999
138,13.05 10:00,39.019
138,13.05 11:00,46.018
138,13.05 12:00,44.898
138,13.05 13:00,36.916
138,13.05 14:00,49.846
138,13.05 15:00,52.771
138,13.05 16:00,49.956
138,13.05 17:00,45.951
138,13.05 18:00,48.042
138,13.05 19:00,49.091
138,13.05 20:00,47.091
138,13.05 21:00,33.107
138,13.05 22:00,5.973
138,13.05 23:00,6.028
138,14.05 00:00,6.006
138,14.05 01:00,5.972
138,14.05 02:00,7.012
138,14.05 03:00,5.99
138,14.05 04:00,5.987
138,14.05 05:00,7.028
138,14.05 06:00,5.986
138,14.05 07:00,26.876
138,14.05 08:00,45.953
138,14.05 09:00,44.035
138,14.05 10:00,46.865
138,14.05 11:00,56.22
138,14.05 12:00,59.002
138,14.05 13:00,71.077
138,14.05 14:00,71.195
138,14.05 15:00,69.185
138,14.05 16:00,65.84
138,14.05 17:00,65.892
138,14.05 18:00,47.068
138,14.05 19:00,5.996
138,14.05 20:00,4.987
138,14.05 21:00,6.023
138,14.05 22:00,6.966
138,14.05 23:00,6.009
138,15.05 00:00,5.974
138,15.05 01:00,5.99
138,15.05 02:00,5.997
138,15.05 03:00,5.985
138,15.05 04:00,5.98
138,15.05 05:00,6.989
138,15.05 06:00,5.998
138,15.05 07:00,5.987
138,15.05 08:00,6.004
138,15.05 09:00,5.993
138,15.05 10:00,5.989
138,15.05 11:00,5.992
138,15.05 12:00,5.002
138,15.05 13:00,5.989
138,15.05 14:00,6.008
138,15.05 15:00,5.993
138,15.05 16:00,4.981
138,15.05 17:00,7.029
138,15.05 18:00,5.024
138,15.05 19:00,5.974
138,15.05 20:00,7.01
138,15.05 21:00,6.011
138,15.05 22:00,6.007
138,15.05 23:00,6.023
138,16.05 00:00,6.017
138,16.05 01:00,6.997
138,16.05 02:00,6.005
138,16.05 03:00,6.02
138,16.05 04:00,10.002
138,16.05 05:00,46.094
138,16.05 06:00,40.097
138,16.05 07:00,33.837
138,16.05 08:00,33.081
138,16.05 09:00,32.955
138,16.05 10:00,35.926
138,16.05 11:00,48.021
138,16.05 12:00,48.981
138,16.05 13:00,43.959
138,16.05 14:00,38.18
138,16.05 15:00,48.938
138,16.05 16:00,48.95
138,16.05 17:00,48.836
138,16.05 18:00,48.934
138,16.05 19:00,50.03
138,16.05 20:00,49.19
138,16.05 21:00,40.166
138,16.05 22:00,25.063
138,16.05 23:00,5.99
138,17.05 00:00,6.967
138,17.05 01:00,5.98
138,17.05 02:00,5.981
138,17.05 03:00,7.028
138,17.05 04:00,5.974
138,17.05 05:00,25.014
138,17.05 06:00,33.103
138,17.05 07:00,34.119
138,17.05 08:00,33.926
138,17.05 09:00,33.039
138,17.05 10:00,32.898
138,17.05 11:00,33.053
138,17.05 12:00,33.081
138,17.05 13:00,45.134
138,17.05 14:00,51.089
138,17.05 15:00,51.19
138,17.05 16:00,52.027
138,17.05 17:00,52.17
138,17.05 18:00,51.204
138,17.05 19:00,51.226
138,17.05 20:00,51.975
138,17.05 21:00,52.248
138,17.05 22:00,33.836
138,17.05 23:00,7.0
138,18.05 00:00,6.01
138,18.05 01:00,7.014
138,18.05 02:00,6.009
138,18.05 03:00,6.0
138,18.05 04:00,6.004
138,18.05 05:00,25.07
138,18.05 06:00,38.016
138,18.05 07:00,41.071
138,18.05 08:00,42.794
138,18.05 09:00,47.941
138,18.05 10:00,45.894
138,18.05 11:00,50.001
138,18.05 12:00,50.142
138,18.05 13:00,56.137
138,18.05 14:00,63.839
138,18.05 15:00,70.869
138,18.05 16:00,63.927
138,18.05 17:00,58.179
138,18.05 18:00,54.192
138,18.05 19:00,54.247
138,18.05 20:00,52.808
138,18.05 21:00,52.998
138,18.05 22:00,36.845
138,18.05 23:00,5.975
138,19.05 00:00,7.001
138,19.05 01:00,6.022
138,19.05 02:00,6.972
138,19.05 03:00,5.975
138,19.05 04:00,5.979
138,19.05 05:00,24.884
138,19.05 06:00,48.176
138,19.05 07:00,34.026
138,19.05 08:00,43.921
138,19.05 09:00,48.776
138,19.05 10:00,54.26
138,19.05 11:00,56.854
138,19.05 12:00,59.947
138,19.05 13:00,68.937
138,19.05 14:00,78.072
138,19.05 15:00,70.045
138,19.05 16:00,68.008
138,19.05 17:00,71.2
138,19.05 18:00,65.871
138,19.05 19:00,53.845
138,19.05 20:00,54.784
138,19.05 21:00,53.83
138,19.05 22:00,37.841
138,19.05 23:00,6.016
138,20.05 00:00,7.023
138,20.05 01:00,6.008
138,20.05 02:00,6.014
138,20.05 03:00,6.992
138,20.05 04:00,5.98
138,20.05 05:00,25.118
138,20.05 06:00,45.812
138,20.05 07:00,50.76
138,20.05 08:00,51.75
138,20.05 09:00,51.207
138,20.05 10:00,50.91
138,20.05 11:00,55.118
138,20.05 12:00,59.098
138,20.05 13:00,56.821
138,20.05 14:00,57.051
138,20.05 15:00,58.876
138,20.05 16:00,59.127
138,20.05 17:00,60.269
138,20.05 18:00,55.864
138,20.05 19:00,55.093
138,20.05 20:00,55.082
138,20.05 21:00,38.005
138,20.05 22:00,5.996
138,20.05 23:00,6.022
138,21.05 00:00,5.993
138,21.05 01:00,6.011
138,21.05 02:00,7.025
138,21.05 03:00,6.021
138,21.05 04:00,4.986
138,21.05 05:00,6.987
138,21.05 06:00,6.028
138,21.05 07:00,26.048
138,21.05 08:00,29.999
138,21.05 09:00,5.99
138,21.05 10:00,5.995
138,21.05 11:00,15.006
138,21.05 12:00,33.119
138,21.05 13:00,33.259
138,21.05 14:00,46.773
138,21.05 15:00,46.766
138,21.05 16:00,32.122
138,21.05 17:00,35.154
138,21.05 18:00,26.925
138,21.05 19:00,7.028
138,21.05 20:00,5.973
138,21.05 21:00,6.009
138,21.05 22:00,6.006
138,21.05 23:00,5.989
138,22.05 00:00,6.99
138,22.05 01:00,5.986
138,22.05 02:00,6.028
138,22.05 03:00,5.979
138,22.05 04:00,7.007
138,22.05 05:00,6.003
138,22.05 06:00,5.983
138,22.05 07:00,6.025
138,22.05 08:00,5.978
138,22.05 09:00,6.028
138,22.05 10:00,6.014
138,22.05 11:00,6.029
138,22.05 12:00,5.998
138,22.05 13:00,5.019
138,22.05 14:00,6.019
138,22.05 15:00,6.008
138,22.05 16:00,5.738
138,22.05 17:00,5.844
138,22.05 18:00,6.007
138,22.05 19:00,6.005
138,22.05 20:00,5.972
138,22.05 21:00,7.021
138,22.05 22:00,6.022
138,22.05 23:00,6.01
138,23.05 00:00,6.979
138,23.05 01:00,6.0
138,23.05 02:00,7.016
138,23.05 03:00,6.027
138,23.05 04:00,5.994
138,23.05 05:00,6.03
138,23.05 06:00,6.971
138,23.05 07:00,5.973
138,23.05 08:00,6.004
138,23.05 09:00,17.012
138,23.05 10:00,40.034
138,23.05 11:00,41.848
138,23.05 12:00,34.95
138,23.05 13:00,46.872
138,23.05 14:00,44.906
138,23.05 15:00,46.146
138,23.05 16:00,46.171
138,23.05 17:00,45.777
138,23.05 18:00,46.967
138,23.05 19:00,46.223
138,23.05 20:00,47.132
138,23.05 21:00,45.864
138,23.05 22:00,27.025
138,23.05 23:00,7.017
138,24.05 00:00,5.98
138,24.05 01:00,5.983
138,24.05 02:00,5.976
138,24.05 03:00,6.977
138,24.05 04:00,6.006
138,24.05 05:00,25.045
138,24.05 06:00,43.986
138,24.05 07:00,32.873
138,24.05 08:00,32.9
138,24.05 09:00,36.137
138,24.05 10:00,44.817
138,24.05 11:00,44.957
138,24.05 12:00,45.863
138,24.05 13:00,46.931
138,24.05 14:00,35.833
138,24.05 15:00,34.014
138,24.05 16:00,42.987
138,24.05 17:00,43.211
138,24.05 18:00,33.958
138,24.05 19:00,46.144
138,24.05 20:00,41.186
138,24.05 21:00,31.94
138,24.05 22:00,30.874
138,24.05 23:00,5.982
138,25.05 00:00,6.01
138,25.05 01:00,7.001
138,25.05 02:00,6.002
138,25.05 03:00,5.988
138,25.05 04:00,6.003
138,25.05 05:00,24.877
138,25.05 06:00,42.805
138,25.05 07:00,33.078
138,25.05 08:00,34.056
138,25.05 09:00,32.908
138,25.05 10:00,33.046
138,25.05 11:00,41.139
138,25.05 12:00,45.109
138,25.05 13:00,43.03
138,25.05 14:00,46.115
138,25.05 15:00,53.134
138,25.05 16:00,53.959
138,25.05 17:00,53.794
138,25.05 18:00,53.846
138,25.05 19:00,54.02
138,25.05 20:00,52.92
138,25.05 21:00,50.851
138,25.05 22:00,24.892
138,25.05 23:00,6.99
138,26.05 00:00,5.998
138,26.05 01:00,6.024
138,26.05 02:00,6.999
138,26.05 03:00,6.019
138,26.05 04:00,5.987
138,26.05 05:00,24.878
138,26.05 06:00,33.044
138,26.05 07:00,33.148
138,26.05 08:00,34.11
138,26.05 09:00,49.107
138,26.05 10:00,49.83
138,26.05 11:00,51.13
138,26.05 12:00,51.488
138,26.05 13:00,48.858
138,26.05 14:00,48.987
138,26.05 15:00,49.884
138,26.05 16:00,50.073
138,26.05 17:00,49.809
138,26.05 18:00,51.212
138,26.05 19:00,49.82
138,26.05 20:00,50.158
138,26.05 21:00,49.969
138,26.05 22:00,35.952
138,26.05 23:00,5.982
138,27.05 00:00,5.984
138,27.05 01:00,5.995
138,27.05 02:00,6.02
138,27.05 03:00,5.985
138,27.05 04:00,7.001
138,27.05 05:00,23.88
138,27.05 06:00,34.039
138,27.05 07:00,32.031
138,27.05 08:00,38.109
138,27.05 09:00,47.858
138,27.05 10:00,48.129
138,27.05 11:00,48.044
138,27.05 12:00,49.195
138,27.05 13:00,49.123
138,27.05 14:00,48.07
138,27.05 15:00,49.236
138,27.05 16:00,49.824
138,27.05 17:00,49.844
138,27.05 18:00,50.224
138,27.05 19:00,50.109
138,27.05 20:00,49.007
138,27.05 21:00,36.033
138,27.05 22:00,6.003
138,27.05 23:00,5.976
138,28.05 00:00,5.981
138,28.05 01:00,6.015
138,28.05 02:00,6.975
138,28.05 03:00,6.023
138,28.05 04:00,6.003
138,28.05 05:00,6.004
138,28.05 06:00,6.001
138,28.05 07:00,23.979
138,28.05 08:00,47.059
138,28.05 09:00,48.211
138,28.05 10:00,48.035
138,28.05 11:00,46.899
138,28.05 12:00,49.235
138,28.05 13:00,54.856
138,28.05 14:00,52.782
138,28.05 15:00,49.775
138,28.05 16:00,51.979
138,28.05 17:00,50.95
138,28.05 18:00,28.137
138,28.05 19:00,5.976
138,28.05 20:00,6.012
138,28.05 21:00,6.003
138,28.05 22:00,6.025
138,28.05 23:00,5.973
138,29.05 00:00,7.021
138,29.05 01:00,5.973
138,29.05 02:00,5.981
138,29.05 03:00,5.989
138,29.05 04:00,5.97
138,29.05 05:00,7.006
138,29.05 06:00,6.028
138,29.05 07:00,5.993
138,29.05 08:00,4.989
138,29.05 09:00,6.027
138,29.05 10:00,0.998
138,29.05 11:00,1.005
138,29.05 12:00,0.998
138,29.05 13:00,1.004
138,29.05 14:00,1.0
138,29.05 15:00,1.001
138,29.05 16:00,1.003
138,29.05 17:00,5.001
138,29.05 18:00,6.025
138,29.05 19:00,6.025
138,29.05 20:00,6.007
138,29.05 21:00,5.998
138,29.05 22:00,6.014
138,29.05 23:00,6.015
138,30.05 00:00,7.129
138,30.05 01:00,6.015
138,30.05 02:00,5.972
138,30.05 03:00,6.983
138,30.05 04:00,9.997
138,30.05 05:00,52.118
138,30.05 06:00,47.151
138,30.05 07:00,47.058
138,30.05 08:00,45.783
138,30.05 09:00,47.204
138,30.05 10:00,49.773
138,30.05 11:00,55.001
138,30.05 12:00,57.161
138,30.05 13:00,56.1
138,30.05 14:00,55.246
138,30.05 15:00,61.256
138,30.05 16:00,61.91
138,30.05 17:00,62.24
138,30.05 18:00,62.118
138,30.05 19:00,54.91
138,30.05 20:00,53.202
138,30.05 21:00,52.809
138,30.05 22:00,34.856
138,30.05 23:00,7.005
138,31.05 00:00,6.009
138,31.05 01:00,5.993
138,31.05 02:00,6.997
138,31.05 03:00,5.975
138,31.05 04:00,5.847
138,31.05 05:00,25.917
138,31.05 06:00,46.132
138,31.05 07:00,35.889
138,31.05 08:00,35.014
138,31.05 09:00,45.976
138,31.05 10:00,46.891
138,31.05 11:00,47.906
138,31.05 12:00,48.963
138,31.05 13:00,49.91
138,31.05 14:00,52.739
138,31.05 15:00,56.028
138,31.05 16:00,54.035
138,31.05 17:00,50.769
138,31.05 18:00,50.088
138,31.05 19:00,50.037
138,31.05 20:00,53.74
138,31.05 21:00,54.885
138,31.05 22:00,33.842
138,31.05 23:00,7.031
138,01.06 00:00,6.021
138,01.06 01:00,7.022
138,01.06 02:00,6.025
138,01.06 03:00,5.994
138,01.06 04:00,7.019
138,01.06 05:00,26.025
138,01.06 06:00,45.862
138,01.06 07:00,36.055
138,01.06 08:00,40.898
138,01.06 09:00,46.173
138,01.06 10:00,47.981
138,01.06 11:00,47.818
138,01.06 12:00,52.183
138,01.06 13:00,56.819
138,01.06 14:00,57.941
138,01.06 15:00,63.995
138,01.06 16:00,58.867
138,01.06 17:00,52.145
138,01.06 18:00,54.101
138,01.06 19:00,56.884
138,01.06 20:00,52.046
138,01.06 21:00,51.838
138,01.06 22:00,35.097
138,01.06 23:00,6.013
138,02.06 00:00,5.971
138,02.06 01:00,6.004
138,02.06 02:00,7.021
138,02.06 03:00,5.994
138,02.06 04:00,6.005
138,02.06 05:00,24.954
138,02.06 06:00,33.941
138,02.06 07:00,48.854
138,02.06 08:00,50.213
138,02.06 09:00,50.959
138,02.06 10:00,53.074
138,02.06 11:00,58.266
138,02.06 12:00,76.147
138,02.06 13:00,92.596
138,02.06 14:00,119.592
138,02.06 15:00,126.895
138,02.06 16:00,132.406
138,02.06 17:00,132.944
138,02.06 18:00,130.525
138,02.06 19:00,132.539
138,02.06 20:00,117.785
138,02.06 21:00,92.305
138,02.06 22:00,40.173
138,02.06 23:00,35.014
138,03.06 00:00,17.942
138,03.06 01:00,5.994
138,03.06 02:00,7.0
138,03.06 03:00,5.985
138,03.06 04:00,5.975
138,03.06 05:00,31.992
138,03.06 06:00,50.105
138,03.06 07:00,47.84
138,03.06 08:00,51.091
138,03.06 09:00,59.167
138,03.06 10:00,63.791
138,03.06 11:00,65.189
138,03.06 12:00,75.775
138,03.06 13:00,91.303
138,03.06 14:00,131.166
138,03.06 15:00,133.38
138,03.06 16:00,132.09
138,03.06 17:00,133.649
138,03.06 18:00,133.807
138,03.06 19:00,136.322
138,03.06 20:00,128.363
138,03.06 21:00,60.021
138,03.06 22:00,5.977
138,03.06 23:00,0.997
138,04.06 00:00,0.996
138,04.06 01:00,0.996
138,04.06 02:00,0.997
138,04.06 03:00,1.002
138,04.06 04:00,1.005
138,04.06 05:00,1.003
138,04.06 06:00,0.997
138,04.06 07:00,41.84
138,04.06 08:00,97.228
138,04.06 09:00,133.579
138,04.06 10:00,133.659
138,04.06 11:00,134.247
138,04.06 12:00,133.327
138,04.06 13:00,132.756
138,04.06 14:00,133.394
138,04.06 15:00,131.427
138,04.06 16:00,133.458
138,04.06 17:00,111.865
138,04.06 18:00,82.673
138,04.06 19:00,8.025
138,04.06 20:00,5.993
138,04.06 21:00,6.019
138,04.06 22:00,5.997
138,04.06 23:00,4.988
138,05.06 00:00,5.977
138,05.06 01:00,5.997
138,05.06 02:00,5.995
138,05.06 03:00,7.004
138,05.06 04:00,5.996
138,05.06 05:00,5.986
138,05.06 06:00,5.992
138,05.06 07:00,6.026
138,05.06 08:00,5.99
138,05.06 09:00,6.003
138,05.06 10:00,5.994
138,05.06 11:00,5.016
138,05.06 12:00,6.029
138,05.06 13:00,9.986
138,05.06 14:00,100.51
138,05.06 15:00,119.696
138,05.06 16:00,6.026
138,05.06 17:00,4.99
138,05.06 18:00,5.99
138,05.06 19:00,6.239
138,05.06 20:00,5.011
138,05.06 21:00,72.944
138,05.06 22:00,7.014
138,05.06 23:00,5.997
138,06.06 00:00,5.979
138,06.06 01:00,5.981
138,06.06 02:00,5.998
138,06.06 03:00,6.018
138,06.06 04:00,10.982
138,06.06 05:00,114.257
138,06.06 06:00,133.32
138,06.06 07:00,132.059
138,06.06 08:00,135.453
138,06.06 09:00,130.657
138,06.06 10:00,120.784
138,06.06 11:00,144.402
138,06.06 12:00,111.133
138,06.06 13:00,107.262
138,06.06 14:00,131.113
138,06.06 15:00,131.607
138,06.06 16:00,130.474
138,06.06 17:00,133.508
138,06.06 18:00,131.611
138,06.06 19:00,133.661
138,06.06 20:00,132.119
138,06.06 21:00,134.226
138,06.06 22:00,89.793
138,06.06 23:00,6.012
138,07.06 00:00,6.015
138,07.06 01:00,5.995
138,07.06 02:00,5.023
138,07.06 03:00,5.993
138,07.06 04:00,6.026
138,07.06 05:00,35.933
138,07.06 06:00,79.175
138,07.06 07:00,81.24
138,07.06 08:00,72.89
138,07.06 09:00,52.236
138,07.06 10:00,118.978
138,07.06 11:00,119.096
138,07.06 12:00,120.53
138,07.06 13:00,119.631
138,07.06 14:00,123.5
138,07.06 15:00,142.671
138,07.06 16:00,122.137
138,07.06 17:00,120.899
138,07.06 18:00,121.527
138,07.06 19:00,120.464
138,07.06 20:00,121.425
138,07.06 21:00,121.747
138,07.06 22:00,84.162
138,07.06 23:00,5.978
138,08.06 00:00,6.009
138,08.06 01:00,6.015
138,08.06 02:00,5.971
138,08.06 03:00,5.994
138,08.06 04:00,5.992
138,08.06 05:00,28.018
138,08.06 06:00,85.4
138,08.06 07:00,89.271
138,08.06 08:00,118.095
138,08.06 09:00,122.122
138,08.06 10:00,123.792
138,08.06 11:00,123.381
138,08.06 12:00,123.531
138,08.06 13:00,122.469
138,08.06 14:00,125.569
138,08.06 15:00,123.13
138,08.06 16:00,124.61
138,08.06 17:00,123.609
138,08.06 18:00,124.485
138,08.06 19:00,123.4
138,08.06 20:00,125.162
138,08.06 21:00,126.306
138,08.06 22:00,85.729
138,08.06 23:00,22.095
138,09.06 00:00,53.006
138,09.06 01:00,5.977
138,09.06 02:00,5.982
138,09.06 03:00,5.003
138,09.06 04:00,10.001
138,09.06 05:00,86.85
138,09.06 06:00,125.561
138,09.06 07:00,127.305
138,09.06 08:00,127.1
138,09.06 09:00,127.656
138,09.06 10:00,127.495
138,09.06 11:00,125.731
138,09.06 12:00,129.389
138,09.06 13:00,126.383
138,09.06 14:00,123.56
138,09.06 15:00,128.26
138,09.06 16:00,130.465
138,09.06 17:00,125.712
138,09.06 18:00,128.716
138,09.06 19:00,129.684
138,09.06 20:00,140.128
138,09.06 21:00,137.722
138,09.06 22:00,92.336
138,09.06 23:00,11.02
138,10.06 00:00,8.966
138,10.06 01:00,6.026
138,10.06 02:00,6.006
138,10.06 03:00,5.981
138,10.06 04:00,5.017
138,10.06 05:00,25.011
138,10.06 06:00,77.235
138,10.06 07:00,56.863
138,10.06 08:00,22.063
138,10.06 09:00,70.091
138,10.06 10:00,127.812
138,10.06 11:00,130.589
138,10.06 12:00,139.927
138,10.06 13:00,133.661
138,10.06 14:00,136.162
138,10.06 15:00,132.598
138,10.06 16:00,131.571
138,10.06 17:00,132.631
138,10.06 18:00,132.424
138,10.06 19:00,128.729
138,10.06 20:00,131.796
138,10.06 21:00,115.283
138,10.06 22:00,5.973
138,10.06 23:00,5.971
138,11.06 00:00,5.978
138,11.06 01:00,6.028
138,11.06 02:00,6.995
138,11.06 03:00,6.025
138,11.06 04:00,5.989
138,11.06 05:00,6.007
138,11.06 06:00,5.99
138,11.06 07:00,21.049
138,11.06 08:00,104.948
138,11.06 09:00,134.525
138,11.06 10:00,129.671
138,11.06 11:00,132.06
138,11.06 12:00,132.335
138,11.06 13:00,138.148
138,11.06 14:00,128.378
138,11.06 15:00,134.362
138,11.06 16:00,133.253
138,11.06 17:00,134.992
138,11.06 18:00,90.841
138,11.06 19:00,5.993
138,11.06 20:00,5.97
138,11.06 21:00,5.987
138,11.06 22:00,6.995
138,11.06 23:00,6.023
138,12.06 00:00,6.998
138,12.06 01:00,6.019
138,12.06 02:00,5.979
138,12.06 03:00,6.028
138,12.06 04:00,5.992
138,12.06 05:00,6.023
138,12.06 06:00,7.029
138,12.06 07:00,6.021
138,12.06 08:00,5.985
138,12.06 09:00,6.015
138,12.06 10:00,7.016
138,12.06 11:00,4.996
138,12.06 12:00,6.001
138,12.06 13:00,6.022
138,12.06 14:00,31.878
138,12.06 15:00,35.14
138,12.06 16:00,132.558
138,12.06 17:00,134.085
138,12.06 18:00,128.485
138,12.06 19:00,131.416
138,12.06 20:00,132.018
138,12.06 21:00,133.589
138,12.06 22:00,8.026
138,12.06 23:00,6.976
138,13.06 00:00,4.983
138,13.06 01:00,6.028
138,13.06 02:00,6.02
138,13.06 03:00,6.027
138,13.06 04:00,8.976
138,13.06 05:00,45.924
138,13.06 06:00,43.041
138,13.06 07:00,33.148
138,13.06 08:00,39.027
138,13.06 09:00,94.63
138,13.06 10:00,132.594
138,13.06 11:00,132.666
138,13.06 12:00,131.604
138,13.06 13:00,133.468
138,13.06 14:00,133.526
138,13.06 15:00,134.553
138,13.06 16:00,130.413
138,13.06 17:00,126.704
138,13.06 18:00,119.3
138,13.06 19:00,81.796
138,13.06 20:00,57.284
138,13.06 21:00,54.113
138,13.06 22:00,37.916
138,13.06 23:00,5.999
138,14.06 00:00,6.015
138,14.06 01:00,5.972
138,14.06 02:00,6.027
138,14.06 03:00,5.98
138,14.06 04:00,7.033
138,14.06 05:00,17.982
138,14.06 06:00,31.068
138,14.06 07:00,30.146
138,14.06 08:00,23.947
138,14.06 09:00,26.128
138,14.06 10:00,40.847
138,14.06 11:00,44.086
138,14.06 12:00,66.74
138,14.06 13:00,97.2
138,14.06 14:00,126.528
138,14.06 15:00,130.705
138,14.06 16:00,145.559
138,14.06 17:00,139.257
138,14.06 18:00,130.696
138,14.06 19:00,128.886
138,14.06 20:00,130.761
138,14.06 21:00,132.807
138,14.06 22:00,71.672
138,14.06 23:00,6.023
138,15.06 00:00,6.026
138,15.06 01:00,6.005
138,15.06 02:00,7.024
138,15.06 03:00,6.026
138,15.06 04:00,6.02
138,15.06 05:00,17.025
138,15.06 06:00,32.923
138,15.06 07:00,33.151
138,15.06 08:00,33.067
138,15.06 09:00,33.923
138,15.06 10:00,40.842
138,15.06 11:00,59.065
138,15.06 12:00,82.244
138,15.06 13:00,80.356
138,15.06 14:00,80.776
138,15.06 15:00,86.71
138,15.06 16:00,19.987
138,15.06 17:00,70.307
138,15.06 18:00,107.401
138,15.06 19:00,106.603
138,15.06 20:00,42.827
138,15.06 21:00,27.975
138,15.06 22:00,24.008
138,15.06 23:00,10.026
138,16.06 00:00,10.044
138,16.06 01:00,5.991
138,16.06 02:00,6.994
138,16.06 03:00,6.019
138,16.06 04:00,5.975
138,16.06 05:00,20.911
138,16.06 06:00,28.884
138,16.06 07:00,18.925
138,16.06 08:00,13.053
138,16.06 09:00,15.01
138,16.06 10:00,34.957
138,16.06 11:00,33.02
138,16.06 12:00,33.065
138,16.06 13:00,32.899
138,16.06 14:00,35.91
138,16.06 15:00,34.996
138,16.06 16:00,35.054
138,16.06 17:00,27.953
138,16.06 18:00,48.209
138,16.06 19:00,39.15
138,16.06 20:00,30.149
138,16.06 21:00,14.058
138,16.06 22:00,21.067
138,16.06 23:00,5.973
138,17.06 00:00,7.013
138,17.06 01:00,6.026
138,17.06 02:00,5.995
138,17.06 03:00,6.015
138,17.06 04:00,5.978
138,17.06 05:00,19.931
138,17.06 06:00,30.919
138,17.06 07:00,18.936
138,17.06 08:00,14.053
138,17.06 09:00,32.032
138,17.06 10:00,55.266
138,17.06 11:00,74.858
138,17.06 12:00,120.905
138,17.06 13:00,129.448
138,17.06 14:00,129.41
138,17.06 15:00,131.184
138,17.06 16:00,132.513
138,17.06 17:00,131.439
138,17.06 18:00,130.984
138,17.06 19:00,129.794
138,17.06 20:00,133.347
138,17.06 21:00,91.926
138,17.06 22:00,5.996
138,17.06 23:00,1.003
138,18.06 00:00,1.011
138,18.06 01:00,1.0
138,18.06 02:00,1.0
138,18.06 03:00,1.002
138,18.06 04:00,1.001
138,18.06 05:00,0.999
138,18.06 06:00,1.001
138,18.06 07:00,21.006
138,18.06 08:00,54.785
138,18.06 09:00,35.876
138,18.06 10:00,49.104
138,18.06 11:00,47.157
138,18.06 12:00,46.044
138,18.06 13:00,48.077
138,18.06 14:00,64.774
138,18.06 15:00,118.516
138,18.06 16:00,130.434
138,18.06 17:00,130.84
138,18.06 18:00,126.272
138,18.06 19:00,5.981
138,18.06 20:00,6.008
138,18.06 21:00,5.003
138,18.06 22:00,6.007
138,18.06 23:00,5.979
138,19.06 00:00,6.002
138,19.06 01:00,4.995
138,19.06 02:00,7.03
138,19.06 03:00,6.001
138,19.06 04:00,5.985
138,19.06 05:00,6.024
138,19.06 06:00,6.004
138,19.06 07:00,5.011
138,19.06 08:00,6.019
138,19.06 09:00,6.0
138,19.06 10:00,6.02
138,19.06 11:00,4.99
138,19.06 12:00,6.027
138,19.06 13:00,7.016
138,19.06 14:00,11.982
138,19.06 15:00,6.028
138,19.06 16:00,6.029
138,19.06 17:00,5.011
138,19.06 18:00,5.999
138,19.06 19:00,5.994
138,19.06 20:00,5.004
138,19.06 21:00,5.976
138,19.06 22:00,5.986
138,19.06 23:00,5.994
138,20.06 00:00,6.013
138,20.06 01:00,6.016
138,20.06 02:00,4.983
138,20.06 03:00,6.027
138,20.06 04:00,9.962
138,20.06 05:00,81.78
138,20.06 06:00,65.69
138,20.06 07:00,53.11
138,20.06 08:00,58.174
138,20.06 09:00,73.926
138,20.06 10:00,125.746
138,20.06 11:00,131.563
138,20.06 12:00,130.128
138,20.06 13:00,131.482
138,20.06 14:00,131.484
138,20.06 15:00,130.823
138,20.06 16:00,129.057
138,20.06 17:00,129.891
138,20.06 18:00,130.265
138,20.06 19:00,130.643
138,20.06 20:00,130.29
138,20.06 21:00,131.07
138,20.06 22:00,89.657
138,20.06 23:00,12.043
138,21.06 00:00,36.837
138,21.06 01:00,6.088
138,21.06 02:00,5.994
138,21.06 03:00,5.013
138,21.06 04:00,5.998
138,21.06 05:00,40.336
138,21.06 06:00,129.498
138,21.06 07:00,132.396
138,21.06 08:00,131.503
138,21.06 09:00,135.209
138,21.06 10:00,127.7
138,21.06 11:00,130.722
138,21.06 12:00,130.455
138,21.06 13:00,130.423
138,21.06 14:00,69.098
138,21.06 15:00,129.468
138,21.06 16:00,130.907
138,21.06 17:00,131.312
138,21.06 18:00,130.163
138,21.06 19:00,130.114
138,21.06 20:00,131.502
138,21.06 21:00,129.492
138,21.06 22:00,133.024
138,21.06 23:00,131.505
138,22.06 00:00,132.565
138,22.06 01:00,130.595
138,22.06 02:00,94.075
138,22.06 03:00,59.089
138,22.06 04:00,53.227
138,22.06 05:00,52.892
138,22.06 06:00,40.013
138,22.06 07:00,25.05
138,22.06 08:00,67.878
138,22.06 09:00,36.058
138,22.06 10:00,93.643
138,22.06 11:00,130.53
138,22.06 12:00,130.111
138,22.06 13:00,131.474
138,22.06 14:00,129.553
138,22.06 15:00,129.396
138,22.06 16:00,129.767
138,22.06 17:00,130.419
138,22.06 18:00,125.678
138,22.06 19:00,129.89
138,22.06 20:00,129.577
138,22.06 21:00,129.612
138,22.06 22:00,88.795
138,22.06 23:00,125.616
138,23.06 00:00,131.373
138,23.06 01:00,132.013
138,23.06 02:00,129.654
138,23.06 03:00,129.559
138,23.06 04:00,132.182
138,23.06 05:00,131.599
138,23.06 06:00,111.935
138,23.06 07:00,43.883
138,23.06 08:00,124.949
138,23.06 09:00,127.505
138,23.06 10:00,130.284
138,23.06 11:00,130.34
138,23.06 12:00,129.471
138,23.06 13:00,133.239
138,23.06 14:00,126.508
138,23.06 15:00,130.689
138,23.06 16:00,128.236
138,23.06 17:00,129.814
138,23.06 18:00,129.563
138,23.06 19:00,128.315
138,23.06 20:00,132.117
138,23.06 21:00,127.657
138,23.06 22:00,125.945
138,23.06 23:00,81.253
138,24.06 00:00,54.792
138,24.06 01:00,52.188
138,24.06 02:00,52.17
138,24.06 03:00,51.883
138,24.06 04:00,51.795
138,24.06 05:00,53.036
138,24.06 06:00,50.027
138,24.06 07:00,20.005
138,24.06 08:00,33.019
138,24.06 09:00,51.047
138,24.06 10:00,65.761
138,24.06 11:00,115.546
138,24.06 12:00,130.954
138,24.06 13:00,68.781
138,24.06 14:00,26.926
138,24.06 15:00,44.023
138,24.06 16:00,40.143
138,24.06 17:00,111.795
138,24.06 18:00,130.42
138,24.06 19:00,128.437
138,24.06 20:00,132.105
138,24.06 21:00,130.411
138,24.06 22:00,132.614
138,24.06 23:00,128.969
138,25.06 00:00,80.069
138,25.06 01:00,51.901
138,25.06 02:00,50.851
138,25.06 03:00,53.239
138,25.06 04:00,53.176
138,25.06 05:00,52.233
138,25.06 06:00,52.95
138,25.06 07:00,54.343
138,25.06 08:00,52.044
138,25.06 09:00,52.898
138,25.06 10:00,19.064
138,25.06 11:00,21.97
138,25.06 12:00,27.041
138,25.06 13:00,32.842
138,25.06 14:00,33.013
138,25.06 15:00,32.918
138,25.06 16:00,25.937
138,25.06 17:00,32.975
138,25.06 18:00,32.091
138,25.06 19:00,33.079
138,25.06 20:00,32.09
138,25.06 21:00,33.1
138,25.06 22:00,32.125
138,25.06 23:00,31.05
138,26.06 00:00,30.975
138,26.06 01:00,25.129
138,26.06 02:00,25.969
138,26.06 03:00,28.93
138,26.06 04:00,23.013
138,26.06 05:00,25.967
138,26.06 06:00,30.038
138,26.06 07:00,21.996
138,26.06 08:00,24.979
138,26.06 09:00,32.15
138,26.06 10:00,32.845
138,26.06 11:00,33.055
138,26.06 12:00,33.009
138,26.06 13:00,33.115
138,26.06 20:00,33.158
138,26.06 21:00,0.999
138,26.06 22:00,0.998
138,26.06 23:00,1.001
138,27.06 00:00,1.0
138,27.06 01:00,0.999
138,27.06 02:00,0.995
138,27.06 03:00,0.997
138,27.06 04:00,1.0
138,27.06 05:00,1.002
138,27.06 06:00,6.028
138,27.06 07:00,25.022
138,27.06 08:00,36.895
138,27.06 09:00,130.331
138,27.06 10:00,67.825
138,27.06 11:00,108.209
138,27.06 12:00,130.731
138,27.06 13:00,127.535
138,27.06 14:00,130.953
138,27.06 15:00,129.427
138,27.06 16:00,130.396
138,27.06 17:00,131.571
138,27.06 18:00,128.819
138,27.06 19:00,131.49
138,27.06 20:00,127.459
138,27.06 21:00,130.643
138,27.06 22:00,90.246
138,27.06 23:00,9.99
138,28.06 00:00,9.014
138,28.06 01:00,5.013
138,28.06 02:00,5.993
138,28.06 03:00,6.013
138,28.06 04:00,5.988
138,28.06 05:00,51.938
138,28.06 06:00,128.435
138,28.06 07:00,39.828
138,28.06 08:00,63.908
138,28.06 09:00,108.454
138,28.06 10:00,130.272
138,28.06 11:00,125.092
138,28.06 12:00,131.521
138,28.06 13:00,127.55
138,28.06 14:00,126.578
138,28.06 15:00,128.248
138,28.06 16:00,128.153
138,28.06 17:00,127.883
138,28.06 18:00,130.387
138,28.06 19:00,126.655
138,28.06 20:00,132.881
138,28.06 21:00,128.724
138,28.06 22:00,131.724
138,28.06 23:00,131.906
138,29.06 00:00,131.518
138,29.06 01:00,131.99
138,29.06 02:00,132.368
138,29.06 03:00,131.247
138,29.06 04:00,132.501
138,29.06 05:00,113.654
138,29.06 06:00,5.988
138,29.06 07:00,21.057
138,29.06 08:00,111.536
138,29.06 09:00,131.572
138,29.06 10:00,131.257
138,29.06 11:00,129.749
138,29.06 12:00,131.269
138,29.06 13:00,131.079
138,29.06 14:00,130.562
138,29.06 15:00,128.902
138,29.06 16:00,130.872
138,29.06 17:00,130.159
138,29.06 18:00,132.277
138,29.06 19:00,127.868
138,29.06 20:00,131.147
138,29.06 21:00,131.54
138,29.06 22:00,133.647
138,29.06 23:00,130.472
138,30.06 00:00,131.398
138,30.06 01:00,132.242
138,30.06 02:00,132.136
138,30.06 03:00,131.231
138,30.06 04:00,132.179
138,30.06 05:00,133.416
138,30.06 06:00,128.448
138,30.06 07:00,131.391
138,30.06 08:00,85.736
138,30.06 09:00,45.141
138,30.06 10:00,36.879
138,30.06 11:00,7.969
138,30.06 12:00,98.394
138,30.06 13:00,116.914
138,30.06 14:00,115.468
138,30.06 15:00,115.548
138,30.06 16:00,119.152
138,30.06 17:00,112.469
138,30.06 18:00,116.573
138,30.06 19:00,116.391
138,30.06 20:00,116.043
138,30.06 21:00,116.889
138,30.06 22:00,117.272
138,30.06 23:00,116.454
138,01.07 00:00,115.568
138,01.07 01:00,115.702
138,01.07 02:00,117.979
138,01.07 03:00,117.087
138,01.07 04:00,114.972
138,01.07 05:00,117.018
138,01.07 06:00,115.611
138,01.07 07:00,117.616
138,01.07 08:00,116.795
138,01.07 09:00,116.397
138,01.07 10:00,117.22
138,01.07 11:00,118.799
138,01.07 12:00,114.512
138,01.07 13:00,117.077
138,01.07 14:00,115.643
138,01.07 15:00,0.997
138,01.07 16:00,0.999
138,01.07 17:00,1.001
138,01.07 18:00,1.004
138,01.07 19:00,1.001
138,01.07 20:00,0.995
138,01.07 21:00,1.004
138,01.07 22:00,0.996
138,01.07 23:00,116.671
138,02.07 00:00,118.357
138,02.07 01:00,115.815
138,02.07 02:00,116.683
138,02.07 03:00,117.928
138,02.07 04:00,114.719
138,02.07 05:00,118.18
138,02.07 06:00,117.463
138,02.07 07:00,118.644
138,02.07 08:00,115.14
138,02.07 09:00,116.419
138,02.07 10:00,116.988
138,02.07 11:00,115.696
138,02.07 12:00,116.693
138,02.07 13:00,116.263
138,02.07 14:00,116.36
138,02.07 15:00,117.027
138,02.07 16:00,114.812
138,02.07 17:00,117.511
138,02.07 18:00,117.44
138,02.07 19:00,115.456
138,02.07 20:00,115.482
138,02.07 21:00,115.789
138,02.07 22:00,119.712
138,02.07 23:00,115.684
138,03.07 00:00,116.533
138,03.07 01:00,119.525
138,03.07 02:00,116.572
138,03.07 03:00,118.603
138,03.07 04:00,116.174
138,03.07 05:00,118.006
138,03.07 06:00,115.369
138,03.07 07:00,117.583
138,03.07 08:00,117.903
138,03.07 09:00,116.803
138,03.07 10:00,116.507
138,03.07 11:00,119.478
138,03.07 12:00,113.597
138,03.07 13:00,125.98
138,03.07 14:00,114.696
138,03.07 15:00,115.992
138,03.07 16:00,115.946
138,03.07 17:00,116.521
138,03.07 18:00,115.07
138,03.07 19:00,115.956
138,03.07 20:00,116.463
138,03.07 21:00,116.44
138,03.07 22:00,115.455
138,03.07 23:00,116.91
138,04.07 00:00,116.302
138,04.07 01:00,116.166
138,04.07 02:00,115.571
138,04.07 03:00,117.12
138,04.07 04:00,116.491
138,04.07 05:00,116.879
138,04.07 06:00,116.495
138,04.07 07:00,115.614
138,04.07 08:00,119.084
138,04.07 09:00,114.287
138,04.07 10:00,116.456
138,04.07 11:00,117.104
138,04.07 12:00,116.431
138,04.07 13:00,117.489
138,04.07 14:00,114.652
138,04.07 15:00,115.716
138,04.07 16:00,114.923
138,04.07 17:00,114.565
138,04.07 18:00,116.117
138,04.07 19:00,115.765
138,04.07 20:00,116.401
138,04.07 21:00,114.164
138,04.07 22:00,117.408
138,04.07 23:00,116.026
138,05.07 00:00,115.103
138,05.07 01:00,114.226
138,05.07 02:00,115.992
138,05.07 03:00,115.519
138,05.07 04:00,114.294
138,05.07 05:00,115.563
138,05.07 06:00,116.503
138,05.07 07:00,114.682
138,05.07 08:00,115.225
138,05.07 09:00,114.523
138,05.07 10:00,115.545
138,05.07 11:00,113.311
138,05.07 12:00,116.759
138,05.07 13:00,114.581
138,05.07 14:00,114.315
138,05.07 15:00,113.611
138,05.07 16:00,114.767
138,05.07 17:00,114.174
138,05.07 18:00,113.558
138,05.07 19:00,114.157
138,05.07 20:00,114.677
138,05.07 21:00,114.346
138,05.07 22:00,114.511
138,05.07 23:00,117.038
138,06.07 00:00,115.955
138,06.07 01:00,117.07
138,06.07 02:00,118.538
138,06.07 03:00,116.093
138,06.07 04:00,116.491
138,06.07 05:00,115.832
138,06.07 06:00,95.76
138,06.07 07:00,28.1
138,06.07 08:00,63.195
138,06.07 09:00,66.994
138,06.07 10:00,114.188
138,06.07 11:00,116.028
138,06.07 12:00,115.026
138,06.07 13:00,114.48
138,06.07 14:00,115.427
138,06.07 15:00,114.979
138,06.07 16:00,114.698
138,06.07 17:00,114.673
138,06.07 18:00,112.898
138,06.07 19:00,114.449
138,06.07 20:00,116.018
138,06.07 21:00,116.444
138,06.07 22:00,113.796
138,06.07 23:00,100.512
138,07.07 00:00,75.91
138,07.07 01:00,47.825
138,07.07 02:00,37.843
138,07.07 03:00,36.956
138,07.07 04:00,36.936
138,07.07 05:00,38.164
138,07.07 06:00,37.883
138,07.07 07:00,17.024
138,07.07 08:00,17.944
138,07.07 09:00,50.907
138,07.07 10:00,60.895
138,07.07 11:00,58.787
138,07.07 12:00,93.924
138,07.07 13:00,114.895
138,07.07 14:00,115.936
138,07.07 15:00,115.217
138,07.07 16:00,112.509
138,07.07 17:00,115.038
138,07.07 18:00,113.975
138,07.07 19:00,114.002
138,07.07 20:00,119.248
138,07.07 21:00,116.512
138,07.07 22:00,114.849
138,07.07 23:00,117.021
138,08.07 00:00,117.477
138,08.07 01:00,117.754
138,08.07 02:00,120.197
138,08.07 03:00,119.521
138,08.07 04:00,123.311
138,08.07 05:00,122.208
138,08.07 06:00,52.061
138,08.07 07:00,29.875
138,08.07 08:00,65.709
138,08.07 09:00,66.192
138,08.07 10:00,76.798
138,08.07 11:00,115.213
138,08.07 12:00,114.522
138,08.07 13:00,114.603
138,08.07 14:00,115.058
138,08.07 15:00,114.291
138,08.07 16:00,114.69
138,08.07 17:00,114.964
138,08.07 18:00,114.526
138,08.07 19:00,115.492
138,08.07 20:00,114.146
138,08.07 21:00,118.932
138,08.07 22:00,115.767
138,08.07 23:00,116.575
138,09.07 00:00,118.393
138,09.07 01:00,120.071
138,09.07 02:00,93.676
138,09.07 03:00,56.842
138,09.07 04:00,39.97
138,09.07 05:00,40.048
138,09.07 06:00,40.797
138,09.07 07:00,39.801
138,09.07 08:00,42.919
138,09.07 09:00,57.764
138,09.07 10:00,110.346
138,09.07 11:00,117.972
138,09.07 12:00,117.724
138,09.07 13:00,118.038
138,09.07 14:00,120.487
138,09.07 15:00,118.761
138,09.07 16:00,118.4
138,09.07 17:00,117.64
138,09.07 18:00,116.797
138,09.07 19:00,116.606
138,09.07 20:00,118.415
138,09.07 21:00,118.876
138,09.07 22:00,119.639
138,09.07 23:00,98.985
138,10.07 00:00,57.975
138,10.07 01:00,41.795
138,10.07 02:00,41.843
138,10.07 03:00,43.161
138,10.07 04:00,42.84
138,10.07 05:00,42.202
138,10.07 06:00,33.898
138,10.07 07:00,38.963
138,10.07 08:00,65.108
138,10.07 09:00,87.948
138,10.07 10:00,114.658
138,10.07 11:00,115.435
138,10.07 12:00,114.964
138,10.07 13:00,114.892
138,10.07 14:00,114.491
138,10.07 15:00,115.293
138,10.07 16:00,113.484
138,10.07 17:00,113.261
138,10.07 18:00,116.327
138,10.07 19:00,112.621
138,10.07 20:00,57.036
138,10.07 21:00,34.843
138,10.07 22:00,35.158
138,10.07 23:00,35.891
138,11.07 00:00,34.861
138,11.07 01:00,35.02
138,11.07 02:00,34.825
138,11.07 03:00,35.146
138,11.07 04:00,35.052
138,11.07 05:00,17.039
138,11.07 06:00,6.021
138,11.07 07:00,7.031
138,11.07 08:00,7.991
138,11.07 09:00,16.988
138,11.07 10:00,23.059
138,11.07 11:00,24.072
138,11.07 12:00,13.014
138,11.07 13:00,22.02
138,11.07 14:00,23.049
138,11.07 15:00,21.105
138,11.07 16:00,19.942
138,11.07 17:00,34.855
138,11.07 18:00,24.039
138,11.07 19:00,26.118
138,11.07 20:00,17.96
138,11.07 21:00,33.16
138,11.07 22:00,35.141
138,11.07 23:00,29.005
138,12.07 00:00,31.967
138,12.07 01:00,28.095
138,12.07 02:00,23.011
138,12.07 03:00,22.945
138,12.07 04:00,23.026
138,12.07 05:00,22.987
138,12.07 06:00,15.05
138,12.07 07:00,6.0
138,12.07 08:00,18.913
138,12.07 09:00,24.062
138,12.07 10:00,7.971
138,12.07 11:00,14.002
138,12.07 12:00,25.014
138,12.07 13:00,40.083
138,12.07 14:00,36.921
138,12.07 15:00,40.964
138,12.07 16:00,44.875
138,12.07 17:00,41.909
138,12.07 18:00,45.205
138,12.07 19:00,50.114
138,12.07 20:00,61.042
138,12.07 21:00,75.283
138,12.07 22:00,56.999
138,12.07 23:00,42.816
138,13.07 00:00,35.053
138,13.07 01:00,33.837
138,13.07 02:00,32.867
138,13.07 03:00,32.902
138,13.07 04:00,28.966
138,13.07 05:00,24.084
138,13.07 06:00,13.983
138,13.07 07:00,6.983
138,13.07 08:00,10.032
138,13.07 09:00,11.045
138,13.07 10:00,14.946
138,13.07 11:00,46.927
138,13.07 12:00,58.838
138,13.07 13:00,60.238
138,13.07 14:00,57.754
138,13.07 15:00,60.236
138,13.07 16:00,65.272
138,13.07 17:00,65.017
138,13.07 18:00,54.053
138,13.07 19:00,46.201
138,13.07 20:00,43.025
138,13.07 21:00,45.197
138,13.07 22:00,39.147
138,13.07 23:00,37.179
138,14.07 00:00,37.004
138,14.07 01:00,37.139
138,14.07 02:00,36.936
138,14.07 03:00,36.878
138,14.07 04:00,37.159
138,14.07 05:00,32.984
138,14.07 06:00,11.026
138,14.07 07:00,6.968
138,14.07 08:00,13.969
138,14.07 09:00,25.122
138,14.07 10:00,39.894
138,14.07 11:00,68.72
138,14.07 12:00,74.003
138,14.07 13:00,112.819
138,14.07 14:00,118.094
138,14.07 15:00,115.491
138,14.07 16:00,115.418
138,14.07 17:00,115.424
138,14.07 18:00,116.294
138,14.07 19:00,113.189
138,14.07 20:00,117.304
138,14.07 21:00,117.959
138,14.07 22:00,103.867
138,14.07 23:00,61.216
138,15.07 00:00,39.113
138,15.07 01:00,38.186
138,15.07 02:00,36.926
138,15.07 03:00,36.989
138,15.07 04:00,38.105
138,15.07 05:00,34.907
138,15.07 06:00,37.873
138,15.07 07:00,36.077
138,15.07 08:00,37.007
138,15.07 09:00,26.974
138,15.07 10:00,58.874
138,15.07 11:00,84.008
138,15.07 12:00,114.133
138,15.07 13:00,117.101
138,15.07 14:00,113.995
138,15.07 15:00,115.422
138,15.07 16:00,115.15
138,15.07 17:00,115.181
138,15.07 18:00,115.554
138,15.07 19:00,114.551
138,15.07 20:00,114.578
138,15.07 21:00,114.736
138,15.07 22:00,116.685
138,15.07 23:00,107.349
138,16.07 00:00,75.055
138,16.07 01:00,53.937
138,16.07 02:00,42.02
138,16.07 03:00,38.097
138,16.07 04:00,38.022
138,16.07 05:00,37.103
138,16.07 06:00,37.842
138,16.07 07:00,38.994
138,16.07 08:00,40.981
138,16.07 09:00,60.809
138,16.07 10:00,116.453
138,16.07 11:00,115.75
138,16.07 12:00,116.447
138,16.07 13:00,117.052
138,16.07 14:00,114.521
138,16.07 15:00,115.522
138,16.07 16:00,115.006
138,16.07 17:00,109.984
138,16.07 18:00,115.863
138,16.07 19:00,115.331
138,16.07 20:00,112.974
138,16.07 21:00,116.484
138,16.07 22:00,109.199
138,16.07 23:00,68.957
138,17.07 00:00,43.094
138,17.07 01:00,39.05
138,17.07 02:00,36.031
138,17.07 03:00,37.868
138,17.07 04:00,36.855
138,17.07 05:00,36.986
138,17.07 06:00,36.906
138,17.07 07:00,38.098
138,17.07 08:00,36.842
138,17.07 09:00,37.059
138,17.07 10:00,48.888
138,17.07 11:00,60.766
138,17.07 12:00,107.678
138,17.07 13:00,116.332
138,17.07 14:00,115.082
138,17.07 15:00,115.26
138,17.07 16:00,114.552
138,17.07 17:00,114.61
138,17.07 18:00,113.81
138,17.07 19:00,114.597
138,17.07 20:00,116.541
138,17.07 21:00,116.575
138,17.07 22:00,112.623
138,17.07 23:00,77.937
138,18.07 00:00,54.729
138,18.07 01:00,43.037
138,18.07 02:00,40.113
138,18.07 03:00,40.917
138,18.07 04:00,41.181
138,18.07 05:00,40.942
138,18.07 06:00,41.989
138,18.07 07:00,48.951
138,18.07 08:00,110.216
138,18.07 09:00,117.537
138,18.07 10:00,114.727
138,18.07 11:00,116.703
138,18.07 12:00,114.601
138,18.07 13:00,115.533
138,18.07 14:00,115.77
138,18.07 15:00,115.436
138,18.07 16:00,117.167
138,18.07 17:00,114.488
138,18.07 18:00,116.828
138,18.07 19:00,116.244
138,18.07 20:00,112.222
138,18.07 21:00,65.295
138,18.07 22:00,112.53
138,18.07 23:00,114.769
138,19.07 00:00,114.484
138,19.07 01:00,115.931
138,19.07 02:00,115.89
138,19.07 03:00,117.692
138,19.07 04:00,116.512
138,19.07 05:00,116.168
138,19.07 06:00,114.921
138,19.07 07:00,113.89
138,19.07 08:00,117.734
138,19.07 09:00,115.682
138,19.07 10:00,114.067
138,19.07 11:00,114.531
138,19.07 12:00,116.57
138,19.07 13:00,116.356
138,19.07 14:00,114.256
138,19.07 15:00,114.761
138,19.07 16:00,116.185
138,19.07 17:00,112.699
138,19.07 18:00,112.952
138,19.07 19:00,114.359
138,19.07 20:00,115.846
138,19.07 21:00,114.165
138,19.07 22:00,115.561
138,19.07 23:00,114.496
138,20.07 00:00,115.027
138,20.07 01:00,116.711
138,20.07 02:00,116.132
138,20.07 03:00,112.894
138,20.07 04:00,117.253
138,20.07 05:00,114.16
138,20.07 06:00,117.1
138,20.07 07:00,115.639
138,20.07 08:00,114.129
138,20.07 09:00,114.661
138,20.07 10:00,117.688
138,20.07 11:00,114.078
138,20.07 12:00,114.97
138,20.07 13:00,117.909
138,20.07 14:00,113.096
138,20.07 15:00,117.382
138,20.07 16:00,65.989
138,20.07 17:00,109.857
138,20.07 18:00,114.496
138,20.07 19:00,114.541
138,20.07 20:00,118.772
138,20.07 21:00,114.913
138,20.07 22:00,116.339
138,20.07 23:00,0.998
138,21.07 00:00,1.002
138,21.07 01:00,1.001
138,21.07 02:00,1.004
138,21.07 03:00,1.005
138,21.07 04:00,1.004
138,21.07 05:00,0.999
138,21.07 06:00,1.003
138,21.07 07:00,118.418
138,21.07 08:00,112.938
138,21.07 09:00,117.437
138,21.07 10:00,113.562
138,21.07 11:00,116.758
138,21.07 12:00,113.065
138,21.07 13:00,116.911
138,21.07 14:00,112.632
138,21.07 15:00,114.368
138,21.07 16:00,115.224
138,21.07 17:00,114.982
138,21.07 18:00,113.262
138,21.07 19:00,114.854
138,21.07 20:00,112.757
138,21.07 21:00,116.847
138,21.07 22:00,112.466
138,21.07 23:00,116.368
138,22.07 00:00,116.573
138,22.07 01:00,116.562
138,22.07 02:00,117.093
138,22.07 03:00,114.984
138,22.07 04:00,118.137
138,22.07 05:00,114.978
138,22.07 06:00,114.468
138,22.07 07:00,116.525
138,22.07 08:00,115.113
138,22.07 09:00,115.925
138,22.07 10:00,115.509
138,22.07 11:00,115.486
138,22.07 12:00,114.592
138,22.07 13:00,116.394
138,22.07 14:00,115.608
138,22.07 15:00,115.345
138,22.07 16:00,66.199
138,22.07 17:00,34.046
138,22.07 18:00,33.007
138,22.07 19:00,34.036
138,22.07 20:00,33.831
138,22.07 21:00,34.069
138,22.07 22:00,35.058
138,22.07 23:00,34.091
138,23.07 00:00,33.837
138,23.07 01:00,36.477
138,23.07 02:00,34.036
138,23.07 03:00,34.909
138,23.07 04:00,33.882
138,23.07 05:00,34.011
138,23.07 06:00,34.982
138,23.07 07:00,32.952
138,23.07 08:00,34.829
138,23.07 09:00,34.15
138,23.07 10:00,34.898
138,23.07 11:00,33.855
138,23.07 12:00,35.025
138,23.07 13:00,33.974
138,23.07 14:00,35.118
138,23.07 15:00,34.107
138,23.07 16:00,35.097
138,23.07 17:00,33.889
138,23.07 18:00,33.93
138,23.07 19:00,33.863
138,23.07 20:00,34.023
138,23.07 21:00,35.165
138,23.07 22:00,34.119
138,23.07 23:00,33.957
138,24.07 00:00,35.165
138,24.07 01:00,34.053
138,24.07 02:00,35.001
138,24.07 03:00,34.082
138,24.07 04:00,35.068
138,24.07 05:00,34.082
138,24.07 06:00,35.117
138,24.07 07:00,34.021
138,24.07 08:00,35.095
138,24.07 09:00,34.032
138,24.07 10:00,34.966
138,24.07 11:00,33.147
138,24.07 12:00,34.857
138,24.07 13:00,35.009
138,24.07 14:00,34.034
138,24.07 15:00,34.028
138,24.07 16:00,35.897
138,24.07 17:00,33.933
138,24.07 18:00,34.049
138,24.07 19:00,34.836
138,24.07 20:00,34.093
138,24.07 21:00,34.156
138,24.07 22:00,35.011
138,24.07 23:00,34.153
138,25.07 00:00,34.045
138,25.07 01:00,35.124
138,25.07 02:00,34.949
138,25.07 03:00,34.017
138,25.07 04:00,34.001
138,25.07 05:00,34.032
138,25.07 06:00,34.972
138,25.07 07:00,33.966
138,25.07 08:00,34.966
138,25.07 09:00,35.115
138,25.07 10:00,33.12
138,25.07 11:00,35.119
138,25.07 12:00,33.979
138,25.07 13:00,33.999
138,25.07 14:00,33.915
138,25.07 15:00,34.119
138,25.07 16:00,35.063
138,25.07 17:00,33.88
138,25.07 18:00,33.964
138,25.07 19:00,33.963
138,25.07 20:00,35.167
138,25.07 21:00,34.088
138,25.07 22:00,35.036
138,25.07 23:00,34.064
138,26.07 00:00,34.203
138,26.07 01:00,34.839
138,26.07 02:00,33.874
138,26.07 03:00,35.129
138,26.07 04:00,33.916
138,26.07 05:00,35.098
138,26.07 06:00,33.955
138,26.07 07:00,43.942
138,26.07 08:00,115.965
138,26.07 09:00,115.473
138,26.07 10:00,115.142
138,26.07 11:00,115.635
138,26.07 12:00,115.476
138,26.07 13:00,116.93
138,26.07 14:00,117.14
138,26.07 15:00,118.212
138,26.07 16:00,117.565
138,26.07 17:00,117.421
138,26.07 18:00,117.659
138,26.07 19:00,118.279
138,26.07 20:00,117.114
138,26.07 21:00,117.712
138,26.07 22:00,117.744
138,26.07 23:00,120.438
138,27.07 00:00,109.197
138,27.07 01:00,72.197
138,27.07 02:00,51.066
138,27.07 03:00,40.89
138,27.07 04:00,40.176
138,27.07 05:00,40.853
138,27.07 06:00,39.814
138,27.07 07:00,30.621
138,27.07 08:00,42.054
138,27.07 09:00,69.059
138,27.07 10:00,112.491
138,27.07 11:00,119.729
138,27.07 12:00,119.686
138,27.07 13:00,121.141
138,27.07 14:00,121.124
138,27.07 15:00,122.341
138,27.07 16:00,121.423
138,27.07 17:00,120.723
138,27.07 18:00,119.861
138,27.07 19:00,121.733
138,27.07 20:00,120.622
138,27.07 21:00,121.57
138,27.07 22:00,121.666
138,27.07 23:00,121.862
138,28.07 00:00,121.424
138,28.07 01:00,121.777
138,28.07 02:00,109.227
138,28.07 03:00,75.105
138,28.07 04:00,48.231
138,28.07 05:00,44.118
138,28.07 06:00,38.874
138,28.07 07:00,33.132
138,28.07 08:00,40.939
138,28.07 09:00,45.111
138,28.07 10:00,89.732
138,28.07 11:00,120.089
138,28.07 12:00,119.57
138,28.07 13:00,118.626
138,28.07 14:00,120.35
138,28.07 15:00,120.554
138,28.07 16:00,120.627
138,28.07 17:00,120.464
138,28.07 18:00,121.09
138,28.07 19:00,119.895
138,28.07 20:00,122.016
138,28.07 21:00,120.726
138,28.07 22:00,121.218
138,28.07 23:00,122.173
138,29.07 00:00,122.769
138,29.07 01:00,122.74
138,29.07 02:00,112.785
138,29.07 03:00,134.644
138,29.07 04:00,108.362
138,29.07 05:00,86.719
138,29.07 06:00,64.995
138,29.07 07:00,56.04
138,29.07 08:00,52.193
138,29.07 09:00,34.956
138,29.07 10:00,94.926
138,29.07 11:00,120.88
138,29.07 12:00,120.429
138,29.07 13:00,118.682
138,29.07 14:00,121.299
138,29.07 15:00,124.901
138,29.07 16:00,120.377
138,29.07 17:00,119.542
138,29.07 18:00,121.214
138,29.07 19:00,120.413
138,29.07 20:00,119.748
138,29.07 21:00,121.213
138,29.07 22:00,121.432
138,29.07 23:00,120.823
138,30.07 00:00,122.204
138,30.07 01:00,122.237
138,30.07 02:00,122.27
138,30.07 03:00,122.548
138,30.07 04:00,122.18
138,30.07 05:00,123.612
138,30.07 06:00,122.562
138,30.07 07:00,117.491
138,30.07 08:00,120.177
138,30.07 09:00,122.315
138,30.07 10:00,121.612
138,30.07 11:00,121.041
138,30.07 12:00,120.907
138,30.07 13:00,121.568
138,30.07 14:00,120.672
138,30.07 15:00,120.634
138,30.07 16:00,120.542
138,30.07 17:00,120.922
138,30.07 18:00,119.468
138,30.07 19:00,121.003
138,30.07 20:00,119.434
138,30.07 21:00,120.865
138,30.07 22:00,122.069
138,30.07 23:00,122.508
138,31.07 00:00,121.757
138,31.07 01:00,121.473
138,31.07 02:00,122.128
138,31.07 03:00,121.347
138,31.07 04:00,120.738
138,31.07 05:00,123.553
138,31.07 06:00,120.909
138,31.07 07:00,121.599
138,31.07 08:00,121.501
138,31.07 09:00,120.779
138,31.07 10:00,121.75
138,31.07 11:00,119.751
138,31.07 12:00,115.43
138,31.07 13:00,118.843
138,31.07 14:00,121.444
138,31.07 15:00,120.389
138,31.07 16:00,120.395
138,31.07 17:00,121.244
138,31.07 18:00,118.467
138,31.07 19:00,120.993
138,31.07 20:00,120.22
138,31.07 21:00,121.21
138,31.07 22:00,119.724
138,31.07 23:00,121.824
138,01.08 00:00,122.173
138,01.08 01:00,121.485
138,01.08 02:00,122.101
138,01.08 03:00,121.252
138,01.08 04:00,121.517
138,01.08 05:00,121.428
138,01.08 06:00,120.758
138,01.08 07:00,121.488
138,01.08 08:00,70.958
138,01.08 09:00,116.988
138,01.08 10:00,116.351
138,01.08 11:00,118.004
138,01.08 12:00,117.516
138,01.08 13:00,116.671
138,01.08 14:00,116.911
138,01.08 15:00,120.591
138,01.08 16:00,119.412
138,01.08 17:00,120.666
138,01.08 18:00,121.551
138,01.08 19:00,125.529
138,01.08 20:00,121.562
138,01.08 21:00,122.928
138,01.08 22:00,121.929
138,01.08 23:00,124.369
138,02.08 00:00,122.401
138,02.08 01:00,123.927
138,02.08 02:00,123.128
138,02.08 03:00,115.532
138,02.08 04:00,89.317
138,02.08 05:00,63.788
138,02.08 06:00,48.97
138,02.08 07:00,5.99
138,02.08 08:00,26.97
138,02.08 09:00,98.367
138,02.08 10:00,116.419
138,02.08 11:00,116.064
138,02.08 12:00,116.177
138,02.08 13:00,113.861
138,02.08 14:00,66.954
138,02.08 15:00,162.701
138,02.08 16:00,114.493
138,02.08 17:00,114.415
138,02.08 18:00,115.565
138,02.08 19:00,113.462
138,02.08 20:00,115.052
138,02.08 21:00,114.739
138,02.08 22:00,114.672
138,03.08 23:00,37.033
138,04.08 00:00,35.825
138,04.08 01:00,37.006
138,04.08 02:00,34.931
138,04.08 03:00,35.827
138,04.08 04:00,36.852
138,04.08 05:00,32.843
138,04.08 06:00,9.958
138,04.08 07:00,6.026
138,04.08 08:00,6.978
138,04.08 09:00,22.992
138,04.08 10:00,33.017
138,04.08 11:00,40.032
138,04.08 12:00,41.0
138,04.08 13:00,53.087
138,04.08 14:00,69.265
138,04.08 15:00,110.633
138,04.08 16:00,113.937
138,04.08 17:00,72.215
138,04.08 18:00,34.996
138,04.08 19:00,40.182
138,04.08 20:00,24.047
138,04.08 21:00,39.874
138,04.08 22:00,40.101
138,04.08 23:00,36.976
138,05.08 00:00,35.828
138,05.08 01:00,37.068
138,05.08 02:00,34.864
138,05.08 03:00,35.864
138,05.08 04:00,35.994
138,05.08 05:00,35.101
138,05.08 06:00,27.076
138,05.08 07:00,31.072
138,05.08 08:00,54.904
138,05.08 09:00,108.413
138,05.08 10:00,115.031
138,05.08 11:00,115.081
138,05.08 12:00,116.533
138,05.08 13:00,113.889
138,05.08 14:00,115.181
138,05.08 15:00,114.834
138,05.08 16:00,18.998
138,05.08 17:00,17.012
138,05.08 18:00,49.161
138,05.08 19:00,65.69
138,05.08 20:00,115.761
138,05.08 21:00,114.198
138,05.08 22:00,115.286
138,05.08 23:00,116.63
138,06.08 00:00,116.473
138,06.08 01:00,113.898
138,06.08 02:00,117.851
138,06.08 03:00,116.074
138,06.08 04:00,114.505
138,06.08 05:00,114.521
138,06.08 06:00,117.949
138,06.08 07:00,114.812
138,06.08 08:00,116.358
138,06.08 09:00,115.114
138,06.08 10:00,115.746
138,06.08 11:00,113.556
138,06.08 12:00,113.628
138,06.08 13:00,112.464
138,06.08 14:00,115.792
138,06.08 15:00,111.958
138,06.08 16:00,113.72
138,06.08 17:00,113.915
138,06.08 18:00,116.255
138,06.08 19:00,111.593
138,06.08 20:00,114.694
138,06.08 21:00,111.759
138,06.08 22:00,118.172
138,06.08 23:00,111.525
138,07.08 00:00,114.848
138,07.08 01:00,114.895
138,07.08 02:00,115.372
138,07.08 03:00,115.604
138,07.08 04:00,116.685
138,07.08 05:00,113.492
138,07.08 06:00,117.35
138,07.08 07:00,116.545
138,07.08 08:00,115.533
138,07.08 09:00,114.62
138,07.08 10:00,116.652
138,07.08 11:00,113.836
138,07.08 12:00,110.044
138,07.08 13:00,111.516
138,07.08 14:00,114.386
138,07.08 15:00,110.558
138,07.08 16:00,112.5
138,07.08 17:00,113.5
138,07.08 18:00,111.705
138,07.08 19:00,113.503
138,07.08 20:00,113.753
138,07.08 21:00,115.31
138,07.08 22:00,114.969
138,07.08 23:00,114.914
138,08.08 00:00,115.577
138,08.08 01:00,117.717
138,08.08 02:00,116.082
138,08.08 03:00,113.655
138,08.08 04:00,115.393
138,08.08 05:00,117.538
138,08.08 06:00,92.442
138,08.08 07:00,25.91
138,08.08 08:00,59.245
138,08.08 09:00,111.318
138,08.08 10:00,106.972
138,08.08 11:00,110.057
138,08.08 12:00,110.875
138,08.08 13:00,110.497
138,08.08 14:00,111.412
138,08.08 15:00,110.651
138,08.08 16:00,112.696
138,08.08 17:00,95.806
138,08.08 18:00,12.974
138,08.08 19:00,16.044
138,08.08 20:00,14.942
138,08.08 21:00,17.952
138,08.08 22:00,83.747
138,08.08 23:00,110.416
138,09.08 00:00,111.567
138,09.08 01:00,112.768
138,09.08 02:00,111.643
138,09.08 03:00,113.041
138,09.08 04:00,112.939
138,09.08 05:00,114.104
138,09.08 06:00,39.063
138,09.08 07:00,32.051
138,09.08 08:00,12.986
138,09.08 09:00,15.05
138,09.08 10:00,19.928
138,09.08 11:00,18.915
138,09.08 12:00,84.583
138,09.08 13:00,123.64
138,09.08 14:00,34.01
138,09.08 15:00,26.906
138,09.08 16:00,49.038
138,09.08 17:00,33.881
138,09.08 18:00,45.809
138,09.08 19:00,22.939
138,09.08 20:00,22.084
138,09.08 21:00,19.991
138,09.08 22:00,83.264
138,09.08 23:00,105.34
138,10.08 00:00,85.967
138,10.08 01:00,49.033
138,10.08 02:00,35.936
138,10.08 03:00,34.909
138,10.08 04:00,31.935
138,10.08 05:00,35.001
138,10.08 06:00,28.889
138,10.08 07:00,7.969
138,10.08 08:00,10.046
138,10.08 09:00,14.009
138,10.08 10:00,16.039
138,10.08 11:00,20.904
138,10.08 12:00,34.937
138,10.08 13:00,39.997
138,10.08 14:00,109.562
138,10.08 15:00,112.496
138,10.08 16:00,31.078
138,10.08 17:00,39.114
138,10.08 18:00,27.087
138,10.08 19:00,21.035
138,10.08 20:00,47.999
138,10.08 21:00,53.882
138,10.08 22:00,112.303
138,10.08 23:00,114.783
138,11.08 00:00,112.866
138,11.08 01:00,114.073
138,11.08 02:00,106.116
138,11.08 03:00,90.075
138,11.08 04:00,87.731
138,11.08 05:00,77.637
138,11.08 06:00,63.02
138,11.08 07:00,48.883
138,11.08 08:00,47.933
138,11.08 09:00,67.3
138,11.08 10:00,54.959
138,11.08 11:00,80.724
138,11.08 12:00,113.136
138,11.08 13:00,113.411
138,11.08 14:00,114.622
138,11.08 15:00,57.834
138,11.08 16:00,35.0
138,11.08 17:00,32.966
138,11.08 18:00,31.152
138,11.08 19:00,29.928
138,11.08 20:00,38.839
138,11.08 21:00,26.883
138,11.08 22:00,38.98
138,11.08 23:00,28.876
138,12.08 00:00,28.1
138,12.08 01:00,28.083
138,12.08 02:00,28.056
138,12.08 03:00,27.991
138,12.08 04:00,27.086
138,12.08 05:00,27.91
138,12.08 06:00,10.978
138,12.08 07:00,6.017
138,12.08 08:00,7.027
138,12.08 09:00,15.958
138,12.08 10:00,29.995
138,12.08 11:00,36.168
138,12.08 12:00,49.07
138,12.08 13:00,28.97
138,12.08 14:00,66.695
138,12.08 15:00,15.957
138,12.08 16:00,40.042
138,12.08 17:00,63.288
138,12.08 18:00,34.078
138,12.08 19:00,52.83
138,12.08 20:00,36.977
138,12.08 21:00,50.181
138,12.08 22:00,40.813
138,12.08 23:00,34.008
138,13.08 00:00,34.074
138,13.08 01:00,32.878
138,13.08 02:00,34.151
138,13.08 03:00,34.05
138,13.08 04:00,32.887
138,13.08 05:00,34.871
138,13.08 06:00,33.141
138,13.08 07:00,31.06
138,13.08 08:00,19.089
138,13.08 09:00,14.045
138,13.08 10:00,16.967
138,13.08 11:00,25.925
138,13.08 12:00,49.897
138,13.08 13:00,18.955
138,13.08 14:00,72.257
138,13.08 15:00,114.554
138,13.08 16:00,111.453
138,13.08 17:00,112.555
138,13.08 18:00,112.597
138,13.08 19:00,112.186
138,13.08 20:00,115.156
138,13.08 21:00,109.536
138,13.08 22:00,66.005
138,13.08 23:00,34.011
138,14.08 00:00,33.122
138,14.08 01:00,33.151
138,14.08 02:00,34.0
138,14.08 03:00,33.127
138,14.08 04:00,32.863
138,14.08 05:00,33.157
138,14.08 06:00,34.091
138,14.08 07:00,33.114
138,14.08 08:00,32.947
138,14.08 09:00,32.157
138,14.08 10:00,33.069
138,14.08 11:00,33.007
138,14.08 12:00,35.138
138,14.08 13:00,87.313
138,14.08 14:00,111.26
138,14.08 15:00,111.492
138,14.08 16:00,112.194
138,14.08 17:00,112.591
138,14.08 18:00,110.582
138,14.08 19:00,110.625
138,14.08 20:00,110.665
138,14.08 21:00,115.469
138,14.08 22:00,90.191
138,15.08 23:00,113.319
138,16.08 00:00,112.556
138,16.08 01:00,114.189
138,16.08 02:00,106.215
138,16.08 03:00,67.195
138,16.08 04:00,42.152
138,16.08 05:00,32.884
138,16.08 06:00,25.988
138,16.08 07:00,19.015
138,16.08 08:00,45.081
138,16.08 09:00,29.869
138,16.08 10:00,77.373
138,16.08 11:00,113.15
138,16.08 12:00,111.522
138,16.08 13:00,114.123
138,16.08 14:00,112.321
138,16.08 15:00,111.07
138,16.08 16:00,109.799
138,16.08 17:00,113.517
138,16.08 18:00,111.291
138,16.08 19:00,109.884
138,16.08 20:00,113.351
138,16.08 21:00,61.891
138,16.08 22:00,88.865
138,16.08 23:00,113.984
138,17.08 00:00,112.458
138,17.08 01:00,110.795
138,17.08 02:00,113.797
138,17.08 03:00,112.728
138,17.08 04:00,113.227
138,17.08 05:00,111.876
138,17.08 06:00,66.918
138,17.08 07:00,20.072
138,17.08 08:00,27.916
138,17.08 09:00,65.996
138,17.08 10:00,112.213
138,17.08 11:00,112.874
138,17.08 12:00,112.555
138,17.08 13:00,113.384
138,17.08 14:00,35.102
138,17.08 15:00,101.158
138,17.08 16:00,112.495
138,17.08 17:00,38.128
138,17.08 18:00,101.983
138,17.08 19:00,110.702
138,17.08 20:00,106.373
138,17.08 21:00,18.912
138,17.08 22:00,71.653
138,17.08 23:00,112.739
138,18.08 00:00,112.514
138,18.08 01:00,114.08
138,18.08 02:00,113.014
138,18.08 03:00,111.53
138,18.08 04:00,89.062
138,18.08 05:00,57.11
138,18.08 06:00,43.881
138,18.08 07:00,36.112
138,18.08 08:00,33.4
138,18.08 09:00,37.081
138,18.08 10:00,58.076
138,18.08 11:00,111.0
138,18.08 12:00,113.702
138,18.08 13:00,112.276
138,18.08 14:00,111.692
138,18.08 15:00,112.418
138,18.08 16:00,111.184
138,18.08 17:00,103.027
138,18.08 18:00,29.081
138,18.08 19:00,105.196
138,18.08 20:00,112.548
138,18.08 21:00,112.087
138,18.08 22:00,112.056
138,18.08 23:00,113.451
138,19.08 00:00,112.263
138,19.08 01:00,114.009
138,19.08 02:00,111.58
138,19.08 03:00,111.4
138,19.08 04:00,84.064
138,19.08 05:00,52.763
138,19.08 06:00,36.14
138,19.08 07:00,20.943
138,19.08 08:00,37.182
138,19.08 09:00,62.012
138,19.08 10:00,93.437
138,19.08 11:00,111.93
138,19.08 12:00,111.476
138,19.08 13:00,112.286
138,19.08 14:00,111.547
138,19.08 15:00,111.183
138,19.08 16:00,110.903
138,19.08 17:00,112.489
138,19.08 18:00,111.643
138,19.08 19:00,111.521
138,19.08 20:00,110.711
138,19.08 21:00,113.495
138,19.08 22:00,115.192
138,19.08 23:00,90.646
138,20.08 00:00,41.18
138,20.08 01:00,34.904
138,20.08 02:00,35.84
138,20.08 03:00,36.827
138,20.08 04:00,36.094
138,20.08 05:00,34.897
138,20.08 06:00,34.933
138,20.08 07:00,35.089
138,20.08 08:00,33.137
138,20.08 09:00,35.989
138,20.08 10:00,35.058
138,20.08 11:00,37.89
138,20.08 12:00,69.055
138,20.08 13:00,83.987
138,20.08 14:00,103.836
138,20.08 15:00,113.504
138,20.08 16:00,115.418
138,20.08 17:00,115.412
138,20.08 18:00,113.527
138,20.08 19:00,115.992
138,20.08 20:00,114.528
138,20.08 21:00,115.588
138,20.08 22:00,106.837
138,20.08 23:00,60.904
138,21.08 00:00,37.09
138,21.08 01:00,36.007
138,21.08 02:00,36.931
138,21.08 03:00,35.078
138,21.08 04:00,36.836
138,21.08 05:00,36.863
138,21.08 06:00,37.04
138,21.08 07:00,36.112
138,21.08 08:00,34.944
138,21.08 09:00,35.114
138,21.08 10:00,36.039
138,21.08 11:00,36.112
138,21.08 12:00,90.589
138,21.08 13:00,115.85
138,21.08 14:00,115.522
138,21.08 15:00,117.037
138,21.08 16:00,115.314
138,21.08 17:00,116.7
138,21.08 18:00,115.959
138,21.08 19:00,115.607
138,21.08 20:00,115.737
138,21.08 21:00,112.474
138,21.08 22:00,79.105
138,22.08 23:00,33.915
138,23.08 00:00,32.921
138,23.08 01:00,32.953
138,23.08 02:00,32.951
138,23.08 03:00,33.15
138,23.08 04:00,32.883
138,23.08 05:00,32.975
138,23.08 06:00,32.093
138,23.08 07:00,30.9
138,23.08 08:00,19.927
138,23.08 09:00,53.201
138,23.08 10:00,105.491
138,23.08 11:00,65.046
138,23.08 12:00,80.758
138,23.08 13:00,89.287
138,23.08 14:00,36.116
138,23.08 15:00,68.711
138,23.08 16:00,72.862
138,23.08 17:00,71.191
138,23.08 18:00,65.124
138,23.08 19:00,48.159
138,23.08 20:00,30.02
138,23.08 21:00,31.133
138,23.08 22:00,28.066
138,23.08 23:00,32.072
138,24.08 00:00,31.997
138,24.08 01:00,31.979
138,24.08 02:00,30.93
138,24.08 03:00,25.02
138,24.08 04:00,20.075
138,24.08 05:00,18.94
138,24.08 06:00,9.015
138,24.08 07:00,7.025
138,24.08 08:00,9.995
138,24.08 09:00,20.039
138,24.08 10:00,17.021
138,24.08 11:00,29.939
138,24.08 12:00,27.943
138,24.08 13:00,25.016
138,24.08 14:00,34.914
138,24.08 15:00,21.102
138,24.08 16:00,29.144
138,24.08 17:00,17.084
138,24.08 18:00,43.028
138,24.08 19:00,21.085
138,24.08 20:00,20.993
138,24.08 21:00,17.004
138,24.08 22:00,30.95
138,24.08 23:00,29.853
138,25.08 00:00,28.124
138,25.08 01:00,25.989
138,25.08 02:00,19.903
138,25.08 03:00,19.963
138,25.08 04:00,19.927
138,25.08 05:00,16.945
138,25.08 06:00,9.992
138,25.08 07:00,5.997
138,25.08 08:00,5.988
138,25.08 09:00,7.001
138,25.08 10:00,8.025
138,25.08 11:00,15.047
138,25.08 12:00,20.0
138,25.08 13:00,39.077
138,25.08 14:00,21.903
138,25.08 15:00,53.01
138,25.08 16:00,37.182
138,25.08 17:00,34.016
138,25.08 18:00,34.002
138,25.08 19:00,32.857
138,25.08 20:00,29.122
138,25.08 21:00,31.874
138,25.08 22:00,34.076
138,25.08 23:00,31.973
138,26.08 00:00,31.956
138,26.08 01:00,24.935
138,26.08 02:00,30.043
138,26.08 03:00,29.945
138,26.08 04:00,28.971
138,26.08 05:00,26.102
138,26.08 06:00,30.894
138,26.08 07:00,22.001
138,26.08 08:00,21.031
138,26.08 09:00,34.103
138,26.08 10:00,37.024
138,26.08 11:00,36.095
138,26.08 12:00,60.933
138,26.08 13:00,91.737
138,26.08 14:00,122.21
138,26.08 15:00,115.402
138,26.08 16:00,90.138
138,26.08 17:00,42.92
138,26.08 18:00,36.895
138,26.08 19:00,36.974
138,26.08 20:00,37.94
138,26.08 21:00,38.905
138,26.08 22:00,39.934
138,26.08 23:00,36.017
138,27.08 00:00,36.823
138,27.08 01:00,33.056
138,27.08 02:00,38.899
138,27.08 03:00,33.072
138,27.08 04:00,36.068
138,27.08 05:00,35.833
138,27.08 06:00,36.839
138,27.08 07:00,39.037
138,27.08 08:00,36.948
138,27.08 09:00,35.995
138,27.08 10:00,36.073
138,27.08 11:00,37.008
138,27.08 12:00,80.965
138,27.08 13:00,117.308
138,27.08 14:00,117.083
138,27.08 15:00,92.041
138,27.08 16:00,60.934
138,27.08 17:00,45.14
138,27.08 18:00,50.249
138,27.08 19:00,41.143
138,27.08 20:00,39.166
138,27.08 21:00,41.125
138,27.08 22:00,36.899
138,27.08 23:00,37.886
138,28.08 00:00,33.905
138,28.08 01:00,41.933
138,28.08 02:00,34.05
138,28.08 03:00,41.155
138,28.08 04:00,33.941
138,28.08 05:00,37.014
138,28.08 06:00,40.183
138,28.08 07:00,36.912
138,28.08 08:00,36.968
138,28.08 09:00,36.832
138,28.08 10:00,36.912
138,28.08 11:00,35.967
138,28.08 12:00,46.898
138,28.08 13:00,113.803
138,28.08 14:00,106.831
138,28.08 15:00,128.598
138,28.08 16:00,116.527
138,28.08 17:00,106.898
138,28.08 18:00,115.577
138,28.08 19:00,116.818
138,28.08 20:00,127.694
138,28.08 21:00,100.485
138,28.08 22:00,70.684
138,28.08 23:00,39.816
138,29.08 00:00,34.963
138,29.08 01:00,40.796
138,29.08 02:00,35.081
138,29.08 03:00,41.007
138,29.08 04:00,38.181
138,29.08 05:00,34.044
138,29.08 06:00,42.005
138,29.08 07:00,35.99
138,29.08 08:00,18.955
138,29.08 09:00,36.928
138,29.08 10:00,49.778
138,29.08 11:00,60.988
138,29.08 12:00,104.223
138,29.08 13:00,114.356
138,29.08 14:00,115.551
138,29.08 15:00,127.408
138,29.08 16:00,115.932
138,29.08 17:00,116.835
138,29.08 18:00,106.912
138,29.08 19:00,126.454
138,29.08 20:00,107.788
138,29.08 21:00,118.708
138,29.08 22:00,128.41
138,29.08 23:00,70.991
138,30.08 00:00,39.096
138,30.08 01:00,39.101
138,30.08 02:00,39.028
138,30.08 03:00,40.009
138,30.08 04:00,42.048
138,30.08 05:00,35.867
138,30.08 06:00,39.106
138,30.08 07:00,32.146
138,30.08 08:00,35.93
138,30.08 09:00,40.182
138,30.08 10:00,44.034
138,30.08 11:00,59.266
138,30.08 12:00,112.067
138,30.08 13:00,116.892
138,30.08 14:00,114.49
138,30.08 15:00,126.926
138,30.08 16:00,106.982
138,30.08 17:00,117.286
138,30.08 18:00,116.616
138,30.08 19:00,130.97
138,30.08 20:00,107.602
138,30.08 21:00,67.931
138,30.08 22:00,61.195
138,30.08 23:00,106.531
138,31.08 00:00,102.846
138,31.08 01:00,108.421
138,31.08 02:00,70.943
138,31.08 03:00,44.078
138,31.08 04:00,37.079
138,31.08 05:00,37.067
138,31.08 06:00,35.844
138,31.08 07:00,21.026
138,31.08 08:00,30.069
138,31.08 09:00,38.904
138,31.08 10:00,53.147
138,31.08 11:00,95.875
138,31.08 12:00,114.144
138,31.08 13:00,114.121
138,31.08 14:00,114.056
138,31.08 15:00,115.027
138,31.08 16:00,115.159
138,31.08 17:00,115.528
138,31.08 18:00,106.634
138,31.08 19:00,116.188
138,31.08 20:00,124.584
138,31.08 21:00,117.913
138,31.08 22:00,106.953
138,31.08 23:00,127.344
138,01.09 00:00,117.799
138,01.09 01:00,118.4
138,01.09 02:00,108.639
138,01.09 03:00,117.978
138,01.09 04:00,130.637
138,01.09 05:00,118.617
138,01.09 06:00,110.26
138,01.09 07:00,53.756
138,01.09 08:00,70.837
138,01.09 09:00,117.533
138,01.09 10:00,117.449
138,01.09 11:00,76.028
138,01.09 12:00,105.342
138,01.09 13:00,116.285
138,01.09 14:00,117.789
138,01.09 15:00,128.231
138,01.09 16:00,109.042
138,01.09 17:00,119.505
138,01.09 18:00,132.383
138,01.09 19:00,123.088
138,01.09 20:00,120.497
138,01.09 21:00,111.489
138,01.09 22:00,130.678
138,01.09 23:00,122.606
138,02.09 00:00,122.587
138,02.09 01:00,120.779
138,02.09 02:00,123.887
138,02.09 03:00,120.741
138,02.09 04:00,120.509
138,02.09 05:00,121.537
138,02.09 06:00,122.513
138,02.09 07:00,54.803
138,02.09 08:00,66.256
138,02.09 09:00,118.812
138,02.09 10:00,117.729
138,02.09 11:00,120.512
138,02.09 12:00,117.978
138,02.09 13:00,118.122
138,02.09 14:00,116.049
138,02.09 15:00,121.727
138,02.09 16:00,121.805
138,02.09 17:00,101.296
138,02.09 18:00,142.529
138,02.09 19:00,110.768
138,02.09 20:00,130.055
138,02.09 21:00,120.765
138,02.09 22:00,122.467
138,02.09 23:00,122.436
138,03.09 00:00,121.688
138,03.09 01:00,70.071
138,03.09 02:00,46.879
138,03.09 03:00,37.908
138,03.09 04:00,43.161
138,03.09 05:00,42.87
138,03.09 06:00,46.224
138,03.09 07:00,37.094
138,03.09 08:00,44.797
138,03.09 09:00,41.123
138,03.09 10:00,41.888
138,03.09 11:00,40.942
138,03.09 12:00,72.96
138,03.09 13:00,121.054
138,03.09 14:00,120.217
138,03.09 15:00,121.438
138,03.09 16:00,119.46
138,03.09 17:00,110.341
138,03.09 18:00,130.31
138,03.09 19:00,120.59
138,03.09 20:00,118.538
138,03.09 21:00,89.15
138,03.09 22:00,42.742
138,03.09 23:00,42.054
138,04.09 00:00,45.089
138,04.09 01:00,42.048
138,04.09 02:00,42.094
138,04.09 03:00,42.039
138,04.09 04:00,37.88
138,04.09 05:00,44.982
138,04.09 06:00,40.178
138,04.09 07:00,37.819
138,04.09 08:00,41.126
138,04.09 09:00,42.853
138,04.09 10:00,36.912
138,04.09 11:00,40.925
138,04.09 12:00,43.096
138,04.09 13:00,38.027
138,04.09 14:00,45.995
138,04.09 15:00,44.859
138,04.09 16:00,41.117
138,04.09 17:00,37.88
138,04.09 18:00,44.835
138,04.09 19:00,38.153
138,04.09 20:00,45.02
138,04.09 21:00,40.15
138,04.09 22:00,41.136
138,04.09 23:00,35.948
138,05.09 00:00,39.974
138,05.09 01:00,42.845
138,05.09 02:00,39.831
138,05.09 03:00,38.988
138,05.09 04:00,40.121
138,05.09 05:00,35.928
138,05.09 06:00,42.846
138,05.09 07:00,40.191
138,05.09 08:00,30.899
138,05.09 09:00,5.018
138,05.09 10:00,5.981
138,05.09 11:00,6.008
138,05.09 12:00,5.024
138,05.09 13:00,5.971
138,05.09 14:00,6.0
138,05.09 15:00,5.989
138,05.09 16:00,4.99
138,05.09 17:00,6.987
138,05.09 18:00,5.984
138,05.09 19:00,8.988
138,05.09 20:00,6.024
138,05.09 21:00,8.012
138,05.09 22:00,12.009
138,05.09 23:00,13.049
138,06.09 00:00,10.005
138,06.09 01:00,10.957
138,06.09 02:00,10.036
138,06.09 03:00,10.948
138,06.09 04:00,11.015
138,06.09 05:00,19.014
138,06.09 06:00,6.021
138,06.09 07:00,5.018
138,06.09 08:00,8.026
138,06.09 09:00,5.008
138,06.09 10:00,5.995
138,06.09 11:00,8.012
138,06.09 12:00,13.992
138,06.09 13:00,29.046
138,06.09 14:00,31.899
138,06.09 15:00,23.094
138,06.09 16:00,38.048
138,06.09 17:00,32.124
138,06.09 18:00,32.986
138,06.09 19:00,33.159
138,06.09 20:00,28.027
138,06.09 21:00,28.99
138,06.09 22:00,26.909
138,06.09 23:00,28.925
138,07.09 00:00,30.866
138,07.09 01:00,33.027
138,07.09 02:00,30.149
138,07.09 03:00,29.948
138,07.09 04:00,19.984
138,07.09 05:00,28.057
138,07.09 06:00,24.067
138,07.09 07:00,23.11
138,07.09 08:00,4.979
138,07.09 09:00,22.069
138,07.09 10:00,30.99
138,07.09 11:00,32.123
138,07.09 12:00,31.142
138,07.09 13:00,32.019
138,07.09 14:00,33.104
138,07.09 15:00,34.134
138,07.09 16:00,31.877
138,07.09 17:00,32.067
138,07.09 18:00,33.072
138,07.09 19:00,30.079
138,07.09 20:00,32.997
138,07.09 21:00,33.052
138,07.09 22:00,30.967
138,07.09 23:00,28.114
138,08.09 00:00,30.936
138,08.09 01:00,28.923
138,08.09 02:00,30.069
138,08.09 03:00,29.035
138,08.09 04:00,29.034
138,08.09 05:00,23.024
138,08.09 06:00,28.103
138,08.09 07:00,24.929
138,08.09 08:00,9.956
138,08.09 09:00,17.037
138,08.09 10:00,20.08
138,08.09 11:00,54.871
138,08.09 12:00,51.237
138,08.09 13:00,39.874
138,08.09 14:00,46.098
138,08.09 15:00,36.932
138,08.09 16:00,39.937
138,08.09 17:00,34.855
138,08.09 18:00,36.918
138,08.09 19:00,33.895
138,08.09 20:00,40.099
138,08.09 21:00,17.945
138,08.09 22:00,30.943
138,08.09 23:00,30.353
138,09.09 00:00,30.115
138,09.09 01:00,28.919
138,09.09 02:00,30.058
138,09.09 03:00,30.143
138,09.09 04:00,29.861
138,09.09 05:00,24.093
138,09.09 06:00,21.003
138,09.09 07:00,6.004
138,09.09 08:00,7.009
138,09.09 09:00,6.028
138,09.09 10:00,5.98
138,09.09 11:00,7.97
138,09.09 12:00,5.973
138,09.09 13:00,3.986
138,09.09 14:00,6.973
138,09.09 15:00,5.014
138,09.09 16:00,5.972
138,09.09 17:00,6.992
138,09.09 18:00,7.031
138,09.09 19:00,5.005
138,09.09 20:00,9.03
138,09.09 21:00,8.99
138,09.09 22:00,9.982
138,09.09 23:00,10.952
138,10.09 00:00,10.034
138,10.09 01:00,10.95
138,10.09 02:00,8.003
138,10.09 03:00,10.956
138,10.09 04:00,10.202
138,10.09 05:00,4.98
138,10.09 06:00,6.028
138,10.09 07:00,10.042
138,10.09 08:00,8.007
138,10.09 09:00,5.98
138,10.09 10:00,6.019
138,10.09 11:00,6.018
138,10.09 12:00,6.029
138,10.09 13:00,5.019
138,10.09 14:00,6.989
138,10.09 15:00,7.011
138,10.09 16:00,6.983
138,10.09 17:00,11.033
138,10.09 18:00,31.024
138,10.09 19:00,27.897
138,10.09 20:00,31.902
138,10.09 21:00,25.118
138,10.09 22:00,16.016
138,10.09 23:00,12.976
138,11.09 00:00,13.026
138,11.09 01:00,10.013
138,11.09 02:00,9.996
138,11.09 03:00,10.424
138,11.09 04:00,9.993
138,11.09 05:00,14.998
138,11.09 06:00,9.991
138,11.09 07:00,10.996
138,11.09 08:00,9.984
138,11.09 09:00,19.981
138,11.09 10:00,28.888
138,11.09 11:00,30.015
138,11.09 12:00,30.043
138,11.09 13:00,28.063
138,11.09 14:00,32.083
138,11.09 15:00,34.049
138,11.09 16:00,35.889
138,11.09 17:00,28.563
138,11.09 18:00,35.86
138,11.09 19:00,30.093
138,11.09 20:00,36.172
138,11.09 21:00,31.989
138,11.09 22:00,32.905
138,11.09 23:00,32.86
138,12.09 00:00,33.932
138,12.09 01:00,37.03
138,12.09 02:00,33.046
138,12.09 03:00,32.908
138,12.09 04:00,30.856
138,12.09 05:00,9.952
138,12.09 06:00,10.999
138,12.09 07:00,23.943
138,12.09 08:00,31.091
138,12.09 09:00,35.036
138,12.09 10:00,32.005
138,12.09 11:00,51.9
138,12.09 12:00,44.936
138,12.09 13:00,41.114
138,12.09 14:00,41.118
138,12.09 15:00,40.833
138,12.09 16:00,40.046
138,12.09 17:00,46.024
138,12.09 18:00,40.932
138,12.09 19:00,41.016
138,12.09 20:00,39.963
138,12.09 21:00,23.06
138,12.09 22:00,14.012
138,12.09 23:00,23.925
138,13.09 00:00,30.062
138,13.09 01:00,29.096
138,13.09 02:00,29.015
138,13.09 03:00,30.072
138,13.09 04:00,29.031
138,13.09 05:00,27.904
138,13.09 06:00,28.942
138,13.09 07:00,28.07
138,13.09 08:00,28.073
138,13.09 09:00,28.936
138,13.09 10:00,29.753
138,13.09 11:00,23.893
138,13.09 12:00,28.114
138,13.09 13:00,46.839
138,13.09 14:00,62.062
138,13.09 15:00,48.213
138,13.09 16:00,52.232
138,13.09 17:00,60.822
138,13.09 18:00,89.844
138,13.09 19:00,103.607
138,13.09 20:00,102.626
138,13.09 21:00,98.765
138,13.09 22:00,60.849
138,13.09 23:00,34.038
138,14.09 00:00,34.987
138,14.09 01:00,35.058
138,14.09 02:00,36.087
138,14.09 03:00,34.066
138,14.09 04:00,35.858
138,14.09 05:00,18.061
138,14.09 06:00,7.03
138,14.09 07:00,4.977
138,14.09 08:00,16.786
138,14.09 09:00,17.961
138,14.09 10:00,19.942
138,14.09 11:00,36.176
138,14.09 12:00,64.036
138,14.09 13:00,39.015
138,14.09 14:00,30.002
138,14.09 15:00,9.977
138,14.09 16:00,5.019
138,14.09 17:00,5.016
138,14.09 18:00,5.975
138,14.09 19:00,4.979
138,14.09 20:00,4.991
138,14.09 21:00,6.982
138,14.09 22:00,19.05
138,14.09 23:00,18.929
138,15.09 00:00,25.904
138,15.09 01:00,29.6
138,15.09 02:00,21.943
138,15.09 03:00,17.961
138,15.09 04:00,22.954
138,15.09 05:00,30.001
138,15.09 06:00,27.952
138,15.09 07:00,17.003
138,15.09 08:00,19.034
138,15.09 09:00,19.014
138,15.09 10:00,18.088
138,15.09 11:00,23.056
138,15.09 12:00,8.983
138,15.09 13:00,4.989
138,15.09 14:00,5.003
138,15.09 15:00,7.021
138,15.09 16:00,5.019
138,15.09 17:00,7.997
138,15.09 18:00,4.986
138,15.09 19:00,5.002
138,15.09 20:00,4.989
138,15.09 21:00,6.841
138,15.09 22:00,24.918
138,15.09 23:00,28.092
138,16.09 00:00,19.09
138,16.09 01:00,18.981
138,16.09 02:00,28.53
138,16.09 03:00,19.915
138,16.09 04:00,19.013
138,16.09 05:00,19.06
138,16.09 06:00,19.04
138,16.09 07:00,19.028
138,16.09 08:00,17.997
138,16.09 09:00,6.978
138,16.09 10:00,5.971
138,16.09 11:00,6.982
138,16.09 12:00,17.928
138,16.09 13:00,28.021
138,16.09 14:00,33.153
138,16.09 15:00,32.16
138,16.09 16:00,32.138
138,16.09 17:00,19.064
138,16.09 18:00,32.635
138,16.09 19:00,36.834
138,16.09 20:00,37.965
138,16.09 21:00,30.967
138,16.09 22:00,29.071
138,16.09 23:00,23.025
138,17.09 00:00,27.949
138,17.09 01:00,25.07
138,17.09 02:00,19.068
138,17.09 03:00,23.155
138,17.09 04:00,27.907
138,17.09 05:00,19.048
138,17.09 06:00,18.983
138,17.09 07:00,18.989
138,17.09 08:00,18.972
138,17.09 09:00,19.007
138,17.09 10:00,24.084
138,17.09 11:00,29.853
138,17.09 12:00,31.967
138,17.09 13:00,32.126
138,17.09 14:00,31.124
138,17.09 15:00,31.047
138,17.09 16:00,30.951
138,17.09 17:00,30.982
138,17.09 18:00,31.112
138,17.09 19:00,32.535
138,17.09 20:00,30.937
138,17.09 21:00,21.975
138,17.09 22:00,24.118
138,17.09 23:00,28.899
138,18.09 00:00,21.967
138,18.09 01:00,29.889
138,18.09 02:00,18.949
138,18.09 03:00,19.05
138,18.09 04:00,24.924
138,18.09 05:00,24.981
138,18.09 06:00,19.07
138,18.09 07:00,22.095
138,18.09 08:00,28.069
138,18.09 09:00,20.07
138,18.09 10:00,29.14
138,18.09 11:00,31.119
138,18.09 12:00,31.851
138,18.09 13:00,31.087
138,18.09 14:00,31.975
138,18.09 15:00,33.075
138,18.09 16:00,37.93
138,18.09 17:00,38.175
138,18.09 18:00,37.913
138,18.09 19:00,37.171
138,18.09 20:00,35.856
138,18.09 21:00,31.065
138,18.09 22:00,29.869
138,18.09 23:00,30.902
138,19.09 00:00,31.013
138,19.09 01:00,30.115
138,19.09 02:00,28.977
138,19.09 03:00,27.899
138,19.09 04:00,30.017
138,19.09 05:00,29.097
138,19.09 06:00,29.977
138,19.09 07:00,18.99
138,19.09 08:00,4.985
138,19.09 09:00,21.043
138,19.09 10:00,34.068
138,19.09 11:00,33.878
138,19.09 12:00,39.006
138,19.09 13:00,42.985
138,19.09 14:00,64.968
138,19.09 15:00,63.762
138,19.09 16:00,63.112
138,19.09 17:00,70.184
138,19.09 18:00,69.851
138,19.09 19:00,70.17
138,19.09 20:00,76.921
138,19.09 21:00,43.817
138,19.09 22:00,33.945
138,19.09 23:00,32.97
138,20.09 00:00,30.121
138,20.09 01:00,30.901
138,20.09 02:00,26.002
138,20.09 03:00,21.042
138,20.09 04:00,29.967
138,20.09 05:00,30.113
138,20.09 06:00,30.089
138,20.09 07:00,30.011
138,20.09 08:00,28.985
138,20.09 09:00,29.878
138,20.09 10:00,32.068
138,20.09 11:00,34.103
138,20.09 12:00,44.938
138,20.09 13:00,56.021
138,20.09 14:00,67.201
138,20.09 15:00,72.026
138,20.09 16:00,68.677
138,20.09 17:00,70.159
138,20.09 18:00,70.206
138,20.09 19:00,67.862
138,20.09 20:00,70.215
138,20.09 21:00,70.179
138,20.09 22:00,70.098
138,20.09 23:00,70.759
138,21.09 00:00,69.322
138,21.09 01:00,72.098
138,21.09 02:00,70.185
138,21.09 03:00,66.094
138,21.09 04:00,66.223
138,21.09 05:00,53.006
138,21.09 06:00,50.106
138,21.09 07:00,46.837
138,21.09 08:00,44.103
138,21.09 09:00,46.204
138,21.09 10:00,68.963
138,21.09 11:00,70.815
138,21.09 12:00,69.957
138,21.09 13:00,70.213
138,21.09 14:00,69.253
138,21.09 15:00,69.863
138,21.09 16:00,68.726
138,21.09 17:00,64.069
138,21.09 18:00,75.954
138,21.09 19:00,68.309
138,21.09 20:00,69.708
138,21.09 21:00,68.967
138,21.09 22:00,69.659
138,21.09 23:00,69.697
138,22.09 00:00,70.152
138,22.09 01:00,68.824
138,22.09 02:00,69.756
138,22.09 03:00,69.201
138,22.09 04:00,70.219
138,22.09 05:00,69.02
138,22.09 06:00,66.888
138,22.09 07:00,63.904
138,22.09 08:00,63.702
138,22.09 09:00,70.262
138,22.09 10:00,69.296
138,22.09 11:00,67.891
138,22.09 12:00,68.098
138,22.09 13:00,69.021
138,22.09 14:00,70.809
138,22.09 15:00,68.677
138,22.09 16:00,68.98
138,22.09 17:00,68.158
138,22.09 18:00,69.294
138,22.09 19:00,63.742
138,22.09 20:00,41.177
138,22.09 21:00,29.945
138,22.09 22:00,29.867
138,22.09 23:00,27.932
138,23.09 00:00,29.03
138,23.09 01:00,28.886
138,23.09 02:00,29.136
138,23.09 03:00,30.077
138,23.09 04:00,29.104
138,23.09 05:00,28.863
138,23.09 06:00,16.002
138,23.09 07:00,6.011
138,23.09 08:00,5.005
138,23.09 09:00,5.995
138,23.09 10:00,4.996
138,23.09 11:00,6.014
138,23.09 12:00,5.996
138,23.09 13:00,4.989
138,23.09 14:00,6.009
138,23.09 15:00,5.983
138,23.09 16:00,6.027
138,23.09 17:00,8.031
138,23.09 18:00,22.889
138,23.09 19:00,16.065
138,23.09 20:00,6.005
138,23.09 21:00,6.022
138,23.09 22:00,5.023
138,23.09 23:00,6.027
138,24.09 00:00,6.006
138,24.09 01:00,5.999
138,24.09 02:00,5.994
138,24.09 03:00,5.978
138,24.09 04:00,5.003
138,24.09 05:00,5.975
138,24.09 06:00,6.025
138,24.09 07:00,6.011
138,24.09 08:00,5.992
138,24.09 09:00,6.027
138,24.09 10:00,7.014
138,24.09 11:00,18.994
138,24.09 12:00,4.975
138,24.09 13:00,6.012
138,24.09 14:00,22.098
138,24.09 15:00,10.947
138,24.09 16:00,6.014
138,24.09 17:00,7.012
138,24.09 18:00,13.025
138,24.09 19:00,28.127
138,24.09 20:00,27.027
138,24.09 21:00,27.91
138,24.09 22:00,22.896
138,24.09 23:00,20.005
138,25.09 00:00,18.976
138,25.09 01:00,18.915
138,25.09 02:00,19.948
138,25.09 03:00,19.039
138,25.09 04:00,19.928
138,25.09 05:00,18.921
138,25.09 06:00,19.001
138,25.09 07:00,20.056
138,25.09 08:00,9.028
138,25.09 09:00,6.008
138,25.09 10:00,6.005
138,25.09 11:00,17.99
138,25.09 12:00,17.962
138,25.09 13:00,27.128
138,25.09 14:00,29.928
138,25.09 15:00,28.904
138,25.09 16:00,29.055
138,25.09 17:00,29.055
138,25.09 18:00,30.044
138,25.09 19:00,29.119
138,25.09 20:00,29.13
138,25.09 21:00,28.899
138,25.09 22:00,28.023
138,25.09 23:00,27.086
138,26.09 00:00,27.952
138,26.09 01:00,23.924
138,26.09 02:00,27.005
138,26.09 03:00,20.015
138,26.09 04:00,27.066
138,26.09 05:00,22.963
138,26.09 06:00,23.016
138,26.09 07:00,25.9
138,26.09 08:00,17.021
138,26.09 09:00,8.023
138,26.09 10:00,8.035
138,26.09 11:00,12.963
138,26.09 12:00,29.861
138,26.09 13:00,34.13
138,26.09 14:00,38.96
138,26.09 15:00,52.05
138,26.09 16:00,50.201
138,26.09 17:00,100.684
138,26.09 18:00,112.751
138,26.09 19:00,112.648
138,26.09 20:00,112.158
138,26.09 21:00,111.501
138,26.09 22:00,105.458
138,26.09 23:00,82.758
138,27.09 00:00,42.089
138,27.09 01:00,32.917
138,27.09 02:00,32.928
138,27.09 03:00,31.849
138,27.09 04:00,33.898
138,27.09 05:00,32.998
138,27.09 06:00,32.034
138,27.09 07:00,33.134
138,27.09 08:00,25.122
138,27.09 09:00,6.991
138,27.09 10:00,9.009
138,27.09 11:00,18.037
138,27.09 12:00,22.095
138,27.09 13:00,53.015
138,27.09 14:00,93.168
138,27.09 15:00,102.65
138,27.09 16:00,121.289
138,27.09 17:00,112.323
138,27.09 18:00,112.014
138,27.09 19:00,113.293
138,27.09 20:00,112.157
138,27.09 21:00,113.044
138,27.09 22:00,112.528
138,27.09 23:00,87.341
138,28.09 00:00,37.091
138,28.09 01:00,32.976
138,28.09 02:00,31.851
138,28.09 03:00,31.859
138,28.09 04:00,33.152
138,28.09 05:00,33.121
138,28.09 06:00,33.127
138,28.09 07:00,26.11
138,28.09 08:00,18.935
138,28.09 09:00,19.089
138,28.09 10:00,18.932
138,28.09 11:00,57.92
138,28.09 12:00,95.34
138,28.09 13:00,110.585
138,28.09 14:00,32.975
138,28.09 15:00,27.978
138,28.09 16:00,32.004
138,28.09 17:00,101.179
138,28.09 18:00,110.696
138,28.09 19:00,112.775
138,28.09 20:00,43.896
138,28.09 21:00,84.862
138,28.09 22:00,32.111
138,28.09 23:00,32.139
138,29.09 00:00,17.0
138,29.09 01:00,9.994
138,29.09 02:00,11.965
138,29.09 03:00,12.949
138,29.09 04:00,11.012
138,29.09 05:00,20.967
138,29.09 06:00,32.135
138,29.09 07:00,14.978
138,29.09 08:00,21.989
138,29.09 09:00,58.221
138,29.09 10:00,83.078
138,29.09 11:00,112.041
138,29.09 12:00,111.719
138,29.09 13:00,112.98
138,29.09 14:00,113.604
138,29.09 15:00,114.07
138,29.09 16:00,114.212
138,29.09 17:00,104.684
138,29.09 18:00,124.394
138,29.09 19:00,113.241
138,29.09 20:00,114.77
138,29.09 21:00,114.329
138,29.09 22:00,116.142
138,29.09 23:00,116.7
138,30.09 00:00,69.211
138,30.09 01:00,9.024
138,30.09 02:00,9.82
138,30.09 03:00,10.006
138,30.09 04:00,11.949
138,30.09 05:00,20.908
138,30.09 06:00,41.803
138,30.09 07:00,32.077
138,30.09 08:00,30.068
138,30.09 09:00,33.89
138,30.09 10:00,55.823
138,30.09 11:00,100.494
138,30.09 12:00,114.484
138,30.09 13:00,115.079
138,30.09 14:00,113.823
138,30.09 15:00,120.106
138,30.09 16:00,113.524
138,30.09 17:00,116.222
138,30.09 18:00,117.285
138,30.09 19:00,115.133
138,30.09 20:00,117.074
138,30.09 21:00,116.82
138,30.09 22:00,35.057
138,30.09 23:00,12.035
