139,01.03 00:00,29.001
139,01.03 01:00,29.082
139,01.03 02:00,28.9
139,01.03 03:00,29.806
139,01.03 04:00,28.237
139,01.03 05:00,37.04
139,01.03 06:00,46.668
139,01.03 07:00,47.67
139,01.03 08:00,49.501
139,01.03 09:00,50.944
139,01.03 10:00,51.484
139,01.03 11:00,50.933
139,01.03 12:00,50.226
139,01.03 13:00,50.703
139,01.03 14:00,49.04
139,01.03 15:00,48.513
139,01.03 16:00,47.22
139,01.03 17:00,41.886
139,01.03 18:00,29.18
139,01.03 19:00,28.439
139,01.03 20:00,29.283
139,01.03 21:00,28.613
139,01.03 22:00,27.884
139,01.03 23:00,28.282
139,02.03 00:00,28.021
139,02.03 01:00,27.662
139,02.03 02:00,27.83
139,02.03 03:00,28.283
139,02.03 04:00,27.971
139,02.03 05:00,38.012
139,02.03 06:00,47.126
139,02.03 07:00,44.773
139,02.03 08:00,47.882
139,02.03 09:00,48.676
139,02.03 10:00,50.369
139,02.03 11:00,52.244
139,02.03 12:00,50.875
139,02.03 13:00,50.638
139,02.03 14:00,49.598
139,02.03 15:00,50.153
139,02.03 16:00,49.393
139,02.03 17:00,43.255
139,02.03 18:00,31.551
139,02.03 19:00,29.026
139,02.03 20:00,28.258
139,02.03 21:00,29.403
139,02.03 22:00,28.506
139,02.03 23:00,29.213
139,03.03 00:00,28.899
139,03.03 01:00,29.097
139,03.03 02:00,28.821
139,03.03 03:00,30.021
139,03.03 04:00,29.105
139,03.03 05:00,37.883
139,03.03 06:00,47.213
139,03.03 07:00,43.769
139,03.03 08:00,49.447
139,03.03 09:00,50.081
139,03.03 10:00,50.839
139,03.03 11:00,50.697
139,03.03 12:00,50.552
139,03.03 13:00,50.945
139,03.03 14:00,50.385
139,03.03 15:00,50.392
139,03.03 16:00,48.324
139,03.03 17:00,40.037
139,03.03 18:00,30.352
139,03.03 19:00,33.284
139,03.03 20:00,32.994
139,03.03 21:00,28.668
139,03.03 22:00,28.296
139,03.03 23:00,29.238
139,04.03 00:00,28.565
139,04.03 01:00,29.536
139,04.03 02:00,27.913
139,04.03 03:00,28.202
139,04.03 04:00,28.608
139,04.03 05:00,36.325
139,04.03 06:00,43.214
139,04.03 07:00,43.574
139,04.03 08:00,47.362
139,04.03 09:00,49.663
139,04.03 10:00,49.721
139,04.03 11:00,50.603
139,04.03 12:00,50.212
139,04.03 13:00,50.43
139,04.03 14:00,49.485
139,04.03 15:00,50.333
139,04.03 16:00,49.427
139,04.03 17:00,40.443
139,04.03 18:00,27.428
139,04.03 19:00,27.443
139,04.03 20:00,27.625
139,04.03 21:00,26.939
139,04.03 22:00,28.197
139,04.03 23:00,28.777
139,05.03 00:00,27.986
139,05.03 01:00,27.645
139,05.03 02:00,27.751
139,05.03 03:00,27.186
139,05.03 04:00,28.581
139,05.03 05:00,28.605
139,05.03 06:00,29.099
139,05.03 07:00,27.023
139,05.03 08:00,26.58
139,05.03 09:00,26.101
139,05.03 10:00,27.512
139,05.03 11:00,28.448
139,05.03 12:00,26.775
139,05.03 13:00,27.812
139,05.03 14:00,25.953
139,05.03 15:00,26.112
139,05.03 16:00,25.65
139,05.03 17:00,25.382
139,05.03 18:00,26.491
139,05.03 19:00,27.686
139,05.03 20:00,27.936
139,05.03 21:00,28.064
139,05.03 22:00,27.605
139,05.03 23:00,28.092
139,06.03 00:00,27.745
139,06.03 01:00,28.006
139,06.03 02:00,27.53
139,06.03 03:00,28.82
139,06.03 04:00,27.998
139,06.03 05:00,28.281
139,06.03 06:00,27.409
139,06.03 07:00,26.882
139,06.03 08:00,25.794
139,06.03 09:00,25.402
139,06.03 10:00,26.527
139,06.03 11:00,26.945
139,06.03 12:00,25.67
139,06.03 13:00,25.538
139,06.03 14:00,25.796
139,06.03 15:00,25.571
139,06.03 16:00,25.328
139,06.03 17:00,25.679
139,06.03 18:00,28.626
139,06.03 19:00,27.546
139,06.03 20:00,27.781
139,06.03 21:00,27.963
139,06.03 22:00,28.518
139,06.03 23:00,28.628
139,07.03 00:00,29.601
139,07.03 01:00,28.565
139,07.03 02:00,28.486
139,07.03 03:00,28.647
139,07.03 04:00,29.82
139,07.03 05:00,46.323
139,07.03 06:00,45.929
139,07.03 07:00,45.692
139,07.03 08:00,47.165
139,07.03 09:00,51.148
139,07.03 10:00,51.147
139,07.03 11:00,51.378
139,07.03 12:00,50.166
139,07.03 13:00,51.882
139,07.03 14:00,49.672
139,07.03 15:00,49.709
139,07.03 16:00,48.988
139,07.03 17:00,40.601
139,07.03 18:00,28.64
139,07.03 19:00,27.367
139,07.03 20:00,27.768
139,07.03 21:00,28.056
139,07.03 22:00,28.825
139,07.03 23:00,27.638
139,08.03 00:00,28.78
139,08.03 01:00,28.072
139,08.03 02:00,28.407
139,08.03 03:00,28.024
139,08.03 04:00,26.523
139,08.03 05:00,37.535
139,08.03 06:00,47.834
139,08.03 07:00,43.957
139,08.03 08:00,47.508
139,08.03 09:00,51.355
139,08.03 10:00,52.259
139,08.03 11:00,54.951
139,08.03 12:00,53.088
139,08.03 13:00,55.502
139,08.03 14:00,52.199
139,08.03 15:00,50.378
139,08.03 16:00,47.993
139,08.03 17:00,43.611
139,08.03 18:00,28.631
139,08.03 19:00,28.442
139,08.03 20:00,27.709
139,08.03 21:00,28.385
139,08.03 22:00,30.088
139,08.03 23:00,28.666
139,09.03 00:00,28.814
139,09.03 01:00,29.29
139,09.03 02:00,28.892
139,09.03 03:00,28.774
139,09.03 04:00,30.095
139,09.03 05:00,36.835
139,09.03 06:00,45.834
139,09.03 07:00,44.623
139,09.03 08:00,48.585
139,09.03 09:00,51.324
139,09.03 10:00,50.12
139,09.03 11:00,49.72
139,09.03 12:00,49.278
139,09.03 13:00,50.662
139,09.03 14:00,51.449
139,09.03 15:00,49.523
139,09.03 16:00,47.954
139,09.03 17:00,41.353
139,09.03 18:00,28.296
139,09.03 19:00,28.271
139,09.03 20:00,27.756
139,09.03 21:00,27.345
139,09.03 22:00,28.053
139,09.03 23:00,27.829
139,10.03 00:00,28.353
139,10.03 01:00,27.578
139,10.03 02:00,28.115
139,10.03 03:00,27.876
139,10.03 04:00,27.216
139,10.03 05:00,36.615
139,10.03 06:00,45.025
139,10.03 07:00,43.842
139,10.03 08:00,48.631
139,10.03 09:00,50.76
139,10.03 10:00,53.176
139,10.03 11:00,52.815
139,10.03 12:00,50.473
139,10.03 13:00,49.39
139,10.03 14:00,50.035
139,10.03 15:00,51.96
139,10.03 16:00,48.766
139,10.03 17:00,40.123
139,10.03 18:00,27.841
139,10.03 19:00,28.889
139,10.03 20:00,28.31
139,10.03 21:00,28.403
139,10.03 22:00,28.049
139,10.03 23:00,28.097
139,11.03 00:00,28.048
139,11.03 01:00,27.921
139,11.03 02:00,29.278
139,11.03 03:00,28.398
139,11.03 04:00,28.459
139,11.03 05:00,37.318
139,11.03 06:00,43.333
139,11.03 07:00,43.64
139,11.03 08:00,49.023
139,11.03 09:00,50.424
139,11.03 10:00,52.075
139,11.03 11:00,50.777
139,11.03 12:00,51.58
139,11.03 13:00,51.345
139,11.03 14:00,51.056
139,11.03 15:00,49.571
139,11.03 16:00,46.187
139,11.03 17:00,39.49
139,11.03 18:00,30.171
139,11.03 19:00,29.878
139,11.03 20:00,28.869
139,11.03 21:00,27.639
139,11.03 22:00,27.88
139,11.03 23:00,28.238
139,12.03 00:00,28.109
139,12.03 01:00,29.141
139,12.03 02:00,27.965
139,12.03 03:00,28.265
139,12.03 04:00,27.616
139,12.03 05:00,28.02
139,12.03 06:00,28.18
139,12.03 07:00,26.185
139,12.03 08:00,26.301
139,12.03 09:00,26.887
139,12.03 10:00,26.462
139,12.03 11:00,26.552
139,12.03 12:00,26.293
139,12.03 13:00,25.301
139,12.03 14:00,25.853
139,12.03 15:00,26.605
139,12.03 16:00,25.274
139,12.03 17:00,26.398
139,12.03 18:00,25.87
139,12.03 19:00,27.847
139,12.03 20:00,27.673
139,12.03 21:00,27.799
139,12.03 22:00,27.786
139,12.03 23:00,29.099
139,13.03 00:00,28.58
139,13.03 01:00,27.885
139,13.03 03:00,28.371
139,13.03 04:00,28.178
139,13.03 05:00,28.378
139,13.03 06:00,29.445
139,13.03 07:00,28.988
139,13.03 08:00,26.397
139,13.03 09:00,25.864
139,13.03 10:00,26.237
139,13.03 11:00,27.442
139,13.03 12:00,27.194
139,13.03 13:00,26.461
139,13.03 14:00,27.197
139,13.03 15:00,25.767
139,13.03 16:00,26.335
139,13.03 17:00,25.731
139,13.03 18:00,25.63
139,13.03 19:00,26.592
139,13.03 20:00,28.691
139,13.03 21:00,29.259
139,13.03 22:00,28.337
139,13.03 23:00,28.888
139,14.03 00:00,28.46
139,14.03 01:00,28.376
139,14.03 02:00,28.644
139,14.03 03:00,28.222
139,14.03 04:00,29.567
139,14.03 05:00,42.447
139,14.03 06:00,41.935
139,14.03 07:00,46.769
139,14.03 08:00,51.393
139,14.03 09:00,51.832
139,14.03 10:00,53.373
139,14.03 11:00,53.458
139,14.03 12:00,54.484
139,14.03 13:00,53.251
139,14.03 14:00,38.558
139,14.03 15:00,65.528
139,14.03 16:00,49.729
139,14.03 17:00,41.196
139,14.03 18:00,27.693
139,14.03 19:00,27.506
139,14.03 20:00,28.535
139,14.03 21:00,29.553
139,14.03 22:00,27.813
139,14.03 23:00,27.887
139,15.03 00:00,27.744
139,15.03 01:00,29.406
139,15.03 02:00,28.63
139,15.03 03:00,29.602
139,15.03 04:00,27.321
139,15.03 05:00,35.622
139,15.03 06:00,45.349
139,15.03 07:00,47.095
139,15.03 08:00,53.299
139,15.03 09:00,54.321
139,15.03 10:00,52.993
139,15.03 11:00,54.711
139,15.03 12:00,55.462
139,15.03 13:00,54.459
139,15.03 14:00,53.748
139,15.03 15:00,53.601
139,15.03 16:00,53.345
139,15.03 17:00,43.033
139,15.03 18:00,29.299
139,15.03 19:00,27.204
139,15.03 20:00,29.821
139,15.03 21:00,28.343
139,15.03 22:00,28.202
139,15.03 23:00,27.912
139,16.03 00:00,27.506
139,16.03 01:00,27.995
139,16.03 02:00,27.638
139,16.03 03:00,28.891
139,16.03 04:00,28.402
139,16.03 05:00,36.101
139,16.03 06:00,46.631
139,16.03 07:00,48.487
139,16.03 08:00,49.596
139,16.03 09:00,50.51
139,16.03 10:00,53.351
139,16.03 11:00,54.979
139,16.03 12:00,53.069
139,16.03 13:00,51.497
139,16.03 14:00,51.72
139,16.03 15:00,49.745
139,16.03 16:00,49.401
139,16.03 17:00,41.45
139,16.03 18:00,29.683
139,16.03 19:00,31.77
139,16.03 20:00,32.018
139,16.03 21:00,30.615
139,16.03 22:00,28.532
139,16.03 23:00,28.094
139,17.03 00:00,28.981
139,17.03 01:00,29.092
139,17.03 02:00,28.551
139,17.03 03:00,29.067
139,17.03 04:00,29.1
139,17.03 05:00,36.394
139,17.03 06:00,46.056
139,17.03 07:00,46.453
139,17.03 08:00,47.396
139,17.03 09:00,51.17
139,17.03 10:00,52.687
139,17.03 11:00,52.96
139,17.03 12:00,53.716
139,17.03 13:00,55.349
139,17.03 14:00,53.354
139,17.03 15:00,52.858
139,17.03 16:00,49.089
139,17.03 17:00,41.053
139,17.03 18:00,27.909
139,17.03 19:00,27.169
139,17.03 20:00,29.651
139,17.03 21:00,27.694
139,17.03 22:00,27.565
139,17.03 23:00,28.229
139,18.03 00:00,27.823
139,18.03 01:00,28.355
139,18.03 02:00,28.39
139,18.03 03:00,29.73
139,18.03 04:00,28.358
139,18.03 05:00,37.156
139,18.03 06:00,47.054
139,18.03 07:00,45.219
139,18.03 08:00,49.677
139,18.03 09:00,50.667
139,18.03 10:00,50.03
139,18.03 11:00,51.227
139,18.03 12:00,51.867
139,18.03 13:00,50.053
139,18.03 14:00,49.09
139,18.03 15:00,49.287
139,18.03 16:00,47.924
139,18.03 17:00,39.555
139,18.03 18:00,27.763
139,18.03 19:00,25.911
139,18.03 20:00,28.013
139,18.03 21:00,27.996
139,18.03 22:00,29.111
139,18.03 23:00,27.899
139,19.03 00:00,28.247
139,19.03 01:00,28.515
139,19.03 02:00,28.659
139,19.03 03:00,28.895
139,19.03 04:00,29.073
139,19.03 05:00,29.803
139,19.03 06:00,28.449
139,19.03 07:00,27.938
139,19.03 08:00,27.077
139,19.03 09:00,28.09
139,19.03 10:00,28.637
139,19.03 11:00,29.088
139,19.03 12:00,28.382
139,19.03 13:00,26.872
139,19.03 14:00,27.371
139,19.03 15:00,28.76
139,19.03 16:00,29.668
139,19.03 17:00,29.525
139,19.03 18:00,28.109
139,19.03 19:00,27.205
139,19.03 20:00,29.449
139,19.03 21:00,29.39
139,19.03 22:00,29.219
139,19.03 23:00,30.348
139,20.03 00:00,29.134
139,20.03 01:00,29.39
139,20.03 02:00,29.569
139,20.03 03:00,29.837
139,20.03 04:00,28.855
139,20.03 05:00,31.028
139,20.03 06:00,29.55
139,20.03 07:00,28.738
139,20.03 08:00,27.013
139,20.03 09:00,25.957
139,20.03 10:00,26.653
139,20.03 11:00,26.727
139,20.03 12:00,27.815
139,20.03 13:00,26.511
139,20.03 14:00,26.82
139,20.03 15:00,27.125
139,20.03 16:00,26.801
139,20.03 17:00,27.075
139,20.03 18:00,26.771
139,20.03 19:00,26.899
139,20.03 20:00,28.675
139,20.03 21:00,28.932
139,20.03 22:00,30.118
139,20.03 23:00,29.381
139,21.03 00:00,29.465
139,21.03 01:00,30.758
139,21.03 02:00,29.556
139,21.03 03:00,29.111
139,21.03 04:00,30.686
139,21.03 05:00,44.619
139,21.03 06:00,45.522
139,21.03 07:00,46.177
139,21.03 08:00,49.432
139,21.03 09:00,50.569
139,21.03 10:00,52.507
139,21.03 11:00,54.633
139,21.03 12:00,53.298
139,21.03 13:00,53.782
139,21.03 14:00,51.407
139,21.03 15:00,52.068
139,21.03 16:00,48.856
139,21.03 17:00,40.711
139,21.03 18:00,29.033
139,21.03 19:00,30.422
139,21.03 20:00,30.38
139,21.03 21:00,28.452
139,21.03 22:00,28.629
139,21.03 23:00,29.317
139,22.03 00:00,27.989
139,22.03 01:00,28.598
139,22.03 02:00,27.622
139,22.03 03:00,28.44
139,22.03 04:00,27.684
139,22.03 05:00,36.16
139,22.03 06:00,47.318
139,22.03 07:00,47.161
139,22.03 08:00,48.36
139,22.03 09:00,50.743
139,22.03 10:00,54.333
139,22.03 11:00,54.658
139,22.03 12:00,56.975
139,22.03 13:00,56.133
139,22.03 14:00,55.032
139,22.03 15:00,56.319
139,22.03 16:00,52.704
139,22.03 17:00,45.04
139,22.03 18:00,33.676
139,22.03 19:00,31.873
139,22.03 20:00,34.087
139,22.03 21:00,30.719
139,22.03 22:00,31.046
139,22.03 23:00,27.883
139,23.03 00:00,28.523
139,23.03 01:00,28.87
139,23.03 02:00,28.726
139,23.03 03:00,29.701
139,23.03 04:00,28.865
139,23.03 05:00,37.075
139,23.03 06:00,47.764
139,23.03 07:00,47.403
139,23.03 08:00,49.696
139,23.03 09:00,53.573
139,23.03 10:00,56.453
139,23.03 11:00,55.582
139,23.03 12:00,56.566
139,23.03 13:00,56.561
139,23.03 14:00,54.967
139,23.03 15:00,55.036
139,23.03 16:00,49.896
139,23.03 17:00,43.824
139,23.03 18:00,29.625
139,23.03 19:00,28.498
139,23.03 20:00,29.256
139,23.03 21:00,28.875
139,23.03 22:00,28.197
139,23.03 23:00,28.31
139,24.03 00:00,28.49
139,24.03 01:00,28.15
139,24.03 02:00,29.519
139,24.03 03:00,28.218
139,24.03 04:00,28.562
139,24.03 05:00,37.433
139,24.03 06:00,48.45
139,24.03 07:00,48.325
139,24.03 08:00,49.753
139,24.03 09:00,52.172
139,24.03 10:00,51.381
139,24.03 11:00,51.697
139,24.03 12:00,51.516
139,24.03 13:00,50.328
139,24.03 14:00,51.907
139,24.03 15:00,50.158
139,24.03 16:00,50.053
139,24.03 17:00,41.242
139,24.03 18:00,28.631
139,24.03 19:00,29.447
139,24.03 20:00,29.2
139,24.03 21:00,30.808
139,24.03 22:00,29.736
139,24.03 23:00,29.367
139,25.03 00:00,29.906
139,25.03 01:00,29.564
139,25.03 02:00,30.001
139,25.03 03:00,30.401
139,25.03 04:00,30.986
139,25.03 05:00,37.77
139,25.03 06:00,48.999
139,25.03 07:00,50.352
139,25.03 08:00,49.714
139,25.03 09:00,51.296
139,25.03 10:00,51.188
139,25.03 11:00,52.337
139,25.03 12:00,52.902
139,25.03 13:00,50.48
139,25.03 14:00,49.488
139,25.03 15:00,48.719
139,25.03 16:00,48.282
139,25.03 17:00,41.489
139,25.03 18:00,32.614
139,25.03 19:00,30.547
139,25.03 20:00,29.167
139,25.03 21:00,28.203
139,25.03 22:00,28.793
139,25.03 23:00,29.007
139,26.03 00:00,29.168
139,26.03 01:00,29.982
139,26.03 02:00,28.955
139,26.03 03:00,29.362
139,26.03 04:00,29.608
139,26.03 05:00,29.358
139,26.03 06:00,29.612
139,26.03 07:00,28.622
139,26.03 08:00,28.183
139,26.03 09:00,27.773
139,26.03 10:00,27.355
139,26.03 11:00,27.733
139,26.03 12:00,27.625
139,26.03 13:00,27.104
139,26.03 14:00,28.114
139,26.03 15:00,28.488
139,26.03 16:00,28.308
139,26.03 17:00,28.012
139,26.03 18:00,27.397
139,26.03 19:00,27.067
139,26.03 20:00,28.937
139,26.03 21:00,30.851
139,26.03 22:00,29.572
139,26.03 23:00,30.101
139,27.03 00:00,29.963
139,27.03 01:00,29.823
139,27.03 02:00,29.687
139,27.03 03:00,30.134
139,27.03 04:00,31.01
139,27.03 05:00,29.341
139,27.03 06:00,29.668
139,27.03 07:00,28.426
139,27.03 08:00,27.042
139,27.03 09:00,26.762
139,27.03 10:00,27.867
139,27.03 11:00,27.067
139,27.03 12:00,27.466
139,27.03 13:00,27.265
139,27.03 14:00,27.464
139,27.03 15:00,27.475
139,27.03 16:00,27.115
139,27.03 17:00,27.567
139,27.03 18:00,28.422
139,27.03 19:00,27.665
139,27.03 20:00,29.169
139,27.03 21:00,29.63
139,27.03 22:00,28.431
139,27.03 23:00,28.942
139,28.03 00:00,28.7
139,28.03 01:00,30.486
139,28.03 02:00,29.002
139,28.03 03:00,29.839
139,28.03 04:00,31.57
139,28.03 05:00,45.693
139,28.03 06:00,45.646
139,28.03 07:00,48.52
139,28.03 08:00,50.904
139,28.03 09:00,52.051
139,28.03 10:00,51.582
139,28.03 11:00,55.441
139,28.03 12:00,53.801
139,28.03 13:00,52.754
139,28.03 14:00,52.408
139,28.03 15:00,52.249
139,28.03 16:00,50.142
139,28.03 17:00,42.071
139,28.03 18:00,30.084
139,28.03 19:00,28.736
139,28.03 20:00,31.899
139,28.03 21:00,29.742
139,28.03 22:00,29.156
139,28.03 23:00,29.895
139,29.03 00:00,29.333
139,29.03 01:00,29.26
139,29.03 02:00,29.812
139,29.03 03:00,29.118
139,29.03 04:00,30.365
139,29.03 05:00,36.885
139,29.03 06:00,47.639
139,29.03 07:00,46.075
139,29.03 08:00,51.775
139,29.03 09:00,54.77
139,29.03 10:00,53.897
139,29.03 11:00,51.515
139,29.03 12:00,54.413
139,29.03 13:00,54.727
139,29.03 14:00,51.75
139,29.03 15:00,51.049
139,29.03 16:00,52.31
139,29.03 17:00,43.155
139,29.03 18:00,33.073
139,29.03 19:00,31.716
139,29.03 20:00,32.903
139,29.03 21:00,32.134
139,29.03 22:00,32.275
139,29.03 23:00,31.753
139,30.03 00:00,31.482
139,30.03 01:00,32.21
139,30.03 02:00,31.716
139,30.03 03:00,31.983
139,30.03 04:00,32.28
139,30.03 05:00,38.175
139,30.03 06:00,47.06
139,30.03 07:00,46.3
139,30.03 08:00,51.645
139,30.03 09:00,52.303
139,30.03 10:00,53.304
139,30.03 11:00,52.593
139,30.03 12:00,54.554
139,30.03 13:00,52.659
139,30.03 14:00,51.821
139,30.03 15:00,51.105
139,30.03 16:00,50.419
139,30.03 17:00,43.333
139,30.03 18:00,29.926
139,30.03 19:00,27.512
139,30.03 20:00,28.359
139,30.03 21:00,27.979
139,30.03 22:00,27.959
139,30.03 23:00,28.734
139,31.03 00:00,29.46
139,31.03 01:00,29.013
139,31.03 02:00,29.352
139,31.03 03:00,28.997
139,31.03 04:00,28.714
139,31.03 05:00,36.351
139,31.03 06:00,49.159
139,31.03 07:00,45.588
139,31.03 08:00,50.071
139,31.03 09:00,52.667
139,31.03 10:00,53.467
139,31.03 11:00,53.008
139,31.03 12:00,52.363
139,31.03 13:00,55.388
139,31.03 14:00,52.302
139,31.03 15:00,51.928
139,31.03 16:00,50.298
139,31.03 17:00,40.846
139,31.03 18:00,28.97
139,31.03 19:00,27.666
139,31.03 20:00,29.582
139,31.03 21:00,29.41
139,31.03 22:00,29.358
139,31.03 23:00,29.038
139,01.04 00:00,28.872
139,01.04 01:00,30.473
139,01.04 02:00,29.189
139,01.04 03:00,29.089
139,01.04 04:00,29.418
139,01.04 05:00,37.612
139,01.04 06:00,49.401
139,01.04 07:00,46.209
139,01.04 08:00,51.207
139,01.04 09:00,54.753
139,01.04 10:00,52.73
139,01.04 11:00,54.995
139,01.04 12:00,53.747
139,01.04 13:00,53.333
139,01.04 14:00,51.713
139,01.04 15:00,49.047
139,01.04 16:00,46.632
139,01.04 17:00,40.445
139,01.04 18:00,30.348
139,01.04 19:00,27.306
139,01.04 20:00,29.132
139,01.04 21:00,28.735
139,01.04 22:00,28.113
139,01.04 23:00,28.389
139,02.04 00:00,28.017
139,02.04 01:00,28.809
139,02.04 02:00,27.936
139,02.04 03:00,29.76
139,02.04 04:00,28.461
139,02.04 05:00,28.904
139,02.04 06:00,28.893
139,02.04 07:00,27.789
139,02.04 08:00,27.347
139,02.04 09:00,28.737
139,02.04 10:00,27.384
139,02.04 11:00,27.463
139,02.04 12:00,28.043
139,02.04 13:00,28.624
139,02.04 14:00,28.508
139,02.04 15:00,28.153
139,02.04 16:00,27.411
139,02.04 17:00,26.554
139,02.04 18:00,26.897
139,02.04 19:00,26.698
139,02.04 20:00,28.72
139,02.04 21:00,29.373
139,02.04 22:00,29.067
139,02.04 23:00,29.105
139,03.04 00:00,28.91
139,03.04 01:00,28.698
139,03.04 02:00,28.389
139,03.04 03:00,29.27
139,03.04 04:00,29.274
139,03.04 05:00,28.709
139,03.04 06:00,29.039
139,03.04 07:00,27.365
139,03.04 08:00,26.733
139,03.04 09:00,26.693
139,03.04 10:00,28.176
139,03.04 11:00,27.26
139,03.04 12:00,26.619
139,03.04 13:00,28.133
139,03.04 14:00,27.828
139,03.04 15:00,26.769
139,03.04 16:00,26.706
139,03.04 17:00,27.037
139,03.04 18:00,26.516
139,03.04 19:00,26.13
139,03.04 20:00,27.026
139,03.04 21:00,28.077
139,03.04 22:00,28.199
139,03.04 23:00,28.859
139,04.04 00:00,29.035
139,04.04 01:00,29.033
139,04.04 02:00,28.405
139,04.04 03:00,27.926
139,04.04 04:00,30.551
139,04.04 05:00,44.365
139,04.04 06:00,46.878
139,04.04 07:00,46.362
139,04.04 08:00,48.962
139,04.04 09:00,53.259
139,04.04 10:00,54.572
139,04.04 11:00,56.051
139,04.04 12:00,53.405
139,04.04 13:00,52.587
139,04.04 14:00,50.806
139,04.04 15:00,52.667
139,04.04 16:00,51.501
139,04.04 17:00,42.162
139,04.04 18:00,28.874
139,04.04 19:00,26.997
139,04.04 20:00,31.504
139,04.04 21:00,28.744
139,04.04 22:00,27.737
139,04.04 23:00,27.535
139,05.04 00:00,28.084
139,05.04 01:00,27.925
139,05.04 02:00,28.135
139,05.04 03:00,28.587
139,05.04 04:00,29.007
139,05.04 05:00,36.972
139,05.04 06:00,47.114
139,05.04 07:00,46.294
139,05.04 08:00,50.058
139,05.04 09:00,52.223
139,05.04 10:00,52.691
139,05.04 11:00,51.464
139,05.04 12:00,54.191
139,05.04 13:00,50.824
139,05.04 14:00,50.283
139,05.04 15:00,49.36
139,05.04 16:00,47.652
139,05.04 17:00,43.639
139,05.04 18:00,29.461
139,05.04 19:00,26.625
139,05.04 20:00,27.96
139,05.04 21:00,28.723
139,05.04 22:00,28.57
139,05.04 23:00,29.612
139,06.04 00:00,27.993
139,06.04 01:00,28.388
139,06.04 02:00,28.607
139,06.04 03:00,29.385
139,06.04 04:00,28.735
139,06.04 05:00,37.398
139,06.04 06:00,47.32
139,06.04 07:00,44.092
139,06.04 08:00,48.771
139,06.04 09:00,50.036
139,06.04 10:00,51.991
139,06.04 11:00,52.021
139,06.04 12:00,51.871
139,06.04 13:00,51.106
139,06.04 14:00,49.916
139,06.04 15:00,49.194
139,06.04 16:00,49.578
139,06.04 17:00,43.185
139,06.04 18:00,31.496
139,06.04 19:00,28.859
139,06.04 20:00,28.03
139,06.04 21:00,28.65
139,06.04 22:00,28.54
139,06.04 23:00,28.373
139,07.04 00:00,28.162
139,07.04 01:00,28.611
139,07.04 02:00,28.775
139,07.04 03:00,28.573
139,07.04 04:00,28.279
139,07.04 05:00,37.686
139,07.04 06:00,48.017
139,07.04 07:00,45.049
139,07.04 08:00,49.728
139,07.04 09:00,50.09
139,07.04 10:00,50.576
139,07.04 11:00,51.892
139,07.04 12:00,49.893
139,07.04 13:00,53.13
139,07.04 14:00,52.107
139,07.04 15:00,53.413
139,07.04 16:00,52.63
139,07.04 17:00,44.586
139,07.04 18:00,31.126
139,07.04 19:00,29.637
139,07.04 20:00,28.297
139,07.04 21:00,28.159
139,07.04 22:00,29.123
139,07.04 23:00,29.302
139,08.04 00:00,28.781
139,08.04 01:00,28.548
139,08.04 02:00,29.606
139,08.04 03:00,29.343
139,08.04 04:00,28.522
139,08.04 05:00,37.9
139,08.04 06:00,44.831
139,08.04 07:00,42.496
139,08.04 08:00,48.477
139,08.04 09:00,48.975
139,08.04 10:00,49.494
139,08.04 11:00,51.954
139,08.04 12:00,54.676
139,08.04 13:00,59.186
139,08.04 14:00,61.538
139,08.04 15:00,64.855
139,08.04 16:00,64.804
139,08.04 17:00,51.275
139,08.04 18:00,28.16
139,08.04 19:00,27.936
139,08.04 20:00,28.836
139,08.04 21:00,28.297
139,08.04 22:00,28.794
139,08.04 23:00,29.568
139,09.04 00:00,28.734
139,09.04 01:00,28.348
139,09.04 02:00,28.286
139,09.04 03:00,28.407
139,09.04 04:00,29.344
139,09.04 05:00,28.259
139,09.04 06:00,28.368
139,09.04 07:00,28.128
139,09.04 08:00,26.039
139,09.04 09:00,26.669
139,09.04 10:00,27.546
139,09.04 11:00,27.443
139,09.04 12:00,26.863
139,09.04 13:00,26.997
139,09.04 14:00,28.37
139,09.04 15:00,27.438
139,09.04 16:00,27.264
139,09.04 17:00,27.144
139,09.04 18:00,28.209
139,09.04 19:00,27.099
139,09.04 20:00,28.445
139,09.04 21:00,28.124
139,09.04 22:00,28.118
139,09.04 23:00,28.395
139,10.04 00:00,28.488
139,10.04 01:00,28.559
139,10.04 02:00,28.725
139,10.04 03:00,28.892
139,10.04 04:00,28.936
139,10.04 05:00,28.182
139,10.04 06:00,28.851
139,10.04 07:00,26.566
139,10.04 08:00,25.938
139,10.04 09:00,27.055
139,10.04 10:00,25.877
139,10.04 11:00,26.948
139,10.04 12:00,26.121
139,10.04 13:00,26.378
139,10.04 14:00,26.569
139,10.04 15:00,26.447
139,10.04 16:00,26.376
139,10.04 17:00,25.63
139,10.04 18:00,26.122
139,10.04 19:00,27.584
139,10.04 20:00,27.216
139,10.04 21:00,28.198
139,10.04 22:00,27.92
139,10.04 23:00,28.052
139,11.04 00:00,28.172
139,11.04 01:00,28.131
139,11.04 02:00,29.349
139,11.04 03:00,28.149
139,11.04 04:00,29.931
139,11.04 05:00,43.857
139,11.04 06:00,44.414
139,11.04 07:00,44.627
139,11.04 08:00,48.332
139,11.04 09:00,51.972
139,11.04 10:00,52.807
139,11.04 11:00,56.02
139,11.04 12:00,53.945
139,11.04 13:00,52.913
139,11.04 14:00,52.907
139,11.04 15:00,55.835
139,11.04 16:00,56.14
139,11.04 17:00,50.881
139,11.04 18:00,37.394
139,11.04 19:00,34.156
139,11.04 20:00,35.127
139,11.04 21:00,32.365
139,11.04 22:00,32.91
139,11.04 23:00,33.307
139,12.04 00:00,32.911
139,12.04 01:00,32.604
139,12.04 02:00,32.755
139,12.04 03:00,31.855
139,12.04 04:00,31.99
139,12.04 05:00,39.659
139,12.04 06:00,37.239
139,12.04 07:00,62.577
139,12.04 08:00,30.386
139,12.04 09:00,55.027
139,12.04 10:00,58.245
139,12.04 11:00,43.611
139,12.04 12:00,55.535
139,12.04 13:00,97.103
139,12.04 14:00,84.706
139,12.04 15:00,77.137
139,12.04 16:00,68.708
139,12.04 17:00,28.458
139,12.04 18:00,72.439
139,12.04 19:00,10.523
139,12.04 20:00,19.752
139,12.04 21:00,47.845
139,12.04 22:00,22.665
139,12.04 23:00,35.332
139,13.04 00:00,26.941
139,13.04 01:00,28.324
139,13.04 02:00,26.821
139,13.04 03:00,27.843
139,13.04 04:00,26.867
139,13.04 05:00,36.178
139,13.04 06:00,43.943
139,13.04 07:00,43.326
139,13.04 08:00,50.621
139,13.04 09:00,52.92
139,13.04 10:00,55.739
139,13.04 11:00,54.844
139,13.04 12:00,54.888
139,13.04 13:00,54.276
139,13.04 14:00,54.16
139,13.04 15:00,53.117
139,13.04 16:00,52.941
139,13.04 17:00,45.458
139,13.04 18:00,32.281
139,13.04 19:00,30.767
139,13.04 20:00,32.047
139,13.04 21:00,30.584
139,13.04 22:00,30.826
139,13.04 23:00,30.859
139,14.04 00:00,30.532
139,14.04 01:00,31.283
139,14.04 02:00,31.261
139,14.04 03:00,31.72
139,14.04 04:00,30.448
139,14.04 05:00,37.874
139,14.04 06:00,47.053
139,14.04 07:00,44.402
139,14.04 08:00,52.455
139,14.04 09:00,56.057
139,14.04 10:00,13.934
139,16.04 10:00,22.201
139,16.04 11:00,28.57
139,16.04 12:00,28.475
139,16.04 13:00,29.16
139,16.04 14:00,28.868
139,16.04 15:00,28.43
139,16.04 16:00,29.859
139,16.04 17:00,29.359
139,16.04 18:00,28.098
139,16.04 19:00,28.986
139,16.04 20:00,29.788
139,16.04 21:00,31.132
139,16.04 22:00,31.498
139,16.04 23:00,30.589
139,17.04 00:00,30.608
139,17.04 01:00,30.537
139,17.04 02:00,30.69
139,17.04 03:00,30.374
139,17.04 04:00,31.311
139,17.04 05:00,30.379
139,17.04 06:00,31.541
139,17.04 07:00,28.037
139,17.04 08:00,28.041
139,17.04 09:00,28.871
139,17.04 10:00,6.983
139,18.04 10:00,39.661
139,18.04 11:00,54.153
139,18.04 12:00,54.417
139,18.04 13:00,53.445
139,18.04 14:00,52.064
139,18.04 15:00,50.823
139,18.04 16:00,50.425
139,18.04 17:00,43.908
139,18.04 18:00,34.286
139,18.04 19:00,34.622
139,18.04 20:00,34.143
139,18.04 21:00,30.855
139,18.04 22:00,31.372
139,18.04 23:00,30.9
139,19.04 00:00,30.379
139,19.04 01:00,30.687
139,19.04 02:00,31.136
139,19.04 03:00,31.735
139,19.04 04:00,30.941
139,19.04 05:00,38.388
139,19.04 06:00,45.819
139,19.04 07:00,45.678
139,19.04 08:00,52.694
139,19.04 09:00,52.633
139,19.04 10:00,52.964
139,19.04 11:00,53.359
139,19.04 12:00,52.726
139,19.04 13:00,52.217
139,19.04 14:00,54.2
139,19.04 15:00,78.62
139,19.04 16:00,69.329
139,19.04 17:00,57.007
139,19.04 18:00,32.095
139,19.04 19:00,30.672
139,19.04 20:00,30.519
139,19.04 21:00,30.431
139,19.04 22:00,33.155
139,19.04 23:00,31.47
139,20.04 00:00,30.637
139,20.04 01:00,30.665
139,20.04 02:00,31.235
139,20.04 03:00,29.92
139,20.04 04:00,29.22
139,20.04 05:00,38.431
139,20.04 06:00,49.574
139,20.04 07:00,44.718
139,20.04 08:00,60.578
139,20.04 09:00,72.046
139,20.04 10:00,70.345
139,20.04 11:00,69.991
139,20.04 12:00,73.415
139,20.04 13:00,77.219
139,20.04 14:00,78.654
139,20.04 15:00,83.948
139,20.04 16:00,86.132
139,20.04 17:00,65.513
139,20.04 18:00,37.644
139,20.04 19:00,32.86
139,20.04 20:00,33.407
139,20.04 21:00,34.169
139,20.04 22:00,33.881
139,20.04 23:00,31.067
139,21.04 00:00,31.636
139,21.04 01:00,31.376
139,21.04 02:00,31.112
139,21.04 03:00,30.767
139,21.04 04:00,30.855
139,21.04 05:00,39.612
139,21.04 06:00,48.362
139,21.04 07:00,44.423
139,21.04 08:00,61.177
139,21.04 09:00,63.539
139,21.04 10:00,60.901
139,21.04 11:00,72.063
139,21.04 12:00,74.873
139,21.04 13:00,80.259
139,21.04 14:00,84.502
139,21.04 15:00,84.945
139,21.04 16:00,82.122
139,21.04 17:00,64.358
139,21.04 18:00,36.156
139,21.04 19:00,50.003
139,21.04 20:00,59.497
139,21.04 21:00,32.309
139,21.04 22:00,32.9
139,21.04 23:00,32.692
139,22.04 00:00,30.92
139,22.04 01:00,31.323
139,22.04 02:00,30.132
139,22.04 03:00,32.227
139,22.04 04:00,31.018
139,22.04 05:00,33.863
139,22.04 06:00,37.617
139,22.04 07:00,36.154
139,22.04 08:00,42.535
139,22.04 09:00,42.775
139,22.04 10:00,72.646
139,22.04 11:00,91.137
139,22.04 12:00,86.469
139,22.04 13:00,89.185
139,22.04 14:00,89.393
139,22.04 15:00,88.093
139,22.04 16:00,82.467
139,22.04 17:00,74.721
139,22.04 18:00,72.254
139,22.04 19:00,69.824
139,22.04 20:00,57.666
139,22.04 21:00,55.988
139,22.04 22:00,54.952
139,22.04 23:00,48.329
139,23.04 00:00,30.624
139,23.04 01:00,29.903
139,23.04 02:00,30.107
139,23.04 03:00,30.896
139,23.04 04:00,30.054
139,23.04 05:00,30.126
139,23.04 06:00,31.483
139,23.04 07:00,30.789
139,23.04 08:00,30.587
139,23.04 09:00,33.473
139,23.04 10:00,35.467
139,23.04 11:00,35.466
139,23.04 12:00,35.472
139,23.04 13:00,35.087
139,23.04 14:00,34.381
139,23.04 15:00,31.668
139,23.04 16:00,31.204
139,23.04 17:00,31.13
139,23.04 18:00,31.607
139,23.04 19:00,30.68
139,23.04 20:00,32.069
139,23.04 21:00,30.226
139,23.04 22:00,30.633
139,23.04 23:00,31.036
139,24.04 00:00,29.859
139,24.04 01:00,30.47
139,24.04 02:00,31.631
139,24.04 03:00,30.473
139,24.04 04:00,30.647
139,24.04 05:00,31.128
139,24.04 06:00,30.776
139,24.04 07:00,29.919
139,24.04 08:00,30.358
139,24.04 09:00,30.257
139,24.04 10:00,8.764
139,25.04 10:00,40.403
139,25.04 11:00,57.253
139,25.04 12:00,55.24
139,25.04 13:00,54.003
139,25.04 14:00,53.092
139,25.04 15:00,52.297
139,25.04 16:00,52.473
139,25.04 17:00,45.437
139,25.04 18:00,33.867
139,25.04 19:00,30.779
139,25.04 20:00,31.85
139,25.04 21:00,30.238
139,25.04 22:00,30.108
139,25.04 23:00,30.811
139,26.04 00:00,30.367
139,26.04 01:00,30.644
139,26.04 02:00,31.708
139,26.04 03:00,30.184
139,26.04 04:00,30.694
139,26.04 05:00,39.024
139,26.04 06:00,48.758
139,26.04 07:00,48.975
139,26.04 08:00,50.303
139,26.04 09:00,50.946
139,26.04 10:00,13.283
139,27.04 10:00,40.922
139,27.04 11:00,53.91
139,27.04 12:00,47.602
139,27.04 13:00,47.286
139,27.04 14:00,52.363
139,27.04 15:00,51.099
139,27.04 16:00,54.074
139,27.04 17:00,46.545
139,27.04 18:00,35.673
139,27.04 19:00,34.596
139,27.04 20:00,33.117
139,27.04 21:00,30.108
139,27.04 22:00,32.209
139,27.04 23:00,29.799
139,28.04 00:00,29.399
139,28.04 01:00,30.502
139,28.04 02:00,29.947
139,28.04 03:00,29.608
139,28.04 04:00,30.369
139,28.04 05:00,38.427
139,28.04 06:00,46.647
139,28.04 07:00,46.461
139,28.04 08:00,50.244
139,28.04 09:00,53.639
139,28.04 10:00,54.208
139,28.04 11:00,52.504
139,28.04 12:00,53.078
139,28.04 13:00,52.73
139,28.04 14:00,55.149
139,28.04 15:00,52.837
139,28.04 16:00,50.547
139,28.04 17:00,45.592
139,28.04 18:00,37.268
139,28.04 19:00,35.912
139,28.04 20:00,31.54
139,28.04 21:00,30.907
139,28.04 22:00,30.157
139,28.04 23:00,30.168
139,29.04 00:00,30.191
139,29.04 01:00,30.831
139,29.04 02:00,31.691
139,29.04 03:00,30.612
139,29.04 04:00,30.606
139,29.04 05:00,38.465
139,29.04 06:00,49.092
139,29.04 07:00,46.677
139,29.04 08:00,51.499
139,29.04 09:00,50.252
139,29.04 10:00,52.641
139,29.04 11:00,53.945
139,29.04 12:00,52.47
139,29.04 13:00,50.986
139,29.04 14:00,50.974
139,29.04 15:00,50.008
139,29.04 16:00,50.129
139,29.04 17:00,42.141
139,29.04 18:00,32.131
139,29.04 19:00,28.772
139,29.04 20:00,30.645
139,29.04 21:00,30.088
139,29.04 22:00,30.556
139,29.04 23:00,30.794
139,30.04 00:00,30.129
139,30.04 01:00,30.381
139,30.04 02:00,30.542
139,30.04 03:00,30.328
139,30.04 04:00,31.316
139,30.04 05:00,30.099
139,30.04 06:00,30.117
139,30.04 07:00,29.038
139,30.04 08:00,29.358
139,30.04 09:00,29.357
139,30.04 10:00,28.44
139,30.04 11:00,33.368
139,30.04 12:00,31.445
139,30.04 13:00,31.135
139,30.04 14:00,31.018
139,30.04 15:00,32.029
139,30.04 16:00,31.368
139,30.04 17:00,33.388
139,30.04 18:00,31.75
139,30.04 19:00,31.493
139,30.04 20:00,32.708
139,30.04 21:00,33.847
139,30.04 22:00,33.703
139,30.04 23:00,34.334
139,01.05 00:00,34.415
139,01.05 01:00,36.243
139,01.05 02:00,34.923
139,01.05 03:00,35.357
139,01.05 04:00,35.654
139,01.05 05:00,35.641
139,01.05 06:00,35.254
139,01.05 07:00,32.73
139,01.05 08:00,33.463
139,01.05 09:00,32.94
139,01.05 10:00,34.404
139,01.05 11:00,33.365
139,01.05 12:00,32.082
139,01.05 13:00,32.371
139,01.05 14:00,32.04
139,01.05 15:00,32.593
139,01.05 16:00,29.527
139,01.05 17:00,30.138
139,01.05 18:00,29.479
139,01.05 19:00,28.996
139,01.05 20:00,28.629
139,01.05 21:00,30.362
139,01.05 22:00,29.895
139,01.05 23:00,30.596
139,02.05 00:00,31.276
139,02.05 01:00,29.979
139,02.05 02:00,30.393
139,02.05 03:00,29.889
139,02.05 04:00,31.867
139,02.05 05:00,46.996
139,02.05 06:00,48.122
139,02.05 07:00,46.472
139,02.05 08:00,43.881
139,02.05 09:00,76.895
139,02.05 10:00,53.111
139,02.05 11:00,54.336
139,02.05 12:00,50.558
139,02.05 13:00,75.359
139,02.05 14:00,62.749
139,02.05 15:00,65.988
139,02.05 16:00,66.142
139,02.05 17:00,52.358
139,02.05 18:00,32.85
139,02.05 19:00,30.745
139,02.05 20:00,29.141
139,02.05 21:00,30.671
139,02.05 22:00,31.711
139,02.05 23:00,30.424
139,03.05 00:00,30.372
139,03.05 01:00,30.397
139,03.05 02:00,31.113
139,03.05 03:00,30.904
139,03.05 04:00,31.359
139,03.05 05:00,38.541
139,03.05 06:00,49.252
139,03.05 07:00,46.709
139,03.05 08:00,69.272
139,03.05 09:00,69.14
139,03.05 10:00,67.886
139,03.05 11:00,67.038
139,03.05 12:00,68.03
139,03.05 13:00,69.196
139,03.05 14:00,68.957
139,03.05 15:00,65.903
139,03.05 16:00,72.52
139,03.05 17:00,57.684
139,03.05 18:00,31.988
139,03.05 19:00,32.34
139,03.05 20:00,29.49
139,03.05 21:00,30.791
139,03.05 22:00,30.878
139,03.05 23:00,30.646
139,04.05 00:00,30.35
139,04.05 01:00,30.745
139,04.05 02:00,31.847
139,04.05 03:00,30.625
139,04.05 04:00,30.474
139,04.05 05:00,38.654
139,04.05 06:00,45.88
139,04.05 07:00,45.623
139,04.05 08:00,62.044
139,04.05 09:00,61.507
139,04.05 10:00,67.274
139,04.05 11:00,70.715
139,04.05 12:00,77.109
139,04.05 13:00,78.425
139,04.05 14:00,78.635
139,04.05 15:00,77.523
139,04.05 16:00,78.626
139,04.05 17:00,61.015
139,04.05 18:00,33.887
139,04.05 19:00,30.835
139,04.05 20:00,29.856
139,04.05 21:00,29.724
139,04.05 22:00,29.871
139,04.05 23:00,30.915
139,05.05 00:00,29.861
139,05.05 01:00,29.425
139,05.05 02:00,30.115
139,05.05 03:00,30.204
139,05.05 04:00,29.621
139,05.05 05:00,44.527
139,05.05 06:00,70.727
139,05.05 07:00,42.72
139,05.05 08:00,49.046
139,05.05 09:00,52.387
139,05.05 10:00,52.066
139,05.05 11:00,54.988
139,05.05 12:00,103.511
139,05.05 13:00,87.595
139,05.05 14:00,84.294
139,05.05 15:00,83.304
139,05.05 16:00,82.059
139,05.05 17:00,65.464
139,05.05 18:00,32.35
139,05.05 19:00,29.407
139,05.05 20:00,30.83
139,05.05 21:00,30.266
139,05.05 22:00,30.719
139,05.05 23:00,30.716
139,06.05 00:00,30.71
139,06.05 01:00,31.901
139,06.05 02:00,30.219
139,06.05 03:00,30.928
139,06.05 04:00,30.412
139,06.05 05:00,28.848
139,06.05 06:00,92.205
139,06.05 07:00,56.532
139,06.05 08:00,60.374
139,06.05 09:00,62.683
139,06.05 10:00,70.065
139,06.05 11:00,72.598
139,06.05 12:00,71.557
139,06.05 13:00,70.782
139,06.05 14:00,67.929
139,06.05 15:00,71.088
139,06.05 16:00,54.46
139,06.05 17:00,51.316
139,06.05 18:00,36.199
139,06.05 19:00,30.708
139,06.05 20:00,30.045
139,06.05 21:00,35.631
139,06.05 22:00,35.339
139,06.05 23:00,36.662
139,07.05 00:00,34.62
139,07.05 01:00,34.102
139,07.05 02:00,35.557
139,07.05 03:00,35.248
139,07.05 04:00,31.143
139,07.05 05:00,30.74
139,07.05 06:00,30.611
139,07.05 07:00,29.402
139,07.05 08:00,30.872
139,07.05 09:00,41.563
139,07.05 10:00,37.045
139,07.05 11:00,37.145
139,07.05 12:00,36.785
139,07.05 13:00,36.906
139,07.05 14:00,37.291
139,07.05 15:00,34.662
139,07.05 16:00,36.214
139,07.05 17:00,33.792
139,07.05 18:00,32.127
139,07.05 19:00,29.371
139,07.05 20:00,31.108
139,07.05 21:00,31.655
139,07.05 22:00,32.109
139,07.05 23:00,30.613
139,08.05 00:00,31.844
139,08.05 01:00,31.417
139,08.05 02:00,31.104
139,08.05 03:00,31.176
139,08.05 04:00,31.399
139,08.05 05:00,30.72
139,08.05 06:00,32.357
139,08.05 07:00,29.564
139,08.05 08:00,30.098
139,08.05 09:00,29.474
139,08.05 10:00,29.378
139,08.05 11:00,29.248
139,08.05 12:00,29.751
139,08.05 13:00,30.147
139,08.05 14:00,30.893
139,08.05 15:00,29.854
139,08.05 16:00,29.928
139,08.05 17:00,29.75
139,08.05 18:00,29.792
139,08.05 19:00,29.8
139,08.05 20:00,30.12
139,08.05 21:00,30.616
139,08.05 22:00,31.848
139,08.05 23:00,31.503
139,09.05 00:00,31.634
139,09.05 01:00,31.353
139,09.05 02:00,31.386
139,09.05 03:00,31.293
139,09.05 04:00,32.628
139,09.05 05:00,47.857
139,09.05 06:00,48.018
139,09.05 07:00,47.33
139,09.05 08:00,67.976
139,09.05 09:00,69.806
139,09.05 10:00,70.594
139,09.05 11:00,67.598
139,09.05 12:00,69.26
139,09.05 13:00,74.761
139,09.05 14:00,75.146
139,09.05 15:00,63.931
139,09.05 16:00,64.494
139,09.05 17:00,56.008
139,09.05 18:00,33.086
139,09.05 19:00,31.681
139,09.05 20:00,29.861
139,09.05 21:00,31.63
139,09.05 22:00,31.701
139,09.05 23:00,32.357
139,10.05 00:00,32.189
139,10.05 01:00,32.277
139,10.05 02:00,31.99
139,10.05 03:00,33.389
139,10.05 04:00,32.843
139,10.05 05:00,41.719
139,10.05 06:00,49.554
139,10.05 07:00,48.157
139,10.05 08:00,52.155
139,10.05 09:00,55.015
139,10.05 10:00,57.29
139,10.05 11:00,58.136
139,10.05 12:00,57.199
139,10.05 13:00,56.237
139,10.05 14:00,55.017
139,10.05 15:00,52.437
139,10.05 16:00,49.875
139,10.05 17:00,43.095
139,10.05 18:00,32.87
139,10.05 19:00,31.173
139,10.05 20:00,30.124
139,10.05 21:00,31.375
139,10.05 22:00,30.884
139,10.05 23:00,31.141
139,11.05 00:00,32.589
139,11.05 01:00,30.493
139,11.05 02:00,31.847
139,11.05 03:00,31.698
139,11.05 04:00,31.348
139,11.05 05:00,40.595
139,11.05 06:00,50.355
139,11.05 07:00,46.372
139,11.05 08:00,55.48
139,11.05 09:00,65.27
139,11.05 10:00,54.378
139,11.05 11:00,56.059
139,11.05 12:00,52.388
139,11.05 13:00,51.527
139,11.05 14:00,51.255
139,11.05 15:00,51.567
139,11.05 16:00,49.611
139,11.05 17:00,43.136
139,11.05 18:00,31.704
139,11.05 19:00,29.099
139,11.05 20:00,29.996
139,11.05 21:00,32.0
139,11.05 22:00,31.899
139,11.05 23:00,30.614
139,12.05 00:00,31.548
139,12.05 01:00,31.147
139,12.05 02:00,32.48
139,12.05 03:00,31.394
139,12.05 04:00,31.35
139,12.05 05:00,39.675
139,12.05 06:00,47.95
139,12.05 07:00,45.141
139,12.05 08:00,49.378
139,12.05 09:00,73.525
139,12.05 10:00,60.505
139,12.05 11:00,62.301
139,12.05 12:00,66.217
139,12.05 13:00,67.447
139,12.05 14:00,68.021
139,12.05 15:00,67.441
139,12.05 16:00,62.998
139,12.05 17:00,69.245
139,12.05 18:00,33.582
139,12.05 19:00,30.38
139,12.05 20:00,30.01
139,12.05 21:00,31.584
139,12.05 22:00,32.875
139,12.05 23:00,31.86
139,13.05 00:00,32.344
139,13.05 01:00,30.861
139,13.05 02:00,31.296
139,13.05 03:00,31.115
139,13.05 04:00,31.64
139,13.05 05:00,25.899
139,13.05 06:00,83.935
139,13.05 07:00,44.073
139,13.05 08:00,64.849
139,13.05 09:00,77.063
139,13.05 10:00,75.233
139,13.05 11:00,76.218
139,13.05 12:00,76.969
139,13.05 13:00,79.292
139,13.05 14:00,81.854
139,13.05 15:00,87.073
139,13.05 16:00,84.48
139,13.05 17:00,65.509
139,13.05 18:00,30.032
139,13.05 19:00,31.419
139,13.05 20:00,29.755
139,13.05 21:00,30.744
139,13.05 22:00,31.063
139,13.05 23:00,31.034
139,14.05 00:00,31.312
139,14.05 01:00,30.921
139,14.05 02:00,30.945
139,14.05 03:00,32.38
139,14.05 04:00,31.422
139,14.05 05:00,31.174
139,14.05 06:00,30.133
139,14.05 07:00,30.149
139,14.05 08:00,29.783
139,14.05 09:00,28.874
139,14.05 10:00,30.815
139,14.05 11:00,29.467
139,14.05 12:00,29.298
139,14.05 13:00,30.085
139,14.05 14:00,29.884
139,14.05 15:00,29.896
139,14.05 16:00,30.149
139,14.05 17:00,30.081
139,14.05 18:00,29.897
139,14.05 19:00,30.506
139,14.05 20:00,31.35
139,14.05 21:00,31.699
139,14.05 22:00,31.908
139,14.05 23:00,31.161
139,15.05 00:00,31.531
139,15.05 01:00,32.049
139,15.05 02:00,31.375
139,15.05 03:00,31.979
139,15.05 04:00,32.632
139,15.05 05:00,30.923
139,15.05 06:00,30.669
139,15.05 07:00,28.865
139,15.05 08:00,28.607
139,15.05 09:00,28.67
139,15.05 10:00,29.114
139,15.05 11:00,29.127
139,15.05 12:00,29.232
139,15.05 13:00,29.235
139,15.05 14:00,30.614
139,15.05 15:00,29.223
139,15.05 16:00,29.657
139,15.05 17:00,29.806
139,15.05 18:00,28.941
139,15.05 19:00,28.893
139,15.05 20:00,29.53
139,15.05 21:00,30.623
139,15.05 22:00,32.372
139,15.05 23:00,30.927
139,16.05 00:00,30.881
139,16.05 01:00,31.655
139,16.05 02:00,31.128
139,16.05 03:00,31.533
139,16.05 04:00,32.557
139,16.05 05:00,47.676
139,16.05 06:00,47.014
139,16.05 07:00,44.038
139,16.05 08:00,51.463
139,16.05 09:00,63.069
139,16.05 10:00,72.558
139,16.05 11:00,61.749
139,16.05 12:00,63.213
139,16.05 13:00,55.941
139,16.05 14:00,74.229
139,16.05 15:00,69.859
139,16.05 16:00,69.268
139,16.05 17:00,56.732
139,16.05 18:00,31.868
139,16.05 19:00,30.342
139,16.05 20:00,29.47
139,16.05 21:00,30.73
139,16.05 22:00,30.91
139,16.05 23:00,31.489
139,17.05 00:00,32.133
139,17.05 01:00,31.584
139,17.05 02:00,31.125
139,17.05 03:00,31.612
139,17.05 04:00,31.873
139,17.05 05:00,38.455
139,17.05 06:00,44.747
139,17.05 07:00,47.016
139,17.05 08:00,52.241
139,17.05 09:00,56.17
139,17.05 10:00,79.59
139,17.05 11:00,71.37
139,17.05 12:00,71.84
139,17.05 13:00,75.322
139,17.05 14:00,73.276
139,17.05 15:00,74.125
139,17.05 16:00,73.581
139,17.05 17:00,59.552
139,17.05 18:00,32.612
139,17.05 19:00,30.026
139,17.05 20:00,29.84
139,17.05 21:00,30.183
139,17.05 22:00,30.0
139,17.05 23:00,30.622
139,18.05 00:00,30.524
139,18.05 01:00,29.211
139,18.05 02:00,29.179
139,18.05 03:00,29.002
139,18.05 04:00,29.621
139,18.05 05:00,36.815
139,18.05 06:00,44.743
139,18.05 07:00,48.137
139,18.05 08:00,61.116
139,18.05 09:00,80.015
139,18.05 10:00,69.835
139,18.05 11:00,71.759
139,18.05 12:00,73.575
139,18.05 13:00,75.026
139,18.05 14:00,73.603
139,18.05 15:00,66.638
139,18.05 16:00,85.588
139,18.05 17:00,81.282
139,18.05 18:00,35.345
139,18.05 19:00,29.871
139,18.05 20:00,29.045
139,18.05 21:00,32.508
139,18.05 22:00,30.61
139,18.05 23:00,30.334
139,19.05 00:00,29.978
139,19.05 01:00,30.142
139,19.05 02:00,30.138
139,19.05 03:00,29.487
139,19.05 04:00,30.424
139,19.05 05:00,30.848
139,19.05 06:00,69.542
139,19.05 07:00,93.601
139,19.05 08:00,76.662
139,19.05 09:00,74.887
139,19.05 10:00,76.516
139,19.05 11:00,81.111
139,19.05 12:00,92.976
139,19.05 13:00,71.011
139,19.05 14:00,101.257
139,19.05 15:00,86.071
139,19.05 16:00,78.771
139,19.05 17:00,69.522
139,19.05 18:00,30.853
139,19.05 19:00,29.114
139,19.05 20:00,30.03
139,19.05 21:00,30.128
139,19.05 22:00,30.319
139,19.05 23:00,29.992
139,20.05 00:00,30.569
139,20.05 01:00,31.359
139,20.05 02:00,29.381
139,20.05 03:00,29.596
139,20.05 04:00,29.876
139,20.05 05:00,37.315
139,20.05 06:00,45.4
139,20.05 07:00,46.358
139,20.05 08:00,49.479
139,20.05 09:00,50.123
139,20.05 10:00,71.905
139,20.05 11:00,64.942
139,20.05 12:00,69.361
139,20.05 13:00,69.939
139,20.05 14:00,66.751
139,20.05 15:00,67.504
139,20.05 16:00,68.812
139,20.05 17:00,50.844
139,20.05 18:00,30.959
139,20.05 19:00,29.721
139,20.05 20:00,29.84
139,20.05 21:00,29.656
139,20.05 22:00,29.691
139,20.05 23:00,29.855
139,21.05 00:00,29.348
139,21.05 01:00,29.373
139,21.05 02:00,29.123
139,21.05 03:00,29.482
139,21.05 04:00,29.829
139,21.05 05:00,28.623
139,21.05 06:00,29.12
139,21.05 07:00,28.951
139,21.05 08:00,29.497
139,21.05 09:00,29.724
139,21.05 10:00,30.503
139,21.05 11:00,29.256
139,21.05 12:00,29.798
139,21.05 13:00,29.144
139,21.05 14:00,28.721
139,21.05 15:00,29.126
139,21.05 16:00,29.19
139,21.05 17:00,29.347
139,21.05 18:00,28.367
139,21.05 19:00,30.081
139,21.05 20:00,29.152
139,21.05 21:00,29.459
139,21.05 22:00,29.573
139,21.05 23:00,29.022
139,22.05 00:00,29.63
139,22.05 01:00,29.45
139,22.05 02:00,29.344
139,22.05 03:00,29.492
139,22.05 04:00,29.887
139,22.05 05:00,29.406
139,22.05 06:00,29.889
139,22.05 07:00,28.664
139,22.05 08:00,29.632
139,22.05 09:00,29.817
139,22.05 10:00,29.27
139,22.05 11:00,29.125
139,22.05 12:00,29.134
139,22.05 13:00,30.558
139,22.05 14:00,28.931
139,22.05 15:00,29.365
139,22.05 16:00,29.309
139,22.05 17:00,29.61
139,22.05 18:00,29.803
139,22.05 19:00,29.996
139,22.05 20:00,28.769
139,22.05 21:00,29.014
139,22.05 22:00,29.003
139,22.05 23:00,29.512
139,23.05 00:00,29.624
139,23.05 01:00,29.25
139,23.05 02:00,29.799
139,23.05 03:00,29.114
139,23.05 04:00,30.669
139,23.05 05:00,44.204
139,23.05 06:00,45.975
139,23.05 07:00,45.752
139,23.05 08:00,57.94
139,23.05 09:00,70.803
139,23.05 10:00,67.274
139,23.05 11:00,62.017
139,23.05 12:00,61.229
139,23.05 13:00,64.608
139,23.05 14:00,69.659
139,23.05 15:00,65.857
139,23.05 16:00,62.213
139,23.05 17:00,58.009
139,23.05 18:00,33.784
139,23.05 19:00,33.011
139,23.05 20:00,30.911
139,23.05 21:00,30.617
139,23.05 22:00,30.45
139,23.05 23:00,30.661
139,24.05 00:00,30.448
139,24.05 01:00,31.609
139,24.05 02:00,31.112
139,24.05 03:00,30.603
139,24.05 04:00,30.327
139,24.05 05:00,38.187
139,24.05 06:00,46.678
139,24.05 07:00,45.048
139,24.05 08:00,49.886
139,24.05 09:00,69.761
139,24.05 10:00,68.811
139,24.05 11:00,71.265
139,24.05 12:00,70.64
139,24.05 13:00,74.01
139,24.05 14:00,58.436
139,24.05 15:00,51.678
139,24.05 16:00,50.64
139,24.05 17:00,55.482
139,24.05 18:00,31.901
139,24.05 19:00,30.676
139,24.05 20:00,31.184
139,24.05 21:00,30.294
139,24.05 22:00,30.138
139,24.05 23:00,30.997
139,25.05 00:00,29.967
139,25.05 01:00,30.397
139,25.05 02:00,30.385
139,25.05 03:00,31.598
139,25.05 04:00,30.275
139,25.05 05:00,38.007
139,25.05 06:00,46.576
139,25.05 07:00,46.846
139,25.05 08:00,49.377
139,25.05 09:00,52.498
139,25.05 10:00,54.047
139,25.05 11:00,65.637
139,25.05 12:00,65.024
139,25.05 13:00,64.906
139,25.05 14:00,69.214
139,25.05 15:00,67.428
139,25.05 16:00,66.077
139,25.05 17:00,55.278
139,25.05 18:00,31.081
139,25.05 19:00,31.246
139,25.05 20:00,33.981
139,25.05 21:00,30.348
139,25.05 22:00,29.829
139,25.05 23:00,29.895
139,26.05 00:00,30.157
139,26.05 01:00,30.388
139,26.05 02:00,30.893
139,26.05 03:00,29.996
139,26.05 04:00,29.358
139,26.05 05:00,37.868
139,26.05 06:00,47.53
139,26.05 07:00,44.459
139,26.05 08:00,43.809
139,26.05 09:00,82.267
139,26.05 10:00,62.906
139,26.05 11:00,80.701
139,26.05 12:00,73.803
139,26.05 13:00,90.397
139,26.05 14:00,73.544
139,26.05 15:00,75.263
139,26.05 16:00,77.794
139,26.05 17:00,62.231
139,26.05 18:00,37.058
139,26.05 19:00,67.159
139,26.05 20:00,46.413
139,26.05 21:00,31.43
139,26.05 22:00,30.978
139,26.05 23:00,30.496
139,27.05 00:00,28.862
139,27.05 01:00,29.118
139,27.05 02:00,29.236
139,27.05 03:00,29.438
139,27.05 04:00,29.361
139,27.05 05:00,36.348
139,27.05 06:00,48.285
139,27.05 07:00,48.083
139,27.05 08:00,62.072
139,27.05 09:00,77.058
139,27.05 10:00,65.728
139,27.05 11:00,66.776
139,27.05 12:00,66.245
139,27.05 13:00,70.193
139,27.05 14:00,69.227
139,27.05 15:00,69.116
139,27.05 16:00,60.63
139,27.05 17:00,48.902
139,27.05 18:00,30.842
139,27.05 19:00,28.665
139,27.05 20:00,28.388
139,27.05 21:00,29.707
139,27.05 22:00,28.713
139,27.05 23:00,28.469
139,28.05 00:00,29.434
139,28.05 01:00,28.403
139,28.05 02:00,28.349
139,28.05 03:00,28.677
139,28.05 04:00,28.319
139,28.05 05:00,28.372
139,28.05 06:00,27.65
139,28.05 07:00,27.72
139,28.05 08:00,28.094
139,28.05 09:00,27.343
139,28.05 10:00,27.807
139,28.05 11:00,27.43
139,28.05 12:00,27.459
139,28.05 13:00,27.338
139,28.05 14:00,26.881
139,28.05 15:00,29.138
139,28.05 16:00,27.423
139,28.05 17:00,28.193
139,28.05 18:00,27.678
139,28.05 19:00,27.239
139,28.05 20:00,27.743
139,28.05 21:00,28.061
139,28.05 22:00,28.537
139,28.05 23:00,29.243
139,29.05 00:00,28.25
139,29.05 01:00,28.496
139,29.05 02:00,28.383
139,29.05 03:00,28.347
139,29.05 04:00,28.436
139,29.05 05:00,29.13
139,29.05 06:00,27.819
139,29.05 07:00,28.229
139,29.05 08:00,26.411
139,29.05 09:00,26.834
139,29.05 10:00,27.447
139,29.05 11:00,27.695
139,29.05 12:00,27.226
139,29.05 13:00,27.796
139,29.05 14:00,28.013
139,29.05 15:00,28.516
139,29.05 16:00,27.122
139,29.05 17:00,27.879
139,29.05 18:00,27.711
139,29.05 19:00,27.885
139,29.05 20:00,28.141
139,29.05 21:00,28.782
139,29.05 22:00,28.551
139,29.05 23:00,30.128
139,30.05 00:00,28.214
139,30.05 01:00,28.422
139,30.05 02:00,28.115
139,30.05 03:00,28.134
139,30.05 04:00,28.934
139,30.05 05:00,28.415
139,30.05 06:00,27.793
139,30.05 07:00,28.947
139,30.05 08:00,26.854
139,30.05 09:00,27.383
139,30.05 10:00,27.377
139,30.05 11:00,27.16
139,30.05 12:00,27.563
139,30.05 13:00,27.389
139,30.05 14:00,28.017
139,30.05 15:00,28.687
139,30.05 16:00,27.938
139,30.05 17:00,27.923
139,30.05 18:00,28.017
139,30.05 19:00,27.825
139,30.05 20:00,27.443
139,30.05 21:00,28.259
139,30.05 22:00,28.378
139,30.05 23:00,29.539
139,31.05 00:00,28.826
139,31.05 01:00,28.416
139,31.05 02:00,28.636
139,31.05 03:00,28.607
139,31.05 04:00,27.736
139,31.05 05:00,37.156
139,31.05 06:00,45.65
139,31.05 07:00,43.907
139,31.05 08:00,66.528
139,31.05 09:00,71.207
139,31.05 10:00,68.997
139,31.05 11:00,70.819
139,31.05 12:00,71.313
139,31.05 13:00,71.961
139,31.05 14:00,73.187
139,31.05 15:00,73.921
139,31.05 16:00,69.447
139,31.05 17:00,54.348
139,31.05 18:00,32.097
139,31.05 19:00,30.604
139,31.05 20:00,30.669
139,31.05 21:00,28.883
139,31.05 22:00,28.457
139,31.05 23:00,28.692
139,01.06 00:00,28.77
139,01.06 01:00,29.027
139,01.06 02:00,28.894
139,01.06 03:00,28.886
139,01.06 04:00,29.123
139,01.06 05:00,39.189
139,01.06 06:00,83.555
139,01.06 07:00,68.645
139,01.06 08:00,75.924
139,01.06 09:00,72.157
139,01.06 10:00,76.848
139,01.06 11:00,70.901
139,01.06 12:00,74.952
139,01.06 13:00,83.812
139,01.06 14:00,91.357
139,01.06 15:00,89.85
139,01.06 16:00,76.716
139,01.06 17:00,62.369
139,01.06 18:00,30.513
139,01.06 19:00,30.162
139,01.06 20:00,28.253
139,01.06 21:00,28.14
139,01.06 22:00,28.676
139,01.06 23:00,28.57
139,02.06 00:00,28.461
139,02.06 01:00,28.906
139,02.06 02:00,29.491
139,02.06 03:00,28.608
139,02.06 04:00,28.502
139,02.06 05:00,27.17
139,02.06 06:00,69.582
139,02.06 07:00,81.572
139,02.06 08:00,62.406
139,02.06 09:00,65.789
139,02.06 10:00,69.154
139,02.06 11:00,74.141
139,02.06 12:00,73.257
139,02.06 13:00,72.797
139,02.06 14:00,72.07
139,02.06 15:00,70.987
139,02.06 16:00,71.746
139,02.06 17:00,54.668
139,02.06 18:00,30.231
139,02.06 19:00,28.332
139,02.06 20:00,27.995
139,02.06 21:00,29.913
139,02.06 22:00,31.051
139,02.06 23:00,29.757
139,03.06 00:00,28.117
139,03.06 01:00,28.787
139,03.06 02:00,28.41
139,03.06 03:00,28.841
139,03.06 04:00,29.356
139,03.06 05:00,39.357
139,03.06 06:00,70.109
139,03.06 07:00,48.93
139,03.06 08:00,59.659
139,03.06 09:00,69.097
139,03.06 10:00,67.533
139,03.06 11:00,71.535
139,03.06 12:00,72.961
139,03.06 13:00,73.868
139,03.06 14:00,71.86
139,03.06 15:00,74.476
139,03.06 16:00,73.159
139,03.06 17:00,57.989
139,03.06 18:00,30.502
139,03.06 19:00,29.784
139,03.06 20:00,30.542
139,03.06 21:00,28.97
139,03.06 22:00,30.925
139,03.06 23:00,30.513
139,04.06 00:00,29.517
139,04.06 01:00,29.308
139,04.06 02:00,29.554
139,04.06 03:00,29.333
139,04.06 04:00,30.382
139,04.06 05:00,29.447
139,04.06 06:00,28.708
139,04.06 07:00,29.613
139,04.06 08:00,30.219
139,04.06 09:00,31.314
139,04.06 10:00,31.502
139,04.06 11:00,31.712
139,04.06 12:00,31.383
139,04.06 13:00,31.12
139,04.06 14:00,28.646
139,04.06 15:00,28.45
139,04.06 16:00,28.803
139,04.06 17:00,28.547
139,04.06 18:00,28.147
139,04.06 19:00,28.657
139,04.06 20:00,30.608
139,04.06 21:00,28.693
139,04.06 22:00,29.715
139,04.06 23:00,29.179
139,05.06 00:00,29.816
139,05.06 01:00,27.974
139,05.06 02:00,28.764
139,05.06 03:00,30.688
139,05.06 04:00,28.769
139,05.06 05:00,28.52
139,05.06 06:00,28.108
139,05.06 07:00,27.071
139,05.06 08:00,27.734
139,05.06 09:00,27.484
139,05.06 10:00,28.126
139,05.06 11:00,28.779
139,05.06 12:00,28.563
139,05.06 13:00,28.624
139,05.06 14:00,28.41
139,05.06 15:00,28.675
139,05.06 16:00,28.629
139,05.06 17:00,28.512
139,05.06 18:00,28.501
139,05.06 19:00,30.096
139,05.06 20:00,31.119
139,05.06 21:00,28.686
139,05.06 22:00,29.564
139,05.06 23:00,29.471
139,06.06 00:00,29.719
139,06.06 01:00,28.263
139,06.06 02:00,28.514
139,06.06 03:00,29.713
139,06.06 04:00,32.469
139,06.06 05:00,91.832
139,06.06 06:00,81.11
139,06.06 07:00,63.345
139,06.06 08:00,85.232
139,06.06 09:00,79.133
139,06.06 10:00,71.44
139,06.06 11:00,97.949
139,06.06 12:00,89.459
139,06.06 13:00,83.941
139,06.06 14:00,85.521
139,06.06 15:00,86.688
139,06.06 16:00,83.079
139,06.06 17:00,64.02
139,06.06 18:00,30.157
139,06.06 19:00,29.901
139,06.06 20:00,29.114
139,06.06 21:00,30.044
139,06.06 22:00,29.23
139,06.06 23:00,29.636
139,07.06 00:00,29.171
139,07.06 01:00,29.536
139,07.06 02:00,28.419
139,07.06 03:00,30.151
139,07.06 04:00,28.813
139,07.06 05:00,55.118
139,07.06 06:00,67.989
139,07.06 07:00,82.302
139,07.06 08:00,67.281
139,07.06 09:00,69.962
139,07.06 10:00,70.914
139,07.06 11:00,85.81
139,07.06 12:00,69.007
139,07.06 13:00,105.211
139,07.06 14:00,83.595
139,07.06 15:00,92.329
139,07.06 16:00,87.116
139,07.06 17:00,74.76
139,07.06 18:00,34.515
139,07.06 19:00,33.59
139,07.06 20:00,31.564
139,07.06 21:00,31.632
139,07.06 22:00,31.64
139,07.06 23:00,31.58
139,08.06 00:00,31.494
139,08.06 01:00,32.065
139,08.06 02:00,32.897
139,08.06 03:00,31.565
139,08.06 04:00,31.633
139,08.06 05:00,53.754
139,08.06 06:00,72.041
139,08.06 07:00,59.162
139,08.06 08:00,66.872
139,08.06 09:00,75.845
139,08.06 10:00,78.942
139,08.06 11:00,78.829
139,08.06 12:00,77.363
139,08.06 13:00,78.938
139,08.06 14:00,84.817
139,08.06 15:00,85.142
139,08.06 16:00,83.696
139,08.06 17:00,67.974
139,08.06 18:00,34.31
139,08.06 19:00,31.377
139,08.06 20:00,31.754
139,08.06 21:00,31.559
139,08.06 22:00,32.146
139,08.06 23:00,31.425
139,09.06 00:00,31.439
139,09.06 01:00,31.321
139,09.06 02:00,32.587
139,09.06 03:00,29.64
139,09.06 04:00,31.553
139,09.06 05:00,35.613
139,09.06 06:00,102.199
139,09.06 07:00,71.192
139,09.06 08:00,73.517
139,09.06 09:00,70.153
139,09.06 10:00,82.169
139,09.06 11:00,78.282
139,09.06 12:00,102.587
139,09.06 13:00,91.836
139,09.06 14:00,92.372
139,09.06 15:00,88.684
139,09.06 16:00,88.898
139,09.06 17:00,77.525
139,09.06 18:00,35.58
139,09.06 19:00,34.378
139,09.06 20:00,87.103
139,09.06 21:00,63.928
139,09.06 22:00,59.439
139,09.06 23:00,34.892
139,10.06 00:00,30.128
139,10.06 01:00,30.797
139,10.06 02:00,30.138
139,10.06 03:00,30.029
139,10.06 04:00,29.498
139,10.06 05:00,48.748
139,10.06 06:00,63.668
139,10.06 07:00,58.075
139,10.06 08:00,65.027
139,10.06 09:00,71.646
139,10.06 10:00,71.048
139,10.06 11:00,71.481
139,10.06 12:00,72.719
139,10.06 13:00,71.836
139,10.06 14:00,72.721
139,10.06 15:00,72.209
139,10.06 16:00,74.601
139,10.06 17:00,56.831
139,10.06 18:00,30.827
139,10.06 19:00,28.801
139,10.06 20:00,29.348
139,10.06 21:00,29.28
139,10.06 22:00,30.833
139,10.06 23:00,29.399
139,11.06 00:00,30.13
139,11.06 01:00,29.382
139,11.06 02:00,29.603
139,11.06 03:00,29.293
139,11.06 04:00,29.687
139,11.06 05:00,29.138
139,11.06 06:00,29.781
139,11.06 07:00,28.631
139,11.06 08:00,28.375
139,11.06 09:00,28.367
139,11.06 10:00,28.865
139,11.06 11:00,28.366
139,11.06 12:00,28.454
139,11.06 13:00,27.144
139,11.06 14:00,29.109
139,11.06 15:00,29.246
139,11.06 16:00,26.866
139,11.06 17:00,29.008
139,11.06 18:00,27.588
139,11.06 19:00,27.747
139,11.06 20:00,28.486
139,11.06 21:00,28.273
139,11.06 22:00,28.367
139,11.06 23:00,28.955
139,12.06 00:00,29.585
139,12.06 01:00,29.033
139,12.06 02:00,28.677
139,12.06 03:00,29.105
139,12.06 04:00,29.711
139,12.06 05:00,28.873
139,12.06 06:00,28.493
139,12.06 07:00,27.862
139,12.06 08:00,26.517
139,12.06 09:00,28.139
139,12.06 10:00,27.366
139,12.06 11:00,28.351
139,12.06 12:00,28.87
139,12.06 13:00,27.81
139,12.06 14:00,28.006
139,12.06 15:00,28.56
139,12.06 16:00,27.876
139,12.06 17:00,29.322
139,12.06 18:00,27.866
139,12.06 19:00,28.244
139,12.06 20:00,29.835
139,12.06 21:00,28.764
139,12.06 22:00,29.68
139,12.06 23:00,29.14
139,13.06 00:00,28.947
139,13.06 01:00,27.716
139,13.06 02:00,29.301
139,13.06 03:00,29.247
139,13.06 04:00,31.096
139,13.06 05:00,81.98
139,13.06 06:00,62.775
139,13.06 07:00,60.548
139,13.06 08:00,67.17
139,13.06 09:00,70.648
139,13.06 10:00,74.495
139,13.06 11:00,72.586
139,13.06 12:00,74.115
139,13.06 13:00,73.755
139,13.06 14:00,71.27
139,13.06 15:00,69.589
139,13.06 16:00,64.04
139,13.06 17:00,52.984
139,13.06 18:00,31.353
139,13.06 19:00,28.089
139,13.06 20:00,28.63
139,13.06 21:00,28.658
139,13.06 22:00,29.08
139,13.06 23:00,29.18
139,14.06 00:00,29.189
139,14.06 01:00,30.232
139,14.06 02:00,29.526
139,14.06 03:00,29.106
139,14.06 04:00,28.815
139,14.06 05:00,47.818
139,14.06 06:00,62.112
139,14.06 07:00,54.453
139,14.06 08:00,61.717
139,14.06 09:00,62.17
139,14.06 10:00,67.097
139,14.06 11:00,68.291
139,14.06 12:00,69.859
139,14.06 13:00,70.092
139,14.06 14:00,70.158
139,14.06 15:00,69.411
139,14.06 16:00,69.819
139,14.06 17:00,53.515
139,14.06 18:00,30.814
139,14.06 19:00,29.697
139,14.06 20:00,31.132
139,14.06 21:00,30.089
139,14.06 22:00,30.115
139,14.06 23:00,30.106
139,15.06 00:00,30.38
139,15.06 01:00,29.424
139,15.06 02:00,29.788
139,15.06 03:00,30.077
139,15.06 04:00,30.754
139,15.06 05:00,34.079
139,15.06 06:00,80.487
139,15.06 07:00,57.603
139,15.06 08:00,66.4
139,15.06 09:00,69.776
139,15.06 10:00,73.602
139,15.06 11:00,76.494
139,15.06 12:00,75.098
139,15.06 13:00,75.201
139,15.06 14:00,74.829
139,15.06 15:00,75.285
139,15.06 16:00,71.981
139,15.06 17:00,60.134
139,15.06 18:00,31.742
139,15.06 19:00,30.643
139,15.06 20:00,29.9
139,15.06 21:00,29.237
139,15.06 22:00,29.412
139,15.06 23:00,29.781
139,16.06 00:00,29.96
139,16.06 01:00,29.89
139,16.06 02:00,29.232
139,16.06 03:00,30.341
139,16.06 04:00,29.065
139,16.06 05:00,49.605
139,16.06 06:00,41.706
139,16.06 07:00,77.018
139,16.06 08:00,55.521
139,16.06 09:00,60.712
139,16.06 10:00,75.987
139,16.06 11:00,70.3
139,16.06 12:00,69.217
139,16.06 13:00,74.054
139,16.06 14:00,73.186
139,16.06 15:00,73.233
139,16.06 16:00,71.704
139,16.06 17:00,54.306
139,16.06 18:00,31.117
139,16.06 19:00,29.052
139,16.06 20:00,28.384
139,16.06 21:00,29.521
139,16.06 22:00,29.081
139,16.06 23:00,29.27
139,17.06 00:00,29.15
139,17.06 01:00,29.907
139,17.06 02:00,29.249
139,17.06 03:00,29.591
139,17.06 04:00,29.291
139,17.06 05:00,36.103
139,17.06 06:00,42.55
139,17.06 07:00,46.473
139,17.06 08:00,65.499
139,17.06 09:00,65.257
139,17.06 10:00,66.866
139,17.06 11:00,71.992
139,17.06 12:00,67.671
139,17.06 13:00,69.441
139,17.06 14:00,68.921
139,17.06 15:00,70.314
139,17.06 16:00,68.271
139,17.06 17:00,52.6
139,17.06 18:00,30.192
139,17.06 19:00,32.334
139,17.06 20:00,31.337
139,17.06 21:00,30.541
139,17.06 22:00,30.529
139,17.06 23:00,31.989
139,18.06 00:00,31.222
139,18.06 01:00,29.392
139,18.06 02:00,29.681
139,18.06 03:00,29.584
139,18.06 04:00,29.781
139,18.06 05:00,29.67
139,18.06 06:00,28.701
139,18.06 07:00,29.368
139,18.06 08:00,29.093
139,18.06 09:00,28.235
139,18.06 10:00,29.186
139,18.06 11:00,29.378
139,18.06 12:00,28.736
139,18.06 13:00,29.862
139,18.06 14:00,29.511
139,18.06 15:00,30.015
139,18.06 16:00,29.63
139,18.06 17:00,28.792
139,18.06 18:00,29.36
139,18.06 19:00,29.598
139,18.06 20:00,29.702
139,18.06 21:00,29.387
139,18.06 22:00,31.556
139,18.06 23:00,30.36
139,19.06 00:00,29.793
139,19.06 01:00,29.514
139,19.06 02:00,29.276
139,19.06 03:00,29.025
139,19.06 04:00,29.752
139,19.06 05:00,29.68
139,19.06 06:00,29.812
139,19.06 07:00,28.281
139,19.06 08:00,27.87
139,19.06 09:00,28.498
139,19.06 10:00,28.038
139,19.06 11:00,28.128
139,19.06 12:00,28.368
139,19.06 13:00,28.257
139,19.06 14:00,29.937
139,19.06 15:00,28.883
139,19.06 16:00,29.394
139,19.06 17:00,29.341
139,19.06 18:00,28.802
139,19.06 19:00,28.129
139,19.06 20:00,28.728
139,19.06 21:00,28.753
139,19.06 22:00,29.364
139,19.06 23:00,29.602
139,20.06 00:00,29.028
139,20.06 01:00,29.224
139,20.06 02:00,28.91
139,20.06 03:00,28.924
139,20.06 04:00,30.841
139,20.06 05:00,96.161
139,20.06 06:00,62.698
139,20.06 07:00,86.21
139,20.06 08:00,75.446
139,20.06 09:00,80.035
139,20.06 10:00,79.192
139,20.06 11:00,84.041
139,20.06 12:00,96.082
139,20.06 13:00,94.14
139,20.06 14:00,89.29
139,20.06 15:00,92.158
139,20.06 16:00,90.322
139,20.06 17:00,70.053
139,20.06 18:00,32.368
139,20.06 19:00,30.627
139,20.06 20:00,31.136
139,20.06 21:00,29.954
139,20.06 22:00,30.332
139,20.06 23:00,29.899
139,21.06 00:00,30.144
139,21.06 01:00,29.676
139,21.06 02:00,29.424
139,21.06 03:00,30.33
139,21.06 04:00,30.589
139,21.06 05:00,30.721
139,21.06 06:00,99.627
139,21.06 07:00,55.274
139,21.06 08:00,84.963
139,21.06 09:00,76.984
139,21.06 10:00,74.713
139,21.06 11:00,75.283
139,21.06 12:00,93.88
139,21.06 13:00,98.888
139,21.06 14:00,86.124
139,21.06 15:00,88.524
139,21.06 16:00,77.865
139,21.06 17:00,95.259
139,21.06 18:00,34.803
139,21.06 19:00,30.064
139,21.06 20:00,30.211
139,21.06 21:00,29.075
139,21.06 22:00,29.649
139,21.06 23:00,29.727
139,22.06 00:00,29.404
139,22.06 01:00,28.896
139,22.06 02:00,29.15
139,22.06 03:00,29.134
139,22.06 04:00,30.251
139,22.06 05:00,40.849
139,22.06 06:00,89.302
139,22.06 07:00,67.598
139,22.06 08:00,58.002
139,22.06 09:00,52.922
139,22.06 10:00,89.516
139,22.06 11:00,96.467
139,22.06 12:00,78.006
139,22.06 13:00,76.895
139,22.06 14:00,78.067
139,22.06 15:00,84.793
139,22.06 16:00,82.893
139,22.06 17:00,77.702
139,22.06 18:00,33.011
139,22.06 19:00,31.028
139,22.06 20:00,30.995
139,22.06 21:00,29.395
139,22.06 22:00,31.11
139,22.06 23:00,31.105
139,23.06 00:00,30.52
139,23.06 01:00,30.233
139,23.06 02:00,30.132
139,23.06 03:00,30.126
139,23.06 04:00,30.196
139,23.06 05:00,56.298
139,23.06 06:00,15.18
139,23.06 08:00,48.363
139,23.06 09:00,55.202
139,23.06 10:00,75.247
139,23.06 11:00,117.548
139,23.06 12:00,78.43
139,23.06 13:00,102.442
139,23.06 14:00,92.56
139,23.06 15:00,95.621
139,23.06 16:00,86.476
139,23.06 17:00,68.685
139,23.06 18:00,31.585
139,23.06 19:00,31.512
139,23.06 20:00,29.907
139,23.06 21:00,29.941
139,23.06 22:00,31.346
139,23.06 23:00,31.429
139,24.06 00:00,30.848
139,24.06 01:00,30.27
139,24.06 02:00,30.183
139,24.06 03:00,30.139
139,24.06 04:00,30.213
139,24.06 05:00,51.26
139,24.06 06:00,66.833
139,24.06 07:00,54.145
139,24.06 08:00,47.776
139,24.06 09:00,97.72
139,24.06 10:00,76.072
139,24.06 11:00,79.507
139,24.06 12:00,77.673
139,24.06 13:00,77.783
139,24.06 14:00,79.681
139,24.06 15:00,78.434
139,24.06 16:00,74.349
139,24.06 17:00,59.678
139,24.06 18:00,28.392
139,24.06 19:00,28.341
139,24.06 20:00,27.391
139,24.06 21:00,27.615
139,24.06 22:00,29.019
139,24.06 23:00,28.127
139,25.06 00:00,27.992
139,25.06 01:00,28.45
139,25.06 02:00,28.812
139,25.06 03:00,29.096
139,25.06 04:00,27.734
139,25.06 05:00,28.129
139,25.06 06:00,27.251
139,25.06 07:00,26.923
139,25.06 08:00,26.868
139,25.06 09:00,27.163
139,25.06 10:00,27.522
139,25.06 11:00,25.985
139,25.06 12:00,26.66
139,25.06 13:00,26.777
139,25.06 14:00,27.293
139,25.06 15:00,26.939
139,25.06 16:00,27.067
139,25.06 17:00,50.5
139,25.06 18:00,86.117
139,25.06 19:00,42.406
139,25.06 20:00,27.361
139,25.06 21:00,27.152
139,25.06 22:00,28.633
139,25.06 23:00,28.116
139,26.06 00:00,28.116
139,26.06 01:00,27.942
139,26.06 02:00,27.74
139,26.06 03:00,28.913
139,26.06 04:00,28.441
139,26.06 05:00,28.309
139,26.06 06:00,27.184
139,26.06 07:00,26.626
139,26.06 08:00,26.81
139,26.06 09:00,27.705
139,26.06 10:00,26.626
139,26.06 11:00,26.795
139,26.06 12:00,28.025
139,26.06 13:00,27.292
139,26.06 14:00,26.712
139,26.06 15:00,27.42
139,26.06 16:00,27.228
139,26.06 17:00,27.583
139,26.06 18:00,27.87
139,26.06 19:00,28.49
139,26.06 20:00,29.01
139,26.06 21:00,28.929
139,26.06 22:00,28.631
139,26.06 23:00,28.87
139,27.06 00:00,29.049
139,27.06 01:00,28.383
139,27.06 02:00,29.207
139,27.06 03:00,29.169
139,27.06 04:00,31.135
139,27.06 05:00,85.837
139,27.06 06:00,57.435
139,27.06 07:00,60.143
139,27.06 08:00,67.581
139,27.06 09:00,82.08
139,27.06 10:00,80.816
139,27.06 11:00,87.466
139,27.06 12:00,86.725
139,27.06 13:00,85.634
139,27.06 14:00,86.869
139,27.06 15:00,87.475
139,27.06 16:00,85.914
139,27.06 17:00,66.182
139,27.06 18:00,29.571
139,27.06 19:00,30.13
139,27.06 20:00,27.728
139,27.06 21:00,27.927
139,27.06 22:00,28.764
139,27.06 23:00,29.098
139,28.06 00:00,29.031
139,28.06 01:00,28.906
139,28.06 02:00,28.694
139,28.06 03:00,29.823
139,28.06 04:00,28.145
139,28.06 05:00,34.006
139,28.06 06:00,92.774
139,28.06 07:00,66.419
139,28.06 08:00,65.663
139,28.06 09:00,69.694
139,28.06 10:00,79.951
139,28.06 11:00,75.355
139,28.06 12:00,95.714
139,28.06 13:00,91.271
139,28.06 14:00,92.914
139,28.06 15:00,83.32
139,28.06 16:00,89.715
139,28.06 17:00,65.712
139,28.06 18:00,33.016
139,28.06 19:00,30.854
139,28.06 20:00,30.796
139,28.06 21:00,30.62
139,28.06 22:00,30.983
139,28.06 23:00,32.395
139,29.06 00:00,31.197
139,29.06 01:00,30.663
139,29.06 02:00,31.478
139,29.06 03:00,30.684
139,29.06 04:00,30.456
139,29.06 05:00,46.793
139,29.06 06:00,92.235
139,29.06 07:00,66.95
139,29.06 08:00,69.146
139,29.06 09:00,73.612
139,29.06 10:00,75.443
139,29.06 11:00,78.691
139,29.06 12:00,82.221
139,29.06 13:00,82.309
139,29.06 14:00,82.683
139,29.06 15:00,84.279
139,29.06 16:00,83.738
139,29.06 17:00,63.544
139,29.06 18:00,31.929
139,29.06 19:00,29.657
139,29.06 20:00,30.203
139,29.06 21:00,30.075
139,29.06 22:00,31.106
139,29.06 23:00,30.36
139,30.06 00:00,31.859
139,30.06 01:00,30.049
139,30.06 02:00,30.86
139,30.06 03:00,30.15
139,30.06 04:00,30.298
139,30.06 05:00,26.444
139,30.06 06:00,93.054
139,30.06 07:00,85.0
139,30.06 08:00,66.436
139,30.06 09:00,72.559
139,30.06 10:00,76.71
139,30.06 11:00,72.358
139,30.06 12:00,92.07
139,30.06 13:00,82.283
139,30.06 14:00,84.126
139,30.06 15:00,85.632
139,30.06 16:00,83.831
139,30.06 17:00,68.28
139,30.06 18:00,32.221
139,30.06 19:00,30.109
139,30.06 20:00,29.81
139,30.06 21:00,30.265
139,30.06 22:00,30.476
139,30.06 23:00,30.291
139,01.07 00:00,30.133
139,01.07 01:00,31.208
139,01.07 02:00,29.753
139,01.07 03:00,30.811
139,01.07 04:00,30.135
139,01.07 05:00,24.336
139,01.07 06:00,95.034
139,01.07 07:00,55.852
139,01.07 08:00,58.159
139,01.07 09:00,67.335
139,01.07 10:00,68.388
139,01.07 11:00,70.181
139,01.07 12:00,70.403
139,01.07 13:00,69.359
139,01.07 14:00,69.606
139,01.07 15:00,69.523
139,01.07 16:00,69.611
139,01.07 17:00,56.043
139,01.07 18:00,29.52
139,01.07 19:00,29.425
139,01.07 20:00,30.069
139,01.07 21:00,29.551
139,01.07 22:00,30.223
139,01.07 23:00,29.762
139,02.07 00:00,30.279
139,02.07 01:00,30.137
139,02.07 02:00,30.397
139,02.07 03:00,30.604
139,02.07 04:00,30.017
139,02.07 05:00,29.708
139,02.07 06:00,28.564
139,02.07 07:00,28.907
139,02.07 08:00,28.195
139,02.07 09:00,28.549
139,02.07 10:00,28.236
139,02.07 11:00,29.756
139,02.07 12:00,28.672
139,02.07 13:00,29.765
139,02.07 14:00,29.416
139,02.07 15:00,29.858
139,02.07 16:00,29.614
139,02.07 17:00,30.099
139,02.07 18:00,29.719
139,02.07 19:00,29.134
139,02.07 20:00,29.357
139,02.07 21:00,29.622
139,02.07 22:00,30.867
139,02.07 23:00,30.058
139,03.07 00:00,30.199
139,03.07 01:00,32.14
139,03.07 02:00,29.99
139,03.07 03:00,30.486
139,03.07 04:00,30.67
139,03.07 05:00,30.163
139,03.07 06:00,28.808
139,03.07 07:00,30.615
139,03.07 08:00,29.297
139,03.07 09:00,29.384
139,03.07 10:00,29.744
139,03.07 11:00,29.716
139,03.07 12:00,29.275
139,03.07 13:00,32.44
139,03.07 14:00,30.039
139,03.07 15:00,30.123
139,03.07 16:00,29.69
139,03.07 17:00,83.706
139,03.07 18:00,63.303
139,03.07 19:00,54.988
139,03.07 20:00,50.679
139,03.07 21:00,42.544
139,03.07 22:00,42.893
139,03.07 23:00,40.291
139,04.07 00:00,39.639
139,04.07 01:00,40.614
139,04.07 02:00,41.579
139,04.07 03:00,39.563
139,04.07 04:00,41.16
139,04.07 05:00,39.869
139,04.07 06:00,38.939
139,04.07 07:00,38.851
139,04.07 08:00,39.65
139,04.07 09:00,38.996
139,04.07 10:00,38.639
139,04.07 11:00,39.777
139,04.07 12:00,41.644
139,04.07 13:00,41.228
139,04.07 14:00,54.935
139,04.07 15:00,54.035
139,04.07 16:00,61.13
139,04.07 17:00,64.795
139,04.07 18:00,63.281
139,04.07 19:00,65.563
139,04.07 20:00,63.787
139,04.07 21:00,53.984
139,04.07 22:00,50.431
139,04.07 23:00,40.837
139,05.07 00:00,39.713
139,05.07 01:00,38.87
139,05.07 02:00,39.943
139,05.07 03:00,40.613
139,05.07 04:00,37.935
139,05.07 05:00,37.388
139,05.07 06:00,82.062
139,05.07 07:00,89.207
139,05.07 08:00,83.404
139,05.07 09:00,89.868
139,05.07 10:00,83.279
139,05.07 11:00,85.613
139,05.07 12:00,98.774
139,05.07 13:00,85.549
139,05.07 14:00,91.423
139,05.07 15:00,89.908
139,05.07 16:00,86.729
139,05.07 17:00,71.496
139,05.07 18:00,32.326
139,05.07 19:00,29.925
139,05.07 20:00,29.431
139,05.07 21:00,29.638
139,05.07 22:00,30.627
139,05.07 23:00,30.387
139,06.07 00:00,30.64
139,06.07 01:00,30.132
139,06.07 02:00,29.914
139,06.07 03:00,29.241
139,06.07 04:00,29.919
139,06.07 05:00,30.577
139,06.07 06:00,92.536
139,06.07 07:00,64.451
139,06.07 08:00,64.29
139,06.07 09:00,71.642
139,06.07 10:00,71.67
139,06.07 11:00,75.004
139,06.07 12:00,73.4
139,06.07 13:00,72.756
139,06.07 14:00,76.639
139,06.07 15:00,76.297
139,06.07 16:00,75.879
139,06.07 17:00,70.306
139,06.07 18:00,32.105
139,06.07 19:00,30.498
139,06.07 20:00,29.421
139,06.07 21:00,30.368
139,06.07 22:00,30.186
139,06.07 23:00,30.644
139,07.07 00:00,29.907
139,07.07 01:00,31.062
139,07.07 02:00,30.193
139,07.07 03:00,30.42
139,07.07 04:00,29.869
139,07.07 05:00,23.758
139,07.07 06:00,93.925
139,07.07 07:00,58.108
139,07.07 08:00,60.314
139,07.07 09:00,74.394
139,07.07 10:00,74.176
139,07.07 11:00,73.946
139,07.07 12:00,74.132
139,07.07 13:00,74.324
139,07.07 14:00,74.788
139,07.07 15:00,77.118
139,07.07 16:00,76.177
139,07.07 17:00,61.442
139,07.07 18:00,31.18
139,07.07 19:00,31.67
139,07.07 20:00,29.937
139,07.07 21:00,29.715
139,07.07 22:00,31.65
139,07.07 23:00,30.618
139,08.07 00:00,31.247
139,08.07 01:00,30.613
139,08.07 02:00,31.164
139,08.07 03:00,31.593
139,08.07 04:00,30.616
139,08.07 05:00,27.793
139,08.07 06:00,97.864
139,08.07 07:00,62.407
139,08.07 08:00,50.587
139,08.07 09:00,93.17
139,08.07 10:00,72.356
139,08.07 11:00,86.029
139,08.07 12:00,80.628
139,08.07 13:00,83.412
139,08.07 14:00,75.893
139,08.07 15:00,83.87
139,08.07 16:00,78.782
139,08.07 17:00,65.644
139,08.07 18:00,32.096
139,08.07 19:00,30.86
139,08.07 20:00,29.12
139,08.07 21:00,29.91
139,08.07 22:00,30.688
139,08.07 23:00,30.626
139,09.07 00:00,29.89
139,09.07 01:00,31.467
139,09.07 02:00,30.39
139,09.07 03:00,30.088
139,09.07 04:00,30.708
139,09.07 05:00,30.167
139,09.07 06:00,29.888
139,09.07 07:00,29.633
139,09.07 08:00,30.668
139,09.07 09:00,28.813
139,09.07 10:00,29.74
139,09.07 11:00,30.043
139,09.07 12:00,30.13
139,09.07 13:00,30.629
139,09.07 14:00,30.976
139,09.07 15:00,30.347
139,09.07 16:00,29.94
139,09.07 17:00,30.383
139,09.07 18:00,30.432
139,09.07 19:00,31.05
139,09.07 20:00,103.734
139,09.07 21:00,36.606
139,09.07 22:00,30.235
139,09.07 23:00,31.37
139,10.07 00:00,30.903
139,10.07 01:00,31.118
139,10.07 02:00,30.971
139,10.07 03:00,30.864
139,10.07 04:00,30.752
139,10.07 05:00,31.136
139,10.07 06:00,29.728
139,10.07 07:00,29.011
139,10.07 08:00,30.571
139,10.07 09:00,28.644
139,10.07 10:00,29.409
139,10.07 11:00,28.987
139,10.07 12:00,30.087
139,10.07 13:00,30.361
139,10.07 14:00,30.579
139,10.07 15:00,68.566
139,10.07 16:00,56.126
139,10.07 17:00,41.997
139,10.07 18:00,45.286
139,10.07 19:00,40.421
139,10.07 20:00,39.755
139,10.07 21:00,37.426
139,10.07 22:00,37.064
139,10.07 23:00,37.862
139,11.07 00:00,39.104
139,11.07 01:00,37.465
139,11.07 02:00,38.85
139,11.07 03:00,38.381
139,11.07 04:00,39.33
139,11.07 05:00,57.121
139,11.07 06:00,49.424
139,11.07 07:00,60.987
139,11.07 08:00,52.506
139,11.07 09:00,48.955
139,11.07 10:00,113.485
139,11.07 11:00,70.841
139,11.07 12:00,72.59
139,11.07 13:00,72.014
139,11.07 14:00,71.842
139,11.07 15:00,72.712
139,11.07 16:00,69.199
139,11.07 17:00,56.775
139,11.07 18:00,30.134
139,11.07 19:00,29.868
139,11.07 20:00,28.938
139,11.07 21:00,30.399
139,11.07 22:00,30.341
139,11.07 23:00,31.103
139,12.07 00:00,30.241
139,12.07 01:00,30.785
139,12.07 02:00,29.669
139,12.07 03:00,30.346
139,12.07 04:00,30.03
139,12.07 05:00,24.106
139,12.07 06:00,82.622
139,12.07 07:00,47.398
139,12.07 08:00,55.246
139,12.07 09:00,58.922
139,12.07 10:00,65.334
139,12.07 11:00,71.645
139,12.07 12:00,71.443
139,12.07 13:00,72.195
139,12.07 14:00,69.455
139,12.07 15:00,67.509
139,12.07 16:00,69.664
139,12.07 17:00,57.735
139,12.07 18:00,32.834
139,12.07 19:00,29.629
139,12.07 20:00,29.042
139,12.07 21:00,30.141
139,12.07 22:00,30.237
139,12.07 23:00,29.951
139,13.07 00:00,29.713
139,13.07 01:00,30.674
139,13.07 02:00,29.63
139,13.07 03:00,29.927
139,13.07 04:00,29.942
139,13.07 05:00,24.42
139,13.07 06:00,79.911
139,13.07 07:00,67.347
139,13.07 08:00,53.227
139,13.07 09:00,43.349
139,13.07 10:00,40.71
139,13.07 11:00,85.195
139,13.07 12:00,48.878
139,13.07 13:00,106.711
139,13.07 14:00,69.633
139,13.07 15:00,75.744
139,13.07 16:00,79.614
139,13.07 17:00,70.238
139,13.07 18:00,36.095
139,13.07 19:00,29.612
139,13.07 20:00,28.992
139,13.07 21:00,30.273
139,13.07 22:00,30.08
139,13.07 23:00,31.39
139,14.07 00:00,29.045
139,14.07 01:00,29.627
139,14.07 02:00,29.746
139,14.07 03:00,29.968
139,14.07 04:00,30.336
139,14.07 05:00,49.722
139,14.07 06:00,66.964
139,14.07 07:00,36.973
139,14.07 08:00,75.471
139,14.07 09:00,48.517
139,14.07 10:00,87.556
139,14.07 11:00,76.365
139,14.07 12:00,75.942
139,14.07 13:00,74.871
139,14.07 14:00,75.181
139,14.07 15:00,76.341
139,14.07 16:00,73.265
139,14.07 17:00,60.746
139,14.07 18:00,32.183
139,14.07 19:00,30.428
139,14.07 20:00,30.012
139,14.07 21:00,29.855
139,14.07 22:00,29.869
139,14.07 23:00,30.128
139,15.07 00:00,29.898
139,15.07 01:00,30.998
139,15.07 02:00,31.023
139,15.07 03:00,30.076
139,15.07 04:00,28.879
139,15.07 05:00,24.462
139,15.07 06:00,96.879
139,15.07 07:00,60.198
139,15.07 08:00,67.277
139,15.07 09:00,66.165
139,15.07 10:00,79.582
139,15.07 11:00,80.755
139,15.07 12:00,76.609
139,15.07 13:00,93.339
139,15.07 14:00,89.388
139,15.07 15:00,88.903
139,15.07 16:00,88.771
139,15.07 17:00,70.845
139,15.07 18:00,30.242
139,15.07 19:00,29.598
139,15.07 20:00,29.033
139,15.07 21:00,30.775
139,15.07 22:00,30.566
139,15.07 23:00,30.684
139,16.07 00:00,29.883
139,16.07 01:00,29.772
139,16.07 02:00,29.71
139,16.07 03:00,28.972
139,16.07 04:00,29.622
139,16.07 05:00,30.317
139,16.07 06:00,29.157
139,16.07 07:00,27.863
139,16.07 08:00,28.102
139,16.07 09:00,28.776
139,16.07 10:00,29.176
139,16.07 11:00,29.324
139,16.07 12:00,29.457
139,16.07 13:00,29.047
139,16.07 14:00,30.457
139,16.07 15:00,29.54
139,16.07 16:00,29.452
139,16.07 17:00,29.02
139,16.07 18:00,29.015
139,16.07 19:00,29.279
139,16.07 20:00,28.727
139,16.07 21:00,30.109
139,16.07 22:00,29.74
139,16.07 23:00,29.784
139,17.07 00:00,29.454
139,17.07 01:00,29.518
139,17.07 02:00,29.281
139,17.07 03:00,29.656
139,17.07 04:00,29.273
139,17.07 05:00,31.138
139,17.07 06:00,28.389
139,17.07 07:00,27.914
139,17.07 08:00,28.455
139,17.07 09:00,28.382
139,17.07 10:00,28.655
139,17.07 11:00,29.457
139,17.07 12:00,29.831
139,17.07 13:00,31.006
139,17.07 14:00,30.641
139,17.07 15:00,57.676
139,17.07 17:00,72.791
139,17.07 18:00,91.189
139,17.07 19:00,78.137
139,17.07 20:00,74.764
139,17.07 21:00,62.997
139,17.07 22:00,69.309
139,17.07 23:00,63.548
139,18.07 00:00,58.159
139,18.07 01:00,57.986
139,18.07 02:00,56.151
139,18.07 03:00,54.981
139,18.07 04:00,52.547
139,18.07 05:00,56.954
139,18.07 06:00,57.914
139,18.07 07:00,57.819
139,18.07 08:00,66.432
139,18.07 09:00,74.868
139,18.07 10:00,80.099
139,18.07 11:00,77.052
139,18.07 12:00,78.559
139,18.07 13:00,80.848
139,18.07 14:00,82.103
139,18.07 15:00,89.448
139,18.07 16:00,73.244
139,18.07 17:00,89.639
139,18.07 18:00,76.191
139,18.07 19:00,70.863
139,18.07 20:00,66.3
139,18.07 21:00,60.035
139,18.07 22:00,53.477
139,18.07 23:00,69.089
139,19.07 00:00,60.263
139,19.07 01:00,59.758
139,19.07 02:00,60.082
139,19.07 03:00,57.484
139,19.07 04:00,58.371
139,19.07 05:00,59.54
139,19.07 06:00,62.289
139,19.07 07:00,59.778
139,19.07 08:00,69.769
139,19.07 09:00,47.869
139,19.07 10:00,115.931
139,19.07 11:00,92.33
139,19.07 12:00,89.011
139,19.07 13:00,90.494
139,19.07 14:00,86.719
139,19.07 15:00,92.019
139,19.07 16:00,85.542
139,19.07 17:00,90.442
139,19.07 18:00,86.206
139,19.07 19:00,76.37
139,19.07 20:00,72.467
139,19.07 21:00,78.099
139,19.07 22:00,70.783
139,19.07 23:00,67.559
139,20.07 00:00,62.692
139,20.07 01:00,64.97
139,20.07 02:00,60.47
139,20.07 03:00,60.984
139,20.07 04:00,52.47
139,20.07 05:00,57.658
139,20.07 06:00,59.115
139,20.07 07:00,56.801
139,20.07 08:00,66.385
139,20.07 09:00,66.087
139,20.07 10:00,58.829
139,20.07 11:00,118.741
139,20.07 12:00,81.348
139,20.07 13:00,86.67
139,20.07 14:00,87.387
139,20.07 15:00,84.925
139,20.07 16:00,84.116
139,20.07 17:00,77.751
139,20.07 18:00,73.385
139,20.07 19:00,75.007
139,20.07 20:00,55.992
139,20.07 21:00,73.264
139,20.07 22:00,58.001
139,20.07 23:00,55.265
139,21.07 00:00,52.724
139,21.07 01:00,54.897
139,21.07 02:00,51.241
139,21.07 03:00,52.794
139,21.07 04:00,50.036
139,21.07 05:00,57.073
139,21.07 06:00,54.333
139,21.07 07:00,59.294
139,21.07 08:00,61.996
139,21.07 09:00,73.335
139,21.07 10:00,70.688
139,21.07 11:00,77.728
139,21.07 12:00,75.742
139,21.07 13:00,79.909
139,21.07 14:00,80.233
139,21.07 15:00,82.245
139,21.07 16:00,86.402
139,21.07 17:00,77.738
139,21.07 18:00,74.846
139,21.07 19:00,69.371
139,21.07 20:00,67.457
139,21.07 21:00,72.57
139,21.07 22:00,67.756
139,21.07 23:00,61.333
139,22.07 00:00,61.732
139,22.07 01:00,61.087
139,22.07 02:00,60.288
139,22.07 03:00,60.267
139,22.07 04:00,58.816
139,22.07 05:00,62.371
139,22.07 06:00,62.78
139,22.07 07:00,58.249
139,22.07 08:00,69.755
139,22.07 09:00,56.105
139,22.07 10:00,108.081
139,22.07 11:00,86.934
139,22.07 12:00,87.915
139,22.07 13:00,82.514
139,22.07 14:00,100.091
139,22.07 15:00,87.54
139,22.07 16:00,89.816
139,22.07 17:00,84.158
139,22.07 18:00,82.056
139,22.07 19:00,76.237
139,22.07 20:00,66.169
139,22.07 21:00,76.623
139,22.07 22:00,60.017
139,22.07 23:00,58.312
139,23.07 00:00,56.473
139,23.07 01:00,56.106
139,23.07 02:00,47.385
139,23.07 03:00,61.459
139,23.07 04:00,55.759
139,23.07 05:00,48.939
139,23.07 06:00,58.406
139,23.07 07:00,50.695
139,23.07 08:00,56.796
139,23.07 09:00,53.98
139,23.07 10:00,53.515
139,23.07 11:00,58.27
139,23.07 12:00,62.26
139,23.07 13:00,60.985
139,23.07 14:00,63.767
139,23.07 15:00,63.208
139,23.07 16:00,60.355
139,23.07 17:00,64.812
139,23.07 18:00,62.233
139,23.07 19:00,63.744
139,23.07 20:00,60.47
139,23.07 21:00,56.451
139,23.07 22:00,55.88
139,23.07 23:00,47.348
139,24.07 00:00,50.527
139,24.07 01:00,41.657
139,24.07 02:00,57.806
139,24.07 03:00,41.628
139,24.07 04:00,43.168
139,24.07 05:00,45.453
139,24.07 06:00,39.287
139,24.07 07:00,41.879
139,24.07 08:00,49.949
139,24.07 09:00,39.021
139,24.07 10:00,56.161
139,24.07 11:00,49.843
139,24.07 12:00,59.505
139,24.07 13:00,32.018
139,24.07 14:00,29.537
139,24.07 15:00,29.136
139,24.07 16:00,29.309
139,24.07 17:00,29.936
139,24.07 18:00,28.995
139,24.07 19:00,29.164
139,24.07 20:00,29.459
139,24.07 21:00,28.724
139,24.07 22:00,29.909
139,24.07 23:00,29.242
139,25.07 00:00,29.425
139,25.07 01:00,29.837
139,25.07 02:00,30.008
139,25.07 03:00,30.69
139,25.07 04:00,30.633
139,25.07 05:00,85.011
139,25.07 06:00,56.823
139,25.07 07:00,56.436
139,25.07 08:00,53.32
139,25.07 09:00,62.529
139,25.07 10:00,37.901
139,25.07 11:00,79.288
139,25.07 12:00,84.148
139,25.07 13:00,85.464
139,25.07 14:00,77.052
139,25.07 15:00,74.715
139,25.07 16:00,76.046
139,25.07 17:00,72.692
139,25.07 18:00,29.914
139,25.07 19:00,30.457
139,25.07 20:00,29.061
139,25.07 21:00,29.864
139,25.07 22:00,29.766
139,25.07 23:00,29.999
139,26.07 00:00,29.229
139,26.07 01:00,31.137
139,26.07 02:00,29.615
139,26.07 03:00,29.642
139,26.07 04:00,29.839
139,26.07 05:00,25.01
139,26.07 06:00,104.013
139,26.07 07:00,61.252
139,26.07 08:00,66.315
139,26.07 09:00,76.164
139,26.07 10:00,77.259
139,26.07 11:00,80.188
139,26.07 12:00,74.632
139,26.07 13:00,96.902
139,26.07 14:00,88.095
139,26.07 15:00,84.431
139,26.07 16:00,94.311
139,26.07 17:00,72.124
139,26.07 18:00,33.104
139,26.07 19:00,31.264
139,26.07 20:00,31.117
139,26.07 21:00,31.625
139,26.07 22:00,31.593
139,26.07 23:00,31.114
139,27.07 00:00,30.877
139,27.07 01:00,30.348
139,27.07 02:00,31.399
139,27.07 03:00,31.32
139,27.07 04:00,30.787
139,27.07 05:00,50.68
139,27.07 06:00,60.198
139,27.07 07:00,97.789
139,27.07 08:00,62.642
139,27.07 09:00,79.559
139,27.07 10:00,82.2
139,27.07 11:00,85.82
139,27.07 12:00,89.482
139,27.07 13:00,106.831
139,27.07 14:00,86.099
139,27.07 15:00,90.687
139,27.07 16:00,89.108
139,27.07 17:00,90.233
139,27.07 18:00,32.605
139,27.07 19:00,31.543
139,27.07 20:00,29.887
139,27.07 21:00,30.882
139,27.07 22:00,30.703
139,27.07 23:00,30.537
139,28.07 00:00,30.914
139,28.07 01:00,32.112
139,28.07 02:00,30.553
139,28.07 03:00,30.389
139,28.07 04:00,30.856
139,28.07 05:00,49.3
139,28.07 06:00,88.24
139,28.07 07:00,68.611
139,28.07 08:00,73.7
139,28.07 09:00,74.751
139,28.07 10:00,100.898
139,28.07 11:00,87.293
139,28.07 12:00,95.141
139,28.07 13:00,88.244
139,28.07 14:00,88.582
139,28.07 15:00,98.506
139,28.07 16:00,96.086
139,28.07 17:00,98.645
139,28.07 18:00,34.36
139,28.07 19:00,32.982
139,28.07 20:00,31.96
139,28.07 21:00,32.263
139,28.07 22:00,30.969
139,28.07 23:00,31.126
139,29.07 00:00,31.343
139,29.07 01:00,30.897
139,29.07 02:00,29.391
139,29.07 03:00,33.898
139,29.07 04:00,30.745
139,29.07 05:00,26.123
139,29.07 06:00,96.435
139,29.07 07:00,78.422
139,29.07 08:00,62.196
139,29.07 09:00,84.603
139,29.07 10:00,87.373
139,29.07 11:00,72.026
139,29.07 12:00,82.391
139,29.07 13:00,107.887
139,29.07 14:00,82.108
139,29.07 15:00,93.149
139,29.07 16:00,84.071
139,29.07 17:00,80.801
139,29.07 18:00,40.772
139,29.07 19:00,34.58
139,29.07 20:00,32.35
139,29.07 21:00,32.213
139,29.07 22:00,31.786
139,29.07 23:00,30.356
139,30.07 00:00,30.637
139,30.07 01:00,30.178
139,30.07 02:00,30.84
139,30.07 03:00,30.509
139,30.07 04:00,30.401
139,30.07 05:00,31.656
139,30.07 06:00,30.447
139,30.07 07:00,30.722
139,30.07 08:00,30.517
139,30.07 09:00,31.125
139,30.07 10:00,30.562
139,30.07 11:00,31.624
139,30.07 12:00,105.875
139,30.07 13:00,92.847
139,30.07 14:00,86.444
139,30.07 15:00,85.941
139,30.07 16:00,78.809
139,30.07 17:00,69.447
139,30.07 18:00,97.049
139,30.07 19:00,90.607
139,30.07 20:00,68.66
139,30.07 21:00,93.819
139,30.07 22:00,77.411
139,30.07 23:00,70.367
139,31.07 00:00,37.051
139,31.07 01:00,32.847
139,31.07 02:00,30.535
139,31.07 03:00,30.925
139,31.07 04:00,30.522
139,31.07 05:00,30.634
139,31.07 06:00,29.732
139,31.07 07:00,29.878
139,31.07 08:00,30.01
139,31.07 09:00,29.979
139,31.07 10:00,30.3
139,31.07 11:00,30.353
139,31.07 12:00,30.536
139,31.07 13:00,31.086
139,31.07 14:00,30.818
139,31.07 15:00,30.841
139,31.07 16:00,30.898
139,31.07 17:00,30.836
139,31.07 18:00,33.39
139,31.07 19:00,30.727
139,31.07 20:00,30.798
139,31.07 21:00,30.542
139,31.07 22:00,29.759
139,31.07 23:00,30.604
139,01.08 00:00,30.975
139,01.08 01:00,31.907
139,01.08 02:00,31.045
139,01.08 03:00,30.678
139,01.08 04:00,30.789
139,01.08 05:00,102.005
139,01.08 06:00,53.41
139,01.08 07:00,105.483
139,01.08 08:00,48.267
139,01.08 09:00,93.459
139,01.08 10:00,94.138
139,01.08 11:00,94.334
139,01.08 12:00,68.116
139,01.08 13:00,105.994
139,01.08 14:00,88.878
139,01.08 15:00,93.623
139,01.08 16:00,94.644
139,01.08 17:00,86.566
139,01.08 18:00,38.599
139,01.08 19:00,32.368
139,01.08 20:00,30.562
139,01.08 21:00,31.314
139,01.08 22:00,31.893
139,01.08 23:00,31.342
139,02.08 00:00,31.402
139,02.08 01:00,31.765
139,02.08 02:00,30.919
139,02.08 03:00,30.768
139,02.08 04:00,30.123
139,02.08 05:00,40.823
139,02.08 06:00,81.019
139,02.08 07:00,88.706
139,02.08 08:00,22.857
139,02.08 10:00,99.385
139,02.08 11:00,88.818
139,02.08 12:00,116.442
139,02.08 13:00,104.415
139,02.08 14:00,58.431
139,02.08 15:00,97.66
139,02.08 17:00,114.533
139,02.08 18:00,34.39
139,02.08 19:00,32.652
139,02.08 20:00,33.693
139,02.08 21:00,30.875
139,02.08 22:00,31.22
139,02.08 23:00,31.141
139,03.08 00:00,30.756
139,03.08 01:00,31.227
139,03.08 02:00,30.882
139,03.08 03:00,30.87
139,03.08 04:00,31.611
139,03.08 05:00,25.781
139,03.08 06:00,104.632
139,03.08 07:00,83.309
139,03.08 08:00,64.163
139,03.08 09:00,69.261
139,03.08 10:00,75.86
139,03.08 11:00,105.348
139,03.08 12:00,70.778
139,03.08 13:00,97.581
139,03.08 14:00,84.156
139,03.08 15:00,86.071
139,03.08 16:00,87.593
139,03.08 17:00,67.203
139,03.08 18:00,34.888
139,03.08 19:00,32.102
139,03.08 20:00,34.104
139,03.08 21:00,32.523
139,03.08 22:00,31.904
139,03.08 23:00,31.136
139,04.08 00:00,31.235
139,04.08 01:00,31.402
139,04.08 02:00,31.781
139,04.08 03:00,30.855
139,04.08 04:00,30.583
139,04.08 05:00,25.67
139,04.08 06:00,97.116
139,04.08 07:00,68.956
139,04.08 08:00,60.585
139,04.08 09:00,73.976
139,04.08 10:00,56.21
139,04.08 11:00,106.58
139,04.08 12:00,88.597
139,04.08 13:00,85.147
139,04.08 14:00,84.908
139,04.08 15:00,81.05
139,04.08 16:00,97.623
139,04.08 17:00,73.482
139,04.08 18:00,34.048
139,04.08 19:00,31.727
139,04.08 20:00,31.52
139,04.08 21:00,31.495
139,04.08 22:00,33.694
139,04.08 23:00,31.905
139,05.08 00:00,31.301
139,05.08 01:00,31.871
139,05.08 02:00,31.192
139,05.08 03:00,31.631
139,05.08 04:00,32.406
139,05.08 05:00,25.621
139,05.08 06:00,96.675
139,05.08 07:00,57.683
139,05.08 08:00,64.878
139,05.08 09:00,76.276
139,05.08 10:00,75.265
139,05.08 11:00,75.419
139,05.08 12:00,74.383
139,05.08 13:00,77.071
139,05.08 14:00,76.701
139,05.08 15:00,74.851
139,05.08 16:00,72.03
139,05.08 17:00,55.624
139,05.08 18:00,33.39
139,05.08 19:00,31.22
139,05.08 20:00,30.555
139,05.08 21:00,30.808
139,05.08 22:00,30.232
139,05.08 23:00,30.589
139,06.08 00:00,30.629
139,06.08 01:00,30.942
139,06.08 02:00,30.624
139,06.08 03:00,30.308
139,06.08 04:00,31.033
139,06.08 05:00,30.176
139,06.08 06:00,30.297
139,06.08 07:00,30.576
139,06.08 08:00,29.742
139,06.08 09:00,31.224
139,06.08 10:00,31.023
139,06.08 11:00,30.15
139,06.08 12:00,30.099
139,06.08 13:00,30.83
139,06.08 14:00,31.708
139,06.08 15:00,30.848
139,06.08 16:00,31.376
139,06.08 17:00,30.989
139,06.08 18:00,30.93
139,06.08 19:00,30.528
139,06.08 20:00,30.733
139,06.08 21:00,30.229
139,06.08 22:00,31.719
139,06.08 23:00,31.18
139,07.08 00:00,30.404
139,07.08 01:00,31.312
139,07.08 02:00,30.9
139,07.08 03:00,30.788
139,07.08 04:00,31.563
139,07.08 05:00,30.613
139,07.08 06:00,30.434
139,07.08 07:00,30.684
139,07.08 08:00,31.359
139,07.08 09:00,30.987
139,07.08 10:00,31.644
139,07.08 11:00,31.298
139,07.08 12:00,30.601
139,07.08 13:00,31.239
139,07.08 14:00,31.209
139,07.08 15:00,32.391
139,07.08 16:00,30.983
139,07.08 17:00,31.389
139,07.08 18:00,31.853
139,07.08 19:00,31.226
139,07.08 20:00,30.713
139,07.08 21:00,30.998
139,07.08 22:00,30.812
139,07.08 23:00,30.452
139,08.08 00:00,31.372
139,08.08 01:00,30.519
139,08.08 02:00,30.867
139,08.08 03:00,29.763
139,08.08 04:00,30.377
139,08.08 05:00,34.5
139,08.08 06:00,38.334
139,08.08 07:00,39.1
139,08.08 08:00,78.439
139,08.08 09:00,108.36
139,08.08 10:00,91.896
139,08.08 11:00,93.777
139,08.08 12:00,86.427
139,08.08 13:00,88.507
139,08.08 14:00,92.346
139,08.08 15:00,90.658
139,08.08 16:00,90.715
139,08.08 17:00,72.179
139,08.08 18:00,34.166
139,08.08 19:00,31.057
139,08.08 20:00,30.769
139,08.08 21:00,31.351
139,08.08 22:00,30.553
139,08.08 23:00,30.896
139,09.08 00:00,30.64
139,09.08 01:00,31.439
139,09.08 02:00,30.864
139,09.08 03:00,30.708
139,09.08 04:00,30.607
139,09.08 05:00,56.594
139,09.08 06:00,83.015
139,09.08 07:00,54.284
139,09.08 08:00,94.089
139,09.08 09:00,87.81
139,09.08 10:00,82.635
139,09.08 11:00,105.672
139,09.08 12:00,92.18
139,09.08 13:00,88.828
139,09.08 14:00,97.717
139,09.08 15:00,92.663
139,09.08 16:00,90.533
139,09.08 17:00,72.08
139,09.08 18:00,34.92
139,09.08 19:00,31.66
139,09.08 20:00,30.641
139,09.08 21:00,30.776
139,09.08 22:00,31.102
139,09.08 23:00,30.552
139,10.08 00:00,30.86
139,10.08 01:00,30.398
139,10.08 02:00,31.21
139,10.08 03:00,30.395
139,10.08 04:00,30.11
139,10.08 05:00,34.388
139,10.08 06:00,92.958
139,10.08 07:00,61.324
139,10.08 08:00,68.204
139,10.08 09:00,68.969
139,10.08 10:00,70.73
139,10.08 11:00,70.834
139,10.08 12:00,73.58
139,10.08 13:00,73.759
139,10.08 14:00,76.141
139,10.08 15:00,75.739
139,10.08 16:00,74.914
139,10.08 17:00,59.564
139,10.08 18:00,35.382
139,10.08 19:00,31.225
139,10.08 20:00,30.982
139,10.08 21:00,30.643
139,10.08 22:00,30.89
139,10.08 23:00,30.529
139,11.08 00:00,30.244
139,11.08 01:00,30.435
139,11.08 02:00,30.516
139,11.08 03:00,31.504
139,11.08 04:00,30.213
139,11.08 05:00,42.867
139,11.08 06:00,88.076
139,11.08 07:00,64.988
139,11.08 08:00,68.0
139,11.08 09:00,71.147
139,11.08 10:00,74.259
139,11.08 11:00,79.258
139,11.08 12:00,79.499
139,11.08 13:00,76.763
139,11.08 14:00,82.792
139,11.08 15:00,82.14
139,11.08 16:00,84.11
139,11.08 17:00,65.517
139,11.08 18:00,34.761
139,11.08 19:00,33.632
139,11.08 20:00,31.272
139,11.08 21:00,31.73
139,11.08 22:00,31.359
139,11.08 23:00,32.853
139,12.08 00:00,32.334
139,12.08 01:00,31.638
139,12.08 02:00,31.648
139,12.08 03:00,31.907
139,12.08 04:00,31.374
139,12.08 05:00,40.81
139,12.08 06:00,67.649
139,12.08 07:00,49.909
139,12.08 08:00,57.792
139,12.08 09:00,68.263
139,12.08 10:00,67.919
139,12.08 11:00,72.948
139,12.08 12:00,72.674
139,12.08 13:00,72.388
139,12.08 14:00,74.171
139,12.08 15:00,73.444
139,12.08 16:00,72.188
139,12.08 17:00,57.247
139,12.08 18:00,33.171
139,12.08 19:00,32.441
139,12.08 20:00,31.148
139,12.08 21:00,30.493
139,12.08 22:00,30.742
139,12.08 23:00,30.896
139,13.08 00:00,29.982
139,13.08 01:00,30.635
139,13.08 02:00,31.875
139,13.08 03:00,30.124
139,13.08 04:00,30.03
139,13.08 05:00,30.593
139,13.08 06:00,30.623
139,13.08 07:00,30.529
139,13.08 08:00,30.405
139,13.08 09:00,30.737
139,13.08 10:00,30.245
139,13.08 11:00,31.994
139,13.08 12:00,31.068
139,13.08 13:00,31.164
139,13.08 14:00,31.107
139,13.08 15:00,31.572
139,13.08 16:00,31.841
139,13.08 17:00,31.836
139,13.08 18:00,31.865
139,13.08 19:00,31.634
139,13.08 20:00,32.914
139,13.08 21:00,32.099
139,13.08 22:00,30.946
139,13.08 23:00,31.373
139,14.08 00:00,32.157
139,14.08 01:00,31.13
139,14.08 02:00,31.704
139,14.08 03:00,31.117
139,14.08 04:00,30.645
139,14.08 05:00,31.084
139,14.08 06:00,30.662
139,14.08 07:00,32.067
139,14.08 08:00,30.627
139,14.08 09:00,30.631
139,14.08 10:00,31.322
139,14.08 11:00,32.082
139,14.08 12:00,32.213
139,14.08 13:00,32.427
139,14.08 14:00,33.209
139,14.08 15:00,33.099
139,14.08 16:00,33.133
139,14.08 17:00,32.725
139,14.08 18:00,32.067
139,14.08 19:00,32.143
139,14.08 20:00,31.873
139,14.08 21:00,31.785
139,14.08 22:00,31.111
139,14.08 23:00,32.327
139,15.08 00:00,31.61
139,15.08 01:00,31.857
139,15.08 02:00,32.285
139,15.08 03:00,31.864
139,15.08 04:00,33.033
139,15.08 05:00,100.486
139,15.08 06:00,94.521
139,15.08 07:00,66.639
139,15.08 08:00,85.451
139,15.08 09:00,87.001
139,15.08 10:00,85.335
139,15.08 11:00,95.72
139,15.08 12:00,92.033
139,15.08 13:00,101.474
139,15.08 14:00,89.596
139,15.08 15:00,101.905
139,15.08 16:00,108.448
139,15.08 17:00,79.403
139,15.08 18:00,35.276
139,15.08 19:00,32.61
139,15.08 20:00,31.596
139,15.08 21:00,32.088
139,15.08 22:00,31.959
139,15.08 23:00,31.924
139,16.08 00:00,31.333
139,16.08 01:00,31.392
139,16.08 02:00,31.492
139,16.08 03:00,31.132
139,16.08 04:00,30.912
139,16.08 05:00,41.474
139,16.08 06:00,95.618
139,16.08 07:00,57.776
139,16.08 08:00,57.41
139,16.08 09:00,78.376
139,16.08 10:00,79.218
139,16.08 11:00,80.144
139,16.08 12:00,69.482
139,16.08 13:00,100.005
139,16.08 14:00,86.869
139,16.08 15:00,93.02
139,16.08 16:00,87.982
139,16.08 17:00,70.261
139,16.08 18:00,35.454
139,16.08 19:00,35.093
139,16.08 20:00,32.345
139,16.08 21:00,31.65
139,16.08 22:00,31.606
139,16.08 23:00,31.81
139,17.08 00:00,31.251
139,17.08 01:00,32.715
139,17.08 02:00,30.977
139,17.08 03:00,31.537
139,17.08 04:00,30.697
139,17.08 05:00,26.72
139,17.08 06:00,0.0
139,17.08 08:00,65.277
139,17.08 09:00,72.656
139,17.08 10:00,69.889
139,17.08 11:00,67.185
139,17.08 12:00,17.24
139,17.08 14:00,51.018
139,17.08 15:00,102.114
139,17.08 16:00,73.623
139,17.08 17:00,61.24
139,17.08 18:00,35.342
139,17.08 19:00,31.891
139,17.08 20:00,33.139
139,17.08 21:00,31.367
139,17.08 22:00,30.699
139,17.08 23:00,30.687
139,18.08 00:00,30.62
139,18.08 01:00,31.047
139,18.08 02:00,31.749
139,18.08 03:00,30.398
139,18.08 04:00,30.658
139,18.08 05:00,24.684
139,18.08 06:00,97.603
139,18.08 07:00,62.88
139,18.08 08:00,74.794
139,18.08 09:00,54.316
139,18.08 10:00,69.891
139,18.08 11:00,70.047
139,18.08 12:00,72.796
139,18.08 13:00,69.434
139,18.08 14:00,71.461
139,18.08 15:00,71.217
139,18.08 16:00,72.925
139,18.08 17:00,57.495
139,18.08 18:00,30.864
139,18.08 19:00,29.269
139,18.08 20:00,29.094
139,18.08 21:00,28.065
139,18.08 22:00,27.133
139,18.08 23:00,27.408
139,19.08 00:00,27.905
139,19.08 01:00,27.649
139,19.08 02:00,28.004
139,19.08 03:00,27.3
139,19.08 04:00,27.394
139,19.08 05:00,47.547
139,19.08 06:00,65.527
139,19.08 07:00,58.274
139,19.08 08:00,63.84
139,19.08 09:00,65.724
139,19.08 10:00,71.405
139,19.08 11:00,70.029
139,19.08 12:00,73.499
139,19.08 13:00,73.656
139,19.08 14:00,75.26
139,19.08 15:00,75.41
139,19.08 16:00,75.096
139,19.08 17:00,57.602
139,19.08 18:00,30.224
139,19.08 19:00,27.716
139,19.08 20:00,27.549
139,19.08 21:00,27.624
139,19.08 22:00,27.224
139,19.08 23:00,27.05
139,20.08 00:00,27.366
139,20.08 01:00,26.721
139,20.08 02:00,27.728
139,20.08 03:00,26.982
139,20.08 04:00,26.994
139,20.08 05:00,27.123
139,20.08 06:00,26.473
139,20.08 07:00,26.499
139,20.08 08:00,26.648
139,20.08 09:00,26.995
139,20.08 10:00,28.335
139,20.08 11:00,27.303
139,20.08 12:00,26.889
139,20.08 13:00,26.926
139,20.08 14:00,27.643
139,20.08 15:00,27.606
139,20.08 16:00,27.935
139,20.08 17:00,28.682
139,20.08 18:00,28.608
139,20.08 19:00,27.698
139,20.08 20:00,28.137
139,20.08 21:00,27.483
139,20.08 22:00,27.602
139,20.08 23:00,28.468
139,21.08 00:00,27.268
139,21.08 01:00,27.21
139,21.08 02:00,26.801
139,21.08 03:00,27.142
139,21.08 04:00,26.844
139,21.08 05:00,27.119
139,21.08 06:00,27.295
139,21.08 07:00,27.791
139,21.08 08:00,26.779
139,21.08 09:00,26.431
139,21.08 10:00,27.145
139,21.08 11:00,27.631
139,21.08 12:00,27.312
139,21.08 13:00,28.104
139,21.08 14:00,27.612
139,21.08 15:00,28.57
139,21.08 16:00,28.839
139,21.08 17:00,28.334
139,21.08 18:00,28.638
139,21.08 19:00,28.127
139,21.08 20:00,28.466
139,21.08 21:00,27.686
139,21.08 22:00,28.113
139,21.08 23:00,27.886
139,22.08 00:00,29.002
139,22.08 01:00,27.569
139,22.08 02:00,28.341
139,22.08 03:00,27.718
139,22.08 04:00,29.972
139,22.08 05:00,96.98
139,22.08 06:00,69.794
139,22.08 07:00,54.639
139,22.08 08:00,74.05
139,22.08 09:00,71.408
139,22.08 10:00,78.006
139,22.08 11:00,80.078
139,22.08 12:00,84.115
139,22.08 13:00,81.562
139,22.08 14:00,83.61
139,22.08 15:00,87.255
139,22.08 16:00,86.664
139,22.08 17:00,65.0
139,22.08 18:00,31.112
139,22.08 19:00,28.948
139,22.08 20:00,29.351
139,22.08 21:00,28.458
139,22.08 22:00,28.61
139,22.08 23:00,27.375
139,23.08 00:00,28.117
139,23.08 01:00,27.822
139,23.08 02:00,27.776
139,23.08 03:00,28.608
139,23.08 04:00,27.881
139,23.08 05:00,52.399
139,23.08 06:00,75.606
139,23.08 07:00,63.771
139,23.08 08:00,64.952
139,23.08 09:00,74.996
139,23.08 10:00,76.556
139,23.08 11:00,75.114
139,23.08 12:00,81.474
139,23.08 13:00,76.375
139,23.08 14:00,79.228
139,23.08 15:00,79.178
139,23.08 16:00,82.997
139,23.08 17:00,63.445
139,23.08 18:00,29.937
139,23.08 19:00,28.181
139,23.08 20:00,27.964
139,23.08 21:00,28.737
139,23.08 22:00,28.631
139,23.08 23:00,28.116
139,24.08 00:00,29.743
139,24.08 01:00,27.982
139,24.08 02:00,27.359
139,24.08 03:00,27.363
139,24.08 04:00,27.54
139,24.08 05:00,46.859
139,24.08 06:00,74.644
139,24.08 07:00,66.825
139,24.08 08:00,61.264
139,24.08 09:00,67.484
139,24.08 10:00,67.572
139,24.08 11:00,71.061
139,24.08 12:00,71.178
139,24.08 13:00,69.021
139,24.08 14:00,70.2
139,24.08 15:00,70.67
139,24.08 16:00,69.102
139,24.08 17:00,58.306
139,24.08 18:00,31.349
139,24.08 19:00,28.48
139,24.08 20:00,28.689
139,24.08 21:00,30.63
139,24.08 22:00,28.719
139,24.08 23:00,29.115
139,25.08 00:00,28.199
139,25.08 01:00,28.092
139,25.08 02:00,28.246
139,25.08 03:00,29.184
139,25.08 04:00,28.226
139,25.08 05:00,42.599
139,25.08 06:00,63.211
139,25.08 07:00,48.208
139,25.08 08:00,51.324
139,25.08 09:00,60.657
139,25.08 10:00,62.39
139,25.08 11:00,60.654
139,25.08 12:00,64.955
139,25.08 13:00,63.09
139,25.08 14:00,67.606
139,25.08 15:00,66.618
139,25.08 16:00,66.749
139,25.08 17:00,57.227
139,25.08 18:00,32.066
139,25.08 19:00,28.793
139,25.08 20:00,19.958
139,25.08 21:00,33.598
139,25.08 22:00,30.368
139,25.08 23:00,27.408
139,26.08 00:00,27.981
139,26.08 01:00,26.134
139,26.08 02:00,27.513
139,26.08 03:00,27.852
139,26.08 04:00,29.585
139,26.08 05:00,37.669
139,26.08 06:00,55.384
139,26.08 07:00,68.331
139,26.08 08:00,64.02
139,26.08 09:00,61.728
139,26.08 10:00,64.914
139,26.08 11:00,62.988
139,26.08 12:00,67.825
139,26.08 13:00,69.603
139,26.08 14:00,74.336
139,26.08 15:00,68.715
139,26.08 16:00,60.03
139,26.08 17:00,53.275
139,26.08 18:00,28.86
139,26.08 19:00,26.335
139,26.08 20:00,27.736
139,26.08 21:00,25.947
139,26.08 22:00,27.846
139,26.08 23:00,25.748
139,27.08 00:00,25.858
139,27.08 01:00,23.676
139,27.08 02:00,27.651
139,27.08 03:00,23.504
139,27.08 04:00,26.713
139,27.08 05:00,26.13
139,27.08 06:00,25.795
139,27.08 07:00,28.322
139,27.08 08:00,26.386
139,27.08 09:00,26.862
139,27.08 10:00,26.13
139,27.08 11:00,27.287
139,27.08 12:00,25.975
139,27.08 13:00,26.656
139,27.08 14:00,27.17
139,27.08 15:00,27.376
139,27.08 16:00,27.756
139,27.08 17:00,24.533
139,27.08 18:00,29.795
139,27.08 19:00,26.22
139,27.08 20:00,23.175
139,27.08 21:00,28.11
139,27.08 22:00,26.061
139,27.08 23:00,26.329
139,28.08 00:00,23.286
139,28.08 01:00,27.369
139,28.08 02:00,23.647
139,28.08 03:00,27.734
139,28.08 04:00,22.646
139,28.08 05:00,24.936
139,28.08 06:00,27.721
139,28.08 07:00,25.262
139,28.08 08:00,25.033
139,28.08 09:00,24.817
139,28.08 10:00,25.579
139,28.08 11:00,25.139
139,28.08 12:00,25.211
139,28.08 13:00,25.625
139,28.08 14:00,24.341
139,28.08 15:00,28.364
139,28.08 16:00,27.167
139,28.08 17:00,23.733
139,28.08 18:00,25.653
139,28.08 19:00,26.631
139,28.08 20:00,27.772
139,28.08 21:00,23.461
139,28.08 22:00,28.001
139,28.08 23:00,25.403
139,29.08 00:00,24.274
139,29.08 01:00,27.124
139,29.08 02:00,23.594
139,29.08 03:00,27.358
139,29.08 04:00,26.911
139,29.08 05:00,79.607
139,29.08 06:00,69.357
139,29.08 07:00,64.32
139,29.08 08:00,57.723
139,29.08 09:00,71.229
139,29.08 10:00,80.761
139,29.08 11:00,77.295
139,29.08 12:00,70.349
139,29.08 13:00,80.858
139,29.08 14:00,84.053
139,29.08 15:00,93.13
139,29.08 16:00,85.402
139,29.08 17:00,69.826
139,29.08 18:00,29.818
139,29.08 19:00,33.125
139,29.08 20:00,26.323
139,29.08 21:00,27.215
139,29.08 22:00,30.139
139,29.08 23:00,27.359
139,30.08 00:00,24.402
139,30.08 01:00,27.002
139,30.08 02:00,26.735
139,30.08 03:00,27.284
139,30.08 04:00,29.133
139,30.08 05:00,38.404
139,30.08 06:00,69.191
139,30.08 07:00,58.862
139,30.08 08:00,53.69
139,30.08 09:00,70.454
139,30.08 10:00,72.709
139,30.08 11:00,80.872
139,30.08 12:00,77.274
139,30.08 13:00,78.059
139,30.08 14:00,84.28
139,30.08 15:00,93.754
139,30.08 16:00,78.106
139,30.08 17:00,73.646
139,30.08 18:00,31.412
139,30.08 19:00,30.273
139,30.08 20:00,25.827
139,30.08 21:00,27.852
139,30.08 22:00,30.0
139,30.08 23:00,27.497
139,31.08 00:00,25.214
139,31.08 01:00,28.367
139,31.08 02:00,27.183
139,31.08 03:00,27.113
139,31.08 04:00,27.274
139,31.08 05:00,40.422
139,31.08 06:00,75.439
139,31.08 07:00,73.395
139,31.08 08:00,63.964
139,31.08 09:00,70.219
139,31.08 10:00,76.094
139,31.08 11:00,80.584
139,31.08 12:00,81.726
139,31.08 13:00,81.574
139,31.08 14:00,82.558
139,31.08 15:00,82.446
139,31.08 16:00,76.421
139,31.08 17:00,67.37
139,31.08 18:00,31.497
139,31.08 19:00,32.082
139,31.08 20:00,32.136
139,31.08 21:00,30.124
139,31.08 22:00,26.598
139,31.08 23:00,30.592
139,01.09 00:00,28.226
139,01.09 01:00,28.535
139,01.09 02:00,26.762
139,01.09 03:00,28.086
139,01.09 04:00,30.173
139,01.09 05:00,47.742
139,01.09 06:00,63.465
139,01.09 07:00,67.143
139,01.09 08:00,64.623
139,01.09 09:00,73.688
139,01.09 10:00,82.965
139,01.09 11:00,81.38
139,01.09 12:00,70.598
139,01.09 13:00,83.923
139,01.09 14:00,83.37
139,01.09 15:00,93.618
139,01.09 16:00,79.082
139,01.09 17:00,69.582
139,01.09 18:00,35.245
139,01.09 19:00,29.606
139,01.09 20:00,29.161
139,01.09 21:00,26.227
139,01.09 22:00,30.215
139,01.09 23:00,27.238
139,02.09 00:00,27.461
139,02.09 01:00,26.964
139,02.09 02:00,27.402
139,02.09 03:00,28.132
139,02.09 04:00,26.624
139,02.09 05:00,41.618
139,02.09 06:00,70.544
139,02.09 07:00,67.666
139,02.09 08:00,60.935
139,02.09 09:00,66.223
139,02.09 10:00,71.283
139,02.09 11:00,70.699
139,02.09 12:00,73.808
139,02.09 13:00,73.425
139,02.09 14:00,73.766
139,02.09 15:00,74.06
139,02.09 16:00,71.904
139,02.09 17:00,54.165
139,02.09 18:00,35.089
139,02.09 19:00,26.368
139,02.09 20:00,31.382
139,02.09 21:00,29.868
139,02.09 22:00,28.328
139,02.09 23:00,27.769
139,03.09 00:00,26.957
139,03.09 01:00,25.296
139,03.09 02:00,29.525
139,03.09 03:00,25.075
139,03.09 04:00,27.126
139,03.09 05:00,27.094
139,03.09 06:00,29.741
139,03.09 07:00,25.298
139,03.09 08:00,29.132
139,03.09 09:00,27.066
139,03.09 10:00,27.022
139,03.09 11:00,28.297
139,03.09 12:00,27.463
139,03.09 13:00,27.691
139,03.09 14:00,27.448
139,03.09 15:00,27.715
139,03.09 16:00,28.719
139,03.09 17:00,25.235
139,03.09 18:00,30.273
139,03.09 19:00,27.771
139,03.09 20:00,27.522
139,03.09 21:00,27.158
139,03.09 22:00,25.096
139,03.09 23:00,26.923
139,04.09 00:00,29.365
139,04.09 01:00,28.874
139,04.09 02:00,27.595
139,04.09 03:00,27.042
139,04.09 04:00,25.271
139,04.09 05:00,29.344
139,04.09 06:00,26.871
139,04.09 07:00,24.501
139,04.09 08:00,26.848
139,04.09 09:00,30.819
139,04.09 10:00,25.262
139,04.09 11:00,26.964
139,04.09 12:00,29.129
139,04.09 13:00,25.339
139,04.09 14:00,29.445
139,04.09 15:00,26.704
139,04.09 16:00,27.5
139,04.09 17:00,26.046
139,04.09 18:00,29.869
139,04.09 19:00,25.475
139,04.09 20:00,29.18
139,04.09 21:00,27.344
139,04.09 22:00,27.101
139,04.09 23:00,24.632
139,05.09 00:00,27.261
139,05.09 01:00,30.478
139,05.09 02:00,26.625
139,05.09 03:00,27.305
139,05.09 04:00,28.488
139,05.09 05:00,44.688
139,05.09 06:00,40.346
139,05.09 07:00,36.736
139,05.09 08:00,35.373
139,05.09 09:00,35.755
139,05.09 10:00,35.668
139,05.09 11:00,36.354
139,05.09 12:00,51.468
139,05.09 13:00,56.871
139,05.09 14:00,60.499
139,05.09 15:00,55.582
139,05.09 16:00,52.383
139,05.09 17:00,51.588
139,05.09 18:00,27.172
139,05.09 19:00,27.257
139,05.09 20:00,26.966
139,05.09 21:00,27.34
139,05.09 22:00,27.135
139,05.09 23:00,27.907
139,06.09 00:00,24.632
139,06.09 01:00,29.408
139,06.09 02:00,24.721
139,06.09 03:00,29.76
139,06.09 04:00,26.896
139,06.09 05:00,31.446
139,06.09 06:00,43.049
139,06.09 07:00,43.564
139,06.09 08:00,48.148
139,06.09 09:00,46.567
139,06.09 10:00,51.886
139,06.09 11:00,73.208
139,06.09 12:00,64.697
139,06.09 13:00,67.421
139,06.09 14:00,70.971
139,06.09 15:00,74.107
139,06.09 16:00,70.971
139,06.09 17:00,54.948
139,06.09 18:00,29.637
139,06.09 19:00,27.663
139,06.09 20:00,26.052
139,06.09 21:00,29.713
139,06.09 22:00,26.744
139,06.09 23:00,24.633
139,07.09 00:00,26.162
139,07.09 01:00,29.088
139,07.09 02:00,26.837
139,07.09 03:00,26.386
139,07.09 04:00,25.613
139,07.09 05:00,36.397
139,07.09 06:00,48.227
139,07.09 07:00,60.088
139,07.09 08:00,53.612
139,07.09 09:00,64.413
139,07.09 10:00,61.67
139,07.09 11:00,68.955
139,07.09 12:00,71.545
139,07.09 13:00,68.786
139,07.09 14:00,69.315
139,07.09 15:00,68.522
139,07.09 16:00,66.986
139,07.09 17:00,57.514
139,07.09 18:00,34.792
139,07.09 19:00,29.118
139,07.09 20:00,29.079
139,07.09 21:00,30.553
139,07.09 22:00,27.686
139,07.09 23:00,25.591
139,08.09 00:00,30.501
139,08.09 01:00,27.384
139,08.09 02:00,26.873
139,08.09 03:00,27.53
139,08.09 04:00,26.74
139,08.09 05:00,34.894
139,08.09 06:00,69.937
139,08.09 07:00,56.554
139,08.09 08:00,61.03
139,08.09 09:00,63.146
139,08.09 10:00,68.614
139,08.09 11:00,68.72
139,08.09 12:00,71.051
139,08.09 13:00,71.981
139,08.09 14:00,68.996
139,08.09 15:00,69.749
139,08.09 16:00,76.19
139,08.09 17:00,57.072
139,08.09 18:00,32.085
139,08.09 19:00,28.113
139,08.09 20:00,25.133
139,08.09 21:00,26.877
139,08.09 22:00,29.16
139,08.09 23:00,26.87
139,09.09 00:00,27.377
139,09.09 01:00,27.08
139,09.09 02:00,27.879
139,09.09 03:00,27.187
139,09.09 04:00,26.848
139,09.09 05:00,43.837
139,09.09 06:00,60.885
139,09.09 07:00,57.671
139,09.09 08:00,59.417
139,09.09 09:00,56.248
139,09.09 10:00,63.468
139,09.09 11:00,69.985
139,09.09 12:00,65.793
139,09.09 13:00,50.436
139,09.09 14:00,82.642
139,09.09 15:00,65.535
139,09.09 16:00,59.795
139,09.09 17:00,57.201
139,09.09 18:00,31.781
139,09.09 19:00,25.256
139,09.09 20:00,29.871
139,09.09 21:00,27.991
139,09.09 22:00,27.713
139,09.09 23:00,27.715
139,10.09 00:00,28.849
139,10.09 01:00,27.383
139,10.09 02:00,25.988
139,10.09 03:00,30.308
139,10.09 04:00,28.025
139,10.09 05:00,28.11
139,10.09 06:00,27.867
139,10.09 07:00,25.363
139,10.09 08:00,28.448
139,10.09 09:00,28.112
139,10.09 10:00,31.893
139,10.09 11:00,26.591
139,10.09 12:00,32.617
139,10.09 13:00,29.371
139,10.09 14:00,30.162
139,10.09 15:00,29.793
139,10.09 16:00,28.442
139,10.09 17:00,27.592
139,10.09 18:00,27.865
139,10.09 19:00,25.054
139,10.09 20:00,29.25
139,10.09 21:00,28.059
139,10.09 22:00,27.114
139,10.09 23:00,27.302
139,11.09 00:00,26.832
139,11.09 01:00,26.721
139,11.09 02:00,25.023
139,11.09 03:00,26.907
139,11.09 04:00,28.223
139,11.09 05:00,29.068
139,11.09 06:00,26.488
139,11.09 07:00,25.992
139,11.09 08:00,26.843
139,11.09 09:00,26.838
139,11.09 10:00,27.349
139,11.09 11:00,28.117
139,11.09 12:00,28.312
139,11.09 13:00,26.471
139,11.09 14:00,28.711
139,11.09 15:00,27.559
139,11.09 16:00,29.955
139,11.09 17:00,25.283
139,11.09 18:00,30.148
139,11.09 19:00,26.509
139,11.09 20:00,29.87
139,11.09 21:00,28.041
139,11.09 22:00,27.203
139,11.09 23:00,27.38
139,12.09 00:00,27.566
139,12.09 01:00,27.324
139,12.09 02:00,28.365
139,12.09 03:00,27.631
139,12.09 04:00,28.564
139,12.09 05:00,82.374
139,12.09 06:00,62.315
139,12.09 07:00,61.352
139,12.09 08:00,63.444
139,12.09 09:00,65.828
139,12.09 10:00,71.19
139,12.09 11:00,71.505
139,12.09 12:00,74.687
139,12.09 13:00,74.514
139,12.09 14:00,70.732
139,12.09 15:00,71.603
139,12.09 16:00,65.301
139,12.09 17:00,63.42
139,12.09 18:00,29.526
139,12.09 19:00,27.247
139,12.09 20:00,28.571
139,12.09 21:00,26.389
139,12.09 22:00,27.216
139,12.09 23:00,27.227
139,13.09 00:00,26.163
139,13.09 01:00,26.474
139,13.09 02:00,25.953
139,13.09 03:00,26.574
139,13.09 04:00,26.497
139,13.09 05:00,34.368
139,13.09 06:00,45.623
139,13.09 07:00,40.548
139,13.09 08:00,45.062
139,13.09 09:00,47.389
139,13.09 10:00,50.737
139,13.09 11:00,70.969
139,13.09 12:00,66.562
139,13.09 13:00,70.258
139,13.09 14:00,72.197
139,13.09 15:00,70.497
139,13.09 16:00,71.468
139,13.09 17:00,58.044
139,13.09 18:00,28.365
139,13.09 19:00,27.359
139,13.09 20:00,27.818
139,13.09 21:00,27.246
139,13.09 22:00,27.013
139,13.09 23:00,27.04
139,14.09 00:00,27.763
139,14.09 01:00,27.053
139,14.09 02:00,27.266
139,14.09 03:00,27.36
139,14.09 04:00,27.281
139,14.09 05:00,34.258
139,14.09 06:00,45.071
139,14.09 07:00,44.448
139,14.09 08:00,44.96
139,14.09 09:00,46.405
139,14.09 10:00,63.314
139,14.09 11:00,62.569
139,14.09 12:00,60.275
139,14.09 13:00,59.013
139,14.09 14:00,66.262
139,14.09 15:00,66.061
139,14.09 16:00,63.062
139,14.09 17:00,52.744
139,14.09 18:00,30.949
139,14.09 19:00,29.75
139,14.09 20:00,27.495
139,14.09 21:00,27.125
139,14.09 22:00,27.203
139,14.09 23:00,26.834
139,15.09 00:00,27.709
139,15.09 01:00,26.85
139,15.09 02:00,27.192
139,15.09 03:00,27.001
139,15.09 04:00,26.713
139,15.09 05:00,34.863
139,15.09 06:00,44.449
139,15.09 07:00,43.714
139,15.09 08:00,45.574
139,15.09 09:00,49.923
139,15.09 10:00,49.329
139,15.09 11:00,48.837
139,15.09 12:00,51.563
139,15.09 13:00,50.169
139,15.09 14:00,60.869
139,15.09 15:00,57.756
139,15.09 16:00,58.829
139,15.09 17:00,49.474
139,15.09 18:00,29.39
139,15.09 19:00,25.79
139,15.09 20:00,27.81
139,15.09 21:00,26.877
139,15.09 22:00,27.728
139,15.09 23:00,27.824
139,16.09 00:00,28.639
139,16.09 01:00,28.219
139,16.09 02:00,27.671
139,16.09 03:00,28.072
139,16.09 04:00,27.963
139,16.09 05:00,35.153
139,16.09 06:00,46.021
139,16.09 07:00,44.416
139,16.09 08:00,45.856
139,16.09 09:00,46.784
139,16.09 10:00,48.639
139,16.09 11:00,49.272
139,16.09 12:00,59.976
139,16.09 13:00,66.234
139,16.09 14:00,62.25
139,16.09 15:00,64.001
139,16.09 16:00,60.975
139,16.09 17:00,49.289
139,16.09 18:00,27.382
139,16.09 19:00,25.42
139,16.09 20:00,26.794
139,16.09 21:00,28.619
139,16.09 22:00,26.769
139,16.09 23:00,26.875
139,17.09 00:00,26.772
139,17.09 01:00,26.789
139,17.09 02:00,26.526
139,17.09 03:00,26.818
139,17.09 04:00,27.999
139,17.09 05:00,26.336
139,17.09 06:00,26.839
139,17.09 07:00,25.951
139,17.09 08:00,25.243
139,17.09 09:00,25.412
139,17.09 10:00,25.342
139,17.09 11:00,25.687
139,17.09 12:00,26.557
139,17.09 13:00,26.7
139,17.09 14:00,26.394
139,17.09 15:00,26.741
139,17.09 16:00,27.3
139,17.09 17:00,27.583
139,17.09 18:00,25.242
139,17.09 19:00,25.569
139,17.09 20:00,27.089
139,17.09 21:00,26.886
139,17.09 22:00,26.84
139,17.09 23:00,26.976
139,18.09 00:00,26.93
139,18.09 01:00,27.674
139,18.09 02:00,26.762
139,18.09 03:00,26.816
139,18.09 04:00,26.998
139,18.09 05:00,26.654
139,18.09 06:00,27.395
139,18.09 07:00,25.236
139,18.09 08:00,24.954
139,18.09 09:00,26.406
139,18.09 10:00,25.958
139,18.09 11:00,26.119
139,18.09 12:00,25.949
139,18.09 13:00,26.309
139,18.09 14:00,26.115
139,18.09 15:00,26.974
139,18.09 16:00,26.382
139,18.09 17:00,27.141
139,18.09 18:00,26.217
139,18.09 19:00,26.335
139,18.09 20:00,26.953
139,18.09 21:00,27.568
139,18.09 22:00,27.242
139,18.09 23:00,28.469
139,19.09 00:00,27.577
139,19.09 01:00,27.358
139,19.09 02:00,27.102
139,19.09 03:00,27.303
139,19.09 04:00,28.961
139,19.09 05:00,79.377
139,19.09 06:00,61.994
139,19.09 07:00,59.02
139,19.09 08:00,62.112
139,19.09 09:00,64.172
139,19.09 10:00,71.486
139,19.09 11:00,76.656
139,19.09 12:00,73.039
139,19.09 13:00,73.902
139,19.09 14:00,74.214
139,19.09 15:00,74.928
139,19.09 16:00,73.033
139,19.09 17:00,60.095
139,19.09 18:00,32.216
139,19.09 19:00,32.093
139,19.09 20:00,32.925
139,19.09 21:00,27.905
139,19.09 22:00,28.076
139,19.09 23:00,28.272
139,20.09 00:00,27.71
139,20.09 01:00,27.632
139,20.09 02:00,27.772
139,20.09 03:00,28.051
139,20.09 04:00,28.949
139,20.09 05:00,49.017
139,20.09 06:00,68.327
139,20.09 07:00,59.439
139,20.09 08:00,63.511
139,20.09 09:00,68.319
139,20.09 10:00,70.577
139,20.09 11:00,73.518
139,20.09 12:00,71.544
139,20.09 13:00,73.531
139,20.09 14:00,75.623
139,20.09 15:00,76.186
139,20.09 16:00,75.243
139,20.09 17:00,61.606
139,20.09 18:00,29.038
139,20.09 19:00,27.234
139,20.09 20:00,28.035
139,20.09 21:00,27.757
139,20.09 22:00,27.774
139,20.09 23:00,29.169
139,21.09 00:00,27.244
139,21.09 01:00,27.967
139,21.09 02:00,28.086
139,21.09 03:00,26.672
139,21.09 04:00,27.597
139,21.09 05:00,42.941
139,21.09 06:00,60.583
139,21.09 07:00,52.575
139,21.09 08:00,49.828
139,21.09 09:00,73.935
139,21.09 10:00,69.791
139,21.09 11:00,74.333
139,21.09 12:00,73.824
139,21.09 13:00,73.083
139,21.09 14:00,70.665
139,21.09 15:00,69.531
139,21.09 16:00,68.496
139,21.09 17:00,56.769
139,21.09 18:00,36.29
139,21.09 19:00,30.851
139,21.09 20:00,28.487
139,21.09 21:00,28.138
139,21.09 22:00,29.053
139,21.09 23:00,27.423
139,22.09 00:00,27.723
139,22.09 01:00,27.448
139,22.09 02:00,27.565
139,22.09 03:00,27.626
139,22.09 04:00,28.116
139,22.09 05:00,35.022
139,22.09 06:00,45.301
139,22.09 07:00,41.77
139,22.09 08:00,46.435
139,22.09 09:00,47.889
139,22.09 10:00,66.418
139,22.09 11:00,66.573
139,22.09 12:00,69.1
139,22.09 13:00,70.157
139,22.09 14:00,72.48
139,22.09 15:00,69.698
139,22.09 16:00,48.524
139,22.09 17:00,40.521
139,22.09 18:00,28.12
139,22.09 19:00,26.407
139,22.09 20:00,27.276
139,22.09 21:00,27.471
139,22.09 22:00,27.189
139,22.09 23:00,26.616
139,23.09 00:00,28.082
139,23.09 01:00,26.892
139,23.09 02:00,26.649
139,23.09 03:00,27.205
139,23.09 04:00,27.089
139,23.09 05:00,35.063
139,23.09 06:00,44.315
139,23.09 07:00,43.099
139,23.09 08:00,44.155
139,23.09 09:00,43.99
139,23.09 10:00,46.647
139,23.09 11:00,45.958
139,23.09 12:00,45.923
139,23.09 13:00,45.547
139,23.09 14:00,44.599
139,23.09 15:00,44.409
139,23.09 16:00,44.177
139,23.09 17:00,37.692
139,23.09 18:00,28.626
139,23.09 19:00,27.445
139,23.09 20:00,28.737
139,23.09 21:00,26.965
139,23.09 22:00,27.472
139,23.09 23:00,28.347
139,24.09 00:00,27.841
139,24.09 01:00,27.755
139,24.09 02:00,27.373
139,24.09 03:00,28.509
139,24.09 04:00,27.809
139,24.09 05:00,27.312
139,24.09 06:00,27.607
139,24.09 07:00,27.187
139,24.09 08:00,26.304
139,24.09 09:00,27.285
139,24.09 10:00,28.223
139,24.09 11:00,26.129
139,24.09 12:00,25.916
139,24.09 13:00,26.408
139,24.09 14:00,25.964
139,24.09 15:00,26.476
139,24.09 16:00,26.791
139,24.09 17:00,26.596
139,24.09 18:00,27.081
139,24.09 19:00,26.83
139,24.09 20:00,27.264
139,24.09 21:00,26.956
139,24.09 22:00,26.965
139,24.09 23:00,27.249
139,25.09 00:00,26.756
139,25.09 01:00,28.048
139,25.09 02:00,27.464
139,25.09 03:00,27.025
139,25.09 04:00,27.192
139,25.09 05:00,26.952
139,25.09 06:00,27.055
139,25.09 07:00,24.985
139,25.09 08:00,25.571
139,25.09 09:00,25.031
139,25.09 10:00,25.445
139,25.09 11:00,25.624
139,25.09 12:00,25.802
139,25.09 13:00,25.066
139,25.09 14:00,26.662
139,25.09 15:00,27.06
139,25.09 16:00,26.634
139,25.09 17:00,25.831
139,25.09 18:00,25.797
139,25.09 19:00,26.143
139,25.09 20:00,28.593
139,25.09 21:00,26.715
139,25.09 22:00,27.87
139,25.09 23:00,27.342
139,26.09 00:00,27.373
139,26.09 01:00,26.727
139,26.09 02:00,26.993
139,26.09 03:00,27.867
139,26.09 04:00,28.121
139,26.09 05:00,38.635
139,26.09 06:00,41.293
139,26.09 07:00,40.797
139,26.09 08:00,48.951
139,26.09 09:00,47.517
139,26.09 10:00,49.231
139,26.09 11:00,50.779
139,26.09 12:00,68.555
139,26.09 13:00,64.624
139,26.09 14:00,65.064
139,26.09 15:00,65.565
139,26.09 16:00,63.503
139,26.09 17:00,54.775
139,26.09 18:00,29.039
139,26.09 19:00,27.55
139,26.09 20:00,27.744
139,26.09 21:00,26.434
139,26.09 22:00,27.021
139,26.09 23:00,26.38
139,27.09 00:00,27.931
139,27.09 01:00,26.602
139,27.09 02:00,26.404
139,27.09 03:00,26.62
139,27.09 04:00,26.869
139,27.09 05:00,33.104
139,27.09 06:00,41.589
139,27.09 07:00,42.195
139,27.09 08:00,43.916
139,27.09 09:00,45.327
139,27.09 10:00,49.004
139,27.09 11:00,64.972
139,27.09 12:00,68.981
139,27.09 13:00,67.682
139,27.09 14:00,69.206
139,27.09 15:00,66.394
139,27.09 16:00,77.515
139,27.09 17:00,55.59
139,27.09 18:00,28.741
139,27.09 19:00,27.773
139,27.09 20:00,27.753
139,27.09 21:00,25.973
139,27.09 22:00,27.329
139,27.09 23:00,26.15
139,28.09 00:00,26.554
139,28.09 01:00,26.363
139,28.09 02:00,27.175
139,28.09 03:00,27.608
139,28.09 04:00,26.887
139,28.09 05:00,33.777
139,28.09 06:00,43.45
139,28.09 07:00,41.876
139,28.09 08:00,45.606
139,28.09 09:00,46.233
139,28.09 10:00,64.689
139,28.09 11:00,62.29
139,28.09 12:00,70.855
139,28.09 13:00,73.704
139,28.09 14:00,70.866
139,28.09 15:00,75.194
139,28.09 16:00,71.561
139,28.09 17:00,56.945
139,28.09 18:00,31.03
139,28.09 19:00,29.271
139,28.09 20:00,28.401
139,28.09 21:00,26.951
139,28.09 22:00,26.124
139,28.09 23:00,26.636
139,29.09 00:00,26.796
139,29.09 01:00,26.212
139,29.09 02:00,27.046
139,29.09 03:00,26.894
139,29.09 04:00,27.738
139,29.09 05:00,41.016
139,29.09 06:00,61.413
139,29.09 07:00,57.212
139,29.09 08:00,62.631
139,29.09 09:00,60.335
139,29.09 10:00,62.463
139,29.09 11:00,62.42
139,29.09 12:00,68.897
139,29.09 13:00,63.429
139,29.09 14:00,62.947
139,29.09 15:00,66.009
139,29.09 16:00,62.009
139,29.09 17:00,49.363
139,29.09 18:00,33.222
139,29.09 19:00,27.972
139,29.09 20:00,27.612
139,29.09 21:00,27.193
139,29.09 22:00,27.085
139,29.09 23:00,27.134
139,30.09 00:00,27.254
139,30.09 01:00,28.172
139,30.09 02:00,26.952
139,30.09 03:00,27.096
139,30.09 04:00,26.528
139,30.09 05:00,40.064
139,30.09 06:00,57.87
139,30.09 07:00,58.678
139,30.09 08:00,60.497
139,30.09 09:00,62.391
139,30.09 10:00,66.919
139,30.09 11:00,67.456
139,30.09 12:00,68.298
139,30.09 13:00,66.039
139,30.09 14:00,68.629
139,30.09 15:00,65.405
139,30.09 16:00,65.548
139,30.09 17:00,50.088
139,30.09 18:00,29.794
139,30.09 19:00,27.614
139,30.09 20:00,27.095
139,30.09 21:00,25.915
139,30.09 22:00,26.673
139,30.09 23:00,26.996
