14,01.03 00:00,495.866
14,01.03 01:00,485.51
14,01.03 02:00,479.128
14,01.03 03:00,481.538
14,01.03 04:00,478.878
14,01.03 05:00,485.428
14,01.03 06:00,493.177
14,01.03 07:00,500.46
14,01.03 08:00,504.187
14,01.03 09:00,547.554
14,01.03 10:00,584.647
14,01.03 11:00,584.325
14,01.03 12:00,614.544
14,01.03 13:00,619.46
14,01.03 14:00,616.731
14,01.03 15:00,629.643
14,01.03 16:00,617.837
14,01.03 17:00,632.112
14,01.03 18:00,592.648
14,01.03 19:00,573.08
14,01.03 20:00,554.841
14,01.03 21:00,530.403
14,01.03 22:00,521.584
14,01.03 23:00,515.236
14,02.03 00:00,494.624
14,02.03 01:00,502.263
14,02.03 02:00,498.83
14,02.03 03:00,494.329
14,02.03 04:00,494.801
14,02.03 05:00,484.922
14,02.03 06:00,500.504
14,02.03 07:00,497.84
14,02.03 08:00,504.686
14,02.03 09:00,545.884
14,02.03 10:00,561.356
14,02.03 11:00,572.813
14,02.03 12:00,593.806
14,02.03 13:00,581.598
14,02.03 14:00,587.989
14,02.03 15:00,576.796
14,02.03 16:00,590.934
14,02.03 17:00,581.407
14,02.03 18:00,565.162
14,02.03 19:00,541.792
14,02.03 20:00,533.313
14,02.03 21:00,513.306
14,02.03 22:00,505.359
14,02.03 23:00,491.921
14,03.03 00:00,484.906
14,03.03 01:00,477.002
14,03.03 02:00,477.775
14,03.03 03:00,476.219
14,03.03 04:00,473.336
14,03.03 05:00,472.127
14,03.03 06:00,487.437
14,03.03 07:00,489.802
14,03.03 08:00,491.828
14,03.03 09:00,528.206
14,03.03 10:00,560.781
14,03.03 11:00,582.144
14,03.03 12:00,596.577
14,03.03 13:00,596.613
14,03.03 14:00,613.741
14,03.03 15:00,605.881
14,03.03 16:00,601.918
14,03.03 17:00,593.923
14,03.03 18:00,564.503
14,03.03 19:00,552.25
14,03.03 20:00,532.389
14,03.03 21:00,514.704
14,03.03 22:00,498.069
14,03.03 23:00,493.502
14,04.03 00:00,478.024
14,04.03 01:00,478.404
14,04.03 02:00,479.926
14,04.03 03:00,484.236
14,04.03 04:00,465.125
14,04.03 05:00,469.572
14,04.03 06:00,482.888
14,04.03 07:00,481.96
14,04.03 08:00,488.764
14,04.03 09:00,516.998
14,04.03 10:00,547.264
14,04.03 11:00,571.291
14,04.03 12:00,581.794
14,04.03 13:00,598.677
14,04.03 14:00,590.051
14,04.03 15:00,582.31
14,04.03 16:00,576.736
14,04.03 17:00,565.366
14,04.03 18:00,540.271
14,04.03 19:00,520.587
14,04.03 20:00,516.109
14,04.03 21:00,498.399
14,04.03 22:00,482.829
14,04.03 23:00,473.837
14,05.03 00:00,470.482
14,05.03 01:00,467.925
14,05.03 02:00,466.78
14,05.03 03:00,469.002
14,05.03 04:00,453.256
14,05.03 05:00,433.181
14,05.03 06:00,428.461
14,05.03 07:00,428.004
14,05.03 08:00,436.218
14,05.03 09:00,440.818
14,05.03 10:00,458.274
14,05.03 11:00,463.184
14,05.03 12:00,465.742
14,05.03 13:00,467.693
14,05.03 14:00,474.32
14,05.03 15:00,474.433
14,05.03 16:00,478.241
14,05.03 17:00,480.793
14,05.03 18:00,481.133
14,05.03 19:00,470.134
14,05.03 20:00,476.524
14,05.03 21:00,470.282
14,05.03 22:00,467.843
14,05.03 23:00,465.504
14,06.03 00:00,467.131
14,06.03 01:00,459.788
14,06.03 02:00,457.177
14,06.03 03:00,455.092
14,06.03 04:00,463.298
14,06.03 05:00,456.719
14,06.03 06:00,457.124
14,06.03 07:00,455.357
14,06.03 08:00,451.015
14,06.03 09:00,460.171
14,06.03 10:00,463.533
14,06.03 11:00,467.828
14,06.03 12:00,481.384
14,06.03 13:00,485.237
14,06.03 14:00,481.419
14,06.03 15:00,491.798
14,06.03 16:00,493.278
14,06.03 17:00,491.061
14,06.03 18:00,488.944
14,06.03 19:00,482.878
14,06.03 20:00,485.44
14,06.03 21:00,476.538
14,06.03 22:00,472.256
14,06.03 23:00,468.942
14,07.03 00:00,472.648
14,07.03 01:00,461.719
14,07.03 02:00,460.519
14,07.03 03:00,462.023
14,07.03 04:00,459.329
14,07.03 05:00,455.757
14,07.03 06:00,473.018
14,07.03 07:00,471.528
14,07.03 08:00,471.634
14,07.03 09:00,490.678
14,07.03 10:00,586.952
14,07.03 11:00,565.309
14,07.03 12:00,576.433
14,07.03 13:00,576.595
14,07.03 14:00,565.182
14,07.03 15:00,572.7
14,07.03 16:00,564.928
14,07.03 17:00,555.297
14,07.03 18:00,544.555
14,07.03 19:00,531.457
14,07.03 20:00,514.234
14,07.03 21:00,506.398
14,07.03 22:00,490.236
14,07.03 23:00,482.399
14,08.03 00:00,475.915
14,08.03 01:00,478.103
14,08.03 02:00,470.948
14,08.03 03:00,464.262
14,08.03 04:00,463.68
14,08.03 05:00,461.855
14,08.03 06:00,473.855
14,08.03 07:00,481.749
14,08.03 08:00,484.393
14,08.03 09:00,510.083
14,08.03 10:00,544.496
14,08.03 11:00,557.531
14,08.03 12:00,430.644
14,08.03 13:00,431.537
14,08.03 14:00,428.47
14,08.03 15:00,428.222
14,08.03 16:00,429.274
14,08.03 17:00,435.795
14,08.03 18:00,429.125
14,08.03 19:00,429.842
14,08.03 20:00,429.187
14,08.03 21:00,428.684
14,08.03 22:00,443.392
14,08.03 23:00,431.718
14,09.03 00:00,430.84
14,09.03 01:00,427.945
14,09.03 02:00,430.091
14,09.03 03:00,430.303
14,09.03 04:00,431.031
14,09.03 05:00,428.477
14,09.03 06:00,431.091
14,09.03 07:00,429.412
14,09.03 08:00,429.152
14,09.03 09:00,429.026
14,09.03 10:00,430.471
14,09.03 11:00,429.678
14,09.03 12:00,431.582
14,09.03 13:00,431.901
14,09.03 14:00,428.428
14,09.03 15:00,428.957
14,09.03 16:00,429.992
14,09.03 17:00,432.038
14,09.03 18:00,430.168
14,09.03 19:00,430.333
14,09.03 20:00,428.622
14,09.03 21:00,429.748
14,09.03 22:00,428.328
14,09.03 23:00,427.897
14,10.03 00:00,429.822
14,10.03 01:00,431.686
14,10.03 02:00,430.823
14,10.03 03:00,430.715
14,10.03 04:00,429.083
14,10.03 05:00,428.747
14,10.03 06:00,428.908
14,10.03 07:00,429.882
14,10.03 08:00,431.086
14,10.03 09:00,429.604
14,10.03 10:00,429.533
14,10.03 11:00,428.366
14,10.03 12:00,428.304
14,10.03 13:00,431.025
14,10.03 14:00,428.054
14,10.03 15:00,429.225
14,10.03 16:00,429.161
14,10.03 17:00,430.232
14,10.03 18:00,430.938
14,10.03 19:00,430.265
14,10.03 20:00,430.282
14,10.03 21:00,431.409
14,10.03 22:00,431.965
14,10.03 23:00,430.859
14,11.03 00:00,428.703
14,11.03 01:00,430.512
14,11.03 02:00,431.2
14,11.03 03:00,431.26
14,11.03 04:00,431.408
14,11.03 05:00,430.966
14,11.03 06:00,429.254
14,11.03 07:00,428.178
14,11.03 08:00,428.128
14,11.03 09:00,429.745
14,11.03 10:00,429.891
14,11.03 11:00,429.422
14,11.03 12:00,431.352
14,11.03 13:00,430.61
14,11.03 14:00,431.237
14,11.03 15:00,429.928
14,11.03 16:00,428.846
14,11.03 17:00,428.47
14,11.03 18:00,429.669
14,11.03 19:00,431.312
14,11.03 20:00,429.757
14,11.03 21:00,429.396
14,11.03 22:00,429.228
14,11.03 23:00,429.784
14,12.03 00:00,432.076
14,12.03 01:00,429.16
14,12.03 02:00,428.842
14,12.03 03:00,428.707
14,12.03 04:00,431.905
14,12.03 05:00,430.946
14,12.03 06:00,431.637
14,12.03 07:00,430.182
14,12.03 08:00,429.719
14,12.03 09:00,429.942
14,12.03 10:00,428.404
14,12.03 11:00,428.515
14,12.03 12:00,428.819
14,12.03 13:00,430.46
14,12.03 14:00,431.295
14,12.03 15:00,430.201
14,12.03 16:00,431.331
14,12.03 17:00,431.224
14,12.03 18:00,429.505
14,12.03 19:00,430.652
14,12.03 20:00,431.228
14,12.03 21:00,428.132
14,12.03 22:00,429.586
14,12.03 23:00,431.145
14,13.03 00:00,431.988
14,13.03 01:00,430.276
14,13.03 02:00,430.665
14,13.03 03:00,430.083
14,13.03 04:00,432.074
14,13.03 05:00,428.568
14,13.03 06:00,430.128
14,13.03 07:00,428.963
14,13.03 08:00,429.989
14,13.03 09:00,428.768
14,13.03 10:00,428.136
14,13.03 11:00,429.723
14,13.03 12:00,428.805
14,13.03 13:00,430.693
14,13.03 14:00,428.909
14,13.03 15:00,410.856
14,13.03 16:00,430.404
14,13.03 17:00,430.43
14,13.03 18:00,430.425
14,13.03 19:00,430.952
14,13.03 20:00,428.532
14,13.03 21:00,431.426
14,13.03 22:00,445.498
14,13.03 23:00,428.771
14,14.03 00:00,431.707
14,14.03 01:00,429.028
14,14.03 02:00,430.155
14,14.03 03:00,429.267
14,14.03 04:00,430.265
14,14.03 05:00,431.431
14,14.03 06:00,429.436
14,14.03 07:00,431.146
14,14.03 08:00,418.095
14,14.03 09:00,428.367
14,14.03 10:00,430.556
14,14.03 11:00,429.766
14,14.03 12:00,429.395
14,14.03 13:00,428.624
14,14.03 14:00,418.666
14,14.03 15:00,431.742
14,14.03 16:00,429.541
14,14.03 17:00,431.355
14,14.03 18:00,431.473
14,14.03 19:00,429.281
14,14.03 20:00,429.281
14,14.03 21:00,430.506
14,14.03 22:00,430.91
14,14.03 23:00,430.87
14,15.03 00:00,427.993
14,15.03 01:00,428.893
14,15.03 02:00,429.95
14,15.03 03:00,431.188
14,15.03 04:00,431.136
14,15.03 05:00,429.712
14,15.03 06:00,429.724
14,15.03 07:00,430.808
14,15.03 08:00,431.21
14,15.03 09:00,430.969
14,15.03 10:00,429.309
14,15.03 11:00,429.91
14,15.03 12:00,431.1
14,15.03 13:00,430.674
14,15.03 14:00,440.753
14,15.03 15:00,431.834
14,15.03 16:00,430.253
14,15.03 17:00,430.183
14,15.03 18:00,429.858
14,15.03 19:00,428.329
14,15.03 20:00,429.482
14,15.03 21:00,431.252
14,15.03 22:00,430.876
14,15.03 23:00,431.761
14,16.03 00:00,430.112
14,16.03 01:00,428.513
14,16.03 02:00,431.473
14,16.03 03:00,428.839
14,16.03 04:00,430.503
14,16.03 05:00,428.66
14,16.03 06:00,432.1
14,16.03 07:00,429.545
14,16.03 08:00,430.033
14,16.03 09:00,430.478
14,16.03 10:00,428.717
14,16.03 11:00,429.032
14,16.03 12:00,429.525
14,16.03 13:00,429.832
14,16.03 14:00,428.964
14,16.03 15:00,430.086
14,16.03 16:00,431.872
14,16.03 17:00,431.077
14,16.03 18:00,430.515
14,16.03 19:00,429.996
14,16.03 20:00,428.236
14,16.03 21:00,431.422
14,16.03 22:00,431.65
14,16.03 23:00,431.111
14,17.03 00:00,431.935
14,17.03 01:00,431.696
14,17.03 02:00,430.741
14,17.03 03:00,428.196
14,17.03 04:00,430.411
14,17.03 05:00,431.354
14,17.03 06:00,428.918
14,17.03 07:00,431.084
14,17.03 08:00,431.538
14,17.03 09:00,0.0
14,17.03 10:00,0.0
14,17.03 11:00,0.0
14,17.03 12:00,0.0
14,17.03 13:00,0.0
14,17.03 14:00,0.0
14,17.03 15:00,0.0
14,17.03 16:00,0.0
14,17.03 17:00,0.0
14,17.03 18:00,0.0
14,17.03 19:00,0.0
14,17.03 20:00,0.0
14,17.03 21:00,0.0
14,17.03 22:00,0.0
14,17.03 23:00,0.0
14,18.03 00:00,0.0
14,18.03 01:00,0.0
14,18.03 02:00,0.0
14,18.03 03:00,0.0
14,18.03 04:00,0.0
14,18.03 05:00,0.0
14,18.03 06:00,0.0
14,18.03 07:00,0.0
14,18.03 08:00,0.0
14,18.03 09:00,0.0
14,18.03 10:00,0.0
14,18.03 11:00,0.0
14,18.03 12:00,0.0
14,18.03 13:00,0.0
14,18.03 14:00,0.0
14,18.03 15:00,0.0
14,18.03 16:00,0.0
14,18.03 17:00,0.0
14,18.03 18:00,0.0
14,18.03 19:00,0.0
14,18.03 20:00,0.0
14,18.03 21:00,0.0
14,18.03 22:00,0.0
14,18.03 23:00,0.0
14,19.03 00:00,0.0
14,19.03 01:00,0.0
14,19.03 02:00,0.0
14,19.03 03:00,0.0
14,19.03 04:00,0.0
14,19.03 05:00,0.0
14,19.03 06:00,0.0
14,19.03 07:00,0.0
14,19.03 08:00,0.0
14,19.03 09:00,0.0
14,19.03 10:00,0.0
14,19.03 11:00,0.0
14,19.03 12:00,0.0
14,19.03 13:00,0.0
14,19.03 14:00,0.0
14,19.03 15:00,0.0
14,19.03 16:00,0.0
14,19.03 17:00,0.0
14,19.03 18:00,0.0
14,19.03 19:00,0.0
14,19.03 20:00,0.0
14,19.03 21:00,0.0
14,19.03 22:00,0.0
14,19.03 23:00,0.0
14,20.03 00:00,0.0
14,20.03 01:00,0.0
14,20.03 02:00,0.0
14,20.03 03:00,0.0
14,20.03 04:00,0.0
14,20.03 05:00,0.0
14,20.03 06:00,0.0
14,20.03 07:00,0.0
14,20.03 08:00,0.0
14,20.03 09:00,0.0
14,20.03 10:00,0.0
14,20.03 11:00,0.0
14,20.03 12:00,0.0
14,20.03 13:00,0.0
14,20.03 14:00,0.0
14,20.03 15:00,0.0
14,20.03 16:00,0.0
14,20.03 17:00,0.0
14,20.03 18:00,0.0
14,20.03 19:00,0.0
14,20.03 20:00,0.0
14,20.03 21:00,0.0
14,20.03 22:00,0.0
14,20.03 23:00,0.0
14,21.03 00:00,0.0
14,21.03 01:00,0.0
14,21.03 02:00,0.0
14,21.03 03:00,0.0
14,21.03 04:00,0.0
14,21.03 05:00,0.0
14,21.03 06:00,0.0
14,21.03 07:00,0.0
14,21.03 08:00,0.0
14,21.03 09:00,0.0
14,21.03 10:00,0.0
14,21.03 11:00,0.0
14,21.03 12:00,0.0
14,21.03 13:00,0.0
14,21.03 14:00,0.0
14,21.03 15:00,0.0
14,21.03 16:00,0.0
14,21.03 17:00,0.0
14,21.03 18:00,0.0
14,21.03 19:00,0.0
14,21.03 20:00,0.0
14,21.03 21:00,0.0
14,21.03 22:00,0.0
14,21.03 23:00,0.0
14,22.03 00:00,0.0
14,22.03 01:00,0.0
14,22.03 02:00,0.0
14,22.03 03:00,0.0
14,22.03 04:00,0.0
14,22.03 05:00,0.0
14,22.03 06:00,0.0
14,22.03 07:00,0.0
14,22.03 08:00,0.0
14,22.03 09:00,0.0
14,22.03 10:00,0.0
14,22.03 11:00,0.0
14,22.03 12:00,0.0
14,22.03 13:00,0.0
14,22.03 14:00,0.0
14,22.03 15:00,0.0
14,22.03 16:00,0.0
14,22.03 17:00,0.0
14,22.03 18:00,0.0
14,22.03 19:00,0.0
14,22.03 20:00,0.0
14,22.03 21:00,0.0
14,22.03 22:00,0.0
14,22.03 23:00,0.0
14,23.03 00:00,0.0
14,23.03 01:00,0.0
14,23.03 02:00,0.0
14,23.03 03:00,0.0
14,23.03 04:00,0.0
14,23.03 05:00,0.0
14,23.03 06:00,0.0
14,23.03 07:00,0.0
14,23.03 08:00,0.0
14,23.03 09:00,0.0
14,23.03 10:00,0.0
14,23.03 11:00,0.0
14,23.03 12:00,0.0
14,23.03 13:00,0.0
14,23.03 14:00,0.0
14,23.03 15:00,0.0
14,23.03 16:00,0.0
14,23.03 17:00,0.0
14,23.03 18:00,0.0
14,23.03 19:00,0.0
14,23.03 20:00,0.0
14,23.03 21:00,0.0
14,23.03 22:00,0.0
14,23.03 23:00,0.0
14,24.03 00:00,0.0
14,24.03 01:00,0.0
14,24.03 02:00,0.0
14,24.03 03:00,0.0
14,24.03 04:00,0.0
14,24.03 05:00,0.0
14,24.03 06:00,0.0
14,24.03 07:00,0.0
14,24.03 08:00,0.0
14,24.03 09:00,0.0
14,24.03 10:00,0.0
14,24.03 11:00,0.0
14,24.03 12:00,0.0
14,24.03 13:00,0.0
14,24.03 14:00,0.0
14,24.03 15:00,0.0
14,24.03 16:00,0.0
14,24.03 17:00,0.0
14,24.03 18:00,0.0
14,24.03 19:00,0.0
14,24.03 20:00,0.0
14,24.03 21:00,0.0
14,24.03 22:00,0.0
14,24.03 23:00,0.0
14,25.03 00:00,0.0
14,25.03 01:00,0.0
14,25.03 02:00,0.0
14,25.03 03:00,0.0
14,25.03 04:00,0.0
14,25.03 05:00,0.0
14,25.03 06:00,0.0
14,25.03 07:00,0.0
14,25.03 08:00,0.0
14,25.03 09:00,0.0
14,25.03 10:00,0.0
14,25.03 11:00,0.0
14,25.03 12:00,0.0
14,25.03 13:00,0.0
14,25.03 14:00,0.0
14,25.03 15:00,0.0
14,25.03 16:00,0.0
14,25.03 17:00,0.0
14,25.03 18:00,0.0
14,25.03 19:00,0.0
14,25.03 20:00,0.0
14,25.03 21:00,0.0
14,25.03 22:00,0.0
14,25.03 23:00,0.0
14,26.03 00:00,0.0
14,26.03 01:00,0.0
14,26.03 02:00,0.0
14,26.03 03:00,0.0
14,26.03 04:00,0.0
14,26.03 05:00,0.0
14,26.03 06:00,0.0
14,26.03 07:00,0.0
14,26.03 08:00,0.0
14,26.03 09:00,0.0
14,26.03 10:00,0.0
14,26.03 11:00,0.0
14,26.03 12:00,0.0
14,26.03 13:00,0.0
14,26.03 14:00,0.0
14,26.03 15:00,0.0
14,26.03 16:00,0.0
14,26.03 17:00,0.0
14,26.03 18:00,0.0
14,26.03 19:00,0.0
14,26.03 20:00,0.0
14,26.03 21:00,0.0
14,26.03 22:00,0.0
14,26.03 23:00,0.0
14,27.03 00:00,0.0
14,27.03 01:00,0.0
14,27.03 02:00,0.0
14,27.03 03:00,0.0
14,27.03 04:00,0.0
14,27.03 05:00,0.0
14,27.03 06:00,0.0
14,27.03 07:00,0.0
14,27.03 08:00,0.0
14,27.03 09:00,0.0
14,27.03 10:00,0.0
14,27.03 11:00,0.0
14,27.03 12:00,0.0
14,27.03 13:00,0.0
14,27.03 14:00,0.0
14,27.03 15:00,0.0
14,27.03 16:00,0.0
14,27.03 17:00,0.0
14,27.03 18:00,0.0
14,27.03 19:00,0.0
14,27.03 20:00,0.0
14,27.03 21:00,0.0
14,27.03 22:00,0.0
14,27.03 23:00,0.0
14,28.03 00:00,0.0
14,28.03 01:00,0.0
14,28.03 02:00,0.0
14,28.03 03:00,0.0
14,28.03 04:00,0.0
14,28.03 05:00,0.0
14,28.03 06:00,0.0
14,28.03 07:00,0.0
14,28.03 08:00,0.0
14,28.03 09:00,0.0
14,28.03 10:00,0.0
14,28.03 11:00,0.0
14,28.03 12:00,0.0
14,28.03 13:00,0.0
14,28.03 14:00,0.0
14,28.03 15:00,0.0
14,28.03 16:00,0.0
14,28.03 17:00,0.0
14,28.03 18:00,0.0
14,28.03 19:00,0.0
14,28.03 20:00,0.0
14,28.03 21:00,0.0
14,28.03 22:00,0.0
14,28.03 23:00,0.0
14,29.03 00:00,0.0
14,29.03 01:00,0.0
14,29.03 02:00,0.0
14,29.03 03:00,0.0
14,29.03 04:00,0.0
14,29.03 05:00,0.0
14,29.03 06:00,0.0
14,29.03 07:00,0.0
14,29.03 08:00,0.0
14,29.03 09:00,0.0
14,29.03 10:00,0.0
14,29.03 11:00,0.0
14,29.03 12:00,0.0
14,29.03 13:00,0.0
14,29.03 14:00,0.0
14,29.03 15:00,0.0
14,29.03 16:00,0.0
14,29.03 17:00,0.0
14,29.03 18:00,0.0
14,29.03 19:00,0.0
14,29.03 20:00,0.0
14,29.03 21:00,0.0
14,29.03 22:00,0.0
14,29.03 23:00,0.0
14,30.03 00:00,0.0
14,30.03 01:00,0.0
14,30.03 02:00,0.0
14,30.03 03:00,0.0
14,30.03 04:00,0.0
14,30.03 05:00,0.0
14,30.03 06:00,0.0
14,30.03 07:00,0.0
14,30.03 08:00,0.0
14,30.03 09:00,0.0
14,30.03 10:00,0.0
14,30.03 11:00,0.0
14,30.03 12:00,0.0
14,30.03 13:00,0.0
14,30.03 14:00,0.0
14,30.03 15:00,0.0
14,30.03 16:00,0.0
14,30.03 17:00,0.0
14,30.03 18:00,0.0
14,30.03 19:00,0.0
14,30.03 20:00,0.0
14,30.03 21:00,0.0
14,30.03 22:00,0.0
14,30.03 23:00,0.0
14,31.03 00:00,0.0
14,31.03 01:00,0.0
14,31.03 02:00,0.0
14,31.03 03:00,0.0
14,31.03 04:00,0.0
14,31.03 05:00,0.0
14,31.03 06:00,0.0
14,31.03 07:00,0.0
14,31.03 08:00,0.0
14,31.03 09:00,0.0
14,31.03 10:00,0.0
14,31.03 11:00,0.0
14,31.03 12:00,0.0
14,31.03 13:00,0.0
14,31.03 14:00,0.0
14,31.03 15:00,0.0
14,31.03 16:00,0.0
14,31.03 17:00,0.0
14,31.03 18:00,0.0
14,31.03 19:00,0.0
14,31.03 20:00,0.0
14,31.03 21:00,0.0
14,31.03 22:00,0.0
14,31.03 23:00,0.0
14,01.04 00:00,0.0
14,01.04 01:00,0.0
14,01.04 02:00,0.0
14,01.04 03:00,0.0
14,01.04 04:00,0.0
14,01.04 05:00,0.0
14,01.04 06:00,0.0
14,01.04 07:00,0.0
14,01.04 08:00,0.0
14,01.04 09:00,0.0
14,01.04 10:00,0.0
14,01.04 11:00,0.0
14,01.04 12:00,0.0
14,01.04 13:00,0.0
14,01.04 14:00,0.0
14,01.04 15:00,0.0
14,01.04 16:00,0.0
14,01.04 17:00,0.0
14,01.04 18:00,0.0
14,01.04 19:00,0.0
14,01.04 20:00,0.0
14,01.04 21:00,0.0
14,01.04 22:00,0.0
14,01.04 23:00,0.0
14,02.04 00:00,0.0
14,02.04 01:00,0.0
14,02.04 02:00,0.0
14,02.04 03:00,0.0
14,02.04 04:00,0.0
14,02.04 05:00,0.0
14,02.04 06:00,0.0
14,02.04 07:00,0.0
14,02.04 08:00,0.0
14,02.04 09:00,0.0
14,02.04 10:00,0.0
14,02.04 11:00,0.0
14,02.04 12:00,0.0
14,02.04 13:00,0.0
14,02.04 14:00,0.0
14,02.04 15:00,0.0
14,02.04 16:00,0.0
14,02.04 17:00,0.0
14,02.04 18:00,0.0
14,02.04 19:00,0.0
14,02.04 20:00,0.0
14,02.04 21:00,0.0
14,02.04 22:00,0.0
14,02.04 23:00,0.0
14,03.04 00:00,0.0
14,03.04 01:00,0.0
14,03.04 02:00,0.0
14,03.04 03:00,0.0
14,03.04 04:00,0.0
14,03.04 05:00,0.0
14,03.04 06:00,0.0
14,03.04 07:00,0.0
14,03.04 08:00,0.0
14,03.04 09:00,0.0
14,03.04 10:00,0.0
14,03.04 11:00,0.0
14,03.04 12:00,0.0
14,03.04 13:00,0.0
14,03.04 14:00,0.0
14,03.04 15:00,0.0
14,03.04 16:00,0.0
14,03.04 17:00,0.0
14,03.04 18:00,0.0
14,03.04 19:00,0.0
14,03.04 20:00,0.0
14,03.04 21:00,0.0
14,03.04 22:00,0.0
14,03.04 23:00,0.0
14,04.04 00:00,0.0
14,04.04 01:00,0.0
14,04.04 02:00,0.0
14,04.04 03:00,0.0
14,04.04 04:00,0.0
14,04.04 05:00,0.0
14,04.04 06:00,0.0
14,04.04 07:00,0.0
14,04.04 08:00,0.0
14,04.04 09:00,0.0
14,04.04 10:00,0.0
14,04.04 11:00,0.0
14,04.04 12:00,0.0
14,04.04 13:00,0.0
14,04.04 14:00,0.0
14,04.04 15:00,0.0
14,04.04 16:00,0.0
14,04.04 17:00,0.0
14,04.04 18:00,0.0
14,04.04 19:00,0.0
14,04.04 20:00,0.0
14,04.04 21:00,0.0
14,04.04 22:00,0.0
14,04.04 23:00,0.0
14,05.04 00:00,0.0
14,05.04 01:00,0.0
14,05.04 02:00,0.0
14,05.04 03:00,0.0
14,05.04 04:00,0.0
14,05.04 05:00,0.0
14,05.04 06:00,0.0
14,05.04 07:00,0.0
14,05.04 08:00,0.0
14,05.04 09:00,0.0
14,05.04 10:00,0.0
14,05.04 11:00,0.0
14,05.04 12:00,0.0
14,05.04 13:00,0.0
14,05.04 14:00,0.0
14,05.04 15:00,0.0
14,05.04 16:00,0.0
14,05.04 17:00,0.0
14,05.04 18:00,0.0
14,05.04 19:00,0.0
14,05.04 20:00,0.0
14,05.04 21:00,0.0
14,05.04 22:00,0.0
14,05.04 23:00,0.0
14,06.04 00:00,0.0
14,06.04 01:00,0.0
14,06.04 02:00,0.0
14,06.04 03:00,0.0
14,06.04 04:00,0.0
14,06.04 05:00,0.0
14,06.04 06:00,0.0
14,06.04 07:00,0.0
14,06.04 08:00,0.0
14,06.04 09:00,0.0
14,06.04 10:00,0.0
14,06.04 11:00,0.0
14,06.04 12:00,0.0
14,06.04 13:00,0.0
14,06.04 14:00,0.0
14,06.04 15:00,0.0
14,06.04 16:00,0.0
14,06.04 17:00,0.0
14,06.04 18:00,0.0
14,06.04 19:00,0.0
14,06.04 20:00,0.0
14,06.04 21:00,0.0
14,06.04 22:00,0.0
14,06.04 23:00,0.0
14,07.04 00:00,0.0
14,07.04 01:00,0.0
14,07.04 02:00,0.0
14,07.04 03:00,0.0
14,07.04 04:00,0.0
14,07.04 05:00,0.0
14,07.04 06:00,0.0
14,07.04 07:00,0.0
14,07.04 08:00,0.0
14,07.04 09:00,0.0
14,07.04 10:00,0.0
14,07.04 11:00,0.0
14,07.04 12:00,0.0
14,07.04 13:00,0.0
14,07.04 14:00,0.0
14,07.04 15:00,0.0
14,07.04 16:00,0.0
14,07.04 17:00,0.0
14,07.04 18:00,0.0
14,07.04 19:00,0.0
14,07.04 20:00,0.0
14,07.04 21:00,0.0
14,07.04 22:00,0.0
14,07.04 23:00,0.0
14,08.04 00:00,0.0
14,08.04 01:00,0.0
14,08.04 02:00,0.0
14,08.04 03:00,0.0
14,08.04 04:00,0.0
14,08.04 05:00,0.0
14,08.04 06:00,0.0
14,08.04 07:00,0.0
14,08.04 08:00,0.0
14,08.04 09:00,0.0
14,08.04 10:00,0.0
14,08.04 11:00,0.0
14,08.04 12:00,0.0
14,08.04 13:00,0.0
14,08.04 14:00,0.0
14,08.04 15:00,0.0
14,08.04 16:00,0.0
14,08.04 17:00,0.0
14,08.04 18:00,0.0
14,08.04 19:00,0.0
14,08.04 20:00,0.0
14,08.04 21:00,0.0
14,08.04 22:00,0.0
14,08.04 23:00,0.0
14,09.04 00:00,0.0
14,09.04 01:00,0.0
14,09.04 02:00,0.0
14,09.04 03:00,0.0
14,09.04 04:00,0.0
14,09.04 05:00,0.0
14,09.04 06:00,0.0
14,09.04 07:00,0.0
14,09.04 08:00,0.0
14,09.04 09:00,0.0
14,09.04 10:00,0.0
14,09.04 11:00,0.0
14,09.04 12:00,0.0
14,09.04 13:00,0.0
14,09.04 14:00,0.0
14,09.04 15:00,0.0
14,09.04 16:00,0.0
14,09.04 17:00,0.0
14,09.04 18:00,0.0
14,09.04 19:00,0.0
14,09.04 20:00,0.0
14,09.04 21:00,0.0
14,09.04 22:00,0.0
14,09.04 23:00,0.0
14,10.04 00:00,0.0
14,10.04 01:00,0.0
14,10.04 02:00,0.0
14,10.04 03:00,0.0
14,10.04 04:00,0.0
14,10.04 05:00,0.0
14,10.04 06:00,0.0
14,10.04 07:00,0.0
14,10.04 08:00,0.0
14,10.04 09:00,0.0
14,10.04 10:00,0.0
14,10.04 11:00,0.0
14,10.04 12:00,0.0
14,10.04 13:00,0.0
14,10.04 14:00,0.0
14,10.04 15:00,0.0
14,10.04 16:00,0.0
14,10.04 17:00,0.0
14,10.04 18:00,0.0
14,10.04 19:00,0.0
14,10.04 20:00,0.0
14,10.04 21:00,0.0
14,10.04 22:00,0.0
14,10.04 23:00,0.0
14,11.04 00:00,0.0
14,11.04 01:00,0.0
14,11.04 02:00,0.0
14,11.04 03:00,0.0
14,11.04 04:00,0.0
14,11.04 05:00,0.0
14,11.04 06:00,0.0
14,11.04 07:00,0.0
14,11.04 08:00,0.0
14,11.04 09:00,0.0
14,11.04 10:00,0.0
14,11.04 11:00,0.0
14,11.04 12:00,0.0
14,11.04 13:00,0.0
14,11.04 14:00,0.0
14,11.04 15:00,0.0
14,11.04 16:00,0.0
14,11.04 17:00,0.0
14,11.04 18:00,0.0
14,11.04 19:00,0.0
14,11.04 20:00,0.0
14,11.04 21:00,0.0
14,11.04 22:00,0.0
14,11.04 23:00,0.0
14,12.04 00:00,0.0
14,12.04 01:00,0.0
14,12.04 02:00,0.0
14,12.04 03:00,0.0
14,12.04 04:00,0.0
14,12.04 05:00,0.0
14,12.04 06:00,0.0
14,12.04 07:00,0.0
14,12.04 08:00,0.0
14,12.04 09:00,0.0
14,12.04 10:00,0.0
14,12.04 11:00,0.0
14,12.04 12:00,0.0
14,12.04 13:00,0.0
14,12.04 14:00,0.0
14,12.04 15:00,0.0
14,12.04 16:00,0.0
14,12.04 17:00,0.0
14,12.04 18:00,0.0
14,12.04 19:00,0.0
14,12.04 20:00,0.0
14,12.04 21:00,0.0
14,12.04 22:00,0.0
14,12.04 23:00,0.0
14,13.04 00:00,0.0
14,13.04 01:00,0.0
14,13.04 02:00,0.0
14,13.04 03:00,0.0
14,13.04 04:00,0.0
14,13.04 05:00,0.0
14,13.04 06:00,0.0
14,13.04 07:00,0.0
14,13.04 08:00,0.0
14,13.04 09:00,0.0
14,13.04 10:00,0.0
14,13.04 11:00,0.0
14,13.04 12:00,0.0
14,13.04 13:00,0.0
14,13.04 14:00,0.0
14,13.04 15:00,0.0
14,13.04 16:00,0.0
14,13.04 17:00,0.0
14,13.04 18:00,0.0
14,13.04 19:00,0.0
14,13.04 20:00,0.0
14,13.04 21:00,0.0
14,13.04 22:00,0.0
14,13.04 23:00,0.0
14,14.04 00:00,0.0
14,14.04 01:00,0.0
14,14.04 02:00,0.0
14,14.04 03:00,0.0
14,14.04 04:00,0.0
14,14.04 05:00,0.0
14,14.04 06:00,0.0
14,14.04 07:00,0.0
14,14.04 08:00,0.0
14,14.04 09:00,0.0
14,14.04 10:00,0.0
14,14.04 11:00,0.0
14,14.04 12:00,0.0
14,14.04 13:00,0.0
14,14.04 14:00,0.0
14,14.04 15:00,0.0
14,14.04 16:00,0.0
14,14.04 17:00,0.0
14,14.04 18:00,0.0
14,14.04 19:00,0.0
14,14.04 20:00,0.0
14,14.04 21:00,0.0
14,14.04 22:00,0.0
14,14.04 23:00,0.0
14,15.04 00:00,0.0
14,15.04 01:00,0.0
14,15.04 02:00,0.0
14,15.04 03:00,0.0
14,15.04 04:00,0.0
14,15.04 05:00,0.0
14,15.04 06:00,0.0
14,15.04 07:00,0.0
14,15.04 08:00,0.0
14,15.04 09:00,0.0
14,15.04 10:00,0.0
14,15.04 11:00,0.0
14,15.04 12:00,0.0
14,15.04 13:00,0.0
14,15.04 14:00,0.0
14,15.04 15:00,0.0
14,15.04 16:00,0.0
14,15.04 17:00,0.0
14,15.04 18:00,0.0
14,15.04 19:00,0.0
14,15.04 20:00,0.0
14,15.04 21:00,0.0
14,15.04 22:00,0.0
14,15.04 23:00,0.0
14,16.04 00:00,0.0
14,16.04 01:00,0.0
14,16.04 02:00,0.0
14,16.04 03:00,0.0
14,16.04 04:00,0.0
14,16.04 05:00,0.0
14,16.04 06:00,0.0
14,16.04 07:00,0.0
14,16.04 08:00,0.0
14,16.04 09:00,0.0
14,16.04 10:00,0.0
14,16.04 11:00,0.0
14,16.04 12:00,0.0
14,16.04 13:00,0.0
14,16.04 14:00,0.0
14,16.04 15:00,0.0
14,16.04 16:00,0.0
14,16.04 17:00,0.0
14,16.04 18:00,0.0
14,16.04 19:00,0.0
14,16.04 20:00,0.0
14,16.04 21:00,0.0
14,16.04 22:00,0.0
14,16.04 23:00,0.0
14,17.04 00:00,0.0
14,17.04 01:00,0.0
14,17.04 02:00,0.0
14,17.04 03:00,0.0
14,17.04 04:00,0.0
14,17.04 05:00,0.0
14,17.04 06:00,0.0
14,17.04 07:00,0.0
14,17.04 08:00,0.0
14,17.04 09:00,0.0
14,17.04 10:00,0.0
14,17.04 11:00,0.0
14,17.04 12:00,0.0
14,17.04 13:00,0.0
14,17.04 14:00,0.0
14,17.04 15:00,0.0
14,17.04 16:00,0.0
14,17.04 17:00,0.0
14,17.04 18:00,0.0
14,17.04 19:00,0.0
14,17.04 20:00,0.0
14,17.04 21:00,0.0
14,17.04 22:00,0.0
14,17.04 23:00,0.0
14,18.04 00:00,0.0
14,18.04 01:00,0.0
14,18.04 02:00,0.0
14,18.04 03:00,0.0
14,18.04 04:00,0.0
14,18.04 05:00,0.0
14,18.04 06:00,0.0
14,18.04 07:00,0.0
14,18.04 08:00,0.0
14,18.04 09:00,0.0
14,18.04 10:00,0.0
14,18.04 11:00,0.0
14,18.04 12:00,0.0
14,18.04 13:00,0.0
14,18.04 14:00,0.0
14,18.04 15:00,0.0
14,18.04 16:00,0.0
14,18.04 17:00,0.0
14,18.04 18:00,0.0
14,18.04 19:00,0.0
14,18.04 20:00,0.0
14,18.04 21:00,0.0
14,18.04 22:00,0.0
14,18.04 23:00,0.0
14,19.04 00:00,0.0
14,19.04 01:00,0.0
14,19.04 02:00,0.0
14,19.04 03:00,0.0
14,19.04 04:00,0.0
14,19.04 05:00,0.0
14,19.04 06:00,0.0
14,19.04 07:00,0.0
14,19.04 08:00,0.0
14,19.04 09:00,0.0
14,19.04 10:00,0.0
14,19.04 11:00,0.0
14,19.04 12:00,0.0
14,19.04 13:00,0.0
14,19.04 14:00,0.0
14,19.04 15:00,0.0
14,19.04 16:00,0.0
14,19.04 17:00,0.0
14,19.04 18:00,0.0
14,19.04 19:00,0.0
14,19.04 20:00,0.0
14,19.04 21:00,0.0
14,19.04 22:00,0.0
14,19.04 23:00,0.0
14,20.04 00:00,0.0
14,20.04 01:00,0.0
14,20.04 02:00,0.0
14,20.04 03:00,0.0
14,20.04 04:00,0.0
14,20.04 05:00,0.0
14,20.04 06:00,0.0
14,20.04 07:00,0.0
14,20.04 08:00,0.0
14,20.04 09:00,0.0
14,20.04 10:00,0.0
14,20.04 11:00,0.0
14,20.04 12:00,0.0
14,20.04 13:00,0.0
14,20.04 14:00,0.0
14,20.04 15:00,0.0
14,20.04 16:00,0.0
14,20.04 17:00,0.0
14,20.04 18:00,0.0
14,20.04 19:00,0.0
14,20.04 20:00,0.0
14,20.04 21:00,0.0
14,20.04 22:00,0.0
14,20.04 23:00,0.0
14,21.04 00:00,489.474
14,21.04 01:00,480.487
14,21.04 02:00,457.675
14,21.04 03:00,459.037
14,21.04 04:00,453.376
14,21.04 05:00,455.844
14,21.04 06:00,465.36
14,21.04 07:00,472.661
14,21.04 08:00,477.98
14,21.04 09:00,501.186
14,21.04 10:00,522.232
14,21.04 11:00,575.171
14,21.04 12:00,619.072
14,21.04 13:00,623.208
14,21.04 14:00,617.398
14,21.04 15:00,647.443
14,21.04 16:00,649.892
14,21.04 17:00,636.53
14,21.04 18:00,600.075
14,21.04 19:00,571.015
14,21.04 20:00,544.615
14,21.04 21:00,511.951
14,21.04 22:00,496.88
14,21.04 23:00,482.854
14,22.04 00:00,474.113
14,22.04 01:00,473.669
14,22.04 02:00,463.35
14,22.04 03:00,462.064
14,22.04 04:00,468.104
14,22.04 05:00,457.139
14,22.04 06:00,462.687
14,22.04 07:00,469.322
14,22.04 08:00,477.819
14,22.04 09:00,497.844
14,22.04 10:00,522.995
14,22.04 11:00,532.636
14,22.04 12:00,567.695
14,22.04 13:00,573.275
14,22.04 14:00,588.67
14,22.04 15:00,581.539
14,22.04 16:00,572.617
14,22.04 17:00,562.099
14,22.04 18:00,531.162
14,22.04 19:00,514.915
14,22.04 20:00,496.18
14,22.04 21:00,484.277
14,22.04 22:00,472.224
14,22.04 23:00,467.271
14,23.04 00:00,464.901
14,23.04 01:00,459.254
14,23.04 02:00,453.587
14,23.04 03:00,455.975
14,23.04 04:00,450.237
14,23.04 05:00,453.082
14,23.04 06:00,448.21
14,23.04 07:00,445.511
14,23.04 08:00,456.136
14,23.04 09:00,459.637
14,23.04 10:00,474.154
14,23.04 11:00,478.158
14,23.04 12:00,487.908
14,23.04 13:00,495.414
14,23.04 14:00,499.969
14,23.04 15:00,495.195
14,23.04 16:00,500.124
14,23.04 17:00,494.556
14,23.04 18:00,495.668
14,23.04 19:00,485.62
14,23.04 20:00,477.98
14,23.04 21:00,475.797
14,23.04 22:00,471.485
14,23.04 23:00,468.462
14,24.04 00:00,459.326
14,24.04 01:00,458.915
14,24.04 02:00,450.079
14,24.04 03:00,455.451
14,24.04 04:00,453.153
14,24.04 05:00,449.554
14,24.04 06:00,450.184
14,24.04 07:00,448.898
14,24.04 08:00,471.913
14,24.04 09:00,446.856
14,24.04 10:00,460.609
14,24.04 11:00,462.122
14,24.04 12:00,461.786
14,24.04 13:00,483.609
14,24.04 14:00,478.738
14,24.04 15:00,480.326
14,24.04 16:00,480.936
14,24.04 17:00,484.052
14,24.04 18:00,479.274
14,24.04 19:00,481.155
14,24.04 20:00,476.034
14,24.04 21:00,472.318
14,24.04 22:00,464.544
14,24.04 23:00,459.645
14,25.04 00:00,456.88
14,25.04 01:00,454.58
14,25.04 02:00,452.792
14,25.04 03:00,453.846
14,25.04 04:00,440.377
14,25.04 05:00,453.602
14,25.04 06:00,466.738
14,25.04 07:00,472.065
14,25.04 08:00,471.588
14,25.04 09:00,496.68
14,25.04 10:00,569.352
14,25.04 11:00,556.383
14,25.04 12:00,556.879
14,25.04 13:00,551.12
14,25.04 14:00,553.983
14,25.04 15:00,575.045
14,25.04 16:00,566.5
14,25.04 17:00,554.469
14,25.04 18:00,538.451
14,25.04 19:00,523.084
14,25.04 20:00,499.159
14,25.04 21:00,483.751
14,25.04 22:00,474.924
14,25.04 23:00,460.619
14,26.04 00:00,454.459
14,26.04 01:00,448.348
14,26.04 02:00,452.527
14,26.04 03:00,448.849
14,26.04 04:00,449.61
14,26.04 05:00,442.982
14,26.04 06:00,461.129
14,26.04 07:00,465.45
14,26.04 08:00,462.221
14,26.04 09:00,513.038
14,26.04 10:00,564.665
14,26.04 11:00,562.06
14,26.04 12:00,561.679
14,26.04 13:00,604.708
14,26.04 14:00,569.366
14,26.04 15:00,562.551
14,26.04 16:00,556.04
14,26.04 17:00,555.849
14,26.04 18:00,539.957
14,26.04 19:00,512.795
14,26.04 20:00,498.473
14,26.04 21:00,483.397
14,26.04 22:00,471.329
14,26.04 23:00,463.79
14,27.04 00:00,456.703
14,27.04 01:00,455.584
14,27.04 02:00,455.234
14,27.04 03:00,453.03
14,27.04 04:00,451.11
14,27.04 05:00,449.689
14,27.04 06:00,456.651
14,27.04 07:00,459.574
14,27.04 08:00,465.292
14,27.04 09:00,491.015
14,27.04 10:00,525.714
14,27.04 11:00,573.378
14,27.04 12:00,555.616
14,27.04 13:00,551.852
14,27.04 14:00,554.953
14,27.04 15:00,573.073
14,27.04 16:00,561.34
14,27.04 17:00,561.344
14,27.04 18:00,540.514
14,27.04 19:00,522.216
14,27.04 20:00,500.71
14,27.04 21:00,479.48
14,27.04 22:00,461.393
14,27.04 23:00,460.279
14,28.04 00:00,456.558
14,28.04 01:00,450.253
14,28.04 02:00,451.853
14,28.04 03:00,445.109
14,28.04 04:00,444.295
14,28.04 05:00,441.081
14,28.04 06:00,450.85
14,28.04 07:00,457.673
14,28.04 08:00,460.224
14,28.04 09:00,493.069
14,28.04 10:00,515.482
14,28.04 11:00,535.22
14,28.04 12:00,562.244
14,28.04 13:00,544.642
14,28.04 14:00,554.7
14,28.04 15:00,569.696
14,28.04 16:00,564.811
14,28.04 17:00,538.388
14,28.04 18:00,534.149
14,28.04 19:00,511.394
14,28.04 20:00,497.588
14,28.04 21:00,495.582
14,28.04 22:00,482.687
14,28.04 23:00,470.155
14,29.04 00:00,481.671
14,29.04 01:00,480.835
14,29.04 02:00,483.23
14,29.04 03:00,481.37
14,29.04 04:00,479.174
14,29.04 05:00,1.003
14,29.04 06:00,1.004
14,29.04 07:00,0.996
14,29.04 08:00,1.004
14,29.04 09:00,1.0
14,29.04 10:00,1.0
14,29.04 11:00,0.999
14,29.04 12:00,0.996
14,29.04 13:00,0.996
14,29.04 14:00,0.996
14,29.04 15:00,1.0
14,29.04 16:00,1.001
14,29.04 17:00,1.003
14,29.04 18:00,0.996
14,29.04 19:00,1.001
14,29.04 20:00,0.995
14,29.04 21:00,0.999
14,29.04 22:00,1.002
14,29.04 23:00,1.001
14,30.04 00:00,479.92
14,30.04 01:00,479.592
14,30.04 02:00,456.636
14,30.04 03:00,451.46
14,30.04 04:00,456.755
14,30.04 05:00,451.628
14,30.04 06:00,443.035
14,30.04 07:00,443.64
14,30.04 08:00,451.248
14,30.04 09:00,449.778
14,30.04 10:00,466.34
14,30.04 11:00,474.519
14,30.04 12:00,489.229
14,30.04 13:00,501.202
14,30.04 14:00,511.111
14,30.04 15:00,507.621
14,30.04 16:00,505.31
14,30.04 17:00,502.183
14,30.04 18:00,509.735
14,30.04 19:00,504.324
14,30.04 20:00,498.587
14,30.04 21:00,473.56
14,30.04 22:00,460.011
14,30.04 23:00,457.55
14,01.05 00:00,449.697
14,01.05 01:00,452.335
14,01.05 02:00,447.532
14,01.05 03:00,449.541
14,01.05 04:00,453.653
14,01.05 05:00,442.58
14,01.05 06:00,442.819
14,01.05 07:00,442.247
14,01.05 08:00,447.827
14,01.05 09:00,456.4
14,01.05 10:00,461.995
14,01.05 11:00,480.209
14,01.05 12:00,505.034
14,01.05 13:00,512.856
14,01.05 14:00,528.842
14,01.05 15:00,539.618
14,01.05 16:00,542.197
14,01.05 17:00,544.033
14,01.05 18:00,533.883
14,01.05 19:00,518.052
14,01.05 20:00,493.802
14,01.05 21:00,476.308
14,01.05 22:00,461.088
14,01.05 23:00,456.34
14,02.05 00:00,453.29
14,02.05 01:00,444.502
14,02.05 02:00,441.068
14,02.05 03:00,443.041
14,02.05 04:00,446.788
14,02.05 05:00,446.325
14,02.05 06:00,440.873
14,02.05 07:00,445.406
14,02.05 08:00,442.364
14,02.05 09:00,457.4
14,02.05 10:00,473.242
14,02.05 11:00,483.369
14,02.05 12:00,493.247
14,02.05 13:00,505.419
14,02.05 14:00,523.825
14,02.05 15:00,547.684
14,02.05 16:00,537.578
14,02.05 17:00,519.363
14,02.05 18:00,513.705
14,02.05 19:00,492.864
14,02.05 20:00,490.216
14,02.05 21:00,477.032
14,02.05 22:00,476.781
14,02.05 23:00,457.784
14,03.05 00:00,479.668
14,03.05 01:00,451.309
14,03.05 02:00,448.842
14,03.05 03:00,453.097
14,03.05 04:00,453.681
14,03.05 05:00,450.571
14,03.05 06:00,458.295
14,03.05 07:00,474.638
14,03.05 08:00,473.099
14,03.05 09:00,498.32
14,03.05 10:00,573.27
14,03.05 11:00,574.847
14,03.05 12:00,581.176
14,03.05 13:00,604.738
14,03.05 14:00,600.814
14,03.05 15:00,597.884
14,03.05 16:00,611.14
14,03.05 17:00,601.08
14,03.05 18:00,582.254
14,03.05 19:00,557.561
14,03.05 20:00,532.594
14,03.05 21:00,513.571
14,03.05 22:00,499.156
14,03.05 23:00,492.505
14,04.05 00:00,467.298
14,04.05 01:00,477.315
14,04.05 02:00,466.157
14,04.05 03:00,459.592
14,04.05 04:00,455.235
14,04.05 05:00,457.612
14,04.05 06:00,464.291
14,04.05 07:00,466.921
14,04.05 08:00,473.081
14,04.05 09:00,509.632
14,04.05 10:00,571.41
14,04.05 11:00,583.875
14,04.05 12:00,597.27
14,04.05 13:00,585.737
14,04.05 14:00,622.414
14,04.05 15:00,625.69
14,04.05 16:00,627.795
14,04.05 17:00,625.965
14,04.05 18:00,593.235
14,04.05 19:00,543.364
14,04.05 20:00,525.044
14,04.05 21:00,509.341
14,04.05 22:00,484.303
14,04.05 23:00,462.761
14,05.05 00:00,478.349
14,05.05 01:00,445.407
14,05.05 02:00,436.915
14,05.05 03:00,434.765
14,05.05 04:00,430.064
14,05.05 05:00,428.291
14,05.05 06:00,436.345
14,05.05 07:00,439.193
14,05.05 08:00,455.456
14,05.05 09:00,499.386
14,05.05 10:00,540.145
14,05.05 11:00,616.153
14,05.05 12:00,635.83
14,05.05 13:00,682.397
14,05.05 14:00,685.505
14,05.05 15:00,710.785
14,05.05 16:00,699.965
14,05.05 17:00,680.177
14,05.05 18:00,661.462
14,05.05 19:00,632.098
14,05.05 20:00,600.188
14,05.05 21:00,569.932
14,05.05 22:00,540.602
14,05.05 23:00,521.117
14,06.05 00:00,505.378
14,06.05 01:00,483.916
14,06.05 02:00,481.9
14,06.05 03:00,468.579
14,06.05 04:00,463.772
14,06.05 05:00,468.763
14,06.05 06:00,477.889
14,06.05 07:00,482.558
14,06.05 08:00,488.894
14,06.05 09:00,528.299
14,06.05 10:00,581.856
14,06.05 11:00,663.272
14,06.05 12:00,675.122
14,06.05 13:00,674.645
14,06.05 14:00,679.266
14,06.05 15:00,678.085
14,06.05 16:00,682.156
14,06.05 17:00,675.526
14,06.05 18:00,660.302
14,06.05 19:00,646.903
14,06.05 20:00,618.684
14,06.05 21:00,580.168
14,06.05 22:00,564.627
14,06.05 23:00,534.687
14,07.05 00:00,509.987
14,07.05 01:00,499.371
14,07.05 02:00,490.387
14,07.05 03:00,489.766
14,07.05 04:00,492.015
14,07.05 05:00,485.349
14,07.05 06:00,479.576
14,07.05 07:00,483.132
14,07.05 08:00,490.436
14,07.05 09:00,514.341
14,07.05 10:00,547.725
14,07.05 11:00,554.015
14,07.05 12:00,552.771
14,07.05 13:00,562.922
14,07.05 14:00,557.304
14,07.05 15:00,577.965
14,07.05 16:00,581.139
14,07.05 17:00,562.197
14,07.05 18:00,559.736
14,07.05 19:00,562.846
14,07.05 20:00,550.536
14,07.05 21:00,537.915
14,07.05 22:00,521.858
14,07.05 23:00,513.039
14,08.05 00:00,514.445
14,08.05 01:00,506.956
14,08.05 02:00,485.406
14,08.05 03:00,477.976
14,08.05 04:00,479.324
14,08.05 05:00,475.017
14,08.05 06:00,472.876
14,08.05 07:00,477.371
14,08.05 08:00,487.605
14,08.05 09:00,509.813
14,08.05 10:00,528.529
14,08.05 11:00,542.055
14,08.05 12:00,568.159
14,08.05 13:00,583.653
14,08.05 14:00,598.764
14,08.05 15:00,604.335
14,08.05 16:00,605.456
14,08.05 17:00,598.104
14,08.05 18:00,599.075
14,08.05 19:00,592.427
14,08.05 20:00,582.194
14,08.05 21:00,555.683
14,08.05 22:00,540.063
14,08.05 23:00,530.702
14,09.05 00:00,541.435
14,09.05 01:00,523.524
14,09.05 02:00,491.712
14,09.05 03:00,485.266
14,09.05 04:00,479.806
14,09.05 05:00,475.475
14,09.05 06:00,484.574
14,09.05 07:00,496.508
14,09.05 08:00,505.186
14,09.05 09:00,561.407
14,09.05 10:00,601.468
14,09.05 11:00,630.925
14,09.05 12:00,660.445
14,09.05 13:00,682.19
14,09.05 14:00,682.574
14,09.05 15:00,680.894
14,09.05 16:00,687.989
14,09.05 17:00,683.336
14,09.05 18:00,666.375
14,09.05 19:00,644.526
14,09.05 20:00,625.91
14,09.05 21:00,600.174
14,09.05 22:00,586.571
14,09.05 23:00,562.006
14,10.05 00:00,547.053
14,10.05 01:00,539.687
14,10.05 02:00,548.854
14,10.05 03:00,543.577
14,10.05 04:00,536.724
14,10.05 05:00,528.686
14,10.05 06:00,527.759
14,10.05 07:00,532.966
14,10.05 08:00,540.94
14,10.05 09:00,566.305
14,10.05 10:00,613.495
14,10.05 11:00,629.517
14,10.05 12:00,668.131
14,10.05 13:00,709.504
14,10.05 14:00,682.338
14,10.05 15:00,666.739
14,10.05 16:00,670.929
14,10.05 17:00,665.984
14,10.05 18:00,651.395
14,10.05 19:00,638.738
14,10.05 20:00,616.406
14,10.05 21:00,594.203
14,10.05 22:00,567.543
14,10.05 23:00,552.7
14,11.05 00:00,540.47
14,11.05 01:00,525.167
14,11.05 02:00,514.083
14,11.05 03:00,519.72
14,11.05 04:00,517.747
14,11.05 05:00,512.754
14,11.05 06:00,517.475
14,11.05 07:00,520.975
14,11.05 08:00,536.348
14,11.05 09:00,559.266
14,11.05 10:00,653.392
14,11.05 11:00,641.982
14,11.05 12:00,637.154
14,11.05 13:00,649.425
14,11.05 14:00,651.896
14,11.05 15:00,653.543
14,11.05 16:00,664.603
14,11.05 17:00,672.878
14,11.05 18:00,665.55
14,11.05 19:00,646.007
14,11.05 20:00,625.693
14,11.05 21:00,594.989
14,11.05 22:00,563.153
14,11.05 23:00,546.773
14,12.05 00:00,526.789
14,12.05 01:00,530.587
14,12.05 02:00,514.003
14,12.05 03:00,513.578
14,12.05 04:00,502.799
14,12.05 05:00,491.052
14,12.05 06:00,483.459
14,12.05 07:00,490.389
14,12.05 08:00,499.183
14,12.05 09:00,544.04
14,12.05 10:00,593.23
14,12.05 11:00,631.835
14,12.05 12:00,682.436
14,12.05 13:00,678.643
14,12.05 14:00,680.535
14,12.05 15:00,691.57
14,12.05 16:00,699.778
14,12.05 17:00,685.879
14,12.05 18:00,666.445
14,12.05 19:00,654.492
14,12.05 20:00,631.335
14,12.05 21:00,614.218
14,12.05 22:00,578.5
14,12.05 23:00,523.421
14,13.05 00:00,485.28
14,13.05 01:00,491.573
14,13.05 02:00,490.04
14,13.05 03:00,483.663
14,13.05 04:00,474.624
14,13.05 05:00,473.632
14,13.05 06:00,480.948
14,13.05 07:00,478.327
14,13.05 08:00,488.048
14,13.05 09:00,509.188
14,13.05 10:00,560.085
14,13.05 11:00,598.954
14,13.05 12:00,642.165
14,13.05 13:00,653.386
14,13.05 14:00,653.243
14,13.05 15:00,657.957
14,13.05 16:00,658.991
14,13.05 17:00,639.361
14,13.05 18:00,594.249
14,13.05 19:00,560.311
14,13.05 20:00,518.856
14,13.05 21:00,493.239
14,13.05 22:00,477.07
14,13.05 23:00,471.664
14,14.05 00:00,453.876
14,14.05 01:00,457.326
14,14.05 02:00,455.165
14,14.05 03:00,451.724
14,14.05 04:00,456.866
14,14.05 05:00,451.793
14,14.05 06:00,452.366
14,14.05 07:00,453.505
14,14.05 08:00,453.172
14,14.05 09:00,454.985
14,14.05 10:00,459.756
14,14.05 11:00,469.838
14,14.05 12:00,487.94
14,14.05 13:00,496.84
14,14.05 14:00,520.967
14,14.05 15:00,528.41
14,14.05 16:00,526.353
14,14.05 17:00,524.122
14,14.05 18:00,517.21
14,14.05 19:00,518.569
14,14.05 20:00,515.243
14,14.05 21:00,483.706
14,14.05 22:00,464.632
14,14.05 23:00,462.368
14,15.05 00:00,463.233
14,15.05 01:00,454.609
14,15.05 02:00,449.866
14,15.05 03:00,453.26
14,15.05 04:00,451.418
14,15.05 05:00,449.311
14,15.05 06:00,459.759
14,15.05 07:00,447.025
14,15.05 08:00,444.296
14,15.05 09:00,448.055
14,15.05 10:00,458.506
14,15.05 11:00,502.494
14,15.05 12:00,507.37
14,15.05 13:00,514.028
14,15.05 14:00,557.753
14,15.05 15:00,568.239
14,15.05 16:00,560.782
14,15.05 17:00,572.697
14,15.05 18:00,556.231
14,15.05 19:00,541.334
14,15.05 20:00,528.411
14,15.05 21:00,516.353
14,15.05 22:00,498.575
14,15.05 23:00,477.026
14,16.05 00:00,489.497
14,16.05 01:00,461.949
14,16.05 02:00,460.821
14,16.05 03:00,454.933
14,16.05 04:00,448.762
14,16.05 05:00,449.578
14,16.05 06:00,451.497
14,16.05 07:00,459.819
14,16.05 08:00,473.029
14,16.05 09:00,499.363
14,16.05 10:00,573.897
14,16.05 11:00,584.055
14,16.05 12:00,603.548
14,16.05 13:00,640.058
14,16.05 14:00,641.564
14,16.05 15:00,639.471
14,16.05 16:00,645.986
14,16.05 17:00,642.833
14,16.05 18:00,636.034
14,16.05 19:00,607.806
14,16.05 20:00,590.488
14,16.05 21:00,557.355
14,16.05 22:00,538.604
14,16.05 23:00,513.991
14,17.05 00:00,488.05
14,17.05 01:00,488.081
14,17.05 02:00,478.226
14,17.05 03:00,463.241
14,17.05 04:00,459.604
14,17.05 05:00,465.015
14,17.05 06:00,473.046
14,17.05 07:00,467.191
14,17.05 08:00,486.222
14,17.05 09:00,530.25
14,17.05 10:00,558.246
14,17.05 11:00,605.174
14,17.05 12:00,632.159
14,17.05 13:00,646.483
14,17.05 14:00,651.083
14,17.05 15:00,653.646
14,17.05 16:00,651.267
14,17.05 17:00,649.366
14,17.05 18:00,616.669
14,17.05 19:00,570.081
14,17.05 20:00,538.039
14,17.05 21:00,523.517
14,17.05 22:00,517.48
14,17.05 23:00,500.409
14,18.05 00:00,483.164
14,18.05 01:00,475.102
14,18.05 02:00,481.436
14,18.05 03:00,465.012
14,18.05 04:00,464.086
14,18.05 05:00,460.788
14,18.05 06:00,468.294
14,18.05 07:00,474.459
14,18.05 08:00,489.346
14,18.05 09:00,501.771
14,18.05 10:00,537.024
14,18.05 11:00,554.304
14,18.05 12:00,587.17
14,18.05 13:00,578.612
14,18.05 14:00,582.588
14,18.05 15:00,596.432
14,18.05 16:00,602.895
14,18.05 17:00,580.141
14,18.05 18:00,561.38
14,18.05 19:00,538.056
14,18.05 20:00,524.297
14,18.05 21:00,511.754
14,18.05 22:00,496.702
14,18.05 23:00,484.17
14,19.05 00:00,483.969
14,19.05 01:00,465.762
14,19.05 02:00,456.959
14,19.05 03:00,461.349
14,19.05 04:00,451.316
14,19.05 05:00,451.309
14,19.05 06:00,466.719
14,19.05 07:00,464.778
14,19.05 08:00,474.313
14,19.05 09:00,498.609
14,19.05 10:00,538.944
14,19.05 11:00,560.913
14,19.05 12:00,607.336
14,19.05 13:00,602.527
14,19.05 14:00,619.021
14,19.05 15:00,627.879
14,19.05 16:00,629.643
14,19.05 17:00,634.97
14,19.05 18:00,623.238
14,19.05 19:00,599.842
14,19.05 20:00,553.457
14,19.05 21:00,515.372
14,19.05 22:00,505.874
14,19.05 23:00,499.666
14,20.05 00:00,494.979
14,20.05 01:00,483.283
14,20.05 02:00,479.71
14,20.05 03:00,481.103
14,20.05 04:00,480.822
14,20.05 05:00,479.078
14,20.05 06:00,486.551
14,20.05 07:00,498.509
14,20.05 08:00,510.789
14,20.05 09:00,534.83
14,20.05 10:00,580.985
14,20.05 11:00,630.384
14,20.05 12:00,640.408
14,20.05 13:00,632.133
14,20.05 14:00,661.0
14,20.05 15:00,650.723
14,20.05 16:00,661.879
14,20.05 17:00,647.27
14,20.05 18:00,624.941
14,20.05 19:00,599.57
14,20.05 20:00,561.967
14,20.05 21:00,525.882
14,20.05 22:00,510.719
14,20.05 23:00,500.533
14,21.05 00:00,497.944
14,21.05 01:00,489.313
14,21.05 02:00,477.854
14,21.05 03:00,472.778
14,21.05 04:00,474.091
14,21.05 05:00,483.35
14,21.05 06:00,486.96
14,21.05 07:00,481.844
14,21.05 08:00,486.262
14,21.05 09:00,497.454
14,21.05 10:00,498.21
14,21.05 11:00,504.49
14,21.05 12:00,522.53
14,21.05 13:00,531.866
14,21.05 14:00,548.39
14,21.05 15:00,556.152
14,21.05 16:00,550.898
14,21.05 17:00,542.457
14,21.05 18:00,536.233
14,21.05 19:00,530.606
14,21.05 20:00,533.908
14,21.05 21:00,539.182
14,21.05 22:00,525.361
14,21.05 23:00,515.036
14,22.05 00:00,494.919
14,22.05 01:00,486.355
14,22.05 02:00,481.504
14,22.05 03:00,467.065
14,22.05 04:00,456.579
14,22.05 05:00,446.078
14,22.05 06:00,443.863
14,22.05 07:00,440.235
14,22.05 08:00,445.053
14,22.05 09:00,452.489
14,22.05 10:00,480.069
14,22.05 11:00,509.767
14,22.05 12:00,530.766
14,22.05 13:00,558.872
14,22.05 14:00,561.203
14,22.05 15:00,577.72
14,22.05 16:00,583.146
14,22.05 17:00,567.49
14,22.05 18:00,535.572
14,22.05 19:00,511.152
14,22.05 20:00,507.543
14,22.05 21:00,501.647
14,22.05 22:00,503.132
14,22.05 23:00,494.736
14,23.05 00:00,487.942
14,23.05 01:00,478.645
14,23.05 02:00,462.881
14,23.05 03:00,467.6
14,23.05 04:00,456.813
14,23.05 05:00,454.063
14,23.05 06:00,464.971
14,23.05 07:00,465.839
14,23.05 08:00,478.037
14,23.05 09:00,511.084
14,23.05 10:00,563.54
14,23.05 11:00,609.403
14,23.05 12:00,645.742
14,23.05 13:00,655.125
14,23.05 14:00,663.982
14,23.05 15:00,660.143
14,23.05 16:00,657.84
14,23.05 17:00,660.837
14,23.05 18:00,647.802
14,23.05 19:00,632.507
14,23.05 20:00,601.321
14,23.05 21:00,549.312
14,23.05 22:00,512.583
14,23.05 23:00,494.47
14,24.05 00:00,482.954
14,24.05 01:00,473.243
14,24.05 02:00,463.38
14,24.05 03:00,458.022
14,24.05 04:00,453.598
14,24.05 05:00,457.145
14,24.05 06:00,461.83
14,24.05 07:00,470.111
14,24.05 08:00,474.38
14,24.05 09:00,505.001
14,24.05 10:00,578.876
14,24.05 11:00,606.876
14,24.05 12:00,627.378
14,24.05 13:00,635.25
14,24.05 14:00,638.43
14,24.05 15:00,641.747
14,24.05 16:00,642.038
14,24.05 17:00,636.876
14,24.05 18:00,613.11
14,24.05 19:00,595.088
14,24.05 20:00,559.621
14,24.05 21:00,516.355
14,24.05 22:00,486.239
14,24.05 23:00,473.52
14,25.05 00:00,467.674
14,25.05 01:00,466.434
14,25.05 02:00,463.616
14,25.05 03:00,465.999
14,25.05 04:00,463.533
14,25.05 05:00,461.379
14,25.05 06:00,465.212
14,25.05 07:00,470.833
14,25.05 08:00,470.716
14,25.05 09:00,490.797
14,25.05 10:00,530.156
14,25.05 11:00,549.291
14,25.05 12:00,567.238
14,25.05 13:00,585.72
14,25.05 14:00,580.007
14,25.05 15:00,589.807
14,25.05 16:00,597.879
14,25.05 17:00,580.512
14,25.05 18:00,554.389
14,25.05 19:00,533.313
14,25.05 20:00,523.373
14,25.05 21:00,508.251
14,25.05 22:00,495.28
14,25.05 23:00,483.161
14,26.05 00:00,481.432
14,26.05 01:00,462.715
14,26.05 02:00,459.221
14,26.05 03:00,460.426
14,26.05 04:00,457.897
14,26.05 05:00,454.149
14,26.05 06:00,460.246
14,26.05 07:00,459.128
14,26.05 08:00,471.719
14,26.05 09:00,512.05
14,26.05 10:00,573.001
14,26.05 11:00,604.121
14,26.05 12:00,639.145
14,26.05 13:00,653.043
14,26.05 14:00,649.525
14,26.05 15:00,669.158
14,26.05 16:00,672.873
14,26.05 17:00,678.036
14,26.05 18:00,658.07
14,26.05 19:00,621.781
14,26.05 20:00,620.571
14,26.05 21:00,576.376
14,26.05 22:00,538.753
14,26.05 23:00,513.578
14,27.05 00:00,474.298
14,27.05 01:00,482.86
14,27.05 02:00,477.298
14,27.05 03:00,467.593
14,27.05 04:00,466.222
14,27.05 05:00,464.561
14,27.05 06:00,475.081
14,27.05 07:00,475.238
14,27.05 08:00,494.701
14,27.05 09:00,530.519
14,27.05 10:00,610.076
14,27.05 11:00,624.578
14,27.05 12:00,673.824
14,27.05 13:00,675.771
14,27.05 14:00,673.516
14,27.05 15:00,679.812
14,27.05 16:00,684.361
14,27.05 17:00,668.832
14,27.05 18:00,659.954
14,27.05 19:00,634.456
14,27.05 20:00,610.969
14,27.05 21:00,578.499
14,27.05 22:00,545.417
14,27.05 23:00,513.141
14,28.05 00:00,491.339
14,28.05 01:00,486.672
14,28.05 02:00,473.741
14,28.05 03:00,476.334
14,28.05 04:00,468.94
14,28.05 05:00,460.015
14,28.05 06:00,459.632
14,28.05 07:00,460.391
14,28.05 08:00,465.012
14,28.05 09:00,462.771
14,28.05 10:00,480.217
14,28.05 11:00,511.345
14,28.05 12:00,517.888
14,28.05 13:00,527.009
14,28.05 14:00,551.489
14,28.05 15:00,580.001
14,28.05 16:00,583.412
14,28.05 17:00,587.31
14,28.05 18:00,587.827
14,28.05 19:00,587.989
14,28.05 20:00,568.992
14,28.05 21:00,544.859
14,28.05 22:00,509.869
14,28.05 23:00,498.358
14,29.05 00:00,473.943
14,29.05 01:00,470.266
14,29.05 02:00,466.342
14,29.05 03:00,460.255
14,29.05 04:00,461.563
14,29.05 05:00,453.556
14,29.05 06:00,449.752
14,29.05 07:00,454.228
14,29.05 08:00,452.733
14,29.05 09:00,457.007
14,29.05 10:00,468.007
14,29.05 11:00,465.508
14,29.05 12:00,502.641
14,29.05 13:00,526.897
14,29.05 14:00,543.423
14,29.05 15:00,553.673
14,29.05 16:00,564.329
14,29.05 17:00,579.965
14,29.05 18:00,579.928
14,29.05 19:00,580.846
14,29.05 20:00,559.956
14,29.05 21:00,528.567
14,29.05 22:00,495.446
14,29.05 23:00,475.615
14,30.05 00:00,481.302
14,30.05 01:00,473.255
14,30.05 02:00,471.757
14,30.05 03:00,469.663
14,30.05 04:00,468.032
14,30.05 05:00,465.339
14,30.05 06:00,464.613
14,30.05 07:00,458.767
14,30.05 08:00,477.397
14,30.05 09:00,479.719
14,30.05 10:00,492.812
14,30.05 11:00,496.395
14,30.05 12:00,519.434
14,30.05 13:00,533.87
14,30.05 14:00,543.684
14,30.05 15:00,550.156
14,30.05 16:00,560.439
14,30.05 17:00,575.464
14,30.05 18:00,564.532
14,30.05 19:00,560.758
14,30.05 20:00,542.899
14,30.05 21:00,522.33
14,30.05 22:00,506.328
14,30.05 23:00,494.68
14,31.05 00:00,483.999
14,31.05 01:00,477.14
14,31.05 02:00,469.136
14,31.05 03:00,465.579
14,31.05 04:00,461.687
14,31.05 05:00,458.708
14,31.05 06:00,471.621
14,31.05 07:00,454.737
14,31.05 08:00,478.576
14,31.05 09:00,488.892
14,31.05 10:00,529.204
14,31.05 11:00,546.216
14,31.05 12:00,576.616
14,31.05 13:00,572.254
14,31.05 14:00,581.143
14,31.05 15:00,588.958
14,31.05 16:00,610.087
14,31.05 17:00,588.665
14,31.05 18:00,566.733
14,31.05 19:00,550.538
14,31.05 20:00,529.978
14,31.05 21:00,512.734
14,31.05 22:00,503.576
14,31.05 23:00,494.793
14,01.06 00:00,482.524
14,01.06 01:00,477.241
14,01.06 02:00,478.579
14,01.06 03:00,479.26
14,01.06 04:00,480.056
14,01.06 05:00,470.699
14,01.06 06:00,473.673
14,01.06 07:00,481.886
14,01.06 08:00,482.968
14,01.06 09:00,504.334
14,01.06 10:00,531.299
14,01.06 11:00,576.632
14,01.06 12:00,582.967
14,01.06 13:00,595.849
14,01.06 14:00,587.041
14,01.06 15:00,579.278
14,01.06 16:00,587.169
14,01.06 17:00,582.468
14,01.06 18:00,562.305
14,01.06 19:00,545.057
14,01.06 20:00,528.793
14,01.06 21:00,511.288
14,01.06 22:00,497.86
14,01.06 23:00,488.633
14,02.06 00:00,472.217
14,02.06 01:00,465.3
14,02.06 02:00,460.564
14,02.06 03:00,453.793
14,02.06 04:00,457.869
14,02.06 05:00,453.992
14,02.06 06:00,463.375
14,02.06 07:00,463.083
14,02.06 08:00,473.543
14,02.06 09:00,491.229
14,02.06 10:00,522.437
14,02.06 11:00,551.529
14,02.06 12:00,563.969
14,02.06 13:00,576.162
14,02.06 14:00,591.257
14,02.06 15:00,583.121
14,02.06 16:00,582.826
14,02.06 17:00,571.695
14,02.06 18:00,550.478
14,02.06 19:00,534.442
14,02.06 20:00,519.417
14,02.06 21:00,500.391
14,02.06 22:00,486.362
14,02.06 23:00,474.79
14,03.06 00:00,471.625
14,03.06 01:00,454.816
14,03.06 02:00,454.827
14,03.06 03:00,454.089
14,03.06 04:00,450.536
14,03.06 05:00,455.153
14,03.06 06:00,455.424
14,03.06 07:00,466.032
14,03.06 08:00,468.201
14,03.06 09:00,486.492
14,03.06 10:00,534.633
14,03.06 11:00,562.822
14,03.06 12:00,571.199
14,03.06 13:00,582.529
14,03.06 14:00,577.535
14,03.06 15:00,597.442
14,03.06 16:00,587.919
14,03.06 17:00,575.55
14,03.06 18:00,551.265
14,03.06 19:00,538.692
14,03.06 20:00,524.117
14,03.06 21:00,515.079
14,03.06 22:00,500.91
14,03.06 23:00,491.407
14,04.06 00:00,492.788
14,04.06 01:00,466.064
14,04.06 02:00,463.286
14,04.06 03:00,466.197
14,04.06 04:00,465.621
14,04.06 05:00,467.721
14,04.06 06:00,463.915
14,04.06 07:00,465.09
14,04.06 08:00,465.709
14,04.06 09:00,480.486
14,04.06 10:00,449.904
14,04.06 11:00,500.318
14,04.06 12:00,494.871
14,04.06 13:00,492.682
14,04.06 14:00,539.069
14,04.06 15:00,576.06
14,04.06 16:00,573.507
14,04.06 17:00,577.639
14,04.06 18:00,574.598
14,04.06 19:00,568.727
14,04.06 20:00,569.507
14,04.06 21:00,564.453
14,04.06 22:00,550.795
14,04.06 23:00,532.831
14,05.06 00:00,489.765
14,05.06 01:00,494.452
14,05.06 02:00,473.808
14,05.06 03:00,462.275
14,05.06 04:00,461.46
14,05.06 05:00,450.502
14,05.06 06:00,445.774
14,05.06 07:00,450.032
14,05.06 08:00,447.556
14,05.06 09:00,468.202
14,05.06 10:00,477.247
14,05.06 11:00,488.78
14,05.06 12:00,515.488
14,05.06 13:00,547.634
14,05.06 14:00,560.214
14,05.06 15:00,582.959
14,05.06 16:00,616.244
14,05.06 17:00,633.906
14,05.06 18:00,641.532
14,05.06 19:00,626.866
14,05.06 20:00,615.478
14,05.06 21:00,583.667
14,05.06 22:00,551.51
14,05.06 23:00,523.074
14,06.06 00:00,498.746
14,06.06 01:00,469.522
14,06.06 02:00,467.654
14,06.06 03:00,460.737
14,06.06 04:00,453.581
14,06.06 05:00,440.444
14,06.06 06:00,453.204
14,06.06 07:00,459.447
14,06.06 08:00,474.68
14,06.06 09:00,506.543
14,06.06 10:00,560.94
14,06.06 11:00,602.317
14,06.06 12:00,665.078
14,06.06 13:00,673.915
14,06.06 14:00,704.75
14,06.06 15:00,700.59
14,06.06 16:00,700.134
14,06.06 17:00,700.197
14,06.06 18:00,686.745
14,06.06 19:00,673.697
14,06.06 20:00,628.744
14,06.06 21:00,597.759
14,06.06 22:00,567.561
14,06.06 23:00,546.677
14,07.06 00:00,520.568
14,07.06 01:00,484.018
14,07.06 02:00,479.001
14,07.06 03:00,481.227
14,07.06 04:00,482.532
14,07.06 05:00,474.437
14,07.06 06:00,483.663
14,07.06 07:00,496.121
14,07.06 08:00,526.321
14,07.06 09:00,582.043
14,07.06 10:00,613.95
14,07.06 11:00,653.607
14,07.06 12:00,692.287
14,07.06 13:00,710.234
14,07.06 14:00,706.223
14,07.06 15:00,712.208
14,07.06 16:00,710.269
14,07.06 17:00,710.282
14,07.06 18:00,707.578
14,07.06 19:00,692.116
14,07.06 20:00,643.061
14,07.06 21:00,613.799
14,07.06 22:00,604.643
14,07.06 23:00,584.52
14,08.06 00:00,522.211
14,08.06 01:00,536.517
14,08.06 02:00,534.905
14,08.06 03:00,528.432
14,08.06 04:00,506.156
14,08.06 05:00,517.728
14,08.06 06:00,532.519
14,08.06 07:00,553.794
14,08.06 08:00,558.178
14,08.06 09:00,613.471
14,08.06 10:00,640.569
14,08.06 11:00,654.556
14,08.06 12:00,659.464
14,08.06 13:00,679.854
14,08.06 14:00,679.166
14,08.06 15:00,684.015
14,08.06 16:00,673.051
14,08.06 17:00,672.332
14,08.06 18:00,659.91
14,08.06 19:00,648.91
14,08.06 20:00,635.351
14,08.06 21:00,618.529
14,08.06 22:00,574.429
14,08.06 23:00,532.058
14,09.06 00:00,505.892
14,09.06 01:00,489.214
14,09.06 02:00,481.685
14,09.06 03:00,482.787
14,09.06 04:00,483.715
14,09.06 05:00,475.454
14,09.06 06:00,493.846
14,09.06 07:00,497.705
14,09.06 08:00,498.882
14,09.06 09:00,512.718
14,09.06 10:00,535.518
14,09.06 11:00,568.956
14,09.06 12:00,633.257
14,09.06 13:00,650.669
14,09.06 14:00,660.048
14,09.06 15:00,655.756
14,09.06 16:00,661.555
14,09.06 17:00,649.478
14,09.06 18:00,647.059
14,09.06 19:00,636.273
14,09.06 20:00,618.531
14,09.06 21:00,591.187
14,09.06 22:00,558.056
14,09.06 23:00,537.932
14,10.06 00:00,529.191
14,10.06 01:00,505.481
14,10.06 02:00,497.842
14,10.06 03:00,496.519
14,10.06 04:00,498.629
14,10.06 05:00,496.735
14,10.06 06:00,507.046
14,10.06 07:00,508.224
14,10.06 08:00,525.433
14,10.06 09:00,547.248
14,10.06 10:00,591.987
14,10.06 11:00,650.796
14,10.06 12:00,663.227
14,10.06 13:00,672.918
14,10.06 14:00,674.992
14,10.06 15:00,672.66
14,10.06 16:00,670.466
14,10.06 17:00,649.628
14,10.06 18:00,639.348
14,10.06 19:00,625.356
14,10.06 20:00,611.302
14,10.06 21:00,601.266
14,10.06 22:00,592.27
14,10.06 23:00,564.207
14,11.06 00:00,539.418
14,11.06 01:00,543.3
14,11.06 02:00,534.468
14,11.06 03:00,508.405
14,11.06 04:00,518.944
14,11.06 05:00,519.585
14,11.06 06:00,520.383
14,11.06 07:00,517.831
14,11.06 08:00,527.02
14,11.06 09:00,532.334
14,11.06 10:00,562.598
14,11.06 11:00,569.51
14,11.06 12:00,559.617
14,11.06 13:00,578.327
14,11.06 14:00,576.167
14,11.06 15:00,570.898
14,11.06 16:00,569.267
14,11.06 17:00,577.36
14,11.06 18:00,581.767
14,11.06 19:00,570.729
14,11.06 20:00,561.868
14,11.06 21:00,549.762
14,11.06 22:00,537.815
14,11.06 23:00,544.28
14,12.06 00:00,536.047
14,12.06 01:00,528.234
14,12.06 02:00,516.442
14,12.06 03:00,513.585
14,12.06 04:00,499.878
14,12.06 05:00,496.997
14,12.06 06:00,490.911
14,12.06 07:00,484.294
14,12.06 08:00,489.746
14,12.06 09:00,487.716
14,12.06 10:00,504.172
14,12.06 11:00,495.113
14,12.06 12:00,505.123
14,12.06 13:00,520.178
14,12.06 14:00,530.861
14,12.06 15:00,557.086
14,12.06 16:00,583.47
14,12.06 17:00,581.97
14,12.06 18:00,583.924
14,12.06 19:00,591.72
14,12.06 20:00,585.298
14,12.06 21:00,576.166
14,12.06 22:00,563.66
14,12.06 23:00,544.867
14,13.06 00:00,517.51
14,13.06 01:00,512.982
14,13.06 02:00,510.803
14,13.06 03:00,514.327
14,13.06 04:00,507.156
14,13.06 05:00,490.747
14,13.06 06:00,498.705
14,13.06 07:00,503.342
14,13.06 08:00,513.091
14,13.06 09:00,539.337
14,13.06 10:00,573.974
14,13.06 11:00,595.453
14,13.06 12:00,625.425
14,13.06 13:00,640.076
14,13.06 14:00,656.554
14,13.06 15:00,639.002
14,13.06 16:00,637.481
14,13.06 17:00,630.633
14,13.06 18:00,600.425
14,13.06 19:00,576.737
14,13.06 20:00,564.622
14,13.06 21:00,547.132
14,13.06 22:00,532.396
14,13.06 23:00,527.19
14,14.06 00:00,499.754
14,14.06 01:00,508.518
14,14.06 02:00,484.24
14,14.06 03:00,500.165
14,14.06 04:00,497.192
14,14.06 05:00,491.931
14,14.06 06:00,501.954
14,14.06 07:00,508.96
14,14.06 08:00,508.949
14,14.06 09:00,531.16
14,14.06 10:00,568.609
14,14.06 11:00,604.458
14,14.06 12:00,627.418
14,14.06 13:00,622.889
14,14.06 14:00,651.817
14,14.06 15:00,631.583
14,14.06 16:00,624.432
14,14.06 17:00,621.974
14,14.06 18:00,610.367
14,14.06 19:00,591.24
14,14.06 20:00,563.761
14,14.06 21:00,541.401
14,14.06 22:00,520.154
14,14.06 23:00,506.605
14,15.06 00:00,491.488
14,15.06 01:00,478.316
14,15.06 02:00,474.693
14,15.06 03:00,474.795
14,15.06 04:00,469.668
14,15.06 05:00,461.312
14,15.06 06:00,477.871
14,15.06 07:00,489.351
14,15.06 08:00,498.826
14,15.06 09:00,536.939
14,15.06 10:00,579.78
14,15.06 11:00,615.63
14,15.06 12:00,645.337
14,15.06 13:00,633.888
14,15.06 14:00,610.31
14,15.06 15:00,620.015
14,15.06 16:00,636.602
14,15.06 17:00,633.808
14,15.06 18:00,616.224
14,15.06 19:00,602.045
14,15.06 20:00,583.077
14,15.06 21:00,552.422
14,15.06 22:00,528.518
14,15.06 23:00,515.214
14,16.06 00:00,499.807
14,16.06 01:00,475.241
14,16.06 02:00,464.9
14,16.06 03:00,476.134
14,16.06 04:00,476.956
14,16.06 05:00,479.625
14,16.06 06:00,489.488
14,16.06 07:00,498.632
14,16.06 08:00,510.671
14,16.06 09:00,524.77
14,16.06 10:00,553.782
14,16.06 11:00,582.913
14,16.06 12:00,613.954
14,16.06 13:00,623.328
14,16.06 14:00,639.652
14,16.06 15:00,641.363
14,16.06 16:00,633.974
14,16.06 17:00,647.76
14,16.06 18:00,627.766
14,16.06 19:00,606.562
14,16.06 20:00,584.626
14,16.06 21:00,548.071
14,16.06 22:00,535.025
14,16.06 23:00,514.623
14,17.06 00:00,505.371
14,17.06 01:00,499.687
14,17.06 02:00,495.15
14,17.06 03:00,473.397
14,17.06 04:00,486.739
14,17.06 05:00,466.855
14,17.06 06:00,483.734
14,17.06 07:00,490.332
14,17.06 08:00,499.449
14,17.06 09:00,518.007
14,17.06 10:00,613.821
14,17.06 11:00,592.112
14,17.06 12:00,609.681
14,17.06 13:00,637.358
14,17.06 14:00,641.635
14,17.06 15:00,648.073
14,17.06 16:00,651.666
14,17.06 17:00,646.573
14,17.06 18:00,617.091
14,17.06 19:00,598.646
14,17.06 20:00,574.16
14,17.06 21:00,556.215
14,17.06 22:00,531.906
14,17.06 23:00,516.577
14,18.06 00:00,498.391
14,18.06 01:00,480.975
14,18.06 02:00,470.208
14,18.06 03:00,466.264
14,18.06 04:00,462.038
14,18.06 05:00,467.249
14,18.06 06:00,466.159
14,18.06 07:00,464.652
14,18.06 08:00,477.072
14,18.06 09:00,453.092
14,18.06 10:00,406.222
14,18.06 11:00,410.001
14,18.06 12:00,409.769
14,18.06 13:00,406.433
14,18.06 14:00,409.457
14,18.06 15:00,406.601
14,18.06 16:00,409.837
14,18.06 17:00,406.845
14,18.06 18:00,517.323
14,18.06 19:00,512.299
14,18.06 20:00,515.303
14,18.06 21:00,513.883
14,18.06 22:00,514.232
14,18.06 23:00,514.779
14,19.06 00:00,514.792
14,19.06 01:00,513.267
14,19.06 02:00,513.577
14,19.06 03:00,512.929
14,19.06 04:00,516.582
14,19.06 05:00,517.077
14,19.06 06:00,513.962
14,19.06 07:00,516.272
14,19.06 08:00,512.516
14,19.06 09:00,516.78
14,19.06 10:00,516.905
14,19.06 11:00,517.094
14,19.06 12:00,515.444
14,19.06 13:00,516.493
14,19.06 14:00,516.746
14,19.06 15:00,514.938
14,19.06 16:00,516.036
14,19.06 17:00,516.276
14,19.06 18:00,513.716
14,19.06 19:00,512.519
14,19.06 20:00,514.07
14,19.06 21:00,515.538
14,19.06 22:00,514.363
14,19.06 23:00,517.088
14,20.06 00:00,527.328
14,20.06 01:00,503.26
14,20.06 02:00,484.576
14,20.06 03:00,485.932
14,20.06 04:00,490.428
14,20.06 05:00,485.136
14,20.06 06:00,492.869
14,20.06 07:00,502.942
14,20.06 08:00,509.27
14,20.06 09:00,522.084
14,20.06 10:00,555.146
14,20.06 11:00,593.428
14,20.06 12:00,622.903
14,20.06 13:00,636.177
14,20.06 14:00,662.582
14,20.06 15:00,670.872
14,20.06 16:00,732.901
14,20.06 17:00,728.994
14,20.06 18:00,701.756
14,20.06 19:00,661.686
14,20.06 20:00,637.097
14,20.06 21:00,602.271
14,20.06 22:00,581.126
14,20.06 23:00,571.167
14,21.06 00:00,540.853
14,21.06 01:00,533.096
14,21.06 02:00,516.179
14,21.06 03:00,509.195
14,21.06 04:00,498.503
14,21.06 05:00,496.344
14,21.06 06:00,496.854
14,21.06 07:00,504.108
14,21.06 08:00,521.631
14,21.06 09:00,544.047
14,21.06 10:00,598.896
14,21.06 11:00,639.521
14,21.06 12:00,655.007
14,21.06 13:00,671.601
14,21.06 14:00,654.2
14,21.06 15:00,688.92
14,21.06 16:00,666.781
14,21.06 17:00,672.601
14,21.06 18:00,657.662
14,21.06 19:00,626.246
14,21.06 20:00,607.853
14,21.06 21:00,593.598
14,21.06 22:00,577.174
14,21.06 23:00,546.036
14,22.06 00:00,578.873
14,22.06 01:00,524.196
14,22.06 02:00,507.466
14,22.06 03:00,498.908
14,22.06 04:00,495.938
14,22.06 05:00,498.857
14,22.06 06:00,506.389
14,22.06 07:00,512.328
14,22.06 08:00,540.951
14,22.06 09:00,557.567
14,22.06 10:00,591.284
14,22.06 11:00,643.547
14,22.06 12:00,689.053
14,22.06 13:00,707.573
14,22.06 14:00,710.022
14,22.06 15:00,719.137
14,22.06 16:00,727.535
14,22.06 17:00,715.112
14,22.06 18:00,710.408
14,22.06 19:00,689.883
14,22.06 20:00,672.237
14,22.06 21:00,656.809
14,22.06 22:00,641.606
14,22.06 23:00,630.946
14,23.06 00:00,607.634
14,23.06 01:00,622.325
14,23.06 02:00,613.943
14,23.06 03:00,607.316
14,23.06 04:00,601.293
14,23.06 05:00,612.673
14,23.06 06:00,618.375
14,23.06 07:00,628.731
14,23.06 08:00,637.672
14,23.06 09:00,643.909
14,23.06 10:00,675.752
14,23.06 11:00,682.526
14,23.06 12:00,667.701
14,23.06 13:00,716.51
14,23.06 14:00,719.68
14,23.06 15:00,728.563
14,23.06 16:00,732.887
14,23.06 17:00,752.645
14,23.06 18:00,769.975
14,23.06 19:00,728.163
14,23.06 20:00,702.977
14,23.06 21:00,678.773
14,23.06 22:00,650.946
14,23.06 23:00,631.708
14,24.06 00:00,546.228
14,24.06 01:00,550.329
14,24.06 02:00,490.586
14,24.06 03:00,480.722
14,24.06 04:00,474.726
14,24.06 05:00,459.625
14,24.06 06:00,475.925
14,24.06 07:00,483.617
14,24.06 08:00,494.226
14,24.06 09:00,530.108
14,24.06 10:00,584.464
14,24.06 11:00,606.058
14,24.06 12:00,628.437
14,24.06 13:00,653.793
14,24.06 14:00,646.684
14,24.06 15:00,653.546
14,24.06 16:00,653.359
14,24.06 17:00,640.194
14,24.06 18:00,629.05
14,24.06 19:00,611.201
14,24.06 20:00,594.955
14,24.06 21:00,573.265
14,24.06 22:00,556.5
14,24.06 23:00,529.157
14,25.06 00:00,480.276
14,25.06 01:00,494.779
14,25.06 02:00,474.688
14,25.06 03:00,352.341
14,25.06 04:00,583.162
14,25.06 05:00,463.959
14,25.06 06:00,462.629
14,25.06 07:00,461.945
14,25.06 08:00,471.717
14,25.06 09:00,424.669
14,25.06 10:00,438.864
14,25.06 11:00,476.162
14,25.06 12:00,499.637
14,25.06 13:00,518.359
14,25.06 14:00,526.549
14,25.06 15:00,533.504
14,25.06 16:00,534.54
14,25.06 17:00,526.943
14,25.06 18:00,526.167
14,25.06 19:00,499.934
14,25.06 20:00,485.072
14,25.06 21:00,484.022
14,25.06 22:00,475.427
14,25.06 23:00,464.528
14,26.06 00:00,474.719
14,26.06 01:00,466.675
14,26.06 02:00,463.415
14,26.06 03:00,474.62
14,26.06 04:00,450.998
14,26.06 05:00,461.075
14,26.06 06:00,458.334
14,26.06 07:00,455.659
14,26.06 08:00,464.167
14,26.06 09:00,471.926
14,26.06 10:00,473.258
14,26.06 11:00,487.872
14,26.06 12:00,512.253
14,26.06 13:00,536.099
14,26.06 14:00,557.264
14,26.06 15:00,570.298
14,26.06 16:00,575.298
14,26.06 17:00,573.65
14,26.06 18:00,559.325
14,26.06 19:00,546.134
14,26.06 20:00,524.421
14,26.06 21:00,503.085
14,26.06 22:00,491.303
14,26.06 23:00,490.147
14,27.06 00:00,499.812
14,27.06 01:00,478.137
14,27.06 02:00,469.517
14,27.06 03:00,480.223
14,27.06 04:00,490.58
14,27.06 05:00,491.656
14,27.06 06:00,508.667
14,27.06 07:00,516.784
14,27.06 08:00,515.758
14,27.06 09:00,545.502
14,27.06 10:00,583.562
14,27.06 11:00,607.36
14,27.06 12:00,659.341
14,27.06 13:00,657.319
14,27.06 14:00,683.164
14,27.06 15:00,695.668
14,27.06 16:00,700.655
14,27.06 17:00,673.424
14,27.06 18:00,642.444
14,27.06 19:00,634.207
14,27.06 20:00,605.973
14,27.06 21:00,585.17
14,27.06 22:00,563.517
14,27.06 23:00,539.07
14,28.06 00:00,502.17
14,28.06 01:00,510.895
14,28.06 02:00,498.053
14,28.06 03:00,486.806
14,28.06 04:00,469.953
14,28.06 05:00,481.376
14,28.06 06:00,496.531
14,28.06 07:00,510.357
14,28.06 08:00,515.166
14,28.06 09:00,545.685
14,28.06 10:00,599.427
14,28.06 11:00,625.461
14,28.06 12:00,656.828
14,28.06 13:00,677.39
14,28.06 14:00,659.326
14,28.06 15:00,671.909
14,28.06 16:00,666.942
14,28.06 17:00,638.94
14,28.06 18:00,593.217
14,28.06 19:00,554.07
14,28.06 20:00,540.826
14,28.06 21:00,525.205
14,28.06 22:00,521.321
14,28.06 23:00,508.383
14,29.06 00:00,497.008
14,29.06 01:00,494.398
14,29.06 02:00,492.521
14,29.06 03:00,485.945
14,29.06 04:00,462.161
14,29.06 05:00,467.189
14,29.06 06:00,475.476
14,29.06 07:00,481.664
14,29.06 08:00,490.579
14,29.06 09:00,514.889
14,29.06 10:00,561.894
14,29.06 11:00,570.399
14,29.06 12:00,620.874
14,29.06 13:00,619.769
14,29.06 14:00,599.402
14,29.06 15:00,588.751
14,29.06 16:00,597.254
14,29.06 17:00,588.26
14,29.06 18:00,572.606
14,29.06 19:00,550.353
14,29.06 20:00,532.621
14,29.06 21:00,520.018
14,29.06 22:00,514.289
14,29.06 23:00,505.112
14,30.06 00:00,511.575
14,30.06 01:00,499.954
14,30.06 02:00,493.249
14,30.06 03:00,490.25
14,30.06 04:00,485.017
14,30.06 05:00,482.649
14,30.06 06:00,493.165
14,30.06 07:00,495.112
14,30.06 08:00,513.071
14,30.06 09:00,541.561
14,30.06 10:00,574.941
14,30.06 11:00,622.236
14,30.06 12:00,640.741
14,30.06 13:00,663.791
14,30.06 14:00,655.915
14,30.06 15:00,656.763
14,30.06 16:00,659.309
14,30.06 17:00,650.203
14,30.06 18:00,637.498
14,30.06 19:00,620.754
14,30.06 20:00,587.16
14,30.06 21:00,558.896
14,30.06 22:00,541.034
14,30.06 23:00,533.381
14,01.07 00:00,500.395
14,01.07 01:00,522.44
14,01.07 02:00,519.118
14,01.07 03:00,509.54
14,01.07 04:00,505.263
14,01.07 05:00,506.197
14,01.07 06:00,512.441
14,01.07 07:00,519.121
14,01.07 08:00,507.848
14,01.07 09:00,524.612
14,01.07 10:00,582.299
14,01.07 11:00,605.755
14,01.07 12:00,615.246
14,01.07 13:00,619.615
14,01.07 14:00,622.101
14,01.07 15:00,609.271
14,01.07 16:00,640.749
14,01.07 17:00,625.835
14,01.07 18:00,604.133
14,01.07 19:00,574.096
14,01.07 20:00,560.131
14,01.07 21:00,532.734
14,01.07 22:00,497.232
14,01.07 23:00,485.306
14,02.07 00:00,476.316
14,02.07 01:00,466.47
14,02.07 02:00,456.025
14,02.07 03:00,463.646
14,02.07 04:00,453.672
14,02.07 05:00,460.858
14,02.07 06:00,452.173
14,02.07 07:00,463.473
14,02.07 08:00,467.037
14,02.07 09:00,487.863
14,02.07 10:00,510.386
14,02.07 11:00,515.126
14,02.07 12:00,523.374
14,02.07 13:00,532.468
14,02.07 14:00,544.253
14,02.07 15:00,573.295
14,02.07 16:00,591.106
14,02.07 17:00,583.954
14,02.07 18:00,557.895
14,02.07 19:00,554.641
14,02.07 20:00,570.011
14,02.07 21:00,554.975
14,02.07 22:00,531.612
14,02.07 23:00,500.493
14,03.07 00:00,482.601
14,03.07 01:00,474.946
14,03.07 02:00,465.281
14,03.07 03:00,459.923
14,03.07 04:00,461.551
14,03.07 05:00,466.846
14,03.07 06:00,468.484
14,03.07 07:00,446.504
14,03.07 08:00,473.131
14,03.07 09:00,471.112
14,03.07 10:00,503.878
14,03.07 11:00,526.394
14,03.07 12:00,536.919
14,03.07 13:00,549.27
14,03.07 14:00,557.286
14,03.07 15:00,567.35
14,03.07 16:00,571.483
14,03.07 17:00,571.707
14,03.07 18:00,561.698
14,03.07 19:00,560.315
14,03.07 20:00,555.081
14,03.07 21:00,538.342
14,03.07 22:00,522.155
14,03.07 23:00,511.938
14,04.07 00:00,490.768
14,04.07 01:00,482.27
14,04.07 02:00,477.742
14,04.07 03:00,468.882
14,04.07 04:00,475.503
14,04.07 05:00,466.192
14,04.07 06:00,478.846
14,04.07 07:00,488.891
14,04.07 08:00,493.796
14,04.07 09:00,532.205
14,04.07 10:00,611.002
14,04.07 11:00,658.705
14,04.07 12:00,641.482
14,04.07 13:00,657.55
14,04.07 14:00,643.378
14,04.07 15:00,668.081
14,04.07 16:00,653.397
14,04.07 17:00,650.562
14,04.07 18:00,637.845
14,04.07 19:00,620.191
14,04.07 20:00,587.654
14,04.07 21:00,533.351
14,04.07 22:00,522.709
14,04.07 23:00,510.964
14,05.07 00:00,510.397
14,05.07 01:00,494.523
14,05.07 02:00,491.076
14,05.07 03:00,498.886
14,05.07 04:00,499.049
14,05.07 05:00,495.905
14,05.07 06:00,509.42
14,05.07 07:00,509.092
14,05.07 08:00,510.645
14,05.07 09:00,526.007
14,05.07 10:00,549.27
14,05.07 11:00,572.033
14,05.07 12:00,589.982
14,05.07 13:00,640.404
14,05.07 14:00,661.472
14,05.07 15:00,676.09
14,05.07 16:00,676.239
14,05.07 17:00,646.752
14,05.07 18:00,643.17
14,05.07 19:00,634.174
14,05.07 20:00,620.968
14,05.07 21:00,590.28
14,05.07 22:00,575.899
14,05.07 23:00,528.892
14,06.07 00:00,535.459
14,06.07 01:00,514.77
14,06.07 02:00,503.087
14,06.07 03:00,486.575
14,06.07 04:00,474.315
14,06.07 05:00,475.885
14,06.07 06:00,489.153
14,06.07 07:00,489.929
14,06.07 08:00,505.043
14,06.07 09:00,540.016
14,06.07 10:00,611.402
14,06.07 11:00,605.092
14,06.07 12:00,621.175
14,06.07 13:00,593.641
14,06.07 14:00,621.653
14,06.07 15:00,636.98
14,06.07 16:00,707.663
14,06.07 17:00,671.614
14,06.07 18:00,660.227
14,06.07 19:00,640.954
14,06.07 20:00,625.93
14,06.07 21:00,611.781
14,06.07 22:00,601.015
14,06.07 23:00,573.275
14,07.07 00:00,556.82
14,07.07 01:00,540.906
14,07.07 02:00,520.9
14,07.07 03:00,515.636
14,07.07 04:00,513.136
14,07.07 05:00,498.822
14,07.07 06:00,514.171
14,07.07 07:00,528.557
14,07.07 08:00,527.921
14,07.07 09:00,549.054
14,07.07 10:00,591.237
14,07.07 11:00,614.058
14,07.07 12:00,642.044
14,07.07 13:00,655.585
14,07.07 14:00,665.705
14,07.07 15:00,673.723
14,07.07 16:00,675.082
14,07.07 17:00,665.52
14,07.07 18:00,653.887
14,07.07 19:00,637.888
14,07.07 20:00,619.514
14,07.07 21:00,609.5
14,07.07 22:00,598.823
14,07.07 23:00,585.728
14,08.07 00:00,549.178
14,08.07 01:00,560.298
14,08.07 02:00,533.762
14,08.07 03:00,524.144
14,08.07 04:00,513.469
14,08.07 05:00,505.799
14,08.07 06:00,513.449
14,08.07 07:00,522.081
14,08.07 08:00,532.444
14,08.07 09:00,584.257
14,08.07 10:00,643.527
14,08.07 11:00,640.559
14,08.07 12:00,652.772
14,08.07 13:00,659.988
14,08.07 14:00,716.401
14,08.07 15:00,709.713
14,08.07 16:00,694.19
14,08.07 17:00,682.898
14,08.07 18:00,665.743
14,08.07 19:00,650.592
14,08.07 20:00,631.185
14,08.07 21:00,619.905
14,08.07 22:00,589.247
14,08.07 23:00,568.791
14,09.07 00:00,533.328
14,09.07 01:00,522.255
14,09.07 02:00,514.442
14,09.07 03:00,526.645
14,09.07 04:00,495.923
14,09.07 05:00,483.91
14,09.07 06:00,485.598
14,09.07 07:00,485.498
14,09.07 08:00,510.154
14,09.07 09:00,512.923
14,09.07 10:00,527.664
14,09.07 11:00,547.448
14,09.07 12:00,582.989
14,09.07 13:00,602.001
14,09.07 14:00,597.908
14,09.07 15:00,598.633
14,09.07 16:00,607.376
14,09.07 17:00,601.816
14,09.07 18:00,586.781
14,09.07 19:00,583.11
14,09.07 20:00,578.854
14,09.07 21:00,572.368
14,09.07 22:00,559.184
14,09.07 23:00,552.607
14,10.07 00:00,519.568
14,10.07 01:00,532.405
14,10.07 02:00,527.51
14,10.07 03:00,534.501
14,10.07 04:00,538.43
14,10.07 05:00,546.375
14,10.07 06:00,539.623
14,10.07 07:00,537.83
14,10.07 08:00,555.27
14,10.07 09:00,563.109
14,10.07 10:00,565.501
14,10.07 11:00,565.865
14,10.07 12:00,575.786
14,10.07 13:00,574.268
14,10.07 14:00,581.842
14,10.07 15:00,595.572
14,10.07 16:00,594.887
14,10.07 17:00,585.596
14,10.07 18:00,585.301
14,10.07 19:00,576.723
14,10.07 20:00,573.509
14,10.07 21:00,556.324
14,10.07 22:00,542.048
14,10.07 23:00,525.673
14,11.07 00:00,514.21
14,11.07 01:00,505.305
14,11.07 02:00,499.691
14,11.07 03:00,505.789
14,11.07 04:00,501.026
14,11.07 05:00,501.223
14,11.07 06:00,504.028
14,11.07 07:00,518.429
14,11.07 08:00,497.532
14,11.07 09:00,549.381
14,11.07 10:00,600.804
14,11.07 11:00,645.511
14,11.07 12:00,641.537
14,11.07 13:00,650.451
14,11.07 14:00,652.269
14,11.07 15:00,681.365
14,11.07 16:00,669.57
14,11.07 17:00,660.101
14,11.07 18:00,651.852
14,11.07 19:00,622.412
14,11.07 20:00,569.829
14,11.07 21:00,588.157
14,11.07 22:00,571.705
14,11.07 23:00,538.474
14,12.07 00:00,496.42
14,12.07 01:00,497.863
14,12.07 02:00,490.996
14,12.07 03:00,480.467
14,12.07 04:00,471.285
14,12.07 05:00,471.845
14,12.07 06:00,470.956
14,12.07 07:00,483.306
14,12.07 08:00,489.594
14,12.07 09:00,520.514
14,12.07 10:00,544.514
14,12.07 11:00,598.473
14,12.07 12:00,618.428
14,12.07 13:00,597.25
14,12.07 14:00,601.481
14,12.07 15:00,596.065
14,12.07 16:00,614.582
14,12.07 17:00,595.401
14,12.07 18:00,578.324
14,12.07 19:00,570.849
14,12.07 20:00,549.608
14,12.07 21:00,525.162
14,12.07 22:00,515.989
14,12.07 23:00,497.005
14,13.07 00:00,488.808
14,13.07 01:00,476.623
14,13.07 02:00,459.857
14,13.07 03:00,458.666
14,13.07 04:00,454.662
14,13.07 05:00,458.014
14,13.07 06:00,470.918
14,13.07 07:00,467.387
14,13.07 08:00,477.422
14,13.07 09:00,555.329
14,13.07 10:00,575.529
14,13.07 11:00,600.048
14,13.07 12:00,617.128
14,13.07 13:00,628.95
14,13.07 14:00,605.61
14,13.07 15:00,610.446
14,13.07 16:00,618.029
14,13.07 17:00,616.195
14,13.07 18:00,599.673
14,13.07 19:00,580.334
14,13.07 20:00,559.623
14,13.07 21:00,541.644
14,13.07 22:00,532.502
14,13.07 23:00,513.78
14,14.07 00:00,504.943
14,14.07 01:00,487.54
14,14.07 02:00,479.067
14,14.07 03:00,469.918
14,14.07 04:00,468.005
14,14.07 05:00,465.684
14,14.07 06:00,472.359
14,14.07 07:00,476.939
14,14.07 08:00,510.204
14,14.07 09:00,530.261
14,14.07 10:00,582.665
14,14.07 11:00,588.428
14,14.07 12:00,582.142
14,14.07 13:00,612.745
14,14.07 14:00,621.29
14,14.07 15:00,634.498
14,14.07 16:00,623.032
14,14.07 17:00,612.385
14,14.07 18:00,617.808
14,14.07 19:00,597.492
14,14.07 20:00,580.09
14,14.07 21:00,562.037
14,14.07 22:00,542.645
14,14.07 23:00,533.046
14,15.07 00:00,516.934
14,15.07 01:00,506.571
14,15.07 02:00,491.372
14,15.07 03:00,478.463
14,15.07 04:00,472.436
14,15.07 05:00,469.328
14,15.07 06:00,478.123
14,15.07 07:00,474.421
14,15.07 08:00,496.174
14,15.07 09:00,551.992
14,15.07 10:00,592.394
14,15.07 11:00,601.464
14,15.07 12:00,615.598
14,15.07 13:00,632.805
14,15.07 14:00,625.855
14,15.07 15:00,632.423
14,15.07 16:00,621.358
14,15.07 17:00,605.131
14,15.07 18:00,596.481
14,15.07 19:00,577.948
14,15.07 20:00,556.723
14,15.07 21:00,544.787
14,15.07 22:00,543.951
14,15.07 23:00,527.198
14,16.07 00:00,550.441
14,16.07 01:00,519.729
14,16.07 02:00,512.362
14,16.07 03:00,513.476
14,16.07 04:00,504.467
14,16.07 05:00,508.422
14,16.07 06:00,496.064
14,16.07 07:00,503.681
14,16.07 08:00,503.224
14,16.07 09:00,508.932
14,16.07 10:00,530.021
14,16.07 11:00,564.194
14,16.07 12:00,590.916
14,16.07 13:00,620.448
14,16.07 14:00,630.981
14,16.07 15:00,646.885
14,16.07 16:00,651.642
14,16.07 17:00,570.559
14,16.07 18:00,639.983
14,16.07 19:00,630.049
14,16.07 20:00,625.363
14,16.07 21:00,606.411
14,16.07 22:00,596.966
14,16.07 23:00,597.967
14,17.07 00:00,579.88
14,17.07 01:00,571.569
14,17.07 02:00,556.014
14,17.07 03:00,547.552
14,17.07 04:00,545.117
14,17.07 05:00,541.144
14,17.07 06:00,544.146
14,17.07 07:00,544.156
14,17.07 08:00,539.8
14,17.07 09:00,571.852
14,17.07 10:00,583.215
14,17.07 11:00,599.771
14,17.07 12:00,622.874
14,17.07 13:00,633.362
14,17.07 14:00,634.626
14,17.07 15:00,654.905
14,17.07 16:00,646.889
14,17.07 17:00,648.279
14,17.07 18:00,657.566
14,17.07 19:00,642.799
14,17.07 20:00,630.023
14,17.07 21:00,608.983
14,17.07 22:00,602.525
14,17.07 23:00,593.292
14,18.07 00:00,618.46
14,18.07 01:00,577.41
14,18.07 02:00,562.156
14,18.07 03:00,554.91
14,18.07 04:00,537.779
14,18.07 05:00,527.649
14,18.07 06:00,518.674
14,18.07 07:00,521.965
14,18.07 08:00,538.081
14,18.07 09:00,574.981
14,18.07 10:00,642.891
14,18.07 11:00,696.708
14,18.07 12:00,731.785
14,18.07 13:00,774.372
14,18.07 14:00,761.754
14,18.07 15:00,762.33
14,18.07 16:00,769.872
14,18.07 17:00,781.338
14,18.07 18:00,771.314
14,18.07 19:00,752.339
14,18.07 20:00,729.55
14,18.07 21:00,700.116
14,18.07 22:00,708.428
14,18.07 23:00,693.639
14,19.07 00:00,688.599
14,19.07 01:00,645.947
14,19.07 02:00,629.397
14,19.07 03:00,628.354
14,19.07 04:00,601.602
14,19.07 05:00,614.397
14,19.07 06:00,601.919
14,19.07 07:00,615.021
14,19.07 08:00,634.747
14,19.07 09:00,468.419
14,19.07 10:00,654.32
14,19.07 11:00,536.749
14,19.07 12:00,840.927
14,19.07 13:00,908.448
14,19.07 14:00,898.208
14,19.07 15:00,756.933
14,19.07 16:00,951.978
14,19.07 17:00,930.528
14,19.07 18:00,900.727
14,19.07 19:00,878.17
14,19.07 20:00,852.179
14,19.07 21:00,824.518
14,19.07 22:00,790.789
14,19.07 23:00,760.051
14,20.07 00:00,658.097
14,20.07 01:00,733.717
14,20.07 02:00,720.221
14,20.07 03:00,713.968
14,20.07 04:00,701.333
14,20.07 05:00,677.844
14,20.07 06:00,670.833
14,20.07 07:00,680.881
14,20.07 08:00,691.768
14,20.07 09:00,740.228
14,20.07 10:00,769.922
14,20.07 11:00,822.004
14,20.07 12:00,809.001
14,20.07 13:00,745.576
14,20.07 14:00,677.286
14,20.07 15:00,870.392
14,20.07 16:00,875.472
14,20.07 17:00,853.526
14,20.07 18:00,832.786
14,20.07 19:00,786.48
14,20.07 20:00,749.748
14,20.07 21:00,706.382
14,20.07 22:00,654.297
14,20.07 23:00,626.339
14,21.07 00:00,583.787
14,21.07 01:00,572.021
14,21.07 02:00,538.989
14,21.07 03:00,527.775
14,21.07 04:00,523.84
14,21.07 05:00,511.671
14,21.07 06:00,520.163
14,21.07 07:00,527.056
14,21.07 08:00,532.931
14,21.07 09:00,578.225
14,21.07 10:00,664.732
14,21.07 11:00,675.638
14,21.07 12:00,687.1
14,21.07 13:00,712.721
14,21.07 14:00,707.935
14,21.07 15:00,719.199
14,21.07 16:00,723.648
14,21.07 17:00,708.796
14,21.07 18:00,699.485
14,21.07 19:00,680.2
14,21.07 20:00,651.42
14,21.07 21:00,636.849
14,21.07 22:00,619.68
14,21.07 23:00,601.167
14,22.07 00:00,581.676
14,22.07 01:00,581.365
14,22.07 02:00,598.337
14,22.07 03:00,586.031
14,22.07 04:00,579.008
14,22.07 05:00,567.435
14,22.07 06:00,573.204
14,22.07 07:00,584.423
14,22.07 08:00,596.759
14,22.07 09:00,605.59
14,22.07 10:00,656.011
14,22.07 11:00,706.358
14,22.07 12:00,722.461
14,22.07 13:00,716.545
14,22.07 14:00,696.895
14,22.07 15:00,696.776
14,22.07 16:00,717.518
14,22.07 17:00,708.46
14,22.07 18:00,690.68
14,22.07 19:00,685.64
14,22.07 20:00,659.191
14,22.07 21:00,641.557
14,22.07 22:00,622.055
14,22.07 23:00,602.11
14,23.07 00:00,571.07
14,23.07 01:00,562.954
14,23.07 02:00,561.727
14,23.07 03:00,548.481
14,23.07 04:00,551.93
14,23.07 05:00,546.425
14,23.07 06:00,543.751
14,23.07 07:00,543.466
14,23.07 08:00,569.545
14,23.07 09:00,592.547
14,23.07 10:00,596.469
14,23.07 11:00,620.612
14,23.07 12:00,641.868
14,23.07 13:00,654.204
14,23.07 14:00,699.195
14,23.07 15:00,675.973
14,23.07 16:00,676.022
14,23.07 17:00,683.513
14,23.07 18:00,674.119
14,23.07 19:00,652.454
14,23.07 20:00,638.252
14,23.07 21:00,615.537
14,23.07 22:00,601.375
14,23.07 23:00,581.325
14,24.07 00:00,571.879
14,24.07 01:00,574.857
14,24.07 02:00,552.245
14,24.07 03:00,541.168
14,24.07 04:00,518.015
14,24.07 05:00,501.052
14,24.07 06:00,499.478
14,24.07 07:00,499.044
14,24.07 08:00,507.726
14,24.07 09:00,527.737
14,24.07 10:00,558.836
14,24.07 11:00,574.302
14,24.07 12:00,580.906
14,24.07 13:00,586.879
14,24.07 14:00,599.01
14,24.07 15:00,600.596
14,24.07 16:00,601.446
14,24.07 17:00,604.12
14,24.07 18:00,602.421
14,24.07 19:00,601.571
14,24.07 20:00,596.755
14,24.07 21:00,591.549
14,24.07 22:00,585.012
14,24.07 23:00,573.207
14,25.07 00:00,575.317
14,25.07 01:00,571.05
14,25.07 02:00,561.371
14,25.07 03:00,528.455
14,25.07 04:00,525.484
14,25.07 05:00,510.708
14,25.07 06:00,517.128
14,25.07 07:00,528.581
14,25.07 08:00,542.398
14,25.07 09:00,584.131
14,25.07 10:00,639.576
14,25.07 11:00,628.144
14,25.07 12:00,662.049
14,25.07 13:00,599.594
14,25.07 14:00,627.011
14,25.07 15:00,672.122
14,25.07 16:00,699.807
14,25.07 17:00,673.488
14,25.07 18:00,673.327
14,25.07 19:00,653.158
14,25.07 20:00,625.315
14,25.07 21:00,602.991
14,25.07 22:00,588.62
14,25.07 23:00,572.484
14,26.07 00:00,568.965
14,26.07 01:00,571.865
14,26.07 02:00,569.067
14,26.07 03:00,569.045
14,26.07 04:00,570.572
14,26.07 05:00,572.199
14,26.07 06:00,572.558
14,26.07 07:00,569.077
14,26.07 08:00,570.44
14,26.07 09:00,572.253
14,26.07 10:00,570.639
14,26.07 11:00,572.507
14,26.07 12:00,568.305
14,26.07 13:00,568.755
14,26.07 14:00,573.176
14,26.07 15:00,543.398
14,26.07 16:00,571.381
14,26.07 17:00,569.831
14,26.07 18:00,571.033
14,26.07 19:00,571.465
14,26.07 20:00,558.656
14,26.07 21:00,568.392
14,26.07 22:00,569.816
14,26.07 23:00,569.728
14,27.07 00:00,572.785
14,27.07 01:00,568.824
14,27.07 02:00,572.039
14,27.07 03:00,572.713
14,27.07 04:00,570.358
14,27.07 05:00,572.399
14,27.07 06:00,568.831
14,27.07 07:00,570.247
14,27.07 08:00,571.91
14,27.07 09:00,570.344
14,27.07 10:00,572.1
14,27.07 11:00,568.302
14,27.07 12:00,569.973
14,27.07 13:00,573.041
14,27.07 14:00,568.736
14,27.07 15:00,571.512
14,27.07 16:00,584.663
14,27.07 17:00,571.261
14,27.07 18:00,568.599
14,27.07 19:00,568.886
14,27.07 20:00,568.632
14,27.07 21:00,569.678
14,27.07 22:00,571.028
14,27.07 23:00,572.196
14,28.07 00:00,572.204
14,28.07 01:00,568.393
14,28.07 02:00,569.788
14,28.07 03:00,568.468
14,28.07 04:00,571.288
14,28.07 05:00,568.593
14,28.07 06:00,572.712
14,28.07 07:00,568.43
14,28.07 08:00,573.206
14,28.07 09:00,569.453
14,28.07 10:00,569.252
14,28.07 11:00,568.704
14,28.07 12:00,569.814
14,28.07 13:00,568.687
14,28.07 14:00,572.611
14,28.07 15:00,569.063
14,28.07 16:00,572.091
14,28.07 17:00,573.833
14,28.07 18:00,571.986
14,28.07 19:00,571.549
14,28.07 20:00,568.284
14,28.07 21:00,573.605
14,28.07 22:00,572.515
14,28.07 23:00,570.577
14,29.07 00:00,0.0
14,29.07 01:00,0.0
14,29.07 02:00,0.0
14,29.07 03:00,0.0
14,29.07 04:00,0.0
14,29.07 05:00,0.0
14,29.07 06:00,0.0
14,29.07 07:00,0.0
14,29.07 08:00,0.0
14,29.07 09:00,0.0
14,29.07 10:00,0.0
14,29.07 11:00,0.0
14,29.07 12:00,0.0
14,29.07 13:00,0.0
14,29.07 14:00,0.0
14,29.07 15:00,0.0
14,29.07 16:00,0.0
14,29.07 17:00,0.0
14,29.07 18:00,0.0
14,29.07 19:00,0.0
14,29.07 20:00,0.0
14,29.07 21:00,0.0
14,29.07 22:00,0.0
14,29.07 23:00,0.0
14,30.07 00:00,0.0
14,30.07 01:00,0.0
14,30.07 02:00,0.0
14,30.07 03:00,0.0
14,30.07 04:00,0.0
14,30.07 05:00,0.0
14,30.07 06:00,0.0
14,30.07 07:00,0.0
14,30.07 08:00,0.0
14,30.07 09:00,0.0
14,30.07 10:00,0.0
14,30.07 11:00,0.0
14,30.07 12:00,0.0
14,30.07 13:00,0.0
14,30.07 14:00,0.0
14,30.07 15:00,0.0
14,30.07 16:00,0.0
14,30.07 17:00,0.0
14,30.07 18:00,0.0
14,30.07 19:00,0.0
14,30.07 20:00,0.0
14,30.07 21:00,0.0
14,30.07 22:00,0.0
14,30.07 23:00,0.0
14,31.07 00:00,0.0
14,31.07 01:00,0.0
14,31.07 02:00,0.0
14,31.07 03:00,0.0
14,31.07 04:00,0.0
14,31.07 05:00,0.0
14,31.07 06:00,0.0
14,31.07 07:00,0.0
14,31.07 08:00,0.0
14,31.07 09:00,0.0
14,31.07 10:00,0.0
14,31.07 11:00,0.0
14,31.07 12:00,0.0
14,31.07 13:00,0.0
14,31.07 14:00,0.0
14,31.07 15:00,0.0
14,31.07 16:00,0.0
14,31.07 17:00,0.0
14,31.07 18:00,0.0
14,31.07 19:00,0.0
14,31.07 20:00,0.0
14,31.07 21:00,0.0
14,31.07 22:00,0.0
14,31.07 23:00,0.0
14,01.08 00:00,0.0
14,01.08 01:00,0.0
14,01.08 02:00,0.0
14,01.08 03:00,0.0
14,01.08 04:00,0.0
14,01.08 05:00,0.0
14,01.08 06:00,0.0
14,01.08 07:00,0.0
14,01.08 08:00,0.0
14,01.08 09:00,0.0
14,01.08 10:00,0.0
14,01.08 11:00,0.0
14,01.08 12:00,0.0
14,01.08 13:00,0.0
14,01.08 14:00,0.0
14,01.08 15:00,0.0
14,01.08 16:00,0.0
14,01.08 17:00,0.0
14,01.08 18:00,0.0
14,01.08 19:00,0.0
14,01.08 20:00,0.0
14,01.08 21:00,0.0
14,01.08 22:00,0.0
14,01.08 23:00,0.0
14,02.08 00:00,0.0
14,02.08 01:00,0.0
14,02.08 02:00,0.0
14,02.08 03:00,0.0
14,02.08 04:00,0.0
14,02.08 05:00,0.0
14,02.08 06:00,0.0
14,02.08 07:00,0.0
14,02.08 08:00,0.0
14,02.08 09:00,0.0
14,02.08 10:00,0.0
14,02.08 11:00,0.0
14,02.08 12:00,0.0
14,02.08 13:00,0.0
14,02.08 14:00,0.0
14,02.08 15:00,0.0
14,02.08 16:00,0.0
14,02.08 17:00,0.0
14,02.08 18:00,0.0
14,02.08 19:00,0.0
14,02.08 20:00,0.0
14,02.08 21:00,0.0
14,02.08 22:00,0.0
14,02.08 23:00,0.0
14,03.08 00:00,0.0
14,03.08 01:00,0.0
14,03.08 02:00,0.0
14,03.08 03:00,0.0
14,03.08 04:00,0.0
14,03.08 05:00,0.0
14,03.08 06:00,0.0
14,03.08 07:00,0.0
14,03.08 08:00,0.0
14,03.08 09:00,0.0
14,03.08 10:00,0.0
14,03.08 11:00,0.0
14,03.08 12:00,0.0
14,03.08 13:00,0.0
14,03.08 14:00,0.0
14,03.08 15:00,0.0
14,03.08 16:00,0.0
14,03.08 17:00,0.0
14,03.08 18:00,0.0
14,03.08 19:00,0.0
14,03.08 20:00,0.0
14,03.08 21:00,0.0
14,03.08 22:00,0.0
14,03.08 23:00,0.0
14,04.08 00:00,0.0
14,04.08 01:00,0.0
14,04.08 02:00,0.0
14,04.08 03:00,0.0
14,04.08 04:00,0.0
14,04.08 05:00,0.0
14,04.08 06:00,0.0
14,04.08 07:00,0.0
14,04.08 08:00,0.0
14,04.08 09:00,0.0
14,04.08 10:00,0.0
14,04.08 11:00,0.0
14,04.08 12:00,0.0
14,04.08 13:00,0.0
14,04.08 14:00,0.0
14,04.08 15:00,0.0
14,04.08 16:00,0.0
14,04.08 17:00,0.0
14,04.08 18:00,0.0
14,04.08 19:00,0.0
14,04.08 20:00,0.0
14,04.08 21:00,0.0
14,04.08 22:00,0.0
14,04.08 23:00,0.0
14,05.08 00:00,0.0
14,05.08 01:00,0.0
14,05.08 02:00,0.0
14,05.08 03:00,0.0
14,05.08 04:00,0.0
14,05.08 05:00,0.0
14,05.08 06:00,0.0
14,05.08 07:00,0.0
14,05.08 08:00,0.0
14,05.08 09:00,0.0
14,05.08 10:00,0.0
14,05.08 11:00,0.0
14,05.08 12:00,0.0
14,05.08 13:00,0.0
14,05.08 14:00,0.0
14,05.08 15:00,0.0
14,05.08 16:00,0.0
14,05.08 17:00,0.0
14,05.08 18:00,0.0
14,05.08 19:00,0.0
14,05.08 20:00,0.0
14,05.08 21:00,0.0
14,05.08 22:00,0.0
14,05.08 23:00,0.0
14,06.08 00:00,0.0
14,06.08 01:00,0.0
14,06.08 02:00,0.0
14,06.08 03:00,0.0
14,06.08 04:00,0.0
14,06.08 05:00,0.0
14,06.08 06:00,0.0
14,06.08 07:00,0.0
14,06.08 08:00,0.0
14,06.08 09:00,0.0
14,06.08 10:00,0.0
14,06.08 11:00,0.0
14,06.08 12:00,0.0
14,06.08 13:00,0.0
14,06.08 14:00,0.0
14,06.08 15:00,0.0
14,06.08 16:00,0.0
14,06.08 17:00,0.0
14,06.08 18:00,0.0
14,06.08 19:00,0.0
14,06.08 20:00,0.0
14,06.08 21:00,0.0
14,06.08 22:00,0.0
14,06.08 23:00,0.0
14,07.08 00:00,0.0
14,07.08 01:00,0.0
14,07.08 02:00,0.0
14,07.08 03:00,0.0
14,07.08 04:00,0.0
14,07.08 05:00,0.0
14,07.08 06:00,0.0
14,07.08 07:00,0.0
14,07.08 08:00,0.0
14,07.08 09:00,0.0
14,07.08 10:00,0.0
14,07.08 11:00,0.0
14,07.08 12:00,0.0
14,07.08 13:00,0.0
14,07.08 14:00,0.0
14,07.08 15:00,0.0
14,07.08 16:00,0.0
14,07.08 17:00,0.0
14,07.08 18:00,0.0
14,07.08 19:00,0.0
14,07.08 20:00,0.0
14,07.08 21:00,0.0
14,07.08 22:00,0.0
14,07.08 23:00,0.0
14,08.08 00:00,0.0
14,08.08 01:00,0.0
14,08.08 02:00,0.0
14,08.08 03:00,0.0
14,08.08 04:00,0.0
14,08.08 05:00,0.0
14,08.08 06:00,0.0
14,08.08 07:00,0.0
14,08.08 08:00,0.0
14,08.08 09:00,0.0
14,08.08 10:00,0.0
14,08.08 11:00,0.0
14,08.08 12:00,0.0
14,08.08 13:00,0.0
14,08.08 14:00,0.0
14,08.08 15:00,0.0
14,08.08 16:00,0.0
14,08.08 17:00,0.0
14,08.08 18:00,0.0
14,08.08 19:00,0.0
14,08.08 20:00,0.0
14,08.08 21:00,0.0
14,08.08 22:00,0.0
14,08.08 23:00,0.0
14,09.08 00:00,0.0
14,09.08 01:00,0.0
14,09.08 02:00,0.0
14,09.08 03:00,0.0
14,09.08 04:00,0.0
14,09.08 05:00,0.0
14,09.08 06:00,0.0
14,09.08 07:00,0.0
14,09.08 08:00,0.0
14,09.08 09:00,0.0
14,09.08 10:00,0.0
14,09.08 11:00,0.0
14,09.08 12:00,0.0
14,09.08 13:00,0.0
14,09.08 14:00,0.0
14,09.08 15:00,0.0
14,09.08 16:00,0.0
14,09.08 17:00,0.0
14,09.08 18:00,0.0
14,09.08 19:00,0.0
14,09.08 20:00,0.0
14,09.08 21:00,0.0
14,09.08 22:00,0.0
14,09.08 23:00,0.0
14,10.08 00:00,0.0
14,10.08 01:00,0.0
14,10.08 02:00,0.0
14,10.08 03:00,0.0
14,10.08 04:00,0.0
14,10.08 05:00,0.0
14,10.08 06:00,0.0
14,10.08 07:00,0.0
14,10.08 08:00,0.0
14,10.08 09:00,0.0
14,10.08 10:00,0.0
14,10.08 11:00,0.0
14,10.08 12:00,0.0
14,10.08 13:00,0.0
14,10.08 14:00,0.0
14,10.08 15:00,0.0
14,10.08 16:00,0.0
14,10.08 17:00,0.0
14,10.08 18:00,0.0
14,10.08 19:00,0.0
14,10.08 20:00,0.0
14,10.08 21:00,0.0
14,10.08 22:00,0.0
14,10.08 23:00,0.0
14,11.08 00:00,567.336
14,11.08 01:00,557.677
14,11.08 02:00,528.692
14,11.08 03:00,530.63
14,11.08 04:00,529.16
14,11.08 05:00,521.955
14,11.08 06:00,528.446
14,11.08 07:00,529.077
14,11.08 08:00,529.28
14,11.08 09:00,550.165
14,11.08 10:00,596.841
14,11.08 11:00,624.26
14,11.08 12:00,624.707
14,11.08 13:00,637.474
14,11.08 14:00,656.944
14,11.08 15:00,669.289
14,11.08 16:00,672.203
14,11.08 17:00,659.352
14,11.08 18:00,653.35
14,11.08 19:00,639.109
14,11.08 20:00,632.544
14,11.08 21:00,615.884
14,11.08 22:00,601.131
14,11.08 23:00,576.843
14,12.08 00:00,541.197
14,12.08 01:00,540.322
14,12.08 02:00,540.014
14,12.08 03:00,531.862
14,12.08 04:00,519.917
14,12.08 05:00,512.186
14,12.08 06:00,515.359
14,12.08 07:00,525.43
14,12.08 08:00,536.118
14,12.08 09:00,573.617
14,12.08 10:00,618.475
14,12.08 11:00,658.943
14,12.08 12:00,679.775
14,12.08 13:00,675.896
14,12.08 14:00,671.956
14,12.08 15:00,683.145
14,12.08 16:00,689.08
14,12.08 17:00,675.381
14,12.08 18:00,666.573
14,12.08 19:00,651.853
14,12.08 20:00,627.611
14,12.08 21:00,610.129
14,12.08 22:00,578.455
14,12.08 23:00,554.645
14,13.08 00:00,539.531
14,13.08 01:00,531.548
14,13.08 02:00,535.377
14,13.08 03:00,537.957
14,13.08 04:00,532.995
14,13.08 05:00,524.726
14,13.08 06:00,523.807
14,13.08 07:00,518.475
14,13.08 08:00,542.696
14,13.08 09:00,525.544
14,13.08 10:00,495.968
14,13.08 11:00,490.6
14,13.08 12:00,510.133
14,13.08 13:00,555.725
14,13.08 14:00,561.879
14,13.08 15:00,556.914
14,13.08 16:00,566.742
14,13.08 17:00,601.732
14,13.08 18:00,605.065
14,13.08 19:00,602.028
14,13.08 20:00,595.736
14,13.08 21:00,588.97
14,13.08 22:00,567.7
14,13.08 23:00,563.752
14,14.08 00:00,534.037
14,14.08 01:00,537.99
14,14.08 02:00,545.298
14,14.08 03:00,525.652
14,14.08 04:00,515.421
14,14.08 05:00,511.245
14,14.08 06:00,504.801
14,14.08 07:00,503.583
14,14.08 08:00,505.204
14,14.08 09:00,505.667
14,14.08 10:00,495.978
14,14.08 11:00,495.569
14,14.08 12:00,534.369
14,14.08 13:00,523.877
14,14.08 14:00,533.849
14,14.08 15:00,557.979
14,14.08 16:00,586.136
14,14.08 17:00,589.97
14,14.08 18:00,593.748
14,14.08 19:00,580.656
14,14.08 20:00,571.985
14,14.08 21:00,560.701
14,14.08 22:00,556.819
14,14.08 23:00,541.406
14,15.08 00:00,535.011
14,15.08 01:00,520.256
14,15.08 02:00,512.471
14,15.08 03:00,521.354
14,15.08 04:00,517.999
14,15.08 05:00,509.058
14,15.08 06:00,508.364
14,15.08 07:00,516.184
14,15.08 08:00,516.816
14,15.08 09:00,567.127
14,15.08 10:00,603.337
14,15.08 11:00,637.685
14,15.08 12:00,662.746
14,15.08 13:00,675.067
14,15.08 14:00,721.978
14,15.08 15:00,719.448
14,15.08 16:00,707.272
14,15.08 17:00,697.17
14,15.08 18:00,683.11
14,15.08 19:00,650.75
14,15.08 20:00,619.792
14,15.08 21:00,596.646
14,15.08 22:00,576.466
14,15.08 23:00,560.378
14,16.08 00:00,545.187
14,16.08 01:00,542.981
14,16.08 02:00,532.583
14,16.08 03:00,511.059
14,16.08 04:00,512.078
14,16.08 05:00,494.351
14,16.08 06:00,499.838
14,16.08 07:00,501.475
14,16.08 08:00,512.7
14,16.08 09:00,556.673
14,16.08 10:00,619.247
14,16.08 11:00,673.933
14,16.08 12:00,709.899
14,16.08 13:00,698.847
14,16.08 14:00,705.688
14,16.08 15:00,702.241
14,16.08 16:00,699.457
14,16.08 17:00,690.736
14,16.08 18:00,673.254
14,16.08 19:00,648.836
14,16.08 20:00,615.852
14,16.08 21:00,592.644
14,16.08 22:00,578.514
14,16.08 23:00,564.054
14,17.08 00:00,554.752
14,17.08 01:00,533.619
14,17.08 02:00,520.824
14,17.08 03:00,510.969
14,17.08 04:00,505.399
14,17.08 05:00,506.375
14,17.08 06:00,509.028
14,17.08 07:00,514.009
14,17.08 08:00,518.728
14,17.08 09:00,575.364
14,17.08 10:00,634.558
14,17.08 11:00,659.743
14,17.08 12:00,684.23
14,17.08 13:00,701.387
14,17.08 14:00,711.237
14,17.08 15:00,714.983
14,17.08 16:00,720.625
14,17.08 17:00,720.415
14,17.08 18:00,697.978
14,17.08 19:00,680.426
14,17.08 20:00,645.595
14,17.08 21:00,628.135
14,17.08 22:00,609.537
14,17.08 23:00,593.504
14,18.08 00:00,576.792
14,18.08 01:00,568.736
14,18.08 02:00,543.575
14,18.08 03:00,543.552
14,18.08 04:00,540.025
14,18.08 05:00,537.416
14,18.08 06:00,533.792
14,18.08 07:00,551.646
14,18.08 08:00,560.035
14,18.08 09:00,573.396
14,18.08 10:00,620.595
14,18.08 11:00,667.617
14,18.08 12:00,692.317
14,18.08 13:00,707.911
14,18.08 14:00,700.852
14,18.08 15:00,713.351
14,18.08 16:00,706.377
14,18.08 17:00,697.391
14,18.08 18:00,676.697
14,18.08 19:00,653.819
14,18.08 20:00,635.678
14,18.08 21:00,613.471
14,18.08 22:00,605.868
14,18.08 23:00,586.852
14,19.08 00:00,549.471
14,19.08 01:00,573.831
14,19.08 02:00,562.723
14,19.08 03:00,558.302
14,19.08 04:00,556.153
14,19.08 05:00,558.743
14,19.08 06:00,560.513
14,19.08 07:00,566.294
14,19.08 08:00,578.724
14,19.08 09:00,587.706
14,19.08 10:00,665.248
14,19.08 11:00,683.437
14,19.08 12:00,677.963
14,19.08 13:00,675.65
14,19.08 14:00,687.336
14,19.08 15:00,684.024
14,19.08 16:00,643.676
14,19.08 17:00,608.737
14,19.08 18:00,603.707
14,19.08 19:00,564.474
14,19.08 20:00,582.528
14,19.08 21:00,563.099
14,19.08 22:00,544.975
14,19.08 23:00,528.51
14,20.08 00:00,512.196
14,20.08 01:00,511.149
14,20.08 02:00,502.31
14,20.08 03:00,500.51
14,20.08 04:00,501.767
14,20.08 05:00,499.243
14,20.08 06:00,487.376
14,20.08 07:00,493.462
14,20.08 08:00,509.037
14,20.08 09:00,525.036
14,20.08 10:00,532.539
14,20.08 11:00,501.385
14,20.08 12:00,543.721
14,20.08 13:00,572.788
14,20.08 14:00,588.599
14,20.08 15:00,592.499
14,20.08 16:00,582.99
14,20.08 17:00,599.045
14,20.08 18:00,566.885
14,20.08 19:00,564.044
14,20.08 20:00,541.529
14,20.08 21:00,521.121
14,20.08 22:00,516.069
14,20.08 23:00,514.103
14,21.08 00:00,522.863
14,21.08 01:00,508.926
14,21.08 02:00,510.495
14,21.08 03:00,512.178
14,21.08 04:00,513.335
14,21.08 05:00,512.746
14,21.08 06:00,512.244
14,21.08 07:00,508.713
14,21.08 08:00,517.507
14,21.08 09:00,525.19
14,21.08 10:00,533.739
14,21.08 11:00,540.564
14,21.08 12:00,550.857
14,21.08 13:00,561.148
14,21.08 14:00,584.811
14,21.08 15:00,597.317
14,21.08 16:00,596.796
14,21.08 17:00,599.508
14,21.08 18:00,596.085
14,21.08 19:00,582.347
14,21.08 20:00,559.983
14,21.08 21:00,551.602
14,21.08 22:00,549.065
14,21.08 23:00,549.122
14,22.08 00:00,552.726
14,22.08 01:00,543.439
14,22.08 02:00,532.76
14,22.08 03:00,534.727
14,22.08 04:00,535.784
14,22.08 05:00,529.938
14,22.08 06:00,540.239
14,22.08 07:00,552.604
14,22.08 08:00,564.662
14,22.08 09:00,583.562
14,22.08 10:00,608.323
14,22.08 11:00,632.096
14,22.08 12:00,680.586
14,22.08 13:00,692.568
14,22.08 14:00,694.479
14,22.08 15:00,724.14
14,22.08 16:00,716.977
14,22.08 17:00,697.83
14,22.08 18:00,685.239
14,22.08 19:00,664.613
14,22.08 20:00,640.718
14,22.08 21:00,621.681
14,22.08 22:00,607.607
14,22.08 23:00,586.745
14,23.08 00:00,608.381
14,23.08 01:00,561.535
14,23.08 02:00,550.073
14,23.08 03:00,548.718
14,23.08 04:00,547.071
14,23.08 05:00,526.861
14,23.08 06:00,549.215
14,23.08 07:00,547.891
14,23.08 08:00,558.798
14,23.08 09:00,594.904
14,23.08 10:00,646.371
14,23.08 11:00,720.617
14,23.08 12:00,767.463
14,23.08 13:00,791.27
14,23.08 14:00,808.738
14,23.08 15:00,813.995
14,23.08 16:00,830.943
14,23.08 17:00,815.669
14,23.08 18:00,807.197
14,23.08 19:00,779.375
14,23.08 20:00,775.572
14,23.08 21:00,749.399
14,23.08 22:00,730.107
14,23.08 23:00,693.688
14,24.08 00:00,659.099
14,24.08 01:00,644.385
14,24.08 02:00,642.927
14,24.08 03:00,632.808
14,24.08 04:00,624.147
14,24.08 05:00,612.15
14,24.08 06:00,626.412
14,24.08 07:00,624.512
14,24.08 08:00,634.411
14,24.08 09:00,672.479
14,24.08 10:00,751.292
14,24.08 11:00,743.957
14,24.08 12:00,774.992
14,24.08 13:00,794.121
14,24.08 14:00,793.515
14,24.08 15:00,818.929
14,24.08 16:00,824.113
14,24.08 17:00,810.354
14,24.08 18:00,787.904
14,24.08 19:00,770.189
14,24.08 20:00,754.656
14,24.08 21:00,730.476
14,24.08 22:00,707.286
14,24.08 23:00,690.781
14,25.08 00:00,676.705
14,25.08 01:00,666.813
14,25.08 02:00,665.46
14,25.08 03:00,651.763
14,25.08 04:00,637.653
14,25.08 05:00,633.603
14,25.08 06:00,640.631
14,25.08 07:00,631.299
14,25.08 08:00,631.303
14,25.08 09:00,662.604
14,25.08 10:00,690.096
14,25.08 11:00,739.221
14,25.08 12:00,751.698
14,25.08 13:00,779.513
14,25.08 14:00,780.403
14,25.08 15:00,783.82
14,25.08 16:00,796.965
14,25.08 17:00,792.961
14,25.08 18:00,780.613
14,25.08 19:00,753.777
14,25.08 20:00,740.254
14,25.08 21:00,724.935
14,25.08 22:00,709.866
14,25.08 23:00,703.81
14,26.08 00:00,631.523
14,26.08 01:00,676.984
14,26.08 02:00,699.904
14,26.08 03:00,686.932
14,26.08 04:00,678.572
14,26.08 05:00,638.245
14,26.08 06:00,627.886
14,26.08 07:00,589.379
14,26.08 08:00,584.909
14,26.08 09:00,611.845
14,26.08 10:00,667.206
14,26.08 11:00,690.26
14,26.08 12:00,705.812
14,26.08 13:00,721.214
14,26.08 14:00,716.906
14,26.08 15:00,721.977
14,26.08 16:00,741.508
14,26.08 17:00,729.49
14,26.08 18:00,708.394
14,26.08 19:00,695.471
14,26.08 20:00,662.426
14,26.08 21:00,628.26
14,26.08 22:00,603.237
14,26.08 23:00,585.996
14,27.08 00:00,616.508
14,27.08 01:00,574.045
14,27.08 02:00,564.008
14,27.08 03:00,555.14
14,27.08 04:00,535.911
14,27.08 05:00,531.961
14,27.08 06:00,531.001
14,27.08 07:00,537.195
14,27.08 08:00,547.664
14,27.08 09:00,564.281
14,27.08 10:00,591.927
14,27.08 11:00,616.554
14,27.08 12:00,665.923
14,27.08 13:00,683.538
14,27.08 14:00,698.652
14,27.08 15:00,689.205
14,27.08 16:00,680.759
14,27.08 17:00,683.267
14,27.08 18:00,683.789
14,27.08 19:00,674.913
14,27.08 20:00,686.562
14,27.08 21:00,669.286
14,27.08 22:00,669.626
14,27.08 23:00,659.148
14,28.08 00:00,607.07
14,28.08 01:00,645.218
14,28.08 02:00,652.285
14,28.08 03:00,636.438
14,28.08 04:00,604.819
14,28.08 05:00,577.228
14,28.08 06:00,551.628
14,28.08 07:00,552.844
14,28.08 08:00,548.336
14,28.08 09:00,536.117
14,28.08 10:00,566.491
14,28.08 11:00,583.788
14,28.08 12:00,596.641
14,28.08 13:00,616.738
14,28.08 14:00,621.325
14,28.08 15:00,634.727
14,28.08 16:00,626.189
14,28.08 17:00,631.156
14,28.08 18:00,630.228
14,28.08 19:00,618.226
14,28.08 20:00,597.282
14,28.08 21:00,588.554
14,28.08 22:00,583.196
14,28.08 23:00,563.517
14,29.08 00:00,568.092
14,29.08 01:00,570.377
14,29.08 02:00,576.439
14,29.08 03:00,555.698
14,29.08 04:00,532.461
14,29.08 05:00,534.787
14,29.08 06:00,531.519
14,29.08 07:00,530.934
14,29.08 08:00,531.542
14,29.08 09:00,555.7
14,29.08 10:00,565.378
14,29.08 11:00,587.298
14,29.08 12:00,586.799
14,29.08 13:00,594.518
14,29.08 14:00,612.91
14,29.08 15:00,622.988
14,29.08 16:00,620.209
14,29.08 17:00,621.68
14,29.08 18:00,620.724
14,29.08 19:00,614.132
14,29.08 20:00,599.35
14,29.08 21:00,590.516
14,29.08 22:00,582.378
14,29.08 23:00,571.712
14,30.08 00:00,560.342
14,30.08 01:00,556.999
14,30.08 02:00,542.822
14,30.08 03:00,532.109
14,30.08 04:00,526.681
14,30.08 05:00,522.542
14,30.08 06:00,533.286
14,30.08 07:00,535.761
14,30.08 08:00,537.458
14,30.08 09:00,593.121
14,30.08 10:00,670.601
14,30.08 11:00,649.612
14,30.08 12:00,690.231
14,30.08 13:00,689.908
14,30.08 14:00,705.776
14,30.08 15:00,734.919
14,30.08 16:00,753.777
14,30.08 17:00,729.653
14,30.08 18:00,705.609
14,30.08 19:00,678.885
14,30.08 20:00,643.491
14,30.08 21:00,625.759
14,30.08 22:00,606.444
14,30.08 23:00,596.029
14,31.08 00:00,574.027
14,31.08 01:00,570.681
14,31.08 02:00,557.469
14,31.08 03:00,545.234
14,31.08 04:00,537.137
14,31.08 05:00,553.946
14,31.08 06:00,538.39
14,31.08 07:00,536.661
14,31.08 08:00,547.287
14,31.08 09:00,577.494
14,31.08 10:00,624.3
14,31.08 11:00,643.653
14,31.08 12:00,662.033
14,31.08 13:00,676.482
14,31.08 14:00,693.075
14,31.08 15:00,701.302
14,31.08 16:00,707.936
14,31.08 17:00,708.067
14,31.08 18:00,698.338
14,31.08 19:00,685.558
14,31.08 20:00,669.536
14,31.08 21:00,647.934
14,31.08 22:00,608.345
14,31.08 23:00,576.867
14,01.09 00:00,556.732
14,01.09 01:00,553.674
14,01.09 02:00,530.429
14,01.09 03:00,528.388
14,01.09 04:00,519.747
14,01.09 05:00,518.938
14,01.09 06:00,523.434
14,01.09 07:00,526.516
14,01.09 08:00,536.911
14,01.09 09:00,564.896
14,01.09 10:00,600.882
14,01.09 11:00,631.441
14,01.09 12:00,671.109
14,01.09 13:00,676.449
14,01.09 14:00,655.275
14,01.09 15:00,701.721
14,01.09 16:00,709.853
14,01.09 17:00,705.934
14,01.09 18:00,681.876
14,01.09 19:00,657.965
14,01.09 20:00,642.699
14,01.09 21:00,620.33
14,01.09 22:00,597.923
14,01.09 23:00,567.801
14,02.09 00:00,543.552
14,02.09 01:00,543.165
14,02.09 02:00,536.297
14,02.09 03:00,528.003
14,02.09 04:00,523.208
14,02.09 05:00,531.149
14,02.09 06:00,539.86
14,02.09 07:00,543.743
14,02.09 08:00,560.164
14,02.09 09:00,583.016
14,02.09 10:00,640.256
14,02.09 11:00,638.141
14,02.09 12:00,662.193
14,02.09 13:00,672.263
14,02.09 14:00,683.078
14,02.09 15:00,706.202
14,02.09 16:00,682.637
14,02.09 17:00,668.744
14,02.09 18:00,643.058
14,02.09 19:00,627.267
14,02.09 20:00,598.845
14,02.09 21:00,586.362
14,02.09 22:00,575.587
14,02.09 23:00,558.08
14,03.09 00:00,543.488
14,03.09 01:00,536.49
14,03.09 02:00,530.647
14,03.09 03:00,516.542
14,03.09 04:00,514.721
14,03.09 05:00,510.23
14,03.09 06:00,503.812
14,03.09 07:00,491.4
14,03.09 08:00,500.839
14,03.09 09:00,497.839
14,03.09 10:00,544.76
14,03.09 11:00,559.614
14,03.09 12:00,556.431
14,03.09 13:00,565.344
14,03.09 14:00,562.803
14,03.09 15:00,562.351
14,03.09 16:00,556.14
14,03.09 17:00,556.97
14,03.09 18:00,536.039
14,03.09 19:00,539.686
14,03.09 20:00,549.2
14,03.09 21:00,554.934
14,03.09 22:00,558.517
14,03.09 23:00,559.921
14,04.09 00:00,533.069
14,04.09 01:00,548.71
14,04.09 02:00,541.718
14,04.09 03:00,549.869
14,04.09 04:00,538.189
14,04.09 05:00,523.611
14,04.09 06:00,500.042
14,04.09 07:00,502.437
14,04.09 08:00,498.814
14,04.09 09:00,509.563
14,04.09 10:00,520.026
14,04.09 11:00,522.577
14,04.09 12:00,532.616
14,04.09 13:00,535.94
14,04.09 14:00,543.257
14,04.09 15:00,542.732
14,04.09 16:00,550.373
14,04.09 17:00,544.47
14,04.09 18:00,546.25
14,04.09 19:00,544.483
14,04.09 20:00,539.719
14,04.09 21:00,535.244
14,04.09 22:00,523.801
14,04.09 23:00,520.753
14,05.09 00:00,600.793
14,05.09 01:00,502.993
14,05.09 02:00,492.487
14,05.09 03:00,500.89
14,05.09 04:00,482.763
14,05.09 05:00,496.377
14,05.09 06:00,498.55
14,05.09 07:00,493.476
14,05.09 08:00,492.02
14,05.09 09:00,533.588
14,05.09 10:00,596.375
14,05.09 11:00,614.164
14,05.09 12:00,630.077
14,05.09 13:00,641.36
14,05.09 14:00,674.533
14,05.09 15:00,714.486
14,05.09 16:00,732.866
14,05.09 17:00,728.739
14,05.09 18:00,697.804
14,05.09 19:00,687.412
14,05.09 20:00,694.799
14,05.09 21:00,704.178
14,05.09 22:00,689.2
14,05.09 23:00,670.242
14,06.09 00:00,633.669
14,06.09 01:00,691.14
14,06.09 02:00,686.754
14,06.09 03:00,691.974
14,06.09 04:00,681.217
14,06.09 05:00,677.777
14,06.09 06:00,686.998
14,06.09 07:00,689.121
14,06.09 08:00,689.907
14,06.09 09:00,705.979
14,06.09 10:00,738.655
14,06.09 11:00,787.904
14,06.09 12:00,814.362
14,06.09 13:00,781.437
14,06.09 14:00,779.753
14,06.09 15:00,787.441
14,06.09 16:00,785.139
14,06.09 17:00,768.296
14,06.09 18:00,761.087
14,06.09 19:00,737.732
14,06.09 20:00,686.338
14,06.09 21:00,678.106
14,06.09 22:00,655.53
14,06.09 23:00,620.86
14,07.09 00:00,570.29
14,07.09 01:00,573.03
14,07.09 02:00,586.971
14,07.09 03:00,558.457
14,07.09 04:00,582.341
14,07.09 05:00,578.549
14,07.09 06:00,588.112
14,07.09 07:00,596.279
14,07.09 08:00,611.487
14,07.09 09:00,649.988
14,07.09 10:00,709.309
14,07.09 11:00,702.795
14,07.09 12:00,734.577
14,07.09 13:00,733.108
14,07.09 14:00,746.483
14,07.09 15:00,751.387
14,07.09 16:00,750.509
14,07.09 17:00,732.463
14,07.09 18:00,711.402
14,07.09 19:00,693.171
14,07.09 20:00,649.977
14,07.09 21:00,621.87
14,07.09 22:00,601.985
14,07.09 23:00,584.4
14,08.09 00:00,548.82
14,08.09 01:00,554.945
14,08.09 02:00,547.595
14,08.09 03:00,557.379
14,08.09 04:00,532.626
14,08.09 05:00,529.463
14,08.09 06:00,541.706
14,08.09 07:00,553.176
14,08.09 08:00,557.569
14,08.09 09:00,579.807
14,08.09 10:00,636.263
14,08.09 11:00,676.694
14,08.09 12:00,677.705
14,08.09 13:00,677.01
14,08.09 14:00,687.767
14,08.09 15:00,701.517
14,08.09 16:00,682.583
14,08.09 17:00,677.139
14,08.09 18:00,661.66
14,08.09 19:00,642.468
14,08.09 20:00,625.351
14,08.09 21:00,604.463
14,08.09 22:00,572.76
14,08.09 23:00,549.722
14,09.09 00:00,556.618
14,09.09 01:00,535.526
14,09.09 02:00,540.084
14,09.09 03:00,545.915
14,09.09 04:00,532.817
14,09.09 05:00,556.717
14,09.09 06:00,571.532
14,09.09 07:00,554.725
14,09.09 08:00,563.298
14,09.09 09:00,604.849
14,09.09 10:00,648.169
14,09.09 11:00,664.821
14,09.09 12:00,692.172
14,09.09 13:00,702.952
14,09.09 14:00,707.188
14,09.09 15:00,721.527
14,09.09 16:00,704.698
14,09.09 17:00,711.53
14,09.09 18:00,688.859
14,09.09 19:00,658.736
14,09.09 20:00,629.31
14,09.09 21:00,614.231
14,09.09 22:00,592.574
14,09.09 23:00,582.912
14,10.09 00:00,547.283
14,10.09 01:00,568.387
14,10.09 02:00,574.118
14,10.09 03:00,574.919
14,10.09 04:00,569.013
14,10.09 05:00,563.191
14,10.09 06:00,559.514
14,10.09 07:00,562.907
14,10.09 08:00,569.526
14,10.09 09:00,580.595
14,10.09 10:00,576.281
14,10.09 11:00,597.843
14,10.09 12:00,607.591
14,10.09 13:00,623.676
14,10.09 14:00,644.098
14,10.09 15:00,642.842
14,10.09 16:00,646.689
14,10.09 17:00,647.221
14,10.09 18:00,637.07
14,10.09 19:00,630.867
14,10.09 20:00,588.098
14,10.09 21:00,581.634
14,10.09 22:00,560.172
14,10.09 23:00,530.72
14,11.09 00:00,514.737
14,11.09 01:00,512.641
14,11.09 02:00,496.412
14,11.09 03:00,498.293
14,11.09 04:00,490.62
14,11.09 05:00,493.435
14,11.09 06:00,485.071
14,11.09 07:00,489.469
14,11.09 08:00,488.069
14,11.09 09:00,509.008
14,11.09 10:00,556.92
14,11.09 11:00,570.246
14,11.09 12:00,569.417
14,11.09 13:00,580.398
14,11.09 14:00,593.972
14,11.09 15:00,603.009
14,11.09 16:00,600.072
14,11.09 17:00,599.732
14,11.09 18:00,589.086
14,11.09 19:00,575.571
14,11.09 20:00,556.469
14,11.09 21:00,542.28
14,11.09 22:00,531.441
14,11.09 23:00,526.986
14,12.09 00:00,573.436
14,12.09 01:00,516.71
14,12.09 02:00,523.558
14,12.09 03:00,524.343
14,12.09 04:00,517.538
14,12.09 05:00,520.607
14,12.09 06:00,537.841
14,12.09 07:00,547.079
14,12.09 08:00,575.523
14,12.09 09:00,585.292
14,12.09 10:00,679.413
14,12.09 11:00,676.849
14,12.09 12:00,719.672
14,12.09 13:00,710.738
14,12.09 14:00,737.335
14,12.09 15:00,747.435
14,12.09 16:00,746.157
14,12.09 17:00,729.394
14,12.09 18:00,710.876
14,12.09 19:00,692.076
14,12.09 20:00,679.071
14,12.09 21:00,670.574
14,12.09 22:00,646.234
14,12.09 23:00,640.698
14,13.09 00:00,656.507
14,13.09 01:00,626.814
14,13.09 02:00,627.759
14,13.09 03:00,611.112
14,13.09 04:00,608.42
14,13.09 05:00,600.233
14,13.09 06:00,614.291
14,13.09 07:00,625.059
14,13.09 08:00,626.153
14,13.09 09:00,659.982
14,13.09 10:00,700.547
14,13.09 11:00,778.991
14,13.09 12:00,788.333
14,13.09 13:00,806.122
14,13.09 14:00,800.86
14,13.09 15:00,803.004
14,13.09 16:00,812.344
14,13.09 17:00,805.647
14,13.09 18:00,794.143
14,13.09 19:00,773.455
14,13.09 20:00,745.135
14,13.09 21:00,727.654
14,13.09 22:00,708.05
14,13.09 23:00,694.983
14,14.09 00:00,639.548
14,14.09 01:00,674.667
14,14.09 02:00,681.115
14,14.09 03:00,660.657
14,14.09 04:00,652.886
14,14.09 05:00,648.689
14,14.09 06:00,657.853
14,14.09 07:00,659.654
14,14.09 08:00,665.004
14,14.09 09:00,716.351
14,14.09 10:00,750.01
14,14.09 11:00,743.467
14,14.09 12:00,775.875
14,14.09 13:00,780.975
14,14.09 14:00,768.72
14,14.09 15:00,768.909
14,14.09 16:00,764.034
14,14.09 17:00,749.234
14,14.09 18:00,738.262
14,14.09 19:00,722.509
14,14.09 20:00,686.349
14,14.09 21:00,629.868
14,14.09 22:00,619.594
14,14.09 23:00,607.523
14,15.09 00:00,618.75
14,15.09 01:00,592.792
14,15.09 02:00,608.136
14,15.09 03:00,592.418
14,15.09 04:00,601.867
14,15.09 05:00,601.636
14,15.09 06:00,615.129
14,15.09 07:00,629.11
14,15.09 08:00,642.644
14,15.09 09:00,676.02
14,15.09 10:00,734.872
14,15.09 11:00,760.392
14,15.09 12:00,766.23
14,15.09 13:00,794.622
14,15.09 14:00,794.658
14,15.09 15:00,798.543
14,15.09 16:00,788.782
14,15.09 17:00,790.009
14,15.09 18:00,769.177
14,15.09 19:00,741.602
14,15.09 20:00,706.309
14,15.09 21:00,673.225
14,15.09 22:00,663.135
14,15.09 23:00,654.209
14,16.09 00:00,576.968
14,16.09 01:00,632.624
14,16.09 02:00,627.543
14,16.09 03:00,605.951
14,16.09 04:00,609.054
14,16.09 05:00,604.298
14,16.09 06:00,611.727
14,16.09 07:00,600.038
14,16.09 08:00,574.53
14,16.09 09:00,612.851
14,16.09 10:00,662.96
14,16.09 11:00,623.438
14,16.09 12:00,625.337
14,16.09 13:00,620.953
14,16.09 14:00,622.231
14,16.09 15:00,629.601
14,16.09 16:00,623.936
14,16.09 17:00,625.143
14,16.09 18:00,607.691
14,16.09 19:00,585.41
14,16.09 20:00,564.229
14,16.09 21:00,548.985
14,16.09 22:00,535.055
14,16.09 23:00,524.205
14,17.09 00:00,524.91
14,17.09 01:00,510.698
14,17.09 02:00,514.489
14,17.09 03:00,511.234
14,17.09 04:00,512.689
14,17.09 05:00,504.63
14,17.09 06:00,505.477
14,17.09 07:00,502.673
14,17.09 08:00,513.138
14,17.09 09:00,507.232
14,17.09 10:00,509.788
14,17.09 11:00,516.64
14,17.09 12:00,531.757
14,17.09 13:00,542.932
14,17.09 14:00,553.537
14,17.09 15:00,555.465
14,17.09 16:00,568.55
14,17.09 17:00,575.935
14,17.09 18:00,563.576
14,17.09 19:00,569.9
14,17.09 20:00,565.05
14,17.09 21:00,557.503
14,17.09 22:00,553.246
14,17.09 23:00,546.041
14,18.09 00:00,538.145
14,18.09 01:00,534.692
14,18.09 02:00,525.961
14,18.09 03:00,520.079
14,18.09 04:00,527.23
14,18.09 05:00,514.661
14,18.09 06:00,514.967
14,18.09 07:00,513.702
14,18.09 08:00,515.88
14,18.09 09:00,520.282
14,18.09 10:00,536.83
14,18.09 11:00,549.133
14,18.09 12:00,553.095
14,18.09 13:00,559.773
14,18.09 14:00,571.904
14,18.09 15:00,567.788
14,18.09 16:00,571.311
14,18.09 17:00,557.404
14,18.09 18:00,573.032
14,18.09 19:00,565.213
14,18.09 20:00,554.526
14,18.09 21:00,554.878
14,18.09 22:00,552.533
14,18.09 23:00,545.841
14,19.09 00:00,540.967
14,19.09 01:00,536.305
14,19.09 02:00,532.208
14,19.09 03:00,530.529
14,19.09 04:00,536.143
14,19.09 05:00,529.417
14,19.09 06:00,528.694
14,19.09 07:00,538.516
14,19.09 08:00,539.179
14,19.09 09:00,558.191
14,19.09 10:00,645.266
14,19.09 11:00,631.732
14,19.09 12:00,638.617
14,19.09 13:00,648.603
14,19.09 14:00,658.729
14,19.09 15:00,666.246
14,19.09 16:00,673.814
14,19.09 17:00,661.84
14,19.09 18:00,634.752
14,19.09 19:00,620.217
14,19.09 20:00,590.634
14,19.09 21:00,575.011
14,19.09 22:00,560.208
14,19.09 23:00,548.995
14,20.09 00:00,547.908
14,20.09 01:00,541.833
14,20.09 02:00,540.551
14,20.09 03:00,537.308
14,20.09 04:00,531.233
14,20.09 05:00,532.357
14,20.09 06:00,528.672
14,20.09 07:00,541.486
14,20.09 08:00,548.37
14,20.09 09:00,552.345
14,20.09 10:00,588.306
14,20.09 11:00,653.613
14,20.09 12:00,649.354
14,20.09 13:00,672.993
14,20.09 14:00,653.443
14,20.09 15:00,661.048
14,20.09 16:00,657.525
14,20.09 17:00,662.531
14,20.09 18:00,645.474
14,20.09 19:00,657.985
14,20.09 20:00,613.347
14,20.09 21:00,590.947
14,20.09 22:00,573.831
14,20.09 23:00,560.001
14,21.09 00:00,555.818
14,21.09 01:00,546.115
14,21.09 02:00,539.713
14,21.09 03:00,540.131
14,21.09 04:00,541.066
14,21.09 05:00,539.459
14,21.09 06:00,542.329
14,21.09 07:00,549.195
14,21.09 08:00,556.709
14,21.09 09:00,593.088
14,21.09 10:00,659.338
14,21.09 11:00,678.575
14,21.09 12:00,682.312
14,21.09 13:00,702.735
14,21.09 14:00,700.01
14,21.09 15:00,697.325
14,21.09 16:00,701.28
14,21.09 17:00,693.923
14,21.09 18:00,681.232
14,21.09 19:00,655.505
14,21.09 20:00,619.145
14,21.09 21:00,596.248
14,21.09 22:00,577.905
14,21.09 23:00,567.838
14,22.09 00:00,541.04
14,22.09 01:00,552.834
14,22.09 02:00,549.718
14,22.09 03:00,551.742
14,22.09 04:00,554.131
14,22.09 05:00,547.83
14,22.09 06:00,550.38
14,22.09 07:00,550.831
14,22.09 08:00,545.592
14,22.09 09:00,562.648
14,22.09 10:00,598.137
14,22.09 11:00,663.857
14,22.09 12:00,684.395
14,22.09 13:00,702.211
14,22.09 14:00,692.063
14,22.09 15:00,683.419
14,22.09 16:00,706.023
14,22.09 17:00,704.725
14,22.09 18:00,668.726
14,22.09 19:00,639.776
14,22.09 20:00,612.224
14,22.09 21:00,594.024
14,22.09 22:00,563.238
14,22.09 23:00,531.605
14,23.09 00:00,514.995
14,23.09 01:00,517.6
14,23.09 02:00,518.554
14,23.09 03:00,516.261
14,23.09 04:00,510.323
14,23.09 05:00,504.706
14,23.09 06:00,501.915
14,23.09 07:00,508.088
14,23.09 08:00,508.497
14,23.09 09:00,539.413
14,23.09 10:00,616.192
14,23.09 11:00,626.811
14,23.09 12:00,661.452
14,23.09 13:00,658.34
14,23.09 14:00,656.905
14,23.09 15:00,670.797
14,23.09 16:00,661.875
14,23.09 17:00,660.346
14,23.09 18:00,640.406
14,23.09 19:00,605.539
14,23.09 20:00,576.798
14,23.09 21:00,553.786
14,23.09 22:00,536.821
14,23.09 23:00,513.698
14,24.09 00:00,536.494
14,24.09 01:00,501.018
14,24.09 02:00,497.773
14,24.09 03:00,505.421
14,24.09 04:00,500.969
14,24.09 05:00,508.567
14,24.09 06:00,518.121
14,24.09 07:00,523.491
14,24.09 08:00,525.262
14,24.09 09:00,529.448
14,24.09 10:00,533.386
14,24.09 11:00,565.876
14,24.09 12:00,591.552
14,24.09 13:00,601.249
14,24.09 14:00,605.858
14,24.09 15:00,602.091
14,24.09 16:00,604.871
14,24.09 17:00,594.575
14,24.09 18:00,596.881
14,24.09 19:00,591.69
14,24.09 20:00,582.543
14,24.09 21:00,580.861
14,24.09 22:00,564.567
14,24.09 23:00,568.171
14,25.09 00:00,528.595
14,25.09 01:00,557.798
14,25.09 02:00,547.492
14,25.09 03:00,543.206
14,25.09 04:00,536.824
14,25.09 05:00,536.339
14,25.09 06:00,543.652
14,25.09 07:00,520.679
14,25.09 08:00,520.967
14,25.09 09:00,526.058
14,25.09 10:00,521.196
14,25.09 11:00,529.942
14,25.09 12:00,542.678
14,25.09 13:00,556.044
14,25.09 14:00,569.348
14,25.09 15:00,589.765
14,25.09 16:00,580.592
14,25.09 17:00,580.136
14,25.09 18:00,577.16
14,25.09 19:00,559.421
14,25.09 20:00,542.393
14,25.09 21:00,534.008
14,25.09 22:00,525.468
14,25.09 23:00,510.679
14,26.09 00:00,507.926
14,26.09 01:00,487.382
14,26.09 02:00,485.659
14,26.09 03:00,494.94
14,26.09 04:00,488.095
14,26.09 05:00,489.879
14,26.09 06:00,501.306
14,26.09 07:00,507.175
14,26.09 08:00,517.982
14,26.09 09:00,551.752
14,26.09 10:00,625.062
14,26.09 11:00,618.62
14,26.09 12:00,629.046
14,26.09 13:00,625.036
14,26.09 14:00,614.612
14,26.09 15:00,622.771
14,26.09 16:00,540.365
14,26.09 17:00,640.0
14,26.09 18:00,630.066
14,26.09 19:00,603.151
14,26.09 20:00,587.365
14,26.09 21:00,571.984
14,26.09 22:00,552.392
14,26.09 23:00,532.041
14,27.09 00:00,536.246
14,27.09 01:00,523.79
14,27.09 02:00,514.219
14,27.09 03:00,517.959
14,27.09 04:00,516.291
14,27.09 05:00,511.938
14,27.09 06:00,519.695
14,27.09 07:00,538.699
14,27.09 08:00,539.645
14,27.09 09:00,558.344
14,27.09 10:00,603.358
14,27.09 11:00,658.046
14,27.09 12:00,654.136
14,27.09 13:00,663.963
14,27.09 14:00,655.78
14,27.09 15:00,666.626
14,27.09 16:00,686.707
14,27.09 17:00,699.135
14,27.09 18:00,674.004
14,27.09 19:00,643.897
14,27.09 20:00,615.412
14,27.09 21:00,596.539
14,27.09 22:00,594.697
14,27.09 23:00,573.166
14,28.09 00:00,552.536
14,28.09 01:00,536.913
14,28.09 02:00,525.217
14,28.09 03:00,516.282
14,28.09 04:00,508.02
14,28.09 05:00,492.38
14,28.09 06:00,507.153
14,28.09 07:00,505.761
14,28.09 08:00,515.303
14,28.09 09:00,546.231
14,28.09 10:00,602.91
14,28.09 11:00,640.568
14,28.09 12:00,661.986
14,28.09 13:00,682.742
14,28.09 14:00,687.859
14,28.09 15:00,713.231
14,28.09 16:00,737.705
14,28.09 17:00,730.091
14,28.09 18:00,709.304
14,28.09 19:00,687.766
14,28.09 20:00,644.224
14,28.09 21:00,608.422
14,28.09 22:00,581.634
14,28.09 23:00,567.277
14,29.09 00:00,534.401
14,29.09 01:00,562.529
14,29.09 02:00,563.251
14,29.09 03:00,567.252
14,29.09 04:00,565.971
14,29.09 05:00,568.1
14,29.09 06:00,568.733
14,29.09 07:00,568.013
14,29.09 08:00,565.197
14,29.09 09:00,569.889
14,29.09 10:00,620.031
14,29.09 11:00,595.851
14,29.09 12:00,617.795
14,29.09 13:00,621.651
14,29.09 14:00,632.147
14,29.09 15:00,667.293
14,29.09 16:00,654.187
14,29.09 17:00,644.396
14,29.09 18:00,623.368
14,29.09 19:00,606.977
14,29.09 20:00,586.568
14,29.09 21:00,562.118
14,29.09 22:00,539.252
14,29.09 23:00,522.56
14,30.09 00:00,256.122
14,30.09 01:00,496.972
14,30.09 02:00,492.342
14,30.09 03:00,494.982
14,30.09 04:00,489.896
14,30.09 05:00,496.064
14,30.09 06:00,492.156
14,30.09 07:00,501.159
14,30.09 08:00,512.748
14,30.09 09:00,533.88
14,30.09 10:00,566.421
14,30.09 11:00,588.891
14,30.09 12:00,631.07
14,30.09 13:00,619.149
14,30.09 14:00,624.971
14,30.09 15:00,633.887
14,30.09 16:00,640.244
14,30.09 17:00,626.197
14,30.09 18:00,610.701
14,30.09 19:00,583.571
14,30.09 20:00,565.156
14,30.09 21:00,540.311
14,30.09 22:00,510.924
14,30.09 23:00,493.263
