142,01.03 00:00,41.587
142,01.03 01:00,41.278
142,01.03 02:00,40.429
142,01.03 03:00,38.449
142,01.03 04:00,37.894
142,01.03 05:00,38.335
142,01.03 06:00,44.204
142,01.03 07:00,74.138
142,01.03 08:00,75.01
142,01.03 09:00,105.842
142,01.03 10:00,128.557
142,01.03 11:00,136.961
142,01.03 12:00,142.183
142,01.03 13:00,146.022
142,01.03 14:00,143.526
142,01.03 15:00,141.96
142,01.03 16:00,139.938
142,01.03 17:00,128.938
142,01.03 18:00,110.844
142,01.03 19:00,88.955
142,01.03 20:00,53.583
142,01.03 21:00,48.751
142,01.03 22:00,44.912
142,01.03 23:00,43.314
142,02.03 00:00,44.668
142,02.03 01:00,45.019
142,02.03 02:00,44.035
142,02.03 03:00,42.37
142,02.03 04:00,41.859
142,02.03 05:00,42.076
142,02.03 06:00,47.466
142,02.03 07:00,72.214
142,02.03 08:00,78.647
142,02.03 09:00,97.421
142,02.03 10:00,114.777
142,02.03 11:00,132.37
142,02.03 12:00,138.322
142,02.03 13:00,140.457
142,02.03 14:00,136.299
142,02.03 15:00,132.782
142,02.03 16:00,124.567
142,02.03 17:00,109.358
142,02.03 18:00,91.459
142,02.03 19:00,80.704
142,02.03 20:00,51.759
142,02.03 21:00,46.124
142,02.03 22:00,42.334
142,02.03 23:00,40.271
142,03.03 00:00,42.537
142,03.03 01:00,43.82
142,03.03 02:00,42.535
142,03.03 03:00,40.139
142,03.03 04:00,40.33
142,03.03 05:00,39.665
142,03.03 06:00,47.194
142,03.03 07:00,70.784
142,03.03 08:00,71.58
142,03.03 09:00,96.137
142,03.03 10:00,116.474
142,03.03 11:00,126.729
142,03.03 12:00,135.777
142,03.03 13:00,139.201
142,03.03 14:00,122.987
142,03.03 15:00,133.359
142,03.03 16:00,129.99
142,03.03 17:00,114.135
142,03.03 18:00,92.74
142,03.03 19:00,78.802
142,03.03 20:00,51.64
142,03.03 21:00,44.144
142,03.03 22:00,42.794
142,03.03 23:00,39.457
142,04.03 00:00,39.888
142,04.03 01:00,40.458
142,04.03 02:00,39.627
142,04.03 03:00,37.893
142,04.03 04:00,37.017
142,04.03 05:00,37.582
142,04.03 06:00,42.165
142,04.03 07:00,70.698
142,04.03 08:00,73.593
142,04.03 09:00,90.255
142,04.03 10:00,112.489
142,04.03 11:00,108.675
142,04.03 12:00,116.959
142,04.03 13:00,122.424
142,04.03 14:00,118.493
142,04.03 15:00,117.967
142,04.03 16:00,114.999
142,04.03 17:00,98.772
142,04.03 18:00,66.652
142,04.03 19:00,49.521
142,04.03 20:00,41.078
142,04.03 21:00,36.404
142,04.03 22:00,37.036
142,04.03 23:00,36.553
142,05.03 00:00,38.073
142,05.03 01:00,38.574
142,05.03 02:00,38.055
142,05.03 03:00,36.463
142,05.03 04:00,36.128
142,05.03 05:00,36.309
142,05.03 06:00,38.408
142,05.03 07:00,38.343
142,05.03 08:00,36.715
142,05.03 09:00,34.412
142,05.03 10:00,36.896
142,05.03 11:00,36.606
142,05.03 12:00,35.862
142,05.03 13:00,35.722
142,05.03 14:00,35.228
142,05.03 15:00,34.739
142,05.03 16:00,34.447
142,05.03 17:00,33.893
142,05.03 18:00,33.621
142,05.03 19:00,35.567
142,05.03 20:00,35.83
142,05.03 21:00,35.62
142,05.03 22:00,35.929
142,05.03 23:00,36.027
142,06.03 00:00,37.48
142,06.03 01:00,38.581
142,06.03 02:00,37.169
142,06.03 03:00,35.621
142,06.03 04:00,35.655
142,06.03 05:00,35.361
142,06.03 06:00,37.503
142,06.03 07:00,37.222
142,06.03 08:00,35.109
142,06.03 09:00,33.372
142,06.03 10:00,33.211
142,06.03 11:00,33.101
142,06.03 12:00,32.927
142,06.03 13:00,33.556
142,06.03 14:00,34.327
142,06.03 15:00,34.073
142,06.03 16:00,34.11
142,06.03 17:00,33.574
142,06.03 18:00,34.446
142,06.03 19:00,37.302
142,06.03 20:00,38.112
142,06.03 21:00,37.576
142,06.03 22:00,37.399
142,06.03 23:00,35.748
142,07.03 00:00,36.962
142,07.03 01:00,38.106
142,07.03 02:00,37.282
142,07.03 03:00,35.344
142,07.03 04:00,35.237
142,07.03 05:00,35.725
142,07.03 06:00,47.402
142,07.03 07:00,77.213
142,07.03 08:00,84.344
142,07.03 09:00,98.693
142,07.03 10:00,123.158
142,07.03 11:00,138.117
142,07.03 12:00,142.788
142,07.03 13:00,140.321
142,07.03 14:00,133.972
142,07.03 15:00,133.65
142,07.03 16:00,136.198
142,07.03 17:00,125.331
142,07.03 18:00,110.751
142,07.03 19:00,91.923
142,07.03 20:00,51.529
142,07.03 21:00,46.208
142,07.03 22:00,45.631
142,07.03 23:00,44.934
142,08.03 00:00,45.875
142,08.03 01:00,45.775
142,08.03 02:00,45.402
142,08.03 03:00,42.61
142,08.03 04:00,42.724
142,08.03 05:00,41.665
142,08.03 06:00,45.282
142,08.03 07:00,79.932
142,08.03 08:00,85.683
142,08.03 09:00,113.415
142,08.03 10:00,138.062
142,08.03 11:00,149.673
142,08.03 12:00,148.721
142,08.03 13:00,146.094
142,08.03 14:00,141.553
142,08.03 15:00,135.978
142,08.03 16:00,139.001
142,08.03 17:00,116.588
142,08.03 18:00,96.915
142,08.03 19:00,78.562
142,08.03 20:00,49.954
142,08.03 21:00,44.259
142,08.03 22:00,40.758
142,08.03 23:00,39.488
142,09.03 00:00,39.813
142,09.03 01:00,41.14
142,09.03 02:00,40.21
142,09.03 03:00,38.383
142,09.03 04:00,37.979
142,09.03 05:00,37.882
142,09.03 06:00,42.721
142,09.03 07:00,65.828
142,09.03 08:00,66.818
142,09.03 09:00,88.397
142,09.03 10:00,120.947
142,09.03 11:00,140.32
142,09.03 12:00,144.578
142,09.03 13:00,141.226
142,09.03 14:00,131.467
142,09.03 15:00,126.82
142,09.03 16:00,121.431
142,09.03 17:00,103.238
142,09.03 18:00,89.916
142,09.03 19:00,80.488
142,09.03 20:00,48.675
142,09.03 21:00,44.791
142,09.03 22:00,42.077
142,09.03 23:00,38.385
142,10.03 00:00,38.875
142,10.03 01:00,39.968
142,10.03 02:00,39.187
142,10.03 03:00,36.962
142,10.03 04:00,37.102
142,10.03 05:00,36.929
142,10.03 06:00,40.996
142,10.03 07:00,73.427
142,10.03 08:00,79.344
142,10.03 09:00,97.301
142,10.03 10:00,124.001
142,10.03 11:00,135.512
142,10.03 12:00,137.204
142,10.03 13:00,137.689
142,10.03 14:00,134.89
142,10.03 15:00,130.127
142,10.03 16:00,124.958
142,10.03 17:00,121.716
142,10.03 18:00,107.998
142,10.03 19:00,83.035
142,10.03 20:00,49.892
142,10.03 21:00,45.185
142,10.03 22:00,42.811
142,10.03 23:00,39.835
142,11.03 00:00,39.179
142,11.03 01:00,42.204
142,11.03 02:00,43.054
142,11.03 03:00,39.062
142,11.03 04:00,38.787
142,11.03 05:00,38.476
142,11.03 06:00,43.073
142,11.03 07:00,72.454
142,11.03 08:00,71.483
142,11.03 09:00,88.634
142,11.03 10:00,100.284
142,11.03 11:00,113.871
142,11.03 12:00,118.874
142,11.03 13:00,124.757
142,11.03 14:00,123.531
142,11.03 15:00,122.641
142,11.03 16:00,115.195
142,11.03 17:00,99.709
142,11.03 18:00,69.399
142,11.03 19:00,47.535
142,11.03 20:00,38.93
142,11.03 21:00,36.856
142,11.03 22:00,38.623
142,11.03 23:00,38.844
142,12.03 00:00,40.828
142,12.03 01:00,41.146
142,12.03 02:00,40.491
142,12.03 03:00,39.085
142,12.03 04:00,38.604
142,12.03 05:00,37.093
142,12.03 06:00,38.335
142,12.03 07:00,38.527
142,12.03 08:00,37.714
142,12.03 09:00,34.97
142,12.03 10:00,34.648
142,12.03 11:00,34.279
142,12.03 12:00,32.722
142,12.03 13:00,32.254
142,12.03 14:00,34.296
142,12.03 15:00,32.477
142,12.03 16:00,31.048
142,12.03 17:00,31.634
142,12.03 18:00,31.699
142,12.03 19:00,33.771
142,12.03 20:00,34.702
142,12.03 21:00,35.451
142,12.03 22:00,37.085
142,12.03 23:00,36.954
142,13.03 00:00,38.593
142,13.03 01:00,39.479
142,13.03 02:00,18.579
142,13.03 03:00,18.49
142,13.03 04:00,32.443
142,13.03 05:00,32.374
142,13.03 06:00,34.668
142,13.03 07:00,34.66
142,13.03 08:00,34.462
142,13.03 09:00,31.08
142,13.03 10:00,30.369
142,13.03 11:00,29.854
142,13.03 12:00,29.976
142,13.03 13:00,30.073
142,13.03 14:00,30.132
142,13.03 15:00,30.519
142,13.03 16:00,30.216
142,13.03 17:00,29.863
142,13.03 18:00,29.776
142,13.03 19:00,30.091
142,13.03 20:00,32.233
142,13.03 21:00,32.12
142,13.03 22:00,31.971
142,13.03 23:00,32.657
142,14.03 00:00,34.555
142,14.03 01:00,35.093
142,14.03 02:00,34.064
142,14.03 03:00,32.614
142,14.03 04:00,32.44
142,14.03 05:00,31.623
142,14.03 06:00,43.457
142,14.03 07:00,73.186
142,14.03 08:00,73.092
142,14.03 09:00,80.822
142,14.03 10:00,89.178
142,14.03 11:00,102.345
142,14.03 12:00,94.845
142,14.03 13:00,93.068
142,14.03 14:00,95.908
142,14.03 15:00,93.75
142,14.03 16:00,95.346
142,14.03 17:00,86.051
142,14.03 18:00,77.315
142,14.03 19:00,66.308
142,14.03 20:00,41.591
142,14.03 21:00,37.769
142,14.03 22:00,37.05
142,14.03 23:00,36.71
142,15.03 00:00,39.089
142,15.03 01:00,40.36
142,15.03 02:00,39.079
142,15.03 03:00,36.834
142,15.03 04:00,36.559
142,15.03 05:00,36.551
142,15.03 06:00,39.1
142,15.03 07:00,77.361
142,15.03 08:00,76.961
142,15.03 09:00,87.778
142,15.03 10:00,95.619
142,15.03 11:00,99.882
142,15.03 12:00,96.949
142,15.03 13:00,99.387
142,15.03 14:00,96.256
142,15.03 15:00,98.589
142,15.03 16:00,101.119
142,15.03 17:00,89.097
142,15.03 18:00,69.435
142,15.03 19:00,56.524
142,15.03 20:00,42.551
142,15.03 21:00,39.585
142,15.03 22:00,36.984
142,15.03 23:00,36.357
142,16.03 00:00,37.915
142,16.03 01:00,38.867
142,16.03 02:00,38.003
142,16.03 03:00,36.012
142,16.03 04:00,35.886
142,16.03 05:00,35.501
142,16.03 06:00,39.126
142,16.03 07:00,71.141
142,16.03 08:00,69.986
142,16.03 09:00,76.517
142,16.03 10:00,90.08
142,16.03 11:00,90.722
142,16.03 12:00,94.012
142,16.03 13:00,90.228
142,16.03 14:00,89.943
142,16.03 15:00,94.03
142,16.03 16:00,90.181
142,16.03 17:00,75.078
142,16.03 18:00,64.543
142,16.03 19:00,57.504
142,16.03 20:00,42.298
142,16.03 21:00,40.788
142,16.03 22:00,38.487
142,16.03 23:00,39.432
142,17.03 00:00,41.512
142,17.03 01:00,41.822
142,17.03 02:00,40.942
142,17.03 03:00,38.872
142,17.03 04:00,38.619
142,17.03 05:00,38.224
142,17.03 06:00,42.577
142,17.03 07:00,65.734
142,17.03 08:00,64.41
142,17.03 09:00,75.747
142,17.03 10:00,85.826
142,17.03 11:00,87.535
142,17.03 12:00,84.694
142,17.03 13:00,83.272
142,17.03 14:00,82.371
142,17.03 15:00,78.732
142,17.03 16:00,80.631
142,17.03 17:00,74.79
142,17.03 18:00,62.254
142,17.03 19:00,49.912
142,17.03 20:00,38.265
142,17.03 21:00,36.295
142,17.03 22:00,36.209
142,17.03 23:00,36.126
142,18.03 00:00,38.063
142,18.03 01:00,38.685
142,18.03 02:00,36.689
142,18.03 03:00,34.77
142,18.03 04:00,34.354
142,18.03 05:00,34.48
142,18.03 06:00,36.898
142,18.03 07:00,37.134
142,18.03 08:00,37.152
142,18.03 09:00,52.48
142,18.03 10:00,52.152
142,18.03 11:00,50.79
142,18.03 12:00,51.079
142,18.03 13:00,50.928
142,18.03 14:00,51.121
142,18.03 15:00,50.609
142,18.03 16:00,50.124
142,18.03 17:00,49.844
142,18.03 18:00,45.652
142,18.03 19:00,37.055
142,18.03 20:00,34.551
142,18.03 21:00,34.648
142,18.03 22:00,34.851
142,18.03 23:00,34.837
142,19.03 00:00,36.78
142,19.03 01:00,37.021
142,19.03 02:00,36.096
142,19.03 03:00,35.059
142,19.03 04:00,34.699
142,19.03 05:00,34.505
142,19.03 06:00,36.596
142,19.03 07:00,36.476
142,19.03 08:00,36.202
142,19.03 09:00,33.126
142,19.03 10:00,32.199
142,19.03 11:00,32.188
142,19.03 12:00,32.407
142,19.03 13:00,32.614
142,19.03 14:00,32.332
142,19.03 15:00,32.383
142,19.03 16:00,32.344
142,19.03 17:00,32.496
142,19.03 18:00,32.75
142,19.03 19:00,32.378
142,19.03 20:00,33.561
142,19.03 21:00,34.287
142,19.03 22:00,35.196
142,19.03 23:00,35.244
142,20.03 00:00,36.558
142,20.03 01:00,37.229
142,20.03 02:00,36.334
142,20.03 03:00,34.43
142,20.03 04:00,34.467
142,20.03 05:00,34.312
142,20.03 06:00,36.693
142,20.03 07:00,36.452
142,20.03 08:00,35.214
142,20.03 09:00,32.446
142,20.03 10:00,32.306
142,20.03 11:00,32.152
142,20.03 12:00,32.065
142,20.03 13:00,32.408
142,20.03 14:00,32.758
142,20.03 15:00,34.116
142,20.03 16:00,32.642
142,20.03 17:00,32.327
142,20.03 18:00,32.244
142,20.03 19:00,31.861
142,20.03 20:00,33.05
142,20.03 21:00,33.943
142,20.03 22:00,34.126
142,20.03 23:00,33.753
142,21.03 00:00,34.28
142,21.03 01:00,34.942
142,21.03 02:00,33.967
142,21.03 03:00,32.003
142,21.03 04:00,31.374
142,21.03 05:00,31.234
142,21.03 06:00,39.492
142,21.03 07:00,64.645
142,21.03 08:00,64.834
142,21.03 09:00,91.617
142,21.03 10:00,114.538
142,21.03 11:00,123.353
142,21.03 12:00,129.626
142,21.03 13:00,126.808
142,21.03 14:00,122.425
142,21.03 15:00,117.75
142,21.03 16:00,114.041
142,21.03 17:00,111.335
142,21.03 18:00,95.072
142,21.03 19:00,80.392
142,21.03 20:00,44.544
142,21.03 21:00,40.008
142,21.03 22:00,37.86
142,21.03 23:00,37.888
142,22.03 00:00,39.388
142,22.03 01:00,40.51
142,22.03 02:00,39.597
142,22.03 03:00,37.286
142,22.03 04:00,37.3
142,22.03 05:00,36.809
142,22.03 06:00,40.669
142,22.03 07:00,66.209
142,22.03 08:00,67.689
142,22.03 09:00,92.692
142,22.03 10:00,119.968
142,22.03 11:00,133.375
142,22.03 12:00,133.031
142,22.03 13:00,130.303
142,22.03 14:00,131.111
142,22.03 15:00,129.844
142,22.03 16:00,130.969
142,22.03 17:00,122.02
142,22.03 18:00,103.321
142,22.03 19:00,88.391
142,22.03 20:00,55.141
142,22.03 21:00,48.284
142,22.03 22:00,44.559
142,22.03 23:00,41.108
142,23.03 00:00,40.843
142,23.03 01:00,42.036
142,23.03 02:00,40.07
142,23.03 03:00,38.268
142,23.03 04:00,37.908
142,23.03 05:00,37.674
142,23.03 06:00,40.62
142,23.03 07:00,69.637
142,23.03 08:00,70.271
142,23.03 09:00,87.575
142,23.03 10:00,110.112
142,23.03 11:00,127.016
142,23.03 12:00,131.097
142,23.03 13:00,134.303
142,23.03 14:00,128.234
142,23.03 15:00,118.71
142,23.03 16:00,112.137
142,23.03 17:00,100.06
142,23.03 18:00,85.619
142,23.03 19:00,78.099
142,23.03 20:00,48.914
142,23.03 21:00,44.544
142,23.03 22:00,41.044
142,23.03 23:00,38.918
142,24.03 00:00,40.01
142,24.03 01:00,40.563
142,24.03 02:00,39.376
142,24.03 03:00,37.392
142,24.03 04:00,37.234
142,24.03 05:00,36.794
142,24.03 06:00,39.698
142,24.03 07:00,68.753
142,24.03 08:00,73.905
142,24.03 09:00,96.104
142,24.03 10:00,121.355
142,24.03 11:00,131.655
142,24.03 12:00,136.719
142,24.03 13:00,136.997
142,24.03 14:00,131.934
142,24.03 15:00,129.805
142,24.03 16:00,122.359
142,24.03 17:00,118.381
142,24.03 18:00,97.413
142,24.03 19:00,83.447
142,24.03 20:00,48.574
142,24.03 21:00,44.721
142,24.03 22:00,43.421
142,24.03 23:00,39.203
142,25.03 00:00,39.248
142,25.03 01:00,40.119
142,25.03 02:00,39.278
142,25.03 03:00,37.236
142,25.03 04:00,37.274
142,25.03 05:00,36.899
142,25.03 06:00,40.32
142,25.03 07:00,68.63
142,25.03 08:00,67.819
142,25.03 09:00,81.903
142,25.03 10:00,102.28
142,25.03 11:00,109.699
142,25.03 12:00,114.386
142,25.03 13:00,113.786
142,25.03 14:00,111.948
142,25.03 15:00,111.522
142,25.03 16:00,107.621
142,25.03 17:00,96.086
142,25.03 18:00,69.102
142,25.03 19:00,48.952
142,25.03 20:00,44.148
142,25.03 21:00,41.022
142,25.03 22:00,37.354
142,25.03 23:00,35.201
142,26.03 00:00,36.911
142,26.03 01:00,37.325
142,26.03 02:00,35.23
142,26.03 03:00,34.705
142,26.03 04:00,34.275
142,26.03 05:00,34.209
142,26.03 06:00,36.349
142,26.03 07:00,36.838
142,26.03 08:00,35.189
142,26.03 09:00,32.135
142,26.03 10:00,31.869
142,26.03 11:00,31.863
142,26.03 12:00,31.839
142,26.03 13:00,32.025
142,26.03 14:00,31.94
142,26.03 15:00,31.806
142,26.03 16:00,32.369
142,26.03 17:00,31.738
142,26.03 18:00,33.054
142,26.03 19:00,34.6
142,26.03 20:00,34.018
142,26.03 21:00,34.644
142,26.03 22:00,35.17
142,26.03 23:00,34.317
142,27.03 00:00,36.662
142,27.03 01:00,37.222
142,27.03 02:00,37.764
142,27.03 03:00,34.773
142,27.03 04:00,34.429
142,27.03 05:00,34.201
142,27.03 06:00,36.423
142,27.03 07:00,36.504
142,27.03 08:00,35.915
142,27.03 09:00,32.663
142,27.03 10:00,32.44
142,27.03 11:00,32.369
142,27.03 12:00,32.138
142,27.03 13:00,32.415
142,27.03 14:00,32.257
142,27.03 15:00,32.304
142,27.03 16:00,32.363
142,27.03 17:00,32.206
142,27.03 18:00,32.095
142,27.03 19:00,32.057
142,27.03 20:00,32.715
142,27.03 21:00,34.649
142,27.03 22:00,34.207
142,27.03 23:00,34.561
142,28.03 00:00,36.683
142,28.03 01:00,37.157
142,28.03 02:00,36.197
142,28.03 03:00,34.851
142,28.03 04:00,34.12
142,28.03 05:00,34.364
142,28.03 06:00,46.876
142,28.03 07:00,75.191
142,28.03 08:00,70.503
142,28.03 09:00,87.56
142,28.03 10:00,114.389
142,28.03 11:00,126.983
142,28.03 12:00,129.473
142,28.03 13:00,130.164
142,28.03 14:00,128.67
142,28.03 15:00,133.457
142,28.03 16:00,132.864
142,28.03 17:00,120.74
142,28.03 18:00,105.71
142,28.03 19:00,91.143
142,28.03 20:00,49.527
142,28.03 21:00,44.634
142,28.03 22:00,42.907
142,28.03 23:00,41.005
142,29.03 00:00,41.786
142,29.03 01:00,41.351
142,29.03 02:00,39.704
142,29.03 03:00,36.921
142,29.03 04:00,36.624
142,29.03 05:00,36.893
142,29.03 06:00,44.52
142,29.03 07:00,76.991
142,29.03 08:00,68.306
142,29.03 09:00,93.989
142,29.03 10:00,116.505
142,29.03 11:00,127.583
142,29.03 12:00,145.879
142,29.03 13:00,150.132
142,29.03 14:00,144.317
142,29.03 15:00,139.251
142,29.03 16:00,136.376
142,29.03 17:00,125.063
142,29.03 18:00,111.21
142,29.03 19:00,96.458
142,29.03 20:00,53.305
142,29.03 21:00,52.317
142,29.03 22:00,46.175
142,29.03 23:00,44.212
142,30.03 00:00,44.397
142,30.03 01:00,44.246
142,30.03 02:00,42.419
142,30.03 03:00,40.42
142,30.03 04:00,40.184
142,30.03 05:00,39.501
142,30.03 06:00,44.289
142,30.03 07:00,75.924
142,30.03 08:00,72.255
142,30.03 09:00,97.064
142,30.03 10:00,118.559
142,30.03 11:00,130.518
142,30.03 12:00,136.976
142,30.03 13:00,136.274
142,30.03 14:00,127.572
142,30.03 15:00,126.28
142,30.03 16:00,119.393
142,30.03 17:00,107.191
142,30.03 18:00,92.423
142,30.03 19:00,78.646
142,30.03 20:00,49.196
142,30.03 21:00,44.905
142,30.03 22:00,43.24
142,30.03 23:00,43.567
142,31.03 00:00,45.468
142,31.03 01:00,45.962
142,31.03 02:00,45.031
142,31.03 03:00,42.804
142,31.03 04:00,42.542
142,31.03 05:00,42.398
142,31.03 06:00,49.022
142,31.03 07:00,81.088
142,31.03 08:00,83.245
142,31.03 09:00,102.152
142,31.03 10:00,124.617
142,31.03 11:00,133.055
142,31.03 12:00,142.536
142,31.03 13:00,138.002
142,31.03 14:00,130.338
142,31.03 15:00,126.049
142,31.03 16:00,121.896
142,31.03 17:00,111.264
142,31.03 18:00,92.312
142,31.03 19:00,78.174
142,31.03 20:00,48.505
142,31.03 21:00,44.934
142,31.03 22:00,41.203
142,31.03 23:00,39.019
142,01.04 00:00,38.545
142,01.04 01:00,40.938
142,01.04 02:00,40.343
142,01.04 03:00,37.734
142,01.04 04:00,37.005
142,01.04 05:00,36.888
142,01.04 06:00,40.971
142,01.04 07:00,72.037
142,01.04 08:00,73.704
142,01.04 09:00,84.879
142,01.04 10:00,104.464
142,01.04 11:00,118.33
142,01.04 12:00,126.955
142,01.04 13:00,128.474
142,01.04 14:00,123.762
142,01.04 15:00,117.288
142,01.04 16:00,111.443
142,01.04 17:00,102.302
142,01.04 18:00,70.834
142,01.04 19:00,49.079
142,01.04 20:00,39.32
142,01.04 21:00,38.395
142,01.04 22:00,36.286
142,01.04 23:00,35.711
142,02.04 00:00,37.977
142,02.04 01:00,38.304
142,02.04 02:00,37.491
142,02.04 03:00,35.479
142,02.04 04:00,33.511
142,02.04 05:00,34.938
142,02.04 06:00,37.798
142,02.04 07:00,38.274
142,02.04 08:00,35.954
142,02.04 09:00,33.578
142,02.04 10:00,35.354
142,02.04 11:00,35.315
142,02.04 12:00,35.72
142,02.04 13:00,34.981
142,02.04 14:00,34.785
142,02.04 15:00,34.584
142,02.04 16:00,32.652
142,02.04 17:00,32.535
142,02.04 18:00,32.456
142,02.04 19:00,31.87
142,02.04 20:00,32.675
142,02.04 21:00,34.187
142,02.04 22:00,33.934
142,02.04 23:00,34.492
142,03.04 00:00,36.476
142,03.04 01:00,37.211
142,03.04 02:00,36.57
142,03.04 03:00,34.288
142,03.04 04:00,33.813
142,03.04 05:00,34.009
142,03.04 06:00,36.614
142,03.04 07:00,37.226
142,03.04 08:00,34.481
142,03.04 09:00,32.372
142,03.04 10:00,32.088
142,03.04 11:00,31.867
142,03.04 12:00,31.591
142,03.04 13:00,31.741
142,03.04 14:00,31.115
142,03.04 15:00,30.013
142,03.04 16:00,31.292
142,03.04 17:00,32.309
142,03.04 18:00,31.371
142,03.04 19:00,31.439
142,03.04 20:00,31.726
142,03.04 21:00,33.178
142,03.04 22:00,34.124
142,03.04 23:00,34.438
142,04.04 00:00,37.309
142,04.04 01:00,38.001
142,04.04 02:00,36.766
142,04.04 03:00,34.459
142,04.04 04:00,33.851
142,04.04 05:00,33.558
142,04.04 06:00,46.896
142,04.04 07:00,75.226
142,04.04 08:00,71.856
142,04.04 09:00,94.269
142,04.04 10:00,117.361
142,04.04 11:00,124.186
142,04.04 12:00,127.978
142,04.04 13:00,130.571
142,04.04 14:00,135.121
142,04.04 15:00,133.032
142,04.04 16:00,124.608
142,04.04 17:00,116.169
142,04.04 18:00,105.492
142,04.04 19:00,89.602
142,04.04 20:00,47.328
142,04.04 21:00,42.396
142,04.04 22:00,39.494
142,04.04 23:00,39.259
142,05.04 00:00,41.321
142,05.04 01:00,42.001
142,05.04 02:00,40.999
142,05.04 03:00,38.825
142,05.04 04:00,38.484
142,05.04 05:00,38.504
142,05.04 06:00,43.738
142,05.04 07:00,74.198
142,05.04 08:00,72.601
142,05.04 09:00,95.63
142,05.04 10:00,121.233
142,05.04 11:00,132.867
142,05.04 12:00,135.95
142,05.04 13:00,133.929
142,05.04 14:00,129.743
142,05.04 15:00,126.478
142,05.04 16:00,121.346
142,05.04 17:00,113.876
142,05.04 18:00,101.567
142,05.04 19:00,80.585
142,05.04 20:00,49.72
142,05.04 21:00,45.584
142,05.04 22:00,44.358
142,05.04 23:00,44.205
142,06.04 00:00,44.802
142,06.04 01:00,43.693
142,06.04 02:00,42.755
142,06.04 03:00,41.365
142,06.04 04:00,41.307
142,06.04 05:00,40.0
142,06.04 06:00,44.353
142,06.04 07:00,71.939
142,06.04 08:00,65.536
142,06.04 09:00,87.181
142,06.04 10:00,108.658
142,06.04 11:00,126.661
142,06.04 12:00,132.403
142,06.04 13:00,136.456
142,06.04 14:00,130.056
142,06.04 15:00,118.349
142,06.04 16:00,113.331
142,06.04 17:00,98.648
142,06.04 18:00,83.325
142,06.04 19:00,76.14
142,06.04 20:00,51.341
142,06.04 21:00,46.853
142,06.04 22:00,41.172
142,06.04 23:00,41.225
142,07.04 00:00,42.504
142,07.04 01:00,40.704
142,07.04 02:00,39.698
142,07.04 03:00,37.61
142,07.04 04:00,36.88
142,07.04 05:00,37.123
142,07.04 06:00,42.605
142,07.04 07:00,70.372
142,07.04 08:00,77.851
142,07.04 09:00,93.453
142,07.04 10:00,115.787
142,07.04 11:00,130.777
142,07.04 12:00,134.594
142,07.04 13:00,133.801
142,07.04 14:00,127.008
142,07.04 15:00,126.755
142,07.04 16:00,126.461
142,07.04 17:00,119.267
142,07.04 18:00,95.682
142,07.04 19:00,73.024
142,07.04 20:00,48.933
142,07.04 21:00,45.919
142,07.04 22:00,44.115
142,07.04 23:00,41.376
142,08.04 00:00,41.308
142,08.04 01:00,40.966
142,08.04 02:00,39.959
142,08.04 03:00,38.12
142,08.04 04:00,38.099
142,08.04 05:00,37.793
142,08.04 06:00,41.614
142,08.04 07:00,72.667
142,08.04 08:00,68.738
142,08.04 09:00,82.438
142,08.04 10:00,96.848
142,08.04 11:00,109.313
142,08.04 12:00,118.639
142,08.04 13:00,117.135
142,08.04 14:00,115.578
142,08.04 15:00,111.964
142,08.04 16:00,107.497
142,08.04 17:00,96.426
142,08.04 18:00,63.774
142,08.04 19:00,46.458
142,08.04 20:00,39.248
142,08.04 21:00,41.323
142,08.04 22:00,39.008
142,08.04 23:00,37.842
142,09.04 00:00,39.704
142,09.04 01:00,40.26
142,09.04 02:00,39.457
142,09.04 03:00,38.161
142,09.04 04:00,37.402
142,09.04 05:00,37.211
142,09.04 06:00,39.754
142,09.04 07:00,39.693
142,09.04 08:00,37.208
142,09.04 09:00,35.027
142,09.04 10:00,35.062
142,09.04 11:00,36.02
142,09.04 12:00,35.339
142,09.04 13:00,35.117
142,09.04 14:00,35.268
142,09.04 15:00,34.921
142,09.04 16:00,34.971
142,09.04 17:00,35.395
142,09.04 18:00,35.34
142,09.04 19:00,34.903
142,09.04 20:00,35.856
142,09.04 21:00,37.875
142,09.04 22:00,37.321
142,09.04 23:00,37.714
142,10.04 00:00,39.698
142,10.04 01:00,38.874
142,10.04 02:00,39.235
142,10.04 03:00,37.353
142,10.04 04:00,36.723
142,10.04 05:00,36.726
142,10.04 06:00,39.299
142,10.04 07:00,39.595
142,10.04 08:00,36.793
142,10.04 09:00,35.005
142,10.04 10:00,34.618
142,10.04 11:00,34.655
142,10.04 12:00,34.426
142,10.04 13:00,34.232
142,10.04 14:00,34.631
142,10.04 15:00,34.858
142,10.04 16:00,35.489
142,10.04 17:00,34.562
142,10.04 18:00,34.535
142,10.04 19:00,34.832
142,10.04 20:00,35.626
142,10.04 21:00,36.779
142,10.04 22:00,37.016
142,10.04 23:00,37.195
142,11.04 00:00,39.062
142,11.04 01:00,39.311
142,11.04 02:00,37.493
142,11.04 03:00,35.653
142,11.04 04:00,35.522
142,11.04 05:00,35.483
142,11.04 06:00,43.372
142,11.04 07:00,68.325
142,11.04 08:00,69.087
142,11.04 09:00,88.035
142,11.04 10:00,108.519
142,11.04 11:00,119.577
142,11.04 12:00,120.169
142,11.04 13:00,127.292
142,11.04 14:00,123.372
142,11.04 15:00,122.01
142,11.04 16:00,121.633
142,11.04 17:00,109.533
142,11.04 18:00,94.479
142,11.04 19:00,81.977
142,11.04 20:00,47.972
142,11.04 21:00,42.876
142,11.04 22:00,41.088
142,11.04 23:00,39.589
142,12.04 00:00,42.437
142,12.04 01:00,42.02
142,12.04 02:00,40.923
142,12.04 03:00,38.473
142,12.04 04:00,38.572
142,12.04 05:00,38.658
142,12.04 06:00,41.774
142,12.04 07:00,68.606
142,12.04 08:00,70.414
142,12.04 09:00,93.677
142,12.04 10:00,124.154
142,12.04 11:00,137.236
142,12.04 12:00,146.449
142,12.04 13:00,143.493
142,12.04 14:00,140.414
142,12.04 15:00,135.639
142,12.04 16:00,127.65
142,12.04 17:00,118.61
142,12.04 18:00,96.332
142,12.04 19:00,80.534
142,12.04 20:00,49.654
142,12.04 21:00,43.576
142,12.04 22:00,42.117
142,12.04 23:00,42.395
142,13.04 00:00,43.837
142,13.04 01:00,43.234
142,13.04 02:00,42.115
142,13.04 03:00,40.199
142,13.04 04:00,40.719
142,13.04 05:00,39.966
142,13.04 06:00,42.499
142,13.04 07:00,72.624
142,13.04 08:00,77.527
142,13.04 09:00,96.629
142,13.04 10:00,120.43
142,13.04 11:00,129.979
142,13.04 12:00,136.539
142,13.04 13:00,136.509
142,13.04 14:00,124.507
142,13.04 15:00,119.97
142,13.04 16:00,111.306
142,13.04 17:00,99.332
142,13.04 18:00,84.101
142,13.04 19:00,73.207
142,13.04 20:00,42.879
142,13.04 21:00,41.82
142,13.04 22:00,40.945
142,13.04 23:00,39.748
142,14.04 00:00,42.285
142,14.04 01:00,43.311
142,14.04 02:00,41.771
142,14.04 03:00,39.634
142,14.04 04:00,39.424
142,14.04 05:00,39.169
142,14.04 06:00,42.723
142,14.04 07:00,75.28
142,14.04 08:00,77.124
142,14.04 09:00,95.598
142,14.04 10:00,121.532
142,14.04 11:00,135.424
142,14.04 12:00,138.069
142,14.04 13:00,129.601
142,14.04 14:00,130.319
142,14.04 15:00,119.247
142,14.04 16:00,121.533
142,14.04 17:00,112.1
142,14.04 18:00,91.435
142,14.04 19:00,69.173
142,14.04 20:00,43.927
142,14.04 21:00,41.457
142,14.04 22:00,40.196
142,14.04 23:00,36.923
142,15.04 00:00,38.24
142,15.04 01:00,38.914
142,15.04 02:00,38.755
142,15.04 03:00,35.627
142,15.04 04:00,34.09
142,15.04 05:00,34.117
142,15.04 06:00,37.478
142,15.04 07:00,72.055
142,15.04 08:00,72.828
142,15.04 09:00,90.601
142,15.04 10:00,104.806
142,15.04 11:00,115.101
142,15.04 12:00,116.084
142,15.04 13:00,115.731
142,15.04 14:00,110.446
142,15.04 15:00,111.977
142,15.04 16:00,98.018
142,15.04 17:00,84.74
142,15.04 18:00,63.178
142,15.04 19:00,42.01
142,15.04 20:00,36.906
142,15.04 21:00,37.029
142,15.04 22:00,35.413
142,15.04 23:00,35.426
142,16.04 00:00,37.046
142,16.04 01:00,38.213
142,16.04 02:00,37.589
142,16.04 03:00,35.499
142,16.04 04:00,35.057
142,16.04 05:00,34.724
142,16.04 06:00,37.446
142,16.04 07:00,37.073
142,16.04 08:00,34.597
142,16.04 09:00,32.337
142,16.04 10:00,32.3
142,16.04 11:00,32.613
142,16.04 12:00,32.198
142,16.04 13:00,32.733
142,16.04 14:00,33.119
142,16.04 15:00,32.572
142,16.04 16:00,32.681
142,16.04 17:00,32.623
142,16.04 18:00,32.968
142,16.04 19:00,33.005
142,16.04 20:00,32.799
142,16.04 21:00,34.954
142,16.04 22:00,35.156
142,16.04 23:00,35.333
142,17.04 00:00,37.533
142,17.04 01:00,37.902
142,17.04 02:00,37.279
142,17.04 03:00,35.136
142,17.04 04:00,35.258
142,17.04 05:00,35.253
142,17.04 06:00,37.443
142,17.04 07:00,36.832
142,17.04 08:00,35.707
142,17.04 09:00,32.671
142,17.04 10:00,32.593
142,17.04 11:00,32.295
142,17.04 12:00,32.661
142,17.04 13:00,32.722
142,17.04 14:00,32.759
142,17.04 15:00,32.738
142,17.04 16:00,33.315
142,17.04 17:00,33.21
142,17.04 18:00,32.709
142,17.04 19:00,33.241
142,17.04 20:00,34.204
142,17.04 21:00,34.873
142,17.04 22:00,34.688
142,17.04 23:00,35.375
142,18.04 00:00,37.688
142,18.04 01:00,37.714
142,18.04 02:00,37.128
142,18.04 03:00,34.926
142,18.04 04:00,34.487
142,18.04 05:00,34.92
142,18.04 06:00,45.148
142,18.04 07:00,78.294
142,18.04 08:00,77.956
142,18.04 09:00,95.994
142,18.04 10:00,114.406
142,18.04 11:00,130.132
142,18.04 12:00,127.175
142,18.04 13:00,129.894
142,18.04 14:00,134.061
142,18.04 15:00,132.536
142,18.04 16:00,135.378
142,18.04 17:00,125.069
142,18.04 18:00,99.599
142,18.04 19:00,73.054
142,18.04 20:00,41.465
142,18.04 21:00,38.243
142,18.04 22:00,35.686
142,18.04 23:00,37.437
142,19.04 00:00,38.509
142,19.04 01:00,39.827
142,19.04 02:00,39.024
142,19.04 03:00,36.083
142,19.04 04:00,36.182
142,19.04 05:00,35.855
142,19.04 06:00,39.013
142,19.04 07:00,70.603
142,19.04 08:00,70.448
142,19.04 09:00,90.865
142,19.04 10:00,108.658
142,19.04 11:00,129.791
142,19.04 12:00,134.034
142,19.04 13:00,132.192
142,19.04 14:00,125.139
142,19.04 15:00,123.95
142,19.04 16:00,121.072
142,19.04 17:00,109.18
142,19.04 18:00,91.523
142,19.04 19:00,76.499
142,19.04 20:00,49.25
142,19.04 21:00,44.805
142,19.04 22:00,41.82
142,19.04 23:00,40.48
142,20.04 00:00,42.453
142,20.04 01:00,42.217
142,20.04 02:00,40.752
142,20.04 03:00,38.67
142,20.04 04:00,38.49
142,20.04 05:00,38.044
142,20.04 06:00,41.236
142,20.04 07:00,63.831
142,20.04 08:00,63.084
142,20.04 09:00,79.743
142,20.04 10:00,105.171
142,20.04 11:00,115.039
142,20.04 12:00,118.118
142,20.04 13:00,120.306
142,20.04 14:00,114.306
142,20.04 15:00,112.346
142,20.04 16:00,105.812
142,20.04 17:00,97.868
142,20.04 18:00,82.18
142,20.04 19:00,68.352
142,20.04 20:00,48.053
142,20.04 21:00,46.253
142,20.04 22:00,43.165
142,20.04 23:00,39.864
142,21.04 00:00,40.428
142,21.04 01:00,40.874
142,21.04 02:00,39.818
142,21.04 03:00,38.005
142,21.04 04:00,37.658
142,21.04 05:00,37.038
142,21.04 06:00,40.521
142,21.04 07:00,62.495
142,21.04 08:00,58.421
142,21.04 09:00,91.348
142,21.04 10:00,114.348
142,21.04 11:00,124.108
142,21.04 12:00,131.85
142,21.04 13:00,130.88
142,21.04 14:00,125.952
142,21.04 15:00,116.917
142,21.04 16:00,113.461
142,21.04 17:00,109.234
142,21.04 18:00,82.418
142,21.04 19:00,63.901
142,21.04 20:00,41.179
142,21.04 21:00,40.918
142,21.04 22:00,39.979
142,21.04 23:00,38.334
142,22.04 00:00,37.728
142,22.04 01:00,37.991
142,22.04 02:00,36.999
142,22.04 03:00,35.209
142,22.04 04:00,35.366
142,22.04 05:00,34.663
142,22.04 06:00,37.348
142,22.04 07:00,58.32
142,22.04 08:00,57.066
142,22.04 09:00,80.116
142,22.04 10:00,101.283
142,22.04 11:00,110.35
142,22.04 12:00,117.001
142,22.04 13:00,111.739
142,22.04 14:00,102.095
142,22.04 15:00,105.416
142,22.04 16:00,101.289
142,22.04 17:00,84.858
142,22.04 18:00,61.32
142,22.04 19:00,44.301
142,22.04 20:00,34.243
142,22.04 21:00,34.663
142,22.04 22:00,33.53
142,22.04 23:00,33.727
142,23.04 00:00,35.11
142,23.04 01:00,36.252
142,23.04 02:00,35.457
142,23.04 03:00,33.657
142,23.04 04:00,33.265
142,23.04 05:00,32.986
142,23.04 06:00,35.424
142,23.04 07:00,34.732
142,23.04 08:00,32.334
142,23.04 09:00,30.634
142,23.04 10:00,30.706
142,23.04 11:00,30.48
142,23.04 12:00,30.639
142,23.04 13:00,31.332
142,23.04 14:00,30.701
142,23.04 15:00,30.768
142,23.04 16:00,31.899
142,23.04 17:00,32.892
142,23.04 18:00,32.033
142,23.04 19:00,30.396
142,23.04 20:00,31.227
142,23.04 21:00,33.071
142,23.04 22:00,32.862
142,23.04 23:00,33.425
142,24.04 00:00,35.036
142,24.04 01:00,36.041
142,24.04 02:00,35.2
142,24.04 03:00,33.196
142,24.04 04:00,33.193
142,24.04 05:00,32.82
142,24.04 06:00,35.414
142,24.04 07:00,35.828
142,24.04 08:00,34.669
142,24.04 09:00,32.625
142,24.04 10:00,32.197
142,24.04 11:00,32.164
142,24.04 12:00,31.675
142,24.04 13:00,31.658
142,24.04 14:00,31.972
142,24.04 15:00,31.484
142,24.04 16:00,30.836
142,24.04 17:00,30.624
142,24.04 18:00,30.853
142,24.04 19:00,31.185
142,24.04 20:00,31.041
142,24.04 21:00,33.32
142,24.04 22:00,33.586
142,24.04 23:00,33.641
142,25.04 00:00,35.454
142,25.04 01:00,36.341
142,25.04 02:00,35.449
142,25.04 03:00,33.655
142,25.04 04:00,33.34
142,25.04 05:00,33.135
142,25.04 06:00,43.413
142,25.04 07:00,63.958
142,25.04 08:00,57.414
142,25.04 09:00,82.702
142,25.04 10:00,106.983
142,25.04 11:00,121.47
142,25.04 12:00,125.93
142,25.04 13:00,131.26
142,25.04 14:00,122.325
142,25.04 15:00,118.691
142,25.04 16:00,120.887
142,25.04 17:00,109.19
142,25.04 18:00,92.439
142,25.04 19:00,72.325
142,25.04 20:00,45.046
142,25.04 21:00,40.2
142,25.04 22:00,39.572
142,25.04 23:00,39.239
142,26.04 00:00,40.578
142,26.04 01:00,41.274
142,26.04 02:00,40.118
142,26.04 03:00,38.279
142,26.04 04:00,38.113
142,26.04 05:00,37.894
142,26.04 06:00,43.053
142,26.04 07:00,62.512
142,26.04 08:00,61.144
142,26.04 09:00,93.383
142,26.04 10:00,124.373
142,26.04 11:00,138.907
142,26.04 12:00,144.641
142,26.04 13:00,140.502
142,26.04 14:00,138.949
142,26.04 15:00,131.168
142,26.04 16:00,126.966
142,26.04 17:00,117.437
142,26.04 18:00,91.644
142,26.04 19:00,75.185
142,26.04 20:00,47.034
142,26.04 21:00,41.195
142,26.04 22:00,38.49
142,26.04 23:00,36.654
142,27.04 00:00,37.723
142,27.04 01:00,36.752
142,27.04 02:00,37.67
142,27.04 03:00,35.753
142,27.04 04:00,35.221
142,27.04 05:00,35.002
142,27.04 06:00,40.576
142,27.04 07:00,57.463
142,27.04 08:00,56.68
142,27.04 09:00,87.563
142,27.04 10:00,121.067
142,27.04 11:00,135.269
142,27.04 12:00,141.237
142,27.04 13:00,136.211
142,27.04 14:00,130.489
142,27.04 15:00,129.466
142,27.04 16:00,127.24
142,27.04 17:00,108.239
142,27.04 18:00,81.399
142,27.04 19:00,62.302
142,27.04 20:00,46.952
142,27.04 21:00,41.914
142,27.04 22:00,36.289
142,27.04 23:00,35.318
142,28.04 00:00,37.52
142,28.04 01:00,37.86
142,28.04 02:00,37.223
142,28.04 03:00,35.03
142,28.04 04:00,34.773
142,28.04 05:00,34.708
142,28.04 06:00,39.556
142,28.04 07:00,60.506
142,28.04 08:00,66.458
142,28.04 09:00,103.273
142,28.04 10:00,130.992
142,28.04 11:00,148.601
142,28.04 12:00,149.503
142,28.04 13:00,146.876
142,28.04 14:00,145.705
142,28.04 15:00,134.92
142,28.04 16:00,126.521
142,28.04 17:00,110.993
142,28.04 18:00,91.397
142,28.04 19:00,71.151
142,28.04 20:00,46.763
142,28.04 21:00,43.991
142,28.04 22:00,41.161
142,28.04 23:00,38.543
142,29.04 00:00,39.786
142,29.04 01:00,39.239
142,29.04 02:00,38.699
142,29.04 03:00,36.189
142,29.04 04:00,36.214
142,29.04 05:00,36.025
142,29.04 06:00,38.573
142,29.04 07:00,48.654
142,29.04 08:00,51.348
142,29.04 09:00,88.968
142,29.04 10:00,115.978
142,29.04 11:00,123.689
142,29.04 12:00,130.549
142,29.04 13:00,127.476
142,29.04 14:00,124.594
142,29.04 15:00,118.296
142,29.04 16:00,110.209
142,29.04 17:00,89.394
142,29.04 18:00,58.494
142,29.04 19:00,43.584
142,29.04 20:00,34.831
142,29.04 21:00,34.865
142,29.04 22:00,35.022
142,29.04 23:00,35.014
142,30.04 00:00,37.271
142,30.04 01:00,37.493
142,30.04 02:00,37.26
142,30.04 03:00,35.048
142,30.04 04:00,34.675
142,30.04 05:00,34.65
142,30.04 06:00,37.275
142,30.04 07:00,36.477
142,30.04 08:00,34.592
142,30.04 09:00,33.672
142,30.04 10:00,35.266
142,30.04 11:00,37.846
142,30.04 12:00,39.228
142,30.04 13:00,38.542
142,30.04 14:00,35.848
142,30.04 15:00,33.514
142,30.04 16:00,33.214
142,30.04 17:00,33.124
142,30.04 18:00,33.305
142,30.04 19:00,33.075
142,30.04 20:00,33.301
142,30.04 21:00,35.385
142,30.04 22:00,35.27
142,30.04 23:00,35.938
142,01.05 00:00,38.816
142,01.05 01:00,39.007
142,01.05 02:00,37.998
142,01.05 03:00,35.236
142,01.05 04:00,35.384
142,01.05 05:00,35.194
142,01.05 06:00,37.854
142,01.05 07:00,37.14
142,01.05 08:00,34.916
142,01.05 09:00,33.124
142,01.05 10:00,34.62
142,01.05 11:00,35.207
142,01.05 12:00,34.676
142,01.05 13:00,33.534
142,01.05 14:00,33.935
142,01.05 15:00,33.578
142,01.05 16:00,33.804
142,01.05 17:00,34.419
142,01.05 18:00,33.293
142,01.05 19:00,33.048
142,01.05 20:00,33.224
142,01.05 21:00,34.472
142,01.05 22:00,35.193
142,01.05 23:00,35.801
142,02.05 00:00,39.231
142,02.05 01:00,38.706
142,02.05 02:00,37.664
142,02.05 03:00,35.563
142,02.05 04:00,35.474
142,02.05 05:00,34.877
142,02.05 06:00,45.2
142,02.05 07:00,59.199
142,02.05 08:00,55.48
142,02.05 09:00,85.862
142,02.05 10:00,114.885
142,02.05 11:00,127.971
142,02.05 12:00,132.56
142,02.05 13:00,126.246
142,02.05 14:00,118.875
142,02.05 15:00,117.161
142,02.05 16:00,114.702
142,02.05 17:00,97.578
142,02.05 18:00,70.554
142,02.05 19:00,56.996
142,02.05 20:00,44.161
142,02.05 21:00,42.865
142,02.05 22:00,40.119
142,02.05 23:00,37.957
142,03.05 00:00,38.44
142,03.05 01:00,38.535
142,03.05 02:00,37.559
142,03.05 03:00,35.119
142,03.05 04:00,35.44
142,03.05 05:00,35.179
142,03.05 06:00,40.447
142,03.05 07:00,61.407
142,03.05 08:00,57.853
142,03.05 09:00,88.827
142,03.05 10:00,118.687
142,03.05 11:00,125.211
142,03.05 12:00,131.993
142,03.05 13:00,125.736
142,03.05 14:00,119.993
142,03.05 15:00,119.517
142,03.05 16:00,114.223
142,03.05 17:00,100.513
142,03.05 18:00,72.095
142,03.05 19:00,61.419
142,03.05 20:00,41.148
142,03.05 21:00,39.839
142,03.05 22:00,38.103
142,03.05 23:00,36.787
142,04.05 00:00,38.582
142,04.05 01:00,38.476
142,04.05 02:00,35.756
142,04.05 03:00,33.327
142,04.05 04:00,32.566
142,04.05 05:00,32.455
142,04.05 06:00,38.629
142,04.05 07:00,59.848
142,04.05 08:00,57.713
142,04.05 09:00,85.956
142,04.05 10:00,120.039
142,04.05 11:00,118.659
142,04.05 12:00,124.102
142,04.05 13:00,123.35
142,04.05 14:00,125.113
142,04.05 15:00,119.927
142,04.05 16:00,113.814
142,04.05 17:00,94.481
142,04.05 18:00,75.844
142,04.05 19:00,63.041
142,04.05 20:00,40.671
142,04.05 21:00,38.722
142,04.05 22:00,40.173
142,04.05 23:00,38.409
142,05.05 00:00,40.318
142,05.05 01:00,41.269
142,05.05 02:00,40.142
142,05.05 03:00,37.095
142,05.05 04:00,36.734
142,05.05 05:00,36.821
142,05.05 06:00,40.122
142,05.05 07:00,56.986
142,05.05 08:00,57.516
142,05.05 09:00,84.669
142,05.05 10:00,113.41
142,05.05 11:00,129.564
142,05.05 12:00,128.94
142,05.05 13:00,126.506
142,05.05 14:00,117.565
142,05.05 15:00,108.777
142,05.05 16:00,100.486
142,05.05 17:00,97.167
142,05.05 18:00,82.414
142,05.05 19:00,69.787
142,05.05 20:00,46.967
142,05.05 21:00,42.884
142,05.05 22:00,43.494
142,05.05 23:00,38.408
142,06.05 00:00,39.352
142,06.05 01:00,39.467
142,06.05 02:00,38.398
142,06.05 03:00,35.99
142,06.05 04:00,35.673
142,06.05 05:00,35.751
142,06.05 06:00,39.751
142,06.05 07:00,61.764
142,06.05 08:00,58.331
142,06.05 09:00,80.714
142,06.05 10:00,90.344
142,06.05 11:00,102.525
142,06.05 12:00,100.055
142,06.05 13:00,94.81
142,06.05 14:00,91.91
142,06.05 15:00,84.703
142,06.05 16:00,80.83
142,06.05 17:00,76.489
142,06.05 18:00,56.543
142,06.05 19:00,45.274
142,06.05 20:00,36.439
142,06.05 21:00,36.739
142,06.05 22:00,36.84
142,06.05 23:00,35.77
142,07.05 00:00,37.089
142,07.05 01:00,37.522
142,07.05 02:00,36.794
142,07.05 03:00,35.881
142,07.05 04:00,35.286
142,07.05 05:00,35.391
142,07.05 06:00,35.541
142,07.05 07:00,35.293
142,07.05 08:00,35.444
142,07.05 09:00,43.253
142,07.05 10:00,43.213
142,07.05 11:00,41.4
142,07.05 12:00,43.366
142,07.05 13:00,46.533
142,07.05 14:00,46.711
142,07.05 15:00,45.672
142,07.05 16:00,43.949
142,07.05 17:00,44.78
142,07.05 18:00,43.392
142,07.05 19:00,43.435
142,07.05 20:00,42.513
142,07.05 21:00,42.232
142,07.05 22:00,41.907
142,07.05 23:00,35.837
142,08.05 00:00,37.081
142,08.05 01:00,37.446
142,08.05 02:00,36.805
142,08.05 03:00,34.532
142,08.05 04:00,34.67
142,08.05 05:00,34.139
142,08.05 06:00,37.185
142,08.05 07:00,35.321
142,08.05 08:00,34.172
142,08.05 09:00,32.277
142,08.05 10:00,32.104
142,08.05 11:00,32.343
142,08.05 12:00,32.183
142,08.05 13:00,32.1
142,08.05 14:00,32.972
142,08.05 15:00,32.876
142,08.05 16:00,33.347
142,08.05 17:00,33.871
142,08.05 18:00,33.173
142,08.05 19:00,33.069
142,08.05 20:00,32.977
142,08.05 21:00,34.639
142,08.05 22:00,35.56
142,08.05 23:00,35.244
142,09.05 00:00,37.019
142,09.05 01:00,37.829
142,09.05 02:00,36.866
142,09.05 03:00,34.52
142,09.05 04:00,34.718
142,09.05 05:00,34.041
142,09.05 06:00,42.533
142,09.05 07:00,62.202
142,09.05 08:00,55.101
142,09.05 09:00,73.798
142,09.05 10:00,92.277
142,09.05 11:00,107.188
142,09.05 12:00,110.568
142,09.05 13:00,104.468
142,09.05 14:00,101.089
142,09.05 15:00,101.914
142,09.05 16:00,99.595
142,09.05 17:00,80.304
142,09.05 18:00,66.114
142,09.05 19:00,57.628
142,09.05 20:00,38.203
142,09.05 21:00,39.245
142,09.05 22:00,37.698
142,09.05 23:00,38.014
142,10.05 00:00,38.759
142,10.05 01:00,39.571
142,10.05 02:00,37.885
142,10.05 03:00,35.02
142,10.05 04:00,35.149
142,10.05 05:00,35.381
142,10.05 06:00,38.13
142,10.05 07:00,59.34
142,10.05 08:00,61.014
142,10.05 09:00,87.446
142,10.05 10:00,98.889
142,10.05 11:00,108.621
142,10.05 12:00,112.061
142,10.05 13:00,115.15
142,10.05 14:00,114.867
142,10.05 15:00,117.848
142,10.05 16:00,113.983
142,10.05 17:00,95.718
142,10.05 18:00,75.258
142,10.05 19:00,63.308
142,10.05 20:00,40.465
142,10.05 21:00,39.529
142,10.05 22:00,38.251
142,10.05 23:00,35.469
142,11.05 00:00,36.415
142,11.05 01:00,36.619
142,11.05 02:00,35.958
142,11.05 03:00,34.268
142,11.05 04:00,33.886
142,11.05 05:00,34.032
142,11.05 06:00,37.758
142,11.05 07:00,60.517
142,11.05 08:00,58.168
142,11.05 09:00,73.278
142,11.05 10:00,85.216
142,11.05 11:00,104.383
142,11.05 12:00,106.65
142,11.05 13:00,111.856
142,11.05 14:00,119.665
142,11.05 15:00,113.545
142,11.05 16:00,116.549
142,11.05 17:00,93.648
142,11.05 18:00,74.426
142,11.05 19:00,60.783
142,11.05 20:00,40.559
142,11.05 21:00,37.904
142,11.05 22:00,38.039
142,11.05 23:00,37.87
142,12.05 00:00,38.407
142,12.05 01:00,38.887
142,12.05 02:00,38.442
142,12.05 03:00,36.062
142,12.05 04:00,35.721
142,12.05 05:00,35.973
142,12.05 06:00,38.535
142,12.05 07:00,54.69
142,12.05 08:00,55.301
142,12.05 09:00,77.516
142,12.05 10:00,94.872
142,12.05 11:00,99.332
142,12.05 12:00,101.725
142,12.05 13:00,98.392
142,12.05 14:00,103.979
142,12.05 15:00,98.288
142,12.05 16:00,93.678
142,12.05 17:00,77.138
142,12.05 18:00,64.637
142,12.05 19:00,51.81
142,12.05 20:00,35.965
142,12.05 21:00,37.223
142,12.05 22:00,36.428
142,12.05 23:00,35.861
142,13.05 00:00,36.495
142,13.05 01:00,37.539
142,13.05 02:00,35.697
142,13.05 03:00,33.832
142,13.05 04:00,33.556
142,13.05 05:00,33.532
142,13.05 06:00,37.075
142,13.05 07:00,52.449
142,13.05 08:00,53.724
142,13.05 09:00,74.834
142,13.05 10:00,97.749
142,13.05 11:00,104.298
142,13.05 12:00,101.457
142,13.05 13:00,94.658
142,13.05 14:00,94.436
142,13.05 15:00,105.113
142,13.05 16:00,97.241
142,13.05 17:00,80.756
142,13.05 18:00,54.463
142,13.05 19:00,41.274
142,13.05 20:00,35.027
142,13.05 21:00,37.13
142,13.05 22:00,38.013
142,13.05 23:00,37.62
142,14.05 00:00,40.009
142,14.05 01:00,40.253
142,14.05 02:00,38.211
142,14.05 03:00,35.405
142,14.05 04:00,35.081
142,14.05 05:00,34.677
142,14.05 06:00,34.928
142,14.05 07:00,34.64
142,14.05 08:00,34.86
142,14.05 09:00,46.615
142,14.05 10:00,44.406
142,14.05 11:00,44.208
142,14.05 12:00,51.65
142,14.05 13:00,46.224
142,14.05 14:00,48.023
142,14.05 15:00,43.701
142,14.05 16:00,44.913
142,14.05 17:00,48.322
142,14.05 18:00,44.89
142,14.05 19:00,44.981
142,14.05 20:00,48.155
142,14.05 21:00,50.762
142,14.05 22:00,52.64
142,14.05 23:00,38.78
142,15.05 00:00,39.82
142,15.05 01:00,40.243
142,15.05 02:00,39.12
142,15.05 03:00,35.998
142,15.05 04:00,34.766
142,15.05 05:00,34.813
142,15.05 06:00,37.417
142,15.05 07:00,35.49
142,15.05 08:00,34.27
142,15.05 09:00,32.529
142,15.05 10:00,32.49
142,15.05 11:00,32.659
142,15.05 12:00,33.027
142,15.05 13:00,32.601
142,15.05 14:00,32.677
142,15.05 15:00,33.123
142,15.05 16:00,32.664
142,15.05 17:00,32.578
142,15.05 18:00,32.157
142,15.05 19:00,32.228
142,15.05 20:00,33.225
142,15.05 21:00,33.873
142,15.05 22:00,35.001
142,15.05 23:00,36.619
142,16.05 00:00,38.798
142,16.05 01:00,40.219
142,16.05 02:00,38.161
142,16.05 03:00,34.658
142,16.05 04:00,35.234
142,16.05 05:00,34.733
142,16.05 06:00,42.098
142,16.05 07:00,56.072
142,16.05 08:00,50.335
142,16.05 09:00,65.206
142,16.05 10:00,79.216
142,16.05 11:00,87.588
142,16.05 12:00,88.681
142,16.05 13:00,85.834
142,16.05 14:00,88.8
142,16.05 15:00,83.975
142,16.05 16:00,79.628
142,16.05 17:00,64.268
142,16.05 18:00,51.094
142,16.05 19:00,48.525
142,16.05 20:00,37.917
142,16.05 21:00,37.469
142,16.05 22:00,38.427
142,16.05 23:00,38.007
142,17.05 00:00,40.072
142,17.05 01:00,40.538
142,17.05 02:00,39.694
142,17.05 03:00,36.769
142,17.05 04:00,39.265
142,17.05 05:00,39.123
142,17.05 06:00,40.636
142,17.05 07:00,54.648
142,17.05 08:00,50.558
142,17.05 09:00,67.982
142,17.05 10:00,84.757
142,17.05 11:00,88.953
142,17.05 12:00,90.995
142,17.05 13:00,90.117
142,17.05 14:00,86.984
142,17.05 15:00,88.487
142,17.05 16:00,86.211
142,17.05 17:00,65.135
142,17.05 18:00,50.356
142,17.05 19:00,44.383
142,17.05 20:00,33.988
142,17.05 21:00,33.185
142,17.05 22:00,34.388
142,17.05 23:00,35.188
142,18.05 00:00,37.166
142,18.05 01:00,38.336
142,18.05 02:00,38.446
142,18.05 03:00,36.867
142,18.05 04:00,35.055
142,18.05 05:00,35.14
142,18.05 06:00,38.486
142,18.05 07:00,51.444
142,18.05 08:00,50.981
142,18.05 09:00,61.03
142,18.05 10:00,72.855
142,18.05 11:00,81.127
142,18.05 12:00,74.827
142,18.05 13:00,68.792
142,18.05 14:00,72.517
142,18.05 15:00,70.974
142,18.05 16:00,69.281
142,18.05 17:00,61.584
142,18.05 18:00,51.995
142,18.05 19:00,45.801
142,18.05 20:00,34.935
142,18.05 21:00,34.964
142,18.05 22:00,36.175
142,18.05 23:00,36.164
142,19.05 00:00,37.795
142,19.05 01:00,38.418
142,19.05 02:00,37.754
142,19.05 03:00,35.871
142,19.05 04:00,35.872
142,19.05 05:00,35.483
142,19.05 06:00,39.184
142,19.05 07:00,54.899
142,19.05 08:00,51.003
142,19.05 09:00,62.708
142,19.05 10:00,72.167
142,19.05 11:00,80.232
142,19.05 12:00,74.276
142,19.05 13:00,74.628
142,19.05 14:00,74.714
142,19.05 15:00,75.439
142,19.05 16:00,71.374
142,19.05 17:00,58.319
142,19.05 18:00,47.364
142,19.05 19:00,42.771
142,19.05 20:00,32.537
142,19.05 21:00,32.417
142,19.05 22:00,33.42
142,19.05 23:00,33.812
142,20.05 00:00,35.646
142,20.05 01:00,36.688
142,20.05 02:00,35.997
142,20.05 03:00,34.062
142,20.05 04:00,33.915
142,20.05 05:00,33.575
142,20.05 06:00,37.091
142,20.05 07:00,50.42
142,20.05 08:00,49.233
142,20.05 09:00,57.746
142,20.05 10:00,73.2
142,20.05 11:00,79.803
142,20.05 12:00,79.338
142,20.05 13:00,72.204
142,20.05 14:00,73.357
142,20.05 15:00,75.428
142,20.05 16:00,68.384
142,20.05 17:00,61.253
142,20.05 18:00,46.282
142,20.05 19:00,37.786
142,20.05 20:00,32.932
142,20.05 21:00,33.417
142,20.05 22:00,34.455
142,20.05 23:00,34.729
142,21.05 00:00,36.422
142,21.05 01:00,37.205
142,21.05 02:00,36.443
142,21.05 03:00,34.584
142,21.05 04:00,34.379
142,21.05 05:00,34.289
142,21.05 06:00,36.771
142,21.05 07:00,35.454
142,21.05 08:00,34.492
142,21.05 09:00,32.731
142,21.05 10:00,34.424
142,21.05 11:00,33.36
142,21.05 12:00,34.42
142,21.05 13:00,35.362
142,21.05 14:00,34.476
142,21.05 15:00,34.043
142,21.05 16:00,33.119
142,21.05 17:00,32.744
142,21.05 18:00,32.844
142,21.05 19:00,32.594
142,21.05 20:00,32.53
142,21.05 21:00,33.828
142,21.05 22:00,34.981
142,21.05 23:00,35.038
142,22.05 00:00,36.921
142,22.05 01:00,37.607
142,22.05 02:00,36.977
142,22.05 03:00,34.954
142,22.05 04:00,34.788
142,22.05 05:00,34.707
142,22.05 06:00,37.054
142,22.05 07:00,35.84
142,22.05 08:00,34.62
142,22.05 09:00,32.741
142,22.05 10:00,32.754
142,22.05 11:00,32.913
142,22.05 12:00,32.701
142,22.05 13:00,33.009
142,22.05 14:00,32.846
142,22.05 15:00,33.094
142,22.05 16:00,33.27
142,22.05 17:00,33.075
142,22.05 18:00,33.167
142,22.05 19:00,32.832
142,22.05 20:00,32.841
142,22.05 21:00,33.774
142,22.05 22:00,35.039
142,22.05 23:00,35.391
142,23.05 00:00,37.529
142,23.05 01:00,37.765
142,23.05 02:00,38.027
142,23.05 03:00,35.069
142,23.05 04:00,34.867
142,23.05 05:00,34.837
142,23.05 06:00,43.903
142,23.05 07:00,67.973
142,23.05 08:00,65.858
142,23.05 09:00,74.826
142,23.05 10:00,87.187
142,23.05 11:00,87.21
142,23.05 12:00,89.514
142,23.05 13:00,87.683
142,23.05 14:00,83.303
142,23.05 15:00,84.96
142,23.05 16:00,89.791
142,23.05 17:00,75.015
142,23.05 18:00,60.917
142,23.05 19:00,54.463
142,23.05 20:00,38.533
142,23.05 21:00,37.741
142,23.05 22:00,38.713
142,23.05 23:00,38.14
142,24.05 00:00,40.64
142,24.05 01:00,41.028
142,24.05 02:00,38.906
142,24.05 03:00,35.868
142,24.05 04:00,35.846
142,24.05 05:00,35.403
142,24.05 06:00,38.486
142,24.05 07:00,69.762
142,24.05 08:00,67.591
142,24.05 09:00,73.857
142,24.05 10:00,84.811
142,24.05 11:00,88.36
142,24.05 12:00,86.943
142,24.05 13:00,88.693
142,24.05 14:00,90.898
142,24.05 15:00,86.385
142,24.05 16:00,88.303
142,24.05 17:00,76.511
142,24.05 18:00,61.113
142,24.05 19:00,51.663
142,24.05 20:00,35.755
142,24.05 21:00,34.614
142,24.05 22:00,35.767
142,24.05 23:00,35.688
142,25.05 00:00,38.266
142,25.05 01:00,38.934
142,25.05 02:00,37.952
142,25.05 03:00,36.265
142,25.05 04:00,35.389
142,25.05 05:00,35.011
142,25.05 06:00,39.184
142,25.05 07:00,75.254
142,25.05 08:00,68.265
142,25.05 09:00,79.649
142,25.05 10:00,79.258
142,25.05 11:00,98.926
142,25.05 12:00,97.628
142,25.05 13:00,87.46
142,25.05 14:00,85.242
142,25.05 15:00,81.521
142,25.05 16:00,83.097
142,25.05 17:00,76.51
142,25.05 18:00,63.149
142,25.05 19:00,54.356
142,25.05 20:00,35.961
142,25.05 21:00,33.067
142,25.05 22:00,33.703
142,25.05 23:00,33.694
142,26.05 00:00,35.214
142,26.05 01:00,36.088
142,26.05 02:00,35.747
142,26.05 03:00,33.834
142,26.05 04:00,32.702
142,26.05 05:00,33.089
142,26.05 06:00,36.375
142,26.05 07:00,69.214
142,26.05 08:00,62.345
142,26.05 09:00,68.977
142,26.05 10:00,79.362
142,26.05 11:00,83.568
142,26.05 12:00,81.717
142,26.05 13:00,77.48
142,26.05 14:00,76.047
142,26.05 15:00,76.293
142,26.05 16:00,71.757
142,26.05 17:00,64.925
142,26.05 18:00,56.641
142,26.05 19:00,48.848
142,26.05 20:00,32.718
142,26.05 21:00,31.569
142,26.05 22:00,33.006
142,26.05 23:00,33.06
142,27.05 00:00,34.87
142,27.05 01:00,35.324
142,27.05 02:00,34.667
142,27.05 03:00,33.027
142,27.05 04:00,32.866
142,27.05 05:00,32.968
142,27.05 06:00,35.406
142,27.05 07:00,69.225
142,27.05 08:00,64.776
142,27.05 09:00,73.608
142,27.05 10:00,81.041
142,27.05 11:00,83.829
142,27.05 12:00,83.629
142,27.05 13:00,75.31
142,27.05 14:00,75.758
142,27.05 15:00,75.301
142,27.05 16:00,69.402
142,27.05 17:00,63.406
142,27.05 18:00,48.53
142,27.05 19:00,36.185
142,27.05 20:00,31.068
142,27.05 21:00,31.224
142,27.05 22:00,30.632
142,27.05 23:00,31.497
142,28.05 00:00,33.438
142,28.05 01:00,33.48
142,28.05 02:00,33.059
142,28.05 03:00,31.18
142,28.05 04:00,30.07
142,28.05 05:00,30.372
142,28.05 06:00,32.873
142,28.05 07:00,31.859
142,28.05 08:00,30.418
142,28.05 09:00,28.632
142,28.05 10:00,28.33
142,28.05 11:00,28.065
142,28.05 12:00,28.286
142,28.05 13:00,28.18
142,28.05 14:00,28.336
142,28.05 15:00,28.372
142,28.05 16:00,28.152
142,28.05 17:00,27.987
142,28.05 18:00,27.685
142,28.05 19:00,27.812
142,28.05 20:00,28.19
142,28.05 21:00,29.772
142,28.05 22:00,30.048
142,28.05 23:00,31.553
142,29.05 00:00,32.871
142,29.05 01:00,33.259
142,29.05 02:00,32.358
142,29.05 03:00,30.027
142,29.05 04:00,29.991
142,29.05 05:00,29.702
142,29.05 06:00,32.471
142,29.05 07:00,30.857
142,29.05 08:00,29.949
142,29.05 09:00,27.982
142,29.05 10:00,27.618
142,29.05 11:00,27.528
142,29.05 12:00,27.756
142,29.05 13:00,27.806
142,29.05 14:00,27.568
142,29.05 15:00,27.411
142,29.05 16:00,27.828
142,29.05 17:00,28.119
142,29.05 18:00,28.009
142,29.05 19:00,27.875
142,29.05 20:00,27.917
142,29.05 21:00,28.859
142,29.05 22:00,30.91
142,29.05 23:00,30.778
142,30.05 00:00,32.992
142,30.05 01:00,33.279
142,30.05 02:00,32.469
142,30.05 03:00,30.488
142,30.05 04:00,30.406
142,30.05 05:00,30.145
142,30.05 06:00,40.537
142,30.05 07:00,42.589
142,30.05 08:00,39.609
142,30.05 09:00,36.576
142,30.05 10:00,36.378
142,30.05 11:00,36.908
142,30.05 12:00,36.753
142,30.05 13:00,36.5
142,30.05 14:00,36.226
142,30.05 15:00,35.821
142,30.05 16:00,35.78
142,30.05 17:00,35.764
142,30.05 18:00,35.566
142,30.05 19:00,33.272
142,30.05 20:00,28.74
142,30.05 21:00,28.881
142,30.05 22:00,29.777
142,30.05 23:00,30.609
142,31.05 00:00,32.62
142,31.05 01:00,33.063
142,31.05 02:00,32.743
142,31.05 03:00,30.732
142,31.05 04:00,30.216
142,31.05 05:00,30.186
142,31.05 06:00,34.405
142,31.05 07:00,68.362
142,31.05 08:00,71.543
142,31.05 09:00,82.701
142,31.05 10:00,93.575
142,31.05 11:00,95.707
142,31.05 12:00,97.453
142,31.05 13:00,95.025
142,31.05 14:00,86.413
142,31.05 15:00,82.715
142,31.05 16:00,79.706
142,31.05 17:00,70.376
142,31.05 18:00,56.206
142,31.05 19:00,48.741
142,31.05 20:00,32.989
142,31.05 21:00,31.452
142,31.05 22:00,33.505
142,31.05 23:00,33.782
142,01.06 00:00,35.701
142,01.06 01:00,36.227
142,01.06 02:00,35.731
142,01.06 03:00,33.794
142,01.06 04:00,33.548
142,01.06 05:00,33.823
142,01.06 06:00,37.29
142,01.06 07:00,67.948
142,01.06 08:00,63.352
142,01.06 09:00,75.076
142,01.06 10:00,86.212
142,01.06 11:00,86.862
142,01.06 12:00,86.512
142,01.06 13:00,80.821
142,01.06 14:00,74.499
142,01.06 15:00,74.492
142,01.06 16:00,74.051
142,01.06 17:00,65.325
142,01.06 18:00,53.458
142,01.06 19:00,44.861
142,01.06 20:00,32.188
142,01.06 21:00,30.808
142,01.06 22:00,32.443
142,01.06 23:00,32.899
142,02.06 00:00,34.874
142,02.06 01:00,35.304
142,02.06 02:00,34.78
142,02.06 03:00,32.629
142,02.06 04:00,32.422
142,02.06 05:00,32.141
142,02.06 06:00,35.074
142,02.06 07:00,61.122
142,02.06 08:00,59.318
142,02.06 09:00,65.328
142,02.06 10:00,74.09
142,02.06 11:00,78.389
142,02.06 12:00,78.806
142,02.06 13:00,76.309
142,02.06 14:00,72.607
142,02.06 15:00,74.527
142,02.06 16:00,77.582
142,02.06 17:00,66.585
142,02.06 18:00,56.255
142,02.06 19:00,47.954
142,02.06 20:00,32.919
142,02.06 21:00,29.629
142,02.06 22:00,31.501
142,02.06 23:00,31.84
142,03.06 00:00,33.713
142,03.06 01:00,34.373
142,03.06 02:00,32.623
142,03.06 03:00,31.285
142,03.06 04:00,31.204
142,03.06 05:00,31.54
142,03.06 06:00,34.847
142,03.06 07:00,62.919
142,03.06 08:00,63.74
142,03.06 09:00,69.801
142,03.06 10:00,74.027
142,03.06 11:00,74.503
142,03.06 12:00,73.36
142,03.06 13:00,72.157
142,03.06 14:00,78.814
142,03.06 15:00,75.893
142,03.06 16:00,71.594
142,03.06 17:00,62.88
142,03.06 18:00,45.051
142,03.06 19:00,35.804
142,03.06 20:00,30.006
142,03.06 21:00,29.782
142,03.06 22:00,31.582
142,03.06 23:00,31.721
142,04.06 00:00,33.881
142,04.06 01:00,34.543
142,04.06 02:00,33.703
142,04.06 03:00,31.815
142,04.06 04:00,31.507
142,04.06 05:00,31.279
142,04.06 06:00,33.897
142,04.06 07:00,32.209
142,04.06 08:00,31.349
142,04.06 09:00,29.2
142,04.06 10:00,29.1
142,04.06 11:00,29.129
142,04.06 12:00,29.083
142,04.06 13:00,29.201
142,04.06 14:00,29.535
142,04.06 15:00,29.247
142,04.06 16:00,29.388
142,04.06 17:00,29.402
142,04.06 18:00,28.876
142,04.06 19:00,29.489
142,04.06 20:00,30.695
142,04.06 21:00,33.103
142,04.06 22:00,32.73
142,04.06 23:00,34.441
142,05.06 00:00,35.824
142,05.06 01:00,36.503
142,05.06 02:00,35.295
142,05.06 03:00,32.637
142,05.06 04:00,32.667
142,05.06 05:00,32.606
142,05.06 06:00,34.783
142,05.06 07:00,33.451
142,05.06 08:00,32.164
142,05.06 09:00,30.735
142,05.06 10:00,30.163
142,05.06 11:00,30.218
142,05.06 12:00,30.586
142,05.06 13:00,30.713
142,05.06 14:00,30.342
142,05.06 15:00,29.709
142,05.06 16:00,30.18
142,05.06 17:00,30.001
142,05.06 18:00,30.176
142,05.06 19:00,30.229
142,05.06 20:00,30.488
142,05.06 21:00,31.086
142,05.06 22:00,33.275
142,05.06 23:00,33.38
142,06.06 00:00,35.495
142,06.06 01:00,35.724
142,06.06 02:00,34.999
142,06.06 03:00,32.714
142,06.06 04:00,32.164
142,06.06 05:00,32.188
142,06.06 06:00,44.425
142,06.06 07:00,71.995
142,06.06 08:00,67.877
142,06.06 09:00,74.787
142,06.06 10:00,83.155
142,06.06 11:00,89.473
142,06.06 12:00,93.409
142,06.06 13:00,92.935
142,06.06 14:00,90.746
142,06.06 15:00,86.358
142,06.06 16:00,82.967
142,06.06 17:00,75.333
142,06.06 18:00,62.794
142,06.06 19:00,52.108
142,06.06 20:00,32.857
142,06.06 21:00,30.941
142,06.06 22:00,32.984
142,06.06 23:00,32.689
142,07.06 00:00,34.611
142,07.06 01:00,35.098
142,07.06 02:00,34.521
142,07.06 03:00,32.905
142,07.06 04:00,32.997
142,07.06 05:00,32.721
142,07.06 06:00,34.936
142,07.06 07:00,63.057
142,07.06 08:00,57.732
142,07.06 09:00,76.849
142,07.06 10:00,91.841
142,07.06 11:00,97.485
142,07.06 12:00,90.291
142,07.06 13:00,84.912
142,07.06 14:00,85.104
142,07.06 15:00,81.471
142,07.06 16:00,77.757
142,07.06 17:00,71.486
142,07.06 18:00,59.244
142,07.06 19:00,48.918
142,07.06 20:00,32.472
142,07.06 21:00,30.742
142,07.06 22:00,33.041
142,07.06 23:00,33.069
142,08.06 00:00,34.21
142,08.06 01:00,34.963
142,08.06 02:00,34.119
142,08.06 03:00,32.608
142,08.06 04:00,32.608
142,08.06 05:00,32.551
142,08.06 06:00,35.075
142,08.06 07:00,62.494
142,08.06 08:00,57.379
142,08.06 09:00,71.188
142,08.06 10:00,93.144
142,08.06 11:00,106.53
142,08.06 12:00,97.865
142,08.06 13:00,86.458
142,08.06 14:00,82.451
142,08.06 15:00,79.836
142,08.06 16:00,77.55
142,08.06 17:00,68.25
142,08.06 18:00,54.51
142,08.06 19:00,49.653
142,08.06 20:00,33.844
142,08.06 21:00,31.383
142,08.06 22:00,32.192
142,08.06 23:00,33.618
142,09.06 00:00,34.761
142,09.06 01:00,35.678
142,09.06 02:00,34.563
142,09.06 03:00,32.948
142,09.06 04:00,33.315
142,09.06 05:00,32.968
142,09.06 06:00,34.33
142,09.06 07:00,66.604
142,09.06 08:00,62.5
142,09.06 09:00,72.74
142,09.06 10:00,80.043
142,09.06 11:00,81.796
142,09.06 12:00,91.195
142,09.06 13:00,82.989
142,09.06 14:00,84.829
142,09.06 15:00,87.153
142,09.06 16:00,81.422
142,09.06 17:00,72.372
142,09.06 18:00,56.501
142,09.06 19:00,48.893
142,09.06 20:00,31.682
142,09.06 21:00,29.934
142,09.06 22:00,31.874
142,09.06 23:00,32.658
142,10.06 00:00,34.776
142,10.06 01:00,34.36
142,10.06 02:00,33.735
142,10.06 03:00,32.142
142,10.06 04:00,32.131
142,10.06 05:00,32.05
142,10.06 06:00,33.761
142,10.06 07:00,62.815
142,10.06 08:00,58.908
142,10.06 09:00,71.517
142,10.06 10:00,80.283
142,10.06 11:00,86.47
142,10.06 12:00,88.788
142,10.06 13:00,87.043
142,10.06 14:00,85.663
142,10.06 15:00,81.967
142,10.06 16:00,74.703
142,10.06 17:00,69.724
142,10.06 18:00,50.475
142,10.06 19:00,37.823
142,10.06 20:00,31.16
142,10.06 21:00,30.137
142,10.06 22:00,30.436
142,10.06 23:00,31.282
142,11.06 00:00,33.242
142,11.06 01:00,33.907
142,11.06 02:00,33.325
142,11.06 03:00,31.427
142,11.06 04:00,30.525
142,11.06 05:00,30.768
142,11.06 06:00,31.815
142,11.06 07:00,31.209
142,11.06 08:00,30.155
142,11.06 09:00,28.969
142,11.06 10:00,29.124
142,11.06 11:00,28.445
142,11.06 12:00,29.265
142,11.06 13:00,29.765
142,11.06 14:00,30.601
142,11.06 15:00,30.092
142,11.06 16:00,30.817
142,11.06 17:00,30.53
142,11.06 18:00,31.675
142,11.06 19:00,30.56
142,11.06 20:00,30.81
142,11.06 21:00,30.209
142,11.06 22:00,31.493
142,11.06 23:00,31.357
142,12.06 00:00,33.523
142,12.06 01:00,35.082
142,12.06 02:00,34.304
142,12.06 03:00,30.515
142,12.06 04:00,30.695
142,12.06 05:00,30.624
142,12.06 06:00,32.286
142,12.06 07:00,32.03
142,12.06 08:00,30.09
142,12.06 09:00,28.336
142,12.06 10:00,28.191
142,12.06 11:00,28.251
142,12.06 12:00,28.537
142,12.06 13:00,28.877
142,12.06 14:00,28.565
142,12.06 15:00,28.685
142,12.06 16:00,29.083
142,12.06 17:00,29.414
142,12.06 18:00,29.259
142,12.06 19:00,28.426
142,12.06 20:00,29.131
142,12.06 21:00,30.163
142,12.06 22:00,31.227
142,12.06 23:00,30.773
142,13.06 00:00,32.857
142,13.06 01:00,33.806
142,13.06 02:00,32.822
142,13.06 03:00,31.371
142,13.06 04:00,30.191
142,13.06 05:00,29.788
142,13.06 06:00,42.477
142,13.06 07:00,73.272
142,13.06 08:00,74.557
142,13.06 09:00,89.863
142,13.06 10:00,106.939
142,13.06 11:00,107.325
142,13.06 12:00,111.598
142,13.06 13:00,108.538
142,13.06 14:00,109.95
142,13.06 15:00,102.929
142,13.06 16:00,96.617
142,13.06 17:00,87.078
142,13.06 18:00,68.235
142,13.06 19:00,58.031
142,13.06 20:00,36.998
142,13.06 21:00,35.08
142,13.06 22:00,35.78
142,13.06 23:00,35.437
142,14.06 00:00,37.435
142,14.06 01:00,38.268
142,14.06 02:00,37.425
142,14.06 03:00,35.474
142,14.06 04:00,35.071
142,14.06 05:00,33.273
142,14.06 06:00,36.929
142,14.06 07:00,70.606
142,14.06 08:00,73.14
142,14.06 09:00,87.912
142,14.06 10:00,104.548
142,14.06 11:00,110.58
142,14.06 12:00,115.001
142,14.06 13:00,107.634
142,14.06 14:00,111.388
142,14.06 15:00,107.862
142,14.06 16:00,97.816
142,14.06 17:00,87.504
142,14.06 18:00,69.276
142,14.06 19:00,57.606
142,14.06 20:00,40.471
142,14.06 21:00,36.843
142,14.06 22:00,37.168
142,14.06 23:00,37.368
142,15.06 00:00,37.754
142,15.06 01:00,38.404
142,15.06 02:00,38.313
142,15.06 03:00,37.832
142,15.06 04:00,38.176
142,15.06 05:00,37.422
142,15.06 06:00,38.402
142,15.06 07:00,70.371
142,15.06 08:00,71.418
142,15.06 09:00,88.893
142,15.06 10:00,104.922
142,15.06 11:00,107.34
142,15.06 12:00,103.797
142,15.06 13:00,102.993
142,15.06 14:00,104.587
142,15.06 15:00,101.05
142,15.06 16:00,100.603
142,15.06 17:00,84.645
142,15.06 18:00,64.734
142,15.06 19:00,52.035
142,15.06 20:00,35.848
142,15.06 21:00,34.736
142,15.06 22:00,35.834
142,15.06 23:00,35.319
142,16.06 00:00,36.516
142,16.06 01:00,37.445
142,16.06 02:00,36.465
142,16.06 03:00,34.725
142,16.06 04:00,34.297
142,16.06 05:00,34.315
142,16.06 06:00,36.448
142,16.06 07:00,66.448
142,16.06 08:00,68.146
142,16.06 09:00,82.212
142,16.06 10:00,91.399
142,16.06 11:00,94.159
142,16.06 12:00,94.045
142,16.06 13:00,92.306
142,16.06 14:00,92.058
142,16.06 15:00,95.216
142,16.06 16:00,88.149
142,16.06 17:00,79.889
142,16.06 18:00,69.003
142,16.06 19:00,60.659
142,16.06 20:00,37.54
142,16.06 21:00,33.79
142,16.06 22:00,33.496
142,16.06 23:00,32.882
142,17.06 00:00,33.902
142,17.06 01:00,34.407
142,17.06 02:00,33.621
142,17.06 03:00,31.672
142,17.06 04:00,31.668
142,17.06 05:00,31.014
142,17.06 06:00,33.601
142,17.06 07:00,67.246
142,17.06 08:00,64.972
142,17.06 09:00,79.74
142,17.06 10:00,83.098
142,17.06 11:00,89.207
142,17.06 12:00,96.686
142,17.06 13:00,97.413
142,17.06 14:00,93.908
142,17.06 15:00,89.615
142,17.06 16:00,84.924
142,17.06 17:00,72.365
142,17.06 18:00,50.617
142,17.06 19:00,37.368
142,17.06 20:00,31.748
142,17.06 21:00,32.594
142,17.06 22:00,32.45
142,17.06 23:00,33.922
142,18.06 00:00,34.882
142,18.06 01:00,35.553
142,18.06 02:00,35.106
142,18.06 03:00,33.563
142,18.06 04:00,32.985
142,18.06 05:00,33.193
142,18.06 06:00,34.962
142,18.06 07:00,33.122
142,18.06 08:00,32.614
142,18.06 09:00,30.698
142,18.06 10:00,29.421
142,18.06 11:00,29.701
142,18.06 12:00,29.831
142,18.06 13:00,29.813
142,18.06 14:00,28.692
142,18.06 15:00,29.583
142,18.06 16:00,29.91
142,18.06 17:00,29.766
142,18.06 18:00,29.545
142,18.06 19:00,29.549
142,18.06 20:00,29.803
142,18.06 21:00,30.241
142,18.06 22:00,31.96
142,18.06 23:00,32.522
142,19.06 00:00,34.174
142,19.06 01:00,34.865
142,19.06 02:00,34.18
142,19.06 03:00,32.157
142,19.06 04:00,32.224
142,19.06 05:00,31.557
142,19.06 06:00,33.882
142,19.06 07:00,32.552
142,19.06 08:00,31.595
142,19.06 09:00,30.116
142,19.06 10:00,29.911
142,19.06 11:00,29.846
142,19.06 12:00,30.235
142,19.06 13:00,30.618
142,19.06 14:00,29.87
142,19.06 15:00,29.245
142,19.06 16:00,30.009
142,19.06 17:00,29.907
142,19.06 18:00,29.58
142,19.06 19:00,29.419
142,19.06 20:00,29.432
142,19.06 21:00,31.365
142,19.06 22:00,32.803
142,19.06 23:00,33.048
142,20.06 00:00,34.534
142,20.06 01:00,35.131
142,20.06 02:00,34.461
142,20.06 03:00,32.538
142,20.06 04:00,32.502
142,20.06 05:00,32.223
142,20.06 06:00,43.493
142,20.06 07:00,71.802
142,20.06 08:00,78.463
142,20.06 09:00,99.785
142,20.06 10:00,110.088
142,20.06 11:00,116.895
142,20.06 12:00,115.37
142,20.06 13:00,113.472
142,20.06 14:00,123.208
142,20.06 15:00,114.913
142,20.06 16:00,104.971
142,20.06 17:00,92.888
142,20.06 18:00,82.245
142,20.06 19:00,64.979
142,20.06 20:00,34.512
142,20.06 21:00,30.957
142,20.06 22:00,32.674
142,20.06 23:00,33.402
142,21.06 00:00,34.455
142,21.06 01:00,36.185
142,21.06 02:00,35.368
142,21.06 03:00,32.821
142,21.06 04:00,32.49
142,21.06 05:00,33.465
142,21.06 06:00,34.692
142,21.06 07:00,70.745
142,21.06 08:00,82.533
142,21.06 09:00,92.779
142,21.06 10:00,105.739
142,21.06 11:00,111.154
142,21.06 12:00,109.667
142,21.06 13:00,107.822
142,21.06 14:00,114.54
142,21.06 15:00,110.656
142,21.06 16:00,106.119
142,21.06 17:00,92.869
142,21.06 18:00,70.201
142,21.06 19:00,57.628
142,21.06 20:00,33.15
142,21.06 21:00,30.802
142,21.06 22:00,33.123
142,21.06 23:00,33.425
142,22.06 00:00,34.198
142,22.06 01:00,35.692
142,22.06 02:00,34.938
142,22.06 03:00,33.193
142,22.06 04:00,33.229
142,22.06 05:00,33.18
142,22.06 06:00,37.34
142,22.06 07:00,75.61
142,22.06 08:00,79.375
142,22.06 09:00,94.765
142,22.06 10:00,112.639
142,22.06 11:00,111.7
142,22.06 12:00,110.248
142,22.06 13:00,102.012
142,22.06 14:00,112.058
142,22.06 15:00,108.9
142,22.06 16:00,110.377
142,22.06 17:00,97.839
142,22.06 18:00,72.649
142,22.06 19:00,61.539
142,22.06 20:00,38.102
142,22.06 21:00,36.322
142,22.06 22:00,37.469
142,22.06 23:00,37.706
142,23.06 00:00,39.196
142,23.06 01:00,40.395
142,23.06 02:00,38.901
142,23.06 03:00,36.619
142,23.06 04:00,34.364
142,23.06 05:00,36.654
142,23.06 06:00,39.121
142,23.06 07:00,80.243
142,23.06 08:00,81.137
142,23.06 09:00,93.008
142,23.06 10:00,103.178
142,23.06 11:00,103.385
142,23.06 12:00,105.979
142,23.06 13:00,105.654
142,23.06 14:00,109.177
142,23.06 15:00,107.422
142,23.06 16:00,103.524
142,23.06 17:00,89.514
142,23.06 18:00,65.893
142,23.06 19:00,54.179
142,23.06 20:00,35.564
142,23.06 21:00,32.553
142,23.06 22:00,33.273
142,23.06 23:00,32.836
142,24.06 00:00,34.327
142,24.06 01:00,34.586
142,24.06 02:00,34.36
142,24.06 03:00,32.501
142,24.06 04:00,32.177
142,24.06 05:00,32.368
142,24.06 06:00,33.86
142,24.06 07:00,66.862
142,24.06 08:00,73.64
142,24.06 09:00,88.265
142,24.06 10:00,98.745
142,24.06 11:00,101.79
142,24.06 12:00,99.854
142,24.06 13:00,93.378
142,24.06 14:00,96.694
142,24.06 15:00,94.191
142,24.06 16:00,96.478
142,24.06 17:00,83.656
142,24.06 18:00,58.413
142,24.06 19:00,43.891
142,24.06 20:00,35.778
142,24.06 21:00,33.993
142,24.06 22:00,35.15
142,24.06 23:00,36.371
142,25.06 00:00,37.67
142,25.06 01:00,39.095
142,25.06 02:00,37.894
142,25.06 03:00,36.54
142,25.06 04:00,35.25
142,25.06 05:00,35.496
142,25.06 06:00,36.397
142,25.06 07:00,36.26
142,25.06 08:00,35.318
142,25.06 09:00,32.999
142,25.06 10:00,34.122
142,25.06 11:00,33.415
142,25.06 12:00,33.429
142,25.06 13:00,33.813
142,25.06 14:00,34.05
142,25.06 15:00,34.695
142,25.06 16:00,35.74
142,25.06 17:00,35.322
142,25.06 18:00,35.263
142,25.06 19:00,35.747
142,25.06 20:00,35.019
142,25.06 21:00,35.27
142,25.06 22:00,37.193
142,25.06 23:00,37.196
142,26.06 00:00,38.336
142,26.06 01:00,39.254
142,26.06 02:00,38.781
142,26.06 03:00,36.53
142,26.06 04:00,35.659
142,26.06 05:00,35.878
142,26.06 06:00,37.229
142,26.06 07:00,36.319
142,26.06 08:00,35.475
142,26.06 09:00,34.073
142,26.06 10:00,33.693
142,26.06 11:00,33.751
142,26.06 12:00,33.952
142,26.06 13:00,34.226
142,26.06 14:00,35.486
142,26.06 15:00,35.182
142,26.06 16:00,35.022
142,26.06 17:00,48.851
142,26.06 18:00,53.581
142,26.06 19:00,55.067
142,26.06 20:00,54.302
142,26.06 21:00,50.973
142,26.06 22:00,48.445
142,26.06 23:00,49.041
142,27.06 00:00,51.478
142,27.06 01:00,51.888
142,27.06 02:00,49.009
142,27.06 03:00,46.418
142,27.06 04:00,44.872
142,27.06 05:00,45.3
142,27.06 06:00,58.164
142,27.06 07:00,77.806
142,27.06 08:00,76.306
142,27.06 09:00,93.61
142,27.06 10:00,108.809
142,27.06 11:00,110.403
142,27.06 12:00,112.293
142,27.06 13:00,112.863
142,27.06 14:00,116.194
142,27.06 15:00,115.465
142,27.06 16:00,106.204
142,27.06 17:00,88.621
142,27.06 18:00,74.724
142,27.06 19:00,64.226
142,27.06 20:00,40.719
142,27.06 21:00,42.302
142,27.06 22:00,61.646
142,27.06 23:00,56.817
142,28.06 00:00,58.34
142,28.06 01:00,57.617
142,28.06 02:00,55.825
142,28.06 03:00,52.19
142,28.06 04:00,52.153
142,28.06 05:00,51.348
142,28.06 06:00,52.181
142,28.06 07:00,67.708
142,28.06 08:00,73.813
142,28.06 09:00,83.857
142,28.06 10:00,94.215
142,28.06 11:00,116.186
142,28.06 12:00,103.704
142,28.06 13:00,96.781
142,28.06 14:00,106.719
142,28.06 15:00,103.92
142,28.06 16:00,97.976
142,28.06 17:00,82.428
142,28.06 18:00,61.789
142,28.06 19:00,61.932
142,28.06 20:00,44.175
142,28.06 21:00,39.739
142,28.06 22:00,38.756
142,28.06 23:00,41.699
142,29.06 00:00,44.01
142,29.06 01:00,42.118
142,29.06 02:00,40.742
142,29.06 03:00,39.046
142,29.06 04:00,36.927
142,29.06 05:00,35.833
142,29.06 06:00,37.575
142,29.06 07:00,71.591
142,29.06 08:00,75.779
142,29.06 09:00,95.372
142,29.06 10:00,106.817
142,29.06 11:00,110.392
142,29.06 12:00,110.792
142,29.06 13:00,102.483
142,29.06 14:00,105.051
142,29.06 15:00,105.307
142,29.06 16:00,103.497
142,29.06 17:00,86.468
142,29.06 18:00,68.885
142,29.06 19:00,62.51
142,29.06 20:00,45.705
142,29.06 21:00,39.886
142,29.06 22:00,39.67
142,29.06 23:00,39.001
142,30.06 00:00,40.4
142,30.06 01:00,40.609
142,30.06 02:00,39.913
142,30.06 03:00,37.818
142,30.06 04:00,37.483
142,30.06 05:00,36.933
142,30.06 06:00,38.746
142,30.06 07:00,68.99
142,30.06 08:00,70.228
142,30.06 09:00,77.332
142,30.06 10:00,96.699
142,30.06 11:00,98.528
142,30.06 12:00,101.743
142,30.06 13:00,98.069
142,30.06 14:00,97.786
142,30.06 15:00,97.718
142,30.06 16:00,93.321
142,30.06 17:00,85.867
142,30.06 18:00,65.513
142,30.06 19:00,58.092
142,30.06 20:00,42.297
142,30.06 21:00,38.158
142,30.06 22:00,39.149
142,30.06 23:00,38.79
142,01.07 00:00,41.301
142,01.07 01:00,41.623
142,01.07 02:00,40.045
142,01.07 03:00,37.485
142,01.07 04:00,37.456
142,01.07 05:00,37.659
142,01.07 06:00,39.44
142,01.07 07:00,65.059
142,01.07 08:00,69.772
142,01.07 09:00,81.022
142,01.07 10:00,97.147
142,01.07 11:00,97.197
142,01.07 12:00,109.06
142,01.07 13:00,91.851
142,01.07 14:00,94.54
142,01.07 15:00,95.315
142,01.07 16:00,89.4
142,01.07 17:00,69.796
142,01.07 18:00,48.849
142,01.07 19:00,36.946
142,01.07 20:00,31.137
142,01.07 21:00,30.613
142,01.07 22:00,30.202
142,01.07 23:00,31.676
142,02.07 00:00,32.768
142,02.07 01:00,33.38
142,02.07 02:00,33.082
142,02.07 03:00,31.022
142,02.07 04:00,30.653
142,02.07 05:00,30.841
142,02.07 06:00,32.404
142,02.07 07:00,31.03
142,02.07 08:00,30.289
142,02.07 09:00,28.445
142,02.07 10:00,28.535
142,02.07 11:00,28.772
142,02.07 12:00,28.771
142,02.07 13:00,28.647
142,02.07 14:00,28.994
142,02.07 15:00,28.667
142,02.07 16:00,27.973
142,02.07 17:00,27.533
142,02.07 18:00,27.766
142,02.07 19:00,28.22
142,02.07 20:00,27.442
142,02.07 21:00,27.722
142,02.07 22:00,29.732
142,02.07 23:00,30.446
142,03.07 00:00,31.679
142,03.07 01:00,33.006
142,03.07 02:00,32.198
142,03.07 03:00,30.261
142,03.07 04:00,30.455
142,03.07 05:00,30.347
142,03.07 06:00,31.17
142,03.07 07:00,30.167
142,03.07 08:00,29.561
142,03.07 09:00,28.22
142,03.07 10:00,28.028
142,03.07 11:00,27.634
142,03.07 12:00,28.149
142,03.07 13:00,28.217
142,03.07 14:00,28.295
142,03.07 15:00,28.16
142,03.07 16:00,27.961
142,03.07 17:00,27.97
142,03.07 18:00,27.844
142,03.07 19:00,27.997
142,03.07 20:00,27.677
142,03.07 21:00,28.067
142,03.07 22:00,29.884
142,03.07 23:00,31.149
142,04.07 00:00,32.377
142,04.07 01:00,33.431
142,04.07 02:00,32.837
142,04.07 03:00,31.226
142,04.07 04:00,30.381
142,04.07 05:00,30.411
142,04.07 06:00,30.47
142,04.07 07:00,30.499
142,04.07 08:00,30.561
142,04.07 09:00,30.497
142,04.07 10:00,30.618
142,04.07 11:00,30.447
142,04.07 12:00,30.644
142,04.07 13:00,30.446
142,04.07 14:00,30.364
142,04.07 15:00,30.425
142,04.07 16:00,30.64
142,04.07 17:00,30.429
142,04.07 18:00,30.557
142,04.07 19:00,33.666
142,04.07 20:00,28.868
142,04.07 21:00,29.181
142,04.07 22:00,30.117
142,04.07 23:00,31.689
142,05.07 00:00,31.926
142,05.07 01:00,33.139
142,05.07 02:00,32.397
142,05.07 03:00,31.012
142,05.07 04:00,30.687
142,05.07 05:00,30.673
142,05.07 06:00,33.097
142,05.07 07:00,74.555
142,05.07 08:00,72.159
142,05.07 09:00,93.299
142,05.07 10:00,102.987
142,05.07 11:00,104.273
142,05.07 12:00,107.381
142,05.07 13:00,104.702
142,05.07 14:00,124.377
142,05.07 15:00,121.057
142,05.07 16:00,112.944
142,05.07 17:00,96.762
142,05.07 18:00,96.541
142,05.07 19:00,97.48
142,05.07 20:00,40.353
142,05.07 21:00,38.13
142,05.07 22:00,37.223
142,05.07 23:00,37.957
142,06.07 00:00,38.997
142,06.07 01:00,40.586
142,06.07 02:00,39.537
142,06.07 03:00,37.521
142,06.07 04:00,37.485
142,06.07 05:00,37.553
142,06.07 06:00,40.12
142,06.07 07:00,76.079
142,06.07 08:00,82.296
142,06.07 09:00,101.31
142,06.07 10:00,112.175
142,06.07 11:00,115.408
142,06.07 12:00,115.339
142,06.07 13:00,107.056
142,06.07 14:00,113.731
142,06.07 15:00,110.787
142,06.07 16:00,105.859
142,06.07 17:00,92.101
142,06.07 18:00,78.173
142,06.07 19:00,66.768
142,06.07 20:00,36.457
142,06.07 21:00,33.07
142,06.07 22:00,35.077
142,06.07 23:00,35.032
142,07.07 00:00,36.489
142,07.07 01:00,37.334
142,07.07 02:00,36.728
142,07.07 03:00,34.937
142,07.07 04:00,34.591
142,07.07 05:00,35.167
142,07.07 06:00,39.268
142,07.07 07:00,79.684
142,07.07 08:00,75.335
142,07.07 09:00,99.341
142,07.07 10:00,107.779
142,07.07 11:00,111.351
142,07.07 12:00,112.619
142,07.07 13:00,103.562
142,07.07 14:00,117.684
142,07.07 15:00,114.154
142,07.07 16:00,108.211
142,07.07 17:00,90.114
142,07.07 18:00,69.0
142,07.07 19:00,58.153
142,07.07 20:00,36.39
142,07.07 21:00,34.097
142,07.07 22:00,35.909
142,07.07 23:00,36.415
142,08.07 00:00,38.198
142,08.07 01:00,39.586
142,08.07 02:00,38.524
142,08.07 03:00,36.118
142,08.07 04:00,36.35
142,08.07 05:00,35.402
142,08.07 06:00,37.917
142,08.07 07:00,77.295
142,08.07 08:00,77.558
142,08.07 09:00,97.349
142,08.07 10:00,113.824
142,08.07 11:00,112.889
142,08.07 12:00,111.329
142,08.07 13:00,101.134
142,08.07 14:00,102.853
142,08.07 15:00,102.565
142,08.07 16:00,97.549
142,08.07 17:00,83.367
142,08.07 18:00,56.59
142,08.07 19:00,42.212
142,08.07 20:00,34.776
142,08.07 21:00,33.654
142,08.07 22:00,35.33
142,08.07 23:00,36.064
142,09.07 00:00,37.984
142,09.07 01:00,38.437
142,09.07 02:00,37.693
142,09.07 03:00,35.594
142,09.07 04:00,35.414
142,09.07 05:00,35.653
142,09.07 06:00,36.926
142,09.07 07:00,35.179
142,09.07 08:00,35.498
142,09.07 09:00,33.248
142,09.07 10:00,33.132
142,09.07 11:00,32.872
142,09.07 12:00,33.493
142,09.07 13:00,35.393
142,09.07 14:00,33.355
142,09.07 15:00,34.117
142,09.07 16:00,34.653
142,09.07 17:00,34.883
142,09.07 18:00,34.443
142,09.07 19:00,35.195
142,09.07 20:00,35.184
142,09.07 21:00,34.351
142,09.07 22:00,35.977
142,09.07 23:00,36.466
142,10.07 00:00,37.708
142,10.07 01:00,39.047
142,10.07 02:00,37.824
142,10.07 03:00,36.184
142,10.07 04:00,35.376
142,10.07 05:00,35.467
142,10.07 06:00,37.85
142,10.07 07:00,37.793
142,10.07 08:00,37.292
142,10.07 09:00,34.422
142,10.07 10:00,33.448
142,10.07 11:00,33.748
142,10.07 12:00,34.134
142,10.07 13:00,33.857
142,10.07 14:00,34.158
142,10.07 15:00,34.112
142,10.07 16:00,33.995
142,10.07 17:00,34.549
142,10.07 18:00,34.912
142,10.07 19:00,34.776
142,10.07 20:00,34.559
142,10.07 21:00,35.174
142,10.07 22:00,36.855
142,10.07 23:00,37.049
142,11.07 00:00,38.927
142,11.07 01:00,39.501
142,11.07 02:00,38.826
142,11.07 03:00,36.518
142,11.07 04:00,36.534
142,11.07 05:00,35.446
142,11.07 06:00,50.145
142,11.07 07:00,84.48
142,11.07 08:00,91.774
142,11.07 09:00,109.654
142,11.07 10:00,117.009
142,11.07 11:00,122.137
142,11.07 12:00,120.383
142,11.07 13:00,122.813
142,11.07 14:00,126.363
142,11.07 15:00,125.274
142,11.07 16:00,122.537
142,11.07 17:00,108.48
142,11.07 18:00,79.129
142,11.07 19:00,72.118
142,11.07 20:00,39.291
142,11.07 21:00,36.087
142,11.07 22:00,37.177
142,11.07 23:00,38.11
142,12.07 00:00,39.166
142,12.07 01:00,40.311
142,12.07 02:00,38.67
142,12.07 03:00,36.292
142,12.07 04:00,36.391
142,12.07 05:00,35.441
142,12.07 06:00,37.878
142,12.07 07:00,79.726
142,12.07 08:00,83.694
142,12.07 09:00,100.241
142,12.07 10:00,111.42
142,12.07 11:00,120.221
142,12.07 12:00,120.832
142,12.07 13:00,116.52
142,12.07 14:00,121.945
142,12.07 15:00,117.483
142,12.07 16:00,110.627
142,12.07 17:00,102.924
142,12.07 18:00,81.87
142,12.07 19:00,73.301
142,12.07 20:00,42.355
142,12.07 21:00,38.835
142,12.07 22:00,38.219
142,12.07 23:00,37.028
142,13.07 00:00,38.787
142,13.07 01:00,37.477
142,13.07 02:00,36.334
142,13.07 03:00,34.026
142,13.07 04:00,33.825
142,13.07 05:00,33.812
142,13.07 06:00,36.602
142,13.07 07:00,79.725
142,13.07 08:00,81.174
142,13.07 09:00,99.716
142,13.07 10:00,117.188
142,13.07 11:00,119.78
142,13.07 12:00,120.132
142,13.07 13:00,110.877
142,13.07 14:00,112.982
142,13.07 15:00,111.699
142,13.07 16:00,109.284
142,13.07 17:00,96.82
142,13.07 18:00,79.056
142,13.07 19:00,67.086
142,13.07 20:00,41.167
142,13.07 21:00,36.723
142,13.07 22:00,36.882
142,13.07 23:00,37.65
142,14.07 00:00,40.483
142,14.07 01:00,41.25
142,14.07 02:00,39.695
142,14.07 03:00,37.314
142,14.07 04:00,37.166
142,14.07 05:00,36.631
142,14.07 06:00,39.966
142,14.07 07:00,77.786
142,14.07 08:00,76.719
142,14.07 09:00,88.8
142,14.07 10:00,104.081
142,14.07 11:00,109.047
142,14.07 12:00,100.425
142,14.07 13:00,97.994
142,14.07 14:00,102.663
142,14.07 15:00,104.75
142,14.07 16:00,98.439
142,14.07 17:00,84.989
142,14.07 18:00,67.113
142,14.07 19:00,58.806
142,14.07 20:00,35.216
142,14.07 21:00,34.18
142,14.07 22:00,34.601
142,14.07 23:00,35.062
142,15.07 00:00,37.066
142,15.07 01:00,38.406
142,15.07 02:00,37.19
142,15.07 03:00,35.856
142,15.07 04:00,35.428
142,15.07 05:00,35.553
142,15.07 06:00,37.964
142,15.07 07:00,75.2
142,15.07 08:00,69.691
142,15.07 09:00,92.809
142,15.07 10:00,104.316
142,15.07 11:00,105.172
142,15.07 12:00,102.72
142,15.07 13:00,95.57
142,15.07 14:00,100.713
142,15.07 15:00,95.107
142,15.07 16:00,92.181
142,15.07 17:00,78.039
142,15.07 18:00,57.794
142,15.07 19:00,42.768
142,15.07 20:00,32.89
142,15.07 21:00,32.496
142,15.07 22:00,33.186
142,15.07 23:00,34.151
142,16.07 00:00,35.419
142,16.07 01:00,36.642
142,16.07 02:00,36.318
142,16.07 03:00,35.602
142,16.07 04:00,34.464
142,16.07 05:00,34.544
142,16.07 06:00,34.938
142,16.07 07:00,33.568
142,16.07 08:00,32.761
142,16.07 09:00,30.853
142,16.07 10:00,31.009
142,16.07 11:00,31.02
142,16.07 12:00,30.933
142,16.07 13:00,30.991
142,16.07 14:00,31.648
142,16.07 15:00,32.261
142,16.07 16:00,32.622
142,16.07 17:00,31.182
142,16.07 18:00,32.467
142,16.07 19:00,32.695
142,16.07 20:00,32.005
142,16.07 21:00,32.702
142,16.07 22:00,33.771
142,16.07 23:00,33.607
142,17.07 00:00,35.805
142,17.07 01:00,38.676
142,17.07 02:00,35.645
142,17.07 03:00,34.366
142,17.07 04:00,34.206
142,17.07 05:00,33.795
142,17.07 06:00,34.869
142,17.07 07:00,35.165
142,17.07 08:00,32.826
142,17.07 09:00,31.964
142,17.07 10:00,32.598
142,17.07 11:00,31.719
142,17.07 12:00,32.768
142,17.07 13:00,32.681
142,17.07 14:00,32.58
142,17.07 15:00,34.679
142,17.07 16:00,33.661
142,17.07 17:00,32.567
142,17.07 18:00,32.923
142,17.07 19:00,36.131
142,17.07 20:00,34.92
142,17.07 21:00,35.668
142,17.07 22:00,35.446
142,17.07 23:00,35.512
142,18.07 00:00,37.829
142,18.07 01:00,38.703
142,18.07 02:00,36.736
142,18.07 03:00,35.177
142,18.07 04:00,33.533
142,18.07 05:00,34.318
142,18.07 06:00,48.701
142,18.07 07:00,84.799
142,18.07 08:00,80.451
142,18.07 09:00,104.315
142,18.07 10:00,120.249
142,18.07 11:00,128.006
142,18.07 12:00,130.259
142,18.07 13:00,123.845
142,18.07 14:00,129.042
142,18.07 15:00,125.193
142,18.07 16:00,122.469
142,18.07 17:00,105.619
142,18.07 18:00,82.889
142,18.07 19:00,71.537
142,18.07 20:00,40.368
142,18.07 21:00,37.104
142,18.07 22:00,39.04
142,18.07 23:00,39.702
142,19.07 00:00,41.0
142,19.07 01:00,41.762
142,19.07 02:00,41.163
142,19.07 03:00,39.108
142,19.07 04:00,37.363
142,19.07 05:00,37.391
142,19.07 06:00,38.36
142,19.07 07:00,78.031
142,19.07 08:00,85.29
142,19.07 09:00,102.433
142,19.07 10:00,113.063
142,19.07 11:00,123.731
142,19.07 12:00,126.122
142,19.07 13:00,120.047
142,19.07 14:00,130.362
142,19.07 15:00,128.265
142,19.07 16:00,129.246
142,19.07 17:00,108.733
142,19.07 18:00,91.348
142,19.07 19:00,78.932
142,19.07 20:00,56.157
142,19.07 21:00,50.106
142,19.07 22:00,48.844
142,19.07 23:00,48.912
142,20.07 00:00,49.691
142,20.07 01:00,50.539
142,20.07 02:00,49.695
142,20.07 03:00,46.862
142,20.07 04:00,46.833
142,20.07 05:00,45.136
142,20.07 06:00,48.912
142,20.07 07:00,72.079
142,20.07 08:00,80.391
142,20.07 09:00,94.492
142,20.07 10:00,107.616
142,20.07 11:00,114.174
142,20.07 12:00,111.191
142,20.07 13:00,107.889
142,20.07 14:00,112.261
142,20.07 15:00,115.074
142,20.07 16:00,112.501
142,20.07 17:00,95.115
142,20.07 18:00,80.808
142,20.07 19:00,76.018
142,20.07 20:00,64.524
142,20.07 21:00,60.533
142,20.07 22:00,61.663
142,20.07 23:00,62.469
142,21.07 00:00,61.369
142,21.07 01:00,57.367
142,21.07 02:00,57.984
142,21.07 03:00,56.788
142,21.07 04:00,52.854
142,21.07 05:00,49.961
142,21.07 06:00,50.699
142,21.07 07:00,61.598
142,21.07 08:00,67.154
142,21.07 09:00,85.813
142,21.07 10:00,97.551
142,21.07 11:00,104.138
142,21.07 12:00,109.334
142,21.07 13:00,104.183
142,21.07 14:00,109.216
142,21.07 15:00,108.133
142,21.07 16:00,100.644
142,21.07 17:00,85.139
142,21.07 18:00,71.841
142,21.07 19:00,66.005
142,21.07 20:00,55.653
142,21.07 21:00,54.798
142,21.07 22:00,54.062
142,21.07 23:00,54.013
142,22.07 00:00,56.486
142,22.07 01:00,55.779
142,22.07 02:00,52.083
142,22.07 03:00,49.598
142,22.07 04:00,47.305
142,22.07 05:00,46.588
142,22.07 06:00,49.308
142,22.07 07:00,61.246
142,22.07 08:00,63.326
142,22.07 09:00,80.035
142,22.07 10:00,95.438
142,22.07 11:00,100.372
142,22.07 12:00,95.07
142,22.07 13:00,96.75
142,22.07 14:00,93.554
142,22.07 15:00,93.217
142,22.07 16:00,87.481
142,22.07 17:00,81.666
142,22.07 18:00,68.62
142,22.07 19:00,61.473
142,22.07 20:00,60.148
142,22.07 21:00,58.659
142,22.07 22:00,57.68
142,22.07 23:00,57.212
142,23.07 00:00,57.335
142,23.07 01:00,57.133
142,23.07 02:00,55.158
142,23.07 03:00,51.915
142,23.07 04:00,50.326
142,23.07 05:00,49.183
142,23.07 06:00,50.288
142,23.07 07:00,48.661
142,23.07 08:00,48.523
142,23.07 09:00,48.465
142,23.07 10:00,58.231
142,23.07 11:00,62.101
142,23.07 12:00,64.957
142,23.07 13:00,69.572
142,23.07 14:00,70.301
142,23.07 15:00,70.671
142,23.07 16:00,66.749
142,23.07 17:00,61.463
142,23.07 18:00,61.92
142,23.07 19:00,62.756
142,23.07 20:00,63.653
142,23.07 21:00,61.643
142,23.07 22:00,50.099
142,23.07 23:00,47.589
142,24.07 00:00,49.378
142,24.07 01:00,51.255
142,24.07 02:00,50.093
142,24.07 03:00,47.673
142,24.07 04:00,47.81
142,24.07 05:00,47.155
142,24.07 06:00,48.236
142,24.07 07:00,46.541
142,24.07 08:00,45.985
142,24.07 09:00,45.556
142,24.07 10:00,45.466
142,24.07 11:00,47.296
142,24.07 12:00,47.441
142,24.07 13:00,48.12
142,24.07 14:00,47.363
142,24.07 15:00,48.561
142,24.07 16:00,49.109
142,24.07 17:00,50.55
142,24.07 18:00,51.836
142,24.07 19:00,51.787
142,24.07 20:00,51.473
142,24.07 21:00,50.012
142,24.07 22:00,48.653
142,24.07 23:00,49.135
142,25.07 00:00,49.651
142,25.07 01:00,51.144
142,25.07 02:00,49.941
142,25.07 03:00,48.183
142,25.07 04:00,47.819
142,25.07 05:00,46.379
142,25.07 06:00,51.193
142,25.07 07:00,64.708
142,25.07 08:00,67.059
142,25.07 09:00,81.234
142,25.07 10:00,91.144
142,25.07 11:00,100.249
142,25.07 12:00,108.274
142,25.07 13:00,110.93
142,25.07 14:00,110.079
142,25.07 15:00,106.641
142,25.07 16:00,101.206
142,25.07 17:00,89.648
142,25.07 18:00,75.359
142,25.07 19:00,68.325
142,25.07 20:00,59.684
142,25.07 21:00,56.076
142,25.07 22:00,54.202
142,25.07 23:00,51.002
142,26.07 00:00,52.301
142,26.07 01:00,53.142
142,26.07 02:00,51.522
142,26.07 03:00,48.441
142,26.07 04:00,48.365
142,26.07 05:00,47.876
142,26.07 06:00,48.984
142,26.07 07:00,61.655
142,26.07 08:00,62.171
142,26.07 09:00,81.148
142,26.07 10:00,96.478
142,26.07 11:00,103.246
142,26.07 12:00,105.048
142,26.07 13:00,109.112
142,26.07 14:00,105.696
142,26.07 15:00,104.219
142,26.07 16:00,100.829
142,26.07 17:00,92.597
142,26.07 18:00,78.633
142,26.07 19:00,71.499
142,26.07 20:00,57.391
142,26.07 21:00,55.774
142,26.07 22:00,54.354
142,26.07 23:00,51.788
142,27.07 00:00,52.159
142,27.07 01:00,52.586
142,27.07 02:00,51.501
142,27.07 03:00,49.787
142,27.07 04:00,48.434
142,27.07 05:00,48.368
142,27.07 06:00,51.507
142,27.07 07:00,62.152
142,27.07 08:00,65.249
142,27.07 09:00,85.492
142,27.07 10:00,105.433
142,27.07 11:00,98.07
142,27.07 12:00,103.546
142,27.07 13:00,101.325
142,27.07 14:00,100.959
142,27.07 15:00,97.879
142,27.07 16:00,92.65
142,27.07 17:00,80.043
142,27.07 18:00,66.851
142,27.07 19:00,62.855
142,27.07 20:00,51.873
142,27.07 21:00,50.831
142,27.07 22:00,52.157
142,27.07 23:00,51.461
142,28.07 00:00,51.829
142,28.07 01:00,53.299
142,28.07 02:00,51.421
142,28.07 03:00,52.471
142,28.07 04:00,51.35
142,28.07 05:00,53.05
142,28.07 06:00,52.225
142,28.07 07:00,67.98
142,28.07 08:00,69.939
142,28.07 09:00,83.721
142,28.07 10:00,96.65
142,28.07 11:00,100.281
142,28.07 12:00,99.576
142,28.07 13:00,97.178
142,28.07 14:00,93.375
142,28.07 15:00,94.634
142,28.07 16:00,94.803
142,28.07 17:00,81.687
142,28.07 18:00,66.266
142,28.07 19:00,56.285
142,28.07 20:00,44.948
142,28.07 21:00,43.932
142,28.07 22:00,43.158
142,28.07 23:00,43.149
142,29.07 00:00,44.119
142,29.07 01:00,45.36
142,29.07 02:00,45.519
142,29.07 03:00,44.247
142,29.07 04:00,43.901
142,29.07 05:00,42.834
142,29.07 06:00,46.125
142,29.07 07:00,56.519
142,29.07 08:00,57.376
142,29.07 09:00,73.698
142,29.07 10:00,87.489
142,29.07 11:00,94.732
142,29.07 12:00,98.12
142,29.07 13:00,90.878
142,29.07 14:00,83.882
142,29.07 15:00,87.749
142,29.07 16:00,84.757
142,29.07 17:00,72.005
142,29.07 18:00,55.21
142,29.07 19:00,50.706
142,29.07 20:00,48.433
142,29.07 21:00,45.063
142,29.07 22:00,43.401
142,29.07 23:00,42.743
142,30.07 00:00,44.56
142,30.07 01:00,45.618
142,30.07 02:00,45.034
142,30.07 03:00,43.382
142,30.07 04:00,42.523
142,30.07 05:00,42.447
142,30.07 06:00,43.012
142,30.07 07:00,42.57
142,30.07 08:00,40.875
142,30.07 09:00,38.989
142,30.07 10:00,39.05
142,30.07 11:00,39.61
142,30.07 12:00,40.631
142,30.07 13:00,41.618
142,30.07 14:00,42.973
142,30.07 15:00,44.763
142,30.07 16:00,44.551
142,30.07 17:00,45.911
142,30.07 18:00,46.528
142,30.07 19:00,46.808
142,30.07 20:00,47.289
142,30.07 21:00,46.292
142,30.07 22:00,42.675
142,30.07 23:00,44.106
142,31.07 00:00,46.007
142,31.07 01:00,46.855
142,31.07 02:00,45.573
142,31.07 03:00,44.234
142,31.07 04:00,42.92
142,31.07 05:00,42.577
142,31.07 06:00,44.617
142,31.07 07:00,43.255
142,31.07 08:00,42.242
142,31.07 09:00,40.528
142,31.07 10:00,41.281
142,31.07 11:00,42.109
142,31.07 12:00,43.486
142,31.07 13:00,45.148
142,31.07 14:00,46.568
142,31.07 15:00,45.721
142,31.07 16:00,46.844
142,31.07 17:00,47.409
142,31.07 18:00,47.138
142,31.07 19:00,46.832
142,31.07 20:00,46.996
142,31.07 21:00,47.475
142,31.07 22:00,49.057
142,31.07 23:00,47.841
142,01.08 00:00,47.948
142,01.08 01:00,49.549
142,01.08 02:00,47.743
142,01.08 03:00,45.804
142,01.08 04:00,45.299
142,01.08 05:00,44.553
142,01.08 06:00,49.728
142,01.08 07:00,61.934
142,01.08 08:00,60.001
142,01.08 09:00,70.649
142,01.08 10:00,85.587
142,01.08 11:00,89.844
142,01.08 12:00,93.2
142,01.08 13:00,90.321
142,01.08 14:00,91.926
142,01.08 15:00,93.508
142,01.08 16:00,91.36
142,01.08 17:00,79.581
142,01.08 18:00,64.099
142,01.08 19:00,57.004
142,01.08 20:00,50.036
142,01.08 21:00,47.236
142,01.08 22:00,48.308
142,01.08 23:00,47.781
142,02.08 00:00,48.557
142,02.08 01:00,50.159
142,02.08 02:00,49.682
142,02.08 03:00,46.69
142,02.08 04:00,46.446
142,02.08 05:00,44.859
142,02.08 06:00,46.792
142,02.08 07:00,57.717
142,02.08 08:00,58.905
142,02.08 09:00,71.845
142,02.08 10:00,84.905
142,02.08 11:00,94.98
142,02.08 12:00,94.986
142,02.08 13:00,96.359
142,02.08 14:00,99.133
142,02.08 15:00,97.755
142,02.08 16:00,96.258
142,02.08 17:00,88.497
142,02.08 18:00,73.562
142,02.08 19:00,66.503
142,02.08 20:00,56.904
142,02.08 21:00,54.339
142,02.08 22:00,53.82
142,02.08 23:00,51.683
142,03.08 00:00,53.528
142,03.08 01:00,53.406
142,03.08 02:00,52.679
142,03.08 03:00,50.897
142,03.08 04:00,49.836
142,03.08 05:00,49.041
142,03.08 06:00,49.413
142,03.08 07:00,59.45
142,03.08 08:00,59.217
142,03.08 09:00,69.884
142,03.08 10:00,79.768
142,03.08 11:00,87.48
142,03.08 12:00,94.551
142,03.08 13:00,96.623
142,03.08 14:00,101.791
142,03.08 15:00,103.227
142,03.08 16:00,98.452
142,03.08 17:00,91.964
142,03.08 18:00,75.303
142,03.08 19:00,72.566
142,03.08 20:00,63.918
142,03.08 21:00,61.058
142,03.08 22:00,60.598
142,03.08 23:00,63.799
142,04.08 00:00,66.273
142,04.08 01:00,66.448
142,04.08 02:00,63.365
142,04.08 03:00,57.582
142,04.08 04:00,54.726
142,04.08 05:00,55.098
142,04.08 06:00,55.165
142,04.08 07:00,62.325
142,04.08 08:00,62.284
142,04.08 09:00,74.204
142,04.08 10:00,90.372
142,04.08 11:00,91.001
142,04.08 12:00,91.475
142,04.08 13:00,95.663
142,04.08 14:00,95.35
142,04.08 15:00,93.455
142,04.08 16:00,94.178
142,04.08 17:00,85.543
142,04.08 18:00,71.077
142,04.08 19:00,65.248
142,04.08 20:00,56.042
142,04.08 21:00,53.883
142,04.08 22:00,51.183
142,04.08 23:00,50.28
142,05.08 00:00,51.211
142,05.08 01:00,52.477
142,05.08 02:00,51.181
142,05.08 03:00,48.906
142,05.08 04:00,47.747
142,05.08 05:00,52.2
142,05.08 06:00,52.24
142,05.08 07:00,64.251
142,05.08 08:00,63.432
142,05.08 09:00,74.482
142,05.08 10:00,80.241
142,05.08 11:00,91.2
142,05.08 12:00,91.51
142,05.08 13:00,89.036
142,05.08 14:00,89.31
142,05.08 15:00,86.8
142,05.08 16:00,82.456
142,05.08 17:00,71.345
142,05.08 18:00,55.308
142,05.08 19:00,51.499
142,05.08 20:00,48.509
142,05.08 21:00,47.523
142,05.08 22:00,44.832
142,05.08 23:00,43.928
142,06.08 00:00,45.874
142,06.08 01:00,46.688
142,06.08 02:00,46.412
142,06.08 03:00,43.904
142,06.08 04:00,46.864
142,06.08 05:00,46.388
142,06.08 06:00,47.684
142,06.08 07:00,45.998
142,06.08 08:00,45.217
142,06.08 09:00,43.863
142,06.08 10:00,40.799
142,06.08 11:00,42.446
142,06.08 12:00,41.277
142,06.08 13:00,41.405
142,06.08 14:00,41.643
142,06.08 15:00,42.526
142,06.08 16:00,42.478
142,06.08 17:00,44.1
142,06.08 18:00,44.41
142,06.08 19:00,45.452
142,06.08 20:00,45.266
142,06.08 21:00,44.007
142,06.08 22:00,43.768
142,06.08 23:00,43.24
142,07.08 00:00,45.002
142,07.08 01:00,46.585
142,07.08 02:00,45.173
142,07.08 03:00,43.062
142,07.08 04:00,43.98
142,07.08 05:00,46.144
142,07.08 06:00,46.554
142,07.08 07:00,45.181
142,07.08 08:00,44.332
142,07.08 09:00,40.844
142,07.08 10:00,39.885
142,07.08 11:00,42.084
142,07.08 12:00,42.605
142,07.08 13:00,43.009
142,07.08 14:00,43.98
142,07.08 15:00,42.666
142,07.08 16:00,43.605
142,07.08 17:00,43.147
142,07.08 18:00,43.81
142,07.08 19:00,45.393
142,07.08 20:00,44.295
142,07.08 21:00,46.504
142,07.08 22:00,47.102
142,07.08 23:00,46.563
142,08.08 00:00,48.552
142,08.08 01:00,49.621
142,08.08 02:00,47.86
142,08.08 03:00,46.106
142,08.08 04:00,44.946
142,08.08 05:00,45.064
142,08.08 06:00,50.152
142,08.08 07:00,63.112
142,08.08 08:00,64.821
142,08.08 09:00,73.589
142,08.08 10:00,80.164
142,08.08 11:00,85.341
142,08.08 12:00,88.498
142,08.08 13:00,85.74
142,08.08 14:00,93.39
142,08.08 15:00,96.898
142,08.08 16:00,96.297
142,08.08 17:00,87.748
142,08.08 18:00,66.339
142,08.08 19:00,58.376
142,08.08 20:00,50.066
142,08.08 21:00,48.133
142,08.08 22:00,47.974
142,08.08 23:00,46.696
142,09.08 00:00,49.195
142,09.08 01:00,49.183
142,09.08 02:00,48.4
142,09.08 03:00,46.497
142,09.08 04:00,46.049
142,09.08 05:00,45.281
142,09.08 06:00,47.051
142,09.08 07:00,60.68
142,09.08 08:00,59.523
142,09.08 09:00,70.219
142,09.08 10:00,79.397
142,09.08 11:00,91.996
142,09.08 12:00,96.355
142,09.08 13:00,87.699
142,09.08 14:00,90.918
142,09.08 15:00,94.233
142,09.08 16:00,97.916
142,09.08 17:00,89.284
142,09.08 18:00,78.197
142,09.08 19:00,68.53
142,09.08 20:00,56.789
142,09.08 21:00,54.228
142,09.08 22:00,51.696
142,09.08 23:00,50.809
142,10.08 00:00,51.108
142,10.08 01:00,51.684
142,10.08 02:00,50.486
142,10.08 03:00,48.14
142,10.08 04:00,46.745
142,10.08 05:00,46.291
142,10.08 06:00,48.119
142,10.08 07:00,60.198
142,10.08 08:00,59.059
142,10.08 09:00,77.53
142,10.08 10:00,80.804
142,10.08 11:00,95.739
142,10.08 12:00,96.863
142,10.08 13:00,99.864
142,10.08 14:00,97.601
142,10.08 15:00,105.663
142,10.08 16:00,107.055
142,10.08 17:00,93.287
142,10.08 18:00,77.144
142,10.08 19:00,61.828
142,10.08 20:00,53.523
142,10.08 21:00,51.532
142,10.08 22:00,41.877
142,10.08 23:00,43.02
142,11.08 00:00,41.983
142,11.08 01:00,46.217
142,11.08 02:00,47.236
142,11.08 03:00,44.754
142,11.08 04:00,42.785
142,11.08 05:00,41.115
142,11.08 06:00,41.561
142,11.08 07:00,60.105
142,11.08 08:00,57.116
142,11.08 09:00,69.633
142,11.08 10:00,80.875
142,11.08 11:00,88.182
142,11.08 12:00,88.152
142,11.08 13:00,87.691
142,11.08 14:00,87.865
142,11.08 15:00,91.779
142,11.08 16:00,95.305
142,11.08 17:00,81.268
142,11.08 18:00,73.401
142,11.08 19:00,61.768
142,11.08 20:00,49.376
142,11.08 21:00,47.722
142,11.08 22:00,46.863
142,11.08 23:00,45.874
142,12.08 00:00,45.302
142,12.08 01:00,46.246
142,12.08 02:00,43.066
142,12.08 03:00,42.284
142,12.08 04:00,43.301
142,12.08 05:00,44.672
142,12.08 06:00,43.981
142,12.08 07:00,57.94
142,12.08 08:00,56.986
142,12.08 09:00,72.788
142,12.08 10:00,82.611
142,12.08 11:00,86.691
142,12.08 12:00,92.461
142,12.08 13:00,87.008
142,12.08 14:00,86.348
142,12.08 15:00,86.603
142,12.08 16:00,80.818
142,12.08 17:00,66.138
142,12.08 18:00,48.671
142,12.08 19:00,42.606
142,12.08 20:00,39.719
142,12.08 21:00,40.685
142,12.08 22:00,40.78
142,12.08 23:00,41.117
142,13.08 00:00,40.817
142,13.08 01:00,42.726
142,13.08 02:00,41.342
142,13.08 03:00,39.897
142,13.08 04:00,39.354
142,13.08 05:00,41.285
142,13.08 06:00,42.934
142,13.08 07:00,43.111
142,13.08 08:00,42.585
142,13.08 09:00,42.058
142,13.08 10:00,38.205
142,13.08 11:00,38.779
142,13.08 12:00,39.475
142,13.08 13:00,39.245
142,13.08 14:00,39.586
142,13.08 15:00,41.281
142,13.08 16:00,41.264
142,13.08 17:00,41.395
142,13.08 18:00,41.334
142,13.08 19:00,41.448
142,13.08 20:00,40.759
142,13.08 21:00,40.411
142,13.08 22:00,40.55
142,13.08 23:00,40.073
142,14.08 00:00,40.367
142,14.08 01:00,41.986
142,14.08 02:00,41.189
142,14.08 03:00,39.59
142,14.08 04:00,41.723
142,14.08 05:00,42.305
142,14.08 06:00,42.734
142,14.08 07:00,42.618
142,14.08 08:00,42.025
142,14.08 09:00,42.031
142,14.08 10:00,37.665
142,14.08 11:00,37.848
142,14.08 12:00,38.525
142,14.08 13:00,38.709
142,14.08 14:00,38.739
142,14.08 15:00,38.812
142,14.08 16:00,40.043
142,14.08 17:00,39.964
142,14.08 18:00,40.844
142,14.08 19:00,41.601
142,14.08 20:00,41.559
142,14.08 21:00,41.134
142,14.08 22:00,40.422
142,14.08 23:00,40.033
142,15.08 00:00,40.187
142,15.08 01:00,41.654
142,15.08 02:00,41.126
142,15.08 03:00,39.022
142,15.08 04:00,38.868
142,15.08 05:00,38.609
142,15.08 06:00,46.847
142,15.08 07:00,57.758
142,15.08 08:00,61.49
142,15.08 09:00,70.367
142,15.08 10:00,81.916
142,15.08 11:00,86.865
142,15.08 12:00,84.58
142,15.08 13:00,87.284
142,15.08 14:00,85.116
142,15.08 15:00,90.43
142,15.08 16:00,91.863
142,15.08 17:00,81.338
142,15.08 18:00,67.905
142,15.08 19:00,59.984
142,15.08 20:00,51.712
142,15.08 21:00,49.298
142,15.08 22:00,48.203
142,15.08 23:00,46.593
142,16.08 00:00,45.708
142,16.08 01:00,48.176
142,16.08 02:00,47.651
142,16.08 03:00,45.065
142,16.08 04:00,44.491
142,16.08 05:00,44.365
142,16.08 06:00,44.609
142,16.08 07:00,57.068
142,16.08 08:00,60.426
142,16.08 09:00,70.0
142,16.08 10:00,81.437
142,16.08 11:00,90.331
142,16.08 12:00,94.092
142,16.08 13:00,95.966
142,16.08 14:00,95.732
142,16.08 15:00,96.536
142,16.08 16:00,94.841
142,16.08 17:00,86.143
142,16.08 18:00,68.442
142,16.08 19:00,55.873
142,16.08 20:00,41.148
142,16.08 21:00,37.595
142,16.08 22:00,37.303
142,16.08 23:00,37.036
142,17.08 00:00,37.103
142,17.08 01:00,40.911
142,17.08 02:00,40.737
142,17.08 03:00,39.824
142,17.08 04:00,39.462
142,17.08 05:00,39.141
142,17.08 06:00,39.77
142,17.08 07:00,64.404
142,17.08 08:00,61.633
142,17.08 09:00,70.978
142,17.08 10:00,83.402
142,17.08 11:00,93.525
142,17.08 12:00,94.988
142,17.08 13:00,93.646
142,17.08 14:00,94.602
142,17.08 15:00,97.208
142,17.08 16:00,97.703
142,17.08 17:00,83.326
142,17.08 18:00,65.291
142,17.08 19:00,57.225
142,17.08 20:00,44.461
142,17.08 21:00,40.9
142,17.08 22:00,38.667
142,17.08 23:00,38.506
142,18.08 00:00,38.504
142,18.08 01:00,41.06
142,18.08 02:00,40.224
142,18.08 03:00,38.22
142,18.08 04:00,37.779
142,18.08 05:00,37.537
142,18.08 06:00,38.231
142,18.08 07:00,64.587
142,18.08 08:00,63.831
142,18.08 09:00,78.773
142,18.08 10:00,89.722
142,18.08 11:00,92.636
142,18.08 12:00,94.27
142,18.08 13:00,94.471
142,18.08 14:00,95.347
142,18.08 15:00,94.718
142,18.08 16:00,91.472
142,18.08 17:00,77.794
142,18.08 18:00,62.314
142,18.08 19:00,53.072
142,18.08 20:00,39.338
142,18.08 21:00,39.367
142,18.08 22:00,37.527
142,18.08 23:00,35.355
142,19.08 00:00,36.024
142,19.08 01:00,37.783
142,19.08 02:00,37.234
142,19.08 03:00,35.242
142,19.08 04:00,37.971
142,19.08 05:00,34.946
142,19.08 06:00,36.576
142,19.08 07:00,62.512
142,19.08 08:00,61.115
142,19.08 09:00,72.072
142,19.08 10:00,84.287
142,19.08 11:00,91.516
142,19.08 12:00,87.414
142,19.08 13:00,84.394
142,19.08 14:00,87.39
142,19.08 15:00,87.047
142,19.08 16:00,81.32
142,19.08 17:00,69.521
142,19.08 18:00,52.909
142,19.08 19:00,37.979
142,19.08 20:00,37.131
142,19.08 21:00,39.546
142,19.08 22:00,41.47
142,19.08 23:00,39.351
142,20.08 00:00,38.586
142,20.08 01:00,41.213
142,20.08 02:00,40.163
142,20.08 03:00,38.357
142,20.08 04:00,37.903
142,20.08 05:00,37.997
142,20.08 06:00,37.731
142,20.08 07:00,39.25
142,20.08 08:00,38.303
142,20.08 09:00,37.856
142,20.08 10:00,35.796
142,20.08 11:00,35.955
142,20.08 12:00,35.695
142,20.08 13:00,34.85
142,20.08 14:00,35.024
142,20.08 15:00,35.369
142,20.08 16:00,35.673
142,20.08 17:00,36.572
142,20.08 18:00,35.563
142,20.08 19:00,37.289
142,20.08 20:00,36.198
142,20.08 21:00,37.714
142,20.08 22:00,38.016
142,20.08 23:00,37.606
142,21.08 00:00,37.802
142,21.08 01:00,40.261
142,21.08 02:00,40.092
142,21.08 03:00,37.114
142,21.08 04:00,37.126
142,21.08 05:00,37.528
142,21.08 06:00,37.161
142,21.08 07:00,37.788
142,21.08 08:00,37.285
142,21.08 09:00,37.408
142,21.08 10:00,36.408
142,21.08 11:00,36.993
142,21.08 12:00,37.854
142,21.08 13:00,35.138
142,21.08 14:00,33.971
142,21.08 15:00,33.63
142,21.08 16:00,33.658
142,21.08 17:00,34.44
142,21.08 18:00,34.328
142,21.08 19:00,35.138
142,21.08 20:00,35.34
142,21.08 21:00,36.462
142,21.08 22:00,36.764
142,21.08 23:00,37.929
142,22.08 00:00,38.862
142,22.08 01:00,41.986
142,22.08 02:00,42.321
142,22.08 03:00,38.423
142,22.08 04:00,38.062
142,22.08 05:00,37.182
142,22.08 06:00,40.044
142,22.08 07:00,65.414
142,22.08 08:00,67.413
142,22.08 09:00,82.495
142,22.08 10:00,87.483
142,22.08 11:00,86.422
142,22.08 12:00,84.779
142,22.08 13:00,84.827
142,22.08 14:00,92.406
142,22.08 15:00,94.095
142,22.08 16:00,90.5
142,22.08 17:00,81.592
142,22.08 18:00,70.326
142,22.08 19:00,59.622
142,22.08 20:00,37.312
142,22.08 21:00,35.353
142,22.08 22:00,36.09
142,22.08 23:00,35.032
142,23.08 00:00,34.932
142,23.08 01:00,40.127
142,23.08 02:00,38.479
142,23.08 03:00,37.373
142,23.08 04:00,37.86
142,23.08 05:00,36.905
142,23.08 06:00,38.456
142,23.08 07:00,66.377
142,23.08 08:00,66.557
142,23.08 09:00,80.356
142,23.08 10:00,89.4
142,23.08 11:00,96.618
142,23.08 12:00,91.995
142,23.08 13:00,91.561
142,23.08 14:00,90.203
142,23.08 15:00,89.646
142,23.08 16:00,90.364
142,23.08 17:00,79.725
142,23.08 18:00,66.205
142,23.08 19:00,57.244
142,23.08 20:00,37.862
142,23.08 21:00,37.282
142,23.08 22:00,36.589
142,23.08 23:00,36.37
142,24.08 00:00,36.136
142,24.08 01:00,37.002
142,24.08 02:00,37.965
142,24.08 03:00,36.716
142,24.08 04:00,36.065
142,24.08 05:00,36.377
142,24.08 06:00,36.723
142,24.08 07:00,66.953
142,24.08 08:00,66.291
142,24.08 09:00,84.913
142,24.08 10:00,81.857
142,24.08 11:00,87.596
142,24.08 12:00,89.927
142,24.08 13:00,89.071
142,24.08 14:00,87.473
142,24.08 15:00,81.897
142,24.08 16:00,81.073
142,24.08 17:00,75.493
142,24.08 18:00,63.382
142,24.08 19:00,55.545
142,24.08 20:00,40.029
142,24.08 21:00,40.622
142,24.08 22:00,38.787
142,24.08 23:00,37.854
142,25.08 00:00,38.127
142,25.08 01:00,38.303
142,25.08 02:00,38.93
142,25.08 03:00,37.817
142,25.08 04:00,37.787
142,25.08 05:00,37.832
142,25.08 06:00,38.439
142,25.08 07:00,72.713
142,25.08 08:00,71.664
142,25.08 09:00,82.019
142,25.08 10:00,87.632
142,25.08 11:00,82.902
142,25.08 12:00,84.65
142,25.08 13:00,84.602
142,25.08 14:00,82.322
142,25.08 15:00,79.517
142,25.08 16:00,79.469
142,25.08 17:00,78.098
142,25.08 18:00,69.339
142,25.08 19:00,60.294
142,25.08 20:00,37.71
142,25.08 21:00,36.986
142,25.08 22:00,37.271
142,25.08 23:00,36.519
142,26.08 00:00,37.214
142,26.08 01:00,37.055
142,26.08 02:00,37.102
142,26.08 03:00,36.907
142,26.08 04:00,36.841
142,26.08 05:00,37.14
142,26.08 06:00,37.028
142,26.08 07:00,69.092
142,26.08 08:00,68.753
142,26.08 09:00,79.905
142,26.08 10:00,95.535
142,26.08 11:00,88.45
142,26.08 12:00,81.994
142,26.08 13:00,82.089
142,26.08 14:00,83.273
142,26.08 15:00,81.488
142,26.08 16:00,83.674
142,26.08 17:00,79.892
142,26.08 18:00,60.597
142,26.08 19:00,43.984
142,26.08 20:00,37.162
142,26.08 21:00,37.964
142,26.08 22:00,37.727
142,26.08 23:00,37.941
142,27.08 00:00,37.587
142,27.08 01:00,38.848
142,27.08 02:00,37.385
142,27.08 03:00,38.669
142,27.08 04:00,37.401
142,27.08 05:00,37.726
142,27.08 06:00,37.982
142,27.08 07:00,37.435
142,27.08 08:00,37.081
142,27.08 09:00,36.017
142,27.08 10:00,37.63
142,27.08 11:00,40.237
142,27.08 12:00,36.544
142,27.08 13:00,36.419
142,27.08 14:00,36.319
142,27.08 15:00,35.856
142,27.08 16:00,37.454
142,27.08 17:00,38.727
142,27.08 18:00,38.48
142,27.08 19:00,38.017
142,27.08 20:00,37.908
142,27.08 21:00,39.632
142,27.08 22:00,40.084
142,27.08 23:00,39.432
142,28.08 00:00,39.626
142,28.08 01:00,40.526
142,28.08 02:00,39.843
142,28.08 03:00,39.146
142,28.08 04:00,39.281
142,28.08 05:00,39.585
142,28.08 06:00,39.454
142,28.08 07:00,39.574
142,28.08 08:00,37.511
142,28.08 09:00,37.362
142,28.08 10:00,36.885
142,28.08 11:00,50.546
142,28.08 12:00,47.57
142,28.08 13:00,49.98
142,28.08 14:00,49.814
142,28.08 15:00,48.113
142,28.08 16:00,44.924
142,28.08 17:00,39.726
142,28.08 18:00,39.574
142,28.08 19:00,41.355
142,28.08 20:00,42.086
142,28.08 21:00,42.249
142,28.08 22:00,40.113
142,28.08 23:00,40.323
142,29.08 00:00,40.08
142,29.08 01:00,40.537
142,29.08 02:00,40.094
142,29.08 03:00,39.995
142,29.08 04:00,39.655
142,29.08 05:00,39.366
142,29.08 06:00,50.316
142,29.08 07:00,78.083
142,29.08 08:00,80.103
142,29.08 09:00,90.886
142,29.08 10:00,98.206
142,29.08 11:00,105.879
142,29.08 12:00,109.534
142,29.08 13:00,106.343
142,29.08 14:00,105.837
142,29.08 15:00,102.145
142,29.08 16:00,104.124
142,29.08 17:00,100.473
142,29.08 18:00,84.524
142,29.08 19:00,73.523
142,29.08 20:00,42.881
142,29.08 21:00,40.904
142,29.08 22:00,40.291
142,29.08 23:00,39.172
142,30.08 00:00,39.251
142,30.08 01:00,38.665
142,30.08 02:00,38.618
142,30.08 03:00,38.289
142,30.08 04:00,37.589
142,30.08 05:00,38.161
142,30.08 06:00,37.757
142,30.08 07:00,76.956
142,30.08 08:00,78.96
142,30.08 09:00,93.088
142,30.08 10:00,100.615
142,30.08 11:00,111.581
142,30.08 12:00,108.008
142,30.08 13:00,104.913
142,30.08 14:00,102.5
142,30.08 15:00,109.291
142,30.08 16:00,110.678
142,30.08 17:00,96.009
142,30.08 18:00,80.937
142,30.08 19:00,74.937
142,30.08 20:00,48.259
142,30.08 21:00,44.726
142,30.08 22:00,42.599
142,30.08 23:00,41.525
142,31.08 00:00,40.74
142,31.08 01:00,40.387
142,31.08 02:00,40.482
142,31.08 03:00,40.489
142,31.08 04:00,36.982
142,31.08 05:00,37.669
142,31.08 06:00,37.943
142,31.08 07:00,74.749
142,31.08 08:00,78.364
142,31.08 09:00,89.172
142,31.08 10:00,96.559
142,31.08 11:00,94.333
142,31.08 12:00,97.466
142,31.08 13:00,101.693
142,31.08 14:00,112.558
142,31.08 15:00,111.017
142,31.08 16:00,111.434
142,31.08 17:00,92.811
142,31.08 18:00,80.567
142,31.08 19:00,77.815
142,31.08 20:00,50.907
142,31.08 21:00,47.163
142,31.08 22:00,43.77
142,31.08 23:00,43.805
142,01.09 00:00,44.232
142,01.09 01:00,43.63
142,01.09 02:00,42.777
142,01.09 03:00,41.029
142,01.09 04:00,39.686
142,01.09 05:00,39.121
142,01.09 06:00,39.933
142,01.09 07:00,77.371
142,01.09 08:00,76.383
142,01.09 09:00,86.174
142,01.09 10:00,97.169
142,01.09 11:00,92.973
142,01.09 12:00,92.504
142,01.09 13:00,100.581
142,01.09 14:00,109.783
142,01.09 15:00,112.557
142,01.09 16:00,96.431
142,01.09 17:00,81.704
142,01.09 18:00,67.041
142,01.09 19:00,60.222
142,01.09 20:00,39.103
142,01.09 21:00,39.878
142,01.09 22:00,39.324
142,01.09 23:00,38.197
142,02.09 00:00,36.815
142,02.09 01:00,38.122
142,02.09 02:00,37.051
142,02.09 03:00,35.54
142,02.09 04:00,36.424
142,02.09 05:00,36.091
142,02.09 06:00,35.696
142,02.09 07:00,73.274
142,02.09 08:00,73.317
142,02.09 09:00,82.568
142,02.09 10:00,90.715
142,02.09 11:00,96.34
142,02.09 12:00,88.518
142,02.09 13:00,83.672
142,02.09 14:00,83.708
142,02.09 15:00,77.672
142,02.09 16:00,72.955
142,02.09 17:00,72.039
142,02.09 18:00,57.36
142,02.09 19:00,42.23
142,02.09 20:00,34.027
142,02.09 21:00,35.19
142,02.09 22:00,38.312
142,02.09 23:00,37.45
142,03.09 00:00,37.066
142,03.09 01:00,38.636
142,03.09 02:00,38.073
142,03.09 03:00,36.15
142,03.09 04:00,35.963
142,03.09 05:00,35.63
142,03.09 06:00,35.274
142,03.09 07:00,37.093
142,03.09 08:00,36.554
142,03.09 09:00,35.954
142,03.09 10:00,33.689
142,03.09 11:00,34.737
142,03.09 12:00,34.425
142,03.09 13:00,34.679
142,03.09 14:00,34.028
142,03.09 15:00,32.941
142,03.09 16:00,33.701
142,03.09 17:00,33.643
142,03.09 18:00,32.467
142,03.09 19:00,31.913
142,03.09 20:00,32.528
142,03.09 21:00,33.32
142,03.09 22:00,37.375
142,03.09 23:00,37.388
142,04.09 00:00,37.8
142,04.09 01:00,38.967
142,04.09 02:00,38.495
142,04.09 03:00,36.174
142,04.09 04:00,35.834
142,04.09 05:00,36.165
142,04.09 06:00,36.782
142,04.09 07:00,39.471
142,04.09 08:00,38.779
142,04.09 09:00,36.168
142,04.09 10:00,34.452
142,04.09 11:00,34.389
142,04.09 12:00,34.961
142,04.09 13:00,34.593
142,04.09 14:00,34.933
142,04.09 15:00,34.66
142,04.09 16:00,34.797
142,04.09 17:00,34.6
142,04.09 18:00,34.747
142,04.09 19:00,34.8
142,04.09 20:00,35.566
142,04.09 21:00,36.647
142,04.09 22:00,36.563
142,04.09 23:00,36.315
142,05.09 00:00,36.103
142,05.09 01:00,38.609
142,05.09 02:00,38.363
142,05.09 03:00,36.108
142,05.09 04:00,36.349
142,05.09 05:00,36.196
142,05.09 06:00,47.906
142,05.09 07:00,54.026
142,05.09 08:00,48.312
142,05.09 09:00,43.495
142,05.09 10:00,41.52
142,05.09 11:00,42.679
142,05.09 12:00,42.74
142,05.09 13:00,42.787
142,05.09 14:00,41.907
142,05.09 15:00,41.794
142,05.09 16:00,40.682
142,05.09 17:00,40.129
142,05.09 18:00,39.568
142,05.09 19:00,36.555
142,05.09 20:00,33.03
142,05.09 21:00,33.771
142,05.09 22:00,33.577
142,05.09 23:00,32.819
142,06.09 00:00,33.258
142,06.09 01:00,36.076
142,06.09 02:00,35.383
142,06.09 03:00,33.261
142,06.09 04:00,33.117
142,06.09 05:00,33.196
142,06.09 06:00,33.939
142,06.09 07:00,76.415
142,06.09 08:00,90.486
142,06.09 09:00,109.105
142,06.09 10:00,116.597
142,06.09 11:00,125.634
142,06.09 12:00,133.772
142,06.09 13:00,127.783
142,06.09 14:00,142.64
142,06.09 15:00,123.983
142,06.09 16:00,128.079
142,06.09 17:00,113.702
142,06.09 18:00,94.037
142,06.09 19:00,79.244
142,06.09 20:00,44.659
142,06.09 21:00,40.213
142,06.09 22:00,38.613
142,06.09 23:00,38.903
142,07.09 00:00,38.745
142,07.09 01:00,41.688
142,07.09 02:00,41.023
142,07.09 03:00,39.145
142,07.09 04:00,38.14
142,07.09 05:00,38.517
142,07.09 06:00,40.356
142,07.09 07:00,90.803
142,07.09 08:00,93.824
142,07.09 09:00,108.151
142,07.09 10:00,120.926
142,07.09 11:00,131.262
142,07.09 12:00,133.095
142,07.09 13:00,132.829
142,07.09 14:00,133.422
142,07.09 15:00,130.006
142,07.09 16:00,124.103
142,07.09 17:00,104.64
142,07.09 18:00,92.726
142,07.09 19:00,81.01
142,07.09 20:00,60.528
142,07.09 21:00,51.71
142,07.09 22:00,48.569
142,07.09 23:00,46.669
142,08.09 00:00,46.342
142,08.09 01:00,47.895
142,08.09 02:00,47.916
142,08.09 03:00,46.774
142,08.09 04:00,44.824
142,08.09 05:00,44.757
142,08.09 06:00,48.321
142,08.09 07:00,72.996
142,08.09 08:00,78.529
142,08.09 09:00,101.445
142,08.09 10:00,117.763
142,08.09 11:00,131.763
142,08.09 12:00,127.495
142,08.09 13:00,122.292
142,08.09 14:00,122.374
142,08.09 15:00,121.237
142,08.09 16:00,112.993
142,08.09 17:00,101.388
142,08.09 18:00,81.416
142,08.09 19:00,67.481
142,08.09 20:00,51.269
142,08.09 21:00,50.12
142,08.09 22:00,47.824
142,08.09 23:00,46.649
142,09.09 00:00,47.104
142,09.09 01:00,49.212
142,09.09 02:00,50.457
142,09.09 03:00,47.942
142,09.09 04:00,47.248
142,09.09 05:00,48.063
142,09.09 06:00,48.39
142,09.09 07:00,72.884
142,09.09 08:00,71.13
142,09.09 09:00,84.721
142,09.09 10:00,100.105
142,09.09 11:00,111.983
142,09.09 12:00,114.636
142,09.09 13:00,103.953
142,09.09 14:00,98.898
142,09.09 15:00,100.744
142,09.09 16:00,97.738
142,09.09 17:00,81.554
142,09.09 18:00,60.949
142,09.09 19:00,47.535
142,09.09 20:00,45.714
142,09.09 21:00,44.601
142,09.09 22:00,44.984
142,09.09 23:00,47.284
142,10.09 00:00,47.56
142,10.09 01:00,48.958
142,10.09 02:00,49.231
142,10.09 03:00,48.175
142,10.09 04:00,46.497
142,10.09 05:00,46.994
142,10.09 06:00,46.884
142,10.09 07:00,47.133
142,10.09 08:00,46.897
142,10.09 09:00,48.334
142,10.09 10:00,48.653
142,10.09 11:00,46.791
142,10.09 12:00,46.073
142,10.09 13:00,44.429
142,10.09 14:00,42.565
142,10.09 15:00,40.378
142,10.09 16:00,40.057
142,10.09 17:00,40.728
142,10.09 18:00,41.476
142,10.09 19:00,41.759
142,10.09 20:00,40.735
142,10.09 21:00,41.229
142,10.09 22:00,42.529
142,10.09 23:00,43.671
142,11.09 00:00,43.581
142,11.09 01:00,45.068
142,11.09 02:00,45.463
142,11.09 03:00,43.03
142,11.09 04:00,42.884
142,11.09 05:00,43.078
142,11.09 06:00,42.251
142,11.09 07:00,44.051
142,11.09 08:00,43.855
142,11.09 09:00,44.163
142,11.09 10:00,42.409
142,11.09 11:00,40.208
142,11.09 12:00,38.67
142,11.09 13:00,38.821
142,11.09 14:00,38.121
142,11.09 15:00,38.25
142,11.09 16:00,39.026
142,11.09 17:00,40.426
142,11.09 18:00,41.119
142,11.09 19:00,41.906
142,11.09 20:00,40.992
142,11.09 21:00,41.277
142,11.09 22:00,40.398
142,11.09 23:00,40.561
142,12.09 00:00,40.39
142,12.09 01:00,42.619
142,12.09 02:00,45.282
142,12.09 03:00,43.039
142,12.09 04:00,42.418
142,12.09 05:00,42.001
142,12.09 06:00,48.659
142,12.09 07:00,70.322
142,12.09 08:00,68.866
142,12.09 09:00,90.801
142,12.09 10:00,107.34
142,12.09 11:00,112.758
142,12.09 12:00,107.115
142,12.09 13:00,116.171
142,12.09 14:00,119.237
142,12.09 15:00,115.234
142,12.09 16:00,108.312
142,12.09 17:00,97.278
142,12.09 18:00,77.082
142,12.09 19:00,66.513
142,12.09 20:00,49.676
142,12.09 21:00,46.649
142,12.09 22:00,44.488
142,12.09 23:00,43.428
142,13.09 00:00,46.582
142,13.09 01:00,47.501
142,13.09 02:00,47.447
142,13.09 03:00,45.324
142,13.09 04:00,44.518
142,13.09 05:00,46.477
142,13.09 06:00,50.56
142,13.09 07:00,73.539
142,13.09 08:00,70.592
142,13.09 09:00,88.647
142,13.09 10:00,113.483
142,13.09 11:00,129.958
142,13.09 12:00,129.115
142,13.09 13:00,123.524
142,13.09 14:00,120.975
142,13.09 15:00,124.739
142,13.09 16:00,115.416
142,13.09 17:00,105.119
142,13.09 18:00,80.467
142,13.09 19:00,63.041
142,13.09 20:00,52.138
142,13.09 21:00,48.998
142,13.09 22:00,47.725
142,13.09 23:00,45.691
142,14.09 00:00,44.811
142,14.09 01:00,47.266
142,14.09 02:00,47.294
142,14.09 03:00,45.852
142,14.09 04:00,47.638
142,14.09 05:00,47.207
142,14.09 06:00,49.274
142,14.09 07:00,67.264
142,14.09 08:00,60.902
142,14.09 09:00,83.461
142,14.09 10:00,90.91
142,14.09 11:00,106.989
142,14.09 12:00,111.332
142,14.09 13:00,113.843
142,14.09 14:00,118.634
142,14.09 15:00,110.015
142,14.09 16:00,104.935
142,14.09 17:00,96.719
142,14.09 18:00,83.317
142,14.09 19:00,76.259
142,14.09 20:00,48.416
142,14.09 21:00,41.913
142,14.09 22:00,39.698
142,14.09 23:00,38.52
142,15.09 00:00,37.727
142,15.09 01:00,40.08
142,15.09 02:00,39.723
142,15.09 03:00,37.93
142,15.09 04:00,37.375
142,15.09 05:00,36.96
142,15.09 06:00,40.558
142,15.09 07:00,63.369
142,15.09 08:00,62.814
142,15.09 09:00,84.017
142,15.09 10:00,103.973
142,15.09 11:00,118.141
142,15.09 12:00,118.039
142,15.09 13:00,115.081
142,15.09 14:00,111.759
142,15.09 15:00,111.646
142,15.09 16:00,107.673
142,15.09 17:00,95.462
142,15.09 18:00,78.261
142,15.09 19:00,73.174
142,15.09 20:00,51.951
142,15.09 21:00,47.411
142,15.09 22:00,45.112
142,15.09 23:00,42.4
142,16.09 00:00,42.494
142,16.09 01:00,43.604
142,16.09 02:00,43.214
142,16.09 03:00,40.582
142,16.09 04:00,40.704
142,16.09 05:00,39.982
142,16.09 06:00,41.501
142,16.09 07:00,67.396
142,16.09 08:00,69.102
142,16.09 09:00,79.809
142,16.09 10:00,95.007
142,16.09 11:00,104.384
142,16.09 12:00,106.67
142,16.09 13:00,106.04
142,16.09 14:00,100.543
142,16.09 15:00,96.778
142,16.09 16:00,94.676
142,16.09 17:00,85.581
142,16.09 18:00,60.044
142,16.09 19:00,47.434
142,16.09 20:00,41.649
142,16.09 21:00,40.7
142,16.09 22:00,39.194
142,16.09 23:00,38.989
142,17.09 00:00,39.323
142,17.09 01:00,41.272
142,17.09 02:00,40.372
142,17.09 03:00,38.116
142,17.09 04:00,37.753
142,17.09 05:00,37.576
142,17.09 06:00,37.223
142,17.09 07:00,37.163
142,17.09 08:00,37.145
142,17.09 09:00,37.211
142,17.09 10:00,51.831
142,17.09 11:00,66.333
142,17.09 12:00,63.171
142,17.09 13:00,59.196
142,17.09 14:00,57.439
142,17.09 15:00,56.131
142,17.09 16:00,55.876
142,17.09 17:00,56.015
142,17.09 18:00,47.578
142,17.09 19:00,36.642
142,17.09 20:00,38.151
142,17.09 21:00,37.555
142,17.09 22:00,38.018
142,17.09 23:00,37.929
142,18.09 00:00,37.941
142,18.09 01:00,40.093
142,18.09 02:00,40.238
142,18.09 03:00,37.693
142,18.09 04:00,37.655
142,18.09 05:00,37.421
142,18.09 06:00,37.294
142,18.09 07:00,37.569
142,18.09 08:00,37.424
142,18.09 09:00,37.339
142,18.09 10:00,53.717
142,18.09 11:00,54.626
142,18.09 12:00,53.74
142,18.09 13:00,55.124
142,18.09 14:00,54.971
142,18.09 15:00,56.016
142,18.09 16:00,57.987
142,18.09 17:00,55.874
142,18.09 18:00,44.379
142,18.09 19:00,36.099
142,18.09 20:00,38.004
142,18.09 21:00,38.029
142,18.09 22:00,37.867
142,18.09 23:00,37.53
142,19.09 00:00,38.409
142,19.09 01:00,39.996
142,19.09 02:00,40.278
142,19.09 03:00,37.888
142,19.09 04:00,37.552
142,19.09 05:00,40.284
142,19.09 06:00,53.011
142,19.09 07:00,75.62
142,19.09 08:00,71.499
142,19.09 09:00,83.758
142,19.09 10:00,105.769
142,19.09 11:00,116.886
142,19.09 12:00,120.237
142,19.09 13:00,120.969
142,19.09 14:00,120.979
142,19.09 15:00,117.683
142,19.09 16:00,116.499
142,19.09 17:00,110.801
142,19.09 18:00,90.777
142,19.09 19:00,74.041
142,19.09 20:00,42.866
142,19.09 21:00,39.828
142,19.09 22:00,39.73
142,19.09 23:00,39.405
142,20.09 00:00,39.072
142,20.09 01:00,40.96
142,20.09 02:00,40.971
142,20.09 03:00,38.573
142,20.09 04:00,38.851
142,20.09 05:00,38.486
142,20.09 06:00,41.493
142,20.09 07:00,74.306
142,20.09 08:00,69.291
142,20.09 09:00,83.734
142,20.09 10:00,105.466
142,20.09 11:00,118.505
142,20.09 12:00,119.511
142,20.09 13:00,116.965
142,20.09 14:00,118.258
142,20.09 15:00,126.342
142,20.09 16:00,104.178
142,20.09 17:00,107.303
142,20.09 18:00,89.538
142,20.09 19:00,74.768
142,20.09 20:00,45.626
142,20.09 21:00,42.148
142,20.09 22:00,39.606
142,20.09 23:00,39.671
142,21.09 00:00,38.778
142,21.09 01:00,41.81
142,21.09 02:00,40.935
142,21.09 03:00,39.287
142,21.09 04:00,39.095
142,21.09 05:00,39.511
142,21.09 06:00,41.531
142,21.09 07:00,77.603
142,21.09 08:00,72.392
142,21.09 09:00,84.56
142,21.09 10:00,103.207
142,21.09 11:00,113.859
142,21.09 12:00,117.319
142,21.09 13:00,117.022
142,21.09 14:00,114.886
142,21.09 15:00,112.625
142,21.09 16:00,107.874
142,21.09 17:00,99.573
142,21.09 18:00,85.215
142,21.09 19:00,73.375
142,21.09 20:00,52.19
142,21.09 21:00,44.695
142,21.09 22:00,43.093
142,21.09 23:00,42.335
142,22.09 00:00,41.973
142,22.09 01:00,43.288
142,22.09 02:00,43.442
142,22.09 03:00,42.046
142,22.09 04:00,41.12
142,22.09 05:00,41.008
142,22.09 06:00,43.588
142,22.09 07:00,68.53
142,22.09 08:00,67.868
142,22.09 09:00,87.976
142,22.09 10:00,102.711
142,22.09 11:00,114.438
142,22.09 12:00,119.743
142,22.09 13:00,116.943
142,22.09 14:00,112.699
142,22.09 15:00,113.953
142,22.09 16:00,108.069
142,22.09 17:00,96.727
142,22.09 18:00,78.798
142,22.09 19:00,65.526
142,22.09 20:00,48.05
142,22.09 21:00,44.566
142,22.09 22:00,41.055
142,22.09 23:00,37.045
142,23.09 00:00,36.281
142,23.09 01:00,38.141
142,23.09 02:00,38.076
142,23.09 03:00,36.066
142,23.09 04:00,35.773
142,23.09 05:00,35.57
142,23.09 06:00,37.434
142,23.09 07:00,65.367
142,23.09 08:00,70.898
142,23.09 09:00,79.865
142,23.09 10:00,89.104
142,23.09 11:00,97.131
142,23.09 12:00,107.337
142,23.09 13:00,112.694
142,23.09 14:00,111.65
142,23.09 15:00,104.621
142,23.09 16:00,106.326
142,23.09 17:00,89.834
142,23.09 18:00,58.633
142,23.09 19:00,45.644
142,23.09 20:00,38.85
142,23.09 21:00,37.9
142,23.09 22:00,40.172
142,23.09 23:00,37.541
142,24.09 00:00,37.835
142,24.09 01:00,40.698
142,24.09 02:00,39.056
142,24.09 03:00,38.095
142,24.09 04:00,37.322
142,24.09 05:00,37.226
142,24.09 06:00,37.268
142,24.09 07:00,36.992
142,24.09 08:00,54.961
142,24.09 09:00,56.786
142,24.09 10:00,54.33
142,24.09 11:00,54.136
142,24.09 12:00,53.712
142,24.09 13:00,53.234
142,24.09 14:00,53.727
142,24.09 15:00,53.338
142,24.09 16:00,52.737
142,24.09 17:00,53.284
142,24.09 18:00,45.165
142,24.09 19:00,35.693
142,24.09 20:00,37.05
142,24.09 21:00,37.597
142,24.09 22:00,37.128
142,24.09 23:00,36.981
142,25.09 00:00,37.125
142,25.09 01:00,39.41
142,25.09 02:00,39.266
142,25.09 03:00,37.203
142,25.09 04:00,36.746
142,25.09 05:00,36.924
142,25.09 06:00,36.867
142,25.09 07:00,36.922
142,25.09 08:00,36.989
142,25.09 09:00,36.787
142,25.09 10:00,36.899
142,25.09 11:00,37.014
142,25.09 12:00,36.744
142,25.09 13:00,37.009
142,25.09 14:00,36.793
142,25.09 15:00,36.784
142,25.09 16:00,36.79
142,25.09 17:00,36.778
142,25.09 18:00,45.595
142,25.09 19:00,36.632
142,25.09 20:00,38.359
142,25.09 21:00,37.888
142,25.09 22:00,36.974
142,25.09 23:00,36.673
142,26.09 00:00,36.966
142,26.09 01:00,38.917
142,26.09 02:00,38.509
142,26.09 03:00,36.337
142,26.09 04:00,36.352
142,26.09 05:00,35.961
142,26.09 06:00,43.653
142,26.09 07:00,74.286
142,26.09 08:00,65.391
142,26.09 09:00,87.13
142,26.09 10:00,104.44
142,26.09 11:00,114.885
142,26.09 12:00,121.774
142,26.09 13:00,120.766
142,26.09 14:00,122.469
142,26.09 15:00,116.655
142,26.09 16:00,113.617
142,26.09 17:00,98.966
142,26.09 18:00,79.494
142,26.09 19:00,69.486
142,26.09 20:00,47.053
142,26.09 21:00,42.021
142,26.09 22:00,40.181
142,26.09 23:00,40.282
142,27.09 00:00,41.047
142,27.09 01:00,41.993
142,27.09 02:00,42.099
142,27.09 03:00,39.839
142,27.09 04:00,39.866
142,27.09 05:00,39.433
142,27.09 06:00,40.152
142,27.09 07:00,65.676
142,27.09 08:00,63.459
142,27.09 09:00,82.16
142,27.09 10:00,103.564
142,27.09 11:00,119.141
142,27.09 12:00,121.392
142,27.09 13:00,118.577
142,27.09 14:00,115.784
142,27.09 15:00,115.72
142,27.09 16:00,105.755
142,27.09 17:00,98.606
142,27.09 18:00,83.227
142,27.09 19:00,68.222
142,27.09 20:00,44.102
142,27.09 21:00,39.114
142,27.09 22:00,37.843
142,27.09 23:00,35.85
142,28.09 00:00,35.979
142,28.09 01:00,38.117
142,28.09 02:00,38.112
142,28.09 03:00,35.698
142,28.09 04:00,35.999
142,28.09 05:00,35.811
142,28.09 06:00,36.203
142,28.09 07:00,57.892
142,28.09 08:00,64.691
142,28.09 09:00,79.286
142,28.09 10:00,99.085
142,28.09 11:00,109.933
142,28.09 12:00,117.602
142,28.09 13:00,119.642
142,28.09 14:00,120.274
142,28.09 15:00,114.673
142,28.09 16:00,106.275
142,28.09 17:00,94.611
142,28.09 18:00,83.246
142,28.09 19:00,69.796
142,28.09 20:00,52.003
142,28.09 21:00,45.048
142,28.09 22:00,40.295
142,28.09 23:00,39.397
142,29.09 00:00,38.945
142,29.09 01:00,40.934
142,29.09 02:00,40.337
142,29.09 03:00,39.217
142,29.09 04:00,38.059
142,29.09 05:00,37.74
142,29.09 06:00,38.659
142,29.09 07:00,59.603
142,29.09 08:00,60.449
142,29.09 09:00,82.173
142,29.09 10:00,100.951
142,29.09 11:00,120.209
142,29.09 12:00,122.805
142,29.09 13:00,117.481
142,29.09 14:00,110.726
142,29.09 15:00,115.329
142,29.09 16:00,94.745
142,29.09 17:00,92.029
142,29.09 18:00,78.584
142,29.09 19:00,70.176
142,29.09 20:00,48.003
142,29.09 21:00,43.44
142,29.09 22:00,40.609
142,29.09 23:00,35.51
142,30.09 00:00,35.105
142,30.09 01:00,36.773
142,30.09 02:00,36.634
142,30.09 03:00,33.857
142,30.09 04:00,34.014
142,30.09 05:00,34.136
142,30.09 06:00,35.011
142,30.09 07:00,57.19
142,30.09 08:00,63.467
142,30.09 09:00,74.565
142,30.09 10:00,86.949
142,30.09 11:00,96.769
142,30.09 12:00,103.078
142,30.09 13:00,106.738
142,30.09 14:00,96.141
142,30.09 15:00,93.892
142,30.09 16:00,86.327
142,30.09 17:00,73.55
142,30.09 18:00,50.117
142,30.09 19:00,40.281
142,30.09 20:00,37.388
142,30.09 21:00,36.035
142,30.09 22:00,33.869
142,30.09 23:00,33.716
