143,01.03 00:00,69.682
143,01.03 01:00,69.838
143,01.03 02:00,71.069
143,01.03 03:00,71.191
143,01.03 04:00,70.737
143,01.03 05:00,70.282
143,01.03 06:00,73.978
143,01.03 07:00,95.862
143,01.03 08:00,116.204
143,01.03 09:00,134.931
143,01.03 10:00,133.37
143,01.03 11:00,134.34
143,01.03 12:00,133.308
143,01.03 13:00,138.447
143,01.03 14:00,140.91
143,01.03 15:00,138.264
143,01.03 16:00,129.691
143,01.03 17:00,124.411
143,01.03 18:00,109.722
143,01.03 19:00,88.151
143,01.03 20:00,76.199
143,01.03 21:00,71.215
143,01.03 22:00,71.223
143,01.03 23:00,67.686
143,02.03 00:00,70.304
143,02.03 01:00,68.202
143,02.03 02:00,68.671
143,02.03 03:00,70.041
143,02.03 04:00,69.666
143,02.03 05:00,69.968
143,02.03 06:00,70.706
143,02.03 07:00,92.251
143,02.03 08:00,115.337
143,02.03 09:00,133.374
143,02.03 10:00,139.366
143,02.03 11:00,146.681
143,02.03 12:00,142.69
143,02.03 13:00,136.125
143,02.03 14:00,142.864
143,02.03 15:00,138.115
143,02.03 16:00,132.394
143,02.03 17:00,121.474
143,02.03 18:00,107.113
143,02.03 19:00,85.87
143,02.03 20:00,76.079
143,02.03 21:00,70.79
143,02.03 22:00,71.839
143,02.03 23:00,69.058
143,03.03 00:00,68.749
143,03.03 01:00,70.078
143,03.03 02:00,69.282
143,03.03 03:00,69.826
143,03.03 04:00,69.639
143,03.03 05:00,69.688
143,03.03 06:00,70.875
143,03.03 07:00,95.355
143,03.03 08:00,123.467
143,03.03 09:00,132.413
143,03.03 10:00,138.591
143,03.03 11:00,142.936
143,03.03 12:00,146.587
143,03.03 13:00,141.558
143,03.03 14:00,128.029
143,03.03 15:00,150.567
143,03.03 16:00,131.563
143,03.03 17:00,121.758
143,03.03 18:00,105.866
143,03.03 19:00,86.202
143,03.03 20:00,81.087
143,03.03 21:00,73.832
143,03.03 22:00,73.142
143,03.03 23:00,66.982
143,04.03 00:00,66.832
143,04.03 01:00,66.931
143,04.03 02:00,66.779
143,04.03 03:00,67.006
143,04.03 04:00,66.703
143,04.03 05:00,67.715
143,04.03 06:00,68.663
143,04.03 07:00,90.275
143,04.03 08:00,112.933
143,04.03 09:00,129.728
143,04.03 10:00,132.834
143,04.03 11:00,130.961
143,04.03 12:00,137.358
143,04.03 13:00,134.432
143,04.03 14:00,131.121
143,04.03 15:00,130.447
143,04.03 16:00,123.413
143,04.03 17:00,109.19
143,04.03 18:00,94.759
143,04.03 19:00,80.248
143,04.03 20:00,70.868
143,04.03 21:00,71.055
143,04.03 22:00,68.914
143,04.03 23:00,68.759
143,05.03 00:00,68.908
143,05.03 01:00,68.079
143,05.03 02:00,69.26
143,05.03 03:00,67.153
143,05.03 04:00,67.902
143,05.03 05:00,66.779
143,05.03 06:00,68.661
143,05.03 07:00,68.694
143,05.03 08:00,67.002
143,05.03 09:00,70.078
143,05.03 10:00,69.871
143,05.03 11:00,70.3
143,05.03 12:00,69.032
143,05.03 13:00,71.832
143,05.03 14:00,72.018
143,05.03 15:00,72.205
143,05.03 16:00,72.065
143,05.03 17:00,68.71
143,05.03 18:00,67.286
143,05.03 19:00,68.093
143,05.03 20:00,67.942
143,05.03 21:00,68.758
143,05.03 22:00,66.02
143,05.03 23:00,67.183
143,06.03 00:00,64.969
143,06.03 01:00,66.191
143,06.03 02:00,66.273
143,06.03 03:00,66.11
143,06.03 04:00,67.135
143,06.03 05:00,67.318
143,06.03 06:00,65.71
143,06.03 07:00,64.252
143,06.03 08:00,65.751
143,06.03 09:00,69.152
143,06.03 10:00,69.107
143,06.03 11:00,69.93
143,06.03 12:00,69.15
143,06.03 13:00,67.202
143,06.03 14:00,67.028
143,06.03 15:00,67.266
143,06.03 16:00,69.214
143,06.03 17:00,67.857
143,06.03 18:00,61.976
143,06.03 19:00,62.691
143,06.03 20:00,65.912
143,06.03 21:00,67.06
143,06.03 22:00,64.74
143,06.03 23:00,66.33
143,07.03 00:00,64.974
143,07.03 01:00,67.092
143,07.03 02:00,67.04
143,07.03 03:00,65.208
143,07.03 04:00,66.046
143,07.03 05:00,67.178
143,07.03 06:00,74.114
143,07.03 07:00,94.283
143,07.03 08:00,117.052
143,07.03 09:00,136.523
143,07.03 10:00,142.222
143,07.03 11:00,140.737
143,07.03 12:00,143.969
143,07.03 13:00,144.391
143,07.03 14:00,150.279
143,07.03 15:00,152.261
143,07.03 16:00,143.533
143,07.03 17:00,133.76
143,07.03 18:00,115.535
143,07.03 19:00,82.968
143,07.03 20:00,74.903
143,07.03 21:00,72.027
143,07.03 22:00,69.187
143,07.03 23:00,59.093
143,08.03 00:00,68.273
143,08.03 01:00,67.95
143,08.03 02:00,66.271
143,08.03 03:00,68.272
143,08.03 04:00,66.816
143,08.03 05:00,67.103
143,08.03 06:00,67.038
143,08.03 07:00,97.897
143,08.03 08:00,121.254
143,08.03 09:00,136.346
143,08.03 10:00,141.799
143,08.03 11:00,151.231
143,08.03 12:00,153.627
143,08.03 13:00,155.602
143,08.03 14:00,161.747
143,08.03 15:00,181.132
143,08.03 16:00,185.711
143,08.03 17:00,159.415
143,08.03 18:00,129.417
143,08.03 19:00,93.152
143,08.03 20:00,82.967
143,08.03 21:00,80.664
143,08.03 22:00,76.789
143,08.03 23:00,74.987
143,09.03 00:00,75.876
143,09.03 01:00,74.946
143,09.03 02:00,75.065
143,09.03 03:00,76.298
143,09.03 04:00,75.989
143,09.03 05:00,76.319
143,09.03 06:00,75.993
143,09.03 07:00,95.994
143,09.03 08:00,116.717
143,09.03 09:00,133.53
143,09.03 10:00,137.428
143,09.03 11:00,141.668
143,09.03 12:00,151.595
143,09.03 13:00,142.605
143,09.03 14:00,140.416
143,09.03 15:00,134.725
143,09.03 16:00,129.728
143,09.03 17:00,118.659
143,09.03 18:00,105.305
143,09.03 19:00,80.74
143,09.03 20:00,77.196
143,09.03 21:00,72.253
143,09.03 22:00,71.838
143,09.03 23:00,69.192
143,10.03 00:00,68.776
143,10.03 01:00,69.72
143,10.03 02:00,69.159
143,10.03 03:00,70.968
143,10.03 04:00,68.691
143,10.03 05:00,67.856
143,10.03 06:00,70.918
143,10.03 07:00,98.767
143,10.03 08:00,121.401
143,10.03 09:00,133.139
143,10.03 10:00,140.366
143,10.03 11:00,145.176
143,10.03 12:00,146.4
143,10.03 13:00,139.595
143,10.03 14:00,144.313
143,10.03 15:00,144.267
143,10.03 16:00,137.944
143,10.03 17:00,128.3
143,10.03 18:00,107.899
143,10.03 19:00,90.874
143,10.03 20:00,84.824
143,10.03 21:00,78.87
143,10.03 22:00,69.817
143,10.03 23:00,66.965
143,11.03 00:00,68.154
143,11.03 01:00,67.784
143,11.03 02:00,70.07
143,11.03 03:00,67.021
143,11.03 04:00,67.794
143,11.03 05:00,68.178
143,11.03 06:00,71.804
143,11.03 07:00,94.632
143,11.03 08:00,109.333
143,11.03 09:00,126.259
143,11.03 10:00,134.067
143,11.03 11:00,135.675
143,11.03 12:00,132.349
143,11.03 13:00,132.511
143,11.03 14:00,132.096
143,11.03 15:00,132.982
143,11.03 16:00,128.077
143,11.03 17:00,127.69
143,11.03 18:00,115.828
143,11.03 19:00,68.312
143,11.03 20:00,64.158
143,11.03 21:00,64.866
143,11.03 22:00,65.212
143,11.03 23:00,64.866
143,12.03 00:00,65.03
143,12.03 01:00,62.765
143,12.03 02:00,64.113
143,12.03 03:00,64.07
143,12.03 04:00,65.072
143,12.03 05:00,62.98
143,12.03 06:00,61.745
143,12.03 07:00,64.261
143,12.03 08:00,62.978
143,12.03 09:00,65.044
143,12.03 10:00,65.119
143,12.03 11:00,65.228
143,12.03 12:00,64.004
143,12.03 13:00,65.083
143,12.03 14:00,63.708
143,12.03 15:00,66.205
143,12.03 16:00,65.187
143,12.03 17:00,66.24
143,12.03 18:00,62.107
143,12.03 19:00,61.154
143,12.03 20:00,61.269
143,12.03 21:00,62.197
143,12.03 22:00,62.104
143,12.03 23:00,62.304
143,13.03 00:00,60.209
143,13.03 01:00,61.001
143,13.03 02:00,30.934
143,13.03 03:00,30.908
143,13.03 04:00,62.215
143,13.03 05:00,61.887
143,13.03 06:00,59.823
143,13.03 07:00,60.061
143,13.03 08:00,61.86
143,13.03 09:00,65.673
143,13.03 10:00,64.983
143,13.03 11:00,64.072
143,13.03 12:00,64.278
143,13.03 13:00,66.259
143,13.03 14:00,65.132
143,13.03 15:00,63.908
143,13.03 16:00,60.1
143,13.03 17:00,62.778
143,13.03 18:00,60.8
143,13.03 19:00,59.919
143,13.03 20:00,59.902
143,13.03 21:00,60.015
143,13.03 22:00,60.104
143,13.03 23:00,61.098
143,14.03 00:00,59.982
143,14.03 01:00,61.157
143,14.03 02:00,58.786
143,14.03 03:00,59.743
143,14.03 04:00,62.306
143,14.03 05:00,59.806
143,14.03 06:00,69.283
143,14.03 07:00,89.597
143,14.03 08:00,111.076
143,14.03 09:00,128.879
143,14.03 10:00,136.195
143,14.03 11:00,138.765
143,14.03 12:00,140.943
143,14.03 13:00,137.532
143,14.03 14:00,137.534
143,14.03 15:00,142.58
143,14.03 16:00,131.94
143,14.03 17:00,118.462
143,14.03 18:00,107.242
143,14.03 19:00,85.331
143,14.03 20:00,80.261
143,14.03 21:00,75.916
143,14.03 22:00,76.04
143,14.03 23:00,72.913
143,15.03 00:00,72.849
143,15.03 01:00,73.821
143,15.03 02:00,72.16
143,15.03 03:00,75.148
143,15.03 04:00,72.803
143,15.03 05:00,71.043
143,15.03 06:00,74.15
143,15.03 07:00,96.879
143,15.03 08:00,117.214
143,15.03 09:00,139.46
143,15.03 10:00,144.824
143,15.03 11:00,147.577
143,15.03 12:00,147.279
143,15.03 13:00,147.341
143,15.03 14:00,149.132
143,15.03 15:00,144.429
143,15.03 16:00,135.155
143,15.03 17:00,118.889
143,15.03 18:00,108.155
143,15.03 19:00,85.629
143,15.03 20:00,77.926
143,15.03 21:00,71.169
143,15.03 22:00,71.886
143,15.03 23:00,68.147
143,16.03 00:00,69.164
143,16.03 01:00,67.911
143,16.03 02:00,68.668
143,16.03 03:00,69.096
143,16.03 04:00,68.332
143,16.03 05:00,69.326
143,16.03 06:00,72.74
143,16.03 07:00,91.552
143,16.03 08:00,117.316
143,16.03 09:00,133.594
143,16.03 10:00,136.759
143,16.03 11:00,142.008
143,16.03 12:00,141.958
143,16.03 13:00,145.315
143,16.03 14:00,144.959
143,16.03 15:00,141.647
143,16.03 16:00,131.414
143,16.03 17:00,117.177
143,16.03 18:00,107.397
143,16.03 19:00,85.577
143,16.03 20:00,81.198
143,16.03 21:00,77.621
143,16.03 22:00,77.244
143,16.03 23:00,76.245
143,17.03 00:00,73.173
143,17.03 01:00,73.915
143,17.03 02:00,75.365
143,17.03 03:00,76.15
143,17.03 04:00,73.768
143,17.03 05:00,74.72
143,17.03 06:00,75.687
143,17.03 07:00,103.401
143,17.03 08:00,120.032
143,17.03 09:00,129.405
143,17.03 10:00,131.539
143,17.03 11:00,140.331
143,17.03 12:00,142.512
143,17.03 13:00,136.153
143,17.03 14:00,140.582
143,17.03 15:00,136.216
143,17.03 16:00,126.676
143,17.03 17:00,116.345
143,17.03 18:00,98.6
143,17.03 19:00,81.996
143,17.03 20:00,77.781
143,17.03 21:00,74.246
143,17.03 22:00,71.717
143,17.03 23:00,71.758
143,18.03 00:00,73.017
143,18.03 01:00,73.22
143,18.03 02:00,70.968
143,18.03 03:00,72.986
143,18.03 04:00,71.689
143,18.03 05:00,70.895
143,18.03 06:00,71.242
143,18.03 07:00,70.954
143,18.03 08:00,70.866
143,18.03 09:00,93.003
143,18.03 10:00,92.756
143,18.03 11:00,90.833
143,18.03 12:00,90.743
143,18.03 13:00,92.552
143,18.03 14:00,92.648
143,18.03 15:00,93.985
143,18.03 16:00,91.086
143,18.03 17:00,88.954
143,18.03 18:00,86.908
143,18.03 19:00,72.252
143,18.03 20:00,68.96
143,18.03 21:00,71.298
143,18.03 22:00,70.802
143,18.03 23:00,71.277
143,19.03 00:00,69.156
143,19.03 01:00,69.869
143,19.03 02:00,67.994
143,19.03 03:00,68.734
143,19.03 04:00,70.871
143,19.03 05:00,68.315
143,19.03 06:00,68.714
143,19.03 07:00,68.083
143,19.03 08:00,68.981
143,19.03 09:00,73.039
143,19.03 10:00,71.321
143,19.03 11:00,70.993
143,19.03 12:00,73.337
143,19.03 13:00,73.788
143,19.03 14:00,74.864
143,19.03 15:00,74.915
143,19.03 16:00,71.222
143,19.03 17:00,73.271
143,19.03 18:00,69.034
143,19.03 19:00,67.232
143,19.03 20:00,70.288
143,19.03 21:00,69.932
143,19.03 22:00,70.145
143,19.03 23:00,70.975
143,20.03 00:00,70.043
143,20.03 01:00,69.832
143,20.03 02:00,69.948
143,20.03 03:00,71.315
143,20.03 04:00,70.209
143,20.03 05:00,69.954
143,20.03 06:00,69.062
143,20.03 07:00,69.343
143,20.03 08:00,69.773
143,20.03 09:00,72.069
143,20.03 10:00,70.916
143,20.03 11:00,73.043
143,20.03 12:00,73.907
143,20.03 13:00,73.207
143,20.03 14:00,74.931
143,20.03 15:00,71.549
143,20.03 16:00,72.663
143,20.03 17:00,77.35
143,20.03 18:00,72.811
143,20.03 19:00,70.234
143,20.03 20:00,72.801
143,20.03 21:00,73.884
143,20.03 22:00,71.766
143,20.03 23:00,72.29
143,21.03 00:00,73.061
143,21.03 01:00,73.893
143,21.03 02:00,71.914
143,21.03 03:00,69.801
143,21.03 04:00,69.888
143,21.03 05:00,68.781
143,21.03 06:00,77.683
143,21.03 07:00,94.842
143,21.03 08:00,120.688
143,21.03 09:00,134.928
143,21.03 10:00,140.543
143,21.03 11:00,148.713
143,21.03 12:00,150.304
143,21.03 13:00,147.558
143,21.03 14:00,145.185
143,21.03 15:00,144.596
143,21.03 16:00,139.607
143,21.03 17:00,126.952
143,21.03 18:00,107.487
143,21.03 19:00,82.654
143,21.03 20:00,76.032
143,21.03 21:00,71.818
143,21.03 22:00,70.075
143,21.03 23:00,68.934
143,22.03 00:00,68.952
143,22.03 01:00,68.876
143,22.03 02:00,69.264
143,22.03 03:00,67.217
143,22.03 04:00,67.205
143,22.03 05:00,67.953
143,22.03 06:00,70.293
143,22.03 07:00,95.779
143,22.03 08:00,116.893
143,22.03 09:00,137.382
143,22.03 10:00,143.488
143,22.03 11:00,143.602
143,22.03 12:00,147.632
143,22.03 13:00,150.266
143,22.03 14:00,151.498
143,22.03 15:00,145.208
143,22.03 16:00,135.699
143,22.03 17:00,128.486
143,22.03 18:00,116.554
143,22.03 19:00,89.098
143,22.03 20:00,79.811
143,22.03 21:00,76.065
143,22.03 22:00,73.804
143,22.03 23:00,73.681
143,23.03 00:00,74.282
143,23.03 01:00,73.925
143,23.03 02:00,75.235
143,23.03 03:00,74.016
143,23.03 04:00,74.111
143,23.03 05:00,74.228
143,23.03 06:00,76.84
143,23.03 07:00,105.147
143,23.03 08:00,120.843
143,23.03 09:00,141.531
143,23.03 10:00,145.45
143,23.03 11:00,146.77
143,23.03 12:00,154.554
143,23.03 13:00,151.529
143,23.03 14:00,148.761
143,23.03 15:00,143.318
143,23.03 16:00,143.332
143,23.03 17:00,135.173
143,23.03 18:00,119.242
143,23.03 19:00,88.74
143,23.03 20:00,79.805
143,23.03 21:00,75.193
143,23.03 22:00,75.015
143,23.03 23:00,74.873
143,24.03 00:00,71.69
143,24.03 01:00,71.9
143,24.03 02:00,73.849
143,24.03 03:00,73.938
143,24.03 04:00,72.646
143,24.03 05:00,71.016
143,24.03 06:00,75.373
143,24.03 07:00,105.478
143,24.03 08:00,123.072
143,24.03 09:00,140.729
143,24.03 10:00,142.355
143,24.03 11:00,144.645
143,24.03 12:00,145.671
143,24.03 13:00,147.382
143,24.03 14:00,154.534
143,24.03 15:00,156.929
143,24.03 16:00,151.38
143,24.03 17:00,140.452
143,24.03 18:00,126.611
143,24.03 19:00,92.864
143,24.03 20:00,78.817
143,24.03 21:00,72.847
143,24.03 22:00,74.275
143,24.03 23:00,71.983
143,25.03 00:00,72.135
143,25.03 01:00,73.345
143,25.03 02:00,72.884
143,25.03 03:00,71.062
143,25.03 04:00,72.851
143,25.03 05:00,73.182
143,25.03 06:00,73.261
143,25.03 07:00,98.542
143,25.03 08:00,121.333
143,25.03 09:00,137.013
143,25.03 10:00,143.521
143,25.03 11:00,146.713
143,25.03 12:00,146.467
143,25.03 13:00,144.965
143,25.03 14:00,146.942
143,25.03 15:00,148.224
143,25.03 16:00,134.87
143,25.03 17:00,125.102
143,25.03 18:00,112.911
143,25.03 19:00,71.134
143,25.03 20:00,69.095
143,25.03 21:00,67.118
143,25.03 22:00,70.019
143,25.03 23:00,66.81
143,26.03 00:00,68.775
143,26.03 01:00,66.902
143,26.03 02:00,68.174
143,26.03 03:00,68.882
143,26.03 04:00,67.0
143,26.03 05:00,67.604
143,26.03 06:00,65.799
143,26.03 07:00,68.233
143,26.03 08:00,66.146
143,26.03 09:00,68.71
143,26.03 10:00,68.903
143,26.03 11:00,69.787
143,26.03 12:00,72.269
143,26.03 13:00,72.843
143,26.03 14:00,73.154
143,26.03 15:00,72.992
143,26.03 16:00,73.092
143,26.03 17:00,75.366
143,26.03 18:00,70.976
143,26.03 19:00,68.279
143,26.03 20:00,69.27
143,26.03 21:00,66.75
143,26.03 22:00,69.923
143,26.03 23:00,67.728
143,27.03 00:00,66.238
143,27.03 01:00,69.312
143,27.03 02:00,67.011
143,27.03 03:00,71.323
143,27.03 04:00,67.949
143,27.03 05:00,68.841
143,27.03 06:00,66.905
143,27.03 07:00,67.135
143,27.03 08:00,67.846
143,27.03 09:00,72.224
143,27.03 10:00,69.89
143,27.03 11:00,71.116
143,27.03 12:00,71.074
143,27.03 13:00,71.293
143,27.03 14:00,70.272
143,27.03 15:00,71.796
143,27.03 16:00,70.722
143,27.03 17:00,73.743
143,27.03 18:00,69.002
143,27.03 19:00,66.737
143,27.03 20:00,67.123
143,27.03 21:00,69.164
143,27.03 22:00,68.325
143,27.03 23:00,67.661
143,28.03 00:00,67.899
143,28.03 01:00,68.861
143,28.03 02:00,66.737
143,28.03 03:00,69.084
143,28.03 04:00,68.815
143,28.03 05:00,69.24
143,28.03 06:00,75.139
143,28.03 07:00,100.122
143,28.03 08:00,125.185
143,28.03 09:00,141.621
143,28.03 10:00,149.526
143,28.03 11:00,155.135
143,28.03 12:00,152.386
143,28.03 13:00,153.37
143,28.03 14:00,152.195
143,28.03 15:00,153.712
143,28.03 16:00,148.47
143,28.03 17:00,139.16
143,28.03 18:00,122.856
143,28.03 19:00,81.222
143,28.03 20:00,73.866
143,28.03 21:00,67.285
143,28.03 22:00,66.815
143,28.03 23:00,68.083
143,29.03 00:00,67.245
143,29.03 01:00,65.034
143,29.03 02:00,70.086
143,29.03 03:00,71.073
143,29.03 04:00,70.215
143,29.03 05:00,70.301
143,29.03 06:00,70.939
143,29.03 07:00,100.303
143,29.03 08:00,125.738
143,29.03 09:00,142.655
143,29.03 10:00,146.197
143,29.03 11:00,147.817
143,29.03 12:00,146.131
143,29.03 13:00,143.199
143,29.03 14:00,146.174
143,29.03 15:00,149.628
143,29.03 16:00,147.563
143,29.03 17:00,137.838
143,29.03 18:00,118.627
143,29.03 19:00,83.866
143,29.03 20:00,78.638
143,29.03 21:00,69.741
143,29.03 22:00,69.033
143,29.03 23:00,67.909
143,30.03 00:00,67.995
143,30.03 01:00,71.748
143,30.03 02:00,70.233
143,30.03 03:00,70.098
143,30.03 04:00,70.881
143,30.03 05:00,73.348
143,30.03 06:00,71.669
143,30.03 07:00,96.688
143,30.03 08:00,124.581
143,30.03 09:00,145.126
143,30.03 10:00,141.805
143,30.03 11:00,146.646
143,30.03 12:00,153.584
143,30.03 13:00,151.214
143,30.03 14:00,148.936
143,30.03 15:00,141.784
143,30.03 16:00,136.084
143,30.03 17:00,125.438
143,30.03 18:00,109.466
143,30.03 19:00,86.175
143,30.03 20:00,79.73
143,30.03 21:00,74.714
143,30.03 22:00,76.968
143,30.03 23:00,74.345
143,31.03 00:00,74.333
143,31.03 01:00,73.803
143,31.03 02:00,75.144
143,31.03 03:00,74.953
143,31.03 04:00,75.102
143,31.03 05:00,74.871
143,31.03 06:00,77.187
143,31.03 07:00,102.713
143,31.03 08:00,123.699
143,31.03 09:00,134.082
143,31.03 10:00,143.604
143,31.03 11:00,142.194
143,31.03 12:00,141.264
143,31.03 13:00,142.439
143,31.03 14:00,146.611
143,31.03 15:00,141.554
143,31.03 16:00,127.398
143,31.03 17:00,122.143
143,31.03 18:00,114.32
143,31.03 19:00,89.036
143,31.03 20:00,80.633
143,31.03 21:00,70.969
143,31.03 22:00,71.258
143,31.03 23:00,70.971
143,01.04 00:00,69.247
143,01.04 01:00,69.009
143,01.04 02:00,71.044
143,01.04 03:00,70.867
143,01.04 04:00,67.949
143,01.04 05:00,69.884
143,01.04 06:00,72.056
143,01.04 07:00,99.007
143,01.04 08:00,121.445
143,01.04 09:00,128.083
143,01.04 10:00,131.756
143,01.04 11:00,133.629
143,01.04 12:00,131.224
143,01.04 13:00,127.361
143,01.04 14:00,131.61
143,01.04 15:00,127.815
143,01.04 16:00,118.278
143,01.04 17:00,109.848
143,01.04 18:00,97.417
143,01.04 19:00,75.3
143,01.04 20:00,68.705
143,01.04 21:00,69.166
143,01.04 22:00,71.202
143,01.04 23:00,71.127
143,02.04 00:00,67.722
143,02.04 01:00,69.34
143,02.04 02:00,70.101
143,02.04 03:00,68.971
143,02.04 04:00,68.982
143,02.04 05:00,68.661
143,02.04 06:00,68.254
143,02.04 07:00,66.763
143,02.04 08:00,67.247
143,02.04 09:00,72.225
143,02.04 10:00,68.83
143,02.04 11:00,68.693
143,02.04 12:00,70.162
143,02.04 13:00,68.329
143,02.04 14:00,66.272
143,02.04 15:00,67.334
143,02.04 16:00,61.793
143,02.04 17:00,65.264
143,02.04 18:00,62.286
143,02.04 19:00,58.929
143,02.04 20:00,61.7
143,02.04 21:00,63.247
143,02.04 22:00,62.097
143,02.04 23:00,63.088
143,03.04 00:00,61.044
143,03.04 01:00,62.821
143,03.04 02:00,60.788
143,03.04 03:00,62.19
143,03.04 04:00,61.849
143,03.04 05:00,62.03
143,03.04 06:00,62.144
143,03.04 07:00,60.745
143,03.04 08:00,62.222
143,03.04 09:00,64.241
143,03.04 10:00,66.012
143,03.04 11:00,64.98
143,03.04 12:00,63.842
143,03.04 13:00,63.314
143,03.04 14:00,62.002
143,03.04 15:00,60.78
143,03.04 16:00,62.221
143,03.04 17:00,60.902
143,03.04 18:00,59.154
143,03.04 19:00,57.007
143,03.04 20:00,58.889
143,03.04 21:00,61.262
143,03.04 22:00,60.767
143,03.04 23:00,60.851
143,04.04 00:00,59.729
143,04.04 01:00,60.846
143,04.04 02:00,58.925
143,04.04 03:00,61.252
143,04.04 04:00,61.882
143,04.04 05:00,61.193
143,04.04 06:00,67.743
143,04.04 07:00,91.233
143,04.04 08:00,110.835
143,04.04 09:00,134.803
143,04.04 10:00,134.425
143,04.04 11:00,137.467
143,04.04 12:00,140.693
143,04.04 13:00,136.402
143,04.04 14:00,133.344
143,04.04 15:00,136.751
143,04.04 16:00,130.194
143,04.04 17:00,116.625
143,04.04 18:00,105.263
143,04.04 19:00,81.81
143,04.04 20:00,76.933
143,04.04 21:00,69.862
143,04.04 22:00,69.295
143,04.04 23:00,68.993
143,05.04 00:00,68.16
143,05.04 01:00,67.017
143,05.04 02:00,66.718
143,05.04 03:00,68.191
143,05.04 04:00,68.057
143,05.04 05:00,68.302
143,05.04 06:00,68.795
143,05.04 07:00,96.06
143,05.04 08:00,117.489
143,05.04 09:00,131.63
143,05.04 10:00,136.255
143,05.04 11:00,136.226
143,05.04 12:00,142.225
143,05.04 13:00,137.028
143,05.04 14:00,141.348
143,05.04 15:00,133.7
143,05.04 16:00,130.523
143,05.04 17:00,117.464
143,05.04 18:00,103.298
143,05.04 19:00,83.07
143,05.04 20:00,81.816
143,05.04 21:00,72.36
143,05.04 22:00,62.802
143,05.04 23:00,64.915
143,06.04 00:00,62.228
143,06.04 01:00,63.238
143,06.04 02:00,63.937
143,06.04 03:00,62.233
143,06.04 04:00,61.802
143,06.04 05:00,64.189
143,06.04 06:00,64.084
143,06.04 07:00,88.972
143,06.04 08:00,113.877
143,06.04 09:00,128.079
143,06.04 10:00,133.226
143,06.04 11:00,136.497
143,06.04 12:00,141.302
143,06.04 13:00,137.707
143,06.04 14:00,136.168
143,06.04 15:00,131.37
143,06.04 16:00,129.17
143,06.04 17:00,120.666
143,06.04 18:00,104.973
143,06.04 19:00,80.323
143,06.04 20:00,73.112
143,06.04 21:00,68.292
143,06.04 22:00,68.089
143,06.04 23:00,64.704
143,07.04 00:00,64.749
143,07.04 01:00,65.127
143,07.04 02:00,64.686
143,07.04 03:00,66.325
143,07.04 04:00,63.798
143,07.04 05:00,65.878
143,07.04 06:00,67.899
143,07.04 07:00,95.705
143,07.04 08:00,112.486
143,07.04 09:00,129.753
143,07.04 10:00,135.879
143,07.04 11:00,140.206
143,07.04 12:00,140.38
143,07.04 13:00,141.142
143,07.04 14:00,145.552
143,07.04 15:00,139.639
143,07.04 16:00,134.128
143,07.04 17:00,123.511
143,07.04 18:00,109.727
143,07.04 19:00,88.336
143,07.04 20:00,81.784
143,07.04 21:00,78.982
143,07.04 22:00,78.155
143,07.04 23:00,75.063
143,08.04 00:00,66.149
143,08.04 01:00,66.302
143,08.04 02:00,69.248
143,08.04 03:00,67.267
143,08.04 04:00,66.966
143,08.04 05:00,68.237
143,08.04 06:00,69.258
143,08.04 07:00,89.897
143,08.04 08:00,109.601
143,08.04 09:00,128.105
143,08.04 10:00,132.751
143,08.04 11:00,135.898
143,08.04 12:00,137.336
143,08.04 13:00,132.423
143,08.04 14:00,135.046
143,08.04 15:00,128.434
143,08.04 16:00,121.711
143,08.04 17:00,115.525
143,08.04 18:00,93.578
143,08.04 19:00,71.114
143,08.04 20:00,68.108
143,08.04 21:00,65.966
143,08.04 22:00,63.118
143,08.04 23:00,62.769
143,09.04 00:00,62.712
143,09.04 01:00,63.017
143,09.04 02:00,63.806
143,09.04 03:00,63.845
143,09.04 04:00,63.281
143,09.04 05:00,62.132
143,09.04 06:00,63.029
143,09.04 07:00,63.906
143,09.04 08:00,62.3
143,09.04 09:00,65.01
143,09.04 10:00,62.75
143,09.04 11:00,65.052
143,09.04 12:00,65.184
143,09.04 13:00,67.239
143,09.04 14:00,64.011
143,09.04 15:00,64.934
143,09.04 16:00,65.84
143,09.04 17:00,67.149
143,09.04 18:00,62.928
143,09.04 19:00,61.998
143,09.04 20:00,63.092
143,09.04 21:00,65.161
143,09.04 22:00,65.235
143,09.04 23:00,62.888
143,10.04 00:00,64.008
143,10.04 01:00,65.072
143,10.04 02:00,66.004
143,10.04 03:00,63.936
143,10.04 04:00,63.867
143,10.04 05:00,63.795
143,10.04 06:00,64.164
143,10.04 07:00,64.28
143,10.04 08:00,62.147
143,10.04 09:00,67.277
143,10.04 10:00,66.253
143,10.04 11:00,68.269
143,10.04 12:00,67.976
143,10.04 13:00,66.009
143,10.04 14:00,63.748
143,10.04 15:00,63.896
143,10.04 16:00,65.255
143,10.04 17:00,65.767
143,10.04 18:00,59.76
143,10.04 19:00,60.17
143,10.04 20:00,58.104
143,10.04 21:00,63.906
143,10.04 22:00,63.883
143,10.04 23:00,64.728
143,11.04 00:00,63.289
143,11.04 01:00,62.882
143,11.04 02:00,63.215
143,11.04 03:00,64.962
143,11.04 04:00,63.796
143,11.04 05:00,63.771
143,11.04 06:00,69.766
143,11.04 07:00,93.958
143,11.04 08:00,113.046
143,11.04 09:00,126.764
143,11.04 10:00,137.641
143,11.04 11:00,140.352
143,11.04 12:00,145.503
143,11.04 13:00,142.013
143,11.04 14:00,139.178
143,11.04 15:00,139.656
143,11.04 16:00,131.896
143,11.04 17:00,118.279
143,11.04 18:00,105.184
143,11.04 19:00,82.001
143,11.04 20:00,73.71
143,11.04 21:00,62.283
143,11.04 22:00,64.879
143,11.04 23:00,69.255
143,12.04 00:00,70.905
143,12.04 01:00,69.973
143,12.04 02:00,68.806
143,12.04 03:00,69.208
143,12.04 04:00,71.921
143,12.04 05:00,68.095
143,12.04 06:00,70.901
143,12.04 07:00,94.409
143,12.04 08:00,114.532
143,12.04 09:00,130.521
143,12.04 10:00,135.354
143,12.04 11:00,137.385
143,12.04 12:00,142.253
143,12.04 13:00,142.061
143,12.04 14:00,140.643
143,12.04 15:00,136.454
143,12.04 16:00,132.159
143,12.04 17:00,122.241
143,12.04 18:00,107.631
143,12.04 19:00,85.583
143,12.04 20:00,75.67
143,12.04 21:00,71.075
143,12.04 22:00,70.893
143,12.04 23:00,71.227
143,13.04 00:00,68.751
143,13.04 01:00,69.171
143,13.04 02:00,68.687
143,13.04 03:00,71.086
143,13.04 04:00,69.766
143,13.04 05:00,72.846
143,13.04 06:00,76.04
143,13.04 07:00,100.339
143,13.04 08:00,115.43
143,13.04 09:00,129.333
143,13.04 10:00,142.503
143,13.04 11:00,145.74
143,13.04 12:00,167.568
143,13.04 13:00,147.458
143,13.04 14:00,196.469
143,13.04 15:00,201.65
143,13.04 16:00,192.484
143,13.04 17:00,181.304
143,13.04 18:00,173.213
143,13.04 19:00,92.083
143,13.04 20:00,72.278
143,13.04 21:00,66.209
143,13.04 22:00,65.096
143,13.04 23:00,63.885
143,14.04 00:00,63.795
143,14.04 01:00,64.234
143,14.04 02:00,61.943
143,14.04 03:00,65.848
143,14.04 04:00,63.832
143,14.04 05:00,63.85
143,14.04 06:00,64.31
143,14.04 07:00,89.723
143,14.04 08:00,119.569
143,14.04 09:00,129.813
143,14.04 10:00,135.708
143,14.04 11:00,155.31
143,14.04 12:00,199.333
143,14.04 13:00,198.181
143,14.04 14:00,204.457
143,14.04 15:00,195.313
143,14.04 16:00,193.809
143,14.04 17:00,185.227
143,14.04 18:00,173.682
143,14.04 19:00,82.94
143,14.04 20:00,71.729
143,14.04 21:00,63.891
143,14.04 22:00,60.866
143,14.04 23:00,60.177
143,15.04 00:00,60.793
143,15.04 01:00,62.026
143,15.04 02:00,59.711
143,15.04 03:00,61.268
143,15.04 04:00,58.772
143,15.04 05:00,62.195
143,15.04 06:00,62.227
143,15.04 07:00,87.733
143,15.04 08:00,110.843
143,15.04 09:00,122.538
143,15.04 10:00,128.616
143,15.04 11:00,164.454
143,15.04 12:00,200.04
143,15.04 13:00,174.772
143,15.04 14:00,165.834
143,15.04 15:00,149.491
143,15.04 16:00,229.981
143,15.04 17:00,206.624
143,15.04 18:00,176.859
143,15.04 19:00,81.076
143,15.04 20:00,63.696
143,15.04 21:00,63.873
143,15.04 22:00,64.861
143,15.04 23:00,63.175
143,16.04 00:00,62.22
143,16.04 01:00,61.025
143,16.04 02:00,62.061
143,16.04 03:00,64.18
143,16.04 04:00,60.831
143,16.04 05:00,60.937
143,16.04 06:00,60.96
143,16.04 07:00,60.845
143,16.04 08:00,61.27
143,16.04 09:00,63.125
143,16.04 10:00,64.849
143,16.04 11:00,64.684
143,16.04 12:00,66.055
143,16.04 13:00,67.054
143,16.04 14:00,66.643
143,16.04 15:00,65.772
143,16.04 16:00,66.75
143,16.04 17:00,67.178
143,16.04 18:00,64.303
143,16.04 19:00,62.967
143,16.04 20:00,63.099
143,16.04 21:00,64.13
143,16.04 22:00,63.705
143,16.04 23:00,65.084
143,17.04 00:00,62.003
143,17.04 01:00,63.077
143,17.04 02:00,61.963
143,17.04 03:00,65.307
143,17.04 04:00,61.893
143,17.04 05:00,62.217
143,17.04 06:00,59.735
143,17.04 07:00,62.131
143,17.04 08:00,61.026
143,17.04 09:00,64.929
143,17.04 10:00,65.029
143,17.04 11:00,64.972
143,17.04 12:00,65.743
143,17.04 13:00,65.807
143,17.04 14:00,66.666
143,17.04 15:00,68.271
143,17.04 16:00,66.007
143,17.04 17:00,66.884
143,17.04 18:00,65.055
143,17.04 19:00,64.12
143,17.04 20:00,63.147
143,17.04 21:00,62.832
143,17.04 22:00,63.725
143,17.04 23:00,65.967
143,18.04 00:00,64.138
143,18.04 01:00,63.296
143,18.04 02:00,64.251
143,18.04 03:00,63.98
143,18.04 04:00,64.029
143,18.04 05:00,63.846
143,18.04 06:00,102.011
143,18.04 07:00,184.777
143,18.04 08:00,210.6
143,18.04 09:00,224.022
143,18.04 10:00,231.961
143,18.04 11:00,241.946
143,18.04 12:00,243.976
143,18.04 13:00,239.058
143,18.04 14:00,250.528
143,18.04 15:00,247.285
143,18.04 16:00,238.946
143,18.04 17:00,219.317
143,18.04 18:00,202.886
143,18.04 19:00,86.727
143,18.04 20:00,68.301
143,18.04 21:00,65.066
143,18.04 22:00,62.218
143,18.04 23:00,61.897
143,19.04 00:00,60.846
143,19.04 01:00,60.913
143,19.04 02:00,59.756
143,19.04 03:00,60.774
143,19.04 04:00,61.781
143,19.04 05:00,59.721
143,19.04 06:00,61.951
143,19.04 07:00,98.992
143,19.04 08:00,121.601
143,19.04 09:00,132.951
143,19.04 10:00,142.84
143,19.04 11:00,145.352
143,19.04 12:00,143.351
143,19.04 13:00,147.346
143,19.04 14:00,152.189
143,19.04 15:00,149.423
143,19.04 16:00,150.821
143,19.04 17:00,134.79
143,19.04 18:00,117.414
143,19.04 19:00,82.867
143,19.04 20:00,72.274
143,19.04 21:00,69.188
143,19.04 22:00,69.188
143,19.04 23:00,67.814
143,20.04 00:00,66.769
143,20.04 01:00,67.27
143,20.04 02:00,68.079
143,20.04 03:00,72.013
143,20.04 04:00,66.896
143,20.04 05:00,66.935
143,20.04 06:00,69.077
143,20.04 07:00,99.017
143,20.04 08:00,117.123
143,20.04 09:00,127.763
143,20.04 10:00,137.519
143,20.04 11:00,141.598
143,20.04 12:00,141.62
143,20.04 13:00,141.948
143,20.04 14:00,151.505
143,20.04 15:00,199.415
143,20.04 16:00,225.835
143,20.04 17:00,199.075
143,20.04 18:00,172.814
143,20.04 19:00,86.344
143,20.04 20:00,66.247
143,20.04 21:00,61.773
143,20.04 22:00,60.901
143,20.04 23:00,63.216
143,21.04 00:00,61.25
143,21.04 01:00,60.702
143,21.04 02:00,60.092
143,21.04 03:00,59.814
143,21.04 04:00,60.775
143,21.04 05:00,61.232
143,21.04 06:00,60.82
143,21.04 07:00,95.141
143,21.04 08:00,112.206
143,21.04 09:00,131.146
143,21.04 10:00,150.432
143,21.04 11:00,146.342
143,21.04 12:00,143.93
143,21.04 13:00,142.152
143,21.04 14:00,146.66
143,21.04 15:00,144.964
143,21.04 16:00,164.67
143,21.04 17:00,202.438
143,21.04 18:00,160.63
143,21.04 19:00,77.996
143,21.04 20:00,67.834
143,21.04 21:00,64.219
143,21.04 22:00,65.132
143,21.04 23:00,62.817
143,22.04 00:00,62.152
143,22.04 01:00,63.291
143,22.04 02:00,63.701
143,22.04 03:00,66.172
143,22.04 04:00,66.11
143,22.04 05:00,66.201
143,22.04 06:00,66.703
143,22.04 07:00,94.093
143,22.04 08:00,110.03
143,22.04 09:00,126.615
143,22.04 10:00,133.331
143,22.04 11:00,136.329
143,22.04 12:00,131.561
143,22.04 13:00,135.204
143,22.04 14:00,132.534
143,22.04 15:00,130.456
143,22.04 16:00,128.441
143,22.04 17:00,119.13
143,22.04 18:00,100.693
143,22.04 19:00,64.08
143,22.04 20:00,59.842
143,22.04 21:00,61.108
143,22.04 22:00,58.774
143,22.04 23:00,56.939
143,23.04 00:00,59.17
143,23.04 01:00,57.856
143,23.04 02:00,57.929
143,23.04 03:00,60.166
143,23.04 04:00,60.159
143,23.04 05:00,61.301
143,23.04 06:00,58.721
143,23.04 07:00,60.962
143,23.04 08:00,57.88
143,23.04 09:00,64.268
143,23.04 10:00,62.239
143,23.04 11:00,62.136
143,23.04 12:00,64.733
143,23.04 13:00,64.227
143,23.04 14:00,65.78
143,23.04 15:00,64.871
143,23.04 16:00,68.178
143,23.04 17:00,64.865
143,23.04 18:00,60.245
143,23.04 19:00,58.799
143,23.04 20:00,57.812
143,23.04 21:00,61.398
143,23.04 22:00,58.874
143,23.04 23:00,56.902
143,24.04 00:00,57.903
143,24.04 01:00,58.176
143,24.04 02:00,59.253
143,24.04 03:00,57.714
143,24.04 04:00,56.969
143,24.04 05:00,57.076
143,24.04 06:00,57.804
143,24.04 07:00,59.185
143,24.04 08:00,57.164
143,24.04 09:00,62.029
143,24.04 10:00,61.914
143,24.04 11:00,63.153
143,24.04 12:00,65.167
143,24.04 13:00,61.755
143,24.04 14:00,63.002
143,24.04 15:00,62.176
143,24.04 16:00,62.796
143,24.04 17:00,62.717
143,24.04 18:00,55.863
143,24.04 19:00,55.96
143,24.04 20:00,58.26
143,24.04 21:00,58.877
143,24.04 22:00,57.889
143,24.04 23:00,56.731
143,25.04 00:00,56.976
143,25.04 01:00,56.94
143,25.04 02:00,59.035
143,25.04 03:00,56.467
143,25.04 04:00,56.795
143,25.04 05:00,57.838
143,25.04 06:00,68.064
143,25.04 07:00,91.982
143,25.04 08:00,114.488
143,25.04 09:00,127.549
143,25.04 10:00,137.1
143,25.04 11:00,139.37
143,25.04 12:00,142.256
143,25.04 13:00,140.303
143,25.04 14:00,137.789
143,25.04 15:00,140.485
143,25.04 16:00,132.905
143,25.04 17:00,120.544
143,25.04 18:00,106.445
143,25.04 19:00,78.362
143,25.04 20:00,72.817
143,25.04 21:00,69.878
143,25.04 22:00,70.834
143,25.04 23:00,68.995
143,26.04 00:00,65.926
143,26.04 01:00,68.208
143,26.04 02:00,67.931
143,26.04 03:00,69.206
143,26.04 04:00,68.301
143,26.04 05:00,67.268
143,26.04 06:00,68.835
143,26.04 07:00,95.439
143,26.04 08:00,116.365
143,26.04 09:00,131.828
143,26.04 10:00,136.628
143,26.04 11:00,141.409
143,26.04 12:00,138.457
143,26.04 13:00,138.478
143,26.04 14:00,142.19
143,26.04 15:00,140.539
143,26.04 16:00,135.921
143,26.04 17:00,122.878
143,26.04 18:00,109.399
143,26.04 19:00,86.718
143,26.04 20:00,77.676
143,26.04 21:00,70.309
143,26.04 22:00,67.729
143,26.04 23:00,68.721
143,27.04 00:00,62.736
143,27.04 01:00,67.226
143,27.04 02:00,67.171
143,27.04 03:00,68.175
143,27.04 04:00,68.047
143,27.04 05:00,69.07
143,27.04 06:00,69.923
143,27.04 07:00,94.131
143,27.04 08:00,113.471
143,27.04 09:00,134.128
143,27.04 10:00,139.647
143,27.04 11:00,142.968
143,27.04 12:00,143.113
143,27.04 13:00,143.067
143,27.04 14:00,142.506
143,27.04 15:00,142.998
143,27.04 16:00,135.617
143,27.04 17:00,119.46
143,27.04 18:00,109.231
143,27.04 19:00,82.09
143,27.04 20:00,72.662
143,27.04 21:00,67.322
143,27.04 22:00,66.024
143,27.04 23:00,66.071
143,28.04 00:00,63.822
143,28.04 01:00,65.251
143,28.04 02:00,64.036
143,28.04 03:00,66.968
143,28.04 04:00,65.87
143,28.04 05:00,65.091
143,28.04 06:00,65.079
143,28.04 07:00,91.752
143,28.04 08:00,117.096
143,28.04 09:00,132.173
143,28.04 10:00,136.089
143,28.04 11:00,148.574
143,28.04 12:00,149.691
143,28.04 13:00,142.49
143,28.04 14:00,140.754
143,28.04 15:00,139.651
143,28.04 16:00,133.154
143,28.04 17:00,122.826
143,28.04 18:00,105.965
143,28.04 19:00,79.828
143,28.04 20:00,74.319
143,28.04 21:00,69.171
143,28.04 22:00,67.933
143,28.04 23:00,69.342
143,29.04 00:00,67.836
143,29.04 01:00,67.743
143,29.04 02:00,67.267
143,29.04 03:00,67.94
143,29.04 04:00,66.952
143,29.04 05:00,65.799
143,29.04 06:00,65.878
143,29.04 07:00,88.153
143,29.04 08:00,110.98
143,29.04 09:00,124.92
143,29.04 10:00,128.601
143,29.04 11:00,136.214
143,29.04 12:00,138.52
143,29.04 13:00,132.443
143,29.04 14:00,124.118
143,29.04 15:00,127.37
143,29.04 16:00,125.092
143,29.04 17:00,113.301
143,29.04 18:00,102.253
143,29.04 19:00,67.826
143,29.04 20:00,60.256
143,29.04 21:00,60.868
143,29.04 22:00,57.273
143,29.04 23:00,58.928
143,30.04 00:00,61.283
143,30.04 01:00,60.113
143,30.04 02:00,59.875
143,30.04 03:00,62.225
143,30.04 04:00,63.144
143,30.04 05:00,62.82
143,30.04 06:00,61.94
143,30.04 07:00,61.931
143,30.04 08:00,61.011
143,30.04 09:00,66.723
143,30.04 10:00,65.891
143,30.04 11:00,65.787
143,30.04 12:00,64.287
143,30.04 13:00,62.909
143,30.04 14:00,65.08
143,30.04 15:00,64.284
143,30.04 16:00,62.021
143,30.04 17:00,63.987
143,30.04 18:00,60.91
143,30.04 19:00,61.922
143,30.04 20:00,61.739
143,30.04 21:00,62.857
143,30.04 22:00,62.837
143,30.04 23:00,68.258
143,01.05 00:00,65.32
143,01.05 01:00,65.233
143,01.05 02:00,62.275
143,01.05 03:00,60.72
143,01.05 04:00,65.126
143,01.05 05:00,61.176
143,01.05 06:00,62.138
143,01.05 07:00,61.852
143,01.05 08:00,61.213
143,01.05 09:00,66.048
143,01.05 10:00,65.219
143,01.05 11:00,62.96
143,01.05 12:00,63.17
143,01.05 13:00,61.856
143,01.05 14:00,62.948
143,01.05 15:00,60.826
143,01.05 16:00,62.785
143,01.05 17:00,61.849
143,01.05 18:00,59.077
143,01.05 19:00,58.891
143,01.05 20:00,58.058
143,01.05 21:00,58.024
143,01.05 22:00,60.183
143,01.05 23:00,62.065
143,02.05 00:00,58.878
143,02.05 01:00,58.258
143,02.05 02:00,60.057
143,02.05 03:00,60.276
143,02.05 04:00,62.689
143,02.05 05:00,62.906
143,02.05 06:00,69.976
143,02.05 07:00,87.43
143,02.05 08:00,114.733
143,02.05 09:00,132.3
143,02.05 10:00,135.601
143,02.05 11:00,141.741
143,02.05 12:00,141.52
143,02.05 13:00,141.376
143,02.05 14:00,192.381
143,02.05 15:00,222.493
143,02.05 16:00,214.646
143,02.05 17:00,199.757
143,02.05 18:00,180.149
143,02.05 19:00,88.37
143,02.05 20:00,69.697
143,02.05 21:00,65.879
143,02.05 22:00,65.037
143,02.05 23:00,63.2
143,03.05 00:00,62.837
143,03.05 01:00,63.946
143,03.05 02:00,65.048
143,03.05 03:00,62.917
143,03.05 04:00,63.759
143,03.05 05:00,62.757
143,03.05 06:00,65.747
143,03.05 07:00,98.627
143,03.05 08:00,120.018
143,03.05 09:00,135.744
143,03.05 10:00,145.458
143,03.05 11:00,144.693
143,03.05 12:00,199.378
143,03.05 13:00,230.516
143,03.05 14:00,216.619
143,03.05 15:00,220.569
143,03.05 16:00,211.04
143,03.05 17:00,200.569
143,03.05 18:00,181.612
143,03.05 19:00,96.127
143,03.05 20:00,71.026
143,03.05 21:00,67.154
143,03.05 22:00,65.786
143,03.05 23:00,63.118
143,04.05 00:00,64.061
143,04.05 01:00,61.994
143,04.05 02:00,62.69
143,04.05 03:00,64.735
143,04.05 04:00,62.704
143,04.05 05:00,63.306
143,04.05 06:00,63.856
143,04.05 07:00,94.613
143,04.05 08:00,114.885
143,04.05 09:00,132.199
143,04.05 10:00,146.925
143,04.05 11:00,135.532
143,04.05 12:00,141.674
143,04.05 13:00,137.702
143,04.05 14:00,184.718
143,04.05 15:00,207.902
143,04.05 16:00,202.783
143,04.05 17:00,194.604
143,04.05 18:00,176.529
143,04.05 19:00,82.654
143,04.05 20:00,66.969
143,04.05 21:00,66.739
143,04.05 22:00,62.721
143,04.05 23:00,60.975
143,05.05 00:00,60.855
143,05.05 01:00,60.833
143,05.05 02:00,62.856
143,05.05 03:00,60.931
143,05.05 04:00,61.18
143,05.05 05:00,61.712
143,05.05 06:00,64.888
143,05.05 07:00,95.231
143,05.05 08:00,117.193
143,05.05 09:00,129.692
143,05.05 10:00,142.626
143,05.05 11:00,161.402
143,05.05 12:00,161.318
143,05.05 13:00,176.116
143,05.05 14:00,189.863
143,05.05 15:00,205.836
143,05.05 16:00,216.393
143,05.05 17:00,226.313
143,05.05 18:00,213.546
143,05.05 19:00,204.697
143,05.05 20:00,199.056
143,05.05 21:00,194.779
143,05.05 22:00,195.275
143,05.05 23:00,194.04
143,06.05 00:00,194.645
143,06.05 01:00,193.846
143,06.05 02:00,193.489
143,06.05 03:00,193.109
143,06.05 04:00,187.395
143,06.05 05:00,193.714
143,06.05 06:00,190.586
143,06.05 07:00,172.376
143,06.05 08:00,183.64
143,06.05 09:00,194.557
143,06.05 10:00,203.864
143,06.05 11:00,205.973
143,06.05 12:00,201.04
143,06.05 13:00,202.406
143,06.05 14:00,202.408
143,06.05 15:00,196.628
143,06.05 16:00,190.619
143,06.05 17:00,181.463
143,06.05 18:00,167.43
143,06.05 19:00,77.701
143,06.05 20:00,64.678
143,06.05 21:00,64.792
143,06.05 22:00,64.068
143,06.05 23:00,64.107
143,07.05 00:00,59.816
143,07.05 01:00,58.886
143,07.05 02:00,59.258
143,07.05 03:00,57.261
143,07.05 04:00,57.931
143,07.05 05:00,56.874
143,07.05 06:00,55.764
143,07.05 07:00,56.251
143,07.05 08:00,56.04
143,07.05 09:00,59.023
143,07.05 10:00,60.022
143,07.05 11:00,60.098
143,07.05 12:00,59.832
143,07.05 13:00,59.782
143,07.05 14:00,61.173
143,07.05 15:00,60.827
143,07.05 16:00,60.143
143,07.05 17:00,60.839
143,07.05 18:00,55.887
143,07.05 19:00,56.833
143,07.05 20:00,54.941
143,07.05 21:00,55.92
143,07.05 22:00,57.103
143,07.05 23:00,57.188
143,08.05 00:00,59.467
143,08.05 01:00,55.801
143,08.05 02:00,56.199
143,08.05 03:00,56.962
143,08.05 04:00,55.995
143,08.05 05:00,57.875
143,08.05 06:00,54.96
143,08.05 07:00,54.779
143,08.05 08:00,55.121
143,08.05 09:00,59.242
143,08.05 10:00,63.239
143,08.05 11:00,61.18
143,08.05 12:00,62.111
143,08.05 13:00,62.811
143,08.05 14:00,62.121
143,08.05 15:00,64.959
143,08.05 16:00,63.14
143,08.05 17:00,62.061
143,08.05 18:00,56.843
143,08.05 19:00,57.004
143,08.05 20:00,57.927
143,08.05 21:00,58.21
143,08.05 22:00,55.735
143,08.05 23:00,56.724
143,09.05 00:00,56.028
143,09.05 01:00,57.203
143,09.05 02:00,56.899
143,09.05 03:00,56.893
143,09.05 04:00,114.462
143,09.05 05:00,134.835
143,09.05 06:00,136.436
143,09.05 07:00,136.285
143,09.05 08:00,143.683
143,09.05 09:00,162.867
143,09.05 10:00,191.13
143,09.05 11:00,208.769
143,09.05 12:00,211.153
143,09.05 13:00,145.95
143,09.05 14:00,203.277
143,09.05 15:00,206.886
143,09.05 16:00,195.267
143,09.05 17:00,178.776
143,09.05 18:00,157.29
143,09.05 19:00,85.594
143,09.05 20:00,74.325
143,09.05 21:00,68.191
143,09.05 22:00,64.729
143,09.05 23:00,65.91
143,10.05 00:00,63.905
143,10.05 01:00,66.097
143,10.05 02:00,67.273
143,10.05 03:00,66.219
143,10.05 04:00,94.048
143,10.05 05:00,107.748
143,10.05 06:00,105.362
143,10.05 07:00,114.47
143,10.05 08:00,121.847
143,10.05 09:00,140.864
143,10.05 10:00,146.755
143,10.05 11:00,144.569
143,10.05 12:00,148.897
143,10.05 13:00,150.614
143,10.05 14:00,161.154
143,10.05 15:00,162.703
143,10.05 16:00,158.371
143,10.05 17:00,144.311
143,10.05 18:00,124.666
143,10.05 19:00,79.621
143,10.05 20:00,66.96
143,10.05 21:00,64.154
143,10.05 22:00,60.732
143,10.05 23:00,57.257
143,11.05 00:00,55.793
143,11.05 01:00,57.911
143,11.05 02:00,59.098
143,11.05 03:00,57.178
143,11.05 04:00,73.263
143,11.05 05:00,81.381
143,11.05 06:00,80.845
143,11.05 07:00,93.007
143,11.05 08:00,115.135
143,11.05 09:00,136.695
143,11.05 10:00,150.489
143,11.05 11:00,150.355
143,11.05 12:00,154.154
143,11.05 13:00,153.06
143,11.05 14:00,153.539
143,11.05 15:00,154.763
143,11.05 16:00,145.972
143,11.05 17:00,135.098
143,11.05 18:00,117.971
143,11.05 19:00,85.217
143,11.05 20:00,75.054
143,11.05 21:00,68.253
143,11.05 22:00,67.294
143,11.05 23:00,67.253
143,12.05 00:00,66.709
143,12.05 01:00,67.16
143,12.05 02:00,68.313
143,12.05 03:00,66.975
143,12.05 04:00,66.239
143,12.05 05:00,66.197
143,12.05 06:00,69.871
143,12.05 07:00,97.586
143,12.05 08:00,121.08
143,12.05 09:00,140.536
143,12.05 10:00,160.756
143,12.05 11:00,160.595
143,12.05 12:00,157.599
143,12.05 13:00,155.863
143,12.05 14:00,147.617
143,12.05 15:00,143.48
143,12.05 16:00,134.978
143,12.05 17:00,123.966
143,12.05 18:00,107.998
143,12.05 19:00,81.174
143,12.05 20:00,72.968
143,12.05 21:00,67.767
143,12.05 22:00,62.685
143,12.05 23:00,62.734
143,13.05 00:00,62.165
143,13.05 01:00,67.084
143,13.05 02:00,66.272
143,13.05 03:00,65.077
143,13.05 04:00,64.219
143,13.05 05:00,67.364
143,13.05 06:00,68.078
143,13.05 07:00,95.754
143,13.05 08:00,119.039
143,13.05 09:00,126.139
143,13.05 10:00,138.01
143,13.05 11:00,138.542
143,13.05 12:00,138.495
143,13.05 13:00,136.563
143,13.05 14:00,135.926
143,13.05 15:00,131.367
143,13.05 16:00,128.598
143,13.05 17:00,115.691
143,13.05 18:00,100.054
143,13.05 19:00,76.779
143,13.05 20:00,72.749
143,13.05 21:00,72.694
143,13.05 22:00,69.933
143,13.05 23:00,66.987
143,14.05 00:00,71.216
143,14.05 01:00,70.669
143,14.05 02:00,71.017
143,14.05 03:00,68.902
143,14.05 04:00,70.259
143,14.05 05:00,70.132
143,14.05 06:00,70.712
143,14.05 07:00,70.232
143,14.05 08:00,68.034
143,14.05 09:00,73.211
143,14.05 10:00,72.927
143,14.05 11:00,74.993
143,14.05 12:00,75.94
143,14.05 13:00,75.335
143,14.05 14:00,73.89
143,14.05 15:00,74.639
143,14.05 16:00,74.807
143,14.05 17:00,74.7
143,14.05 18:00,69.681
143,14.05 19:00,68.808
143,14.05 20:00,65.112
143,14.05 21:00,63.757
143,14.05 22:00,64.226
143,14.05 23:00,64.994
143,15.05 00:00,63.908
143,15.05 01:00,65.173
143,15.05 02:00,66.228
143,15.05 03:00,64.978
143,15.05 04:00,63.798
143,15.05 05:00,62.855
143,15.05 06:00,63.88
143,15.05 07:00,63.871
143,15.05 08:00,64.048
143,15.05 09:00,66.959
143,15.05 10:00,68.796
143,15.05 11:00,70.91
143,15.05 12:00,69.324
143,15.05 13:00,66.009
143,15.05 14:00,66.211
143,15.05 15:00,67.168
143,15.05 16:00,67.297
143,15.05 17:00,64.982
143,15.05 18:00,61.991
143,15.05 19:00,59.806
143,15.05 20:00,62.196
143,15.05 21:00,62.94
143,15.05 22:00,60.71
143,15.05 23:00,62.047
143,16.05 00:00,61.697
143,16.05 01:00,63.791
143,16.05 02:00,62.991
143,16.05 03:00,62.133
143,16.05 04:00,62.053
143,16.05 05:00,64.11
143,16.05 06:00,76.341
143,16.05 07:00,97.729
143,16.05 08:00,114.186
143,16.05 09:00,137.79
143,16.05 10:00,144.301
143,16.05 11:00,155.616
143,16.05 12:00,166.903
143,16.05 13:00,173.688
143,16.05 14:00,182.387
143,16.05 15:00,192.478
143,16.05 16:00,179.709
143,16.05 17:00,168.68
143,16.05 18:00,146.55
143,16.05 19:00,86.136
143,16.05 20:00,73.112
143,16.05 21:00,67.863
143,16.05 22:00,54.079
143,16.05 23:00,65.782
143,17.05 00:00,65.898
143,17.05 01:00,63.948
143,17.05 02:00,65.111
143,17.05 03:00,68.277
143,17.05 04:00,69.214
143,17.05 05:00,68.836
143,17.05 06:00,76.286
143,17.05 07:00,111.274
143,17.05 08:00,135.709
143,17.05 09:00,147.735
143,17.05 10:00,149.512
143,17.05 11:00,148.388
143,17.05 12:00,144.439
143,17.05 13:00,156.011
143,17.05 14:00,158.342
143,17.05 15:00,164.681
143,17.05 16:00,185.898
143,17.05 17:00,181.506
143,17.05 18:00,146.887
143,17.05 19:00,76.953
143,17.05 20:00,70.036
143,17.05 21:00,63.101
143,17.05 22:00,63.119
143,17.05 23:00,64.196
143,18.05 00:00,64.103
143,18.05 01:00,64.158
143,18.05 02:00,64.881
143,18.05 03:00,65.815
143,18.05 04:00,66.865
143,18.05 05:00,67.88
143,18.05 06:00,70.047
143,18.05 07:00,101.375
143,18.05 08:00,124.328
143,18.05 09:00,138.82
143,18.05 10:00,155.737
143,18.05 11:00,166.266
143,18.05 12:00,180.302
143,18.05 13:00,189.087
143,18.05 14:00,178.839
143,18.05 15:00,199.868
143,18.05 16:00,209.939
143,18.05 17:00,195.492
143,18.05 18:00,174.314
143,18.05 19:00,85.127
143,18.05 20:00,71.17
143,18.05 21:00,66.055
143,18.05 22:00,64.874
143,18.05 23:00,64.169
143,19.05 00:00,63.808
143,19.05 01:00,63.717
143,19.05 02:00,64.935
143,19.05 03:00,64.959
143,19.05 04:00,62.754
143,19.05 05:00,65.065
143,19.05 06:00,65.68
143,19.05 07:00,115.54
143,19.05 08:00,132.891
143,19.05 09:00,140.94
143,19.05 10:00,169.402
143,19.05 11:00,191.594
143,19.05 12:00,219.745
143,19.05 13:00,226.938
143,19.05 14:00,211.32
143,19.05 15:00,209.642
143,19.05 16:00,204.289
143,19.05 17:00,190.267
143,19.05 18:00,174.938
143,19.05 19:00,87.384
143,19.05 20:00,71.043
143,19.05 21:00,64.162
143,19.05 22:00,66.092
143,19.05 23:00,63.594
143,20.05 00:00,62.733
143,20.05 01:00,63.776
143,20.05 02:00,63.311
143,20.05 03:00,65.322
143,20.05 04:00,64.108
143,20.05 05:00,62.998
143,20.05 06:00,67.187
143,20.05 07:00,138.124
143,20.05 08:00,151.639
143,20.05 09:00,169.928
143,20.05 10:00,187.447
143,20.05 11:00,212.416
143,20.05 12:00,219.546
143,20.05 13:00,213.918
143,20.05 14:00,207.865
143,20.05 15:00,204.219
143,20.05 16:00,204.995
143,20.05 17:00,193.596
143,20.05 18:00,169.453
143,20.05 19:00,72.142
143,20.05 20:00,59.949
143,20.05 21:00,60.146
143,20.05 22:00,59.941
143,20.05 23:00,58.214
143,21.05 00:00,59.028
143,21.05 01:00,59.172
143,21.05 02:00,58.171
143,21.05 03:00,59.144
143,21.05 04:00,56.959
143,21.05 05:00,57.858
143,21.05 06:00,58.804
143,21.05 07:00,57.771
143,21.05 08:00,56.024
143,21.05 09:00,61.022
143,21.05 10:00,61.931
143,21.05 11:00,65.179
143,21.05 12:00,66.243
143,21.05 13:00,62.958
143,21.05 14:00,65.054
143,21.05 15:00,61.852
143,21.05 16:00,64.905
143,21.05 17:00,65.034
143,21.05 18:00,61.069
143,21.05 19:00,59.78
143,21.05 20:00,60.071
143,21.05 21:00,61.212
143,21.05 22:00,62.16
143,21.05 23:00,61.215
143,22.05 00:00,59.164
143,22.05 01:00,57.09
143,22.05 02:00,58.765
143,22.05 03:00,59.963
143,22.05 04:00,59.864
143,22.05 05:00,57.992
143,22.05 06:00,58.049
143,22.05 07:00,58.961
143,22.05 08:00,58.175
143,22.05 09:00,62.023
143,22.05 10:00,64.887
143,22.05 11:00,64.084
143,22.05 12:00,65.187
143,22.05 13:00,66.105
143,22.05 14:00,66.257
143,22.05 15:00,66.306
143,22.05 16:00,67.279
143,22.05 17:00,67.328
143,22.05 18:00,65.007
143,22.05 19:00,63.243
143,22.05 20:00,62.787
143,22.05 21:00,60.807
143,22.05 22:00,62.976
143,22.05 23:00,61.719
143,23.05 00:00,62.685
143,23.05 01:00,61.252
143,23.05 02:00,60.868
143,23.05 03:00,61.042
143,23.05 04:00,60.906
143,23.05 05:00,59.767
143,23.05 06:00,96.113
143,23.05 07:00,183.508
143,23.05 08:00,200.405
143,23.05 09:00,218.888
143,23.05 10:00,227.411
143,23.05 11:00,240.962
143,23.05 12:00,250.865
143,23.05 13:00,249.417
143,23.05 14:00,229.012
143,23.05 15:00,219.444
143,23.05 16:00,211.244
143,23.05 17:00,197.182
143,23.05 18:00,179.707
143,23.05 19:00,88.682
143,23.05 20:00,77.77
143,23.05 21:00,73.766
143,23.05 22:00,73.842
143,23.05 23:00,69.858
143,24.05 00:00,69.835
143,24.05 01:00,158.428
143,24.05 02:00,168.277
143,24.05 03:00,169.495
143,24.05 04:00,166.602
143,24.05 05:00,164.076
143,24.05 06:00,164.528
143,24.05 07:00,177.185
143,24.05 08:00,195.188
143,24.05 09:00,208.475
143,24.05 10:00,220.625
143,24.05 11:00,228.307
143,24.05 12:00,227.426
143,24.05 13:00,226.374
143,24.05 14:00,299.103
143,24.05 17:00,289.102
143,24.05 18:00,248.439
143,24.05 19:00,98.638
143,24.05 20:00,76.337
143,24.05 21:00,74.857
143,24.05 22:00,74.949
143,24.05 23:00,74.156
143,25.05 00:00,72.268
143,25.05 01:00,70.751
143,25.05 02:00,71.078
143,25.05 03:00,72.921
143,25.05 04:00,69.794
143,25.05 05:00,68.719
143,25.05 06:00,71.753
143,25.05 07:00,200.814
143,25.05 08:00,293.062
143,25.05 09:00,321.085
143,25.05 10:00,297.853
143,25.05 11:00,286.094
143,25.05 12:00,276.239
143,25.05 13:00,267.144
143,25.05 14:00,287.787
143,25.05 15:00,275.143
143,25.05 16:00,263.853
143,25.05 17:00,245.83
143,25.05 18:00,218.288
143,25.05 19:00,95.846
143,25.05 20:00,74.228
143,25.05 21:00,69.117
143,25.05 22:00,71.685
143,25.05 23:00,68.092
143,26.05 00:00,67.154
143,26.05 01:00,67.761
143,26.05 02:00,69.012
143,26.05 03:00,68.845
143,26.05 04:00,68.232
143,26.05 05:00,66.129
143,26.05 06:00,69.264
143,26.05 07:00,158.276
143,26.05 08:00,199.418
143,26.05 09:00,271.607
143,26.05 10:00,272.569
143,26.05 11:00,276.555
143,26.05 12:00,268.875
143,26.05 13:00,267.694
143,26.05 14:00,258.912
143,26.05 15:00,241.084
143,26.05 16:00,241.423
143,26.05 17:00,226.984
143,26.05 18:00,209.262
143,26.05 19:00,99.918
143,26.05 20:00,79.804
143,26.05 21:00,75.709
143,26.05 22:00,74.872
143,26.05 23:00,73.161
143,27.05 00:00,72.133
143,27.05 01:00,70.752
143,27.05 02:00,72.881
143,27.05 03:00,73.929
143,27.05 04:00,71.168
143,27.05 05:00,71.204
143,27.05 06:00,74.163
143,27.05 07:00,213.754
143,27.05 08:00,221.022
143,27.05 09:00,227.664
143,27.05 10:00,232.294
143,27.05 11:00,230.094
143,27.05 12:00,226.872
143,27.05 13:00,225.168
143,27.05 14:00,223.021
143,27.05 15:00,216.994
143,27.05 16:00,210.348
143,27.05 17:00,192.041
143,27.05 18:00,176.828
143,27.05 19:00,77.939
143,27.05 20:00,59.881
143,27.05 21:00,61.084
143,27.05 22:00,60.291
143,27.05 23:00,60.251
143,28.05 00:00,62.119
143,28.05 01:00,59.858
143,28.05 02:00,60.852
143,28.05 03:00,59.99
143,28.05 04:00,61.792
143,28.05 05:00,59.155
143,28.05 06:00,59.76
143,28.05 07:00,60.122
143,28.05 08:00,58.978
143,28.05 09:00,61.888
143,28.05 10:00,63.094
143,28.05 11:00,63.13
143,28.05 12:00,65.03
143,28.05 13:00,63.087
143,28.05 14:00,63.281
143,28.05 15:00,63.179
143,28.05 16:00,66.288
143,28.05 17:00,62.977
143,28.05 18:00,59.224
143,28.05 19:00,58.198
143,28.05 20:00,61.105
143,28.05 21:00,59.877
143,28.05 22:00,61.058
143,28.05 23:00,60.214
143,29.05 00:00,58.731
143,29.05 01:00,60.997
143,29.05 02:00,61.763
143,29.05 03:00,59.216
143,29.05 04:00,60.897
143,29.05 05:00,60.298
143,29.05 06:00,60.035
143,29.05 07:00,61.0
143,29.05 08:00,59.105
143,29.05 09:00,61.948
143,29.05 10:00,64.27
143,29.05 11:00,65.076
143,29.05 12:00,65.894
143,29.05 13:00,65.912
143,29.05 14:00,65.033
143,29.05 15:00,64.815
143,29.05 16:00,64.842
143,29.05 17:00,66.201
143,29.05 18:00,63.109
143,29.05 19:00,62.116
143,29.05 20:00,59.867
143,29.05 21:00,60.931
143,29.05 22:00,65.048
143,29.05 23:00,60.219
143,30.05 00:00,62.278
143,30.05 01:00,60.24
143,30.05 02:00,62.184
143,30.05 03:00,59.731
143,30.05 04:00,61.057
143,30.05 05:00,58.865
143,30.05 06:00,60.116
143,30.05 07:00,59.926
143,30.05 08:00,60.092
143,30.05 09:00,60.134
143,30.05 10:00,65.054
143,30.05 11:00,66.048
143,30.05 12:00,66.208
143,30.05 13:00,67.276
143,30.05 14:00,67.128
143,30.05 15:00,66.847
143,30.05 16:00,67.149
143,30.05 17:00,66.928
143,30.05 18:00,65.253
143,30.05 19:00,66.046
143,30.05 20:00,62.963
143,30.05 21:00,63.018
143,30.05 22:00,65.192
143,30.05 23:00,64.05
143,31.05 00:00,62.883
143,31.05 01:00,64.029
143,31.05 02:00,62.884
143,31.05 03:00,62.788
143,31.05 04:00,62.098
143,31.05 05:00,61.867
143,31.05 06:00,68.074
143,31.05 07:00,235.034
143,31.05 08:00,234.12
143,31.05 09:00,257.712
143,31.05 10:00,263.8
143,31.05 11:00,268.007
143,31.05 12:00,268.303
143,31.05 13:00,262.435
143,31.05 14:00,260.119
143,31.05 15:00,261.487
143,31.05 16:00,249.506
143,31.05 17:00,226.636
143,31.05 18:00,201.113
143,31.05 19:00,95.452
143,31.05 20:00,72.874
143,31.05 21:00,70.239
143,31.05 22:00,67.795
143,31.05 23:00,66.76
143,01.06 00:00,65.671
143,01.06 01:00,64.074
143,01.06 02:00,67.214
143,01.06 03:00,66.764
143,01.06 04:00,65.868
143,01.06 05:00,66.257
143,01.06 06:00,67.994
143,01.06 07:00,123.042
143,01.06 08:00,145.116
143,01.06 09:00,162.802
143,01.06 10:00,183.466
143,01.06 11:00,203.445
143,01.06 12:00,204.473
143,01.06 13:00,203.271
143,01.06 14:00,208.795
143,01.06 15:00,216.73
143,01.06 16:00,209.826
143,01.06 17:00,194.273
143,01.06 18:00,177.829
143,01.06 19:00,82.005
143,01.06 20:00,71.169
143,01.06 21:00,66.709
143,01.06 22:00,70.206
143,01.06 23:00,67.689
143,02.06 00:00,67.923
143,02.06 01:00,67.147
143,02.06 02:00,68.304
143,02.06 03:00,67.84
143,02.06 04:00,68.146
143,02.06 05:00,67.229
143,02.06 06:00,70.299
143,02.06 07:00,131.581
143,02.06 08:00,166.033
143,02.06 09:00,171.744
143,02.06 10:00,178.266
143,02.06 11:00,185.009
143,02.06 12:00,202.806
143,02.06 13:00,243.76
143,02.06 14:00,257.786
143,02.06 15:00,247.096
143,02.06 16:00,228.94
143,02.06 17:00,213.319
143,02.06 18:00,192.09
143,02.06 19:00,91.365
143,02.06 20:00,71.073
143,02.06 21:00,67.713
143,02.06 22:00,68.04
143,02.06 23:00,64.825
143,03.06 00:00,64.939
143,03.06 01:00,65.18
143,03.06 02:00,63.952
143,03.06 03:00,66.705
143,03.06 04:00,63.785
143,03.06 05:00,61.947
143,03.06 06:00,68.113
143,03.06 07:00,120.814
143,03.06 08:00,178.119
143,03.06 09:00,236.01
143,03.06 10:00,232.423
143,03.06 11:00,227.907
143,03.06 12:00,223.281
143,03.06 13:00,224.682
143,03.06 14:00,223.963
143,03.06 15:00,215.032
143,03.06 16:00,206.924
143,03.06 17:00,191.415
143,03.06 18:00,168.015
143,03.06 19:00,78.076
143,03.06 20:00,61.277
143,03.06 21:00,62.992
143,03.06 22:00,64.141
143,03.06 23:00,60.879
143,04.06 00:00,61.022
143,04.06 01:00,60.698
143,04.06 02:00,61.754
143,04.06 03:00,60.787
143,04.06 04:00,60.988
143,04.06 05:00,60.991
143,04.06 06:00,59.76
143,04.06 07:00,61.774
143,04.06 08:00,58.734
143,04.06 09:00,63.71
143,04.06 10:00,62.958
143,04.06 11:00,64.826
143,04.06 12:00,67.251
143,04.06 13:00,64.237
143,04.06 14:00,64.214
143,04.06 15:00,66.294
143,04.06 16:00,65.862
143,04.06 17:00,65.27
143,04.06 18:00,59.928
143,04.06 19:00,60.995
143,04.06 20:00,59.786
143,04.06 21:00,60.74
143,04.06 22:00,64.279
143,04.06 23:00,59.859
143,05.06 00:00,61.901
143,05.06 01:00,60.272
143,05.06 02:00,60.762
143,05.06 03:00,61.991
143,05.06 04:00,61.804
143,05.06 05:00,59.277
143,05.06 06:00,61.691
143,05.06 07:00,59.12
143,05.06 08:00,60.756
143,05.06 09:00,62.902
143,05.06 10:00,65.308
143,05.06 11:00,66.285
143,05.06 12:00,66.012
143,05.06 13:00,65.259
143,05.06 14:00,64.823
143,05.06 15:00,64.843
143,05.06 16:00,64.731
143,05.06 17:00,63.953
143,05.06 18:00,63.828
143,05.06 19:00,60.842
143,05.06 20:00,62.156
143,05.06 21:00,62.188
143,05.06 22:00,64.124
143,05.06 23:00,63.793
143,06.06 00:00,62.058
143,06.06 01:00,61.156
143,06.06 02:00,62.936
143,06.06 03:00,62.774
143,06.06 04:00,63.048
143,06.06 05:00,60.84
143,06.06 06:00,86.943
143,06.06 07:00,137.329
143,06.06 08:00,150.326
143,06.06 09:00,167.905
143,06.06 10:00,191.492
143,06.06 11:00,216.954
143,06.06 12:00,284.048
143,06.06 13:00,251.9
143,06.06 14:00,240.224
143,06.06 15:00,234.26
143,06.06 16:00,224.758
143,06.06 17:00,211.295
143,06.06 18:00,193.329
143,06.06 19:00,90.19
143,06.06 20:00,69.642
143,06.06 21:00,66.628
143,06.06 22:00,68.921
143,06.06 23:00,63.591
143,07.06 00:00,65.473
143,07.06 01:00,64.488
143,07.06 02:00,65.758
143,07.06 03:00,66.605
143,07.06 04:00,64.722
143,07.06 05:00,64.386
143,07.06 06:00,68.944
143,07.06 07:00,113.101
143,07.06 08:00,126.212
143,07.06 09:00,144.246
143,07.06 10:00,162.507
143,07.06 11:00,171.846
143,07.06 12:00,181.032
143,07.06 13:00,208.78
143,07.06 14:00,251.786
143,07.06 15:00,244.632
143,07.06 16:00,232.419
143,07.06 17:00,211.961
143,07.06 18:00,185.366
143,07.06 19:00,96.418
143,07.06 20:00,70.549
143,07.06 21:00,68.037
143,07.06 22:00,68.077
143,07.06 23:00,67.669
143,08.06 00:00,67.777
143,08.06 01:00,65.57
143,08.06 02:00,65.692
143,08.06 03:00,65.939
143,08.06 04:00,66.549
143,08.06 05:00,67.694
143,08.06 06:00,68.517
143,08.06 07:00,103.562
143,08.06 08:00,120.021
143,08.06 09:00,144.199
143,08.06 10:00,164.368
143,08.06 11:00,217.288
143,08.06 12:00,247.579
143,08.06 13:00,240.167
143,08.06 14:00,237.302
143,08.06 15:00,234.499
143,08.06 16:00,224.521
143,08.06 17:00,210.59
143,08.06 18:00,194.249
143,08.06 19:00,99.055
143,08.06 20:00,83.618
143,08.06 21:00,79.061
143,08.06 22:00,77.637
143,08.06 23:00,75.228
143,09.06 00:00,76.625
143,09.06 01:00,75.993
143,09.06 02:00,76.477
143,09.06 03:00,76.189
143,09.06 04:00,74.097
143,09.06 05:00,75.882
143,09.06 06:00,76.996
143,09.06 07:00,147.297
143,09.06 08:00,197.613
143,09.06 09:00,294.333
143,09.06 10:00,256.015
143,09.06 11:00,247.842
143,09.06 12:00,243.033
143,09.06 13:00,241.056
143,09.06 14:00,235.559
143,09.06 15:00,245.554
143,09.06 16:00,242.511
143,09.06 17:00,223.07
143,09.06 18:00,201.893
143,09.06 19:00,99.105
143,09.06 20:00,80.536
143,09.06 21:00,73.255
143,09.06 22:00,72.275
143,09.06 23:00,70.902
143,10.06 00:00,69.025
143,10.06 01:00,71.238
143,10.06 02:00,70.542
143,10.06 03:00,68.804
143,10.06 04:00,68.606
143,10.06 05:00,69.091
143,10.06 06:00,70.56
143,10.06 07:00,200.276
143,10.06 08:00,214.57
143,10.06 09:00,221.86
143,10.06 10:00,233.639
143,10.06 11:00,239.466
143,10.06 12:00,248.32
143,10.06 13:00,259.114
143,10.06 14:00,257.14
143,10.06 15:00,252.521
143,10.06 16:00,245.158
143,10.06 17:00,222.991
143,10.06 18:00,193.987
143,10.06 19:00,85.209
143,10.06 20:00,67.977
143,10.06 21:00,62.966
143,10.06 22:00,62.017
143,10.06 23:00,62.749
143,11.06 00:00,62.884
143,11.06 01:00,64.107
143,11.06 02:00,64.956
143,11.06 03:00,60.701
143,11.06 04:00,60.953
143,11.06 05:00,61.09
143,11.06 06:00,62.728
143,11.06 07:00,59.595
143,11.06 08:00,59.607
143,11.06 09:00,63.131
143,11.06 10:00,65.753
143,11.06 11:00,64.853
143,11.06 12:00,65.776
143,11.06 13:00,65.642
143,11.06 14:00,66.056
143,11.06 15:00,67.832
143,11.06 16:00,68.879
143,11.06 17:00,69.759
143,11.06 18:00,65.923
143,11.06 19:00,66.187
143,11.06 20:00,63.61
143,11.06 21:00,64.689
143,11.06 22:00,64.918
143,11.06 23:00,65.086
143,12.06 00:00,62.08
143,12.06 01:00,63.002
143,12.06 02:00,63.561
143,12.06 03:00,61.958
143,12.06 04:00,59.738
143,12.06 05:00,60.843
143,12.06 06:00,59.573
143,12.06 07:00,59.951
143,12.06 08:00,60.976
143,12.06 09:00,62.74
143,12.06 10:00,63.659
143,12.06 11:00,63.863
143,12.06 12:00,66.029
143,12.06 13:00,67.138
143,12.06 14:00,65.117
143,12.06 15:00,67.0
143,12.06 16:00,67.096
143,12.06 17:00,65.75
143,12.06 18:00,64.019
143,12.06 19:00,60.86
143,12.06 20:00,62.687
143,12.06 21:00,61.905
143,12.06 22:00,62.709
143,12.06 23:00,62.74
143,13.06 00:00,60.899
143,13.06 01:00,61.998
143,13.06 02:00,63.014
143,13.06 03:00,61.062
143,13.06 04:00,62.815
143,13.06 05:00,60.585
143,13.06 06:00,140.011
143,13.06 07:00,247.288
143,13.06 08:00,241.238
143,13.06 09:00,250.92
143,13.06 10:00,260.201
143,13.06 11:00,261.122
143,13.06 12:00,272.834
143,13.06 13:00,265.783
143,13.06 14:00,263.303
143,13.06 15:00,257.778
143,13.06 16:00,255.75
143,13.06 17:00,232.16
143,13.06 18:00,206.224
143,13.06 19:00,93.889
143,13.06 20:00,70.019
143,13.06 21:00,64.617
143,13.06 22:00,55.89
143,13.06 23:00,63.956
143,14.06 00:00,64.102
143,14.06 01:00,63.077
143,14.06 02:00,62.748
143,14.06 03:00,62.596
143,14.06 04:00,64.951
143,14.06 05:00,64.013
143,14.06 06:00,65.897
143,14.06 07:00,210.872
143,14.06 08:00,212.91
143,14.06 09:00,225.152
143,14.06 10:00,238.142
143,14.06 11:00,247.947
143,14.06 12:00,237.82
143,14.06 13:00,232.641
143,14.06 14:00,235.63
143,14.06 15:00,239.772
143,14.06 16:00,232.323
143,14.06 17:00,215.183
143,14.06 18:00,192.754
143,14.06 19:00,96.18
143,14.06 20:00,74.637
143,14.06 21:00,69.59
143,14.06 22:00,67.108
143,14.06 23:00,64.669
143,15.06 00:00,64.743
143,15.06 01:00,64.7
143,15.06 02:00,64.927
143,15.06 03:00,69.099
143,15.06 04:00,65.744
143,15.06 05:00,65.111
143,15.06 06:00,70.755
143,15.06 07:00,125.415
143,15.06 08:00,232.917
143,15.06 09:00,228.561
143,15.06 10:00,231.937
143,15.06 11:00,230.639
143,15.06 12:00,230.721
143,15.06 13:00,233.19
143,15.06 14:00,228.492
143,15.06 15:00,227.715
143,15.06 16:00,221.749
143,15.06 17:00,207.458
143,15.06 18:00,187.35
143,15.06 19:00,92.914
143,15.06 20:00,70.605
143,15.06 21:00,69.85
143,15.06 22:00,70.165
143,15.06 23:00,67.551
143,16.06 00:00,66.551
143,16.06 01:00,66.901
143,16.06 02:00,69.041
143,16.06 03:00,68.713
143,16.06 04:00,67.995
143,16.06 05:00,65.894
143,16.06 06:00,71.004
143,16.06 07:00,116.806
143,16.06 08:00,148.244
143,16.06 09:00,229.259
143,16.06 10:00,237.827
143,16.06 11:00,234.082
143,16.06 12:00,233.139
143,16.06 13:00,231.868
143,16.06 14:00,232.867
143,16.06 15:00,232.371
143,16.06 16:00,229.53
143,16.06 17:00,216.3
143,16.06 18:00,200.21
143,16.06 19:00,103.182
143,16.06 20:00,81.793
143,16.06 21:00,75.589
143,16.06 22:00,76.963
143,16.06 23:00,73.642
143,17.06 00:00,71.58
143,17.06 01:00,73.735
143,17.06 02:00,73.089
143,17.06 03:00,73.619
143,17.06 04:00,72.056
143,17.06 05:00,71.674
143,17.06 06:00,71.563
143,17.06 07:00,210.786
143,17.06 08:00,206.067
143,17.06 09:00,219.294
143,17.06 10:00,221.628
143,17.06 11:00,228.707
143,17.06 12:00,228.523
143,17.06 13:00,233.265
143,17.06 14:00,234.148
143,17.06 15:00,229.714
143,17.06 16:00,225.531
143,17.06 17:00,205.909
143,17.06 18:00,184.438
143,17.06 19:00,84.107
143,17.06 20:00,62.893
143,17.06 21:00,66.716
143,17.06 22:00,64.693
143,17.06 23:00,62.691
143,18.06 00:00,61.686
143,18.06 01:00,61.951
143,18.06 02:00,65.006
143,18.06 03:00,62.975
143,18.06 04:00,60.617
143,18.06 05:00,62.054
143,18.06 06:00,62.002
143,18.06 07:00,64.004
143,18.06 08:00,60.696
143,18.06 09:00,63.094
143,18.06 10:00,65.734
143,18.06 11:00,65.122
143,18.06 12:00,65.738
143,18.06 13:00,65.63
143,18.06 14:00,66.016
143,18.06 15:00,67.101
143,18.06 16:00,68.652
143,18.06 17:00,68.694
143,18.06 18:00,67.071
143,18.06 19:00,64.783
143,18.06 20:00,64.597
143,18.06 21:00,64.016
143,18.06 22:00,67.191
143,18.06 23:00,65.849
143,19.06 00:00,66.708
143,19.06 01:00,64.986
143,19.06 02:00,64.644
143,19.06 03:00,65.629
143,19.06 04:00,64.824
143,19.06 05:00,63.564
143,19.06 06:00,62.927
143,19.06 07:00,62.561
143,19.06 08:00,62.883
143,19.06 09:00,67.822
143,19.06 10:00,66.001
143,19.06 11:00,66.835
143,19.06 12:00,67.85
143,19.06 13:00,67.552
143,19.06 14:00,69.8
143,19.06 15:00,68.619
143,19.06 16:00,68.549
143,19.06 17:00,70.04
143,19.06 18:00,66.107
143,19.06 19:00,66.614
143,19.06 20:00,65.61
143,19.06 21:00,67.071
143,19.06 22:00,66.911
143,19.06 23:00,66.814
143,20.06 00:00,65.861
143,20.06 01:00,66.137
143,20.06 02:00,66.066
143,20.06 03:00,65.661
143,20.06 04:00,64.472
143,20.06 05:00,63.555
143,20.06 06:00,143.698
143,20.06 07:00,265.64
143,20.06 08:00,243.582
143,20.06 09:00,252.787
143,20.06 10:00,262.731
143,20.06 11:00,267.742
143,20.06 12:00,271.401
143,20.06 13:00,270.197
143,20.06 14:00,268.198
143,20.06 15:00,262.117
143,20.06 16:00,250.347
143,20.06 17:00,227.871
143,20.06 18:00,205.847
143,20.06 19:00,96.105
143,20.06 20:00,78.539
143,20.06 21:00,71.493
143,20.06 22:00,72.546
143,20.06 23:00,69.91
143,21.06 00:00,70.922
143,21.06 01:00,70.71
143,21.06 02:00,69.956
143,21.06 03:00,71.038
143,21.06 04:00,70.451
143,21.06 05:00,69.887
143,21.06 06:00,68.965
143,21.06 07:00,204.021
143,21.06 08:00,230.118
143,21.06 09:00,217.563
143,21.06 10:00,258.049
143,21.06 11:00,256.517
143,21.06 12:00,253.293
143,21.06 13:00,248.545
143,21.06 14:00,244.695
143,21.06 15:00,241.71
143,21.06 16:00,236.838
143,21.06 17:00,225.566
143,21.06 18:00,199.898
143,21.06 19:00,98.923
143,21.06 20:00,75.557
143,21.06 21:00,66.783
143,21.06 22:00,69.025
143,21.06 23:00,67.151
143,22.06 00:00,65.986
143,22.06 01:00,65.805
143,22.06 02:00,66.801
143,22.06 03:00,69.078
143,22.06 04:00,66.983
143,22.06 05:00,66.802
143,22.06 06:00,67.958
143,22.06 07:00,217.32
143,22.06 08:00,222.267
143,22.06 09:00,228.807
143,22.06 10:00,237.195
143,22.06 11:00,245.893
143,22.06 12:00,244.656
143,22.06 13:00,246.289
143,22.06 14:00,258.718
143,22.06 15:00,259.428
143,22.06 16:00,249.992
143,22.06 17:00,231.794
143,22.06 18:00,208.894
143,22.06 19:00,98.739
143,22.06 20:00,77.129
143,22.06 21:00,73.098
143,22.06 22:00,73.574
143,22.06 23:00,72.851
143,23.06 00:00,73.877
143,23.06 01:00,70.154
143,23.06 02:00,70.983
143,23.06 03:00,70.784
143,23.06 04:00,71.571
143,23.06 05:00,69.024
143,23.06 06:00,69.561
143,23.06 07:00,133.518
143,23.06 08:00,146.366
143,23.06 09:00,168.438
143,23.06 10:00,180.537
143,23.06 11:00,191.215
143,23.06 12:00,219.88
143,23.06 13:00,263.155
143,23.06 14:00,254.731
143,23.06 15:00,249.7
143,23.06 16:00,239.151
143,23.06 17:00,219.708
143,23.06 18:00,192.453
143,23.06 19:00,96.286
143,23.06 20:00,72.968
143,23.06 21:00,66.683
143,23.06 22:00,66.114
143,23.06 23:00,68.751
143,24.06 00:00,64.042
143,24.06 01:00,65.848
143,24.06 02:00,65.707
143,24.06 03:00,66.054
143,24.06 04:00,66.087
143,24.06 05:00,65.98
143,24.06 06:00,66.931
143,24.06 07:00,150.056
143,24.06 08:00,232.138
143,24.06 09:00,220.931
143,24.06 10:00,222.55
143,24.06 11:00,221.311
143,24.06 12:00,226.864
143,24.06 13:00,223.479
143,24.06 14:00,227.229
143,24.06 15:00,225.773
143,24.06 16:00,216.05
143,24.06 17:00,208.35
143,24.06 18:00,194.634
143,24.06 19:00,87.771
143,24.06 20:00,76.089
143,24.06 21:00,67.985
143,24.06 22:00,70.029
143,24.06 23:00,68.786
143,25.06 00:00,69.051
143,25.06 01:00,69.849
143,25.06 02:00,66.722
143,25.06 03:00,70.586
143,25.06 04:00,66.845
143,25.06 05:00,66.693
143,25.06 06:00,67.1
143,25.06 07:00,65.867
143,25.06 08:00,68.703
143,25.06 09:00,70.559
143,25.06 10:00,70.819
143,25.06 11:00,72.857
143,25.06 12:00,72.954
143,25.06 13:00,75.92
143,25.06 14:00,76.116
143,25.06 15:00,75.184
143,25.06 16:00,75.963
143,25.06 17:00,74.905
143,25.06 18:00,72.739
143,25.06 19:00,72.215
143,25.06 20:00,70.027
143,25.06 21:00,69.961
143,25.06 22:00,70.643
143,25.06 23:00,71.744
143,26.06 00:00,71.628
143,26.06 01:00,70.879
143,26.06 02:00,71.617
143,26.06 03:00,68.889
143,26.06 04:00,69.095
143,26.06 05:00,68.489
143,26.06 06:00,68.077
143,26.06 07:00,65.565
143,26.06 08:00,66.081
143,26.06 09:00,69.497
143,26.06 10:00,71.892
143,26.06 11:00,72.86
143,26.06 12:00,70.829
143,26.06 13:00,71.862
143,26.06 14:00,72.642
143,26.06 15:00,73.685
143,26.06 16:00,76.003
143,26.06 17:00,73.949
143,26.06 18:00,69.665
143,26.06 19:00,69.984
143,26.06 20:00,69.883
143,26.06 21:00,69.85
143,26.06 22:00,69.605
143,26.06 23:00,70.169
143,27.06 00:00,71.02
143,27.06 01:00,68.112
143,27.06 02:00,69.729
143,27.06 03:00,68.028
143,27.06 04:00,66.946
143,27.06 05:00,66.791
143,27.06 06:00,147.688
143,27.06 07:00,271.616
143,27.06 08:00,264.294
143,27.06 09:00,261.806
143,27.06 10:00,271.802
143,27.06 11:00,274.043
143,27.06 12:00,267.096
143,27.06 13:00,262.086
143,27.06 14:00,268.535
143,27.06 15:00,263.22
143,27.06 16:00,246.319
143,27.06 17:00,226.769
143,27.06 18:00,204.724
143,27.06 19:00,93.021
143,27.06 20:00,71.929
143,27.06 21:00,67.114
143,27.06 22:00,66.86
143,27.06 23:00,67.116
143,28.06 00:00,66.534
143,28.06 01:00,66.885
143,28.06 02:00,67.054
143,28.06 03:00,64.912
143,28.06 04:00,66.102
143,28.06 05:00,64.916
143,28.06 06:00,70.741
143,28.06 07:00,158.729
143,28.06 08:00,183.398
143,28.06 09:00,202.16
143,28.06 10:00,1.67
143,28.06 12:00,251.883
143,28.06 13:00,244.819
143,28.06 14:00,246.905
143,28.06 15:00,243.23
143,28.06 16:00,243.172
143,28.06 17:00,218.668
143,28.06 18:00,194.659
143,28.06 19:00,86.735
143,28.06 20:00,71.124
143,28.06 21:00,66.152
143,28.06 22:00,68.866
143,28.06 23:00,68.076
143,29.06 00:00,67.106
143,29.06 01:00,66.15
143,29.06 02:00,64.994
143,29.06 03:00,65.944
143,29.06 04:00,65.628
143,29.06 05:00,65.988
143,29.06 06:00,68.917
143,29.06 07:00,162.723
143,29.06 08:00,239.717
143,29.06 09:00,243.101
143,29.06 10:00,243.566
143,29.06 11:00,242.016
143,29.06 12:00,240.907
143,29.06 13:00,240.529
143,29.06 14:00,243.746
143,29.06 15:00,234.973
143,29.06 16:00,225.735
143,29.06 17:00,214.612
143,29.06 18:00,194.875
143,29.06 19:00,92.333
143,29.06 20:00,71.797
143,29.06 21:00,69.965
143,29.06 22:00,69.841
143,29.06 23:00,69.981
143,30.06 00:00,64.611
143,30.06 01:00,68.005
143,30.06 02:00,66.776
143,30.06 03:00,66.473
143,30.06 04:00,67.026
143,30.06 05:00,65.841
143,30.06 06:00,68.637
143,30.06 07:00,213.391
143,30.06 08:00,214.672
143,30.06 09:00,229.218
143,30.06 10:00,235.118
143,30.06 11:00,238.81
143,30.06 12:00,236.838
143,30.06 13:00,234.761
143,30.06 14:00,234.31
143,30.06 15:00,232.444
143,30.06 16:00,226.015
143,30.06 17:00,208.396
143,30.06 18:00,190.973
143,30.06 19:00,85.925
143,30.06 20:00,71.633
143,30.06 21:00,67.957
143,30.06 22:00,65.921
143,30.06 23:00,66.699
143,01.07 00:00,64.595
143,01.07 01:00,62.526
143,01.07 02:00,63.647
143,01.07 03:00,63.575
143,01.07 04:00,64.618
143,01.07 05:00,63.872
143,01.07 06:00,63.584
143,01.07 07:00,103.51
143,01.07 08:00,112.043
143,01.07 09:00,125.39
143,01.07 10:00,131.0
143,01.07 11:00,138.441
143,01.07 12:00,206.531
143,01.07 13:00,210.128
143,01.07 14:00,213.112
143,01.07 15:00,210.384
143,01.07 16:00,197.939
143,01.07 17:00,188.825
143,01.07 18:00,165.507
143,01.07 19:00,77.841
143,01.07 20:00,64.94
143,01.07 21:00,64.137
143,01.07 22:00,64.682
143,01.07 23:00,62.066
143,02.07 00:00,63.568
143,02.07 01:00,61.61
143,02.07 02:00,63.704
143,02.07 03:00,61.866
143,02.07 04:00,63.757
143,02.07 05:00,63.075
143,02.07 06:00,61.582
143,02.07 07:00,61.803
143,02.07 08:00,59.722
143,02.07 09:00,67.924
143,02.07 10:00,66.599
143,02.07 11:00,67.054
143,02.07 12:00,66.006
143,02.07 13:00,68.059
143,02.07 14:00,68.703
143,02.07 15:00,68.711
143,02.07 16:00,67.934
143,02.07 17:00,65.707
143,02.07 18:00,64.073
143,02.07 19:00,66.101
143,02.07 20:00,65.146
143,02.07 21:00,62.702
143,02.07 22:00,68.458
143,02.07 23:00,66.116
143,03.07 00:00,65.572
143,03.07 01:00,63.911
143,03.07 02:00,63.818
143,03.07 03:00,63.962
143,03.07 04:00,62.99
143,03.07 05:00,65.732
143,03.07 06:00,63.006
143,03.07 07:00,61.769
143,03.07 08:00,63.085
143,03.07 09:00,69.025
143,03.07 10:00,70.722
143,03.07 11:00,69.716
143,03.07 12:00,70.797
143,03.07 13:00,69.582
143,03.07 14:00,69.927
143,03.07 15:00,72.086
143,03.07 16:00,68.638
143,03.07 17:00,68.867
143,03.07 18:00,65.55
143,03.07 19:00,67.638
143,03.07 20:00,65.694
143,03.07 21:00,66.123
143,03.07 22:00,65.813
143,03.07 23:00,66.839
143,04.07 00:00,64.984
143,04.07 01:00,65.802
143,04.07 02:00,67.101
143,04.07 03:00,64.008
143,04.07 04:00,63.867
143,04.07 05:00,63.63
143,04.07 06:00,63.992
143,04.07 07:00,66.573
143,04.07 08:00,63.037
143,04.07 09:00,62.603
143,04.07 10:00,69.132
143,04.07 11:00,68.536
143,04.07 12:00,70.805
143,04.07 13:00,68.767
143,04.07 14:00,69.894
143,04.07 15:00,69.782
143,04.07 16:00,68.983
143,04.07 17:00,71.484
143,04.07 18:00,66.956
143,04.07 19:00,66.907
143,04.07 20:00,68.048
143,04.07 21:00,66.648
143,04.07 22:00,69.114
143,04.07 23:00,67.063
143,05.07 00:00,68.041
143,05.07 01:00,65.963
143,05.07 02:00,65.651
143,05.07 03:00,66.622
143,05.07 04:00,68.138
143,05.07 05:00,66.569
143,05.07 06:00,68.764
143,05.07 07:00,293.428
143,05.07 08:00,264.793
143,05.07 09:00,254.303
143,05.07 10:00,260.681
143,05.07 11:00,270.618
143,05.07 12:00,277.712
143,05.07 13:00,272.475
143,05.07 14:00,283.981
143,05.07 15:00,288.502
143,05.07 16:00,279.406
143,05.07 17:00,260.188
143,05.07 18:00,229.713
143,05.07 19:00,87.153
143,05.07 20:00,71.828
143,05.07 21:00,64.558
143,05.07 22:00,65.037
143,05.07 23:00,64.539
143,06.07 00:00,64.092
143,06.07 01:00,63.799
143,06.07 02:00,61.731
143,06.07 03:00,63.644
143,06.07 04:00,64.997
143,06.07 05:00,62.968
143,06.07 06:00,65.935
143,06.07 07:00,225.447
143,06.07 08:00,226.01
143,06.07 09:00,232.751
143,06.07 10:00,238.515
143,06.07 11:00,244.005
143,06.07 12:00,243.633
143,06.07 13:00,239.307
143,06.07 14:00,240.595
143,06.07 15:00,237.433
143,06.07 16:00,234.945
143,06.07 17:00,223.138
143,06.07 18:00,202.189
143,06.07 19:00,203.061
143,06.07 20:00,203.181
143,06.07 21:00,203.864
143,06.07 22:00,202.488
143,06.07 23:00,203.827
143,07.07 00:00,203.183
143,07.07 01:00,203.891
143,07.07 02:00,203.16
143,07.07 03:00,202.351
143,07.07 04:00,202.079
143,07.07 05:00,202.671
143,07.07 06:00,202.962
143,07.07 07:00,160.794
143,07.07 08:00,187.435
143,07.07 09:00,211.341
143,07.07 10:00,219.297
143,07.07 11:00,225.077
143,07.07 12:00,229.001
143,07.07 13:00,233.496
143,07.07 14:00,231.101
143,07.07 15:00,236.055
143,07.07 16:00,231.19
143,07.07 17:00,214.962
143,07.07 18:00,189.976
143,07.07 19:00,94.081
143,07.07 20:00,73.69
143,07.07 21:00,68.189
143,07.07 22:00,69.024
143,07.07 23:00,68.994
143,08.07 00:00,69.619
143,08.07 01:00,68.798
143,08.07 02:00,69.485
143,08.07 03:00,66.626
143,08.07 04:00,67.574
143,08.07 05:00,69.054
143,08.07 06:00,67.737
143,08.07 07:00,185.997
143,08.07 08:00,199.917
143,08.07 09:00,214.35
143,08.07 10:00,215.847
143,08.07 11:00,219.782
143,08.07 12:00,217.876
143,08.07 13:00,213.176
143,08.07 14:00,214.253
143,08.07 15:00,212.515
143,08.07 16:00,210.45
143,08.07 17:00,198.133
143,08.07 18:00,185.674
143,08.07 19:00,87.864
143,08.07 20:00,70.03
143,08.07 21:00,69.932
143,08.07 22:00,69.044
143,08.07 23:00,71.126
143,09.07 00:00,67.867
143,09.07 01:00,68.098
143,09.07 02:00,65.997
143,09.07 03:00,68.678
143,09.07 04:00,67.769
143,09.07 05:00,66.108
143,09.07 06:00,66.891
143,09.07 07:00,64.515
143,09.07 08:00,65.515
143,09.07 09:00,71.913
143,09.07 10:00,72.946
143,09.07 11:00,75.208
143,09.07 12:00,74.535
143,09.07 13:00,75.853
143,09.07 14:00,75.004
143,09.07 15:00,74.905
143,09.07 16:00,75.963
143,09.07 17:00,76.938
143,09.07 18:00,73.823
143,09.07 19:00,73.15
143,09.07 20:00,73.19
143,09.07 21:00,70.518
143,09.07 22:00,71.566
143,09.07 23:00,72.634
143,10.07 00:00,70.757
143,10.07 01:00,69.707
143,10.07 02:00,70.847
143,10.07 03:00,70.493
143,10.07 04:00,71.113
143,10.07 05:00,69.976
143,10.07 06:00,69.717
143,10.07 07:00,68.659
143,10.07 08:00,68.678
143,10.07 09:00,73.017
143,10.07 10:00,74.056
143,10.07 11:00,72.622
143,10.07 12:00,75.652
143,10.07 13:00,75.014
143,10.07 14:00,74.553
143,10.07 15:00,75.779
143,10.07 16:00,75.817
143,10.07 17:00,75.055
143,10.07 18:00,73.782
143,10.07 19:00,74.728
143,10.07 20:00,73.75
143,10.07 21:00,73.658
143,10.07 22:00,75.18
143,10.07 23:00,72.564
143,11.07 00:00,73.206
143,11.07 01:00,74.846
143,11.07 02:00,73.155
143,11.07 03:00,71.871
143,11.07 04:00,73.133
143,11.07 05:00,71.815
143,11.07 06:00,159.908
143,11.07 07:00,276.869
143,11.07 08:00,256.723
143,11.07 09:00,259.863
143,11.07 10:00,269.627
143,11.07 11:00,271.25
143,11.07 12:00,273.952
143,11.07 13:00,287.55
143,11.07 14:00,295.376
143,11.07 15:00,294.451
143,11.07 16:00,289.677
143,11.07 17:00,272.337
143,11.07 18:00,239.239
143,11.07 19:00,100.847
143,11.07 20:00,78.194
143,11.07 21:00,72.613
143,11.07 22:00,66.746
143,11.07 23:00,76.143
143,12.07 00:00,74.547
143,12.07 01:00,74.945
143,12.07 02:00,75.887
143,12.07 03:00,76.037
143,12.07 04:00,73.872
143,12.07 05:00,72.099
143,12.07 06:00,73.854
143,12.07 07:00,259.835
143,12.07 08:00,242.143
143,12.07 09:00,241.888
143,12.07 10:00,245.656
143,12.07 11:00,245.089
143,12.07 12:00,248.763
143,12.07 13:00,244.96
143,12.07 14:00,245.714
143,12.07 15:00,260.642
143,12.07 16:00,237.857
143,12.07 17:00,221.26
143,12.07 18:00,204.428
143,12.07 19:00,100.646
143,12.07 20:00,77.914
143,12.07 21:00,71.896
143,12.07 22:00,75.045
143,12.07 23:00,72.107
143,13.07 00:00,69.775
143,13.07 01:00,71.831
143,13.07 02:00,70.773
143,13.07 03:00,73.103
143,13.07 04:00,71.967
143,13.07 05:00,70.067
143,13.07 06:00,72.697
143,13.07 07:00,242.08
143,13.07 08:00,230.406
143,13.07 09:00,234.089
143,13.07 10:00,242.141
143,13.07 11:00,246.889
143,13.07 12:00,243.484
143,13.07 13:00,240.313
143,13.07 14:00,243.992
143,13.07 15:00,240.341
143,13.07 16:00,231.709
143,13.07 17:00,221.378
143,13.07 18:00,197.637
143,13.07 19:00,88.268
143,13.07 20:00,69.804
143,13.07 21:00,63.951
143,13.07 22:00,65.199
143,13.07 23:00,64.05
143,14.07 00:00,62.681
143,14.07 01:00,62.681
143,14.07 02:00,62.687
143,14.07 03:00,63.659
143,14.07 04:00,62.871
143,14.07 05:00,62.929
143,14.07 06:00,65.473
143,14.07 07:00,217.457
143,14.07 08:00,211.911
143,14.07 09:00,221.356
143,14.07 10:00,229.492
143,14.07 11:00,233.266
143,14.07 12:00,233.194
143,14.07 13:00,225.617
143,14.07 14:00,232.701
143,14.07 15:00,229.619
143,14.07 16:00,223.38
143,14.07 17:00,208.471
143,14.07 18:00,186.397
143,14.07 19:00,86.768
143,14.07 20:00,71.647
143,14.07 21:00,67.181
143,14.07 22:00,65.662
143,14.07 23:00,64.113
143,15.07 00:00,64.08
143,15.07 01:00,65.886
143,15.07 02:00,66.011
143,15.07 03:00,64.859
143,15.07 04:00,64.931
143,15.07 05:00,65.104
143,15.07 06:00,69.943
143,15.07 07:00,116.169
143,15.07 08:00,137.146
143,15.07 09:00,166.625
143,15.07 10:00,216.856
143,15.07 11:00,250.209
143,15.07 12:00,229.908
143,15.07 13:00,225.893
143,15.07 14:00,223.784
143,15.07 15:00,216.244
143,15.07 16:00,212.574
143,15.07 17:00,200.07
143,15.07 18:00,186.481
143,15.07 19:00,85.593
143,15.07 20:00,64.893
143,15.07 21:00,63.69
143,15.07 22:00,68.597
143,15.07 23:00,63.787
143,16.07 00:00,64.65
143,16.07 01:00,65.575
143,16.07 02:00,63.641
143,16.07 03:00,65.528
143,16.07 04:00,62.84
143,16.07 05:00,64.535
143,16.07 06:00,64.029
143,16.07 07:00,62.712
143,16.07 08:00,64.588
143,16.07 09:00,67.512
143,16.07 10:00,68.69
143,16.07 11:00,68.164
143,16.07 12:00,68.516
143,16.07 13:00,68.591
143,16.07 14:00,66.726
143,16.07 15:00,68.918
143,16.07 16:00,67.698
143,16.07 17:00,68.095
143,16.07 18:00,69.609
143,16.07 19:00,64.892
143,16.07 20:00,61.289
143,16.07 21:00,68.062
143,16.07 22:00,67.114
143,16.07 23:00,66.726
143,17.07 00:00,67.058
143,17.07 01:00,66.661
143,17.07 02:00,64.753
143,17.07 03:00,66.984
143,17.07 04:00,67.863
143,17.07 05:00,67.864
143,17.07 06:00,64.983
143,17.07 07:00,65.7
143,17.07 08:00,64.776
143,17.07 09:00,69.144
143,17.07 10:00,71.176
143,17.07 11:00,69.137
143,17.07 12:00,67.557
143,17.07 13:00,69.024
143,17.07 14:00,69.16
143,17.07 15:00,69.674
143,17.07 16:00,69.019
143,17.07 17:00,68.892
143,17.07 18:00,66.131
143,17.07 19:00,66.073
143,17.07 20:00,65.656
143,17.07 21:00,66.782
143,17.07 22:00,66.884
143,17.07 23:00,67.034
143,18.07 00:00,66.928
143,18.07 01:00,68.035
143,18.07 02:00,66.855
143,18.07 03:00,65.9
143,18.07 04:00,66.878
143,18.07 05:00,65.677
143,18.07 06:00,147.466
143,18.07 07:00,249.885
143,18.07 08:00,227.248
143,18.07 09:00,256.97
143,18.07 10:00,268.845
143,18.07 11:00,275.052
143,18.07 12:00,278.531
143,18.07 13:00,268.122
143,18.07 14:00,271.251
143,18.07 15:00,269.255
143,18.07 16:00,262.081
143,18.07 17:00,244.382
143,18.07 18:00,217.383
143,18.07 19:00,94.183
143,18.07 20:00,73.664
143,18.07 21:00,75.077
143,18.07 22:00,71.164
143,18.07 23:00,69.624
143,19.07 00:00,70.701
143,19.07 01:00,68.809
143,19.07 02:00,70.72
143,19.07 03:00,69.999
143,19.07 04:00,68.91
143,19.07 05:00,69.729
143,19.07 06:00,70.118
143,19.07 07:00,242.142
143,19.07 08:00,244.102
143,19.07 09:00,251.599
143,19.07 10:00,266.904
143,19.07 11:00,276.42
143,19.07 12:00,277.63
143,19.07 13:00,267.294
143,19.07 14:00,274.532
143,19.07 15:00,277.393
143,19.07 16:00,265.775
143,19.07 17:00,240.65
143,19.07 18:00,211.227
143,19.07 19:00,88.976
143,19.07 20:00,73.97
143,19.07 21:00,70.997
143,19.07 22:00,70.912
143,19.07 23:00,67.182
143,20.07 00:00,70.121
143,20.07 01:00,70.762
143,20.07 02:00,68.092
143,20.07 03:00,70.487
143,20.07 04:00,69.054
143,20.07 05:00,69.783
143,20.07 06:00,70.908
143,20.07 07:00,253.965
143,20.07 08:00,232.575
143,20.07 09:00,231.27
143,20.07 10:00,244.85
143,20.07 11:00,262.016
143,20.07 12:00,269.47
143,20.07 13:00,267.209
143,20.07 14:00,278.413
143,20.07 15:00,279.156
143,20.07 16:00,275.069
143,20.07 17:00,259.911
143,20.07 18:00,232.999
143,20.07 19:00,94.458
143,20.07 20:00,76.924
143,20.07 21:00,74.841
143,20.07 22:00,73.636
143,20.07 23:00,72.67
143,21.07 00:00,73.251
143,21.07 01:00,71.787
143,21.07 02:00,73.459
143,21.07 03:00,72.484
143,21.07 04:00,71.667
143,21.07 05:00,75.27
143,21.07 06:00,70.06
143,21.07 07:00,259.831
143,21.07 08:00,237.049
143,21.07 09:00,232.669
143,21.07 10:00,244.125
143,21.07 11:00,259.885
143,21.07 12:00,258.856
143,21.07 13:00,259.656
143,21.07 14:00,273.205
143,21.07 15:00,279.249
143,21.07 16:00,266.636
143,21.07 17:00,252.678
143,21.07 18:00,230.732
143,21.07 19:00,93.598
143,21.07 20:00,71.674
143,21.07 21:00,68.418
143,21.07 22:00,69.539
143,21.07 23:00,67.495
143,22.07 00:00,68.7
143,22.07 01:00,66.4
143,22.07 02:00,66.89
143,22.07 03:00,66.693
143,22.07 04:00,66.397
143,22.07 05:00,66.709
143,22.07 06:00,68.713
143,22.07 07:00,256.66
143,22.07 08:00,226.813
143,22.07 09:00,221.359
143,22.07 10:00,224.865
143,22.07 11:00,232.381
143,22.07 12:00,232.876
143,22.07 13:00,229.688
143,22.07 14:00,224.803
143,22.07 15:00,227.976
143,22.07 16:00,223.944
143,22.07 17:00,213.869
143,22.07 18:00,198.149
143,22.07 19:00,80.56
143,22.07 20:00,65.009
143,22.07 21:00,66.825
143,22.07 22:00,66.994
143,22.07 23:00,67.911
143,23.07 00:00,62.972
143,23.07 01:00,65.447
143,23.07 02:00,64.57
143,23.07 03:00,64.647
143,23.07 04:00,64.642
143,23.07 05:00,63.479
143,23.07 06:00,63.911
143,23.07 07:00,62.576
143,23.07 08:00,62.722
143,23.07 09:00,66.488
143,23.07 10:00,67.482
143,23.07 11:00,67.983
143,23.07 12:00,68.445
143,23.07 13:00,68.494
143,23.07 14:00,68.73
143,23.07 15:00,68.853
143,23.07 16:00,67.392
143,23.07 17:00,67.89
143,23.07 18:00,64.387
143,23.07 19:00,61.878
143,23.07 20:00,62.597
143,23.07 21:00,61.675
143,23.07 22:00,62.466
143,23.07 23:00,62.383
143,24.07 00:00,61.83
143,24.07 01:00,62.743
143,24.07 02:00,60.801
143,24.07 03:00,60.435
143,24.07 04:00,61.503
143,24.07 05:00,60.411
143,24.07 06:00,61.401
143,24.07 07:00,59.62
143,24.07 08:00,59.862
143,24.07 09:00,63.748
143,24.07 10:00,64.757
143,24.07 11:00,63.879
143,24.07 12:00,64.967
143,24.07 13:00,64.657
143,24.07 14:00,63.911
143,24.07 15:00,63.852
143,24.07 16:00,65.901
143,24.07 17:00,66.636
143,24.07 18:00,60.689
143,24.07 19:00,61.777
143,24.07 20:00,62.754
143,24.07 21:00,59.585
143,24.07 22:00,63.862
143,24.07 23:00,62.358
143,25.07 00:00,61.503
143,25.07 01:00,61.533
143,25.07 02:00,60.635
143,25.07 03:00,59.867
143,25.07 04:00,62.594
143,25.07 05:00,60.665
143,25.07 06:00,145.125
143,25.07 07:00,269.92
143,25.07 08:00,256.248
143,25.07 09:00,263.399
143,25.07 10:00,267.256
143,25.07 11:00,274.529
143,25.07 12:00,273.208
143,25.07 13:00,266.73
143,25.07 14:00,276.574
143,25.07 15:00,269.415
143,25.07 16:00,267.29
143,25.07 17:00,251.917
143,25.07 18:00,229.478
143,25.07 19:00,91.502
143,25.07 20:00,72.331
143,25.07 21:00,69.884
143,25.07 22:00,73.367
143,25.07 23:00,68.472
143,26.07 00:00,69.541
143,26.07 01:00,69.73
143,26.07 02:00,68.827
143,26.07 03:00,67.46
143,26.07 04:00,68.401
143,26.07 05:00,67.538
143,26.07 06:00,70.436
143,26.07 07:00,269.926
143,26.07 08:00,253.839
143,26.07 09:00,256.52
143,26.07 10:00,260.767
143,26.07 11:00,273.91
143,26.07 12:00,276.125
143,26.07 13:00,268.406
143,26.07 14:00,269.998
143,26.07 15:00,263.698
143,26.07 16:00,268.771
143,26.07 17:00,254.548
143,26.07 18:00,223.583
143,26.07 19:00,92.764
143,26.07 20:00,70.349
143,26.07 21:00,65.822
143,26.07 22:00,67.528
143,26.07 23:00,66.733
143,27.07 00:00,66.479
143,27.07 01:00,65.788
143,27.07 02:00,64.523
143,27.07 03:00,66.789
143,27.07 04:00,66.777
143,27.07 05:00,65.292
143,27.07 06:00,69.93
143,27.07 07:00,270.082
143,27.07 08:00,246.736
143,27.07 09:00,246.024
143,27.07 10:00,251.9
143,27.07 11:00,260.483
143,27.07 12:00,258.737
143,27.07 13:00,254.45
143,27.07 14:00,256.75
143,27.07 15:00,241.004
143,27.07 16:00,230.726
143,27.07 17:00,216.548
143,27.07 18:00,195.961
143,27.07 19:00,86.841
143,27.07 20:00,68.664
143,27.07 21:00,65.612
143,27.07 22:00,65.534
143,27.07 23:00,64.777
143,28.07 00:00,65.624
143,28.07 01:00,61.845
143,28.07 02:00,63.722
143,28.07 03:00,63.604
143,28.07 04:00,62.539
143,28.07 05:00,62.023
143,28.07 06:00,67.639
143,28.07 07:00,210.073
143,28.07 08:00,213.794
143,28.07 09:00,220.253
143,28.07 10:00,226.447
143,28.07 11:00,230.256
143,28.07 12:00,230.61
143,28.07 13:00,227.124
143,28.07 14:00,225.117
143,28.07 15:00,230.616
143,28.07 16:00,220.706
143,28.07 17:00,204.322
143,28.07 18:00,191.331
143,28.07 19:00,85.313
143,28.07 20:00,67.471
143,28.07 21:00,63.942
143,28.07 22:00,63.802
143,28.07 23:00,64.458
143,29.07 00:00,60.063
143,29.07 01:00,62.503
143,29.07 02:00,61.693
143,29.07 03:00,62.443
143,29.07 04:00,62.78
143,29.07 05:00,60.609
143,29.07 06:00,64.694
143,29.07 07:00,107.546
143,29.07 08:00,130.032
143,29.07 09:00,226.869
143,29.07 10:00,220.726
143,29.07 11:00,217.922
143,29.07 12:00,221.478
143,29.07 13:00,218.69
143,29.07 14:00,220.64
143,29.07 15:00,220.072
143,29.07 16:00,214.73
143,29.07 17:00,202.425
143,29.07 18:00,180.56
143,29.07 19:00,86.704
143,29.07 20:00,70.874
143,29.07 21:00,65.656
143,29.07 22:00,66.509
143,29.07 23:00,68.739
143,30.07 00:00,67.343
143,30.07 01:00,66.641
143,30.07 02:00,65.41
143,30.07 03:00,67.558
143,30.07 04:00,68.461
143,30.07 05:00,66.562
143,30.07 06:00,62.737
143,30.07 07:00,65.536
143,30.07 08:00,66.915
143,30.07 09:00,69.573
143,30.07 10:00,74.807
143,30.07 11:00,70.458
143,30.07 12:00,71.847
143,30.07 13:00,69.252
143,30.07 14:00,70.366
143,30.07 15:00,71.973
143,30.07 16:00,69.908
143,30.07 17:00,67.452
143,30.07 18:00,65.39
143,30.07 19:00,66.777
143,30.07 20:00,67.528
143,30.07 21:00,65.819
143,30.07 22:00,68.646
143,30.07 23:00,65.355
143,31.07 00:00,66.909
143,31.07 01:00,70.803
143,31.07 02:00,67.747
143,31.07 03:00,68.457
143,31.07 04:00,69.385
143,31.07 05:00,68.279
143,31.07 06:00,68.631
143,31.07 07:00,67.42
143,31.07 08:00,66.887
143,31.07 09:00,70.75
143,31.07 10:00,72.843
143,31.07 11:00,73.649
143,31.07 12:00,73.578
143,31.07 13:00,71.779
143,31.07 14:00,68.558
143,31.07 15:00,70.753
143,31.07 16:00,70.552
143,31.07 17:00,70.571
143,31.07 18:00,67.667
143,31.07 19:00,67.56
143,31.07 20:00,65.635
143,31.07 21:00,67.693
143,31.07 22:00,69.423
143,31.07 23:00,68.406
143,01.08 00:00,66.335
143,01.08 01:00,67.293
143,01.08 02:00,66.476
143,01.08 03:00,65.433
143,01.08 04:00,67.323
143,01.08 05:00,68.61
143,01.08 06:00,153.87
143,01.08 07:00,287.655
143,01.08 08:00,252.695
143,01.08 09:00,253.714
143,01.08 10:00,272.775
143,01.08 11:00,280.91
143,01.08 12:00,285.562
143,01.08 13:00,276.101
143,01.08 14:00,276.442
143,01.08 15:00,279.633
143,01.08 16:00,265.443
143,01.08 17:00,240.652
143,01.08 18:00,214.695
143,01.08 19:00,90.989
143,01.08 20:00,71.611
143,01.08 21:00,66.765
143,01.08 22:00,66.627
143,01.08 23:00,67.737
143,02.08 00:00,64.581
143,02.08 01:00,65.817
143,02.08 02:00,65.568
143,02.08 03:00,63.805
143,02.08 04:00,65.545
143,02.08 05:00,64.884
143,02.08 06:00,66.396
143,02.08 07:00,266.6
143,02.08 08:00,241.79
143,02.08 09:00,250.053
143,02.08 10:00,255.889
143,02.08 11:00,261.748
143,02.08 12:00,263.85
143,02.08 13:00,260.46
143,02.08 14:00,264.37
143,02.08 15:00,268.284
143,02.08 16:00,255.679
143,02.08 17:00,239.954
143,02.08 18:00,216.814
143,02.08 19:00,93.763
143,02.08 20:00,73.646
143,02.08 21:00,68.606
143,02.08 22:00,69.604
143,02.08 23:00,68.317
143,03.08 00:00,68.388
143,03.08 01:00,68.642
143,03.08 02:00,67.333
143,03.08 03:00,69.81
143,03.08 04:00,70.787
143,03.08 05:00,67.485
143,03.08 06:00,70.534
143,03.08 07:00,271.127
143,03.08 08:00,243.969
143,03.08 09:00,248.32
143,03.08 10:00,261.464
143,03.08 11:00,267.554
143,03.08 12:00,267.372
143,03.08 13:00,269.298
143,03.08 14:00,275.719
143,03.08 15:00,269.56
143,03.08 16:00,259.863
143,03.08 17:00,243.041
143,03.08 18:00,215.122
143,03.08 19:00,95.751
143,03.08 20:00,75.002
143,03.08 21:00,67.331
143,03.08 22:00,67.768
143,03.08 23:00,67.713
143,04.08 00:00,66.637
143,04.08 01:00,65.48
143,04.08 02:00,66.898
143,04.08 03:00,67.482
143,04.08 04:00,64.334
143,04.08 05:00,66.676
143,04.08 06:00,68.349
143,04.08 07:00,269.981
143,04.08 08:00,235.909
143,04.08 09:00,236.414
143,04.08 10:00,244.469
143,04.08 11:00,248.577
143,04.08 12:00,250.505
143,04.08 13:00,252.954
143,04.08 14:00,258.458
143,04.08 15:00,252.967
143,04.08 16:00,245.9
143,04.08 17:00,219.567
143,04.08 18:00,202.253
143,04.08 19:00,96.362
143,04.08 20:00,72.517
143,04.08 21:00,64.849
143,04.08 22:00,66.746
143,04.08 23:00,65.713
143,05.08 00:00,67.328
143,05.08 01:00,66.754
143,05.08 02:00,67.619
143,05.08 03:00,68.84
143,05.08 04:00,67.656
143,05.08 05:00,67.778
143,05.08 06:00,72.778
143,05.08 07:00,207.354
143,05.08 08:00,204.914
143,05.08 09:00,211.831
143,05.08 10:00,221.973
143,05.08 11:00,222.202
143,05.08 12:00,224.966
143,05.08 13:00,221.673
143,05.08 14:00,219.652
143,05.08 15:00,219.65
143,05.08 16:00,214.801
143,05.08 17:00,198.961
143,05.08 18:00,187.103
143,05.08 19:00,88.936
143,05.08 20:00,66.423
143,05.08 21:00,65.901
143,05.08 22:00,66.625
143,05.08 23:00,66.586
143,06.08 00:00,66.671
143,06.08 01:00,65.465
143,06.08 02:00,65.41
143,06.08 03:00,64.65
143,06.08 04:00,67.689
143,06.08 05:00,66.36
143,06.08 06:00,64.307
143,06.08 07:00,63.737
143,06.08 08:00,62.485
143,06.08 09:00,67.421
143,06.08 10:00,69.572
143,06.08 11:00,68.697
143,06.08 12:00,71.822
143,06.08 13:00,69.974
143,06.08 14:00,68.884
143,06.08 15:00,69.715
143,06.08 16:00,69.773
143,06.08 17:00,66.609
143,06.08 18:00,65.425
143,06.08 19:00,64.986
143,06.08 20:00,62.871
143,06.08 21:00,65.481
143,06.08 22:00,63.434
143,06.08 23:00,63.616
143,07.08 00:00,68.388
143,07.08 01:00,66.641
143,07.08 02:00,68.86
143,07.08 03:00,64.837
143,07.08 04:00,66.7
143,07.08 05:00,65.44
143,07.08 06:00,65.459
143,07.08 07:00,67.571
143,07.08 08:00,63.89
143,07.08 09:00,68.779
143,07.08 10:00,70.93
143,07.08 11:00,68.843
143,07.08 12:00,71.329
143,07.08 13:00,72.402
143,07.08 14:00,68.776
143,07.08 15:00,67.344
143,07.08 16:00,68.599
143,07.08 17:00,68.557
143,07.08 18:00,65.624
143,07.08 19:00,65.69
143,07.08 20:00,64.902
143,07.08 21:00,64.465
143,07.08 22:00,66.508
143,07.08 23:00,66.675
143,08.08 00:00,65.537
143,08.08 01:00,64.514
143,08.08 02:00,66.633
143,08.08 03:00,67.767
143,08.08 04:00,68.714
143,08.08 05:00,68.404
143,08.08 06:00,144.92
143,08.08 07:00,268.497
143,08.08 08:00,253.207
143,08.08 09:00,258.365
143,08.08 10:00,277.139
143,08.08 11:00,279.996
143,08.08 12:00,276.271
143,08.08 13:00,271.59
143,08.08 14:00,270.845
143,08.08 15:00,266.873
143,08.08 16:00,254.647
143,08.08 17:00,237.293
143,08.08 18:00,212.889
143,08.08 19:00,93.801
143,08.08 20:00,70.369
143,08.08 21:00,68.648
143,08.08 22:00,70.465
143,08.08 23:00,65.338
143,09.08 00:00,68.656
143,09.08 01:00,65.809
143,09.08 02:00,68.733
143,09.08 03:00,66.499
143,09.08 04:00,69.631
143,09.08 05:00,71.451
143,09.08 06:00,72.635
143,09.08 07:00,250.108
143,09.08 08:00,238.392
143,09.08 09:00,252.804
143,09.08 10:00,267.049
143,09.08 11:00,282.998
143,09.08 12:00,273.951
143,09.08 13:00,270.786
143,09.08 14:00,278.226
143,09.08 15:00,271.809
143,09.08 16:00,266.875
143,09.08 17:00,251.278
143,09.08 18:00,222.547
143,09.08 19:00,93.361
143,09.08 20:00,75.861
143,09.08 21:00,75.757
143,09.08 22:00,76.296
143,09.08 23:00,78.192
143,10.08 00:00,76.008
143,10.08 01:00,76.356
143,10.08 02:00,75.363
143,10.08 03:00,73.268
143,10.08 04:00,75.778
143,10.08 05:00,75.885
143,10.08 06:00,74.772
143,10.08 07:00,266.415
143,10.08 08:00,243.273
143,10.08 09:00,258.727
143,10.08 10:00,243.635
143,10.08 11:00,268.811
143,10.08 12:00,273.644
143,10.08 13:00,273.17
143,10.08 14:00,270.66
143,10.08 15:00,282.258
143,10.08 16:00,280.895
143,10.08 17:00,260.51
143,10.08 18:00,234.167
143,10.08 19:00,98.112
143,10.08 20:00,72.968
143,10.08 21:00,69.325
143,10.08 22:00,68.939
143,10.08 23:00,66.808
143,11.08 00:00,68.939
143,11.08 01:00,66.541
143,11.08 02:00,67.329
143,11.08 03:00,66.809
143,11.08 04:00,66.673
143,11.08 05:00,68.942
143,11.08 06:00,70.846
143,11.08 07:00,244.357
143,11.08 08:00,227.589
143,11.08 09:00,231.747
143,11.08 10:00,236.454
143,11.08 11:00,247.051
143,11.08 12:00,249.965
143,11.08 13:00,250.725
143,11.08 14:00,261.774
143,11.08 15:00,250.737
143,11.08 16:00,248.609
143,11.08 17:00,225.586
143,11.08 18:00,198.849
143,11.08 19:00,90.545
143,11.08 20:00,70.55
143,11.08 21:00,67.943
143,11.08 22:00,68.55
143,11.08 23:00,64.871
143,12.08 00:00,65.527
143,12.08 01:00,66.879
143,12.08 02:00,65.39
143,12.08 03:00,67.688
143,12.08 04:00,64.592
143,12.08 05:00,66.933
143,12.08 06:00,68.794
143,12.08 07:00,229.059
143,12.08 08:00,215.737
143,12.08 09:00,221.202
143,12.08 10:00,225.605
143,12.08 11:00,239.714
143,12.08 12:00,229.275
143,12.08 13:00,224.595
143,12.08 14:00,229.592
143,12.08 15:00,219.53
143,12.08 16:00,211.426
143,12.08 17:00,199.825
143,12.08 18:00,176.672
143,12.08 19:00,80.595
143,12.08 20:00,60.412
143,12.08 21:00,62.421
143,12.08 22:00,64.4
143,12.08 23:00,61.322
143,13.08 00:00,63.27
143,13.08 01:00,62.3
143,13.08 02:00,62.458
143,13.08 03:00,63.794
143,13.08 04:00,62.488
143,13.08 05:00,61.281
143,13.08 06:00,62.246
143,13.08 07:00,61.795
143,13.08 08:00,61.812
143,13.08 09:00,64.782
143,13.08 10:00,65.435
143,13.08 11:00,67.774
143,13.08 12:00,64.23
143,13.08 13:00,68.239
143,13.08 14:00,66.429
143,13.08 15:00,66.64
143,13.08 16:00,64.386
143,13.08 17:00,65.694
143,13.08 18:00,59.673
143,13.08 19:00,62.433
143,13.08 20:00,60.238
143,13.08 21:00,61.262
143,13.08 22:00,61.765
143,13.08 23:00,61.521
143,14.08 00:00,64.66
143,14.08 01:00,64.672
143,14.08 02:00,62.528
143,14.08 03:00,64.222
143,14.08 04:00,63.347
143,14.08 05:00,64.578
143,14.08 06:00,62.419
143,14.08 07:00,63.327
143,14.08 08:00,60.765
143,14.08 09:00,65.516
143,14.08 10:00,68.195
143,14.08 11:00,67.595
143,14.08 12:00,66.628
143,14.08 13:00,67.353
143,14.08 14:00,65.553
143,14.08 15:00,66.497
143,14.08 16:00,64.534
143,14.08 17:00,63.831
143,14.08 18:00,61.59
143,14.08 19:00,61.477
143,14.08 20:00,61.682
143,14.08 21:00,62.325
143,14.08 22:00,61.284
143,14.08 23:00,60.774
143,15.08 00:00,62.712
143,15.08 01:00,63.302
143,15.08 02:00,66.529
143,15.08 03:00,65.301
143,15.08 04:00,64.684
143,15.08 05:00,65.385
143,15.08 06:00,137.834
143,15.08 07:00,234.187
143,15.08 08:00,226.402
143,15.08 09:00,239.563
143,15.08 10:00,249.288
143,15.08 11:00,255.538
143,15.08 12:00,255.265
143,15.08 13:00,255.654
143,15.08 14:00,257.423
143,15.08 15:00,248.794
143,15.08 16:00,245.81
143,15.08 17:00,226.093
143,15.08 18:00,205.312
143,15.08 19:00,86.512
143,15.08 20:00,70.383
143,15.08 21:00,66.871
143,15.08 22:00,52.448
143,15.08 23:00,63.637
143,16.08 00:00,62.751
143,16.08 01:00,65.592
143,16.08 02:00,66.23
143,16.08 03:00,65.223
143,16.08 04:00,66.73
143,16.08 05:00,65.386
143,16.08 06:00,67.757
143,16.08 07:00,236.6
143,16.08 08:00,231.627
143,16.08 09:00,236.404
143,16.08 10:00,243.738
143,16.08 11:00,249.094
143,16.08 12:00,250.757
143,16.08 13:00,248.697
143,16.08 14:00,249.519
143,16.08 15:00,240.579
143,16.08 16:00,239.409
143,16.08 17:00,222.78
143,16.08 18:00,193.253
143,16.08 19:00,90.722
143,16.08 20:00,69.229
143,16.08 21:00,65.601
143,16.08 22:00,62.422
143,16.08 23:00,64.424
143,17.08 00:00,62.699
143,17.08 01:00,63.744
143,17.08 02:00,63.647
143,17.08 03:00,64.757
143,17.08 04:00,62.598
143,17.08 05:00,64.318
143,17.08 06:00,65.988
143,17.08 07:00,216.53
143,17.08 08:00,206.983
143,17.08 09:00,217.501
143,17.08 10:00,227.371
143,17.08 11:00,234.146
143,17.08 12:00,241.558
143,17.08 13:00,242.64
143,17.08 14:00,245.025
143,17.08 15:00,241.605
143,17.08 16:00,232.216
143,17.08 17:00,214.921
143,17.08 18:00,192.959
143,17.08 19:00,90.913
143,17.08 20:00,69.411
143,17.08 21:00,66.808
143,17.08 22:00,65.647
143,17.08 23:00,67.551
143,18.08 00:00,64.245
143,18.08 01:00,65.643
143,18.08 02:00,65.598
143,18.08 03:00,68.438
143,18.08 04:00,68.206
143,18.08 05:00,68.328
143,18.08 06:00,69.321
143,18.08 07:00,218.405
143,18.08 08:00,228.792
143,18.08 09:00,231.997
143,18.08 10:00,234.977
143,18.08 11:00,248.572
143,18.08 12:00,244.54
143,18.08 13:00,237.032
143,18.08 14:00,236.152
143,18.08 15:00,231.361
143,18.08 16:00,226.287
143,18.08 17:00,207.226
143,18.08 18:00,187.057
143,18.08 19:00,88.147
143,18.08 20:00,67.378
143,18.08 21:00,63.679
143,18.08 22:00,62.655
143,18.08 23:00,64.437
143,19.08 00:00,63.714
143,19.08 01:00,60.385
143,19.08 02:00,63.655
143,19.08 03:00,61.388
143,19.08 04:00,65.574
143,19.08 05:00,65.263
143,19.08 06:00,64.473
143,19.08 07:00,196.616
143,19.08 08:00,208.509
143,19.08 09:00,214.819
143,19.08 10:00,214.681
143,19.08 11:00,217.673
143,19.08 12:00,215.493
143,19.08 13:00,211.013
143,19.08 14:00,213.346
143,19.08 15:00,212.454
143,19.08 16:00,208.154
143,19.08 17:00,194.614
143,19.08 18:00,179.436
143,19.08 19:00,81.248
143,19.08 20:00,64.667
143,19.08 21:00,64.528
143,19.08 22:00,65.846
143,19.08 23:00,64.284
143,20.08 00:00,62.727
143,20.08 01:00,63.298
143,20.08 02:00,63.203
143,20.08 03:00,64.378
143,20.08 04:00,63.327
143,20.08 05:00,63.682
143,20.08 06:00,62.398
143,20.08 07:00,62.265
143,20.08 08:00,62.622
143,20.08 09:00,66.72
143,20.08 10:00,64.701
143,20.08 11:00,65.422
143,20.08 12:00,65.855
143,20.08 13:00,65.256
143,20.08 14:00,65.576
143,20.08 15:00,65.469
143,20.08 16:00,65.612
143,20.08 17:00,66.303
143,20.08 18:00,61.449
143,20.08 19:00,62.538
143,20.08 20:00,61.819
143,20.08 21:00,62.49
143,20.08 22:00,61.429
143,20.08 23:00,61.515
143,21.08 00:00,64.308
143,21.08 01:00,62.454
143,21.08 02:00,62.575
143,21.08 03:00,62.349
143,21.08 04:00,62.3
143,21.08 05:00,62.315
143,21.08 06:00,61.315
143,21.08 07:00,61.264
143,21.08 08:00,60.35
143,21.08 09:00,65.766
143,21.08 10:00,65.59
143,21.08 11:00,66.838
143,21.08 12:00,65.769
143,21.08 13:00,65.372
143,21.08 14:00,66.645
143,21.08 15:00,66.766
143,21.08 16:00,65.841
143,21.08 17:00,66.519
143,21.08 18:00,61.513
143,21.08 19:00,63.35
143,21.08 20:00,63.473
143,21.08 21:00,62.457
143,21.08 22:00,63.657
143,21.08 23:00,62.763
143,22.08 00:00,62.733
143,22.08 01:00,64.244
143,22.08 02:00,63.711
143,22.08 03:00,63.543
143,22.08 04:00,62.678
143,22.08 05:00,62.652
143,22.08 06:00,85.513
143,22.08 07:00,149.647
143,22.08 08:00,175.881
143,22.08 09:00,249.121
143,22.08 10:00,246.632
143,22.08 11:00,245.334
143,22.08 12:00,252.378
143,22.08 13:00,247.767
143,22.08 14:00,245.397
143,22.08 15:00,240.806
143,22.08 16:00,235.022
143,22.08 17:00,222.896
143,22.08 18:00,205.553
143,22.08 19:00,91.533
143,22.08 20:00,69.751
143,22.08 21:00,65.737
143,22.08 22:00,65.833
143,22.08 23:00,65.802
143,23.08 00:00,64.509
143,23.08 01:00,64.213
143,23.08 02:00,67.412
143,23.08 03:00,68.552
143,23.08 04:00,65.549
143,23.08 05:00,67.585
143,23.08 06:00,69.398
143,23.08 07:00,212.582
143,23.08 08:00,213.069
143,23.08 09:00,220.703
143,23.08 10:00,228.475
143,23.08 11:00,233.477
143,23.08 12:00,239.495
143,23.08 13:00,239.375
143,23.08 14:00,247.55
143,23.08 15:00,245.365
143,23.08 16:00,238.133
143,23.08 17:00,219.943
143,23.08 18:00,191.99
143,23.08 19:00,87.472
143,23.08 20:00,67.557
143,23.08 21:00,64.512
143,23.08 22:00,66.521
143,23.08 23:00,64.826
143,24.08 00:00,64.861
143,24.08 01:00,66.726
143,24.08 02:00,67.428
143,24.08 03:00,64.636
143,24.08 04:00,65.263
143,24.08 05:00,66.599
143,24.08 06:00,68.788
143,24.08 07:00,206.478
143,24.08 08:00,210.586
143,24.08 09:00,239.336
143,24.08 10:00,210.609
143,24.08 11:00,229.49
143,24.08 12:00,229.005
143,24.08 13:00,230.396
143,24.08 14:00,225.643
143,24.08 15:00,226.301
143,24.08 16:00,223.729
143,24.08 17:00,205.398
143,24.08 18:00,182.864
143,24.08 19:00,85.666
143,24.08 20:00,67.78
143,24.08 21:00,63.559
143,24.08 22:00,63.555
143,24.08 23:00,62.254
143,25.08 00:00,64.422
143,25.08 01:00,62.235
143,25.08 02:00,62.351
143,25.08 03:00,62.227
143,25.08 04:00,62.554
143,25.08 05:00,64.234
143,25.08 06:00,64.551
143,25.08 07:00,107.852
143,25.08 08:00,155.172
143,25.08 09:00,219.143
143,25.08 10:00,218.091
143,25.08 11:00,215.169
143,25.08 12:00,213.538
143,25.08 13:00,214.031
143,25.08 14:00,216.159
143,25.08 15:00,214.038
143,25.08 16:00,207.955
143,25.08 17:00,201.765
143,25.08 18:00,175.075
143,25.08 19:00,82.169
143,25.08 20:00,63.527
143,25.08 21:00,60.563
143,25.08 22:00,59.363
143,25.08 23:00,60.449
143,26.08 00:00,58.46
143,26.08 01:00,59.385
143,26.08 02:00,59.67
143,26.08 03:00,59.249
143,26.08 04:00,59.619
143,26.08 05:00,61.578
143,26.08 06:00,60.691
143,26.08 07:00,92.755
143,26.08 08:00,116.115
143,26.08 09:00,135.114
143,26.08 10:00,178.312
143,26.08 11:00,224.002
143,26.08 12:00,218.488
143,26.08 13:00,206.026
143,26.08 14:00,202.472
143,26.08 15:00,188.889
143,26.08 16:00,178.697
143,26.08 17:00,175.358
143,26.08 18:00,160.161
143,26.08 19:00,74.781
143,26.08 20:00,60.8
143,26.08 21:00,59.623
143,26.08 22:00,60.525
143,26.08 23:00,58.279
143,27.08 00:00,61.36
143,27.08 01:00,58.364
143,27.08 02:00,59.729
143,27.08 03:00,61.913
143,27.08 04:00,59.298
143,27.08 05:00,60.797
143,27.08 06:00,59.44
143,27.08 07:00,58.35
143,27.08 08:00,57.256
143,27.08 09:00,62.685
143,27.08 10:00,63.81
143,27.08 11:00,63.678
143,27.08 12:00,64.702
143,27.08 13:00,62.314
143,27.08 14:00,62.766
143,27.08 15:00,63.691
143,27.08 16:00,62.696
143,27.08 17:00,62.648
143,27.08 18:00,57.554
143,27.08 19:00,57.714
143,27.08 20:00,58.462
143,27.08 21:00,59.804
143,27.08 22:00,58.46
143,27.08 23:00,59.382
143,28.08 00:00,58.359
143,28.08 01:00,60.507
143,28.08 02:00,57.268
143,28.08 03:00,59.375
143,28.08 04:00,59.505
143,28.08 05:00,58.488
143,28.08 06:00,60.374
143,28.08 07:00,59.612
143,28.08 08:00,58.625
143,28.08 09:00,61.245
143,28.08 10:00,62.494
143,28.08 11:00,63.607
143,28.08 12:00,62.598
143,28.08 13:00,63.519
143,28.08 14:00,62.268
143,28.08 15:00,63.387
143,28.08 16:00,62.361
143,28.08 17:00,61.365
143,28.08 18:00,60.735
143,28.08 19:00,58.69
143,28.08 20:00,56.175
143,28.08 21:00,62.372
143,28.08 22:00,60.446
143,28.08 23:00,59.354
143,29.08 00:00,58.287
143,29.08 01:00,59.295
143,29.08 02:00,63.495
143,29.08 03:00,62.549
143,29.08 04:00,61.26
143,29.08 05:00,62.595
143,29.08 06:00,137.195
143,29.08 07:00,225.508
143,29.08 08:00,229.61
143,29.08 09:00,232.464
143,29.08 10:00,241.788
143,29.08 11:00,249.481
143,29.08 12:00,256.361
143,29.08 13:00,255.251
143,29.08 14:00,245.995
143,29.08 15:00,247.103
143,29.08 16:00,251.081
143,29.08 17:00,237.682
143,29.08 18:00,213.766
143,29.08 19:00,90.442
143,29.08 20:00,64.358
143,29.08 21:00,64.824
143,29.08 22:00,62.36
143,29.08 23:00,62.526
143,30.08 00:00,63.224
143,30.08 01:00,61.725
143,30.08 02:00,63.329
143,30.08 03:00,65.298
143,30.08 04:00,62.291
143,30.08 05:00,63.32
143,30.08 06:00,63.685
143,30.08 07:00,212.883
143,30.08 08:00,209.267
143,30.08 09:00,218.608
143,30.08 10:00,226.646
143,30.08 11:00,229.065
143,30.08 12:00,227.272
143,30.08 13:00,224.599
143,30.08 14:00,227.42
143,30.08 15:00,226.576
143,30.08 16:00,220.523
143,30.08 17:00,206.636
143,30.08 18:00,189.848
143,30.08 19:00,88.315
143,30.08 20:00,65.274
143,30.08 21:00,62.822
143,30.08 22:00,62.761
143,30.08 23:00,63.688
143,31.08 00:00,60.709
143,31.08 01:00,61.545
143,31.08 02:00,61.26
143,31.08 03:00,61.554
143,31.08 04:00,63.781
143,31.08 05:00,61.329
143,31.08 06:00,62.724
143,31.08 07:00,108.793
143,31.08 08:00,135.99
143,31.08 09:00,156.074
143,31.08 10:00,223.594
143,31.08 11:00,231.36
143,31.08 12:00,232.049
143,31.08 13:00,223.259
143,31.08 14:00,223.572
143,31.08 15:00,220.461
143,31.08 16:00,210.173
143,31.08 17:00,197.631
143,31.08 18:00,191.502
143,31.08 19:00,85.42
143,31.08 20:00,68.829
143,31.08 21:00,64.747
143,31.08 22:00,64.3
143,31.08 23:00,64.763
143,01.09 00:00,63.356
143,01.09 01:00,63.474
143,01.09 02:00,62.584
143,01.09 03:00,61.761
143,01.09 04:00,62.222
143,01.09 05:00,63.323
143,01.09 06:00,62.606
143,01.09 07:00,107.509
143,01.09 08:00,135.848
143,01.09 09:00,173.059
143,01.09 10:00,218.299
143,01.09 11:00,213.181
143,01.09 12:00,212.588
143,01.09 13:00,208.659
143,01.09 14:00,205.798
143,01.09 15:00,205.8
143,01.09 16:00,194.18
143,01.09 17:00,183.61
143,01.09 18:00,169.138
143,01.09 19:00,80.345
143,01.09 20:00,65.716
143,01.09 21:00,61.748
143,01.09 22:00,60.591
143,01.09 23:00,62.69
143,02.09 00:00,60.794
143,02.09 01:00,59.703
143,02.09 02:00,59.731
143,02.09 03:00,60.395
143,02.09 04:00,60.616
143,02.09 05:00,60.733
143,02.09 06:00,60.391
143,02.09 07:00,94.873
143,02.09 08:00,112.792
143,02.09 09:00,128.029
143,02.09 10:00,163.66
143,02.09 11:00,211.517
143,02.09 12:00,212.275
143,02.09 13:00,202.136
143,02.09 14:00,194.281
143,02.09 15:00,195.15
143,02.09 16:00,185.921
143,02.09 17:00,175.84
143,02.09 18:00,165.257
143,02.09 19:00,71.553
143,02.09 20:00,57.73
143,02.09 21:00,56.649
143,02.09 22:00,57.86
143,02.09 23:00,59.332
143,03.09 00:00,57.604
143,03.09 01:00,57.466
143,03.09 02:00,55.399
143,03.09 03:00,57.564
143,03.09 04:00,57.334
143,03.09 05:00,56.506
143,03.09 06:00,57.757
143,03.09 07:00,56.788
143,03.09 08:00,55.748
143,03.09 09:00,60.492
143,03.09 10:00,60.838
143,03.09 11:00,60.683
143,03.09 12:00,59.85
143,03.09 13:00,59.478
143,03.09 14:00,60.825
143,03.09 15:00,60.849
143,03.09 16:00,59.856
143,03.09 17:00,59.428
143,03.09 18:00,56.285
143,03.09 19:00,58.34
143,03.09 20:00,57.815
143,03.09 21:00,57.747
143,03.09 22:00,58.412
143,03.09 23:00,57.301
143,04.09 00:00,58.472
143,04.09 01:00,58.568
143,04.09 02:00,57.273
143,04.09 03:00,57.495
143,04.09 04:00,57.792
143,04.09 05:00,58.303
143,04.09 06:00,58.429
143,04.09 07:00,57.523
143,04.09 08:00,55.618
143,04.09 09:00,59.643
143,04.09 10:00,62.773
143,04.09 11:00,62.355
143,04.09 12:00,60.532
143,04.09 13:00,60.337
143,04.09 14:00,62.465
143,04.09 15:00,60.577
143,04.09 16:00,62.798
143,04.09 17:00,61.317
143,04.09 18:00,58.376
143,04.09 19:00,56.456
143,04.09 20:00,59.43
143,04.09 21:00,60.596
143,04.09 22:00,58.576
143,04.09 23:00,59.538
143,05.09 00:00,57.808
143,05.09 01:00,58.642
143,05.09 02:00,60.312
143,05.09 03:00,58.59
143,05.09 04:00,58.29
143,05.09 05:00,59.464
143,05.09 06:00,57.499
143,05.09 07:00,59.433
143,05.09 08:00,58.323
143,05.09 09:00,56.557
143,05.09 10:00,58.397
143,05.09 11:00,57.431
143,05.09 12:00,60.685
143,05.09 13:00,59.363
143,05.09 14:00,57.664
143,05.09 15:00,58.474
143,05.09 16:00,59.647
143,05.09 17:00,58.81
143,05.09 18:00,58.56
143,05.09 19:00,57.347
143,05.09 20:00,58.437
143,05.09 21:00,57.292
143,05.09 22:00,60.697
143,05.09 23:00,60.447
143,06.09 00:00,58.442
143,06.09 01:00,59.738
143,06.09 02:00,58.649
143,06.09 03:00,59.755
143,06.09 04:00,61.456
143,06.09 05:00,58.382
143,06.09 06:00,61.542
143,06.09 07:00,250.729
143,06.09 08:00,232.477
143,06.09 09:00,234.814
143,06.09 10:00,243.962
143,06.09 11:00,250.78
143,06.09 12:00,244.611
143,06.09 13:00,235.7
143,06.09 14:00,258.383
143,06.09 15:00,229.195
143,06.09 16:00,237.12
143,06.09 17:00,221.679
143,06.09 18:00,222.031
143,06.09 19:00,222.185
143,06.09 20:00,178.865
143,06.09 21:00,172.966
143,06.09 22:00,162.05
143,06.09 23:00,163.871
143,07.09 00:00,162.217
143,07.09 01:00,163.991
143,07.09 02:00,163.117
143,07.09 03:00,159.202
143,07.09 04:00,157.885
143,07.09 05:00,158.225
143,07.09 06:00,160.375
143,07.09 07:00,170.988
143,07.09 08:00,185.51
143,07.09 09:00,205.905
143,07.09 10:00,210.806
143,07.09 11:00,209.836
143,07.09 12:00,214.535
143,07.09 13:00,213.176
143,07.09 14:00,212.575
143,07.09 15:00,212.642
143,07.09 16:00,210.621
143,07.09 17:00,200.489
143,07.09 18:00,184.477
143,07.09 19:00,86.832
143,07.09 20:00,68.787
143,07.09 21:00,66.516
143,07.09 22:00,66.879
143,07.09 23:00,65.769
143,08.09 00:00,65.434
143,08.09 01:00,65.272
143,08.09 02:00,64.542
143,08.09 03:00,63.365
143,08.09 04:00,63.794
143,08.09 05:00,61.536
143,08.09 06:00,62.292
143,08.09 07:00,101.77
143,08.09 08:00,124.574
143,08.09 09:00,141.043
143,08.09 10:00,190.331
143,08.09 11:00,221.147
143,08.09 12:00,212.518
143,08.09 13:00,206.391
143,08.09 14:00,211.608
143,08.09 15:00,203.935
143,08.09 16:00,202.409
143,08.09 17:00,190.582
143,08.09 18:00,169.079
143,08.09 19:00,80.697
143,08.09 20:00,67.61
143,08.09 21:00,64.523
143,08.09 22:00,61.323
143,08.09 23:00,62.7
143,09.09 00:00,61.582
143,09.09 01:00,61.721
143,09.09 02:00,63.78
143,09.09 03:00,61.814
143,09.09 04:00,59.379
143,09.09 05:00,58.482
143,09.09 06:00,61.616
143,09.09 07:00,102.631
143,09.09 08:00,125.927
143,09.09 09:00,171.469
143,09.09 10:00,221.906
143,09.09 11:00,212.242
143,09.09 12:00,196.222
143,09.09 13:00,202.222
143,09.09 14:00,197.745
143,09.09 15:00,197.614
143,09.09 16:00,194.396
143,09.09 17:00,185.23
143,09.09 18:00,169.109
143,09.09 19:00,77.775
143,09.09 20:00,60.594
143,09.09 21:00,57.873
143,09.09 22:00,56.537
143,09.09 23:00,56.723
143,10.09 00:00,56.654
143,10.09 01:00,57.438
143,10.09 02:00,56.784
143,10.09 03:00,55.74
143,10.09 04:00,55.682
143,10.09 05:00,55.442
143,10.09 06:00,57.734
143,10.09 07:00,56.459
143,10.09 08:00,53.4
143,10.09 09:00,59.688
143,10.09 10:00,57.673
143,10.09 11:00,60.747
143,10.09 12:00,60.855
143,10.09 13:00,58.83
143,10.09 14:00,59.569
143,10.09 15:00,59.825
143,10.09 16:00,60.518
143,10.09 17:00,60.879
143,10.09 18:00,54.831
143,10.09 19:00,56.343
143,10.09 20:00,55.793
143,10.09 21:00,57.296
143,10.09 22:00,57.317
143,10.09 23:00,57.528
143,11.09 00:00,55.475
143,11.09 01:00,55.637
143,11.09 02:00,57.364
143,11.09 03:00,56.655
143,11.09 04:00,55.794
143,11.09 05:00,57.225
143,11.09 06:00,54.703
143,11.09 07:00,57.748
143,11.09 08:00,55.573
143,11.09 09:00,58.306
143,11.09 10:00,61.268
143,11.09 11:00,60.305
143,11.09 12:00,62.393
143,11.09 13:00,62.815
143,11.09 14:00,60.546
143,11.09 15:00,59.389
143,11.09 16:00,60.293
143,11.09 17:00,61.704
143,11.09 18:00,58.561
143,11.09 19:00,127.414
143,11.09 20:00,174.937
143,11.09 21:00,165.818
143,11.09 22:00,166.109
143,11.09 23:00,164.889
143,12.09 00:00,166.108
143,12.09 01:00,145.038
143,12.09 02:00,133.856
143,12.09 03:00,132.919
143,12.09 04:00,126.772
143,12.09 05:00,132.073
143,12.09 06:00,133.891
143,12.09 07:00,144.859
143,12.09 08:00,155.531
143,12.09 09:00,115.69
143,12.09 10:00,130.212
143,12.09 11:00,214.629
143,12.09 12:00,202.956
143,12.09 13:00,206.327
143,12.09 14:00,213.957
143,12.09 15:00,208.205
143,12.09 16:00,199.529
143,12.09 17:00,190.521
143,12.09 18:00,175.163
143,12.09 19:00,77.75
143,12.09 20:00,63.831
143,12.09 21:00,49.327
143,12.09 22:00,59.549
143,12.09 23:00,55.62
143,13.09 00:00,56.757
143,13.09 01:00,57.632
143,13.09 02:00,56.504
143,13.09 03:00,58.224
143,13.09 04:00,55.563
143,13.09 05:00,57.604
143,13.09 06:00,55.344
143,13.09 07:00,82.506
143,13.09 08:00,107.824
143,13.09 09:00,115.456
143,13.09 10:00,122.793
143,13.09 11:00,126.914
143,13.09 12:00,127.955
143,13.09 13:00,140.511
143,13.09 14:00,158.198
143,13.09 15:00,175.241
143,13.09 16:00,173.89
143,13.09 17:00,158.042
143,13.09 18:00,137.29
143,13.09 19:00,70.296
143,13.09 20:00,62.706
143,13.09 21:00,58.554
143,13.09 22:00,59.45
143,13.09 23:00,57.485
143,14.09 00:00,58.727
143,14.09 01:00,56.262
143,14.09 02:00,58.612
143,14.09 03:00,58.708
143,14.09 04:00,56.738
143,14.09 05:00,58.263
143,14.09 06:00,59.229
143,14.09 07:00,85.19
143,14.09 08:00,106.01
143,14.09 09:00,115.032
143,14.09 10:00,118.385
143,14.09 11:00,123.588
143,14.09 12:00,124.07
143,14.09 13:00,134.304
143,14.09 14:00,157.064
143,14.09 15:00,178.88
143,14.09 16:00,183.424
143,14.09 17:00,185.81
143,14.09 18:00,179.469
143,14.09 19:00,79.884
143,14.09 20:00,66.574
143,14.09 21:00,64.746
143,14.09 22:00,61.644
143,14.09 23:00,59.289
143,15.09 00:00,59.61
143,15.09 01:00,59.659
143,15.09 02:00,60.585
143,15.09 03:00,61.479
143,15.09 04:00,58.513
143,15.09 05:00,59.759
143,15.09 06:00,61.746
143,15.09 07:00,125.913
143,15.09 08:00,150.415
143,15.09 09:00,156.803
143,15.09 10:00,176.777
143,15.09 11:00,226.475
143,15.09 12:00,265.517
143,15.09 13:00,230.355
143,15.09 14:00,232.691
143,15.09 15:00,223.222
143,15.09 16:00,210.047
143,15.09 17:00,197.043
143,15.09 18:00,179.68
143,15.09 19:00,86.676
143,15.09 20:00,67.719
143,15.09 21:00,63.819
143,15.09 22:00,64.335
143,15.09 23:00,62.518
143,16.09 00:00,60.47
143,16.09 01:00,56.585
143,16.09 02:00,57.855
143,16.09 03:00,58.382
143,16.09 04:00,56.643
143,16.09 05:00,58.656
143,16.09 06:00,58.305
143,16.09 07:00,90.666
143,16.09 08:00,118.85
143,16.09 09:00,169.832
143,16.09 10:00,218.532
143,16.09 11:00,210.711
143,16.09 12:00,195.755
143,16.09 13:00,210.568
143,16.09 14:00,205.082
143,16.09 15:00,197.194
143,16.09 16:00,199.193
143,16.09 17:00,189.762
143,16.09 18:00,178.748
143,16.09 19:00,82.692
143,16.09 20:00,66.507
143,16.09 21:00,64.404
143,16.09 22:00,63.311
143,16.09 23:00,63.715
143,17.09 00:00,63.411
143,17.09 01:00,62.518
143,17.09 02:00,58.291
143,17.09 03:00,57.472
143,17.09 04:00,56.445
143,17.09 05:00,58.428
143,17.09 06:00,58.564
143,17.09 07:00,56.411
143,17.09 08:00,57.668
143,17.09 09:00,59.67
143,17.09 10:00,60.352
143,17.09 11:00,62.791
143,17.09 12:00,60.301
143,17.09 13:00,61.659
143,17.09 14:00,62.292
143,17.09 15:00,64.694
143,17.09 16:00,66.742
143,17.09 17:00,65.42
143,17.09 18:00,59.819
143,17.09 19:00,57.592
143,17.09 20:00,61.617
143,17.09 21:00,62.651
143,17.09 22:00,59.806
143,17.09 23:00,59.849
143,18.09 00:00,59.822
143,18.09 01:00,62.421
143,18.09 02:00,57.773
143,18.09 03:00,55.722
143,18.09 04:00,56.5
143,18.09 05:00,56.539
143,18.09 06:00,56.479
143,18.09 07:00,56.381
143,18.09 08:00,55.29
143,18.09 09:00,58.261
143,18.09 10:00,59.72
143,18.09 11:00,61.309
143,18.09 12:00,63.882
143,18.09 13:00,60.865
143,18.09 14:00,61.804
143,18.09 15:00,61.62
143,18.09 16:00,62.397
143,18.09 17:00,59.449
143,18.09 18:00,57.677
143,18.09 19:00,57.814
143,18.09 20:00,57.717
143,18.09 21:00,59.289
143,18.09 22:00,58.269
143,18.09 23:00,56.676
143,19.09 00:00,56.517
143,19.09 01:00,58.542
143,19.09 02:00,60.737
143,19.09 03:00,57.622
143,19.09 04:00,59.645
143,19.09 05:00,56.595
143,19.09 06:00,114.429
143,19.09 07:00,187.708
143,19.09 08:00,189.463
143,19.09 09:00,199.69
143,19.09 10:00,206.809
143,19.09 11:00,212.108
143,19.09 12:00,211.537
143,19.09 13:00,214.177
143,19.09 14:00,221.018
143,19.09 15:00,214.215
143,19.09 16:00,211.141
143,19.09 17:00,198.235
143,19.09 18:00,181.838
143,19.09 19:00,90.668
143,19.09 20:00,72.363
143,19.09 21:00,66.836
143,19.09 22:00,68.241
143,19.09 23:00,65.862
143,20.09 00:00,62.563
143,20.09 01:00,64.472
143,20.09 02:00,60.297
143,20.09 03:00,61.821
143,20.09 04:00,60.24
143,20.09 05:00,59.611
143,20.09 06:00,60.76
143,20.09 07:00,96.343
143,20.09 08:00,112.519
143,20.09 09:00,127.044
143,20.09 10:00,148.796
143,20.09 11:00,178.86
143,20.09 12:00,213.915
143,20.09 13:00,214.372
143,20.09 14:00,272.763
143,20.09 15:00,300.489
143,20.09 16:00,219.7
143,20.09 17:00,220.552
143,20.09 18:00,198.624
143,20.09 19:00,93.808
143,20.09 20:00,71.344
143,20.09 21:00,64.911
143,20.09 22:00,68.898
143,20.09 23:00,64.468
143,21.09 00:00,63.783
143,21.09 01:00,64.643
143,21.09 02:00,65.536
143,21.09 03:00,64.394
143,21.09 04:00,63.505
143,21.09 05:00,63.462
143,21.09 06:00,62.766
143,21.09 07:00,115.585
143,21.09 08:00,153.893
143,21.09 09:00,235.77
143,21.09 10:00,209.664
143,21.09 11:00,209.501
143,21.09 12:00,204.694
143,21.09 13:00,207.112
143,21.09 14:00,211.222
143,21.09 15:00,207.788
143,21.09 16:00,208.301
143,21.09 17:00,199.483
143,21.09 18:00,180.836
143,21.09 19:00,92.603
143,21.09 20:00,73.433
143,21.09 21:00,64.353
143,21.09 22:00,65.576
143,21.09 23:00,64.766
143,22.09 00:00,63.827
143,22.09 01:00,62.757
143,22.09 02:00,63.459
143,22.09 03:00,64.258
143,22.09 04:00,59.505
143,22.09 05:00,59.794
143,22.09 06:00,60.32
143,22.09 07:00,173.818
143,22.09 08:00,189.647
143,22.09 09:00,172.537
143,22.09 10:00,142.306
143,22.09 11:00,219.489
143,22.09 12:00,215.001
143,22.09 13:00,211.889
143,22.09 14:00,212.191
143,22.09 15:00,208.123
143,22.09 16:00,201.344
143,22.09 17:00,187.279
143,22.09 18:00,173.041
143,22.09 19:00,88.781
143,22.09 20:00,66.426
143,22.09 21:00,61.451
143,22.09 22:00,62.589
143,22.09 23:00,59.254
143,23.09 00:00,58.61
143,23.09 01:00,60.719
143,23.09 02:00,60.527
143,23.09 03:00,61.361
143,23.09 04:00,60.684
143,23.09 05:00,58.515
143,23.09 06:00,58.516
143,23.09 07:00,84.207
143,23.09 08:00,108.145
143,23.09 09:00,118.454
143,23.09 10:00,132.597
143,23.09 11:00,191.003
143,23.09 12:00,218.13
143,23.09 13:00,211.88
143,23.09 14:00,201.024
143,23.09 15:00,190.538
143,23.09 16:00,187.498
143,23.09 17:00,178.935
143,23.09 18:00,161.544
143,23.09 19:00,75.802
143,23.09 20:00,62.752
143,23.09 21:00,57.739
143,23.09 22:00,57.589
143,23.09 23:00,56.526
143,24.09 00:00,57.73
143,24.09 01:00,57.428
143,24.09 02:00,57.527
143,24.09 03:00,56.692
143,24.09 04:00,55.756
143,24.09 05:00,57.302
143,24.09 06:00,56.558
143,24.09 07:00,57.489
143,24.09 08:00,56.419
143,24.09 09:00,59.57
143,24.09 10:00,59.492
143,24.09 11:00,62.467
143,24.09 12:00,60.411
143,24.09 13:00,62.536
143,24.09 14:00,64.806
143,24.09 15:00,66.496
143,24.09 16:00,68.399
143,24.09 17:00,63.552
143,24.09 18:00,58.577
143,24.09 19:00,58.545
143,24.09 20:00,61.507
143,24.09 21:00,62.507
143,24.09 22:00,61.554
143,24.09 23:00,61.276
143,25.09 00:00,60.673
143,25.09 01:00,57.639
143,25.09 02:00,59.308
143,25.09 03:00,57.729
143,25.09 04:00,57.609
143,25.09 05:00,58.682
143,25.09 06:00,58.293
143,25.09 07:00,60.484
143,25.09 08:00,57.783
143,25.09 09:00,59.622
143,25.09 10:00,59.329
143,25.09 11:00,60.398
143,25.09 12:00,60.675
143,25.09 13:00,60.393
143,25.09 14:00,60.588
143,25.09 15:00,59.75
143,25.09 16:00,58.715
143,25.09 17:00,60.498
143,25.09 18:00,52.358
143,25.09 19:00,51.477
143,25.09 20:00,53.726
143,25.09 21:00,52.374
143,25.09 22:00,54.597
143,25.09 23:00,51.3
143,26.09 00:00,53.508
143,26.09 01:00,51.263
143,26.09 02:00,53.636
143,26.09 03:00,54.253
143,26.09 04:00,51.406
143,26.09 05:00,53.667
143,26.09 06:00,62.495
143,26.09 07:00,84.552
143,26.09 08:00,96.337
143,26.09 09:00,106.649
143,26.09 10:00,114.189
143,26.09 11:00,118.468
143,26.09 12:00,117.402
143,26.09 13:00,119.702
143,26.09 14:00,129.932
143,26.09 15:00,133.211
143,26.09 16:00,174.151
143,26.09 17:00,189.936
143,26.09 18:00,168.03
143,26.09 19:00,89.344
143,26.09 20:00,66.807
143,26.09 21:00,62.422
143,26.09 22:00,62.523
143,26.09 23:00,61.471
143,27.09 00:00,56.336
143,27.09 01:00,56.392
143,27.09 02:00,57.532
143,27.09 03:00,58.839
143,27.09 04:00,57.773
143,27.09 05:00,56.394
143,27.09 06:00,56.277
143,27.09 07:00,80.838
143,27.09 08:00,97.636
143,27.09 09:00,104.048
143,27.09 10:00,109.651
143,27.09 11:00,114.448
143,27.09 12:00,120.028
143,27.09 13:00,120.224
143,27.09 14:00,122.263
143,27.09 15:00,122.866
143,27.09 16:00,114.309
143,27.09 17:00,105.984
143,27.09 18:00,92.743
143,27.09 19:00,69.842
143,27.09 20:00,67.873
143,27.09 21:00,61.86
143,27.09 22:00,59.99
143,27.09 23:00,56.515
143,28.09 00:00,56.842
143,28.09 01:00,56.749
143,28.09 02:00,56.663
143,28.09 03:00,58.896
143,28.09 04:00,57.79
143,28.09 05:00,56.741
143,28.09 06:00,56.887
143,28.09 07:00,80.337
143,28.09 08:00,97.536
143,28.09 09:00,111.272
143,28.09 10:00,115.629
143,28.09 11:00,118.333
143,28.09 12:00,116.268
143,28.09 13:00,121.391
143,28.09 14:00,120.599
143,28.09 15:00,122.558
143,28.09 16:00,118.948
143,28.09 17:00,116.974
143,28.09 18:00,104.191
143,28.09 19:00,80.474
143,28.09 20:00,73.602
143,28.09 21:00,68.872
143,28.09 22:00,68.526
143,28.09 23:00,66.949
143,29.09 00:00,65.812
143,29.09 01:00,61.673
143,29.09 02:00,62.068
143,29.09 03:00,63.663
143,29.09 04:00,61.784
143,29.09 05:00,61.975
143,29.09 06:00,63.472
143,29.09 07:00,85.934
143,29.09 08:00,99.338
143,29.09 09:00,112.444
143,29.09 10:00,116.632
143,29.09 11:00,119.926
143,29.09 12:00,121.376
143,29.09 13:00,127.397
143,29.09 14:00,133.646
143,29.09 15:00,197.643
143,29.09 16:00,137.578
143,29.09 17:00,122.334
143,29.09 18:00,119.679
143,29.09 19:00,76.234
143,29.09 20:00,64.9
143,29.09 21:00,62.591
143,29.09 22:00,61.577
143,29.09 23:00,60.765
143,30.09 00:00,61.503
143,30.09 01:00,59.85
143,30.09 02:00,60.548
143,30.09 03:00,61.848
143,30.09 04:00,60.762
143,30.09 05:00,59.566
143,30.09 06:00,57.76
143,30.09 07:00,82.341
143,30.09 08:00,101.377
143,30.09 09:00,109.17
143,30.09 10:00,112.116
143,30.09 11:00,113.719
143,30.09 12:00,116.212
143,30.09 13:00,118.602
143,30.09 14:00,130.391
143,30.09 15:00,199.449
143,30.09 16:00,191.181
143,30.09 17:00,173.138
143,30.09 18:00,155.444
143,30.09 19:00,76.82
143,30.09 20:00,59.011
143,30.09 21:00,56.752
143,30.09 22:00,58.605
143,30.09 23:00,55.01
