147,01.03 00:00,22.929
147,01.03 01:00,23.049
147,01.03 02:00,23.024
147,01.03 03:00,23.106
147,01.03 04:00,24.043
147,01.03 05:00,23.985
147,01.03 06:00,22.887
147,01.03 07:00,23.897
147,01.03 08:00,25.042
147,01.03 09:00,26.973
147,01.03 10:00,27.064
147,01.03 11:00,26.882
147,01.03 12:00,26.113
147,01.03 13:00,25.967
147,01.03 14:00,23.044
147,01.03 15:00,22.961
147,01.03 16:00,21.969
147,01.03 17:00,18.936
147,01.03 18:00,21.05
147,01.03 19:00,19.936
147,01.03 20:00,22.039
147,01.03 21:00,24.031
147,01.03 22:00,23.996
147,01.03 23:00,23.038
147,02.03 00:00,23.918
147,02.03 01:00,24.029
147,02.03 02:00,23.884
147,02.03 03:00,23.069
147,02.03 04:00,24.04
147,02.03 05:00,24.954
147,02.03 06:00,25.062
147,02.03 07:00,26.112
147,02.03 08:00,29.047
147,02.03 09:00,28.979
147,02.03 10:00,28.127
147,02.03 11:00,28.957
147,02.03 12:00,26.011
147,02.03 13:00,24.044
147,02.03 14:00,25.115
147,02.03 15:00,23.918
147,02.03 16:00,21.001
147,02.03 17:00,18.035
147,02.03 18:00,19.93
147,02.03 19:00,19.037
147,02.03 20:00,19.909
147,02.03 21:00,22.041
147,02.03 22:00,21.918
147,02.03 23:00,22.051
147,03.03 00:00,22.954
147,03.03 01:00,23.006
147,03.03 02:00,23.944
147,03.03 03:00,21.104
147,03.03 04:00,22.026
147,03.03 05:00,23.917
147,03.03 06:00,22.078
147,03.03 07:00,25.964
147,03.03 08:00,26.045
147,03.03 09:00,28.064
147,03.03 10:00,26.005
147,03.03 11:00,26.926
147,03.03 12:00,24.945
147,03.03 13:00,24.938
147,03.03 14:00,21.94
147,03.03 15:00,27.107
147,03.03 16:00,22.008
147,03.03 17:00,21.065
147,03.03 18:00,20.035
147,03.03 19:00,22.04
147,03.03 20:00,21.081
147,03.03 21:00,23.015
147,03.03 22:00,22.09
147,03.03 23:00,23.115
147,04.03 00:00,22.928
147,04.03 01:00,23.106
147,04.03 02:00,24.028
147,04.03 03:00,22.896
147,04.03 04:00,23.098
147,04.03 05:00,25.11
147,04.03 06:00,24.988
147,04.03 07:00,26.013
147,04.03 08:00,25.003
147,04.03 09:00,25.112
147,04.03 10:00,23.925
147,04.03 11:00,22.716
147,04.03 12:00,23.993
147,04.03 13:00,25.903
147,04.03 14:00,24.993
147,04.03 15:00,25.006
147,04.03 16:00,25.989
147,04.03 17:00,22.484
147,04.03 18:00,18.083
147,04.03 19:00,17.944
147,04.03 20:00,18.041
147,04.03 21:00,18.966
147,04.03 22:00,17.92
147,04.03 23:00,1.003
147,05.03 00:00,0.998
147,05.03 01:00,1.004
147,05.03 02:00,0.968
147,05.03 03:00,1.005
147,05.03 04:00,0.998
147,05.03 05:00,1.0
147,05.03 06:00,1.004
147,05.03 07:00,23.112
147,05.03 08:00,22.061
147,05.03 09:00,22.074
147,05.03 10:00,21.942
147,05.03 11:00,21.989
147,05.03 12:00,21.806
147,05.03 13:00,21.954
147,05.03 14:00,21.895
147,05.03 15:00,19.998
147,05.03 16:00,18.955
147,05.03 17:00,17.966
147,05.03 18:00,15.964
147,05.03 19:00,18.068
147,05.03 20:00,18.035
147,05.03 21:00,18.051
147,05.03 22:00,18.938
147,05.03 23:00,16.921
147,06.03 00:00,18.033
147,06.03 01:00,17.961
147,06.03 02:00,17.926
147,06.03 03:00,18.026
147,06.03 04:00,17.998
147,06.03 05:00,17.987
147,06.03 06:00,18.069
147,06.03 07:00,22.093
147,06.03 08:00,21.947
147,06.03 09:00,20.997
147,06.03 10:00,21.028
147,06.03 11:00,20.073
147,06.03 12:00,18.942
147,06.03 13:00,20.028
147,06.03 14:00,17.967
147,06.03 15:00,19.994
147,06.03 16:00,18.975
147,06.03 17:00,18.05
147,06.03 18:00,18.026
147,06.03 19:00,19.093
147,06.03 20:00,17.992
147,06.03 21:00,20.051
147,06.03 22:00,21.105
147,06.03 23:00,20.059
147,07.03 00:00,20.052
147,07.03 01:00,20.986
147,07.03 02:00,21.967
147,07.03 03:00,21.994
147,07.03 04:00,20.928
147,07.03 05:00,21.999
147,07.03 06:00,20.922
147,07.03 07:00,21.093
147,07.03 08:00,23.946
147,07.03 09:00,23.933
147,07.03 10:00,23.08
147,07.03 11:00,24.913
147,07.03 12:00,25.026
147,07.03 13:00,24.094
147,07.03 14:00,21.092
147,07.03 15:00,20.969
147,07.03 16:00,23.108
147,07.03 17:00,19.02
147,07.03 18:00,19.06
147,07.03 19:00,20.089
147,07.03 20:00,20.032
147,07.03 21:00,20.962
147,07.03 22:00,19.958
147,07.03 23:00,20.452
147,08.03 00:00,20.004
147,08.03 01:00,19.947
147,08.03 02:00,22.051
147,08.03 03:00,21.033
147,08.03 04:00,21.963
147,08.03 05:00,20.944
147,08.03 06:00,22.007
147,08.03 07:00,22.062
147,08.03 08:00,21.911
147,08.03 09:00,23.095
147,08.03 10:00,22.013
147,08.03 11:00,23.094
147,08.03 12:00,25.003
147,08.03 13:00,26.882
147,08.03 14:00,28.062
147,08.03 15:00,25.084
147,08.03 16:00,23.087
147,08.03 17:00,20.057
147,08.03 18:00,16.941
147,08.03 19:00,16.983
147,08.03 20:00,18.019
147,08.03 21:00,17.97
147,08.03 22:00,18.003
147,08.03 23:00,17.99
147,09.03 00:00,20.063
147,09.03 01:00,20.938
147,09.03 02:00,19.95
147,09.03 03:00,17.985
147,09.03 04:00,17.944
147,09.03 05:00,18.035
147,09.03 06:00,18.927
147,09.03 07:00,18.993
147,09.03 08:00,22.008
147,09.03 09:00,22.045
147,09.03 10:00,22.04
147,09.03 11:00,22.099
147,09.03 12:00,22.986
147,09.03 13:00,24.967
147,09.03 14:00,21.912
147,09.03 15:00,22.939
147,09.03 16:00,19.954
147,09.03 17:00,16.953
147,09.03 18:00,19.063
147,09.03 19:00,18.935
147,09.03 20:00,17.914
147,09.03 21:00,18.987
147,09.03 22:00,18.085
147,09.03 23:00,17.027
147,10.03 00:00,19.005
147,10.03 01:00,18.016
147,10.03 02:00,18.057
147,10.03 03:00,19.058
147,10.03 04:00,17.916
147,10.03 05:00,17.986
147,10.03 06:00,17.984
147,10.03 07:00,17.934
147,10.03 08:00,20.961
147,10.03 09:00,22.931
147,10.03 10:00,22.031
147,10.03 11:00,22.084
147,10.03 12:00,22.088
147,10.03 13:00,21.918
147,10.03 14:00,23.105
147,10.03 15:00,22.93
147,10.03 16:00,20.081
147,10.03 17:00,19.052
147,10.03 18:00,18.046
147,10.03 19:00,17.94
147,10.03 20:00,18.922
147,10.03 21:00,19.948
147,10.03 22:00,18.909
147,10.03 23:00,19.998
147,11.03 00:00,20.006
147,11.03 01:00,20.054
147,11.03 02:00,19.985
147,11.03 03:00,19.082
147,11.03 04:00,19.028
147,11.03 05:00,20.927
147,11.03 06:00,21.921
147,11.03 07:00,21.978
147,11.03 08:00,24.104
147,11.03 09:00,24.113
147,11.03 10:00,23.052
147,11.03 11:00,22.957
147,11.03 12:00,21.992
147,11.03 13:00,24.082
147,11.03 14:00,24.091
147,11.03 15:00,25.06
147,11.03 16:00,22.036
147,11.03 17:00,19.016
147,11.03 18:00,15.007
147,11.03 19:00,14.926
147,11.03 20:00,15.032
147,11.03 21:00,15.951
147,11.03 22:00,15.988
147,11.03 23:00,16.07
147,12.03 00:00,15.059
147,12.03 01:00,15.987
147,12.03 02:00,15.999
147,12.03 03:00,16.032
147,12.03 04:00,14.94
147,12.03 05:00,15.935
147,12.03 06:00,16.117
147,12.03 07:00,16.979
147,12.03 08:00,16.927
147,12.03 09:00,16.925
147,12.03 10:00,18.027
147,12.03 11:00,17.975
147,12.03 12:00,18.921
147,12.03 13:00,21.99
147,12.03 14:00,24.045
147,12.03 15:00,24.05
147,12.03 16:00,24.937
147,12.03 17:00,23.934
147,12.03 18:00,14.775
147,12.03 19:00,14.934
147,12.03 20:00,16.057
147,12.03 21:00,15.802
147,12.03 22:00,15.94
147,12.03 23:00,16.008
147,13.03 00:00,16.039
147,13.03 01:00,15.027
147,13.03 02:00,7.962
147,13.03 03:00,8.003
147,13.03 04:00,15.928
147,13.03 05:00,16.051
147,13.03 06:00,15.927
147,13.03 07:00,16.972
147,13.03 08:00,20.003
147,13.03 09:00,19.914
147,13.03 10:00,19.971
147,13.03 11:00,17.951
147,13.03 12:00,19.982
147,13.03 13:00,20.025
147,13.03 14:00,18.931
147,13.03 15:00,19.039
147,13.03 16:00,17.919
147,13.03 17:00,14.979
147,13.03 18:00,16.016
147,13.03 19:00,16.044
147,13.03 20:00,15.927
147,13.03 21:00,17.049
147,13.03 22:00,18.009
147,13.03 23:00,16.99
147,14.03 00:00,18.047
147,14.03 01:00,18.022
147,14.03 02:00,18.043
147,14.03 03:00,17.928
147,14.03 04:00,17.912
147,14.03 05:00,18.99
147,14.03 06:00,17.992
147,14.03 07:00,18.064
147,14.03 08:00,22.915
147,14.03 09:00,21.903
147,14.03 10:00,21.97
147,14.03 11:00,22.088
147,14.03 12:00,21.1
147,14.03 13:00,23.035
147,14.03 14:00,21.093
147,14.03 15:00,22.002
147,14.03 16:00,18.924
147,14.03 17:00,16.0
147,14.03 18:00,16.917
147,14.03 19:00,15.966
147,14.03 20:00,16.935
147,14.03 21:00,18.089
147,14.03 22:00,17.977
147,14.03 23:00,18.064
147,15.03 00:00,18.932
147,15.03 01:00,19.907
147,15.03 02:00,20.087
147,15.03 03:00,19.027
147,15.03 04:00,20.911
147,15.03 05:00,22.969
147,15.03 06:00,22.02
147,15.03 07:00,20.038
147,15.03 08:00,22.889
147,15.03 09:00,23.041
147,15.03 10:00,22.943
147,15.03 11:00,21.934
147,15.03 12:00,22.022
147,15.03 13:00,20.971
147,15.03 14:00,21.917
147,15.03 15:00,20.998
147,15.03 16:00,18.067
147,15.03 17:00,16.053
147,15.03 18:00,16.059
147,15.03 19:00,14.942
147,15.03 20:00,16.943
147,15.03 21:00,17.034
147,15.03 22:00,16.98
147,15.03 23:00,17.056
147,16.03 00:00,16.939
147,16.03 01:00,18.975
147,16.03 02:00,18.063
147,16.03 03:00,18.0
147,16.03 04:00,19.006
147,16.03 05:00,18.022
147,16.03 06:00,18.036
147,16.03 07:00,20.965
147,16.03 08:00,24.103
147,16.03 09:00,22.903
147,16.03 10:00,22.042
147,16.03 11:00,23.017
147,16.03 12:00,22.039
147,16.03 13:00,25.038
147,16.03 14:00,22.051
147,16.03 15:00,22.037
147,16.03 16:00,17.986
147,16.03 17:00,15.969
147,16.03 18:00,16.04
147,16.03 19:00,16.024
147,16.03 20:00,16.032
147,16.03 21:00,17.948
147,16.03 22:00,16.978
147,16.03 23:00,17.003
147,17.03 00:00,18.006
147,17.03 01:00,18.074
147,17.03 02:00,17.98
147,17.03 03:00,16.949
147,17.03 04:00,17.069
147,17.03 05:00,17.97
147,17.03 06:00,19.066
147,17.03 07:00,19.017
147,17.03 08:00,22.084
147,17.03 09:00,20.938
147,17.03 10:00,21.907
147,17.03 11:00,22.041
147,17.03 12:00,21.961
147,17.03 13:00,22.06
147,17.03 14:00,20.952
147,17.03 15:00,21.06
147,17.03 16:00,19.036
147,17.03 17:00,15.015
147,17.03 18:00,14.971
147,17.03 19:00,15.968
147,17.03 20:00,15.928
147,17.03 21:00,17.019
147,17.03 22:00,16.929
147,17.03 23:00,17.024
147,18.03 00:00,17.974
147,18.03 01:00,18.935
147,18.03 02:00,19.027
147,18.03 03:00,18.93
147,18.03 04:00,18.952
147,18.03 05:00,19.941
147,18.03 06:00,18.911
147,18.03 07:00,20.047
147,18.03 08:00,20.048
147,18.03 09:00,18.908
147,18.03 10:00,19.083
147,18.03 11:00,16.998
147,18.03 12:00,18.036
147,18.03 13:00,16.942
147,18.03 14:00,15.999
147,18.03 15:00,16.042
147,18.03 16:00,15.993
147,18.03 17:00,15.0
147,18.03 18:00,15.054
147,18.03 19:00,15.072
147,18.03 20:00,14.979
147,18.03 21:00,16.057
147,18.03 22:00,15.925
147,18.03 23:00,14.938
147,19.03 00:00,15.986
147,19.03 01:00,14.974
147,19.03 02:00,16.046
147,19.03 03:00,14.994
147,19.03 04:00,16.007
147,19.03 05:00,15.023
147,19.03 06:00,17.936
147,19.03 07:00,24.045
147,19.03 08:00,25.067
147,19.03 09:00,23.974
147,19.03 10:00,23.892
147,19.03 11:00,23.072
147,19.03 12:00,23.98
147,19.03 13:00,24.207
147,19.03 14:00,21.952
147,19.03 15:00,21.012
147,19.03 16:00,18.929
147,19.03 17:00,15.053
147,19.03 18:00,14.966
147,19.03 19:00,15.021
147,19.03 20:00,15.971
147,19.03 21:00,16.009
147,19.03 22:00,17.018
147,19.03 23:00,16.078
147,20.03 00:00,16.076
147,20.03 01:00,15.959
147,20.03 02:00,16.057
147,20.03 03:00,16.917
147,20.03 04:00,16.027
147,20.03 05:00,15.924
147,20.03 06:00,15.969
147,20.03 07:00,20.94
147,20.03 08:00,22.963
147,20.03 09:00,24.06
147,20.03 10:00,24.076
147,20.03 11:00,22.023
147,20.03 12:00,21.942
147,20.03 13:00,18.946
147,20.03 14:00,19.969
147,20.03 15:00,19.962
147,20.03 16:00,19.085
147,20.03 17:00,16.97
147,20.03 18:00,16.998
147,20.03 19:00,16.991
147,20.03 20:00,16.964
147,20.03 21:00,17.031
147,20.03 22:00,17.009
147,20.03 23:00,17.934
147,21.03 00:00,19.016
147,21.03 01:00,18.932
147,21.03 02:00,18.943
147,21.03 03:00,19.947
147,21.03 04:00,19.065
147,21.03 05:00,19.995
147,21.03 06:00,20.002
147,21.03 07:00,22.997
147,21.03 08:00,24.013
147,21.03 09:00,25.119
147,21.03 10:00,23.029
147,21.03 11:00,22.95
147,21.03 12:00,21.003
147,21.03 13:00,21.963
147,21.03 14:00,22.013
147,21.03 15:00,21.965
147,21.03 16:00,20.02
147,21.03 17:00,16.069
147,21.03 18:00,15.949
147,21.03 19:00,16.023
147,21.03 20:00,15.967
147,21.03 21:00,17.045
147,21.03 22:00,17.061
147,21.03 23:00,17.031
147,22.03 00:00,17.955
147,22.03 01:00,16.966
147,22.03 02:00,17.074
147,22.03 03:00,16.078
147,22.03 04:00,16.02
147,22.03 05:00,18.076
147,22.03 06:00,16.948
147,22.03 07:00,18.054
147,22.03 08:00,21.043
147,22.03 09:00,21.072
147,22.03 10:00,21.72
147,22.03 11:00,18.937
147,22.03 12:00,19.983
147,22.03 13:00,19.927
147,22.03 14:00,20.978
147,22.03 15:00,19.979
147,22.03 16:00,18.05
147,22.03 17:00,14.944
147,22.03 18:00,15.979
147,22.03 19:00,16.015
147,22.03 20:00,16.057
147,22.03 21:00,16.924
147,22.03 22:00,17.053
147,22.03 23:00,17.941
147,23.03 00:00,18.001
147,23.03 01:00,17.016
147,23.03 02:00,18.055
147,23.03 03:00,17.965
147,23.03 04:00,17.96
147,23.03 05:00,18.937
147,23.03 06:00,18.988
147,23.03 07:00,19.935
147,23.03 08:00,24.024
147,23.03 09:00,22.971
147,23.03 10:00,23.969
147,23.03 11:00,22.949
147,23.03 12:00,25.062
147,23.03 13:00,23.988
147,23.03 14:00,23.07
147,23.03 15:00,23.992
147,23.03 16:00,19.09
147,23.03 17:00,16.964
147,23.03 18:00,17.066
147,23.03 19:00,16.996
147,23.03 20:00,16.989
147,23.03 21:00,18.977
147,23.03 22:00,18.089
147,23.03 23:00,17.912
147,24.03 00:00,19.087
147,24.03 01:00,18.913
147,24.03 02:00,18.005
147,24.03 03:00,19.021
147,24.03 04:00,18.942
147,24.03 05:00,21.969
147,24.03 06:00,24.881
147,24.03 07:00,24.967
147,24.03 08:00,25.07
147,24.03 09:00,24.632
147,24.03 10:00,24.991
147,24.03 11:00,23.897
147,24.03 12:00,22.03
147,24.03 13:00,22.911
147,24.03 14:00,22.074
147,24.03 15:00,20.96
147,24.03 16:00,18.949
147,24.03 17:00,16.054
147,24.03 18:00,16.071
147,24.03 19:00,16.075
147,24.03 20:00,16.074
147,24.03 21:00,16.997
147,24.03 22:00,16.95
147,24.03 23:00,17.021
147,25.03 00:00,18.005
147,25.03 01:00,18.09
147,25.03 02:00,17.93
147,25.03 03:00,16.986
147,25.03 04:00,17.963
147,25.03 05:00,19.044
147,25.03 06:00,20.931
147,25.03 07:00,21.1
147,25.03 08:00,20.961
147,25.03 09:00,23.104
147,25.03 10:00,22.003
147,25.03 11:00,20.915
147,25.03 12:00,20.07
147,25.03 13:00,20.036
147,25.03 14:00,21.057
147,25.03 15:00,20.077
147,25.03 16:00,18.959
147,25.03 17:00,14.969
147,25.03 18:00,15.976
147,25.03 19:00,14.99
147,25.03 20:00,16.015
147,25.03 21:00,17.062
147,25.03 22:00,17.028
147,25.03 23:00,16.027
147,26.03 00:00,16.994
147,26.03 01:00,16.06
147,26.03 02:00,16.958
147,26.03 03:00,15.972
147,26.03 04:00,16.933
147,26.03 05:00,16.071
147,26.03 06:00,16.977
147,26.03 07:00,20.017
147,26.03 08:00,22.04
147,26.03 09:00,20.983
147,26.03 10:00,20.099
147,26.03 11:00,18.031
147,26.03 12:00,19.988
147,26.03 13:00,17.997
147,26.03 14:00,19.01
147,26.03 15:00,19.048
147,26.03 16:00,17.954
147,26.03 17:00,16.079
147,26.03 18:00,15.033
147,26.03 19:00,16.075
147,26.03 20:00,15.932
147,26.03 21:00,16.045
147,26.03 22:00,16.976
147,26.03 23:00,17.085
147,27.03 00:00,16.03
147,27.03 01:00,17.002
147,27.03 02:00,17.022
147,27.03 03:00,15.982
147,27.03 04:00,17.038
147,27.03 05:00,16.931
147,27.03 06:00,15.936
147,27.03 07:00,20.068
147,27.03 08:00,21.076
147,27.03 09:00,20.957
147,27.03 10:00,20.008
147,27.03 11:00,19.933
147,27.03 12:00,19.986
147,27.03 13:00,19.086
147,27.03 14:00,18.025
147,27.03 15:00,19.031
147,27.03 16:00,17.991
147,27.03 17:00,16.006
147,27.03 18:00,17.011
147,27.03 19:00,17.031
147,27.03 20:00,17.978
147,27.03 21:00,17.964
147,27.03 22:00,19.051
147,27.03 23:00,18.45
147,28.03 00:00,19.057
147,28.03 01:00,19.917
147,28.03 02:00,20.939
147,28.03 03:00,20.091
147,28.03 04:00,20.979
147,28.03 05:00,21.998
147,28.03 06:00,23.077
147,28.03 07:00,23.046
147,28.03 08:00,25.117
147,28.03 09:00,23.916
147,28.03 10:00,21.986
147,28.03 11:00,21.024
147,28.03 12:00,22.085
147,28.03 13:00,22.016
147,28.03 14:00,22.062
147,28.03 15:00,20.976
147,28.03 16:00,22.9
147,28.03 17:00,19.091
147,28.03 18:00,21.947
147,28.03 19:00,20.944
147,28.03 20:00,19.95
147,28.03 21:00,19.011
147,28.03 22:00,20.099
147,28.03 23:00,18.951
147,29.03 00:00,19.934
147,29.03 01:00,19.933
147,29.03 02:00,21.076
147,29.03 03:00,20.036
147,29.03 04:00,19.914
147,29.03 05:00,20.082
147,29.03 06:00,20.016
147,29.03 07:00,20.919
147,29.03 08:00,21.962
147,29.03 09:00,21.909
147,29.03 10:00,24.071
147,29.03 11:00,22.929
147,29.03 12:00,21.94
147,29.03 13:00,23.022
147,29.03 14:00,23.894
147,29.03 15:00,23.063
147,29.03 16:00,22.032
147,29.03 17:00,17.052
147,29.03 18:00,17.939
147,29.03 19:00,16.987
147,29.03 20:00,17.059
147,29.03 21:00,18.014
147,29.03 22:00,18.034
147,29.03 23:00,18.087
147,30.03 00:00,18.036
147,30.03 01:00,17.923
147,30.03 02:00,19.0
147,30.03 03:00,19.062
147,30.03 04:00,19.019
147,30.03 05:00,19.059
147,30.03 06:00,17.927
147,30.03 07:00,18.936
147,30.03 08:00,24.936
147,30.03 09:00,23.043
147,30.03 10:00,22.949
147,30.03 11:00,22.896
147,30.03 12:00,21.986
147,30.03 13:00,23.892
147,30.03 14:00,22.886
147,30.03 15:00,24.042
147,30.03 16:00,17.98
147,30.03 17:00,16.916
147,30.03 18:00,17.029
147,30.03 19:00,16.075
147,30.03 20:00,15.959
147,30.03 21:00,17.003
147,30.03 22:00,1.016
147,30.03 23:00,0.995
147,31.03 00:00,1.004
147,31.03 01:00,1.0
147,31.03 02:00,1.001
147,31.03 03:00,0.999
147,31.03 04:00,1.003
147,31.03 05:00,18.91
147,31.03 06:00,17.938
147,31.03 07:00,19.065
147,31.03 08:00,21.909
147,31.03 09:00,24.005
147,31.03 10:00,24.038
147,31.03 11:00,22.981
147,31.03 12:00,22.942
147,31.03 13:00,22.975
147,31.03 14:00,24.961
147,31.03 15:00,25.015
147,31.03 16:00,22.07
147,31.03 17:00,19.019
147,31.03 18:00,19.944
147,31.03 19:00,18.929
147,31.03 20:00,17.954
147,31.03 21:00,19.914
147,31.03 22:00,21.054
147,31.03 23:00,21.033
147,01.04 00:00,20.926
147,01.04 01:00,20.057
147,01.04 02:00,21.063
147,01.04 03:00,19.909
147,01.04 04:00,21.047
147,01.04 05:00,21.898
147,01.04 06:00,21.998
147,01.04 07:00,22.921
147,01.04 08:00,24.071
147,01.04 09:00,23.046
147,01.04 10:00,24.021
147,01.04 11:00,23.08
147,01.04 12:00,21.06
147,01.04 13:00,21.989
147,01.04 14:00,21.954
147,01.04 15:00,20.98
147,01.04 16:00,19.933
147,01.04 17:00,16.921
147,01.04 18:00,15.993
147,01.04 19:00,15.035
147,01.04 20:00,16.05
147,01.04 21:00,16.933
147,01.04 22:00,16.994
147,01.04 23:00,16.04
147,02.04 00:00,16.997
147,02.04 01:00,16.988
147,02.04 02:00,16.928
147,02.04 03:00,16.065
147,02.04 04:00,17.03
147,02.04 05:00,17.085
147,02.04 06:00,15.997
147,02.04 07:00,22.087
147,02.04 08:00,22.886
147,02.04 09:00,22.032
147,02.04 10:00,23.021
147,02.04 11:00,21.931
147,02.04 12:00,21.976
147,02.04 13:00,20.088
147,02.04 14:00,19.054
147,02.04 15:00,19.07
147,02.04 16:00,18.07
147,02.04 17:00,13.952
147,02.04 18:00,12.992
147,02.04 19:00,14.048
147,02.04 20:00,13.943
147,02.04 21:00,15.023
147,02.04 22:00,15.005
147,02.04 23:00,14.976
147,03.04 00:00,13.958
147,03.04 01:00,15.06
147,03.04 02:00,15.058
147,03.04 03:00,14.982
147,03.04 04:00,14.01
147,03.04 05:00,15.04
147,03.04 06:00,15.03
147,03.04 07:00,19.03
147,03.04 08:00,21.088
147,03.04 09:00,19.921
147,03.04 10:00,20.097
147,03.04 11:00,19.92
147,03.04 12:00,17.96
147,03.04 13:00,16.954
147,03.04 14:00,16.939
147,03.04 15:00,17.956
147,03.04 16:00,19.955
147,03.04 17:00,16.942
147,03.04 18:00,17.047
147,03.04 19:00,16.932
147,03.04 20:00,17.944
147,03.04 21:00,17.976
147,03.04 22:00,16.928
147,03.04 23:00,18.083
147,04.04 00:00,17.926
147,04.04 01:00,18.0
147,04.04 02:00,19.006
147,04.04 03:00,19.976
147,04.04 04:00,18.924
147,04.04 05:00,20.961
147,04.04 06:00,21.985
147,04.04 07:00,21.092
147,04.04 08:00,24.083
147,04.04 09:00,22.989
147,04.04 10:00,23.024
147,04.04 11:00,21.941
147,04.04 12:00,21.974
147,04.04 13:00,23.059
147,04.04 14:00,22.022
147,04.04 15:00,21.086
147,04.04 16:00,17.975
147,04.04 17:00,14.928
147,04.04 18:00,15.035
147,04.04 19:00,17.07
147,04.04 20:00,20.003
147,04.04 21:00,19.954
147,04.04 22:00,18.949
147,04.04 23:00,19.022
147,05.04 00:00,19.085
147,05.04 01:00,19.045
147,05.04 02:00,20.915
147,05.04 03:00,21.065
147,05.04 04:00,21.072
147,05.04 05:00,23.058
147,05.04 06:00,22.901
147,05.04 07:00,22.995
147,05.04 08:00,24.88
147,05.04 09:00,23.036
147,05.04 10:00,24.001
147,05.04 11:00,24.008
147,05.04 12:00,25.955
147,05.04 13:00,25.989
147,05.04 14:00,25.113
147,05.04 15:00,24.952
147,05.04 16:00,22.09
147,05.04 17:00,20.049
147,05.04 18:00,18.944
147,05.04 19:00,18.969
147,05.04 20:00,20.095
147,05.04 21:00,21.915
147,05.04 22:00,20.037
147,05.04 23:00,19.985
147,06.04 00:00,20.051
147,06.04 01:00,21.055
147,06.04 02:00,20.086
147,06.04 03:00,20.034
147,06.04 04:00,19.083
147,06.04 05:00,20.005
147,06.04 06:00,19.961
147,06.04 07:00,21.094
147,06.04 08:00,22.106
147,06.04 09:00,20.944
147,06.04 10:00,20.037
147,06.04 11:00,20.954
147,06.04 12:00,20.902
147,06.04 13:00,20.944
147,06.04 14:00,20.896
147,06.04 15:00,19.952
147,06.04 16:00,20.898
147,06.04 17:00,18.075
147,06.04 18:00,17.939
147,06.04 19:00,17.032
147,06.04 20:00,17.051
147,06.04 21:00,17.053
147,06.04 22:00,18.941
147,06.04 23:00,18.979
147,07.04 00:00,19.089
147,07.04 01:00,17.94
147,07.04 02:00,17.911
147,07.04 03:00,20.001
147,07.04 04:00,19.997
147,07.04 05:00,20.971
147,07.04 06:00,20.988
147,07.04 07:00,22.103
147,07.04 08:00,23.014
147,07.04 09:00,19.948
147,07.04 10:00,20.976
147,07.04 11:00,20.907
147,07.04 12:00,21.013
147,07.04 13:00,20.922
147,07.04 14:00,21.064
147,07.04 15:00,19.931
147,07.04 16:00,20.018
147,07.04 17:00,17.021
147,07.04 18:00,17.0
147,07.04 19:00,17.073
147,07.04 20:00,16.038
147,07.04 21:00,19.977
147,07.04 22:00,18.961
147,07.04 23:00,19.04
147,08.04 00:00,19.027
147,08.04 01:00,18.079
147,08.04 02:00,18.971
147,08.04 03:00,19.963
147,08.04 04:00,21.009
147,08.04 05:00,22.897
147,08.04 06:00,22.952
147,08.04 07:00,22.961
147,08.04 08:00,23.885
147,08.04 09:00,22.889
147,08.04 10:00,23.051
147,08.04 11:00,23.105
147,08.04 12:00,21.972
147,08.04 13:00,23.012
147,08.04 14:00,22.052
147,08.04 15:00,20.989
147,08.04 16:00,19.006
147,08.04 17:00,16.003
147,08.04 18:00,16.002
147,08.04 19:00,14.976
147,08.04 20:00,15.95
147,08.04 21:00,16.92
147,08.04 22:00,16.993
147,08.04 23:00,17.051
147,09.04 00:00,18.028
147,09.04 01:00,17.053
147,09.04 02:00,17.013
147,09.04 03:00,17.061
147,09.04 04:00,17.012
147,09.04 05:00,17.982
147,09.04 06:00,17.01
147,09.04 07:00,22.93
147,09.04 08:00,22.946
147,09.04 09:00,21.993
147,09.04 10:00,23.031
147,09.04 11:00,21.892
147,09.04 12:00,21.935
147,09.04 13:00,20.897
147,09.04 14:00,19.959
147,09.04 15:00,19.006
147,09.04 16:00,18.062
147,09.04 17:00,15.049
147,09.04 18:00,14.014
147,09.04 19:00,12.948
147,09.04 20:00,15.002
147,09.04 21:00,15.061
147,09.04 22:00,15.985
147,09.04 23:00,15.011
147,10.04 00:00,16.019
147,10.04 01:00,15.056
147,10.04 02:00,15.974
147,10.04 03:00,14.986
147,10.04 04:00,16.069
147,10.04 05:00,14.956
147,10.04 06:00,15.999
147,10.04 07:00,19.951
147,10.04 08:00,20.994
147,10.04 09:00,19.931
147,10.04 10:00,19.052
147,10.04 11:00,19.987
147,10.04 12:00,16.932
147,10.04 13:00,18.072
147,10.04 14:00,16.922
147,10.04 15:00,18.024
147,10.04 16:00,17.947
147,10.04 17:00,15.972
147,10.04 18:00,17.05
147,10.04 19:00,16.986
147,10.04 20:00,18.951
147,10.04 21:00,20.074
147,10.04 22:00,18.965
147,10.04 23:00,18.952
147,11.04 00:00,17.97
147,11.04 01:00,20.044
147,11.04 02:00,20.054
147,11.04 03:00,21.05
147,11.04 04:00,21.058
147,11.04 05:00,21.989
147,11.04 06:00,23.081
147,11.04 07:00,22.091
147,11.04 08:00,23.942
147,11.04 09:00,23.916
147,11.04 10:00,24.927
147,11.04 11:00,21.907
147,11.04 12:00,21.094
147,11.04 13:00,22.894
147,11.04 14:00,23.108
147,11.04 15:00,22.074
147,11.04 16:00,19.076
147,11.04 17:00,15.963
147,11.04 18:00,16.956
147,11.04 19:00,14.998
147,11.04 20:00,15.965
147,11.04 21:00,17.001
147,11.04 22:00,18.008
147,11.04 23:00,17.036
147,12.04 00:00,18.007
147,12.04 01:00,21.088
147,12.04 02:00,19.046
147,12.04 03:00,20.014
147,12.04 04:00,19.959
147,12.04 05:00,23.114
147,12.04 06:00,22.061
147,12.04 07:00,20.995
147,12.04 08:00,22.996
147,12.04 09:00,26.113
147,12.04 10:00,24.975
147,12.04 11:00,24.069
147,12.04 12:00,20.922
147,12.04 13:00,22.067
147,12.04 14:00,21.06
147,12.04 15:00,20.969
147,12.04 16:00,18.991
147,12.04 17:00,16.036
147,12.04 18:00,15.047
147,12.04 19:00,14.959
147,12.04 20:00,13.956
147,12.04 21:00,16.062
147,12.04 22:00,16.041
147,12.04 23:00,16.017
147,13.04 00:00,16.976
147,13.04 01:00,16.953
147,13.04 02:00,16.916
147,13.04 03:00,16.975
147,13.04 04:00,17.041
147,13.04 05:00,16.981
147,13.04 06:00,17.958
147,13.04 07:00,18.005
147,13.04 08:00,20.906
147,13.04 09:00,20.986
147,13.04 10:00,22.059
147,13.04 11:00,20.961
147,13.04 12:00,22.9
147,13.04 13:00,25.028
147,13.04 14:00,23.945
147,13.04 15:00,25.081
147,13.04 16:00,23.103
147,13.04 17:00,22.09
147,13.04 18:00,23.011
147,13.04 19:00,24.022
147,13.04 20:00,20.029
147,13.04 21:00,19.067
147,13.04 22:00,18.031
147,13.04 23:00,17.989
147,14.04 00:00,17.056
147,14.04 01:00,17.074
147,14.04 02:00,17.076
147,14.04 03:00,16.003
147,14.04 04:00,16.001
147,14.04 05:00,18.023
147,14.04 06:00,17.971
147,14.04 07:00,16.934
147,14.04 08:00,20.924
147,14.04 09:00,18.93
147,14.04 10:00,20.006
147,14.04 11:00,19.919
147,14.04 12:00,22.901
147,14.04 13:00,26.006
147,14.04 14:00,25.955
147,14.04 15:00,29.967
147,14.04 16:00,29.946
147,14.04 17:00,27.997
147,14.04 18:00,27.016
147,14.04 19:00,26.991
147,14.04 20:00,24.011
147,14.04 21:00,21.928
147,14.04 22:00,18.982
147,14.04 23:00,18.95
147,15.04 00:00,19.021
147,15.04 01:00,18.965
147,15.04 02:00,18.012
147,15.04 03:00,19.068
147,15.04 04:00,19.007
147,15.04 05:00,19.073
147,15.04 06:00,18.074
147,15.04 07:00,18.994
147,15.04 08:00,20.898
147,15.04 09:00,21.105
147,15.04 10:00,21.087
147,15.04 11:00,22.073
147,15.04 12:00,23.881
147,15.04 13:00,29.092
147,15.04 14:00,27.897
147,15.04 15:00,30.016
147,15.04 16:00,27.887
147,15.04 17:00,25.911
147,15.04 18:00,14.965
147,15.04 19:00,13.965
147,15.04 20:00,13.991
147,15.04 21:00,13.93
147,15.04 22:00,15.073
147,15.04 23:00,14.04
147,16.04 00:00,14.01
147,16.04 01:00,14.047
147,16.04 02:00,13.039
147,16.04 03:00,12.941
147,16.04 04:00,13.046
147,16.04 05:00,14.009
147,16.04 06:00,12.969
147,16.04 07:00,16.055
147,16.04 08:00,17.054
147,16.04 09:00,15.972
147,16.04 10:00,16.927
147,16.04 11:00,17.941
147,16.04 12:00,22.11
147,16.04 13:00,22.934
147,16.04 14:00,25.052
147,16.04 15:00,24.973
147,16.04 16:00,25.105
147,16.04 17:00,25.022
147,16.04 18:00,13.978
147,16.04 19:00,12.966
147,16.04 20:00,13.041
147,16.04 21:00,13.978
147,16.04 22:00,13.932
147,16.04 23:00,14.066
147,17.04 00:00,13.983
147,17.04 01:00,15.071
147,17.04 02:00,14.399
147,17.04 03:00,14.0
147,17.04 04:00,14.975
147,17.04 05:00,14.011
147,17.04 06:00,13.948
147,17.04 07:00,17.967
147,17.04 08:00,19.907
147,17.04 09:00,19.082
147,17.04 10:00,20.073
147,17.04 11:00,20.993
147,17.04 12:00,22.054
147,17.04 13:00,24.893
147,17.04 14:00,25.071
147,17.04 15:00,25.973
147,17.04 16:00,26.019
147,17.04 17:00,24.065
147,17.04 18:00,24.108
147,17.04 19:00,21.93
147,17.04 20:00,20.024
147,17.04 21:00,18.928
147,17.04 22:00,19.003
147,17.04 23:00,19.021
147,18.04 00:00,19.059
147,18.04 01:00,19.991
147,18.04 02:00,19.991
147,18.04 03:00,19.072
147,18.04 04:00,18.989
147,18.04 05:00,18.911
147,18.04 06:00,17.962
147,18.04 07:00,17.952
147,18.04 08:00,20.962
147,18.04 09:00,20.966
147,18.04 10:00,23.968
147,18.04 11:00,23.95
147,18.04 12:00,28.094
147,18.04 13:00,29.851
147,18.04 14:00,29.983
147,18.04 15:00,29.961
147,18.04 16:00,27.072
147,18.04 17:00,21.986
147,18.04 18:00,19.923
147,18.04 19:00,18.912
147,18.04 20:00,15.973
147,18.04 21:00,17.022
147,18.04 22:00,18.928
147,18.04 23:00,17.964
147,19.04 00:00,18.051
147,19.04 01:00,16.065
147,19.04 02:00,17.082
147,19.04 03:00,17.015
147,19.04 04:00,17.931
147,19.04 05:00,18.048
147,19.04 06:00,16.992
147,19.04 07:00,17.058
147,19.04 08:00,21.091
147,19.04 09:00,21.002
147,19.04 10:00,20.999
147,19.04 11:00,20.94
147,19.04 12:00,19.914
147,19.04 13:00,20.994
147,19.04 14:00,21.973
147,19.04 15:00,20.998
147,19.04 16:00,21.098
147,19.04 17:00,16.018
147,19.04 18:00,17.017
147,19.04 19:00,17.051
147,19.04 20:00,16.018
147,19.04 21:00,17.08
147,19.04 22:00,16.004
147,19.04 23:00,15.038
147,20.04 00:00,16.937
147,20.04 01:00,16.013
147,20.04 02:00,16.981
147,20.04 03:00,15.933
147,20.04 04:00,15.987
147,20.04 05:00,17.063
147,20.04 06:00,17.925
147,20.04 07:00,17.986
147,20.04 08:00,21.065
147,20.04 09:00,20.942
147,20.04 10:00,20.029
147,20.04 11:00,20.897
147,20.04 12:00,21.077
147,20.04 13:00,23.115
147,20.04 14:00,23.107
147,20.04 15:00,24.074
147,20.04 16:00,26.969
147,20.04 17:00,21.001
147,20.04 18:00,20.037
147,20.04 19:00,17.058
147,20.04 20:00,17.918
147,20.04 21:00,18.063
147,20.04 22:00,19.003
147,20.04 23:00,18.043
147,21.04 00:00,17.966
147,21.04 01:00,17.075
147,21.04 02:00,15.947
147,21.04 03:00,15.709
147,21.04 04:00,17.929
147,21.04 05:00,17.992
147,21.04 06:00,19.071
147,21.04 07:00,20.0
147,21.04 08:00,20.026
147,21.04 09:00,21.005
147,21.04 10:00,21.989
147,21.04 11:00,24.057
147,21.04 12:00,22.908
147,21.04 13:00,23.043
147,21.04 14:00,21.954
147,21.04 15:00,21.909
147,21.04 16:00,20.921
147,21.04 17:00,19.002
147,21.04 18:00,20.91
147,21.04 19:00,18.93
147,21.04 20:00,15.99
147,21.04 21:00,16.063
147,21.04 22:00,18.054
147,21.04 23:00,16.035
147,22.04 00:00,17.079
147,22.04 01:00,17.057
147,22.04 02:00,16.078
147,22.04 03:00,16.982
147,22.04 04:00,16.027
147,22.04 05:00,17.947
147,22.04 06:00,17.959
147,22.04 07:00,17.073
147,22.04 08:00,19.08
147,22.04 09:00,20.051
147,22.04 10:00,19.03
147,22.04 11:00,20.073
147,22.04 12:00,20.633
147,22.04 13:00,20.901
147,22.04 14:00,20.942
147,22.04 15:00,21.068
147,22.04 16:00,23.074
147,22.04 17:00,21.973
147,22.04 18:00,16.017
147,22.04 19:00,14.044
147,22.04 20:00,13.967
147,22.04 21:00,14.99
147,22.04 22:00,15.973
147,22.04 23:00,14.024
147,23.04 00:00,15.012
147,23.04 01:00,15.037
147,23.04 02:00,14.991
147,23.04 03:00,14.974
147,23.04 04:00,15.006
147,23.04 05:00,14.946
147,23.04 06:00,15.023
147,23.04 07:00,16.054
147,23.04 08:00,17.985
147,23.04 09:00,17.993
147,23.04 10:00,15.892
147,23.04 11:00,18.079
147,23.04 12:00,17.941
147,23.04 13:00,21.975
147,23.04 14:00,22.907
147,23.04 15:00,24.103
147,23.04 16:00,25.089
147,23.04 17:00,22.899
147,23.04 18:00,14.926
147,23.04 19:00,13.968
147,23.04 20:00,15.049
147,23.04 21:00,14.97
147,23.04 22:00,14.98
147,23.04 23:00,14.7
147,24.04 00:00,14.965
147,24.04 01:00,15.92
147,24.04 02:00,14.929
147,24.04 03:00,15.05
147,24.04 04:00,14.943
147,24.04 05:00,16.018
147,24.04 06:00,14.951
147,24.04 07:00,18.069
147,24.04 08:00,16.954
147,24.04 09:00,18.993
147,24.04 10:00,20.042
147,24.04 11:00,19.908
147,24.04 12:00,19.947
147,24.04 13:00,20.97
147,24.04 14:00,20.066
147,24.04 15:00,21.074
147,24.04 16:00,18.923
147,24.04 17:00,16.034
147,24.04 18:00,17.945
147,24.04 19:00,16.069
147,24.04 20:00,16.931
147,24.04 21:00,16.93
147,24.04 22:00,17.965
147,24.04 23:00,17.998
147,25.04 00:00,17.941
147,25.04 01:00,17.076
147,25.04 02:00,18.055
147,25.04 03:00,19.071
147,25.04 04:00,20.055
147,25.04 05:00,19.065
147,25.04 06:00,18.972
147,25.04 07:00,19.068
147,25.04 08:00,22.986
147,25.04 09:00,23.081
147,25.04 10:00,22.993
147,25.04 11:00,23.048
147,25.04 12:00,21.925
147,25.04 13:00,22.99
147,25.04 14:00,23.004
147,25.04 15:00,23.021
147,25.04 16:00,19.969
147,25.04 17:00,15.976
147,25.04 18:00,16.978
147,25.04 19:00,14.927
147,25.04 20:00,14.952
147,25.04 21:00,17.92
147,25.04 22:00,17.99
147,25.04 23:00,16.976
147,26.04 00:00,15.976
147,26.04 01:00,17.04
147,26.04 02:00,16.928
147,26.04 03:00,18.018
147,26.04 04:00,17.953
147,26.04 05:00,16.955
147,26.04 06:00,18.963
147,26.04 07:00,17.056
147,26.04 08:00,20.974
147,26.04 09:00,23.077
147,26.04 10:00,21.966
147,26.04 11:00,23.0
147,26.04 12:00,22.946
147,26.04 13:00,23.058
147,26.04 14:00,22.914
147,26.04 15:00,22.95
147,26.04 16:00,20.933
147,26.04 17:00,19.03
147,26.04 18:00,17.948
147,26.04 19:00,18.087
147,26.04 20:00,18.052
147,26.04 21:00,18.069
147,26.04 22:00,19.976
147,26.04 23:00,19.05
147,27.04 00:00,19.051
147,27.04 01:00,18.007
147,27.04 02:00,17.945
147,27.04 03:00,18.009
147,27.04 04:00,19.065
147,27.04 05:00,20.067
147,27.04 06:00,20.087
147,27.04 07:00,19.032
147,27.04 08:00,20.992
147,27.04 09:00,20.941
147,27.04 10:00,20.075
147,27.04 11:00,20.954
147,27.04 12:00,19.905
147,27.04 13:00,20.943
147,27.04 14:00,21.101
147,27.04 15:00,20.004
147,27.04 16:00,20.01
147,27.04 17:00,15.977
147,27.04 18:00,15.958
147,27.04 19:00,15.95
147,27.04 20:00,14.964
147,27.04 21:00,16.017
147,27.04 22:00,17.032
147,27.04 23:00,16.939
147,28.04 00:00,17.942
147,28.04 01:00,16.994
147,28.04 02:00,17.034
147,28.04 03:00,16.046
147,28.04 04:00,16.955
147,28.04 05:00,17.004
147,28.04 06:00,19.043
147,28.04 07:00,17.071
147,28.04 08:00,21.908
147,28.04 09:00,23.075
147,28.04 10:00,22.952
147,28.04 11:00,22.03
147,28.04 12:00,22.991
147,28.04 13:00,22.899
147,28.04 14:00,22.103
147,28.04 15:00,22.976
147,28.04 16:00,20.066
147,28.04 17:00,17.055
147,28.04 18:00,15.059
147,28.04 19:00,16.02
147,28.04 20:00,16.014
147,28.04 21:00,15.972
147,28.04 22:00,16.949
147,28.04 23:00,18.085
147,29.04 00:00,16.073
147,29.04 01:00,15.968
147,29.04 02:00,16.941
147,29.04 03:00,16.058
147,29.04 04:00,17.04
147,29.04 05:00,17.928
147,29.04 06:00,20.93
147,29.04 07:00,19.978
147,29.04 08:00,22.052
147,29.04 09:00,22.984
147,29.04 10:00,21.971
147,29.04 11:00,21.921
147,29.04 12:00,23.0
147,29.04 13:00,22.967
147,29.04 14:00,22.951
147,29.04 15:00,23.049
147,29.04 16:00,23.892
147,29.04 17:00,21.095
147,29.04 18:00,16.978
147,29.04 19:00,15.956
147,29.04 20:00,15.977
147,29.04 21:00,16.074
147,29.04 22:00,17.071
147,29.04 23:00,16.059
147,30.04 00:00,15.981
147,30.04 01:00,14.932
147,30.04 02:00,15.95
147,30.04 03:00,16.619
147,30.04 04:00,15.942
147,30.04 05:00,15.008
147,30.04 06:00,16.024
147,30.04 07:00,17.976
147,30.04 08:00,20.923
147,30.04 09:00,21.992
147,30.04 10:00,18.987
147,30.04 11:00,19.042
147,30.04 12:00,20.988
147,30.04 13:00,20.073
147,30.04 14:00,19.984
147,30.04 15:00,17.984
147,30.04 16:00,20.092
147,30.04 17:00,18.006
147,30.04 18:00,16.077
147,30.04 19:00,14.951
147,30.04 20:00,15.964
147,30.04 21:00,15.063
147,30.04 22:00,17.045
147,30.04 23:00,15.982
147,01.05 00:00,15.968
147,01.05 01:00,15.965
147,01.05 02:00,16.078
147,01.05 03:00,16.052
147,01.05 04:00,16.047
147,01.05 05:00,16.997
147,01.05 06:00,16.069
147,01.05 07:00,17.913
147,01.05 08:00,19.077
147,01.05 09:00,19.066
147,01.05 10:00,18.967
147,01.05 11:00,18.979
147,01.05 12:00,19.985
147,01.05 13:00,18.556
147,01.05 14:00,20.093
147,01.05 15:00,21.044
147,01.05 16:00,22.998
147,01.05 17:00,22.998
147,01.05 18:00,21.957
147,01.05 19:00,18.046
147,01.05 20:00,17.023
147,01.05 21:00,17.964
147,01.05 22:00,17.949
147,01.05 23:00,17.992
147,02.05 00:00,17.004
147,02.05 01:00,18.088
147,02.05 02:00,17.946
147,02.05 03:00,17.946
147,02.05 04:00,19.073
147,02.05 05:00,19.995
147,02.05 06:00,17.924
147,02.05 07:00,18.022
147,02.05 08:00,19.966
147,02.05 09:00,21.0
147,02.05 10:00,20.983
147,02.05 11:00,23.051
147,02.05 12:00,25.092
147,02.05 13:00,27.109
147,02.05 14:00,26.95
147,02.05 15:00,28.919
147,02.05 16:00,25.087
147,02.05 17:00,22.95
147,02.05 18:00,23.034
147,02.05 19:00,21.948
147,02.05 20:00,19.063
147,02.05 21:00,20.056
147,02.05 22:00,19.062
147,02.05 23:00,18.053
147,03.05 00:00,16.942
147,03.05 01:00,16.935
147,03.05 02:00,16.958
147,03.05 03:00,16.934
147,03.05 04:00,17.939
147,03.05 05:00,17.92
147,03.05 06:00,20.02
147,03.05 07:00,19.041
147,03.05 08:00,20.951
147,03.05 09:00,23.028
147,03.05 10:00,24.094
147,03.05 11:00,22.933
147,03.05 12:00,25.975
147,03.05 13:00,27.024
147,03.05 14:00,29.091
147,03.05 15:00,28.907
147,03.05 16:00,29.007
147,03.05 17:00,25.108
147,03.05 18:00,23.916
147,03.05 19:00,24.04
147,03.05 20:00,22.894
147,03.05 21:00,21.978
147,03.05 22:00,18.985
147,03.05 23:00,17.87
147,04.05 00:00,17.941
147,04.05 01:00,19.037
147,04.05 02:00,18.978
147,04.05 03:00,17.069
147,04.05 04:00,17.934
147,04.05 05:00,19.086
147,04.05 06:00,19.963
147,04.05 07:00,19.072
147,04.05 08:00,20.902
147,04.05 09:00,20.936
147,04.05 10:00,21.084
147,04.05 11:00,19.976
147,04.05 12:00,22.915
147,04.05 13:00,24.042
147,04.05 14:00,25.09
147,04.05 15:00,23.918
147,04.05 16:00,28.023
147,04.05 17:00,25.899
147,04.05 18:00,27.064
147,04.05 19:00,26.925
147,04.05 20:00,24.918
147,04.05 21:00,20.063
147,04.05 22:00,17.001
147,04.05 23:00,17.065
147,05.05 00:00,17.929
147,05.05 01:00,18.034
147,05.05 02:00,17.044
147,05.05 03:00,15.969
147,05.05 04:00,17.003
147,05.05 05:00,17.985
147,05.05 06:00,17.974
147,05.05 07:00,17.995
147,05.05 08:00,21.964
147,05.05 09:00,22.053
147,05.05 10:00,22.073
147,05.05 11:00,23.096
147,05.05 12:00,25.989
147,05.05 13:00,27.042
147,05.05 14:00,26.008
147,05.05 15:00,28.123
147,05.05 16:00,30.827
147,05.05 17:00,28.113
147,05.05 18:00,29.9
147,05.05 19:00,29.118
147,05.05 20:00,22.976
147,05.05 21:00,20.081
147,05.05 22:00,18.94
147,05.05 23:00,15.962
147,06.05 00:00,17.002
147,06.05 01:00,16.98
147,06.05 02:00,18.958
147,06.05 03:00,15.009
147,06.05 04:00,17.067
147,06.05 05:00,16.98
147,06.05 06:00,19.926
147,06.05 07:00,17.984
147,06.05 08:00,21.062
147,06.05 09:00,22.944
147,06.05 10:00,24.005
147,06.05 11:00,27.128
147,06.05 12:00,29.938
147,06.05 13:00,29.909
147,06.05 14:00,29.139
147,06.05 15:00,31.04
147,06.05 16:00,33.932
147,06.05 17:00,31.917
147,06.05 18:00,17.066
147,06.05 19:00,14.973
147,06.05 20:00,15.017
147,06.05 21:00,14.998
147,06.05 22:00,15.966
147,06.05 23:00,1.0
147,07.05 00:00,0.998
147,07.05 01:00,0.996
147,07.05 02:00,1.0
147,07.05 03:00,0.998
147,07.05 04:00,1.001
147,07.05 05:00,0.997
147,07.05 06:00,1.004
147,07.05 07:00,19.052
147,07.05 08:00,19.993
147,07.05 09:00,19.09
147,07.05 10:00,20.987
147,07.05 11:00,20.999
147,07.05 12:00,22.918
147,07.05 13:00,24.009
147,07.05 14:00,23.89
147,07.05 15:00,24.088
147,07.05 16:00,22.919
147,07.05 17:00,20.082
147,07.05 18:00,12.945
147,07.05 19:00,13.062
147,07.05 20:00,11.953
147,07.05 21:00,13.018
147,07.05 22:00,13.938
147,07.05 23:00,13.06
147,08.05 00:00,13.981
147,08.05 01:00,14.019
147,08.05 02:00,13.999
147,08.05 03:00,13.047
147,08.05 04:00,14.014
147,08.05 05:00,14.061
147,08.05 06:00,13.973
147,08.05 07:00,15.973
147,08.05 08:00,19.06
147,08.05 09:00,19.041
147,08.05 10:00,19.087
147,08.05 11:00,20.939
147,08.05 12:00,23.954
147,08.05 13:00,24.07
147,08.05 14:00,25.059
147,08.05 15:00,26.122
147,08.05 16:00,25.085
147,08.05 17:00,23.026
147,08.05 18:00,24.034
147,08.05 19:00,24.079
147,08.05 20:00,22.004
147,08.05 21:00,18.916
147,08.05 22:00,18.944
147,08.05 23:00,17.983
147,09.05 00:00,16.926
147,09.05 01:00,17.014
147,09.05 02:00,16.078
147,09.05 03:00,16.986
147,09.05 04:00,18.012
147,09.05 05:00,17.963
147,09.05 06:00,18.005
147,09.05 07:00,20.082
147,09.05 08:00,20.895
147,09.05 09:00,21.937
147,09.05 10:00,22.917
147,09.05 11:00,23.977
147,09.05 12:00,27.024
147,09.05 13:00,28.081
147,09.05 14:00,24.902
147,09.05 15:00,21.93
147,09.05 16:00,20.942
147,09.05 17:00,16.038
147,09.05 18:00,15.941
147,09.05 19:00,14.063
147,09.05 20:00,14.044
147,09.05 21:00,15.033
147,09.05 22:00,16.078
147,09.05 23:00,16.038
147,10.05 00:00,15.958
147,10.05 01:00,15.928
147,10.05 02:00,16.016
147,10.05 03:00,17.038
147,10.05 04:00,18.009
147,10.05 05:00,16.998
147,10.05 06:00,17.08
147,10.05 07:00,17.016
147,10.05 08:00,22.06
147,10.05 09:00,23.103
147,10.05 10:00,21.928
147,10.05 11:00,21.986
147,10.05 12:00,22.075
147,10.05 13:00,22.912
147,10.05 14:00,21.989
147,10.05 15:00,21.029
147,10.05 16:00,18.96
147,10.05 17:00,16.997
147,10.05 18:00,17.936
147,10.05 19:00,17.048
147,10.05 20:00,16.966
147,10.05 21:00,18.033
147,10.05 22:00,19.073
147,10.05 23:00,17.98
147,11.05 00:00,18.05
147,11.05 01:00,17.996
147,11.05 02:00,17.963
147,11.05 03:00,17.934
147,11.05 04:00,20.063
147,11.05 05:00,20.016
147,11.05 06:00,20.064
147,11.05 07:00,18.023
147,11.05 08:00,20.908
147,11.05 09:00,21.942
147,11.05 10:00,20.001
147,11.05 11:00,21.012
147,11.05 12:00,21.086
147,11.05 13:00,22.966
147,11.05 14:00,21.073
147,11.05 15:00,21.031
147,11.05 16:00,17.944
147,11.05 17:00,14.992
147,11.05 18:00,14.945
147,11.05 19:00,15.034
147,11.05 20:00,15.026
147,11.05 21:00,14.954
147,11.05 22:00,15.924
147,11.05 23:00,15.989
147,12.05 00:00,16.002
147,12.05 01:00,16.959
147,12.05 02:00,17.08
147,12.05 03:00,18.039
147,12.05 04:00,19.003
147,12.05 05:00,19.024
147,12.05 06:00,18.926
147,12.05 07:00,18.088
147,12.05 08:00,22.064
147,12.05 09:00,20.985
147,12.05 10:00,22.927
147,12.05 11:00,24.076
147,12.05 12:00,21.901
147,12.05 13:00,24.105
147,12.05 14:00,22.892
147,12.05 15:00,23.036
147,12.05 16:00,23.883
147,12.05 17:00,20.1
147,12.05 18:00,19.933
147,12.05 19:00,19.923
147,12.05 20:00,17.998
147,12.05 21:00,17.911
147,12.05 22:00,17.994
147,12.05 23:00,18.007
147,13.05 00:00,17.969
147,13.05 01:00,19.024
147,13.05 02:00,19.057
147,13.05 03:00,18.985
147,13.05 04:00,18.951
147,13.05 05:00,18.976
147,13.05 06:00,18.917
147,13.05 07:00,18.065
147,13.05 08:00,21.08
147,13.05 09:00,21.085
147,13.05 10:00,22.101
147,13.05 11:00,20.949
147,13.05 12:00,21.099
147,13.05 13:00,22.024
147,13.05 14:00,22.064
147,13.05 15:00,19.957
147,13.05 16:00,21.105
147,13.05 17:00,16.037
147,13.05 18:00,16.049
147,13.05 19:00,15.06
147,13.05 20:00,14.951
147,13.05 21:00,15.048
147,13.05 22:00,15.034
147,13.05 23:00,15.285
147,14.05 00:00,15.07
147,14.05 01:00,14.929
147,14.05 02:00,15.055
147,14.05 03:00,14.052
147,14.05 04:00,15.071
147,14.05 05:00,14.991
147,14.05 06:00,13.939
147,14.05 07:00,18.084
147,14.05 08:00,19.034
147,14.05 09:00,19.008
147,14.05 10:00,21.075
147,14.05 11:00,18.997
147,14.05 12:00,18.942
147,14.05 13:00,18.027
147,14.05 14:00,17.963
147,14.05 15:00,19.072
147,14.05 16:00,20.045
147,14.05 17:00,17.969
147,14.05 18:00,17.072
147,14.05 19:00,15.999
147,14.05 20:00,16.959
147,14.05 21:00,16.078
147,14.05 22:00,16.969
147,14.05 23:00,17.079
147,15.05 00:00,16.984
147,15.05 01:00,15.983
147,15.05 02:00,16.966
147,15.05 03:00,17.073
147,15.05 04:00,17.047
147,15.05 05:00,16.96
147,15.05 06:00,17.071
147,15.05 07:00,19.927
147,15.05 08:00,21.02
147,15.05 09:00,19.985
147,15.05 10:00,17.912
147,15.05 11:00,18.972
147,15.05 12:00,19.902
147,15.05 13:00,20.98
147,15.05 14:00,23.093
147,15.05 15:00,20.953
147,15.05 16:00,21.094
147,15.05 17:00,18.993
147,15.05 18:00,20.096
147,15.05 19:00,21.943
147,15.05 20:00,21.016
147,15.05 21:00,17.003
147,15.05 22:00,19.054
147,15.05 23:00,19.076
147,16.05 00:00,19.053
147,16.05 01:00,19.087
147,16.05 02:00,17.982
147,16.05 03:00,18.924
147,16.05 04:00,20.085
147,16.05 05:00,18.988
147,16.05 06:00,18.99
147,16.05 07:00,19.044
147,16.05 08:00,18.944
147,16.05 09:00,19.952
147,16.05 10:00,20.063
147,16.05 11:00,22.961
147,16.05 12:00,24.001
147,16.05 13:00,25.982
147,16.05 14:00,26.013
147,16.05 15:00,26.888
147,16.05 16:00,27.867
147,16.05 17:00,27.122
147,16.05 18:00,27.079
147,16.05 19:00,24.094
147,16.05 20:00,19.089
147,16.05 21:00,20.024
147,16.05 22:00,18.961
147,16.05 23:00,19.01
147,17.05 00:00,18.025
147,17.05 01:00,17.914
147,17.05 02:00,18.086
147,17.05 03:00,17.922
147,17.05 04:00,17.978
147,17.05 05:00,19.017
147,17.05 06:00,18.998
147,17.05 07:00,19.015
147,17.05 08:00,21.956
147,17.05 09:00,21.922
147,17.05 10:00,21.927
147,17.05 11:00,23.008
147,17.05 12:00,24.907
147,17.05 13:00,25.01
147,17.05 14:00,25.916
147,17.05 15:00,24.901
147,17.05 16:00,27.057
147,17.05 17:00,24.096
147,17.05 18:00,23.98
147,17.05 19:00,23.059
147,17.05 20:00,19.009
147,17.05 21:00,16.003
147,17.05 22:00,16.987
147,17.05 23:00,18.021
147,18.05 00:00,18.062
147,18.05 01:00,17.996
147,18.05 02:00,16.977
147,18.05 03:00,17.078
147,18.05 04:00,17.0
147,18.05 05:00,17.015
147,18.05 06:00,16.956
147,18.05 07:00,19.011
147,18.05 08:00,21.036
147,18.05 09:00,20.09
147,18.05 10:00,19.929
147,18.05 11:00,22.014
147,18.05 12:00,25.025
147,18.05 13:00,28.864
147,18.05 14:00,26.922
147,18.05 15:00,27.096
147,18.05 16:00,27.945
147,18.05 17:00,26.017
147,18.05 18:00,23.978
147,18.05 19:00,24.905
147,18.05 20:00,20.994
147,18.05 21:00,19.992
147,18.05 22:00,17.08
147,18.05 23:00,16.975
147,19.05 00:00,16.933
147,19.05 01:00,16.947
147,19.05 02:00,16.019
147,19.05 03:00,16.073
147,19.05 04:00,15.93
147,19.05 05:00,17.037
147,19.05 06:00,17.068
147,19.05 07:00,16.052
147,19.05 08:00,19.967
147,19.05 09:00,18.952
147,19.05 10:00,22.022
147,19.05 11:00,24.988
147,19.05 12:00,27.895
147,19.05 13:00,27.951
147,19.05 14:00,27.878
147,19.05 15:00,27.991
147,19.05 16:00,27.558
147,19.05 17:00,25.914
147,19.05 18:00,25.454
147,19.05 19:00,23.009
147,19.05 20:00,22.054
147,19.05 21:00,19.918
147,19.05 22:00,17.94
147,19.05 23:00,17.495
147,20.05 00:00,14.998
147,20.05 01:00,17.066
147,20.05 02:00,16.007
147,20.05 03:00,15.966
147,20.05 04:00,15.05
147,20.05 05:00,17.983
147,20.05 06:00,16.051
147,20.05 07:00,16.945
147,20.05 08:00,22.026
147,20.05 09:00,21.908
147,20.05 10:00,23.981
147,20.05 11:00,26.017
147,20.05 12:00,27.046
147,20.05 13:00,29.123
147,20.05 14:00,28.873
147,20.05 15:00,28.899
147,20.05 16:00,29.024
147,20.05 17:00,26.023
147,20.05 18:00,16.975
147,20.05 19:00,15.933
147,20.05 20:00,14.019
147,20.05 21:00,14.058
147,20.05 22:00,15.019
147,20.05 23:00,14.052
147,21.05 00:00,0.999
147,21.05 01:00,1.001
147,21.05 02:00,1.003
147,21.05 03:00,1.003
147,21.05 04:00,1.005
147,21.05 05:00,1.0
147,21.05 06:00,0.996
147,21.05 07:00,16.061
147,21.05 08:00,16.98
147,21.05 09:00,16.96
147,21.05 10:00,19.054
147,21.05 11:00,20.98
147,21.05 12:00,22.964
147,21.05 13:00,23.995
147,21.05 14:00,24.908
147,21.05 15:00,24.947
147,21.05 16:00,23.902
147,21.05 17:00,25.165
147,21.05 18:00,14.97
147,21.05 19:00,12.474
147,21.05 20:00,13.471
147,21.05 21:00,13.382
147,21.05 22:00,13.957
147,21.05 23:00,12.994
147,22.05 00:00,13.993
147,22.05 01:00,16.916
147,22.05 02:00,15.019
147,22.05 03:00,14.062
147,22.05 04:00,13.973
147,22.05 05:00,14.017
147,22.05 06:00,13.12
147,22.05 07:00,17.062
147,22.05 08:00,19.08
147,22.05 09:00,18.046
147,22.05 10:00,21.064
147,22.05 11:00,22.915
147,22.05 12:00,22.902
147,22.05 13:00,24.107
147,22.05 14:00,24.073
147,22.05 15:00,24.981
147,22.05 16:00,25.992
147,22.05 17:00,25.97
147,22.05 18:00,25.021
147,22.05 19:00,26.091
147,22.05 20:00,23.973
147,22.05 21:00,22.97
147,22.05 22:00,21.951
147,22.05 23:00,20.055
147,23.05 00:00,21.027
147,23.05 01:00,20.081
147,23.05 02:00,17.009
147,23.05 03:00,17.017
147,23.05 04:00,19.93
147,23.05 05:00,21.046
147,23.05 06:00,19.935
147,23.05 07:00,16.944
147,23.05 08:00,19.36
147,23.05 09:00,21.973
147,23.05 10:00,26.018
147,23.05 11:00,25.967
147,23.05 12:00,26.946
147,23.05 13:00,28.955
147,23.05 14:00,28.112
147,23.05 15:00,28.033
147,23.05 16:00,31.095
147,23.05 17:00,29.954
147,23.05 18:00,29.995
147,23.05 19:00,25.067
147,23.05 20:00,23.927
147,23.05 21:00,24.912
147,23.05 22:00,20.977
147,23.05 23:00,22.088
147,24.05 00:00,21.046
147,24.05 01:00,22.011
147,24.05 02:00,24.094
147,24.05 03:00,23.074
147,24.05 04:00,16.945
147,24.05 05:00,19.053
147,24.05 06:00,20.997
147,24.05 07:00,21.922
147,24.05 08:00,23.893
147,24.05 09:00,22.892
147,24.05 10:00,24.007
147,24.05 11:00,30.141
147,24.05 12:00,31.879
147,24.05 13:00,32.989
147,24.05 14:00,33.067
147,24.05 15:00,32.878
147,24.05 16:00,35.032
147,24.05 17:00,32.882
147,24.05 18:00,31.931
147,24.05 19:00,29.933
147,24.05 20:00,28.139
147,24.05 21:00,26.056
147,24.05 22:00,23.966
147,24.05 23:00,22.106
147,25.05 00:00,22.081
147,25.05 01:00,20.083
147,25.05 02:00,20.975
147,25.05 03:00,22.996
147,25.05 04:00,22.998
147,25.05 05:00,21.099
147,25.05 06:00,18.939
147,25.05 07:00,19.054
147,25.05 08:00,26.064
147,25.05 09:00,29.992
147,25.05 10:00,25.995
147,25.05 11:00,27.019
147,25.05 12:00,24.006
147,25.05 13:00,29.977
147,25.05 14:00,31.99
147,25.05 15:00,31.146
147,25.05 16:00,32.014
147,25.05 17:00,29.95
147,25.05 18:00,29.087
147,25.05 19:00,28.036
147,25.05 20:00,27.1
147,25.05 21:00,25.075
147,25.05 22:00,19.938
147,25.05 23:00,19.935
147,26.05 00:00,23.92
147,26.05 01:00,22.961
147,26.05 02:00,17.987
147,26.05 03:00,18.063
147,26.05 04:00,20.051
147,26.05 05:00,20.928
147,26.05 06:00,19.955
147,26.05 07:00,18.918
147,26.05 08:00,21.029
147,26.05 09:00,24.976
147,26.05 10:00,27.968
147,26.05 11:00,30.887
147,26.05 12:00,29.907
147,26.05 13:00,31.043
147,26.05 14:00,29.857
147,26.05 15:00,30.874
147,26.05 16:00,31.143
147,26.05 17:00,29.089
147,26.05 18:00,29.978
147,26.05 19:00,28.109
147,26.05 20:00,26.904
147,26.05 21:00,25.097
147,26.05 22:00,23.046
147,26.05 23:00,22.06
147,27.05 00:00,21.906
147,27.05 01:00,22.936
147,27.05 02:00,20.902
147,27.05 03:00,20.995
147,27.05 04:00,24.078
147,27.05 05:00,21.966
147,27.05 06:00,19.94
147,27.05 07:00,19.0
147,27.05 08:00,24.937
147,27.05 09:00,26.952
147,27.05 10:00,23.994
147,27.05 11:00,21.015
147,27.05 12:00,23.095
147,27.05 13:00,27.007
147,27.05 14:00,27.089
147,27.05 15:00,21.91
147,27.05 16:00,20.913
147,27.05 17:00,18.922
147,27.05 18:00,14.951
147,27.05 19:00,14.979
147,27.05 20:00,14.032
147,27.05 21:00,14.968
147,27.05 22:00,14.998
147,27.05 23:00,14.97
147,28.05 00:00,16.039
147,28.05 01:00,14.936
147,28.05 02:00,16.074
147,28.05 03:00,14.963
147,28.05 04:00,14.977
147,28.05 05:00,16.007
147,28.05 06:00,15.051
147,28.05 07:00,19.944
147,28.05 08:00,20.912
147,28.05 09:00,22.026
147,28.05 10:00,20.895
147,28.05 11:00,20.966
147,28.05 12:00,19.959
147,28.05 13:00,21.058
147,28.05 14:00,21.079
147,28.05 15:00,21.006
147,28.05 16:00,21.004
147,28.05 17:00,19.946
147,28.05 18:00,15.024
147,28.05 19:00,14.964
147,28.05 20:00,15.036
147,28.05 21:00,14.016
147,28.05 22:00,16.002
147,28.05 23:00,14.999
147,29.05 00:00,12.967
147,29.05 01:00,13.942
147,29.05 02:00,15.002
147,29.05 03:00,14.023
147,29.05 04:00,14.052
147,29.05 05:00,14.022
147,29.05 06:00,13.956
147,29.05 07:00,19.035
147,29.05 08:00,20.944
147,29.05 09:00,24.113
147,29.05 10:00,21.06
147,29.05 11:00,19.546
147,29.05 12:00,22.908
147,29.05 13:00,24.893
147,29.05 14:00,26.031
147,29.05 15:00,26.887
147,29.05 16:00,26.026
147,29.05 17:00,25.956
147,29.05 18:00,25.109
147,29.05 19:00,26.093
147,29.05 20:00,23.081
147,29.05 21:00,21.072
147,29.05 22:00,19.92
147,29.05 23:00,17.965
147,30.05 00:00,20.034
147,30.05 01:00,19.945
147,30.05 02:00,17.064
147,30.05 03:00,16.992
147,30.05 04:00,18.0
147,30.05 05:00,19.042
147,30.05 06:00,16.055
147,30.05 07:00,17.083
147,30.05 08:00,18.088
147,30.05 09:00,18.042
147,30.05 10:00,20.936
147,30.05 11:00,23.974
147,30.05 12:00,25.953
147,30.05 13:00,25.937
147,30.05 14:00,25.925
147,30.05 15:00,25.945
147,30.05 16:00,25.968
147,30.05 17:00,24.988
147,30.05 18:00,26.04
147,30.05 19:00,25.063
147,30.05 20:00,25.077
147,30.05 21:00,24.992
147,30.05 22:00,23.996
147,30.05 23:00,21.08
147,31.05 00:00,21.025
147,31.05 01:00,20.096
147,31.05 02:00,20.056
147,31.05 03:00,21.028
147,31.05 04:00,22.056
147,31.05 05:00,17.967
147,31.05 06:00,18.971
147,31.05 07:00,20.986
147,31.05 08:00,23.904
147,31.05 09:00,22.926
147,31.05 10:00,21.058
147,31.05 11:00,21.926
147,31.05 12:00,27.046
147,31.05 13:00,28.057
147,31.05 14:00,24.98
147,31.05 15:00,22.101
147,31.05 16:00,23.93
147,31.05 17:00,26.867
147,31.05 18:00,24.986
147,31.05 19:00,22.963
147,31.05 20:00,22.984
147,31.05 21:00,20.088
147,31.05 22:00,19.968
147,31.05 23:00,17.005
147,01.06 00:00,17.082
147,01.06 01:00,19.037
147,01.06 02:00,16.921
147,01.06 03:00,15.054
147,01.06 04:00,17.017
147,01.06 05:00,17.063
147,01.06 06:00,15.936
147,01.06 07:00,16.936
147,01.06 08:00,21.976
147,01.06 09:00,21.956
147,01.06 10:00,20.958
147,01.06 11:00,22.064
147,01.06 12:00,24.907
147,01.06 13:00,24.96
147,01.06 14:00,22.947
147,01.06 15:00,24.888
147,01.06 16:00,25.919
147,01.06 17:00,22.908
147,01.06 18:00,19.959
147,01.06 19:00,23.051
147,01.06 20:00,19.978
147,01.06 21:00,17.981
147,01.06 22:00,18.938
147,01.06 23:00,18.948
147,02.06 00:00,18.975
147,02.06 01:00,17.082
147,02.06 02:00,18.964
147,02.06 03:00,18.073
147,02.06 04:00,17.976
147,02.06 05:00,18.017
147,02.06 06:00,19.056
147,02.06 07:00,18.925
147,02.06 08:00,20.071
147,02.06 09:00,19.037
147,02.06 10:00,19.053
147,02.06 11:00,21.892
147,02.06 12:00,23.016
147,02.06 13:00,25.948
147,02.06 14:00,25.974
147,02.06 15:00,28.037
147,02.06 16:00,26.922
147,02.06 17:00,27.067
147,02.06 18:00,25.015
147,02.06 19:00,25.004
147,02.06 20:00,24.906
147,02.06 21:00,21.081
147,02.06 22:00,18.927
147,02.06 23:00,19.023
147,03.06 00:00,18.01
147,03.06 01:00,17.013
147,03.06 02:00,15.946
147,03.06 03:00,17.007
147,03.06 04:00,16.047
147,03.06 05:00,17.033
147,03.06 06:00,16.017
147,03.06 07:00,16.023
147,03.06 08:00,19.002
147,03.06 09:00,18.938
147,03.06 10:00,20.915
147,03.06 11:00,21.027
147,03.06 12:00,22.951
147,03.06 13:00,20.089
147,03.06 14:00,22.042
147,03.06 15:00,27.022
147,03.06 16:00,21.992
147,03.06 17:00,14.993
147,03.06 18:00,13.992
147,03.06 19:00,13.945
147,03.06 20:00,12.985
147,03.06 21:00,14.037
147,03.06 22:00,14.014
147,03.06 23:00,13.992
147,04.06 00:00,15.054
147,04.06 01:00,13.969
147,04.06 02:00,13.951
147,04.06 03:00,14.055
147,04.06 04:00,14.012
147,04.06 05:00,14.977
147,04.06 06:00,12.953
147,04.06 07:00,17.911
147,04.06 08:00,20.012
147,04.06 09:00,21.061
147,04.06 10:00,24.916
147,04.06 11:00,23.893
147,04.06 12:00,24.979
147,04.06 13:00,20.992
147,04.06 14:00,22.103
147,04.06 15:00,26.042
147,04.06 16:00,25.888
147,04.06 17:00,19.957
147,04.06 18:00,13.949
147,04.06 19:00,14.022
147,04.06 20:00,13.058
147,04.06 21:00,12.958
147,04.06 22:00,15.057
147,04.06 23:00,14.016
147,05.06 00:00,13.953
147,05.06 01:00,15.033
147,05.06 02:00,14.056
147,05.06 03:00,13.951
147,05.06 04:00,15.054
147,05.06 05:00,13.967
147,05.06 06:00,13.983
147,05.06 07:00,17.0
147,05.06 08:00,19.947
147,05.06 09:00,21.92
147,05.06 10:00,22.038
147,05.06 11:00,23.074
147,05.06 12:00,28.044
147,05.06 13:00,26.963
147,05.06 14:00,27.097
147,05.06 15:00,28.124
147,05.06 16:00,28.117
147,05.06 17:00,27.043
147,05.06 18:00,27.04
147,05.06 19:00,27.051
147,05.06 20:00,26.013
147,05.06 21:00,26.972
147,05.06 22:00,22.05
147,05.06 23:00,23.012
147,06.06 00:00,21.955
147,06.06 01:00,20.925
147,06.06 02:00,23.068
147,06.06 03:00,20.989
147,06.06 04:00,21.972
147,06.06 05:00,22.109
147,06.06 06:00,20.959
147,06.06 07:00,20.982
147,06.06 08:00,23.074
147,06.06 09:00,20.907
147,06.06 10:00,23.976
147,06.06 11:00,24.889
147,06.06 12:00,28.111
147,06.06 13:00,25.088
147,06.06 14:00,26.896
147,06.06 15:00,23.897
147,06.06 16:00,25.098
147,06.06 17:00,23.978
147,06.06 18:00,21.029
147,06.06 19:00,20.546
147,06.06 20:00,21.968
147,06.06 21:00,22.109
147,06.06 22:00,18.079
147,06.06 23:00,16.917
147,07.06 00:00,16.954
147,07.06 01:00,15.946
147,07.06 02:00,18.063
147,07.06 03:00,19.924
147,07.06 04:00,22.081
147,07.06 05:00,21.977
147,07.06 06:00,18.938
147,07.06 07:00,17.946
147,07.06 08:00,22.029
147,07.06 09:00,20.947
147,07.06 10:00,23.031
147,07.06 11:00,23.98
147,07.06 12:00,26.101
147,07.06 13:00,27.036
147,07.06 14:00,26.963
147,07.06 15:00,27.02
147,07.06 16:00,28.892
147,07.06 17:00,30.125
147,07.06 18:00,30.027
147,07.06 19:00,27.869
147,07.06 20:00,26.034
147,07.06 21:00,23.053
147,07.06 22:00,23.928
147,07.06 23:00,21.104
147,08.06 00:00,20.908
147,08.06 01:00,20.002
147,08.06 02:00,17.964
147,08.06 03:00,18.019
147,08.06 04:00,16.987
147,08.06 05:00,15.926
147,08.06 06:00,16.068
147,08.06 07:00,17.077
147,08.06 08:00,19.946
147,08.06 09:00,20.925
147,08.06 10:00,21.933
147,08.06 11:00,24.976
147,08.06 12:00,28.034
147,08.06 13:00,28.882
147,08.06 14:00,30.091
147,08.06 15:00,29.051
147,08.06 16:00,30.078
147,08.06 17:00,29.009
147,08.06 18:00,29.006
147,08.06 19:00,27.015
147,08.06 20:00,27.909
147,08.06 21:00,26.918
147,08.06 22:00,22.973
147,08.06 23:00,23.109
147,09.06 00:00,23.901
147,09.06 01:00,21.01
147,09.06 02:00,18.037
147,09.06 03:00,19.969
147,09.06 04:00,20.095
147,09.06 05:00,20.959
147,09.06 06:00,18.046
147,09.06 07:00,20.087
147,09.06 08:00,21.944
147,09.06 09:00,24.96
147,09.06 10:00,31.023
147,09.06 11:00,31.998
147,09.06 12:00,34.157
147,09.06 13:00,33.939
147,09.06 14:00,35.126
147,09.06 15:00,34.104
147,09.06 16:00,31.964
147,09.06 17:00,29.99
147,09.06 18:00,30.919
147,09.06 19:00,29.879
147,09.06 20:00,29.042
147,09.06 21:00,28.138
147,09.06 22:00,23.08
147,09.06 23:00,22.91
147,10.06 00:00,24.988
147,10.06 01:00,22.049
147,10.06 02:00,18.947
147,10.06 03:00,21.9
147,10.06 04:00,22.893
147,10.06 05:00,19.948
147,10.06 06:00,17.029
147,10.06 07:00,23.892
147,10.06 08:00,30.051
147,10.06 09:00,28.995
147,10.06 10:00,28.937
147,10.06 11:00,32.155
147,10.06 12:00,37.097
147,10.06 13:00,37.826
147,10.06 14:00,37.996
147,10.06 15:00,40.012
147,10.06 16:00,40.919
147,10.06 17:00,38.136
147,10.06 18:00,19.066
147,10.06 19:00,15.976
147,10.06 20:00,16.019
147,10.06 21:00,13.967
147,10.06 22:00,15.057
147,10.06 23:00,15.034
147,11.06 00:00,14.02
147,11.06 01:00,15.01
147,11.06 02:00,13.989
147,11.06 03:00,13.955
147,11.06 04:00,13.97
147,11.06 05:00,14.034
147,11.06 06:00,13.006
147,11.06 07:00,26.883
147,11.06 08:00,33.991
147,11.06 09:00,34.884
147,11.06 10:00,35.104
147,11.06 11:00,35.034
147,11.06 12:00,33.158
147,11.06 13:00,32.069
147,11.06 14:00,34.022
147,11.06 15:00,34.89
147,11.06 16:00,33.982
147,11.06 17:00,33.087
147,11.06 18:00,16.986
147,11.06 19:00,19.067
147,11.06 20:00,18.005
147,11.06 21:00,17.083
147,11.06 22:00,17.077
147,11.06 23:00,16.078
147,12.06 00:00,17.01
147,12.06 01:00,16.036
147,12.06 02:00,16.801
147,12.06 03:00,15.986
147,12.06 04:00,16.018
147,12.06 05:00,16.068
147,12.06 06:00,15.991
147,12.06 07:00,21.898
147,12.06 08:00,25.109
147,12.06 09:00,27.012
147,12.06 10:00,25.738
147,12.06 11:00,27.094
147,12.06 12:00,28.097
147,12.06 13:00,28.89
147,12.06 14:00,28.961
147,12.06 15:00,29.082
147,12.06 16:00,28.864
147,12.06 17:00,30.115
147,12.06 18:00,28.897
147,12.06 19:00,29.105
147,12.06 20:00,26.988
147,12.06 21:00,22.959
147,12.06 22:00,26.083
147,12.06 23:00,23.089
147,13.06 00:00,25.053
147,13.06 01:00,21.952
147,13.06 02:00,22.931
147,13.06 03:00,25.982
147,13.06 04:00,24.931
147,13.06 05:00,22.015
147,13.06 06:00,23.01
147,13.06 07:00,23.052
147,13.06 08:00,23.922
147,13.06 09:00,25.051
147,13.06 10:00,25.09
147,13.06 11:00,28.045
147,13.06 12:00,31.004
147,13.06 13:00,32.135
147,13.06 14:00,31.124
147,13.06 15:00,31.884
147,13.06 16:00,33.034
147,13.06 17:00,28.997
147,13.06 18:00,26.873
147,13.06 19:00,23.009
147,13.06 20:00,21.904
147,13.06 21:00,18.986
147,13.06 22:00,21.021
147,13.06 23:00,18.037
147,14.06 00:00,19.029
147,14.06 01:00,23.064
147,14.06 02:00,18.959
147,14.06 03:00,17.975
147,14.06 04:00,18.071
147,14.06 05:00,22.975
147,14.06 06:00,19.956
147,14.06 07:00,18.957
147,14.06 08:00,23.085
147,14.06 09:00,28.06
147,14.06 10:00,26.068
147,14.06 11:00,24.019
147,14.06 12:00,29.06
147,14.06 13:00,33.022
147,14.06 14:00,28.935
147,14.06 15:00,26.059
147,14.06 16:00,30.122
147,14.06 17:00,26.984
147,14.06 18:00,19.957
147,14.06 19:00,19.083
147,14.06 20:00,23.9
147,14.06 21:00,20.975
147,14.06 22:00,17.069
147,14.06 23:00,17.966
147,15.06 00:00,21.046
147,15.06 01:00,20.951
147,15.06 02:00,18.974
147,15.06 03:00,17.95
147,15.06 04:00,18.081
147,15.06 05:00,18.047
147,15.06 06:00,17.945
147,15.06 07:00,18.926
147,15.06 08:00,24.949
147,15.06 09:00,29.077
147,15.06 10:00,25.979
147,15.06 11:00,27.063
147,15.06 12:00,30.082
147,15.06 13:00,31.006
147,15.06 14:00,29.88
147,15.06 15:00,27.018
147,15.06 16:00,32.892
147,15.06 17:00,29.101
147,15.06 18:00,27.943
147,15.06 19:00,27.899
147,15.06 20:00,25.111
147,15.06 21:00,21.104
147,15.06 22:00,20.979
147,15.06 23:00,24.057
147,16.06 00:00,18.935
147,16.06 01:00,18.006
147,16.06 02:00,20.064
147,16.06 03:00,21.057
147,16.06 04:00,19.939
147,16.06 05:00,17.016
147,16.06 06:00,18.013
147,16.06 07:00,18.966
147,16.06 08:00,24.899
147,16.06 09:00,25.069
147,16.06 10:00,23.085
147,16.06 11:00,22.925
147,16.06 12:00,29.941
147,16.06 13:00,32.109
147,16.06 14:00,29.875
147,16.06 15:00,31.625
147,16.06 16:00,32.117
147,16.06 17:00,30.036
147,16.06 18:00,29.058
147,16.06 19:00,28.858
147,16.06 20:00,28.909
147,16.06 21:00,27.926
147,16.06 22:00,21.911
147,16.06 23:00,22.944
147,17.06 00:00,19.019
147,17.06 01:00,18.225
147,17.06 02:00,22.991
147,17.06 03:00,19.052
147,17.06 04:00,15.967
147,17.06 05:00,19.963
147,17.06 06:00,21.898
147,17.06 07:00,21.456
147,17.06 08:00,21.934
147,17.06 09:00,26.1
147,17.06 10:00,30.95
147,17.06 11:00,31.898
147,17.06 12:00,33.965
147,17.06 13:00,33.879
147,17.06 14:00,35.915
147,17.06 15:00,37.845
147,17.06 16:00,38.835
147,17.06 17:00,34.858
147,17.06 18:00,17.017
147,17.06 19:00,13.973
147,17.06 20:00,13.992
147,17.06 21:00,13.949
147,17.06 22:00,8.99
147,17.06 23:00,9.024
147,18.06 00:00,9.042
147,18.06 01:00,8.955
147,18.06 02:00,9.039
147,18.06 03:00,7.989
147,18.06 04:00,9.011
147,18.06 05:00,9.009
147,18.06 06:00,8.035
147,18.06 07:00,16.949
147,18.06 08:00,20.944
147,18.06 09:00,22.099
147,18.06 10:00,20.962
147,18.06 11:00,19.913
147,18.06 12:00,19.996
147,18.06 13:00,18.978
147,18.06 14:00,22.081
147,18.06 15:00,24.048
147,18.06 16:00,25.09
147,18.06 17:00,21.941
147,18.06 18:00,9.975
147,18.06 19:00,8.009
147,18.06 20:00,7.975
147,18.06 21:00,7.034
147,18.06 22:00,8.02
147,18.06 23:00,8.016
147,19.06 00:00,7.99
147,19.06 01:00,8.97
147,19.06 02:00,8.008
147,19.06 03:00,9.019
147,19.06 04:00,7.96
147,19.06 05:00,9.043
147,19.06 06:00,8.002
147,19.06 07:00,16.987
147,19.06 08:00,23.055
147,19.06 09:00,23.065
147,19.06 10:00,23.886
147,19.06 11:00,26.025
147,19.06 12:00,28.052
147,19.06 13:00,29.07
147,19.06 14:00,30.851
147,19.06 15:00,31.877
147,19.06 16:00,30.128
147,19.06 17:00,29.978
147,19.06 18:00,30.016
147,19.06 19:00,26.88
147,19.06 20:00,24.897
147,19.06 21:00,23.031
147,19.06 22:00,17.024
147,19.06 23:00,23.912
147,20.06 00:00,24.091
147,20.06 01:00,22.069
147,20.06 02:00,21.946
147,20.06 03:00,20.05
147,20.06 04:00,17.958
147,20.06 05:00,16.968
147,20.06 06:00,15.017
147,20.06 07:00,15.941
147,20.06 08:00,15.928
147,20.06 09:00,18.958
147,20.06 10:00,19.073
147,20.06 11:00,21.091
147,20.06 12:00,23.046
147,20.06 13:00,23.051
147,20.06 14:00,22.966
147,20.06 15:00,21.068
147,20.06 16:00,23.066
147,20.06 17:00,19.949
147,20.06 18:00,17.913
147,20.06 19:00,19.045
147,20.06 20:00,16.018
147,20.06 21:00,17.08
147,20.06 22:00,15.013
147,20.06 23:00,18.063
147,21.06 00:00,16.075
147,21.06 01:00,14.043
147,21.06 02:00,10.949
147,21.06 03:00,12.004
147,21.06 04:00,12.975
147,21.06 05:00,13.006
147,21.06 06:00,11.448
147,21.06 07:00,12.951
147,21.06 08:00,17.019
147,21.06 09:00,17.992
147,21.06 10:00,21.018
147,21.06 11:00,23.947
147,21.06 12:00,23.978
147,21.06 13:00,23.114
147,21.06 14:00,23.938
147,21.06 15:00,22.986
147,21.06 16:00,24.051
147,21.06 17:00,22.914
147,21.06 18:00,22.034
147,21.06 19:00,19.964
147,21.06 20:00,19.962
147,21.06 21:00,16.922
147,21.06 22:00,16.025
147,21.06 23:00,16.949
147,22.06 00:00,15.949
147,22.06 01:00,17.034
147,22.06 02:00,16.979
147,22.06 03:00,14.964
147,22.06 04:00,13.932
147,22.06 05:00,14.99
147,22.06 06:00,13.96
147,22.06 07:00,13.944
147,22.06 08:00,16.963
147,22.06 09:00,15.93
147,22.06 10:00,16.949
147,22.06 11:00,20.901
147,22.06 12:00,25.097
147,22.06 13:00,26.909
147,22.06 14:00,25.871
147,22.06 15:00,26.097
147,22.06 16:00,28.044
147,22.06 17:00,22.891
147,22.06 18:00,23.054
147,22.06 19:00,22.007
147,22.06 20:00,19.075
147,22.06 21:00,17.974
147,22.06 22:00,16.976
147,22.06 23:00,18.004
147,23.06 00:00,14.932
147,23.06 01:00,13.021
147,23.06 02:00,9.982
147,23.06 03:00,10.946
147,23.06 04:00,10.016
147,23.06 05:00,13.011
147,23.06 06:00,12.012
147,23.06 07:00,14.019
147,23.06 08:00,15.982
147,23.06 09:00,15.051
147,23.06 10:00,14.941
147,23.06 11:00,13.992
147,23.06 12:00,15.012
147,23.06 13:00,18.026
147,23.06 14:00,22.036
147,23.06 15:00,22.018
147,23.06 16:00,22.048
147,23.06 17:00,16.932
147,23.06 18:00,16.063
147,23.06 19:00,14.927
147,23.06 20:00,14.956
147,23.06 21:00,14.961
147,23.06 22:00,15.074
147,23.06 23:00,15.028
147,24.06 00:00,13.976
147,24.06 01:00,12.05
147,24.06 02:00,12.023
147,24.06 03:00,10.981
147,24.06 04:00,10.014
147,24.06 05:00,10.963
147,24.06 06:00,12.034
147,24.06 07:00,13.064
147,24.06 08:00,13.946
147,24.06 09:00,14.993
147,24.06 10:00,16.005
147,24.06 11:00,20.96
147,24.06 12:00,22.993
147,24.06 13:00,21.908
147,24.06 14:00,21.94
147,24.06 15:00,22.922
147,24.06 16:00,21.995
147,24.06 17:00,19.003
147,24.06 18:00,9.963
147,24.06 19:00,8.029
147,24.06 20:00,8.038
147,24.06 21:00,7.97
147,24.06 22:00,6.995
147,24.06 23:00,9.033
147,25.06 00:00,8.006
147,25.06 01:00,8.961
147,25.06 02:00,7.964
147,25.06 03:00,9.024
147,25.06 04:00,9.038
147,25.06 05:00,8.025
147,25.06 06:00,8.025
147,25.06 07:00,21.051
147,25.06 08:00,22.078
147,25.06 09:00,24.072
147,25.06 10:00,26.932
147,25.06 11:00,27.99
147,25.06 12:00,29.893
147,25.06 13:00,28.928
147,25.06 14:00,31.007
147,25.06 15:00,31.138
147,25.06 16:00,30.978
147,25.06 17:00,30.038
147,25.06 18:00,9.984
147,25.06 19:00,7.991
147,25.06 20:00,8.016
147,25.06 21:00,9.043
147,25.06 22:00,12.959
147,25.06 23:00,18.045
147,26.06 00:00,18.042
147,26.06 01:00,17.018
147,26.06 02:00,17.985
147,26.06 03:00,13.004
147,26.06 04:00,8.02
147,26.06 05:00,9.04
147,26.06 06:00,6.966
147,26.06 07:00,18.927
147,26.06 08:00,19.996
147,26.06 09:00,17.951
147,26.06 10:00,20.917
147,26.06 11:00,21.065
147,26.06 12:00,23.104
147,26.06 13:00,21.967
147,26.06 14:00,24.074
147,26.06 15:00,22.991
147,26.06 16:00,20.021
147,26.06 17:00,18.086
147,26.06 18:00,21.026
147,26.06 19:00,21.009
147,26.06 20:00,19.934
147,26.06 21:00,17.965
147,26.06 22:00,16.975
147,26.06 23:00,16.968
147,27.06 00:00,18.029
147,27.06 01:00,18.038
147,27.06 02:00,18.971
147,27.06 03:00,17.062
147,27.06 04:00,15.968
147,27.06 05:00,13.986
147,27.06 06:00,11.958
147,27.06 07:00,13.007
147,27.06 08:00,15.929
147,27.06 09:00,18.083
147,27.06 10:00,17.992
147,27.06 11:00,19.962
147,27.06 12:00,22.051
147,27.06 13:00,19.904
147,27.06 14:00,19.988
147,27.06 15:00,20.932
147,27.06 16:00,22.038
147,27.06 17:00,19.053
147,27.06 18:00,19.946
147,27.06 19:00,18.089
147,27.06 20:00,17.922
147,27.06 21:00,16.031
147,27.06 22:00,15.997
147,27.06 23:00,15.927
147,28.06 00:00,13.959
147,28.06 01:00,13.984
147,28.06 02:00,13.989
147,28.06 03:00,10.975
147,28.06 04:00,10.039
147,28.06 05:00,10.946
147,28.06 06:00,11.055
147,28.06 07:00,12.014
147,28.06 08:00,15.952
147,28.06 09:00,15.045
147,28.06 10:00,0.0
147,28.06 11:00,35.037
147,28.06 12:00,24.09
147,28.06 13:00,22.087
147,28.06 14:00,20.059
147,28.06 15:00,20.083
147,28.06 16:00,20.069
147,28.06 17:00,17.074
147,28.06 18:00,18.016
147,28.06 19:00,15.026
147,28.06 20:00,14.926
147,28.06 21:00,13.948
147,28.06 22:00,13.015
147,28.06 23:00,13.023
147,29.06 00:00,10.969
147,29.06 01:00,12.986
147,29.06 02:00,12.999
147,29.06 03:00,12.003
147,29.06 04:00,11.037
147,29.06 05:00,10.996
147,29.06 06:00,13.03
147,29.06 07:00,14.031
147,29.06 08:00,15.957
147,29.06 09:00,18.046
147,29.06 10:00,17.965
147,29.06 11:00,19.067
147,29.06 12:00,19.991
147,29.06 13:00,23.923
147,29.06 14:00,21.896
147,29.06 15:00,18.963
147,29.06 16:00,23.068
147,29.06 17:00,19.012
147,29.06 18:00,18.926
147,29.06 19:00,18.92
147,29.06 20:00,17.025
147,29.06 21:00,16.937
147,29.06 22:00,15.034
147,29.06 23:00,14.962
147,30.06 00:00,14.967
147,30.06 01:00,16.987
147,30.06 02:00,13.056
147,30.06 03:00,12.026
147,30.06 04:00,12.995
147,30.06 05:00,12.946
147,30.06 06:00,14.057
147,30.06 07:00,15.057
147,30.06 08:00,16.982
147,30.06 09:00,19.018
147,30.06 10:00,18.952
147,30.06 11:00,18.98
147,30.06 12:00,19.982
147,30.06 13:00,18.05
147,30.06 14:00,20.065
147,30.06 15:00,19.004
147,30.06 16:00,22.943
147,30.06 17:00,20.028
147,30.06 18:00,14.934
147,30.06 19:00,14.954
147,30.06 20:00,13.009
147,30.06 21:00,13.044
147,30.06 22:00,11.951
147,30.06 23:00,11.999
147,01.07 00:00,8.981
147,01.07 01:00,10.047
147,01.07 02:00,9.036
147,01.07 03:00,10.031
147,01.07 04:00,10.043
147,01.07 05:00,11.946
147,01.07 06:00,14.013
147,01.07 07:00,16.023
147,01.07 08:00,18.047
147,01.07 09:00,15.941
147,01.07 10:00,16.045
147,01.07 11:00,17.926
147,01.07 12:00,18.017
147,01.07 13:00,23.073
147,01.07 14:00,21.979
147,01.07 15:00,21.905
147,01.07 16:00,19.016
147,01.07 17:00,16.003
147,01.07 18:00,8.962
147,01.07 19:00,8.026
147,01.07 20:00,9.004
147,01.07 21:00,8.016
147,01.07 22:00,8.001
147,01.07 23:00,8.973
147,02.07 00:00,8.033
147,02.07 01:00,8.002
147,02.07 02:00,7.987
147,02.07 03:00,7.98
147,02.07 04:00,7.972
147,02.07 05:00,8.039
147,02.07 06:00,8.015
147,02.07 07:00,12.026
147,02.07 08:00,14.012
147,02.07 09:00,12.994
147,02.07 10:00,10.997
147,02.07 11:00,15.042
147,02.07 12:00,16.974
147,02.07 13:00,15.962
147,02.07 14:00,17.004
147,02.07 15:00,16.321
147,02.07 16:00,16.929
147,02.07 17:00,15.997
147,02.07 18:00,9.997
147,02.07 19:00,7.974
147,02.07 20:00,8.225
147,02.07 21:00,8.977
147,02.07 22:00,9.001
147,02.07 23:00,8.988
147,03.07 00:00,9.008
147,03.07 01:00,9.996
147,03.07 02:00,8.963
147,03.07 03:00,8.995
147,03.07 04:00,9.965
147,03.07 05:00,9.027
147,03.07 06:00,9.026
147,03.07 07:00,12.998
147,03.07 08:00,17.934
147,03.07 09:00,15.994
147,03.07 10:00,15.979
147,03.07 11:00,16.962
147,03.07 12:00,16.957
147,03.07 13:00,18.012
147,03.07 14:00,17.06
147,03.07 15:00,15.991
147,03.07 16:00,17.008
147,03.07 17:00,15.986
147,03.07 18:00,17.97
147,03.07 19:00,16.995
147,03.07 20:00,16.963
147,03.07 21:00,16.974
147,03.07 22:00,15.953
147,03.07 23:00,14.003
147,04.07 00:00,11.013
147,04.07 01:00,10.955
147,04.07 02:00,13.059
147,04.07 03:00,11.954
147,04.07 04:00,11.026
147,04.07 05:00,11.993
147,04.07 06:00,11.013
147,04.07 07:00,11.975
147,04.07 08:00,11.023
147,04.07 09:00,12.159
147,04.07 10:00,16.0
147,04.07 11:00,16.065
147,04.07 12:00,16.064
147,04.07 13:00,15.996
147,04.07 14:00,16.059
147,04.07 15:00,16.075
147,04.07 16:00,16.972
147,04.07 17:00,16.004
147,04.07 18:00,14.965
147,04.07 19:00,15.035
147,04.07 20:00,14.048
147,04.07 21:00,14.037
147,04.07 22:00,15.025
147,04.07 23:00,14.0
147,05.07 00:00,14.926
147,05.07 01:00,15.072
147,05.07 02:00,15.03
147,05.07 03:00,13.058
147,05.07 04:00,10.043
147,05.07 05:00,15.06
147,05.07 06:00,14.96
147,05.07 07:00,17.057
147,05.07 08:00,20.013
147,05.07 09:00,18.068
147,05.07 10:00,16.025
147,05.07 11:00,17.915
147,05.07 12:00,22.098
147,05.07 13:00,21.938
147,05.07 14:00,24.035
147,05.07 15:00,28.03
147,05.07 16:00,31.989
147,05.07 17:00,26.077
147,05.07 18:00,26.084
147,05.07 19:00,26.072
147,05.07 20:00,13.059
147,05.07 21:00,19.079
147,05.07 22:00,17.006
147,05.07 23:00,14.001
147,06.07 00:00,16.947
147,06.07 01:00,16.076
147,06.07 02:00,15.836
147,06.07 03:00,16.934
147,06.07 04:00,16.05
147,06.07 05:00,15.936
147,06.07 06:00,16.068
147,06.07 07:00,16.049
147,06.07 08:00,17.988
147,06.07 09:00,18.931
147,06.07 10:00,21.076
147,06.07 11:00,20.06
147,06.07 12:00,20.955
147,06.07 13:00,23.985
147,06.07 14:00,22.896
147,06.07 15:00,22.944
147,06.07 16:00,22.103
147,06.07 17:00,18.917
147,06.07 18:00,20.06
147,06.07 19:00,19.013
147,06.07 20:00,17.98
147,06.07 21:00,17.976
147,06.07 22:00,18.987
147,06.07 23:00,18.035
147,07.07 00:00,17.068
147,07.07 01:00,17.053
147,07.07 02:00,18.065
147,07.07 03:00,17.058
147,07.07 04:00,16.975
147,07.07 05:00,16.983
147,07.07 06:00,17.955
147,07.07 07:00,15.956
147,07.07 08:00,18.911
147,07.07 09:00,20.067
147,07.07 10:00,19.905
147,07.07 11:00,19.036
147,07.07 12:00,20.028
147,07.07 13:00,21.082
147,07.07 14:00,20.982
147,07.07 15:00,21.014
147,07.07 16:00,22.977
147,07.07 17:00,19.923
147,07.07 18:00,17.94
147,07.07 19:00,18.063
147,07.07 20:00,16.034
147,07.07 21:00,16.021
147,07.07 22:00,15.038
147,07.07 23:00,16.076
147,08.07 00:00,15.033
147,08.07 01:00,16.043
147,08.07 02:00,15.999
147,08.07 03:00,14.954
147,08.07 04:00,16.074
147,08.07 05:00,14.977
147,08.07 06:00,14.997
147,08.07 07:00,14.948
147,08.07 08:00,16.06
147,08.07 09:00,15.927
147,08.07 10:00,15.952
147,08.07 11:00,16.08
147,08.07 12:00,17.058
147,08.07 13:00,16.971
147,08.07 14:00,17.013
147,08.07 15:00,17.069
147,08.07 16:00,20.078
147,08.07 17:00,19.069
147,08.07 18:00,9.99
147,08.07 19:00,10.024
147,08.07 20:00,7.991
147,08.07 21:00,8.026
147,08.07 22:00,9.035
147,08.07 23:00,9.008
147,09.07 00:00,9.008
147,09.07 01:00,8.978
147,09.07 02:00,9.008
147,09.07 03:00,8.033
147,09.07 04:00,7.993
147,09.07 05:00,8.02
147,09.07 06:00,8.013
147,09.07 07:00,10.947
147,09.07 08:00,14.948
147,09.07 09:00,14.988
147,09.07 10:00,15.035
147,09.07 11:00,14.978
147,09.07 12:00,15.922
147,09.07 13:00,17.015
147,09.07 14:00,18.33
147,09.07 15:00,16.973
147,09.07 16:00,19.076
147,09.07 17:00,17.07
147,09.07 18:00,7.969
147,09.07 19:00,7.977
147,09.07 20:00,8.005
147,09.07 21:00,7.002
147,09.07 22:00,8.022
147,09.07 23:00,8.989
147,10.07 00:00,8.036
147,10.07 01:00,9.013
147,10.07 02:00,8.027
147,10.07 03:00,9.009
147,10.07 04:00,7.981
147,10.07 05:00,9.044
147,10.07 06:00,8.967
147,10.07 07:00,14.932
147,10.07 08:00,22.057
147,10.07 09:00,22.042
147,10.07 10:00,20.48
147,10.07 11:00,19.925
147,10.07 12:00,20.954
147,10.07 13:00,20.094
147,10.07 14:00,20.928
147,10.07 15:00,19.924
147,10.07 16:00,19.066
147,10.07 17:00,16.933
147,10.07 18:00,19.939
147,10.07 19:00,19.041
147,10.07 20:00,19.01
147,10.07 21:00,16.032
147,10.07 22:00,16.993
147,10.07 23:00,16.945
147,11.07 00:00,18.966
147,11.07 01:00,20.037
147,11.07 02:00,18.906
147,11.07 03:00,19.049
147,11.07 04:00,20.031
147,11.07 05:00,18.996
147,11.07 06:00,19.017
147,11.07 07:00,19.91
147,11.07 08:00,21.963
147,11.07 09:00,19.98
147,11.07 10:00,20.016
147,11.07 11:00,20.977
147,11.07 12:00,23.013
147,11.07 13:00,22.075
147,11.07 14:00,22.893
147,11.07 15:00,24.904
147,11.07 16:00,28.994
147,11.07 17:00,28.919
147,11.07 18:00,27.078
147,11.07 19:00,25.094
147,11.07 20:00,23.95
147,11.07 21:00,21.923
147,11.07 22:00,23.078
147,11.07 23:00,22.081
147,12.07 00:00,19.988
147,12.07 01:00,19.975
147,12.07 02:00,21.081
147,12.07 03:00,20.976
147,12.07 04:00,20.023
147,12.07 05:00,21.027
147,12.07 06:00,19.005
147,12.07 07:00,20.021
147,12.07 08:00,20.062
147,12.07 09:00,19.015
147,12.07 10:00,20.012
147,12.07 11:00,20.919
147,12.07 12:00,23.106
147,12.07 13:00,24.037
147,12.07 14:00,22.899
147,12.07 15:00,24.027
147,12.07 16:00,23.954
147,12.07 17:00,22.922
147,12.07 18:00,22.999
147,12.07 19:00,20.93
147,12.07 20:00,21.846
147,12.07 21:00,19.903
147,12.07 22:00,21.983
147,12.07 23:00,19.908
147,13.07 00:00,18.05
147,13.07 01:00,17.949
147,13.07 02:00,17.025
147,13.07 03:00,16.958
147,13.07 04:00,17.049
147,13.07 05:00,16.952
147,13.07 06:00,17.979
147,13.07 07:00,16.979
147,13.07 08:00,19.027
147,13.07 09:00,19.091
147,13.07 10:00,18.915
147,13.07 11:00,19.983
147,13.07 12:00,20.92
147,13.07 13:00,22.969
147,13.07 14:00,22.933
147,13.07 15:00,22.928
147,13.07 16:00,26.059
147,13.07 17:00,24.926
147,13.07 18:00,23.916
147,13.07 19:00,23.549
147,13.07 20:00,19.995
147,13.07 21:00,18.992
147,13.07 22:00,16.998
147,13.07 23:00,15.934
147,14.07 00:00,15.968
147,14.07 01:00,16.051
147,14.07 02:00,16.079
147,14.07 03:00,15.949
147,14.07 04:00,15.014
147,14.07 05:00,15.962
147,14.07 06:00,15.979
147,14.07 07:00,14.946
147,14.07 08:00,18.006
147,14.07 09:00,17.947
147,14.07 10:00,17.065
147,14.07 11:00,17.007
147,14.07 12:00,17.078
147,14.07 13:00,18.961
147,14.07 14:00,18.924
147,14.07 15:00,18.909
147,14.07 16:00,20.05
147,14.07 17:00,15.024
147,14.07 18:00,14.94
147,14.07 19:00,14.056
147,14.07 20:00,12.059
147,14.07 21:00,11.945
147,14.07 22:00,13.018
147,14.07 23:00,13.057
147,15.07 00:00,14.062
147,15.07 01:00,14.032
147,15.07 02:00,14.975
147,15.07 03:00,12.984
147,15.07 04:00,12.988
147,15.07 05:00,13.008
147,15.07 06:00,12.983
147,15.07 07:00,9.972
147,15.07 08:00,13.01
147,15.07 09:00,11.995
147,15.07 10:00,14.068
147,15.07 11:00,14.946
147,15.07 12:00,17.972
147,15.07 13:00,23.108
147,15.07 14:00,23.077
147,15.07 15:00,22.099
147,15.07 16:00,21.017
147,15.07 17:00,17.94
147,15.07 18:00,10.999
147,15.07 19:00,7.966
147,15.07 20:00,7.984
147,15.07 21:00,6.984
147,15.07 22:00,7.863
147,15.07 23:00,7.994
147,16.07 00:00,8.381
147,16.07 01:00,8.009
147,16.07 02:00,8.033
147,16.07 03:00,8.006
147,16.07 04:00,8.981
147,16.07 05:00,8.012
147,16.07 06:00,7.974
147,16.07 07:00,11.946
147,16.07 08:00,17.068
147,16.07 09:00,16.004
147,16.07 10:00,15.995
147,16.07 11:00,19.929
147,16.07 12:00,19.999
147,16.07 13:00,18.023
147,16.07 14:00,19.073
147,16.07 15:00,17.976
147,16.07 16:00,17.958
147,16.07 17:00,17.081
147,16.07 18:00,8.005
147,16.07 19:00,6.985
147,16.07 20:00,7.015
147,16.07 21:00,7.031
147,16.07 22:00,7.971
147,16.07 23:00,1.0
147,17.07 00:00,1.003
147,17.07 01:00,1.005
147,17.07 02:00,0.998
147,17.07 03:00,0.999
147,17.07 04:00,0.998
147,17.07 05:00,1.002
147,17.07 06:00,0.997
147,17.07 07:00,15.026
147,17.07 08:00,20.09
147,17.07 09:00,18.009
147,17.07 10:00,18.004
147,17.07 11:00,19.009
147,17.07 12:00,21.912
147,17.07 13:00,21.948
147,17.07 14:00,23.03
147,17.07 15:00,20.969
147,17.07 16:00,18.964
147,17.07 17:00,17.966
147,17.07 18:00,18.069
147,17.07 19:00,18.083
147,17.07 20:00,17.043
147,17.07 21:00,16.587
147,17.07 22:00,15.943
147,17.07 23:00,13.939
147,18.07 00:00,14.987
147,18.07 01:00,13.994
147,18.07 02:00,14.964
147,18.07 03:00,15.062
147,18.07 04:00,15.961
147,18.07 05:00,15.951
147,18.07 06:00,16.024
147,18.07 07:00,16.925
147,18.07 08:00,17.016
147,18.07 09:00,18.982
147,18.07 10:00,19.09
147,18.07 11:00,22.063
147,18.07 12:00,23.91
147,18.07 13:00,24.917
147,18.07 14:00,25.111
147,18.07 15:00,24.969
147,18.07 16:00,25.921
147,18.07 17:00,22.976
147,18.07 18:00,24.035
147,18.07 19:00,21.912
147,18.07 20:00,20.95
147,18.07 21:00,20.082
147,18.07 22:00,21.043
147,18.07 23:00,18.967
147,19.07 00:00,18.95
147,19.07 01:00,17.925
147,19.07 02:00,18.081
147,19.07 03:00,17.002
147,19.07 04:00,18.02
147,19.07 05:00,18.995
147,19.07 06:00,16.996
147,19.07 07:00,20.006
147,19.07 08:00,20.048
147,19.07 09:00,19.921
147,19.07 10:00,22.013
147,19.07 11:00,22.957
147,19.07 12:00,26.93
147,19.07 13:00,25.894
147,19.07 14:00,28.956
147,19.07 15:00,29.887
147,19.07 16:00,27.975
147,19.07 17:00,24.947
147,19.07 18:00,25.019
147,19.07 19:00,24.054
147,19.07 20:00,21.994
147,19.07 21:00,19.95
147,19.07 22:00,22.93
147,19.07 23:00,23.055
147,20.07 00:00,20.931
147,20.07 01:00,21.073
147,20.07 02:00,19.966
147,20.07 03:00,19.933
147,20.07 04:00,18.938
147,20.07 05:00,18.96
147,20.07 06:00,20.041
147,20.07 07:00,19.965
147,20.07 08:00,22.912
147,20.07 09:00,21.982
147,20.07 10:00,21.993
147,20.07 11:00,24.01
147,20.07 12:00,28.012
147,20.07 13:00,32.887
147,20.07 14:00,32.984
147,20.07 15:00,35.026
147,20.07 16:00,33.099
147,20.07 17:00,31.074
147,20.07 18:00,31.097
147,20.07 19:00,29.944
147,20.07 20:00,28.11
147,20.07 21:00,28.972
147,20.07 22:00,26.091
147,20.07 23:00,23.913
147,21.07 00:00,21.001
147,21.07 01:00,20.088
147,21.07 02:00,21.008
147,21.07 03:00,22.82
147,21.07 04:00,20.969
147,21.07 05:00,19.92
147,21.07 06:00,19.988
147,21.07 07:00,21.001
147,21.07 08:00,21.943
147,21.07 09:00,21.087
147,21.07 10:00,21.916
147,21.07 11:00,24.017
147,21.07 12:00,28.098
147,21.07 13:00,34.905
147,21.07 14:00,35.002
147,21.07 15:00,35.844
147,21.07 16:00,32.956
147,21.07 17:00,30.941
147,21.07 18:00,30.971
147,21.07 19:00,30.002
147,21.07 20:00,28.102
147,21.07 21:00,25.889
147,21.07 22:00,24.971
147,21.07 23:00,20.895
147,22.07 00:00,19.925
147,22.07 01:00,17.067
147,22.07 02:00,15.926
147,22.07 03:00,15.988
147,22.07 04:00,16.014
147,22.07 05:00,16.941
147,22.07 06:00,19.064
147,22.07 07:00,20.925
147,22.07 08:00,19.964
147,22.07 09:00,19.973
147,22.07 10:00,22.059
147,22.07 11:00,25.311
147,22.07 12:00,29.141
147,22.07 13:00,31.946
147,22.07 14:00,29.93
147,22.07 15:00,30.987
147,22.07 16:00,30.969
147,22.07 17:00,28.113
147,22.07 18:00,9.974
147,22.07 19:00,7.979
147,22.07 20:00,8.03
147,22.07 21:00,6.972
147,22.07 22:00,8.972
147,22.07 23:00,8.019
147,23.07 00:00,7.999
147,23.07 01:00,8.031
147,23.07 02:00,8.029
147,23.07 03:00,8.983
147,23.07 04:00,7.969
147,23.07 05:00,8.0
147,23.07 06:00,8.017
147,23.07 07:00,20.044
147,23.07 08:00,28.052
147,23.07 09:00,27.091
147,23.07 10:00,29.093
147,23.07 11:00,27.02
147,23.07 12:00,21.049
147,23.07 13:00,20.897
147,23.07 14:00,19.994
147,23.07 15:00,19.008
147,23.07 16:00,18.007
147,23.07 17:00,16.942
147,23.07 18:00,9.022
147,23.07 19:00,7.97
147,23.07 20:00,8.999
147,23.07 21:00,7.986
147,23.07 22:00,9.637
147,23.07 23:00,9.012
147,24.07 00:00,8.959
147,24.07 01:00,10.043
147,24.07 02:00,8.968
147,24.07 03:00,10.034
147,24.07 04:00,9.006
147,24.07 05:00,9.991
147,24.07 06:00,9.005
147,24.07 07:00,22.907
147,24.07 08:00,29.068
147,24.07 09:00,26.066
147,24.07 10:00,22.939
147,24.07 11:00,24.961
147,24.07 12:00,26.926
147,24.07 13:00,26.009
147,24.07 14:00,26.073
147,24.07 15:00,23.966
147,24.07 16:00,21.926
147,24.07 17:00,21.92
147,24.07 18:00,19.994
147,24.07 19:00,19.99
147,24.07 20:00,18.911
147,24.07 21:00,17.056
147,24.07 22:00,16.932
147,24.07 23:00,18.049
147,25.07 00:00,19.016
147,25.07 01:00,17.99
147,25.07 02:00,17.923
147,25.07 03:00,17.967
147,25.07 04:00,19.953
147,25.07 05:00,16.041
147,25.07 06:00,18.049
147,25.07 07:00,18.013
147,25.07 08:00,20.057
147,25.07 09:00,19.913
147,25.07 10:00,20.066
147,25.07 11:00,22.011
147,25.07 12:00,24.088
147,25.07 13:00,25.079
147,25.07 14:00,25.954
147,25.07 15:00,27.009
147,25.07 16:00,29.147
147,25.07 17:00,24.93
147,25.07 18:00,23.95
147,25.07 19:00,23.056
147,25.07 20:00,22.079
147,25.07 21:00,20.97
147,25.07 22:00,18.945
147,25.07 23:00,18.01
147,26.07 00:00,17.072
147,26.07 01:00,16.939
147,26.07 02:00,17.073
147,26.07 03:00,18.065
147,26.07 04:00,16.001
147,26.07 05:00,17.031
147,26.07 06:00,16.065
147,26.07 07:00,19.994
147,26.07 08:00,19.987
147,26.07 09:00,22.987
147,26.07 10:00,23.025
147,26.07 11:00,24.089
147,26.07 12:00,27.972
147,26.07 13:00,33.923
147,26.07 14:00,31.95
147,26.07 15:00,28.945
147,26.07 16:00,31.982
147,26.07 17:00,26.897
147,26.07 18:00,27.071
147,26.07 19:00,25.057
147,26.07 20:00,22.086
147,26.07 21:00,22.004
147,26.07 22:00,20.02
147,26.07 23:00,18.086
147,27.07 00:00,18.93
147,27.07 01:00,18.007
147,27.07 02:00,18.93
147,27.07 03:00,19.074
147,27.07 04:00,19.051
147,27.07 05:00,20.079
147,27.07 06:00,18.983
147,27.07 07:00,20.979
147,27.07 08:00,20.968
147,27.07 09:00,22.049
147,27.07 10:00,21.896
147,27.07 11:00,23.104
147,27.07 12:00,23.881
147,27.07 13:00,25.945
147,27.07 14:00,25.004
147,27.07 15:00,23.932
147,27.07 16:00,21.934
147,27.07 17:00,19.058
147,27.07 18:00,18.075
147,27.07 19:00,16.937
147,27.07 20:00,15.924
147,27.07 21:00,14.934
147,27.07 22:00,15.957
147,27.07 23:00,17.031
147,28.07 00:00,15.993
147,28.07 01:00,15.992
147,28.07 02:00,14.982
147,28.07 03:00,17.006
147,28.07 04:00,17.921
147,28.07 05:00,17.981
147,28.07 06:00,16.997
147,28.07 07:00,16.996
147,28.07 08:00,20.917
147,28.07 09:00,20.096
147,28.07 10:00,18.995
147,28.07 11:00,17.98
147,28.07 12:00,19.984
147,28.07 13:00,19.901
147,28.07 14:00,20.015
147,28.07 15:00,19.919
147,28.07 16:00,19.958
147,28.07 17:00,18.324
147,28.07 18:00,15.928
147,28.07 19:00,16.028
147,28.07 20:00,13.983
147,28.07 21:00,12.959
147,28.07 22:00,13.022
147,28.07 23:00,12.943
147,29.07 00:00,13.943
147,29.07 01:00,14.009
147,29.07 02:00,13.934
147,29.07 03:00,13.983
147,29.07 04:00,13.931
147,29.07 05:00,14.038
147,29.07 06:00,12.955
147,29.07 07:00,13.024
147,29.07 08:00,16.016
147,29.07 09:00,17.065
147,29.07 10:00,16.013
147,29.07 11:00,19.091
147,29.07 12:00,19.057
147,29.07 13:00,19.937
147,29.07 14:00,21.057
147,29.07 15:00,20.04
147,29.07 16:00,21.964
147,29.07 17:00,19.929
147,29.07 18:00,11.973
147,29.07 19:00,10.952
147,29.07 20:00,9.976
147,29.07 21:00,11.016
147,29.07 22:00,10.027
147,29.07 23:00,10.001
147,30.07 00:00,9.988
147,30.07 01:00,10.026
147,30.07 02:00,9.013
147,30.07 03:00,9.964
147,30.07 04:00,10.001
147,30.07 05:00,8.983
147,30.07 06:00,9.972
147,30.07 07:00,16.001
147,30.07 08:00,19.027
147,30.07 09:00,19.93
147,30.07 10:00,16.916
147,30.07 11:00,18.003
147,30.07 12:00,18.939
147,30.07 13:00,18.92
147,30.07 14:00,22.06
147,30.07 15:00,21.037
147,30.07 16:00,21.955
147,30.07 17:00,19.005
147,30.07 18:00,9.011
147,30.07 19:00,7.034
147,30.07 20:00,7.004
147,30.07 21:00,6.966
147,30.07 22:00,8.017
147,30.07 23:00,7.983
147,31.07 00:00,6.798
147,31.07 01:00,7.98
147,31.07 02:00,7.972
147,31.07 03:00,8.032
147,31.07 04:00,6.974
147,31.07 05:00,7.967
147,31.07 06:00,8.028
147,31.07 07:00,17.077
147,31.07 08:00,21.047
147,31.07 09:00,21.029
147,31.07 10:00,18.992
147,31.07 11:00,20.965
147,31.07 12:00,23.063
147,31.07 13:00,24.895
147,31.07 14:00,25.999
147,31.07 15:00,25.89
147,31.07 16:00,25.028
147,31.07 17:00,22.096
147,31.07 18:00,22.006
147,31.07 19:00,22.083
147,31.07 20:00,21.069
147,31.07 21:00,18.955
147,31.07 22:00,17.962
147,31.07 23:00,18.073
147,01.08 00:00,16.995
147,01.08 01:00,16.008
147,01.08 02:00,16.022
147,01.08 03:00,19.049
147,01.08 04:00,18.952
147,01.08 05:00,19.029
147,01.08 06:00,18.957
147,01.08 07:00,19.074
147,01.08 08:00,19.93
147,01.08 09:00,19.996
147,01.08 10:00,20.932
147,01.08 11:00,21.919
147,01.08 12:00,21.958
147,01.08 13:00,24.942
147,01.08 14:00,24.293
147,01.08 15:00,27.947
147,01.08 16:00,27.894
147,01.08 17:00,24.003
147,01.08 18:00,23.962
147,01.08 19:00,21.059
147,01.08 20:00,20.074
147,01.08 21:00,19.057
147,01.08 22:00,18.053
147,01.08 23:00,16.989
147,02.08 00:00,17.028
147,02.08 01:00,20.026
147,02.08 02:00,19.985
147,02.08 03:00,19.087
147,02.08 04:00,18.996
147,02.08 05:00,20.016
147,02.08 06:00,20.031
147,02.08 07:00,20.951
147,02.08 08:00,20.897
147,02.08 09:00,20.979
147,02.08 10:00,20.896
147,02.08 11:00,22.988
147,02.08 12:00,28.108
147,02.08 13:00,30.886
147,02.08 14:00,33.059
147,02.08 15:00,33.012
147,02.08 16:00,29.913
147,02.08 17:00,23.895
147,02.08 18:00,21.901
147,02.08 19:00,21.051
147,02.08 20:00,20.938
147,02.08 21:00,20.065
147,02.08 22:00,20.933
147,02.08 23:00,23.015
147,03.08 00:00,20.921
147,03.08 01:00,20.009
147,03.08 02:00,19.034
147,03.08 03:00,19.94
147,03.08 04:00,18.946
147,03.08 05:00,20.084
147,03.08 06:00,20.05
147,03.08 07:00,20.956
147,03.08 08:00,20.914
147,03.08 09:00,22.067
147,03.08 10:00,21.896
147,03.08 11:00,27.044
147,03.08 12:00,34.104
147,03.08 13:00,34.871
147,03.08 14:00,33.049
147,03.08 15:00,37.065
147,03.08 16:00,36.177
147,03.08 17:00,31.958
147,03.08 18:00,31.198
147,03.08 19:00,29.145
147,03.08 20:00,28.107
147,03.08 21:00,25.073
147,03.08 22:00,25.006
147,03.08 23:00,22.088
147,04.08 00:00,21.938
147,04.08 01:00,20.032
147,04.08 02:00,18.071
147,04.08 03:00,18.963
147,04.08 04:00,17.935
147,04.08 05:00,18.09
147,04.08 06:00,21.066
147,04.08 07:00,20.035
147,04.08 08:00,23.967
147,04.08 09:00,22.014
147,04.08 10:00,22.089
147,04.08 11:00,22.008
147,04.08 12:00,21.967
147,04.08 13:00,22.985
147,04.08 14:00,23.891
147,04.08 15:00,24.878
147,04.08 16:00,25.975
147,04.08 17:00,24.106
147,04.08 18:00,23.085
147,04.08 19:00,19.982
147,04.08 20:00,18.986
147,04.08 21:00,16.018
147,04.08 22:00,13.982
147,04.08 23:00,14.044
147,05.08 00:00,13.043
147,05.08 01:00,14.943
147,05.08 02:00,13.575
147,05.08 03:00,15.013
147,05.08 04:00,13.937
147,05.08 05:00,13.955
147,05.08 06:00,14.025
147,05.08 07:00,13.017
147,05.08 08:00,16.979
147,05.08 09:00,17.027
147,05.08 10:00,17.016
147,05.08 11:00,21.001
147,05.08 12:00,22.978
147,05.08 13:00,24.029
147,05.08 14:00,24.918
147,05.08 15:00,23.006
147,05.08 16:00,22.885
147,05.08 17:00,20.058
147,05.08 18:00,11.965
147,05.08 19:00,8.027
147,05.08 20:00,9.005
147,05.08 21:00,6.993
147,05.08 22:00,9.005
147,05.08 23:00,8.005
147,06.08 00:00,1.001
147,06.08 01:00,1.005
147,06.08 02:00,0.999
147,06.08 03:00,1.002
147,06.08 04:00,0.998
147,06.08 05:00,0.999
147,06.08 06:00,0.995
147,06.08 07:00,12.023
147,06.08 08:00,15.019
147,06.08 09:00,17.068
147,06.08 10:00,14.988
147,06.08 11:00,16.923
147,06.08 12:00,18.011
147,06.08 13:00,17.971
147,06.08 14:00,17.982
147,06.08 15:00,20.035
147,06.08 16:00,19.948
147,06.08 17:00,19.01
147,06.08 18:00,10.008
147,06.08 19:00,8.039
147,06.08 20:00,6.983
147,06.08 21:00,7.977
147,06.08 22:00,8.007
147,06.08 23:00,8.014
147,07.08 00:00,9.011
147,07.08 01:00,8.002
147,07.08 02:00,8.04
147,07.08 03:00,7.999
147,07.08 04:00,7.978
147,07.08 05:00,8.025
147,07.08 06:00,7.973
147,07.08 07:00,13.011
147,07.08 08:00,16.026
147,07.08 09:00,19.037
147,07.08 10:00,19.054
147,07.08 11:00,20.018
147,07.08 12:00,18.935
147,07.08 13:00,20.985
147,07.08 14:00,22.013
147,07.08 15:00,23.103
147,07.08 16:00,21.946
147,07.08 17:00,20.095
147,07.08 18:00,20.093
147,07.08 19:00,19.957
147,07.08 20:00,17.986
147,07.08 21:00,16.995
147,07.08 22:00,16.971
147,07.08 23:00,15.925
147,08.08 00:00,16.016
147,08.08 01:00,17.949
147,08.08 02:00,16.022
147,08.08 03:00,15.996
147,08.08 04:00,17.075
147,08.08 05:00,17.056
147,08.08 06:00,15.975
147,08.08 07:00,15.999
147,08.08 08:00,19.01
147,08.08 09:00,19.008
147,08.08 10:00,20.099
147,08.08 11:00,20.926
147,08.08 12:00,23.087
147,08.08 13:00,22.049
147,08.08 14:00,22.06
147,08.08 15:00,22.912
147,08.08 16:00,23.971
147,08.08 17:00,22.009
147,08.08 18:00,21.98
147,08.08 19:00,20.054
147,08.08 20:00,19.083
147,08.08 21:00,18.948
147,08.08 22:00,19.055
147,08.08 23:00,14.051
147,09.08 00:00,15.948
147,09.08 01:00,14.053
147,09.08 02:00,15.929
147,09.08 03:00,16.974
147,09.08 04:00,16.065
147,09.08 05:00,14.952
147,09.08 06:00,17.061
147,09.08 07:00,17.97
147,09.08 08:00,19.943
147,09.08 09:00,18.939
147,09.08 10:00,21.024
147,09.08 11:00,19.945
147,09.08 12:00,21.08
147,09.08 13:00,24.1
147,09.08 14:00,26.062
147,09.08 15:00,32.082
147,09.08 16:00,32.936
147,09.08 17:00,28.97
147,09.08 18:00,28.067
147,09.08 19:00,25.059
147,09.08 20:00,22.886
147,09.08 21:00,22.019
147,09.08 22:00,22.007
147,09.08 23:00,21.897
147,10.08 00:00,19.972
147,10.08 01:00,19.905
147,10.08 02:00,19.923
147,10.08 03:00,21.001
147,10.08 04:00,18.962
147,10.08 05:00,17.932
147,10.08 06:00,18.922
147,10.08 07:00,21.969
147,10.08 08:00,21.982
147,10.08 09:00,24.082
147,10.08 10:00,21.027
147,10.08 11:00,24.001
147,10.08 12:00,27.033
147,10.08 13:00,32.049
147,10.08 14:00,30.799
147,10.08 15:00,32.055
147,10.08 16:00,28.863
147,10.08 17:00,26.978
147,10.08 18:00,25.906
147,10.08 19:00,19.939
147,10.08 20:00,19.064
147,10.08 21:00,18.033
147,10.08 22:00,19.001
147,10.08 23:00,21.051
147,11.08 00:00,19.969
147,11.08 01:00,20.046
147,11.08 02:00,20.046
147,11.08 03:00,18.049
147,11.08 04:00,17.989
147,11.08 05:00,16.031
147,11.08 06:00,16.945
147,11.08 07:00,21.045
147,11.08 08:00,21.965
147,11.08 09:00,20.969
147,11.08 10:00,22.087
147,11.08 11:00,22.105
147,11.08 12:00,21.96
147,11.08 13:00,22.98
147,11.08 14:00,26.055
147,11.08 15:00,28.01
147,11.08 16:00,28.137
147,11.08 17:00,25.092
147,11.08 18:00,21.01
147,11.08 19:00,21.015
147,11.08 20:00,16.924
147,11.08 21:00,17.069
147,11.08 22:00,17.066
147,11.08 23:00,17.006
147,12.08 00:00,17.018
147,12.08 01:00,17.992
147,12.08 02:00,15.968
147,12.08 03:00,14.948
147,12.08 04:00,14.049
147,12.08 05:00,15.937
147,12.08 06:00,16.921
147,12.08 07:00,19.97
147,12.08 08:00,22.004
147,12.08 09:00,20.919
147,12.08 10:00,22.016
147,12.08 11:00,21.974
147,12.08 12:00,23.028
147,12.08 13:00,23.904
147,12.08 14:00,23.946
147,12.08 15:00,23.887
147,12.08 16:00,22.897
147,12.08 17:00,17.925
147,12.08 18:00,9.029
147,12.08 19:00,8.037
147,12.08 20:00,6.977
147,12.08 21:00,9.024
147,12.08 22:00,10.022
147,12.08 23:00,8.964
147,13.08 00:00,1.002
147,13.08 01:00,1.001
147,13.08 02:00,0.999
147,13.08 03:00,1.005
147,13.08 04:00,0.997
147,13.08 05:00,0.998
147,13.08 06:00,0.997
147,13.08 07:00,15.022
147,13.08 08:00,19.079
147,13.08 09:00,18.698
147,13.08 10:00,16.99
147,13.08 11:00,18.92
147,13.08 12:00,19.011
147,13.08 13:00,19.077
147,13.08 14:00,19.049
147,13.08 15:00,18.982
147,13.08 16:00,17.998
147,13.08 17:00,16.976
147,13.08 18:00,7.011
147,13.08 19:00,6.966
147,13.08 20:00,7.984
147,13.08 21:00,7.033
147,13.08 22:00,7.973
147,13.08 23:00,18.053
147,14.08 00:00,20.026
147,14.08 01:00,17.978
147,14.08 02:00,11.04
147,14.08 03:00,8.024
147,14.08 04:00,8.968
147,14.08 05:00,7.974
147,14.08 06:00,9.035
147,14.08 07:00,12.009
147,14.08 08:00,17.028
147,14.08 09:00,14.939
147,14.08 10:00,13.936
147,14.08 11:00,17.078
147,14.08 12:00,17.99
147,14.08 13:00,17.973
147,14.08 14:00,17.99
147,14.08 15:00,17.041
147,14.08 16:00,17.929
147,14.08 17:00,15.934
147,14.08 18:00,18.061
147,14.08 19:00,16.053
147,14.08 20:00,16.932
147,14.08 21:00,17.047
147,14.08 22:00,16.033
147,14.08 23:00,16.998
147,15.08 00:00,16.007
147,15.08 01:00,17.003
147,15.08 02:00,17.06
147,15.08 03:00,18.027
147,15.08 04:00,17.955
147,15.08 05:00,16.049
147,15.08 06:00,16.035
147,15.08 07:00,15.967
147,15.08 08:00,19.024
147,15.08 09:00,19.056
147,15.08 10:00,17.91
147,15.08 11:00,19.92
147,15.08 12:00,21.961
147,15.08 13:00,22.016
147,15.08 14:00,23.056
147,15.08 15:00,22.909
147,15.08 16:00,21.891
147,15.08 17:00,21.961
147,15.08 18:00,19.942
147,15.08 19:00,17.936
147,15.08 20:00,16.923
147,15.08 21:00,16.995
147,15.08 22:00,17.053
147,15.08 23:00,16.978
147,16.08 00:00,16.975
147,16.08 01:00,17.919
147,16.08 02:00,18.038
147,16.08 03:00,17.04
147,16.08 04:00,16.923
147,16.08 05:00,16.95
147,16.08 06:00,17.04
147,16.08 07:00,18.08
147,16.08 08:00,21.101
147,16.08 09:00,21.031
147,16.08 10:00,22.101
147,16.08 11:00,22.024
147,16.08 12:00,26.001
147,16.08 13:00,24.969
147,16.08 14:00,27.901
147,16.08 15:00,24.971
147,16.08 16:00,26.918
147,16.08 17:00,24.987
147,16.08 18:00,21.901
147,16.08 19:00,16.952
147,16.08 20:00,18.071
147,16.08 21:00,16.945
147,16.08 22:00,18.921
147,16.08 23:00,19.057
147,17.08 00:00,19.037
147,17.08 01:00,20.037
147,17.08 02:00,18.924
147,17.08 03:00,19.066
147,17.08 04:00,18.929
147,17.08 05:00,19.969
147,17.08 06:00,18.934
147,17.08 07:00,18.983
147,17.08 08:00,18.93
147,17.08 09:00,20.036
147,17.08 10:00,19.001
147,17.08 11:00,19.979
147,17.08 12:00,22.92
147,17.08 13:00,22.55
147,17.08 14:00,25.936
147,17.08 15:00,26.114
147,17.08 16:00,26.12
147,17.08 17:00,19.934
147,17.08 18:00,18.001
147,17.08 19:00,18.075
147,17.08 20:00,15.941
147,17.08 21:00,16.982
147,17.08 22:00,18.975
147,17.08 23:00,18.994
147,18.08 00:00,19.983
147,18.08 01:00,17.953
147,18.08 02:00,19.035
147,18.08 03:00,16.966
147,18.08 04:00,18.966
147,18.08 05:00,18.062
147,18.08 06:00,18.712
147,18.08 07:00,19.054
147,18.08 08:00,19.939
147,18.08 09:00,21.939
147,18.08 10:00,21.044
147,18.08 11:00,22.027
147,18.08 12:00,25.061
147,18.08 13:00,25.902
147,18.08 14:00,25.045
147,18.08 15:00,23.112
147,18.08 16:00,22.086
147,18.08 17:00,16.97
147,18.08 18:00,17.952
147,18.08 19:00,16.076
147,18.08 20:00,16.059
147,18.08 21:00,16.012
147,18.08 22:00,16.951
147,18.08 23:00,17.08
147,19.08 00:00,18.078
147,19.08 01:00,17.055
147,19.08 02:00,17.005
147,19.08 03:00,15.98
147,19.08 04:00,14.983
147,19.08 05:00,16.059
147,19.08 06:00,17.912
147,19.08 07:00,17.919
147,19.08 08:00,19.912
147,19.08 09:00,20.09
147,19.08 10:00,19.98
147,19.08 11:00,18.917
147,19.08 12:00,21.028
147,19.08 13:00,22.012
147,19.08 14:00,22.886
147,19.08 15:00,22.041
147,19.08 16:00,22.931
147,19.08 17:00,18.913
147,19.08 18:00,10.974
147,19.08 19:00,8.981
147,19.08 20:00,9.015
147,19.08 21:00,7.986
147,19.08 22:00,9.029
147,19.08 23:00,9.036
147,20.08 00:00,8.004
147,20.08 01:00,7.978
147,20.08 02:00,9.021
147,20.08 03:00,8.038
147,20.08 04:00,8.023
147,20.08 05:00,8.022
147,20.08 06:00,8.039
147,20.08 07:00,13.965
147,20.08 08:00,16.927
147,20.08 09:00,15.061
147,20.08 10:00,14.001
147,20.08 11:00,14.975
147,20.08 12:00,15.046
147,20.08 13:00,14.936
147,20.08 14:00,15.011
147,20.08 15:00,15.053
147,20.08 16:00,13.965
147,20.08 17:00,13.051
147,20.08 18:00,9.973
147,20.08 19:00,8.985
147,20.08 20:00,9.026
147,20.08 21:00,9.967
147,20.08 22:00,11.023
147,20.08 23:00,10.04
147,21.08 00:00,9.971
147,21.08 01:00,9.971
147,21.08 02:00,10.973
147,21.08 03:00,10.024
147,21.08 04:00,11.034
147,21.08 05:00,10.031
147,21.08 06:00,11.017
147,21.08 07:00,12.003
147,21.08 08:00,14.03
147,21.08 09:00,14.037
147,21.08 10:00,13.975
147,21.08 11:00,12.96
147,21.08 12:00,16.973
147,21.08 13:00,14.972
147,21.08 14:00,16.968
147,21.08 15:00,16.017
147,21.08 16:00,15.974
147,21.08 17:00,15.066
147,21.08 18:00,16.011
147,21.08 19:00,16.006
147,21.08 20:00,14.022
147,21.08 21:00,15.068
147,21.08 22:00,16.023
147,21.08 23:00,14.945
147,22.08 00:00,14.937
147,22.08 01:00,14.933
147,22.08 02:00,16.048
147,22.08 03:00,15.955
147,22.08 04:00,17.027
147,22.08 05:00,14.97
147,22.08 06:00,15.029
147,22.08 07:00,15.017
147,22.08 08:00,16.046
147,22.08 09:00,16.977
147,22.08 10:00,16.967
147,22.08 11:00,18.059
147,22.08 12:00,21.01
147,22.08 13:00,22.948
147,22.08 14:00,24.082
147,22.08 15:00,22.028
147,22.08 16:00,22.974
147,22.08 17:00,19.012
147,22.08 18:00,20.013
147,22.08 19:00,17.018
147,22.08 20:00,17.986
147,22.08 21:00,17.045
147,22.08 22:00,18.076
147,22.08 23:00,18.032
147,23.08 00:00,16.937
147,23.08 01:00,20.071
147,23.08 02:00,23.09
147,23.08 03:00,16.073
147,23.08 04:00,11.971
147,23.08 05:00,11.966
147,23.08 06:00,12.95
147,23.08 07:00,14.99
147,23.08 08:00,15.93
147,23.08 09:00,16.929
147,23.08 10:00,16.987
147,23.08 11:00,21.047
147,23.08 12:00,29.109
147,23.08 13:00,26.101
147,23.08 14:00,27.916
147,23.08 15:00,27.115
147,23.08 16:00,27.87
147,23.08 17:00,23.052
147,23.08 18:00,20.106
147,23.08 19:00,18.907
147,23.08 20:00,17.02
147,23.08 21:00,18.037
147,23.08 22:00,19.002
147,23.08 23:00,19.057
147,24.08 00:00,18.009
147,24.08 01:00,18.088
147,24.08 02:00,18.953
147,24.08 03:00,17.019
147,24.08 04:00,15.056
147,24.08 05:00,17.018
147,24.08 06:00,19.052
147,24.08 07:00,20.058
147,24.08 08:00,22.039
147,24.08 09:00,22.018
147,24.08 10:00,19.033
147,24.08 11:00,21.042
147,24.08 12:00,22.017
147,24.08 13:00,21.986
147,24.08 14:00,22.974
147,24.08 15:00,22.893
147,24.08 16:00,21.961
147,24.08 17:00,18.947
147,24.08 18:00,17.94
147,24.08 19:00,16.013
147,24.08 20:00,15.987
147,24.08 21:00,16.072
147,24.08 22:00,17.564
147,24.08 23:00,15.991
147,25.08 00:00,16.07
147,25.08 01:00,16.041
147,25.08 02:00,17.003
147,25.08 03:00,18.03
147,25.08 04:00,16.194
147,25.08 05:00,15.988
147,25.08 06:00,15.033
147,25.08 07:00,14.996
147,25.08 08:00,17.983
147,25.08 09:00,18.918
147,25.08 10:00,18.074
147,25.08 11:00,18.089
147,25.08 12:00,19.974
147,25.08 13:00,20.06
147,25.08 14:00,19.076
147,25.08 15:00,18.951
147,25.08 16:00,20.078
147,25.08 17:00,15.025
147,25.08 18:00,13.038
147,25.08 19:00,12.99
147,25.08 20:00,13.058
147,25.08 21:00,12.996
147,25.08 22:00,14.021
147,25.08 23:00,13.951
147,26.08 00:00,13.932
147,26.08 01:00,14.065
147,26.08 02:00,14.956
147,26.08 03:00,12.99
147,26.08 04:00,12.956
147,26.08 05:00,13.052
147,26.08 06:00,13.005
147,26.08 07:00,12.976
147,26.08 08:00,13.994
147,26.08 09:00,16.077
147,26.08 10:00,15.971
147,26.08 11:00,16.008
147,26.08 12:00,16.997
147,26.08 13:00,18.052
147,26.08 14:00,16.938
147,26.08 15:00,17.917
147,26.08 16:00,17.916
147,26.08 17:00,14.955
147,26.08 18:00,9.962
147,26.08 19:00,10.003
147,26.08 20:00,10.041
147,26.08 21:00,11.006
147,26.08 22:00,10.954
147,26.08 23:00,9.024
147,27.08 00:00,10.016
147,27.08 01:00,9.0
147,27.08 02:00,9.992
147,27.08 03:00,9.006
147,27.08 04:00,9.042
147,27.08 05:00,10.027
147,27.08 06:00,9.002
147,27.08 07:00,13.977
147,27.08 08:00,13.997
147,27.08 09:00,15.921
147,27.08 10:00,14.926
147,27.08 11:00,15.035
147,27.08 12:00,14.971
147,27.08 13:00,17.074
147,27.08 14:00,17.049
147,27.08 15:00,16.962
147,27.08 16:00,13.001
147,27.08 17:00,11.993
147,27.08 18:00,7.975
147,27.08 19:00,8.023
147,27.08 20:00,8.008
147,27.08 21:00,8.04
147,27.08 22:00,9.004
147,27.08 23:00,8.977
147,28.08 00:00,8.981
147,28.08 01:00,8.018
147,28.08 02:00,9.043
147,28.08 03:00,8.972
147,28.08 04:00,9.102
147,28.08 05:00,8.039
147,28.08 06:00,9.019
147,28.08 07:00,11.963
147,28.08 08:00,13.008
147,28.08 09:00,14.059
147,28.08 10:00,12.991
147,28.08 11:00,14.001
147,28.08 12:00,17.015
147,28.08 13:00,17.024
147,28.08 14:00,17.061
147,28.08 15:00,18.072
147,28.08 16:00,17.045
147,28.08 17:00,17.054
147,28.08 18:00,18.995
147,28.08 19:00,19.068
147,28.08 20:00,17.946
147,28.08 21:00,19.09
147,28.08 22:00,18.96
147,28.08 23:00,18.07
147,29.08 00:00,18.999
147,29.08 01:00,18.906
147,29.08 02:00,19.036
147,29.08 03:00,17.915
147,29.08 04:00,18.914
147,29.08 05:00,19.019
147,29.08 06:00,19.973
147,29.08 07:00,18.937
147,29.08 08:00,22.038
147,29.08 09:00,21.953
147,29.08 10:00,20.938
147,29.08 11:00,22.927
147,29.08 12:00,24.116
147,29.08 13:00,26.012
147,29.08 14:00,27.1
147,29.08 15:00,26.095
147,29.08 16:00,27.083
147,29.08 17:00,26.052
147,29.08 18:00,26.992
147,29.08 19:00,25.06
147,29.08 20:00,24.093
147,29.08 21:00,21.977
147,29.08 22:00,20.99
147,29.08 23:00,20.908
147,30.08 00:00,19.035
147,30.08 01:00,19.067
147,30.08 02:00,19.046
147,30.08 03:00,17.944
147,30.08 04:00,18.004
147,30.08 05:00,18.963
147,30.08 06:00,17.999
147,30.08 07:00,17.936
147,30.08 08:00,19.926
147,30.08 09:00,20.084
147,30.08 10:00,19.081
147,30.08 11:00,19.005
147,30.08 12:00,21.014
147,30.08 13:00,20.04
147,30.08 14:00,21.065
147,30.08 15:00,19.956
147,30.08 16:00,22.106
147,30.08 17:00,18.082
147,30.08 18:00,19.028
147,30.08 19:00,14.925
147,30.08 20:00,15.068
147,30.08 21:00,13.951
147,30.08 22:00,16.034
147,30.08 23:00,15.95
147,31.08 00:00,16.015
147,31.08 01:00,15.942
147,31.08 02:00,14.057
147,31.08 03:00,13.938
147,31.08 04:00,14.059
147,31.08 05:00,13.026
147,31.08 06:00,15.049
147,31.08 07:00,14.934
147,31.08 08:00,14.937
147,31.08 09:00,17.97
147,31.08 10:00,17.048
147,31.08 11:00,18.042
147,31.08 12:00,18.912
147,31.08 13:00,21.066
147,31.08 14:00,23.008
147,31.08 15:00,22.073
147,31.08 16:00,23.113
147,31.08 17:00,21.104
147,31.08 18:00,20.073
147,31.08 19:00,16.972
147,31.08 20:00,15.035
147,31.08 21:00,16.035
147,31.08 22:00,16.231
147,31.08 23:00,17.033
147,01.09 00:00,16.065
147,01.09 01:00,13.983
147,01.09 02:00,15.046
147,01.09 03:00,14.053
147,01.09 04:00,14.98
147,01.09 05:00,14.943
147,01.09 06:00,15.005
147,01.09 07:00,14.044
147,01.09 08:00,17.071
147,01.09 09:00,16.92
147,01.09 10:00,15.921
147,01.09 11:00,17.989
147,01.09 12:00,17.973
147,01.09 13:00,18.994
147,01.09 14:00,21.089
147,01.09 15:00,20.09
147,01.09 16:00,22.019
147,01.09 17:00,21.084
147,01.09 18:00,17.951
147,01.09 19:00,18.971
147,01.09 20:00,17.973
147,01.09 21:00,17.911
147,01.09 22:00,17.025
147,01.09 23:00,15.055
147,02.09 00:00,16.991
147,02.09 01:00,17.915
147,02.09 02:00,17.077
147,02.09 03:00,18.067
147,02.09 04:00,12.043
147,02.09 05:00,13.003
147,02.09 06:00,12.995
147,02.09 07:00,12.023
147,02.09 08:00,15.025
147,02.09 09:00,16.998
147,02.09 10:00,17.052
147,02.09 11:00,17.972
147,02.09 12:00,17.073
147,02.09 13:00,17.988
147,02.09 14:00,20.034
147,02.09 15:00,22.099
147,02.09 16:00,20.967
147,02.09 17:00,16.023
147,02.09 18:00,8.975
147,02.09 19:00,8.971
147,02.09 20:00,9.005
147,02.09 21:00,8.978
147,02.09 22:00,9.002
147,02.09 23:00,10.033
147,03.09 00:00,9.016
147,03.09 01:00,8.961
147,03.09 02:00,9.024
147,03.09 03:00,8.983
147,03.09 04:00,9.028
147,03.09 05:00,9.984
147,03.09 06:00,8.992
147,03.09 07:00,12.04
147,03.09 08:00,12.958
147,03.09 09:00,11.991
147,03.09 10:00,11.996
147,03.09 11:00,11.992
147,03.09 12:00,13.993
147,03.09 13:00,15.001
147,03.09 14:00,15.023
147,03.09 15:00,13.978
147,03.09 16:00,14.947
147,03.09 17:00,12.964
147,03.09 18:00,9.045
147,03.09 19:00,8.017
147,03.09 20:00,8.035
147,03.09 21:00,10.022
147,03.09 22:00,9.02
147,03.09 23:00,10.037
147,04.09 00:00,9.0
147,04.09 01:00,8.966
147,04.09 02:00,10.037
147,04.09 03:00,8.981
147,04.09 04:00,10.01
147,04.09 05:00,8.973
147,04.09 06:00,10.011
147,04.09 07:00,13.035
147,04.09 08:00,13.049
147,04.09 09:00,13.034
147,04.09 10:00,13.057
147,04.09 11:00,14.982
147,04.09 12:00,14.052
147,04.09 13:00,14.967
147,04.09 14:00,16.072
147,04.09 15:00,16.057
147,04.09 16:00,14.958
147,04.09 17:00,15.008
147,04.09 18:00,14.947
147,04.09 19:00,15.024
147,04.09 20:00,15.013
147,04.09 21:00,16.029
147,04.09 22:00,14.99
147,04.09 23:00,17.052
147,05.09 00:00,17.004
147,05.09 01:00,15.972
147,05.09 02:00,15.971
147,05.09 03:00,18.06
147,05.09 04:00,14.024
147,05.09 05:00,15.966
147,05.09 06:00,16.008
147,05.09 07:00,14.954
147,05.09 08:00,14.935
147,05.09 09:00,15.037
147,05.09 10:00,14.008
147,05.09 11:00,14.949
147,05.09 12:00,17.031
147,05.09 13:00,15.922
147,05.09 14:00,16.97
147,05.09 15:00,16.665
147,05.09 16:00,16.981
147,05.09 17:00,16.03
147,05.09 18:00,16.018
147,05.09 19:00,15.979
147,05.09 20:00,15.991
147,05.09 21:00,17.084
147,05.09 22:00,17.964
147,05.09 23:00,18.064
147,06.09 00:00,18.913
147,06.09 01:00,18.048
147,06.09 02:00,19.029
147,06.09 03:00,16.935
147,06.09 04:00,19.008
147,06.09 05:00,17.934
147,06.09 06:00,19.061
147,06.09 07:00,20.026
147,06.09 08:00,21.073
147,06.09 09:00,23.053
147,06.09 10:00,22.078
147,06.09 11:00,21.979
147,06.09 12:00,21.947
147,06.09 13:00,21.054
147,06.09 14:00,23.001
147,06.09 15:00,20.061
147,06.09 16:00,18.079
147,06.09 17:00,16.005
147,06.09 18:00,16.022
147,06.09 19:00,14.932
147,06.09 20:00,15.972
147,06.09 21:00,18.062
147,06.09 22:00,18.971
147,06.09 23:00,19.952
147,07.09 00:00,19.001
147,07.09 01:00,18.922
147,07.09 02:00,17.918
147,07.09 03:00,17.083
147,07.09 04:00,17.065
147,07.09 05:00,19.95
147,07.09 06:00,19.992
147,07.09 07:00,22.099
147,07.09 08:00,20.051
147,07.09 09:00,21.039
147,07.09 10:00,21.029
147,07.09 11:00,18.989
147,07.09 12:00,20.917
147,07.09 13:00,21.928
147,07.09 14:00,20.933
147,07.09 15:00,20.922
147,07.09 16:00,17.914
147,07.09 17:00,15.928
147,07.09 18:00,14.932
147,07.09 19:00,16.075
147,07.09 20:00,15.995
147,07.09 21:00,17.991
147,07.09 22:00,19.027
147,07.09 23:00,19.929
147,08.09 00:00,18.932
147,08.09 01:00,18.911
147,08.09 02:00,17.046
147,08.09 03:00,18.056
147,08.09 04:00,19.009
147,08.09 05:00,18.064
147,08.09 06:00,15.945
147,08.09 07:00,15.974
147,08.09 08:00,13.939
147,08.09 09:00,15.022
147,08.09 10:00,13.933
147,08.09 11:00,14.943
147,08.09 12:00,15.932
147,08.09 13:00,19.089
147,08.09 14:00,20.932
147,08.09 15:00,19.034
147,08.09 16:00,21.016
147,08.09 17:00,16.976
147,08.09 18:00,16.06
147,08.09 19:00,15.971
147,08.09 20:00,13.951
147,08.09 21:00,12.99
147,08.09 22:00,14.064
147,08.09 23:00,13.954
147,09.09 00:00,14.049
147,09.09 01:00,11.978
147,09.09 02:00,14.06
147,09.09 03:00,12.034
147,09.09 04:00,15.018
147,09.09 05:00,13.942
147,09.09 06:00,14.023
147,09.09 07:00,11.048
147,09.09 08:00,15.005
147,09.09 09:00,14.954
147,09.09 10:00,14.978
147,09.09 11:00,14.959
147,09.09 12:00,15.048
147,09.09 13:00,15.019
147,09.09 14:00,18.939
147,09.09 15:00,22.941
147,09.09 16:00,22.034
147,09.09 17:00,17.045
147,09.09 18:00,12.01
147,09.09 19:00,10.955
147,09.09 20:00,10.021
147,09.09 21:00,8.972
147,09.09 22:00,8.029
147,09.09 23:00,9.004
147,10.09 00:00,8.031
147,10.09 01:00,8.018
147,10.09 02:00,7.987
147,10.09 03:00,6.98
147,10.09 04:00,7.996
147,10.09 05:00,8.014
147,10.09 06:00,9.025
147,10.09 07:00,14.02
147,10.09 08:00,13.049
147,10.09 09:00,14.026
147,10.09 10:00,14.032
147,10.09 11:00,13.983
147,10.09 12:00,16.056
147,10.09 13:00,15.949
147,10.09 14:00,16.983
147,10.09 15:00,18.079
147,10.09 16:00,17.076
147,10.09 17:00,15.066
147,10.09 18:00,11.007
147,10.09 19:00,9.996
147,10.09 20:00,10.0
147,10.09 21:00,7.769
147,10.09 22:00,1.002
147,10.09 23:00,1.001
147,11.09 00:00,1.001
147,11.09 01:00,0.996
147,11.09 02:00,1.004
147,11.09 03:00,0.997
147,11.09 04:00,0.996
147,11.09 05:00,0.998
147,11.09 06:00,0.996
147,11.09 07:00,10.049
147,11.09 08:00,13.051
147,11.09 09:00,14.027
147,11.09 10:00,13.98
147,11.09 11:00,14.982
147,11.09 12:00,16.08
147,11.09 13:00,17.03
147,11.09 14:00,17.917
147,11.09 15:00,18.703
147,11.09 16:00,16.956
147,11.09 17:00,14.957
147,11.09 18:00,17.167
147,11.09 19:00,14.891
147,11.09 20:00,16.065
147,11.09 21:00,17.084
147,11.09 22:00,15.97
147,11.09 23:00,17.016
147,12.09 00:00,16.055
147,12.09 01:00,16.028
147,12.09 02:00,15.064
147,12.09 03:00,14.962
147,12.09 04:00,16.024
147,12.09 05:00,13.481
147,12.09 06:00,13.939
147,12.09 07:00,14.013
147,12.09 08:00,16.028
147,12.09 09:00,17.073
147,12.09 10:00,16.048
147,12.09 11:00,18.004
147,12.09 12:00,19.004
147,12.09 13:00,22.064
147,12.09 14:00,22.053
147,12.09 15:00,21.923
147,12.09 16:00,19.978
147,12.09 17:00,13.963
147,12.09 18:00,14.049
147,12.09 19:00,12.999
147,12.09 20:00,13.987
147,12.09 21:00,16.006
147,12.09 22:00,16.919
147,12.09 23:00,16.05
147,13.09 00:00,15.996
147,13.09 01:00,14.942
147,13.09 02:00,15.043
147,13.09 03:00,15.07
147,13.09 04:00,13.031
147,13.09 05:00,12.004
147,13.09 06:00,9.985
147,13.09 07:00,11.984
147,13.09 08:00,12.968
147,13.09 09:00,13.055
147,13.09 10:00,13.014
147,13.09 11:00,12.978
147,13.09 12:00,15.008
147,13.09 13:00,14.929
147,13.09 14:00,17.03
147,13.09 15:00,17.078
147,13.09 16:00,16.079
147,13.09 17:00,12.939
147,13.09 18:00,11.945
147,13.09 19:00,9.967
147,13.09 20:00,10.999
147,13.09 21:00,13.04
147,13.09 22:00,13.026
147,13.09 23:00,12.005
147,14.09 00:00,12.056
147,14.09 01:00,10.982
147,14.09 02:00,11.022
147,14.09 03:00,11.005
147,14.09 04:00,12.017
147,14.09 05:00,12.019
147,14.09 06:00,13.058
147,14.09 07:00,14.027
147,14.09 08:00,15.985
147,14.09 09:00,16.927
147,14.09 10:00,14.929
147,14.09 11:00,13.942
147,14.09 12:00,16.012
147,14.09 13:00,16.045
147,14.09 14:00,15.921
147,14.09 15:00,19.054
147,14.09 16:00,18.991
147,14.09 17:00,15.933
147,14.09 18:00,15.945
147,14.09 19:00,13.996
147,14.09 20:00,13.934
147,14.09 21:00,15.074
147,14.09 22:00,14.995
147,14.09 23:00,14.951
147,15.09 00:00,13.93
147,15.09 01:00,11.94
147,15.09 02:00,11.949
147,15.09 03:00,11.054
147,15.09 04:00,11.021
147,15.09 05:00,10.044
147,15.09 06:00,12.95
147,15.09 07:00,13.59
147,15.09 08:00,12.937
147,15.09 09:00,12.937
147,15.09 10:00,12.022
147,15.09 11:00,15.045
147,15.09 12:00,17.031
147,15.09 13:00,15.055
147,15.09 14:00,14.998
147,15.09 15:00,16.075
147,15.09 16:00,18.457
147,15.09 17:00,13.965
147,15.09 18:00,11.959
147,15.09 19:00,12.044
147,15.09 20:00,11.941
147,15.09 21:00,12.936
147,15.09 22:00,11.954
147,15.09 23:00,13.937
147,16.09 00:00,11.035
147,16.09 01:00,10.957
147,16.09 02:00,11.012
147,16.09 03:00,10.954
147,16.09 04:00,11.353
147,16.09 05:00,12.049
147,16.09 06:00,13.056
147,16.09 07:00,14.058
147,16.09 08:00,13.063
147,16.09 09:00,14.008
147,16.09 10:00,15.046
147,16.09 11:00,14.933
147,16.09 12:00,15.947
147,16.09 13:00,15.959
147,16.09 14:00,16.926
147,16.09 15:00,15.993
147,16.09 16:00,15.95
147,16.09 17:00,11.054
147,16.09 18:00,7.997
147,16.09 19:00,7.005
147,16.09 20:00,7.003
147,16.09 21:00,7.969
147,16.09 22:00,7.964
147,16.09 23:00,8.034
147,17.09 00:00,7.034
147,17.09 01:00,7.998
147,17.09 02:00,8.011
147,17.09 03:00,8.023
147,17.09 04:00,7.982
147,17.09 05:00,6.994
147,17.09 06:00,7.969
147,17.09 07:00,10.032
147,17.09 08:00,13.0
147,17.09 09:00,13.024
147,17.09 10:00,12.949
147,17.09 11:00,13.008
147,17.09 12:00,15.017
147,17.09 13:00,14.013
147,17.09 14:00,15.049
147,17.09 15:00,14.016
147,17.09 16:00,15.044
147,17.09 17:00,10.957
147,17.09 18:00,6.99
147,17.09 19:00,7.023
147,17.09 20:00,6.97
147,17.09 21:00,8.017
147,17.09 22:00,8.008
147,17.09 23:00,7.982
147,18.09 00:00,7.031
147,18.09 01:00,7.977
147,18.09 02:00,7.987
147,18.09 03:00,7.99
147,18.09 04:00,7.982
147,18.09 05:00,7.997
147,18.09 06:00,7.966
147,18.09 07:00,9.017
147,18.09 08:00,11.019
147,18.09 09:00,11.023
147,18.09 10:00,12.023
147,18.09 11:00,12.058
147,18.09 12:00,14.05
147,18.09 13:00,14.948
147,18.09 14:00,17.977
147,18.09 15:00,19.005
147,18.09 16:00,17.922
147,18.09 17:00,17.937
147,18.09 18:00,16.018
147,18.09 19:00,14.937
147,18.09 20:00,15.977
147,18.09 21:00,16.951
147,18.09 22:00,18.006
147,18.09 23:00,15.982
147,19.09 00:00,17.0
147,19.09 01:00,17.068
147,19.09 02:00,16.08
147,19.09 03:00,16.974
147,19.09 04:00,17.926
147,19.09 05:00,17.969
147,19.09 06:00,17.976
147,19.09 07:00,17.944
147,19.09 08:00,16.057
147,19.09 09:00,16.068
147,19.09 10:00,16.03
147,19.09 11:00,15.923
147,19.09 12:00,14.996
147,19.09 13:00,17.057
147,19.09 14:00,19.063
147,19.09 15:00,19.979
147,19.09 16:00,17.958
147,19.09 17:00,14.043
147,19.09 18:00,14.999
147,19.09 19:00,14.06
147,19.09 20:00,14.063
147,19.09 21:00,15.004
147,19.09 22:00,14.028
147,19.09 23:00,12.952
147,20.09 00:00,14.032
147,20.09 01:00,13.978
147,20.09 02:00,12.959
147,20.09 03:00,10.845
147,20.09 04:00,12.038
147,20.09 05:00,12.955
147,20.09 06:00,12.007
147,20.09 07:00,12.036
147,20.09 08:00,13.981
147,20.09 09:00,14.018
147,20.09 10:00,12.982
147,20.09 11:00,12.999
147,20.09 12:00,15.953
147,20.09 13:00,16.996
147,20.09 14:00,17.003
147,20.09 15:00,19.083
147,20.09 16:00,13.966
147,20.09 17:00,13.991
147,20.09 18:00,16.919
147,20.09 19:00,14.985
147,20.09 20:00,14.014
147,20.09 21:00,14.011
147,20.09 22:00,15.018
147,20.09 23:00,15.993
147,21.09 00:00,14.986
147,21.09 01:00,16.064
147,21.09 02:00,16.059
147,21.09 03:00,16.962
147,21.09 04:00,15.017
147,21.09 05:00,15.931
147,21.09 06:00,15.994
147,21.09 07:00,17.062
147,21.09 08:00,15.928
147,21.09 09:00,16.311
147,21.09 10:00,18.074
147,21.09 11:00,17.019
147,21.09 12:00,17.926
147,21.09 13:00,19.06
147,21.09 14:00,18.017
147,21.09 15:00,18.058
147,21.09 16:00,15.936
147,21.09 17:00,13.041
147,21.09 18:00,15.009
147,21.09 19:00,13.95
147,21.09 20:00,14.05
147,21.09 21:00,12.989
147,21.09 22:00,13.053
147,21.09 23:00,11.74
147,22.09 00:00,12.957
147,22.09 01:00,12.938
147,22.09 02:00,14.05
147,22.09 03:00,13.022
147,22.09 04:00,11.96
147,22.09 05:00,13.031
147,22.09 06:00,13.962
147,22.09 07:00,14.019
147,22.09 08:00,14.993
147,22.09 09:00,16.006
147,22.09 10:00,15.063
147,22.09 11:00,13.976
147,22.09 12:00,17.018
147,22.09 13:00,16.051
147,22.09 14:00,15.008
147,22.09 15:00,17.062
147,22.09 16:00,16.985
147,22.09 17:00,12.021
147,22.09 18:00,12.028
147,22.09 19:00,11.04
147,22.09 20:00,11.038
147,22.09 21:00,11.986
147,22.09 22:00,10.042
147,22.09 23:00,10.042
147,23.09 00:00,10.983
147,23.09 01:00,10.015
147,23.09 02:00,11.048
147,23.09 03:00,9.019
147,23.09 04:00,10.012
147,23.09 05:00,11.0
147,23.09 06:00,12.95
147,23.09 07:00,12.952
147,23.09 08:00,12.986
147,23.09 09:00,14.939
147,23.09 10:00,13.998
147,23.09 11:00,15.028
147,23.09 12:00,17.054
147,23.09 13:00,20.97
147,23.09 14:00,21.007
147,23.09 15:00,21.009
147,23.09 16:00,18.97
147,23.09 17:00,16.012
147,23.09 18:00,9.987
147,23.09 19:00,9.96
147,23.09 20:00,10.024
147,23.09 21:00,11.025
147,23.09 22:00,10.033
147,23.09 23:00,10.016
147,24.09 00:00,8.959
147,24.09 01:00,8.983
147,24.09 02:00,8.038
147,24.09 03:00,8.962
147,24.09 04:00,9.043
147,24.09 05:00,9.011
147,24.09 06:00,10.007
147,24.09 07:00,14.991
147,24.09 08:00,16.977
147,24.09 09:00,18.058
147,24.09 10:00,17.013
147,24.09 11:00,18.926
147,24.09 12:00,18.01
147,24.09 13:00,17.981
147,24.09 14:00,20.047
147,24.09 15:00,20.924
147,24.09 16:00,22.95
147,24.09 17:00,19.904
147,24.09 18:00,13.043
147,24.09 19:00,11.958
147,24.09 20:00,12.943
147,24.09 21:00,12.965
147,24.09 22:00,12.012
147,24.09 23:00,11.99
147,25.09 00:00,12.011
147,25.09 01:00,12.983
147,25.09 02:00,12.039
147,25.09 03:00,12.023
147,25.09 04:00,12.055
147,25.09 05:00,13.053
147,25.09 06:00,12.026
147,25.09 07:00,18.985
147,25.09 08:00,20.02
147,25.09 09:00,20.053
147,25.09 10:00,16.956
147,25.09 11:00,15.985
147,25.09 12:00,17.046
147,25.09 13:00,15.068
147,25.09 14:00,15.954
147,25.09 15:00,16.009
147,25.09 16:00,16.935
147,25.09 17:00,15.939
147,25.09 18:00,13.976
147,25.09 19:00,14.029
147,25.09 20:00,15.073
147,25.09 21:00,14.939
147,25.09 22:00,14.068
147,25.09 23:00,14.05
147,26.09 00:00,14.038
147,26.09 01:00,12.971
147,26.09 02:00,13.037
147,26.09 03:00,14.012
147,26.09 04:00,13.995
147,26.09 05:00,13.994
147,26.09 06:00,14.981
147,26.09 07:00,16.004
147,26.09 08:00,16.042
147,26.09 09:00,15.999
147,26.09 10:00,15.954
147,26.09 11:00,14.941
147,26.09 12:00,15.03
147,26.09 13:00,15.002
147,26.09 14:00,15.03
147,26.09 15:00,15.982
147,26.09 16:00,12.013
147,26.09 17:00,10.004
147,26.09 18:00,11.041
147,26.09 19:00,10.979
147,26.09 20:00,11.948
147,26.09 21:00,11.976
147,26.09 22:00,12.976
147,26.09 23:00,12.029
147,27.09 00:00,11.946
147,27.09 01:00,12.01
147,27.09 02:00,12.045
147,27.09 03:00,13.041
147,27.09 04:00,12.947
147,27.09 05:00,12.025
147,27.09 06:00,14.42
147,27.09 07:00,15.948
147,27.09 08:00,15.921
147,27.09 09:00,15.937
147,27.09 10:00,15.066
147,27.09 11:00,16.975
147,27.09 12:00,17.072
147,27.09 13:00,16.919
147,27.09 14:00,16.029
147,27.09 15:00,14.982
147,27.09 16:00,13.063
147,27.09 17:00,9.969
147,27.09 18:00,9.974
147,27.09 19:00,8.985
147,27.09 20:00,10.987
147,27.09 21:00,11.011
147,27.09 22:00,13.953
147,27.09 23:00,15.025
147,28.09 00:00,14.036
147,28.09 01:00,14.937
147,28.09 02:00,14.964
147,28.09 03:00,14.955
147,28.09 04:00,14.021
147,28.09 05:00,15.012
147,28.09 06:00,17.928
147,28.09 07:00,18.062
147,28.09 08:00,16.968
147,28.09 09:00,17.053
147,28.09 10:00,16.009
147,28.09 11:00,13.939
147,28.09 12:00,13.932
147,28.09 13:00,14.947
147,28.09 14:00,14.0
147,28.09 15:00,14.026
147,28.09 16:00,13.052
147,28.09 17:00,12.455
147,28.09 18:00,11.053
147,28.09 19:00,10.966
147,28.09 20:00,11.995
147,28.09 21:00,11.679
147,28.09 22:00,11.965
147,28.09 23:00,12.028
147,29.09 00:00,12.03
147,29.09 01:00,13.043
147,29.09 02:00,13.002
147,29.09 03:00,12.954
147,29.09 04:00,14.002
147,29.09 05:00,13.946
147,29.09 06:00,18.052
147,29.09 07:00,19.017
147,29.09 08:00,18.91
147,29.09 09:00,19.024
147,29.09 10:00,18.049
147,29.09 11:00,14.936
147,29.09 12:00,14.963
147,29.09 13:00,15.014
147,29.09 14:00,14.065
147,29.09 15:00,15.07
147,29.09 16:00,10.956
147,29.09 17:00,10.04
147,29.09 18:00,10.957
147,29.09 19:00,10.005
147,29.09 20:00,9.015
147,29.09 21:00,9.958
147,29.09 22:00,10.043
147,29.09 23:00,9.953
147,30.09 00:00,9.99
147,30.09 01:00,11.048
147,30.09 02:00,9.035
147,30.09 03:00,10.037
147,30.09 04:00,12.014
147,30.09 05:00,12.982
147,30.09 06:00,14.942
147,30.09 07:00,15.007
147,30.09 08:00,16.934
147,30.09 09:00,17.05
147,30.09 10:00,17.043
147,30.09 11:00,15.05
147,30.09 12:00,14.957
147,30.09 13:00,15.937
147,30.09 14:00,15.989
147,30.09 15:00,18.925
147,30.09 16:00,18.018
147,30.09 17:00,14.031
147,30.09 18:00,10.03
147,30.09 19:00,8.019
147,30.09 20:00,9.019
147,30.09 21:00,9.045
147,30.09 22:00,8.035
147,30.09 23:00,0.995
