151,01.03 00:00,100.569
151,01.03 01:00,99.431
151,01.03 02:00,100.226
151,01.03 03:00,98.523
151,01.03 04:00,97.635
151,01.03 05:00,102.418
151,01.03 06:00,114.072
151,01.03 07:00,166.228
151,01.03 08:00,183.68
151,01.03 09:00,207.777
151,01.03 10:00,219.614
151,01.03 11:00,218.067
151,01.03 12:00,222.844
151,01.03 13:00,217.04
151,01.03 14:00,216.099
151,01.03 15:00,214.473
151,01.03 16:00,207.464
151,01.03 17:00,197.121
151,01.03 18:00,169.792
151,01.03 19:00,158.353
151,01.03 20:00,138.346
151,01.03 21:00,102.096
151,01.03 22:00,91.199
151,01.03 23:00,83.276
151,02.03 00:00,83.327
151,02.03 01:00,76.136
151,02.03 02:00,75.657
151,02.03 03:00,76.837
151,02.03 04:00,75.014
151,02.03 05:00,76.684
151,02.03 06:00,99.578
151,02.03 07:00,156.488
151,02.03 08:00,181.419
151,02.03 09:00,205.513
151,02.03 10:00,210.725
151,02.03 11:00,212.221
151,02.03 12:00,205.663
151,02.03 13:00,216.636
151,02.03 14:00,218.233
151,02.03 15:00,207.427
151,02.03 16:00,208.961
151,02.03 17:00,196.954
151,02.03 18:00,171.466
151,02.03 19:00,159.571
151,02.03 20:00,141.41
151,02.03 21:00,106.364
151,02.03 22:00,86.584
151,02.03 23:00,82.088
151,03.03 00:00,81.888
151,03.03 01:00,83.281
151,03.03 02:00,81.967
151,03.03 03:00,77.647
151,03.03 04:00,82.1
151,03.03 05:00,81.851
151,03.03 06:00,96.047
151,03.03 07:00,155.5
151,03.03 08:00,174.697
151,03.03 09:00,201.785
151,03.03 10:00,207.037
151,03.03 11:00,215.05
151,03.03 12:00,215.846
151,03.03 13:00,214.793
151,03.03 14:00,196.532
151,03.03 15:00,226.391
151,03.03 16:00,209.149
151,03.03 17:00,191.029
151,03.03 18:00,170.56
151,03.03 19:00,152.713
151,03.03 20:00,138.701
151,03.03 21:00,101.216
151,03.03 22:00,73.847
151,03.03 23:00,69.042
151,04.03 00:00,67.05
151,04.03 01:00,66.03
151,04.03 02:00,65.671
151,04.03 03:00,65.07
151,04.03 04:00,65.164
151,04.03 05:00,68.255
151,04.03 06:00,85.225
151,04.03 07:00,135.773
151,04.03 08:00,169.422
151,04.03 09:00,195.659
151,04.03 10:00,205.108
151,04.03 11:00,215.647
151,04.03 12:00,210.5
151,04.03 13:00,215.518
151,04.03 14:00,205.071
151,04.03 15:00,203.423
151,04.03 16:00,192.479
151,04.03 17:00,179.542
151,04.03 18:00,157.394
151,04.03 19:00,140.41
151,04.03 20:00,125.391
151,04.03 21:00,93.894
151,04.03 22:00,83.93
151,04.03 23:00,77.984
151,05.03 00:00,74.754
151,05.03 01:00,72.359
151,05.03 02:00,73.059
151,05.03 03:00,72.141
151,05.03 04:00,70.186
151,05.03 05:00,74.875
151,05.03 06:00,73.173
151,05.03 07:00,71.996
151,05.03 08:00,78.913
151,05.03 09:00,92.17
151,05.03 10:00,118.462
151,05.03 11:00,129.302
151,05.03 12:00,102.497
151,05.03 13:00,86.299
151,05.03 14:00,82.714
151,05.03 15:00,79.61
151,05.03 16:00,72.771
151,05.03 17:00,70.159
151,05.03 18:00,65.026
151,05.03 19:00,69.054
151,05.03 20:00,68.029
151,05.03 21:00,68.658
151,05.03 22:00,70.12
151,05.03 23:00,68.762
151,06.03 00:00,69.799
151,06.03 01:00,69.663
151,06.03 02:00,69.967
151,06.03 03:00,69.84
151,06.03 04:00,71.174
151,06.03 05:00,70.247
151,06.03 06:00,72.678
151,06.03 07:00,77.189
151,06.03 08:00,71.213
151,06.03 09:00,77.785
151,06.03 10:00,73.792
151,06.03 11:00,67.696
151,06.03 12:00,65.679
151,06.03 13:00,60.757
151,06.03 14:00,62.259
151,06.03 15:00,63.874
151,06.03 16:00,64.91
151,06.03 17:00,65.861
151,06.03 18:00,65.107
151,06.03 19:00,68.086
151,06.03 20:00,66.746
151,06.03 21:00,70.174
151,06.03 22:00,68.138
151,06.03 23:00,68.974
151,07.03 00:00,67.878
151,07.03 01:00,67.184
151,07.03 02:00,67.961
151,07.03 03:00,68.26
151,07.03 04:00,69.055
151,07.03 05:00,72.218
151,07.03 06:00,103.384
151,07.03 07:00,136.009
151,07.03 08:00,152.754
151,07.03 09:00,174.771
151,07.03 10:00,180.477
151,07.03 11:00,183.689
151,07.03 12:00,190.408
151,07.03 13:00,194.277
151,07.03 14:00,195.829
151,07.03 15:00,194.465
151,07.03 16:00,193.046
151,07.03 17:00,189.755
151,07.03 18:00,169.364
151,07.03 19:00,162.724
151,07.03 20:00,142.908
151,07.03 21:00,94.155
151,07.03 22:00,81.056
151,07.03 23:00,76.128
151,08.03 00:00,73.234
151,08.03 01:00,73.656
151,08.03 02:00,74.778
151,08.03 03:00,72.871
151,08.03 04:00,73.26
151,08.03 05:00,74.197
151,08.03 06:00,81.706
151,08.03 07:00,134.425
151,08.03 08:00,152.555
151,08.03 09:00,176.637
151,08.03 10:00,183.392
151,08.03 11:00,194.779
151,08.03 12:00,192.619
151,08.03 13:00,194.271
151,08.03 14:00,196.884
151,08.03 15:00,198.624
151,08.03 16:00,203.64
151,08.03 17:00,185.704
151,08.03 18:00,169.557
151,08.03 19:00,143.034
151,08.03 20:00,127.024
151,08.03 21:00,88.831
151,08.03 22:00,66.155
151,08.03 23:00,65.832
151,09.03 00:00,64.048
151,09.03 01:00,63.194
151,09.03 02:00,63.836
151,09.03 03:00,63.938
151,09.03 04:00,65.976
151,09.03 05:00,66.271
151,09.03 06:00,76.637
151,09.03 07:00,127.505
151,09.03 08:00,150.637
151,09.03 09:00,177.946
151,09.03 10:00,188.693
151,09.03 11:00,194.348
151,09.03 12:00,191.654
151,09.03 13:00,195.693
151,09.03 14:00,193.953
151,09.03 15:00,190.919
151,09.03 16:00,187.1
151,09.03 17:00,176.389
151,09.03 18:00,162.863
151,09.03 19:00,147.656
151,09.03 20:00,130.633
151,09.03 21:00,93.223
151,09.03 22:00,81.649
151,09.03 23:00,81.827
151,10.03 00:00,80.845
151,10.03 01:00,80.085
151,10.03 02:00,72.246
151,10.03 03:00,73.896
151,10.03 04:00,74.858
151,10.03 05:00,77.06
151,10.03 06:00,85.831
151,10.03 07:00,125.775
151,10.03 08:00,155.293
151,10.03 09:00,178.522
151,10.03 10:00,188.812
151,10.03 11:00,198.56
151,10.03 12:00,197.658
151,10.03 13:00,192.967
151,10.03 14:00,200.131
151,10.03 15:00,201.665
151,10.03 16:00,196.147
151,10.03 17:00,182.113
151,10.03 18:00,157.732
151,10.03 19:00,141.546
151,10.03 20:00,130.539
151,10.03 21:00,96.705
151,10.03 22:00,79.269
151,10.03 23:00,78.807
151,11.03 00:00,82.775
151,11.03 01:00,82.612
151,11.03 02:00,81.254
151,11.03 03:00,82.193
151,11.03 04:00,82.217
151,11.03 05:00,81.642
151,11.03 06:00,91.072
151,11.03 07:00,132.76
151,11.03 08:00,161.58
151,11.03 09:00,184.383
151,11.03 10:00,197.545
151,11.03 11:00,203.16
151,11.03 12:00,200.452
151,11.03 13:00,201.388
151,11.03 14:00,200.113
151,11.03 15:00,199.478
151,11.03 16:00,196.935
151,11.03 17:00,178.21
151,11.03 18:00,142.355
151,11.03 19:00,128.511
151,11.03 20:00,120.695
151,11.03 21:00,85.89
151,11.03 22:00,78.982
151,11.03 23:00,79.198
151,12.03 00:00,78.912
151,12.03 01:00,77.228
151,12.03 02:00,78.093
151,12.03 03:00,76.903
151,12.03 04:00,75.809
151,12.03 05:00,79.179
151,12.03 06:00,78.303
151,12.03 07:00,76.794
151,12.03 08:00,83.917
151,12.03 09:00,100.741
151,12.03 10:00,104.223
151,12.03 11:00,99.63
151,12.03 12:00,93.864
151,12.03 13:00,83.306
151,12.03 14:00,73.008
151,12.03 15:00,73.304
151,12.03 16:00,67.311
151,12.03 17:00,60.854
151,12.03 18:00,60.052
151,12.03 19:00,61.169
151,12.03 20:00,62.961
151,12.03 21:00,61.946
151,12.03 22:00,63.293
151,12.03 23:00,61.871
151,13.03 00:00,63.263
151,13.03 01:00,61.773
151,13.03 02:00,30.863
151,13.03 03:00,31.026
151,13.03 04:00,62.736
151,13.03 05:00,65.156
151,13.03 06:00,64.568
151,13.03 07:00,65.283
151,13.03 08:00,64.832
151,13.03 09:00,62.114
151,13.03 10:00,61.971
151,13.03 11:00,60.84
151,13.03 12:00,62.309
151,13.03 13:00,62.182
151,13.03 14:00,62.06
151,13.03 15:00,62.791
151,13.03 16:00,62.934
151,13.03 17:00,59.863
151,13.03 18:00,61.122
151,13.03 19:00,58.707
151,13.03 20:00,64.25
151,13.03 21:00,63.278
151,13.03 22:00,63.139
151,13.03 23:00,62.927
151,14.03 00:00,61.691
151,14.03 01:00,63.299
151,14.03 02:00,61.195
151,14.03 03:00,62.89
151,14.03 04:00,62.067
151,14.03 05:00,63.25
151,14.03 06:00,97.307
151,14.03 07:00,130.683
151,14.03 08:00,140.84
151,14.03 09:00,158.096
151,14.03 10:00,170.181
151,14.03 11:00,172.886
151,14.03 12:00,173.794
151,14.03 13:00,171.612
151,14.03 14:00,167.325
151,14.03 15:00,167.541
151,14.03 16:00,162.808
151,14.03 17:00,152.491
151,14.03 18:00,129.068
151,14.03 19:00,119.286
151,14.03 20:00,115.468
151,14.03 21:00,82.922
151,14.03 22:00,78.703
151,14.03 23:00,76.944
151,15.03 00:00,78.17
151,15.03 01:00,77.323
151,15.03 02:00,77.292
151,15.03 03:00,75.917
151,15.03 04:00,76.821
151,15.03 05:00,76.958
151,15.03 06:00,85.623
151,15.03 07:00,128.109
151,15.03 08:00,138.477
151,15.03 09:00,153.776
151,15.03 10:00,165.783
151,15.03 11:00,168.581
151,15.03 12:00,167.204
151,15.03 13:00,170.183
151,15.03 14:00,165.222
151,15.03 15:00,167.344
151,15.03 16:00,162.942
151,15.03 17:00,150.005
151,15.03 18:00,127.258
151,15.03 19:00,115.435
151,15.03 20:00,111.429
151,15.03 21:00,75.018
151,15.03 22:00,70.31
151,15.03 23:00,69.776
151,16.03 00:00,69.958
151,16.03 01:00,67.78
151,16.03 02:00,67.864
151,16.03 03:00,68.011
151,16.03 04:00,69.795
151,16.03 05:00,68.814
151,16.03 06:00,79.705
151,16.03 07:00,122.587
151,16.03 08:00,141.571
151,16.03 09:00,164.2
151,16.03 10:00,175.1
151,16.03 11:00,175.065
151,16.03 12:00,174.577
151,16.03 13:00,173.542
151,16.03 14:00,170.209
151,16.03 15:00,169.353
151,16.03 16:00,167.22
151,16.03 17:00,153.112
151,16.03 18:00,132.078
151,16.03 19:00,120.128
151,16.03 20:00,116.404
151,16.03 21:00,85.61
151,16.03 22:00,80.162
151,16.03 23:00,81.344
151,17.03 00:00,79.147
151,17.03 01:00,80.276
151,17.03 02:00,77.628
151,17.03 03:00,79.354
151,17.03 04:00,79.309
151,17.03 05:00,80.364
151,17.03 06:00,92.776
151,17.03 07:00,134.912
151,17.03 08:00,143.937
151,17.03 09:00,162.213
151,17.03 10:00,164.96
151,17.03 11:00,165.626
151,17.03 12:00,168.274
151,17.03 13:00,164.393
151,17.03 14:00,170.333
151,17.03 15:00,169.65
151,17.03 16:00,168.191
151,17.03 17:00,157.401
151,17.03 18:00,136.85
151,17.03 19:00,129.928
151,17.03 20:00,119.144
151,17.03 21:00,69.743
151,17.03 22:00,64.043
151,17.03 23:00,64.271
151,18.03 00:00,65.927
151,18.03 01:00,63.787
151,18.03 02:00,64.106
151,18.03 03:00,62.713
151,18.03 04:00,62.715
151,18.03 05:00,64.912
151,18.03 06:00,69.045
151,18.03 07:00,69.269
151,18.03 08:00,69.079
151,18.03 09:00,69.086
151,18.03 10:00,98.535
151,18.03 11:00,101.047
151,18.03 12:00,102.446
151,18.03 13:00,104.227
151,18.03 14:00,105.13
151,18.03 15:00,103.535
151,18.03 16:00,105.34
151,18.03 17:00,100.07
151,18.03 18:00,100.255
151,18.03 19:00,98.029
151,18.03 20:00,94.626
151,18.03 21:00,67.901
151,18.03 22:00,65.914
151,18.03 23:00,66.223
151,19.03 00:00,66.256
151,19.03 01:00,64.211
151,19.03 02:00,65.121
151,19.03 03:00,63.286
151,19.03 04:00,64.227
151,19.03 05:00,65.315
151,19.03 06:00,66.139
151,19.03 07:00,64.13
151,19.03 08:00,73.205
151,19.03 09:00,79.276
151,19.03 10:00,95.649
151,19.03 11:00,94.302
151,19.03 12:00,85.618
151,19.03 13:00,71.165
151,19.03 14:00,71.697
151,19.03 15:00,70.122
151,19.03 16:00,69.775
151,19.03 17:00,85.703
151,19.03 18:00,71.894
151,19.03 19:00,62.769
151,19.03 20:00,65.815
151,19.03 21:00,65.226
151,19.03 22:00,66.865
151,19.03 23:00,65.816
151,20.03 00:00,66.138
151,20.03 01:00,65.958
151,20.03 02:00,66.933
151,20.03 03:00,64.247
151,20.03 04:00,66.955
151,20.03 05:00,68.586
151,20.03 06:00,66.926
151,20.03 07:00,66.799
151,20.03 08:00,64.969
151,20.03 09:00,61.963
151,20.03 10:00,62.035
151,20.03 11:00,64.209
151,20.03 12:00,66.239
151,20.03 13:00,65.708
151,20.03 14:00,65.3
151,20.03 15:00,66.736
151,20.03 16:00,64.877
151,20.03 17:00,62.745
151,20.03 18:00,62.065
151,20.03 19:00,57.916
151,20.03 20:00,60.984
151,20.03 21:00,63.105
151,20.03 22:00,60.977
151,20.03 23:00,64.233
151,21.03 00:00,63.969
151,21.03 01:00,63.171
151,21.03 02:00,64.855
151,21.03 03:00,62.127
151,21.03 04:00,61.948
151,21.03 05:00,65.31
151,21.03 06:00,101.921
151,21.03 07:00,130.133
151,21.03 08:00,157.528
151,21.03 09:00,179.213
151,21.03 10:00,187.888
151,21.03 11:00,191.827
151,21.03 12:00,193.732
151,21.03 13:00,190.783
151,21.03 14:00,192.561
151,21.03 15:00,186.071
151,21.03 16:00,184.915
151,21.03 17:00,174.835
151,21.03 18:00,157.364
151,21.03 19:00,137.563
151,21.03 20:00,120.229
151,21.03 21:00,82.359
151,21.03 22:00,71.066
151,21.03 23:00,69.05
151,22.03 00:00,69.051
151,22.03 01:00,69.214
151,22.03 02:00,67.262
151,22.03 03:00,67.981
151,22.03 04:00,67.0
151,22.03 05:00,68.166
151,22.03 06:00,80.201
151,22.03 07:00,130.638
151,22.03 08:00,149.612
151,22.03 09:00,178.079
151,22.03 10:00,185.286
151,22.03 11:00,188.401
151,22.03 12:00,189.44
151,22.03 13:00,186.631
151,22.03 14:00,190.475
151,22.03 15:00,184.625
151,22.03 16:00,181.839
151,22.03 17:00,176.149
151,22.03 18:00,148.463
151,22.03 19:00,140.294
151,22.03 20:00,135.832
151,22.03 21:00,96.626
151,22.03 22:00,72.156
151,22.03 23:00,67.196
151,23.03 00:00,66.693
151,23.03 01:00,66.814
151,23.03 02:00,65.88
151,23.03 03:00,66.825
151,23.03 04:00,66.269
151,23.03 05:00,68.148
151,23.03 06:00,75.976
151,23.03 07:00,127.833
151,23.03 08:00,145.783
151,23.03 09:00,183.002
151,23.03 10:00,185.184
151,23.03 11:00,192.133
151,23.03 12:00,191.92
151,23.03 13:00,193.08
151,23.03 14:00,193.589
151,23.03 15:00,188.431
151,23.03 16:00,186.445
151,23.03 17:00,170.464
151,23.03 18:00,157.23
151,23.03 19:00,146.673
151,23.03 20:00,139.57
151,23.03 21:00,94.944
151,23.03 22:00,77.287
151,23.03 23:00,75.17
151,24.03 00:00,72.086
151,24.03 01:00,68.108
151,24.03 02:00,72.281
151,24.03 03:00,71.158
151,24.03 04:00,67.789
151,24.03 05:00,72.236
151,24.03 06:00,82.603
151,24.03 07:00,131.952
151,24.03 08:00,154.367
151,24.03 09:00,183.037
151,24.03 10:00,193.317
151,24.03 11:00,191.456
151,24.03 12:00,193.767
151,24.03 13:00,193.417
151,24.03 14:00,198.889
151,24.03 15:00,188.487
151,24.03 16:00,181.023
151,24.03 17:00,167.28
151,24.03 18:00,147.558
151,24.03 19:00,143.286
151,24.03 20:00,142.468
151,24.03 21:00,93.907
151,24.03 22:00,69.127
151,24.03 23:00,65.936
151,25.03 00:00,66.075
151,25.03 01:00,66.696
151,25.03 02:00,61.96
151,25.03 03:00,63.966
151,25.03 04:00,63.91
151,25.03 05:00,65.386
151,25.03 06:00,78.819
151,25.03 07:00,130.734
151,25.03 08:00,154.394
151,25.03 09:00,176.567
151,25.03 10:00,188.216
151,25.03 11:00,192.302
151,25.03 12:00,190.66
151,25.03 13:00,185.56
151,25.03 14:00,184.696
151,25.03 15:00,181.092
151,25.03 16:00,183.79
151,25.03 17:00,167.52
151,25.03 18:00,137.373
151,25.03 19:00,127.454
151,25.03 20:00,108.986
151,25.03 21:00,64.982
151,25.03 22:00,58.724
151,25.03 23:00,57.728
151,26.03 00:00,57.875
151,26.03 01:00,56.847
151,26.03 02:00,56.773
151,26.03 03:00,56.876
151,26.03 04:00,56.261
151,26.03 05:00,57.088
151,26.03 06:00,57.839
151,26.03 07:00,55.731
151,26.03 08:00,67.268
151,26.03 09:00,73.895
151,26.03 10:00,87.048
151,26.03 11:00,98.707
151,26.03 12:00,94.714
151,26.03 13:00,70.989
151,26.03 14:00,60.712
151,26.03 15:00,63.253
151,26.03 16:00,62.729
151,26.03 17:00,55.986
151,26.03 18:00,56.765
151,26.03 19:00,58.79
151,26.03 20:00,60.756
151,26.03 21:00,61.246
151,26.03 22:00,62.265
151,26.03 23:00,60.88
151,27.03 00:00,59.784
151,27.03 01:00,61.219
151,27.03 02:00,60.854
151,27.03 03:00,60.839
151,27.03 04:00,62.752
151,27.03 05:00,61.887
151,27.03 06:00,59.745
151,27.03 07:00,60.714
151,27.03 08:00,60.834
151,27.03 09:00,56.865
151,27.03 10:00,60.187
151,27.03 11:00,57.943
151,27.03 12:00,56.078
151,27.03 13:00,58.868
151,27.03 14:00,58.985
151,27.03 15:00,59.947
151,27.03 16:00,61.302
151,27.03 17:00,56.894
151,27.03 18:00,59.729
151,27.03 19:00,59.197
151,27.03 20:00,59.76
151,27.03 21:00,61.789
151,27.03 22:00,63.017
151,27.03 23:00,58.958
151,28.03 00:00,61.985
151,28.03 01:00,62.715
151,28.03 02:00,61.891
151,28.03 03:00,62.887
151,28.03 04:00,62.745
151,28.03 05:00,62.053
151,28.03 06:00,98.802
151,28.03 07:00,131.053
151,28.03 08:00,156.438
151,28.03 09:00,182.434
151,28.03 10:00,185.705
151,28.03 11:00,184.271
151,28.03 12:00,188.362
151,28.03 13:00,189.451
151,28.03 14:00,189.667
151,28.03 15:00,186.704
151,28.03 16:00,184.092
151,28.03 17:00,170.891
151,28.03 18:00,156.9
151,28.03 19:00,139.622
151,28.03 20:00,134.569
151,28.03 21:00,97.233
151,28.03 22:00,90.276
151,28.03 23:00,79.68
151,29.03 00:00,82.161
151,29.03 01:00,71.871
151,29.03 02:00,60.695
151,29.03 03:00,60.123
151,29.03 04:00,61.103
151,29.03 05:00,61.908
151,29.03 06:00,73.076
151,29.03 07:00,123.593
151,29.03 08:00,154.236
151,29.03 09:00,176.672
151,29.03 10:00,184.994
151,29.03 11:00,187.48
151,29.03 12:00,189.701
151,29.03 13:00,192.694
151,29.03 14:00,198.574
151,29.03 15:00,197.972
151,29.03 16:00,197.223
151,29.03 17:00,186.906
151,29.03 18:00,165.618
151,29.03 19:00,155.349
151,29.03 20:00,146.999
151,29.03 21:00,109.085
151,29.03 22:00,96.624
151,29.03 23:00,96.949
151,30.03 00:00,97.027
151,30.03 01:00,91.636
151,30.03 02:00,66.991
151,30.03 03:00,69.082
151,30.03 04:00,67.736
151,30.03 05:00,70.318
151,30.03 06:00,80.788
151,30.03 07:00,123.144
151,30.03 08:00,153.611
151,30.03 09:00,176.681
151,30.03 10:00,190.499
151,30.03 11:00,194.711
151,30.03 12:00,196.289
151,30.03 13:00,194.321
151,30.03 14:00,190.093
151,30.03 15:00,189.608
151,30.03 16:00,190.855
151,30.03 17:00,175.67
151,30.03 18:00,149.691
151,30.03 19:00,144.425
151,30.03 20:00,142.386
151,30.03 21:00,95.613
151,30.03 22:00,88.689
151,30.03 23:00,88.277
151,31.03 00:00,88.371
151,31.03 01:00,83.41
151,31.03 02:00,60.299
151,31.03 03:00,63.121
151,31.03 04:00,61.226
151,31.03 05:00,62.889
151,31.03 06:00,69.99
151,31.03 07:00,128.699
151,31.03 08:00,152.497
151,31.03 09:00,185.248
151,31.03 10:00,193.585
151,31.03 11:00,198.246
151,31.03 12:00,200.359
151,31.03 13:00,201.455
151,31.03 14:00,198.41
151,31.03 15:00,195.111
151,31.03 16:00,194.27
151,31.03 17:00,178.985
151,31.03 18:00,153.897
151,31.03 19:00,144.471
151,31.03 20:00,139.214
151,31.03 21:00,97.789
151,31.03 22:00,89.279
151,31.03 23:00,87.261
151,01.04 00:00,78.685
151,01.04 01:00,70.231
151,01.04 02:00,68.756
151,01.04 03:00,69.078
151,01.04 04:00,69.185
151,01.04 05:00,70.175
151,01.04 06:00,84.646
151,01.04 07:00,131.57
151,01.04 08:00,153.561
151,01.04 09:00,176.737
151,01.04 10:00,188.061
151,01.04 11:00,191.558
151,01.04 12:00,194.252
151,01.04 13:00,190.298
151,01.04 14:00,188.145
151,01.04 15:00,180.706
151,01.04 16:00,180.516
151,01.04 17:00,165.454
151,01.04 18:00,137.932
151,01.04 19:00,126.992
151,01.04 20:00,115.971
151,01.04 21:00,82.289
151,01.04 22:00,76.779
151,01.04 23:00,72.988
151,02.04 00:00,61.393
151,02.04 01:00,62.718
151,02.04 02:00,61.173
151,02.04 03:00,59.095
151,02.04 04:00,62.232
151,02.04 05:00,63.754
151,02.04 06:00,63.745
151,02.04 07:00,62.756
151,02.04 08:00,68.734
151,02.04 09:00,81.712
151,02.04 10:00,101.629
151,02.04 11:00,107.903
151,02.04 12:00,113.42
151,02.04 13:00,90.928
151,02.04 14:00,78.021
151,02.04 15:00,71.07
151,02.04 16:00,71.343
151,02.04 17:00,67.319
151,02.04 18:00,65.035
151,02.04 19:00,61.994
151,02.04 20:00,66.124
151,02.04 21:00,68.143
151,02.04 22:00,69.094
151,02.04 23:00,67.826
151,03.04 00:00,68.191
151,03.04 01:00,65.732
151,03.04 02:00,69.097
151,03.04 03:00,68.925
151,03.04 04:00,68.075
151,03.04 05:00,69.202
151,03.04 06:00,69.916
151,03.04 07:00,67.801
151,03.04 08:00,63.049
151,03.04 09:00,63.829
151,03.04 10:00,62.903
151,03.04 11:00,63.313
151,03.04 12:00,63.038
151,03.04 13:00,62.098
151,03.04 14:00,59.943
151,03.04 15:00,63.184
151,03.04 16:00,66.233
151,03.04 17:00,65.81
151,03.04 18:00,64.892
151,03.04 19:00,65.302
151,03.04 20:00,67.814
151,03.04 21:00,68.955
151,03.04 22:00,67.874
151,03.04 23:00,66.122
151,04.04 00:00,67.77
151,04.04 01:00,68.026
151,04.04 02:00,70.329
151,04.04 03:00,69.027
151,04.04 04:00,74.959
151,04.04 05:00,75.296
151,04.04 06:00,109.824
151,04.04 07:00,143.901
151,04.04 08:00,153.467
151,04.04 09:00,178.677
151,04.04 10:00,187.378
151,04.04 11:00,189.84
151,04.04 12:00,193.732
151,04.04 13:00,191.167
151,04.04 14:00,188.288
151,04.04 15:00,188.581
151,04.04 16:00,186.684
151,04.04 17:00,174.396
151,04.04 18:00,156.142
151,04.04 19:00,137.543
151,04.04 20:00,125.551
151,04.04 21:00,86.342
151,04.04 22:00,78.764
151,04.04 23:00,77.05
151,05.04 00:00,76.726
151,05.04 01:00,76.046
151,05.04 02:00,73.857
151,05.04 03:00,75.749
151,05.04 04:00,75.262
151,05.04 05:00,75.126
151,05.04 06:00,80.874
151,05.04 07:00,127.617
151,05.04 08:00,150.036
151,05.04 09:00,180.331
151,05.04 10:00,185.588
151,05.04 11:00,193.62
151,05.04 12:00,198.342
151,05.04 13:00,194.622
151,05.04 14:00,193.189
151,05.04 15:00,188.613
151,05.04 16:00,183.599
151,05.04 17:00,173.392
151,05.04 18:00,154.691
151,05.04 19:00,137.015
151,05.04 20:00,122.457
151,05.04 21:00,85.723
151,05.04 22:00,78.24
151,05.04 23:00,76.289
151,06.04 00:00,77.026
151,06.04 01:00,76.297
151,06.04 02:00,75.162
151,06.04 03:00,73.915
151,06.04 04:00,73.064
151,06.04 05:00,76.027
151,06.04 06:00,81.078
151,06.04 07:00,129.736
151,06.04 08:00,150.033
151,06.04 09:00,172.443
151,06.04 10:00,182.23
151,06.04 11:00,191.113
151,06.04 12:00,190.103
151,06.04 13:00,191.386
151,06.04 14:00,186.695
151,06.04 15:00,186.164
151,06.04 16:00,186.664
151,06.04 17:00,173.163
151,06.04 18:00,149.618
151,06.04 19:00,136.187
151,06.04 20:00,134.439
151,06.04 21:00,86.764
151,06.04 22:00,76.107
151,06.04 23:00,75.888
151,07.04 00:00,74.77
151,07.04 01:00,76.065
151,07.04 02:00,73.663
151,07.04 03:00,76.273
151,07.04 04:00,71.056
151,07.04 05:00,75.177
151,07.04 06:00,87.348
151,07.04 07:00,133.79
151,07.04 08:00,150.636
151,07.04 09:00,171.644
151,07.04 10:00,181.346
151,07.04 11:00,187.957
151,07.04 12:00,187.665
151,07.04 13:00,187.297
151,07.04 14:00,191.843
151,07.04 15:00,180.299
151,07.04 16:00,180.134
151,07.04 17:00,171.063
151,07.04 18:00,148.23
151,07.04 19:00,140.747
151,07.04 20:00,126.575
151,07.04 21:00,83.384
151,07.04 22:00,71.129
151,07.04 23:00,64.849
151,08.04 00:00,63.784
151,08.04 01:00,63.119
151,08.04 02:00,62.991
151,08.04 03:00,65.148
151,08.04 04:00,64.267
151,08.04 05:00,64.961
151,08.04 06:00,70.658
151,08.04 07:00,122.412
151,08.04 08:00,147.736
151,08.04 09:00,176.382
151,08.04 10:00,187.567
151,08.04 11:00,188.385
151,08.04 12:00,192.954
151,08.04 13:00,189.333
151,08.04 14:00,188.213
151,08.04 15:00,183.798
151,08.04 16:00,185.641
151,08.04 17:00,173.892
151,08.04 18:00,144.35
151,08.04 19:00,129.602
151,08.04 20:00,122.221
151,08.04 21:00,82.898
151,08.04 22:00,72.761
151,08.04 23:00,72.345
151,09.04 00:00,72.019
151,09.04 01:00,72.314
151,09.04 02:00,69.947
151,09.04 03:00,70.104
151,09.04 04:00,70.264
151,09.04 05:00,71.944
151,09.04 06:00,72.163
151,09.04 07:00,71.864
151,09.04 08:00,77.089
151,09.04 09:00,87.955
151,09.04 10:00,104.498
151,09.04 11:00,109.591
151,09.04 12:00,100.078
151,09.04 13:00,89.578
151,09.04 14:00,73.718
151,09.04 15:00,72.816
151,09.04 16:00,72.17
151,09.04 17:00,66.301
151,09.04 18:00,66.872
151,09.04 19:00,65.122
151,09.04 20:00,67.095
151,09.04 21:00,72.978
151,09.04 22:00,69.888
151,09.04 23:00,71.732
151,10.04 00:00,69.875
151,10.04 01:00,70.746
151,10.04 02:00,71.014
151,10.04 03:00,71.955
151,10.04 04:00,72.314
151,10.04 05:00,71.2
151,10.04 06:00,72.344
151,10.04 07:00,71.256
151,10.04 08:00,65.195
151,10.04 09:00,66.88
151,10.04 10:00,66.887
151,10.04 11:00,65.013
151,10.04 12:00,68.196
151,10.04 13:00,65.017
151,10.04 14:00,66.298
151,10.04 15:00,64.853
151,10.04 16:00,64.241
151,10.04 17:00,62.977
151,10.04 18:00,65.234
151,10.04 19:00,62.698
151,10.04 20:00,67.091
151,10.04 21:00,68.25
151,10.04 22:00,70.955
151,10.04 23:00,70.893
151,11.04 00:00,72.695
151,11.04 01:00,71.259
151,11.04 02:00,70.328
151,11.04 03:00,71.064
151,11.04 04:00,71.723
151,11.04 05:00,72.733
151,11.04 06:00,113.273
151,11.04 07:00,138.135
151,11.04 08:00,151.442
151,11.04 09:00,180.507
151,11.04 10:00,182.031
151,11.04 11:00,187.364
151,11.04 12:00,192.602
151,11.04 13:00,191.445
151,11.04 14:00,190.402
151,11.04 15:00,187.65
151,11.04 16:00,187.121
151,11.04 17:00,177.371
151,11.04 18:00,162.747
151,11.04 19:00,149.065
151,11.04 20:00,138.01
151,11.04 21:00,95.047
151,11.04 22:00,80.849
151,11.04 23:00,79.782
151,12.04 00:00,77.739
151,12.04 01:00,76.857
151,12.04 02:00,78.069
151,12.04 03:00,78.211
151,12.04 04:00,78.179
151,12.04 05:00,78.157
151,12.04 06:00,88.365
151,12.04 07:00,139.777
151,12.04 08:00,150.5
151,12.04 09:00,176.554
151,12.04 10:00,188.168
151,12.04 11:00,186.351
151,12.04 12:00,184.163
151,12.04 13:00,187.821
151,12.04 14:00,190.052
151,12.04 15:00,185.162
151,12.04 16:00,186.037
151,12.04 17:00,169.611
151,12.04 18:00,147.416
151,12.04 19:00,132.451
151,12.04 20:00,117.268
151,12.04 21:00,79.295
151,12.04 22:00,64.114
151,12.04 23:00,63.086
151,13.04 00:00,64.063
151,13.04 01:00,61.897
151,13.04 02:00,61.272
151,13.04 03:00,59.701
151,13.04 04:00,62.709
151,13.04 05:00,60.231
151,13.04 06:00,70.907
151,13.04 07:00,119.566
151,13.04 08:00,148.085
151,13.04 09:00,171.164
151,13.04 10:00,180.251
151,13.04 11:00,183.376
151,13.04 12:00,187.165
151,13.04 13:00,194.565
151,13.04 14:00,192.735
151,13.04 15:00,192.562
151,13.04 16:00,191.922
151,13.04 17:00,181.464
151,13.04 18:00,168.207
151,13.04 19:00,151.407
151,13.04 20:00,128.12
151,13.04 21:00,87.648
151,13.04 22:00,70.096
151,13.04 23:00,65.965
151,14.04 00:00,63.857
151,14.04 01:00,65.308
151,14.04 02:00,62.237
151,14.04 03:00,64.191
151,14.04 04:00,62.144
151,14.04 05:00,64.275
151,14.04 06:00,74.144
151,14.04 07:00,121.592
151,14.04 08:00,150.324
151,14.04 09:00,177.49
151,14.04 10:00,185.016
151,14.04 11:00,196.778
151,14.04 12:00,196.14
151,14.04 13:00,200.947
151,14.04 14:00,195.089
151,14.04 15:00,187.229
151,14.04 16:00,189.336
151,14.04 17:00,172.787
151,14.04 18:00,154.382
151,14.04 19:00,138.506
151,14.04 20:00,122.426
151,14.04 21:00,84.906
151,14.04 22:00,63.222
151,14.04 23:00,59.984
151,15.04 00:00,57.199
151,15.04 01:00,56.917
151,15.04 02:00,57.214
151,15.04 03:00,58.129
151,15.04 04:00,56.729
151,15.04 05:00,58.176
151,15.04 06:00,64.681
151,15.04 07:00,114.211
151,15.04 08:00,148.984
151,15.04 09:00,176.589
151,15.04 10:00,183.216
151,15.04 11:00,186.203
151,15.04 12:00,190.479
151,15.04 13:00,185.895
151,15.04 14:00,188.457
151,15.04 15:00,175.48
151,15.04 16:00,170.164
151,15.04 17:00,168.611
151,15.04 18:00,137.234
151,15.04 19:00,127.879
151,15.04 20:00,113.121
151,15.04 21:00,71.293
151,15.04 22:00,58.014
151,15.04 23:00,59.023
151,16.04 00:00,57.109
151,16.04 01:00,57.046
151,16.04 02:00,57.126
151,16.04 03:00,57.239
151,16.04 04:00,55.994
151,16.04 05:00,56.768
151,16.04 06:00,56.241
151,16.04 07:00,55.904
151,16.04 08:00,66.273
151,16.04 09:00,78.052
151,16.04 10:00,102.014
151,16.04 11:00,104.846
151,16.04 12:00,89.567
151,16.04 13:00,76.639
151,16.04 14:00,70.884
151,16.04 15:00,72.215
151,16.04 16:00,75.711
151,16.04 17:00,65.324
151,16.04 18:00,61.115
151,16.04 19:00,59.875
151,16.04 20:00,60.046
151,16.04 21:00,62.853
151,16.04 22:00,64.261
151,16.04 23:00,63.793
151,17.04 00:00,63.078
151,17.04 01:00,62.849
151,17.04 02:00,63.293
151,17.04 03:00,62.876
151,17.04 04:00,61.789
151,17.04 05:00,63.713
151,17.04 06:00,62.958
151,17.04 07:00,60.253
151,17.04 08:00,59.886
151,17.04 09:00,59.049
151,17.04 10:00,58.156
151,17.04 11:00,58.783
151,17.04 12:00,58.042
151,17.04 13:00,58.806
151,17.04 14:00,58.727
151,17.04 15:00,59.8
151,17.04 16:00,60.069
151,17.04 17:00,59.817
151,17.04 18:00,62.088
151,17.04 19:00,61.099
151,17.04 20:00,60.818
151,17.04 21:00,63.711
151,17.04 22:00,64.848
151,17.04 23:00,64.206
151,18.04 00:00,66.158
151,18.04 01:00,64.905
151,18.04 02:00,65.767
151,18.04 03:00,64.744
151,18.04 04:00,64.845
151,18.04 05:00,66.199
151,18.04 06:00,103.375
151,18.04 07:00,130.568
151,18.04 08:00,151.053
151,18.04 09:00,175.292
151,18.04 10:00,187.299
151,18.04 11:00,199.186
151,18.04 12:00,195.056
151,18.04 13:00,195.092
151,18.04 14:00,206.377
151,18.04 15:00,201.883
151,18.04 16:00,197.28
151,18.04 17:00,185.299
151,18.04 18:00,162.643
151,18.04 19:00,136.407
151,18.04 20:00,123.593
151,18.04 21:00,85.666
151,18.04 22:00,76.905
151,18.04 23:00,65.865
151,19.04 00:00,65.879
151,19.04 01:00,65.249
151,19.04 02:00,65.076
151,19.04 03:00,64.111
151,19.04 04:00,65.172
151,19.04 05:00,67.019
151,19.04 06:00,78.746
151,19.04 07:00,128.963
151,19.04 08:00,153.27
151,19.04 09:00,184.34
151,19.04 10:00,199.455
151,19.04 11:00,200.207
151,19.04 12:00,200.182
151,19.04 13:00,198.198
151,19.04 14:00,202.935
151,19.04 15:00,196.045
151,19.04 16:00,193.652
151,19.04 17:00,180.307
151,19.04 18:00,158.784
151,19.04 19:00,152.16
151,19.04 20:00,129.406
151,19.04 21:00,86.983
151,19.04 22:00,71.819
151,19.04 23:00,69.225
151,20.04 00:00,68.928
151,20.04 01:00,67.942
151,20.04 02:00,66.91
151,20.04 03:00,67.206
151,20.04 04:00,66.823
151,20.04 05:00,69.145
151,20.04 06:00,79.222
151,20.04 07:00,131.072
151,20.04 08:00,144.602
151,20.04 09:00,176.613
151,20.04 10:00,185.633
151,20.04 11:00,188.992
151,20.04 12:00,194.543
151,20.04 13:00,195.082
151,20.04 14:00,194.209
151,20.04 15:00,192.336
151,20.04 16:00,184.404
151,20.04 17:00,176.35
151,20.04 18:00,157.43
151,20.04 19:00,135.16
151,20.04 20:00,128.384
151,20.04 21:00,87.851
151,20.04 22:00,78.806
151,20.04 23:00,69.064
151,21.04 00:00,70.289
151,21.04 01:00,72.273
151,21.04 02:00,67.7
151,21.04 03:00,68.761
151,21.04 04:00,68.967
151,21.04 05:00,69.008
151,21.04 06:00,74.694
151,21.04 07:00,126.875
151,21.04 08:00,150.276
151,21.04 09:00,174.624
151,21.04 10:00,188.762
151,21.04 11:00,187.231
151,21.04 12:00,189.688
151,21.04 13:00,188.517
151,21.04 14:00,192.361
151,21.04 15:00,192.211
151,21.04 16:00,189.963
151,21.04 17:00,181.263
151,21.04 18:00,163.379
151,21.04 19:00,148.763
151,21.04 20:00,126.372
151,21.04 21:00,89.282
151,21.04 22:00,67.962
151,21.04 23:00,63.587
151,22.04 00:00,64.264
151,22.04 01:00,62.214
151,22.04 02:00,62.152
151,22.04 03:00,62.246
151,22.04 04:00,63.937
151,22.04 05:00,63.303
151,22.04 06:00,73.689
151,22.04 07:00,128.762
151,22.04 08:00,157.331
151,22.04 09:00,183.633
151,22.04 10:00,183.76
151,22.04 11:00,190.431
151,22.04 12:00,192.192
151,22.04 13:00,189.882
151,22.04 14:00,190.62
151,22.04 15:00,186.073
151,22.04 16:00,185.737
151,22.04 17:00,168.281
151,22.04 18:00,142.868
151,22.04 19:00,126.986
151,22.04 20:00,116.066
151,22.04 21:00,80.815
151,22.04 22:00,76.253
151,22.04 23:00,74.168
151,23.04 00:00,72.912
151,23.04 01:00,71.676
151,23.04 02:00,71.153
151,23.04 03:00,71.908
151,23.04 04:00,72.344
151,23.04 05:00,72.194
151,23.04 06:00,72.051
151,23.04 07:00,69.65
151,23.04 08:00,73.779
151,23.04 09:00,84.336
151,23.04 10:00,105.515
151,23.04 11:00,111.786
151,23.04 12:00,96.983
151,23.04 13:00,89.694
151,23.04 14:00,87.13
151,23.04 15:00,80.068
151,23.04 16:00,73.255
151,23.04 17:00,73.717
151,23.04 18:00,69.195
151,23.04 19:00,60.886
151,23.04 20:00,62.185
151,23.04 21:00,66.266
151,23.04 22:00,65.741
151,23.04 23:00,65.784
151,24.04 00:00,65.201
151,24.04 01:00,65.78
151,24.04 02:00,63.985
151,24.04 03:00,65.082
151,24.04 04:00,67.163
151,24.04 05:00,67.959
151,24.04 06:00,66.971
151,24.04 07:00,65.832
151,24.04 08:00,65.836
151,24.04 09:00,62.688
151,24.04 10:00,55.935
151,24.04 11:00,56.166
151,24.04 12:00,67.888
151,24.04 13:00,66.67
151,24.04 14:00,68.267
151,24.04 15:00,64.094
151,24.04 16:00,65.067
151,24.04 17:00,64.267
151,24.04 18:00,63.008
151,24.04 19:00,61.947
151,24.04 20:00,63.161
151,24.04 21:00,66.803
151,24.04 22:00,69.241
151,24.04 23:00,67.25
151,25.04 00:00,66.735
151,25.04 01:00,65.663
151,25.04 02:00,67.111
151,25.04 03:00,66.872
151,25.04 04:00,65.688
151,25.04 05:00,67.71
151,25.04 06:00,100.669
151,25.04 07:00,123.03
151,25.04 08:00,149.89
151,25.04 09:00,178.332
151,25.04 10:00,191.224
151,25.04 11:00,194.794
151,25.04 12:00,197.919
151,25.04 13:00,197.444
151,25.04 14:00,193.414
151,25.04 15:00,186.332
151,25.04 16:00,190.123
151,25.04 17:00,177.758
151,25.04 18:00,159.336
151,25.04 19:00,141.707
151,25.04 20:00,126.556
151,25.04 21:00,91.994
151,25.04 22:00,84.829
151,25.04 23:00,81.861
151,26.04 00:00,81.251
151,26.04 01:00,72.894
151,26.04 02:00,65.943
151,26.04 03:00,65.852
151,26.04 04:00,66.01
151,26.04 05:00,67.289
151,26.04 06:00,73.652
151,26.04 07:00,124.106
151,26.04 08:00,152.46
151,26.04 09:00,182.683
151,26.04 10:00,187.7
151,26.04 11:00,192.041
151,26.04 12:00,191.462
151,26.04 13:00,187.111
151,26.04 14:00,188.763
151,26.04 15:00,190.64
151,26.04 16:00,183.259
151,26.04 17:00,177.786
151,26.04 18:00,154.962
151,26.04 19:00,149.291
151,26.04 20:00,136.671
151,26.04 21:00,92.022
151,26.04 22:00,71.968
151,26.04 23:00,70.817
151,27.04 00:00,71.85
151,27.04 01:00,68.664
151,27.04 02:00,69.274
151,27.04 03:00,69.817
151,27.04 04:00,68.729
151,27.04 05:00,70.969
151,27.04 06:00,80.285
151,27.04 07:00,120.216
151,27.04 08:00,151.447
151,27.04 09:00,182.068
151,27.04 10:00,194.277
151,27.04 11:00,197.583
151,27.04 12:00,194.147
151,27.04 13:00,192.537
151,27.04 14:00,191.044
151,27.04 15:00,187.017
151,27.04 16:00,183.701
151,27.04 17:00,168.414
151,27.04 18:00,154.752
151,27.04 19:00,142.263
151,27.04 20:00,134.368
151,27.04 21:00,92.411
151,27.04 22:00,81.285
151,27.04 23:00,72.253
151,28.04 00:00,65.847
151,28.04 01:00,65.775
151,28.04 02:00,64.941
151,28.04 03:00,64.944
151,28.04 04:00,64.896
151,28.04 05:00,66.273
151,28.04 06:00,77.769
151,28.04 07:00,127.565
151,28.04 08:00,149.835
151,28.04 09:00,177.561
151,28.04 10:00,185.865
151,28.04 11:00,191.302
151,28.04 12:00,194.329
151,28.04 13:00,193.468
151,28.04 14:00,197.958
151,28.04 15:00,192.469
151,28.04 16:00,189.232
151,28.04 17:00,175.27
151,28.04 18:00,154.81
151,28.04 19:00,143.539
151,28.04 20:00,128.079
151,28.04 21:00,87.677
151,28.04 22:00,77.873
151,28.04 23:00,74.335
151,29.04 00:00,75.193
151,29.04 01:00,75.784
151,29.04 02:00,74.799
151,29.04 03:00,74.866
151,29.04 04:00,74.969
151,29.04 05:00,74.797
151,29.04 06:00,81.377
151,29.04 07:00,121.864
151,29.04 08:00,148.727
151,29.04 09:00,174.988
151,29.04 10:00,184.645
151,29.04 11:00,185.404
151,29.04 12:00,190.265
151,29.04 13:00,188.268
151,29.04 14:00,186.394
151,29.04 15:00,181.342
151,29.04 16:00,179.271
151,29.04 17:00,164.3
151,29.04 18:00,140.674
151,29.04 19:00,122.622
151,29.04 20:00,118.402
151,29.04 21:00,77.133
151,29.04 22:00,62.722
151,29.04 23:00,61.201
151,30.04 00:00,59.702
151,30.04 01:00,62.177
151,30.04 02:00,61.237
151,30.04 03:00,59.207
151,30.04 04:00,58.834
151,30.04 05:00,62.034
151,30.04 06:00,60.075
151,30.04 07:00,59.881
151,30.04 08:00,65.243
151,30.04 09:00,81.666
151,30.04 10:00,106.309
151,30.04 11:00,107.751
151,30.04 12:00,95.158
151,30.04 13:00,87.74
151,30.04 14:00,77.053
151,30.04 15:00,64.882
151,30.04 16:00,62.98
151,30.04 17:00,59.082
151,30.04 18:00,58.866
151,30.04 19:00,59.868
151,30.04 20:00,62.105
151,30.04 21:00,65.702
151,30.04 22:00,65.123
151,30.04 23:00,63.877
151,01.05 00:00,65.092
151,01.05 01:00,63.899
151,01.05 02:00,63.79
151,01.05 03:00,67.212
151,01.05 04:00,64.028
151,01.05 05:00,64.931
151,01.05 06:00,63.705
151,01.05 07:00,60.818
151,01.05 08:00,61.23
151,01.05 09:00,61.014
151,01.05 10:00,59.093
151,01.05 11:00,61.944
151,01.05 12:00,61.717
151,01.05 13:00,62.113
151,01.05 14:00,62.241
151,01.05 15:00,59.886
151,01.05 16:00,61.9
151,01.05 17:00,58.748
151,01.05 18:00,59.01
151,01.05 19:00,60.193
151,01.05 20:00,59.957
151,01.05 21:00,62.072
151,01.05 22:00,64.812
151,01.05 23:00,64.204
151,02.05 00:00,65.315
151,02.05 01:00,63.031
151,02.05 02:00,66.012
151,02.05 03:00,65.964
151,02.05 04:00,66.714
151,02.05 05:00,67.668
151,02.05 06:00,100.901
151,02.05 07:00,128.796
151,02.05 08:00,149.376
151,02.05 09:00,171.019
151,02.05 10:00,184.596
151,02.05 11:00,191.755
151,02.05 12:00,196.85
151,02.05 13:00,199.1
151,02.05 14:00,199.908
151,02.05 15:00,193.447
151,02.05 16:00,189.923
151,02.05 17:00,178.198
151,02.05 18:00,159.718
151,02.05 19:00,146.229
151,02.05 20:00,130.314
151,02.05 21:00,82.546
151,02.05 22:00,66.704
151,02.05 23:00,64.261
151,03.05 00:00,61.917
151,03.05 01:00,62.794
151,03.05 02:00,59.937
151,03.05 03:00,61.2
151,03.05 04:00,61.238
151,03.05 05:00,63.238
151,03.05 06:00,67.286
151,03.05 07:00,116.277
151,03.05 08:00,144.627
151,03.05 09:00,178.376
151,03.05 10:00,191.249
151,03.05 11:00,186.856
151,03.05 12:00,189.332
151,03.05 13:00,193.902
151,03.05 14:00,191.565
151,03.05 15:00,193.524
151,03.05 16:00,194.03
151,03.05 17:00,183.001
151,03.05 18:00,158.18
151,03.05 19:00,145.091
151,03.05 20:00,137.805
151,03.05 21:00,91.084
151,03.05 22:00,80.978
151,03.05 23:00,79.318
151,04.05 00:00,78.361
151,04.05 01:00,79.894
151,04.05 02:00,77.878
151,04.05 03:00,77.789
151,04.05 04:00,78.077
151,04.05 05:00,78.622
151,04.05 06:00,87.831
151,04.05 07:00,134.551
151,04.05 08:00,147.96
151,04.05 09:00,173.609
151,04.05 10:00,189.728
151,04.05 11:00,185.934
151,04.05 12:00,196.621
151,04.05 13:00,191.055
151,04.05 14:00,191.481
151,04.05 15:00,191.158
151,04.05 16:00,183.635
151,04.05 17:00,173.593
151,04.05 18:00,156.922
151,04.05 19:00,142.489
151,04.05 20:00,124.226
151,04.05 21:00,80.787
151,04.05 22:00,76.306
151,04.05 23:00,72.724
151,05.05 00:00,75.234
151,05.05 01:00,73.049
151,05.05 02:00,74.105
151,05.05 03:00,72.305
151,05.05 04:00,71.813
151,05.05 05:00,74.314
151,05.05 06:00,81.186
151,05.05 07:00,127.902
151,05.05 08:00,148.64
151,05.05 09:00,171.394
151,05.05 10:00,175.506
151,05.05 11:00,182.721
151,05.05 12:00,182.47
151,05.05 13:00,186.188
151,05.05 14:00,190.853
151,05.05 15:00,182.748
151,05.05 16:00,179.856
151,05.05 17:00,172.137
151,05.05 18:00,156.449
151,05.05 19:00,130.644
151,05.05 20:00,121.387
151,05.05 21:00,90.445
151,05.05 22:00,85.029
151,05.05 23:00,67.089
151,06.05 00:00,62.247
151,06.05 01:00,62.997
151,06.05 02:00,61.999
151,06.05 03:00,62.81
151,06.05 04:00,60.821
151,06.05 05:00,59.88
151,06.05 06:00,71.043
151,06.05 07:00,119.005
151,06.05 08:00,134.473
151,06.05 09:00,168.38
151,06.05 10:00,180.247
151,06.05 11:00,185.449
151,06.05 12:00,192.09
151,06.05 13:00,193.273
151,06.05 14:00,187.559
151,06.05 15:00,181.763
151,06.05 16:00,181.126
151,06.05 17:00,172.797
151,06.05 18:00,146.045
151,06.05 19:00,122.426
151,06.05 20:00,111.915
151,06.05 21:00,76.349
151,06.05 22:00,69.16
151,06.05 23:00,67.691
151,07.05 00:00,70.254
151,07.05 01:00,69.132
151,07.05 02:00,66.714
151,07.05 03:00,66.798
151,07.05 04:00,69.121
151,07.05 05:00,71.131
151,07.05 06:00,68.867
151,07.05 07:00,63.093
151,07.05 08:00,70.813
151,07.05 09:00,80.686
151,07.05 10:00,92.11
151,07.05 11:00,100.873
151,07.05 12:00,93.727
151,07.05 13:00,78.607
151,07.05 14:00,74.086
151,07.05 15:00,73.11
151,07.05 16:00,75.336
151,07.05 17:00,70.923
151,07.05 18:00,70.225
151,07.05 19:00,53.826
151,07.05 20:00,55.043
151,07.05 21:00,57.088
151,07.05 22:00,57.922
151,07.05 23:00,57.071
151,08.05 00:00,58.281
151,08.05 01:00,59.792
151,08.05 02:00,58.055
151,08.05 03:00,60.134
151,08.05 04:00,58.738
151,08.05 05:00,59.182
151,08.05 06:00,59.866
151,08.05 07:00,55.054
151,08.05 08:00,55.979
151,08.05 09:00,53.921
151,08.05 10:00,54.796
151,08.05 11:00,54.031
151,08.05 12:00,52.109
151,08.05 13:00,52.101
151,08.05 14:00,53.796
151,08.05 15:00,55.008
151,08.05 16:00,54.932
151,08.05 17:00,55.037
151,08.05 18:00,52.846
151,08.05 19:00,52.784
151,08.05 20:00,52.972
151,08.05 21:00,55.79
151,08.05 22:00,57.198
151,08.05 23:00,57.101
151,09.05 00:00,58.011
151,09.05 01:00,55.854
151,09.05 02:00,58.038
151,09.05 03:00,55.789
151,09.05 04:00,56.786
151,09.05 05:00,60.277
151,09.05 06:00,99.958
151,09.05 07:00,124.65
151,09.05 08:00,134.181
151,09.05 09:00,167.469
151,09.05 10:00,184.262
151,09.05 11:00,198.131
151,09.05 12:00,193.693
151,09.05 13:00,191.671
151,09.05 14:00,192.822
151,09.05 15:00,195.574
151,09.05 16:00,184.703
151,09.05 17:00,175.585
151,09.05 18:00,157.424
151,09.05 19:00,139.698
151,09.05 20:00,127.258
151,09.05 21:00,81.209
151,09.05 22:00,67.811
151,09.05 23:00,65.215
151,10.05 00:00,61.904
151,10.05 01:00,61.73
151,10.05 02:00,63.096
151,10.05 03:00,60.22
151,10.05 04:00,62.093
151,10.05 05:00,62.099
151,10.05 06:00,69.319
151,10.05 07:00,120.672
151,10.05 08:00,136.863
151,10.05 09:00,168.159
151,10.05 10:00,178.676
151,10.05 11:00,182.42
151,10.05 12:00,187.924
151,10.05 13:00,189.362
151,10.05 14:00,186.744
151,10.05 15:00,188.459
151,10.05 16:00,184.342
151,10.05 17:00,179.316
151,10.05 18:00,153.283
151,10.05 19:00,132.071
151,10.05 20:00,117.886
151,10.05 21:00,72.711
151,10.05 22:00,63.203
151,10.05 23:00,64.903
151,11.05 00:00,61.037
151,11.05 01:00,62.099
151,11.05 02:00,60.237
151,11.05 03:00,60.881
151,11.05 04:00,59.761
151,11.05 05:00,62.845
151,11.05 06:00,67.153
151,11.05 07:00,123.495
151,11.05 08:00,141.458
151,11.05 09:00,171.513
151,11.05 10:00,177.699
151,11.05 11:00,185.818
151,11.05 12:00,185.898
151,11.05 13:00,183.9
151,11.05 14:00,183.58
151,11.05 15:00,180.005
151,11.05 16:00,176.924
151,11.05 17:00,162.586
151,11.05 18:00,140.317
151,11.05 19:00,130.035
151,11.05 20:00,110.26
151,11.05 21:00,73.766
151,11.05 22:00,70.125
151,11.05 23:00,67.247
151,12.05 00:00,65.945
151,12.05 01:00,63.765
151,12.05 02:00,63.949
151,12.05 03:00,65.11
151,12.05 04:00,63.734
151,12.05 05:00,66.149
151,12.05 06:00,77.916
151,12.05 07:00,128.495
151,12.05 08:00,142.455
151,12.05 09:00,166.163
151,12.05 10:00,174.846
151,12.05 11:00,181.309
151,12.05 12:00,179.725
151,12.05 13:00,175.21
151,12.05 14:00,177.757
151,12.05 15:00,178.015
151,12.05 16:00,173.613
151,12.05 17:00,156.548
151,12.05 18:00,142.398
151,12.05 19:00,120.534
151,12.05 20:00,111.035
151,12.05 21:00,78.053
151,12.05 22:00,72.297
151,12.05 23:00,73.712
151,13.05 00:00,68.831
151,13.05 01:00,68.007
151,13.05 02:00,67.721
151,13.05 03:00,66.177
151,13.05 04:00,68.696
151,13.05 05:00,67.748
151,13.05 06:00,79.848
151,13.05 07:00,122.516
151,13.05 08:00,137.185
151,13.05 09:00,154.516
151,13.05 10:00,161.277
151,13.05 11:00,167.708
151,13.05 12:00,169.902
151,13.05 13:00,170.548
151,13.05 14:00,167.482
151,13.05 15:00,167.145
151,13.05 16:00,166.071
151,13.05 17:00,156.999
151,13.05 18:00,133.438
151,13.05 19:00,112.436
151,13.05 20:00,97.848
151,13.05 21:00,69.053
151,13.05 22:00,61.013
151,13.05 23:00,62.255
151,14.05 00:00,59.23
151,14.05 01:00,60.118
151,14.05 02:00,56.802
151,14.05 03:00,58.884
151,14.05 04:00,58.165
151,14.05 05:00,56.955
151,14.05 06:00,56.941
151,14.05 07:00,52.892
151,14.05 08:00,65.005
151,14.05 09:00,72.095
151,14.05 10:00,89.423
151,14.05 11:00,88.373
151,14.05 12:00,76.026
151,14.05 13:00,61.865
151,14.05 14:00,60.298
151,14.05 15:00,58.774
151,14.05 16:00,58.069
151,14.05 17:00,66.034
151,14.05 18:00,71.732
151,14.05 19:00,62.866
151,14.05 20:00,62.237
151,14.05 21:00,63.705
151,14.05 22:00,66.058
151,14.05 23:00,66.074
151,15.05 00:00,67.263
151,15.05 01:00,66.305
151,15.05 02:00,67.007
151,15.05 03:00,66.958
151,15.05 04:00,65.953
151,15.05 05:00,65.715
151,15.05 06:00,67.324
151,15.05 07:00,61.726
151,15.05 08:00,64.249
151,15.05 09:00,62.967
151,15.05 10:00,66.898
151,15.05 11:00,74.639
151,15.05 12:00,72.815
151,15.05 13:00,64.057
151,15.05 14:00,65.19
151,15.05 15:00,67.241
151,15.05 16:00,64.737
151,15.05 17:00,63.729
151,15.05 18:00,63.126
151,15.05 19:00,61.271
151,15.05 20:00,63.011
151,15.05 21:00,63.754
151,15.05 22:00,65.858
151,15.05 23:00,68.128
151,16.05 00:00,66.21
151,16.05 01:00,68.149
151,16.05 02:00,65.772
151,16.05 03:00,66.844
151,16.05 04:00,66.98
151,16.05 05:00,67.827
151,16.05 06:00,98.041
151,16.05 07:00,118.966
151,16.05 08:00,131.421
151,16.05 09:00,152.452
151,16.05 10:00,158.586
151,16.05 11:00,160.567
151,16.05 12:00,165.426
151,16.05 13:00,164.757
151,16.05 14:00,166.162
151,16.05 15:00,164.747
151,16.05 16:00,158.346
151,16.05 17:00,151.296
151,16.05 18:00,128.39
151,16.05 19:00,107.7
151,16.05 20:00,100.534
151,16.05 21:00,70.984
151,16.05 22:00,66.768
151,16.05 23:00,62.978
151,17.05 00:00,65.512
151,17.05 01:00,63.113
151,17.05 02:00,62.759
151,17.05 03:00,63.833
151,17.05 04:00,64.149
151,17.05 05:00,64.286
151,17.05 06:00,72.745
151,17.05 07:00,115.33
151,17.05 08:00,133.417
151,17.05 09:00,152.603
151,17.05 10:00,163.618
151,17.05 11:00,165.336
151,17.05 12:00,164.183
151,17.05 13:00,166.246
151,17.05 14:00,163.76
151,17.05 15:00,161.207
151,17.05 16:00,154.368
151,17.05 17:00,148.192
151,17.05 18:00,132.392
151,17.05 19:00,118.698
151,17.05 20:00,112.017
151,17.05 21:00,79.086
151,17.05 22:00,71.815
151,17.05 23:00,67.097
151,18.05 00:00,64.767
151,18.05 01:00,62.141
151,18.05 02:00,61.804
151,18.05 03:00,65.168
151,18.05 04:00,64.009
151,18.05 05:00,63.805
151,18.05 06:00,69.211
151,18.05 07:00,103.429
151,18.05 08:00,131.091
151,18.05 09:00,145.895
151,18.05 10:00,153.523
151,18.05 11:00,157.7
151,18.05 12:00,161.672
151,18.05 13:00,160.123
151,18.05 14:00,162.249
151,18.05 15:00,160.59
151,18.05 16:00,161.084
151,18.05 17:00,151.352
151,18.05 18:00,128.301
151,18.05 19:00,112.285
151,18.05 20:00,99.605
151,18.05 21:00,66.978
151,18.05 22:00,63.038
151,18.05 23:00,64.044
151,19.05 00:00,62.198
151,19.05 01:00,62.268
151,19.05 02:00,59.823
151,19.05 03:00,60.736
151,19.05 04:00,61.742
151,19.05 05:00,60.988
151,19.05 06:00,71.33
151,19.05 07:00,112.515
151,19.05 08:00,127.549
151,19.05 09:00,147.606
151,19.05 10:00,161.758
151,19.05 11:00,170.761
151,19.05 12:00,164.682
151,19.05 13:00,164.416
151,19.05 14:00,164.887
151,19.05 15:00,165.665
151,19.05 16:00,161.656
151,19.05 17:00,149.813
151,19.05 18:00,130.648
151,19.05 19:00,119.429
151,19.05 20:00,104.51
151,19.05 21:00,67.291
151,19.05 22:00,62.193
151,19.05 23:00,62.228
151,20.05 00:00,63.141
151,20.05 01:00,59.53
151,20.05 02:00,60.877
151,20.05 03:00,62.063
151,20.05 04:00,61.026
151,20.05 05:00,61.714
151,20.05 06:00,67.289
151,20.05 07:00,115.38
151,20.05 08:00,131.515
151,20.05 09:00,156.165
151,20.05 10:00,165.591
151,20.05 11:00,167.602
151,20.05 12:00,168.798
151,20.05 13:00,164.637
151,20.05 14:00,162.192
151,20.05 15:00,157.389
151,20.05 16:00,160.332
151,20.05 17:00,144.819
151,20.05 18:00,121.843
151,20.05 19:00,104.882
151,20.05 20:00,99.716
151,20.05 21:00,67.305
151,20.05 22:00,62.029
151,20.05 23:00,59.764
151,21.05 00:00,60.112
151,21.05 01:00,59.905
151,21.05 02:00,59.231
151,21.05 03:00,59.075
151,21.05 04:00,59.921
151,21.05 05:00,59.247
151,21.05 06:00,58.898
151,21.05 07:00,54.827
151,21.05 08:00,62.81
151,21.05 09:00,74.881
151,21.05 10:00,85.71
151,21.05 11:00,91.416
151,21.05 12:00,85.088
151,21.05 13:00,74.955
151,21.05 14:00,71.259
151,21.05 15:00,68.222
151,21.05 16:00,66.734
151,21.05 17:00,63.906
151,21.05 18:00,62.692
151,21.05 19:00,54.8
151,21.05 20:00,55.151
151,21.05 21:00,55.931
151,21.05 22:00,58.343
151,21.05 23:00,60.119
151,22.05 00:00,57.888
151,22.05 01:00,58.976
151,22.05 02:00,59.017
151,22.05 03:00,58.772
151,22.05 04:00,58.937
151,22.05 05:00,59.91
151,22.05 06:00,58.851
151,22.05 07:00,54.791
151,22.05 08:00,57.741
151,22.05 09:00,66.248
151,22.05 10:00,64.05
151,22.05 11:00,66.221
151,22.05 12:00,64.117
151,22.05 13:00,62.134
151,22.05 14:00,54.235
151,22.05 15:00,55.128
151,22.05 16:00,52.861
151,22.05 17:00,54.224
151,22.05 18:00,53.089
151,22.05 19:00,52.116
151,22.05 20:00,54.924
151,22.05 21:00,53.82
151,22.05 22:00,57.86
151,22.05 23:00,58.051
151,23.05 00:00,56.845
151,23.05 01:00,57.823
151,23.05 02:00,57.139
151,23.05 03:00,56.84
151,23.05 04:00,58.146
151,23.05 05:00,58.995
151,23.05 06:00,95.572
151,23.05 07:00,127.798
151,23.05 08:00,137.169
151,23.05 09:00,159.013
151,23.05 10:00,166.99
151,23.05 11:00,168.714
151,23.05 12:00,170.029
151,23.05 13:00,172.099
151,23.05 14:00,170.443
151,23.05 15:00,167.786
151,23.05 16:00,162.68
151,23.05 17:00,149.551
151,23.05 18:00,131.292
151,23.05 19:00,117.074
151,23.05 20:00,103.498
151,23.05 21:00,76.312
151,23.05 22:00,69.292
151,23.05 23:00,68.131
151,24.05 00:00,65.181
151,24.05 01:00,66.993
151,24.05 02:00,65.935
151,24.05 03:00,66.042
151,24.05 04:00,66.96
151,24.05 05:00,67.127
151,24.05 06:00,72.071
151,24.05 07:00,125.031
151,24.05 08:00,144.529
151,24.05 09:00,171.253
151,24.05 10:00,179.341
151,24.05 11:00,177.539
151,24.05 12:00,176.229
151,24.05 13:00,178.622
151,24.05 14:00,178.65
151,24.05 15:00,169.561
151,24.05 16:00,165.314
151,24.05 17:00,154.513
151,24.05 18:00,130.618
151,24.05 19:00,103.135
151,24.05 20:00,97.646
151,24.05 21:00,66.986
151,24.05 22:00,64.711
151,24.05 23:00,63.183
151,25.05 00:00,64.31
151,25.05 01:00,61.998
151,25.05 02:00,61.882
151,25.05 03:00,64.041
151,25.05 04:00,62.999
151,25.05 05:00,62.87
151,25.05 06:00,70.017
151,25.05 07:00,121.265
151,25.05 08:00,143.209
151,25.05 09:00,143.152
151,25.05 10:00,142.783
151,25.05 11:00,143.256
151,25.05 12:00,143.08
151,25.05 13:00,143.24
151,25.05 14:00,143.677
151,25.05 15:00,142.908
151,25.05 16:00,143.708
151,25.05 17:00,143.605
151,25.05 18:00,143.409
151,25.05 19:00,143.126
151,25.05 20:00,143.645
151,25.05 21:00,143.175
151,25.05 22:00,142.478
151,25.05 23:00,143.148
151,26.05 00:00,142.931
151,26.05 01:00,142.374
151,26.05 02:00,143.243
151,26.05 03:00,142.706
151,26.05 04:00,143.603
151,26.05 05:00,142.973
151,26.05 06:00,143.456
151,26.05 07:00,143.238
151,26.05 08:00,143.071
151,26.05 09:00,143.588
151,26.05 10:00,143.505
151,26.05 11:00,143.165
151,26.05 12:00,143.437
151,26.05 13:00,143.262
151,26.05 14:00,143.154
151,26.05 15:00,146.83
151,26.05 16:00,168.929
151,26.05 17:00,168.623
151,26.05 18:00,168.418
151,26.05 19:00,169.154
151,26.05 20:00,168.77
151,26.05 21:00,169.394
151,26.05 22:00,169.567
151,26.05 23:00,168.961
151,27.05 00:00,169.182
151,27.05 01:00,169.025
151,27.05 02:00,168.25
151,27.05 03:00,169.072
151,27.05 04:00,169.116
151,27.05 05:00,168.361
151,27.05 06:00,168.965
151,27.05 07:00,169.252
151,27.05 08:00,169.64
151,27.05 09:00,168.788
151,27.05 10:00,168.394
151,27.05 11:00,169.147
151,27.05 12:00,169.097
151,27.05 13:00,169.364
151,27.05 14:00,169.41
151,27.05 15:00,168.645
151,27.05 16:00,168.56
151,27.05 17:00,169.683
151,27.05 18:00,169.518
151,27.05 19:00,169.421
151,27.05 20:00,169.216
151,27.05 21:00,168.701
151,27.05 22:00,168.334
151,27.05 23:00,169.087
151,28.05 00:00,173.625
151,28.05 01:00,168.831
151,28.05 02:00,169.271
151,28.05 03:00,169.054
151,28.05 04:00,168.922
151,28.05 05:00,168.696
151,28.05 06:00,169.254
151,28.05 07:00,168.683
151,28.05 08:00,168.592
151,28.05 09:00,168.37
151,28.05 10:00,168.6
151,28.05 11:00,169.027
151,28.05 12:00,169.07
151,28.05 13:00,169.447
151,28.05 14:00,169.712
151,28.05 15:00,168.822
151,28.05 16:00,168.504
151,28.05 17:00,168.754
151,28.05 18:00,168.826
151,28.05 19:00,168.488
151,28.05 20:00,169.013
151,28.05 21:00,168.264
151,28.05 22:00,169.585
151,28.05 23:00,168.915
151,29.05 00:00,169.582
151,29.05 01:00,168.234
151,29.05 02:00,168.989
151,29.05 03:00,169.411
151,29.05 04:00,169.76
151,29.05 05:00,168.458
151,29.05 06:00,169.483
151,29.05 07:00,168.161
151,29.05 08:00,168.718
151,29.05 09:00,168.383
151,29.05 10:00,168.539
151,29.05 11:00,169.833
151,29.05 12:00,169.676
151,29.05 13:00,168.446
151,29.05 14:00,169.75
151,29.05 15:00,168.393
151,29.05 16:00,168.583
151,29.05 17:00,168.826
151,29.05 18:00,169.564
151,29.05 19:00,168.93
151,29.05 20:00,168.754
151,29.05 21:00,169.415
151,29.05 22:00,169.627
151,29.05 23:00,169.519
151,30.05 00:00,168.673
151,30.05 01:00,169.626
151,30.05 02:00,168.204
151,30.05 03:00,169.178
151,30.05 04:00,169.809
151,30.05 05:00,168.171
151,30.05 06:00,168.74
151,30.05 07:00,168.399
151,30.05 08:00,168.537
151,30.05 09:00,168.694
151,30.05 10:00,168.723
151,30.05 11:00,168.961
151,30.05 12:00,169.505
151,30.05 13:00,169.346
151,30.05 14:00,169.189
151,30.05 15:00,169.176
151,30.05 16:00,169.315
151,30.05 17:00,169.631
151,30.05 18:00,168.176
151,30.05 19:00,168.531
151,30.05 20:00,169.341
151,30.05 21:00,168.917
151,30.05 22:00,168.661
151,30.05 23:00,169.751
151,31.05 00:00,169.445
151,31.05 01:00,168.533
151,31.05 02:00,168.672
151,31.05 03:00,168.728
151,31.05 04:00,169.397
151,31.05 05:00,168.57
151,31.05 06:00,169.078
151,31.05 07:00,168.39
151,31.05 08:00,168.907
151,31.05 09:00,163.892
151,31.05 10:00,174.533
151,31.05 11:00,180.267
151,31.05 12:00,181.398
151,31.05 13:00,176.753
151,31.05 14:00,179.747
151,31.05 15:00,178.085
151,31.05 16:00,175.986
151,31.05 17:00,162.811
151,31.05 18:00,145.145
151,31.05 19:00,130.626
151,31.05 20:00,123.604
151,31.05 21:00,75.14
151,31.05 22:00,69.76
151,31.05 23:00,67.746
151,01.06 00:00,68.743
151,01.06 01:00,66.131
151,01.06 02:00,67.032
151,01.06 03:00,65.759
151,01.06 04:00,67.174
151,01.06 05:00,66.867
151,01.06 06:00,75.716
151,01.06 07:00,127.163
151,01.06 08:00,142.78
151,01.06 09:00,168.194
151,01.06 10:00,173.863
151,01.06 11:00,181.887
151,01.06 12:00,175.34
151,01.06 13:00,177.549
151,01.06 14:00,176.511
151,01.06 15:00,183.584
151,01.06 16:00,178.363
151,01.06 17:00,166.631
151,01.06 18:00,142.833
151,01.06 19:00,131.41
151,01.06 20:00,127.095
151,01.06 21:00,89.359
151,01.06 22:00,70.039
151,01.06 23:00,66.126
151,02.06 00:00,66.906
151,02.06 01:00,65.039
151,02.06 02:00,64.835
151,02.06 03:00,64.284
151,02.06 04:00,65.111
151,02.06 05:00,63.999
151,02.06 06:00,70.902
151,02.06 07:00,126.719
151,02.06 08:00,145.81
151,02.06 09:00,168.59
151,02.06 10:00,173.051
151,02.06 11:00,184.141
151,02.06 12:00,177.46
151,02.06 13:00,177.579
151,02.06 14:00,183.502
151,02.06 15:00,178.737
151,02.06 16:00,177.104
151,02.06 17:00,168.593
151,02.06 18:00,150.901
151,02.06 19:00,133.834
151,02.06 20:00,116.934
151,02.06 21:00,77.976
151,02.06 22:00,74.24
151,02.06 23:00,72.061
151,03.06 00:00,71.991
151,03.06 01:00,71.031
151,03.06 02:00,70.237
151,03.06 03:00,69.263
151,03.06 04:00,69.661
151,03.06 05:00,71.12
151,03.06 06:00,79.16
151,03.06 07:00,128.481
151,03.06 08:00,147.856
151,03.06 09:00,167.414
151,03.06 10:00,170.564
151,03.06 11:00,168.096
151,03.06 12:00,179.74
151,03.06 13:00,173.713
151,03.06 14:00,176.87
151,03.06 15:00,175.267
151,03.06 16:00,172.789
151,03.06 17:00,157.197
151,03.06 18:00,138.328
151,03.06 19:00,127.53
151,03.06 20:00,117.438
151,03.06 21:00,84.677
151,03.06 22:00,68.713
151,03.06 23:00,66.759
151,04.06 00:00,66.208
151,04.06 01:00,63.871
151,04.06 02:00,62.781
151,04.06 03:00,64.897
151,04.06 04:00,62.823
151,04.06 05:00,63.799
151,04.06 06:00,65.025
151,04.06 07:00,57.771
151,04.06 08:00,67.184
151,04.06 09:00,75.278
151,04.06 10:00,89.055
151,04.06 11:00,89.351
151,04.06 12:00,81.39
151,04.06 13:00,69.203
151,04.06 14:00,66.216
151,04.06 15:00,64.901
151,04.06 16:00,63.864
151,04.06 17:00,61.786
151,04.06 18:00,60.88
151,04.06 19:00,61.003
151,04.06 20:00,60.046
151,04.06 21:00,62.192
151,04.06 22:00,66.086
151,04.06 23:00,64.772
151,05.06 00:00,64.068
151,05.06 01:00,65.725
151,05.06 02:00,64.301
151,05.06 03:00,64.81
151,05.06 04:00,65.926
151,05.06 05:00,66.198
151,05.06 06:00,63.082
151,05.06 07:00,58.825
151,05.06 08:00,60.851
151,05.06 09:00,59.749
151,05.06 10:00,63.153
151,05.06 11:00,62.864
151,05.06 12:00,62.085
151,05.06 13:00,61.139
151,05.06 14:00,62.23
151,05.06 15:00,62.271
151,05.06 16:00,60.873
151,05.06 17:00,60.888
151,05.06 18:00,61.85
151,05.06 19:00,61.13
151,05.06 20:00,59.939
151,05.06 21:00,63.025
151,05.06 22:00,66.231
151,05.06 23:00,65.848
151,06.06 00:00,66.328
151,06.06 01:00,65.907
151,06.06 02:00,66.836
151,06.06 03:00,65.135
151,06.06 04:00,64.985
151,06.06 05:00,67.132
151,06.06 06:00,109.886
151,06.06 07:00,129.103
151,06.06 08:00,142.558
151,06.06 09:00,168.914
151,06.06 10:00,177.748
151,06.06 11:00,183.341
151,06.06 12:00,182.562
151,06.06 13:00,178.695
151,06.06 14:00,185.356
151,06.06 15:00,180.834
151,06.06 16:00,178.354
151,06.06 17:00,164.921
151,06.06 18:00,144.771
151,06.06 19:00,133.052
151,06.06 20:00,119.829
151,06.06 21:00,80.143
151,06.06 22:00,75.244
151,06.06 23:00,74.363
151,07.06 00:00,73.971
151,07.06 01:00,71.675
151,07.06 02:00,73.155
151,07.06 03:00,71.674
151,07.06 04:00,71.768
151,07.06 05:00,72.78
151,07.06 06:00,80.241
151,07.06 07:00,121.987
151,07.06 08:00,148.865
151,07.06 09:00,165.017
151,07.06 10:00,174.295
151,07.06 11:00,173.736
151,07.06 12:00,179.247
151,07.06 13:00,179.883
151,07.06 14:00,180.893
151,07.06 15:00,175.293
151,07.06 16:00,174.021
151,07.06 17:00,161.366
151,07.06 18:00,133.962
151,07.06 19:00,123.674
151,07.06 20:00,119.597
151,07.06 21:00,77.911
151,07.06 22:00,75.912
151,07.06 23:00,74.353
151,08.06 00:00,74.174
151,08.06 01:00,65.155
151,08.06 02:00,60.81
151,08.06 03:00,62.108
151,08.06 04:00,62.971
151,08.06 05:00,61.865
151,08.06 06:00,72.709
151,08.06 07:00,117.188
151,08.06 08:00,140.729
151,08.06 09:00,160.631
151,08.06 10:00,170.276
151,08.06 11:00,171.357
151,08.06 12:00,172.384
151,08.06 13:00,174.365
151,08.06 14:00,171.926
151,08.06 15:00,168.247
151,08.06 16:00,164.487
151,08.06 17:00,151.427
151,08.06 18:00,131.439
151,08.06 19:00,113.026
151,08.06 20:00,107.654
151,08.06 21:00,76.635
151,08.06 22:00,74.344
151,08.06 23:00,75.886
151,09.06 00:00,72.745
151,09.06 01:00,72.78
151,09.06 02:00,74.23
151,09.06 03:00,73.232
151,09.06 04:00,73.23
151,09.06 05:00,74.858
151,09.06 06:00,79.693
151,09.06 07:00,130.139
151,09.06 08:00,147.676
151,09.06 09:00,166.135
151,09.06 10:00,177.295
151,09.06 11:00,177.246
151,09.06 12:00,180.277
151,09.06 13:00,175.763
151,09.06 14:00,174.272
151,09.06 15:00,174.561
151,09.06 16:00,168.361
151,09.06 17:00,155.579
151,09.06 18:00,139.41
151,09.06 19:00,118.087
151,09.06 20:00,110.875
151,09.06 21:00,82.782
151,09.06 22:00,80.214
151,09.06 23:00,74.244
151,10.06 00:00,66.812
151,10.06 01:00,65.319
151,10.06 02:00,65.886
151,10.06 03:00,63.765
151,10.06 04:00,68.12
151,10.06 05:00,63.688
151,10.06 06:00,70.797
151,10.06 07:00,114.484
151,10.06 08:00,137.368
151,10.06 09:00,156.977
151,10.06 10:00,165.36
151,10.06 11:00,167.49
151,10.06 12:00,177.739
151,10.06 13:00,172.173
151,10.06 14:00,167.914
151,10.06 15:00,166.455
151,10.06 16:00,168.609
151,10.06 17:00,151.033
151,10.06 18:00,124.602
151,10.06 19:00,114.556
151,10.06 20:00,102.212
151,10.06 21:00,67.87
151,10.06 22:00,55.86
151,10.06 23:00,56.006
151,11.06 00:00,55.765
151,11.06 01:00,55.201
151,11.06 02:00,54.73
151,11.06 03:00,52.815
151,11.06 04:00,54.221
151,11.06 05:00,54.974
151,11.06 06:00,51.997
151,11.06 07:00,50.09
151,11.06 08:00,58.284
151,11.06 09:00,70.751
151,11.06 10:00,82.09
151,11.06 11:00,81.232
151,11.06 12:00,74.997
151,11.06 13:00,63.701
151,11.06 14:00,59.286
151,11.06 15:00,57.731
151,11.06 16:00,56.901
151,11.06 17:00,52.178
151,11.06 18:00,53.092
151,11.06 19:00,50.747
151,11.06 20:00,49.808
151,11.06 21:00,52.854
151,11.06 22:00,56.065
151,11.06 23:00,54.923
151,12.06 00:00,55.01
151,12.06 01:00,54.994
151,12.06 02:00,55.815
151,12.06 03:00,55.223
151,12.06 04:00,56.743
151,12.06 05:00,55.09
151,12.06 06:00,54.938
151,12.06 07:00,52.924
151,12.06 08:00,51.134
151,12.06 09:00,51.078
151,12.06 10:00,51.053
151,12.06 11:00,54.714
151,12.06 12:00,50.843
151,12.06 13:00,52.084
151,12.06 14:00,49.968
151,12.06 15:00,53.11
151,12.06 16:00,50.948
151,12.06 17:00,50.939
151,12.06 18:00,52.142
151,12.06 19:00,52.118
151,12.06 20:00,51.218
151,12.06 21:00,53.942
151,12.06 22:00,55.979
151,12.06 23:00,54.954
151,13.06 00:00,57.137
151,13.06 01:00,54.945
151,13.06 02:00,57.238
151,13.06 03:00,56.073
151,13.06 04:00,55.966
151,13.06 05:00,57.059
151,13.06 06:00,102.225
151,13.06 07:00,137.346
151,13.06 08:00,145.666
151,13.06 09:00,175.731
151,13.06 10:00,188.151
151,13.06 11:00,191.576
151,13.06 12:00,187.007
151,13.06 13:00,183.227
151,13.06 14:00,188.801
151,13.06 15:00,183.126
151,13.06 16:00,178.948
151,13.06 17:00,165.44
151,13.06 18:00,140.58
151,13.06 19:00,127.338
151,13.06 20:00,116.12
151,13.06 21:00,83.192
151,13.06 22:00,78.991
151,13.06 23:00,77.729
151,14.06 00:00,77.788
151,14.06 01:00,75.787
151,14.06 02:00,75.329
151,14.06 03:00,76.237
151,14.06 04:00,74.765
151,14.06 05:00,75.309
151,14.06 06:00,85.134
151,14.06 07:00,133.714
151,14.06 08:00,153.598
151,14.06 09:00,170.451
151,14.06 10:00,177.952
151,14.06 11:00,183.174
151,14.06 12:00,186.126
151,14.06 13:00,181.682
151,14.06 14:00,184.293
151,14.06 15:00,179.663
151,14.06 16:00,178.715
151,14.06 17:00,162.215
151,14.06 18:00,144.082
151,14.06 19:00,124.051
151,14.06 20:00,117.929
151,14.06 21:00,78.701
151,14.06 22:00,75.362
151,14.06 23:00,72.998
151,15.06 00:00,73.847
151,15.06 01:00,71.092
151,15.06 02:00,71.112
151,15.06 03:00,72.982
151,15.06 04:00,71.076
151,15.06 05:00,71.666
151,15.06 06:00,81.292
151,15.06 07:00,128.765
151,15.06 08:00,151.595
151,15.06 09:00,166.55
151,15.06 10:00,171.838
151,15.06 11:00,175.437
151,15.06 12:00,179.06
151,15.06 13:00,184.787
151,15.06 14:00,181.852
151,15.06 15:00,180.654
151,15.06 16:00,176.234
151,15.06 17:00,166.466
151,15.06 18:00,144.732
151,15.06 19:00,120.545
151,15.06 20:00,105.513
151,15.06 21:00,75.228
151,15.06 22:00,72.909
151,15.06 23:00,72.091
151,16.06 00:00,71.233
151,16.06 01:00,70.755
151,16.06 02:00,70.312
151,16.06 03:00,69.791
151,16.06 04:00,71.148
151,16.06 05:00,70.945
151,16.06 06:00,81.228
151,16.06 07:00,125.842
151,16.06 08:00,146.456
151,16.06 09:00,165.618
151,16.06 10:00,169.21
151,16.06 11:00,178.197
151,16.06 12:00,181.914
151,16.06 13:00,180.642
151,16.06 14:00,181.747
151,16.06 15:00,176.129
151,16.06 16:00,170.219
151,16.06 17:00,154.968
151,16.06 18:00,132.219
151,16.06 19:00,117.032
151,16.06 20:00,107.842
151,16.06 21:00,63.226
151,16.06 22:00,62.264
151,16.06 23:00,61.24
151,17.06 00:00,59.034
151,17.06 01:00,59.778
151,17.06 02:00,56.85
151,17.06 03:00,58.824
151,17.06 04:00,58.198
151,17.06 05:00,57.855
151,17.06 06:00,68.19
151,17.06 07:00,117.907
151,17.06 08:00,138.125
151,17.06 09:00,165.468
151,17.06 10:00,168.584
151,17.06 11:00,171.703
151,17.06 12:00,172.854
151,17.06 13:00,172.813
151,17.06 14:00,172.633
151,17.06 15:00,169.326
151,17.06 16:00,163.477
151,17.06 17:00,153.618
151,17.06 18:00,131.088
151,17.06 19:00,110.494
151,17.06 20:00,97.721
151,17.06 21:00,63.255
151,17.06 22:00,58.744
151,17.06 23:00,57.747
151,18.06 00:00,57.008
151,18.06 01:00,57.162
151,18.06 02:00,56.972
151,18.06 03:00,55.866
151,18.06 04:00,56.85
151,18.06 05:00,57.257
151,18.06 06:00,54.005
151,18.06 07:00,52.809
151,18.06 08:00,60.821
151,18.06 09:00,71.822
151,18.06 10:00,83.07
151,18.06 11:00,81.0
151,18.06 12:00,72.98
151,18.06 13:00,60.735
151,18.06 14:00,58.225
151,18.06 15:00,56.89
151,18.06 16:00,56.979
151,18.06 17:00,53.001
151,18.06 18:00,53.002
151,18.06 19:00,51.107
151,18.06 20:00,52.218
151,18.06 21:00,52.868
151,18.06 22:00,55.103
151,18.06 23:00,57.001
151,19.06 00:00,55.203
151,19.06 01:00,57.146
151,19.06 02:00,55.983
151,19.06 03:00,56.165
151,19.06 04:00,58.059
151,19.06 05:00,55.76
151,19.06 06:00,54.785
151,19.06 07:00,51.044
151,19.06 08:00,52.121
151,19.06 09:00,51.865
151,19.06 10:00,50.888
151,19.06 11:00,51.776
151,19.06 12:00,51.893
151,19.06 13:00,51.788
151,19.06 14:00,52.807
151,19.06 15:00,52.832
151,19.06 16:00,52.969
151,19.06 17:00,52.768
151,19.06 18:00,52.073
151,19.06 19:00,50.973
151,19.06 20:00,51.236
151,19.06 21:00,55.113
151,19.06 22:00,55.739
151,19.06 23:00,55.224
151,20.06 00:00,57.128
151,20.06 01:00,56.188
151,20.06 02:00,54.941
151,20.06 03:00,57.256
151,20.06 04:00,56.249
151,20.06 05:00,56.822
151,20.06 06:00,102.132
151,20.06 07:00,137.116
151,20.06 08:00,158.128
151,20.06 09:00,181.22
151,20.06 10:00,191.166
151,20.06 11:00,189.022
151,20.06 12:00,187.508
151,20.06 13:00,186.769
151,20.06 14:00,184.779
151,20.06 15:00,184.3
151,20.06 16:00,181.682
151,20.06 17:00,168.771
151,20.06 18:00,145.861
151,20.06 19:00,135.004
151,20.06 20:00,117.116
151,20.06 21:00,67.72
151,20.06 22:00,65.238
151,20.06 23:00,62.757
151,21.06 00:00,64.01
151,21.06 01:00,61.902
151,21.06 02:00,62.822
151,21.06 03:00,61.145
151,21.06 04:00,63.0
151,21.06 05:00,61.877
151,21.06 06:00,71.302
151,21.06 07:00,120.619
151,21.06 08:00,153.14
151,21.06 09:00,169.366
151,21.06 10:00,182.235
151,21.06 11:00,177.52
151,21.06 12:00,178.169
151,21.06 13:00,177.322
151,21.06 14:00,179.064
151,21.06 15:00,179.098
151,21.06 16:00,170.146
151,21.06 17:00,162.619
151,21.06 18:00,135.222
151,21.06 19:00,121.655
151,21.06 20:00,105.789
151,21.06 21:00,72.417
151,21.06 22:00,70.651
151,21.06 23:00,70.866
151,22.06 00:00,69.83
151,22.06 01:00,68.02
151,22.06 02:00,70.224
151,22.06 03:00,68.819
151,22.06 04:00,69.236
151,22.06 05:00,69.774
151,22.06 06:00,78.876
151,22.06 07:00,125.945
151,22.06 08:00,145.124
151,22.06 09:00,161.31
151,22.06 10:00,176.404
151,22.06 11:00,181.507
151,22.06 12:00,184.864
151,22.06 13:00,179.686
151,22.06 14:00,176.97
151,22.06 15:00,174.802
151,22.06 16:00,169.517
151,22.06 17:00,154.791
151,22.06 18:00,136.527
151,22.06 19:00,117.528
151,22.06 20:00,104.137
151,22.06 21:00,69.111
151,22.06 22:00,70.231
151,22.06 23:00,67.7
151,23.06 00:00,67.976
151,23.06 01:00,68.309
151,23.06 02:00,66.695
151,23.06 03:00,67.111
151,23.06 04:00,66.279
151,23.06 05:00,67.985
151,23.06 06:00,80.321
151,23.06 07:00,129.434
151,23.06 08:00,141.373
151,23.06 09:00,167.724
151,23.06 10:00,175.78
151,23.06 11:00,177.282
151,23.06 12:00,183.607
151,23.06 13:00,179.19
151,23.06 14:00,175.266
151,23.06 15:00,174.895
151,23.06 16:00,162.556
151,23.06 17:00,148.316
151,23.06 18:00,129.085
151,23.06 19:00,116.149
151,23.06 20:00,103.634
151,23.06 21:00,68.307
151,23.06 22:00,58.981
151,23.06 23:00,61.234
151,24.06 00:00,59.019
151,24.06 01:00,59.29
151,24.06 02:00,57.753
151,24.06 03:00,57.863
151,24.06 04:00,58.714
151,24.06 05:00,58.931
151,24.06 06:00,69.953
151,24.06 07:00,118.498
151,24.06 08:00,135.819
151,24.06 09:00,164.007
151,24.06 10:00,170.697
151,24.06 11:00,178.19
151,24.06 12:00,177.531
151,24.06 13:00,166.264
151,24.06 14:00,173.357
151,24.06 15:00,162.194
151,24.06 16:00,162.294
151,24.06 17:00,151.566
151,24.06 18:00,128.273
151,24.06 19:00,105.297
151,24.06 20:00,96.859
151,24.06 21:00,64.739
151,24.06 22:00,63.102
151,24.06 23:00,63.766
151,25.06 00:00,62.306
151,25.06 01:00,62.733
151,25.06 02:00,61.126
151,25.06 03:00,61.004
151,25.06 04:00,61.09
151,25.06 05:00,61.069
151,25.06 06:00,59.281
151,25.06 07:00,56.968
151,25.06 08:00,66.024
151,25.06 09:00,75.634
151,25.06 10:00,89.358
151,25.06 11:00,89.403
151,25.06 12:00,78.913
151,25.06 13:00,68.926
151,25.06 14:00,64.807
151,25.06 15:00,62.718
151,25.06 16:00,62.905
151,25.06 17:00,58.742
151,25.06 18:00,58.787
151,25.06 19:00,57.19
151,25.06 20:00,57.918
151,25.06 21:00,56.751
151,25.06 22:00,61.199
151,25.06 23:00,59.724
151,26.06 00:00,60.857
151,26.06 01:00,61.825
151,26.06 02:00,60.946
151,26.06 03:00,62.253
151,26.06 04:00,60.099
151,26.06 05:00,61.761
151,26.06 06:00,59.731
151,26.06 07:00,56.186
151,26.06 08:00,56.856
151,26.06 09:00,55.934
151,26.06 10:00,58.095
151,26.06 11:00,54.959
151,26.06 12:00,56.925
151,26.06 13:00,56.95
151,26.06 14:00,56.979
151,26.06 15:00,57.867
151,26.06 16:00,57.034
151,26.06 17:00,57.911
151,26.06 18:00,56.237
151,26.06 19:00,57.254
151,26.06 20:00,57.277
151,26.06 21:00,57.15
151,26.06 22:00,60.818
151,26.06 23:00,60.924
151,27.06 00:00,60.288
151,27.06 01:00,63.311
151,27.06 02:00,59.827
151,27.06 03:00,60.718
151,27.06 04:00,61.993
151,27.06 05:00,62.195
151,27.06 06:00,113.366
151,27.06 07:00,140.636
151,27.06 08:00,150.474
151,27.06 09:00,177.118
151,27.06 10:00,189.375
151,27.06 11:00,193.862
151,27.06 12:00,194.981
151,27.06 13:00,187.579
151,27.06 14:00,191.261
151,27.06 15:00,188.327
151,27.06 16:00,177.158
151,27.06 17:00,165.517
151,27.06 18:00,139.74
151,27.06 19:00,121.481
151,27.06 20:00,114.695
151,27.06 21:00,75.701
151,27.06 22:00,60.77
151,27.06 23:00,55.861
151,28.06 00:00,57.184
151,28.06 01:00,54.824
151,28.06 02:00,55.202
151,28.06 03:00,55.851
151,28.06 04:00,54.734
151,28.06 05:00,55.857
151,28.06 06:00,66.168
151,28.06 07:00,124.707
151,28.06 08:00,151.52
151,28.06 09:00,174.27
151,28.06 10:00,0.0
151,28.06 11:00,374.172
151,28.06 12:00,191.914
151,28.06 13:00,184.868
151,28.06 14:00,184.496
151,28.06 15:00,175.691
151,28.06 16:00,170.292
151,28.06 17:00,156.7
151,28.06 18:00,136.618
151,28.06 19:00,120.233
151,28.06 20:00,113.568
151,28.06 21:00,69.77
151,28.06 22:00,65.134
151,28.06 23:00,58.944
151,29.06 00:00,54.243
151,29.06 01:00,55.123
151,29.06 02:00,53.795
151,29.06 03:00,56.086
151,29.06 04:00,54.927
151,29.06 05:00,54.809
151,29.06 06:00,70.75
151,29.06 07:00,119.889
151,29.06 08:00,139.106
151,29.06 09:00,163.06
151,29.06 10:00,177.921
151,29.06 11:00,177.508
151,29.06 12:00,177.116
151,29.06 13:00,177.21
151,29.06 14:00,178.404
151,29.06 15:00,174.643
151,29.06 16:00,166.606
151,29.06 17:00,158.779
151,29.06 18:00,138.014
151,29.06 19:00,125.664
151,29.06 20:00,114.744
151,29.06 21:00,68.775
151,29.06 22:00,69.014
151,29.06 23:00,69.059
151,30.06 00:00,69.056
151,30.06 01:00,68.22
151,30.06 02:00,67.85
151,30.06 03:00,64.803
151,30.06 04:00,68.308
151,30.06 05:00,66.155
151,30.06 06:00,78.149
151,30.06 07:00,129.545
151,30.06 08:00,146.789
151,30.06 09:00,166.789
151,30.06 10:00,179.672
151,30.06 11:00,180.735
151,30.06 12:00,183.091
151,30.06 13:00,177.133
151,30.06 14:00,179.737
151,30.06 15:00,171.4
151,30.06 16:00,169.265
151,30.06 17:00,155.249
151,30.06 18:00,136.591
151,30.06 19:00,125.731
151,30.06 20:00,106.944
151,30.06 21:00,69.681
151,30.06 22:00,69.995
151,30.06 23:00,68.865
151,01.07 00:00,67.87
151,01.07 01:00,68.251
151,01.07 02:00,67.751
151,01.07 03:00,67.215
151,01.07 04:00,67.89
151,01.07 05:00,68.785
151,01.07 06:00,77.02
151,01.07 07:00,125.935
151,01.07 08:00,141.872
151,01.07 09:00,167.141
151,01.07 10:00,173.376
151,01.07 11:00,181.752
151,01.07 12:00,185.608
151,01.07 13:00,180.454
151,01.07 14:00,180.261
151,01.07 15:00,175.76
151,01.07 16:00,161.668
151,01.07 17:00,150.544
151,01.07 18:00,131.592
151,01.07 19:00,120.017
151,01.07 20:00,110.121
151,01.07 21:00,60.701
151,01.07 22:00,56.824
151,01.07 23:00,54.729
151,02.07 00:00,54.078
151,02.07 01:00,52.128
151,02.07 02:00,54.221
151,02.07 03:00,53.176
151,02.07 04:00,51.97
151,02.07 05:00,54.161
151,02.07 06:00,50.753
151,02.07 07:00,48.819
151,02.07 08:00,54.858
151,02.07 09:00,64.961
151,02.07 10:00,79.818
151,02.07 11:00,79.008
151,02.07 12:00,68.698
151,02.07 13:00,57.921
151,02.07 14:00,56.081
151,02.07 15:00,52.88
151,02.07 16:00,52.869
151,02.07 17:00,48.936
151,02.07 18:00,50.0
151,02.07 19:00,47.877
151,02.07 20:00,47.844
151,02.07 21:00,49.013
151,02.07 22:00,52.793
151,02.07 23:00,53.134
151,03.07 00:00,52.244
151,03.07 01:00,54.01
151,03.07 02:00,53.102
151,03.07 03:00,53.152
151,03.07 04:00,52.935
151,03.07 05:00,53.134
151,03.07 06:00,51.914
151,03.07 07:00,47.787
151,03.07 08:00,46.871
151,03.07 09:00,48.875
151,03.07 10:00,49.123
151,03.07 11:00,47.915
151,03.07 12:00,48.841
151,03.07 13:00,48.986
151,03.07 14:00,49.14
151,03.07 15:00,50.194
151,03.07 16:00,49.001
151,03.07 17:00,48.24
151,03.07 18:00,47.805
151,03.07 19:00,48.947
151,03.07 20:00,48.047
151,03.07 21:00,50.146
151,03.07 22:00,52.774
151,03.07 23:00,52.195
151,04.07 00:00,54.223
151,04.07 01:00,53.003
151,04.07 02:00,53.198
151,04.07 03:00,54.0
151,04.07 04:00,51.87
151,04.07 05:00,54.02
151,04.07 06:00,54.258
151,04.07 07:00,55.913
151,04.07 08:00,58.933
151,04.07 09:00,54.847
151,04.07 10:00,56.065
151,04.07 11:00,55.214
151,04.07 12:00,56.223
151,04.07 13:00,55.731
151,04.07 14:00,56.051
151,04.07 15:00,54.739
151,04.07 16:00,55.997
151,04.07 17:00,53.076
151,04.07 18:00,54.08
151,04.07 19:00,50.943
151,04.07 20:00,52.111
151,04.07 21:00,50.964
151,04.07 22:00,54.114
151,04.07 23:00,54.11
151,05.07 00:00,53.166
151,05.07 01:00,54.168
151,05.07 02:00,53.867
151,05.07 03:00,51.966
151,05.07 04:00,53.855
151,05.07 05:00,54.084
151,05.07 06:00,67.156
151,05.07 07:00,125.439
151,05.07 08:00,150.721
151,05.07 09:00,168.53
151,05.07 10:00,175.792
151,05.07 11:00,179.194
151,05.07 12:00,178.369
151,05.07 13:00,176.463
151,05.07 14:00,176.29
151,05.07 15:00,176.978
151,05.07 16:00,175.572
151,05.07 17:00,156.669
151,05.07 18:00,135.951
151,05.07 19:00,136.386
151,05.07 20:00,124.587
151,05.07 21:00,81.61
151,05.07 22:00,73.252
151,05.07 23:00,71.651
151,06.07 00:00,70.68
151,06.07 01:00,71.711
151,06.07 02:00,70.13
151,06.07 03:00,69.693
151,06.07 04:00,72.15
151,06.07 05:00,72.166
151,06.07 06:00,85.075
151,06.07 07:00,139.345
151,06.07 08:00,151.889
151,06.07 09:00,169.761
151,06.07 10:00,177.716
151,06.07 11:00,173.579
151,06.07 12:00,173.256
151,06.07 13:00,174.607
151,06.07 14:00,172.328
151,06.07 15:00,173.112
151,06.07 16:00,163.693
151,06.07 17:00,151.345
151,06.07 18:00,134.041
151,06.07 19:00,121.013
151,06.07 20:00,110.949
151,06.07 21:00,71.008
151,06.07 22:00,69.963
151,06.07 23:00,67.985
151,07.07 00:00,69.322
151,07.07 01:00,66.853
151,07.07 02:00,66.893
151,07.07 03:00,68.08
151,07.07 04:00,69.376
151,07.07 05:00,67.804
151,07.07 06:00,79.976
151,07.07 07:00,129.629
151,07.07 08:00,146.638
151,07.07 09:00,166.485
151,07.07 10:00,175.72
151,07.07 11:00,177.195
151,07.07 12:00,181.297
151,07.07 13:00,177.18
151,07.07 14:00,184.762
151,07.07 15:00,172.164
151,07.07 16:00,168.445
151,07.07 17:00,154.549
151,07.07 18:00,131.399
151,07.07 19:00,113.824
151,07.07 20:00,108.622
151,07.07 21:00,77.738
151,07.07 22:00,78.24
151,07.07 23:00,76.73
151,08.07 00:00,77.071
151,08.07 01:00,77.038
151,08.07 02:00,75.223
151,08.07 03:00,75.307
151,08.07 04:00,75.935
151,08.07 05:00,76.691
151,08.07 06:00,87.745
151,08.07 07:00,132.505
151,08.07 08:00,147.708
151,08.07 09:00,168.304
151,08.07 10:00,172.77
151,08.07 11:00,182.899
151,08.07 12:00,184.808
151,08.07 13:00,180.496
151,08.07 14:00,186.794
151,08.07 15:00,175.007
151,08.07 16:00,165.772
151,08.07 17:00,155.325
151,08.07 18:00,130.639
151,08.07 19:00,113.767
151,08.07 20:00,108.792
151,08.07 21:00,74.294
151,08.07 22:00,71.795
151,08.07 23:00,71.987
151,09.07 00:00,60.095
151,09.07 01:00,54.174
151,09.07 02:00,54.134
151,09.07 03:00,52.794
151,09.07 04:00,55.056
151,09.07 05:00,55.078
151,09.07 06:00,52.149
151,09.07 07:00,48.854
151,09.07 08:00,59.04
151,09.07 09:00,67.929
151,09.07 10:00,82.024
151,09.07 11:00,85.301
151,09.07 12:00,70.053
151,09.07 13:00,65.124
151,09.07 14:00,62.784
151,09.07 15:00,61.021
151,09.07 16:00,60.082
151,09.07 17:00,57.077
151,09.07 18:00,56.784
151,09.07 19:00,55.137
151,09.07 20:00,56.746
151,09.07 21:00,54.728
151,09.07 22:00,60.178
151,09.07 23:00,60.81
151,10.07 00:00,60.241
151,10.07 01:00,59.735
151,10.07 02:00,59.058
151,10.07 03:00,59.898
151,10.07 04:00,61.027
151,10.07 05:00,60.107
151,10.07 06:00,59.142
151,10.07 07:00,59.203
151,10.07 08:00,58.187
151,10.07 09:00,55.778
151,10.07 10:00,54.838
151,10.07 11:00,54.882
151,10.07 12:00,54.129
151,10.07 13:00,57.201
151,10.07 14:00,54.844
151,10.07 15:00,54.077
151,10.07 16:00,55.082
151,10.07 17:00,55.959
151,10.07 18:00,53.741
151,10.07 19:00,54.761
151,10.07 20:00,54.776
151,10.07 21:00,54.843
151,10.07 22:00,58.934
151,10.07 23:00,58.054
151,11.07 00:00,57.819
151,11.07 01:00,58.828
151,11.07 02:00,58.864
151,11.07 03:00,59.187
151,11.07 04:00,59.092
151,11.07 05:00,58.857
151,11.07 06:00,110.314
151,11.07 07:00,145.711
151,11.07 08:00,157.311
151,11.07 09:00,178.232
151,11.07 10:00,183.915
151,11.07 11:00,186.842
151,11.07 12:00,192.866
151,11.07 13:00,187.819
151,11.07 14:00,190.82
151,11.07 15:00,188.269
151,11.07 16:00,185.381
151,11.07 17:00,170.7
151,11.07 18:00,144.055
151,11.07 19:00,130.637
151,11.07 20:00,110.913
151,11.07 21:00,73.319
151,11.07 22:00,70.321
151,11.07 23:00,70.202
151,12.07 00:00,67.977
151,12.07 01:00,68.12
151,12.07 02:00,69.079
151,12.07 03:00,67.151
151,12.07 04:00,67.215
151,12.07 05:00,67.248
151,12.07 06:00,77.154
151,12.07 07:00,135.346
151,12.07 08:00,155.094
151,12.07 09:00,175.193
151,12.07 10:00,180.896
151,12.07 11:00,181.114
151,12.07 12:00,185.837
151,12.07 13:00,179.916
151,12.07 14:00,183.278
151,12.07 15:00,180.455
151,12.07 16:00,176.248
151,12.07 17:00,167.508
151,12.07 18:00,142.977
151,12.07 19:00,124.559
151,12.07 20:00,111.814
151,12.07 21:00,73.145
151,12.07 22:00,70.753
151,12.07 23:00,70.132
151,13.07 00:00,70.699
151,13.07 01:00,68.775
151,13.07 02:00,70.882
151,13.07 03:00,69.178
151,13.07 04:00,69.763
151,13.07 05:00,69.734
151,13.07 06:00,84.132
151,13.07 07:00,139.422
151,13.07 08:00,151.653
151,13.07 09:00,165.566
151,13.07 10:00,176.347
151,13.07 11:00,182.154
151,13.07 12:00,179.37
151,13.07 13:00,179.859
151,13.07 14:00,181.813
151,13.07 15:00,178.912
151,13.07 16:00,173.412
151,13.07 17:00,161.962
151,13.07 18:00,138.156
151,13.07 19:00,119.238
151,13.07 20:00,111.488
151,13.07 21:00,74.887
151,13.07 22:00,67.133
151,13.07 23:00,67.774
151,14.07 00:00,66.296
151,14.07 01:00,65.926
151,14.07 02:00,64.983
151,14.07 03:00,66.899
151,14.07 04:00,64.918
151,14.07 05:00,65.788
151,14.07 06:00,77.629
151,14.07 07:00,129.53
151,14.07 08:00,152.054
151,14.07 09:00,174.777
151,14.07 10:00,184.772
151,14.07 11:00,189.403
151,14.07 12:00,192.195
151,14.07 13:00,188.203
151,14.07 14:00,188.132
151,14.07 15:00,184.228
151,14.07 16:00,180.49
151,14.07 17:00,165.738
151,14.07 18:00,140.554
151,14.07 19:00,122.063
151,14.07 20:00,110.958
151,14.07 21:00,70.154
151,14.07 22:00,68.08
151,14.07 23:00,68.988
151,15.07 00:00,68.293
151,15.07 01:00,67.297
151,15.07 02:00,68.328
151,15.07 03:00,66.689
151,15.07 04:00,65.999
151,15.07 05:00,67.949
151,15.07 06:00,78.862
151,15.07 07:00,127.367
151,15.07 08:00,144.89
151,15.07 09:00,166.833
151,15.07 10:00,176.527
151,15.07 11:00,183.735
151,15.07 12:00,185.035
151,15.07 13:00,180.301
151,15.07 14:00,181.609
151,15.07 15:00,174.85
151,15.07 16:00,171.172
151,15.07 17:00,159.339
151,15.07 18:00,133.51
151,15.07 19:00,118.676
151,15.07 20:00,106.879
151,15.07 21:00,69.281
151,15.07 22:00,56.835
151,15.07 23:00,56.142
151,16.07 00:00,53.829
151,16.07 01:00,55.005
151,16.07 02:00,54.227
151,16.07 03:00,55.074
151,16.07 04:00,52.89
151,16.07 05:00,54.974
151,16.07 06:00,52.873
151,16.07 07:00,49.182
151,16.07 08:00,56.831
151,16.07 09:00,67.786
151,16.07 10:00,82.241
151,16.07 11:00,81.085
151,16.07 12:00,68.857
151,16.07 13:00,60.061
151,16.07 14:00,56.808
151,16.07 15:00,58.982
151,16.07 16:00,55.77
151,16.07 17:00,52.829
151,16.07 18:00,55.222
151,16.07 19:00,50.051
151,16.07 20:00,49.943
151,16.07 21:00,49.976
151,16.07 22:00,54.235
151,16.07 23:00,54.734
151,17.07 00:00,53.056
151,17.07 01:00,54.219
151,17.07 02:00,53.152
151,17.07 03:00,54.833
151,17.07 04:00,52.867
151,17.07 05:00,55.03
151,17.07 06:00,52.874
151,17.07 07:00,52.189
151,17.07 08:00,49.163
151,17.07 09:00,48.765
151,17.07 10:00,49.844
151,17.07 11:00,50.242
151,17.07 12:00,48.945
151,17.07 13:00,49.053
151,17.07 14:00,49.221
151,17.07 15:00,48.937
151,17.07 16:00,50.034
151,17.07 17:00,49.804
151,17.07 18:00,49.142
151,17.07 19:00,48.042
151,17.07 20:00,50.977
151,17.07 21:00,49.551
151,17.07 22:00,53.769
151,17.07 23:00,53.842
151,18.07 00:00,54.951
151,18.07 01:00,53.029
151,18.07 02:00,53.093
151,18.07 03:00,54.095
151,18.07 04:00,53.771
151,18.07 05:00,55.739
151,18.07 06:00,100.523
151,18.07 07:00,139.459
151,18.07 08:00,140.348
151,18.07 09:00,178.506
151,18.07 10:00,182.357
151,18.07 11:00,187.143
151,18.07 12:00,186.357
151,18.07 13:00,180.459
151,18.07 14:00,187.457
151,18.07 15:00,183.682
151,18.07 16:00,179.244
151,18.07 17:00,165.629
151,18.07 18:00,140.887
151,18.07 19:00,125.082
151,18.07 20:00,110.327
151,18.07 21:00,74.881
151,18.07 22:00,72.638
151,18.07 23:00,74.018
151,19.07 00:00,72.869
151,19.07 01:00,72.789
151,19.07 02:00,70.752
151,19.07 03:00,71.048
151,19.07 04:00,70.662
151,19.07 05:00,72.36
151,19.07 06:00,90.561
151,19.07 07:00,135.742
151,19.07 08:00,156.636
151,19.07 09:00,171.744
151,19.07 10:00,180.615
151,19.07 11:00,182.835
151,19.07 12:00,184.734
151,19.07 13:00,181.532
151,19.07 14:00,185.919
151,19.07 15:00,184.485
151,19.07 16:00,177.183
151,19.07 17:00,161.558
151,19.07 18:00,139.302
151,19.07 19:00,125.99
151,19.07 20:00,110.931
151,19.07 21:00,68.178
151,19.07 22:00,64.009
151,19.07 23:00,60.797
151,20.07 00:00,60.816
151,20.07 01:00,59.984
151,20.07 02:00,58.887
151,20.07 03:00,58.802
151,20.07 04:00,59.257
151,20.07 05:00,58.974
151,20.07 06:00,58.966
151,20.07 07:00,127.701
151,20.07 08:00,147.786
151,20.07 09:00,161.356
151,20.07 10:00,170.278
151,20.07 11:00,178.601
151,20.07 12:00,179.355
151,20.07 13:00,177.331
151,20.07 14:00,182.706
151,20.07 15:00,184.347
151,20.07 16:00,178.049
151,20.07 17:00,160.648
151,20.07 18:00,130.667
151,20.07 19:00,116.461
151,20.07 20:00,100.582
151,20.07 21:00,72.32
151,20.07 22:00,68.894
151,20.07 23:00,70.338
151,21.07 00:00,67.795
151,21.07 01:00,67.859
151,21.07 02:00,67.134
151,21.07 03:00,66.309
151,21.07 04:00,66.992
151,21.07 05:00,68.333
151,21.07 06:00,83.098
151,21.07 07:00,138.315
151,21.07 08:00,149.567
151,21.07 09:00,168.301
151,21.07 10:00,179.185
151,21.07 11:00,182.503
151,21.07 12:00,186.591
151,21.07 13:00,179.628
151,21.07 14:00,182.606
151,21.07 15:00,176.195
151,21.07 16:00,171.556
151,21.07 17:00,160.563
151,21.07 18:00,137.678
151,21.07 19:00,126.107
151,21.07 20:00,118.692
151,21.07 21:00,87.935
151,21.07 22:00,83.845
151,21.07 23:00,82.597
151,22.07 00:00,81.803
151,22.07 01:00,82.921
151,22.07 02:00,76.19
151,22.07 03:00,72.131
151,22.07 04:00,73.263
151,22.07 05:00,73.259
151,22.07 06:00,85.209
151,22.07 07:00,128.147
151,22.07 08:00,146.909
151,22.07 09:00,171.71
151,22.07 10:00,178.152
151,22.07 11:00,182.129
151,22.07 12:00,184.36
151,22.07 13:00,179.038
151,22.07 14:00,180.357
151,22.07 15:00,173.638
151,22.07 16:00,168.411
151,22.07 17:00,158.572
151,22.07 18:00,137.471
151,22.07 19:00,120.555
151,22.07 20:00,114.757
151,22.07 21:00,81.647
151,22.07 22:00,79.33
151,22.07 23:00,78.095
151,23.07 00:00,78.265
151,23.07 01:00,77.139
151,23.07 02:00,75.733
151,23.07 03:00,77.196
151,23.07 04:00,76.268
151,23.07 05:00,77.026
151,23.07 06:00,77.117
151,23.07 07:00,70.809
151,23.07 08:00,88.534
151,23.07 09:00,93.915
151,23.07 10:00,109.097
151,23.07 11:00,102.927
151,23.07 12:00,97.321
151,23.07 13:00,81.11
151,23.07 14:00,80.367
151,23.07 15:00,78.012
151,23.07 16:00,77.729
151,23.07 17:00,75.04
151,23.07 18:00,71.604
151,23.07 19:00,72.87
151,23.07 20:00,72.874
151,23.07 21:00,74.129
151,23.07 22:00,77.301
151,23.07 23:00,78.351
151,24.07 00:00,77.06
151,24.07 01:00,76.98
151,24.07 02:00,76.1
151,24.07 03:00,75.741
151,24.07 04:00,76.644
151,24.07 05:00,75.981
151,24.07 06:00,75.952
151,24.07 07:00,73.247
151,24.07 08:00,72.008
151,24.07 09:00,72.855
151,24.07 10:00,72.311
151,24.07 11:00,71.969
151,24.07 12:00,72.694
151,24.07 13:00,71.319
151,24.07 14:00,71.972
151,24.07 15:00,72.321
151,24.07 16:00,72.262
151,24.07 17:00,71.747
151,24.07 18:00,70.7
151,24.07 19:00,72.002
151,24.07 20:00,71.233
151,24.07 21:00,74.137
151,24.07 22:00,76.689
151,24.07 23:00,74.796
151,25.07 00:00,76.291
151,25.07 01:00,78.066
151,25.07 02:00,75.058
151,25.07 03:00,76.292
151,25.07 04:00,76.157
151,25.07 05:00,77.852
151,25.07 06:00,125.495
151,25.07 07:00,148.988
151,25.07 08:00,163.254
151,25.07 09:00,183.754
151,25.07 10:00,190.77
151,25.07 11:00,195.283
151,25.07 12:00,190.125
151,25.07 13:00,188.761
151,25.07 14:00,192.886
151,25.07 15:00,190.302
151,25.07 16:00,181.962
151,25.07 17:00,167.409
151,25.07 18:00,144.771
151,25.07 19:00,119.475
151,25.07 20:00,106.654
151,25.07 21:00,69.657
151,25.07 22:00,68.885
151,25.07 23:00,66.884
151,26.07 00:00,63.972
151,26.07 01:00,64.68
151,26.07 02:00,62.767
151,26.07 03:00,63.273
151,26.07 04:00,64.084
151,26.07 05:00,63.908
151,26.07 06:00,82.389
151,26.07 07:00,140.26
151,26.07 08:00,154.871
151,26.07 09:00,169.383
151,26.07 10:00,181.473
151,26.07 11:00,184.108
151,26.07 12:00,185.905
151,26.07 13:00,180.845
151,26.07 14:00,186.39
151,26.07 15:00,183.479
151,26.07 16:00,178.357
151,26.07 17:00,160.553
151,26.07 18:00,140.552
151,26.07 19:00,128.065
151,26.07 20:00,119.485
151,26.07 21:00,77.822
151,26.07 22:00,75.302
151,26.07 23:00,73.701
151,27.07 00:00,73.016
151,27.07 01:00,74.256
151,27.07 02:00,73.997
151,27.07 03:00,73.652
151,27.07 04:00,73.362
151,27.07 05:00,75.661
151,27.07 06:00,85.037
151,27.07 07:00,133.98
151,27.07 08:00,145.216
151,27.07 09:00,164.996
151,27.07 10:00,171.032
151,27.07 11:00,177.347
151,27.07 12:00,177.233
151,27.07 13:00,179.474
151,27.07 14:00,178.156
151,27.07 15:00,177.445
151,27.07 16:00,173.485
151,27.07 17:00,166.562
151,27.07 18:00,133.44
151,27.07 19:00,118.564
151,27.07 20:00,107.603
151,27.07 21:00,71.735
151,27.07 22:00,71.015
151,27.07 23:00,71.059
151,28.07 00:00,69.182
151,28.07 01:00,68.26
151,28.07 02:00,68.665
151,28.07 03:00,67.167
151,28.07 04:00,68.703
151,28.07 05:00,69.011
151,28.07 06:00,87.047
151,28.07 07:00,140.312
151,28.07 08:00,149.391
151,28.07 09:00,168.178
151,28.07 10:00,175.144
151,28.07 11:00,182.935
151,28.07 12:00,187.358
151,28.07 13:00,177.873
151,28.07 14:00,183.371
151,28.07 15:00,184.661
151,28.07 16:00,175.61
151,28.07 17:00,160.462
151,28.07 18:00,142.469
151,28.07 19:00,130.353
151,28.07 20:00,117.474
151,28.07 21:00,77.076
151,28.07 22:00,78.953
151,28.07 23:00,74.719
151,29.07 00:00,71.021
151,29.07 01:00,55.123
151,29.07 02:00,54.048
151,29.07 03:00,54.003
151,29.07 04:00,55.267
151,29.07 05:00,55.034
151,29.07 06:00,66.201
151,29.07 07:00,126.722
151,29.07 08:00,144.396
151,29.07 09:00,158.655
151,29.07 10:00,162.696
151,29.07 11:00,163.878
151,29.07 12:00,163.504
151,29.07 13:00,163.356
151,29.07 14:00,159.597
151,29.07 15:00,155.711
151,29.07 16:00,164.175
151,29.07 17:00,149.475
151,29.07 18:00,130.222
151,29.07 19:00,107.659
151,29.07 20:00,101.439
151,29.07 21:00,63.803
151,29.07 22:00,58.767
151,29.07 23:00,57.238
151,30.07 00:00,57.835
151,30.07 01:00,56.084
151,30.07 02:00,55.928
151,30.07 03:00,56.277
151,30.07 04:00,56.15
151,30.07 05:00,57.187
151,30.07 06:00,54.977
151,30.07 07:00,53.067
151,30.07 08:00,58.188
151,30.07 09:00,68.684
151,30.07 10:00,83.695
151,30.07 11:00,82.213
151,30.07 12:00,73.982
151,30.07 13:00,61.259
151,30.07 14:00,56.917
151,30.07 15:00,57.915
151,30.07 16:00,54.778
151,30.07 17:00,53.114
151,30.07 18:00,53.249
151,30.07 19:00,50.927
151,30.07 20:00,52.197
151,30.07 21:00,52.967
151,30.07 22:00,55.817
151,30.07 23:00,56.872
151,31.07 00:00,56.176
151,31.07 01:00,55.798
151,31.07 02:00,56.176
151,31.07 03:00,55.892
151,31.07 04:00,56.085
151,31.07 05:00,56.257
151,31.07 06:00,55.98
151,31.07 07:00,51.832
151,31.07 08:00,51.143
151,31.07 09:00,50.795
151,31.07 10:00,50.752
151,31.07 11:00,51.956
151,31.07 12:00,51.937
151,31.07 13:00,51.795
151,31.07 14:00,52.207
151,31.07 15:00,51.775
151,31.07 16:00,50.777
151,31.07 17:00,50.753
151,31.07 18:00,50.915
151,31.07 19:00,52.176
151,31.07 20:00,51.883
151,31.07 21:00,52.835
151,31.07 22:00,56.965
151,31.07 23:00,55.921
151,01.08 00:00,55.99
151,01.08 01:00,57.247
151,01.08 02:00,55.134
151,01.08 03:00,55.831
151,01.08 04:00,55.806
151,01.08 05:00,57.923
151,01.08 06:00,109.014
151,01.08 07:00,133.242
151,01.08 08:00,151.472
151,01.08 09:00,173.501
151,01.08 10:00,181.609
151,01.08 11:00,186.246
151,01.08 12:00,186.317
151,01.08 13:00,184.571
151,01.08 14:00,193.868
151,01.08 15:00,192.594
151,01.08 16:00,181.344
151,01.08 17:00,166.567
151,01.08 18:00,143.12
151,01.08 19:00,119.315
151,01.08 20:00,107.447
151,01.08 21:00,75.134
151,01.08 22:00,67.787
151,01.08 23:00,66.885
151,02.08 00:00,65.731
151,02.08 01:00,66.324
151,02.08 02:00,65.116
151,02.08 03:00,64.077
151,02.08 04:00,64.804
151,02.08 05:00,64.785
151,02.08 06:00,82.446
151,02.08 07:00,138.872
151,02.08 08:00,146.198
151,02.08 09:00,162.839
151,02.08 10:00,172.395
151,02.08 11:00,181.402
151,02.08 12:00,178.791
151,02.08 13:00,177.476
151,02.08 14:00,181.428
151,02.08 15:00,176.801
151,02.08 16:00,169.944
151,02.08 17:00,155.405
151,02.08 18:00,138.132
151,02.08 19:00,129.144
151,02.08 20:00,119.264
151,02.08 21:00,84.416
151,02.08 22:00,79.251
151,02.08 23:00,69.669
151,03.08 00:00,65.886
151,03.08 01:00,64.738
151,03.08 02:00,64.078
151,03.08 03:00,64.299
151,03.08 04:00,65.99
151,03.08 05:00,63.982
151,03.08 06:00,75.047
151,03.08 07:00,117.818
151,03.08 08:00,144.477
151,03.08 09:00,164.779
151,03.08 10:00,171.339
151,03.08 11:00,176.678
151,03.08 12:00,174.312
151,03.08 13:00,174.738
151,03.08 14:00,176.184
151,03.08 15:00,173.766
151,03.08 16:00,166.222
151,03.08 17:00,157.079
151,03.08 18:00,131.448
151,03.08 19:00,117.188
151,03.08 20:00,112.4
151,03.08 21:00,65.832
151,03.08 22:00,61.937
151,03.08 23:00,60.095
151,04.08 00:00,60.753
151,04.08 01:00,59.806
151,04.08 02:00,59.204
151,04.08 03:00,59.967
151,04.08 04:00,58.718
151,04.08 05:00,60.197
151,04.08 06:00,72.641
151,04.08 07:00,125.531
151,04.08 08:00,150.624
151,04.08 09:00,171.059
151,04.08 10:00,173.456
151,04.08 11:00,174.663
151,04.08 12:00,177.802
151,04.08 13:00,176.433
151,04.08 14:00,173.057
151,04.08 15:00,172.154
151,04.08 16:00,171.71
151,04.08 17:00,161.282
151,04.08 18:00,141.366
151,04.08 19:00,125.418
151,04.08 20:00,117.065
151,04.08 21:00,75.869
151,04.08 22:00,70.231
151,04.08 23:00,68.835
151,05.08 00:00,68.003
151,05.08 01:00,66.17
151,05.08 02:00,66.218
151,05.08 03:00,67.132
151,05.08 04:00,64.896
151,05.08 05:00,67.033
151,05.08 06:00,79.27
151,05.08 07:00,133.346
151,05.08 08:00,153.074
151,05.08 09:00,173.064
151,05.08 10:00,171.291
151,05.08 11:00,182.176
151,05.08 12:00,184.791
151,05.08 13:00,172.492
151,05.08 14:00,179.801
151,05.08 15:00,175.92
151,05.08 16:00,171.451
151,05.08 17:00,155.325
151,05.08 18:00,129.732
151,05.08 19:00,111.112
151,05.08 20:00,105.605
151,05.08 21:00,69.317
151,05.08 22:00,65.689
151,05.08 23:00,62.932
151,06.08 00:00,60.032
151,06.08 01:00,57.006
151,06.08 02:00,56.848
151,06.08 03:00,56.762
151,06.08 04:00,56.938
151,06.08 05:00,53.09
151,06.08 06:00,51.045
151,06.08 07:00,48.855
151,06.08 08:00,54.238
151,06.08 09:00,66.694
151,06.08 10:00,82.031
151,06.08 11:00,80.837
151,06.08 12:00,69.933
151,06.08 13:00,56.99
151,06.08 14:00,54.149
151,06.08 15:00,56.498
151,06.08 16:00,51.992
151,06.08 17:00,50.954
151,06.08 18:00,48.763
151,06.08 19:00,49.914
151,06.08 20:00,49.995
151,06.08 21:00,50.975
151,06.08 22:00,53.136
151,06.08 23:00,54.197
151,07.08 00:00,53.263
151,07.08 01:00,51.812
151,07.08 02:00,53.771
151,07.08 03:00,51.88
151,07.08 04:00,51.765
151,07.08 05:00,55.172
151,07.08 06:00,53.165
151,07.08 07:00,48.966
151,07.08 08:00,49.222
151,07.08 09:00,48.014
151,07.08 10:00,47.794
151,07.08 11:00,48.022
151,07.08 12:00,49.922
151,07.08 13:00,48.907
151,07.08 14:00,48.802
151,07.08 15:00,48.896
151,07.08 16:00,49.1
151,07.08 17:00,49.357
151,07.08 18:00,48.824
151,07.08 19:00,49.876
151,07.08 20:00,49.993
151,07.08 21:00,49.843
151,07.08 22:00,54.739
151,07.08 23:00,52.976
151,08.08 00:00,52.808
151,08.08 01:00,54.133
151,08.08 02:00,53.198
151,08.08 03:00,51.793
151,08.08 04:00,55.031
151,08.08 05:00,54.179
151,08.08 06:00,100.915
151,08.08 07:00,133.745
151,08.08 08:00,147.983
151,08.08 09:00,177.614
151,08.08 10:00,182.454
151,08.08 11:00,183.493
151,08.08 12:00,184.104
151,08.08 13:00,180.946
151,08.08 14:00,184.312
151,08.08 15:00,181.877
151,08.08 16:00,175.842
151,08.08 17:00,156.316
151,08.08 18:00,135.701
151,08.08 19:00,118.465
151,08.08 20:00,104.67
151,08.08 21:00,74.05
151,08.08 22:00,68.716
151,08.08 23:00,67.281
151,09.08 00:00,66.934
151,09.08 01:00,67.323
151,09.08 02:00,65.975
151,09.08 03:00,64.678
151,09.08 04:00,66.149
151,09.08 05:00,65.923
151,09.08 06:00,76.249
151,09.08 07:00,135.63
151,09.08 08:00,154.214
151,09.08 09:00,169.22
151,09.08 10:00,175.758
151,09.08 11:00,173.674
151,09.08 12:00,174.686
151,09.08 13:00,173.951
151,09.08 14:00,175.854
151,09.08 15:00,171.496
151,09.08 16:00,166.339
151,09.08 17:00,153.727
151,09.08 18:00,131.652
151,09.08 19:00,118.017
151,09.08 20:00,103.971
151,09.08 21:00,68.8
151,09.08 22:00,66.19
151,09.08 23:00,68.813
151,10.08 00:00,64.797
151,10.08 01:00,64.922
151,10.08 02:00,63.047
151,10.08 03:00,66.222
151,10.08 04:00,63.789
151,10.08 05:00,65.012
151,10.08 06:00,69.979
151,10.08 07:00,120.185
151,10.08 08:00,139.344
151,10.08 09:00,167.305
151,10.08 10:00,157.598
151,10.08 11:00,169.234
151,10.08 12:00,170.514
151,10.08 13:00,169.17
151,10.08 14:00,171.814
151,10.08 15:00,168.834
151,10.08 16:00,167.643
151,10.08 17:00,158.259
151,10.08 18:00,136.056
151,10.08 19:00,122.709
151,10.08 20:00,122.401
151,10.08 21:00,89.388
151,10.08 22:00,86.173
151,10.08 23:00,68.776
151,11.08 00:00,58.261
151,11.08 01:00,58.011
151,11.08 02:00,55.723
151,11.08 03:00,56.118
151,11.08 04:00,56.866
151,11.08 05:00,56.841
151,11.08 06:00,66.667
151,11.08 07:00,122.393
151,11.08 08:00,145.406
151,11.08 09:00,167.791
151,11.08 10:00,171.801
151,11.08 11:00,171.378
151,11.08 12:00,172.185
151,11.08 13:00,172.652
151,11.08 14:00,174.743
151,11.08 15:00,172.629
151,11.08 16:00,170.675
151,11.08 17:00,157.55
151,11.08 18:00,133.481
151,11.08 19:00,117.362
151,11.08 20:00,111.553
151,11.08 21:00,79.812
151,11.08 22:00,66.701
151,11.08 23:00,61.221
151,12.08 00:00,56.919
151,12.08 01:00,54.854
151,12.08 02:00,53.785
151,12.08 03:00,56.176
151,12.08 04:00,54.925
151,12.08 05:00,56.219
151,12.08 06:00,62.084
151,12.08 07:00,111.17
151,12.08 08:00,138.107
151,12.08 09:00,165.604
151,12.08 10:00,161.598
151,12.08 11:00,169.298
151,12.08 12:00,167.279
151,12.08 13:00,165.544
151,12.08 14:00,167.22
151,12.08 15:00,165.503
151,12.08 16:00,159.644
151,12.08 17:00,147.037
151,12.08 18:00,127.327
151,12.08 19:00,110.916
151,12.08 20:00,103.875
151,12.08 21:00,72.728
151,12.08 22:00,70.325
151,12.08 23:00,69.684
151,13.08 00:00,69.055
151,13.08 01:00,68.879
151,13.08 02:00,68.668
151,13.08 03:00,67.683
151,13.08 04:00,68.661
151,13.08 05:00,69.271
151,13.08 06:00,67.918
151,13.08 07:00,66.324
151,13.08 08:00,70.003
151,13.08 09:00,81.208
151,13.08 10:00,98.305
151,13.08 11:00,96.077
151,13.08 12:00,87.069
151,13.08 13:00,71.755
151,13.08 14:00,69.832
151,13.08 15:00,68.262
151,13.08 16:00,69.171
151,13.08 17:00,65.674
151,13.08 18:00,65.88
151,13.08 19:00,67.175
151,13.08 20:00,65.242
151,13.08 21:00,68.011
151,13.08 22:00,67.958
151,13.08 23:00,67.771
151,14.08 00:00,68.796
151,14.08 01:00,66.998
151,14.08 02:00,68.988
151,14.08 03:00,67.965
151,14.08 04:00,67.929
151,14.08 05:00,68.66
151,14.08 06:00,68.976
151,14.08 07:00,64.914
151,14.08 08:00,62.705
151,14.08 09:00,62.788
151,14.08 10:00,64.301
151,14.08 11:00,63.156
151,14.08 12:00,64.063
151,14.08 13:00,63.051
151,14.08 14:00,64.173
151,14.08 15:00,64.18
151,14.08 16:00,65.885
151,14.08 17:00,66.308
151,14.08 18:00,66.211
151,14.08 19:00,65.994
151,14.08 20:00,65.23
151,14.08 21:00,67.666
151,14.08 22:00,62.985
151,14.08 23:00,60.747
151,15.08 00:00,62.113
151,15.08 01:00,61.925
151,15.08 02:00,60.824
151,15.08 03:00,62.099
151,15.08 04:00,62.033
151,15.08 05:00,62.29
151,15.08 06:00,113.446
151,15.08 07:00,143.509
151,15.08 08:00,153.71
151,15.08 09:00,173.992
151,15.08 10:00,180.262
151,15.08 11:00,179.299
151,15.08 12:00,173.624
151,15.08 13:00,169.32
151,15.08 14:00,168.702
151,15.08 15:00,165.293
151,15.08 16:00,170.519
151,15.08 17:00,155.229
151,15.08 18:00,135.612
151,15.08 19:00,128.674
151,15.08 20:00,116.444
151,15.08 21:00,77.307
151,15.08 22:00,70.299
151,15.08 23:00,68.678
151,16.08 00:00,67.761
151,16.08 01:00,67.215
151,16.08 02:00,67.247
151,16.08 03:00,67.712
151,16.08 04:00,66.032
151,16.08 05:00,66.989
151,16.08 06:00,84.382
151,16.08 07:00,137.442
151,16.08 08:00,147.625
151,16.08 09:00,167.13
151,16.08 10:00,169.437
151,16.08 11:00,170.335
151,16.08 12:00,171.274
151,16.08 13:00,168.853
151,16.08 14:00,171.145
151,16.08 15:00,169.745
151,16.08 16:00,166.049
151,16.08 17:00,153.438
151,16.08 18:00,140.78
151,16.08 19:00,119.858
151,16.08 20:00,111.506
151,16.08 21:00,61.089
151,16.08 22:00,55.039
151,16.08 23:00,56.161
151,17.08 00:00,54.882
151,17.08 01:00,54.001
151,17.08 02:00,54.754
151,17.08 03:00,53.998
151,17.08 04:00,53.754
151,17.08 05:00,55.944
151,17.08 06:00,67.226
151,17.08 07:00,123.594
151,17.08 08:00,138.801
151,17.08 09:00,163.43
151,17.08 10:00,170.036
151,17.08 11:00,168.281
151,17.08 12:00,161.793
151,17.08 13:00,163.743
151,17.08 14:00,167.31
151,17.08 15:00,165.35
151,17.08 16:00,158.346
151,17.08 17:00,149.236
151,17.08 18:00,130.366
151,17.08 19:00,120.561
151,17.08 20:00,113.432
151,17.08 21:00,69.778
151,17.08 22:00,63.62
151,17.08 23:00,61.779
151,18.08 00:00,56.81
151,18.08 01:00,56.21
151,18.08 02:00,55.207
151,18.08 03:00,54.966
151,18.08 04:00,55.023
151,18.08 05:00,56.26
151,18.08 06:00,68.229
151,18.08 07:00,118.995
151,18.08 08:00,134.348
151,18.08 09:00,162.622
151,18.08 10:00,163.513
151,18.08 11:00,168.28
151,18.08 12:00,172.836
151,18.08 13:00,167.313
151,18.08 14:00,168.436
151,18.08 15:00,163.463
151,18.08 16:00,164.38
151,18.08 17:00,152.014
151,18.08 18:00,129.58
151,18.08 19:00,113.577
151,18.08 20:00,109.667
151,18.08 21:00,76.685
151,18.08 22:00,71.103
151,18.08 23:00,68.226
151,19.08 00:00,68.776
151,19.08 01:00,66.827
151,19.08 02:00,65.96
151,19.08 03:00,66.715
151,19.08 04:00,65.984
151,19.08 05:00,68.336
151,19.08 06:00,79.691
151,19.08 07:00,131.506
151,19.08 08:00,146.326
151,19.08 09:00,159.62
151,19.08 10:00,166.723
151,19.08 11:00,170.675
151,19.08 12:00,176.186
151,19.08 13:00,174.389
151,19.08 14:00,168.899
151,19.08 15:00,168.211
151,19.08 16:00,164.207
151,19.08 17:00,150.449
151,19.08 18:00,130.494
151,19.08 19:00,117.918
151,19.08 20:00,107.3
151,19.08 21:00,68.767
151,19.08 22:00,64.803
151,19.08 23:00,62.198
151,20.08 00:00,57.225
151,20.08 01:00,56.249
151,20.08 02:00,55.107
151,20.08 03:00,55.26
151,20.08 04:00,55.016
151,20.08 05:00,57.164
151,20.08 06:00,55.087
151,20.08 07:00,53.01
151,20.08 08:00,55.731
151,20.08 09:00,64.776
151,20.08 10:00,80.802
151,20.08 11:00,78.33
151,20.08 12:00,70.141
151,20.08 13:00,57.79
151,20.08 14:00,55.019
151,20.08 15:00,58.064
151,20.08 16:00,57.218
151,20.08 17:00,52.976
151,20.08 18:00,52.021
151,20.08 19:00,50.111
151,20.08 20:00,52.131
151,20.08 21:00,51.931
151,20.08 22:00,54.901
151,20.08 23:00,52.831
151,21.08 00:00,54.07
151,21.08 01:00,53.098
151,21.08 02:00,54.0
151,21.08 03:00,54.131
151,21.08 04:00,53.805
151,21.08 05:00,55.06
151,21.08 06:00,53.786
151,21.08 07:00,51.173
151,21.08 08:00,50.133
151,21.08 09:00,48.091
151,21.08 10:00,49.069
151,21.08 11:00,49.212
151,21.08 12:00,48.802
151,21.08 13:00,49.019
151,21.08 14:00,48.76
151,21.08 15:00,48.999
151,21.08 16:00,49.928
151,21.08 17:00,49.146
151,21.08 18:00,48.929
151,21.08 19:00,48.978
151,21.08 20:00,48.884
151,21.08 21:00,54.097
151,21.08 22:00,52.771
151,21.08 23:00,54.861
151,22.08 00:00,53.885
151,22.08 01:00,52.822
151,22.08 02:00,56.954
151,22.08 03:00,53.061
151,22.08 04:00,53.764
151,22.08 05:00,54.744
151,22.08 06:00,104.361
151,22.08 07:00,133.782
151,22.08 08:00,146.038
151,22.08 09:00,165.239
151,22.08 10:00,171.8
151,22.08 11:00,175.276
151,22.08 12:00,173.192
151,22.08 13:00,171.279
151,22.08 14:00,176.967
151,22.08 15:00,168.494
151,22.08 16:00,168.44
151,22.08 17:00,157.861
151,22.08 18:00,135.501
151,22.08 19:00,121.937
151,22.08 20:00,110.406
151,22.08 21:00,83.022
151,22.08 22:00,77.934
151,22.08 23:00,78.104
151,23.08 00:00,77.322
151,23.08 01:00,76.677
151,23.08 02:00,76.971
151,23.08 03:00,75.982
151,23.08 04:00,76.308
151,23.08 05:00,75.8
151,23.08 06:00,88.418
151,23.08 07:00,125.548
151,23.08 08:00,143.639
151,23.08 09:00,162.431
151,23.08 10:00,162.788
151,23.08 11:00,161.289
151,23.08 12:00,166.259
151,23.08 13:00,168.613
151,23.08 14:00,167.776
151,23.08 15:00,166.632
151,23.08 16:00,169.013
151,23.08 17:00,159.148
151,23.08 18:00,137.604
151,23.08 19:00,124.515
151,23.08 20:00,109.726
151,23.08 21:00,69.193
151,23.08 22:00,66.082
151,23.08 23:00,63.752
151,24.08 00:00,63.833
151,24.08 01:00,62.173
151,24.08 02:00,62.926
151,24.08 03:00,62.162
151,24.08 04:00,62.242
151,24.08 05:00,64.118
151,24.08 06:00,71.077
151,24.08 07:00,125.666
151,24.08 08:00,137.729
151,24.08 09:00,167.7
151,24.08 10:00,150.191
151,24.08 11:00,169.741
151,24.08 12:00,166.878
151,24.08 13:00,164.753
151,24.08 14:00,167.283
151,24.08 15:00,165.794
151,24.08 16:00,165.854
151,24.08 17:00,150.562
151,24.08 18:00,133.794
151,24.08 19:00,115.321
151,24.08 20:00,101.859
151,24.08 21:00,73.148
151,24.08 22:00,69.936
151,24.08 23:00,68.144
151,25.08 00:00,68.951
151,25.08 01:00,66.879
151,25.08 02:00,66.932
151,25.08 03:00,67.052
151,25.08 04:00,65.944
151,25.08 05:00,68.17
151,25.08 06:00,75.702
151,25.08 07:00,130.422
151,25.08 08:00,147.718
151,25.08 09:00,163.352
151,25.08 10:00,170.841
151,25.08 11:00,173.52
151,25.08 12:00,176.995
151,25.08 13:00,173.407
151,25.08 14:00,174.377
151,25.08 15:00,169.99
151,25.08 16:00,167.317
151,25.08 17:00,155.612
151,25.08 18:00,130.52
151,25.08 19:00,115.02
151,25.08 20:00,108.686
151,25.08 21:00,79.925
151,25.08 22:00,73.771
151,25.08 23:00,71.81
151,26.08 00:00,74.25
151,26.08 01:00,70.823
151,26.08 02:00,71.344
151,26.08 03:00,72.801
151,26.08 04:00,70.923
151,26.08 05:00,72.12
151,26.08 06:00,77.655
151,26.08 07:00,122.162
151,26.08 08:00,141.986
151,26.08 09:00,163.304
151,26.08 10:00,169.32
151,26.08 11:00,173.285
151,26.08 12:00,170.64
151,26.08 13:00,165.745
151,26.08 14:00,170.807
151,26.08 15:00,173.571
151,26.08 16:00,164.644
151,26.08 17:00,155.235
151,26.08 18:00,136.455
151,26.08 19:00,119.215
151,26.08 20:00,114.253
151,26.08 21:00,78.61
151,26.08 22:00,67.236
151,26.08 23:00,67.198
151,27.08 00:00,66.671
151,27.08 01:00,66.232
151,27.08 02:00,65.195
151,27.08 03:00,64.254
151,27.08 04:00,65.851
151,27.08 05:00,65.106
151,27.08 06:00,66.964
151,27.08 07:00,62.918
151,27.08 08:00,67.91
151,27.08 09:00,75.949
151,27.08 10:00,90.359
151,27.08 11:00,92.22
151,27.08 12:00,86.546
151,27.08 13:00,69.201
151,27.08 14:00,66.684
151,27.08 15:00,66.909
151,27.08 16:00,64.942
151,27.08 17:00,63.002
151,27.08 18:00,61.976
151,27.08 19:00,59.725
151,27.08 20:00,62.272
151,27.08 21:00,63.305
151,27.08 22:00,63.045
151,27.08 23:00,63.754
151,28.08 00:00,62.7
151,28.08 01:00,63.797
151,28.08 02:00,62.892
151,28.08 03:00,62.981
151,28.08 04:00,62.808
151,28.08 05:00,63.704
151,28.08 06:00,64.247
151,28.08 07:00,60.966
151,28.08 08:00,58.87
151,28.08 09:00,59.286
151,28.08 10:00,58.122
151,28.08 11:00,57.907
151,28.08 12:00,51.98
151,28.08 13:00,52.24
151,28.08 14:00,49.82
151,28.08 15:00,49.788
151,28.08 16:00,50.89
151,28.08 17:00,50.851
151,28.08 18:00,50.05
151,28.08 19:00,49.955
151,28.08 20:00,51.827
151,28.08 21:00,56.882
151,28.08 22:00,54.254
151,28.08 23:00,53.917
151,29.08 00:00,53.935
151,29.08 01:00,54.086
151,29.08 02:00,54.103
151,29.08 03:00,52.924
151,29.08 04:00,53.889
151,29.08 05:00,54.79
151,29.08 06:00,98.93
151,29.08 07:00,118.856
151,29.08 08:00,150.487
151,29.08 09:00,167.065
151,29.08 10:00,170.907
151,29.08 11:00,173.09
151,29.08 12:00,170.217
151,29.08 13:00,173.418
151,29.08 14:00,175.827
151,29.08 15:00,170.705
151,29.08 16:00,168.778
151,29.08 17:00,156.479
151,29.08 18:00,136.368
151,29.08 19:00,120.493
151,29.08 20:00,104.252
151,29.08 21:00,69.889
151,29.08 22:00,55.871
151,29.08 23:00,56.871
151,30.08 00:00,55.166
151,30.08 01:00,55.764
151,30.08 02:00,54.245
151,30.08 03:00,55.244
151,30.08 04:00,54.057
151,30.08 05:00,55.001
151,30.08 06:00,69.33
151,30.08 07:00,124.42
151,30.08 08:00,141.634
151,30.08 09:00,166.385
151,30.08 10:00,170.609
151,30.08 11:00,174.004
151,30.08 12:00,177.835
151,30.08 13:00,171.516
151,30.08 14:00,171.608
151,30.08 15:00,169.472
151,30.08 16:00,169.141
151,30.08 17:00,158.234
151,30.08 18:00,139.099
151,30.08 19:00,123.466
151,30.08 20:00,103.187
151,30.08 21:00,65.757
151,30.08 22:00,53.86
151,30.08 23:00,55.199
151,31.08 00:00,52.954
151,31.08 01:00,53.776
151,31.08 02:00,53.137
151,31.08 03:00,51.908
151,31.08 04:00,52.368
151,31.08 05:00,52.012
151,31.08 06:00,62.785
151,31.08 07:00,102.039
151,31.08 08:00,132.841
151,31.08 09:00,161.248
151,31.08 10:00,165.921
151,31.08 11:00,171.522
151,31.08 12:00,173.305
151,31.08 13:00,166.245
151,31.08 14:00,170.853
151,31.08 15:00,170.86
151,31.08 16:00,169.203
151,31.08 17:00,154.324
151,31.08 18:00,135.826
151,31.08 19:00,121.45
151,31.08 20:00,108.586
151,31.08 21:00,72.872
151,31.08 22:00,64.812
151,31.08 23:00,63.266
151,01.09 00:00,63.684
151,01.09 01:00,61.866
151,01.09 02:00,62.102
151,01.09 03:00,62.724
151,01.09 04:00,62.201
151,01.09 05:00,63.718
151,01.09 06:00,67.109
151,01.09 07:00,113.305
151,01.09 08:00,139.461
151,01.09 09:00,158.316
151,01.09 10:00,167.468
151,01.09 11:00,171.619
151,01.09 12:00,176.925
151,01.09 13:00,172.768
151,01.09 14:00,176.853
151,01.09 15:00,178.695
151,01.09 16:00,172.536
151,01.09 17:00,149.867
151,01.09 18:00,131.473
151,01.09 19:00,120.302
151,01.09 20:00,117.223
151,01.09 21:00,72.345
151,01.09 22:00,65.281
151,01.09 23:00,63.772
151,02.09 00:00,62.781
151,02.09 01:00,63.209
151,02.09 02:00,62.007
151,02.09 03:00,62.891
151,02.09 04:00,62.052
151,02.09 05:00,62.956
151,02.09 06:00,72.282
151,02.09 07:00,113.108
151,02.09 08:00,134.352
151,02.09 09:00,157.404
151,02.09 10:00,171.325
151,02.09 11:00,170.531
151,02.09 12:00,170.306
151,02.09 13:00,170.253
151,02.09 14:00,170.769
151,02.09 15:00,155.223
151,02.09 16:00,159.57
151,02.09 17:00,145.587
151,02.09 18:00,130.565
151,02.09 19:00,113.163
151,02.09 20:00,99.087
151,02.09 21:00,66.858
151,02.09 22:00,65.262
151,02.09 23:00,64.091
151,03.09 00:00,63.945
151,03.09 01:00,61.734
151,03.09 02:00,62.194
151,03.09 03:00,63.115
151,03.09 04:00,61.97
151,03.09 05:00,61.801
151,03.09 06:00,61.789
151,03.09 07:00,60.172
151,03.09 08:00,67.193
151,03.09 09:00,77.276
151,03.09 10:00,96.905
151,03.09 11:00,98.475
151,03.09 12:00,87.181
151,03.09 13:00,73.888
151,03.09 14:00,72.8
151,03.09 15:00,71.15
151,03.09 16:00,70.206
151,03.09 17:00,69.306
151,03.09 18:00,68.847
151,03.09 19:00,69.252
151,03.09 20:00,69.904
151,03.09 21:00,70.906
151,03.09 22:00,71.746
151,03.09 23:00,71.117
151,04.09 00:00,69.793
151,04.09 01:00,72.222
151,04.09 02:00,70.276
151,04.09 03:00,72.645
151,04.09 04:00,71.05
151,04.09 05:00,71.766
151,04.09 06:00,71.833
151,04.09 07:00,69.796
151,04.09 08:00,66.701
151,04.09 09:00,65.138
151,04.09 10:00,67.683
151,04.09 11:00,67.081
151,04.09 12:00,66.721
151,04.09 13:00,65.77
151,04.09 14:00,67.132
151,04.09 15:00,66.879
151,04.09 16:00,66.979
151,04.09 17:00,68.714
151,04.09 18:00,67.037
151,04.09 19:00,68.69
151,04.09 20:00,68.971
151,04.09 21:00,70.839
151,04.09 22:00,73.206
151,04.09 23:00,71.32
151,05.09 00:00,71.04
151,05.09 01:00,71.152
151,05.09 02:00,71.793
151,05.09 03:00,70.866
151,05.09 04:00,70.714
151,05.09 05:00,71.737
151,05.09 06:00,71.066
151,05.09 07:00,73.839
151,05.09 08:00,71.83
151,05.09 09:00,69.041
151,05.09 10:00,69.927
151,05.09 11:00,72.103
151,05.09 12:00,70.967
151,05.09 13:00,71.861
151,05.09 14:00,72.358
151,05.09 15:00,69.918
151,05.09 16:00,70.7
151,05.09 17:00,70.064
151,05.09 18:00,71.939
151,05.09 19:00,70.323
151,05.09 20:00,72.789
151,05.09 21:00,71.875
151,05.09 22:00,74.104
151,05.09 23:00,72.228
151,06.09 00:00,71.292
151,06.09 01:00,73.248
151,06.09 02:00,71.265
151,06.09 03:00,71.07
151,06.09 04:00,71.891
151,06.09 05:00,71.237
151,06.09 06:00,84.387
151,06.09 07:00,143.866
151,06.09 08:00,156.307
151,06.09 09:00,173.029
151,06.09 10:00,178.037
151,06.09 11:00,180.308
151,06.09 12:00,179.475
151,06.09 13:00,182.617
151,06.09 14:00,189.236
151,06.09 15:00,168.608
151,06.09 16:00,170.78
151,06.09 17:00,151.291
151,06.09 18:00,136.538
151,06.09 19:00,133.318
151,06.09 20:00,125.437
151,06.09 21:00,88.668
151,06.09 22:00,81.625
151,06.09 23:00,65.854
151,07.09 00:00,62.894
151,07.09 01:00,62.839
151,07.09 02:00,61.799
151,07.09 03:00,60.903
151,07.09 04:00,63.217
151,07.09 05:00,61.295
151,07.09 06:00,80.887
151,07.09 07:00,130.268
151,07.09 08:00,148.539
151,07.09 09:00,169.608
151,07.09 10:00,179.204
151,07.09 11:00,181.283
151,07.09 12:00,183.95
151,07.09 13:00,181.151
151,07.09 14:00,180.341
151,07.09 15:00,176.491
151,07.09 16:00,176.193
151,07.09 17:00,169.784
151,07.09 18:00,145.312
151,07.09 19:00,133.865
151,07.09 20:00,123.99
151,07.09 21:00,86.104
151,07.09 22:00,76.069
151,07.09 23:00,75.314
151,08.09 00:00,74.032
151,08.09 01:00,74.18
151,08.09 02:00,73.079
151,08.09 03:00,73.908
151,08.09 04:00,72.987
151,08.09 05:00,72.943
151,08.09 06:00,85.001
151,08.09 07:00,135.489
151,08.09 08:00,149.133
151,08.09 09:00,171.826
151,08.09 10:00,184.136
151,08.09 11:00,183.319
151,08.09 12:00,186.143
151,08.09 13:00,184.086
151,08.09 14:00,179.196
151,08.09 15:00,175.707
151,08.09 16:00,184.443
151,08.09 17:00,160.425
151,08.09 18:00,142.166
151,08.09 19:00,135.591
151,08.09 20:00,128.075
151,08.09 21:00,93.776
151,08.09 22:00,85.33
151,08.09 23:00,72.049
151,09.09 00:00,71.77
151,09.09 01:00,71.955
151,09.09 02:00,70.863
151,09.09 03:00,70.789
151,09.09 04:00,70.25
151,09.09 05:00,69.715
151,09.09 06:00,82.351
151,09.09 07:00,126.187
151,09.09 08:00,149.742
151,09.09 09:00,168.221
151,09.09 10:00,177.838
151,09.09 11:00,185.22
151,09.09 12:00,182.336
151,09.09 13:00,186.525
151,09.09 14:00,184.871
151,09.09 15:00,179.605
151,09.09 16:00,178.302
151,09.09 17:00,160.757
151,09.09 18:00,137.471
151,09.09 19:00,126.589
151,09.09 20:00,111.713
151,09.09 21:00,71.972
151,09.09 22:00,59.955
151,09.09 23:00,60.989
151,10.09 00:00,60.078
151,10.09 01:00,54.88
151,10.09 02:00,54.239
151,10.09 03:00,52.136
151,10.09 04:00,55.067
151,10.09 05:00,53.098
151,10.09 06:00,53.211
151,10.09 07:00,54.179
151,10.09 08:00,54.881
151,10.09 09:00,66.088
151,10.09 10:00,82.347
151,10.09 11:00,79.723
151,10.09 12:00,69.9
151,10.09 13:00,58.01
151,10.09 14:00,56.901
151,10.09 15:00,55.101
151,10.09 16:00,51.93
151,10.09 17:00,50.127
151,10.09 18:00,49.933
151,10.09 19:00,48.864
151,10.09 20:00,51.12
151,10.09 21:00,53.176
151,10.09 22:00,53.752
151,10.09 23:00,53.26
151,11.09 00:00,54.101
151,11.09 01:00,54.064
151,11.09 02:00,52.756
151,11.09 03:00,53.924
151,11.09 04:00,52.916
151,11.09 05:00,50.904
151,11.09 06:00,53.833
151,11.09 07:00,52.074
151,11.09 08:00,48.818
151,11.09 09:00,48.03
151,11.09 10:00,47.975
151,11.09 11:00,49.877
151,11.09 12:00,48.769
151,11.09 13:00,48.917
151,11.09 14:00,50.105
151,11.09 15:00,48.868
151,11.09 16:00,50.004
151,11.09 17:00,49.032
151,11.09 18:00,46.858
151,11.09 19:00,49.85
151,11.09 20:00,51.996
151,11.09 21:00,55.79
151,11.09 22:00,53.842
151,11.09 23:00,56.141
151,12.09 00:00,51.915
151,12.09 01:00,51.783
151,12.09 02:00,53.784
151,12.09 03:00,51.808
151,12.09 04:00,53.137
151,12.09 05:00,53.203
151,12.09 06:00,99.193
151,12.09 07:00,130.173
151,12.09 08:00,147.901
151,12.09 09:00,178.588
151,12.09 10:00,189.847
151,12.09 11:00,185.642
151,12.09 12:00,187.376
151,12.09 13:00,181.812
151,12.09 14:00,180.456
151,12.09 15:00,177.861
151,12.09 16:00,179.05
151,12.09 17:00,169.62
151,12.09 18:00,149.678
151,12.09 19:00,139.57
151,12.09 20:00,122.409
151,12.09 21:00,89.749
151,12.09 22:00,82.986
151,12.09 23:00,79.993
151,13.09 00:00,80.795
151,13.09 01:00,79.086
151,13.09 02:00,77.054
151,13.09 03:00,79.209
151,13.09 04:00,77.962
151,13.09 05:00,80.042
151,13.09 06:00,86.232
151,13.09 07:00,131.651
151,13.09 08:00,148.558
151,13.09 09:00,174.682
151,13.09 10:00,183.892
151,13.09 11:00,184.137
151,13.09 12:00,185.074
151,13.09 13:00,186.228
151,13.09 14:00,186.27
151,13.09 15:00,183.099
151,13.09 16:00,175.194
151,13.09 17:00,169.895
151,13.09 18:00,148.817
151,13.09 19:00,139.613
151,13.09 20:00,129.405
151,13.09 21:00,88.377
151,13.09 22:00,79.086
151,13.09 23:00,79.173
151,14.09 00:00,76.993
151,14.09 01:00,78.08
151,14.09 02:00,77.019
151,14.09 03:00,76.721
151,14.09 04:00,77.628
151,14.09 05:00,77.041
151,14.09 06:00,84.963
151,14.09 07:00,130.639
151,14.09 08:00,149.308
151,14.09 09:00,175.621
151,14.09 10:00,182.786
151,14.09 11:00,183.661
151,14.09 12:00,184.596
151,14.09 13:00,187.069
151,14.09 14:00,183.182
151,14.09 15:00,182.835
151,14.09 16:00,179.173
151,14.09 17:00,171.461
151,14.09 18:00,154.998
151,14.09 19:00,140.872
151,14.09 20:00,131.549
151,14.09 21:00,90.93
151,14.09 22:00,79.184
151,14.09 23:00,78.184
151,15.09 00:00,77.382
151,15.09 01:00,77.15
151,15.09 02:00,75.125
151,15.09 03:00,76.357
151,15.09 04:00,77.178
151,15.09 05:00,74.939
151,15.09 06:00,84.06
151,15.09 07:00,128.297
151,15.09 08:00,144.365
151,15.09 09:00,177.842
151,15.09 10:00,181.108
151,15.09 11:00,183.703
151,15.09 12:00,184.517
151,15.09 13:00,185.099
151,15.09 14:00,183.602
151,15.09 15:00,180.477
151,15.09 16:00,173.649
151,15.09 17:00,163.529
151,15.09 18:00,151.087
151,15.09 19:00,148.132
151,15.09 20:00,134.212
151,15.09 21:00,91.22
151,15.09 22:00,80.083
151,15.09 23:00,77.714
151,16.09 00:00,77.374
151,16.09 01:00,76.756
151,16.09 02:00,76.301
151,16.09 03:00,73.881
151,16.09 04:00,72.913
151,16.09 05:00,72.787
151,16.09 06:00,80.736
151,16.09 07:00,128.068
151,16.09 08:00,145.37
151,16.09 09:00,172.32
151,16.09 10:00,182.625
151,16.09 11:00,183.443
151,16.09 12:00,190.123
151,16.09 13:00,186.678
151,16.09 14:00,186.996
151,16.09 15:00,184.897
151,16.09 16:00,179.983
151,16.09 17:00,165.595
151,16.09 18:00,143.834
151,16.09 19:00,136.663
151,16.09 20:00,125.426
151,16.09 21:00,84.411
151,16.09 22:00,71.714
151,16.09 23:00,70.345
151,17.09 00:00,69.2
151,17.09 01:00,67.907
151,17.09 02:00,59.262
151,17.09 03:00,57.123
151,17.09 04:00,54.869
151,17.09 05:00,54.149
151,17.09 06:00,53.981
151,17.09 07:00,54.226
151,17.09 08:00,56.119
151,17.09 09:00,66.296
151,17.09 10:00,81.232
151,17.09 11:00,81.103
151,17.09 12:00,70.109
151,17.09 13:00,60.043
151,17.09 14:00,58.237
151,17.09 15:00,57.241
151,17.09 16:00,56.882
151,17.09 17:00,53.095
151,17.09 18:00,52.825
151,17.09 19:00,53.215
151,17.09 20:00,55.077
151,17.09 21:00,54.123
151,17.09 22:00,54.756
151,17.09 23:00,55.999
151,18.09 00:00,54.022
151,18.09 01:00,52.893
151,18.09 02:00,56.147
151,18.09 03:00,54.011
151,18.09 04:00,55.098
151,18.09 05:00,55.049
151,18.09 06:00,54.983
151,18.09 07:00,55.152
151,18.09 08:00,50.155
151,18.09 09:00,50.042
151,18.09 10:00,49.855
151,18.09 11:00,51.973
151,18.09 12:00,51.792
151,18.09 13:00,53.014
151,18.09 14:00,53.187
151,18.09 15:00,52.767
151,18.09 16:00,52.993
151,18.09 17:00,53.079
151,18.09 18:00,54.066
151,18.09 19:00,54.929
151,18.09 20:00,55.761
151,18.09 21:00,57.788
151,18.09 22:00,54.98
151,18.09 23:00,55.862
151,19.09 00:00,55.84
151,19.09 01:00,56.161
151,19.09 02:00,58.682
151,19.09 03:00,55.842
151,19.09 04:00,53.898
151,19.09 05:00,54.808
151,19.09 06:00,91.034
151,19.09 07:00,119.716
151,19.09 08:00,149.148
151,19.09 09:00,175.523
151,19.09 10:00,183.659
151,19.09 11:00,187.828
151,19.09 12:00,188.272
151,19.09 13:00,185.654
151,19.09 14:00,182.85
151,19.09 15:00,182.763
151,19.09 16:00,177.66
151,19.09 17:00,165.224
151,19.09 18:00,147.864
151,19.09 19:00,140.602
151,19.09 20:00,134.561
151,19.09 21:00,94.824
151,19.09 22:00,74.336
151,19.09 23:00,69.224
151,20.09 00:00,65.846
151,20.09 01:00,68.145
151,20.09 02:00,65.875
151,20.09 03:00,66.27
151,20.09 04:00,65.88
151,20.09 05:00,66.081
151,20.09 06:00,84.402
151,20.09 07:00,132.359
151,20.09 08:00,147.695
151,20.09 09:00,174.781
151,20.09 10:00,182.586
151,20.09 11:00,181.375
151,20.09 12:00,181.617
151,20.09 13:00,181.486
151,20.09 14:00,180.245
151,20.09 15:00,190.088
151,20.09 16:00,161.705
151,20.09 17:00,164.477
151,20.09 18:00,149.46
151,20.09 19:00,145.332
151,20.09 20:00,130.967
151,20.09 21:00,88.141
151,20.09 22:00,76.923
151,20.09 23:00,74.832
151,21.09 00:00,71.948
151,21.09 01:00,71.061
151,21.09 02:00,70.344
151,21.09 03:00,70.861
151,21.09 04:00,70.687
151,21.09 05:00,70.703
151,21.09 06:00,80.27
151,21.09 07:00,133.312
151,21.09 08:00,148.934
151,21.09 09:00,176.572
151,21.09 10:00,190.858
151,21.09 11:00,192.87
151,21.09 12:00,185.814
151,21.09 13:00,188.072
151,21.09 14:00,185.285
151,21.09 15:00,188.323
151,21.09 16:00,179.159
151,21.09 17:00,168.259
151,21.09 18:00,147.898
151,21.09 19:00,141.296
151,21.09 20:00,136.605
151,21.09 21:00,95.862
151,21.09 22:00,75.36
151,21.09 23:00,59.036
151,22.09 00:00,57.83
151,22.09 01:00,57.987
151,22.09 02:00,56.988
151,22.09 03:00,57.158
151,22.09 04:00,57.727
151,22.09 05:00,55.033
151,22.09 06:00,63.249
151,22.09 07:00,124.436
151,22.09 08:00,150.596
151,22.09 09:00,172.693
151,22.09 10:00,179.637
151,22.09 11:00,185.835
151,22.09 12:00,181.214
151,22.09 13:00,186.335
151,22.09 14:00,180.529
151,22.09 15:00,179.53
151,22.09 16:00,175.089
151,22.09 17:00,165.394
151,22.09 18:00,151.73
151,22.09 19:00,141.372
151,22.09 20:00,134.625
151,22.09 21:00,90.649
151,22.09 22:00,69.32
151,22.09 23:00,66.943
151,23.09 00:00,65.293
151,23.09 01:00,65.588
151,23.09 02:00,64.045
151,23.09 03:00,64.237
151,23.09 04:00,63.748
151,23.09 05:00,64.278
151,23.09 06:00,72.01
151,23.09 07:00,123.037
151,23.09 08:00,145.708
151,23.09 09:00,169.464
151,23.09 10:00,173.266
151,23.09 11:00,175.561
151,23.09 12:00,181.138
151,23.09 13:00,179.842
151,23.09 14:00,184.28
151,23.09 15:00,180.028
151,23.09 16:00,181.325
151,23.09 17:00,165.956
151,23.09 18:00,139.496
151,23.09 19:00,130.353
151,23.09 20:00,126.689
151,23.09 21:00,80.716
151,23.09 22:00,73.312
151,23.09 23:00,72.131
151,24.09 00:00,65.951
151,24.09 01:00,65.874
151,24.09 02:00,63.144
151,24.09 03:00,65.04
151,24.09 04:00,64.106
151,24.09 05:00,64.861
151,24.09 06:00,64.968
151,24.09 07:00,66.133
151,24.09 08:00,71.976
151,24.09 09:00,78.641
151,24.09 10:00,94.416
151,24.09 11:00,93.404
151,24.09 12:00,85.337
151,24.09 13:00,73.125
151,24.09 14:00,68.812
151,24.09 15:00,67.682
151,24.09 16:00,64.847
151,24.09 17:00,65.139
151,24.09 18:00,64.263
151,24.09 19:00,65.15
151,24.09 20:00,66.965
151,24.09 21:00,65.836
151,24.09 22:00,67.045
151,24.09 23:00,68.092
151,25.09 00:00,70.836
151,25.09 01:00,71.259
151,25.09 02:00,72.252
151,25.09 03:00,70.961
151,25.09 04:00,71.341
151,25.09 05:00,70.748
151,25.09 06:00,70.65
151,25.09 07:00,71.027
151,25.09 08:00,71.101
151,25.09 09:00,66.18
151,25.09 10:00,66.818
151,25.09 11:00,67.147
151,25.09 12:00,66.731
151,25.09 13:00,68.208
151,25.09 14:00,68.832
151,25.09 15:00,70.002
151,25.09 16:00,67.935
151,25.09 17:00,67.315
151,25.09 18:00,67.989
151,25.09 19:00,69.097
151,25.09 20:00,72.032
151,25.09 21:00,71.652
151,25.09 22:00,71.336
151,25.09 23:00,73.184
151,26.09 00:00,72.031
151,26.09 01:00,72.007
151,26.09 02:00,70.884
151,26.09 03:00,70.981
151,26.09 04:00,70.727
151,26.09 05:00,72.867
151,26.09 06:00,109.22
151,26.09 07:00,136.747
151,26.09 08:00,149.493
151,26.09 09:00,171.814
151,26.09 10:00,181.215
151,26.09 11:00,186.348
151,26.09 12:00,186.794
151,26.09 13:00,185.584
151,26.09 14:00,183.492
151,26.09 15:00,184.627
151,26.09 16:00,182.181
151,26.09 17:00,168.842
151,26.09 18:00,147.959
151,26.09 19:00,134.547
151,26.09 20:00,130.385
151,26.09 21:00,85.819
151,26.09 22:00,80.723
151,26.09 23:00,77.2
151,27.09 00:00,63.925
151,27.09 01:00,57.25
151,27.09 02:00,56.732
151,27.09 03:00,56.04
151,27.09 04:00,57.198
151,27.09 05:00,55.997
151,27.09 06:00,63.747
151,27.09 07:00,122.37
151,27.09 08:00,148.288
151,27.09 09:00,177.309
151,27.09 10:00,188.576
151,27.09 11:00,183.811
151,27.09 12:00,188.661
151,27.09 13:00,190.369
151,27.09 14:00,187.262
151,27.09 15:00,186.976
151,27.09 16:00,187.345
151,27.09 17:00,172.532
151,27.09 18:00,156.204
151,27.09 19:00,149.42
151,27.09 20:00,140.182
151,27.09 21:00,95.656
151,27.09 22:00,75.99
151,27.09 23:00,73.153
151,28.09 00:00,70.802
151,28.09 01:00,72.77
151,28.09 02:00,71.155
151,28.09 03:00,71.098
151,28.09 04:00,72.27
151,28.09 05:00,72.124
151,28.09 06:00,81.898
151,28.09 07:00,132.134
151,28.09 08:00,147.685
151,28.09 09:00,174.524
151,28.09 10:00,184.105
151,28.09 11:00,191.26
151,28.09 12:00,193.109
151,28.09 13:00,194.423
151,28.09 14:00,190.199
151,28.09 15:00,182.226
151,28.09 16:00,177.791
151,28.09 17:00,168.204
151,28.09 18:00,157.201
151,28.09 19:00,149.382
151,28.09 20:00,136.597
151,28.09 21:00,89.206
151,28.09 22:00,79.337
151,28.09 23:00,77.914
151,29.09 00:00,75.93
151,29.09 01:00,75.877
151,29.09 02:00,73.701
151,29.09 03:00,76.075
151,29.09 04:00,74.267
151,29.09 05:00,74.991
151,29.09 06:00,80.75
151,29.09 07:00,129.112
151,29.09 08:00,149.239
151,29.09 09:00,173.405
151,29.09 10:00,187.665
151,29.09 11:00,189.307
151,29.09 12:00,188.061
151,29.09 13:00,187.659
151,29.09 14:00,185.799
151,29.09 15:00,194.573
151,29.09 16:00,161.681
151,29.09 17:00,170.026
151,29.09 18:00,152.312
151,29.09 19:00,138.21
151,29.09 20:00,135.161
151,29.09 21:00,99.001
151,29.09 22:00,82.92
151,29.09 23:00,81.623
151,30.09 00:00,82.379
151,30.09 01:00,74.82
151,30.09 02:00,74.354
151,30.09 03:00,74.002
151,30.09 04:00,72.681
151,30.09 05:00,73.903
151,30.09 06:00,81.167
151,30.09 07:00,123.278
151,30.09 08:00,137.7
151,30.09 09:00,167.705
151,30.09 10:00,173.51
151,30.09 11:00,174.644
151,30.09 12:00,175.768
151,30.09 13:00,177.686
151,30.09 14:00,176.07
151,30.09 15:00,177.341
151,30.09 16:00,172.517
151,30.09 17:00,160.797
151,30.09 18:00,134.629
151,30.09 19:00,112.995
151,30.09 20:00,106.946
151,30.09 21:00,71.234
151,30.09 22:00,66.114
151,30.09 23:00,65.319
