159,01.03 00:00,653.92
159,01.03 01:00,591.968
159,01.03 02:00,536.308
159,01.03 03:00,416.168
159,01.03 04:00,354.889
159,01.03 05:00,352.67
159,01.03 06:00,294.304
159,01.03 07:00,295.281
159,01.03 08:00,294.417
159,01.03 09:00,294.57
159,01.03 10:00,294.943
159,01.03 11:00,292.857
159,01.03 12:00,418.966
159,01.03 13:00,422.294
159,01.03 14:00,597.052
159,01.03 15:00,662.447
159,01.03 16:00,597.403
159,01.03 17:00,659.209
159,01.03 18:00,659.424
159,01.03 19:00,599.527
159,01.03 20:00,718.491
159,01.03 21:00,597.425
159,01.03 22:00,597.278
159,01.03 23:00,538.068
159,02.03 00:00,593.671
159,02.03 01:00,594.656
159,02.03 02:00,535.723
159,02.03 03:00,473.315
159,02.03 04:00,354.623
159,02.03 05:00,299.635
159,02.03 06:00,292.958
159,02.03 07:00,291.834
159,02.03 08:00,295.104
159,02.03 09:00,294.234
159,02.03 10:00,293.636
159,02.03 11:00,294.465
159,02.03 12:00,293.159
159,02.03 13:00,539.18
159,02.03 14:00,480.083
159,02.03 15:00,541.38
159,02.03 16:00,598.842
159,02.03 17:00,541.279
159,02.03 18:00,598.307
159,02.03 19:00,540.373
159,02.03 20:00,540.986
159,02.03 21:00,598.246
159,02.03 22:00,597.697
159,02.03 23:00,602.616
159,03.03 00:00,594.372
159,03.03 01:00,533.665
159,03.03 02:00,595.29
159,03.03 03:00,353.109
159,03.03 04:00,354.516
159,03.03 05:00,355.319
159,03.03 06:00,292.984
159,03.03 07:00,234.397
159,03.03 08:00,173.685
159,03.03 09:00,292.699
159,03.03 10:00,234.627
159,03.03 11:00,293.276
159,03.03 12:00,415.703
159,03.03 13:00,481.225
159,03.03 14:00,657.327
159,03.03 15:00,599.72
159,03.03 16:00,538.727
159,03.03 17:00,601.672
159,03.03 18:00,662.886
159,03.03 19:00,602.386
159,03.03 20:00,600.536
159,03.03 21:00,601.059
159,03.03 22:00,598.798
159,03.03 23:00,591.524
159,04.03 00:00,534.127
159,04.03 01:00,473.696
159,04.03 02:00,475.746
159,04.03 03:00,414.89
159,04.03 04:00,352.946
159,04.03 05:00,294.052
159,04.03 06:00,234.71
159,04.03 07:00,295.209
159,04.03 08:00,236.131
159,04.03 09:00,233.196
159,04.03 10:00,233.818
159,04.03 11:00,294.09
159,04.03 12:00,352.211
159,04.03 13:00,361.127
159,04.03 14:00,478.739
159,04.03 15:00,418.414
159,04.03 16:00,540.828
159,04.03 17:00,600.925
159,04.03 18:00,542.264
159,04.03 19:00,539.659
159,04.03 20:00,537.89
159,04.03 21:00,477.763
159,04.03 22:00,361.579
159,04.03 23:00,239.457
159,05.03 00:00,294.519
159,05.03 01:00,353.127
159,05.03 02:00,235.154
159,05.03 03:00,294.324
159,05.03 04:00,294.546
159,05.03 05:00,355.661
159,05.03 06:00,173.78
159,05.03 07:00,173.868
159,05.03 08:00,293.326
159,05.03 09:00,294.657
159,05.03 10:00,294.227
159,05.03 11:00,234.055
159,05.03 12:00,293.116
159,05.03 13:00,300.182
159,05.03 14:00,299.59
159,05.03 15:00,301.027
159,05.03 16:00,239.114
159,05.03 17:00,239.617
159,05.03 18:00,305.038
159,05.03 19:00,358.14
159,05.03 20:00,301.052
159,05.03 21:00,300.482
159,05.03 22:00,239.612
159,05.03 23:00,301.149
159,06.03 00:00,234.492
159,06.03 01:00,293.843
159,06.03 02:00,354.681
159,06.03 03:00,294.727
159,06.03 04:00,233.236
159,06.03 05:00,290.475
159,06.03 06:00,294.474
159,06.03 07:00,306.022
159,06.03 08:00,294.866
159,06.03 09:00,234.853
159,06.03 10:00,174.623
159,06.03 11:00,174.289
159,06.03 12:00,299.28
159,06.03 13:00,291.333
159,06.03 14:00,299.564
159,06.03 15:00,298.7
159,06.03 16:00,239.753
159,06.03 17:00,299.813
159,06.03 18:00,239.333
159,06.03 19:00,301.248
159,06.03 20:00,299.339
159,06.03 21:00,298.699
159,06.03 22:00,301.232
159,06.03 23:00,300.278
159,07.03 00:00,293.197
159,07.03 01:00,293.128
159,07.03 02:00,234.32
159,07.03 03:00,234.333
159,07.03 04:00,292.731
159,07.03 05:00,292.704
159,07.03 06:00,233.777
159,07.03 07:00,233.855
159,07.03 08:00,232.841
159,07.03 09:00,233.814
159,07.03 10:00,292.556
159,07.03 11:00,295.3
159,07.03 12:00,299.292
159,07.03 13:00,300.582
159,07.03 14:00,361.244
159,07.03 15:00,477.741
159,07.03 16:00,419.055
159,07.03 17:00,420.68
159,07.03 18:00,358.457
159,07.03 19:00,418.346
159,07.03 20:00,360.35
159,07.03 21:00,418.737
159,07.03 22:00,292.662
159,07.03 23:00,298.85
159,08.03 00:00,353.476
159,08.03 01:00,294.132
159,08.03 02:00,294.154
159,08.03 03:00,355.713
159,08.03 04:00,354.544
159,08.03 05:00,353.626
159,08.03 06:00,288.784
159,08.03 07:00,294.981
159,08.03 08:00,294.654
159,08.03 09:00,234.158
159,08.03 10:00,234.24
159,08.03 11:00,355.22
159,08.03 12:00,294.468
159,08.03 13:00,358.861
159,08.03 14:00,478.43
159,08.03 15:00,538.811
159,08.03 16:00,418.455
159,08.03 17:00,418.806
159,08.03 18:00,360.998
159,08.03 19:00,420.732
159,08.03 20:00,298.479
159,08.03 21:00,358.713
159,08.03 22:00,299.13
159,08.03 23:00,360.805
159,09.03 00:00,294.612
159,09.03 01:00,355.154
159,09.03 02:00,294.196
159,09.03 03:00,292.871
159,09.03 04:00,234.359
159,09.03 05:00,294.483
159,09.03 06:00,305.305
159,09.03 07:00,293.988
159,09.03 08:00,294.324
159,09.03 09:00,234.23
159,09.03 10:00,233.831
159,09.03 11:00,294.344
159,09.03 12:00,299.055
159,09.03 13:00,360.782
159,09.03 14:00,361.56
159,09.03 15:00,419.167
159,09.03 16:00,358.603
159,09.03 17:00,361.429
159,09.03 18:00,360.188
159,09.03 19:00,360.4
159,09.03 20:00,359.209
159,09.03 21:00,0.0
159,09.03 22:00,298.87
159,09.03 23:00,120.127
159,10.03 00:00,354.437
159,10.03 01:00,293.96
159,10.03 02:00,354.878
159,10.03 03:00,292.511
159,10.03 04:00,233.06
159,10.03 05:00,352.817
159,10.03 06:00,295.238
159,10.03 07:00,292.672
159,10.03 08:00,234.237
159,10.03 09:00,294.296
159,10.03 10:00,294.401
159,10.03 11:00,293.369
159,10.03 12:00,299.739
159,10.03 13:00,300.234
159,10.03 14:00,299.85
159,10.03 15:00,358.129
159,10.03 16:00,421.83
159,10.03 17:00,360.865
159,10.03 18:00,419.923
159,10.03 19:00,417.754
159,10.03 20:00,361.464
159,10.03 21:00,299.034
159,10.03 22:00,358.327
159,10.03 23:00,298.672
159,11.03 00:00,294.133
159,11.03 01:00,292.734
159,11.03 02:00,353.367
159,11.03 03:00,294.451
159,11.03 04:00,293.49
159,11.03 05:00,295.346
159,11.03 06:00,237.533
159,11.03 07:00,234.703
159,11.03 08:00,234.351
159,11.03 09:00,232.842
159,11.03 10:00,234.707
159,11.03 11:00,174.296
159,11.03 12:00,295.462
159,11.03 13:00,300.28
159,11.03 14:00,360.147
159,11.03 15:00,358.323
159,11.03 16:00,300.673
159,11.03 17:00,360.055
159,11.03 18:00,301.23
159,11.03 19:00,358.867
159,11.03 20:00,298.579
159,11.03 21:00,358.541
159,11.03 22:00,298.952
159,11.03 23:00,298.565
159,12.03 00:00,295.219
159,12.03 01:00,293.288
159,12.03 02:00,293.704
159,12.03 03:00,233.167
159,12.03 04:00,355.362
159,12.03 05:00,233.634
159,12.03 06:00,232.845
159,12.03 07:00,174.013
159,12.03 08:00,294.422
159,12.03 09:00,174.478
159,12.03 10:00,234.606
159,12.03 11:00,292.96
159,12.03 12:00,295.132
159,12.03 13:00,361.261
159,12.03 14:00,299.721
159,12.03 15:00,299.12
159,12.03 16:00,240.534
159,12.03 17:00,361.369
159,12.03 18:00,301.098
159,12.03 19:00,359.749
159,12.03 20:00,360.48
159,12.03 21:00,300.847
159,12.03 22:00,358.941
159,12.03 23:00,359.528
159,13.03 00:00,294.58
159,13.03 01:00,289.01
159,13.03 02:00,295.273
159,13.03 03:00,352.664
159,13.03 04:00,295.24
159,13.03 05:00,234.73
159,13.03 06:00,234.803
159,13.03 07:00,233.166
159,13.03 08:00,234.616
159,13.03 09:00,294.717
159,13.03 10:00,234.723
159,13.03 11:00,294.804
159,13.03 12:00,294.504
159,13.03 13:00,300.859
159,13.03 14:00,300.569
159,13.03 15:00,360.683
159,13.03 16:00,360.054
159,13.03 17:00,419.83
159,13.03 18:00,417.849
159,13.03 19:00,420.609
159,13.03 20:00,419.721
159,13.03 21:00,479.035
159,13.03 22:00,479.071
159,13.03 23:00,475.764
159,14.03 00:00,474.765
159,14.03 01:00,472.004
159,14.03 02:00,353.466
159,14.03 03:00,354.012
159,14.03 04:00,294.876
159,14.03 05:00,234.223
159,14.03 06:00,233.64
159,14.03 07:00,294.749
159,14.03 08:00,234.535
159,14.03 09:00,174.7
159,14.03 10:00,295.34
159,14.03 11:00,357.543
159,14.03 12:00,412.563
159,14.03 13:00,539.331
159,14.03 14:00,540.434
159,14.03 15:00,538.886
159,14.03 16:00,539.975
159,14.03 17:00,541.327
159,14.03 18:00,597.537
159,14.03 19:00,601.986
159,14.03 20:00,541.913
159,14.03 21:00,598.383
159,14.03 22:00,657.433
159,14.03 23:00,596.129
159,15.03 00:00,532.944
159,15.03 01:00,535.394
159,15.03 02:00,415.146
159,15.03 03:00,354.596
159,15.03 04:00,294.777
159,15.03 05:00,293.982
159,15.03 06:00,234.42
159,15.03 07:00,293.761
159,15.03 08:00,292.569
159,15.03 09:00,293.002
159,15.03 10:00,232.928
159,15.03 11:00,352.974
159,15.03 12:00,478.262
159,15.03 13:00,537.845
159,15.03 14:00,539.926
159,15.03 15:00,597.182
159,15.03 16:00,657.382
159,15.03 17:00,597.353
159,15.03 18:00,661.995
159,15.03 19:00,481.721
159,15.03 20:00,662.716
159,15.03 21:00,538.94
159,15.03 22:00,600.5
159,15.03 23:00,662.201
159,16.03 00:00,476.428
159,16.03 01:00,473.571
159,16.03 02:00,592.162
159,16.03 03:00,353.972
159,16.03 04:00,294.389
159,16.03 05:00,293.891
159,16.03 06:00,235.024
159,16.03 07:00,295.067
159,16.03 08:00,293.123
159,16.03 09:00,294.765
159,16.03 10:00,295.205
159,16.03 11:00,413.442
159,16.03 12:00,539.001
159,16.03 13:00,539.888
159,16.03 14:00,597.269
159,16.03 15:00,478.698
159,16.03 16:00,598.059
159,16.03 17:00,721.28
159,16.03 18:00,661.617
159,16.03 19:00,538.589
159,16.03 20:00,600.782
159,16.03 21:00,599.995
159,16.03 22:00,539.158
159,16.03 23:00,599.227
159,17.03 00:00,532.285
159,17.03 01:00,536.73
159,17.03 02:00,592.244
159,17.03 03:00,414.976
159,17.03 04:00,355.203
159,17.03 05:00,291.061
159,17.03 06:00,232.928
159,17.03 07:00,294.548
159,17.03 08:00,293.613
159,17.03 09:00,293.951
159,17.03 10:00,293.615
159,17.03 11:00,415.524
159,17.03 12:00,538.028
159,17.03 13:00,600.386
159,17.03 14:00,600.36
159,17.03 15:00,541.799
159,17.03 16:00,660.421
159,17.03 17:00,602.612
159,17.03 18:00,660.087
159,17.03 19:00,597.112
159,17.03 20:00,657.298
159,17.03 21:00,598.17
159,17.03 22:00,598.281
159,17.03 23:00,539.765
159,18.03 00:00,595.682
159,18.03 01:00,535.15
159,18.03 02:00,415.611
159,18.03 03:00,355.297
159,18.03 04:00,352.243
159,18.03 05:00,295.109
159,18.03 06:00,295.39
159,18.03 07:00,173.067
159,18.03 08:00,295.199
159,18.03 09:00,354.49
159,18.03 10:00,353.958
159,18.03 11:00,354.045
159,18.03 12:00,479.215
159,18.03 13:00,539.524
159,18.03 14:00,660.347
159,18.03 15:00,657.028
159,18.03 16:00,599.84
159,18.03 17:00,597.09
159,18.03 18:00,598.201
159,18.03 19:00,600.478
159,18.03 20:00,602.704
159,18.03 21:00,651.444
159,18.03 22:00,479.062
159,18.03 23:00,419.131
159,19.03 00:00,534.093
159,19.03 01:00,415.728
159,19.03 02:00,353.906
159,19.03 03:00,292.748
159,19.03 04:00,308.07
159,19.03 05:00,293.802
159,19.03 06:00,295.285
159,19.03 07:00,294.179
159,19.03 08:00,233.695
159,19.03 09:00,233.32
159,19.03 10:00,293.367
159,19.03 11:00,294.089
159,19.03 12:00,359.962
159,19.03 13:00,360.075
159,19.03 14:00,359.668
159,19.03 15:00,421.207
159,19.03 16:00,418.688
159,19.03 17:00,421.863
159,19.03 18:00,420.489
159,19.03 19:00,420.763
159,19.03 20:00,421.109
159,19.03 21:00,361.404
159,19.03 22:00,360.883
159,19.03 23:00,358.699
159,20.03 00:00,361.227
159,20.03 01:00,294.913
159,20.03 02:00,355.714
159,20.03 03:00,295.12
159,20.03 04:00,294.77
159,20.03 05:00,233.318
159,20.03 06:00,174.233
159,20.03 07:00,293.639
159,20.03 08:00,234.081
159,20.03 09:00,232.818
159,20.03 10:00,294.436
159,20.03 11:00,354.478
159,20.03 12:00,301.1
159,20.03 13:00,479.058
159,20.03 14:00,419.615
159,20.03 15:00,480.852
159,20.03 16:00,358.193
159,20.03 17:00,420.758
159,20.03 18:00,421.175
159,20.03 19:00,482.159
159,20.03 20:00,421.171
159,20.03 21:00,420.65
159,20.03 22:00,419.61
159,20.03 23:00,476.566
159,21.03 00:00,413.539
159,21.03 01:00,475.892
159,21.03 02:00,353.179
159,21.03 03:00,354.17
159,21.03 04:00,293.114
159,21.03 05:00,232.942
159,21.03 06:00,235.134
159,21.03 07:00,234.417
159,21.03 08:00,233.469
159,21.03 09:00,293.703
159,21.03 10:00,233.873
159,21.03 11:00,353.846
159,21.03 12:00,532.288
159,21.03 13:00,540.593
159,21.03 14:00,539.996
159,21.03 15:00,478.758
159,21.03 16:00,479.326
159,21.03 17:00,602.129
159,21.03 18:00,537.816
159,21.03 19:00,540.297
159,21.03 20:00,479.833
159,21.03 21:00,540.409
159,21.03 22:00,540.604
159,21.03 23:00,538.177
159,22.03 00:00,592.111
159,22.03 01:00,471.999
159,22.03 02:00,352.508
159,22.03 03:00,355.076
159,22.03 04:00,296.137
159,22.03 05:00,294.041
159,22.03 06:00,232.939
159,22.03 07:00,234.524
159,22.03 08:00,293.437
159,22.03 09:00,294.161
159,22.03 10:00,294.568
159,22.03 11:00,414.923
159,22.03 12:00,478.693
159,22.03 13:00,599.358
159,22.03 14:00,539.186
159,22.03 15:00,540.104
159,22.03 16:00,537.797
159,22.03 17:00,661.067
159,22.03 18:00,657.617
159,22.03 19:00,598.93
159,22.03 20:00,600.63
159,22.03 21:00,598.148
159,22.03 22:00,599.79
159,22.03 23:00,1.003
159,23.03 00:00,0.999
159,23.03 01:00,1.001
159,23.03 02:00,0.998
159,23.03 03:00,0.995
159,23.03 04:00,1.0
159,23.03 05:00,1.001
159,23.03 06:00,1.001
159,23.03 07:00,1.005
159,23.03 08:00,0.995
159,23.03 09:00,0.996
159,23.03 10:00,294.094
159,23.03 11:00,292.908
159,23.03 12:00,477.912
159,23.03 13:00,600.358
159,23.03 14:00,598.034
159,23.03 15:00,601.437
159,23.03 16:00,601.622
159,23.03 17:00,599.897
159,23.03 18:00,598.849
159,23.03 19:00,597.977
159,23.03 20:00,601.918
159,23.03 21:00,599.378
159,23.03 22:00,538.362
159,23.03 23:00,597.944
159,24.03 00:00,595.86
159,24.03 01:00,535.834
159,24.03 02:00,414.054
159,24.03 03:00,353.995
159,24.03 04:00,353.867
159,24.03 05:00,292.86
159,24.03 06:00,294.407
159,24.03 07:00,233.963
159,24.03 08:00,235.046
159,24.03 09:00,290.682
159,24.03 10:00,233.932
159,24.03 11:00,355.385
159,24.03 12:00,421.3
159,24.03 13:00,599.937
159,24.03 14:00,602.72
159,24.03 15:00,540.404
159,24.03 16:00,539.433
159,24.03 17:00,602.016
159,24.03 18:00,602.174
159,24.03 19:00,534.012
159,24.03 20:00,660.127
159,24.03 21:00,600.573
159,24.03 22:00,541.903
159,24.03 23:00,600.916
159,25.03 00:00,594.769
159,25.03 01:00,415.424
159,25.03 02:00,473.573
159,25.03 03:00,354.294
159,25.03 04:00,352.955
159,25.03 05:00,293.258
159,25.03 06:00,354.912
159,25.03 07:00,233.839
159,25.03 08:00,293.804
159,25.03 09:00,295.231
159,25.03 10:00,354.824
159,25.03 11:00,412.596
159,25.03 12:00,598.457
159,25.03 13:00,539.61
159,25.03 14:00,598.568
159,25.03 15:00,525.59
159,25.03 16:00,659.238
159,25.03 17:00,601.059
159,25.03 18:00,541.408
159,25.03 19:00,539.18
159,25.03 20:00,540.968
159,25.03 21:00,478.357
159,25.03 22:00,479.522
159,25.03 23:00,598.384
159,26.03 00:00,413.08
159,26.03 01:00,356.011
159,26.03 02:00,476.514
159,26.03 03:00,355.072
159,26.03 04:00,414.97
159,26.03 05:00,235.418
159,26.03 06:00,235.266
159,26.03 07:00,293.214
159,26.03 08:00,234.672
159,26.03 09:00,235.116
159,26.03 10:00,233.521
159,26.03 11:00,234.892
159,26.03 12:00,360.668
159,26.03 13:00,477.849
159,26.03 14:00,419.495
159,26.03 15:00,479.875
159,26.03 16:00,537.14
159,26.03 17:00,421.476
159,26.03 18:00,480.25
159,26.03 19:00,477.682
159,26.03 20:00,420.752
159,26.03 21:00,300.808
159,26.03 22:00,361.256
159,26.03 23:00,359.522
159,27.03 00:00,414.491
159,27.03 01:00,356.423
159,27.03 02:00,353.905
159,27.03 03:00,295.488
159,27.03 04:00,293.666
159,27.03 05:00,234.258
159,27.03 06:00,174.582
159,27.03 07:00,234.078
159,27.03 08:00,235.215
159,27.03 09:00,174.273
159,27.03 10:00,235.959
159,27.03 11:00,294.82
159,27.03 12:00,359.394
159,27.03 13:00,359.587
159,27.03 14:00,358.313
159,27.03 15:00,482.115
159,27.03 16:00,537.388
159,27.03 17:00,477.853
159,27.03 18:00,480.078
159,27.03 19:00,419.009
159,27.03 20:00,421.21
159,27.03 21:00,538.21
159,27.03 22:00,479.728
159,27.03 23:00,533.679
159,28.03 00:00,413.167
159,28.03 01:00,415.462
159,28.03 02:00,354.109
159,28.03 03:00,295.53
159,28.03 04:00,355.371
159,28.03 05:00,174.281
159,28.03 06:00,174.144
159,28.03 07:00,234.277
159,28.03 08:00,234.476
159,28.03 09:00,235.087
159,28.03 10:00,294.997
159,28.03 11:00,354.327
159,28.03 12:00,478.218
159,28.03 13:00,541.864
159,28.03 14:00,537.669
159,28.03 15:00,659.415
159,28.03 16:00,602.01
159,28.03 17:00,600.887
159,28.03 18:00,597.724
159,28.03 19:00,598.193
159,28.03 20:00,600.906
159,28.03 21:00,660.04
159,28.03 22:00,599.911
159,28.03 23:00,538.39
159,29.03 00:00,656.962
159,29.03 01:00,534.639
159,29.03 02:00,416.508
159,29.03 03:00,355.659
159,29.03 04:00,294.0
159,29.03 05:00,295.656
159,29.03 06:00,235.707
159,29.03 07:00,296.319
159,29.03 08:00,296.124
159,29.03 09:00,293.789
159,29.03 10:00,294.544
159,29.03 11:00,414.732
159,29.03 12:00,358.666
159,29.03 13:00,541.297
159,29.03 14:00,596.975
159,29.03 15:00,540.709
159,29.03 16:00,663.103
159,29.03 17:00,659.501
159,29.03 18:00,597.719
159,29.03 19:00,662.46
159,29.03 20:00,658.446
159,29.03 21:00,517.183
159,29.03 22:00,480.298
159,29.03 23:00,662.255
159,30.03 00:00,597.696
159,30.03 01:00,414.169
159,30.03 02:00,356.38
159,30.03 03:00,294.12
159,30.03 04:00,354.368
159,30.03 05:00,293.998
159,30.03 06:00,295.077
159,30.03 07:00,174.294
159,30.03 08:00,295.356
159,30.03 09:00,294.695
159,30.03 10:00,356.487
159,30.03 11:00,356.051
159,30.03 12:00,419.791
159,30.03 13:00,601.556
159,30.03 14:00,600.668
159,30.03 15:00,534.384
159,30.03 16:00,597.009
159,30.03 17:00,601.576
159,30.03 18:00,720.427
159,30.03 19:00,656.957
159,30.03 20:00,658.442
159,30.03 21:00,599.451
159,30.03 22:00,541.201
159,30.03 23:00,541.625
159,31.03 00:00,537.546
159,31.03 01:00,533.654
159,31.03 02:00,354.582
159,31.03 03:00,355.493
159,31.03 04:00,353.95
159,31.03 05:00,294.297
159,31.03 06:00,356.073
159,31.03 07:00,295.782
159,31.03 08:00,296.629
159,31.03 09:00,236.055
159,31.03 10:00,294.406
159,31.03 11:00,357.02
159,31.03 12:00,421.884
159,31.03 13:00,537.41
159,31.03 14:00,596.99
159,31.03 15:00,542.007
159,31.03 16:00,598.892
159,31.03 17:00,598.981
159,31.03 18:00,657.27
159,31.03 19:00,482.036
159,31.03 20:00,539.111
159,31.03 21:00,599.595
159,31.03 22:00,596.891
159,31.03 23:00,538.961
159,01.04 00:00,593.22
159,01.04 01:00,476.881
159,01.04 02:00,414.691
159,01.04 03:00,355.171
159,01.04 04:00,355.138
159,01.04 05:00,356.876
159,01.04 06:00,299.012
159,01.04 07:00,235.58
159,01.04 08:00,296.638
159,01.04 09:00,296.417
159,01.04 10:00,296.151
159,01.04 11:00,356.613
159,01.04 12:00,541.246
159,01.04 13:00,418.653
159,01.04 14:00,602.562
159,01.04 15:00,541.813
159,01.04 16:00,601.415
159,01.04 17:00,537.99
159,01.04 18:00,602.518
159,01.04 19:00,480.781
159,01.04 20:00,479.165
159,01.04 21:00,539.621
159,01.04 22:00,541.781
159,01.04 23:00,538.442
159,02.04 00:00,416.938
159,02.04 01:00,414.149
159,02.04 02:00,357.07
159,02.04 03:00,417.148
159,02.04 04:00,413.589
159,02.04 05:00,356.356
159,02.04 06:00,235.439
159,02.04 07:00,296.321
159,02.04 08:00,294.722
159,02.04 09:00,235.244
159,02.04 10:00,296.07
159,02.04 11:00,353.907
159,02.04 12:00,419.885
159,02.04 13:00,418.022
159,02.04 14:00,419.689
159,02.04 15:00,478.259
159,02.04 16:00,540.067
159,02.04 17:00,480.638
159,02.04 18:00,417.743
159,02.04 19:00,479.644
159,02.04 20:00,421.415
159,02.04 21:00,428.897
159,02.04 22:00,419.661
159,02.04 23:00,358.428
159,03.04 00:00,355.154
159,03.04 01:00,354.016
159,03.04 02:00,294.274
159,03.04 03:00,294.777
159,03.04 04:00,294.885
159,03.04 05:00,234.715
159,03.04 06:00,295.085
159,03.04 07:00,235.287
159,03.04 08:00,234.018
159,03.04 09:00,234.504
159,03.04 10:00,235.561
159,03.04 11:00,294.099
159,03.04 12:00,358.372
159,03.04 13:00,417.878
159,03.04 14:00,418.68
159,03.04 15:00,480.49
159,03.04 16:00,421.706
159,03.04 17:00,421.64
159,03.04 18:00,480.083
159,03.04 19:00,479.518
159,03.04 20:00,541.352
159,03.04 21:00,480.093
159,03.04 22:00,598.404
159,03.04 23:00,601.944
159,04.04 00:00,533.214
159,04.04 01:00,474.529
159,04.04 02:00,356.603
159,04.04 03:00,295.167
159,04.04 04:00,236.191
159,04.04 05:00,175.632
159,04.04 06:00,295.766
159,04.04 07:00,234.895
159,04.04 08:00,234.859
159,04.04 09:00,174.785
159,04.04 10:00,294.829
159,04.04 11:00,415.6
159,04.04 12:00,541.603
159,04.04 13:00,482.121
159,04.04 14:00,598.247
159,04.04 15:00,602.099
159,04.04 16:00,660.98
159,04.04 17:00,720.19
159,04.04 18:00,660.532
159,04.04 19:00,596.931
159,04.04 20:00,537.976
159,04.04 21:00,600.281
159,04.04 22:00,0.0
159,04.04 23:00,538.799
159,05.04 00:00,595.258
159,05.04 01:00,535.537
159,05.04 02:00,427.054
159,05.04 03:00,353.892
159,05.04 04:00,354.033
159,05.04 05:00,298.589
159,05.04 06:00,234.136
159,05.04 07:00,295.296
159,05.04 08:00,298.518
159,05.04 09:00,234.403
159,05.04 10:00,294.235
159,05.04 11:00,355.078
159,05.04 12:00,486.3
159,05.04 13:00,536.702
159,05.04 14:00,592.203
159,05.04 15:00,587.051
159,05.04 16:00,661.982
159,05.04 17:00,595.872
159,05.04 18:00,662.701
159,05.04 19:00,532.587
159,05.04 20:00,532.463
159,05.04 21:00,599.295
159,05.04 22:00,661.628
159,05.04 23:00,659.868
159,06.04 00:00,592.878
159,06.04 01:00,411.683
159,06.04 02:00,475.26
159,06.04 03:00,299.382
159,06.04 04:00,352.776
159,06.04 05:00,295.417
159,06.04 06:00,294.609
159,06.04 07:00,234.646
159,06.04 08:00,236.254
159,06.04 09:00,224.725
159,06.04 10:00,353.986
159,06.04 11:00,353.7
159,06.04 12:00,478.889
159,06.04 13:00,598.779
159,06.04 14:00,539.054
159,06.04 15:00,482.199
159,06.04 16:00,601.292
159,06.04 17:00,597.021
159,06.04 18:00,540.75
159,06.04 19:00,599.094
159,06.04 20:00,662.322
159,06.04 21:00,659.757
159,06.04 22:00,479.71
159,06.04 23:00,657.219
159,07.04 00:00,477.604
159,07.04 01:00,416.642
159,07.04 02:00,477.152
159,07.04 03:00,295.904
159,07.04 04:00,294.451
159,07.04 05:00,295.329
159,07.04 06:00,235.232
159,07.04 07:00,175.611
159,07.04 08:00,295.519
159,07.04 09:00,295.302
159,07.04 10:00,356.352
159,07.04 11:00,295.543
159,07.04 12:00,475.781
159,07.04 13:00,540.796
159,07.04 14:00,600.644
159,07.04 15:00,597.842
159,07.04 16:00,600.581
159,07.04 17:00,661.701
159,07.04 18:00,657.111
159,07.04 19:00,661.435
159,07.04 20:00,599.576
159,07.04 21:00,479.65
159,07.04 22:00,601.327
159,07.04 23:00,540.377
159,08.04 00:00,597.247
159,08.04 01:00,416.181
159,08.04 02:00,475.925
159,08.04 03:00,355.223
159,08.04 04:00,296.272
159,08.04 05:00,235.087
159,08.04 06:00,295.946
159,08.04 07:00,294.139
159,08.04 08:00,296.575
159,08.04 09:00,234.313
159,08.04 10:00,293.843
159,08.04 11:00,414.675
159,08.04 12:00,478.199
159,08.04 13:00,602.072
159,08.04 14:00,600.177
159,08.04 15:00,601.386
159,08.04 16:00,600.735
159,08.04 17:00,659.397
159,08.04 18:00,662.972
159,08.04 19:00,537.678
159,08.04 20:00,477.463
159,08.04 21:00,481.873
159,08.04 22:00,598.28
159,08.04 23:00,542.217
159,09.04 00:00,358.158
159,09.04 01:00,417.125
159,09.04 02:00,355.835
159,09.04 03:00,417.992
159,09.04 04:00,357.71
159,09.04 05:00,295.695
159,09.04 06:00,176.524
159,09.04 07:00,298.082
159,09.04 08:00,235.508
159,09.04 09:00,297.058
159,09.04 10:00,297.9
159,09.04 11:00,355.202
159,09.04 12:00,358.465
159,09.04 13:00,360.931
159,09.04 14:00,301.172
159,09.04 15:00,479.119
159,09.04 16:00,480.427
159,09.04 17:00,480.118
159,09.04 18:00,418.307
159,09.04 19:00,477.498
159,09.04 20:00,303.877
159,09.04 21:00,374.291
159,09.04 22:00,301.136
159,09.04 23:00,361.493
159,10.04 00:00,355.611
159,10.04 01:00,296.99
159,10.04 02:00,297.451
159,10.04 03:00,236.138
159,10.04 04:00,297.442
159,10.04 05:00,177.482
159,10.04 06:00,175.961
159,10.04 07:00,176.221
159,10.04 08:00,176.359
159,10.04 09:00,176.867
159,10.04 10:00,178.857
159,10.04 11:00,237.091
159,10.04 12:00,360.737
159,10.04 13:00,358.125
159,10.04 14:00,478.17
159,10.04 15:00,478.427
159,10.04 16:00,355.282
159,10.04 17:00,419.803
159,10.04 18:00,425.853
159,10.04 19:00,420.375
159,10.04 20:00,480.544
159,10.04 21:00,478.093
159,10.04 22:00,477.988
159,10.04 23:00,538.445
159,11.04 00:00,359.828
159,11.04 01:00,417.998
159,11.04 02:00,358.165
159,11.04 03:00,295.886
159,11.04 04:00,235.591
159,11.04 05:00,237.285
159,11.04 06:00,237.3
159,11.04 07:00,235.798
159,11.04 08:00,297.522
159,11.04 09:00,235.681
159,11.04 10:00,236.477
159,11.04 11:00,357.781
159,11.04 12:00,481.371
159,11.04 13:00,540.931
159,11.04 14:00,541.58
159,11.04 15:00,542.012
159,11.04 16:00,658.974
159,11.04 17:00,721.632
159,11.04 18:00,658.149
159,11.04 19:00,477.487
159,11.04 20:00,656.927
159,11.04 21:00,658.923
159,11.04 22:00,601.396
159,11.04 23:00,600.647
159,12.04 00:00,598.299
159,12.04 01:00,476.247
159,12.04 02:00,476.902
159,12.04 03:00,357.17
159,12.04 04:00,356.169
159,12.04 05:00,357.296
159,12.04 06:00,295.685
159,12.04 07:00,296.043
159,12.04 08:00,237.399
159,12.04 09:00,236.815
159,12.04 10:00,296.639
159,12.04 11:00,476.024
159,12.04 12:00,418.215
159,12.04 13:00,601.972
159,12.04 14:00,662.439
159,12.04 15:00,541.894
159,12.04 16:00,602.307
159,12.04 17:00,662.536
159,12.04 18:00,718.338
159,12.04 19:00,481.636
159,12.04 20:00,660.495
159,12.04 21:00,602.623
159,12.04 22:00,597.665
159,12.04 23:00,597.268
159,13.04 00:00,598.889
159,13.04 01:00,477.636
159,13.04 02:00,417.371
159,13.04 03:00,357.596
159,13.04 04:00,298.03
159,13.04 05:00,236.772
159,13.04 06:00,295.308
159,13.04 07:00,297.671
159,13.04 08:00,295.156
159,13.04 09:00,296.1
159,13.04 10:00,358.283
159,13.04 11:00,358.586
159,13.04 12:00,542.25
159,13.04 13:00,538.928
159,13.04 14:00,539.591
159,13.04 15:00,537.437
159,13.04 16:00,599.645
159,13.04 17:00,541.806
159,13.04 18:00,662.848
159,13.04 19:00,598.774
159,13.04 20:00,602.761
159,13.04 21:00,658.942
159,13.04 22:00,660.024
159,13.04 23:00,601.901
159,14.04 00:00,596.908
159,14.04 01:00,537.831
159,14.04 02:00,536.042
159,14.04 03:00,355.486
159,14.04 04:00,297.484
159,14.04 05:00,296.465
159,14.04 06:00,237.554
159,14.04 07:00,297.639
159,14.04 08:00,236.36
159,14.04 09:00,237.605
159,14.04 10:00,297.971
159,14.04 11:00,360.645
159,14.04 12:00,479.517
159,14.04 13:00,538.917
159,14.04 14:00,598.806
159,14.04 15:00,599.183
159,14.04 16:00,599.519
159,14.04 17:00,602.253
159,14.04 18:00,658.208
159,14.04 19:00,477.536
159,14.04 20:00,600.933
159,14.04 21:00,660.051
159,14.04 22:00,480.591
159,14.04 23:00,538.088
159,15.04 00:00,598.5
159,15.04 01:00,475.946
159,15.04 02:00,417.942
159,15.04 03:00,355.588
159,15.04 04:00,357.736
159,15.04 05:00,296.456
159,15.04 06:00,296.121
159,15.04 07:00,295.772
159,15.04 08:00,237.061
159,15.04 09:00,298.09
159,15.04 10:00,297.544
159,15.04 11:00,358.513
159,15.04 12:00,597.167
159,15.04 13:00,479.321
159,15.04 14:00,478.49
159,15.04 15:00,657.691
159,15.04 16:00,598.535
159,15.04 17:00,599.022
159,15.04 18:00,602.685
159,15.04 19:00,478.484
159,15.04 20:00,542.085
159,15.04 21:00,480.86
159,15.04 22:00,540.483
159,15.04 23:00,541.7
159,16.04 00:00,475.687
159,16.04 01:00,357.162
159,16.04 02:00,418.692
159,16.04 03:00,357.832
159,16.04 04:00,297.878
159,16.04 05:00,296.925
159,16.04 06:00,298.099
159,16.04 07:00,236.176
159,16.04 08:00,297.189
159,16.04 09:00,236.686
159,16.04 10:00,237.458
159,16.04 11:00,0.0
159,16.04 12:00,0.0
159,16.04 13:00,0.0
159,16.04 14:00,0.0
159,16.04 15:00,0.0
159,16.04 16:00,0.0
159,16.04 17:00,537.805
159,16.04 18:00,481.138
159,16.04 19:00,418.647
159,16.04 20:00,359.5
159,16.04 21:00,359.981
159,16.04 22:00,420.628
159,16.04 23:00,421.539
159,17.04 00:00,421.513
159,17.04 01:00,357.327
159,17.04 02:00,295.763
159,17.04 03:00,297.564
159,17.04 04:00,298.133
159,17.04 05:00,237.447
159,17.04 06:00,236.263
159,17.04 07:00,236.976
159,17.04 08:00,237.763
159,17.04 09:00,236.95
159,17.04 10:00,237.741
159,17.04 11:00,359.189
159,17.04 12:00,359.829
159,17.04 13:00,359.194
159,17.04 14:00,421.136
159,17.04 15:00,479.215
159,17.04 16:00,537.405
159,17.04 17:00,479.827
159,17.04 18:00,477.586
159,17.04 19:00,478.387
159,17.04 20:00,420.184
159,17.04 21:00,421.06
159,17.04 22:00,541.3
159,17.04 23:00,541.317
159,18.04 00:00,476.646
159,18.04 01:00,478.342
159,18.04 02:00,417.701
159,18.04 03:00,357.199
159,18.04 04:00,295.464
159,18.04 05:00,296.11
159,18.04 06:00,297.413
159,18.04 07:00,235.81
159,18.04 08:00,297.574
159,18.04 09:00,237.767
159,18.04 10:00,295.802
159,18.04 11:00,358.597
159,18.04 12:00,482.031
159,18.04 13:00,599.534
159,18.04 14:00,598.525
159,18.04 15:00,599.585
159,18.04 16:00,661.509
159,18.04 17:00,662.483
159,18.04 18:00,576.26
159,18.04 19:00,596.939
159,18.04 20:00,597.241
159,18.04 21:00,599.3
159,18.04 22:00,608.035
159,18.04 23:00,597.829
159,19.04 00:00,599.91
159,19.04 01:00,475.406
159,19.04 02:00,418.661
159,19.04 03:00,356.144
159,19.04 04:00,297.209
159,19.04 05:00,296.217
159,19.04 06:00,297.1
159,19.04 07:00,297.806
159,19.04 08:00,297.878
159,19.04 09:00,295.858
159,19.04 10:00,356.438
159,19.04 11:00,420.636
159,19.04 12:00,477.449
159,19.04 13:00,542.183
159,19.04 14:00,657.062
159,19.04 15:00,600.235
159,19.04 16:00,602.681
159,19.04 17:00,657.43
159,19.04 18:00,660.059
159,19.04 19:00,537.65
159,19.04 20:00,656.973
159,19.04 21:00,599.411
159,19.04 22:00,658.644
159,19.04 23:00,541.382
159,20.04 00:00,595.532
159,20.04 01:00,538.273
159,20.04 02:00,415.541
159,20.04 03:00,415.531
159,20.04 04:00,356.905
159,20.04 05:00,297.707
159,20.04 06:00,296.11
159,20.04 07:00,236.067
159,20.04 08:00,236.751
159,20.04 09:00,295.631
159,20.04 10:00,297.048
159,20.04 11:00,359.643
159,20.04 12:00,478.949
159,20.04 13:00,541.207
159,20.04 14:00,540.524
159,20.04 15:00,597.68
159,20.04 16:00,597.007
159,20.04 17:00,658.838
159,20.04 18:00,661.456
159,20.04 19:00,602.351
159,20.04 20:00,597.41
159,20.04 21:00,717.373
159,20.04 22:00,600.477
159,20.04 23:00,537.887
159,21.04 00:00,599.845
159,21.04 01:00,474.425
159,21.04 02:00,356.323
159,21.04 03:00,358.092
159,21.04 04:00,297.271
159,21.04 05:00,297.368
159,21.04 06:00,298.055
159,21.04 07:00,235.767
159,21.04 08:00,296.417
159,21.04 09:00,237.452
159,21.04 10:00,296.308
159,21.04 11:00,415.147
159,21.04 12:00,419.11
159,21.04 13:00,600.912
159,21.04 14:00,600.932
159,21.04 15:00,601.084
159,21.04 16:00,0.0
159,21.04 17:00,659.938
159,21.04 18:00,657.465
159,21.04 19:00,597.287
159,21.04 20:00,600.481
159,21.04 21:00,539.991
159,21.04 22:00,598.039
159,21.04 23:00,657.881
159,22.04 00:00,657.237
159,22.04 01:00,536.196
159,22.04 02:00,418.476
159,22.04 03:00,414.717
159,22.04 04:00,358.258
159,22.04 05:00,296.814
159,22.04 06:00,295.245
159,22.04 07:00,236.885
159,22.04 08:00,237.165
159,22.04 09:00,236.949
159,22.04 10:00,355.131
159,22.04 11:00,481.854
159,22.04 12:00,419.517
159,22.04 13:00,537.115
159,22.04 14:00,600.073
159,22.04 15:00,599.72
159,22.04 16:00,721.332
159,22.04 17:00,598.799
159,22.04 18:00,599.546
159,22.04 19:00,602.372
159,22.04 20:00,597.401
159,22.04 21:00,479.659
159,22.04 22:00,478.67
159,22.04 23:00,419.907
159,23.04 00:00,537.772
159,23.04 01:00,418.178
159,23.04 02:00,355.684
159,23.04 03:00,357.784
159,23.04 04:00,355.733
159,23.04 05:00,356.302
159,23.04 06:00,295.65
159,23.04 07:00,296.848
159,23.04 08:00,296.052
159,23.04 09:00,235.965
159,23.04 10:00,295.779
159,23.04 11:00,298.731
159,23.04 12:00,360.682
159,23.04 13:00,481.104
159,23.04 14:00,418.575
159,23.04 15:00,481.736
159,23.04 16:00,538.779
159,23.04 17:00,481.825
159,23.04 18:00,478.372
159,23.04 19:00,477.754
159,23.04 20:00,421.192
159,23.04 21:00,418.836
159,23.04 22:00,420.334
159,23.04 23:00,419.21
159,24.04 00:00,361.172
159,24.04 01:00,297.2
159,24.04 02:00,356.94
159,24.04 03:00,297.592
159,24.04 04:00,356.989
159,24.04 05:00,297.374
159,24.04 06:00,237.549
159,24.04 07:00,176.578
159,24.04 08:00,236.382
159,24.04 09:00,176.511
159,24.04 10:00,176.075
159,24.04 11:00,299.928
159,24.04 12:00,359.141
159,24.04 13:00,478.754
159,24.04 14:00,419.096
159,24.04 15:00,479.45
159,24.04 16:00,479.9
159,24.04 17:00,481.373
159,24.04 18:00,480.755
159,24.04 19:00,421.751
159,24.04 20:00,418.494
159,24.04 21:00,420.475
159,24.04 22:00,481.056
159,24.04 23:00,478.941
159,25.04 00:00,544.956
159,25.04 01:00,477.779
159,25.04 02:00,356.045
159,25.04 03:00,358.041
159,25.04 04:00,297.682
159,25.04 05:00,297.713
159,25.04 06:00,295.764
159,25.04 07:00,235.99
159,25.04 08:00,297.882
159,25.04 09:00,355.173
159,25.04 10:00,357.367
159,25.04 11:00,418.198
159,25.04 12:00,481.911
159,25.04 13:00,602.123
159,25.04 14:00,546.614
159,25.04 15:00,539.335
159,25.04 16:00,537.118
159,25.04 17:00,657.108
159,25.04 18:00,600.939
159,25.04 19:00,656.522
159,25.04 20:00,599.426
159,25.04 21:00,596.96
159,25.04 22:00,599.085
159,25.04 23:00,598.276
159,26.04 00:00,539.318
159,26.04 01:00,537.308
159,26.04 02:00,414.823
159,26.04 03:00,355.759
159,26.04 04:00,296.628
159,26.04 05:00,0.0
159,26.04 06:00,236.34
159,26.04 07:00,296.53
159,26.04 08:00,295.714
159,26.04 09:00,295.701
159,26.04 10:00,295.752
159,26.04 11:00,419.171
159,26.04 12:00,480.5
159,26.04 13:00,538.295
159,26.04 14:00,538.46
159,26.04 15:00,539.472
159,26.04 16:00,539.668
159,26.04 17:00,598.383
159,26.04 18:00,660.34
159,26.04 19:00,600.826
159,26.04 20:00,539.707
159,26.04 21:00,597.073
159,26.04 22:00,601.966
159,26.04 23:00,541.82
159,27.04 00:00,536.583
159,27.04 01:00,535.859
159,27.04 02:00,357.464
159,27.04 03:00,418.669
159,27.04 04:00,355.703
159,27.04 05:00,295.416
159,27.04 06:00,297.292
159,27.04 07:00,293.227
159,27.04 08:00,297.781
159,27.04 09:00,236.051
159,27.04 10:00,356.525
159,27.04 11:00,418.67
159,27.04 12:00,478.528
159,27.04 13:00,600.089
159,27.04 14:00,538.675
159,27.04 15:00,599.572
159,27.04 16:00,600.746
159,27.04 17:00,658.617
159,27.04 18:00,658.488
159,27.04 19:00,667.291
159,27.04 20:00,601.504
159,27.04 21:00,598.351
159,27.04 22:00,660.951
159,27.04 23:00,601.916
159,28.04 00:00,594.831
159,28.04 01:00,597.429
159,28.04 02:00,478.265
159,28.04 03:00,358.154
159,28.04 04:00,298.056
159,28.04 05:00,357.857
159,28.04 06:00,237.359
159,28.04 07:00,295.454
159,28.04 08:00,235.763
159,28.04 09:00,237.585
159,28.04 10:00,357.549
159,28.04 11:00,355.072
159,28.04 12:00,480.058
159,28.04 13:00,540.875
159,28.04 14:00,660.035
159,28.04 15:00,480.204
159,28.04 16:00,662.763
159,28.04 17:00,721.993
159,28.04 18:00,720.568
159,28.04 19:00,659.244
159,28.04 20:00,658.356
159,28.04 21:00,600.974
159,28.04 22:00,660.182
159,28.04 23:00,533.771
159,29.04 00:00,599.493
159,29.04 01:00,538.791
159,29.04 02:00,357.095
159,29.04 03:00,356.725
159,29.04 04:00,357.947
159,29.04 05:00,297.37
159,29.04 06:00,296.717
159,29.04 07:00,296.032
159,29.04 08:00,295.696
159,29.04 09:00,237.207
159,29.04 10:00,297.566
159,29.04 11:00,415.006
159,29.04 12:00,540.87
159,29.04 13:00,480.772
159,29.04 14:00,600.697
159,29.04 15:00,480.41
159,29.04 16:00,602.289
159,29.04 17:00,597.035
159,29.04 18:00,597.166
159,29.04 19:00,538.313
159,29.04 20:00,481.151
159,29.04 21:00,539.981
159,29.04 22:00,418.817
159,29.04 23:00,479.723
159,30.04 00:00,474.64
159,30.04 01:00,416.336
159,30.04 02:00,416.385
159,30.04 03:00,296.301
159,30.04 04:00,297.704
159,30.04 05:00,297.72
159,30.04 06:00,296.958
159,30.04 07:00,297.898
159,30.04 08:00,297.331
159,30.04 09:00,237.748
159,30.04 10:00,295.968
159,30.04 11:00,355.011
159,30.04 12:00,358.128
159,30.04 13:00,420.685
159,30.04 14:00,538.615
159,30.04 15:00,480.291
159,30.04 16:00,421.296
159,30.04 17:00,541.915
159,30.04 18:00,359.344
159,30.04 19:00,482.114
159,30.04 20:00,358.007
159,30.04 21:00,418.997
159,30.04 22:00,302.415
159,30.04 23:00,355.284
159,01.05 00:00,418.77
159,01.05 01:00,355.953
159,01.05 02:00,237.047
159,01.05 03:00,295.545
159,01.05 04:00,296.608
159,01.05 05:00,297.489
159,01.05 06:00,235.923
159,01.05 07:00,176.049
159,01.05 08:00,237.39
159,01.05 09:00,297.322
159,01.05 10:00,236.745
159,01.05 11:00,236.197
159,01.05 12:00,359.215
159,01.05 13:00,361.597
159,01.05 14:00,478.813
159,01.05 15:00,478.677
159,01.05 16:00,482.063
159,01.05 17:00,420.468
159,01.05 18:00,481.71
159,01.05 19:00,481.351
159,01.05 20:00,479.555
159,01.05 21:00,419.897
159,01.05 22:00,537.364
159,01.05 23:00,420.824
159,02.05 00:00,475.604
159,02.05 01:00,537.435
159,02.05 02:00,356.784
159,02.05 03:00,361.523
159,02.05 04:00,357.335
159,02.05 05:00,235.879
159,02.05 06:00,237.039
159,02.05 07:00,235.879
159,02.05 08:00,295.512
159,02.05 09:00,297.724
159,02.05 10:00,298.139
159,02.05 11:00,415.701
159,02.05 12:00,477.713
159,02.05 13:00,541.962
159,02.05 14:00,538.101
159,02.05 15:00,602.625
159,02.05 16:00,662.222
159,02.05 17:00,659.809
159,02.05 18:00,600.765
159,02.05 19:00,597.18
159,02.05 20:00,541.003
159,02.05 21:00,722.988
159,02.05 22:00,597.009
159,02.05 23:00,599.557
159,03.05 00:00,599.592
159,03.05 01:00,537.341
159,03.05 02:00,416.222
159,03.05 03:00,357.597
159,03.05 04:00,357.037
159,03.05 05:00,295.602
159,03.05 06:00,288.461
159,03.05 07:00,237.732
159,03.05 08:00,297.003
159,03.05 09:00,236.84
159,03.05 10:00,297.933
159,03.05 11:00,418.294
159,03.05 12:00,538.105
159,03.05 13:00,540.963
159,03.05 14:00,657.771
159,03.05 15:00,540.596
159,03.05 16:00,721.488
159,03.05 17:00,658.526
159,03.05 18:00,716.283
159,03.05 19:00,660.073
159,03.05 20:00,659.357
159,03.05 21:00,599.217
159,03.05 22:00,477.478
159,03.05 23:00,602.296
159,04.05 00:00,598.423
159,04.05 01:00,476.765
159,04.05 02:00,478.513
159,04.05 03:00,416.306
159,04.05 04:00,295.743
159,04.05 05:00,297.548
159,04.05 06:00,235.797
159,04.05 07:00,356.413
159,04.05 08:00,236.252
159,04.05 09:00,236.673
159,04.05 10:00,416.399
159,04.05 11:00,418.079
159,04.05 12:00,540.648
159,04.05 13:00,540.918
159,04.05 14:00,602.013
159,04.05 15:00,599.806
159,04.05 16:00,601.835
159,04.05 17:00,541.004
159,04.05 18:00,601.745
159,04.05 19:00,661.819
159,04.05 20:00,657.326
159,04.05 21:00,597.395
159,04.05 22:00,602.615
159,04.05 23:00,479.43
159,05.05 00:00,598.677
159,05.05 01:00,478.027
159,05.05 02:00,479.02
159,05.05 03:00,350.458
159,05.05 04:00,298.044
159,05.05 05:00,297.824
159,05.05 06:00,236.445
159,05.05 07:00,296.834
159,05.05 08:00,235.821
159,05.05 09:00,237.221
159,05.05 10:00,297.338
159,05.05 11:00,420.821
159,05.05 12:00,538.85
159,05.05 13:00,540.914
159,05.05 14:00,598.729
159,05.05 15:00,661.204
159,05.05 16:00,601.097
159,05.05 17:00,599.874
159,05.05 18:00,599.936
159,05.05 19:00,602.753
159,05.05 20:00,599.649
159,05.05 21:00,598.573
159,05.05 22:00,541.378
159,05.05 23:00,658.39
159,06.05 00:00,656.874
159,06.05 01:00,478.429
159,06.05 02:00,356.43
159,06.05 03:00,295.927
159,06.05 04:00,297.895
159,06.05 05:00,296.941
159,06.05 06:00,295.221
159,06.05 07:00,304.185
159,06.05 08:00,295.334
159,06.05 09:00,236.562
159,06.05 10:00,238.313
159,06.05 11:00,296.013
159,06.05 12:00,537.818
159,06.05 13:00,537.119
159,06.05 14:00,538.519
159,06.05 15:00,542.439
159,06.05 16:00,537.32
159,06.05 17:00,601.592
159,06.05 18:00,539.46
159,06.05 19:00,537.381
159,06.05 20:00,482.146
159,06.05 21:00,478.08
159,06.05 22:00,480.951
159,06.05 23:00,478.064
159,07.05 00:00,419.557
159,07.05 01:00,356.743
159,07.05 02:00,416.921
159,07.05 03:00,417.797
159,07.05 04:00,367.455
159,07.05 05:00,296.503
159,07.05 06:00,236.296
159,07.05 07:00,295.302
159,07.05 08:00,297.115
159,07.05 09:00,177.582
159,07.05 10:00,297.09
159,07.05 11:00,358.529
159,07.05 12:00,481.898
159,07.05 13:00,539.701
159,07.05 14:00,479.979
159,07.05 15:00,359.594
159,07.05 16:00,479.861
159,07.05 17:00,421.621
159,07.05 18:00,481.211
159,07.05 19:00,481.006
159,07.05 20:00,418.09
159,07.05 21:00,361.461
159,07.05 22:00,298.936
159,07.05 23:00,420.883
159,08.05 00:00,358.55
159,08.05 01:00,358.614
159,08.05 02:00,237.28
159,08.05 03:00,356.973
159,08.05 04:00,357.45
159,08.05 05:00,232.272
159,08.05 06:00,235.892
159,08.05 07:00,235.97
159,08.05 08:00,175.992
159,08.05 09:00,237.723
159,08.05 10:00,176.682
159,08.05 11:00,299.965
159,08.05 12:00,360.909
159,08.05 13:00,481.553
159,08.05 14:00,419.209
159,08.05 15:00,418.889
159,08.05 16:00,540.36
159,08.05 17:00,482.121
159,08.05 18:00,482.197
159,08.05 19:00,539.481
159,08.05 20:00,359.904
159,08.05 21:00,478.752
159,08.05 22:00,419.357
159,08.05 23:00,535.871
159,09.05 00:00,541.182
159,09.05 01:00,415.362
159,09.05 02:00,356.406
159,09.05 03:00,357.348
159,09.05 04:00,357.53
159,09.05 05:00,295.589
159,09.05 06:00,237.08
159,09.05 07:00,297.082
159,09.05 08:00,295.26
159,09.05 09:00,177.595
159,09.05 10:00,297.325
159,09.05 11:00,419.131
159,09.05 12:00,418.005
159,09.05 13:00,537.468
159,09.05 14:00,601.464
159,09.05 15:00,541.875
159,09.05 16:00,538.644
159,09.05 17:00,545.578
159,09.05 18:00,542.205
159,09.05 19:00,482.194
159,09.05 20:00,540.708
159,09.05 21:00,599.961
159,09.05 22:00,601.78
159,09.05 23:00,599.118
159,10.05 00:00,538.484
159,10.05 01:00,475.63
159,10.05 02:00,358.568
159,10.05 03:00,361.961
159,10.05 04:00,358.468
159,10.05 05:00,296.833
159,10.05 06:00,237.18
159,10.05 07:00,298.009
159,10.05 08:00,295.754
159,10.05 09:00,298.23
159,10.05 10:00,296.696
159,10.05 11:00,420.869
159,10.05 12:00,481.139
159,10.05 13:00,599.511
159,10.05 14:00,480.785
159,10.05 15:00,598.878
159,10.05 16:00,597.303
159,10.05 17:00,586.867
159,10.05 18:00,419.634
159,10.05 19:00,599.345
159,10.05 20:00,602.808
159,10.05 21:00,597.35
159,10.05 22:00,601.746
159,10.05 23:00,594.292
159,11.05 00:00,477.83
159,11.05 01:00,479.564
159,11.05 02:00,356.044
159,11.05 03:00,356.587
159,11.05 04:00,358.35
159,11.05 05:00,297.599
159,11.05 06:00,297.001
159,11.05 07:00,357.165
159,11.05 08:00,297.205
159,11.05 09:00,297.633
159,11.05 10:00,415.723
159,11.05 11:00,416.054
159,11.05 12:00,480.662
159,11.05 13:00,538.767
159,11.05 14:00,478.868
159,11.05 15:00,541.253
159,11.05 16:00,600.241
159,11.05 17:00,656.629
159,11.05 18:00,596.826
159,11.05 19:00,600.333
159,11.05 20:00,479.829
159,11.05 21:00,477.967
159,11.05 22:00,537.691
159,11.05 23:00,481.13
159,12.05 00:00,599.532
159,12.05 01:00,418.805
159,12.05 02:00,358.047
159,12.05 03:00,355.546
159,12.05 04:00,356.62
159,12.05 05:00,297.014
159,12.05 06:00,236.859
159,12.05 07:00,297.05
159,12.05 08:00,237.551
159,12.05 09:00,236.773
159,12.05 10:00,296.273
159,12.05 11:00,418.492
159,12.05 12:00,416.222
159,12.05 13:00,537.284
159,12.05 14:00,541.565
159,12.05 15:00,539.256
159,12.05 16:00,539.243
159,12.05 17:00,600.604
159,12.05 18:00,539.933
159,12.05 19:00,601.728
159,12.05 20:00,480.758
159,12.05 21:00,540.924
159,12.05 22:00,540.501
159,12.05 23:00,537.969
159,13.05 00:00,538.483
159,13.05 01:00,416.337
159,13.05 02:00,355.228
159,13.05 03:00,296.26
159,13.05 04:00,357.405
159,13.05 05:00,236.882
159,13.05 06:00,236.143
159,13.05 07:00,297.632
159,13.05 08:00,295.8
159,13.05 09:00,295.188
159,13.05 10:00,297.176
159,13.05 11:00,364.684
159,13.05 12:00,481.641
159,13.05 13:00,542.058
159,13.05 14:00,542.006
159,13.05 15:00,419.564
159,13.05 16:00,598.479
159,13.05 17:00,537.114
159,13.05 18:00,541.226
159,13.05 19:00,537.907
159,13.05 20:00,418.084
159,13.05 21:00,361.234
159,13.05 22:00,361.429
159,13.05 23:00,361.489
159,14.05 00:00,360.249
159,14.05 01:00,297.668
159,14.05 02:00,297.857
159,14.05 03:00,296.855
159,14.05 04:00,295.622
159,14.05 05:00,235.933
159,14.05 06:00,235.979
159,14.05 07:00,296.194
159,14.05 08:00,236.336
159,14.05 09:00,296.948
159,14.05 10:00,236.495
159,14.05 11:00,300.485
159,14.05 12:00,240.276
159,14.05 13:00,361.487
159,14.05 14:00,421.071
159,14.05 15:00,419.895
159,14.05 16:00,298.797
159,14.05 17:00,300.607
159,14.05 18:00,300.134
159,14.05 19:00,298.566
159,14.05 20:00,295.641
159,14.05 21:00,299.447
159,14.05 22:00,298.849
159,14.05 23:00,300.958
159,15.05 00:00,299.308
159,15.05 01:00,356.079
159,15.05 02:00,355.912
159,15.05 03:00,357.075
159,15.05 04:00,357.115
159,15.05 05:00,296.804
159,15.05 06:00,235.904
159,15.05 07:00,237.374
159,15.05 08:00,176.678
159,15.05 09:00,176.892
159,15.05 10:00,235.544
159,15.05 11:00,358.312
159,15.05 12:00,300.595
159,15.05 13:00,240.505
159,15.05 14:00,299.917
159,15.05 15:00,300.615
159,15.05 16:00,360.436
159,15.05 17:00,359.258
159,15.05 18:00,358.238
159,15.05 19:00,359.536
159,15.05 20:00,300.085
159,15.05 21:00,358.524
159,15.05 22:00,299.094
159,15.05 23:00,240.836
159,16.05 00:00,298.731
159,16.05 01:00,297.459
159,16.05 02:00,296.0
159,16.05 03:00,297.784
159,16.05 04:00,234.277
159,16.05 05:00,236.323
159,16.05 06:00,296.365
159,16.05 07:00,236.909
159,16.05 08:00,176.678
159,16.05 09:00,176.436
159,16.05 10:00,237.046
159,16.05 11:00,358.751
159,16.05 12:00,299.766
159,16.05 13:00,361.05
159,16.05 14:00,358.75
159,16.05 15:00,361.519
159,16.05 16:00,359.595
159,16.05 17:00,360.909
159,16.05 18:00,300.628
159,16.05 19:00,360.595
159,16.05 20:00,359.05
159,16.05 21:00,360.368
159,16.05 22:00,358.512
159,16.05 23:00,300.233
159,17.05 00:00,299.038
159,17.05 01:00,236.013
159,17.05 02:00,354.941
159,17.05 03:00,298.054
159,17.05 04:00,355.662
159,17.05 05:00,236.553
159,17.05 06:00,236.739
159,17.05 07:00,237.011
159,17.05 08:00,176.354
159,17.05 09:00,236.474
159,17.05 10:00,296.982
159,17.05 11:00,297.854
159,17.05 12:00,360.043
159,17.05 13:00,419.196
159,17.05 14:00,419.468
159,17.05 15:00,299.36
159,17.05 16:00,418.392
159,17.05 17:00,361.54
159,17.05 18:00,358.738
159,17.05 19:00,360.285
159,17.05 20:00,300.596
159,17.05 21:00,358.466
159,17.05 22:00,299.524
159,17.05 23:00,358.376
159,18.05 00:00,358.399
159,18.05 01:00,295.568
159,18.05 02:00,356.666
159,18.05 03:00,295.704
159,18.05 04:00,296.317
159,18.05 05:00,297.951
159,18.05 06:00,237.588
159,18.05 07:00,237.611
159,18.05 08:00,236.049
159,18.05 09:00,297.821
159,18.05 10:00,236.926
159,18.05 11:00,296.736
159,18.05 12:00,355.385
159,18.05 13:00,360.256
159,18.05 14:00,359.867
159,18.05 15:00,481.201
159,18.05 16:00,361.231
159,18.05 17:00,360.644
159,18.05 18:00,479.519
159,18.05 19:00,421.105
159,18.05 20:00,358.885
159,18.05 21:00,361.256
159,18.05 22:00,360.225
159,18.05 23:00,300.208
159,19.05 00:00,295.775
159,19.05 01:00,357.198
159,19.05 02:00,357.072
159,19.05 03:00,296.553
159,19.05 04:00,295.244
159,19.05 05:00,296.302
159,19.05 06:00,235.534
159,19.05 07:00,236.724
159,19.05 08:00,296.382
159,19.05 09:00,237.501
159,19.05 10:00,297.505
159,19.05 11:00,341.528
159,19.05 12:00,359.067
159,19.05 13:00,477.523
159,19.05 14:00,359.451
159,19.05 15:00,360.569
159,19.05 16:00,481.954
159,19.05 17:00,359.397
159,19.05 18:00,426.439
159,19.05 19:00,361.05
159,19.05 20:00,358.521
159,19.05 21:00,358.379
159,19.05 22:00,359.926
159,19.05 23:00,359.424
159,20.05 00:00,360.491
159,20.05 01:00,356.499
159,20.05 02:00,297.156
159,20.05 03:00,357.018
159,20.05 04:00,355.266
159,20.05 05:00,236.756
159,20.05 06:00,298.021
159,20.05 07:00,236.095
159,20.05 08:00,237.166
159,20.05 09:00,295.254
159,20.05 10:00,296.564
159,20.05 11:00,301.174
159,20.05 12:00,417.843
159,20.05 13:00,300.4
159,20.05 14:00,358.858
159,20.05 15:00,542.15
159,20.05 16:00,360.824
159,20.05 17:00,540.688
159,20.05 18:00,481.205
159,20.05 19:00,360.052
159,20.05 20:00,301.212
159,20.05 21:00,359.486
159,20.05 22:00,360.621
159,20.05 23:00,360.793
159,21.05 00:00,313.429
159,21.05 01:00,357.132
159,21.05 02:00,296.354
159,21.05 03:00,296.359
159,21.05 04:00,295.423
159,21.05 05:00,299.447
159,21.05 06:00,179.379
159,21.05 07:00,240.727
159,21.05 08:00,236.792
159,21.05 09:00,239.212
159,21.05 10:00,292.474
159,21.05 11:00,294.532
159,21.05 12:00,480.89
159,21.05 13:00,421.391
159,21.05 14:00,421.828
159,21.05 15:00,479.704
159,21.05 16:00,480.906
159,21.05 17:00,475.91
159,21.05 18:00,480.685
159,21.05 19:00,484.398
159,21.05 20:00,480.378
159,21.05 21:00,364.189
159,21.05 22:00,416.529
159,21.05 23:00,358.638
159,22.05 00:00,242.559
159,22.05 01:00,357.382
159,22.05 02:00,297.074
159,22.05 03:00,294.947
159,22.05 04:00,297.737
159,22.05 05:00,237.573
159,22.05 06:00,235.721
159,22.05 07:00,295.928
159,22.05 08:00,297.455
159,22.05 09:00,235.651
159,22.05 10:00,299.912
159,22.05 11:00,358.966
159,22.05 12:00,418.991
159,22.05 13:00,419.475
159,22.05 14:00,481.924
159,22.05 15:00,477.96
159,22.05 16:00,478.144
159,22.05 17:00,359.378
159,22.05 18:00,479.395
159,22.05 19:00,360.803
159,22.05 20:00,358.981
159,22.05 21:00,299.237
159,22.05 22:00,240.304
159,22.05 23:00,299.282
159,23.05 00:00,236.282
159,23.05 01:00,358.538
159,23.05 02:00,356.711
159,23.05 03:00,296.717
159,23.05 04:00,308.094
159,23.05 05:00,296.338
159,23.05 06:00,237.509
159,23.05 07:00,236.602
159,23.05 08:00,236.092
159,23.05 09:00,295.218
159,23.05 10:00,176.991
159,23.05 11:00,295.412
159,23.05 12:00,360.438
159,23.05 13:00,359.375
159,23.05 14:00,479.063
159,23.05 15:00,419.791
159,23.05 16:00,359.785
159,23.05 17:00,358.403
159,23.05 18:00,360.874
159,23.05 19:00,359.156
159,23.05 20:00,360.182
159,23.05 21:00,359.214
159,23.05 22:00,358.209
159,23.05 23:00,298.457
159,24.05 00:00,299.607
159,24.05 01:00,296.631
159,24.05 02:00,357.347
159,24.05 03:00,296.058
159,24.05 04:00,295.585
159,24.05 05:00,297.388
159,24.05 06:00,295.387
159,24.05 07:00,295.711
159,24.05 08:00,298.042
159,24.05 09:00,236.627
159,24.05 10:00,176.591
159,24.05 11:00,240.353
159,24.05 12:00,360.532
159,24.05 13:00,360.835
159,24.05 14:00,417.751
159,24.05 15:00,361.113
159,24.05 16:00,362.423
159,24.05 17:00,360.027
159,24.05 18:00,359.502
159,24.05 19:00,358.745
159,24.05 20:00,358.478
159,24.05 21:00,300.04
159,24.05 22:00,359.6
159,24.05 23:00,299.132
159,25.05 00:00,300.028
159,25.05 01:00,355.113
159,25.05 02:00,293.92
159,25.05 03:00,296.351
159,25.05 04:00,357.7
159,25.05 05:00,288.074
159,25.05 06:00,296.326
159,25.05 07:00,297.875
159,25.05 08:00,236.559
159,25.05 09:00,297.242
159,25.05 10:00,298.173
159,25.05 11:00,361.586
159,25.05 12:00,300.604
159,25.05 13:00,418.922
159,25.05 14:00,479.316
159,25.05 15:00,421.853
159,25.05 16:00,420.364
159,25.05 17:00,360.314
159,25.05 18:00,360.163
159,25.05 19:00,418.124
159,25.05 20:00,361.298
159,25.05 21:00,358.565
159,25.05 22:00,299.605
159,25.05 23:00,298.526
159,26.05 00:00,359.465
159,26.05 01:00,355.819
159,26.05 02:00,235.915
159,26.05 03:00,296.33
159,26.05 04:00,236.246
159,26.05 05:00,296.098
159,26.05 06:00,236.865
159,26.05 07:00,225.363
159,26.05 08:00,298.024
159,26.05 09:00,175.951
159,26.05 10:00,296.161
159,26.05 11:00,359.499
159,26.05 12:00,358.188
159,26.05 13:00,358.308
159,26.05 14:00,541.994
159,26.05 15:00,479.587
159,26.05 16:00,479.391
159,26.05 17:00,420.2
159,26.05 18:00,483.508
159,26.05 19:00,477.636
159,26.05 20:00,359.489
159,26.05 21:00,361.236
159,26.05 22:00,358.993
159,26.05 23:00,300.416
159,27.05 00:00,360.565
159,27.05 01:00,355.963
159,27.05 02:00,356.409
159,27.05 03:00,358.348
159,27.05 04:00,354.983
159,27.05 05:00,236.657
159,27.05 06:00,296.396
159,27.05 07:00,297.243
159,27.05 08:00,297.272
159,27.05 09:00,237.624
159,27.05 10:00,176.404
159,27.05 11:00,299.453
159,27.05 12:00,240.65
159,27.05 13:00,361.573
159,27.05 14:00,360.088
159,27.05 15:00,480.995
159,27.05 16:00,480.64
159,27.05 17:00,360.725
159,27.05 18:00,358.729
159,27.05 19:00,361.285
159,27.05 20:00,361.259
159,27.05 21:00,358.406
159,27.05 22:00,299.09
159,27.05 23:00,358.98
159,28.05 00:00,358.156
159,28.05 01:00,295.621
159,28.05 02:00,237.844
159,28.05 03:00,296.429
159,28.05 04:00,296.046
159,28.05 05:00,236.454
159,28.05 06:00,295.692
159,28.05 07:00,297.918
159,28.05 08:00,235.913
159,28.05 09:00,177.077
159,28.05 10:00,297.505
159,28.05 11:00,298.89
159,28.05 12:00,240.178
159,28.05 13:00,300.634
159,28.05 14:00,300.931
159,28.05 15:00,359.884
159,28.05 16:00,298.869
159,28.05 17:00,239.817
159,28.05 18:00,298.344
159,28.05 19:00,301.305
159,28.05 20:00,300.683
159,28.05 21:00,299.85
159,28.05 22:00,300.653
159,28.05 23:00,300.687
159,29.05 00:00,299.886
159,29.05 01:00,296.008
159,29.05 02:00,236.779
159,29.05 03:00,356.319
159,29.05 04:00,235.928
159,29.05 05:00,176.727
159,29.05 06:00,246.2
159,29.05 07:00,236.563
159,29.05 08:00,176.515
159,29.05 09:00,298.051
159,29.05 10:00,237.409
159,29.05 11:00,301.301
159,29.05 12:00,300.52
159,29.05 13:00,240.307
159,29.05 14:00,360.856
159,29.05 15:00,359.792
159,29.05 16:00,300.895
159,29.05 17:00,239.493
159,29.05 18:00,299.005
159,29.05 19:00,299.217
159,29.05 20:00,298.343
159,29.05 21:00,358.451
159,29.05 22:00,240.345
159,29.05 23:00,300.956
159,30.05 00:00,238.144
159,30.05 01:00,357.437
159,30.05 02:00,357.717
159,30.05 03:00,357.268
159,30.05 04:00,295.513
159,30.05 05:00,237.543
159,30.05 06:00,235.505
159,30.05 07:00,176.033
159,30.05 08:00,235.83
159,30.05 09:00,237.544
159,30.05 10:00,176.586
159,30.05 11:00,361.446
159,30.05 12:00,358.661
159,30.05 13:00,298.372
159,30.05 14:00,360.656
159,30.05 15:00,360.123
159,30.05 16:00,360.675
159,30.05 17:00,299.957
159,30.05 18:00,358.57
159,30.05 19:00,361.242
159,30.05 20:00,360.652
159,30.05 21:00,298.571
159,30.05 22:00,360.327
159,30.05 23:00,360.057
159,31.05 00:00,301.087
159,31.05 01:00,355.913
159,31.05 02:00,356.782
159,31.05 03:00,356.669
159,31.05 04:00,357.074
159,31.05 05:00,235.583
159,31.05 06:00,237.158
159,31.05 07:00,237.336
159,31.05 08:00,176.84
159,31.05 09:00,236.367
159,31.05 10:00,237.584
159,31.05 11:00,361.271
159,31.05 12:00,290.016
159,31.05 13:00,360.449
159,31.05 14:00,538.134
159,31.05 15:00,419.675
159,31.05 16:00,477.586
159,31.05 17:00,360.345
159,31.05 18:00,480.048
159,31.05 19:00,419.801
159,31.05 20:00,358.461
159,31.05 21:00,421.7
159,31.05 22:00,301.223
159,31.05 23:00,359.065
159,01.06 00:00,301.201
159,01.06 01:00,237.581
159,01.06 02:00,295.405
159,01.06 03:00,295.345
159,01.06 04:00,295.401
159,01.06 05:00,237.129
159,01.06 06:00,177.139
159,01.06 07:00,296.213
159,01.06 08:00,236.179
159,01.06 09:00,175.883
159,01.06 10:00,177.444
159,01.06 11:00,359.56
159,01.06 12:00,359.735
159,01.06 13:00,360.379
159,01.06 14:00,420.304
159,01.06 15:00,361.121
159,01.06 16:00,421.802
159,01.06 17:00,359.752
159,01.06 18:00,481.855
159,01.06 19:00,361.597
159,01.06 20:00,359.062
159,01.06 21:00,348.085
159,01.06 22:00,298.554
159,01.06 23:00,361.343
159,02.06 00:00,300.726
159,02.06 01:00,356.73
159,02.06 02:00,297.355
159,02.06 03:00,297.86
159,02.06 04:00,236.757
159,02.06 05:00,296.633
159,02.06 06:00,297.924
159,02.06 07:00,295.503
159,02.06 08:00,298.031
159,02.06 09:00,295.403
159,02.06 10:00,292.718
159,02.06 11:00,359.953
159,02.06 12:00,421.376
159,02.06 13:00,419.328
159,02.06 14:00,418.502
159,02.06 15:00,419.312
159,02.06 16:00,419.722
159,02.06 17:00,360.958
159,02.06 18:00,477.525
159,02.06 19:00,358.976
159,02.06 20:00,299.283
159,02.06 21:00,361.35
159,02.06 22:00,355.471
159,02.06 23:00,295.294
159,03.06 00:00,357.076
159,03.06 01:00,297.402
159,03.06 02:00,355.949
159,03.06 03:00,296.024
159,03.06 04:00,298.323
159,03.06 05:00,236.241
159,03.06 06:00,297.677
159,03.06 07:00,236.386
159,03.06 08:00,237.848
159,03.06 09:00,295.24
159,03.06 10:00,237.108
159,03.06 11:00,299.219
159,03.06 12:00,360.878
159,03.06 13:00,360.84
159,03.06 14:00,420.017
159,03.06 15:00,478.52
159,03.06 16:00,478.366
159,03.06 17:00,480.22
159,03.06 18:00,478.682
159,03.06 19:00,418.319
159,03.06 20:00,360.501
159,03.06 21:00,359.152
159,03.06 22:00,358.831
159,03.06 23:00,358.367
159,04.06 00:00,359.239
159,04.06 01:00,357.411
159,04.06 02:00,355.467
159,04.06 03:00,355.31
159,04.06 04:00,357.212
159,04.06 05:00,236.361
159,04.06 06:00,236.217
159,04.06 07:00,235.568
159,04.06 08:00,236.247
159,04.06 09:00,297.007
159,04.06 10:00,298.256
159,04.06 11:00,361.138
159,04.06 12:00,421.802
159,04.06 13:00,420.221
159,04.06 14:00,477.77
159,04.06 15:00,480.061
159,04.06 16:00,481.673
159,04.06 17:00,421.578
159,04.06 18:00,481.633
159,04.06 19:00,478.459
159,04.06 20:00,420.198
159,04.06 21:00,418.773
159,04.06 22:00,359.422
159,04.06 23:00,360.866
159,05.06 00:00,295.222
159,05.06 01:00,356.332
159,05.06 02:00,356.128
159,05.06 03:00,236.3
159,05.06 04:00,235.799
159,05.06 05:00,296.068
159,05.06 06:00,177.498
159,05.06 07:00,176.248
159,05.06 08:00,237.403
159,05.06 09:00,298.067
159,05.06 10:00,297.495
159,05.06 11:00,300.477
159,05.06 12:00,359.474
159,05.06 13:00,359.953
159,05.06 14:00,478.285
159,05.06 15:00,477.459
159,05.06 16:00,421.193
159,05.06 17:00,358.514
159,05.06 18:00,362.277
159,05.06 19:00,359.387
159,05.06 20:00,360.665
159,05.06 21:00,477.519
159,05.06 22:00,468.982
159,05.06 23:00,296.649
159,06.06 00:00,358.852
159,06.06 01:00,358.302
159,06.06 02:00,297.805
159,06.06 03:00,355.455
159,06.06 04:00,237.464
159,06.06 05:00,295.979
159,06.06 06:00,235.836
159,06.06 07:00,295.531
159,06.06 08:00,232.56
159,06.06 09:00,295.832
159,06.06 10:00,296.213
159,06.06 11:00,360.281
159,06.06 12:00,359.957
159,06.06 13:00,358.748
159,06.06 14:00,421.533
159,06.06 15:00,358.051
159,06.06 16:00,477.418
159,06.06 17:00,421.19
159,06.06 18:00,360.964
159,06.06 19:00,420.588
159,06.06 20:00,417.904
159,06.06 21:00,358.053
159,06.06 22:00,300.699
159,06.06 23:00,360.89
159,07.06 00:00,354.199
159,07.06 01:00,356.404
159,07.06 02:00,297.366
159,07.06 03:00,296.259
159,07.06 04:00,355.19
159,07.06 05:00,237.382
159,07.06 06:00,295.803
159,07.06 07:00,236.205
159,07.06 08:00,176.903
159,07.06 09:00,296.045
159,07.06 10:00,234.044
159,07.06 11:00,361.299
159,07.06 12:00,359.224
159,07.06 13:00,360.191
159,07.06 14:00,479.244
159,07.06 15:00,298.355
159,07.06 16:00,418.346
159,07.06 17:00,359.483
159,07.06 18:00,419.856
159,07.06 19:00,424.827
159,07.06 20:00,361.556
159,07.06 21:00,300.195
159,07.06 22:00,300.267
159,07.06 23:00,300.307
159,08.06 00:00,359.662
159,08.06 01:00,296.855
159,08.06 02:00,295.894
159,08.06 03:00,296.123
159,08.06 04:00,292.537
159,08.06 05:00,297.093
159,08.06 06:00,235.85
159,08.06 07:00,176.78
159,08.06 08:00,236.297
159,08.06 09:00,298.063
159,08.06 10:00,235.705
159,08.06 11:00,360.519
159,08.06 12:00,300.104
159,08.06 13:00,478.735
159,08.06 14:00,420.473
159,08.06 15:00,418.923
159,08.06 16:00,421.441
159,08.06 17:00,358.212
159,08.06 18:00,361.224
159,08.06 19:00,421.751
159,08.06 20:00,358.996
159,08.06 21:00,358.51
159,08.06 22:00,360.425
159,08.06 23:00,360.699
159,09.06 00:00,299.015
159,09.06 01:00,296.291
159,09.06 02:00,296.583
159,09.06 03:00,305.927
159,09.06 04:00,296.779
159,09.06 05:00,236.471
159,09.06 06:00,175.913
159,09.06 07:00,177.388
159,09.06 08:00,295.477
159,09.06 09:00,176.832
159,09.06 10:00,236.414
159,09.06 11:00,361.092
159,09.06 12:00,359.497
159,09.06 13:00,418.632
159,09.06 14:00,477.896
159,09.06 15:00,481.727
159,09.06 16:00,361.396
159,09.06 17:00,360.471
159,09.06 18:00,359.646
159,09.06 19:00,358.351
159,09.06 20:00,359.144
159,09.06 21:00,239.767
159,09.06 22:00,361.411
159,09.06 23:00,240.936
159,10.06 00:00,299.318
159,10.06 01:00,357.756
159,10.06 02:00,355.313
159,10.06 03:00,357.49
159,10.06 04:00,357.697
159,10.06 05:00,236.326
159,10.06 06:00,237.119
159,10.06 07:00,237.105
159,10.06 08:00,237.243
159,10.06 09:00,236.824
159,10.06 10:00,298.002
159,10.06 11:00,240.52
159,10.06 12:00,299.074
159,10.06 13:00,418.819
159,10.06 14:00,417.945
159,10.06 15:00,359.92
159,10.06 16:00,419.857
159,10.06 17:00,479.137
159,10.06 18:00,479.325
159,10.06 19:00,360.866
159,10.06 20:00,359.135
159,10.06 21:00,359.13
159,10.06 22:00,300.905
159,10.06 23:00,360.009
159,11.06 00:00,358.015
159,11.06 01:00,356.752
159,11.06 02:00,357.81
159,11.06 03:00,355.812
159,11.06 04:00,296.175
159,11.06 05:00,231.504
159,11.06 06:00,297.052
159,11.06 07:00,297.001
159,11.06 08:00,179.381
159,11.06 09:00,236.657
159,11.06 10:00,236.723
159,11.06 11:00,360.967
159,11.06 12:00,298.619
159,11.06 13:00,359.092
159,11.06 14:00,481.53
159,11.06 15:00,481.905
159,11.06 16:00,359.839
159,11.06 17:00,478.739
159,11.06 18:00,419.085
159,11.06 19:00,419.211
159,11.06 20:00,359.387
159,11.06 21:00,421.138
159,11.06 22:00,298.534
159,11.06 23:00,358.199
159,12.06 00:00,358.178
159,12.06 01:00,356.402
159,12.06 02:00,357.11
159,12.06 03:00,297.578
159,12.06 04:00,356.821
159,12.06 05:00,175.818
159,12.06 06:00,296.274
159,12.06 07:00,295.309
159,12.06 08:00,235.602
159,12.06 09:00,297.744
159,12.06 10:00,237.668
159,12.06 11:00,361.038
159,12.06 12:00,359.164
159,12.06 13:00,418.356
159,12.06 14:00,420.802
159,12.06 15:00,356.543
159,12.06 16:00,299.371
159,12.06 17:00,238.756
159,12.06 18:00,418.63
159,12.06 19:00,419.056
159,12.06 20:00,357.271
159,12.06 21:00,300.506
159,12.06 22:00,238.87
159,12.06 23:00,298.687
159,13.06 00:00,240.252
159,13.06 01:00,296.084
159,13.06 02:00,235.856
159,13.06 03:00,240.653
159,13.06 04:00,297.103
159,13.06 05:00,237.495
159,13.06 06:00,236.962
159,13.06 07:00,296.111
159,13.06 08:00,235.755
159,13.06 09:00,177.15
159,13.06 10:00,177.303
159,13.06 11:00,298.783
159,13.06 12:00,356.599
159,13.06 13:00,358.208
159,13.06 14:00,477.496
159,13.06 15:00,361.143
159,13.06 16:00,419.095
159,13.06 17:00,357.264
159,13.06 18:00,361.092
159,13.06 19:00,358.44
159,13.06 20:00,359.371
159,13.06 21:00,359.49
159,13.06 22:00,300.555
159,13.06 23:00,299.871
159,14.06 00:00,299.089
159,14.06 01:00,295.44
159,14.06 02:00,356.931
159,14.06 03:00,357.023
159,14.06 04:00,236.049
159,14.06 05:00,236.039
159,14.06 06:00,176.993
159,14.06 07:00,236.224
159,14.06 08:00,236.309
159,14.06 09:00,235.74
159,14.06 10:00,235.842
159,14.06 11:00,360.418
159,14.06 12:00,300.142
159,14.06 13:00,418.384
159,14.06 14:00,419.789
159,14.06 15:00,358.769
159,14.06 16:00,478.157
159,14.06 17:00,482.12
159,14.06 18:00,479.651
159,14.06 19:00,417.976
159,14.06 20:00,350.388
159,14.06 21:00,299.861
159,14.06 22:00,361.005
159,14.06 23:00,358.897
159,15.06 00:00,360.336
159,15.06 01:00,297.515
159,15.06 02:00,296.504
159,15.06 03:00,295.488
159,15.06 04:00,297.209
159,15.06 05:00,235.757
159,15.06 06:00,241.516
159,15.06 07:00,237.297
159,15.06 08:00,235.913
159,15.06 09:00,176.12
159,15.06 10:00,237.218
159,15.06 11:00,358.217
159,15.06 12:00,360.47
159,15.06 13:00,359.457
159,15.06 14:00,549.871
159,15.06 15:00,421.718
159,15.06 16:00,420.691
159,15.06 17:00,481.149
159,15.06 18:00,358.345
159,15.06 19:00,360.808
159,15.06 20:00,298.407
159,15.06 21:00,358.231
159,15.06 22:00,299.508
159,15.06 23:00,360.927
159,16.06 00:00,300.414
159,16.06 01:00,356.728
159,16.06 02:00,236.878
159,16.06 03:00,236.476
159,16.06 04:00,357.278
159,16.06 05:00,176.814
159,16.06 06:00,295.803
159,16.06 07:00,236.949
159,16.06 08:00,176.183
159,16.06 09:00,237.213
159,16.06 10:00,236.293
159,16.06 11:00,299.84
159,16.06 12:00,358.928
159,16.06 13:00,300.709
159,16.06 14:00,418.947
159,16.06 15:00,359.843
159,16.06 16:00,542.046
159,16.06 17:00,419.337
159,16.06 18:00,360.695
159,16.06 19:00,477.959
159,16.06 20:00,300.258
159,16.06 21:00,298.879
159,16.06 22:00,359.91
159,16.06 23:00,358.919
159,17.06 00:00,236.054
159,17.06 01:00,349.517
159,17.06 02:00,355.036
159,17.06 03:00,236.713
159,17.06 04:00,297.065
159,17.06 05:00,296.469
159,17.06 06:00,296.687
159,17.06 07:00,296.921
159,17.06 08:00,240.417
159,17.06 09:00,236.91
159,17.06 10:00,297.005
159,17.06 11:00,361.319
159,17.06 12:00,360.929
159,17.06 13:00,359.399
159,17.06 14:00,359.862
159,17.06 15:00,478.692
159,17.06 16:00,361.457
159,17.06 17:00,421.713
159,17.06 18:00,360.4
159,17.06 19:00,298.819
159,17.06 20:00,359.846
159,17.06 21:00,361.242
159,17.06 22:00,358.979
159,17.06 23:00,360.485
159,18.06 00:00,240.243
159,18.06 01:00,238.794
159,18.06 02:00,235.711
159,18.06 03:00,298.461
159,18.06 04:00,296.014
159,18.06 05:00,237.436
159,18.06 06:00,176.4
159,18.06 07:00,176.809
159,18.06 08:00,116.149
159,18.06 09:00,236.054
159,18.06 10:00,235.849
159,18.06 11:00,360.105
159,18.06 12:00,360.707
159,18.06 13:00,424.59
159,18.06 14:00,299.348
159,18.06 15:00,301.282
159,18.06 16:00,300.38
159,18.06 17:00,239.8
159,18.06 18:00,361.414
159,18.06 19:00,299.328
159,18.06 20:00,300.222
159,18.06 21:00,298.659
159,18.06 22:00,299.928
159,18.06 23:00,360.27
159,19.06 00:00,239.013
159,19.06 01:00,296.689
159,19.06 02:00,356.505
159,19.06 03:00,236.51
159,19.06 04:00,296.848
159,19.06 05:00,175.863
159,19.06 06:00,236.897
159,19.06 07:00,176.684
159,19.06 08:00,176.766
159,19.06 09:00,236.688
159,19.06 10:00,176.462
159,19.06 11:00,238.844
159,19.06 12:00,359.089
159,19.06 13:00,301.07
159,19.06 14:00,360.887
159,19.06 15:00,361.573
159,19.06 16:00,299.215
159,19.06 17:00,358.898
159,19.06 18:00,362.57
159,19.06 19:00,299.354
159,19.06 20:00,242.757
159,19.06 21:00,300.365
159,19.06 22:00,360.28
159,19.06 23:00,298.746
159,20.06 00:00,354.539
159,20.06 01:00,355.631
159,20.06 02:00,356.896
159,20.06 03:00,297.381
159,20.06 04:00,236.799
159,20.06 05:00,235.965
159,20.06 06:00,297.439
159,20.06 07:00,176.83
159,20.06 08:00,236.908
159,20.06 09:00,295.139
159,20.06 10:00,297.891
159,20.06 11:00,359.069
159,20.06 12:00,358.071
159,20.06 13:00,359.83
159,20.06 14:00,426.496
159,20.06 15:00,360.952
159,20.06 16:00,361.165
159,20.06 17:00,482.102
159,20.06 18:00,418.697
159,20.06 19:00,303.661
159,20.06 20:00,359.783
159,20.06 21:00,298.643
159,20.06 22:00,359.931
159,20.06 23:00,358.193
159,21.06 00:00,298.645
159,21.06 01:00,295.734
159,21.06 02:00,236.111
159,21.06 03:00,295.686
159,21.06 04:00,355.935
159,21.06 05:00,236.827
159,21.06 06:00,177.365
159,21.06 07:00,246.232
159,21.06 08:00,235.673
159,21.06 09:00,236.891
159,21.06 10:00,294.593
159,21.06 11:00,298.638
159,21.06 12:00,358.052
159,21.06 13:00,359.406
159,21.06 14:00,358.28
159,21.06 15:00,419.239
159,21.06 16:00,360.773
159,21.06 17:00,360.246
159,21.06 18:00,358.075
159,21.06 19:00,358.191
159,21.06 20:00,298.332
159,21.06 21:00,300.122
159,21.06 22:00,360.102
159,21.06 23:00,298.902
159,22.06 00:00,345.092
159,22.06 01:00,355.305
159,22.06 02:00,297.058
159,22.06 03:00,236.601
159,22.06 04:00,292.896
159,22.06 05:00,236.518
159,22.06 06:00,176.998
159,22.06 07:00,237.034
159,22.06 08:00,297.09
159,22.06 09:00,236.438
159,22.06 10:00,297.778
159,22.06 11:00,298.996
159,22.06 12:00,359.912
159,22.06 13:00,358.914
159,22.06 14:00,358.611
159,22.06 15:00,480.884
159,22.06 16:00,478.272
159,22.06 17:00,358.297
159,22.06 18:00,359.982
159,22.06 19:00,300.552
159,22.06 20:00,361.416
159,22.06 21:00,358.345
159,22.06 22:00,360.137
159,22.06 23:00,361.364
159,23.06 00:00,360.75
159,23.06 01:00,296.887
159,23.06 02:00,358.313
159,23.06 03:00,236.204
159,23.06 04:00,357.092
159,23.06 05:00,298.083
159,23.06 06:00,176.583
159,23.06 07:00,236.626
159,23.06 08:00,237.542
159,23.06 09:00,301.38
159,23.06 10:00,237.575
159,23.06 11:00,298.167
159,23.06 12:00,357.294
159,23.06 13:00,418.152
159,23.06 14:00,420.557
159,23.06 15:00,359.161
159,23.06 16:00,358.109
159,23.06 17:00,358.365
159,23.06 18:00,420.774
159,23.06 19:00,240.625
159,23.06 20:00,360.984
159,23.06 21:00,358.122
159,23.06 22:00,298.024
159,23.06 23:00,297.47
159,24.06 00:00,297.396
159,24.06 01:00,357.672
159,24.06 02:00,297.712
159,24.06 03:00,357.7
159,24.06 04:00,237.191
159,24.06 05:00,237.684
159,24.06 06:00,176.856
159,24.06 07:00,176.873
159,24.06 08:00,236.836
159,24.06 09:00,237.627
159,24.06 10:00,295.721
159,24.06 11:00,238.634
159,24.06 12:00,300.704
159,24.06 13:00,361.319
159,24.06 14:00,408.8
159,24.06 15:00,360.176
159,24.06 16:00,358.866
159,24.06 17:00,299.902
159,24.06 18:00,420.307
159,24.06 19:00,358.885
159,24.06 20:00,360.94
159,24.06 21:00,298.903
159,24.06 22:00,240.167
159,24.06 23:00,301.155
159,25.06 00:00,238.617
159,25.06 01:00,296.347
159,25.06 02:00,236.942
159,25.06 03:00,296.598
159,25.06 04:00,235.819
159,25.06 05:00,235.678
159,25.06 06:00,295.469
159,25.06 07:00,295.934
159,25.06 08:00,296.886
159,25.06 09:00,237.524
159,25.06 10:00,237.66
159,25.06 11:00,355.817
159,25.06 12:00,298.591
159,25.06 13:00,354.975
159,25.06 14:00,479.529
159,25.06 15:00,358.14
159,25.06 16:00,360.071
159,25.06 17:00,421.452
159,25.06 18:00,359.639
159,25.06 19:00,418.904
159,25.06 20:00,358.239
159,25.06 21:00,358.469
159,25.06 22:00,361.264
159,25.06 23:00,299.509
159,26.06 00:00,300.313
159,26.06 01:00,356.824
159,26.06 02:00,296.385
159,26.06 03:00,357.68
159,26.06 04:00,297.192
159,26.06 05:00,236.212
159,26.06 06:00,176.922
159,26.06 07:00,297.16
159,26.06 08:00,176.453
159,26.06 09:00,176.408
159,26.06 10:00,295.273
159,26.06 11:00,299.469
159,26.06 12:00,300.723
159,26.06 13:00,418.142
159,26.06 14:00,478.626
159,26.06 15:00,478.537
159,26.06 16:00,419.142
159,26.06 17:00,420.19
159,26.06 18:00,300.928
159,26.06 19:00,359.63
159,26.06 20:00,360.405
159,26.06 21:00,359.137
159,26.06 22:00,359.147
159,26.06 23:00,361.452
159,27.06 00:00,360.25
159,27.06 01:00,374.456
159,27.06 02:00,355.969
159,27.06 03:00,297.55
159,27.06 04:00,297.168
159,27.06 05:00,175.736
159,27.06 06:00,237.032
159,27.06 07:00,296.489
159,27.06 08:00,236.651
159,27.06 09:00,236.173
159,27.06 10:00,235.665
159,27.06 11:00,0.0
159,27.06 12:00,359.908
159,27.06 13:00,421.528
159,27.06 14:00,420.071
159,27.06 15:00,504.484
159,27.06 16:00,417.954
159,27.06 17:00,358.814
159,27.06 18:00,361.581
159,27.06 19:00,359.619
159,27.06 20:00,361.143
159,27.06 21:00,298.497
159,27.06 22:00,299.203
159,27.06 23:00,298.923
159,28.06 00:00,361.359
159,28.06 01:00,358.092
159,28.06 02:00,355.636
159,28.06 03:00,355.607
159,28.06 04:00,296.447
159,28.06 05:00,297.805
159,28.06 06:00,175.959
159,28.06 07:00,237.004
159,28.06 08:00,297.127
159,28.06 09:00,237.37
159,28.06 10:00,297.994
159,28.06 11:00,361.255
159,28.06 12:00,358.138
159,28.06 13:00,421.498
159,28.06 14:00,419.911
159,28.06 15:00,419.485
159,28.06 16:00,361.115
159,28.06 17:00,358.042
159,28.06 18:00,419.758
159,28.06 19:00,358.608
159,28.06 20:00,359.534
159,28.06 21:00,361.502
159,28.06 22:00,358.693
159,28.06 23:00,359.836
159,29.06 00:00,297.16
159,29.06 01:00,297.616
159,29.06 02:00,362.027
159,29.06 03:00,357.84
159,29.06 04:00,294.486
159,29.06 05:00,237.223
159,29.06 06:00,301.349
159,29.06 07:00,296.259
159,29.06 08:00,295.495
159,29.06 09:00,296.562
159,29.06 10:00,235.58
159,29.06 11:00,360.272
159,29.06 12:00,360.106
159,29.06 13:00,360.304
159,29.06 14:00,419.366
159,29.06 15:00,421.37
159,29.06 16:00,419.117
159,29.06 17:00,487.403
159,29.06 18:00,479.572
159,29.06 19:00,361.045
159,29.06 20:00,298.987
159,29.06 21:00,301.07
159,29.06 22:00,300.248
159,29.06 23:00,299.767
159,30.06 00:00,360.639
159,30.06 01:00,297.857
159,30.06 02:00,297.382
159,30.06 03:00,297.358
159,30.06 04:00,296.39
159,30.06 05:00,297.61
159,30.06 06:00,237.361
159,30.06 07:00,297.275
159,30.06 08:00,296.568
159,30.06 09:00,237.187
159,30.06 10:00,295.517
159,30.06 11:00,299.099
159,30.06 12:00,364.328
159,30.06 13:00,538.992
159,30.06 14:00,419.672
159,30.06 15:00,420.439
159,30.06 16:00,360.831
159,30.06 17:00,421.691
159,30.06 18:00,360.25
159,30.06 19:00,421.315
159,30.06 20:00,419.133
159,30.06 21:00,298.619
159,30.06 22:00,300.91
159,30.06 23:00,359.377
159,01.07 00:00,238.932
159,01.07 01:00,296.382
159,01.07 02:00,296.701
159,01.07 03:00,295.944
159,01.07 04:00,295.125
159,01.07 05:00,177.343
159,01.07 06:00,176.543
159,01.07 07:00,236.156
159,01.07 08:00,297.404
159,01.07 09:00,236.043
159,01.07 10:00,176.376
159,01.07 11:00,300.437
159,01.07 12:00,300.74
159,01.07 13:00,361.221
159,01.07 14:00,481.625
159,01.07 15:00,420.991
159,01.07 16:00,358.396
159,01.07 17:00,420.493
159,01.07 18:00,361.374
159,01.07 19:00,359.246
159,01.07 20:00,298.929
159,01.07 21:00,358.749
159,01.07 22:00,300.777
159,01.07 23:00,301.029
159,02.07 00:00,300.219
159,02.07 01:00,356.303
159,02.07 02:00,355.486
159,02.07 03:00,295.269
159,02.07 04:00,297.095
159,02.07 05:00,177.167
159,02.07 06:00,177.432
159,02.07 07:00,236.911
159,02.07 08:00,175.879
159,02.07 09:00,175.883
159,02.07 10:00,295.97
159,02.07 11:00,298.457
159,02.07 12:00,361.415
159,02.07 13:00,360.373
159,02.07 14:00,240.102
159,02.07 15:00,299.389
159,02.07 16:00,238.655
159,02.07 17:00,361.421
159,02.07 18:00,300.245
159,02.07 19:00,358.556
159,02.07 20:00,239.536
159,02.07 21:00,298.375
159,02.07 22:00,238.749
159,02.07 23:00,300.802
159,03.07 00:00,360.703
159,03.07 01:00,358.547
159,03.07 02:00,297.832
159,03.07 03:00,295.497
159,03.07 04:00,297.364
159,03.07 05:00,236.565
159,03.07 06:00,295.726
159,03.07 07:00,236.605
159,03.07 08:00,177.433
159,03.07 09:00,236.488
159,03.07 10:00,177.062
159,03.07 11:00,296.375
159,03.07 12:00,297.887
159,03.07 13:00,361.247
159,03.07 14:00,359.152
159,03.07 15:00,300.19
159,03.07 16:00,358.63
159,03.07 17:00,301.044
159,03.07 18:00,299.74
159,03.07 19:00,301.24
159,03.07 20:00,300.391
159,03.07 21:00,299.187
159,03.07 22:00,359.857
159,03.07 23:00,300.804
159,04.07 00:00,237.512
159,04.07 01:00,237.421
159,04.07 02:00,297.246
159,04.07 03:00,295.497
159,04.07 04:00,297.923
159,04.07 05:00,239.265
159,04.07 06:00,176.162
159,04.07 07:00,237.035
159,04.07 08:00,177.242
159,04.07 09:00,236.121
159,04.07 10:00,295.518
159,04.07 11:00,301.109
159,04.07 12:00,299.36
159,04.07 13:00,299.974
159,04.07 14:00,119.988
159,04.07 15:00,298.956
159,04.07 16:00,360.685
159,04.07 17:00,240.746
159,04.07 18:00,359.276
159,04.07 19:00,359.765
159,04.07 20:00,359.375
159,04.07 21:00,240.832
159,04.07 22:00,360.786
159,04.07 23:00,298.935
159,05.07 00:00,295.474
159,05.07 01:00,357.077
159,05.07 02:00,298.185
159,05.07 03:00,296.833
159,05.07 04:00,358.567
159,05.07 05:00,237.553
159,05.07 06:00,236.014
159,05.07 07:00,296.563
159,05.07 08:00,296.052
159,05.07 09:00,237.841
159,05.07 10:00,295.707
159,05.07 11:00,298.454
159,05.07 12:00,358.832
159,05.07 13:00,361.295
159,05.07 14:00,367.236
159,05.07 15:00,420.596
159,05.07 16:00,359.885
159,05.07 17:00,361.495
159,05.07 18:00,358.428
159,05.07 19:00,358.4
159,05.07 20:00,359.302
159,05.07 21:00,361.477
159,05.07 22:00,299.278
159,05.07 23:00,358.552
159,06.07 00:00,358.923
159,06.07 01:00,297.93
159,06.07 02:00,295.629
159,06.07 03:00,296.099
159,06.07 04:00,297.924
159,06.07 05:00,237.505
159,06.07 06:00,296.835
159,06.07 07:00,237.085
159,06.07 08:00,296.942
159,06.07 09:00,296.469
159,06.07 10:00,296.498
159,06.07 11:00,300.995
159,06.07 12:00,300.723
159,06.07 13:00,420.341
159,06.07 14:00,364.164
159,06.07 15:00,478.481
159,06.07 16:00,479.09
159,06.07 17:00,421.886
159,06.07 18:00,418.958
159,06.07 19:00,355.292
159,06.07 20:00,373.653
159,06.07 21:00,358.624
159,06.07 22:00,365.976
159,06.07 23:00,360.895
159,07.07 00:00,359.639
159,07.07 01:00,350.072
159,07.07 02:00,356.868
159,07.07 03:00,356.217
159,07.07 04:00,298.03
159,07.07 05:00,237.104
159,07.07 06:00,237.946
159,07.07 07:00,296.223
159,07.07 08:00,237.552
159,07.07 09:00,236.352
159,07.07 10:00,237.894
159,07.07 11:00,361.193
159,07.07 12:00,358.281
159,07.07 13:00,479.179
159,07.07 14:00,541.303
159,07.07 15:00,542.371
159,07.07 16:00,481.552
159,07.07 17:00,477.869
159,07.07 18:00,539.313
159,07.07 19:00,482.626
159,07.07 20:00,360.707
159,07.07 21:00,597.013
159,07.07 22:00,420.153
159,07.07 23:00,481.064
159,08.07 00:00,363.414
159,08.07 01:00,357.637
159,08.07 02:00,358.279
159,08.07 03:00,358.128
159,08.07 04:00,296.997
159,08.07 05:00,296.676
159,08.07 06:00,296.811
159,08.07 07:00,236.841
159,08.07 08:00,298.209
159,08.07 09:00,235.898
159,08.07 10:00,297.533
159,08.07 12:00,420.882
159,08.07 13:00,421.781
159,08.07 14:00,419.094
159,08.07 15:00,598.827
159,08.07 16:00,538.76
159,08.07 17:00,537.961
159,08.07 18:00,540.058
159,08.07 19:00,477.741
159,08.07 20:00,361.177
159,08.07 21:00,361.482
159,08.07 22:00,298.452
159,08.07 23:00,299.831
159,09.07 00:00,300.224
159,09.07 01:00,298.011
159,09.07 02:00,237.497
159,09.07 03:00,297.106
159,09.07 04:00,237.259
159,09.07 05:00,295.971
159,09.07 06:00,177.108
159,09.07 07:00,238.245
159,09.07 08:00,238.08
159,09.07 09:00,236.11
159,09.07 10:00,295.832
159,09.07 11:00,299.215
159,09.07 12:00,301.331
159,09.07 13:00,299.683
159,09.07 14:00,300.221
159,09.07 15:00,299.53
159,09.07 16:00,298.757
159,09.07 17:00,421.582
159,09.07 18:00,358.498
159,09.07 19:00,359.008
159,09.07 20:00,360.47
159,09.07 21:00,299.979
159,09.07 22:00,300.091
159,09.07 23:00,298.431
159,10.07 00:00,420.22
159,10.07 01:00,297.174
159,10.07 02:00,357.226
159,10.07 03:00,297.499
159,10.07 04:00,358.173
159,10.07 05:00,236.452
159,10.07 06:00,236.413
159,10.07 07:00,297.902
159,10.07 08:00,237.046
159,10.07 09:00,236.871
159,10.07 10:00,237.044
159,10.07 11:00,300.855
159,10.07 12:00,299.308
159,10.07 13:00,358.965
159,10.07 14:00,299.656
159,10.07 15:00,301.262
159,10.07 16:00,301.078
159,10.07 17:00,358.301
159,10.07 18:00,361.186
159,10.07 19:00,360.409
159,10.07 20:00,298.771
159,10.07 21:00,303.509
159,10.07 22:00,293.0
159,10.07 23:00,298.618
159,11.07 00:00,298.619
159,11.07 01:00,296.909
159,11.07 02:00,296.839
159,11.07 03:00,298.28
159,11.07 04:00,296.281
159,11.07 05:00,295.631
159,11.07 06:00,237.798
159,11.07 07:00,237.965
159,11.07 08:00,296.215
159,11.07 09:00,236.213
159,11.07 10:00,237.875
159,11.07 11:00,298.993
159,11.07 12:00,480.315
159,11.07 13:00,480.956
159,11.07 14:00,537.446
159,11.07 15:00,600.765
159,11.07 16:00,602.367
159,11.07 17:00,478.944
159,11.07 18:00,539.506
159,11.07 19:00,419.838
159,11.07 20:00,361.406
159,11.07 21:00,542.14
159,11.07 22:00,600.656
159,11.07 23:00,421.374
159,12.07 00:00,359.352
159,12.07 01:00,360.179
159,12.07 02:00,417.857
159,12.07 03:00,296.57
159,12.07 04:00,296.304
159,12.07 05:00,296.978
159,12.07 06:00,296.847
159,12.07 07:00,237.174
159,12.07 08:00,298.096
159,12.07 09:00,297.427
159,12.07 10:00,297.347
159,12.07 11:00,358.034
159,12.07 12:00,360.169
159,12.07 13:00,361.41
159,12.07 14:00,480.52
159,12.07 15:00,600.478
159,12.07 16:00,598.88
159,12.07 17:00,541.456
159,12.07 18:00,539.863
159,12.07 19:00,540.178
159,12.07 20:00,420.117
159,12.07 21:00,360.916
159,12.07 22:00,359.924
159,12.07 23:00,361.064
159,13.07 00:00,298.869
159,13.07 01:00,356.827
159,13.07 02:00,353.523
159,13.07 03:00,355.907
159,13.07 04:00,369.929
159,13.07 05:00,237.234
159,13.07 06:00,237.17
159,13.07 07:00,177.38
159,13.07 08:00,310.532
159,13.07 09:00,236.585
159,13.07 10:00,238.037
159,13.07 11:00,236.978
159,13.07 12:00,237.177
159,13.07 13:00,238.079
159,13.07 14:00,238.086
159,13.07 15:00,235.968
159,13.07 16:00,237.526
159,13.07 17:00,237.431
159,13.07 18:00,237.809
159,13.07 19:00,236.509
159,13.07 20:00,237.701
159,13.07 21:00,237.452
159,13.07 22:00,236.635
159,13.07 23:00,237.655
159,14.07 00:00,235.965
159,14.07 01:00,237.752
159,14.07 02:00,238.144
159,14.07 03:00,237.288
159,14.07 04:00,236.82
159,14.07 05:00,235.88
159,14.07 06:00,235.943
159,14.07 07:00,237.365
159,14.07 08:00,236.936
159,14.07 09:00,237.205
159,14.07 10:00,237.172
159,14.07 11:00,235.852
159,14.07 12:00,235.878
159,14.07 13:00,237.36
159,14.07 14:00,236.2
159,14.07 15:00,236.867
159,14.07 16:00,236.005
159,14.07 17:00,236.245
159,14.07 18:00,244.883
159,14.07 19:00,237.872
159,14.07 20:00,236.365
159,14.07 21:00,236.602
159,14.07 22:00,238.043
159,14.07 23:00,236.383
159,15.07 00:00,236.863
159,15.07 01:00,236.197
159,15.07 02:00,236.033
159,15.07 03:00,237.153
159,15.07 04:00,236.489
159,15.07 05:00,236.384
159,15.07 06:00,236.623
159,15.07 07:00,236.261
159,15.07 08:00,237.985
159,15.07 09:00,235.898
159,15.07 10:00,236.81
159,15.07 11:00,236.341
159,15.07 12:00,236.77
159,15.07 13:00,237.208
159,15.07 14:00,236.091
159,15.07 15:00,237.536
159,15.07 16:00,237.477
159,15.07 17:00,237.858
159,15.07 18:00,238.137
159,15.07 19:00,235.969
159,15.07 20:00,236.341
159,15.07 21:00,237.641
159,15.07 22:00,236.978
159,15.07 23:00,236.721
159,16.07 00:00,236.95
159,16.07 01:00,237.813
159,16.07 02:00,235.982
159,16.07 03:00,235.938
159,16.07 04:00,236.068
159,16.07 05:00,238.113
159,16.07 06:00,236.598
159,16.07 07:00,236.177
159,16.07 08:00,237.629
159,16.07 09:00,238.143
159,16.07 10:00,237.828
159,16.07 11:00,236.501
159,16.07 12:00,237.376
159,16.07 13:00,237.697
159,16.07 14:00,235.948
159,16.07 15:00,237.412
159,16.07 16:00,236.663
159,16.07 17:00,236.333
159,16.07 18:00,237.624
159,16.07 19:00,236.132
159,16.07 20:00,236.434
159,16.07 21:00,236.409
159,16.07 22:00,236.161
159,16.07 23:00,236.072
159,17.07 00:00,237.559
159,17.07 01:00,237.835
159,17.07 02:00,236.128
159,17.07 03:00,237.598
159,17.07 04:00,236.968
159,17.07 05:00,237.805
159,17.07 06:00,236.007
159,17.07 07:00,236.067
159,17.07 08:00,237.038
159,17.07 09:00,237.995
159,17.07 10:00,237.99
159,17.07 11:00,238.016
159,17.07 12:00,236.066
159,17.07 13:00,237.942
159,17.07 14:00,237.429
159,17.07 15:00,237.154
159,17.07 16:00,237.418
159,17.07 17:00,235.835
159,17.07 18:00,236.775
159,17.07 19:00,236.114
159,17.07 20:00,237.594
159,17.07 21:00,237.803
159,17.07 22:00,236.142
159,17.07 23:00,236.677
159,18.07 00:00,236.074
159,18.07 01:00,236.467
159,18.07 02:00,235.868
159,18.07 03:00,236.034
159,18.07 04:00,237.229
159,18.07 05:00,236.509
159,18.07 06:00,236.387
159,18.07 07:00,236.194
159,18.07 08:00,237.234
159,18.07 09:00,236.38
159,18.07 10:00,238.062
159,18.07 11:00,236.97
159,18.07 12:00,237.831
159,18.07 13:00,236.436
159,18.07 14:00,236.604
159,18.07 15:00,237.697
159,18.07 16:00,236.163
159,18.07 17:00,235.812
159,18.07 18:00,237.166
159,18.07 19:00,236.839
159,18.07 20:00,237.407
159,18.07 21:00,237.934
159,18.07 22:00,237.481
159,18.07 23:00,236.237
159,19.07 00:00,236.343
159,19.07 01:00,236.55
159,19.07 02:00,236.219
159,19.07 03:00,237.114
159,19.07 04:00,237.916
159,19.07 05:00,237.528
159,19.07 06:00,235.952
159,19.07 07:00,236.684
159,19.07 08:00,237.195
159,19.07 09:00,236.507
159,19.07 10:00,238.046
159,19.07 11:00,235.845
159,19.07 12:00,236.705
159,19.07 13:00,237.647
159,19.07 14:00,236.726
159,19.07 15:00,237.873
159,19.07 16:00,235.86
159,19.07 17:00,236.555
159,19.07 18:00,237.073
159,19.07 19:00,237.332
159,19.07 20:00,236.331
159,19.07 21:00,236.024
159,19.07 22:00,235.863
159,19.07 23:00,237.354
159,20.07 00:00,238.019
159,20.07 01:00,237.335
159,20.07 02:00,236.261
159,20.07 03:00,236.723
159,20.07 04:00,236.211
159,20.07 05:00,236.032
159,20.07 06:00,238.037
159,20.07 07:00,236.029
159,20.07 08:00,237.841
159,20.07 09:00,237.837
159,20.07 10:00,236.307
159,20.07 11:00,237.806
159,20.07 12:00,235.883
159,20.07 13:00,237.696
159,20.07 14:00,238.119
159,20.07 15:00,237.632
159,20.07 16:00,235.945
159,20.07 17:00,237.446
159,20.07 18:00,237.105
159,20.07 19:00,237.642
159,20.07 20:00,237.909
159,20.07 21:00,237.077
159,20.07 22:00,237.936
159,20.07 23:00,238.064
159,21.07 00:00,237.716
159,21.07 01:00,238.124
159,21.07 02:00,248.723
159,21.07 03:00,236.056
159,21.07 04:00,235.905
159,21.07 05:00,236.551
159,21.07 06:00,236.145
159,21.07 07:00,237.089
159,21.07 08:00,237.533
159,21.07 09:00,237.533
159,21.07 10:00,236.663
159,21.07 11:00,237.92
159,21.07 12:00,236.002
159,21.07 13:00,236.845
159,21.07 14:00,237.749
159,21.07 15:00,236.109
159,21.07 16:00,236.302
159,21.07 17:00,237.508
159,21.07 18:00,237.923
159,21.07 19:00,236.885
159,21.07 20:00,237.015
159,21.07 21:00,237.566
159,21.07 22:00,237.274
159,21.07 23:00,237.117
159,22.07 00:00,237.909
159,22.07 01:00,237.886
159,22.07 02:00,235.919
159,22.07 03:00,237.145
159,22.07 04:00,237.693
159,22.07 05:00,236.307
159,22.07 06:00,236.338
159,22.07 07:00,237.531
159,22.07 08:00,236.371
159,22.07 09:00,237.33
159,22.07 10:00,235.99
159,22.07 11:00,237.639
159,22.07 12:00,235.918
159,22.07 13:00,237.035
159,22.07 14:00,238.367
159,22.07 15:00,235.792
159,22.07 16:00,236.514
159,22.07 17:00,236.392
159,22.07 18:00,236.854
159,22.07 19:00,235.841
159,22.07 20:00,236.672
159,22.07 21:00,236.076
159,22.07 22:00,235.902
159,22.07 23:00,237.337
159,23.07 00:00,237.214
159,23.07 01:00,235.8
159,23.07 02:00,235.848
159,23.07 03:00,237.513
159,23.07 04:00,237.637
159,23.07 05:00,236.018
159,23.07 06:00,237.445
159,23.07 07:00,236.767
159,23.07 08:00,236.891
159,23.07 09:00,237.004
159,23.07 10:00,237.695
159,23.07 11:00,236.97
159,23.07 12:00,237.758
159,23.07 13:00,236.867
159,23.07 14:00,236.089
159,23.07 15:00,236.422
159,23.07 16:00,236.796
159,23.07 17:00,237.342
159,23.07 18:00,236.961
159,23.07 19:00,236.121
159,23.07 20:00,237.017
159,23.07 21:00,236.971
159,23.07 22:00,236.889
159,23.07 23:00,237.007
159,24.07 00:00,237.114
159,24.07 01:00,236.155
159,24.07 02:00,236.567
159,24.07 03:00,236.088
159,24.07 04:00,236.074
159,24.07 05:00,236.539
159,24.07 06:00,236.623
159,24.07 07:00,237.637
159,24.07 08:00,236.836
159,24.07 09:00,237.106
159,24.07 10:00,235.872
159,24.07 11:00,237.898
159,24.07 12:00,237.285
159,24.07 13:00,236.167
159,24.07 14:00,237.477
159,24.07 15:00,237.162
159,24.07 16:00,237.705
159,24.07 17:00,237.842
159,24.07 18:00,236.455
159,24.07 19:00,235.864
159,24.07 20:00,237.392
159,24.07 21:00,236.835
159,24.07 22:00,236.921
159,24.07 23:00,236.778
159,25.07 00:00,237.967
159,25.07 01:00,235.819
159,25.07 02:00,236.719
159,25.07 03:00,235.842
159,25.07 04:00,236.405
159,25.07 05:00,236.649
159,25.07 06:00,237.396
159,25.07 07:00,236.181
159,25.07 08:00,235.871
159,25.07 09:00,237.183
159,25.07 10:00,237.737
159,25.07 11:00,236.85
159,25.07 12:00,237.197
159,25.07 13:00,237.633
159,25.07 14:00,236.536
159,25.07 15:00,236.755
159,25.07 16:00,237.705
159,25.07 17:00,237.265
159,25.07 18:00,235.864
159,25.07 19:00,237.032
159,25.07 20:00,237.368
159,25.07 21:00,236.634
159,25.07 22:00,237.894
159,25.07 23:00,237.399
159,26.07 00:00,237.461
159,26.07 01:00,236.998
159,26.07 02:00,237.406
159,26.07 03:00,236.783
159,26.07 04:00,237.402
159,26.07 05:00,237.965
159,26.07 06:00,237.926
159,26.07 07:00,236.481
159,26.07 08:00,236.126
159,26.07 09:00,236.771
159,26.07 10:00,236.227
159,26.07 11:00,236.204
159,26.07 12:00,236.628
159,26.07 13:00,237.139
159,26.07 14:00,236.495
159,26.07 15:00,237.858
159,26.07 16:00,236.823
159,26.07 17:00,235.96
159,26.07 18:00,237.896
159,26.07 19:00,237.637
159,26.07 20:00,236.665
159,26.07 21:00,235.932
159,26.07 22:00,236.31
159,26.07 23:00,235.843
159,27.07 00:00,237.544
159,27.07 01:00,235.975
159,27.07 02:00,235.875
159,27.07 03:00,237.875
159,27.07 04:00,236.966
159,27.07 05:00,237.865
159,27.07 06:00,237.463
159,27.07 07:00,235.995
159,27.07 08:00,236.961
159,27.07 09:00,236.1
159,27.07 10:00,238.011
159,27.07 11:00,237.27
159,27.07 12:00,236.073
159,27.07 13:00,236.639
159,27.07 14:00,235.867
159,27.07 15:00,237.001
159,27.07 16:00,237.217
159,27.07 17:00,236.164
159,27.07 18:00,236.056
159,27.07 19:00,235.803
159,27.07 20:00,236.938
159,27.07 21:00,237.159
159,27.07 22:00,236.356
159,27.07 23:00,236.197
159,28.07 00:00,236.057
159,28.07 01:00,238.054
159,28.07 02:00,235.978
159,28.07 03:00,236.686
159,28.07 04:00,235.955
159,28.07 05:00,237.62
159,28.07 06:00,237.245
159,28.07 07:00,236.728
159,28.07 08:00,237.278
159,28.07 09:00,236.611
159,28.07 10:00,236.574
159,28.07 11:00,236.115
159,28.07 12:00,236.725
159,28.07 13:00,236.967
159,28.07 14:00,235.798
159,28.07 15:00,237.967
159,28.07 16:00,236.549
159,28.07 17:00,237.123
159,28.07 18:00,237.3
159,28.07 19:00,236.818
159,28.07 20:00,237.17
159,28.07 21:00,237.183
159,28.07 22:00,237.684
159,28.07 23:00,238.01
159,29.07 00:00,235.879
159,29.07 01:00,237.548
159,29.07 02:00,236.792
159,29.07 03:00,237.796
159,29.07 04:00,236.986
159,29.07 05:00,236.733
159,29.07 06:00,236.789
159,29.07 07:00,236.275
159,29.07 08:00,237.4
159,29.07 09:00,236.388
159,29.07 10:00,237.117
159,29.07 11:00,236.611
159,29.07 12:00,237.814
159,29.07 13:00,237.703
159,29.07 14:00,236.703
159,29.07 15:00,236.526
159,29.07 16:00,236.134
159,29.07 17:00,236.655
159,29.07 18:00,237.037
159,29.07 19:00,237.249
159,29.07 20:00,237.476
159,29.07 21:00,237.846
159,29.07 22:00,238.061
159,29.07 23:00,236.642
159,30.07 00:00,237.622
159,30.07 01:00,237.498
159,30.07 02:00,236.599
159,30.07 03:00,237.675
159,30.07 04:00,237.391
159,30.07 05:00,237.703
159,30.07 06:00,236.093
159,30.07 07:00,236.315
159,30.07 08:00,236.307
159,30.07 09:00,237.222
159,30.07 10:00,236.499
159,30.07 11:00,0.0
159,30.07 12:00,0.0
159,30.07 13:00,0.0
159,30.07 14:00,0.0
159,30.07 15:00,0.0
159,30.07 16:00,0.0
159,30.07 17:00,0.0
159,30.07 18:00,0.0
159,30.07 19:00,0.0
159,30.07 20:00,0.0
159,30.07 21:00,0.0
159,30.07 22:00,0.0
159,30.07 23:00,0.0
159,31.07 00:00,0.0
159,31.07 01:00,0.0
159,31.07 02:00,0.0
159,31.07 03:00,0.0
159,31.07 04:00,0.0
159,31.07 05:00,0.0
159,31.07 06:00,0.0
159,31.07 07:00,0.0
159,31.07 08:00,0.0
159,31.07 09:00,0.0
159,31.07 10:00,0.0
159,31.07 11:00,0.0
159,31.07 12:00,0.0
159,31.07 13:00,0.0
159,31.07 14:00,0.0
159,31.07 15:00,0.0
159,31.07 16:00,0.0
159,31.07 17:00,0.0
159,31.07 18:00,0.0
159,31.07 19:00,0.0
159,31.07 20:00,0.0
159,31.07 21:00,0.0
159,31.07 22:00,0.0
159,31.07 23:00,0.0
159,01.08 00:00,0.0
159,01.08 01:00,0.0
159,01.08 02:00,0.0
159,01.08 03:00,0.0
159,01.08 04:00,0.0
159,01.08 05:00,0.0
159,01.08 06:00,0.0
159,01.08 07:00,0.0
159,01.08 08:00,0.0
159,01.08 09:00,0.0
159,01.08 10:00,0.0
159,01.08 11:00,0.0
159,01.08 12:00,0.0
159,01.08 13:00,0.0
159,01.08 14:00,0.0
159,01.08 15:00,0.0
159,01.08 16:00,0.0
159,01.08 17:00,0.0
159,01.08 18:00,0.0
159,01.08 19:00,0.0
159,01.08 20:00,0.0
159,01.08 21:00,0.0
159,01.08 22:00,0.0
159,01.08 23:00,0.0
159,02.08 00:00,0.0
159,02.08 01:00,0.0
159,02.08 02:00,0.0
159,02.08 03:00,0.0
159,02.08 04:00,0.0
159,02.08 05:00,0.0
159,02.08 06:00,0.0
159,02.08 07:00,0.0
159,02.08 08:00,0.0
159,02.08 09:00,0.0
159,02.08 10:00,0.0
159,02.08 11:00,0.0
159,02.08 12:00,0.0
159,02.08 13:00,0.0
159,02.08 14:00,0.0
159,02.08 15:00,0.0
159,02.08 16:00,0.0
159,02.08 17:00,0.0
159,02.08 18:00,0.0
159,02.08 19:00,0.0
159,02.08 20:00,0.0
159,02.08 21:00,0.0
159,02.08 22:00,0.0
159,02.08 23:00,0.0
159,03.08 00:00,0.0
159,03.08 01:00,0.0
159,03.08 02:00,0.0
159,03.08 03:00,0.0
159,03.08 04:00,0.0
159,03.08 05:00,0.0
159,03.08 06:00,0.0
159,03.08 07:00,0.0
159,03.08 08:00,0.0
159,03.08 09:00,0.0
159,03.08 10:00,0.0
159,03.08 11:00,0.0
159,03.08 12:00,0.0
159,03.08 13:00,0.0
159,03.08 14:00,0.0
159,03.08 15:00,0.0
159,03.08 16:00,0.0
159,03.08 17:00,0.0
159,03.08 18:00,0.0
159,03.08 19:00,0.0
159,03.08 20:00,0.0
159,03.08 21:00,0.0
159,03.08 22:00,0.0
159,03.08 23:00,0.0
159,04.08 00:00,0.0
159,04.08 01:00,0.0
159,04.08 02:00,0.0
159,04.08 03:00,0.0
159,04.08 04:00,0.0
159,04.08 05:00,0.0
159,04.08 06:00,0.0
159,04.08 07:00,0.0
159,04.08 08:00,0.0
159,04.08 09:00,0.0
159,04.08 10:00,0.0
159,04.08 11:00,0.0
159,04.08 12:00,0.0
159,04.08 13:00,0.0
159,04.08 14:00,0.0
159,04.08 15:00,0.0
159,04.08 16:00,0.0
159,04.08 17:00,0.0
159,04.08 18:00,0.0
159,04.08 19:00,0.0
159,04.08 20:00,0.0
159,04.08 21:00,0.0
159,04.08 22:00,0.0
159,04.08 23:00,0.0
159,05.08 00:00,0.0
159,05.08 01:00,0.0
159,05.08 02:00,0.0
159,05.08 03:00,0.0
159,05.08 04:00,0.0
159,05.08 05:00,0.0
159,05.08 06:00,0.0
159,05.08 07:00,0.0
159,05.08 08:00,0.0
159,05.08 09:00,0.0
159,05.08 10:00,0.0
159,05.08 11:00,0.0
159,05.08 12:00,0.0
159,05.08 13:00,0.0
159,05.08 14:00,0.0
159,05.08 15:00,0.0
159,05.08 16:00,0.0
159,05.08 17:00,0.0
159,05.08 18:00,0.0
159,05.08 19:00,0.0
159,05.08 20:00,0.0
159,05.08 21:00,0.0
159,05.08 22:00,0.0
159,05.08 23:00,0.0
159,06.08 00:00,0.0
159,06.08 01:00,0.0
159,06.08 02:00,0.0
159,06.08 03:00,0.0
159,06.08 04:00,0.0
159,06.08 05:00,0.0
159,06.08 06:00,0.0
159,06.08 07:00,0.0
159,06.08 08:00,0.0
159,06.08 09:00,0.0
159,06.08 10:00,0.0
159,06.08 11:00,0.0
159,06.08 12:00,0.0
159,06.08 13:00,0.0
159,06.08 14:00,0.0
159,06.08 15:00,0.0
159,06.08 16:00,0.0
159,06.08 17:00,0.0
159,06.08 18:00,0.0
159,06.08 19:00,0.0
159,06.08 20:00,0.0
159,06.08 21:00,0.0
159,06.08 22:00,0.0
159,06.08 23:00,0.0
159,07.08 00:00,0.0
159,07.08 01:00,0.0
159,07.08 02:00,0.0
159,07.08 03:00,0.0
159,07.08 04:00,0.0
159,07.08 05:00,0.0
159,07.08 06:00,0.0
159,07.08 07:00,0.0
159,07.08 08:00,0.0
159,07.08 09:00,0.0
159,07.08 10:00,0.0
159,07.08 11:00,0.0
159,07.08 12:00,0.0
159,07.08 13:00,0.0
159,07.08 14:00,0.0
159,07.08 15:00,0.0
159,07.08 16:00,0.0
159,07.08 17:00,0.0
159,07.08 18:00,0.0
159,07.08 19:00,0.0
159,07.08 20:00,0.0
159,07.08 21:00,0.0
159,07.08 22:00,0.0
159,07.08 23:00,0.0
159,08.08 00:00,0.0
159,08.08 01:00,0.0
159,08.08 02:00,0.0
159,08.08 03:00,0.0
159,08.08 04:00,0.0
159,08.08 05:00,0.0
159,08.08 06:00,0.0
159,08.08 07:00,0.0
159,08.08 08:00,0.0
159,08.08 09:00,0.0
159,08.08 10:00,0.0
159,08.08 11:00,0.0
159,08.08 12:00,0.0
159,08.08 13:00,0.0
159,08.08 14:00,0.0
159,08.08 15:00,0.0
159,08.08 16:00,0.0
159,08.08 17:00,0.0
159,08.08 18:00,0.0
159,08.08 19:00,0.0
159,08.08 20:00,0.0
159,08.08 21:00,0.0
159,08.08 22:00,0.0
159,08.08 23:00,0.0
159,09.08 00:00,0.0
159,09.08 01:00,0.0
159,09.08 02:00,0.0
159,09.08 03:00,0.0
159,09.08 04:00,0.0
159,09.08 05:00,0.0
159,09.08 06:00,0.0
159,09.08 07:00,0.0
159,09.08 08:00,0.0
159,09.08 09:00,0.0
159,09.08 10:00,0.0
159,09.08 11:00,0.0
159,09.08 12:00,0.0
159,09.08 13:00,0.0
159,09.08 14:00,0.0
159,09.08 15:00,0.0
159,09.08 16:00,0.0
159,09.08 17:00,0.0
159,09.08 18:00,0.0
159,09.08 19:00,0.0
159,09.08 20:00,0.0
159,09.08 21:00,0.0
159,09.08 22:00,0.0
159,09.08 23:00,0.0
159,10.08 00:00,0.0
159,10.08 01:00,0.0
159,10.08 02:00,0.0
159,10.08 03:00,0.0
159,10.08 04:00,0.0
159,10.08 05:00,0.0
159,10.08 06:00,0.0
159,10.08 07:00,0.0
159,10.08 08:00,0.0
159,10.08 09:00,0.0
159,10.08 10:00,0.0
159,10.08 11:00,0.0
159,10.08 12:00,0.0
159,10.08 13:00,0.0
159,10.08 14:00,0.0
159,10.08 15:00,0.0
159,10.08 16:00,0.0
159,10.08 17:00,0.0
159,10.08 18:00,0.0
159,10.08 19:00,0.0
159,10.08 20:00,0.0
159,10.08 21:00,0.0
159,10.08 22:00,0.0
159,10.08 23:00,0.0
159,11.08 00:00,0.0
159,11.08 01:00,0.0
159,11.08 02:00,0.0
159,11.08 03:00,0.0
159,11.08 04:00,0.0
159,11.08 05:00,0.0
159,11.08 06:00,0.0
159,11.08 07:00,0.0
159,11.08 08:00,0.0
159,11.08 09:00,0.0
159,11.08 10:00,0.0
159,11.08 11:00,0.0
159,11.08 12:00,0.0
159,11.08 13:00,0.0
159,11.08 14:00,0.0
159,11.08 15:00,0.0
159,11.08 16:00,0.0
159,11.08 17:00,0.0
159,11.08 18:00,0.0
159,11.08 19:00,0.0
159,11.08 20:00,0.0
159,11.08 21:00,0.0
159,11.08 22:00,0.0
159,11.08 23:00,0.0
159,12.08 00:00,0.0
159,12.08 01:00,0.0
159,12.08 02:00,0.0
159,12.08 03:00,0.0
159,12.08 04:00,0.0
159,12.08 05:00,0.0
159,12.08 06:00,0.0
159,12.08 07:00,0.0
159,12.08 08:00,0.0
159,12.08 09:00,0.0
159,12.08 10:00,0.0
159,12.08 11:00,0.0
159,12.08 12:00,0.0
159,12.08 13:00,0.0
159,12.08 14:00,0.0
159,12.08 15:00,0.0
159,12.08 16:00,0.0
159,12.08 17:00,0.0
159,12.08 18:00,0.0
159,12.08 19:00,0.0
159,12.08 20:00,0.0
159,12.08 21:00,0.0
159,12.08 22:00,0.0
159,12.08 23:00,0.0
159,13.08 00:00,0.0
159,13.08 01:00,0.0
159,13.08 02:00,0.0
159,13.08 03:00,0.0
159,13.08 04:00,0.0
159,13.08 05:00,0.0
159,13.08 06:00,0.0
159,13.08 07:00,0.0
159,13.08 08:00,0.0
159,13.08 09:00,0.0
159,13.08 10:00,0.0
159,13.08 11:00,0.0
159,13.08 12:00,0.0
159,13.08 13:00,0.0
159,13.08 14:00,0.0
159,13.08 15:00,0.0
159,13.08 16:00,0.0
159,13.08 17:00,0.0
159,13.08 18:00,0.0
159,13.08 19:00,0.0
159,13.08 20:00,0.0
159,13.08 21:00,0.0
159,13.08 22:00,0.0
159,13.08 23:00,0.0
159,14.08 00:00,0.0
159,14.08 01:00,0.0
159,14.08 02:00,0.0
159,14.08 03:00,0.0
159,14.08 04:00,0.0
159,14.08 05:00,0.0
159,14.08 06:00,0.0
159,14.08 07:00,0.0
159,14.08 08:00,0.0
159,14.08 09:00,0.0
159,14.08 10:00,0.0
159,14.08 11:00,0.0
159,14.08 12:00,0.0
159,14.08 13:00,0.0
159,14.08 14:00,0.0
159,14.08 15:00,0.0
159,14.08 16:00,0.0
159,14.08 17:00,0.0
159,14.08 18:00,0.0
159,14.08 19:00,0.0
159,14.08 20:00,0.0
159,14.08 21:00,0.0
159,14.08 22:00,0.0
159,14.08 23:00,0.0
159,15.08 00:00,0.0
159,15.08 01:00,0.0
159,15.08 02:00,0.0
159,15.08 03:00,0.0
159,15.08 04:00,0.0
159,15.08 05:00,0.0
159,15.08 06:00,0.0
159,15.08 07:00,0.0
159,15.08 08:00,0.0
159,15.08 09:00,0.0
159,15.08 10:00,0.0
159,15.08 11:00,0.0
159,15.08 12:00,0.0
159,15.08 13:00,0.0
159,15.08 14:00,0.0
159,15.08 15:00,0.0
159,15.08 16:00,0.0
159,15.08 17:00,0.0
159,15.08 18:00,0.0
159,15.08 19:00,0.0
159,15.08 20:00,0.0
159,15.08 21:00,0.0
159,15.08 22:00,0.0
159,15.08 23:00,0.0
159,16.08 00:00,0.0
159,16.08 01:00,0.0
159,16.08 02:00,0.0
159,16.08 03:00,0.0
159,16.08 04:00,0.0
159,16.08 05:00,0.0
159,16.08 06:00,0.0
159,16.08 07:00,0.0
159,16.08 08:00,0.0
159,16.08 09:00,0.0
159,16.08 10:00,0.0
159,16.08 11:00,0.0
159,16.08 12:00,0.0
159,16.08 13:00,0.0
159,16.08 14:00,0.0
159,16.08 15:00,0.0
159,16.08 16:00,0.0
159,16.08 17:00,0.0
159,16.08 18:00,0.0
159,16.08 19:00,0.0
159,16.08 20:00,0.0
159,16.08 21:00,0.0
159,16.08 22:00,0.0
159,16.08 23:00,0.0
159,17.08 00:00,0.0
159,17.08 01:00,0.0
159,17.08 02:00,0.0
159,17.08 03:00,0.0
159,17.08 04:00,0.0
159,17.08 05:00,0.0
159,17.08 06:00,0.0
159,17.08 07:00,0.0
159,17.08 08:00,0.0
159,17.08 09:00,0.0
159,17.08 10:00,0.0
159,17.08 11:00,0.0
159,17.08 12:00,0.0
159,17.08 13:00,0.0
159,17.08 14:00,0.0
159,17.08 15:00,0.0
159,17.08 16:00,0.0
159,17.08 17:00,0.0
159,17.08 18:00,0.0
159,17.08 19:00,0.0
159,17.08 20:00,0.0
159,17.08 21:00,0.0
159,17.08 22:00,0.0
159,17.08 23:00,0.0
159,18.08 00:00,0.0
159,18.08 01:00,0.0
159,18.08 02:00,0.0
159,18.08 03:00,0.0
159,18.08 04:00,0.0
159,18.08 05:00,0.0
159,18.08 06:00,0.0
159,18.08 07:00,0.0
159,18.08 08:00,0.0
159,18.08 09:00,0.0
159,18.08 10:00,0.0
159,18.08 11:00,0.0
159,18.08 12:00,0.0
159,18.08 13:00,0.0
159,18.08 14:00,0.0
159,18.08 15:00,0.0
159,18.08 16:00,0.0
159,18.08 17:00,0.0
159,18.08 18:00,0.0
159,18.08 19:00,0.0
159,18.08 20:00,0.0
159,18.08 21:00,0.0
159,18.08 22:00,0.0
159,18.08 23:00,0.0
159,19.08 00:00,0.0
159,19.08 01:00,0.0
159,19.08 02:00,0.0
159,19.08 03:00,0.0
159,19.08 04:00,0.0
159,19.08 05:00,0.0
159,19.08 06:00,0.0
159,19.08 07:00,0.0
159,19.08 08:00,0.0
159,19.08 09:00,0.0
159,19.08 10:00,0.0
159,19.08 11:00,0.0
159,19.08 12:00,0.0
159,19.08 13:00,0.0
159,19.08 14:00,0.0
159,19.08 15:00,0.0
159,19.08 16:00,0.0
159,19.08 17:00,0.0
159,19.08 18:00,0.0
159,19.08 19:00,0.0
159,19.08 20:00,0.0
159,19.08 21:00,0.0
159,19.08 22:00,0.0
159,19.08 23:00,0.0
159,20.08 00:00,0.0
159,20.08 01:00,0.0
159,20.08 02:00,0.0
159,20.08 03:00,0.0
159,20.08 04:00,0.0
159,20.08 05:00,0.0
159,20.08 06:00,0.0
159,20.08 07:00,0.0
159,20.08 08:00,0.0
159,20.08 09:00,0.0
159,20.08 10:00,0.0
159,20.08 11:00,0.0
159,20.08 12:00,0.0
159,20.08 13:00,0.0
159,20.08 14:00,0.0
159,20.08 15:00,0.0
159,20.08 16:00,0.0
159,20.08 17:00,0.0
159,20.08 18:00,0.0
159,20.08 19:00,0.0
159,20.08 20:00,0.0
159,20.08 21:00,0.0
159,20.08 22:00,0.0
159,20.08 23:00,0.0
159,21.08 00:00,0.0
159,21.08 01:00,0.0
159,21.08 02:00,0.0
159,21.08 03:00,0.0
159,21.08 04:00,0.0
159,21.08 05:00,0.0
159,21.08 06:00,0.0
159,21.08 07:00,0.0
159,21.08 08:00,0.0
159,21.08 09:00,0.0
159,21.08 10:00,0.0
159,21.08 11:00,0.0
159,21.08 12:00,0.0
159,21.08 13:00,0.0
159,21.08 14:00,0.0
159,21.08 15:00,0.0
159,21.08 16:00,0.0
159,21.08 17:00,0.0
159,21.08 18:00,0.0
159,21.08 19:00,0.0
159,21.08 20:00,0.0
159,21.08 21:00,0.0
159,21.08 22:00,0.0
159,21.08 23:00,0.0
159,22.08 00:00,0.0
159,22.08 01:00,0.0
159,22.08 02:00,0.0
159,22.08 03:00,0.0
159,22.08 04:00,0.0
159,22.08 05:00,0.0
159,22.08 06:00,0.0
159,22.08 07:00,0.0
159,22.08 08:00,0.0
159,22.08 09:00,0.0
159,22.08 10:00,0.0
159,22.08 11:00,0.0
159,22.08 12:00,0.0
159,22.08 13:00,0.0
159,22.08 14:00,0.0
159,22.08 15:00,0.0
159,22.08 16:00,0.0
159,22.08 17:00,0.0
159,22.08 18:00,0.0
159,22.08 19:00,0.0
159,22.08 20:00,0.0
159,22.08 21:00,0.0
159,22.08 22:00,0.0
159,22.08 23:00,0.0
159,23.08 00:00,0.0
159,23.08 01:00,0.0
159,23.08 02:00,0.0
159,23.08 03:00,0.0
159,23.08 04:00,0.0
159,23.08 05:00,0.0
159,23.08 06:00,0.0
159,23.08 07:00,0.0
159,23.08 08:00,0.0
159,23.08 09:00,0.0
159,23.08 10:00,0.0
159,23.08 11:00,0.0
159,23.08 12:00,0.0
159,23.08 13:00,0.0
159,23.08 14:00,0.0
159,23.08 15:00,0.0
159,23.08 16:00,0.0
159,23.08 17:00,0.0
159,23.08 18:00,0.0
159,23.08 19:00,0.0
159,23.08 20:00,0.0
159,23.08 21:00,0.0
159,23.08 22:00,0.0
159,23.08 23:00,0.0
159,24.08 00:00,0.0
159,24.08 01:00,0.0
159,24.08 02:00,0.0
159,24.08 03:00,0.0
159,24.08 04:00,0.0
159,24.08 05:00,0.0
159,24.08 06:00,0.0
159,24.08 07:00,0.0
159,24.08 08:00,0.0
159,24.08 09:00,0.0
159,24.08 10:00,0.0
159,24.08 11:00,0.0
159,24.08 12:00,0.0
159,24.08 13:00,0.0
159,24.08 14:00,0.0
159,24.08 15:00,0.0
159,24.08 16:00,0.0
159,24.08 17:00,0.0
159,24.08 18:00,0.0
159,24.08 19:00,0.0
159,24.08 20:00,0.0
159,24.08 21:00,0.0
159,24.08 22:00,0.0
159,24.08 23:00,0.0
159,25.08 00:00,0.0
159,25.08 01:00,0.0
159,25.08 02:00,0.0
159,25.08 03:00,0.0
159,25.08 04:00,0.0
159,25.08 05:00,0.0
159,25.08 06:00,0.0
159,25.08 07:00,0.0
159,25.08 08:00,0.0
159,25.08 09:00,0.0
159,25.08 10:00,0.0
159,25.08 11:00,0.0
159,25.08 12:00,0.0
159,25.08 13:00,0.0
159,25.08 14:00,0.0
159,25.08 15:00,0.0
159,25.08 16:00,0.0
159,25.08 17:00,0.0
159,25.08 18:00,0.0
159,25.08 19:00,0.0
159,25.08 20:00,0.0
159,25.08 21:00,0.0
159,25.08 22:00,0.0
159,25.08 23:00,0.0
159,26.08 00:00,0.0
159,26.08 01:00,0.0
159,26.08 02:00,0.0
159,26.08 03:00,0.0
159,26.08 04:00,0.0
159,26.08 05:00,0.0
159,26.08 06:00,0.0
159,26.08 07:00,0.0
159,26.08 08:00,0.0
159,26.08 09:00,0.0
159,26.08 10:00,0.0
159,26.08 11:00,0.0
159,26.08 12:00,0.0
159,26.08 13:00,0.0
159,26.08 14:00,0.0
159,26.08 15:00,0.0
159,26.08 16:00,0.0
159,26.08 17:00,0.0
159,26.08 18:00,0.0
159,26.08 19:00,0.0
159,26.08 20:00,0.0
159,26.08 21:00,0.0
159,26.08 22:00,0.0
159,26.08 23:00,0.0
159,27.08 00:00,0.0
159,27.08 01:00,0.0
159,27.08 02:00,0.0
159,27.08 03:00,0.0
159,27.08 04:00,0.0
159,27.08 05:00,0.0
159,27.08 06:00,0.0
159,27.08 07:00,0.0
159,27.08 08:00,0.0
159,27.08 09:00,0.0
159,27.08 10:00,0.0
159,27.08 11:00,0.0
159,27.08 12:00,0.0
159,27.08 13:00,0.0
159,27.08 14:00,0.0
159,27.08 15:00,0.0
159,27.08 16:00,0.0
159,27.08 17:00,0.0
159,27.08 18:00,0.0
159,27.08 19:00,0.0
159,27.08 20:00,0.0
159,27.08 21:00,0.0
159,27.08 22:00,0.0
159,27.08 23:00,0.0
159,28.08 00:00,0.0
159,28.08 01:00,0.0
159,28.08 02:00,0.0
159,28.08 03:00,0.0
159,28.08 04:00,0.0
159,28.08 05:00,0.0
159,28.08 06:00,0.0
159,28.08 07:00,0.0
159,28.08 08:00,0.0
159,28.08 09:00,0.0
159,28.08 10:00,0.0
159,28.08 11:00,0.0
159,28.08 12:00,0.0
159,28.08 13:00,0.0
159,28.08 14:00,0.0
159,28.08 15:00,0.0
159,28.08 16:00,0.0
159,28.08 17:00,0.0
159,28.08 18:00,0.0
159,28.08 19:00,0.0
159,28.08 20:00,0.0
159,28.08 21:00,0.0
159,28.08 22:00,0.0
159,28.08 23:00,0.0
159,29.08 00:00,0.0
159,29.08 01:00,0.0
159,29.08 02:00,0.0
159,29.08 03:00,0.0
159,29.08 04:00,0.0
159,29.08 05:00,0.0
159,29.08 06:00,0.0
159,29.08 07:00,0.0
159,29.08 08:00,0.0
159,29.08 09:00,0.0
159,29.08 10:00,0.0
159,29.08 11:00,0.0
159,29.08 12:00,0.0
159,29.08 13:00,0.0
159,29.08 14:00,0.0
159,29.08 15:00,0.0
159,29.08 16:00,0.0
159,29.08 17:00,0.0
159,29.08 18:00,0.0
159,29.08 19:00,0.0
159,29.08 20:00,0.0
159,29.08 21:00,0.0
159,29.08 22:00,0.0
159,29.08 23:00,0.0
159,30.08 00:00,0.0
159,30.08 01:00,0.0
159,30.08 02:00,0.0
159,30.08 03:00,0.0
159,30.08 04:00,0.0
159,30.08 05:00,0.0
159,30.08 06:00,0.0
159,30.08 07:00,0.0
159,30.08 08:00,0.0
159,30.08 09:00,0.0
159,30.08 10:00,0.0
159,30.08 11:00,0.0
159,30.08 12:00,0.0
159,30.08 13:00,0.0
159,30.08 14:00,0.0
159,30.08 15:00,0.0
159,30.08 16:00,0.0
159,30.08 17:00,0.0
159,30.08 18:00,0.0
159,30.08 19:00,0.0
159,30.08 20:00,0.0
159,30.08 21:00,0.0
159,30.08 22:00,0.0
159,30.08 23:00,0.0
159,31.08 00:00,0.0
159,31.08 01:00,0.0
159,31.08 02:00,0.0
159,31.08 03:00,0.0
159,31.08 04:00,0.0
159,31.08 05:00,0.0
159,31.08 06:00,0.0
159,31.08 07:00,0.0
159,31.08 08:00,0.0
159,31.08 09:00,0.0
159,31.08 10:00,0.0
159,31.08 11:00,0.0
159,31.08 12:00,0.0
159,31.08 13:00,0.0
159,31.08 14:00,0.0
159,31.08 15:00,0.0
159,31.08 16:00,0.0
159,31.08 17:00,0.0
159,31.08 18:00,0.0
159,31.08 19:00,0.0
159,31.08 20:00,0.0
159,31.08 21:00,0.0
159,31.08 22:00,0.0
159,31.08 23:00,0.0
159,01.09 00:00,0.0
159,01.09 01:00,0.0
159,01.09 02:00,0.0
159,01.09 03:00,0.0
159,01.09 04:00,0.0
159,01.09 05:00,0.0
159,01.09 06:00,0.0
159,01.09 07:00,0.0
159,01.09 08:00,0.0
159,01.09 09:00,0.0
159,01.09 10:00,0.0
159,01.09 11:00,0.0
159,01.09 12:00,0.0
159,01.09 13:00,0.0
159,01.09 14:00,0.0
159,01.09 15:00,0.0
159,01.09 16:00,0.0
159,01.09 17:00,0.0
159,01.09 18:00,0.0
159,01.09 19:00,0.0
159,01.09 20:00,0.0
159,01.09 21:00,0.0
159,01.09 22:00,0.0
159,01.09 23:00,0.0
159,02.09 00:00,0.0
159,02.09 01:00,0.0
159,02.09 02:00,0.0
159,02.09 03:00,0.0
159,02.09 04:00,0.0
159,02.09 05:00,0.0
159,02.09 06:00,0.0
159,02.09 07:00,0.0
159,02.09 08:00,0.0
159,02.09 09:00,0.0
159,02.09 10:00,0.0
159,02.09 11:00,0.0
159,02.09 12:00,0.0
159,02.09 13:00,0.0
159,02.09 14:00,0.0
159,02.09 15:00,0.0
159,02.09 16:00,0.0
159,02.09 17:00,0.0
159,02.09 18:00,0.0
159,02.09 19:00,0.0
159,02.09 20:00,0.0
159,02.09 21:00,0.0
159,02.09 22:00,0.0
159,02.09 23:00,0.0
159,03.09 00:00,0.0
159,03.09 01:00,0.0
159,03.09 02:00,0.0
159,03.09 03:00,0.0
159,03.09 04:00,0.0
159,03.09 05:00,0.0
159,03.09 06:00,0.0
159,03.09 07:00,0.0
159,03.09 08:00,0.0
159,03.09 09:00,0.0
159,03.09 10:00,0.0
159,03.09 11:00,0.0
159,03.09 12:00,0.0
159,03.09 13:00,0.0
159,03.09 14:00,0.0
159,03.09 15:00,0.0
159,03.09 16:00,0.0
159,03.09 17:00,0.0
159,03.09 18:00,0.0
159,03.09 19:00,0.0
159,03.09 20:00,0.0
159,03.09 21:00,0.0
159,03.09 22:00,0.0
159,03.09 23:00,0.0
159,04.09 00:00,0.0
159,04.09 01:00,0.0
159,04.09 02:00,0.0
159,04.09 03:00,0.0
159,04.09 04:00,0.0
159,04.09 05:00,0.0
159,04.09 06:00,0.0
159,04.09 07:00,0.0
159,04.09 08:00,0.0
159,04.09 09:00,0.0
159,04.09 10:00,0.0
159,04.09 11:00,0.0
159,04.09 12:00,0.0
159,04.09 13:00,0.0
159,04.09 14:00,0.0
159,04.09 15:00,0.0
159,04.09 16:00,0.0
159,04.09 17:00,0.0
159,04.09 18:00,0.0
159,04.09 19:00,0.0
159,04.09 20:00,0.0
159,04.09 21:00,0.0
159,04.09 22:00,0.0
159,04.09 23:00,0.0
159,05.09 00:00,0.0
159,05.09 01:00,0.0
159,05.09 02:00,0.0
159,05.09 03:00,0.0
159,05.09 04:00,0.0
159,05.09 05:00,0.0
159,05.09 06:00,0.0
159,05.09 07:00,0.0
159,05.09 08:00,0.0
159,05.09 09:00,0.0
159,05.09 10:00,0.0
159,05.09 11:00,0.0
159,05.09 12:00,0.0
159,05.09 13:00,0.0
159,05.09 14:00,0.0
159,05.09 15:00,0.0
159,05.09 16:00,0.0
159,05.09 17:00,0.0
159,05.09 18:00,0.0
159,05.09 19:00,0.0
159,05.09 20:00,0.0
159,05.09 21:00,0.0
159,05.09 22:00,0.0
159,05.09 23:00,0.0
159,06.09 00:00,0.0
159,06.09 01:00,0.0
159,06.09 02:00,0.0
159,06.09 03:00,0.0
159,06.09 04:00,0.0
159,06.09 05:00,0.0
159,06.09 06:00,0.0
159,06.09 07:00,0.0
159,06.09 08:00,0.0
159,06.09 09:00,0.0
159,06.09 10:00,0.0
159,06.09 11:00,0.0
159,06.09 12:00,0.0
159,06.09 13:00,0.0
159,06.09 14:00,0.0
159,06.09 15:00,0.0
159,06.09 16:00,0.0
159,06.09 17:00,0.0
159,06.09 18:00,0.0
159,06.09 19:00,0.0
159,06.09 20:00,0.0
159,06.09 21:00,0.0
159,06.09 22:00,0.0
159,06.09 23:00,0.0
159,07.09 00:00,0.0
159,07.09 01:00,0.0
159,07.09 02:00,0.0
159,07.09 03:00,0.0
159,07.09 04:00,0.0
159,07.09 05:00,0.0
159,07.09 06:00,0.0
159,07.09 07:00,0.0
159,07.09 08:00,0.0
159,07.09 09:00,0.0
159,07.09 10:00,0.0
159,07.09 11:00,0.0
159,07.09 12:00,0.0
159,07.09 13:00,0.0
159,07.09 14:00,0.0
159,07.09 15:00,0.0
159,07.09 16:00,0.0
159,07.09 17:00,0.0
159,07.09 18:00,0.0
159,07.09 19:00,0.0
159,07.09 20:00,0.0
159,07.09 21:00,0.0
159,07.09 22:00,0.0
159,07.09 23:00,0.0
159,08.09 00:00,0.0
159,08.09 01:00,0.0
159,08.09 02:00,0.0
159,08.09 03:00,0.0
159,08.09 04:00,0.0
159,08.09 05:00,0.0
159,08.09 06:00,0.0
159,08.09 07:00,0.0
159,08.09 08:00,0.0
159,08.09 09:00,0.0
159,08.09 10:00,0.0
159,08.09 11:00,0.0
159,08.09 12:00,0.0
159,08.09 13:00,0.0
159,08.09 14:00,0.0
159,08.09 15:00,0.0
159,08.09 16:00,0.0
159,08.09 17:00,0.0
159,08.09 18:00,0.0
159,08.09 19:00,0.0
159,08.09 20:00,0.0
159,08.09 21:00,0.0
159,08.09 22:00,0.0
159,08.09 23:00,0.0
159,09.09 00:00,0.0
159,09.09 01:00,0.0
159,09.09 02:00,0.0
159,09.09 03:00,0.0
159,09.09 04:00,0.0
159,09.09 05:00,0.0
159,09.09 06:00,0.0
159,09.09 07:00,0.0
159,09.09 08:00,0.0
159,09.09 09:00,0.0
159,09.09 10:00,0.0
159,09.09 11:00,0.0
159,09.09 12:00,0.0
159,09.09 13:00,0.0
159,09.09 14:00,0.0
159,09.09 15:00,0.0
159,09.09 16:00,0.0
159,09.09 17:00,0.0
159,09.09 18:00,0.0
159,09.09 19:00,0.0
159,09.09 20:00,0.0
159,09.09 21:00,0.0
159,09.09 22:00,0.0
159,09.09 23:00,0.0
159,10.09 00:00,0.0
159,10.09 01:00,0.0
159,10.09 02:00,0.0
159,10.09 03:00,0.0
159,10.09 04:00,0.0
159,10.09 05:00,0.0
159,10.09 06:00,0.0
159,10.09 07:00,0.0
159,10.09 08:00,0.0
159,10.09 09:00,0.0
159,10.09 10:00,0.0
159,10.09 11:00,0.0
159,10.09 12:00,0.0
159,10.09 13:00,0.0
159,10.09 14:00,0.0
159,10.09 15:00,0.0
159,10.09 16:00,0.0
159,10.09 17:00,0.0
159,10.09 18:00,0.0
159,10.09 19:00,0.0
159,10.09 20:00,0.0
159,10.09 21:00,0.0
159,10.09 22:00,0.0
159,10.09 23:00,0.0
159,11.09 00:00,0.0
159,11.09 01:00,0.0
159,11.09 02:00,0.0
159,11.09 03:00,0.0
159,11.09 04:00,0.0
159,11.09 05:00,0.0
159,11.09 06:00,0.0
159,11.09 07:00,0.0
159,11.09 08:00,0.0
159,11.09 09:00,0.0
159,11.09 10:00,0.0
159,11.09 11:00,0.0
159,11.09 12:00,0.0
159,11.09 13:00,0.0
159,11.09 14:00,0.0
159,11.09 15:00,0.0
159,11.09 16:00,0.0
159,11.09 17:00,0.0
159,11.09 18:00,0.0
159,11.09 19:00,0.0
159,11.09 20:00,0.0
159,11.09 21:00,0.0
159,11.09 22:00,0.0
159,11.09 23:00,0.0
159,12.09 00:00,0.0
159,12.09 01:00,0.0
159,12.09 02:00,0.0
159,12.09 03:00,0.0
159,12.09 04:00,0.0
159,12.09 05:00,0.0
159,12.09 06:00,0.0
159,12.09 07:00,0.0
159,12.09 08:00,0.0
159,12.09 09:00,0.0
159,12.09 10:00,0.0
159,12.09 11:00,0.0
159,12.09 12:00,0.0
159,12.09 13:00,0.0
159,12.09 14:00,0.0
159,12.09 15:00,0.0
159,12.09 16:00,0.0
159,12.09 17:00,0.0
159,12.09 18:00,0.0
159,12.09 19:00,0.0
159,12.09 20:00,0.0
159,12.09 21:00,0.0
159,12.09 22:00,0.0
159,12.09 23:00,0.0
159,13.09 00:00,0.0
159,13.09 01:00,0.0
159,13.09 02:00,0.0
159,13.09 03:00,0.0
159,13.09 04:00,0.0
159,13.09 05:00,0.0
159,13.09 06:00,0.0
159,13.09 07:00,0.0
159,13.09 08:00,0.0
159,13.09 09:00,0.0
159,13.09 10:00,0.0
159,13.09 11:00,0.0
159,13.09 12:00,0.0
159,13.09 13:00,0.0
159,13.09 14:00,0.0
159,13.09 15:00,0.0
159,13.09 16:00,0.0
159,13.09 17:00,0.0
159,13.09 18:00,0.0
159,13.09 19:00,0.0
159,13.09 20:00,0.0
159,13.09 21:00,0.0
159,13.09 22:00,0.0
159,13.09 23:00,0.0
159,14.09 00:00,0.0
159,14.09 01:00,0.0
159,14.09 02:00,0.0
159,14.09 03:00,0.0
159,14.09 04:00,0.0
159,14.09 05:00,0.0
159,14.09 06:00,0.0
159,14.09 07:00,0.0
159,14.09 08:00,0.0
159,14.09 09:00,0.0
159,14.09 10:00,0.0
159,14.09 11:00,0.0
159,14.09 12:00,0.0
159,14.09 13:00,0.0
159,14.09 14:00,0.0
159,14.09 15:00,0.0
159,14.09 16:00,0.0
159,14.09 17:00,0.0
159,14.09 18:00,0.0
159,14.09 19:00,0.0
159,14.09 20:00,0.0
159,14.09 21:00,0.0
159,14.09 22:00,0.0
159,14.09 23:00,0.0
159,15.09 00:00,0.0
159,15.09 01:00,0.0
159,15.09 02:00,0.0
159,15.09 03:00,0.0
159,15.09 04:00,0.0
159,15.09 05:00,0.0
159,15.09 06:00,0.0
159,15.09 07:00,0.0
159,15.09 08:00,0.0
159,15.09 09:00,0.0
159,15.09 10:00,0.0
159,15.09 11:00,0.0
159,15.09 12:00,0.0
159,15.09 13:00,0.0
159,15.09 14:00,0.0
159,15.09 15:00,0.0
159,15.09 16:00,0.0
159,15.09 17:00,0.0
159,15.09 18:00,0.0
159,15.09 19:00,0.0
159,15.09 20:00,0.0
159,15.09 21:00,0.0
159,15.09 22:00,0.0
159,15.09 23:00,0.0
159,16.09 00:00,0.0
159,16.09 01:00,0.0
159,16.09 02:00,0.0
159,16.09 03:00,0.0
159,16.09 04:00,0.0
159,16.09 05:00,0.0
159,16.09 06:00,0.0
159,16.09 07:00,0.0
159,16.09 08:00,0.0
159,16.09 09:00,0.0
159,16.09 10:00,0.0
159,16.09 11:00,0.0
159,16.09 12:00,0.0
159,16.09 13:00,0.0
159,16.09 14:00,0.0
159,16.09 15:00,0.0
159,16.09 16:00,0.0
159,16.09 17:00,0.0
159,16.09 18:00,0.0
159,16.09 19:00,0.0
159,16.09 20:00,0.0
159,16.09 21:00,0.0
159,16.09 22:00,0.0
159,16.09 23:00,0.0
159,17.09 00:00,0.0
159,17.09 01:00,0.0
159,17.09 02:00,0.0
159,17.09 03:00,0.0
159,17.09 04:00,0.0
159,17.09 05:00,0.0
159,17.09 06:00,0.0
159,17.09 07:00,0.0
159,17.09 08:00,0.0
159,17.09 09:00,0.0
159,17.09 10:00,0.0
159,17.09 11:00,0.0
159,17.09 12:00,0.0
159,17.09 13:00,0.0
159,17.09 14:00,0.0
159,17.09 15:00,0.0
159,17.09 16:00,0.0
159,17.09 17:00,0.0
159,17.09 18:00,0.0
159,17.09 19:00,0.0
159,17.09 20:00,0.0
159,17.09 21:00,0.0
159,17.09 22:00,0.0
159,17.09 23:00,0.0
159,18.09 00:00,0.0
159,18.09 01:00,0.0
159,18.09 02:00,0.0
159,18.09 03:00,0.0
159,18.09 04:00,0.0
159,18.09 05:00,0.0
159,18.09 06:00,0.0
159,18.09 07:00,0.0
159,18.09 08:00,0.0
159,18.09 09:00,0.0
159,18.09 10:00,0.0
159,18.09 11:00,0.0
159,18.09 12:00,0.0
159,18.09 13:00,0.0
159,18.09 14:00,0.0
159,18.09 15:00,0.0
159,18.09 16:00,0.0
159,18.09 17:00,0.0
159,18.09 18:00,0.0
159,18.09 19:00,0.0
159,18.09 20:00,0.0
159,18.09 21:00,0.0
159,18.09 22:00,0.0
159,18.09 23:00,0.0
159,19.09 00:00,0.0
159,19.09 01:00,0.0
159,19.09 02:00,0.0
159,19.09 03:00,0.0
159,19.09 04:00,0.0
159,19.09 05:00,0.0
159,19.09 06:00,0.0
159,19.09 07:00,0.0
159,19.09 08:00,0.0
159,19.09 09:00,0.0
159,19.09 10:00,0.0
159,19.09 11:00,0.0
159,19.09 12:00,0.0
159,19.09 13:00,0.0
159,19.09 14:00,0.0
159,19.09 15:00,0.0
159,19.09 16:00,0.0
159,19.09 17:00,0.0
159,19.09 18:00,0.0
159,19.09 19:00,0.0
159,19.09 20:00,0.0
159,19.09 21:00,0.0
159,19.09 22:00,0.0
159,19.09 23:00,0.0
159,20.09 00:00,0.0
159,20.09 01:00,0.0
159,20.09 02:00,0.0
159,20.09 03:00,0.0
159,20.09 04:00,0.0
159,20.09 05:00,0.0
159,20.09 06:00,0.0
159,20.09 07:00,0.0
159,20.09 08:00,0.0
159,20.09 09:00,0.0
159,20.09 10:00,0.0
159,20.09 11:00,0.0
159,20.09 12:00,0.0
159,20.09 13:00,0.0
159,20.09 14:00,0.0
159,20.09 15:00,0.0
159,20.09 16:00,0.0
159,20.09 17:00,0.0
159,20.09 18:00,0.0
159,20.09 19:00,0.0
159,20.09 20:00,0.0
159,20.09 21:00,0.0
159,20.09 22:00,0.0
159,20.09 23:00,0.0
159,21.09 00:00,0.0
159,21.09 01:00,0.0
159,21.09 02:00,0.0
159,21.09 03:00,0.0
159,21.09 04:00,0.0
159,21.09 05:00,0.0
159,21.09 06:00,0.0
159,21.09 07:00,0.0
159,21.09 08:00,0.0
159,21.09 09:00,0.0
159,21.09 10:00,0.0
159,21.09 11:00,0.0
159,21.09 12:00,0.0
159,21.09 13:00,0.0
159,21.09 14:00,0.0
159,21.09 15:00,0.0
159,21.09 16:00,0.0
159,21.09 17:00,0.0
159,21.09 18:00,0.0
159,21.09 19:00,0.0
159,21.09 20:00,0.0
159,21.09 21:00,0.0
159,21.09 22:00,0.0
159,21.09 23:00,0.0
159,22.09 00:00,0.0
159,22.09 01:00,0.0
159,22.09 02:00,0.0
159,22.09 03:00,0.0
159,22.09 04:00,0.0
159,22.09 05:00,0.0
159,22.09 06:00,0.0
159,22.09 07:00,0.0
159,22.09 08:00,0.0
159,22.09 09:00,0.0
159,22.09 10:00,0.0
159,22.09 11:00,0.0
159,22.09 12:00,0.0
159,22.09 13:00,0.0
159,22.09 14:00,0.0
159,22.09 15:00,0.0
159,22.09 16:00,0.0
159,22.09 17:00,0.0
159,22.09 18:00,0.0
159,22.09 19:00,0.0
159,22.09 20:00,0.0
159,22.09 21:00,0.0
159,22.09 22:00,0.0
159,22.09 23:00,0.0
159,23.09 00:00,0.0
159,23.09 01:00,0.0
159,23.09 02:00,0.0
159,23.09 03:00,0.0
159,23.09 04:00,0.0
159,23.09 05:00,0.0
159,23.09 06:00,0.0
159,23.09 07:00,0.0
159,23.09 08:00,0.0
159,23.09 09:00,0.0
159,23.09 10:00,0.0
159,23.09 11:00,0.0
159,23.09 12:00,0.0
159,23.09 13:00,0.0
159,23.09 14:00,0.0
159,23.09 15:00,0.0
159,23.09 16:00,0.0
159,23.09 17:00,0.0
159,23.09 18:00,0.0
159,23.09 19:00,0.0
159,23.09 20:00,0.0
159,23.09 21:00,0.0
159,23.09 22:00,0.0
159,23.09 23:00,0.0
159,24.09 00:00,0.0
159,24.09 01:00,0.0
159,24.09 02:00,0.0
159,24.09 03:00,0.0
159,24.09 04:00,0.0
159,24.09 05:00,0.0
159,24.09 06:00,0.0
159,24.09 07:00,0.0
159,24.09 08:00,0.0
159,24.09 09:00,0.0
159,24.09 10:00,0.0
159,24.09 11:00,0.0
159,24.09 12:00,0.0
159,24.09 13:00,0.0
159,24.09 14:00,0.0
159,24.09 15:00,0.0
159,24.09 16:00,0.0
159,24.09 17:00,0.0
159,24.09 18:00,0.0
159,24.09 19:00,0.0
159,24.09 20:00,0.0
159,24.09 21:00,0.0
159,24.09 22:00,0.0
159,24.09 23:00,0.0
159,25.09 00:00,0.0
159,25.09 01:00,0.0
159,25.09 02:00,0.0
159,25.09 03:00,0.0
159,25.09 04:00,0.0
159,25.09 05:00,0.0
159,25.09 06:00,0.0
159,25.09 07:00,0.0
159,25.09 08:00,0.0
159,25.09 09:00,0.0
159,25.09 10:00,0.0
159,25.09 11:00,0.0
159,25.09 12:00,0.0
159,25.09 13:00,0.0
159,25.09 14:00,0.0
159,25.09 15:00,0.0
159,25.09 16:00,0.0
159,25.09 17:00,0.0
159,25.09 18:00,0.0
159,25.09 19:00,0.0
159,25.09 20:00,0.0
159,25.09 21:00,0.0
159,25.09 22:00,0.0
159,25.09 23:00,0.0
159,26.09 00:00,0.0
159,26.09 01:00,0.0
159,26.09 02:00,0.0
159,26.09 03:00,0.0
159,26.09 04:00,0.0
159,26.09 05:00,0.0
159,26.09 06:00,0.0
159,26.09 07:00,0.0
159,26.09 08:00,0.0
159,26.09 09:00,0.0
159,26.09 10:00,0.0
159,26.09 11:00,0.0
159,26.09 12:00,0.0
159,26.09 13:00,0.0
159,26.09 14:00,0.0
159,26.09 15:00,0.0
159,26.09 16:00,0.0
159,26.09 17:00,0.0
159,26.09 18:00,0.0
159,26.09 19:00,0.0
159,26.09 20:00,0.0
159,26.09 21:00,0.0
159,26.09 22:00,0.0
159,26.09 23:00,0.0
159,27.09 00:00,0.0
159,27.09 01:00,0.0
159,27.09 02:00,0.0
159,27.09 03:00,0.0
159,27.09 04:00,0.0
159,27.09 05:00,0.0
159,27.09 06:00,0.0
159,27.09 07:00,0.0
159,27.09 08:00,0.0
159,27.09 09:00,0.0
159,27.09 10:00,0.0
159,27.09 11:00,0.0
159,27.09 12:00,0.0
159,27.09 13:00,0.0
159,27.09 14:00,0.0
159,27.09 15:00,0.0
159,27.09 16:00,0.0
159,27.09 17:00,0.0
159,27.09 18:00,0.0
159,27.09 19:00,0.0
159,27.09 20:00,0.0
159,27.09 21:00,0.0
159,27.09 22:00,0.0
159,27.09 23:00,0.0
159,28.09 00:00,0.0
159,28.09 01:00,0.0
159,28.09 02:00,0.0
159,28.09 03:00,0.0
159,28.09 04:00,0.0
159,28.09 05:00,0.0
159,28.09 06:00,0.0
159,28.09 07:00,0.0
159,28.09 08:00,0.0
159,28.09 09:00,0.0
159,28.09 10:00,0.0
159,28.09 11:00,0.0
159,28.09 12:00,0.0
159,28.09 13:00,0.0
159,28.09 14:00,0.0
159,28.09 15:00,0.0
159,28.09 16:00,0.0
159,28.09 17:00,0.0
159,28.09 18:00,0.0
159,28.09 19:00,0.0
159,28.09 20:00,0.0
159,28.09 21:00,0.0
159,28.09 22:00,0.0
159,28.09 23:00,0.0
159,29.09 00:00,0.0
159,29.09 01:00,0.0
159,29.09 02:00,0.0
159,29.09 03:00,0.0
159,29.09 04:00,0.0
159,29.09 05:00,0.0
159,29.09 06:00,0.0
159,29.09 07:00,0.0
159,29.09 08:00,0.0
159,29.09 09:00,0.0
159,29.09 10:00,0.0
159,29.09 11:00,0.0
159,29.09 12:00,0.0
159,29.09 13:00,0.0
159,29.09 14:00,0.0
159,29.09 15:00,0.0
159,29.09 16:00,0.0
159,29.09 17:00,0.0
159,29.09 18:00,0.0
159,29.09 19:00,0.0
159,29.09 20:00,0.0
159,29.09 21:00,0.0
159,29.09 22:00,0.0
159,29.09 23:00,0.0
159,30.09 00:00,0.0
159,30.09 01:00,0.0
159,30.09 02:00,0.0
159,30.09 03:00,0.0
159,30.09 04:00,0.0
159,30.09 05:00,0.0
159,30.09 06:00,0.0
159,30.09 07:00,0.0
159,30.09 08:00,0.0
159,30.09 09:00,0.0
159,30.09 10:00,0.0
159,30.09 11:00,0.0
159,30.09 12:00,0.0
159,30.09 13:00,0.0
159,30.09 14:00,0.0
159,30.09 15:00,0.0
159,30.09 16:00,0.0
159,30.09 17:00,0.0
159,30.09 18:00,0.0
159,30.09 19:00,0.0
159,30.09 20:00,0.0
159,30.09 21:00,0.0
159,30.09 22:00,0.0
159,30.09 23:00,0.0
