180,01.03 00:00,161.785
180,01.03 01:00,166.304
180,01.03 02:00,149.104
180,01.03 03:00,130.711
180,01.03 04:00,122.377
180,01.03 05:00,76.124
180,01.03 06:00,95.969
180,01.03 07:00,71.706
180,01.03 08:00,78.611
180,01.03 09:00,75.443
180,01.03 10:00,90.049
180,01.03 11:00,101.118
180,01.03 12:00,167.768
180,01.03 13:00,167.968
180,01.03 14:00,168.655
180,01.03 15:00,181.94
180,01.03 16:00,174.296
180,01.03 17:00,198.659
180,01.03 18:00,196.342
180,01.03 19:00,193.581
180,01.03 20:00,191.779
180,01.03 21:00,173.767
180,01.03 22:00,165.866
180,01.03 23:00,168.897
180,02.03 00:00,164.239
180,02.03 01:00,158.366
180,02.03 02:00,134.098
180,02.03 03:00,128.943
180,02.03 04:00,122.143
180,02.03 05:00,73.892
180,02.03 06:00,69.593
180,02.03 07:00,68.809
180,02.03 08:00,68.88
180,02.03 09:00,71.717
180,02.03 10:00,100.141
180,02.03 11:00,131.157
180,02.03 12:00,166.919
180,02.03 13:00,169.431
180,02.03 14:00,150.755
180,02.03 15:00,168.191
180,02.03 16:00,164.4
180,02.03 17:00,158.635
180,02.03 18:00,159.035
180,02.03 19:00,167.339
180,02.03 20:00,162.197
180,02.03 21:00,152.416
180,02.03 22:00,163.366
180,02.03 23:00,149.526
180,03.03 00:00,143.864
180,03.03 01:00,147.774
180,03.03 02:00,113.537
180,03.03 03:00,107.301
180,03.03 04:00,101.104
180,03.03 05:00,76.93
180,03.03 06:00,73.334
180,03.03 07:00,69.674
180,03.03 08:00,80.361
180,03.03 09:00,102.545
180,03.03 10:00,105.379
180,03.03 11:00,116.862
180,03.03 12:00,145.852
180,03.03 13:00,139.835
180,03.03 14:00,149.481
180,03.03 15:00,162.462
180,03.03 16:00,165.15
180,03.03 17:00,163.281
180,03.03 18:00,159.359
180,03.03 19:00,164.866
180,03.03 20:00,165.845
180,03.03 21:00,148.206
180,03.03 22:00,150.001
180,03.03 23:00,159.353
180,04.03 00:00,135.512
180,04.03 01:00,130.533
180,04.03 02:00,124.83
180,04.03 03:00,107.09
180,04.03 04:00,100.329
180,04.03 05:00,74.142
180,04.03 06:00,78.016
180,04.03 07:00,71.225
180,04.03 08:00,81.477
180,04.03 09:00,86.363
180,04.03 10:00,102.031
180,04.03 11:00,110.554
180,04.03 12:00,131.693
180,04.03 13:00,139.449
180,04.03 14:00,146.097
180,04.03 15:00,164.762
180,04.03 16:00,159.108
180,04.03 17:00,160.051
180,04.03 18:00,202.452
180,04.03 19:00,181.427
180,04.03 20:00,171.61
180,04.03 21:00,178.451
180,04.03 22:00,160.203
180,04.03 23:00,162.883
180,05.03 00:00,150.813
180,05.03 01:00,156.187
180,05.03 02:00,115.957
180,05.03 03:00,78.941
180,05.03 04:00,72.033
180,05.03 05:00,72.401
180,05.03 06:00,70.678
180,05.03 07:00,68.863
180,05.03 08:00,75.477
180,05.03 09:00,85.698
180,05.03 10:00,97.731
180,05.03 11:00,112.901
180,05.03 12:00,116.513
180,05.03 13:00,116.728
180,05.03 14:00,126.412
180,05.03 15:00,134.262
180,05.03 16:00,129.508
180,05.03 17:00,130.936
180,05.03 18:00,155.085
180,05.03 19:00,150.939
180,05.03 20:00,142.254
180,05.03 21:00,137.622
180,05.03 22:00,123.483
180,05.03 23:00,128.906
180,06.03 00:00,121.863
180,06.03 01:00,119.311
180,06.03 02:00,118.369
180,06.03 03:00,69.676
180,06.03 04:00,65.735
180,06.03 05:00,65.411
180,06.03 06:00,69.131
180,06.03 07:00,65.167
180,06.03 08:00,69.074
180,06.03 09:00,66.726
180,06.03 10:00,62.977
180,06.03 11:00,68.965
180,06.03 12:00,77.581
180,06.03 13:00,85.098
180,06.03 14:00,85.775
180,06.03 15:00,114.667
180,06.03 16:00,129.535
180,06.03 17:00,135.361
180,06.03 18:00,142.446
180,06.03 19:00,143.666
180,06.03 20:00,147.045
180,06.03 21:00,146.956
180,06.03 22:00,153.502
180,06.03 23:00,149.718
180,07.03 00:00,160.313
180,07.03 01:00,141.223
180,07.03 02:00,131.377
180,07.03 03:00,115.293
180,07.03 04:00,102.134
180,07.03 05:00,71.701
180,07.03 06:00,70.077
180,07.03 07:00,72.749
180,07.03 08:00,81.772
180,07.03 09:00,86.552
180,07.03 10:00,104.645
180,07.03 11:00,130.686
180,07.03 12:00,155.574
180,07.03 13:00,168.09
180,07.03 14:00,174.98
180,07.03 15:00,187.613
180,07.03 16:00,179.796
180,07.03 17:00,176.032
180,07.03 18:00,196.737
180,07.03 19:00,191.575
180,07.03 20:00,188.644
180,07.03 21:00,179.892
180,07.03 22:00,171.665
180,07.03 23:00,175.523
180,08.03 00:00,169.64
180,08.03 01:00,156.758
180,08.03 02:00,144.742
180,08.03 03:00,124.891
180,08.03 04:00,116.278
180,08.03 05:00,81.344
180,08.03 06:00,77.731
180,08.03 07:00,76.421
180,08.03 08:00,96.483
180,08.03 09:00,75.928
180,08.03 10:00,101.603
180,08.03 11:00,121.509
180,08.03 12:00,164.993
180,08.03 13:00,160.455
180,08.03 14:00,163.785
180,08.03 15:00,180.535
180,08.03 16:00,179.807
180,08.03 17:00,185.347
180,08.03 18:00,172.258
180,08.03 19:00,196.019
180,08.03 20:00,190.087
180,08.03 21:00,184.597
180,08.03 22:00,172.699
180,08.03 23:00,172.393
180,09.03 00:00,168.855
180,09.03 01:00,161.818
180,09.03 02:00,163.247
180,09.03 03:00,134.497
180,09.03 04:00,120.192
180,09.03 05:00,81.605
180,09.03 06:00,92.593
180,09.03 07:00,72.731
180,09.03 08:00,74.665
180,09.03 09:00,89.873
180,09.03 10:00,97.299
180,09.03 11:00,121.552
180,09.03 12:00,165.753
180,09.03 13:00,157.834
180,09.03 14:00,168.326
180,09.03 15:00,181.298
180,09.03 16:00,183.194
180,09.03 17:00,179.207
180,09.03 18:00,177.64
180,09.03 19:00,190.567
180,09.03 20:00,179.214
180,09.03 21:00,0.0
180,09.03 22:00,181.467
180,09.03 23:00,171.689
180,10.03 00:00,169.752
180,10.03 01:00,158.106
180,10.03 02:00,144.942
180,10.03 03:00,131.405
180,10.03 04:00,119.771
180,10.03 05:00,94.826
180,10.03 06:00,97.437
180,10.03 07:00,76.611
180,10.03 08:00,91.507
180,10.03 09:00,95.752
180,10.03 10:00,97.97
180,10.03 11:00,125.51
180,10.03 12:00,175.898
180,10.03 13:00,143.388
180,10.03 14:00,176.067
180,10.03 15:00,184.549
180,10.03 16:00,182.768
180,10.03 17:00,189.575
180,10.03 18:00,187.015
180,10.03 19:00,187.316
180,10.03 20:00,195.883
180,10.03 21:00,178.357
180,10.03 22:00,172.355
180,10.03 23:00,168.826
180,11.03 00:00,176.594
180,11.03 01:00,178.054
180,11.03 02:00,145.64
180,11.03 03:00,137.647
180,11.03 04:00,124.521
180,11.03 05:00,76.863
180,11.03 06:00,99.66
180,11.03 07:00,95.329
180,11.03 08:00,73.388
180,11.03 09:00,98.706
180,11.03 10:00,109.748
180,11.03 11:00,128.64
180,11.03 12:00,159.146
180,11.03 13:00,166.596
180,11.03 14:00,158.861
180,11.03 15:00,168.708
180,11.03 16:00,170.47
180,11.03 17:00,186.094
180,11.03 18:00,173.21
180,11.03 19:00,176.359
180,11.03 20:00,186.106
180,11.03 21:00,169.1
180,11.03 22:00,160.856
180,11.03 23:00,158.301
180,12.03 00:00,167.959
180,12.03 01:00,151.046
180,12.03 02:00,133.535
180,12.03 03:00,72.956
180,12.03 04:00,95.786
180,12.03 05:00,70.839
180,12.03 06:00,70.941
180,12.03 07:00,91.654
180,12.03 08:00,71.944
180,12.03 09:00,91.275
180,12.03 10:00,72.745
180,12.03 11:00,114.399
180,12.03 12:00,125.193
180,12.03 13:00,137.846
180,12.03 14:00,147.359
180,12.03 15:00,137.548
180,12.03 16:00,147.032
180,12.03 17:00,146.294
180,12.03 18:00,159.457
180,12.03 19:00,146.637
180,12.03 20:00,143.147
180,12.03 21:00,147.131
180,12.03 22:00,129.825
180,12.03 23:00,139.751
180,13.03 00:00,129.242
180,13.03 01:00,125.479
180,13.03 02:00,118.116
180,13.03 03:00,72.05
180,13.03 04:00,69.735
180,13.03 05:00,68.52
180,13.03 06:00,97.154
180,13.03 07:00,65.128
180,13.03 08:00,91.864
180,13.03 09:00,68.732
180,13.03 10:00,95.382
180,13.03 11:00,68.046
180,13.03 12:00,65.397
180,13.03 13:00,64.546
180,13.03 14:00,103.671
180,13.03 15:00,122.108
180,13.03 16:00,126.024
180,13.03 17:00,128.183
180,13.03 18:00,141.013
180,13.03 19:00,143.042
180,13.03 20:00,147.322
180,13.03 21:00,151.931
180,13.03 22:00,144.29
180,13.03 23:00,152.163
180,14.03 00:00,142.131
180,14.03 01:00,136.752
180,14.03 02:00,119.368
180,14.03 03:00,89.288
180,14.03 04:00,75.642
180,14.03 05:00,73.393
180,14.03 06:00,72.549
180,14.03 07:00,72.277
180,14.03 08:00,101.152
180,14.03 09:00,81.384
180,14.03 10:00,88.148
180,14.03 11:00,158.467
180,14.03 12:00,169.742
180,14.03 13:00,178.907
180,14.03 14:00,190.086
180,14.03 15:00,179.667
180,14.03 16:00,186.391
180,14.03 17:00,174.052
180,14.03 18:00,173.729
180,14.03 19:00,168.475
180,14.03 20:00,158.744
180,14.03 21:00,159.953
180,14.03 22:00,155.705
180,14.03 23:00,156.393
180,15.03 00:00,169.307
180,15.03 01:00,133.997
180,15.03 02:00,132.935
180,15.03 03:00,94.774
180,15.03 04:00,78.376
180,15.03 05:00,79.77
180,15.03 06:00,85.171
180,15.03 07:00,80.55
180,15.03 08:00,82.003
180,15.03 09:00,84.74
180,15.03 10:00,121.447
180,15.03 11:00,166.067
180,15.03 12:00,170.804
180,15.03 13:00,171.455
180,15.03 14:00,169.873
180,15.03 15:00,185.703
180,15.03 16:00,174.147
180,15.03 17:00,188.568
180,15.03 18:00,194.297
180,15.03 19:00,171.47
180,15.03 20:00,172.446
180,15.03 21:00,169.745
180,15.03 22:00,172.156
180,15.03 23:00,159.421
180,16.03 00:00,170.956
180,16.03 01:00,134.989
180,16.03 02:00,130.44
180,16.03 03:00,123.474
180,16.03 04:00,76.809
180,16.03 05:00,74.811
180,16.03 06:00,72.265
180,16.03 07:00,75.943
180,16.03 08:00,100.744
180,16.03 09:00,81.836
180,16.03 10:00,104.388
180,16.03 11:00,170.318
180,16.03 12:00,162.163
180,16.03 13:00,0.0
180,16.03 14:00,172.83
180,16.03 15:00,187.319
180,16.03 16:00,199.077
180,16.03 17:00,181.937
180,16.03 18:00,206.879
180,16.03 19:00,196.581
180,16.03 20:00,174.738
180,16.03 21:00,176.936
180,16.03 22:00,181.15
180,16.03 23:00,155.027
180,17.03 00:00,157.606
180,17.03 01:00,146.58
180,17.03 02:00,135.909
180,17.03 03:00,121.068
180,17.03 04:00,103.994
180,17.03 05:00,73.478
180,17.03 06:00,71.985
180,17.03 07:00,102.768
180,17.03 08:00,96.053
180,17.03 09:00,75.615
180,17.03 10:00,129.591
180,17.03 11:00,163.362
180,17.03 12:00,186.304
180,17.03 13:00,169.993
180,17.03 14:00,177.668
180,17.03 15:00,183.929
180,17.03 16:00,187.985
180,17.03 17:00,198.914
180,17.03 18:00,195.907
180,17.03 19:00,190.203
180,17.03 20:00,178.871
180,17.03 21:00,184.445
180,17.03 22:00,177.318
180,17.03 23:00,175.23
180,18.03 00:00,147.861
180,18.03 01:00,149.362
180,18.03 02:00,137.792
180,18.03 03:00,120.711
180,18.03 04:00,79.866
180,18.03 05:00,76.034
180,18.03 06:00,80.147
180,18.03 07:00,97.604
180,18.03 08:00,72.612
180,18.03 09:00,80.46
180,18.03 10:00,145.367
180,18.03 11:00,164.758
180,18.03 12:00,178.397
180,18.03 13:00,194.265
180,18.03 14:00,185.943
180,18.03 15:00,189.366
180,18.03 16:00,202.789
180,18.03 17:00,181.471
180,18.03 18:00,182.525
180,18.03 19:00,185.444
180,18.03 20:00,180.874
180,18.03 21:00,163.796
180,18.03 22:00,167.016
180,18.03 23:00,154.516
180,19.03 00:00,142.335
180,19.03 01:00,123.367
180,19.03 02:00,77.626
180,19.03 03:00,74.083
180,19.03 04:00,95.445
180,19.03 05:00,72.914
180,19.03 06:00,69.395
180,19.03 07:00,94.726
180,19.03 08:00,69.259
180,19.03 09:00,101.157
180,19.03 10:00,122.667
180,19.03 11:00,145.826
180,19.03 12:00,159.896
180,19.03 13:00,167.913
180,19.03 14:00,163.232
180,19.03 15:00,165.028
180,19.03 16:00,168.075
180,19.03 17:00,167.352
180,19.03 18:00,158.307
180,19.03 19:00,153.856
180,19.03 20:00,149.963
180,19.03 21:00,145.256
180,19.03 22:00,145.223
180,19.03 23:00,146.325
180,20.03 00:00,145.813
180,20.03 01:00,130.386
180,20.03 02:00,88.453
180,20.03 03:00,81.201
180,20.03 04:00,75.964
180,20.03 05:00,68.967
180,20.03 06:00,72.044
180,20.03 07:00,70.975
180,20.03 08:00,75.219
180,20.03 09:00,69.243
180,20.03 10:00,69.461
180,20.03 11:00,81.775
180,20.03 12:00,91.124
180,20.03 13:00,116.718
180,20.03 14:00,105.385
180,20.03 15:00,146.471
180,20.03 16:00,149.39
180,20.03 17:00,137.44
180,20.03 18:00,161.962
180,20.03 19:00,151.49
180,20.03 20:00,159.041
180,20.03 21:00,144.03
180,20.03 22:00,147.43
180,20.03 23:00,160.901
180,21.03 00:00,111.402
180,21.03 01:00,135.864
180,21.03 02:00,115.397
180,21.03 03:00,113.059
180,21.03 04:00,77.808
180,21.03 05:00,78.247
180,21.03 06:00,77.485
180,21.03 07:00,84.041
180,21.03 08:00,95.894
180,21.03 09:00,101.084
180,21.03 10:00,110.087
180,21.03 11:00,138.9
180,21.03 12:00,142.389
180,21.03 13:00,146.254
180,21.03 14:00,162.446
180,21.03 15:00,161.349
180,21.03 16:00,160.196
180,21.03 17:00,162.314
180,21.03 18:00,192.596
180,21.03 19:00,177.822
180,21.03 20:00,181.421
180,21.03 21:00,171.376
180,21.03 22:00,176.076
180,21.03 23:00,159.266
180,22.03 00:00,162.461
180,22.03 01:00,154.867
180,22.03 02:00,134.724
180,22.03 03:00,123.38
180,22.03 04:00,80.009
180,22.03 05:00,77.963
180,22.03 06:00,75.536
180,22.03 07:00,80.787
180,22.03 08:00,82.346
180,22.03 09:00,101.247
180,22.03 10:00,114.207
180,22.03 11:00,132.621
180,22.03 12:00,144.031
180,22.03 13:00,149.277
180,22.03 14:00,165.989
180,22.03 15:00,193.959
180,22.03 16:00,180.143
180,22.03 17:00,182.827
180,22.03 18:00,187.031
180,22.03 19:00,188.63
180,22.03 20:00,188.331
180,22.03 21:00,195.576
180,22.03 22:00,195.255
180,22.03 23:00,195.74
180,23.03 00:00,1.004
180,23.03 01:00,1.001
180,23.03 02:00,1.0
180,23.03 03:00,1.003
180,23.03 04:00,0.996
180,23.03 05:00,0.991
180,23.03 06:00,1.002
180,23.03 07:00,1.002
180,23.03 08:00,1.002
180,23.03 09:00,1.002
180,23.03 10:00,114.38
180,23.03 11:00,155.265
180,23.03 12:00,160.984
180,23.03 13:00,169.886
180,23.03 14:00,188.997
180,23.03 15:00,193.582
180,23.03 16:00,185.193
180,23.03 17:00,190.325
180,23.03 18:00,196.954
180,23.03 19:00,199.37
180,23.03 20:00,174.359
180,23.03 21:00,176.936
180,23.03 22:00,161.241
180,23.03 23:00,164.033
180,24.03 00:00,164.218
180,24.03 01:00,154.221
180,24.03 02:00,132.483
180,24.03 03:00,120.245
180,24.03 04:00,77.33
180,24.03 05:00,98.195
180,24.03 06:00,73.943
180,24.03 07:00,76.004
180,24.03 08:00,77.435
180,24.03 09:00,78.468
180,24.03 10:00,131.015
180,24.03 11:00,162.82
180,24.03 12:00,165.494
180,24.03 13:00,175.927
180,24.03 14:00,196.2
180,24.03 15:00,199.107
180,24.03 16:00,183.886
180,24.03 17:00,184.868
180,24.03 18:00,190.637
180,24.03 19:00,187.899
180,24.03 20:00,192.304
180,24.03 21:00,192.197
180,24.03 22:00,173.891
180,24.03 23:00,159.391
180,25.03 00:00,156.92
180,25.03 01:00,144.903
180,25.03 02:00,132.544
180,25.03 03:00,124.27
180,25.03 04:00,78.373
180,25.03 05:00,104.506
180,25.03 06:00,100.807
180,25.03 07:00,76.017
180,25.03 08:00,101.93
180,25.03 09:00,109.371
180,25.03 10:00,130.29
180,25.03 11:00,166.243
180,25.03 12:00,165.055
180,25.03 13:00,172.375
180,25.03 14:00,180.954
180,25.03 15:00,185.0
180,25.03 16:00,200.462
180,25.03 17:00,184.045
180,25.03 18:00,183.293
180,25.03 19:00,170.421
180,25.03 20:00,173.493
180,25.03 21:00,156.989
180,25.03 22:00,149.718
180,25.03 23:00,138.583
180,26.03 00:00,142.392
180,26.03 01:00,129.41
180,26.03 02:00,76.292
180,26.03 03:00,73.635
180,26.03 04:00,96.642
180,26.03 05:00,67.148
180,26.03 06:00,71.248
180,26.03 07:00,70.149
180,26.03 08:00,69.34
180,26.03 09:00,95.197
180,26.03 10:00,124.833
180,26.03 11:00,151.136
180,26.03 12:00,136.22
180,26.03 13:00,140.716
180,26.03 14:00,147.569
180,26.03 15:00,142.173
180,26.03 16:00,146.176
180,26.03 17:00,154.428
180,26.03 18:00,143.433
180,26.03 19:00,144.251
180,26.03 20:00,149.835
180,26.03 21:00,138.768
180,26.03 22:00,148.475
180,26.03 23:00,132.597
180,27.03 00:00,132.647
180,27.03 01:00,129.495
180,27.03 02:00,71.708
180,27.03 03:00,91.05
180,27.03 04:00,68.432
180,27.03 05:00,91.637
180,27.03 06:00,67.383
180,27.03 07:00,93.396
180,27.03 08:00,70.169
180,27.03 09:00,72.933
180,27.03 10:00,67.983
180,27.03 11:00,70.095
180,27.03 12:00,90.698
180,27.03 13:00,66.985
180,27.03 14:00,101.23
180,27.03 15:00,127.881
180,27.03 16:00,134.08
180,27.03 17:00,128.753
180,27.03 18:00,134.865
180,27.03 19:00,133.188
180,27.03 20:00,139.8
180,27.03 21:00,138.04
180,27.03 22:00,135.949
180,27.03 23:00,138.734
180,28.03 00:00,131.544
180,28.03 01:00,126.452
180,28.03 02:00,90.912
180,28.03 03:00,111.12
180,28.03 04:00,71.431
180,28.03 05:00,73.62
180,28.03 06:00,72.662
180,28.03 07:00,94.326
180,28.03 08:00,76.168
180,28.03 09:00,107.523
180,28.03 10:00,118.798
180,28.03 11:00,156.07
180,28.03 12:00,160.644
180,28.03 13:00,162.909
180,28.03 14:00,178.917
180,28.03 15:00,188.431
180,28.03 16:00,192.941
180,28.03 17:00,183.223
180,28.03 18:00,186.511
180,28.03 19:00,183.41
180,28.03 20:00,174.216
180,28.03 21:00,170.884
180,28.03 22:00,163.43
180,28.03 23:00,160.726
180,29.03 00:00,162.023
180,29.03 01:00,136.897
180,29.03 02:00,132.561
180,29.03 03:00,96.753
180,29.03 04:00,81.604
180,29.03 05:00,101.686
180,29.03 06:00,78.321
180,29.03 07:00,104.541
180,29.03 08:00,75.524
180,29.03 09:00,104.236
180,29.03 10:00,124.031
180,29.03 11:00,159.891
180,29.03 12:00,170.683
180,29.03 13:00,172.115
180,29.03 14:00,198.529
180,29.03 15:00,190.178
180,29.03 16:00,194.465
180,29.03 17:00,186.978
180,29.03 18:00,181.942
180,29.03 19:00,174.89
180,29.03 20:00,167.099
180,29.03 21:00,161.336
180,29.03 22:00,165.905
180,29.03 23:00,152.987
180,30.03 00:00,150.897
180,30.03 01:00,128.99
180,30.03 02:00,128.484
180,30.03 03:00,123.968
180,30.03 04:00,80.035
180,30.03 05:00,77.305
180,30.03 06:00,72.782
180,30.03 07:00,77.774
180,30.03 08:00,75.771
180,30.03 09:00,84.883
180,30.03 10:00,110.049
180,30.03 11:00,134.601
180,30.03 12:00,138.155
180,30.03 13:00,191.95
180,30.03 14:00,181.294
180,30.03 15:00,201.638
180,30.03 16:00,195.995
180,30.03 17:00,181.358
180,30.03 18:00,177.191
180,30.03 19:00,186.923
180,30.03 20:00,168.566
180,30.03 21:00,172.145
180,30.03 22:00,154.727
180,30.03 23:00,152.282
180,31.03 00:00,158.003
180,31.03 01:00,143.463
180,31.03 02:00,129.859
180,31.03 03:00,119.385
180,31.03 04:00,74.287
180,31.03 05:00,70.523
180,31.03 06:00,68.661
180,31.03 07:00,68.629
180,31.03 08:00,73.743
180,31.03 09:00,83.638
180,31.03 10:00,131.877
180,31.03 11:00,160.084
180,31.03 12:00,173.812
180,31.03 13:00,165.607
180,31.03 14:00,195.442
180,31.03 15:00,192.609
180,31.03 16:00,188.002
180,31.03 17:00,196.046
180,31.03 18:00,200.835
180,31.03 19:00,182.049
180,31.03 20:00,192.603
180,31.03 21:00,182.147
180,31.03 22:00,183.459
180,31.03 23:00,163.918
180,01.04 00:00,159.259
180,01.04 01:00,144.344
180,01.04 02:00,140.508
180,01.04 03:00,120.136
180,01.04 04:00,76.364
180,01.04 05:00,74.263
180,01.04 06:00,76.901
180,01.04 07:00,98.68
180,01.04 08:00,71.599
180,01.04 09:00,104.032
180,01.04 10:00,133.149
180,01.04 11:00,170.085
180,01.04 12:00,184.106
180,01.04 13:00,187.425
180,01.04 14:00,195.934
180,01.04 15:00,198.822
180,01.04 16:00,198.327
180,01.04 17:00,211.401
180,01.04 18:00,202.59
180,01.04 19:00,199.509
180,01.04 20:00,204.601
180,01.04 21:00,182.52
180,01.04 22:00,189.986
180,01.04 23:00,154.586
180,02.04 00:00,153.599
180,02.04 01:00,133.689
180,02.04 02:00,84.064
180,02.04 03:00,69.534
180,02.04 04:00,72.225
180,02.04 05:00,66.831
180,02.04 06:00,88.7
180,02.04 07:00,92.148
180,02.04 08:00,89.207
180,02.04 09:00,94.355
180,02.04 10:00,103.276
180,02.04 11:00,143.026
180,02.04 12:00,152.239
180,02.04 13:00,148.508
180,02.04 14:00,158.193
180,02.04 15:00,147.757
180,02.04 16:00,158.503
180,02.04 17:00,150.657
180,02.04 18:00,150.557
180,02.04 19:00,154.631
180,02.04 20:00,156.374
180,02.04 21:00,142.674
180,02.04 22:00,144.859
180,02.04 23:00,129.855
180,03.04 00:00,131.602
180,03.04 01:00,127.205
180,03.04 02:00,72.73
180,03.04 03:00,99.12
180,03.04 04:00,72.409
180,03.04 05:00,64.279
180,03.04 06:00,63.478
180,03.04 07:00,65.124
180,03.04 08:00,61.721
180,03.04 09:00,62.406
180,03.04 10:00,66.169
180,03.04 11:00,89.319
180,03.04 12:00,89.978
180,03.04 13:00,82.614
180,03.04 14:00,103.687
180,03.04 15:00,122.156
180,03.04 16:00,128.106
180,03.04 17:00,151.864
180,03.04 18:00,140.015
180,03.04 19:00,147.388
180,03.04 20:00,154.901
180,03.04 21:00,163.589
180,03.04 22:00,157.711
180,03.04 23:00,158.213
180,04.04 00:00,136.403
180,04.04 01:00,131.367
180,04.04 02:00,115.544
180,04.04 03:00,108.157
180,04.04 04:00,71.157
180,04.04 05:00,69.604
180,04.04 06:00,73.444
180,04.04 07:00,71.338
180,04.04 08:00,73.314
180,04.04 09:00,81.538
180,04.04 10:00,128.512
180,04.04 11:00,170.778
180,04.04 12:00,172.168
180,04.04 13:00,167.743
180,04.04 14:00,181.415
180,04.04 15:00,197.51
180,04.04 16:00,190.718
180,04.04 17:00,196.411
180,04.04 18:00,187.997
180,04.04 19:00,205.826
180,04.04 20:00,193.871
180,04.04 21:00,189.296
180,04.04 22:00,186.818
180,04.04 23:00,186.048
180,05.04 00:00,167.43
180,05.04 01:00,144.644
180,05.04 02:00,134.444
180,05.04 03:00,123.073
180,05.04 04:00,75.866
180,05.04 05:00,75.068
180,05.04 06:00,94.297
180,05.04 07:00,77.14
180,05.04 08:00,79.2
180,05.04 09:00,112.862
180,05.04 10:00,111.63
180,05.04 11:00,140.472
180,05.04 12:00,142.347
180,05.04 13:00,154.952
180,05.04 14:00,157.167
180,05.04 15:00,162.742
180,05.04 16:00,162.783
180,05.04 17:00,155.405
180,05.04 18:00,155.132
180,05.04 19:00,158.668
180,05.04 20:00,154.813
180,05.04 21:00,148.585
180,05.04 22:00,139.042
180,05.04 23:00,135.016
180,06.04 00:00,131.438
180,06.04 01:00,111.933
180,06.04 02:00,111.487
180,06.04 03:00,99.267
180,06.04 04:00,74.286
180,06.04 05:00,78.065
180,06.04 06:00,74.044
180,06.04 07:00,77.769
180,06.04 08:00,88.068
180,06.04 09:00,102.995
180,06.04 10:00,116.668
180,06.04 11:00,150.766
180,06.04 12:00,150.387
180,06.04 13:00,162.232
180,06.04 14:00,177.698
180,06.04 15:00,155.019
180,06.04 16:00,182.639
180,06.04 17:00,180.073
180,06.04 18:00,181.297
180,06.04 19:00,183.15
180,06.04 20:00,171.464
180,06.04 21:00,164.684
180,06.04 22:00,182.973
180,06.04 23:00,163.64
180,07.04 00:00,152.913
180,07.04 01:00,149.391
180,07.04 02:00,131.042
180,07.04 03:00,98.677
180,07.04 04:00,81.093
180,07.04 05:00,74.205
180,07.04 06:00,70.145
180,07.04 07:00,96.113
180,07.04 08:00,76.865
180,07.04 09:00,103.104
180,07.04 10:00,129.948
180,07.04 11:00,161.367
180,07.04 12:00,176.083
180,07.04 13:00,169.151
180,07.04 14:00,178.861
180,07.04 15:00,189.731
180,07.04 16:00,193.347
180,07.04 17:00,186.911
180,07.04 18:00,188.067
180,07.04 19:00,192.302
180,07.04 20:00,187.977
180,07.04 21:00,185.68
180,07.04 22:00,169.623
180,07.04 23:00,159.195
180,08.04 00:00,151.784
180,08.04 01:00,132.034
180,08.04 02:00,132.618
180,08.04 03:00,125.202
180,08.04 04:00,72.997
180,08.04 05:00,70.428
180,08.04 06:00,71.112
180,08.04 07:00,75.091
180,08.04 08:00,80.796
180,08.04 09:00,98.498
180,08.04 10:00,139.669
180,08.04 11:00,166.196
180,08.04 12:00,162.623
180,08.04 13:00,170.711
180,08.04 14:00,198.632
180,08.04 15:00,184.766
180,08.04 16:00,176.009
180,08.04 17:00,194.953
180,08.04 18:00,177.469
180,08.04 19:00,172.626
180,08.04 20:00,168.767
180,08.04 21:00,173.938
180,08.04 22:00,156.871
180,08.04 23:00,147.059
180,09.04 00:00,141.46
180,09.04 01:00,135.591
180,09.04 02:00,80.238
180,09.04 03:00,72.326
180,09.04 04:00,68.961
180,09.04 05:00,67.491
180,09.04 06:00,68.246
180,09.04 07:00,70.293
180,09.04 08:00,74.523
180,09.04 09:00,85.869
180,09.04 10:00,122.101
180,09.04 11:00,156.627
180,09.04 12:00,143.954
180,09.04 13:00,126.292
180,09.04 14:00,136.248
180,09.04 15:00,136.704
180,09.04 16:00,132.714
180,09.04 17:00,137.792
180,09.04 18:00,127.014
180,09.04 19:00,121.986
180,09.04 20:00,121.232
180,09.04 21:00,106.854
180,09.04 22:00,105.505
180,09.04 23:00,98.121
180,10.04 00:00,100.846
180,10.04 01:00,95.1
180,10.04 02:00,63.9
180,10.04 03:00,69.621
180,10.04 04:00,72.836
180,10.04 05:00,65.492
180,10.04 06:00,66.889
180,10.04 07:00,68.162
180,10.04 08:00,67.376
180,10.04 09:00,66.081
180,10.04 10:00,73.019
180,10.04 11:00,94.268
180,10.04 12:00,87.8
180,10.04 13:00,96.599
180,10.04 14:00,122.964
180,10.04 15:00,116.872
180,10.04 16:00,123.398
180,10.04 17:00,153.567
180,10.04 18:00,152.697
180,10.04 19:00,151.514
180,10.04 20:00,152.817
180,10.04 21:00,160.314
180,10.04 22:00,162.456
180,10.04 23:00,160.406
180,11.04 00:00,144.542
180,11.04 01:00,148.063
180,11.04 02:00,103.381
180,11.04 03:00,111.735
180,11.04 04:00,74.81
180,11.04 05:00,75.223
180,11.04 06:00,74.653
180,11.04 07:00,74.793
180,11.04 08:00,82.508
180,11.04 09:00,92.296
180,11.04 10:00,141.251
180,11.04 11:00,160.555
180,11.04 12:00,160.635
180,11.04 13:00,170.37
180,11.04 14:00,188.482
180,11.04 15:00,189.74
180,11.04 16:00,197.777
180,11.04 17:00,186.883
180,11.04 18:00,185.03
180,11.04 19:00,194.579
180,11.04 20:00,190.669
180,11.04 21:00,186.39
180,11.04 22:00,167.572
180,11.04 23:00,170.317
180,12.04 00:00,167.487
180,12.04 01:00,144.913
180,12.04 02:00,134.911
180,12.04 03:00,125.189
180,12.04 04:00,73.316
180,12.04 05:00,72.924
180,12.04 06:00,70.374
180,12.04 07:00,101.703
180,12.04 08:00,74.951
180,12.04 09:00,100.353
180,12.04 10:00,130.077
180,12.04 11:00,176.087
180,12.04 12:00,184.386
180,12.04 13:00,175.592
180,12.04 14:00,195.283
180,12.04 15:00,199.089
180,12.04 16:00,218.495
180,12.04 17:00,215.735
180,12.04 18:00,231.472
180,12.04 19:00,196.901
180,12.04 20:00,191.502
180,12.04 21:00,181.351
180,12.04 22:00,209.358
180,12.04 23:00,205.786
180,13.04 00:00,178.742
180,13.04 01:00,156.104
180,13.04 02:00,135.679
180,13.04 03:00,99.991
180,13.04 04:00,78.486
180,13.04 05:00,70.188
180,13.04 06:00,74.162
180,13.04 07:00,69.758
180,13.04 08:00,75.041
180,13.04 09:00,103.377
180,13.04 10:00,128.725
180,13.04 11:00,169.117
180,13.04 12:00,163.697
180,13.04 13:00,165.657
180,13.04 14:00,184.974
180,13.04 15:00,186.934
180,13.04 16:00,192.542
180,13.04 17:00,190.083
180,13.04 18:00,187.346
180,13.04 19:00,199.74
180,13.04 20:00,193.197
180,13.04 21:00,181.088
180,13.04 22:00,172.779
180,13.04 23:00,165.23
180,14.04 00:00,168.992
180,14.04 01:00,150.124
180,14.04 02:00,114.902
180,14.04 03:00,117.336
180,14.04 04:00,75.099
180,14.04 05:00,70.902
180,14.04 06:00,68.745
180,14.04 07:00,72.315
180,14.04 08:00,79.208
180,14.04 09:00,85.793
180,14.04 10:00,130.865
180,14.04 11:00,172.591
180,14.04 12:00,159.854
180,14.04 13:00,164.855
180,14.04 14:00,174.522
180,14.04 15:00,178.883
180,14.04 16:00,196.757
180,14.04 17:00,181.396
180,14.04 18:00,198.982
180,14.04 19:00,185.876
180,14.04 20:00,175.796
180,14.04 21:00,186.354
180,14.04 22:00,163.225
180,14.04 23:00,166.871
180,15.04 00:00,169.224
180,15.04 01:00,146.209
180,15.04 02:00,0.0
180,15.04 03:00,0.0
180,15.04 04:00,81.642
180,15.04 05:00,70.12
180,15.04 06:00,71.926
180,15.04 07:00,104.991
180,15.04 08:00,74.503
180,15.04 09:00,102.284
180,15.04 10:00,135.81
180,15.04 11:00,156.606
180,15.04 12:00,164.692
180,15.04 13:00,173.595
180,15.04 14:00,177.538
180,15.04 15:00,178.603
180,15.04 16:00,187.766
180,15.04 17:00,181.511
180,15.04 18:00,190.974
180,15.04 19:00,174.816
180,15.04 20:00,179.566
180,15.04 21:00,172.162
180,15.04 22:00,166.893
180,15.04 23:00,156.242
180,16.04 00:00,152.257
180,16.04 01:00,132.079
180,16.04 02:00,74.223
180,16.04 03:00,71.928
180,16.04 04:00,69.165
180,16.04 05:00,68.192
180,16.04 06:00,67.677
180,16.04 07:00,69.663
180,16.04 08:00,94.171
180,16.04 09:00,77.507
180,16.04 10:00,119.586
180,16.04 11:00,133.969
180,16.04 12:00,148.475
180,16.04 13:00,148.822
180,16.04 14:00,148.436
180,16.04 15:00,147.887
180,16.04 16:00,148.345
180,16.04 17:00,161.106
180,16.04 18:00,169.006
180,16.04 19:00,159.081
180,16.04 20:00,160.362
180,16.04 21:00,145.897
180,16.04 22:00,147.292
180,16.04 23:00,130.068
180,17.04 00:00,139.983
180,17.04 01:00,127.992
180,17.04 02:00,70.144
180,17.04 03:00,66.958
180,17.04 04:00,68.648
180,17.04 05:00,88.752
180,17.04 06:00,69.561
180,17.04 07:00,90.997
180,17.04 08:00,65.171
180,17.04 09:00,64.702
180,17.04 10:00,67.857
180,17.04 11:00,90.782
180,17.04 12:00,95.897
180,17.04 13:00,76.985
180,17.04 14:00,113.49
180,17.04 15:00,144.053
180,17.04 16:00,152.717
180,17.04 17:00,146.871
180,17.04 18:00,151.549
180,17.04 19:00,169.314
180,17.04 20:00,163.217
180,17.04 21:00,168.248
180,17.04 22:00,164.011
180,17.04 23:00,164.312
180,18.04 00:00,140.532
180,18.04 01:00,147.553
180,18.04 02:00,123.705
180,18.04 03:00,109.312
180,18.04 04:00,70.722
180,18.04 05:00,90.808
180,18.04 06:00,67.426
180,18.04 07:00,96.049
180,18.04 08:00,93.871
180,18.04 09:00,71.212
180,18.04 10:00,126.752
180,18.04 11:00,156.928
180,18.04 12:00,167.508
180,18.04 13:00,187.673
180,18.04 14:00,208.786
180,18.04 15:00,219.866
180,18.04 16:00,202.236
180,18.04 17:00,195.192
180,18.04 18:00,194.535
180,18.04 19:00,164.997
180,18.04 20:00,221.684
180,18.04 21:00,221.967
180,18.04 22:00,186.086
180,18.04 23:00,199.012
180,19.04 00:00,203.904
180,19.04 01:00,144.909
180,19.04 02:00,137.452
180,19.04 03:00,117.424
180,19.04 04:00,92.945
180,19.04 05:00,72.853
180,19.04 06:00,89.063
180,19.04 07:00,93.199
180,19.04 08:00,88.395
180,19.04 09:00,96.46
180,19.04 10:00,131.56
180,19.04 11:00,165.084
180,19.04 12:00,178.825
180,19.04 13:00,173.259
180,19.04 14:00,190.905
180,19.04 15:00,194.483
180,19.04 16:00,207.324
180,19.04 17:00,220.838
180,19.04 18:00,218.121
180,19.04 19:00,219.408
180,19.04 20:00,212.78
180,19.04 21:00,188.66
180,19.04 22:00,206.186
180,19.04 23:00,213.817
180,20.04 00:00,175.487
180,20.04 01:00,143.992
180,20.04 02:00,133.552
180,20.04 03:00,118.559
180,20.04 04:00,97.622
180,20.04 05:00,75.547
180,20.04 06:00,96.402
180,20.04 07:00,91.582
180,20.04 08:00,93.655
180,20.04 09:00,103.278
180,20.04 10:00,123.06
180,20.04 11:00,166.435
180,20.04 12:00,170.562
180,20.04 13:00,181.063
180,20.04 14:00,200.298
180,20.04 15:00,206.594
180,20.04 16:00,189.98
180,20.04 17:00,195.255
180,20.04 18:00,192.191
180,20.04 19:00,195.67
180,20.04 20:00,181.382
180,20.04 21:00,180.542
180,20.04 22:00,190.485
180,20.04 23:00,169.164
180,21.04 00:00,180.866
180,21.04 01:00,147.309
180,21.04 02:00,144.896
180,21.04 03:00,119.531
180,21.04 04:00,95.578
180,21.04 05:00,72.753
180,21.04 06:00,73.996
180,21.04 07:00,76.13
180,21.04 08:00,76.863
180,21.04 09:00,100.851
180,21.04 10:00,129.789
180,21.04 11:00,165.325
180,21.04 12:00,186.76
180,21.04 13:00,191.022
180,21.04 14:00,186.135
180,21.04 15:00,206.299
180,21.04 16:00,197.049
180,21.04 17:00,200.882
180,21.04 18:00,205.797
180,21.04 19:00,231.907
180,21.04 20:00,221.941
180,21.04 21:00,222.171
180,21.04 22:00,211.786
180,21.04 23:00,189.163
180,22.04 00:00,181.382
180,22.04 01:00,165.937
180,22.04 02:00,144.962
180,22.04 03:00,129.278
180,22.04 04:00,95.996
180,22.04 05:00,75.952
180,22.04 06:00,96.871
180,22.04 07:00,98.819
180,22.04 08:00,97.007
180,22.04 09:00,103.933
180,22.04 10:00,140.659
180,22.04 11:00,175.075
180,22.04 12:00,175.403
180,22.04 13:00,182.753
180,22.04 14:00,179.729
180,22.04 15:00,197.401
180,22.04 16:00,199.414
180,22.04 17:00,187.941
180,22.04 18:00,202.25
180,22.04 19:00,201.475
180,22.04 20:00,204.284
180,22.04 21:00,181.877
180,22.04 22:00,177.037
180,22.04 23:00,163.296
180,23.04 00:00,167.872
180,23.04 01:00,136.304
180,23.04 02:00,96.687
180,23.04 03:00,97.504
180,23.04 04:00,72.365
180,23.04 05:00,95.737
180,23.04 06:00,92.095
180,23.04 07:00,91.732
180,23.04 08:00,91.1
180,23.04 09:00,103.366
180,23.04 10:00,117.234
180,23.04 11:00,146.765
180,23.04 12:00,156.292
180,23.04 13:00,161.442
180,23.04 14:00,164.349
180,23.04 15:00,166.568
180,23.04 16:00,159.937
180,23.04 17:00,163.36
180,23.04 18:00,162.806
180,23.04 19:00,148.977
180,23.04 20:00,154.541
180,23.04 21:00,137.926
180,23.04 22:00,132.179
180,23.04 23:00,128.679
180,24.04 00:00,127.309
180,24.04 01:00,125.181
180,24.04 02:00,91.249
180,24.04 03:00,71.184
180,24.04 04:00,88.286
180,24.04 05:00,70.721
180,24.04 06:00,85.514
180,24.04 07:00,77.098
180,24.04 08:00,88.594
180,24.04 09:00,94.73
180,24.04 10:00,93.05
180,24.04 11:00,90.709
180,24.04 12:00,91.922
180,24.04 13:00,102.628
180,24.04 14:00,119.109
180,24.04 15:00,137.748
180,24.04 16:00,138.048
180,24.04 17:00,154.384
180,24.04 18:00,163.631
180,24.04 19:00,155.311
180,24.04 20:00,157.656
180,24.04 21:00,156.924
180,24.04 22:00,153.872
180,24.04 23:00,155.891
180,25.04 00:00,155.048
180,25.04 01:00,137.076
180,25.04 02:00,114.619
180,25.04 03:00,106.691
180,25.04 04:00,72.726
180,25.04 05:00,72.025
180,25.04 06:00,87.949
180,25.04 07:00,71.24
180,25.04 08:00,91.318
180,25.04 09:00,91.134
180,25.04 10:00,132.569
180,25.04 11:00,156.126
180,25.04 12:00,166.506
180,25.04 13:00,165.501
180,25.04 14:00,181.378
180,25.04 15:00,202.924
180,25.04 16:00,221.257
180,25.04 17:00,219.605
180,25.04 18:00,213.926
180,25.04 19:00,239.702
180,25.04 20:00,216.204
180,25.04 21:00,219.964
180,25.04 22:00,214.75
180,25.04 23:00,180.992
180,26.04 00:00,185.056
180,26.04 01:00,153.254
180,26.04 02:00,139.665
180,26.04 03:00,127.982
180,26.04 04:00,97.041
180,26.04 05:00,73.784
180,26.04 06:00,92.254
180,26.04 07:00,96.724
180,26.04 08:00,95.36
180,26.04 09:00,102.817
180,26.04 10:00,131.539
180,26.04 11:00,164.93
180,26.04 12:00,176.563
180,26.04 13:00,195.461
180,26.04 14:00,205.775
180,26.04 15:00,233.59
180,26.04 16:00,229.094
180,26.04 17:00,218.226
180,26.04 18:00,236.47
180,26.04 19:00,235.589
180,26.04 20:00,227.082
180,26.04 21:00,220.522
180,26.04 22:00,191.94
180,26.04 23:00,209.139
180,27.04 00:00,210.536
180,27.04 01:00,166.133
180,27.04 02:00,141.291
180,27.04 03:00,134.77
180,27.04 04:00,101.434
180,27.04 05:00,75.768
180,27.04 06:00,92.19
180,27.04 07:00,98.906
180,27.04 08:00,97.129
180,27.04 09:00,104.898
180,27.04 10:00,130.274
180,27.04 11:00,179.163
180,27.04 12:00,185.506
180,27.04 13:00,189.591
180,27.04 14:00,199.251
180,27.04 15:00,210.401
180,27.04 16:00,227.655
180,27.04 17:00,230.957
180,27.04 18:00,198.861
180,27.04 19:00,231.582
180,27.04 20:00,232.193
180,27.04 21:00,216.258
180,27.04 22:00,223.99
180,27.04 23:00,183.606
180,28.04 00:00,174.755
180,28.04 01:00,146.931
180,28.04 02:00,136.111
180,28.04 03:00,125.916
180,28.04 04:00,123.839
180,28.04 05:00,133.503
180,28.04 06:00,93.876
180,28.04 07:00,97.902
180,28.04 08:00,93.068
180,28.04 09:00,114.288
180,28.04 10:00,149.612
180,28.04 11:00,176.313
180,28.04 12:00,188.846
180,28.04 13:00,186.436
180,28.04 14:00,200.721
180,28.04 15:00,198.594
180,28.04 16:00,197.741
180,28.04 17:00,200.685
180,28.04 18:00,198.036
180,28.04 19:00,188.141
180,28.04 20:00,194.968
180,28.04 21:00,186.375
180,28.04 22:00,192.858
180,28.04 23:00,169.481
180,29.04 00:00,171.197
180,29.04 01:00,146.624
180,29.04 02:00,154.752
180,29.04 03:00,141.056
180,29.04 04:00,148.957
180,29.04 05:00,128.466
180,29.04 06:00,76.277
180,29.04 07:00,77.859
180,29.04 08:00,74.609
180,29.04 09:00,116.172
180,29.04 10:00,144.028
180,29.04 11:00,163.291
180,29.04 12:00,156.931
180,29.04 13:00,170.468
180,29.04 14:00,180.256
180,29.04 15:00,189.896
180,29.04 16:00,190.63
180,29.04 17:00,196.25
180,29.04 18:00,189.713
180,29.04 19:00,199.886
180,29.04 20:00,178.446
180,29.04 21:00,179.919
180,29.04 22:00,175.062
180,29.04 23:00,167.453
180,30.04 00:00,155.254
180,30.04 01:00,161.517
180,30.04 02:00,135.623
180,30.04 03:00,136.812
180,30.04 04:00,130.549
180,30.04 05:00,128.58
180,30.04 06:00,69.921
180,30.04 07:00,72.008
180,30.04 08:00,77.018
180,30.04 09:00,103.284
180,30.04 10:00,129.268
180,30.04 11:00,144.844
180,30.04 12:00,138.782
180,30.04 13:00,158.787
180,30.04 14:00,149.476
180,30.04 15:00,150.245
180,30.04 16:00,160.98
180,30.04 17:00,157.676
180,30.04 18:00,157.419
180,30.04 19:00,159.812
180,30.04 20:00,157.233
180,30.04 21:00,163.887
180,30.04 22:00,155.646
180,30.04 23:00,152.557
180,01.05 00:00,154.838
180,01.05 01:00,153.611
180,01.05 02:00,143.391
180,01.05 03:00,134.922
180,01.05 04:00,127.012
180,01.05 05:00,126.019
180,01.05 06:00,75.477
180,01.05 07:00,77.014
180,01.05 08:00,80.861
180,01.05 09:00,106.591
180,01.05 10:00,141.171
180,01.05 11:00,147.239
180,01.05 12:00,135.082
180,01.05 13:00,137.577
180,01.05 14:00,141.758
180,01.05 15:00,147.09
180,01.05 16:00,144.918
180,01.05 17:00,143.89
180,01.05 18:00,158.91
180,01.05 19:00,168.657
180,01.05 20:00,166.677
180,01.05 21:00,158.464
180,01.05 22:00,161.125
180,01.05 23:00,160.876
180,02.05 00:00,144.268
180,02.05 01:00,154.064
180,02.05 02:00,138.192
180,02.05 03:00,124.861
180,02.05 04:00,137.425
180,02.05 05:00,134.952
180,02.05 06:00,93.349
180,02.05 07:00,98.214
180,02.05 08:00,104.319
180,02.05 09:00,111.482
180,02.05 10:00,141.574
180,02.05 11:00,166.066
180,02.05 12:00,178.357
180,02.05 13:00,194.992
180,02.05 14:00,206.721
180,02.05 15:00,211.839
180,02.05 16:00,223.776
180,02.05 17:00,230.999
180,02.05 18:00,208.343
180,02.05 19:00,246.082
180,02.05 20:00,228.444
180,02.05 21:00,228.076
180,02.05 22:00,230.203
180,02.05 23:00,195.568
180,03.05 00:00,210.576
180,03.05 01:00,191.972
180,03.05 02:00,168.831
180,03.05 03:00,145.246
180,03.05 04:00,137.483
180,03.05 05:00,97.465
180,03.05 06:00,77.15
180,03.05 07:00,95.978
180,03.05 08:00,95.311
180,03.05 09:00,100.276
180,03.05 10:00,132.831
180,03.05 11:00,176.853
180,03.05 12:00,187.596
180,03.05 13:00,185.095
180,03.05 14:00,210.832
180,03.05 15:00,203.13
180,03.05 16:00,215.727
180,03.05 17:00,221.47
180,03.05 18:00,230.369
180,03.05 19:00,217.966
180,03.05 20:00,218.466
180,03.05 21:00,214.003
180,03.05 22:00,205.321
180,03.05 23:00,217.964
180,04.05 00:00,183.607
180,04.05 01:00,151.19
180,04.05 02:00,139.877
180,04.05 03:00,126.965
180,04.05 04:00,99.086
180,04.05 05:00,78.243
180,04.05 06:00,76.104
180,04.05 07:00,100.969
180,04.05 08:00,98.088
180,04.05 09:00,97.264
180,04.05 10:00,131.855
180,04.05 11:00,165.437
180,04.05 12:00,181.663
180,04.05 13:00,183.456
180,04.05 14:00,193.538
180,04.05 15:00,195.439
180,04.05 16:00,187.886
180,04.05 17:00,185.1
180,04.05 18:00,198.256
180,04.05 19:00,208.787
180,04.05 20:00,185.601
180,04.05 21:00,179.506
180,04.05 22:00,168.708
180,04.05 23:00,163.739
180,05.05 00:00,159.447
180,05.05 01:00,140.844
180,05.05 02:00,130.622
180,05.05 03:00,119.335
180,05.05 04:00,74.998
180,05.05 05:00,73.296
180,05.05 06:00,98.349
180,05.05 07:00,96.712
180,05.05 08:00,75.182
180,05.05 09:00,93.579
180,05.05 10:00,129.643
180,05.05 11:00,182.628
180,05.05 12:00,168.429
180,05.05 13:00,172.482
180,05.05 14:00,177.459
180,05.05 15:00,200.934
180,05.05 16:00,186.632
180,05.05 17:00,185.09
180,05.05 18:00,197.02
180,05.05 19:00,188.032
180,05.05 20:00,198.952
180,05.05 21:00,173.864
180,05.05 22:00,172.981
180,05.05 23:00,162.924
180,06.05 00:00,172.271
180,06.05 01:00,151.563
180,06.05 02:00,136.317
180,06.05 03:00,116.323
180,06.05 04:00,97.04
180,06.05 05:00,78.138
180,06.05 06:00,74.933
180,06.05 07:00,74.888
180,06.05 08:00,90.879
180,06.05 09:00,97.839
180,06.05 10:00,124.64
180,06.05 11:00,156.372
180,06.05 12:00,162.431
180,06.05 13:00,164.804
180,06.05 14:00,189.697
180,06.05 15:00,183.038
180,06.05 16:00,184.615
180,06.05 17:00,180.472
180,06.05 18:00,176.606
180,06.05 19:00,180.38
180,06.05 20:00,185.662
180,06.05 21:00,169.04
180,06.05 22:00,148.875
180,06.05 23:00,142.286
180,07.05 00:00,144.037
180,07.05 01:00,128.644
180,07.05 02:00,75.296
180,07.05 03:00,71.507
180,07.05 04:00,86.124
180,07.05 05:00,68.775
180,07.05 06:00,67.988
180,07.05 07:00,68.103
180,07.05 08:00,88.789
180,07.05 09:00,72.605
180,07.05 10:00,114.473
180,07.05 11:00,145.225
180,07.05 12:00,132.959
180,07.05 13:00,139.944
180,07.05 14:00,147.354
180,07.05 15:00,153.844
180,07.05 16:00,153.06
180,07.05 17:00,153.14
180,07.05 18:00,158.113
180,07.05 19:00,145.573
180,07.05 20:00,146.001
180,07.05 21:00,130.302
180,07.05 22:00,134.551
180,07.05 23:00,121.588
180,08.05 00:00,129.868
180,08.05 01:00,127.498
180,08.05 02:00,90.408
180,08.05 03:00,71.154
180,08.05 04:00,71.838
180,08.05 05:00,92.075
180,08.05 06:00,72.882
180,08.05 07:00,86.317
180,08.05 08:00,71.078
180,08.05 09:00,87.944
180,08.05 10:00,94.826
180,08.05 11:00,91.637
180,08.05 12:00,68.311
180,08.05 13:00,103.625
180,08.05 14:00,122.613
180,08.05 15:00,136.942
180,08.05 16:00,140.866
180,08.05 17:00,143.745
180,08.05 18:00,156.21
180,08.05 19:00,159.405
180,08.05 20:00,156.535
180,08.05 21:00,153.721
180,08.05 22:00,154.303
180,08.05 23:00,169.75
180,09.05 00:00,155.171
180,09.05 01:00,127.679
180,09.05 02:00,121.68
180,09.05 03:00,111.211
180,09.05 04:00,78.425
180,09.05 05:00,74.397
180,09.05 06:00,74.365
180,09.05 07:00,76.258
180,09.05 08:00,72.821
180,09.05 09:00,101.066
180,09.05 10:00,122.402
180,09.05 11:00,156.168
180,09.05 12:00,161.625
180,09.05 13:00,162.17
180,09.05 14:00,170.813
180,09.05 15:00,201.357
180,09.05 16:00,181.06
180,09.05 17:00,187.33
180,09.05 18:00,176.519
180,09.05 19:00,190.829
180,09.05 20:00,173.366
180,09.05 21:00,169.056
180,09.05 22:00,166.185
180,09.05 23:00,160.605
180,10.05 00:00,161.881
180,10.05 01:00,145.0
180,10.05 02:00,130.537
180,10.05 03:00,120.305
180,10.05 04:00,76.138
180,10.05 05:00,75.902
180,10.05 06:00,76.552
180,10.05 07:00,94.405
180,10.05 08:00,97.581
180,10.05 09:00,97.74
180,10.05 10:00,118.598
180,10.05 11:00,158.471
180,10.05 12:00,156.47
180,10.05 13:00,166.761
180,10.05 14:00,178.462
180,10.05 15:00,189.214
180,10.05 16:00,198.554
180,10.05 17:00,187.758
180,10.05 18:00,176.153
180,10.05 19:00,174.632
180,10.05 20:00,184.182
180,10.05 21:00,165.078
180,10.05 22:00,160.313
180,10.05 23:00,165.104
180,11.05 00:00,176.538
180,11.05 01:00,138.013
180,11.05 02:00,136.913
180,11.05 03:00,114.0
180,11.05 04:00,70.541
180,11.05 05:00,93.178
180,11.05 06:00,71.741
180,11.05 07:00,90.943
180,11.05 08:00,96.352
180,11.05 09:00,97.318
180,11.05 10:00,132.316
180,11.05 11:00,169.71
180,11.05 12:00,168.075
180,11.05 13:00,170.175
180,11.05 14:00,201.212
180,11.05 15:00,193.205
180,11.05 16:00,203.207
180,11.05 17:00,212.511
180,11.05 18:00,202.209
180,11.05 19:00,188.198
180,11.05 20:00,204.041
180,11.05 21:00,180.117
180,11.05 22:00,168.737
180,11.05 23:00,171.219
180,12.05 00:00,158.525
180,12.05 01:00,156.28
180,12.05 02:00,138.75
180,12.05 03:00,120.156
180,12.05 04:00,77.731
180,12.05 05:00,91.222
180,12.05 06:00,72.64
180,12.05 07:00,98.675
180,12.05 08:00,96.942
180,12.05 09:00,102.533
180,12.05 10:00,121.515
180,12.05 11:00,154.153
180,12.05 12:00,153.277
180,12.05 13:00,175.231
180,12.05 14:00,186.806
180,12.05 15:00,184.309
180,12.05 16:00,198.351
180,12.05 17:00,190.457
180,12.05 18:00,186.24
180,12.05 19:00,189.339
180,12.05 20:00,179.074
180,12.05 21:00,182.801
180,12.05 22:00,174.589
180,12.05 23:00,181.19
180,13.05 00:00,166.949
180,13.05 01:00,151.779
180,13.05 02:00,132.783
180,13.05 03:00,123.023
180,13.05 04:00,95.403
180,13.05 05:00,95.034
180,13.05 06:00,92.058
180,13.05 07:00,96.576
180,13.05 08:00,98.414
180,13.05 09:00,100.984
180,13.05 10:00,124.86
180,13.05 11:00,170.042
180,13.05 12:00,174.659
180,13.05 13:00,181.662
180,13.05 14:00,191.296
180,13.05 15:00,188.161
180,13.05 16:00,193.535
180,13.05 17:00,204.67
180,13.05 18:00,189.986
180,13.05 19:00,188.922
180,13.05 20:00,181.301
180,13.05 21:00,168.917
180,13.05 22:00,162.035
180,13.05 23:00,149.347
180,14.05 00:00,146.055
180,14.05 01:00,133.364
180,14.05 02:00,89.537
180,14.05 03:00,72.108
180,14.05 04:00,84.799
180,14.05 05:00,89.032
180,14.05 06:00,68.464
180,14.05 07:00,88.576
180,14.05 08:00,87.825
180,14.05 09:00,89.606
180,14.05 10:00,108.036
180,14.05 11:00,121.848
180,14.05 12:00,132.459
180,14.05 13:00,137.579
180,14.05 14:00,142.196
180,14.05 15:00,143.405
180,14.05 16:00,147.511
180,14.05 17:00,151.554
180,14.05 18:00,150.87
180,14.05 19:00,152.388
180,14.05 20:00,148.392
180,14.05 21:00,134.121
180,14.05 22:00,148.474
180,14.05 23:00,136.312
180,15.05 00:00,129.228
180,15.05 01:00,132.077
180,15.05 02:00,80.13
180,15.05 03:00,91.994
180,15.05 04:00,71.328
180,15.05 05:00,90.612
180,15.05 06:00,69.345
180,15.05 07:00,69.121
180,15.05 08:00,86.574
180,15.05 09:00,84.813
180,15.05 10:00,72.535
180,15.05 11:00,94.228
180,15.05 12:00,90.015
180,15.05 13:00,92.698
180,15.05 14:00,101.774
180,15.05 15:00,122.473
180,15.05 16:00,126.98
180,15.05 17:00,129.436
180,15.05 18:00,134.247
180,15.05 19:00,143.975
180,15.05 20:00,157.368
180,15.05 21:00,147.981
180,15.05 22:00,145.083
180,15.05 23:00,147.076
180,16.05 00:00,135.166
180,16.05 01:00,134.762
180,16.05 02:00,109.384
180,16.05 03:00,103.897
180,16.05 04:00,72.892
180,16.05 05:00,69.486
180,16.05 06:00,84.636
180,16.05 07:00,72.529
180,16.05 08:00,96.603
180,16.05 09:00,98.575
180,16.05 10:00,124.832
180,16.05 11:00,145.694
180,16.05 12:00,156.478
180,16.05 13:00,159.117
180,16.05 14:00,168.731
180,16.05 15:00,175.17
180,16.05 16:00,190.276
180,16.05 17:00,194.357
180,16.05 18:00,182.346
180,16.05 19:00,191.034
180,16.05 20:00,178.575
180,16.05 21:00,183.905
180,16.05 22:00,160.92
180,16.05 23:00,164.844
180,17.05 00:00,166.163
180,17.05 01:00,138.186
180,17.05 02:00,125.795
180,17.05 03:00,112.785
180,17.05 04:00,77.875
180,17.05 05:00,75.016
180,17.05 06:00,73.318
180,17.05 07:00,87.513
180,17.05 08:00,93.498
180,17.05 09:00,93.148
180,17.05 10:00,125.004
180,17.05 11:00,163.413
180,17.05 12:00,164.328
180,17.05 13:00,168.692
180,17.05 14:00,172.918
180,17.05 15:00,178.909
180,17.05 16:00,179.707
180,17.05 17:00,179.223
180,17.05 18:00,173.283
180,17.05 19:00,175.383
180,17.05 20:00,181.534
180,17.05 21:00,169.363
180,17.05 22:00,154.152
180,17.05 23:00,163.306
180,18.05 00:00,160.084
180,18.05 01:00,151.41
180,18.05 02:00,119.866
180,18.05 03:00,116.338
180,18.05 04:00,76.508
180,18.05 05:00,75.225
180,18.05 06:00,91.543
180,18.05 07:00,92.035
180,18.05 08:00,90.47
180,18.05 09:00,99.667
180,18.05 10:00,114.023
180,18.05 11:00,159.601
180,18.05 12:00,177.605
180,18.05 13:00,172.627
180,18.05 14:00,184.235
180,18.05 15:00,177.854
180,18.05 16:00,172.843
180,18.05 17:00,176.582
180,18.05 18:00,177.233
180,18.05 19:00,190.244
180,18.05 20:00,183.558
180,18.05 21:00,162.156
180,18.05 22:00,156.938
180,18.05 23:00,164.979
180,19.05 00:00,156.493
180,19.05 01:00,141.6
180,19.05 02:00,129.06
180,19.05 03:00,116.26
180,19.05 04:00,77.028
180,19.05 05:00,75.259
180,19.05 06:00,94.367
180,19.05 07:00,91.429
180,19.05 08:00,73.306
180,19.05 09:00,95.609
180,19.05 10:00,114.406
180,19.05 11:00,169.045
180,19.05 12:00,159.667
180,19.05 13:00,172.661
180,19.05 14:00,177.629
180,19.05 15:00,188.657
180,19.05 16:00,182.613
180,19.05 17:00,192.461
180,19.05 18:00,183.136
180,19.05 19:00,193.389
180,19.05 20:00,175.591
180,19.05 21:00,169.62
180,19.05 22:00,163.1
180,19.05 23:00,160.474
180,20.05 00:00,176.949
180,20.05 01:00,148.223
180,20.05 02:00,145.95
180,20.05 03:00,119.794
180,20.05 04:00,90.535
180,20.05 05:00,75.023
180,20.05 06:00,90.1
180,20.05 07:00,97.243
180,20.05 08:00,74.784
180,20.05 09:00,95.411
180,20.05 10:00,116.999
180,20.05 11:00,162.528
180,20.05 12:00,158.38
180,20.05 13:00,165.373
180,20.05 14:00,171.52
180,20.05 15:00,177.791
180,20.05 16:00,183.316
180,20.05 17:00,170.846
180,20.05 18:00,176.504
180,20.05 19:00,184.325
180,20.05 20:00,164.867
180,20.05 21:00,170.529
180,20.05 22:00,168.621
180,20.05 23:00,162.146
180,21.05 00:00,153.594
180,21.05 01:00,124.596
180,21.05 02:00,89.484
180,21.05 03:00,71.0
180,21.05 04:00,91.368
180,21.05 05:00,92.37
180,21.05 06:00,91.486
180,21.05 07:00,88.424
180,21.05 08:00,73.693
180,21.05 09:00,88.944
180,21.05 10:00,103.14
180,21.05 11:00,134.995
180,21.05 12:00,143.537
180,21.05 13:00,140.907
180,21.05 14:00,143.099
180,21.05 15:00,150.81
180,21.05 16:00,143.916
180,21.05 17:00,152.782
180,21.05 18:00,148.039
180,21.05 19:00,156.965
180,21.05 20:00,155.061
180,21.05 21:00,156.368
180,21.05 22:00,138.966
180,21.05 23:00,140.258
180,22.05 00:00,130.055
180,22.05 01:00,125.758
180,22.05 02:00,72.442
180,22.05 03:00,90.755
180,22.05 04:00,70.484
180,22.05 05:00,88.441
180,22.05 06:00,67.979
180,22.05 07:00,87.435
180,22.05 08:00,68.839
180,22.05 09:00,85.664
180,22.05 10:00,88.819
180,22.05 11:00,83.642
180,22.05 12:00,115.805
180,22.05 13:00,144.992
180,22.05 14:00,141.09
180,22.05 15:00,160.605
180,22.05 16:00,172.092
180,22.05 17:00,170.834
180,22.05 18:00,167.48
180,22.05 19:00,156.809
180,22.05 20:00,156.213
180,22.05 21:00,144.735
180,22.05 22:00,146.347
180,22.05 23:00,137.841
180,23.05 00:00,127.546
180,23.05 01:00,124.894
180,23.05 02:00,111.356
180,23.05 03:00,103.965
180,23.05 04:00,70.266
180,23.05 05:00,72.479
180,23.05 06:00,75.438
180,23.05 07:00,75.425
180,23.05 08:00,91.224
180,23.05 09:00,99.722
180,23.05 10:00,120.796
180,23.05 11:00,155.812
180,23.05 12:00,169.893
180,23.05 13:00,176.405
180,23.05 14:00,170.555
180,23.05 15:00,178.964
180,23.05 16:00,180.741
180,23.05 17:00,173.26
180,23.05 18:00,177.853
180,23.05 19:00,171.71
180,23.05 20:00,175.906
180,23.05 21:00,175.759
180,23.05 22:00,156.474
180,23.05 23:00,155.772
180,24.05 00:00,167.885
180,24.05 01:00,136.302
180,24.05 02:00,128.632
180,24.05 03:00,118.143
180,24.05 04:00,92.487
180,24.05 05:00,74.757
180,24.05 06:00,88.691
180,24.05 07:00,87.269
180,24.05 08:00,92.837
180,24.05 09:00,94.611
180,24.05 10:00,120.855
180,24.05 11:00,161.736
180,24.05 12:00,162.363
180,24.05 13:00,168.56
180,24.05 14:00,192.68
180,24.05 15:00,184.213
180,24.05 16:00,192.112
180,24.05 17:00,197.586
180,24.05 18:00,210.997
180,24.05 19:00,216.962
180,24.05 20:00,188.002
180,24.05 21:00,197.248
180,24.05 22:00,189.218
180,24.05 23:00,181.345
180,25.05 00:00,183.093
180,25.05 01:00,140.198
180,25.05 02:00,130.027
180,25.05 03:00,114.389
180,25.05 04:00,93.765
180,25.05 05:00,73.593
180,25.05 06:00,87.204
180,25.05 07:00,96.637
180,25.05 08:00,93.943
180,25.05 09:00,93.326
180,25.05 10:00,119.629
180,25.05 11:00,160.349
180,25.05 12:00,161.927
180,25.05 13:00,172.219
180,25.05 14:00,181.635
180,25.05 15:00,217.692
180,25.05 16:00,220.696
180,25.05 17:00,185.299
180,25.05 18:00,210.191
180,25.05 19:00,211.137
180,25.05 20:00,194.424
180,25.05 21:00,214.767
180,25.05 22:00,205.386
180,25.05 23:00,195.621
180,26.05 00:00,204.831
180,26.05 01:00,156.664
180,26.05 02:00,133.586
180,26.05 03:00,123.017
180,26.05 04:00,93.674
180,26.05 05:00,91.01
180,26.05 06:00,69.891
180,26.05 07:00,92.297
180,26.05 08:00,90.954
180,26.05 09:00,95.495
180,26.05 10:00,128.241
180,26.05 11:00,165.555
180,26.05 12:00,174.883
180,26.05 13:00,189.126
180,26.05 14:00,0.0
180,26.05 15:00,233.401
180,26.05 16:00,253.392
180,26.05 17:00,232.484
180,26.05 18:00,205.391
180,26.05 19:00,234.506
180,26.05 20:00,220.458
180,26.05 21:00,188.453
180,26.05 22:00,202.117
180,26.05 23:00,198.991
180,27.05 00:00,206.481
180,27.05 01:00,172.807
180,27.05 02:00,142.767
180,27.05 03:00,120.841
180,27.05 04:00,94.263
180,27.05 05:00,99.339
180,27.05 06:00,93.013
180,27.05 07:00,93.331
180,27.05 08:00,92.034
180,27.05 09:00,99.419
180,27.05 10:00,131.021
180,27.05 11:00,200.411
180,27.05 12:00,206.588
180,27.05 13:00,192.317
180,27.05 14:00,226.948
180,27.05 15:00,228.805
180,27.05 16:00,195.279
180,27.05 17:00,231.427
180,27.05 18:00,227.805
180,27.05 19:00,236.808
180,27.05 20:00,218.888
180,27.05 21:00,174.108
180,27.05 22:00,199.606
180,27.05 23:00,193.947
180,28.05 00:00,163.945
180,28.05 01:00,163.864
180,28.05 02:00,104.658
180,28.05 03:00,91.747
180,28.05 04:00,89.784
180,28.05 05:00,90.197
180,28.05 06:00,90.902
180,28.05 07:00,93.691
180,28.05 08:00,101.894
180,28.05 09:00,103.467
180,28.05 10:00,123.639
180,28.05 11:00,160.333
180,28.05 12:00,189.539
180,28.05 13:00,157.445
180,28.05 14:00,189.671
180,28.05 15:00,195.18
180,28.05 16:00,166.09
180,28.05 17:00,189.621
180,28.05 18:00,189.056
180,28.05 19:00,166.499
180,28.05 20:00,191.097
180,28.05 21:00,142.415
180,28.05 22:00,177.326
180,28.05 23:00,170.266
180,29.05 00:00,145.038
180,29.05 01:00,141.969
180,29.05 02:00,90.921
180,29.05 03:00,88.237
180,29.05 04:00,89.273
180,29.05 05:00,87.666
180,29.05 06:00,88.979
180,29.05 07:00,86.06
180,29.05 08:00,85.725
180,29.05 09:00,92.262
180,29.05 10:00,91.345
180,29.05 11:00,89.907
180,29.05 12:00,88.3
180,29.05 13:00,112.61
180,29.05 14:00,141.441
180,29.05 15:00,170.703
180,29.05 16:00,180.498
180,29.05 17:00,219.371
180,29.05 18:00,187.135
180,29.05 19:00,163.131
180,29.05 20:00,193.477
180,29.05 21:00,185.345
180,29.05 22:00,158.976
180,29.05 23:00,178.952
180,30.05 00:00,167.465
180,30.05 01:00,133.42
180,30.05 02:00,122.849
180,30.05 03:00,109.874
180,30.05 04:00,88.069
180,30.05 05:00,87.716
180,30.05 06:00,85.464
180,30.05 07:00,86.98
180,30.05 08:00,88.364
180,30.05 09:00,97.312
180,30.05 10:00,120.61
180,30.05 11:00,168.134
180,30.05 12:00,174.698
180,30.05 13:00,146.586
180,30.05 14:00,178.328
180,30.05 15:00,178.605
180,30.05 16:00,163.17
180,30.05 17:00,183.689
180,30.05 18:00,183.991
180,30.05 19:00,165.981
180,30.05 20:00,192.136
180,30.05 21:00,189.048
180,30.05 22:00,193.662
180,30.05 23:00,191.425
180,31.05 00:00,168.514
180,31.05 01:00,180.569
180,31.05 02:00,166.022
180,31.05 03:00,126.255
180,31.05 04:00,96.981
180,31.05 05:00,95.318
180,31.05 06:00,88.304
180,31.05 07:00,91.394
180,31.05 08:00,90.526
180,31.05 09:00,100.341
180,31.05 10:00,134.346
180,31.05 11:00,202.827
180,31.05 12:00,205.863
180,31.05 13:00,186.527
180,31.05 14:00,219.44
180,31.05 15:00,235.997
180,31.05 16:00,193.95
180,31.05 17:00,233.611
180,31.05 18:00,218.26
180,31.05 19:00,241.303
180,31.05 20:00,207.424
180,31.05 21:00,179.575
180,31.05 22:00,201.605
180,31.05 23:00,194.905
180,01.06 00:00,171.247
180,01.06 01:00,172.817
180,01.06 02:00,169.367
180,01.06 03:00,130.871
180,01.06 04:00,93.328
180,01.06 05:00,91.118
180,01.06 06:00,89.724
180,01.06 07:00,88.159
180,01.06 08:00,93.22
180,01.06 09:00,99.793
180,01.06 10:00,131.588
180,01.06 11:00,200.705
180,01.06 12:00,206.799
180,01.06 13:00,192.111
180,01.06 14:00,227.581
180,01.06 15:00,223.101
180,01.06 16:00,209.507
180,01.06 17:00,225.898
180,01.06 18:00,227.881
180,01.06 19:00,242.525
180,01.06 20:00,217.637
180,01.06 21:00,179.099
180,01.06 22:00,205.576
180,01.06 23:00,203.023
180,02.06 00:00,175.103
180,02.06 01:00,171.988
180,02.06 02:00,169.659
180,02.06 03:00,127.452
180,02.06 04:00,92.268
180,02.06 05:00,96.137
180,02.06 06:00,89.516
180,02.06 07:00,93.349
180,02.06 08:00,98.746
180,02.06 09:00,107.157
180,02.06 10:00,138.353
180,02.06 11:00,200.789
180,02.06 12:00,211.96
180,02.06 13:00,194.749
180,02.06 14:00,232.526
180,02.06 15:00,236.398
180,02.06 16:00,252.869
180,02.06 17:00,234.636
180,02.06 18:00,198.734
180,02.06 19:00,233.806
180,02.06 20:00,234.456
180,02.06 21:00,204.881
180,02.06 22:00,228.078
180,02.06 23:00,214.521
180,03.06 00:00,213.13
180,03.06 01:00,182.234
180,03.06 02:00,151.009
180,03.06 03:00,131.425
180,03.06 04:00,95.258
180,03.06 05:00,95.729
180,03.06 06:00,96.317
180,03.06 07:00,96.493
180,03.06 08:00,103.119
180,03.06 09:00,110.087
180,03.06 10:00,133.622
180,03.06 11:00,212.175
180,03.06 12:00,204.021
180,03.06 13:00,190.177
180,03.06 14:00,225.403
180,03.06 15:00,232.141
180,03.06 16:00,202.922
180,03.06 17:00,258.387
180,03.06 18:00,226.438
180,03.06 19:00,251.614
180,03.06 20:00,224.83
180,03.06 21:00,171.375
180,03.06 22:00,204.777
180,03.06 23:00,191.842
180,04.06 00:00,168.195
180,04.06 01:00,174.471
180,04.06 02:00,129.063
180,04.06 03:00,92.071
180,04.06 04:00,97.142
180,04.06 05:00,97.174
180,04.06 06:00,92.251
180,04.06 07:00,96.602
180,04.06 08:00,99.228
180,04.06 09:00,110.99
180,04.06 10:00,135.732
180,04.06 11:00,164.223
180,04.06 12:00,204.492
180,04.06 13:00,191.227
180,04.06 14:00,178.151
180,04.06 15:00,203.485
180,04.06 16:00,208.201
180,04.06 17:00,199.448
180,04.06 18:00,203.592
180,04.06 19:00,173.318
180,04.06 20:00,198.444
180,04.06 21:00,180.193
180,04.06 22:00,161.276
180,04.06 23:00,170.852
180,05.06 00:00,142.721
180,05.06 01:00,133.898
180,05.06 02:00,97.474
180,05.06 03:00,94.815
180,05.06 04:00,96.362
180,05.06 05:00,89.889
180,05.06 06:00,94.205
180,05.06 07:00,93.816
180,05.06 08:00,95.9
180,05.06 09:00,92.239
180,05.06 10:00,94.27
180,05.06 11:00,93.307
180,05.06 12:00,98.596
180,05.06 13:00,121.835
180,05.06 14:00,135.625
180,05.06 15:00,185.764
180,05.06 16:00,189.439
180,05.06 17:00,175.944
180,05.06 18:00,202.349
180,05.06 19:00,198.927
180,05.06 20:00,217.838
180,05.06 21:00,195.856
180,05.06 22:00,175.774
180,05.06 23:00,210.065
180,06.06 00:00,181.579
180,06.06 01:00,152.316
180,06.06 02:00,132.368
180,06.06 03:00,118.999
180,06.06 04:00,101.494
180,06.06 05:00,99.379
180,06.06 06:00,95.56
180,06.06 07:00,98.429
180,06.06 08:00,99.897
180,06.06 09:00,118.687
180,06.06 10:00,142.507
180,06.06 11:00,206.981
180,06.06 12:00,216.29
180,06.06 13:00,185.92
180,06.06 14:00,227.556
180,06.06 15:00,220.903
180,06.06 16:00,203.305
180,06.06 17:00,209.584
180,06.06 18:00,217.028
180,06.06 19:00,230.064
180,06.06 20:00,214.997
180,06.06 21:00,178.857
180,06.06 22:00,204.286
180,06.06 23:00,199.213
180,07.06 00:00,190.952
180,07.06 01:00,178.791
180,07.06 02:00,185.576
180,07.06 03:00,134.968
180,07.06 04:00,101.471
180,07.06 05:00,100.58
180,07.06 06:00,98.019
180,07.06 07:00,97.749
180,07.06 08:00,99.637
180,07.06 09:00,119.414
180,07.06 10:00,149.549
180,07.06 11:00,215.438
180,07.06 12:00,211.58
180,07.06 13:00,181.116
180,07.06 14:00,226.967
180,07.06 15:00,227.49
180,07.06 16:00,214.599
180,07.06 17:00,218.536
180,07.06 18:00,227.99
180,07.06 19:00,222.52
180,07.06 20:00,222.36
180,07.06 21:00,194.127
180,07.06 22:00,211.952
180,07.06 23:00,195.961
180,08.06 00:00,172.603
180,08.06 01:00,175.265
180,08.06 02:00,159.598
180,08.06 03:00,119.514
180,08.06 04:00,94.586
180,08.06 05:00,72.905
180,08.06 06:00,88.971
180,08.06 07:00,96.751
180,08.06 08:00,94.051
180,08.06 09:00,102.502
180,08.06 10:00,126.776
180,08.06 11:00,162.969
180,08.06 12:00,166.301
180,08.06 13:00,176.545
180,08.06 14:00,179.978
180,08.06 15:00,190.829
180,08.06 16:00,185.316
180,08.06 17:00,191.164
180,08.06 18:00,185.786
180,08.06 19:00,181.133
180,08.06 20:00,182.637
180,08.06 21:00,178.74
180,08.06 22:00,172.149
180,08.06 23:00,159.712
180,09.06 00:00,163.778
180,09.06 01:00,140.992
180,09.06 02:00,127.256
180,09.06 03:00,118.997
180,09.06 04:00,88.547
180,09.06 05:00,73.566
180,09.06 06:00,69.626
180,09.06 07:00,91.402
180,09.06 08:00,88.4
180,09.06 09:00,87.693
180,09.06 10:00,119.183
180,09.06 11:00,163.548
180,09.06 12:00,164.98
180,09.06 13:00,173.147
180,09.06 14:00,178.246
180,09.06 15:00,186.477
180,09.06 16:00,193.325
180,09.06 17:00,188.497
180,09.06 18:00,192.433
180,09.06 19:00,186.852
180,09.06 20:00,185.678
180,09.06 21:00,201.223
180,09.06 22:00,198.768
180,09.06 23:00,192.824
180,10.06 00:00,199.543
180,10.06 01:00,144.501
180,10.06 02:00,147.846
180,10.06 03:00,118.127
180,10.06 04:00,92.51
180,10.06 05:00,73.713
180,10.06 06:00,89.912
180,10.06 07:00,92.875
180,10.06 08:00,91.237
180,10.06 09:00,105.016
180,10.06 10:00,118.991
180,10.06 11:00,166.158
180,10.06 12:00,176.837
180,10.06 13:00,186.835
180,10.06 14:00,172.859
180,10.06 15:00,190.018
180,10.06 16:00,198.233
180,10.06 17:00,199.272
180,10.06 18:00,201.747
180,10.06 19:00,200.186
180,10.06 20:00,215.101
180,10.06 21:00,176.869
180,10.06 22:00,191.23
180,10.06 23:00,186.876
180,11.06 00:00,168.75
180,11.06 01:00,140.022
180,11.06 02:00,86.399
180,11.06 03:00,86.386
180,11.06 04:00,84.389
180,11.06 05:00,85.385
180,11.06 06:00,86.822
180,11.06 07:00,90.916
180,11.06 08:00,91.77
180,11.06 09:00,100.58
180,11.06 10:00,122.679
180,11.06 11:00,148.323
180,11.06 12:00,185.108
180,11.06 13:00,187.936
180,11.06 14:00,176.363
180,11.06 15:00,196.222
180,11.06 16:00,202.268
180,11.06 17:00,211.898
180,11.06 18:00,205.616
180,11.06 19:00,171.787
180,11.06 20:00,196.771
180,11.06 21:00,178.863
180,11.06 22:00,162.369
180,11.06 23:00,174.677
180,12.06 00:00,175.335
180,12.06 01:00,141.611
180,12.06 02:00,93.536
180,12.06 03:00,95.415
180,12.06 04:00,89.332
180,12.06 05:00,88.567
180,12.06 06:00,87.513
180,12.06 07:00,98.359
180,12.06 08:00,91.514
180,12.06 09:00,90.048
180,12.06 10:00,91.401
180,12.06 11:00,103.253
180,12.06 12:00,117.306
180,12.06 13:00,141.168
180,12.06 14:00,176.914
180,12.06 15:00,195.093
180,12.06 16:00,164.759
180,12.06 17:00,194.211
180,12.06 18:00,202.467
180,12.06 19:00,232.404
180,12.06 20:00,202.249
180,12.06 21:00,180.183
180,12.06 22:00,192.187
180,12.06 23:00,210.015
180,13.06 00:00,153.787
180,13.06 01:00,182.726
180,13.06 02:00,149.838
180,13.06 03:00,113.095
180,13.06 04:00,93.116
180,13.06 05:00,73.441
180,13.06 06:00,85.245
180,13.06 07:00,87.494
180,13.06 08:00,95.372
180,13.06 09:00,107.411
180,13.06 10:00,138.025
180,13.06 11:00,173.619
180,13.06 12:00,174.333
180,13.06 13:00,185.16
180,13.06 14:00,224.22
180,13.06 15:00,226.097
180,13.06 16:00,212.161
180,13.06 17:00,217.582
180,13.06 18:00,224.96
180,13.06 19:00,217.278
180,13.06 20:00,228.994
180,13.06 21:00,0.0
180,13.06 22:00,202.322
180,13.06 23:00,195.249
180,14.06 00:00,178.203
180,14.06 01:00,181.284
180,14.06 02:00,161.045
180,14.06 03:00,125.883
180,14.06 04:00,93.541
180,14.06 05:00,92.084
180,14.06 06:00,74.59
180,14.06 07:00,93.481
180,14.06 08:00,95.473
180,14.06 09:00,111.42
180,14.06 10:00,127.538
180,14.06 11:00,173.186
180,14.06 12:00,186.661
180,14.06 13:00,220.542
180,14.06 14:00,222.487
180,14.06 15:00,193.59
180,14.06 16:00,206.012
180,14.06 17:00,211.166
180,14.06 18:00,196.972
180,14.06 19:00,220.322
180,14.06 20:00,216.731
180,14.06 21:00,230.236
180,14.06 22:00,215.553
180,14.06 23:00,185.46
180,15.06 00:00,210.105
180,15.06 01:00,193.012
180,15.06 02:00,143.702
180,15.06 03:00,122.187
180,15.06 04:00,96.756
180,15.06 05:00,94.254
180,15.06 06:00,93.979
180,15.06 07:00,89.227
180,15.06 08:00,98.493
180,15.06 09:00,117.23
180,15.06 10:00,158.718
180,15.06 11:00,230.937
180,15.06 12:00,199.826
180,15.06 13:00,191.937
180,15.06 14:00,210.259
180,15.06 15:00,224.45
180,15.06 16:00,195.608
180,15.06 17:00,230.841
180,15.06 18:00,228.734
180,15.06 19:00,232.06
180,15.06 20:00,211.4
180,15.06 21:00,195.511
180,15.06 22:00,201.902
180,15.06 23:00,205.402
180,16.06 00:00,179.05
180,16.06 01:00,176.97
180,16.06 02:00,174.284
180,16.06 03:00,128.38
180,16.06 04:00,102.411
180,16.06 05:00,99.12
180,16.06 06:00,99.256
180,16.06 07:00,102.764
180,16.06 08:00,108.692
180,16.06 09:00,129.977
180,16.06 10:00,188.929
180,16.06 11:00,213.333
180,16.06 12:00,177.352
180,16.06 13:00,236.738
180,16.06 14:00,236.506
180,16.06 15:00,200.993
180,16.06 16:00,232.392
180,16.06 17:00,236.358
180,16.06 18:00,199.711
180,16.06 19:00,227.867
180,16.06 20:00,240.007
180,16.06 21:00,247.265
180,16.06 22:00,200.289
180,16.06 23:00,138.697
180,17.06 00:00,246.163
180,17.06 01:00,190.84
180,17.06 02:00,150.9
180,17.06 03:00,140.225
180,17.06 04:00,112.604
180,17.06 05:00,100.752
180,17.06 06:00,100.07
180,17.06 07:00,99.257
180,17.06 08:00,104.745
180,17.06 09:00,95.906
180,17.06 10:00,162.468
180,17.06 11:00,196.949
180,17.06 12:00,188.498
180,17.06 13:00,190.305
180,17.06 14:00,204.779
180,17.06 15:00,203.181
180,17.06 16:00,207.941
180,17.06 17:00,201.871
180,17.06 18:00,207.978
180,17.06 19:00,200.92
180,17.06 20:00,188.913
180,17.06 21:00,203.3
180,17.06 22:00,194.924
180,17.06 23:00,167.714
180,18.06 00:00,162.598
180,18.06 01:00,148.937
180,18.06 02:00,98.555
180,18.06 03:00,93.769
180,18.06 04:00,92.582
180,18.06 05:00,92.819
180,18.06 06:00,89.168
180,18.06 07:00,89.331
180,18.06 08:00,90.229
180,18.06 09:00,98.242
180,18.06 10:00,110.693
180,18.06 11:00,142.402
180,18.06 12:00,153.734
180,18.06 13:00,157.909
180,18.06 14:00,164.08
180,18.06 15:00,183.121
180,18.06 16:00,182.421
180,18.06 17:00,174.315
180,18.06 18:00,173.604
180,18.06 19:00,188.553
180,18.06 20:00,176.495
180,18.06 21:00,173.218
180,18.06 22:00,165.601
180,18.06 23:00,155.695
180,19.06 00:00,146.73
180,19.06 01:00,136.593
180,19.06 02:00,98.06
180,19.06 03:00,97.719
180,19.06 04:00,91.877
180,19.06 05:00,88.0
180,19.06 06:00,89.481
180,19.06 07:00,86.173
180,19.06 08:00,87.327
180,19.06 09:00,88.026
180,19.06 10:00,88.137
180,19.06 11:00,92.067
180,19.06 12:00,91.038
180,19.06 13:00,117.764
180,19.06 14:00,132.275
180,19.06 15:00,158.396
180,19.06 16:00,169.623
180,19.06 17:00,164.849
180,19.06 18:00,168.913
180,19.06 19:00,168.784
180,19.06 20:00,177.595
180,19.06 21:00,171.83
180,19.06 22:00,176.931
180,19.06 23:00,175.502
180,20.06 00:00,157.211
180,20.06 01:00,150.457
180,20.06 02:00,132.933
180,20.06 03:00,117.458
180,20.06 04:00,105.141
180,20.06 05:00,95.558
180,20.06 06:00,91.728
180,20.06 07:00,94.132
180,20.06 08:00,96.53
180,20.06 09:00,107.387
180,20.06 10:00,124.983
180,20.06 11:00,168.227
180,20.06 12:00,176.613
180,20.06 13:00,182.184
180,20.06 14:00,201.197
180,20.06 15:00,217.108
180,20.06 16:00,215.087
180,20.06 17:00,215.383
180,20.06 18:00,201.752
180,20.06 19:00,213.642
180,20.06 20:00,215.45
180,20.06 21:00,195.282
180,20.06 22:00,209.838
180,20.06 23:00,214.129
180,21.06 00:00,233.671
180,21.06 01:00,185.24
180,21.06 02:00,150.169
180,21.06 03:00,137.261
180,21.06 04:00,99.427
180,21.06 05:00,98.047
180,21.06 06:00,103.529
180,21.06 07:00,100.036
180,21.06 08:00,117.807
180,21.06 09:00,127.455
180,21.06 10:00,144.9
180,21.06 11:00,236.552
180,21.06 12:00,216.141
180,21.06 13:00,197.857
180,21.06 14:00,247.422
180,21.06 15:00,236.322
180,21.06 16:00,214.782
180,21.06 17:00,234.949
180,21.06 18:00,207.268
180,21.06 19:00,151.8
180,21.06 20:00,243.96
180,21.06 21:00,230.141
180,21.06 22:00,167.501
180,21.06 23:00,220.919
180,22.06 00:00,196.219
180,22.06 01:00,146.155
180,22.06 02:00,137.688
180,22.06 03:00,126.199
180,22.06 04:00,106.788
180,22.06 05:00,100.815
180,22.06 06:00,102.726
180,22.06 07:00,102.665
180,22.06 08:00,109.721
180,22.06 09:00,119.206
180,22.06 10:00,142.99
180,22.06 11:00,225.853
180,22.06 12:00,207.361
180,22.06 13:00,180.987
180,22.06 14:00,249.942
180,22.06 15:00,222.574
180,22.06 16:00,186.622
180,22.06 17:00,239.313
180,22.06 18:00,232.461
180,22.06 19:00,195.885
180,22.06 20:00,211.185
180,22.06 21:00,212.697
180,22.06 22:00,182.633
180,22.06 23:00,201.485
180,23.06 00:00,204.361
180,23.06 01:00,155.483
180,23.06 02:00,148.898
180,23.06 03:00,127.393
180,23.06 04:00,102.07
180,23.06 05:00,102.644
180,23.06 06:00,77.364
180,23.06 07:00,100.487
180,23.06 08:00,106.069
180,23.06 09:00,113.667
180,23.06 10:00,139.564
180,23.06 11:00,230.09
180,23.06 12:00,222.977
180,23.06 13:00,180.801
180,23.06 14:00,251.976
180,23.06 15:00,222.738
180,23.06 16:00,191.869
180,23.06 17:00,232.42
180,23.06 18:00,213.203
180,23.06 19:00,168.054
180,23.06 20:00,179.657
180,23.06 21:00,191.609
180,23.06 22:00,171.469
180,23.06 23:00,159.839
180,24.06 00:00,158.831
180,24.06 01:00,136.358
180,24.06 02:00,136.657
180,24.06 03:00,122.637
180,24.06 04:00,98.786
180,24.06 05:00,91.657
180,24.06 06:00,98.007
180,24.06 07:00,100.517
180,24.06 08:00,102.291
180,24.06 09:00,104.911
180,24.06 10:00,129.351
180,24.06 11:00,169.423
180,24.06 12:00,181.261
180,24.06 13:00,196.565
180,24.06 14:00,219.306
180,24.06 15:00,182.426
180,24.06 16:00,231.345
180,24.06 17:00,223.133
180,24.06 18:00,190.537
180,24.06 19:00,219.538
180,24.06 20:00,218.994
180,24.06 21:00,186.817
180,24.06 22:00,216.348
180,24.06 23:00,155.313
180,25.06 00:00,166.568
180,25.06 01:00,143.639
180,25.06 02:00,115.547
180,25.06 03:00,103.126
180,25.06 04:00,73.969
180,25.06 05:00,98.096
180,25.06 06:00,96.484
180,25.06 07:00,97.254
180,25.06 08:00,101.899
180,25.06 09:00,108.881
180,25.06 10:00,128.826
180,25.06 11:00,163.37
180,25.06 12:00,187.244
180,25.06 13:00,200.214
180,25.06 14:00,156.469
180,25.06 15:00,169.183
180,25.06 16:00,187.263
180,25.06 17:00,204.703
180,25.06 18:00,176.807
180,25.06 19:00,199.086
180,25.06 20:00,200.481
180,25.06 21:00,151.769
180,25.06 22:00,158.572
180,25.06 23:00,152.57
180,26.06 00:00,155.096
180,26.06 01:00,132.408
180,26.06 02:00,102.896
180,26.06 03:00,98.419
180,26.06 04:00,91.444
180,26.06 05:00,94.215
180,26.06 06:00,68.506
180,26.06 07:00,94.481
180,26.06 08:00,89.97
180,26.06 09:00,63.741
180,26.06 10:00,93.29
180,26.06 11:00,107.366
180,26.06 12:00,110.596
180,26.06 13:00,124.627
180,26.06 14:00,135.991
180,26.06 15:00,159.099
180,26.06 16:00,195.154
180,26.06 17:00,196.155
180,26.06 18:00,166.55
180,26.06 19:00,182.628
180,26.06 20:00,190.679
180,26.06 21:00,207.532
180,26.06 22:00,190.702
180,26.06 23:00,160.317
180,27.06 00:00,153.955
180,27.06 01:00,159.936
180,27.06 02:00,126.309
180,27.06 03:00,112.677
180,27.06 04:00,100.41
180,27.06 05:00,74.146
180,27.06 06:00,98.746
180,27.06 07:00,97.882
180,27.06 08:00,98.434
180,27.06 09:00,106.394
180,27.06 10:00,127.069
180,27.06 11:00,214.172
180,27.06 12:00,197.476
180,27.06 13:00,178.876
180,27.06 14:00,254.198
180,27.06 15:00,240.478
180,27.06 16:00,189.001
180,27.06 17:00,236.957
180,27.06 18:00,227.914
180,27.06 19:00,195.645
180,27.06 20:00,224.487
180,27.06 21:00,222.04
180,27.06 22:00,209.695
180,27.06 23:00,203.297
180,28.06 00:00,169.07
180,28.06 01:00,158.4
180,28.06 02:00,141.055
180,28.06 03:00,131.695
180,28.06 04:00,105.158
180,28.06 05:00,104.361
180,28.06 06:00,101.975
180,28.06 07:00,107.385
180,28.06 08:00,107.49
180,28.06 09:00,121.301
180,28.06 10:00,141.794
180,28.06 11:00,212.284
180,28.06 12:00,232.655
180,28.06 13:00,182.398
180,28.06 14:00,240.369
180,28.06 15:00,231.922
180,28.06 16:00,206.556
180,28.06 17:00,224.143
180,28.06 18:00,230.381
180,28.06 19:00,236.544
180,28.06 20:00,226.579
180,28.06 21:00,175.374
180,28.06 22:00,175.754
180,28.06 23:00,175.282
180,29.06 00:00,174.912
180,29.06 01:00,176.235
180,29.06 02:00,1.004
180,29.06 03:00,0.998
180,29.06 04:00,0.995
180,29.06 05:00,1.0
180,29.06 06:00,1.003
180,29.06 07:00,0.998
180,29.06 08:00,1.0
180,29.06 09:00,0.999
180,29.06 10:00,1.001
180,29.06 11:00,1.003
180,29.06 12:00,1.002
180,29.06 13:00,1.004
180,29.06 14:00,0.997
180,29.06 15:00,1.0
180,29.06 16:00,1.0
180,29.06 17:00,1.004
180,29.06 18:00,0.995
180,29.06 19:00,1.0
180,29.06 20:00,1.0
180,29.06 21:00,1.005
180,29.06 22:00,182.3
180,29.06 23:00,193.611
180,30.06 00:00,158.108
180,30.06 01:00,138.329
180,30.06 02:00,136.445
180,30.06 03:00,123.812
180,30.06 04:00,101.779
180,30.06 05:00,77.15
180,30.06 06:00,100.033
180,30.06 07:00,103.377
180,30.06 08:00,76.613
180,30.06 09:00,107.365
180,30.06 10:00,124.602
180,30.06 11:00,176.388
180,30.06 12:00,193.3
180,30.06 13:00,203.486
180,30.06 14:00,201.767
180,30.06 15:00,227.694
180,30.06 16:00,226.822
180,30.06 17:00,178.688
180,30.06 18:00,228.601
180,30.06 19:00,219.688
180,30.06 20:00,174.624
180,30.06 21:00,214.079
180,30.06 22:00,191.044
180,30.06 23:00,190.964
180,01.07 00:00,191.5
180,01.07 01:00,191.2
180,01.07 02:00,192.166
180,01.07 03:00,192.386
180,01.07 04:00,192.134
180,01.07 05:00,192.164
180,01.07 06:00,191.516
180,01.07 07:00,1.046
180,01.07 08:00,1.002
180,01.07 09:00,0.996
180,01.07 10:00,1.002
180,01.07 11:00,165.765
180,01.07 12:00,1.004
180,01.07 13:00,1.005
180,01.07 14:00,0.997
180,01.07 15:00,0.999
180,01.07 16:00,0.999
180,01.07 17:00,1.0
180,01.07 18:00,0.996
180,01.07 19:00,0.997
180,01.07 20:00,0.999
180,01.07 21:00,0.996
180,01.07 22:00,1.002
180,01.07 23:00,70.529
180,02.07 00:00,1.002
180,02.07 01:00,1.001
180,02.07 02:00,0.999
180,02.07 03:00,1.003
180,02.07 04:00,1.005
180,02.07 05:00,1.002
180,02.07 06:00,1.001
180,02.07 07:00,1.003
180,02.07 08:00,0.999
180,02.07 09:00,1.004
180,02.07 10:00,0.995
180,02.07 11:00,0.999
180,02.07 12:00,1.003
180,02.07 13:00,1.001
180,02.07 14:00,1.004
180,02.07 15:00,1.003
180,02.07 16:00,0.999
180,02.07 17:00,0.997
180,02.07 18:00,0.998
180,02.07 19:00,0.996
180,02.07 20:00,1.003
180,02.07 21:00,0.998
180,02.07 22:00,0.999
180,02.07 23:00,124.957
180,03.07 00:00,125.289
180,03.07 01:00,116.733
180,03.07 02:00,100.063
180,03.07 03:00,95.993
180,03.07 04:00,93.452
180,03.07 05:00,93.258
180,03.07 06:00,89.572
180,03.07 07:00,93.032
180,03.07 08:00,91.798
180,03.07 09:00,91.662
180,03.07 10:00,67.522
180,03.07 11:00,93.397
180,03.07 12:00,94.66
180,03.07 13:00,103.651
180,03.07 14:00,120.978
180,03.07 15:00,125.508
180,03.07 16:00,138.496
180,03.07 17:00,134.447
180,03.07 18:00,137.904
180,03.07 19:00,137.403
180,03.07 20:00,138.424
180,03.07 21:00,139.375
180,03.07 22:00,138.242
180,03.07 23:00,131.683
180,04.07 00:00,131.763
180,04.07 01:00,122.694
180,04.07 02:00,111.546
180,04.07 03:00,101.044
180,04.07 04:00,91.483
180,04.07 05:00,90.609
180,04.07 06:00,87.812
180,04.07 07:00,91.341
180,04.07 08:00,92.148
180,04.07 09:00,98.066
180,04.07 10:00,116.063
180,04.07 11:00,145.643
180,04.07 12:00,137.352
180,04.07 13:00,136.961
180,04.07 14:00,136.721
180,04.07 15:00,137.234
180,04.07 16:00,134.082
180,04.07 17:00,138.187
180,04.07 18:00,141.229
180,04.07 19:00,138.91
180,04.07 20:00,138.745
180,04.07 21:00,141.021
180,04.07 22:00,140.484
180,04.07 23:00,141.807
180,05.07 00:00,142.963
180,05.07 01:00,127.687
180,05.07 02:00,125.901
180,05.07 03:00,109.742
180,05.07 04:00,94.35
180,05.07 05:00,97.948
180,05.07 06:00,96.682
180,05.07 07:00,94.386
180,05.07 08:00,94.856
180,05.07 09:00,102.733
180,05.07 10:00,119.499
180,05.07 11:00,160.41
180,05.07 12:00,189.619
180,05.07 13:00,204.105
180,05.07 14:00,175.646
180,05.07 15:00,205.211
180,05.07 16:00,208.963
180,05.07 17:00,218.078
180,05.07 18:00,221.864
180,05.07 19:00,137.207
180,05.07 20:00,192.395
180,05.07 21:00,212.775
180,05.07 22:00,115.589
180,05.07 23:00,0.0
180,06.07 00:00,230.431
180,06.07 01:00,175.976
180,06.07 02:00,134.657
180,06.07 03:00,128.13
180,06.07 04:00,106.172
180,06.07 05:00,102.803
180,06.07 06:00,101.37
180,06.07 07:00,99.797
180,06.07 08:00,104.23
180,06.07 09:00,122.116
180,06.07 10:00,191.045
180,06.07 11:00,199.199
180,06.07 12:00,167.303
180,06.07 13:00,216.786
180,06.07 14:00,223.205
180,06.07 15:00,192.936
180,06.07 16:00,232.595
180,06.07 17:00,222.556
180,06.07 18:00,256.839
180,06.07 19:00,234.594
180,06.07 20:00,132.836
180,06.07 21:00,238.262
180,06.07 22:00,193.376
180,06.07 23:00,219.563
180,07.07 00:00,240.229
180,07.07 01:00,168.388
180,07.07 02:00,102.258
180,07.07 03:00,175.233
180,07.07 04:00,132.151
180,07.07 05:00,102.895
180,07.07 06:00,104.358
180,07.07 07:00,102.904
180,07.07 08:00,109.621
180,07.07 09:00,120.524
180,07.07 10:00,174.234
180,07.07 11:00,216.033
180,07.07 12:00,191.904
180,07.07 13:00,226.009
180,07.07 14:00,236.829
180,07.07 15:00,161.421
180,07.07 16:00,284.632
180,07.07 17:00,242.07
180,07.07 18:00,219.633
180,07.07 19:00,244.457
180,07.07 20:00,233.079
180,07.07 21:00,242.121
180,07.07 22:00,209.723
180,07.07 23:00,179.674
180,08.07 00:00,248.166
180,08.07 01:00,189.137
180,08.07 02:00,152.118
180,08.07 03:00,137.915
180,08.07 04:00,102.871
180,08.07 05:00,100.627
180,08.07 06:00,100.738
180,08.07 07:00,99.256
180,08.07 08:00,103.347
180,08.07 09:00,115.533
180,08.07 10:00,146.875
180,08.07 11:00,214.303
180,08.07 12:00,202.959
180,08.07 13:00,205.611
180,08.07 14:00,231.01
180,08.07 15:00,244.379
180,08.07 16:00,216.139
180,08.07 17:00,266.459
180,08.07 18:00,257.544
180,08.07 19:00,267.182
180,08.07 20:00,196.657
180,08.07 21:00,143.672
180,08.07 22:00,279.771
180,08.07 23:00,218.42
180,09.07 00:00,175.169
180,09.07 01:00,180.486
180,09.07 02:00,129.24
180,09.07 03:00,100.458
180,09.07 04:00,98.626
180,09.07 05:00,98.758
180,09.07 06:00,97.431
180,09.07 07:00,101.624
180,09.07 08:00,105.642
180,09.07 09:00,114.079
180,09.07 10:00,145.257
180,09.07 11:00,179.522
180,09.07 12:00,207.881
180,09.07 13:00,203.376
180,09.07 14:00,224.678
180,09.07 15:00,227.852
180,09.07 16:00,198.972
180,09.07 17:00,267.062
180,09.07 18:00,233.807
180,09.07 19:00,181.695
180,09.07 20:00,211.997
180,09.07 21:00,187.821
180,09.07 22:00,158.821
180,09.07 23:00,172.503
180,10.07 00:00,187.975
180,10.07 01:00,129.833
180,10.07 02:00,99.953
180,10.07 03:00,98.491
180,10.07 04:00,98.796
180,10.07 05:00,99.456
180,10.07 06:00,97.216
180,10.07 07:00,97.515
180,10.07 08:00,97.223
180,10.07 09:00,98.012
180,10.07 10:00,103.027
180,10.07 11:00,97.735
180,10.07 12:00,105.272
180,10.07 13:00,132.447
180,10.07 14:00,138.623
180,10.07 15:00,182.264
180,10.07 16:00,184.898
180,10.07 17:00,157.841
180,10.07 18:00,185.484
180,10.07 19:00,185.344
180,10.07 20:00,195.289
180,10.07 21:00,188.693
180,10.07 22:00,167.059
180,10.07 23:00,196.34
180,11.07 00:00,180.955
180,11.07 01:00,148.33
180,11.07 02:00,129.317
180,11.07 03:00,120.768
180,11.07 04:00,126.115
180,11.07 05:00,125.894
180,11.07 06:00,119.089
180,11.07 07:00,121.977
180,11.07 08:00,122.573
180,11.07 09:00,133.956
180,11.07 10:00,165.455
180,11.07 11:00,217.22
180,11.07 12:00,212.143
180,11.07 13:00,177.891
180,11.07 14:00,234.609
180,11.07 15:00,232.31
180,11.07 16:00,192.683
180,11.07 17:00,235.428
180,11.07 18:00,224.263
180,11.07 19:00,201.023
180,11.07 20:00,225.874
180,11.07 21:00,214.91
180,11.07 22:00,234.031
180,11.07 23:00,223.311
180,12.07 00:00,186.958
180,12.07 01:00,185.006
180,12.07 02:00,175.275
180,12.07 03:00,131.506
180,12.07 04:00,120.452
180,12.07 05:00,121.621
180,12.07 06:00,120.825
180,12.07 07:00,119.605
180,12.07 08:00,124.111
180,12.07 09:00,137.502
180,12.07 10:00,164.904
180,12.07 11:00,207.005
180,12.07 12:00,205.618
180,12.07 13:00,205.412
180,12.07 14:00,237.285
180,12.07 15:00,199.571
180,12.07 16:00,265.85
180,12.07 17:00,242.175
180,12.07 18:00,199.348
180,12.07 19:00,245.89
180,12.07 20:00,248.86
180,12.07 21:00,209.552
180,12.07 22:00,217.104
180,12.07 23:00,180.064
180,13.07 00:00,234.248
180,13.07 01:00,199.492
180,13.07 02:00,144.256
180,13.07 03:00,132.663
180,13.07 04:00,125.945
180,13.07 05:00,119.754
180,13.07 06:00,119.887
180,13.07 07:00,121.408
180,13.07 08:00,128.589
180,13.07 09:00,137.052
180,13.07 10:00,149.025
180,13.07 11:00,212.61
180,13.07 12:00,212.61
180,13.07 13:00,207.314
180,13.07 14:00,230.202
180,13.07 15:00,229.201
180,13.07 16:00,247.079
180,13.07 17:00,237.692
180,13.07 18:00,206.095
180,13.07 19:00,251.165
180,13.07 20:00,234.753
180,13.07 21:00,195.517
180,13.07 22:00,217.052
180,13.07 23:00,210.878
180,14.07 00:00,234.14
180,14.07 01:00,192.922
180,14.07 02:00,149.667
180,14.07 03:00,132.518
180,14.07 04:00,124.221
180,14.07 05:00,122.099
180,14.07 06:00,124.452
180,14.07 07:00,125.826
180,14.07 08:00,128.853
180,14.07 09:00,139.933
180,14.07 10:00,149.572
180,14.07 11:00,216.792
180,14.07 12:00,211.874
180,14.07 13:00,196.653
180,14.07 14:00,230.53
180,14.07 15:00,248.086
180,14.07 16:00,207.798
180,14.07 17:00,249.347
180,14.07 18:00,248.664
180,14.07 19:00,271.243
180,14.07 20:00,199.239
180,14.07 21:00,140.19
180,14.07 22:00,244.026
180,14.07 23:00,209.06
180,15.07 00:00,171.905
180,15.07 01:00,223.02
180,15.07 02:00,181.592
180,15.07 03:00,135.456
180,15.07 04:00,134.145
180,15.07 05:00,126.302
180,15.07 06:00,125.204
180,15.07 07:00,126.862
180,15.07 08:00,141.367
180,15.07 09:00,143.476
180,15.07 10:00,201.294
180,15.07 11:00,207.721
180,15.07 12:00,185.95
180,15.07 13:00,224.31
180,15.07 14:00,231.858
180,15.07 15:00,203.862
180,15.07 16:00,247.118
180,15.07 17:00,234.053
180,15.07 18:00,260.504
180,15.07 19:00,240.283
180,15.07 20:00,184.357
180,15.07 21:00,216.271
180,15.07 22:00,206.419
180,15.07 23:00,158.711
180,16.07 00:00,197.268
180,16.07 01:00,165.087
180,16.07 02:00,122.953
180,16.07 03:00,116.549
180,16.07 04:00,118.59
180,16.07 05:00,119.185
180,16.07 06:00,118.684
180,16.07 07:00,118.511
180,16.07 08:00,119.247
180,16.07 09:00,118.646
180,16.07 10:00,118.762
180,16.07 11:00,118.229
180,16.07 12:00,118.924
180,16.07 13:00,119.123
180,16.07 14:00,118.76
180,16.07 15:00,118.876
180,16.07 16:00,121.719
180,16.07 17:00,118.261
180,16.07 18:00,118.758
180,16.07 19:00,118.388
180,16.07 20:00,123.542
180,16.07 21:00,123.71
180,16.07 22:00,123.189
180,16.07 23:00,124.047
180,17.07 00:00,123.996
180,17.07 01:00,123.679
180,17.07 02:00,123.579
180,17.07 03:00,123.862
180,17.07 04:00,124.194
180,17.07 05:00,124.356
180,17.07 06:00,123.743
180,17.07 07:00,123.19
180,17.07 08:00,123.2
180,17.07 09:00,123.627
180,17.07 10:00,123.183
180,17.07 11:00,123.792
180,17.07 12:00,123.718
180,17.07 13:00,123.185
180,17.07 14:00,124.155
180,17.07 15:00,124.062
180,17.07 16:00,123.291
180,17.07 17:00,124.258
180,17.07 18:00,123.506
180,17.07 19:00,123.151
180,17.07 20:00,123.791
180,17.07 21:00,123.327
180,17.07 22:00,123.543
180,17.07 23:00,123.629
180,18.07 00:00,123.55
180,18.07 01:00,124.271
180,18.07 02:00,124.016
180,18.07 03:00,123.783
180,18.07 04:00,124.224
180,18.07 05:00,123.24
180,18.07 06:00,124.105
180,18.07 07:00,124.172
180,18.07 08:00,123.149
180,18.07 09:00,123.305
180,18.07 10:00,123.506
180,18.07 11:00,123.258
180,18.07 12:00,123.399
180,18.07 13:00,123.953
180,18.07 14:00,123.819
180,18.07 15:00,123.294
180,18.07 16:00,123.161
180,18.07 17:00,122.712
180,18.07 18:00,123.374
180,18.07 19:00,273.858
180,18.07 20:00,1.002
180,18.07 21:00,0.997
180,18.07 22:00,0.997
180,18.07 23:00,0.998
180,19.07 00:00,0.998
180,19.07 01:00,1.0
180,19.07 02:00,1.004
180,19.07 03:00,0.995
180,19.07 04:00,0.998
180,19.07 05:00,0.999
180,19.07 06:00,1.0
180,19.07 07:00,1.002
180,19.07 08:00,1.003
180,19.07 09:00,1.005
180,19.07 10:00,0.999
180,19.07 11:00,211.184
180,19.07 12:00,174.597
180,19.07 13:00,0.0
180,19.07 14:00,238.726
180,19.07 15:00,203.436
180,19.07 16:00,238.112
180,19.07 17:00,239.533
180,19.07 18:00,203.144
180,19.07 19:00,245.056
180,19.07 20:00,157.385
180,19.07 21:00,269.968
180,19.07 22:00,212.005
180,19.07 23:00,186.955
180,20.07 00:00,208.734
180,20.07 01:00,176.957
180,20.07 02:00,145.13
180,20.07 03:00,132.894
180,20.07 04:00,126.213
180,20.07 05:00,123.905
180,20.07 06:00,122.182
180,20.07 07:00,121.44
180,20.07 08:00,123.886
180,20.07 09:00,138.941
180,20.07 10:00,176.214
180,20.07 11:00,203.644
180,20.07 12:00,199.623
180,20.07 13:00,221.568
180,20.07 14:00,219.165
180,20.07 15:00,199.541
180,20.07 16:00,225.008
180,20.07 17:00,227.324
180,20.07 18:00,194.147
180,20.07 19:00,233.001
180,20.07 20:00,212.913
180,20.07 21:00,223.558
180,20.07 22:00,203.741
180,20.07 23:00,174.074
180,21.07 00:00,201.515
180,21.07 01:00,181.479
180,21.07 02:00,138.852
180,21.07 03:00,126.035
180,21.07 04:00,119.892
180,21.07 05:00,118.972
180,21.07 06:00,118.342
180,21.07 07:00,120.179
180,21.07 08:00,123.809
180,21.07 09:00,136.91
180,21.07 10:00,155.009
180,21.07 11:00,202.55
180,21.07 12:00,200.473
180,21.07 13:00,195.302
180,21.07 14:00,218.643
180,21.07 15:00,190.85
180,21.07 16:00,235.567
180,21.07 17:00,219.551
180,21.07 18:00,206.814
180,21.07 19:00,225.666
180,21.07 20:00,214.162
180,21.07 21:00,214.25
180,21.07 22:00,214.495
180,21.07 23:00,197.957
180,22.07 00:00,203.177
180,22.07 01:00,177.687
180,22.07 02:00,146.647
180,22.07 03:00,134.153
180,22.07 04:00,124.348
180,22.07 05:00,124.084
180,22.07 06:00,122.273
180,22.07 07:00,122.486
180,22.07 08:00,121.007
180,22.07 09:00,138.411
180,22.07 10:00,159.486
180,22.07 11:00,200.018
180,22.07 12:00,198.261
180,22.07 13:00,221.138
180,22.07 14:00,218.44
180,22.07 15:00,194.518
180,22.07 16:00,217.809
180,22.07 17:00,231.919
180,22.07 18:00,198.434
180,22.07 19:00,214.716
180,22.07 20:00,215.742
180,22.07 21:00,227.995
180,22.07 22:00,202.355
180,22.07 23:00,162.137
180,23.07 00:00,160.297
180,23.07 01:00,149.034
180,23.07 02:00,127.349
180,23.07 03:00,152.333
180,23.07 04:00,150.638
180,23.07 05:00,120.836
180,23.07 06:00,122.645
180,23.07 07:00,126.221
180,23.07 08:00,129.483
180,23.07 09:00,134.26
180,23.07 10:00,141.492
180,23.07 11:00,151.907
180,23.07 12:00,198.179
180,23.07 13:00,205.746
180,23.07 14:00,184.562
180,23.07 15:00,206.129
180,23.07 16:00,168.026
180,23.07 17:00,221.782
180,23.07 18:00,210.255
180,23.07 19:00,173.516
180,23.07 20:00,238.115
180,23.07 21:00,154.068
180,23.07 22:00,164.447
180,23.07 23:00,216.004
180,24.07 00:00,159.996
180,24.07 01:00,104.629
180,24.07 02:00,197.795
180,24.07 03:00,168.868
180,24.07 04:00,171.886
180,24.07 05:00,148.572
180,24.07 06:00,145.585
180,24.07 07:00,149.188
180,24.07 08:00,147.535
180,24.07 09:00,143.806
180,24.07 10:00,145.908
180,24.07 11:00,151.264
180,24.07 12:00,152.773
180,24.07 13:00,179.8
180,24.07 14:00,183.584
180,24.07 15:00,160.181
180,24.07 16:00,173.197
180,24.07 17:00,177.072
180,24.07 18:00,228.437
180,24.07 19:00,207.124
180,24.07 20:00,207.636
180,24.07 21:00,209.677
180,24.07 22:00,212.199
180,24.07 23:00,193.209
180,25.07 00:00,187.933
180,25.07 01:00,108.57
180,25.07 02:00,172.175
180,25.07 03:00,157.34
180,25.07 04:00,131.049
180,25.07 05:00,106.115
180,25.07 06:00,103.2
180,25.07 07:00,118.211
180,25.07 08:00,135.053
180,25.07 09:00,154.882
180,25.07 10:00,186.786
180,25.07 11:00,221.479
180,25.07 12:00,249.63
180,25.07 13:00,222.174
180,25.07 14:00,204.929
180,25.07 15:00,282.551
180,25.07 16:00,211.496
180,25.07 17:00,162.397
180,25.07 18:00,221.481
180,25.07 19:00,273.764
180,25.07 20:00,242.246
180,25.07 21:00,253.619
180,25.07 22:00,251.411
180,25.07 23:00,252.32
180,26.07 00:00,252.21
180,26.07 01:00,252.41
180,26.07 02:00,253.127
180,26.07 03:00,251.262
180,26.07 04:00,252.784
180,26.07 05:00,252.987
180,26.07 06:00,0.0
180,26.07 07:00,0.0
180,26.07 08:00,0.0
180,26.07 09:00,0.0
180,26.07 10:00,0.0
180,26.07 11:00,0.0
180,26.07 12:00,0.0
180,26.07 13:00,0.0
180,26.07 14:00,0.0
180,26.07 15:00,0.0
180,26.07 16:00,0.0
180,26.07 17:00,0.0
180,26.07 18:00,0.0
180,26.07 19:00,0.0
180,26.07 20:00,0.0
180,26.07 21:00,0.0
180,26.07 22:00,0.0
180,26.07 23:00,0.0
180,27.07 00:00,0.0
180,27.07 01:00,0.0
180,27.07 02:00,0.0
180,27.07 03:00,0.0
180,27.07 04:00,0.0
180,27.07 05:00,0.0
180,27.07 06:00,0.0
180,27.07 07:00,0.0
180,27.07 08:00,0.0
180,27.07 09:00,0.0
180,27.07 10:00,0.0
180,27.07 11:00,0.0
180,27.07 12:00,0.0
180,27.07 13:00,0.0
180,27.07 14:00,0.0
180,27.07 15:00,0.0
180,27.07 16:00,247.487
180,27.07 17:00,211.465
180,27.07 18:00,252.637
180,27.07 19:00,253.078
180,27.07 20:00,162.743
180,27.07 21:00,259.89
180,27.07 22:00,204.855
180,27.07 23:00,191.897
180,28.07 00:00,196.152
180,28.07 01:00,177.503
180,28.07 02:00,169.932
180,28.07 03:00,149.352
180,28.07 04:00,108.128
180,28.07 05:00,103.056
180,28.07 06:00,102.123
180,28.07 07:00,104.448
180,28.07 08:00,110.469
180,28.07 09:00,132.355
180,28.07 10:00,169.092
180,28.07 11:00,194.074
180,28.07 12:00,182.811
180,28.07 13:00,247.11
180,28.07 14:00,234.245
180,28.07 15:00,271.875
180,28.07 16:00,253.072
180,28.07 17:00,191.375
180,28.07 18:00,256.052
180,28.07 19:00,218.689
180,28.07 20:00,204.053
180,28.07 21:00,258.355
180,28.07 22:00,252.744
180,28.07 23:00,229.797
180,29.07 00:00,216.31
180,29.07 01:00,187.789
180,29.07 02:00,179.516
180,29.07 03:00,133.997
180,29.07 04:00,103.067
180,29.07 05:00,103.557
180,29.07 06:00,100.964
180,29.07 07:00,101.532
180,29.07 08:00,113.121
180,29.07 09:00,132.68
180,29.07 10:00,171.048
180,29.07 11:00,221.689
180,29.07 12:00,235.385
180,29.07 13:00,234.845
180,29.07 14:00,226.182
180,29.07 15:00,205.099
180,29.07 16:00,248.039
180,29.07 17:00,234.703
180,29.07 18:00,201.19
180,29.07 19:00,224.745
180,29.07 20:00,197.522
180,29.07 21:00,224.375
180,29.07 22:00,208.865
180,29.07 23:00,165.109
180,30.07 00:00,196.353
180,30.07 01:00,167.656
180,30.07 02:00,105.161
180,30.07 03:00,100.052
180,30.07 04:00,105.388
180,30.07 05:00,98.395
180,30.07 06:00,99.874
180,30.07 07:00,98.887
180,30.07 08:00,108.267
180,30.07 09:00,120.083
180,30.07 10:00,151.105
180,30.07 11:00,194.368
180,30.07 12:00,201.278
180,30.07 13:00,179.687
180,30.07 14:00,193.148
180,30.07 15:00,184.892
180,30.07 16:00,186.205
180,30.07 17:00,200.704
180,30.07 18:00,193.535
180,30.07 19:00,227.759
180,30.07 20:00,200.167
180,30.07 21:00,149.367
180,30.07 22:00,180.081
180,30.07 23:00,167.83
180,31.07 00:00,143.362
180,31.07 01:00,132.641
180,31.07 02:00,96.943
180,31.07 03:00,95.331
180,31.07 04:00,96.068
180,31.07 05:00,96.272
180,31.07 06:00,94.383
180,31.07 07:00,94.762
180,31.07 08:00,95.508
180,31.07 09:00,96.393
180,31.07 10:00,95.333
180,31.07 11:00,92.221
180,31.07 12:00,108.338
180,31.07 13:00,131.307
180,31.07 14:00,165.797
180,31.07 15:00,182.463
180,31.07 16:00,165.164
180,31.07 17:00,197.995
180,31.07 18:00,200.847
180,31.07 19:00,228.021
180,31.07 20:00,198.572
180,31.07 21:00,120.25
180,31.07 22:00,180.072
180,31.07 23:00,200.214
180,01.08 00:00,146.879
180,01.08 01:00,170.385
180,01.08 02:00,159.903
180,01.08 03:00,120.044
180,01.08 04:00,100.35
180,01.08 05:00,98.132
180,01.08 06:00,100.106
180,01.08 07:00,97.31
180,01.08 08:00,106.201
180,01.08 09:00,126.432
180,01.08 10:00,155.213
180,01.08 11:00,217.316
180,01.08 12:00,212.701
180,01.08 13:00,247.835
180,01.08 14:00,0.0
180,01.08 15:00,0.0
180,01.08 16:00,0.0
180,01.08 17:00,0.0
180,01.08 18:00,0.0
180,01.08 19:00,212.326
180,01.08 20:00,227.167
180,01.08 21:00,215.842
180,01.08 22:00,237.013
180,01.08 23:00,210.247
180,02.08 00:00,178.0
180,02.08 01:00,193.451
180,02.08 02:00,190.519
180,02.08 03:00,132.439
180,02.08 04:00,102.237
180,02.08 05:00,104.671
180,02.08 06:00,99.614
180,02.08 07:00,97.91
180,02.08 08:00,106.833
180,02.08 09:00,139.146
180,02.08 10:00,202.542
180,02.08 11:00,217.317
180,02.08 12:00,183.825
180,02.08 13:00,233.641
180,02.08 14:00,237.859
180,02.08 15:00,196.616
180,02.08 16:00,248.497
180,02.08 17:00,260.116
180,02.08 18:00,238.047
180,02.08 19:00,234.89
180,02.08 20:00,196.98
180,02.08 21:00,222.864
180,02.08 22:00,212.672
180,02.08 23:00,175.749
180,03.08 00:00,173.777
180,03.08 01:00,168.656
180,03.08 02:00,198.937
180,03.08 03:00,171.006
180,03.08 04:00,101.199
180,03.08 05:00,104.183
180,03.08 06:00,100.108
180,03.08 07:00,103.646
180,03.08 08:00,110.216
180,03.08 09:00,139.102
180,03.08 10:00,207.211
180,03.08 11:00,227.581
180,03.08 12:00,178.272
180,03.08 13:00,225.085
180,03.08 14:00,237.065
180,03.08 15:00,206.467
180,03.08 16:00,245.093
180,03.08 17:00,232.539
180,03.08 18:00,262.42
180,03.08 19:00,217.829
180,03.08 20:00,180.958
180,03.08 21:00,208.957
180,03.08 22:00,197.629
180,03.08 23:00,168.099
180,04.08 00:00,196.867
180,04.08 01:00,174.576
180,04.08 02:00,139.708
180,04.08 03:00,124.828
180,04.08 04:00,98.345
180,04.08 05:00,97.445
180,04.08 06:00,98.003
180,04.08 07:00,96.734
180,04.08 08:00,97.776
180,04.08 09:00,129.642
180,04.08 10:00,141.542
180,04.08 11:00,243.706
180,04.08 12:00,218.325
180,04.08 13:00,186.277
180,04.08 14:00,240.273
180,04.08 15:00,225.671
180,04.08 16:00,207.739
180,04.08 17:00,226.059
180,04.08 18:00,241.73
180,04.08 19:00,199.578
180,04.08 20:00,221.257
180,04.08 21:00,214.683
180,04.08 22:00,218.409
180,04.08 23:00,201.883
180,05.08 00:00,173.996
180,05.08 01:00,156.64
180,05.08 02:00,152.651
180,05.08 03:00,142.582
180,05.08 04:00,106.125
180,05.08 05:00,99.315
180,05.08 06:00,98.87
180,05.08 07:00,98.845
180,05.08 08:00,98.804
180,05.08 09:00,115.579
180,05.08 10:00,141.344
180,05.08 11:00,251.38
180,05.08 12:00,227.531
180,05.08 13:00,191.098
180,05.08 14:00,229.858
180,05.08 15:00,238.101
180,05.08 16:00,221.491
180,05.08 17:00,229.918
180,05.08 18:00,230.889
180,05.08 19:00,212.043
180,05.08 20:00,226.227
180,05.08 21:00,129.879
180,05.08 22:00,235.13
180,05.08 23:00,173.958
180,06.08 00:00,170.312
180,06.08 01:00,178.141
180,06.08 02:00,134.992
180,06.08 03:00,101.805
180,06.08 04:00,105.675
180,06.08 05:00,105.839
180,06.08 06:00,100.937
180,06.08 07:00,100.043
180,06.08 08:00,107.868
180,06.08 09:00,111.822
180,06.08 10:00,132.952
180,06.08 11:00,158.227
180,06.08 12:00,190.963
180,06.08 13:00,191.732
180,06.08 14:00,212.743
180,06.08 15:00,175.07
180,06.08 16:00,119.456
180,06.08 17:00,117.985
180,06.08 18:00,242.94
180,06.08 19:00,226.351
180,06.08 20:00,210.807
180,06.08 21:00,103.475
180,06.08 22:00,172.771
180,06.08 23:00,163.811
180,07.08 00:00,151.497
180,07.08 01:00,156.22
180,07.08 02:00,107.376
180,07.08 03:00,98.644
180,07.08 04:00,98.789
180,07.08 05:00,99.277
180,07.08 06:00,103.643
180,07.08 07:00,99.353
180,07.08 08:00,97.188
180,07.08 09:00,97.706
180,07.08 10:00,97.167
180,07.08 11:00,94.35
180,07.08 12:00,103.246
180,07.08 13:00,141.33
180,07.08 14:00,148.613
180,07.08 15:00,179.868
180,07.08 16:00,185.302
180,07.08 17:00,181.176
180,07.08 18:00,208.69
180,07.08 19:00,210.274
180,07.08 20:00,215.611
180,07.08 21:00,182.552
180,07.08 22:00,200.453
180,07.08 23:00,212.048
180,08.08 00:00,161.353
180,08.08 01:00,156.383
180,08.08 02:00,155.512
180,08.08 03:00,142.301
180,08.08 04:00,101.697
180,08.08 05:00,95.742
180,08.08 06:00,96.76
180,08.08 07:00,93.7
180,08.08 08:00,95.887
180,08.08 09:00,114.165
180,08.08 10:00,132.933
180,08.08 11:00,221.621
180,08.08 12:00,212.718
180,08.08 13:00,180.662
180,08.08 14:00,241.131
180,08.08 15:00,237.183
180,08.08 16:00,197.726
180,08.08 17:00,217.57
180,08.08 18:00,235.467
180,08.08 19:00,198.43
180,08.08 20:00,214.986
180,08.08 21:00,214.154
180,08.08 22:00,180.123
180,08.08 23:00,178.526
180,09.08 00:00,200.918
180,09.08 01:00,173.534
180,09.08 02:00,135.483
180,09.08 03:00,125.645
180,09.08 04:00,97.128
180,09.08 05:00,100.588
180,09.08 06:00,96.833
180,09.08 07:00,94.272
180,09.08 08:00,97.285
180,09.08 09:00,108.174
180,09.08 10:00,124.902
180,09.08 11:00,198.652
180,09.08 12:00,211.289
180,09.08 13:00,209.709
180,09.08 14:00,195.326
180,09.08 15:00,234.213
180,09.08 16:00,214.236
180,09.08 17:00,191.789
180,09.08 18:00,222.476
180,09.08 19:00,213.123
180,09.08 20:00,186.891
180,09.08 21:00,211.868
180,09.08 22:00,212.583
180,09.08 23:00,213.777
180,10.08 00:00,208.71
180,10.08 01:00,150.424
180,10.08 02:00,138.177
180,10.08 03:00,124.127
180,10.08 04:00,98.281
180,10.08 05:00,94.552
180,10.08 06:00,102.224
180,10.08 07:00,97.583
180,10.08 08:00,102.202
180,10.08 09:00,109.815
180,10.08 10:00,128.79
180,10.08 11:00,220.334
180,10.08 12:00,214.579
180,10.08 13:00,193.322
180,10.08 14:00,231.662
180,10.08 15:00,232.1
180,10.08 16:00,211.83
180,10.08 17:00,246.401
180,10.08 18:00,242.93
180,10.08 19:00,267.585
180,10.08 20:00,228.232
180,10.08 21:00,187.131
180,10.08 22:00,232.871
180,10.08 23:00,183.166
180,11.08 00:00,132.826
180,11.08 01:00,197.989
180,11.08 02:00,181.647
180,11.08 03:00,133.549
180,11.08 04:00,103.036
180,11.08 05:00,105.346
180,11.08 06:00,105.514
180,11.08 07:00,106.722
180,11.08 08:00,113.25
180,11.08 09:00,131.214
180,11.08 10:00,175.488
180,11.08 11:00,216.435
180,11.08 12:00,215.816
180,11.08 13:00,216.065
180,11.08 14:00,217.153
180,11.08 15:00,0.0
180,11.08 16:00,0.0
180,11.08 17:00,0.0
180,11.08 18:00,0.0
180,11.08 19:00,256.554
180,11.08 20:00,238.569
180,11.08 21:00,231.533
180,11.08 22:00,239.282
180,11.08 23:00,223.966
180,12.08 00:00,129.533
180,12.08 01:00,114.412
180,12.08 02:00,169.378
180,12.08 03:00,192.603
180,12.08 04:00,141.457
180,12.08 05:00,104.19
180,12.08 06:00,105.835
180,12.08 07:00,106.104
180,12.08 08:00,122.614
180,12.08 09:00,140.898
180,12.08 10:00,198.186
180,12.08 11:00,221.509
180,12.08 12:00,200.58
180,12.08 13:00,240.068
180,12.08 14:00,264.111
180,12.08 15:00,253.383
180,12.08 16:00,255.966
180,12.08 17:00,251.908
180,12.08 18:00,270.952
180,12.08 19:00,246.093
180,12.08 20:00,236.491
180,12.08 21:00,226.551
180,12.08 22:00,220.254
180,12.08 23:00,114.519
180,13.08 00:00,116.575
180,13.08 01:00,155.676
180,13.08 02:00,115.54
180,13.08 03:00,118.28
180,13.08 04:00,124.22
180,13.08 05:00,106.102
180,13.08 06:00,103.898
180,13.08 07:00,112.824
180,13.08 08:00,135.252
180,13.08 09:00,181.685
180,13.08 10:00,185.239
180,13.08 11:00,179.432
180,13.08 12:00,213.659
180,13.08 13:00,215.8
180,13.08 14:00,254.814
180,13.08 15:00,237.795
180,13.08 16:00,244.807
180,13.08 17:00,198.376
180,13.08 18:00,257.234
180,13.08 19:00,245.765
180,13.08 20:00,243.19
180,13.08 21:00,209.499
180,13.08 22:00,119.898
180,13.08 23:00,237.418
180,14.08 00:00,211.658
180,14.08 01:00,126.97
180,14.08 02:00,82.905
180,14.08 03:00,138.043
180,14.08 04:00,123.382
180,14.08 05:00,75.566
180,14.08 06:00,70.926
180,14.08 07:00,147.281
180,14.08 08:00,131.882
180,14.08 09:00,117.574
180,14.08 10:00,117.537
180,14.08 11:00,141.174
180,14.08 12:00,149.234
180,14.08 13:00,173.06
180,14.08 14:00,175.984
180,14.08 15:00,204.369
180,14.08 16:00,196.3
180,14.08 17:00,151.742
180,14.08 18:00,300.663
180,14.08 19:00,247.417
180,14.08 20:00,245.59
180,14.08 21:00,250.002
180,14.08 22:00,252.055
180,14.08 23:00,246.112
180,15.08 00:00,208.893
180,15.08 01:00,159.042
180,15.08 02:00,151.732
180,15.08 03:00,135.112
180,15.08 04:00,113.393
180,15.08 05:00,115.091
180,15.08 06:00,114.056
180,15.08 07:00,119.717
180,15.08 08:00,129.842
180,15.08 09:00,150.937
180,15.08 10:00,177.775
180,15.08 11:00,209.056
180,15.08 12:00,224.17
180,15.08 13:00,237.568
180,15.08 14:00,238.433
180,15.08 15:00,249.295
180,15.08 16:00,252.271
180,15.08 17:00,264.756
180,15.08 18:00,270.274
180,15.08 19:00,253.932
180,15.08 20:00,266.373
180,15.08 21:00,262.942
180,15.08 22:00,213.003
180,15.08 23:00,204.269
180,16.08 00:00,262.575
180,16.08 01:00,196.857
180,16.08 02:00,189.722
180,16.08 03:00,167.857
180,16.08 04:00,136.94
180,16.08 05:00,135.914
180,16.08 06:00,128.795
180,16.08 07:00,127.914
180,16.08 08:00,142.824
180,16.08 09:00,164.157
180,16.08 10:00,195.993
180,16.08 11:00,210.357
180,16.08 12:00,222.063
180,16.08 13:00,231.079
180,16.08 14:00,243.117
180,16.08 15:00,266.225
180,16.08 16:00,252.986
180,16.08 17:00,264.214
180,16.08 18:00,270.893
180,16.08 19:00,264.797
180,16.08 20:00,260.021
180,16.08 21:00,239.377
180,16.08 22:00,243.103
180,16.08 23:00,202.966
180,17.08 00:00,249.382
180,17.08 01:00,172.476
180,17.08 02:00,164.319
180,17.08 03:00,148.194
180,17.08 04:00,116.728
180,17.08 05:00,112.909
180,17.08 06:00,110.8
180,17.08 07:00,117.567
180,17.08 08:00,141.749
180,17.08 09:00,150.817
180,17.08 10:00,107.208
180,17.08 11:00,243.812
180,17.08 12:00,241.888
180,17.08 13:00,243.33
180,17.08 14:00,260.548
180,17.08 15:00,261.412
180,17.08 16:00,270.461
180,17.08 17:00,237.432
180,17.08 18:00,261.755
180,17.08 19:00,242.482
180,17.08 20:00,238.764
180,17.08 21:00,233.711
180,17.08 22:00,210.289
180,17.08 23:00,263.108
180,18.08 00:00,215.798
180,18.08 01:00,196.098
180,18.08 02:00,182.836
180,18.08 03:00,162.227
180,18.08 04:00,131.813
180,18.08 05:00,131.935
180,18.08 06:00,133.21
180,18.08 07:00,134.899
180,18.08 08:00,146.096
180,18.08 09:00,175.904
180,18.08 10:00,196.003
180,18.08 11:00,230.613
180,18.08 12:00,220.906
180,18.08 13:00,231.148
180,18.08 14:00,246.133
180,18.08 15:00,243.905
180,18.08 16:00,245.052
180,18.08 17:00,239.95
180,18.08 18:00,244.447
180,18.08 19:00,236.558
180,18.08 20:00,229.318
180,18.08 21:00,226.275
180,18.08 22:00,226.704
180,18.08 23:00,224.875
180,19.08 00:00,239.768
180,19.08 01:00,207.378
180,19.08 02:00,188.528
180,19.08 03:00,166.505
180,19.08 04:00,131.268
180,19.08 05:00,129.178
180,19.08 06:00,126.974
180,19.08 07:00,127.797
180,19.08 08:00,138.499
180,19.08 09:00,158.179
180,19.08 10:00,188.113
180,19.08 11:00,218.989
180,19.08 12:00,221.183
180,19.08 13:00,220.683
180,19.08 14:00,0.0
180,19.08 15:00,218.368
180,19.08 16:00,217.251
180,19.08 17:00,234.279
180,19.08 18:00,230.964
180,19.08 19:00,222.12
180,19.08 20:00,218.897
180,19.08 21:00,210.393
180,19.08 22:00,203.374
180,19.08 23:00,200.858
180,20.08 00:00,201.38
180,20.08 01:00,175.086
180,20.08 02:00,120.612
180,20.08 03:00,114.926
180,20.08 04:00,113.88
180,20.08 05:00,112.992
180,20.08 06:00,111.707
180,20.08 07:00,110.891
180,20.08 08:00,128.176
180,20.08 09:00,134.735
180,20.08 10:00,154.024
180,20.08 11:00,174.137
180,20.08 12:00,182.029
180,20.08 13:00,190.641
180,20.08 14:00,191.751
180,20.08 15:00,195.279
180,20.08 16:00,198.725
180,20.08 17:00,209.307
180,20.08 18:00,195.133
180,20.08 19:00,202.098
180,20.08 20:00,197.216
180,20.08 21:00,176.35
180,20.08 22:00,181.778
180,20.08 23:00,165.606
180,21.08 00:00,173.475
180,21.08 01:00,158.154
180,21.08 02:00,114.661
180,21.08 03:00,113.78
180,21.08 04:00,125.299
180,21.08 05:00,112.842
180,21.08 06:00,112.435
180,21.08 07:00,108.183
180,21.08 08:00,109.072
180,21.08 09:00,109.506
180,21.08 10:00,126.55
180,21.08 11:00,114.826
180,21.08 12:00,128.127
180,21.08 13:00,154.25
180,21.08 14:00,167.147
180,21.08 15:00,183.694
180,21.08 16:00,189.538
180,21.08 17:00,189.471
180,21.08 18:00,196.059
180,21.08 19:00,198.817
180,21.08 20:00,203.438
180,21.08 21:00,200.252
180,21.08 22:00,200.427
180,21.08 23:00,198.953
180,22.08 00:00,197.985
180,22.08 01:00,180.74
180,22.08 02:00,149.088
180,22.08 03:00,127.402
180,22.08 04:00,106.648
180,22.08 05:00,101.124
180,22.08 06:00,100.035
180,22.08 07:00,102.626
180,22.08 08:00,106.258
180,22.08 09:00,140.506
180,22.08 10:00,173.026
180,22.08 11:00,196.618
180,22.08 12:00,207.514
180,22.08 13:00,223.003
180,22.08 14:00,224.738
180,22.08 15:00,229.831
180,22.08 16:00,236.887
180,22.08 17:00,267.486
180,22.08 18:00,223.187
180,22.08 19:00,249.768
180,22.08 20:00,222.361
180,22.08 21:00,212.107
180,22.08 22:00,205.462
180,22.08 23:00,213.901
180,23.08 00:00,199.62
180,23.08 01:00,179.137
180,23.08 02:00,162.588
180,23.08 03:00,142.217
180,23.08 04:00,112.621
180,23.08 05:00,108.471
180,23.08 06:00,104.112
180,23.08 07:00,108.231
180,23.08 08:00,106.231
180,23.08 09:00,125.463
180,23.08 10:00,153.582
180,23.08 11:00,195.326
180,23.08 12:00,217.575
180,23.08 13:00,211.363
180,23.08 14:00,234.06
180,23.08 15:00,227.828
180,23.08 16:00,229.611
180,23.08 17:00,228.83
180,23.08 18:00,241.819
180,23.08 19:00,249.656
180,23.08 20:00,248.631
180,23.08 21:00,227.468
180,23.08 22:00,214.311
180,23.08 23:00,212.255
180,24.08 00:00,207.356
180,24.08 01:00,197.046
180,24.08 02:00,176.0
180,24.08 03:00,158.328
180,24.08 04:00,112.36
180,24.08 05:00,110.888
180,24.08 06:00,108.303
180,24.08 07:00,110.47
180,24.08 08:00,137.753
180,24.08 09:00,160.129
180,24.08 10:00,170.489
180,24.08 11:00,216.781
180,24.08 12:00,235.417
180,24.08 13:00,238.288
180,24.08 14:00,234.928
180,24.08 15:00,250.878
180,24.08 16:00,244.699
180,24.08 17:00,246.928
180,24.08 18:00,249.267
180,24.08 19:00,246.327
180,24.08 20:00,250.128
180,24.08 21:00,228.527
180,24.08 22:00,222.922
180,24.08 23:00,223.868
180,25.08 00:00,223.914
180,25.08 01:00,222.7
180,25.08 02:00,223.603
180,25.08 03:00,1.001
180,25.08 04:00,1.004
180,25.08 05:00,1.003
180,25.08 06:00,0.997
180,25.08 07:00,0.999
180,25.08 08:00,1.001
180,25.08 09:00,1.0
180,25.08 10:00,0.996
180,25.08 11:00,1.002
180,25.08 12:00,0.998
180,25.08 13:00,0.998
180,25.08 14:00,1.003
180,25.08 15:00,0.996
180,25.08 16:00,0.999
180,25.08 17:00,1.003
180,25.08 18:00,1.0
180,25.08 19:00,0.999
180,25.08 20:00,0.996
180,25.08 21:00,0.997
180,25.08 22:00,0.996
180,25.08 23:00,234.101
180,26.08 00:00,237.976
180,26.08 01:00,230.801
180,26.08 02:00,173.496
180,26.08 03:00,152.621
180,26.08 04:00,117.015
180,26.08 05:00,115.371
180,26.08 06:00,114.678
180,26.08 07:00,113.422
180,26.08 08:00,128.266
180,26.08 09:00,150.492
180,26.08 10:00,184.71
180,26.08 11:00,251.308
180,26.08 12:00,226.103
180,26.08 13:00,236.327
180,26.08 14:00,254.805
180,26.08 15:00,262.477
180,26.08 16:00,263.271
180,26.08 17:00,252.601
180,26.08 18:00,254.491
180,26.08 19:00,241.361
180,26.08 20:00,231.255
180,26.08 21:00,244.985
180,26.08 22:00,226.859
180,26.08 23:00,193.079
180,27.08 00:00,223.482
180,27.08 01:00,188.573
180,27.08 02:00,139.533
180,27.08 03:00,141.016
180,27.08 04:00,129.075
180,27.08 05:00,128.165
180,27.08 06:00,123.441
180,27.08 07:00,128.976
180,27.08 08:00,131.645
180,27.08 09:00,152.16
180,27.08 10:00,172.064
180,27.08 11:00,199.518
180,27.08 12:00,203.004
180,27.08 13:00,194.555
180,27.08 14:00,201.441
180,27.08 15:00,212.874
180,27.08 16:00,206.356
180,27.08 17:00,216.471
180,27.08 18:00,207.63
180,27.08 19:00,199.36
180,27.08 20:00,201.921
180,27.08 21:00,186.671
180,27.08 22:00,179.865
180,27.08 23:00,169.395
180,28.08 00:00,168.901
180,28.08 01:00,166.629
180,28.08 02:00,121.632
180,28.08 03:00,118.321
180,28.08 04:00,115.716
180,28.08 05:00,120.042
180,28.08 06:00,119.699
180,28.08 07:00,116.713
180,28.08 08:00,117.022
180,28.08 09:00,115.571
180,28.08 10:00,99.073
180,28.08 11:00,122.362
180,28.08 12:00,125.408
180,28.08 13:00,156.041
180,28.08 14:00,169.721
180,28.08 15:00,185.039
180,28.08 16:00,186.2
180,28.08 17:00,187.618
180,28.08 18:00,190.827
180,28.08 19:00,189.801
180,28.08 20:00,190.97
180,28.08 21:00,187.614
180,28.08 22:00,189.721
180,28.08 23:00,199.134
180,29.08 00:00,184.05
180,29.08 01:00,175.634
180,29.08 02:00,155.601
180,29.08 03:00,144.265
180,29.08 04:00,123.528
180,29.08 05:00,106.028
180,29.08 06:00,105.259
180,29.08 07:00,109.525
180,29.08 08:00,112.498
180,29.08 09:00,145.35
180,29.08 10:00,178.631
180,29.08 11:00,210.364
180,29.08 12:00,208.615
180,29.08 13:00,231.426
180,29.08 14:00,245.349
180,29.08 15:00,244.984
180,29.08 16:00,243.627
180,29.08 17:00,244.434
180,29.08 18:00,242.894
180,29.08 19:00,242.931
180,29.08 20:00,228.689
180,29.08 21:00,224.169
180,29.08 22:00,220.363
180,29.08 23:00,213.588
180,30.08 00:00,214.591
180,30.08 01:00,198.433
180,30.08 02:00,178.718
180,30.08 03:00,163.106
180,30.08 04:00,134.258
180,30.08 05:00,137.948
180,30.08 06:00,129.751
180,30.08 07:00,112.715
180,30.08 08:00,145.49
180,30.08 09:00,164.315
180,30.08 10:00,195.247
180,30.08 11:00,217.189
180,30.08 12:00,215.366
180,30.08 13:00,237.979
180,30.08 14:00,234.18
180,30.08 15:00,238.079
180,30.08 16:00,242.518
180,30.08 17:00,260.736
180,30.08 18:00,237.709
180,30.08 19:00,242.423
180,30.08 20:00,233.14
180,30.08 21:00,229.828
180,30.08 22:00,219.415
180,30.08 23:00,218.565
180,31.08 00:00,215.951
180,31.08 01:00,196.945
180,31.08 02:00,178.962
180,31.08 03:00,163.655
180,31.08 04:00,130.431
180,31.08 05:00,129.601
180,31.08 06:00,111.306
180,31.08 07:00,131.46
180,31.08 08:00,143.059
180,31.08 09:00,169.687
180,31.08 10:00,194.593
180,31.08 11:00,222.287
180,31.08 12:00,222.424
180,31.08 13:00,231.321
180,31.08 14:00,248.241
180,31.08 15:00,250.313
180,31.08 16:00,258.075
180,31.08 17:00,258.165
180,31.08 18:00,254.069
180,31.08 19:00,260.445
180,31.08 20:00,246.135
180,31.08 21:00,231.686
180,31.08 22:00,230.417
180,31.08 23:00,216.247
180,01.09 00:00,215.754
180,01.09 01:00,192.766
180,01.09 02:00,175.027
180,01.09 03:00,159.019
180,01.09 04:00,129.473
180,01.09 05:00,116.792
180,01.09 06:00,110.715
180,01.09 07:00,131.214
180,01.09 08:00,116.344
180,01.09 09:00,163.968
180,01.09 10:00,191.567
180,01.09 11:00,218.576
180,01.09 12:00,230.223
180,01.09 13:00,226.747
180,01.09 14:00,247.873
180,01.09 15:00,251.282
180,01.09 16:00,0.0
180,01.09 17:00,239.879
180,01.09 18:00,232.194
180,01.09 19:00,235.848
180,01.09 20:00,0.0
180,01.09 21:00,213.013
180,01.09 22:00,209.772
180,01.09 23:00,206.83
180,02.09 00:00,207.208
180,02.09 01:00,181.587
180,02.09 02:00,172.884
180,02.09 03:00,156.796
180,02.09 04:00,108.952
180,02.09 05:00,106.79
180,02.09 06:00,105.582
180,02.09 07:00,106.812
180,02.09 08:00,109.387
180,02.09 09:00,140.029
180,02.09 10:00,168.681
180,02.09 11:00,203.72
180,02.09 12:00,205.753
180,02.09 13:00,197.445
180,02.09 14:00,207.457
180,02.09 15:00,220.734
180,02.09 16:00,208.729
180,02.09 17:00,221.319
180,02.09 18:00,209.312
180,02.09 19:00,0.0
180,02.09 20:00,202.51
180,02.09 21:00,189.966
180,02.09 22:00,193.674
180,02.09 23:00,178.12
180,03.09 00:00,170.468
180,03.09 01:00,154.554
180,03.09 02:00,99.303
180,03.09 03:00,100.745
180,03.09 04:00,100.199
180,03.09 05:00,98.503
180,03.09 06:00,98.188
180,03.09 07:00,96.13
180,03.09 08:00,98.931
180,03.09 09:00,103.462
180,03.09 10:00,129.364
180,03.09 11:00,170.772
180,03.09 12:00,187.156
180,03.09 13:00,191.522
180,03.09 14:00,200.986
180,03.09 15:00,193.547
180,03.09 16:00,189.292
180,03.09 17:00,196.384
180,03.09 18:00,181.973
180,03.09 19:00,191.068
180,03.09 20:00,180.758
180,03.09 21:00,164.727
180,03.09 22:00,161.018
180,03.09 23:00,152.224
180,04.09 00:00,153.248
180,04.09 01:00,140.445
180,04.09 02:00,97.726
180,04.09 03:00,100.691
180,04.09 04:00,101.02
180,04.09 05:00,96.909
180,04.09 06:00,99.569
180,04.09 07:00,98.26
180,04.09 08:00,96.609
180,04.09 09:00,95.424
180,04.09 10:00,100.161
180,04.09 11:00,97.967
180,04.09 12:00,97.705
180,04.09 13:00,102.342
180,04.09 14:00,144.666
180,04.09 15:00,156.212
180,04.09 16:00,171.703
180,04.09 17:00,178.214
180,04.09 18:00,174.63
180,04.09 19:00,174.69
180,04.09 20:00,178.252
180,04.09 21:00,177.655
180,04.09 22:00,183.67
180,04.09 23:00,183.062
180,05.09 00:00,169.498
180,05.09 01:00,168.621
180,05.09 02:00,145.518
180,05.09 03:00,132.492
180,05.09 04:00,102.136
180,05.09 05:00,100.894
180,05.09 06:00,96.864
180,05.09 07:00,97.515
180,05.09 08:00,96.527
180,05.09 09:00,102.973
180,05.09 10:00,127.939
180,05.09 11:00,182.159
180,05.09 12:00,192.367
180,05.09 13:00,191.712
180,05.09 14:00,207.16
180,05.09 15:00,208.636
180,05.09 16:00,208.206
180,05.09 17:00,214.736
180,05.09 18:00,223.804
180,05.09 19:00,217.472
180,05.09 20:00,201.168
180,05.09 21:00,203.426
180,05.09 22:00,204.28
180,05.09 23:00,201.006
180,06.09 00:00,205.5
180,06.09 01:00,175.182
180,06.09 02:00,172.553
180,06.09 03:00,149.668
180,06.09 04:00,107.144
180,06.09 05:00,105.588
180,06.09 06:00,105.494
180,06.09 07:00,104.394
180,06.09 08:00,101.212
180,06.09 09:00,115.386
180,06.09 10:00,143.684
180,06.09 11:00,199.581
180,06.09 12:00,226.578
180,06.09 13:00,217.158
180,06.09 14:00,247.436
180,06.09 15:00,226.912
180,06.09 16:00,235.132
180,06.09 17:00,230.81
180,06.09 18:00,244.808
180,06.09 19:00,229.851
180,06.09 20:00,222.02
180,06.09 21:00,218.963
180,06.09 22:00,225.676
180,06.09 23:00,212.505
180,07.09 00:00,213.717
180,07.09 01:00,184.85
180,07.09 02:00,170.89
180,07.09 03:00,158.062
180,07.09 04:00,108.536
180,07.09 05:00,108.282
180,07.09 06:00,109.505
180,07.09 07:00,111.344
180,07.09 08:00,133.618
180,07.09 09:00,152.89
180,07.09 10:00,195.259
180,07.09 11:00,213.736
180,07.09 12:00,210.841
180,07.09 13:00,229.988
180,07.09 14:00,230.692
180,07.09 15:00,247.451
180,07.09 16:00,256.951
180,07.09 17:00,241.169
180,07.09 18:00,238.326
180,07.09 19:00,243.163
180,07.09 20:00,234.189
180,07.09 21:00,0.0
180,07.09 22:00,235.074
180,07.09 23:00,188.004
180,08.09 00:00,252.732
180,08.09 01:00,199.998
180,08.09 02:00,179.887
180,08.09 03:00,170.232
180,08.09 04:00,132.404
180,08.09 05:00,130.35
180,08.09 06:00,131.209
180,08.09 07:00,129.393
180,08.09 08:00,139.311
180,08.09 09:00,169.707
180,08.09 10:00,182.109
180,08.09 11:00,210.354
180,08.09 12:00,216.34
180,08.09 13:00,232.33
180,08.09 14:00,256.434
180,08.09 15:00,259.728
180,08.09 16:00,263.927
180,08.09 17:00,266.264
180,08.09 18:00,265.604
180,08.09 19:00,268.132
180,08.09 20:00,240.584
180,08.09 21:00,238.874
180,08.09 22:00,246.064
180,08.09 23:00,220.508
180,09.09 00:00,229.884
180,09.09 01:00,190.276
180,09.09 02:00,175.195
180,09.09 03:00,161.088
180,09.09 04:00,135.832
180,09.09 05:00,124.251
180,09.09 06:00,126.432
180,09.09 07:00,130.382
180,09.09 08:00,137.67
180,09.09 09:00,164.99
180,09.09 10:00,195.295
180,09.09 11:00,218.095
180,09.09 12:00,209.385
180,09.09 13:00,222.713
180,09.09 14:00,223.4
180,09.09 15:00,238.488
180,09.09 16:00,235.216
180,09.09 17:00,243.989
180,09.09 18:00,240.107
180,09.09 19:00,244.868
180,09.09 20:00,242.114
180,09.09 21:00,225.49
180,09.09 22:00,216.447
180,09.09 23:00,201.897
180,10.09 00:00,193.79
180,10.09 01:00,169.41
180,10.09 02:00,126.427
180,10.09 03:00,123.999
180,10.09 04:00,125.921
180,10.09 05:00,125.714
180,10.09 06:00,122.662
180,10.09 07:00,127.799
180,10.09 08:00,134.185
180,10.09 09:00,150.219
180,10.09 10:00,166.927
180,10.09 11:00,185.359
180,10.09 12:00,193.925
180,10.09 13:00,198.287
180,10.09 14:00,213.71
180,10.09 15:00,217.707
180,10.09 16:00,215.015
180,10.09 17:00,227.194
180,10.09 18:00,215.505
180,10.09 19:00,218.839
180,10.09 20:00,234.183
180,10.09 21:00,200.633
180,10.09 22:00,198.493
180,10.09 23:00,186.428
180,11.09 00:00,184.647
180,11.09 01:00,177.325
180,11.09 02:00,111.945
180,11.09 03:00,113.126
180,11.09 04:00,120.315
180,11.09 05:00,109.227
180,11.09 06:00,106.426
180,11.09 07:00,109.265
180,11.09 08:00,106.958
180,11.09 09:00,112.991
180,11.09 10:00,110.523
180,11.09 11:00,130.788
180,11.09 12:00,145.51
180,11.09 13:00,189.751
180,11.09 14:00,187.499
180,11.09 15:00,206.609
180,11.09 16:00,202.662
180,11.09 17:00,215.952
180,11.09 18:00,213.837
180,11.09 19:00,199.464
180,11.09 20:00,206.265
180,11.09 21:00,193.536
180,11.09 22:00,201.048
180,11.09 23:00,201.062
180,12.09 00:00,195.44
180,12.09 01:00,167.258
180,12.09 02:00,154.774
180,12.09 03:00,133.928
180,12.09 04:00,99.066
180,12.09 05:00,100.27
180,12.09 06:00,98.15
180,12.09 07:00,100.0
180,12.09 08:00,103.38
180,12.09 09:00,115.235
180,12.09 10:00,141.514
180,12.09 11:00,197.366
180,12.09 12:00,216.344
180,12.09 13:00,204.757
180,12.09 14:00,223.028
180,12.09 15:00,236.072
180,12.09 16:00,235.027
180,12.09 17:00,231.706
180,12.09 18:00,233.403
180,12.09 19:00,231.651
180,12.09 20:00,228.904
180,12.09 21:00,233.721
180,12.09 22:00,221.429
180,12.09 23:00,229.351
180,13.09 00:00,210.048
180,13.09 01:00,184.569
180,13.09 02:00,175.589
180,13.09 03:00,155.955
180,13.09 04:00,108.765
180,13.09 05:00,108.934
180,13.09 06:00,108.174
180,13.09 07:00,110.122
180,13.09 08:00,112.234
180,13.09 09:00,150.406
180,13.09 10:00,180.568
180,13.09 11:00,205.411
180,13.09 12:00,207.947
180,13.09 13:00,215.616
180,13.09 14:00,237.637
180,13.09 15:00,249.724
180,13.09 16:00,244.707
180,13.09 17:00,256.515
180,13.09 18:00,246.741
180,13.09 19:00,254.209
180,13.09 20:00,237.666
180,13.09 21:00,231.767
180,13.09 22:00,223.411
180,13.09 23:00,227.211
180,14.09 00:00,223.412
180,14.09 01:00,201.163
180,14.09 02:00,181.153
180,14.09 03:00,158.196
180,14.09 04:00,110.568
180,14.09 05:00,108.147
180,14.09 06:00,104.407
180,14.09 07:00,108.178
180,14.09 08:00,131.075
180,14.09 09:00,149.293
180,14.09 10:00,188.513
180,14.09 11:00,215.136
180,14.09 12:00,218.768
180,14.09 13:00,230.297
180,14.09 14:00,258.393
180,14.09 15:00,260.187
180,14.09 16:00,252.188
180,14.09 17:00,248.039
180,14.09 18:00,246.421
180,14.09 19:00,239.798
180,14.09 20:00,238.365
180,14.09 21:00,238.122
180,14.09 22:00,227.685
180,14.09 23:00,228.398
180,15.09 00:00,212.621
180,15.09 01:00,191.433
180,15.09 02:00,169.927
180,15.09 03:00,161.701
180,15.09 04:00,110.559
180,15.09 05:00,105.486
180,15.09 06:00,109.871
180,15.09 07:00,105.366
180,15.09 08:00,0.0
180,15.09 09:00,141.189
180,15.09 10:00,163.083
180,15.09 11:00,205.902
180,15.09 12:00,214.129
180,15.09 13:00,219.972
180,15.09 14:00,232.482
180,15.09 15:00,244.343
180,15.09 16:00,229.577
180,15.09 17:00,228.808
180,15.09 18:00,224.363
180,15.09 19:00,224.399
180,15.09 20:00,238.668
180,15.09 21:00,223.029
180,15.09 22:00,231.729
180,15.09 23:00,207.923
180,16.09 00:00,208.322
180,16.09 01:00,174.188
180,16.09 02:00,167.885
180,16.09 03:00,157.339
180,16.09 04:00,106.48
180,16.09 05:00,113.48
180,16.09 06:00,101.451
180,16.09 07:00,105.442
180,16.09 08:00,107.008
180,16.09 09:00,126.989
180,16.09 10:00,144.5
180,16.09 11:00,196.017
180,16.09 12:00,196.803
180,16.09 13:00,216.761
180,16.09 14:00,230.855
180,16.09 15:00,229.719
180,16.09 16:00,227.983
180,16.09 17:00,214.664
180,16.09 18:00,234.286
180,16.09 19:00,228.418
180,16.09 20:00,221.561
180,16.09 21:00,206.638
180,16.09 22:00,205.272
180,16.09 23:00,181.747
180,17.09 00:00,184.57
180,17.09 01:00,145.426
180,17.09 02:00,98.7
180,17.09 03:00,99.86
180,17.09 04:00,100.389
180,17.09 05:00,100.042
180,17.09 06:00,99.848
180,17.09 07:00,103.143
180,17.09 08:00,105.993
180,17.09 09:00,119.694
180,17.09 10:00,134.304
180,17.09 11:00,167.198
180,17.09 12:00,171.756
180,17.09 13:00,173.946
180,17.09 14:00,180.207
180,17.09 15:00,183.853
180,17.09 16:00,190.913
180,17.09 17:00,185.94
180,17.09 18:00,188.642
180,17.09 19:00,187.886
180,17.09 20:00,182.514
180,17.09 21:00,171.285
180,17.09 22:00,174.453
180,17.09 23:00,159.117
180,18.09 00:00,160.07
180,18.09 01:00,161.712
180,18.09 02:00,101.312
180,18.09 03:00,103.352
180,18.09 04:00,102.663
180,18.09 05:00,105.499
180,18.09 06:00,101.757
180,18.09 07:00,102.899
180,18.09 08:00,103.222
180,18.09 09:00,101.763
180,18.09 10:00,108.552
180,18.09 11:00,107.783
180,18.09 12:00,98.256
180,18.09 13:00,117.364
180,18.09 14:00,157.693
180,18.09 15:00,198.631
180,18.09 16:00,195.773
180,18.09 17:00,189.518
180,18.09 18:00,217.014
180,18.09 19:00,214.818
180,18.09 20:00,217.111
180,18.09 21:00,226.503
180,18.09 22:00,216.126
180,18.09 23:00,220.794
180,19.09 00:00,187.677
180,19.09 01:00,179.483
180,19.09 02:00,165.831
180,19.09 03:00,158.371
180,19.09 04:00,109.032
180,19.09 05:00,106.288
180,19.09 06:00,109.937
180,19.09 07:00,136.853
180,19.09 08:00,131.309
180,19.09 09:00,151.96
180,19.09 10:00,188.458
180,19.09 11:00,211.806
180,19.09 12:00,224.5
180,19.09 13:00,240.623
180,19.09 14:00,250.59
180,19.09 15:00,243.466
180,19.09 16:00,249.45
180,19.09 17:00,249.098
180,19.09 18:00,241.182
180,19.09 19:00,242.232
180,19.09 20:00,228.097
180,19.09 21:00,241.8
180,19.09 22:00,219.788
180,19.09 23:00,226.142
180,20.09 00:00,220.023
180,20.09 01:00,206.083
180,20.09 02:00,176.764
180,20.09 03:00,161.571
180,20.09 04:00,110.062
180,20.09 05:00,108.321
180,20.09 06:00,105.313
180,20.09 07:00,108.192
180,20.09 08:00,110.42
180,20.09 09:00,124.62
180,20.09 10:00,174.727
180,20.09 11:00,213.373
180,20.09 12:00,221.97
180,20.09 13:00,230.428
180,20.09 14:00,228.7
180,20.09 15:00,242.032
180,20.09 16:00,251.354
180,20.09 17:00,245.66
180,20.09 18:00,252.546
180,20.09 19:00,234.82
180,20.09 20:00,0.0
180,20.09 21:00,243.917
180,20.09 22:00,220.999
180,20.09 23:00,224.538
180,21.09 00:00,214.135
180,21.09 01:00,188.456
180,21.09 02:00,174.378
180,21.09 03:00,153.54
180,21.09 04:00,104.787
180,21.09 05:00,102.939
180,21.09 06:00,102.487
180,21.09 07:00,107.517
180,21.09 08:00,108.781
180,21.09 09:00,114.247
180,21.09 10:00,180.128
180,21.09 11:00,195.745
180,21.09 12:00,213.998
180,21.09 13:00,218.152
180,21.09 14:00,231.489
180,21.09 15:00,229.648
180,21.09 16:00,241.295
180,21.09 17:00,233.347
180,21.09 18:00,234.149
180,21.09 19:00,245.134
180,21.09 20:00,246.361
180,21.09 21:00,231.165
180,21.09 22:00,239.321
180,21.09 23:00,226.273
180,22.09 00:00,232.818
180,22.09 01:00,201.143
180,22.09 02:00,178.037
180,22.09 03:00,167.186
180,22.09 04:00,113.604
180,22.09 05:00,106.402
180,22.09 06:00,106.627
180,22.09 07:00,107.898
180,22.09 08:00,112.721
180,22.09 09:00,134.783
180,22.09 10:00,165.04
180,22.09 11:00,205.996
180,22.09 12:00,216.497
180,22.09 13:00,221.893
180,22.09 14:00,233.209
180,22.09 15:00,232.484
180,22.09 16:00,235.474
180,22.09 17:00,235.286
180,22.09 18:00,244.1
180,22.09 19:00,241.19
180,22.09 20:00,214.672
180,22.09 21:00,220.704
180,22.09 22:00,209.377
180,22.09 23:00,218.211
180,23.09 00:00,209.502
180,23.09 01:00,184.273
180,23.09 02:00,172.357
180,23.09 03:00,155.406
180,23.09 04:00,99.775
180,23.09 05:00,104.681
180,23.09 06:00,104.101
180,23.09 07:00,101.181
180,23.09 08:00,101.125
180,23.09 09:00,111.487
180,23.09 10:00,147.367
180,23.09 11:00,199.912
180,23.09 12:00,210.085
180,23.09 13:00,218.942
180,23.09 14:00,222.175
180,23.09 15:00,231.194
180,23.09 16:00,237.465
180,23.09 17:00,237.208
180,23.09 18:00,221.419
180,23.09 19:00,225.683
180,23.09 20:00,229.668
180,23.09 21:00,216.069
180,23.09 22:00,213.964
180,23.09 23:00,193.71
180,24.09 00:00,194.272
180,24.09 01:00,174.457
180,24.09 02:00,140.538
180,24.09 03:00,134.799
180,24.09 04:00,112.028
180,24.09 05:00,106.51
180,24.09 06:00,109.588
180,24.09 07:00,111.247
180,24.09 08:00,131.836
180,24.09 09:00,138.936
180,24.09 10:00,167.32
180,24.09 11:00,180.132
180,24.09 12:00,192.712
180,24.09 13:00,200.684
180,24.09 14:00,192.835
180,24.09 15:00,203.033
180,24.09 16:00,204.441
180,24.09 17:00,198.044
180,24.09 18:00,199.731
180,24.09 19:00,202.169
180,24.09 20:00,197.241
180,24.09 21:00,174.239
180,24.09 22:00,171.179
180,24.09 23:00,161.747
180,25.09 00:00,155.992
180,25.09 01:00,147.409
180,25.09 02:00,105.355
180,25.09 03:00,105.779
180,25.09 04:00,123.467
180,25.09 05:00,104.041
180,25.09 06:00,104.438
180,25.09 07:00,106.155
180,25.09 08:00,126.357
180,25.09 09:00,121.333
180,25.09 10:00,123.413
180,25.09 11:00,126.796
180,25.09 12:00,128.674
180,25.09 13:00,137.261
180,25.09 14:00,151.319
180,25.09 15:00,156.179
180,25.09 16:00,167.839
180,25.09 17:00,171.57
180,25.09 18:00,187.083
180,25.09 19:00,170.433
180,25.09 20:00,180.675
180,25.09 21:00,182.09
180,25.09 22:00,185.417
180,25.09 23:00,180.786
180,26.09 00:00,173.76
180,26.09 01:00,173.238
180,26.09 02:00,147.418
180,26.09 03:00,144.338
180,26.09 04:00,99.757
180,26.09 05:00,95.623
180,26.09 06:00,97.53
180,26.09 07:00,101.984
180,26.09 08:00,101.313
180,26.09 09:00,104.302
180,26.09 10:00,138.415
180,26.09 11:00,202.614
180,26.09 12:00,198.1
180,26.09 13:00,209.772
180,26.09 14:00,221.998
180,26.09 15:00,225.04
180,26.09 16:00,239.603
180,26.09 17:00,231.725
180,26.09 18:00,228.824
180,26.09 19:00,224.84
180,26.09 20:00,215.782
180,26.09 21:00,220.688
180,26.09 22:00,206.759
180,26.09 23:00,207.461
180,27.09 00:00,200.4
180,27.09 01:00,177.992
180,27.09 02:00,166.567
180,27.09 03:00,150.081
180,27.09 04:00,107.193
180,27.09 05:00,101.939
180,27.09 06:00,100.056
180,27.09 07:00,105.935
180,27.09 08:00,104.476
180,27.09 09:00,111.582
180,27.09 10:00,136.286
180,27.09 11:00,194.04
180,27.09 12:00,204.476
180,27.09 13:00,218.683
180,27.09 14:00,216.031
180,27.09 15:00,225.119
180,27.09 16:00,229.408
180,27.09 17:00,228.238
180,27.09 18:00,233.5
180,27.09 19:00,228.78
180,27.09 20:00,223.605
180,27.09 21:00,215.492
180,27.09 22:00,215.061
180,27.09 23:00,213.02
180,28.09 00:00,203.843
180,28.09 01:00,176.374
180,28.09 02:00,171.408
180,28.09 03:00,152.147
180,28.09 04:00,81.67
180,28.09 05:00,96.763
180,28.09 06:00,94.857
180,28.09 07:00,94.68
180,28.09 08:00,95.103
180,28.09 09:00,94.83
180,28.09 10:00,95.045
180,28.09 11:00,94.248
180,28.09 12:00,94.425
180,28.09 13:00,94.948
180,28.09 14:00,95.008
180,28.09 15:00,94.576
180,28.09 16:00,94.595
180,28.09 17:00,94.953
180,28.09 18:00,0.0
180,28.09 19:00,0.0
180,28.09 20:00,0.0
180,28.09 21:00,0.0
180,28.09 22:00,0.0
180,28.09 23:00,0.0
180,29.09 00:00,0.0
180,29.09 01:00,0.0
180,29.09 02:00,0.0
180,29.09 03:00,0.0
180,29.09 04:00,0.0
180,29.09 05:00,0.0
180,29.09 06:00,0.0
180,29.09 07:00,0.0
180,29.09 08:00,0.0
180,29.09 09:00,0.0
180,29.09 10:00,0.0
180,29.09 11:00,0.0
180,29.09 12:00,0.0
180,29.09 13:00,0.0
180,29.09 14:00,0.0
180,29.09 15:00,0.0
180,29.09 16:00,0.0
180,29.09 17:00,0.0
180,29.09 18:00,0.0
180,29.09 19:00,0.0
180,29.09 20:00,0.0
180,29.09 21:00,0.0
180,29.09 22:00,0.0
180,29.09 23:00,0.0
180,30.09 00:00,0.0
180,30.09 01:00,0.0
180,30.09 02:00,0.0
180,30.09 03:00,0.0
180,30.09 04:00,0.0
180,30.09 05:00,0.0
180,30.09 06:00,0.0
180,30.09 07:00,0.0
180,30.09 08:00,0.0
180,30.09 09:00,0.0
180,30.09 10:00,0.0
180,30.09 11:00,0.0
180,30.09 12:00,0.0
180,30.09 13:00,0.0
180,30.09 14:00,0.0
180,30.09 15:00,0.0
180,30.09 16:00,0.0
180,30.09 17:00,0.0
180,30.09 18:00,0.0
180,30.09 19:00,0.0
180,30.09 20:00,0.0
180,30.09 21:00,0.0
180,30.09 22:00,0.0
180,30.09 23:00,0.0
