181,01.03 00:00,106.746
181,01.03 01:00,105.797
181,01.03 02:00,108.673
181,01.03 03:00,111.178
181,01.03 04:00,91.162
181,01.03 05:00,88.228
181,01.03 06:00,76.134
181,01.03 07:00,94.415
181,01.03 08:00,92.713
181,01.03 09:00,91.146
181,01.03 10:00,87.061
181,01.03 11:00,85.192
181,01.03 12:00,93.994
181,01.03 13:00,111.435
181,01.03 14:00,144.02
181,01.03 15:00,142.687
181,01.03 16:00,122.452
181,01.03 17:00,124.452
181,01.03 18:00,122.049
181,01.03 19:00,122.396
181,01.03 20:00,144.456
181,01.03 21:00,118.887
181,01.03 22:00,117.095
181,01.03 23:00,108.001
181,02.03 00:00,111.18
181,02.03 01:00,111.2
181,02.03 02:00,109.708
181,02.03 03:00,108.119
181,02.03 04:00,98.329
181,02.03 05:00,93.688
181,02.03 06:00,70.028
181,02.03 07:00,94.252
181,02.03 08:00,73.012
181,02.03 09:00,78.662
181,02.03 10:00,74.336
181,02.03 11:00,81.224
181,02.03 12:00,95.195
181,02.03 13:00,113.195
181,02.03 14:00,122.601
181,02.03 15:00,147.704
181,02.03 16:00,125.333
181,02.03 17:00,127.266
181,02.03 18:00,124.698
181,02.03 19:00,126.106
181,02.03 20:00,142.003
181,02.03 21:00,126.015
181,02.03 22:00,126.293
181,02.03 23:00,117.641
181,03.03 00:00,114.631
181,03.03 01:00,112.076
181,03.03 02:00,114.396
181,03.03 03:00,113.104
181,03.03 04:00,96.826
181,03.03 05:00,97.138
181,03.03 06:00,84.885
181,03.03 07:00,92.201
181,03.03 08:00,91.628
181,03.03 09:00,91.138
181,03.03 10:00,80.026
181,03.03 11:00,79.828
181,03.03 12:00,87.096
181,03.03 13:00,114.732
181,03.03 14:00,121.782
181,03.03 15:00,127.013
181,03.03 16:00,146.713
181,03.03 17:00,128.825
181,03.03 18:00,130.418
181,03.03 19:00,130.933
181,03.03 20:00,128.386
181,03.03 21:00,126.38
181,03.03 22:00,126.23
181,03.03 23:00,116.246
181,04.03 00:00,116.342
181,04.03 01:00,112.654
181,04.03 02:00,115.084
181,04.03 03:00,108.229
181,04.03 04:00,98.987
181,04.03 05:00,96.624
181,04.03 06:00,74.252
181,04.03 07:00,90.407
181,04.03 08:00,89.777
181,04.03 09:00,88.975
181,04.03 10:00,89.799
181,04.03 11:00,81.476
181,04.03 12:00,86.527
181,04.03 13:00,133.583
181,04.03 14:00,126.99
181,04.03 15:00,125.481
181,04.03 16:00,127.774
181,04.03 17:00,148.388
181,04.03 18:00,127.776
181,04.03 19:00,123.013
181,04.03 20:00,126.969
181,04.03 21:00,122.889
181,04.03 22:00,113.221
181,04.03 23:00,108.175
181,05.03 00:00,98.709
181,05.03 01:00,98.578
181,05.03 02:00,102.376
181,05.03 03:00,97.946
181,05.03 04:00,90.964
181,05.03 05:00,88.728
181,05.03 06:00,89.437
181,05.03 07:00,85.348
181,05.03 08:00,85.306
181,05.03 09:00,82.575
181,05.03 10:00,83.381
181,05.03 11:00,83.856
181,05.03 12:00,98.255
181,05.03 13:00,98.038
181,05.03 14:00,101.393
181,05.03 15:00,120.903
181,05.03 16:00,110.2
181,05.03 17:00,108.739
181,05.03 18:00,111.796
181,05.03 19:00,107.866
181,05.03 20:00,102.692
181,05.03 21:00,107.122
181,05.03 22:00,101.892
181,05.03 23:00,103.761
181,06.03 00:00,107.601
181,06.03 01:00,88.143
181,06.03 02:00,87.799
181,06.03 03:00,90.522
181,06.03 04:00,77.73
181,06.03 05:00,74.743
181,06.03 06:00,74.05
181,06.03 07:00,70.466
181,06.03 08:00,73.174
181,06.03 09:00,73.637
181,06.03 10:00,73.356
181,06.03 11:00,72.93
181,06.03 12:00,86.21
181,06.03 13:00,85.361
181,06.03 14:00,86.142
181,06.03 15:00,84.948
181,06.03 16:00,84.743
181,06.03 17:00,80.468
181,06.03 18:00,95.433
181,06.03 19:00,94.385
181,06.03 20:00,96.354
181,06.03 21:00,94.179
181,06.03 22:00,95.424
181,06.03 23:00,95.124
181,07.03 00:00,100.447
181,07.03 01:00,99.324
181,07.03 02:00,98.851
181,07.03 03:00,103.281
181,07.03 04:00,89.762
181,07.03 05:00,80.032
181,07.03 06:00,76.197
181,07.03 07:00,95.156
181,07.03 08:00,90.596
181,07.03 09:00,91.415
181,07.03 10:00,80.497
181,07.03 11:00,78.967
181,07.03 12:00,90.046
181,07.03 13:00,107.683
181,07.03 14:00,117.958
181,07.03 15:00,122.945
181,07.03 16:00,115.715
181,07.03 17:00,107.83
181,07.03 18:00,138.535
181,07.03 19:00,120.851
181,07.03 20:00,115.43
181,07.03 21:00,116.461
181,07.03 22:00,128.531
181,07.03 23:00,105.308
181,08.03 00:00,103.897
181,08.03 01:00,107.08
181,08.03 02:00,102.367
181,08.03 03:00,100.175
181,08.03 04:00,87.441
181,08.03 05:00,86.516
181,08.03 06:00,87.546
181,08.03 07:00,76.114
181,08.03 08:00,76.02
181,08.03 09:00,82.956
181,08.03 10:00,76.214
181,08.03 11:00,74.905
181,08.03 12:00,83.18
181,08.03 13:00,110.878
181,08.03 14:00,110.117
181,08.03 15:00,115.239
181,08.03 16:00,119.842
181,08.03 17:00,121.806
181,08.03 18:00,118.536
181,08.03 19:00,123.981
181,08.03 20:00,122.785
181,08.03 21:00,119.652
181,08.03 22:00,136.289
181,08.03 23:00,105.813
181,09.03 00:00,105.204
181,09.03 01:00,102.778
181,09.03 02:00,109.496
181,09.03 03:00,101.812
181,09.03 04:00,89.212
181,09.03 05:00,86.994
181,09.03 06:00,74.912
181,09.03 07:00,82.273
181,09.03 08:00,84.856
181,09.03 09:00,84.17
181,09.03 10:00,83.016
181,09.03 11:00,77.361
181,09.03 12:00,82.654
181,09.03 13:00,105.203
181,09.03 14:00,110.384
181,09.03 15:00,115.456
181,09.03 16:00,118.38
181,09.03 17:00,121.648
181,09.03 18:00,119.682
181,09.03 19:00,118.603
181,09.03 20:00,119.614
181,09.03 21:00,0.0
181,09.03 22:00,115.761
181,09.03 23:00,106.442
181,10.03 00:00,104.0
181,10.03 01:00,107.432
181,10.03 02:00,102.896
181,10.03 03:00,102.165
181,10.03 04:00,87.878
181,10.03 05:00,87.294
181,10.03 06:00,80.525
181,10.03 07:00,85.592
181,10.03 08:00,84.197
181,10.03 09:00,84.358
181,10.03 10:00,83.375
181,10.03 11:00,66.016
181,10.03 12:00,82.836
181,10.03 13:00,104.878
181,10.03 14:00,112.98
181,10.03 15:00,112.564
181,10.03 16:00,118.435
181,10.03 17:00,116.858
181,10.03 18:00,137.295
181,10.03 19:00,115.683
181,10.03 20:00,119.466
181,10.03 21:00,118.261
181,10.03 22:00,111.937
181,10.03 23:00,102.836
181,11.03 00:00,100.228
181,11.03 01:00,100.488
181,11.03 02:00,121.355
181,11.03 03:00,105.575
181,11.03 04:00,87.492
181,11.03 05:00,86.035
181,11.03 06:00,74.462
181,11.03 07:00,86.054
181,11.03 08:00,84.825
181,11.03 09:00,92.79
181,11.03 10:00,79.962
181,11.03 11:00,66.133
181,11.03 12:00,82.287
181,11.03 13:00,111.922
181,11.03 14:00,114.702
181,11.03 15:00,136.136
181,11.03 16:00,118.983
181,11.03 17:00,114.04
181,11.03 18:00,113.795
181,11.03 19:00,134.001
181,11.03 20:00,112.595
181,11.03 21:00,113.495
181,11.03 22:00,111.923
181,11.03 23:00,100.448
181,12.03 00:00,96.787
181,12.03 01:00,91.672
181,12.03 02:00,91.017
181,12.03 03:00,87.88
181,12.03 04:00,76.157
181,12.03 05:00,75.667
181,12.03 06:00,76.956
181,12.03 07:00,75.29
181,12.03 08:00,74.726
181,12.03 09:00,75.902
181,12.03 10:00,74.838
181,12.03 11:00,73.963
181,12.03 12:00,87.816
181,12.03 13:00,86.314
181,12.03 14:00,93.142
181,12.03 15:00,99.948
181,12.03 16:00,99.463
181,12.03 17:00,99.42
181,12.03 18:00,99.458
181,12.03 19:00,98.312
181,12.03 20:00,104.601
181,12.03 21:00,100.915
181,12.03 22:00,99.83
181,12.03 23:00,98.981
181,13.03 00:00,98.457
181,13.03 01:00,78.778
181,13.03 02:00,79.467
181,13.03 03:00,83.653
181,13.03 04:00,67.296
181,13.03 05:00,67.853
181,13.03 06:00,71.068
181,13.03 07:00,66.649
181,13.03 08:00,67.05
181,13.03 09:00,71.388
181,13.03 10:00,67.154
181,13.03 11:00,80.595
181,13.03 12:00,79.846
181,13.03 13:00,79.504
181,13.03 14:00,76.716
181,13.03 15:00,78.722
181,13.03 16:00,79.439
181,13.03 17:00,97.634
181,13.03 18:00,98.649
181,13.03 19:00,99.029
181,13.03 20:00,103.333
181,13.03 21:00,121.562
181,13.03 22:00,99.828
181,13.03 23:00,96.952
181,14.03 00:00,104.269
181,14.03 01:00,104.653
181,14.03 02:00,104.847
181,14.03 03:00,91.672
181,14.03 04:00,85.481
181,14.03 05:00,68.294
181,14.03 06:00,76.612
181,14.03 07:00,75.428
181,14.03 08:00,74.666
181,14.03 09:00,76.031
181,14.03 10:00,67.815
181,14.03 11:00,81.947
181,14.03 12:00,102.836
181,14.03 13:00,113.086
181,14.03 14:00,114.575
181,14.03 15:00,112.81
181,14.03 16:00,112.896
181,14.03 17:00,117.79
181,14.03 18:00,121.799
181,14.03 19:00,116.192
181,14.03 20:00,137.405
181,14.03 21:00,113.952
181,14.03 22:00,124.491
181,14.03 23:00,105.616
181,15.03 00:00,111.851
181,15.03 01:00,109.576
181,15.03 02:00,107.835
181,15.03 03:00,90.662
181,15.03 04:00,79.658
181,15.03 05:00,76.763
181,15.03 06:00,104.687
181,15.03 07:00,86.432
181,15.03 08:00,84.709
181,15.03 09:00,71.991
181,15.03 10:00,73.837
181,15.03 11:00,80.403
181,15.03 12:00,103.294
181,15.03 13:00,112.656
181,15.03 14:00,113.787
181,15.03 15:00,113.439
181,15.03 16:00,116.694
181,15.03 17:00,120.1
181,15.03 18:00,124.446
181,15.03 19:00,118.521
181,15.03 20:00,116.999
181,15.03 21:00,114.085
181,15.03 22:00,103.732
181,15.03 23:00,107.601
181,16.03 00:00,109.642
181,16.03 01:00,104.211
181,16.03 02:00,104.17
181,16.03 03:00,91.8
181,16.03 04:00,84.41
181,16.03 05:00,65.968
181,16.03 06:00,88.922
181,16.03 07:00,85.787
181,16.03 08:00,101.825
181,16.03 09:00,77.475
181,16.03 10:00,72.75
181,16.03 11:00,83.516
181,16.03 12:00,102.872
181,16.03 13:00,0.0
181,16.03 14:00,113.835
181,16.03 15:00,118.227
181,16.03 16:00,114.185
181,16.03 17:00,118.721
181,16.03 18:00,116.719
181,16.03 19:00,116.145
181,16.03 20:00,113.663
181,16.03 21:00,120.211
181,16.03 22:00,106.27
181,16.03 23:00,104.592
181,17.03 00:00,104.874
181,17.03 01:00,105.05
181,17.03 02:00,107.273
181,17.03 03:00,91.477
181,17.03 04:00,79.265
181,17.03 05:00,66.686
181,17.03 06:00,73.797
181,17.03 07:00,76.911
181,17.03 08:00,77.022
181,17.03 09:00,79.261
181,17.03 10:00,73.635
181,17.03 11:00,78.869
181,17.03 12:00,101.606
181,17.03 13:00,110.094
181,17.03 14:00,140.291
181,17.03 15:00,113.116
181,17.03 16:00,116.044
181,17.03 17:00,125.663
181,17.03 18:00,122.339
181,17.03 19:00,118.09
181,17.03 20:00,115.137
181,17.03 21:00,112.342
181,17.03 22:00,106.595
181,17.03 23:00,101.73
181,18.03 00:00,106.285
181,18.03 01:00,103.596
181,18.03 02:00,102.408
181,18.03 03:00,90.953
181,18.03 04:00,89.544
181,18.03 05:00,79.579
181,18.03 06:00,83.454
181,18.03 07:00,82.662
181,18.03 08:00,86.49
181,18.03 09:00,72.976
181,18.03 10:00,70.117
181,18.03 11:00,81.552
181,18.03 12:00,102.035
181,18.03 13:00,107.195
181,18.03 14:00,110.292
181,18.03 15:00,109.787
181,18.03 16:00,135.59
181,18.03 17:00,114.276
181,18.03 18:00,112.233
181,18.03 19:00,115.171
181,18.03 20:00,118.046
181,18.03 21:00,112.771
181,18.03 22:00,102.964
181,18.03 23:00,94.231
181,19.03 00:00,79.584
181,19.03 01:00,78.452
181,19.03 02:00,79.781
181,19.03 03:00,69.576
181,19.03 04:00,67.856
181,19.03 05:00,70.424
181,19.03 06:00,67.565
181,19.03 07:00,66.884
181,19.03 08:00,70.928
181,19.03 09:00,66.041
181,19.03 10:00,67.768
181,19.03 11:00,77.873
181,19.03 12:00,78.566
181,19.03 13:00,77.293
181,19.03 14:00,102.209
181,19.03 15:00,100.658
181,19.03 16:00,98.602
181,19.03 17:00,99.757
181,19.03 18:00,100.578
181,19.03 19:00,113.026
181,19.03 20:00,108.277
181,19.03 21:00,107.005
181,19.03 22:00,106.994
181,19.03 23:00,106.675
181,20.03 00:00,106.272
181,20.03 01:00,84.104
181,20.03 02:00,89.255
181,20.03 03:00,73.327
181,20.03 04:00,73.265
181,20.03 05:00,75.048
181,20.03 06:00,74.161
181,20.03 07:00,70.731
181,20.03 08:00,75.394
181,20.03 09:00,71.701
181,20.03 10:00,71.424
181,20.03 11:00,88.315
181,20.03 12:00,87.124
181,20.03 13:00,82.01
181,20.03 14:00,86.572
181,20.03 15:00,83.175
181,20.03 16:00,84.184
181,20.03 17:00,107.719
181,20.03 18:00,98.657
181,20.03 19:00,102.783
181,20.03 20:00,99.283
181,20.03 21:00,100.29
181,20.03 22:00,101.7
181,20.03 23:00,99.978
181,21.03 00:00,106.428
181,21.03 01:00,110.129
181,21.03 02:00,105.849
181,21.03 03:00,96.606
181,21.03 04:00,98.33
181,21.03 05:00,82.316
181,21.03 06:00,90.975
181,21.03 07:00,86.406
181,21.03 08:00,87.001
181,21.03 09:00,80.967
181,21.03 10:00,71.977
181,21.03 11:00,83.854
181,21.03 12:00,108.404
181,21.03 13:00,115.845
181,21.03 14:00,118.24
181,21.03 15:00,115.689
181,21.03 16:00,140.228
181,21.03 17:00,117.74
181,21.03 18:00,116.346
181,21.03 19:00,115.059
181,21.03 20:00,113.352
181,21.03 21:00,112.043
181,21.03 22:00,103.789
181,21.03 23:00,102.504
181,22.03 00:00,104.793
181,22.03 01:00,102.048
181,22.03 02:00,107.285
181,22.03 03:00,92.634
181,22.03 04:00,93.423
181,22.03 05:00,75.521
181,22.03 06:00,95.37
181,22.03 07:00,93.755
181,22.03 08:00,96.358
181,22.03 09:00,78.81
181,22.03 10:00,79.364
181,22.03 11:00,84.024
181,22.03 12:00,107.387
181,22.03 13:00,119.842
181,22.03 14:00,126.951
181,22.03 15:00,130.285
181,22.03 16:00,127.331
181,22.03 17:00,116.537
181,22.03 18:00,118.136
181,22.03 19:00,116.002
181,22.03 20:00,113.271
181,22.03 21:00,111.86
181,22.03 22:00,111.988
181,22.03 23:00,0.998
181,23.03 00:00,0.997
181,23.03 01:00,0.997
181,23.03 02:00,0.997
181,23.03 03:00,0.997
181,23.03 04:00,0.998
181,23.03 05:00,0.998
181,23.03 06:00,0.988
181,23.03 07:00,1.0
181,23.03 08:00,0.998
181,23.03 09:00,0.997
181,23.03 10:00,68.467
181,23.03 11:00,70.029
181,23.03 12:00,90.535
181,23.03 13:00,121.208
181,23.03 14:00,113.395
181,23.03 15:00,111.305
181,23.03 16:00,116.258
181,23.03 17:00,115.631
181,23.03 18:00,113.399
181,23.03 19:00,116.985
181,23.03 20:00,112.981
181,23.03 21:00,111.061
181,23.03 22:00,106.293
181,23.03 23:00,104.345
181,24.03 00:00,103.99
181,24.03 01:00,106.993
181,24.03 02:00,104.183
181,24.03 03:00,90.876
181,24.03 04:00,83.061
181,24.03 05:00,70.965
181,24.03 06:00,92.374
181,24.03 07:00,89.204
181,24.03 08:00,87.482
181,24.03 09:00,75.059
181,24.03 10:00,66.368
181,24.03 11:00,71.996
181,24.03 12:00,85.225
181,24.03 13:00,103.278
181,24.03 14:00,155.751
181,24.03 15:00,113.894
181,24.03 16:00,113.88
181,24.03 17:00,110.221
181,24.03 18:00,118.081
181,24.03 19:00,114.202
181,24.03 20:00,114.512
181,24.03 21:00,110.578
181,24.03 22:00,105.651
181,24.03 23:00,102.126
181,25.03 00:00,101.263
181,25.03 01:00,101.444
181,25.03 02:00,103.529
181,25.03 03:00,89.961
181,25.03 04:00,89.052
181,25.03 05:00,78.176
181,25.03 06:00,104.374
181,25.03 07:00,86.079
181,25.03 08:00,86.241
181,25.03 09:00,75.175
181,25.03 10:00,74.031
181,25.03 11:00,80.529
181,25.03 12:00,100.697
181,25.03 13:00,111.55
181,25.03 14:00,116.313
181,25.03 15:00,138.007
181,25.03 16:00,114.14
181,25.03 17:00,112.551
181,25.03 18:00,110.807
181,25.03 19:00,116.436
181,25.03 20:00,110.628
181,25.03 21:00,106.956
181,25.03 22:00,98.931
181,25.03 23:00,93.226
181,26.03 00:00,88.82
181,26.03 01:00,85.701
181,26.03 02:00,90.012
181,26.03 03:00,76.481
181,26.03 04:00,75.495
181,26.03 05:00,75.293
181,26.03 06:00,76.176
181,26.03 07:00,75.219
181,26.03 08:00,74.464
181,26.03 09:00,75.253
181,26.03 10:00,79.479
181,26.03 11:00,88.619
181,26.03 12:00,86.785
181,26.03 13:00,93.802
181,26.03 14:00,100.91
181,26.03 15:00,102.092
181,26.03 16:00,106.732
181,26.03 17:00,103.704
181,26.03 18:00,100.277
181,26.03 19:00,102.095
181,26.03 20:00,101.934
181,26.03 21:00,100.857
181,26.03 22:00,101.163
181,26.03 23:00,89.59
181,27.03 00:00,79.15
181,27.03 01:00,81.035
181,27.03 02:00,82.256
181,27.03 03:00,68.377
181,27.03 04:00,70.353
181,27.03 05:00,71.696
181,27.03 06:00,67.106
181,27.03 07:00,72.588
181,27.03 08:00,67.129
181,27.03 09:00,65.554
181,27.03 10:00,71.604
181,27.03 11:00,79.371
181,27.03 12:00,79.968
181,27.03 13:00,77.821
181,27.03 14:00,81.146
181,27.03 15:00,77.847
181,27.03 16:00,99.898
181,27.03 17:00,91.154
181,27.03 18:00,96.922
181,27.03 19:00,98.802
181,27.03 20:00,99.459
181,27.03 21:00,99.785
181,27.03 22:00,99.319
181,27.03 23:00,99.975
181,28.03 00:00,100.488
181,28.03 01:00,101.96
181,28.03 02:00,100.957
181,28.03 03:00,90.792
181,28.03 04:00,88.583
181,28.03 05:00,69.276
181,28.03 06:00,86.085
181,28.03 07:00,86.622
181,28.03 08:00,81.529
181,28.03 09:00,72.72
181,28.03 10:00,67.283
181,28.03 11:00,79.602
181,28.03 12:00,103.446
181,28.03 13:00,110.698
181,28.03 14:00,112.746
181,28.03 15:00,115.09
181,28.03 16:00,132.866
181,28.03 17:00,116.306
181,28.03 18:00,115.02
181,28.03 19:00,115.051
181,28.03 20:00,111.997
181,28.03 21:00,111.961
181,28.03 22:00,101.775
181,28.03 23:00,103.827
181,29.03 00:00,103.894
181,29.03 01:00,105.366
181,29.03 02:00,104.949
181,29.03 03:00,88.369
181,29.03 04:00,82.664
181,29.03 05:00,97.091
181,29.03 06:00,86.62
181,29.03 07:00,84.32
181,29.03 08:00,87.181
181,29.03 09:00,78.163
181,29.03 10:00,67.329
181,29.03 11:00,87.954
181,29.03 12:00,106.873
181,29.03 13:00,109.803
181,29.03 14:00,111.171
181,29.03 15:00,113.714
181,29.03 16:00,116.596
181,29.03 17:00,138.252
181,29.03 18:00,114.849
181,29.03 19:00,114.772
181,29.03 20:00,117.115
181,29.03 21:00,113.102
181,29.03 22:00,107.51
181,29.03 23:00,104.076
181,30.03 00:00,107.323
181,30.03 01:00,108.928
181,30.03 02:00,105.607
181,30.03 03:00,111.191
181,30.03 04:00,86.874
181,30.03 05:00,71.869
181,30.03 06:00,86.378
181,30.03 07:00,92.2
181,30.03 08:00,99.273
181,30.03 09:00,82.051
181,30.03 10:00,75.011
181,30.03 11:00,87.156
181,30.03 12:00,107.192
181,30.03 13:00,115.364
181,30.03 14:00,114.188
181,30.03 15:00,117.857
181,30.03 16:00,136.494
181,30.03 17:00,115.842
181,30.03 18:00,119.431
181,30.03 19:00,122.25
181,30.03 20:00,112.986
181,30.03 21:00,112.112
181,30.03 22:00,110.784
181,30.03 23:00,105.719
181,31.03 00:00,123.732
181,31.03 01:00,103.502
181,31.03 02:00,104.382
181,31.03 03:00,90.595
181,31.03 04:00,93.58
181,31.03 05:00,76.967
181,31.03 06:00,88.363
181,31.03 07:00,85.802
181,31.03 08:00,85.651
181,31.03 09:00,72.584
181,31.03 10:00,66.803
181,31.03 11:00,83.883
181,31.03 12:00,102.448
181,31.03 13:00,110.449
181,31.03 14:00,112.861
181,31.03 15:00,114.71
181,31.03 16:00,123.789
181,31.03 17:00,118.437
181,31.03 18:00,133.598
181,31.03 19:00,113.52
181,31.03 20:00,114.44
181,31.03 21:00,113.082
181,31.03 22:00,122.478
181,31.03 23:00,101.941
181,01.04 00:00,102.244
181,01.04 01:00,101.695
181,01.04 02:00,102.494
181,01.04 03:00,91.927
181,01.04 04:00,87.968
181,01.04 05:00,76.708
181,01.04 06:00,89.61
181,01.04 07:00,90.901
181,01.04 08:00,109.031
181,01.04 09:00,73.463
181,01.04 10:00,67.774
181,01.04 11:00,79.598
181,01.04 12:00,96.424
181,01.04 13:00,103.263
181,01.04 14:00,108.113
181,01.04 15:00,108.783
181,01.04 16:00,109.533
181,01.04 17:00,107.7
181,01.04 18:00,108.563
181,01.04 19:00,106.069
181,01.04 20:00,107.858
181,01.04 21:00,124.759
181,01.04 22:00,97.179
181,01.04 23:00,83.78
181,02.04 00:00,78.626
181,02.04 01:00,77.711
181,02.04 02:00,77.774
181,02.04 03:00,68.567
181,02.04 04:00,68.353
181,02.04 05:00,67.346
181,02.04 06:00,66.364
181,02.04 07:00,69.158
181,02.04 08:00,66.221
181,02.04 09:00,66.52
181,02.04 10:00,72.155
181,02.04 11:00,78.513
181,02.04 12:00,77.834
181,02.04 13:00,87.627
181,02.04 14:00,92.412
181,02.04 15:00,92.606
181,02.04 16:00,95.893
181,02.04 17:00,94.956
181,02.04 18:00,96.097
181,02.04 19:00,117.594
181,02.04 20:00,98.55
181,02.04 21:00,95.291
181,02.04 22:00,100.727
181,02.04 23:00,89.08
181,03.04 00:00,78.275
181,03.04 01:00,85.786
181,03.04 02:00,82.613
181,03.04 03:00,72.916
181,03.04 04:00,76.001
181,03.04 05:00,73.88
181,03.04 06:00,74.012
181,03.04 07:00,73.113
181,03.04 08:00,71.256
181,03.04 09:00,70.32
181,03.04 10:00,71.704
181,03.04 11:00,81.589
181,03.04 12:00,82.101
181,03.04 13:00,78.542
181,03.04 14:00,81.645
181,03.04 15:00,81.054
181,03.04 16:00,85.543
181,03.04 17:00,94.644
181,03.04 18:00,96.778
181,03.04 19:00,99.298
181,03.04 20:00,99.705
181,03.04 21:00,97.849
181,03.04 22:00,100.034
181,03.04 23:00,103.771
181,04.04 00:00,100.267
181,04.04 01:00,99.203
181,04.04 02:00,100.522
181,04.04 03:00,91.249
181,04.04 04:00,75.593
181,04.04 05:00,75.973
181,04.04 06:00,92.13
181,04.04 07:00,85.569
181,04.04 08:00,88.534
181,04.04 09:00,76.11
181,04.04 10:00,67.113
181,04.04 11:00,79.375
181,04.04 12:00,102.353
181,04.04 13:00,107.629
181,04.04 14:00,109.704
181,04.04 15:00,126.923
181,04.04 16:00,134.932
181,04.04 17:00,108.548
181,04.04 18:00,112.981
181,04.04 19:00,108.793
181,04.04 20:00,108.435
181,04.04 21:00,109.401
181,04.04 22:00,100.84
181,04.04 23:00,102.957
181,05.04 00:00,104.649
181,05.04 01:00,103.63
181,05.04 02:00,105.781
181,05.04 03:00,93.353
181,05.04 04:00,89.004
181,05.04 05:00,77.249
181,05.04 06:00,87.038
181,05.04 07:00,117.879
181,05.04 08:00,90.963
181,05.04 09:00,86.608
181,05.04 10:00,74.279
181,05.04 11:00,87.036
181,05.04 12:00,105.802
181,05.04 13:00,115.933
181,05.04 14:00,115.334
181,05.04 15:00,124.291
181,05.04 16:00,119.398
181,05.04 17:00,147.838
181,05.04 18:00,122.835
181,05.04 19:00,118.938
181,05.04 20:00,115.333
181,05.04 21:00,111.504
181,05.04 22:00,101.523
181,05.04 23:00,101.566
181,06.04 00:00,109.708
181,06.04 01:00,107.036
181,06.04 02:00,111.876
181,06.04 03:00,99.43
181,06.04 04:00,91.919
181,06.04 05:00,79.21
181,06.04 06:00,94.021
181,06.04 07:00,94.776
181,06.04 08:00,110.808
181,06.04 09:00,82.056
181,06.04 10:00,74.846
181,06.04 11:00,83.685
181,06.04 12:00,115.443
181,06.04 13:00,121.81
181,06.04 14:00,122.611
181,06.04 15:00,122.433
181,06.04 16:00,120.052
181,06.04 17:00,115.131
181,06.04 18:00,135.587
181,06.04 19:00,118.129
181,06.04 20:00,117.859
181,06.04 21:00,139.778
181,06.04 22:00,104.612
181,06.04 23:00,106.825
181,07.04 00:00,111.253
181,07.04 01:00,106.25
181,07.04 02:00,110.214
181,07.04 03:00,94.607
181,07.04 04:00,89.052
181,07.04 05:00,81.997
181,07.04 06:00,82.904
181,07.04 07:00,82.028
181,07.04 08:00,78.055
181,07.04 09:00,75.587
181,07.04 10:00,70.994
181,07.04 11:00,95.655
181,07.04 12:00,111.439
181,07.04 13:00,141.815
181,07.04 14:00,124.357
181,07.04 15:00,120.816
181,07.04 16:00,115.843
181,07.04 17:00,138.568
181,07.04 18:00,121.755
181,07.04 19:00,117.865
181,07.04 20:00,116.727
181,07.04 21:00,134.135
181,07.04 22:00,109.021
181,07.04 23:00,106.281
181,08.04 00:00,107.567
181,08.04 01:00,103.012
181,08.04 02:00,105.265
181,08.04 03:00,87.909
181,08.04 04:00,87.977
181,08.04 05:00,87.671
181,08.04 06:00,90.811
181,08.04 07:00,92.362
181,08.04 08:00,91.579
181,08.04 09:00,81.401
181,08.04 10:00,73.721
181,08.04 11:00,91.197
181,08.04 12:00,109.837
181,08.04 13:00,126.555
181,08.04 14:00,146.86
181,08.04 15:00,120.215
181,08.04 16:00,117.683
181,08.04 17:00,115.947
181,08.04 18:00,120.089
181,08.04 19:00,119.618
181,08.04 20:00,112.153
181,08.04 21:00,112.111
181,08.04 22:00,105.854
181,08.04 23:00,91.965
181,09.04 00:00,86.918
181,09.04 01:00,84.194
181,09.04 02:00,89.352
181,09.04 03:00,70.394
181,09.04 04:00,71.519
181,09.04 05:00,71.029
181,09.04 06:00,71.358
181,09.04 07:00,75.733
181,09.04 08:00,74.947
181,09.04 09:00,75.291
181,09.04 10:00,76.264
181,09.04 11:00,90.395
181,09.04 12:00,88.179
181,09.04 13:00,96.03
181,09.04 14:00,105.803
181,09.04 15:00,105.359
181,09.04 16:00,113.688
181,09.04 17:00,105.025
181,09.04 18:00,107.321
181,09.04 19:00,123.914
181,09.04 20:00,102.93
181,09.04 21:00,107.933
181,09.04 22:00,106.426
181,09.04 23:00,105.041
181,10.04 00:00,97.967
181,10.04 01:00,90.273
181,10.04 02:00,89.434
181,10.04 03:00,77.692
181,10.04 04:00,79.187
181,10.04 05:00,75.342
181,10.04 06:00,74.042
181,10.04 07:00,74.321
181,10.04 08:00,72.514
181,10.04 09:00,77.954
181,10.04 10:00,72.838
181,10.04 11:00,88.537
181,10.04 12:00,91.592
181,10.04 13:00,91.644
181,10.04 14:00,88.185
181,10.04 15:00,89.533
181,10.04 16:00,105.469
181,10.04 17:00,128.576
181,10.04 18:00,103.904
181,10.04 19:00,103.883
181,10.04 20:00,103.479
181,10.04 21:00,103.849
181,10.04 22:00,128.75
181,10.04 23:00,103.927
181,11.04 00:00,104.054
181,11.04 01:00,122.795
181,11.04 02:00,105.36
181,11.04 03:00,92.916
181,11.04 04:00,77.604
181,11.04 05:00,68.012
181,11.04 06:00,96.63
181,11.04 07:00,74.358
181,11.04 08:00,79.661
181,11.04 09:00,72.615
181,11.04 10:00,68.007
181,11.04 11:00,88.043
181,11.04 12:00,106.476
181,11.04 13:00,116.262
181,11.04 14:00,118.491
181,11.04 15:00,118.854
181,11.04 16:00,118.212
181,11.04 17:00,122.745
181,11.04 18:00,119.657
181,11.04 19:00,118.773
181,11.04 20:00,124.483
181,11.04 21:00,116.109
181,11.04 22:00,126.572
181,11.04 23:00,111.472
181,12.04 00:00,107.472
181,12.04 01:00,109.261
181,12.04 02:00,109.042
181,12.04 03:00,93.973
181,12.04 04:00,89.269
181,12.04 05:00,88.722
181,12.04 06:00,90.764
181,12.04 07:00,94.33
181,12.04 08:00,87.358
181,12.04 09:00,74.028
181,12.04 10:00,67.276
181,12.04 11:00,85.541
181,12.04 12:00,104.429
181,12.04 13:00,115.235
181,12.04 14:00,119.496
181,12.04 15:00,138.884
181,12.04 16:00,123.165
181,12.04 17:00,127.374
181,12.04 18:00,123.614
181,12.04 19:00,123.985
181,12.04 20:00,124.356
181,12.04 21:00,118.526
181,12.04 22:00,110.72
181,12.04 23:00,110.303
181,13.04 00:00,107.347
181,13.04 01:00,107.091
181,13.04 02:00,109.347
181,13.04 03:00,93.021
181,13.04 04:00,90.095
181,13.04 05:00,77.917
181,13.04 06:00,86.732
181,13.04 07:00,88.905
181,13.04 08:00,84.705
181,13.04 09:00,81.712
181,13.04 10:00,74.185
181,13.04 11:00,90.868
181,13.04 12:00,118.164
181,13.04 13:00,126.402
181,13.04 14:00,116.22
181,13.04 15:00,119.711
181,13.04 16:00,123.194
181,13.04 17:00,119.514
181,13.04 18:00,115.954
181,13.04 19:00,122.493
181,13.04 20:00,120.431
181,13.04 21:00,140.152
181,13.04 22:00,113.957
181,13.04 23:00,110.782
181,14.04 00:00,111.543
181,14.04 01:00,108.501
181,14.04 02:00,108.271
181,14.04 03:00,110.045
181,14.04 04:00,92.552
181,14.04 05:00,81.549
181,14.04 06:00,87.658
181,14.04 07:00,90.683
181,14.04 08:00,93.991
181,14.04 09:00,90.797
181,14.04 10:00,75.738
181,14.04 11:00,90.541
181,14.04 12:00,117.846
181,14.04 13:00,120.754
181,14.04 14:00,116.172
181,14.04 15:00,114.359
181,14.04 16:00,113.552
181,14.04 17:00,119.796
181,14.04 18:00,122.262
181,14.04 19:00,121.625
181,14.04 20:00,119.688
181,14.04 21:00,117.218
181,14.04 22:00,111.833
181,14.04 23:00,107.934
181,15.04 00:00,105.657
181,15.04 01:00,101.56
181,15.04 02:00,107.806
181,15.04 03:00,92.227
181,15.04 04:00,91.666
181,15.04 05:00,80.476
181,15.04 06:00,86.782
181,15.04 07:00,87.747
181,15.04 08:00,86.091
181,15.04 09:00,77.322
181,15.04 10:00,75.318
181,15.04 11:00,89.799
181,15.04 12:00,107.63
181,15.04 13:00,121.041
181,15.04 14:00,114.453
181,15.04 15:00,118.417
181,15.04 16:00,120.196
181,15.04 17:00,116.193
181,15.04 18:00,121.086
181,15.04 19:00,121.567
181,15.04 20:00,113.644
181,15.04 21:00,117.291
181,15.04 22:00,105.092
181,15.04 23:00,98.121
181,16.04 00:00,95.545
181,16.04 01:00,94.135
181,16.04 02:00,92.947
181,16.04 03:00,80.411
181,16.04 04:00,79.377
181,16.04 05:00,78.229
181,16.04 06:00,77.568
181,16.04 07:00,78.493
181,16.04 08:00,84.715
181,16.04 09:00,86.43
181,16.04 10:00,85.174
181,16.04 11:00,98.774
181,16.04 12:00,105.235
181,16.04 13:00,105.18
181,16.04 14:00,105.58
181,16.04 15:00,105.36
181,16.04 16:00,105.744
181,16.04 17:00,104.654
181,16.04 18:00,102.819
181,16.04 19:00,101.989
181,16.04 20:00,103.754
181,16.04 21:00,102.405
181,16.04 22:00,102.097
181,16.04 23:00,91.55
181,17.04 00:00,80.832
181,17.04 01:00,81.465
181,17.04 02:00,86.953
181,17.04 03:00,68.692
181,17.04 04:00,69.305
181,17.04 05:00,72.185
181,17.04 06:00,67.515
181,17.04 07:00,67.26
181,17.04 08:00,72.258
181,17.04 09:00,67.381
181,17.04 10:00,68.085
181,17.04 11:00,84.869
181,17.04 12:00,88.406
181,17.04 13:00,79.656
181,17.04 14:00,78.815
181,17.04 15:00,84.712
181,17.04 16:00,83.331
181,17.04 17:00,100.656
181,17.04 18:00,106.243
181,17.04 19:00,104.586
181,17.04 20:00,102.248
181,17.04 21:00,101.222
181,17.04 22:00,100.475
181,17.04 23:00,103.309
181,18.04 00:00,104.53
181,18.04 01:00,103.103
181,18.04 02:00,105.73
181,18.04 03:00,88.621
181,18.04 04:00,92.639
181,18.04 05:00,68.217
181,18.04 06:00,86.764
181,18.04 07:00,89.578
181,18.04 08:00,86.154
181,18.04 09:00,79.422
181,18.04 10:00,67.679
181,18.04 11:00,81.548
181,18.04 12:00,107.812
181,18.04 13:00,109.574
181,18.04 14:00,114.142
181,18.04 15:00,116.44
181,18.04 16:00,114.198
181,18.04 17:00,118.558
181,18.04 18:00,117.031
181,18.04 19:00,120.572
181,18.04 20:00,118.797
181,18.04 21:00,116.668
181,18.04 22:00,108.364
181,18.04 23:00,105.764
181,19.04 00:00,105.402
181,19.04 01:00,109.489
181,19.04 02:00,108.239
181,19.04 03:00,94.299
181,19.04 04:00,92.838
181,19.04 05:00,70.797
181,19.04 06:00,89.973
181,19.04 07:00,89.459
181,19.04 08:00,88.399
181,19.04 09:00,75.99
181,19.04 10:00,68.066
181,19.04 11:00,81.075
181,19.04 12:00,100.456
181,19.04 13:00,113.46
181,19.04 14:00,117.063
181,19.04 15:00,116.619
181,19.04 16:00,142.224
181,19.04 17:00,121.604
181,19.04 18:00,118.734
181,19.04 19:00,121.673
181,19.04 20:00,121.992
181,19.04 21:00,121.989
181,19.04 22:00,108.129
181,19.04 23:00,109.113
181,20.04 00:00,110.685
181,20.04 01:00,125.385
181,20.04 02:00,105.848
181,20.04 03:00,92.42
181,20.04 04:00,86.775
181,20.04 05:00,77.17
181,20.04 06:00,84.989
181,20.04 07:00,86.13
181,20.04 08:00,82.229
181,20.04 09:00,76.65
181,20.04 10:00,69.878
181,20.04 11:00,86.723
181,20.04 12:00,108.012
181,20.04 13:00,115.753
181,20.04 14:00,121.833
181,20.04 15:00,120.318
181,20.04 16:00,118.67
181,20.04 17:00,121.192
181,20.04 18:00,116.949
181,20.04 19:00,121.577
181,20.04 20:00,118.145
181,20.04 21:00,118.19
181,20.04 22:00,107.288
181,20.04 23:00,106.343
181,21.04 00:00,107.965
181,21.04 01:00,104.965
181,21.04 02:00,108.227
181,21.04 03:00,91.407
181,21.04 04:00,90.142
181,21.04 05:00,68.854
181,21.04 06:00,89.316
181,21.04 07:00,84.361
181,21.04 08:00,81.39
181,21.04 09:00,80.713
181,21.04 10:00,68.087
181,21.04 11:00,84.829
181,21.04 12:00,105.066
181,21.04 13:00,116.233
181,21.04 14:00,115.391
181,21.04 15:00,116.016
181,21.04 16:00,117.28
181,21.04 17:00,120.352
181,21.04 18:00,119.244
181,21.04 19:00,140.708
181,21.04 20:00,116.894
181,21.04 21:00,117.203
181,21.04 22:00,108.213
181,21.04 23:00,105.556
181,22.04 00:00,105.48
181,22.04 01:00,102.193
181,22.04 02:00,101.305
181,22.04 03:00,95.032
181,22.04 04:00,89.609
181,22.04 05:00,77.513
181,22.04 06:00,89.408
181,22.04 07:00,85.808
181,22.04 08:00,85.649
181,22.04 09:00,84.669
181,22.04 10:00,73.867
181,22.04 11:00,81.811
181,22.04 12:00,101.3
181,22.04 13:00,110.019
181,22.04 14:00,115.537
181,22.04 15:00,115.7
181,22.04 16:00,116.935
181,22.04 17:00,116.844
181,22.04 18:00,118.555
181,22.04 19:00,112.155
181,22.04 20:00,113.685
181,22.04 21:00,113.119
181,22.04 22:00,107.03
181,22.04 23:00,97.839
181,23.04 00:00,91.693
181,23.04 01:00,96.94
181,23.04 02:00,95.569
181,23.04 03:00,78.028
181,23.04 04:00,79.262
181,23.04 05:00,78.238
181,23.04 06:00,79.128
181,23.04 07:00,78.996
181,23.04 08:00,77.711
181,23.04 09:00,78.283
181,23.04 10:00,77.655
181,23.04 11:00,90.533
181,23.04 12:00,90.252
181,23.04 13:00,92.161
181,23.04 14:00,105.241
181,23.04 15:00,101.304
181,23.04 16:00,100.007
181,23.04 17:00,98.675
181,23.04 18:00,105.154
181,23.04 19:00,103.448
181,23.04 20:00,105.958
181,23.04 21:00,129.046
181,23.04 22:00,104.81
181,23.04 23:00,90.202
181,24.04 00:00,85.342
181,24.04 01:00,81.378
181,24.04 02:00,80.007
181,24.04 03:00,70.393
181,24.04 04:00,69.574
181,24.04 05:00,69.846
181,24.04 06:00,70.528
181,24.04 07:00,89.215
181,24.04 08:00,74.396
181,24.04 09:00,69.937
181,24.04 10:00,72.001
181,24.04 11:00,81.245
181,24.04 12:00,80.783
181,24.04 13:00,79.898
181,24.04 14:00,79.426
181,24.04 15:00,83.094
181,24.04 16:00,93.12
181,24.04 17:00,99.247
181,24.04 18:00,99.791
181,24.04 19:00,99.513
181,24.04 20:00,122.655
181,24.04 21:00,106.47
181,24.04 22:00,103.545
181,24.04 23:00,104.81
181,25.04 00:00,103.207
181,25.04 01:00,106.496
181,25.04 02:00,100.7
181,25.04 03:00,93.11
181,25.04 04:00,88.727
181,25.04 05:00,76.334
181,25.04 06:00,91.33
181,25.04 07:00,91.588
181,25.04 08:00,89.015
181,25.04 09:00,77.122
181,25.04 10:00,71.94
181,25.04 11:00,84.12
181,25.04 12:00,108.755
181,25.04 13:00,111.667
181,25.04 14:00,112.868
181,25.04 15:00,113.373
181,25.04 16:00,115.401
181,25.04 17:00,142.058
181,25.04 18:00,119.637
181,25.04 19:00,118.315
181,25.04 20:00,118.595
181,25.04 21:00,113.392
181,25.04 22:00,105.309
181,25.04 23:00,105.19
181,26.04 00:00,108.781
181,26.04 01:00,105.12
181,26.04 02:00,107.853
181,26.04 03:00,94.707
181,26.04 04:00,93.796
181,26.04 05:00,77.912
181,26.04 06:00,90.149
181,26.04 07:00,93.854
181,26.04 08:00,90.267
181,26.04 09:00,85.225
181,26.04 10:00,70.398
181,26.04 11:00,87.454
181,26.04 12:00,106.709
181,26.04 13:00,113.846
181,26.04 14:00,116.927
181,26.04 15:00,115.417
181,26.04 16:00,119.381
181,26.04 17:00,119.858
181,26.04 18:00,121.217
181,26.04 19:00,124.405
181,26.04 20:00,118.993
181,26.04 21:00,119.742
181,26.04 22:00,108.02
181,26.04 23:00,106.828
181,27.04 00:00,106.984
181,27.04 01:00,111.996
181,27.04 02:00,110.512
181,27.04 03:00,95.447
181,27.04 04:00,80.533
181,27.04 05:00,70.681
181,27.04 06:00,91.09
181,27.04 07:00,109.516
181,27.04 08:00,90.475
181,27.04 09:00,85.426
181,27.04 10:00,74.013
181,27.04 11:00,85.586
181,27.04 12:00,107.805
181,27.04 13:00,115.553
181,27.04 14:00,120.272
181,27.04 15:00,121.422
181,27.04 16:00,120.115
181,27.04 17:00,125.398
181,27.04 18:00,126.829
181,27.04 19:00,124.75
181,27.04 20:00,117.951
181,27.04 21:00,116.71
181,27.04 22:00,108.054
181,27.04 23:00,109.226
181,28.04 00:00,128.316
181,28.04 01:00,106.151
181,28.04 02:00,107.641
181,28.04 03:00,93.918
181,28.04 04:00,93.428
181,28.04 05:00,86.098
181,28.04 06:00,91.949
181,28.04 07:00,92.204
181,28.04 08:00,90.902
181,28.04 09:00,84.573
181,28.04 10:00,72.997
181,28.04 11:00,91.508
181,28.04 12:00,106.627
181,28.04 13:00,115.904
181,28.04 14:00,116.754
181,28.04 15:00,116.719
181,28.04 16:00,134.997
181,28.04 17:00,131.849
181,28.04 18:00,119.328
181,28.04 19:00,118.413
181,28.04 20:00,120.106
181,28.04 21:00,114.269
181,28.04 22:00,106.104
181,28.04 23:00,105.125
181,29.04 00:00,105.563
181,29.04 01:00,103.492
181,29.04 02:00,102.725
181,29.04 03:00,94.428
181,29.04 04:00,83.135
181,29.04 05:00,82.494
181,29.04 06:00,88.011
181,29.04 07:00,89.354
181,29.04 08:00,87.257
181,29.04 09:00,81.918
181,29.04 10:00,72.339
181,29.04 11:00,82.313
181,29.04 12:00,106.615
181,29.04 13:00,110.49
181,29.04 14:00,110.637
181,29.04 15:00,113.626
181,29.04 16:00,113.533
181,29.04 17:00,112.582
181,29.04 18:00,120.501
181,29.04 19:00,115.513
181,29.04 20:00,114.601
181,29.04 21:00,111.831
181,29.04 22:00,105.504
181,29.04 23:00,101.145
181,30.04 00:00,84.993
181,30.04 01:00,82.661
181,30.04 02:00,80.915
181,30.04 03:00,75.505
181,30.04 04:00,71.89
181,30.04 05:00,74.525
181,30.04 06:00,71.055
181,30.04 07:00,72.503
181,30.04 08:00,90.789
181,30.04 09:00,70.809
181,30.04 10:00,71.773
181,30.04 11:00,81.689
181,30.04 12:00,85.971
181,30.04 13:00,80.939
181,30.04 14:00,98.594
181,30.04 15:00,103.744
181,30.04 16:00,102.187
181,30.04 17:00,101.766
181,30.04 18:00,130.335
181,30.04 19:00,107.884
181,30.04 20:00,102.744
181,30.04 21:00,106.362
181,30.04 22:00,101.404
181,30.04 23:00,83.893
181,01.05 00:00,87.079
181,01.05 01:00,81.45
181,01.05 02:00,86.313
181,01.05 03:00,73.083
181,01.05 04:00,71.804
181,01.05 05:00,72.615
181,01.05 06:00,71.54
181,01.05 07:00,71.494
181,01.05 08:00,69.736
181,01.05 09:00,73.355
181,01.05 10:00,70.923
181,01.05 11:00,85.095
181,01.05 12:00,88.609
181,01.05 13:00,81.386
181,01.05 14:00,80.225
181,01.05 15:00,81.115
181,01.05 16:00,80.662
181,01.05 17:00,102.784
181,01.05 18:00,107.049
181,01.05 19:00,102.563
181,01.05 20:00,102.672
181,01.05 21:00,124.58
181,01.05 22:00,105.999
181,01.05 23:00,111.283
181,02.05 00:00,110.801
181,02.05 01:00,108.046
181,02.05 02:00,111.017
181,02.05 03:00,95.519
181,02.05 04:00,95.716
181,02.05 05:00,72.098
181,02.05 06:00,87.48
181,02.05 07:00,91.015
181,02.05 08:00,89.742
181,02.05 09:00,79.498
181,02.05 10:00,68.847
181,02.05 11:00,82.92
181,02.05 12:00,110.061
181,02.05 13:00,110.852
181,02.05 14:00,116.377
181,02.05 15:00,116.291
181,02.05 16:00,114.267
181,02.05 17:00,122.704
181,02.05 18:00,119.251
181,02.05 19:00,119.908
181,02.05 20:00,122.156
181,02.05 21:00,119.232
181,02.05 22:00,110.746
181,02.05 23:00,109.197
181,03.05 00:00,126.659
181,03.05 01:00,109.048
181,03.05 02:00,108.593
181,03.05 03:00,94.477
181,03.05 04:00,83.093
181,03.05 05:00,98.722
181,03.05 06:00,92.096
181,03.05 07:00,89.246
181,03.05 08:00,87.819
181,03.05 09:00,89.954
181,03.05 10:00,69.272
181,03.05 11:00,86.505
181,03.05 12:00,102.823
181,03.05 13:00,109.799
181,03.05 14:00,110.6
181,03.05 15:00,117.75
181,03.05 16:00,119.403
181,03.05 17:00,139.872
181,03.05 18:00,120.329
181,03.05 19:00,124.147
181,03.05 20:00,119.59
181,03.05 21:00,116.412
181,03.05 22:00,110.796
181,03.05 23:00,110.076
181,04.05 00:00,108.549
181,04.05 01:00,107.92
181,04.05 02:00,128.044
181,04.05 03:00,93.153
181,04.05 04:00,83.04
181,04.05 05:00,78.66
181,04.05 06:00,89.947
181,04.05 07:00,89.417
181,04.05 08:00,90.998
181,04.05 09:00,78.859
181,04.05 10:00,72.727
181,04.05 11:00,87.989
181,04.05 12:00,121.587
181,04.05 13:00,116.75
181,04.05 14:00,117.787
181,04.05 15:00,122.194
181,04.05 16:00,124.107
181,04.05 17:00,123.057
181,04.05 18:00,125.094
181,04.05 19:00,122.202
181,04.05 20:00,142.721
181,04.05 21:00,119.65
181,04.05 22:00,107.416
181,04.05 23:00,108.133
181,05.05 00:00,109.212
181,05.05 01:00,107.274
181,05.05 02:00,108.068
181,05.05 03:00,100.423
181,05.05 04:00,88.757
181,05.05 05:00,72.891
181,05.05 06:00,92.951
181,05.05 07:00,92.632
181,05.05 08:00,94.034
181,05.05 09:00,85.11
181,05.05 10:00,71.638
181,05.05 11:00,109.233
181,05.05 12:00,106.205
181,05.05 13:00,115.425
181,05.05 14:00,122.679
181,05.05 15:00,123.21
181,05.05 16:00,143.103
181,05.05 17:00,120.862
181,05.05 18:00,140.702
181,05.05 19:00,120.075
181,05.05 20:00,118.756
181,05.05 21:00,139.052
181,05.05 22:00,106.877
181,05.05 23:00,108.105
181,06.05 00:00,107.818
181,06.05 01:00,107.756
181,06.05 02:00,105.009
181,06.05 03:00,114.131
181,06.05 04:00,93.456
181,06.05 05:00,71.819
181,06.05 06:00,91.886
181,06.05 07:00,90.876
181,06.05 08:00,89.635
181,06.05 09:00,77.036
181,06.05 10:00,69.965
181,06.05 11:00,85.348
181,06.05 12:00,105.293
181,06.05 13:00,109.736
181,06.05 14:00,130.469
181,06.05 15:00,116.395
181,06.05 16:00,117.011
181,06.05 17:00,117.789
181,06.05 18:00,116.509
181,06.05 19:00,116.265
181,06.05 20:00,116.247
181,06.05 21:00,135.828
181,06.05 22:00,109.946
181,06.05 23:00,95.621
181,07.05 00:00,89.282
181,07.05 01:00,89.399
181,07.05 02:00,91.434
181,07.05 03:00,101.82
181,07.05 04:00,78.354
181,07.05 05:00,77.876
181,07.05 06:00,81.535
181,07.05 07:00,79.997
181,07.05 08:00,77.538
181,07.05 09:00,77.958
181,07.05 10:00,76.211
181,07.05 11:00,90.377
181,07.05 12:00,89.52
181,07.05 13:00,91.109
181,07.05 14:00,99.416
181,07.05 15:00,104.098
181,07.05 16:00,104.367
181,07.05 17:00,102.417
181,07.05 18:00,102.699
181,07.05 19:00,106.027
181,07.05 20:00,107.42
181,07.05 21:00,106.427
181,07.05 22:00,104.848
181,07.05 23:00,88.95
181,08.05 00:00,81.325
181,08.05 01:00,82.777
181,08.05 02:00,81.994
181,08.05 03:00,70.716
181,08.05 04:00,76.3
181,08.05 05:00,71.173
181,08.05 06:00,68.163
181,08.05 07:00,72.855
181,08.05 08:00,69.568
181,08.05 09:00,69.216
181,08.05 10:00,67.902
181,08.05 11:00,79.31
181,08.05 12:00,79.904
181,08.05 13:00,77.155
181,08.05 14:00,79.248
181,08.05 15:00,79.941
181,08.05 16:00,80.035
181,08.05 17:00,106.127
181,08.05 18:00,103.508
181,08.05 19:00,103.846
181,08.05 20:00,102.919
181,08.05 21:00,107.182
181,08.05 22:00,103.042
181,08.05 23:00,104.714
181,09.05 00:00,103.016
181,09.05 01:00,101.698
181,09.05 02:00,103.616
181,09.05 03:00,92.275
181,09.05 04:00,79.965
181,09.05 05:00,75.228
181,09.05 06:00,90.874
181,09.05 07:00,88.237
181,09.05 08:00,87.737
181,09.05 09:00,82.062
181,09.05 10:00,72.933
181,09.05 11:00,79.635
181,09.05 12:00,112.55
181,09.05 13:00,116.702
181,09.05 14:00,119.814
181,09.05 15:00,119.131
181,09.05 16:00,118.815
181,09.05 17:00,119.038
181,09.05 18:00,117.869
181,09.05 19:00,116.272
181,09.05 20:00,115.584
181,09.05 21:00,110.979
181,09.05 22:00,102.71
181,09.05 23:00,106.858
181,10.05 00:00,104.993
181,10.05 01:00,102.949
181,10.05 02:00,105.476
181,10.05 03:00,96.45
181,10.05 04:00,88.944
181,10.05 05:00,83.49
181,10.05 06:00,88.85
181,10.05 07:00,87.516
181,10.05 08:00,92.568
181,10.05 09:00,81.119
181,10.05 10:00,69.494
181,10.05 11:00,82.633
181,10.05 12:00,132.941
181,10.05 13:00,114.0
181,10.05 14:00,115.676
181,10.05 15:00,114.746
181,10.05 16:00,119.253
181,10.05 17:00,122.196
181,10.05 18:00,141.268
181,10.05 19:00,122.341
181,10.05 20:00,121.856
181,10.05 21:00,120.665
181,10.05 22:00,110.585
181,10.05 23:00,107.953
181,11.05 00:00,110.677
181,11.05 01:00,106.738
181,11.05 02:00,106.144
181,11.05 03:00,94.006
181,11.05 04:00,91.95
181,11.05 05:00,82.334
181,11.05 06:00,114.14
181,11.05 07:00,87.956
181,11.05 08:00,87.653
181,11.05 09:00,77.941
181,11.05 10:00,68.694
181,11.05 11:00,82.265
181,11.05 12:00,99.637
181,11.05 13:00,109.43
181,11.05 14:00,113.484
181,11.05 15:00,121.199
181,11.05 16:00,115.96
181,11.05 17:00,121.119
181,11.05 18:00,119.849
181,11.05 19:00,122.59
181,11.05 20:00,121.043
181,11.05 21:00,122.157
181,11.05 22:00,107.277
181,11.05 23:00,108.088
181,12.05 00:00,105.864
181,12.05 01:00,108.267
181,12.05 02:00,105.274
181,12.05 03:00,92.96
181,12.05 04:00,87.957
181,12.05 05:00,80.666
181,12.05 06:00,87.998
181,12.05 07:00,88.525
181,12.05 08:00,89.345
181,12.05 09:00,75.721
181,12.05 10:00,71.557
181,12.05 11:00,108.639
181,12.05 12:00,108.385
181,12.05 13:00,111.304
181,12.05 14:00,139.34
181,12.05 15:00,116.732
181,12.05 16:00,113.841
181,12.05 17:00,118.117
181,12.05 18:00,119.058
181,12.05 19:00,119.616
181,12.05 20:00,116.331
181,12.05 21:00,111.652
181,12.05 22:00,104.953
181,12.05 23:00,104.695
181,13.05 00:00,102.866
181,13.05 01:00,102.696
181,13.05 02:00,105.049
181,13.05 03:00,94.319
181,13.05 04:00,84.92
181,13.05 05:00,71.495
181,13.05 06:00,94.218
181,13.05 07:00,88.596
181,13.05 08:00,88.493
181,13.05 09:00,77.484
181,13.05 10:00,72.044
181,13.05 11:00,84.706
181,13.05 12:00,100.814
181,13.05 13:00,113.662
181,13.05 14:00,116.098
181,13.05 15:00,119.244
181,13.05 16:00,114.39
181,13.05 17:00,113.593
181,13.05 18:00,112.705
181,13.05 19:00,113.772
181,13.05 20:00,115.46
181,13.05 21:00,112.945
181,13.05 22:00,107.834
181,13.05 23:00,101.48
181,14.05 00:00,93.239
181,14.05 01:00,91.241
181,14.05 02:00,90.342
181,14.05 03:00,78.938
181,14.05 04:00,81.935
181,14.05 05:00,79.792
181,14.05 06:00,79.535
181,14.05 07:00,82.598
181,14.05 08:00,79.432
181,14.05 09:00,78.465
181,14.05 10:00,77.547
181,14.05 11:00,90.629
181,14.05 12:00,92.585
181,14.05 13:00,101.098
181,14.05 14:00,100.166
181,14.05 15:00,101.639
181,14.05 16:00,98.916
181,14.05 17:00,102.864
181,14.05 18:00,102.159
181,14.05 19:00,104.755
181,14.05 20:00,100.839
181,14.05 21:00,107.336
181,14.05 22:00,102.529
181,14.05 23:00,87.129
181,15.05 00:00,79.398
181,15.05 01:00,79.322
181,15.05 02:00,79.467
181,15.05 03:00,71.803
181,15.05 04:00,70.516
181,15.05 05:00,70.646
181,15.05 06:00,65.569
181,15.05 07:00,68.483
181,15.05 08:00,69.749
181,15.05 09:00,72.715
181,15.05 10:00,69.219
181,15.05 11:00,81.97
181,15.05 12:00,80.323
181,15.05 13:00,79.69
181,15.05 14:00,79.512
181,15.05 15:00,80.846
181,15.05 16:00,95.568
181,15.05 17:00,99.321
181,15.05 18:00,98.368
181,15.05 19:00,97.126
181,15.05 20:00,97.406
181,15.05 21:00,100.158
181,15.05 22:00,97.417
181,15.05 23:00,100.272
181,16.05 00:00,121.605
181,16.05 01:00,98.341
181,16.05 02:00,98.595
181,16.05 03:00,88.635
181,16.05 04:00,76.0
181,16.05 05:00,80.038
181,16.05 06:00,86.39
181,16.05 07:00,85.492
181,16.05 08:00,88.717
181,16.05 09:00,90.108
181,16.05 10:00,82.946
181,16.05 11:00,92.287
181,16.05 12:00,101.935
181,16.05 13:00,114.354
181,16.05 14:00,138.127
181,16.05 15:00,130.436
181,16.05 16:00,110.855
181,16.05 17:00,111.955
181,16.05 18:00,114.1
181,16.05 19:00,136.862
181,16.05 20:00,116.763
181,16.05 21:00,113.262
181,16.05 22:00,101.914
181,16.05 23:00,102.823
181,17.05 00:00,101.222
181,17.05 01:00,99.161
181,17.05 02:00,98.137
181,17.05 03:00,106.802
181,17.05 04:00,85.685
181,17.05 05:00,69.151
181,17.05 06:00,76.96
181,17.05 07:00,77.079
181,17.05 08:00,84.097
181,17.05 09:00,74.741
181,17.05 10:00,70.188
181,17.05 11:00,81.535
181,17.05 12:00,101.277
181,17.05 13:00,108.219
181,17.05 14:00,106.169
181,17.05 15:00,110.419
181,17.05 16:00,117.54
181,17.05 17:00,113.294
181,17.05 18:00,117.896
181,17.05 19:00,118.846
181,17.05 20:00,116.428
181,17.05 21:00,109.876
181,17.05 22:00,104.147
181,17.05 23:00,100.783
181,18.05 00:00,99.679
181,18.05 01:00,105.57
181,18.05 02:00,100.378
181,18.05 03:00,90.722
181,18.05 04:00,68.831
181,18.05 05:00,75.405
181,18.05 06:00,75.16
181,18.05 07:00,74.805
181,18.05 08:00,79.191
181,18.05 09:00,79.193
181,18.05 10:00,78.268
181,18.05 11:00,78.453
181,18.05 12:00,99.519
181,18.05 13:00,110.374
181,18.05 14:00,111.328
181,18.05 15:00,116.606
181,18.05 16:00,118.337
181,18.05 17:00,114.458
181,18.05 18:00,115.12
181,18.05 19:00,115.45
181,18.05 20:00,119.372
181,18.05 21:00,110.968
181,18.05 22:00,103.345
181,18.05 23:00,107.876
181,19.05 00:00,104.608
181,19.05 01:00,99.649
181,19.05 02:00,100.213
181,19.05 03:00,88.801
181,19.05 04:00,84.811
181,19.05 05:00,67.203
181,19.05 06:00,83.519
181,19.05 07:00,83.938
181,19.05 08:00,84.569
181,19.05 09:00,88.609
181,19.05 10:00,79.778
181,19.05 11:00,80.243
181,19.05 12:00,107.957
181,19.05 13:00,113.005
181,19.05 14:00,117.569
181,19.05 15:00,116.907
181,19.05 16:00,116.496
181,19.05 17:00,118.43
181,19.05 18:00,118.612
181,19.05 19:00,121.081
181,19.05 20:00,116.032
181,19.05 21:00,109.112
181,19.05 22:00,101.446
181,19.05 23:00,103.33
181,20.05 00:00,101.381
181,20.05 01:00,101.314
181,20.05 02:00,102.248
181,20.05 03:00,87.581
181,20.05 04:00,110.182
181,20.05 05:00,68.734
181,20.05 06:00,76.668
181,20.05 07:00,76.069
181,20.05 08:00,76.236
181,20.05 09:00,78.06
181,20.05 10:00,69.795
181,20.05 11:00,80.032
181,20.05 12:00,101.379
181,20.05 13:00,111.994
181,20.05 14:00,117.484
181,20.05 15:00,134.388
181,20.05 16:00,114.916
181,20.05 17:00,100.52
181,20.05 18:00,100.19
181,20.05 19:00,101.035
181,20.05 20:00,101.548
181,20.05 21:00,100.672
181,20.05 22:00,106.79
181,20.05 23:00,88.388
181,21.05 00:00,78.663
181,21.05 01:00,81.106
181,21.05 02:00,82.932
181,21.05 03:00,69.156
181,21.05 04:00,70.157
181,21.05 05:00,69.113
181,21.05 06:00,73.508
181,21.05 07:00,68.419
181,21.05 08:00,68.282
181,21.05 09:00,71.014
181,21.05 10:00,75.258
181,21.05 11:00,80.268
181,21.05 12:00,79.964
181,21.05 13:00,87.834
181,21.05 14:00,93.067
181,21.05 15:00,94.229
181,21.05 16:00,97.652
181,21.05 17:00,97.749
181,21.05 18:00,97.762
181,21.05 19:00,97.985
181,21.05 20:00,95.094
181,21.05 21:00,97.955
181,21.05 22:00,98.587
181,21.05 23:00,86.507
181,22.05 00:00,79.575
181,22.05 01:00,83.062
181,22.05 02:00,79.417
181,22.05 03:00,71.697
181,22.05 04:00,71.844
181,22.05 05:00,71.799
181,22.05 06:00,68.271
181,22.05 07:00,68.91
181,22.05 08:00,68.842
181,22.05 09:00,68.43
181,22.05 10:00,68.548
181,22.05 11:00,78.12
181,22.05 12:00,78.564
181,22.05 13:00,77.842
181,22.05 14:00,78.395
181,22.05 15:00,78.973
181,22.05 16:00,79.126
181,22.05 17:00,94.012
181,22.05 18:00,93.858
181,22.05 19:00,95.062
181,22.05 20:00,94.412
181,22.05 21:00,96.676
181,22.05 22:00,95.197
181,22.05 23:00,94.574
181,23.05 00:00,94.596
181,23.05 01:00,95.378
181,23.05 02:00,94.965
181,23.05 03:00,84.328
181,23.05 04:00,81.58
181,23.05 05:00,68.364
181,23.05 06:00,68.101
181,23.05 07:00,66.387
181,23.05 08:00,67.148
181,23.05 09:00,66.322
181,23.05 10:00,74.326
181,23.05 11:00,75.205
181,23.05 12:00,101.792
181,23.05 13:00,110.708
181,23.05 14:00,115.189
181,23.05 15:00,137.686
181,23.05 16:00,116.262
181,23.05 17:00,119.273
181,23.05 18:00,117.563
181,23.05 19:00,120.091
181,23.05 20:00,113.162
181,23.05 21:00,107.425
181,23.05 22:00,100.979
181,23.05 23:00,99.857
181,24.05 00:00,97.448
181,24.05 01:00,97.995
181,24.05 02:00,95.555
181,24.05 03:00,85.667
181,24.05 04:00,84.733
181,24.05 05:00,71.76
181,24.05 06:00,66.435
181,24.05 07:00,73.987
181,24.05 08:00,74.097
181,24.05 09:00,84.079
181,24.05 10:00,72.071
181,24.05 11:00,78.709
181,24.05 12:00,100.856
181,24.05 13:00,113.349
181,24.05 14:00,118.859
181,24.05 15:00,119.074
181,24.05 16:00,118.078
181,24.05 17:00,119.997
181,24.05 18:00,119.233
181,24.05 19:00,121.516
181,24.05 20:00,116.726
181,24.05 21:00,114.03
181,24.05 22:00,105.146
181,24.05 23:00,104.807
181,25.05 00:00,103.573
181,25.05 01:00,102.4
181,25.05 02:00,104.078
181,25.05 03:00,90.824
181,25.05 04:00,81.584
181,25.05 05:00,71.971
181,25.05 06:00,69.826
181,25.05 07:00,76.313
181,25.05 08:00,75.15
181,25.05 09:00,80.385
181,25.05 10:00,75.123
181,25.05 11:00,80.703
181,25.05 12:00,102.933
181,25.05 13:00,108.468
181,25.05 14:00,109.962
181,25.05 15:00,115.97
181,25.05 16:00,114.384
181,25.05 17:00,116.793
181,25.05 18:00,116.511
181,25.05 19:00,117.019
181,25.05 20:00,118.593
181,25.05 21:00,134.803
181,25.05 22:00,102.939
181,25.05 23:00,102.749
181,26.05 00:00,103.012
181,26.05 01:00,100.785
181,26.05 02:00,99.49
181,26.05 03:00,92.443
181,26.05 04:00,84.435
181,26.05 05:00,69.701
181,26.05 06:00,89.378
181,26.05 07:00,87.511
181,26.05 08:00,87.526
181,26.05 09:00,81.735
181,26.05 10:00,69.075
181,26.05 11:00,84.129
181,26.05 12:00,104.125
181,26.05 13:00,121.149
181,26.05 14:00,0.0
181,26.05 15:00,112.47
181,26.05 16:00,115.032
181,26.05 17:00,125.14
181,26.05 18:00,148.03
181,26.05 19:00,126.724
181,26.05 20:00,121.194
181,26.05 21:00,123.052
181,26.05 22:00,115.137
181,26.05 23:00,116.594
181,27.05 00:00,102.746
181,27.05 01:00,106.305
181,27.05 02:00,103.352
181,27.05 03:00,94.237
181,27.05 04:00,89.642
181,27.05 05:00,78.297
181,27.05 06:00,92.753
181,27.05 07:00,89.674
181,27.05 08:00,82.79
181,27.05 09:00,75.821
181,27.05 10:00,71.846
181,27.05 11:00,91.4
181,27.05 12:00,109.28
181,27.05 13:00,107.281
181,27.05 14:00,115.77
181,27.05 15:00,125.22
181,27.05 16:00,155.444
181,27.05 17:00,134.942
181,27.05 18:00,132.815
181,27.05 19:00,123.078
181,27.05 20:00,129.649
181,27.05 21:00,129.516
181,27.05 22:00,124.138
181,27.05 23:00,108.914
181,28.05 00:00,100.218
181,28.05 01:00,99.969
181,28.05 02:00,99.599
181,28.05 03:00,71.446
181,28.05 04:00,73.792
181,28.05 05:00,73.054
181,28.05 06:00,92.173
181,28.05 07:00,76.151
181,28.05 08:00,68.765
181,28.05 09:00,71.87
181,28.05 10:00,73.222
181,28.05 11:00,93.149
181,28.05 12:00,92.844
181,28.05 13:00,111.755
181,28.05 14:00,109.424
181,28.05 15:00,115.322
181,28.05 16:00,114.492
181,28.05 17:00,122.17
181,28.05 18:00,133.703
181,28.05 19:00,102.957
181,28.05 20:00,109.16
181,28.05 21:00,112.214
181,28.05 22:00,112.296
181,28.05 23:00,97.693
181,29.05 00:00,93.235
181,29.05 01:00,94.481
181,29.05 02:00,97.62
181,29.05 03:00,70.506
181,29.05 04:00,71.86
181,29.05 05:00,78.697
181,29.05 06:00,73.628
181,29.05 07:00,68.63
181,29.05 08:00,74.241
181,29.05 09:00,71.251
181,29.05 10:00,77.487
181,29.05 11:00,97.683
181,29.05 12:00,91.913
181,29.05 13:00,94.639
181,29.05 14:00,86.911
181,29.05 15:00,87.678
181,29.05 16:00,99.096
181,29.05 17:00,113.129
181,29.05 18:00,112.975
181,29.05 19:00,114.162
181,29.05 20:00,116.842
181,29.05 21:00,112.935
181,29.05 22:00,100.025
181,29.05 23:00,108.301
181,30.05 00:00,108.841
181,30.05 01:00,99.514
181,30.05 02:00,103.313
181,30.05 03:00,91.496
181,30.05 04:00,84.555
181,30.05 05:00,85.086
181,30.05 06:00,90.416
181,30.05 07:00,91.062
181,30.05 08:00,91.976
181,30.05 09:00,91.889
181,30.05 10:00,80.037
181,30.05 11:00,92.002
181,30.05 12:00,113.229
181,30.05 13:00,113.786
181,30.05 14:00,120.606
181,30.05 15:00,118.409
181,30.05 16:00,116.727
181,30.05 17:00,116.364
181,30.05 18:00,117.056
181,30.05 19:00,122.632
181,30.05 20:00,121.511
181,30.05 21:00,122.494
181,30.05 22:00,118.877
181,30.05 23:00,116.191
181,31.05 00:00,115.793
181,31.05 01:00,114.977
181,31.05 02:00,115.239
181,31.05 03:00,88.289
181,31.05 04:00,91.055
181,31.05 05:00,74.303
181,31.05 06:00,81.558
181,31.05 07:00,81.008
181,31.05 08:00,79.586
181,31.05 09:00,84.026
181,31.05 10:00,76.537
181,31.05 11:00,102.206
181,31.05 12:00,124.018
181,31.05 13:00,134.74
181,31.05 14:00,133.463
181,31.05 15:00,132.919
181,31.05 16:00,133.724
181,31.05 17:00,132.569
181,31.05 18:00,155.146
181,31.05 19:00,138.468
181,31.05 20:00,132.881
181,31.05 21:00,131.771
181,31.05 22:00,122.835
181,31.05 23:00,124.476
181,01.06 00:00,117.447
181,01.06 01:00,116.893
181,01.06 02:00,116.14
181,01.06 03:00,89.118
181,01.06 04:00,84.079
181,01.06 05:00,72.111
181,01.06 06:00,77.377
181,01.06 07:00,78.596
181,01.06 08:00,79.132
181,01.06 09:00,85.711
181,01.06 10:00,80.583
181,01.06 11:00,98.809
181,01.06 12:00,123.256
181,01.06 13:00,127.607
181,01.06 14:00,135.924
181,01.06 15:00,133.489
181,01.06 16:00,134.253
181,01.06 17:00,123.844
181,01.06 18:00,129.377
181,01.06 19:00,129.324
181,01.06 20:00,134.026
181,01.06 21:00,134.692
181,01.06 22:00,121.703
181,01.06 23:00,120.832
181,02.06 00:00,126.38
181,02.06 01:00,124.083
181,02.06 02:00,119.82
181,02.06 03:00,93.241
181,02.06 04:00,98.151
181,02.06 05:00,72.66
181,02.06 06:00,85.816
181,02.06 07:00,85.486
181,02.06 08:00,85.242
181,02.06 09:00,85.085
181,02.06 10:00,73.575
181,02.06 11:00,95.873
181,02.06 12:00,119.524
181,02.06 13:00,126.16
181,02.06 14:00,125.014
181,02.06 15:00,130.095
181,02.06 16:00,136.951
181,02.06 17:00,138.197
181,02.06 18:00,134.159
181,02.06 19:00,131.692
181,02.06 20:00,136.9
181,02.06 21:00,128.217
181,02.06 22:00,122.243
181,02.06 23:00,120.862
181,03.06 00:00,121.219
181,03.06 01:00,119.78
181,03.06 02:00,137.314
181,03.06 03:00,92.837
181,03.06 04:00,88.199
181,03.06 05:00,72.417
181,03.06 06:00,80.316
181,03.06 07:00,79.618
181,03.06 08:00,84.518
181,03.06 09:00,84.639
181,03.06 10:00,78.58
181,03.06 11:00,96.195
181,03.06 12:00,118.406
181,03.06 13:00,132.893
181,03.06 14:00,131.813
181,03.06 15:00,137.281
181,03.06 16:00,134.391
181,03.06 17:00,138.162
181,03.06 18:00,133.549
181,03.06 19:00,131.581
181,03.06 20:00,132.375
181,03.06 21:00,128.177
181,03.06 22:00,114.889
181,03.06 23:00,111.2
181,04.06 00:00,102.138
181,04.06 01:00,102.998
181,04.06 02:00,104.538
181,04.06 03:00,79.064
181,04.06 04:00,79.13
181,04.06 05:00,79.877
181,04.06 06:00,80.752
181,04.06 07:00,80.823
181,04.06 08:00,85.945
181,04.06 09:00,89.482
181,04.06 10:00,78.527
181,04.06 11:00,101.145
181,04.06 12:00,100.951
181,04.06 13:00,103.726
181,04.06 14:00,110.384
181,04.06 15:00,110.965
181,04.06 16:00,114.605
181,04.06 17:00,114.154
181,04.06 18:00,112.551
181,04.06 19:00,114.315
181,04.06 20:00,117.924
181,04.06 21:00,115.765
181,04.06 22:00,116.314
181,04.06 23:00,104.072
181,05.06 00:00,99.094
181,05.06 01:00,96.362
181,05.06 02:00,95.835
181,05.06 03:00,71.293
181,05.06 04:00,73.456
181,05.06 05:00,78.298
181,05.06 06:00,74.634
181,05.06 07:00,78.316
181,05.06 08:00,75.013
181,05.06 09:00,73.943
181,05.06 10:00,74.592
181,05.06 11:00,90.522
181,05.06 12:00,92.1
181,05.06 13:00,92.471
181,05.06 14:00,94.139
181,05.06 15:00,97.431
181,05.06 16:00,100.504
181,05.06 17:00,112.271
181,05.06 18:00,113.414
181,05.06 19:00,115.708
181,05.06 20:00,122.259
181,05.06 21:00,120.929
181,05.06 22:00,115.864
181,05.06 23:00,117.292
181,06.06 00:00,116.959
181,06.06 01:00,115.574
181,06.06 02:00,116.118
181,06.06 03:00,88.611
181,06.06 04:00,92.281
181,06.06 05:00,89.733
181,06.06 06:00,87.186
181,06.06 07:00,89.562
181,06.06 08:00,86.264
181,06.06 09:00,86.121
181,06.06 10:00,78.234
181,06.06 11:00,91.198
181,06.06 12:00,112.783
181,06.06 13:00,123.551
181,06.06 14:00,126.572
181,06.06 15:00,128.778
181,06.06 16:00,128.706
181,06.06 17:00,121.602
181,06.06 18:00,146.548
181,06.06 19:00,128.608
181,06.06 20:00,131.374
181,06.06 21:00,126.713
181,06.06 22:00,121.23
181,06.06 23:00,119.837
181,07.06 00:00,119.122
181,07.06 01:00,117.41
181,07.06 02:00,119.993
181,07.06 03:00,90.45
181,07.06 04:00,99.008
181,07.06 05:00,83.333
181,07.06 06:00,94.132
181,07.06 07:00,93.221
181,07.06 08:00,90.253
181,07.06 09:00,91.269
181,07.06 10:00,82.371
181,07.06 11:00,94.472
181,07.06 12:00,120.223
181,07.06 13:00,118.535
181,07.06 14:00,128.507
181,07.06 15:00,118.613
181,07.06 16:00,131.413
181,07.06 17:00,117.663
181,07.06 18:00,124.219
181,07.06 19:00,130.915
181,07.06 20:00,130.747
181,07.06 21:00,129.522
181,07.06 22:00,112.526
181,07.06 23:00,118.47
181,08.06 00:00,114.923
181,08.06 01:00,115.798
181,08.06 02:00,103.744
181,08.06 03:00,94.933
181,08.06 04:00,103.464
181,08.06 05:00,83.568
181,08.06 06:00,87.862
181,08.06 07:00,83.835
181,08.06 08:00,85.535
181,08.06 09:00,80.967
181,08.06 10:00,81.758
181,08.06 11:00,92.395
181,08.06 12:00,122.333
181,08.06 13:00,125.817
181,08.06 14:00,119.325
181,08.06 15:00,128.25
181,08.06 16:00,129.917
181,08.06 17:00,128.111
181,08.06 18:00,128.013
181,08.06 19:00,118.441
181,08.06 20:00,122.885
181,08.06 21:00,122.356
181,08.06 22:00,114.573
181,08.06 23:00,116.226
181,09.06 00:00,113.528
181,09.06 01:00,109.347
181,09.06 02:00,107.958
181,09.06 03:00,93.494
181,09.06 04:00,86.379
181,09.06 05:00,80.091
181,09.06 06:00,113.597
181,09.06 07:00,93.465
181,09.06 08:00,93.029
181,09.06 09:00,91.306
181,09.06 10:00,70.861
181,09.06 11:00,85.117
181,09.06 12:00,111.797
181,09.06 13:00,119.512
181,09.06 14:00,125.979
181,09.06 15:00,124.679
181,09.06 16:00,129.644
181,09.06 17:00,147.416
181,09.06 18:00,132.461
181,09.06 19:00,126.778
181,09.06 20:00,127.052
181,09.06 21:00,121.374
181,09.06 22:00,104.652
181,09.06 23:00,110.578
181,10.06 00:00,110.555
181,10.06 01:00,111.839
181,10.06 02:00,110.973
181,10.06 03:00,91.618
181,10.06 04:00,92.108
181,10.06 05:00,76.332
181,10.06 06:00,83.136
181,10.06 07:00,78.533
181,10.06 08:00,84.852
181,10.06 09:00,87.096
181,10.06 10:00,75.244
181,10.06 11:00,91.412
181,10.06 12:00,106.378
181,10.06 13:00,114.272
181,10.06 14:00,138.312
181,10.06 15:00,125.26
181,10.06 16:00,126.047
181,10.06 17:00,122.885
181,10.06 18:00,132.525
181,10.06 19:00,123.061
181,10.06 20:00,127.012
181,10.06 21:00,118.281
181,10.06 22:00,113.743
181,10.06 23:00,110.835
181,11.06 00:00,118.297
181,11.06 01:00,112.86
181,11.06 02:00,116.59
181,11.06 03:00,87.116
181,11.06 04:00,83.374
181,11.06 05:00,81.6
181,11.06 06:00,83.17
181,11.06 07:00,81.336
181,11.06 08:00,80.882
181,11.06 09:00,82.184
181,11.06 10:00,80.889
181,11.06 11:00,96.76
181,11.06 12:00,99.564
181,11.06 13:00,106.337
181,11.06 14:00,113.677
181,11.06 15:00,116.9
181,11.06 16:00,115.598
181,11.06 17:00,116.63
181,11.06 18:00,117.221
181,11.06 19:00,115.673
181,11.06 20:00,116.892
181,11.06 21:00,118.228
181,11.06 22:00,117.707
181,11.06 23:00,105.376
181,12.06 00:00,96.502
181,12.06 01:00,98.657
181,12.06 02:00,88.417
181,12.06 03:00,80.101
181,12.06 04:00,77.058
181,12.06 05:00,76.371
181,12.06 06:00,76.583
181,12.06 07:00,76.526
181,12.06 08:00,91.791
181,12.06 09:00,77.576
181,12.06 10:00,82.155
181,12.06 11:00,95.335
181,12.06 12:00,112.1
181,12.06 13:00,89.583
181,12.06 14:00,90.679
181,12.06 15:00,92.505
181,12.06 16:00,100.938
181,12.06 17:00,111.412
181,12.06 18:00,113.453
181,12.06 19:00,111.697
181,12.06 20:00,111.577
181,12.06 21:00,112.275
181,12.06 22:00,104.66
181,12.06 23:00,108.277
181,13.06 00:00,128.192
181,13.06 01:00,101.962
181,13.06 02:00,105.646
181,13.06 03:00,86.828
181,13.06 04:00,79.6
181,13.06 05:00,82.357
181,13.06 06:00,81.687
181,13.06 07:00,84.366
181,13.06 08:00,87.361
181,13.06 09:00,78.14
181,13.06 10:00,70.883
181,13.06 11:00,90.403
181,13.06 12:00,111.767
181,13.06 13:00,119.951
181,13.06 14:00,122.629
181,13.06 15:00,124.061
181,13.06 16:00,122.562
181,13.06 17:00,124.791
181,13.06 18:00,129.569
181,13.06 19:00,141.275
181,13.06 20:00,122.39
181,13.06 21:00,118.116
181,13.06 22:00,105.423
181,13.06 23:00,115.076
181,14.06 00:00,118.298
181,14.06 01:00,117.317
181,14.06 02:00,101.961
181,14.06 03:00,91.492
181,14.06 04:00,93.397
181,14.06 05:00,75.508
181,14.06 06:00,98.015
181,14.06 07:00,87.595
181,14.06 08:00,89.572
181,14.06 09:00,88.852
181,14.06 10:00,73.766
181,14.06 11:00,89.787
181,14.06 12:00,110.807
181,14.06 13:00,118.564
181,14.06 14:00,121.174
181,14.06 15:00,123.412
181,14.06 16:00,120.85
181,14.06 17:00,125.524
181,14.06 18:00,126.009
181,14.06 19:00,127.396
181,14.06 20:00,130.028
181,14.06 21:00,126.609
181,14.06 22:00,119.717
181,14.06 23:00,118.135
181,15.06 00:00,121.734
181,15.06 01:00,117.892
181,15.06 02:00,106.714
181,15.06 03:00,91.193
181,15.06 04:00,83.579
181,15.06 05:00,76.889
181,15.06 06:00,95.966
181,15.06 07:00,86.939
181,15.06 08:00,88.716
181,15.06 09:00,94.954
181,15.06 10:00,73.094
181,15.06 11:00,90.854
181,15.06 12:00,118.058
181,15.06 13:00,130.643
181,15.06 14:00,131.228
181,15.06 15:00,127.993
181,15.06 16:00,180.862
181,15.06 17:00,150.111
181,15.06 18:00,136.863
181,15.06 19:00,135.244
181,15.06 20:00,137.882
181,15.06 21:00,150.965
181,15.06 22:00,123.26
181,15.06 23:00,121.635
181,16.06 00:00,141.306
181,16.06 01:00,119.435
181,16.06 02:00,114.265
181,16.06 03:00,94.163
181,16.06 04:00,89.394
181,16.06 05:00,77.514
181,16.06 06:00,89.875
181,16.06 07:00,91.899
181,16.06 08:00,93.724
181,16.06 09:00,90.954
181,16.06 10:00,78.209
181,16.06 11:00,99.062
181,16.06 12:00,120.591
181,16.06 13:00,124.955
181,16.06 14:00,131.535
181,16.06 15:00,129.562
181,16.06 16:00,128.321
181,16.06 17:00,130.337
181,16.06 18:00,134.03
181,16.06 19:00,133.427
181,16.06 20:00,133.236
181,16.06 21:00,133.321
181,16.06 22:00,121.345
181,16.06 23:00,129.347
181,17.06 00:00,124.339
181,17.06 01:00,123.902
181,17.06 02:00,119.366
181,17.06 03:00,97.342
181,17.06 04:00,89.638
181,17.06 05:00,87.842
181,17.06 06:00,94.773
181,17.06 07:00,97.606
181,17.06 08:00,94.441
181,17.06 09:00,89.096
181,17.06 10:00,76.783
181,17.06 11:00,97.353
181,17.06 12:00,113.995
181,17.06 13:00,131.711
181,17.06 14:00,132.111
181,17.06 15:00,127.826
181,17.06 16:00,128.668
181,17.06 17:00,129.344
181,17.06 18:00,130.924
181,17.06 19:00,128.916
181,17.06 20:00,132.284
181,17.06 21:00,125.527
181,17.06 22:00,105.206
181,17.06 23:00,108.974
181,18.06 00:00,105.053
181,18.06 01:00,105.426
181,18.06 02:00,105.134
181,18.06 03:00,85.05
181,18.06 04:00,79.245
181,18.06 05:00,83.17
181,18.06 06:00,84.141
181,18.06 07:00,83.756
181,18.06 08:00,83.159
181,18.06 09:00,83.786
181,18.06 10:00,82.59
181,18.06 11:00,101.176
181,18.06 12:00,100.291
181,18.06 13:00,107.195
181,18.06 14:00,112.03
181,18.06 15:00,114.407
181,18.06 16:00,114.355
181,18.06 17:00,113.357
181,18.06 18:00,114.278
181,18.06 19:00,119.054
181,18.06 20:00,136.482
181,18.06 21:00,117.987
181,18.06 22:00,116.162
181,18.06 23:00,113.723
181,19.06 00:00,96.545
181,19.06 01:00,96.491
181,19.06 02:00,96.408
181,19.06 03:00,72.626
181,19.06 04:00,75.365
181,19.06 05:00,76.287
181,19.06 06:00,75.735
181,19.06 07:00,77.311
181,19.06 08:00,76.011
181,19.06 09:00,78.907
181,19.06 10:00,69.899
181,19.06 11:00,89.231
181,19.06 12:00,90.693
181,19.06 13:00,93.93
181,19.06 14:00,91.062
181,19.06 15:00,97.2
181,19.06 16:00,98.074
181,19.06 17:00,116.345
181,19.06 18:00,100.899
181,19.06 19:00,111.98
181,19.06 20:00,113.59
181,19.06 21:00,119.902
181,19.06 22:00,134.668
181,19.06 23:00,114.576
181,20.06 00:00,119.937
181,20.06 01:00,113.38
181,20.06 02:00,116.989
181,20.06 03:00,91.579
181,20.06 04:00,83.962
181,20.06 05:00,74.861
181,20.06 06:00,94.224
181,20.06 07:00,91.409
181,20.06 08:00,95.044
181,20.06 09:00,92.404
181,20.06 10:00,81.842
181,20.06 11:00,91.923
181,20.06 12:00,117.947
181,20.06 13:00,126.372
181,20.06 14:00,121.663
181,20.06 15:00,121.644
181,20.06 16:00,129.824
181,20.06 17:00,128.06
181,20.06 18:00,136.879
181,20.06 19:00,131.33
181,20.06 20:00,133.826
181,20.06 21:00,130.764
181,20.06 22:00,126.468
181,20.06 23:00,123.097
181,21.06 00:00,125.019
181,21.06 01:00,122.744
181,21.06 02:00,121.887
181,21.06 03:00,97.235
181,21.06 04:00,87.012
181,21.06 05:00,88.954
181,21.06 06:00,90.901
181,21.06 07:00,111.568
181,21.06 08:00,89.531
181,21.06 09:00,91.931
181,21.06 10:00,79.71
181,21.06 11:00,100.451
181,21.06 12:00,120.706
181,21.06 13:00,128.986
181,21.06 14:00,132.592
181,21.06 15:00,134.082
181,21.06 16:00,135.021
181,21.06 17:00,141.632
181,21.06 18:00,136.485
181,21.06 19:00,132.546
181,21.06 20:00,134.722
181,21.06 21:00,136.673
181,21.06 22:00,124.222
181,21.06 23:00,120.361
181,22.06 00:00,121.794
181,22.06 01:00,119.249
181,22.06 02:00,105.133
181,22.06 03:00,93.698
181,22.06 04:00,89.856
181,22.06 05:00,76.112
181,22.06 06:00,72.738
181,22.06 07:00,73.583
181,22.06 08:00,72.133
181,22.06 09:00,72.311
181,22.06 10:00,71.894
181,22.06 11:00,95.903
181,22.06 12:00,117.836
181,22.06 13:00,120.534
181,22.06 14:00,128.991
181,22.06 15:00,126.559
181,22.06 16:00,129.608
181,22.06 17:00,127.928
181,22.06 18:00,128.681
181,22.06 19:00,129.509
181,22.06 20:00,133.988
181,22.06 21:00,131.28
181,22.06 22:00,123.853
181,22.06 23:00,126.045
181,23.06 00:00,119.642
181,23.06 01:00,120.558
181,23.06 02:00,119.878
181,23.06 03:00,94.575
181,23.06 04:00,84.657
181,23.06 05:00,74.195
181,23.06 06:00,74.024
181,23.06 07:00,73.581
181,23.06 08:00,73.721
181,23.06 09:00,75.139
181,23.06 10:00,99.626
181,23.06 11:00,92.435
181,23.06 12:00,111.713
181,23.06 13:00,119.844
181,23.06 14:00,129.376
181,23.06 15:00,135.231
181,23.06 16:00,137.094
181,23.06 17:00,132.768
181,23.06 18:00,136.099
181,23.06 19:00,139.579
181,23.06 20:00,131.532
181,23.06 21:00,136.058
181,23.06 22:00,140.468
181,23.06 23:00,120.579
181,24.06 00:00,122.152
181,24.06 01:00,108.998
181,24.06 02:00,114.995
181,24.06 03:00,101.157
181,24.06 04:00,95.423
181,24.06 05:00,72.413
181,24.06 06:00,74.724
181,24.06 07:00,75.326
181,24.06 08:00,74.857
181,24.06 09:00,74.073
181,24.06 10:00,74.776
181,24.06 11:00,97.763
181,24.06 12:00,118.495
181,24.06 13:00,141.983
181,24.06 14:00,127.199
181,24.06 15:00,135.266
181,24.06 16:00,132.005
181,24.06 17:00,134.768
181,24.06 18:00,136.76
181,24.06 19:00,151.52
181,24.06 20:00,135.64
181,24.06 21:00,129.337
181,24.06 22:00,122.387
181,24.06 23:00,116.81
181,25.06 00:00,100.096
181,25.06 01:00,99.373
181,25.06 02:00,103.105
181,25.06 03:00,70.705
181,25.06 04:00,76.922
181,25.06 05:00,73.953
181,25.06 06:00,74.139
181,25.06 07:00,73.759
181,25.06 08:00,73.652
181,25.06 09:00,75.013
181,25.06 10:00,76.978
181,25.06 11:00,93.119
181,25.06 12:00,97.394
181,25.06 13:00,94.912
181,25.06 14:00,109.19
181,25.06 15:00,110.362
181,25.06 16:00,111.587
181,25.06 17:00,110.579
181,25.06 18:00,112.246
181,25.06 19:00,112.124
181,25.06 20:00,114.794
181,25.06 21:00,112.697
181,25.06 22:00,113.908
181,25.06 23:00,103.812
181,26.06 00:00,99.618
181,26.06 01:00,102.538
181,26.06 02:00,95.017
181,26.06 03:00,73.361
181,26.06 04:00,73.695
181,26.06 05:00,73.207
181,26.06 06:00,75.41
181,26.06 07:00,74.39
181,26.06 08:00,73.742
181,26.06 09:00,73.568
181,26.06 10:00,77.413
181,26.06 11:00,91.552
181,26.06 12:00,92.324
181,26.06 13:00,89.705
181,26.06 14:00,91.021
181,26.06 15:00,92.57
181,26.06 16:00,92.402
181,26.06 17:00,110.46
181,26.06 18:00,110.236
181,26.06 19:00,112.936
181,26.06 20:00,112.665
181,26.06 21:00,114.419
181,26.06 22:00,115.259
181,26.06 23:00,114.113
181,27.06 00:00,113.262
181,27.06 01:00,112.771
181,27.06 02:00,112.046
181,27.06 03:00,88.166
181,27.06 04:00,80.295
181,27.06 05:00,72.267
181,27.06 06:00,81.011
181,27.06 07:00,80.204
181,27.06 08:00,81.385
181,27.06 09:00,84.468
181,27.06 10:00,83.67
181,27.06 11:00,94.21
181,27.06 12:00,117.12
181,27.06 13:00,142.954
181,27.06 14:00,123.802
181,27.06 15:00,130.534
181,27.06 16:00,134.35
181,27.06 17:00,129.273
181,27.06 18:00,132.857
181,27.06 19:00,178.256
181,27.06 20:00,131.542
181,27.06 21:00,131.361
181,27.06 22:00,127.058
181,27.06 23:00,125.094
181,28.06 00:00,124.072
181,28.06 01:00,120.989
181,28.06 02:00,118.882
181,28.06 03:00,92.223
181,28.06 04:00,93.783
181,28.06 05:00,80.725
181,28.06 06:00,91.78
181,28.06 07:00,91.103
181,28.06 08:00,90.433
181,28.06 09:00,90.373
181,28.06 10:00,84.538
181,28.06 11:00,93.554
181,28.06 12:00,113.769
181,28.06 13:00,124.071
181,28.06 14:00,129.459
181,28.06 15:00,128.022
181,28.06 16:00,133.377
181,28.06 17:00,132.816
181,28.06 18:00,128.765
181,28.06 19:00,129.498
181,28.06 20:00,135.918
181,28.06 21:00,119.791
181,28.06 22:00,119.174
181,28.06 23:00,119.203
181,29.06 00:00,119.119
181,29.06 01:00,119.34
181,29.06 02:00,122.877
181,29.06 03:00,1.002
181,29.06 04:00,0.996
181,29.06 05:00,0.977
181,29.06 06:00,0.995
181,29.06 07:00,1.0
181,29.06 08:00,1.0
181,29.06 09:00,1.002
181,29.06 10:00,0.999
181,29.06 11:00,1.002
181,29.06 12:00,0.997
181,29.06 13:00,1.003
181,29.06 14:00,1.002
181,29.06 15:00,1.0
181,29.06 16:00,1.011
181,29.06 17:00,0.999
181,29.06 18:00,1.001
181,29.06 19:00,1.004
181,29.06 20:00,0.996
181,29.06 21:00,0.998
181,29.06 22:00,123.902
181,29.06 23:00,107.861
181,30.06 00:00,110.876
181,30.06 01:00,113.968
181,30.06 02:00,115.597
181,30.06 03:00,92.204
181,30.06 04:00,109.5
181,30.06 05:00,72.607
181,30.06 06:00,73.833
181,30.06 07:00,74.746
181,30.06 08:00,73.189
181,30.06 09:00,72.685
181,30.06 10:00,74.311
181,30.06 11:00,90.06
181,30.06 12:00,110.667
181,30.06 13:00,120.372
181,30.06 14:00,116.667
181,30.06 15:00,125.825
181,30.06 16:00,146.634
181,30.06 17:00,127.263
181,30.06 18:00,126.589
181,30.06 19:00,118.934
181,30.06 20:00,122.561
181,30.06 21:00,122.254
181,30.06 22:00,115.86
181,30.06 23:00,115.655
181,01.07 00:00,115.987
181,01.07 01:00,115.81
181,01.07 02:00,115.466
181,01.07 03:00,114.999
181,01.07 04:00,115.524
181,01.07 05:00,116.061
181,01.07 06:00,115.882
181,01.07 07:00,115.411
181,01.07 08:00,115.263
181,01.07 09:00,0.998
181,01.07 10:00,1.003
181,01.07 11:00,89.931
181,01.07 12:00,1.004
181,01.07 13:00,1.005
181,01.07 14:00,0.996
181,01.07 15:00,0.999
181,01.07 16:00,1.004
181,01.07 17:00,0.999
181,01.07 18:00,0.995
181,01.07 19:00,1.004
181,01.07 20:00,1.004
181,01.07 21:00,0.995
181,01.07 22:00,0.995
181,01.07 23:00,0.0
181,02.07 00:00,1.0
181,02.07 01:00,0.996
181,02.07 02:00,1.0
181,02.07 03:00,1.005
181,02.07 04:00,0.996
181,02.07 05:00,1.0
181,02.07 06:00,0.997
181,02.07 07:00,0.999
181,02.07 08:00,1.003
181,02.07 09:00,0.996
181,02.07 10:00,1.002
181,02.07 11:00,0.998
181,02.07 12:00,0.999
181,02.07 13:00,1.0
181,02.07 14:00,1.004
181,02.07 15:00,0.997
181,02.07 16:00,0.995
181,02.07 17:00,0.995
181,02.07 18:00,1.003
181,02.07 19:00,0.996
181,02.07 20:00,0.998
181,02.07 21:00,0.997
181,02.07 22:00,1.0
181,02.07 23:00,96.719
181,03.07 00:00,93.254
181,03.07 01:00,93.133
181,03.07 02:00,94.608
181,03.07 03:00,70.601
181,03.07 04:00,71.095
181,03.07 05:00,88.509
181,03.07 06:00,73.215
181,03.07 07:00,73.409
181,03.07 08:00,71.96
181,03.07 09:00,72.184
181,03.07 10:00,79.176
181,03.07 11:00,97.291
181,03.07 12:00,112.794
181,03.07 13:00,94.289
181,03.07 14:00,83.542
181,03.07 15:00,104.072
181,03.07 16:00,87.063
181,03.07 17:00,121.808
181,03.07 18:00,107.029
181,03.07 19:00,123.797
181,03.07 20:00,107.922
181,03.07 21:00,109.004
181,03.07 22:00,133.724
181,03.07 23:00,91.614
181,04.07 00:00,108.339
181,04.07 01:00,92.55
181,04.07 02:00,107.291
181,04.07 03:00,70.762
181,04.07 04:00,71.054
181,04.07 05:00,80.176
181,04.07 06:00,89.652
181,04.07 07:00,87.628
181,04.07 08:00,105.379
181,04.07 09:00,89.622
181,04.07 10:00,78.143
181,04.07 11:00,98.857
181,04.07 12:00,89.921
181,04.07 13:00,86.236
181,04.07 14:00,101.393
181,04.07 15:00,88.596
181,04.07 16:00,88.16
181,04.07 17:00,87.348
181,04.07 18:00,87.102
181,04.07 19:00,87.606
181,04.07 20:00,90.628
181,04.07 21:00,88.055
181,04.07 22:00,93.445
181,04.07 23:00,93.103
181,05.07 00:00,90.23
181,05.07 01:00,91.561
181,05.07 02:00,111.455
181,05.07 03:00,68.707
181,05.07 04:00,69.742
181,05.07 05:00,71.224
181,05.07 06:00,70.37
181,05.07 07:00,71.249
181,05.07 08:00,75.599
181,05.07 09:00,72.97
181,05.07 10:00,73.906
181,05.07 11:00,94.761
181,05.07 12:00,120.932
181,05.07 13:00,124.629
181,05.07 14:00,128.104
181,05.07 15:00,131.195
181,05.07 16:00,136.104
181,05.07 17:00,133.723
181,05.07 18:00,136.966
181,05.07 19:00,137.478
181,05.07 20:00,130.602
181,05.07 21:00,123.34
181,05.07 22:00,120.328
181,05.07 23:00,0.0
181,06.07 00:00,119.066
181,06.07 01:00,118.736
181,06.07 02:00,103.602
181,06.07 03:00,92.129
181,06.07 04:00,92.21
181,06.07 05:00,81.788
181,06.07 06:00,85.537
181,06.07 07:00,81.049
181,06.07 08:00,82.201
181,06.07 09:00,99.406
181,06.07 10:00,71.891
181,06.07 11:00,94.422
181,06.07 12:00,113.48
181,06.07 13:00,117.273
181,06.07 14:00,125.222
181,06.07 15:00,125.869
181,06.07 16:00,129.811
181,06.07 17:00,130.385
181,06.07 18:00,128.0
181,06.07 19:00,128.073
181,06.07 20:00,128.937
181,06.07 21:00,124.137
181,06.07 22:00,123.684
181,06.07 23:00,120.358
181,07.07 00:00,119.665
181,07.07 01:00,118.461
181,07.07 02:00,121.057
181,07.07 03:00,120.818
181,07.07 04:00,120.866
181,07.07 05:00,120.977
181,07.07 06:00,120.997
181,07.07 07:00,121.151
181,07.07 08:00,121.395
181,07.07 09:00,121.037
181,07.07 10:00,120.96
181,07.07 11:00,121.53
181,07.07 12:00,121.905
181,07.07 13:00,121.856
181,07.07 14:00,121.412
181,07.07 15:00,120.985
181,07.07 16:00,121.802
181,07.07 17:00,121.932
181,07.07 18:00,121.127
181,07.07 19:00,121.021
181,07.07 20:00,120.839
181,07.07 21:00,121.91
181,07.07 22:00,121.886
181,07.07 23:00,120.753
181,08.07 00:00,121.83
181,08.07 01:00,121.019
181,08.07 02:00,120.906
181,08.07 03:00,121.734
181,08.07 04:00,121.04
181,08.07 05:00,121.165
181,08.07 06:00,121.061
181,08.07 07:00,121.148
181,08.07 08:00,121.649
181,08.07 09:00,121.713
181,08.07 10:00,121.304
181,08.07 11:00,121.606
181,08.07 12:00,121.512
181,08.07 13:00,121.576
181,08.07 14:00,121.833
181,08.07 15:00,121.433
181,08.07 16:00,120.759
181,08.07 17:00,121.182
181,08.07 18:00,121.254
181,08.07 19:00,121.266
181,08.07 20:00,121.32
181,08.07 21:00,121.007
181,08.07 22:00,121.855
181,08.07 23:00,116.605
181,09.07 00:00,120.985
181,09.07 01:00,121.06
181,09.07 02:00,121.26
181,09.07 03:00,121.599
181,09.07 04:00,121.548
181,09.07 05:00,121.205
181,09.07 06:00,121.145
181,09.07 07:00,121.492
181,09.07 08:00,121.226
181,09.07 09:00,121.344
181,09.07 10:00,121.549
181,09.07 11:00,120.755
181,09.07 12:00,121.362
181,09.07 13:00,120.757
181,09.07 14:00,120.773
181,09.07 15:00,120.989
181,09.07 16:00,120.884
181,09.07 17:00,121.145
181,09.07 18:00,121.598
181,09.07 19:00,121.129
181,09.07 20:00,121.299
181,09.07 21:00,121.027
181,09.07 22:00,120.98
181,09.07 23:00,121.591
181,10.07 00:00,120.82
181,10.07 01:00,121.779
181,10.07 02:00,121.836
181,10.07 03:00,120.998
181,10.07 04:00,120.976
181,10.07 05:00,121.129
181,10.07 06:00,121.165
181,10.07 07:00,120.987
181,10.07 08:00,121.208
181,10.07 09:00,121.325
181,10.07 10:00,121.366
181,10.07 11:00,121.414
181,10.07 12:00,121.665
181,10.07 13:00,121.929
181,10.07 14:00,120.753
181,10.07 15:00,121.199
181,10.07 16:00,121.695
181,10.07 17:00,121.021
181,10.07 18:00,121.203
181,10.07 19:00,120.813
181,10.07 20:00,121.3
181,10.07 21:00,121.544
181,10.07 22:00,121.137
181,10.07 23:00,121.179
181,11.07 00:00,120.909
181,11.07 01:00,121.876
181,11.07 02:00,121.713
181,11.07 03:00,121.715
181,11.07 04:00,121.524
181,11.07 05:00,120.931
181,11.07 06:00,0.0
181,11.07 07:00,0.0
181,11.07 08:00,0.0
181,11.07 09:00,0.0
181,11.07 10:00,0.0
181,11.07 11:00,0.0
181,11.07 12:00,0.0
181,11.07 13:00,0.0
181,11.07 14:00,0.0
181,11.07 15:00,0.0
181,11.07 16:00,0.0
181,11.07 17:00,0.0
181,11.07 18:00,0.0
181,11.07 19:00,0.0
181,11.07 20:00,0.0
181,11.07 21:00,0.0
181,11.07 22:00,0.0
181,11.07 23:00,0.0
181,12.07 00:00,0.0
181,12.07 01:00,0.0
181,12.07 02:00,0.0
181,12.07 03:00,0.0
181,12.07 04:00,0.0
181,12.07 05:00,0.0
181,12.07 06:00,0.0
181,12.07 07:00,0.0
181,12.07 08:00,0.0
181,12.07 09:00,0.0
181,12.07 10:00,0.0
181,12.07 11:00,0.0
181,12.07 12:00,0.0
181,12.07 13:00,0.0
181,12.07 14:00,0.0
181,12.07 15:00,0.0
181,12.07 16:00,0.0
181,12.07 17:00,0.0
181,12.07 18:00,0.0
181,12.07 19:00,0.0
181,12.07 20:00,0.0
181,12.07 21:00,0.0
181,12.07 22:00,0.0
181,12.07 23:00,0.0
181,13.07 00:00,0.0
181,13.07 01:00,0.0
181,13.07 02:00,0.0
181,13.07 03:00,0.0
181,13.07 04:00,0.0
181,13.07 05:00,0.0
181,13.07 06:00,0.0
181,13.07 07:00,0.0
181,13.07 08:00,0.0
181,13.07 09:00,0.0
181,13.07 10:00,0.0
181,13.07 11:00,0.0
181,13.07 12:00,0.0
181,13.07 13:00,0.0
181,13.07 14:00,0.0
181,13.07 15:00,0.0
181,13.07 16:00,0.0
181,13.07 17:00,0.0
181,13.07 18:00,0.0
181,13.07 19:00,0.0
181,13.07 20:00,0.0
181,13.07 21:00,0.0
181,13.07 22:00,0.0
181,13.07 23:00,0.0
181,14.07 00:00,0.0
181,14.07 01:00,0.0
181,14.07 02:00,0.0
181,14.07 03:00,0.0
181,14.07 04:00,0.0
181,14.07 05:00,0.0
181,14.07 06:00,0.0
181,14.07 07:00,0.0
181,14.07 08:00,0.0
181,14.07 09:00,0.0
181,14.07 10:00,0.0
181,14.07 11:00,0.0
181,14.07 12:00,0.0
181,14.07 13:00,0.0
181,14.07 14:00,0.0
181,14.07 15:00,0.0
181,14.07 16:00,0.0
181,14.07 17:00,0.0
181,14.07 18:00,0.0
181,14.07 19:00,0.0
181,14.07 20:00,0.0
181,14.07 21:00,0.0
181,14.07 22:00,0.0
181,14.07 23:00,0.0
181,15.07 00:00,0.0
181,15.07 01:00,0.0
181,15.07 02:00,0.0
181,15.07 03:00,0.0
181,15.07 04:00,0.0
181,15.07 05:00,0.0
181,15.07 06:00,0.0
181,15.07 07:00,0.0
181,15.07 08:00,0.0
181,15.07 09:00,0.0
181,15.07 10:00,0.0
181,15.07 11:00,0.0
181,15.07 12:00,0.0
181,15.07 13:00,0.0
181,15.07 14:00,0.0
181,15.07 15:00,0.0
181,15.07 16:00,0.0
181,15.07 17:00,0.0
181,15.07 18:00,0.0
181,15.07 19:00,0.0
181,15.07 20:00,0.0
181,15.07 21:00,0.0
181,15.07 22:00,0.0
181,15.07 23:00,0.0
181,16.07 00:00,0.0
181,16.07 01:00,0.0
181,16.07 02:00,0.0
181,16.07 03:00,0.0
181,16.07 04:00,0.0
181,16.07 05:00,0.0
181,16.07 06:00,0.0
181,16.07 07:00,0.0
181,16.07 08:00,0.0
181,16.07 09:00,0.0
181,16.07 10:00,0.0
181,16.07 11:00,0.0
181,16.07 12:00,0.0
181,16.07 13:00,0.0
181,16.07 14:00,0.0
181,16.07 15:00,0.0
181,16.07 16:00,0.0
181,16.07 17:00,0.0
181,16.07 18:00,0.0
181,16.07 19:00,0.0
181,16.07 20:00,0.0
181,16.07 21:00,0.0
181,16.07 22:00,0.0
181,16.07 23:00,0.0
181,17.07 00:00,0.0
181,17.07 01:00,0.0
181,17.07 02:00,0.0
181,17.07 03:00,0.0
181,17.07 04:00,0.0
181,17.07 05:00,0.0
181,17.07 06:00,0.0
181,17.07 07:00,0.0
181,17.07 08:00,0.0
181,17.07 09:00,0.0
181,17.07 10:00,0.0
181,17.07 11:00,0.0
181,17.07 12:00,0.0
181,17.07 13:00,0.0
181,17.07 14:00,0.0
181,17.07 15:00,0.0
181,17.07 16:00,0.0
181,17.07 17:00,0.0
181,17.07 18:00,0.0
181,17.07 19:00,0.0
181,17.07 20:00,0.0
181,17.07 21:00,0.0
181,17.07 22:00,0.0
181,17.07 23:00,0.0
181,18.07 00:00,0.0
181,18.07 01:00,0.0
181,18.07 02:00,0.0
181,18.07 03:00,0.0
181,18.07 04:00,0.0
181,18.07 05:00,0.0
181,18.07 06:00,0.0
181,18.07 07:00,0.0
181,18.07 08:00,0.0
181,18.07 09:00,0.0
181,18.07 10:00,0.0
181,18.07 11:00,0.0
181,18.07 12:00,0.0
181,18.07 13:00,0.0
181,18.07 14:00,0.0
181,18.07 15:00,0.0
181,18.07 16:00,0.0
181,18.07 17:00,0.0
181,18.07 18:00,0.0
181,18.07 19:00,0.0
181,18.07 20:00,0.0
181,18.07 21:00,0.0
181,18.07 22:00,0.0
181,18.07 23:00,0.0
181,19.07 00:00,0.0
181,19.07 01:00,0.0
181,19.07 02:00,0.0
181,19.07 03:00,0.0
181,19.07 04:00,0.0
181,19.07 05:00,0.0
181,19.07 06:00,0.0
181,19.07 07:00,0.0
181,19.07 08:00,0.0
181,19.07 09:00,0.0
181,19.07 10:00,0.0
181,19.07 11:00,0.0
181,19.07 12:00,0.0
181,19.07 13:00,0.0
181,19.07 14:00,0.0
181,19.07 15:00,0.0
181,19.07 16:00,0.0
181,19.07 17:00,0.0
181,19.07 18:00,0.0
181,19.07 19:00,0.0
181,19.07 20:00,0.0
181,19.07 21:00,0.0
181,19.07 22:00,0.0
181,19.07 23:00,0.0
181,20.07 00:00,0.0
181,20.07 01:00,0.0
181,20.07 02:00,0.0
181,20.07 03:00,0.0
181,20.07 04:00,0.0
181,20.07 05:00,0.0
181,20.07 06:00,0.0
181,20.07 07:00,0.0
181,20.07 08:00,0.0
181,20.07 09:00,0.0
181,20.07 10:00,0.0
181,20.07 11:00,0.0
181,20.07 12:00,0.0
181,20.07 13:00,0.0
181,20.07 14:00,0.0
181,20.07 15:00,0.0
181,20.07 16:00,0.0
181,20.07 17:00,0.0
181,20.07 18:00,0.0
181,20.07 19:00,0.0
181,20.07 20:00,0.0
181,20.07 21:00,0.0
181,20.07 22:00,0.0
181,20.07 23:00,0.0
181,21.07 00:00,0.0
181,21.07 01:00,0.0
181,21.07 02:00,0.0
181,21.07 03:00,0.0
181,21.07 04:00,0.0
181,21.07 05:00,0.0
181,21.07 06:00,0.0
181,21.07 07:00,0.0
181,21.07 08:00,0.0
181,21.07 09:00,0.0
181,21.07 10:00,0.0
181,21.07 11:00,0.0
181,21.07 12:00,0.0
181,21.07 13:00,0.0
181,21.07 14:00,0.0
181,21.07 15:00,0.0
181,21.07 16:00,0.0
181,21.07 17:00,0.0
181,21.07 18:00,0.0
181,21.07 19:00,0.0
181,21.07 20:00,0.0
181,21.07 21:00,0.0
181,21.07 22:00,0.0
181,21.07 23:00,0.0
181,22.07 00:00,0.0
181,22.07 01:00,0.0
181,22.07 02:00,0.0
181,22.07 03:00,0.0
181,22.07 04:00,0.0
181,22.07 05:00,0.0
181,22.07 06:00,0.0
181,22.07 07:00,0.0
181,22.07 08:00,0.0
181,22.07 09:00,0.0
181,22.07 10:00,0.0
181,22.07 11:00,0.0
181,22.07 12:00,0.0
181,22.07 13:00,0.0
181,22.07 14:00,0.0
181,22.07 15:00,0.0
181,22.07 16:00,0.0
181,22.07 17:00,0.0
181,22.07 18:00,0.0
181,22.07 19:00,0.0
181,22.07 20:00,0.0
181,22.07 21:00,0.0
181,22.07 22:00,0.0
181,22.07 23:00,0.0
181,23.07 00:00,0.0
181,23.07 01:00,0.0
181,23.07 02:00,0.0
181,23.07 03:00,0.0
181,23.07 04:00,0.0
181,23.07 05:00,0.0
181,23.07 06:00,0.0
181,23.07 07:00,0.0
181,23.07 08:00,0.0
181,23.07 09:00,0.0
181,23.07 10:00,0.0
181,23.07 11:00,0.0
181,23.07 12:00,0.0
181,23.07 13:00,0.0
181,23.07 14:00,0.0
181,23.07 15:00,0.0
181,23.07 16:00,0.0
181,23.07 17:00,0.0
181,23.07 18:00,0.0
181,23.07 19:00,0.0
181,23.07 20:00,0.0
181,23.07 21:00,0.0
181,23.07 22:00,0.0
181,23.07 23:00,0.0
181,24.07 00:00,0.0
181,24.07 01:00,0.0
181,24.07 02:00,0.0
181,24.07 03:00,0.0
181,24.07 04:00,0.0
181,24.07 05:00,0.0
181,24.07 06:00,0.0
181,24.07 07:00,0.0
181,24.07 08:00,0.0
181,24.07 09:00,0.0
181,24.07 10:00,0.0
181,24.07 11:00,0.0
181,24.07 12:00,0.0
181,24.07 13:00,0.0
181,24.07 14:00,0.0
181,24.07 15:00,0.0
181,24.07 16:00,0.0
181,24.07 17:00,0.0
181,24.07 18:00,0.0
181,24.07 19:00,0.0
181,24.07 20:00,0.0
181,24.07 21:00,0.0
181,24.07 22:00,0.0
181,24.07 23:00,0.0
181,25.07 00:00,0.0
181,25.07 01:00,0.0
181,25.07 02:00,0.0
181,25.07 03:00,0.0
181,25.07 04:00,0.0
181,25.07 05:00,0.0
181,25.07 06:00,0.0
181,25.07 07:00,0.0
181,25.07 08:00,0.0
181,25.07 09:00,0.0
181,25.07 10:00,0.0
181,25.07 11:00,0.0
181,25.07 12:00,0.0
181,25.07 13:00,0.0
181,25.07 14:00,0.0
181,25.07 15:00,0.0
181,25.07 16:00,0.0
181,25.07 17:00,0.0
181,25.07 18:00,0.0
181,25.07 19:00,0.0
181,25.07 20:00,0.0
181,25.07 21:00,0.0
181,25.07 22:00,0.0
181,25.07 23:00,0.0
181,26.07 00:00,0.0
181,26.07 01:00,0.0
181,26.07 02:00,0.0
181,26.07 03:00,0.0
181,26.07 04:00,0.0
181,26.07 05:00,0.0
181,26.07 06:00,0.0
181,26.07 07:00,0.0
181,26.07 08:00,0.0
181,26.07 09:00,0.0
181,26.07 10:00,0.0
181,26.07 11:00,0.0
181,26.07 12:00,0.0
181,26.07 13:00,0.0
181,26.07 14:00,0.0
181,26.07 15:00,0.0
181,26.07 16:00,0.0
181,26.07 17:00,0.0
181,26.07 18:00,0.0
181,26.07 19:00,0.0
181,26.07 20:00,0.0
181,26.07 21:00,0.0
181,26.07 22:00,0.0
181,26.07 23:00,0.0
181,27.07 00:00,0.0
181,27.07 01:00,0.0
181,27.07 02:00,0.0
181,27.07 03:00,0.0
181,27.07 04:00,0.0
181,27.07 05:00,0.0
181,27.07 06:00,0.0
181,27.07 07:00,0.0
181,27.07 08:00,0.0
181,27.07 09:00,0.0
181,27.07 10:00,0.0
181,27.07 11:00,0.0
181,27.07 12:00,0.0
181,27.07 13:00,0.0
181,27.07 14:00,0.0
181,27.07 15:00,0.0
181,27.07 16:00,0.0
181,27.07 17:00,0.0
181,27.07 18:00,0.0
181,27.07 19:00,0.0
181,27.07 20:00,0.0
181,27.07 21:00,0.0
181,27.07 22:00,0.0
181,27.07 23:00,0.0
181,28.07 00:00,0.0
181,28.07 01:00,0.0
181,28.07 02:00,0.0
181,28.07 03:00,0.0
181,28.07 04:00,0.0
181,28.07 05:00,0.0
181,28.07 06:00,0.0
181,28.07 07:00,0.0
181,28.07 08:00,0.0
181,28.07 09:00,0.0
181,28.07 10:00,0.0
181,28.07 11:00,0.0
181,28.07 12:00,0.0
181,28.07 13:00,0.0
181,28.07 14:00,0.0
181,28.07 15:00,0.0
181,28.07 16:00,0.0
181,28.07 17:00,0.0
181,28.07 18:00,0.0
181,28.07 19:00,0.0
181,28.07 20:00,0.0
181,28.07 21:00,0.0
181,28.07 22:00,0.0
181,28.07 23:00,0.0
181,29.07 00:00,0.0
181,29.07 01:00,0.0
181,29.07 02:00,0.0
181,29.07 03:00,0.0
181,29.07 04:00,0.0
181,29.07 05:00,0.0
181,29.07 06:00,0.0
181,29.07 07:00,0.0
181,29.07 08:00,0.0
181,29.07 09:00,0.0
181,29.07 10:00,0.0
181,29.07 11:00,0.0
181,29.07 12:00,0.0
181,29.07 13:00,0.0
181,29.07 14:00,0.0
181,29.07 15:00,0.0
181,29.07 16:00,0.0
181,29.07 17:00,0.0
181,29.07 18:00,0.0
181,29.07 19:00,0.0
181,29.07 20:00,0.0
181,29.07 21:00,0.0
181,29.07 22:00,0.0
181,29.07 23:00,0.0
181,30.07 00:00,0.0
181,30.07 01:00,0.0
181,30.07 02:00,0.0
181,30.07 03:00,0.0
181,30.07 04:00,0.0
181,30.07 05:00,0.0
181,30.07 06:00,0.0
181,30.07 07:00,0.0
181,30.07 08:00,0.0
181,30.07 09:00,0.0
181,30.07 10:00,0.0
181,30.07 11:00,0.0
181,30.07 12:00,0.0
181,30.07 13:00,0.0
181,30.07 14:00,0.0
181,30.07 15:00,0.0
181,30.07 16:00,0.0
181,30.07 17:00,0.0
181,30.07 18:00,0.0
181,30.07 19:00,0.0
181,30.07 20:00,0.0
181,30.07 21:00,0.0
181,30.07 22:00,0.0
181,30.07 23:00,0.0
181,31.07 00:00,0.0
181,31.07 01:00,0.0
181,31.07 02:00,0.0
181,31.07 03:00,0.0
181,31.07 04:00,0.0
181,31.07 05:00,0.0
181,31.07 06:00,0.0
181,31.07 07:00,0.0
181,31.07 08:00,0.0
181,31.07 09:00,0.0
181,31.07 10:00,0.0
181,31.07 11:00,0.0
181,31.07 12:00,0.0
181,31.07 13:00,0.0
181,31.07 14:00,0.0
181,31.07 15:00,0.0
181,31.07 16:00,0.0
181,31.07 17:00,0.0
181,31.07 18:00,0.0
181,31.07 19:00,0.0
181,31.07 20:00,0.0
181,31.07 21:00,0.0
181,31.07 22:00,0.0
181,31.07 23:00,0.0
181,01.08 00:00,0.0
181,01.08 01:00,0.0
181,01.08 02:00,0.0
181,01.08 03:00,0.0
181,01.08 04:00,0.0
181,01.08 05:00,0.0
181,01.08 06:00,0.0
181,01.08 07:00,0.0
181,01.08 08:00,0.0
181,01.08 09:00,0.0
181,01.08 10:00,0.0
181,01.08 11:00,0.0
181,01.08 12:00,0.0
181,01.08 13:00,0.0
181,01.08 14:00,0.0
181,01.08 15:00,0.0
181,01.08 16:00,0.0
181,01.08 17:00,0.0
181,01.08 18:00,0.0
181,01.08 19:00,0.0
181,01.08 20:00,0.0
181,01.08 21:00,0.0
181,01.08 22:00,0.0
181,01.08 23:00,0.0
181,02.08 00:00,0.0
181,02.08 01:00,0.0
181,02.08 02:00,0.0
181,02.08 03:00,0.0
181,02.08 04:00,0.0
181,02.08 05:00,0.0
181,02.08 06:00,0.0
181,02.08 07:00,0.0
181,02.08 08:00,0.0
181,02.08 09:00,0.0
181,02.08 10:00,0.0
181,02.08 11:00,0.0
181,02.08 12:00,0.0
181,02.08 13:00,0.0
181,02.08 14:00,0.0
181,02.08 15:00,0.0
181,02.08 16:00,0.0
181,02.08 17:00,0.0
181,02.08 18:00,0.0
181,02.08 19:00,0.0
181,02.08 20:00,0.0
181,02.08 21:00,0.0
181,02.08 22:00,0.0
181,02.08 23:00,0.0
181,03.08 00:00,0.0
181,03.08 01:00,0.0
181,03.08 02:00,0.0
181,03.08 03:00,0.0
181,03.08 04:00,0.0
181,03.08 05:00,0.0
181,03.08 06:00,0.0
181,03.08 07:00,0.0
181,03.08 08:00,0.0
181,03.08 09:00,0.0
181,03.08 10:00,0.0
181,03.08 11:00,102.275
181,03.08 12:00,119.701
181,03.08 13:00,133.496
181,03.08 14:00,132.052
181,03.08 15:00,131.488
181,03.08 16:00,138.883
181,03.08 17:00,140.309
181,03.08 18:00,136.57
181,03.08 19:00,133.279
181,03.08 20:00,129.351
181,03.08 21:00,126.999
181,03.08 22:00,128.057
181,03.08 23:00,125.158
181,04.08 00:00,116.815
181,04.08 01:00,121.123
181,04.08 02:00,123.641
181,04.08 03:00,118.182
181,04.08 04:00,83.045
181,04.08 05:00,83.603
181,04.08 06:00,89.201
181,04.08 07:00,83.071
181,04.08 08:00,89.554
181,04.08 09:00,81.951
181,04.08 10:00,85.494
181,04.08 11:00,104.638
181,04.08 12:00,122.034
181,04.08 13:00,131.222
181,04.08 14:00,131.543
181,04.08 15:00,131.468
181,04.08 16:00,131.695
181,04.08 17:00,132.11
181,04.08 18:00,131.957
181,04.08 19:00,131.727
181,04.08 20:00,131.963
181,04.08 21:00,137.533
181,04.08 22:00,137.87
181,04.08 23:00,139.374
181,05.08 00:00,137.873
181,05.08 01:00,136.59
181,05.08 02:00,136.582
181,05.08 03:00,137.787
181,05.08 04:00,136.8
181,05.08 05:00,137.039
181,05.08 06:00,137.672
181,05.08 07:00,137.784
181,05.08 08:00,136.509
181,05.08 09:00,136.812
181,05.08 10:00,136.738
181,05.08 11:00,136.863
181,05.08 12:00,136.824
181,05.08 13:00,136.754
181,05.08 14:00,137.506
181,05.08 15:00,136.774
181,05.08 16:00,137.501
181,05.08 17:00,137.235
181,05.08 18:00,136.681
181,05.08 19:00,131.528
181,05.08 20:00,127.357
181,05.08 21:00,143.598
181,05.08 22:00,121.988
181,05.08 23:00,107.189
181,06.08 00:00,105.952
181,06.08 01:00,104.345
181,06.08 02:00,104.955
181,06.08 03:00,87.885
181,06.08 04:00,90.338
181,06.08 05:00,90.808
181,06.08 06:00,91.751
181,06.08 07:00,91.247
181,06.08 08:00,90.965
181,06.08 09:00,90.758
181,06.08 10:00,95.254
181,06.08 11:00,105.684
181,06.08 12:00,108.194
181,06.08 13:00,100.494
181,06.08 14:00,114.455
181,06.08 15:00,114.559
181,06.08 16:00,119.488
181,06.08 17:00,116.186
181,06.08 18:00,115.856
181,06.08 19:00,116.087
181,06.08 20:00,116.242
181,06.08 21:00,119.403
181,06.08 22:00,120.57
181,06.08 23:00,111.494
181,07.08 00:00,98.565
181,07.08 01:00,96.211
181,07.08 02:00,95.01
181,07.08 03:00,75.501
181,07.08 04:00,80.433
181,07.08 05:00,82.418
181,07.08 06:00,81.9
181,07.08 07:00,84.935
181,07.08 08:00,83.129
181,07.08 09:00,82.731
181,07.08 10:00,83.961
181,07.08 11:00,98.77
181,07.08 12:00,97.203
181,07.08 13:00,97.279
181,07.08 14:00,94.692
181,07.08 15:00,94.59
181,07.08 16:00,107.025
181,07.08 17:00,117.511
181,07.08 18:00,112.961
181,07.08 19:00,112.999
181,07.08 20:00,112.14
181,07.08 21:00,114.153
181,07.08 22:00,115.194
181,07.08 23:00,113.876
181,08.08 00:00,116.679
181,08.08 01:00,116.071
181,08.08 02:00,114.72
181,08.08 03:00,93.681
181,08.08 04:00,83.932
181,08.08 05:00,85.258
181,08.08 06:00,98.64
181,08.08 07:00,97.152
181,08.08 08:00,97.002
181,08.08 09:00,100.239
181,08.08 10:00,88.848
181,08.08 11:00,109.583
181,08.08 12:00,120.904
181,08.08 13:00,135.67
181,08.08 14:00,130.448
181,08.08 15:00,129.621
181,08.08 16:00,130.665
181,08.08 17:00,130.552
181,08.08 18:00,129.39
181,08.08 19:00,129.784
181,08.08 20:00,0.999
181,08.08 21:00,1.003
181,08.08 22:00,1.003
181,08.08 23:00,1.002
181,09.08 00:00,1.004
181,09.08 01:00,0.999
181,09.08 02:00,0.998
181,09.08 03:00,0.995
181,09.08 04:00,1.001
181,09.08 05:00,0.996
181,09.08 06:00,1.003
181,09.08 07:00,0.999
181,09.08 08:00,0.998
181,09.08 09:00,0.999
181,09.08 10:00,0.999
181,09.08 11:00,1.002
181,09.08 12:00,1.002
181,09.08 13:00,0.996
181,09.08 14:00,127.184
181,09.08 15:00,136.793
181,09.08 16:00,134.211
181,09.08 17:00,156.501
181,09.08 18:00,137.292
181,09.08 19:00,134.744
181,09.08 20:00,133.464
181,09.08 21:00,125.185
181,09.08 22:00,122.315
181,09.08 23:00,111.907
181,10.08 00:00,119.984
181,10.08 01:00,117.023
181,10.08 02:00,118.001
181,10.08 03:00,97.552
181,10.08 04:00,87.233
181,10.08 05:00,95.589
181,10.08 06:00,106.428
181,10.08 07:00,102.164
181,10.08 08:00,100.703
181,10.08 09:00,119.672
181,10.08 10:00,87.649
181,10.08 11:00,97.335
181,10.08 12:00,118.135
181,10.08 13:00,126.64
181,10.08 14:00,130.203
181,10.08 15:00,127.983
181,10.08 16:00,126.155
181,10.08 17:00,133.524
181,10.08 18:00,134.083
181,10.08 19:00,133.751
181,10.08 20:00,128.854
181,10.08 21:00,126.289
181,10.08 22:00,120.262
181,10.08 23:00,119.534
181,11.08 00:00,121.128
181,11.08 01:00,117.776
181,11.08 02:00,120.119
181,11.08 03:00,94.968
181,11.08 04:00,85.224
181,11.08 05:00,88.605
181,11.08 06:00,105.368
181,11.08 07:00,99.858
181,11.08 08:00,100.012
181,11.08 09:00,92.017
181,11.08 10:00,87.417
181,11.08 11:00,97.333
181,11.08 12:00,116.874
181,11.08 13:00,117.414
181,11.08 14:00,117.32
181,11.08 15:00,129.13
181,11.08 16:00,129.683
181,11.08 17:00,129.481
181,11.08 18:00,0.0
181,11.08 19:00,133.954
181,11.08 20:00,133.381
181,11.08 21:00,131.915
181,11.08 22:00,120.782
181,11.08 23:00,121.478
181,12.08 00:00,120.559
181,12.08 01:00,120.469
181,12.08 02:00,124.044
181,12.08 03:00,100.0
181,12.08 04:00,82.593
181,12.08 05:00,89.355
181,12.08 06:00,101.742
181,12.08 07:00,101.912
181,12.08 08:00,99.532
181,12.08 09:00,101.535
181,12.08 10:00,79.917
181,12.08 11:00,101.142
181,12.08 12:00,116.054
181,12.08 13:00,122.11
181,12.08 14:00,125.359
181,12.08 15:00,150.141
181,12.08 16:00,127.457
181,12.08 17:00,131.26
181,12.08 18:00,131.619
181,12.08 19:00,129.144
181,12.08 20:00,129.377
181,12.08 21:00,124.209
181,12.08 22:00,120.146
181,12.08 23:00,113.461
181,13.08 00:00,99.59
181,13.08 01:00,104.331
181,13.08 02:00,98.838
181,13.08 03:00,76.529
181,13.08 04:00,81.321
181,13.08 05:00,85.56
181,13.08 06:00,82.494
181,13.08 07:00,81.972
181,13.08 08:00,88.667
181,13.08 09:00,85.585
181,13.08 10:00,84.699
181,13.08 11:00,98.371
181,13.08 12:00,119.063
181,13.08 13:00,110.591
181,13.08 14:00,110.899
181,13.08 15:00,132.282
181,13.08 16:00,114.613
181,13.08 17:00,118.145
181,13.08 18:00,113.995
181,13.08 19:00,114.277
181,13.08 20:00,113.383
181,13.08 21:00,115.315
181,13.08 22:00,115.7
181,13.08 23:00,101.735
181,14.08 00:00,96.977
181,14.08 01:00,98.709
181,14.08 02:00,95.819
181,14.08 03:00,77.483
181,14.08 04:00,87.779
181,14.08 05:00,81.637
181,14.08 06:00,82.798
181,14.08 07:00,80.368
181,14.08 08:00,80.417
181,14.08 09:00,82.789
181,14.08 10:00,80.077
181,14.08 11:00,98.81
181,14.08 12:00,96.479
181,14.08 13:00,94.615
181,14.08 14:00,93.67
181,14.08 15:00,101.393
181,14.08 16:00,109.749
181,14.08 17:00,112.763
181,14.08 18:00,110.978
181,14.08 19:00,112.74
181,14.08 20:00,113.513
181,14.08 21:00,114.57
181,14.08 22:00,136.499
181,14.08 23:00,109.932
181,15.08 00:00,112.434
181,15.08 01:00,110.037
181,15.08 02:00,110.847
181,15.08 03:00,92.713
181,15.08 04:00,79.846
181,15.08 05:00,79.904
181,15.08 06:00,101.356
181,15.08 07:00,96.759
181,15.08 08:00,98.614
181,15.08 09:00,94.805
181,15.08 10:00,80.907
181,15.08 11:00,100.214
181,15.08 12:00,116.823
181,15.08 13:00,124.488
181,15.08 14:00,134.094
181,15.08 15:00,135.132
181,15.08 16:00,131.733
181,15.08 17:00,141.929
181,15.08 18:00,138.513
181,15.08 19:00,141.494
181,15.08 20:00,135.745
181,15.08 21:00,139.504
181,15.08 22:00,121.506
181,15.08 23:00,121.187
181,16.08 00:00,121.622
181,16.08 01:00,121.92
181,16.08 02:00,122.129
181,16.08 03:00,121.542
181,16.08 04:00,1.003
181,16.08 05:00,0.986
181,16.08 06:00,1.005
181,16.08 07:00,0.997
181,16.08 08:00,1.002
181,16.08 09:00,0.996
181,16.08 10:00,0.996
181,16.08 11:00,0.998
181,16.08 12:00,1.0
181,16.08 13:00,0.999
181,16.08 14:00,0.996
181,16.08 15:00,0.997
181,16.08 16:00,1.0
181,16.08 17:00,1.003
181,16.08 18:00,1.0
181,16.08 19:00,0.999
181,16.08 20:00,0.999
181,16.08 21:00,1.002
181,16.08 22:00,1.002
181,16.08 23:00,118.269
181,17.08 00:00,115.494
181,17.08 01:00,118.471
181,17.08 02:00,114.299
181,17.08 03:00,97.416
181,17.08 04:00,79.823
181,17.08 05:00,79.498
181,17.08 06:00,97.953
181,17.08 07:00,99.327
181,17.08 08:00,98.858
181,17.08 09:00,100.021
181,17.08 10:00,87.453
181,17.08 11:00,96.67
181,17.08 12:00,117.962
181,17.08 13:00,148.383
181,17.08 14:00,123.631
181,17.08 15:00,150.733
181,17.08 16:00,126.69
181,17.08 17:00,130.899
181,17.08 18:00,136.64
181,17.08 19:00,137.628
181,17.08 20:00,135.017
181,17.08 21:00,135.324
181,17.08 22:00,124.917
181,17.08 23:00,124.283
181,18.08 00:00,125.644
181,18.08 01:00,132.031
181,18.08 02:00,122.166
181,18.08 03:00,103.617
181,18.08 04:00,85.289
181,18.08 05:00,96.939
181,18.08 06:00,99.015
181,18.08 07:00,98.412
181,18.08 08:00,97.966
181,18.08 09:00,91.09
181,18.08 10:00,85.874
181,18.08 11:00,120.239
181,18.08 12:00,139.238
181,18.08 13:00,131.223
181,18.08 14:00,129.279
181,18.08 15:00,133.318
181,18.08 16:00,131.843
181,18.08 17:00,136.661
181,18.08 18:00,138.148
181,18.08 19:00,160.036
181,18.08 20:00,137.69
181,18.08 21:00,135.94
181,18.08 22:00,122.714
181,18.08 23:00,119.411
181,19.08 00:00,118.926
181,19.08 01:00,120.404
181,19.08 02:00,120.492
181,19.08 03:00,99.627
181,19.08 04:00,85.709
181,19.08 05:00,79.219
181,19.08 06:00,102.417
181,19.08 07:00,101.152
181,19.08 08:00,118.82
181,19.08 09:00,96.273
181,19.08 10:00,90.044
181,19.08 11:00,98.617
181,19.08 12:00,123.12
181,19.08 13:00,133.068
181,19.08 14:00,0.0
181,19.08 15:00,130.467
181,19.08 16:00,134.835
181,19.08 17:00,155.014
181,19.08 18:00,136.565
181,19.08 19:00,133.223
181,19.08 20:00,132.841
181,19.08 21:00,130.159
181,19.08 22:00,118.795
181,19.08 23:00,114.995
181,20.08 00:00,102.95
181,20.08 01:00,107.696
181,20.08 02:00,102.563
181,20.08 03:00,83.856
181,20.08 04:00,102.602
181,20.08 05:00,90.607
181,20.08 06:00,85.534
181,20.08 07:00,85.774
181,20.08 08:00,88.21
181,20.08 09:00,85.503
181,20.08 10:00,86.992
181,20.08 11:00,108.7
181,20.08 12:00,104.379
181,20.08 13:00,117.77
181,20.08 14:00,116.241
181,20.08 15:00,121.638
181,20.08 16:00,118.765
181,20.08 17:00,121.911
181,20.08 18:00,120.644
181,20.08 19:00,123.94
181,20.08 20:00,137.433
181,20.08 21:00,119.968
181,20.08 22:00,122.809
181,20.08 23:00,105.465
181,21.08 00:00,107.249
181,21.08 01:00,98.413
181,21.08 02:00,100.968
181,21.08 03:00,78.239
181,21.08 04:00,81.236
181,21.08 05:00,82.415
181,21.08 06:00,83.269
181,21.08 07:00,100.415
181,21.08 08:00,86.374
181,21.08 09:00,84.094
181,21.08 10:00,82.736
181,21.08 11:00,100.215
181,21.08 12:00,103.293
181,21.08 13:00,98.295
181,21.08 14:00,95.933
181,21.08 15:00,100.589
181,21.08 16:00,113.018
181,21.08 17:00,122.706
181,21.08 18:00,115.97
181,21.08 19:00,105.162
181,21.08 20:00,104.595
181,21.08 21:00,121.866
181,21.08 22:00,121.287
181,21.08 23:00,121.317
181,22.08 00:00,121.978
181,22.08 01:00,121.831
181,22.08 02:00,116.37
181,22.08 03:00,0.996
181,22.08 04:00,0.996
181,22.08 05:00,1.0
181,22.08 06:00,1.003
181,22.08 07:00,0.998
181,22.08 08:00,1.004
181,22.08 09:00,0.998
181,22.08 10:00,0.996
181,22.08 11:00,0.996
181,22.08 12:00,0.998
181,22.08 13:00,0.999
181,22.08 14:00,0.998
181,22.08 15:00,1.002
181,22.08 16:00,1.002
181,22.08 17:00,1.0
181,22.08 18:00,0.998
181,22.08 19:00,0.996
181,22.08 20:00,0.999
181,22.08 21:00,0.997
181,22.08 22:00,1.003
181,22.08 23:00,121.8
181,23.08 00:00,122.201
181,23.08 01:00,125.143
181,23.08 02:00,123.633
181,23.08 03:00,97.656
181,23.08 04:00,89.533
181,23.08 05:00,83.809
181,23.08 06:00,88.162
181,23.08 07:00,90.03
181,23.08 08:00,90.92
181,23.08 09:00,94.289
181,23.08 10:00,88.139
181,23.08 11:00,102.006
181,23.08 12:00,125.724
181,23.08 13:00,139.016
181,23.08 14:00,140.585
181,23.08 15:00,159.792
181,23.08 16:00,134.775
181,23.08 17:00,138.327
181,23.08 18:00,136.828
181,23.08 19:00,157.514
181,23.08 20:00,137.792
181,23.08 21:00,136.689
181,23.08 22:00,122.187
181,23.08 23:00,127.161
181,24.08 00:00,123.346
181,24.08 01:00,125.417
181,24.08 02:00,121.736
181,24.08 03:00,123.82
181,24.08 04:00,85.061
181,24.08 05:00,101.186
181,24.08 06:00,104.47
181,24.08 07:00,102.432
181,24.08 08:00,101.232
181,24.08 09:00,101.215
181,24.08 10:00,87.758
181,24.08 11:00,100.725
181,24.08 12:00,122.349
181,24.08 13:00,133.237
181,24.08 14:00,131.554
181,24.08 15:00,139.008
181,24.08 16:00,132.618
181,24.08 17:00,136.305
181,24.08 18:00,142.128
181,24.08 19:00,138.403
181,24.08 20:00,138.552
181,24.08 21:00,133.638
181,24.08 22:00,125.731
181,24.08 23:00,122.237
181,25.08 00:00,124.782
181,25.08 01:00,124.942
181,25.08 02:00,122.029
181,25.08 03:00,102.24
181,25.08 04:00,96.719
181,25.08 05:00,87.171
181,25.08 06:00,102.487
181,25.08 07:00,97.831
181,25.08 08:00,102.144
181,25.08 09:00,99.405
181,25.08 10:00,91.563
181,25.08 11:00,100.23
181,25.08 12:00,121.847
181,25.08 13:00,126.657
181,25.08 14:00,136.231
181,25.08 15:00,139.027
181,25.08 16:00,138.007
181,25.08 17:00,144.44
181,25.08 18:00,141.773
181,25.08 19:00,164.103
181,25.08 20:00,143.365
181,25.08 21:00,138.151
181,25.08 22:00,130.272
181,25.08 23:00,126.82
181,26.08 00:00,125.62
181,26.08 01:00,126.03
181,26.08 02:00,122.954
181,26.08 03:00,101.848
181,26.08 04:00,89.386
181,26.08 05:00,79.511
181,26.08 06:00,100.153
181,26.08 07:00,99.144
181,26.08 08:00,98.512
181,26.08 09:00,100.675
181,26.08 10:00,91.961
181,26.08 11:00,98.791
181,26.08 12:00,119.576
181,26.08 13:00,129.83
181,26.08 14:00,136.208
181,26.08 15:00,136.515
181,26.08 16:00,139.262
181,26.08 17:00,139.653
181,26.08 18:00,142.984
181,26.08 19:00,135.853
181,26.08 20:00,135.814
181,26.08 21:00,135.531
181,26.08 22:00,123.418
181,26.08 23:00,113.705
181,27.08 00:00,111.376
181,27.08 01:00,104.3
181,27.08 02:00,106.564
181,27.08 03:00,80.882
181,27.08 04:00,89.387
181,27.08 05:00,105.941
181,27.08 06:00,88.997
181,27.08 07:00,84.31
181,27.08 08:00,89.701
181,27.08 09:00,87.583
181,27.08 10:00,88.355
181,27.08 11:00,107.038
181,27.08 12:00,116.943
181,27.08 13:00,116.213
181,27.08 14:00,113.964
181,27.08 15:00,119.66
181,27.08 16:00,119.942
181,27.08 17:00,118.845
181,27.08 18:00,118.547
181,27.08 19:00,121.949
181,27.08 20:00,120.728
181,27.08 21:00,119.081
181,27.08 22:00,123.203
181,27.08 23:00,108.649
181,28.08 00:00,107.585
181,28.08 01:00,106.493
181,28.08 02:00,101.072
181,28.08 03:00,85.611
181,28.08 04:00,83.973
181,28.08 05:00,82.449
181,28.08 06:00,85.852
181,28.08 07:00,82.771
181,28.08 08:00,82.602
181,28.08 09:00,83.889
181,28.08 10:00,83.683
181,28.08 11:00,106.056
181,28.08 12:00,101.353
181,28.08 13:00,103.255
181,28.08 14:00,98.493
181,28.08 15:00,99.97
181,28.08 16:00,106.105
181,28.08 17:00,116.655
181,28.08 18:00,118.874
181,28.08 19:00,120.799
181,28.08 20:00,126.88
181,28.08 21:00,122.918
181,28.08 22:00,127.853
181,28.08 23:00,120.67
181,29.08 00:00,124.071
181,29.08 01:00,124.713
181,29.08 02:00,122.595
181,29.08 03:00,96.638
181,29.08 04:00,90.118
181,29.08 05:00,92.926
181,29.08 06:00,106.059
181,29.08 07:00,99.79
181,29.08 08:00,103.533
181,29.08 09:00,100.971
181,29.08 10:00,90.814
181,29.08 11:00,98.313
181,29.08 12:00,124.359
181,29.08 13:00,129.518
181,29.08 14:00,137.514
181,29.08 15:00,135.325
181,29.08 16:00,135.597
181,29.08 17:00,139.962
181,29.08 18:00,137.271
181,29.08 19:00,139.514
181,29.08 20:00,140.259
181,29.08 21:00,155.493
181,29.08 22:00,129.07
181,29.08 23:00,123.623
181,30.08 00:00,125.549
181,30.08 01:00,124.874
181,30.08 02:00,122.398
181,30.08 03:00,100.373
181,30.08 04:00,97.023
181,30.08 05:00,96.235
181,30.08 06:00,130.485
181,30.08 07:00,98.498
181,30.08 08:00,103.564
181,30.08 09:00,100.735
181,30.08 10:00,87.591
181,30.08 11:00,100.857
181,30.08 12:00,123.624
181,30.08 13:00,125.792
181,30.08 14:00,129.889
181,30.08 15:00,138.648
181,30.08 16:00,137.124
181,30.08 17:00,137.677
181,30.08 18:00,145.379
181,30.08 19:00,138.889
181,30.08 20:00,138.799
181,30.08 21:00,133.454
181,30.08 22:00,128.168
181,30.08 23:00,126.298
181,31.08 00:00,122.02
181,31.08 01:00,123.543
181,31.08 02:00,121.329
181,31.08 03:00,106.312
181,31.08 04:00,93.901
181,31.08 05:00,84.149
181,31.08 06:00,99.849
181,31.08 07:00,124.567
181,31.08 08:00,99.985
181,31.08 09:00,98.764
181,31.08 10:00,78.715
181,31.08 11:00,104.851
181,31.08 12:00,120.263
181,31.08 13:00,130.649
181,31.08 14:00,127.462
181,31.08 15:00,130.363
181,31.08 16:00,134.582
181,31.08 17:00,166.176
181,31.08 18:00,143.46
181,31.08 19:00,139.438
181,31.08 20:00,139.748
181,31.08 21:00,135.424
181,31.08 22:00,125.566
181,31.08 23:00,125.252
181,01.09 00:00,124.551
181,01.09 01:00,123.819
181,01.09 02:00,123.141
181,01.09 03:00,100.928
181,01.09 04:00,93.015
181,01.09 05:00,80.758
181,01.09 06:00,118.127
181,01.09 07:00,100.108
181,01.09 08:00,100.182
181,01.09 09:00,101.719
181,01.09 10:00,85.837
181,01.09 11:00,99.599
181,01.09 12:00,146.878
181,01.09 13:00,128.449
181,01.09 14:00,137.075
181,01.09 15:00,137.128
181,01.09 16:00,138.842
181,01.09 17:00,138.725
181,01.09 18:00,141.327
181,01.09 19:00,139.592
181,01.09 20:00,141.816
181,01.09 21:00,139.254
181,01.09 22:00,125.96
181,01.09 23:00,122.868
181,02.09 00:00,130.175
181,02.09 01:00,144.965
181,02.09 02:00,128.509
181,02.09 03:00,98.963
181,02.09 04:00,92.506
181,02.09 05:00,94.767
181,02.09 06:00,102.919
181,02.09 07:00,100.259
181,02.09 08:00,98.801
181,02.09 09:00,91.989
181,02.09 10:00,89.373
181,02.09 11:00,101.576
181,02.09 12:00,121.115
181,02.09 13:00,129.893
181,02.09 14:00,134.764
181,02.09 15:00,135.642
181,02.09 16:00,137.332
181,02.09 17:00,139.026
181,02.09 18:00,137.19
181,02.09 19:00,134.768
181,02.09 20:00,136.827
181,02.09 21:00,131.963
181,02.09 22:00,123.26
181,02.09 23:00,118.524
181,03.09 00:00,107.935
181,03.09 01:00,112.055
181,03.09 02:00,106.502
181,03.09 03:00,88.234
181,03.09 04:00,87.877
181,03.09 05:00,88.12
181,03.09 06:00,89.485
181,03.09 07:00,89.847
181,03.09 08:00,88.757
181,03.09 09:00,85.362
181,03.09 10:00,89.665
181,03.09 11:00,105.617
181,03.09 12:00,108.628
181,03.09 13:00,114.193
181,03.09 14:00,120.505
181,03.09 15:00,121.288
181,03.09 16:00,121.025
181,03.09 17:00,119.489
181,03.09 18:00,121.024
181,03.09 19:00,118.883
181,03.09 20:00,119.597
181,03.09 21:00,119.381
181,03.09 22:00,120.126
181,03.09 23:00,110.786
181,04.09 00:00,101.628
181,04.09 01:00,99.391
181,04.09 02:00,104.955
181,04.09 03:00,85.191
181,04.09 04:00,84.048
181,04.09 05:00,86.429
181,04.09 06:00,84.886
181,04.09 07:00,84.801
181,04.09 08:00,85.963
181,04.09 09:00,86.648
181,04.09 10:00,88.029
181,04.09 11:00,99.674
181,04.09 12:00,108.621
181,04.09 13:00,99.951
181,04.09 14:00,104.548
181,04.09 15:00,100.09
181,04.09 16:00,113.679
181,04.09 17:00,116.594
181,04.09 18:00,117.077
181,04.09 19:00,117.31
181,04.09 20:00,116.629
181,04.09 21:00,113.977
181,04.09 22:00,115.175
181,04.09 23:00,115.093
181,05.09 00:00,120.999
181,05.09 01:00,118.486
181,05.09 02:00,118.965
181,05.09 03:00,96.057
181,05.09 04:00,87.604
181,05.09 05:00,89.595
181,05.09 06:00,102.874
181,05.09 07:00,95.595
181,05.09 08:00,93.607
181,05.09 09:00,93.818
181,05.09 10:00,80.199
181,05.09 11:00,116.716
181,05.09 12:00,120.197
181,05.09 13:00,116.571
181,05.09 14:00,116.326
181,05.09 15:00,119.991
181,05.09 16:00,120.258
181,05.09 17:00,120.554
181,05.09 18:00,120.394
181,05.09 19:00,117.711
181,05.09 20:00,116.638
181,05.09 21:00,122.823
181,05.09 22:00,116.694
181,05.09 23:00,122.931
181,06.09 00:00,118.429
181,06.09 01:00,120.16
181,06.09 02:00,116.864
181,06.09 03:00,99.512
181,06.09 04:00,79.834
181,06.09 05:00,86.395
181,06.09 06:00,94.074
181,06.09 07:00,91.197
181,06.09 08:00,120.392
181,06.09 09:00,89.759
181,06.09 10:00,89.187
181,06.09 11:00,99.035
181,06.09 12:00,122.206
181,06.09 13:00,128.008
181,06.09 14:00,133.634
181,06.09 15:00,126.091
181,06.09 16:00,134.986
181,06.09 17:00,133.051
181,06.09 18:00,132.317
181,06.09 19:00,132.468
181,06.09 20:00,130.549
181,06.09 21:00,127.239
181,06.09 22:00,116.564
181,06.09 23:00,117.177
181,07.09 00:00,118.694
181,07.09 01:00,123.176
181,07.09 02:00,118.903
181,07.09 03:00,99.136
181,07.09 04:00,85.531
181,07.09 05:00,82.198
181,07.09 06:00,105.16
181,07.09 07:00,101.171
181,07.09 08:00,98.537
181,07.09 09:00,87.168
181,07.09 10:00,93.358
181,07.09 11:00,99.243
181,07.09 12:00,119.258
181,07.09 13:00,123.039
181,07.09 14:00,131.831
181,07.09 15:00,137.5
181,07.09 16:00,134.375
181,07.09 17:00,133.437
181,07.09 18:00,141.374
181,07.09 19:00,137.409
181,07.09 20:00,138.357
181,07.09 21:00,133.106
181,07.09 22:00,129.208
181,07.09 23:00,120.609
181,08.09 00:00,119.655
181,08.09 01:00,126.504
181,08.09 02:00,125.578
181,08.09 03:00,111.165
181,08.09 04:00,82.06
181,08.09 05:00,118.211
181,08.09 06:00,105.644
181,08.09 07:00,104.738
181,08.09 08:00,109.097
181,08.09 09:00,104.136
181,08.09 10:00,93.345
181,08.09 11:00,97.93
181,08.09 12:00,126.743
181,08.09 13:00,130.674
181,08.09 14:00,134.842
181,08.09 15:00,134.961
181,08.09 16:00,133.949
181,08.09 17:00,135.339
181,08.09 18:00,136.155
181,08.09 19:00,137.451
181,08.09 20:00,138.934
181,08.09 21:00,131.839
181,08.09 22:00,125.108
181,08.09 23:00,121.795
181,09.09 00:00,121.809
181,09.09 01:00,121.689
181,09.09 02:00,122.331
181,09.09 03:00,96.269
181,09.09 04:00,95.075
181,09.09 05:00,94.291
181,09.09 06:00,133.581
181,09.09 07:00,107.517
181,09.09 08:00,106.691
181,09.09 09:00,104.19
181,09.09 10:00,88.91
181,09.09 11:00,101.052
181,09.09 12:00,119.492
181,09.09 13:00,135.738
181,09.09 14:00,132.402
181,09.09 15:00,131.691
181,09.09 16:00,134.936
181,09.09 17:00,137.792
181,09.09 18:00,131.843
181,09.09 19:00,136.548
181,09.09 20:00,128.39
181,09.09 21:00,126.718
181,09.09 22:00,119.044
181,09.09 23:00,111.097
181,10.09 00:00,104.266
181,10.09 01:00,101.516
181,10.09 02:00,121.21
181,10.09 03:00,84.393
181,10.09 04:00,92.815
181,10.09 05:00,92.94
181,10.09 06:00,93.609
181,10.09 07:00,93.874
181,10.09 08:00,92.909
181,10.09 09:00,93.409
181,10.09 10:00,94.4
181,10.09 11:00,104.144
181,10.09 12:00,101.111
181,10.09 13:00,112.375
181,10.09 14:00,110.108
181,10.09 15:00,114.661
181,10.09 16:00,121.117
181,10.09 17:00,114.471
181,10.09 18:00,117.277
181,10.09 19:00,117.641
181,10.09 20:00,117.985
181,10.09 21:00,114.263
181,10.09 22:00,116.707
181,10.09 23:00,98.51
181,11.09 00:00,95.321
181,11.09 01:00,95.797
181,11.09 02:00,95.526
181,11.09 03:00,77.426
181,11.09 04:00,80.385
181,11.09 05:00,83.64
181,11.09 06:00,79.67
181,11.09 07:00,79.799
181,11.09 08:00,82.119
181,11.09 09:00,86.712
181,11.09 10:00,79.976
181,11.09 11:00,102.164
181,11.09 12:00,95.718
181,11.09 13:00,98.321
181,11.09 14:00,92.791
181,11.09 15:00,94.035
181,11.09 16:00,95.227
181,11.09 17:00,112.854
181,11.09 18:00,113.089
181,11.09 19:00,115.914
181,11.09 20:00,116.412
181,11.09 21:00,117.531
181,11.09 22:00,119.054
181,11.09 23:00,115.085
181,12.09 00:00,116.632
181,12.09 01:00,116.853
181,12.09 02:00,114.172
181,12.09 03:00,94.388
181,12.09 04:00,77.999
181,12.09 05:00,81.363
181,12.09 06:00,82.685
181,12.09 07:00,85.716
181,12.09 08:00,86.047
181,12.09 09:00,92.621
181,12.09 10:00,79.217
181,12.09 11:00,94.642
181,12.09 12:00,125.214
181,12.09 13:00,128.969
181,12.09 14:00,128.379
181,12.09 15:00,130.881
181,12.09 16:00,137.13
181,12.09 17:00,137.675
181,12.09 18:00,139.073
181,12.09 19:00,139.915
181,12.09 20:00,135.909
181,12.09 21:00,131.072
181,12.09 22:00,140.734
181,12.09 23:00,123.234
181,13.09 00:00,118.202
181,13.09 01:00,125.939
181,13.09 02:00,121.252
181,13.09 03:00,99.502
181,13.09 04:00,91.693
181,13.09 05:00,85.77
181,13.09 06:00,94.781
181,13.09 07:00,93.584
181,13.09 08:00,95.274
181,13.09 09:00,94.773
181,13.09 10:00,88.37
181,13.09 11:00,101.051
181,13.09 12:00,146.561
181,13.09 13:00,134.289
181,13.09 14:00,131.482
181,13.09 15:00,135.11
181,13.09 16:00,136.027
181,13.09 17:00,141.68
181,13.09 18:00,137.012
181,13.09 19:00,137.806
181,13.09 20:00,134.116
181,13.09 21:00,130.89
181,13.09 22:00,121.924
181,13.09 23:00,122.793
181,14.09 00:00,123.094
181,14.09 01:00,123.291
181,14.09 02:00,124.398
181,14.09 03:00,101.632
181,14.09 04:00,93.115
181,14.09 05:00,84.093
181,14.09 06:00,103.227
181,14.09 07:00,102.451
181,14.09 08:00,102.899
181,14.09 09:00,105.01
181,14.09 10:00,87.619
181,14.09 11:00,98.231
181,14.09 12:00,122.897
181,14.09 13:00,129.536
181,14.09 14:00,130.533
181,14.09 15:00,131.349
181,14.09 16:00,137.785
181,14.09 17:00,132.09
181,14.09 18:00,140.946
181,14.09 19:00,138.261
181,14.09 20:00,138.914
181,14.09 21:00,134.589
181,14.09 22:00,127.863
181,14.09 23:00,143.346
181,15.09 00:00,125.803
181,15.09 01:00,123.591
181,15.09 02:00,121.009
181,15.09 03:00,98.448
181,15.09 04:00,96.315
181,15.09 05:00,81.785
181,15.09 06:00,100.864
181,15.09 07:00,106.128
181,15.09 08:00,102.972
181,15.09 09:00,96.761
181,15.09 10:00,83.598
181,15.09 11:00,99.199
181,15.09 12:00,127.077
181,15.09 13:00,138.368
181,15.09 14:00,135.572
181,15.09 15:00,133.794
181,15.09 16:00,134.493
181,15.09 17:00,137.853
181,15.09 18:00,139.314
181,15.09 19:00,146.153
181,15.09 20:00,136.718
181,15.09 21:00,129.565
181,15.09 22:00,119.024
181,15.09 23:00,117.323
181,16.09 00:00,118.566
181,16.09 01:00,122.653
181,16.09 02:00,117.977
181,16.09 03:00,98.757
181,16.09 04:00,88.14
181,16.09 05:00,88.522
181,16.09 06:00,108.438
181,16.09 07:00,89.99
181,16.09 08:00,95.427
181,16.09 09:00,90.265
181,16.09 10:00,81.667
181,16.09 11:00,94.198
181,16.09 12:00,127.092
181,16.09 13:00,128.217
181,16.09 14:00,130.549
181,16.09 15:00,130.751
181,16.09 16:00,126.823
181,16.09 17:00,129.688
181,16.09 18:00,128.402
181,16.09 19:00,124.074
181,16.09 20:00,128.592
181,16.09 21:00,123.578
181,16.09 22:00,115.31
181,16.09 23:00,113.239
181,17.09 00:00,104.992
181,17.09 01:00,103.19
181,17.09 02:00,103.953
181,17.09 03:00,86.777
181,17.09 04:00,88.689
181,17.09 05:00,94.749
181,17.09 06:00,89.329
181,17.09 07:00,89.67
181,17.09 08:00,90.577
181,17.09 09:00,88.34
181,17.09 10:00,94.516
181,17.09 11:00,106.44
181,17.09 12:00,117.473
181,17.09 13:00,113.063
181,17.09 14:00,116.556
181,17.09 15:00,115.694
181,17.09 16:00,118.003
181,17.09 17:00,117.668
181,17.09 18:00,117.735
181,17.09 19:00,121.828
181,17.09 20:00,118.899
181,17.09 21:00,119.508
181,17.09 22:00,120.099
181,17.09 23:00,113.333
181,18.09 00:00,105.409
181,18.09 01:00,101.076
181,18.09 02:00,101.983
181,18.09 03:00,83.35
181,18.09 04:00,89.635
181,18.09 05:00,85.922
181,18.09 06:00,86.202
181,18.09 07:00,87.914
181,18.09 08:00,85.018
181,18.09 09:00,88.878
181,18.09 10:00,85.141
181,18.09 11:00,102.346
181,18.09 12:00,98.937
181,18.09 13:00,96.727
181,18.09 14:00,98.659
181,18.09 15:00,101.642
181,18.09 16:00,106.6
181,18.09 17:00,118.651
181,18.09 18:00,114.164
181,18.09 19:00,115.746
181,18.09 20:00,112.471
181,18.09 21:00,114.126
181,18.09 22:00,115.443
181,18.09 23:00,113.359
181,19.09 00:00,120.809
181,19.09 01:00,122.088
181,19.09 02:00,119.724
181,19.09 03:00,99.31
181,19.09 04:00,87.967
181,19.09 05:00,93.172
181,19.09 06:00,97.179
181,19.09 07:00,93.107
181,19.09 08:00,93.376
181,19.09 09:00,111.965
181,19.09 10:00,88.996
181,19.09 11:00,96.514
181,19.09 12:00,121.919
181,19.09 13:00,131.197
181,19.09 14:00,136.637
181,19.09 15:00,135.745
181,19.09 16:00,137.073
181,19.09 17:00,137.763
181,19.09 18:00,135.961
181,19.09 19:00,133.576
181,19.09 20:00,132.684
181,19.09 21:00,128.345
181,19.09 22:00,119.357
181,19.09 23:00,120.814
181,20.09 00:00,120.283
181,20.09 01:00,121.927
181,20.09 02:00,120.227
181,20.09 03:00,105.347
181,20.09 04:00,100.447
181,20.09 05:00,90.39
181,20.09 06:00,100.478
181,20.09 07:00,101.81
181,20.09 08:00,101.329
181,20.09 09:00,97.582
181,20.09 10:00,93.994
181,20.09 11:00,99.367
181,20.09 12:00,113.77
181,20.09 13:00,138.657
181,20.09 14:00,127.102
181,20.09 15:00,159.436
181,20.09 16:00,133.136
181,20.09 17:00,140.341
181,20.09 18:00,135.167
181,20.09 19:00,142.495
181,20.09 20:00,0.0
181,20.09 21:00,129.26
181,20.09 22:00,123.207
181,20.09 23:00,119.068
181,21.09 00:00,120.818
181,21.09 01:00,117.785
181,21.09 02:00,117.275
181,21.09 03:00,107.425
181,21.09 04:00,104.978
181,21.09 05:00,92.321
181,21.09 06:00,92.425
181,21.09 07:00,100.639
181,21.09 08:00,95.894
181,21.09 09:00,95.345
181,21.09 10:00,81.25
181,21.09 11:00,100.09
181,21.09 12:00,123.996
181,21.09 13:00,131.876
181,21.09 14:00,131.589
181,21.09 15:00,132.875
181,21.09 16:00,163.774
181,21.09 17:00,136.916
181,21.09 18:00,135.303
181,21.09 19:00,139.003
181,21.09 20:00,134.955
181,21.09 21:00,136.763
181,21.09 22:00,123.668
181,21.09 23:00,124.04
181,22.09 00:00,124.905
181,22.09 01:00,126.825
181,22.09 02:00,125.056
181,22.09 03:00,103.553
181,22.09 04:00,99.237
181,22.09 05:00,92.202
181,22.09 06:00,102.883
181,22.09 07:00,101.881
181,22.09 08:00,102.815
181,22.09 09:00,100.672
181,22.09 10:00,84.905
181,22.09 11:00,98.933
181,22.09 12:00,125.62
181,22.09 13:00,132.013
181,22.09 14:00,130.692
181,22.09 15:00,129.661
181,22.09 16:00,134.04
181,22.09 17:00,136.166
181,22.09 18:00,139.027
181,22.09 19:00,137.219
181,22.09 20:00,137.736
181,22.09 21:00,133.314
181,22.09 22:00,122.202
181,22.09 23:00,124.512
181,23.09 00:00,126.314
181,23.09 01:00,126.217
181,23.09 02:00,122.322
181,23.09 03:00,100.784
181,23.09 04:00,108.037
181,23.09 05:00,95.991
181,23.09 06:00,93.777
181,23.09 07:00,95.079
181,23.09 08:00,90.59
181,23.09 09:00,88.925
181,23.09 10:00,89.893
181,23.09 11:00,99.067
181,23.09 12:00,134.259
181,23.09 13:00,149.95
181,23.09 14:00,134.912
181,23.09 15:00,129.858
181,23.09 16:00,133.808
181,23.09 17:00,137.964
181,23.09 18:00,136.407
181,23.09 19:00,132.929
181,23.09 20:00,138.071
181,23.09 21:00,127.848
181,23.09 22:00,120.76
181,23.09 23:00,118.567
181,24.09 00:00,106.504
181,24.09 01:00,103.792
181,24.09 02:00,105.88
181,24.09 03:00,84.659
181,24.09 04:00,89.127
181,24.09 05:00,89.236
181,24.09 06:00,87.7
181,24.09 07:00,89.122
181,24.09 08:00,90.014
181,24.09 09:00,90.092
181,24.09 10:00,88.347
181,24.09 11:00,104.212
181,24.09 12:00,104.558
181,24.09 13:00,108.62
181,24.09 14:00,116.617
181,24.09 15:00,118.78
181,24.09 16:00,119.423
181,24.09 17:00,139.384
181,24.09 18:00,118.064
181,24.09 19:00,119.248
181,24.09 20:00,119.422
181,24.09 21:00,118.68
181,24.09 22:00,118.83
181,24.09 23:00,100.08
181,25.09 00:00,101.278
181,25.09 01:00,99.894
181,25.09 02:00,101.84
181,25.09 03:00,82.196
181,25.09 04:00,85.143
181,25.09 05:00,86.651
181,25.09 06:00,91.351
181,25.09 07:00,83.003
181,25.09 08:00,87.443
181,25.09 09:00,96.448
181,25.09 10:00,84.529
181,25.09 11:00,101.441
181,25.09 12:00,99.077
181,25.09 13:00,97.976
181,25.09 14:00,99.042
181,25.09 15:00,96.085
181,25.09 16:00,109.436
181,25.09 17:00,116.613
181,25.09 18:00,119.981
181,25.09 19:00,115.48
181,25.09 20:00,117.725
181,25.09 21:00,117.679
181,25.09 22:00,119.048
181,25.09 23:00,116.935
181,26.09 00:00,138.413
181,26.09 01:00,120.328
181,26.09 02:00,119.814
181,26.09 03:00,101.095
181,26.09 04:00,87.669
181,26.09 05:00,90.115
181,26.09 06:00,102.195
181,26.09 07:00,98.902
181,26.09 08:00,100.548
181,26.09 09:00,100.233
181,26.09 10:00,88.286
181,26.09 11:00,95.782
181,26.09 12:00,120.39
181,26.09 13:00,132.323
181,26.09 14:00,140.375
181,26.09 15:00,137.288
181,26.09 16:00,137.976
181,26.09 17:00,132.576
181,26.09 18:00,131.6
181,26.09 19:00,131.863
181,26.09 20:00,132.88
181,26.09 21:00,134.671
181,26.09 22:00,122.921
181,26.09 23:00,120.859
181,27.09 00:00,123.595
181,27.09 01:00,122.767
181,27.09 02:00,125.058
181,27.09 03:00,102.3
181,27.09 04:00,101.756
181,27.09 05:00,94.089
181,27.09 06:00,102.786
181,27.09 07:00,102.485
181,27.09 08:00,103.095
181,27.09 09:00,100.881
181,27.09 10:00,93.433
181,27.09 11:00,105.544
181,27.09 12:00,131.311
181,27.09 13:00,139.736
181,27.09 14:00,139.115
181,27.09 15:00,139.561
181,27.09 16:00,139.167
181,27.09 17:00,138.591
181,27.09 18:00,138.536
181,27.09 19:00,139.112
181,27.09 20:00,140.821
181,27.09 21:00,138.401
181,27.09 22:00,132.852
181,27.09 23:00,130.273
181,28.09 00:00,133.56
181,28.09 01:00,140.099
181,28.09 02:00,131.028
181,28.09 03:00,108.187
181,28.09 04:00,98.463
181,28.09 05:00,96.726
181,28.09 06:00,103.417
181,28.09 07:00,104.2
181,28.09 08:00,107.395
181,28.09 09:00,97.996
181,28.09 10:00,100.876
181,28.09 11:00,111.742
181,28.09 12:00,132.396
181,28.09 13:00,137.657
181,28.09 14:00,139.339
181,28.09 15:00,161.135
181,28.09 16:00,139.927
181,28.09 17:00,144.575
181,28.09 18:00,137.782
181,28.09 19:00,143.73
181,28.09 20:00,142.448
181,28.09 21:00,137.415
181,28.09 22:00,133.846
181,28.09 23:00,130.928
181,29.09 00:00,138.524
181,29.09 01:00,135.417
181,29.09 02:00,131.225
181,29.09 03:00,107.939
181,29.09 04:00,93.718
181,29.09 05:00,103.591
181,29.09 06:00,101.97
181,29.09 07:00,101.783
181,29.09 08:00,105.517
181,29.09 09:00,99.033
181,29.09 10:00,91.801
181,29.09 11:00,108.352
181,29.09 12:00,139.023
181,29.09 13:00,142.92
181,29.09 14:00,158.653
181,29.09 15:00,136.167
181,29.09 16:00,139.762
181,29.09 17:00,142.931
181,29.09 18:00,136.081
181,29.09 19:00,138.314
181,29.09 20:00,138.86
181,29.09 21:00,137.034
181,29.09 22:00,123.143
181,29.09 23:00,124.294
181,30.09 00:00,129.231
181,30.09 01:00,123.088
181,30.09 02:00,123.083
181,30.09 03:00,96.909
181,30.09 04:00,90.056
181,30.09 05:00,84.996
181,30.09 06:00,112.607
181,30.09 07:00,102.058
181,30.09 08:00,102.728
181,30.09 09:00,93.957
181,30.09 10:00,88.538
181,30.09 11:00,100.742
181,30.09 12:00,132.04
181,30.09 13:00,131.843
181,30.09 14:00,131.656
181,30.09 15:00,129.679
181,30.09 16:00,136.017
181,30.09 17:00,130.479
181,30.09 18:00,129.905
181,30.09 19:00,127.429
181,30.09 20:00,129.718
181,30.09 21:00,123.249
181,30.09 22:00,111.056
181,30.09 23:00,98.427
