196,01.03 00:00,76.892
196,01.03 01:00,62.863
196,01.03 02:00,85.576
196,01.03 03:00,62.285
196,01.03 04:00,109.827
196,01.03 05:00,85.356
196,01.03 06:00,76.757
196,01.03 07:00,65.195
196,01.03 08:00,97.752
196,01.03 09:00,88.151
196,01.03 10:00,112.539
196,01.03 11:00,72.942
196,01.03 12:00,52.929
196,01.03 13:00,77.086
196,01.03 14:00,57.187
196,01.03 15:00,77.345
196,01.03 16:00,65.75
196,01.03 17:00,56.162
196,01.03 18:00,68.318
196,01.03 19:00,93.122
196,01.03 20:00,80.903
196,01.03 21:00,79.853
196,01.03 22:00,81.156
196,01.03 23:00,80.234
196,02.03 00:00,52.93
196,02.03 01:00,74.143
196,02.03 02:00,73.946
196,02.03 03:00,77.308
196,02.03 04:00,87.741
196,02.03 05:00,76.268
196,02.03 06:00,77.225
196,02.03 07:00,85.086
196,02.03 08:00,85.351
196,02.03 09:00,75.646
196,02.03 10:00,77.304
196,02.03 11:00,88.197
196,02.03 12:00,67.676
196,02.03 13:00,65.145
196,02.03 14:00,92.336
196,02.03 15:00,80.201
196,02.03 16:00,76.758
196,02.03 17:00,67.859
196,02.03 18:00,77.163
196,02.03 19:00,80.216
196,02.03 20:00,76.643
196,02.03 21:00,80.316
196,02.03 22:00,55.938
196,02.03 23:00,65.081
196,03.03 00:00,49.014
196,03.03 01:00,56.754
196,03.03 02:00,60.888
196,03.03 03:00,85.384
196,03.03 04:00,72.737
196,03.03 05:00,109.322
196,03.03 06:00,97.384
196,03.03 07:00,80.244
196,03.03 08:00,67.902
196,03.03 09:00,73.119
196,03.03 10:00,73.106
196,03.03 11:00,84.881
196,03.03 12:00,52.912
196,03.03 13:00,66.516
196,03.03 14:00,77.244
196,03.03 15:00,65.064
196,03.03 16:00,76.903
196,03.03 17:00,77.076
196,03.03 18:00,77.358
196,03.03 19:00,76.946
196,03.03 20:00,89.188
196,03.03 21:00,64.894
196,03.03 22:00,89.122
196,03.03 23:00,68.671
196,04.03 00:00,62.132
196,04.03 01:00,73.765
196,04.03 02:00,99.472
196,04.03 03:00,85.316
196,04.03 04:00,72.92
196,04.03 05:00,73.027
196,04.03 06:00,62.004
196,04.03 07:00,81.201
196,04.03 08:00,73.252
196,04.03 09:00,60.929
196,04.03 10:00,73.226
196,04.03 11:00,67.874
196,04.03 12:00,64.939
196,04.03 13:00,64.838
196,04.03 14:00,77.214
196,04.03 15:00,72.269
196,04.03 16:00,65.149
196,04.03 17:00,72.258
196,04.03 18:00,76.662
196,04.03 19:00,49.003
196,04.03 20:00,76.659
196,04.03 21:00,77.168
196,04.03 22:00,88.995
196,04.03 23:00,76.881
196,05.03 00:00,60.886
196,05.03 01:00,61.093
196,05.03 02:00,62.417
196,05.03 03:00,61.035
196,05.03 04:00,80.699
196,05.03 05:00,85.167
196,05.03 06:00,61.07
196,05.03 07:00,72.896
196,05.03 08:00,73.055
196,05.03 09:00,73.237
196,05.03 10:00,84.906
196,05.03 11:00,72.906
196,05.03 12:00,65.112
196,05.03 13:00,52.941
196,05.03 14:00,76.754
196,05.03 15:00,64.711
196,05.03 16:00,52.796
196,05.03 17:00,53.143
196,05.03 18:00,50.87
196,05.03 19:00,65.317
196,05.03 20:00,52.911
196,05.03 21:00,52.827
196,05.03 22:00,65.146
196,05.03 23:00,100.69
196,06.03 00:00,61.861
196,06.03 01:00,74.021
196,06.03 02:00,92.684
196,06.03 03:00,86.052
196,06.03 04:00,74.743
196,06.03 05:00,73.12
196,06.03 06:00,62.145
196,06.03 07:00,73.781
196,06.03 08:00,62.11
196,06.03 09:00,72.883
196,06.03 10:00,73.024
196,06.03 11:00,60.734
196,06.03 12:00,65.209
196,06.03 13:00,89.369
196,06.03 14:00,101.086
196,06.03 15:00,77.129
196,06.03 16:00,83.896
196,06.03 17:00,89.304
196,06.03 18:00,100.883
196,06.03 19:00,88.716
196,06.03 20:00,89.047
196,06.03 21:00,92.524
196,06.03 22:00,89.026
196,06.03 23:00,76.648
196,07.03 00:00,73.803
196,07.03 01:00,49.971
196,07.03 02:00,61.933
196,07.03 03:00,61.128
196,07.03 04:00,72.857
196,07.03 05:00,62.19
196,07.03 06:00,61.076
196,07.03 07:00,49.133
196,07.03 08:00,72.712
196,07.03 09:00,60.823
196,07.03 10:00,60.737
196,07.03 11:00,73.263
196,07.03 12:00,52.767
196,07.03 13:00,77.169
196,07.03 14:00,59.771
196,07.03 15:00,64.954
196,07.03 16:00,77.183
196,07.03 17:00,78.258
196,07.03 18:00,77.059
196,07.03 19:00,75.853
196,07.03 20:00,76.999
196,07.03 21:00,89.194
196,07.03 22:00,80.236
196,07.03 23:00,79.764
196,08.03 00:00,50.957
196,08.03 01:00,51.824
196,08.03 02:00,52.084
196,08.03 03:00,51.063
196,08.03 04:00,73.946
196,08.03 05:00,77.963
196,08.03 06:00,75.817
196,08.03 07:00,99.968
196,08.03 08:00,97.574
196,08.03 09:00,73.916
196,08.03 10:00,51.898
196,08.03 11:00,62.133
196,08.03 12:00,91.665
196,08.03 13:00,68.127
196,08.03 14:00,79.707
196,08.03 15:00,68.956
196,08.03 16:00,81.351
196,08.03 17:00,81.129
196,08.03 18:00,68.959
196,08.03 19:00,80.127
196,08.03 20:00,77.779
196,08.03 21:00,66.696
196,08.03 22:00,68.061
196,08.03 23:00,93.394
196,09.03 00:00,66.198
196,09.03 01:00,65.062
196,09.03 02:00,76.719
196,09.03 03:00,74.919
196,09.03 04:00,88.797
196,09.03 05:00,90.325
196,09.03 06:00,85.659
196,09.03 07:00,90.144
196,09.03 08:00,88.757
196,09.03 09:00,89.044
196,09.03 10:00,88.877
196,09.03 11:00,88.259
196,09.03 12:00,67.839
196,09.03 13:00,91.719
196,09.03 14:00,81.046
196,09.03 15:00,56.859
196,09.03 16:00,92.14
196,09.03 17:00,66.22
196,09.03 18:00,69.152
196,09.03 19:00,66.713
196,09.03 20:00,68.122
196,09.03 21:00,0.0
196,09.03 22:00,56.734
196,09.03 23:00,80.104
196,10.03 00:00,87.114
196,10.03 01:00,86.137
196,10.03 02:00,74.088
196,10.03 03:00,63.236
196,10.03 04:00,85.691
196,10.03 05:00,89.31
196,10.03 06:00,89.676
196,10.03 07:00,89.927
196,10.03 08:00,89.31
196,10.03 09:00,74.191
196,10.03 10:00,65.868
196,10.03 11:00,100.908
196,10.03 12:00,92.332
196,10.03 13:00,55.828
196,10.03 14:00,80.068
196,10.03 15:00,69.142
196,10.03 16:00,79.965
196,10.03 17:00,67.715
196,10.03 18:00,81.373
196,10.03 19:00,81.157
196,10.03 20:00,67.839
196,10.03 21:00,57.187
196,10.03 22:00,65.955
196,10.03 23:00,80.106
196,11.03 00:00,89.999
196,11.03 01:00,66.049
196,11.03 02:00,88.854
196,11.03 03:00,101.488
196,11.03 04:00,88.58
196,11.03 05:00,100.799
196,11.03 06:00,102.434
196,11.03 07:00,102.056
196,11.03 08:00,97.56
196,11.03 09:00,101.251
196,11.03 10:00,89.23
196,11.03 11:00,126.067
196,11.03 12:00,92.317
196,11.03 13:00,103.809
196,11.03 14:00,104.501
196,11.03 15:00,103.99
196,11.03 16:00,68.004
196,11.03 17:00,92.215
196,11.03 18:00,79.643
196,11.03 19:00,93.38
196,11.03 20:00,81.199
196,11.03 21:00,92.38
196,11.03 22:00,93.419
196,11.03 23:00,80.774
196,12.03 00:00,64.694
196,12.03 01:00,65.726
196,12.03 02:00,77.043
196,12.03 03:00,65.703
196,12.03 04:00,89.078
196,12.03 05:00,74.974
196,12.03 06:00,76.773
196,12.03 07:00,77.661
196,12.03 08:00,89.309
196,12.03 09:00,64.941
196,12.03 10:00,78.249
196,12.03 11:00,77.216
196,12.03 12:00,79.646
196,12.03 13:00,68.945
196,12.03 14:00,81.177
196,12.03 15:00,76.758
196,12.03 16:00,81.128
196,12.03 17:00,92.375
196,12.03 18:00,68.784
196,12.03 19:00,80.043
196,12.03 20:00,76.661
196,12.03 21:00,69.289
196,12.03 22:00,79.929
196,12.03 23:00,104.438
196,13.03 00:00,78.129
196,13.03 01:00,77.249
196,13.03 02:00,74.04
196,13.03 03:00,90.009
196,13.03 04:00,112.789
196,13.03 05:00,101.855
196,13.03 06:00,88.787
196,13.03 07:00,77.956
196,13.03 08:00,65.116
196,13.03 09:00,62.849
196,13.03 10:00,77.092
196,13.03 11:00,89.113
196,13.03 12:00,80.136
196,13.03 13:00,116.1
196,13.03 14:00,104.198
196,13.03 15:00,105.026
196,13.03 16:00,151.416
196,13.03 17:00,117.203
196,13.03 18:00,126.062
196,13.03 19:00,115.737
196,13.03 20:00,116.546
196,13.03 21:00,128.402
196,13.03 22:00,116.778
196,13.03 23:00,90.19
196,14.03 00:00,64.284
196,14.03 01:00,73.688
196,14.03 02:00,77.099
196,14.03 03:00,62.066
196,14.03 04:00,88.07
196,14.03 05:00,92.31
196,14.03 06:00,73.834
196,14.03 07:00,100.091
196,14.03 08:00,76.952
196,14.03 09:00,98.16
196,14.03 10:00,87.972
196,14.03 11:00,65.161
196,14.03 12:00,69.091
196,14.03 13:00,64.821
196,14.03 14:00,67.917
196,14.03 15:00,79.646
196,14.03 16:00,79.734
196,14.03 17:00,76.826
196,14.03 18:00,79.971
196,14.03 19:00,92.825
196,14.03 20:00,57.269
196,14.03 21:00,68.249
196,14.03 22:00,92.777
196,14.03 23:00,65.317
196,15.03 00:00,63.882
196,15.03 01:00,52.242
196,15.03 02:00,51.99
196,15.03 03:00,87.969
196,15.03 04:00,84.602
196,15.03 05:00,73.846
196,15.03 06:00,75.677
196,15.03 07:00,88.138
196,15.03 08:00,75.81
196,15.03 09:00,124.457
196,15.03 10:00,98.324
196,15.03 11:00,50.977
196,15.03 12:00,92.257
196,15.03 13:00,68.022
196,15.03 14:00,79.863
196,15.03 15:00,55.875
196,15.03 16:00,77.345
196,15.03 17:00,65.71
196,15.03 18:00,88.673
196,15.03 19:00,65.294
196,15.03 20:00,64.992
196,15.03 21:00,80.635
196,15.03 22:00,68.989
196,15.03 23:00,67.866
196,16.03 00:00,65.052
196,16.03 01:00,98.26
196,16.03 02:00,112.447
196,16.03 03:00,76.619
196,16.03 04:00,74.921
196,16.03 05:00,101.427
196,16.03 06:00,75.858
196,16.03 07:00,76.248
196,16.03 08:00,90.354
196,16.03 09:00,88.305
196,16.03 10:00,77.009
196,16.03 11:00,49.998
196,16.03 12:00,92.285
196,16.03 13:00,95.879
196,16.03 14:00,67.744
196,16.03 15:00,81.076
196,16.03 16:00,78.327
196,16.03 17:00,68.654
196,16.03 18:00,80.6
196,16.03 19:00,79.932
196,16.03 20:00,81.343
196,16.03 21:00,68.273
196,16.03 22:00,103.141
196,16.03 23:00,80.993
196,17.03 00:00,64.87
196,17.03 01:00,101.857
196,17.03 02:00,88.89
196,17.03 03:00,65.936
196,17.03 04:00,89.958
196,17.03 05:00,76.762
196,17.03 06:00,66.126
196,17.03 07:00,85.729
196,17.03 08:00,78.104
196,17.03 09:00,88.694
196,17.03 10:00,90.151
196,17.03 11:00,101.436
196,17.03 12:00,80.314
196,17.03 13:00,80.146
196,17.03 14:00,69.077
196,17.03 15:00,80.174
196,17.03 16:00,68.924
196,17.03 17:00,69.173
196,17.03 18:00,67.97
196,17.03 19:00,81.053
196,17.03 20:00,80.335
196,17.03 21:00,56.046
196,17.03 22:00,68.038
196,17.03 23:00,67.783
196,18.03 00:00,89.615
196,18.03 01:00,85.954
196,18.03 02:00,78.242
196,18.03 03:00,76.676
196,18.03 04:00,76.889
196,18.03 05:00,78.197
196,18.03 06:00,89.396
196,18.03 07:00,76.7
196,18.03 08:00,101.468
196,18.03 09:00,86.341
196,18.03 10:00,76.889
196,18.03 11:00,62.27
196,18.03 12:00,67.801
196,18.03 13:00,69.32
196,18.03 14:00,67.786
196,18.03 15:00,68.735
196,18.03 16:00,68.0
196,18.03 17:00,68.219
196,18.03 18:00,68.996
196,18.03 19:00,80.385
196,18.03 20:00,80.789
196,18.03 21:00,68.066
196,18.03 22:00,80.887
196,18.03 23:00,80.029
196,19.03 00:00,63.076
196,19.03 01:00,78.37
196,19.03 02:00,64.954
196,19.03 03:00,64.962
196,19.03 04:00,90.13
196,19.03 05:00,88.649
196,19.03 06:00,89.076
196,19.03 07:00,73.799
196,19.03 08:00,77.133
196,19.03 09:00,88.683
196,19.03 10:00,84.892
196,19.03 11:00,64.133
196,19.03 12:00,103.742
196,19.03 13:00,103.691
196,19.03 14:00,92.166
196,19.03 15:00,78.192
196,19.03 16:00,76.816
196,19.03 17:00,77.237
196,19.03 18:00,79.989
196,19.03 19:00,92.383
196,19.03 20:00,91.618
196,19.03 21:00,76.943
196,19.03 22:00,77.141
196,19.03 23:00,77.032
196,20.03 00:00,76.647
196,20.03 01:00,87.591
196,20.03 02:00,74.07
196,20.03 03:00,72.733
196,20.03 04:00,85.298
196,20.03 05:00,97.023
196,20.03 06:00,63.702
196,20.03 07:00,61.109
196,20.03 08:00,48.975
196,20.03 09:00,84.598
196,20.03 10:00,75.854
196,20.03 11:00,87.708
196,20.03 12:00,77.363
196,20.03 13:00,77.342
196,20.03 14:00,76.873
196,20.03 15:00,103.837
196,20.03 16:00,76.837
196,20.03 17:00,88.553
196,20.03 18:00,77.965
196,20.03 19:00,89.398
196,20.03 20:00,88.774
196,20.03 21:00,66.29
196,20.03 22:00,65.137
196,20.03 23:00,76.776
196,21.03 00:00,61.22
196,21.03 01:00,75.648
196,21.03 02:00,60.764
196,21.03 03:00,74.059
196,21.03 04:00,71.859
196,21.03 05:00,48.949
196,21.03 06:00,62.139
196,21.03 07:00,61.962
196,21.03 08:00,48.785
196,21.03 09:00,76.331
196,21.03 10:00,73.639
196,21.03 11:00,97.387
196,21.03 12:00,53.178
196,21.03 13:00,66.247
196,21.03 14:00,78.04
196,21.03 15:00,65.081
196,21.03 16:00,72.2
196,21.03 17:00,81.088
196,21.03 18:00,77.298
196,21.03 19:00,74.75
196,21.03 20:00,76.924
196,21.03 21:00,53.019
196,21.03 22:00,53.242
196,21.03 23:00,52.773
196,22.03 00:00,75.668
196,22.03 01:00,62.603
196,22.03 02:00,64.12
196,22.03 03:00,96.358
196,22.03 04:00,99.858
196,22.03 05:00,86.218
196,22.03 06:00,74.257
196,22.03 07:00,62.255
196,22.03 08:00,61.118
196,22.03 09:00,72.982
196,22.03 10:00,74.216
196,22.03 11:00,84.666
196,22.03 12:00,65.015
196,22.03 13:00,75.239
196,22.03 14:00,65.109
196,22.03 15:00,52.842
196,22.03 16:00,79.761
196,22.03 17:00,65.25
196,22.03 18:00,79.951
196,22.03 19:00,54.137
196,22.03 20:00,88.642
196,22.03 21:00,76.691
196,22.03 22:00,77.316
196,22.03 23:00,76.648
196,23.03 00:00,0.997
196,23.03 01:00,1.005
196,23.03 02:00,1.004
196,23.03 03:00,1.004
196,23.03 04:00,1.002
196,23.03 05:00,0.999
196,23.03 06:00,0.995
196,23.03 07:00,0.999
196,23.03 08:00,0.999
196,23.03 09:00,1.003
196,23.03 10:00,97.632
196,23.03 11:00,64.063
196,23.03 12:00,69.048
196,23.03 13:00,68.129
196,23.03 14:00,81.076
196,23.03 15:00,54.665
196,23.03 16:00,68.245
196,23.03 17:00,79.606
196,23.03 18:00,67.9
196,23.03 19:00,57.267
196,23.03 20:00,80.994
196,23.03 21:00,92.196
196,23.03 22:00,69.219
196,23.03 23:00,69.024
196,24.03 00:00,62.775
196,24.03 01:00,77.023
196,24.03 02:00,62.955
196,24.03 03:00,77.068
196,24.03 04:00,78.006
196,24.03 05:00,88.885
196,24.03 06:00,88.764
196,24.03 07:00,77.108
196,24.03 08:00,64.911
196,24.03 09:00,89.306
196,24.03 10:00,65.266
196,24.03 11:00,65.283
196,24.03 12:00,80.016
196,24.03 13:00,68.853
196,24.03 14:00,80.372
196,24.03 15:00,80.655
196,24.03 16:00,79.815
196,24.03 17:00,78.382
196,24.03 18:00,69.336
196,24.03 19:00,79.809
196,24.03 20:00,68.976
196,24.03 21:00,80.058
196,24.03 22:00,68.682
196,24.03 23:00,92.143
196,25.03 00:00,74.73
196,25.03 01:00,100.84
196,25.03 02:00,76.856
196,25.03 03:00,77.089
196,25.03 04:00,78.249
196,25.03 05:00,77.165
196,25.03 06:00,88.728
196,25.03 07:00,89.569
196,25.03 08:00,88.68
196,25.03 09:00,76.778
196,25.03 10:00,66.161
196,25.03 11:00,52.905
196,25.03 12:00,67.832
196,25.03 13:00,79.971
196,25.03 14:00,68.822
196,25.03 15:00,67.816
196,25.03 16:00,68.148
196,25.03 17:00,79.657
196,25.03 18:00,80.875
196,25.03 19:00,67.759
196,25.03 20:00,68.831
196,25.03 21:00,80.305
196,25.03 22:00,80.879
196,25.03 23:00,66.238
196,26.03 00:00,66.074
196,26.03 01:00,64.884
196,26.03 02:00,64.832
196,26.03 03:00,65.847
196,26.03 04:00,88.574
196,26.03 05:00,77.04
196,26.03 06:00,77.106
196,26.03 07:00,86.377
196,26.03 08:00,77.672
196,26.03 09:00,85.655
196,26.03 10:00,76.882
196,26.03 11:00,65.13
196,26.03 12:00,52.763
196,26.03 13:00,79.687
196,26.03 14:00,80.075
196,26.03 15:00,55.816
196,26.03 16:00,77.218
196,26.03 17:00,68.323
196,26.03 18:00,80.811
196,26.03 19:00,80.243
196,26.03 20:00,67.793
196,26.03 21:00,69.149
196,26.03 22:00,80.332
196,26.03 23:00,91.915
196,27.03 00:00,77.151
196,27.03 01:00,85.859
196,27.03 02:00,76.9
196,27.03 03:00,78.235
196,27.03 04:00,65.237
196,27.03 05:00,73.869
196,27.03 06:00,78.048
196,27.03 07:00,89.881
196,27.03 08:00,78.014
196,27.03 09:00,73.95
196,27.03 10:00,77.127
196,27.03 11:00,77.176
196,27.03 12:00,80.11
196,27.03 13:00,76.686
196,27.03 14:00,89.008
196,27.03 15:00,103.913
196,27.03 16:00,92.87
196,27.03 17:00,81.351
196,27.03 18:00,89.431
196,27.03 19:00,91.876
196,27.03 20:00,105.453
196,27.03 21:00,93.288
196,27.03 22:00,92.138
196,27.03 23:00,101.097
196,28.03 00:00,76.844
196,28.03 01:00,78.251
196,28.03 02:00,77.222
196,28.03 03:00,76.843
196,28.03 04:00,74.084
196,28.03 05:00,98.677
196,28.03 06:00,89.23
196,28.03 07:00,88.955
196,28.03 08:00,88.781
196,28.03 09:00,89.428
196,28.03 10:00,88.681
196,28.03 11:00,62.226
196,28.03 12:00,66.022
196,28.03 13:00,68.86
196,28.03 14:00,81.232
196,28.03 15:00,80.225
196,28.03 16:00,77.64
196,28.03 17:00,80.248
196,28.03 18:00,80.144
196,28.03 19:00,55.938
196,28.03 20:00,80.714
196,28.03 21:00,80.23
196,28.03 22:00,64.977
196,28.03 23:00,68.729
196,29.03 00:00,53.933
196,29.03 01:00,65.667
196,29.03 02:00,78.319
196,29.03 03:00,89.813
196,29.03 04:00,75.129
196,29.03 05:00,65.06
196,29.03 06:00,76.685
196,29.03 07:00,74.239
196,29.03 08:00,64.792
196,29.03 09:00,99.793
196,29.03 10:00,89.929
196,29.03 11:00,73.884
196,29.03 12:00,76.968
196,29.03 13:00,79.611
196,29.03 14:00,68.017
196,29.03 15:00,88.713
196,29.03 16:00,80.066
196,29.03 17:00,67.675
196,29.03 18:00,103.771
196,29.03 19:00,65.138
196,29.03 20:00,81.178
196,29.03 21:00,80.308
196,29.03 22:00,80.991
196,29.03 23:00,80.075
196,30.03 00:00,66.144
196,30.03 01:00,65.273
196,30.03 02:00,64.992
196,30.03 03:00,73.694
196,30.03 04:00,52.868
196,30.03 05:00,78.032
196,30.03 06:00,88.716
196,30.03 07:00,64.997
196,30.03 08:00,86.706
196,30.03 09:00,86.384
196,30.03 10:00,77.15
196,30.03 11:00,68.282
196,30.03 12:00,69.213
196,30.03 13:00,77.628
196,30.03 14:00,65.297
196,30.03 15:00,79.944
196,30.03 16:00,55.778
196,30.03 17:00,93.18
196,30.03 18:00,67.692
196,30.03 19:00,76.113
196,30.03 20:00,92.416
196,30.03 21:00,79.61
196,30.03 22:00,80.29
196,30.03 23:00,66.203
196,31.03 00:00,52.913
196,31.03 01:00,77.735
196,31.03 02:00,62.119
196,31.03 03:00,64.728
196,31.03 04:00,77.138
196,31.03 05:00,66.015
196,31.03 06:00,64.941
196,31.03 07:00,77.174
196,31.03 08:00,76.706
196,31.03 09:00,75.351
196,31.03 10:00,88.975
196,31.03 11:00,56.035
196,31.03 12:00,77.293
196,31.03 13:00,80.133
196,31.03 14:00,79.644
196,31.03 15:00,78.291
196,31.03 16:00,79.732
196,31.03 17:00,79.694
196,31.03 18:00,68.282
196,31.03 19:00,53.741
196,31.03 20:00,68.838
196,31.03 21:00,68.141
196,31.03 22:00,80.599
196,31.03 23:00,68.909
196,01.04 00:00,77.976
196,01.04 01:00,88.728
196,01.04 02:00,90.111
196,01.04 03:00,114.462
196,01.04 04:00,101.667
196,01.04 05:00,100.983
196,01.04 06:00,112.865
196,01.04 07:00,125.511
196,01.04 08:00,113.122
196,01.04 09:00,85.511
196,01.04 10:00,102.261
196,01.04 11:00,76.69
196,01.04 12:00,68.874
196,01.04 13:00,68.017
196,01.04 14:00,68.114
196,01.04 15:00,81.137
196,01.04 16:00,91.786
196,01.04 17:00,79.731
196,01.04 18:00,80.3
196,01.04 19:00,80.834
196,01.04 20:00,69.159
196,01.04 21:00,79.799
196,01.04 22:00,65.739
196,01.04 23:00,80.591
196,02.04 00:00,52.818
196,02.04 01:00,65.211
196,02.04 02:00,89.758
196,02.04 03:00,88.921
196,02.04 04:00,77.082
196,02.04 05:00,90.301
196,02.04 06:00,89.752
196,02.04 07:00,77.308
196,02.04 08:00,66.042
196,02.04 09:00,77.614
196,02.04 10:00,65.293
196,02.04 11:00,78.358
196,02.04 12:00,68.1
196,02.04 13:00,67.931
196,02.04 14:00,68.648
196,02.04 15:00,69.254
196,02.04 16:00,80.053
196,02.04 17:00,67.984
196,02.04 18:00,67.871
196,02.04 19:00,67.735
196,02.04 20:00,79.909
196,02.04 21:00,80.096
196,02.04 22:00,80.228
196,02.04 23:00,81.201
196,03.04 00:00,77.846
196,03.04 01:00,89.96
196,03.04 02:00,77.786
196,03.04 03:00,77.371
196,03.04 04:00,76.037
196,03.04 05:00,87.938
196,03.04 06:00,87.765
196,03.04 07:00,75.797
196,03.04 08:00,88.219
196,03.04 09:00,88.723
196,03.04 10:00,99.613
196,03.04 11:00,88.853
196,03.04 12:00,64.847
196,03.04 13:00,79.735
196,03.04 14:00,68.136
196,03.04 15:00,80.228
196,03.04 16:00,79.9
196,03.04 17:00,67.786
196,03.04 18:00,67.982
196,03.04 19:00,81.02
196,03.04 20:00,67.762
196,03.04 21:00,92.043
196,03.04 22:00,93.048
196,03.04 23:00,67.662
196,04.04 00:00,75.748
196,04.04 01:00,78.166
196,04.04 02:00,76.63
196,04.04 03:00,89.344
196,04.04 04:00,75.742
196,04.04 05:00,77.186
196,04.04 06:00,73.96
196,04.04 07:00,77.038
196,04.04 08:00,88.755
196,04.04 09:00,64.97
196,04.04 10:00,89.369
196,04.04 11:00,88.86
196,04.04 12:00,79.83
196,04.04 13:00,91.984
196,04.04 14:00,68.331
196,04.04 15:00,68.26
196,04.04 16:00,92.281
196,04.04 17:00,80.913
196,04.04 18:00,80.388
196,04.04 19:00,68.176
196,04.04 20:00,68.179
196,04.04 21:00,81.348
196,04.04 22:00,80.757
196,04.04 23:00,80.143
196,05.04 00:00,76.782
196,05.04 01:00,65.837
196,05.04 02:00,73.958
196,05.04 03:00,76.974
196,05.04 04:00,90.322
196,05.04 05:00,64.946
196,05.04 06:00,74.584
196,05.04 07:00,88.858
196,05.04 08:00,73.633
196,05.04 09:00,88.77
196,05.04 10:00,88.767
196,05.04 11:00,80.16
196,05.04 12:00,64.901
196,05.04 13:00,79.845
196,05.04 14:00,68.245
196,05.04 15:00,79.903
196,05.04 16:00,88.673
196,05.04 17:00,79.672
196,05.04 18:00,68.255
196,05.04 19:00,57.142
196,05.04 20:00,67.919
196,05.04 21:00,67.764
196,05.04 22:00,77.249
196,05.04 23:00,77.375
196,06.04 00:00,75.891
196,06.04 01:00,74.085
196,06.04 02:00,61.741
196,06.04 03:00,89.302
196,06.04 04:00,75.728
196,06.04 05:00,86.067
196,06.04 06:00,86.033
196,06.04 07:00,73.866
196,06.04 08:00,98.334
196,06.04 09:00,86.378
196,06.04 10:00,73.637
196,06.04 11:00,73.343
196,06.04 12:00,77.052
196,06.04 13:00,56.158
196,06.04 14:00,55.786
196,06.04 15:00,63.052
196,06.04 16:00,88.696
196,06.04 17:00,55.992
196,06.04 18:00,66.048
196,06.04 19:00,79.949
196,06.04 20:00,79.645
196,06.04 21:00,79.962
196,06.04 22:00,67.88
196,06.04 23:00,77.247
196,07.04 00:00,73.812
196,07.04 01:00,61.771
196,07.04 02:00,77.778
196,07.04 03:00,88.966
196,07.04 04:00,77.295
196,07.04 05:00,77.019
196,07.04 06:00,76.639
196,07.04 07:00,86.383
196,07.04 08:00,50.21
196,07.04 09:00,76.904
196,07.04 10:00,77.167
196,07.04 11:00,74.06
196,07.04 12:00,52.15
196,07.04 13:00,81.196
196,07.04 14:00,77.037
196,07.04 15:00,80.151
196,07.04 16:00,53.249
196,07.04 17:00,48.967
196,07.04 18:00,56.07
196,07.04 19:00,80.874
196,07.04 20:00,65.117
196,07.04 21:00,78.334
196,07.04 22:00,68.068
196,07.04 23:00,68.198
196,08.04 00:00,89.318
196,08.04 01:00,77.177
196,08.04 02:00,88.157
196,08.04 03:00,86.062
196,08.04 04:00,99.629
196,08.04 05:00,85.901
196,08.04 06:00,99.985
196,08.04 07:00,90.117
196,08.04 08:00,61.976
196,08.04 09:00,72.909
196,08.04 10:00,75.938
196,08.04 11:00,76.654
196,08.04 12:00,77.375
196,08.04 13:00,67.814
196,08.04 14:00,76.686
196,08.04 15:00,86.714
196,08.04 16:00,60.78
196,08.04 17:00,101.349
196,08.04 18:00,81.073
196,08.04 19:00,80.069
196,08.04 20:00,77.315
196,08.04 21:00,56.237
196,08.04 22:00,80.832
196,08.04 23:00,67.709
196,09.04 00:00,77.329
196,09.04 01:00,78.347
196,09.04 02:00,101.467
196,09.04 03:00,90.284
196,09.04 04:00,74.088
196,09.04 05:00,99.158
196,09.04 06:00,77.053
196,09.04 07:00,89.161
196,09.04 08:00,63.986
196,09.04 09:00,65.232
196,09.04 10:00,73.686
196,09.04 11:00,56.144
196,09.04 12:00,76.817
196,09.04 13:00,67.954
196,09.04 14:00,80.271
196,09.04 15:00,80.328
196,09.04 16:00,87.215
196,09.04 17:00,68.09
196,09.04 18:00,67.772
196,09.04 19:00,79.938
196,09.04 20:00,67.874
196,09.04 21:00,65.211
196,09.04 22:00,89.279
196,09.04 23:00,88.576
196,10.04 00:00,86.302
196,10.04 01:00,73.942
196,10.04 02:00,74.191
196,10.04 03:00,76.192
196,10.04 04:00,63.767
196,10.04 05:00,73.938
196,10.04 06:00,73.666
196,10.04 07:00,73.916
196,10.04 08:00,74.229
196,10.04 09:00,60.697
196,10.04 10:00,74.187
196,10.04 11:00,77.011
196,10.04 12:00,77.165
196,10.04 13:00,65.131
196,10.04 14:00,77.126
196,10.04 15:00,77.291
196,10.04 16:00,78.261
196,10.04 17:00,77.035
196,10.04 18:00,76.966
196,10.04 19:00,79.849
196,10.04 20:00,77.745
196,10.04 21:00,80.845
196,10.04 22:00,75.319
196,10.04 23:00,77.153
196,11.04 00:00,75.752
196,11.04 01:00,74.692
196,11.04 02:00,62.267
196,11.04 03:00,76.192
196,11.04 04:00,62.079
196,11.04 05:00,75.903
196,11.04 06:00,65.273
196,11.04 07:00,76.853
196,11.04 08:00,61.847
196,11.04 09:00,65.087
196,11.04 10:00,76.084
196,11.04 11:00,69.306
196,11.04 12:00,79.735
196,11.04 13:00,66.147
196,11.04 14:00,78.264
196,11.04 15:00,77.056
196,11.04 16:00,80.348
196,11.04 17:00,104.031
196,11.04 18:00,81.164
196,11.04 19:00,69.22
196,11.04 20:00,91.623
196,11.04 21:00,67.93
196,11.04 22:00,67.987
196,11.04 23:00,93.208
196,12.04 00:00,77.02
196,12.04 01:00,76.939
196,12.04 02:00,102.029
196,12.04 03:00,101.376
196,12.04 04:00,89.05
196,12.04 05:00,88.916
196,12.04 06:00,101.923
196,12.04 07:00,102.093
196,12.04 08:00,113.238
196,12.04 09:00,100.989
196,12.04 10:00,102.438
196,12.04 11:00,88.708
196,12.04 12:00,80.027
196,12.04 13:00,79.662
196,12.04 14:00,92.028
196,12.04 15:00,91.61
196,12.04 16:00,80.848
196,12.04 18:00,69.063
196,12.04 19:00,79.819
196,12.04 20:00,68.842
196,12.04 21:00,68.98
196,12.04 22:00,91.624
196,12.04 23:00,81.188
196,13.04 00:00,89.374
196,13.04 01:00,76.818
196,13.04 02:00,89.956
196,13.04 03:00,85.688
196,13.04 04:00,102.367
196,13.04 05:00,77.242
196,13.04 06:00,89.037
196,13.04 07:00,85.85
196,13.04 08:00,86.018
196,13.04 09:00,73.867
196,13.04 10:00,98.508
196,13.04 11:00,79.77
196,13.04 12:00,81.056
196,13.04 13:00,67.85
196,13.04 14:00,104.29
196,13.04 15:00,80.042
196,13.04 16:00,68.002
196,13.04 17:00,81.3
196,13.04 18:00,79.8
196,13.04 19:00,80.625
196,13.04 20:00,88.853
196,13.04 21:00,88.655
196,13.04 22:00,92.598
196,13.04 23:00,68.973
196,14.04 00:00,78.278
196,14.04 01:00,101.043
196,14.04 02:00,78.34
196,14.04 03:00,76.975
196,14.04 04:00,101.16
196,14.04 05:00,77.373
196,14.04 06:00,89.856
196,14.04 07:00,98.582
196,14.04 08:00,85.909
196,14.04 09:00,52.874
196,14.04 10:00,88.684
196,14.04 11:00,64.963
196,14.04 12:00,65.212
196,14.04 13:00,66.217
196,14.04 14:00,77.315
196,14.04 15:00,74.127
196,14.04 16:00,73.752
196,14.04 17:00,78.238
196,14.04 18:00,69.183
196,14.04 19:00,67.763
196,14.04 20:00,56.274
196,14.04 21:00,67.833
196,14.04 22:00,68.689
196,14.04 23:00,92.203
196,15.04 00:00,77.154
196,15.04 01:00,61.898
196,15.04 02:00,77.89
196,15.04 03:00,77.892
196,15.04 04:00,89.174
196,15.04 05:00,65.232
196,15.04 06:00,89.332
196,15.04 07:00,100.917
196,15.04 08:00,64.98
196,15.04 09:00,77.301
196,15.04 10:00,100.892
196,15.04 11:00,64.835
196,15.04 12:00,77.127
196,15.04 13:00,79.795
196,15.04 14:00,104.137
196,15.04 15:00,91.701
196,15.04 16:00,80.355
196,15.04 17:00,79.79
196,15.04 18:00,77.117
196,15.04 19:00,68.753
196,15.04 20:00,104.472
196,15.04 21:00,92.193
196,15.04 22:00,90.426
196,15.04 23:00,68.176
196,16.04 00:00,102.181
196,16.04 01:00,74.275
196,16.04 02:00,65.014
196,16.04 03:00,97.674
196,16.04 04:00,76.741
196,16.04 05:00,99.658
196,16.04 06:00,98.355
196,16.04 07:00,75.655
196,16.04 08:00,100.464
196,16.04 09:00,87.654
196,16.04 10:00,75.927
196,16.04 12:00,67.733
196,16.04 13:00,68.335
196,16.04 14:00,68.282
196,16.04 15:00,68.105
196,16.04 16:00,68.312
196,16.04 17:00,66.035
196,16.04 18:00,79.725
196,16.04 19:00,80.011
196,16.04 20:00,101.942
196,16.04 21:00,92.591
196,16.04 22:00,101.227
196,16.04 23:00,80.109
196,17.04 00:00,88.832
196,17.04 01:00,88.667
196,17.04 02:00,101.803
196,17.04 03:00,88.717
196,17.04 04:00,76.906
196,17.04 05:00,100.637
196,17.04 06:00,122.833
196,17.04 07:00,52.903
196,17.04 08:00,74.159
196,17.04 09:00,89.207
196,17.04 10:00,87.884
196,17.04 11:00,91.847
196,17.04 12:00,103.587
196,17.04 13:00,80.07
196,17.04 14:00,90.312
196,17.04 15:00,91.8
196,17.04 16:00,116.244
196,17.04 17:00,67.768
196,17.04 18:00,90.163
196,17.04 19:00,92.768
196,17.04 20:00,93.234
196,17.04 21:00,80.183
196,17.04 22:00,80.273
196,17.04 23:00,80.381
196,18.04 00:00,112.703
196,18.04 01:00,101.12
196,18.04 02:00,76.825
196,18.04 03:00,101.54
196,18.04 04:00,101.36
196,18.04 05:00,65.861
196,18.04 06:00,99.022
196,18.04 07:00,77.036
196,18.04 08:00,77.009
196,18.04 09:00,88.581
196,18.04 10:00,89.328
196,18.04 11:00,80.283
196,18.04 12:00,77.328
196,18.04 13:00,80.354
196,18.04 14:00,93.373
196,18.04 15:00,80.73
196,18.04 16:00,68.906
196,18.04 17:00,69.238
196,18.04 18:00,69.136
196,18.04 19:00,80.659
196,18.04 20:00,80.979
196,18.04 21:00,81.06
196,18.04 22:00,92.576
196,18.04 23:00,117.808
196,19.04 00:00,114.399
196,19.04 01:00,77.981
196,19.04 02:00,78.018
196,19.04 03:00,77.051
196,19.04 04:00,89.728
196,19.04 05:00,86.99
196,19.04 06:00,97.785
196,19.04 07:00,77.332
196,19.04 08:00,66.097
196,19.04 09:00,85.897
196,19.04 10:00,90.276
196,19.04 11:00,56.27
196,19.04 12:00,81.294
196,19.04 13:00,69.268
196,19.04 14:00,81.371
196,19.04 15:00,68.691
196,19.04 16:00,80.812
196,19.04 17:00,70.159
196,19.04 18:00,82.213
196,19.04 19:00,81.207
196,19.04 20:00,70.253
196,19.04 21:00,81.261
196,19.04 22:00,82.294
196,19.04 23:00,81.93
196,20.04 00:00,101.374
196,20.04 01:00,90.259
196,20.04 02:00,77.316
196,20.04 03:00,89.985
196,20.04 04:00,64.844
196,20.04 05:00,66.217
196,20.04 06:00,78.201
196,20.04 07:00,88.99
196,20.04 08:00,77.971
196,20.04 09:00,76.835
196,20.04 10:00,76.793
196,20.04 11:00,57.048
196,20.04 12:00,93.42
196,20.04 13:00,56.25
196,20.04 14:00,55.73
196,20.04 15:00,93.259
196,20.04 16:00,69.109
196,20.04 17:00,68.867
196,20.04 18:00,69.207
196,20.04 19:00,79.857
196,20.04 20:00,91.716
196,20.04 21:00,70.007
196,20.04 22:00,92.957
196,20.04 23:00,91.893
196,21.04 00:00,68.162
196,21.04 01:00,64.699
196,21.04 02:00,77.863
196,21.04 03:00,76.683
196,21.04 04:00,65.837
196,21.04 05:00,76.683
196,21.04 06:00,66.096
196,21.04 07:00,76.805
196,21.04 08:00,77.257
196,21.04 09:00,77.324
196,21.04 10:00,73.908
196,21.04 11:00,67.692
196,21.04 12:00,81.328
196,21.04 13:00,79.65
196,21.04 14:00,91.544
196,21.04 15:00,67.969
196,21.04 16:00,80.37
196,21.04 17:00,69.015
196,21.04 18:00,80.214
196,21.04 19:00,69.262
196,21.04 20:00,56.999
196,21.04 21:00,68.275
196,21.04 22:00,80.216
196,21.04 23:00,103.904
196,22.04 00:00,113.934
196,22.04 01:00,90.035
196,22.04 02:00,78.014
196,22.04 03:00,90.297
196,22.04 04:00,77.691
196,22.04 05:00,89.967
196,22.04 06:00,65.237
196,22.04 07:00,77.301
196,22.04 08:00,88.788
196,22.04 09:00,89.185
196,22.04 10:00,88.726
196,22.04 11:00,67.773
196,22.04 12:00,80.927
196,22.04 13:00,81.065
196,22.04 14:00,91.693
196,22.04 15:00,80.079
196,22.04 16:00,81.324
196,22.04 17:00,80.302
196,22.04 18:00,80.211
196,22.04 19:00,91.807
196,22.04 20:00,79.812
196,22.04 21:00,80.885
196,22.04 22:00,81.11
196,22.04 23:00,92.333
196,23.04 00:00,78.362
196,23.04 01:00,89.408
196,23.04 02:00,88.572
196,23.04 03:00,89.813
196,23.04 04:00,90.188
196,23.04 05:00,89.288
196,23.04 06:00,89.788
196,23.04 07:00,85.737
196,23.04 08:00,77.221
196,23.04 09:00,89.033
196,23.04 10:00,76.641
196,23.04 11:00,79.832
196,23.04 12:00,69.115
196,23.04 13:00,75.77
196,23.04 14:00,81.177
196,23.04 15:00,80.694
196,23.04 16:00,81.063
196,23.04 17:00,64.935
196,23.04 18:00,80.012
196,23.04 19:00,91.752
196,23.04 20:00,93.094
196,23.04 21:00,68.918
196,23.04 22:00,68.29
196,23.04 23:00,66.988
196,24.04 00:00,91.711
196,24.04 01:00,65.753
196,24.04 02:00,66.312
196,24.04 03:00,65.013
196,24.04 04:00,65.097
196,24.04 05:00,54.026
196,24.04 06:00,64.789
196,24.04 07:00,76.808
196,24.04 08:00,54.078
196,24.04 09:00,78.086
196,24.04 10:00,78.09
196,24.04 11:00,68.749
196,24.04 12:00,80.618
196,24.04 13:00,68.261
196,24.04 14:00,93.316
196,24.04 15:00,92.708
196,24.04 16:00,92.963
196,24.04 17:00,81.372
196,24.04 18:00,93.42
196,24.04 19:00,68.676
196,24.04 20:00,103.737
196,24.04 21:00,79.996
196,24.04 22:00,65.915
196,24.04 23:00,91.563
196,25.04 00:00,77.641
196,25.04 01:00,75.128
196,25.04 02:00,77.74
196,25.04 03:00,89.552
196,25.04 04:00,77.266
196,25.04 05:00,77.68
196,25.04 06:00,76.874
196,25.04 07:00,76.715
196,25.04 08:00,66.253
196,25.04 09:00,77.237
196,25.04 10:00,65.103
196,25.04 11:00,80.353
196,25.04 12:00,80.323
196,25.04 13:00,85.09
196,25.04 14:00,68.135
196,25.04 15:00,69.051
196,25.04 16:00,68.334
196,25.04 17:00,81.257
196,25.04 18:00,67.855
196,25.04 19:00,69.207
196,25.04 20:00,81.108
196,25.04 21:00,81.187
196,25.04 22:00,68.854
196,25.04 23:00,68.922
196,26.04 00:00,81.244
196,26.04 01:00,89.056
196,26.04 02:00,77.151
196,26.04 03:00,88.958
196,26.04 04:00,90.044
196,26.04 05:00,89.619
196,26.04 06:00,74.872
196,26.04 07:00,89.437
196,26.04 08:00,88.976
196,26.04 09:00,89.201
196,26.04 10:00,88.772
196,26.04 11:00,55.841
196,26.04 12:00,81.372
196,26.04 13:00,80.128
196,26.04 14:00,80.79
196,26.04 15:00,93.267
196,26.04 16:00,79.959
196,26.04 17:00,67.694
196,26.04 18:00,67.993
196,26.04 19:00,69.128
196,26.04 20:00,68.68
196,26.04 21:00,81.21
196,26.04 22:00,80.704
196,26.04 23:00,80.811
196,27.04 00:00,89.391
196,27.04 01:00,89.971
196,27.04 02:00,77.242
196,27.04 03:00,88.81
196,27.04 04:00,90.406
196,27.04 05:00,77.947
196,27.04 06:00,89.003
196,27.04 07:00,106.629
196,27.04 08:00,77.812
196,27.04 09:00,65.277
196,27.04 10:00,89.724
196,27.04 11:00,67.706
196,27.04 12:00,67.686
196,27.04 13:00,93.428
196,27.04 14:00,67.86
196,27.04 15:00,212.667
196,27.04 16:00,213.871
196,27.04 17:00,139.4
196,27.04 18:00,56.868
196,27.04 19:00,69.158
196,27.04 20:00,67.67
196,27.04 21:00,55.931
196,27.04 22:00,93.404
196,27.04 23:00,67.818
196,28.04 00:00,64.716
196,28.04 01:00,65.883
196,28.04 02:00,77.72
196,28.04 03:00,89.078
196,28.04 04:00,90.385
196,28.04 05:00,89.113
196,28.04 06:00,76.692
196,28.04 07:00,77.685
196,28.04 08:00,76.806
196,28.04 09:00,77.106
196,28.04 10:00,89.287
196,28.04 11:00,49.77
196,28.04 12:00,81.111
196,28.04 13:00,68.106
196,28.04 14:00,67.815
196,28.04 15:00,67.708
196,28.04 16:00,80.244
196,28.04 17:00,79.823
196,28.04 18:00,69.176
196,28.04 19:00,55.773
196,28.04 20:00,56.735
196,28.04 21:00,67.91
196,28.04 22:00,80.749
196,28.04 23:00,68.018
196,29.04 00:00,63.897
196,29.04 01:00,89.35
196,29.04 02:00,76.69
196,29.04 03:00,77.253
196,29.04 04:00,77.281
196,29.04 05:00,76.907
196,29.04 06:00,77.364
196,29.04 07:00,61.871
196,29.04 08:00,89.174
196,29.04 09:00,89.737
196,29.04 10:00,76.619
196,29.04 11:00,53.142
196,29.04 12:00,67.836
196,29.04 13:00,68.905
196,29.04 14:00,80.836
196,29.04 15:00,68.187
196,29.04 16:00,68.298
196,29.04 17:00,68.697
196,29.04 18:00,78.24
196,29.04 19:00,67.727
196,29.04 20:00,80.13
196,29.04 21:00,80.737
196,29.04 22:00,52.959
196,29.04 23:00,80.259
196,30.04 00:00,85.691
196,30.04 01:00,76.123
196,30.04 02:00,52.843
196,30.04 03:00,76.892
196,30.04 04:00,77.226
196,30.04 05:00,61.874
196,30.04 06:00,100.739
196,30.04 07:00,87.703
196,30.04 08:00,89.023
196,30.04 09:00,77.191
196,30.04 10:00,87.634
196,30.04 11:00,92.399
196,30.04 12:00,103.709
196,30.04 13:00,68.917
196,30.04 14:00,92.872
196,30.04 15:00,93.381
196,30.04 16:00,91.602
196,30.04 17:00,92.278
196,30.04 18:00,80.389
196,30.04 19:00,65.874
196,30.04 20:00,80.016
196,30.04 21:00,103.488
196,30.04 22:00,104.714
196,30.04 23:00,91.55
196,01.05 00:00,76.93
196,01.05 01:00,77.09
196,01.05 02:00,73.93
196,01.05 03:00,78.217
196,01.05 04:00,89.158
196,01.05 05:00,77.516
196,01.05 06:00,100.708
196,01.05 07:00,76.011
196,01.05 08:00,89.028
196,01.05 09:00,89.359
196,01.05 10:00,101.135
196,01.05 11:00,77.769
196,01.05 12:00,89.922
196,01.05 13:00,69.322
196,01.05 14:00,93.34
196,01.05 15:00,65.682
196,01.05 16:00,91.596
196,01.05 17:00,55.953
196,01.05 18:00,77.775
196,01.05 19:00,103.776
196,01.05 20:00,101.259
196,01.05 21:00,105.49
196,01.05 22:00,104.409
196,01.05 23:00,92.874
196,02.05 00:00,86.622
196,02.05 01:00,77.294
196,02.05 02:00,76.804
196,02.05 03:00,101.965
196,02.05 04:00,76.718
196,02.05 05:00,90.062
196,02.05 06:00,89.743
196,02.05 07:00,101.401
196,02.05 08:00,73.67
196,02.05 09:00,101.505
196,02.05 10:00,88.658
196,02.05 11:00,69.249
196,02.05 12:00,68.074
196,02.05 13:00,65.045
196,02.05 14:00,68.72
196,02.05 15:00,67.932
196,02.05 16:00,80.617
196,02.05 17:00,77.979
196,02.05 18:00,92.903
196,02.05 19:00,55.724
196,02.05 20:00,57.059
196,02.05 21:00,80.843
196,02.05 22:00,81.07
196,02.05 23:00,78.244
196,03.05 00:00,64.986
196,03.05 01:00,66.291
196,03.05 02:00,77.085
196,03.05 03:00,89.235
196,03.05 04:00,64.95
196,03.05 05:00,64.798
196,03.05 06:00,53.066
196,03.05 07:00,65.701
196,03.05 08:00,90.177
196,03.05 09:00,77.202
196,03.05 10:00,65.195
196,03.05 11:00,79.782
196,03.05 12:00,68.139
196,03.05 13:00,69.079
196,03.05 14:00,67.67
196,03.05 15:00,80.855
196,03.05 16:00,69.081
196,03.05 17:00,68.721
196,03.05 18:00,80.675
196,03.05 19:00,92.316
196,03.05 20:00,56.09
196,03.05 21:00,69.299
196,03.05 22:00,80.173
196,03.05 23:00,92.819
196,04.05 00:00,67.733
196,04.05 01:00,78.011
196,04.05 02:00,76.812
196,04.05 03:00,89.169
196,04.05 04:00,78.238
196,04.05 05:00,77.197
196,04.05 06:00,77.719
196,04.05 07:00,88.987
196,04.05 08:00,76.848
196,04.05 09:00,77.062
196,04.05 10:00,89.686
196,04.05 11:00,68.101
196,04.05 12:00,68.272
196,04.05 13:00,69.266
196,04.05 14:00,140.205
196,04.05 15:00,57.102
196,04.05 16:00,79.596
196,04.05 17:00,79.672
196,04.05 18:00,67.821
196,04.05 19:00,68.874
196,04.05 20:00,68.94
196,04.05 21:00,57.083
196,04.05 22:00,68.202
196,04.05 23:00,103.985
196,05.05 00:00,93.458
196,05.05 01:00,77.264
196,05.05 02:00,76.121
196,05.05 03:00,89.272
196,05.05 04:00,75.84
196,05.05 05:00,88.785
196,05.05 06:00,89.881
196,05.05 07:00,76.803
196,05.05 08:00,88.891
196,05.05 09:00,51.113
196,05.05 10:00,77.173
196,05.05 11:00,67.817
196,05.05 12:00,69.028
196,05.05 13:00,30.893
196,05.05 14:00,52.79
196,05.05 15:00,92.889
196,05.05 16:00,57.305
196,05.05 17:00,65.239
196,05.05 18:00,67.904
196,05.05 19:00,79.681
196,05.05 20:00,68.017
196,05.05 21:00,80.923
196,05.05 22:00,67.741
196,05.05 23:00,92.388
196,06.05 00:00,76.215
196,06.05 01:00,73.971
196,06.05 02:00,75.951
196,06.05 03:00,87.893
196,06.05 04:00,64.298
196,06.05 05:00,99.948
196,06.05 06:00,76.69
196,06.05 07:00,87.559
196,06.05 08:00,99.985
196,06.05 09:00,88.376
196,06.05 10:00,85.644
196,06.05 11:00,67.817
196,06.05 12:00,56.18
196,06.05 13:00,67.987
196,06.05 14:00,77.049
196,06.05 15:00,56.082
196,06.05 16:00,81.059
196,06.05 17:00,44.027
196,06.05 18:00,57.165
196,06.05 19:00,80.621
196,06.05 20:00,53.245
196,06.05 21:00,56.982
196,06.05 22:00,79.622
196,06.05 23:00,91.643
196,07.05 00:00,92.241
196,07.05 01:00,89.058
196,07.05 02:00,75.947
196,07.05 03:00,74.224
196,07.05 04:00,87.94
196,07.05 05:00,87.865
196,07.05 06:00,52.18
196,07.05 07:00,76.376
196,07.05 08:00,98.358
196,07.05 09:00,75.924
196,07.05 10:00,99.962
196,07.05 11:00,115.946
196,07.05 12:00,103.986
196,07.05 13:00,115.844
196,07.05 14:00,124.761
196,07.05 15:00,104.723
196,07.05 16:00,104.47
196,07.05 17:00,116.047
196,07.05 18:00,104.502
196,07.05 19:00,80.746
196,07.05 20:00,90.261
196,07.05 21:00,116.144
196,07.05 22:00,112.68
196,07.05 23:00,104.239
196,08.05 00:00,117.448
196,08.05 01:00,113.899
196,08.05 02:00,77.22
196,08.05 03:00,101.621
196,08.05 04:00,101.277
196,08.05 05:00,90.327
196,08.05 06:00,78.416
196,08.05 07:00,76.935
196,08.05 08:00,77.911
196,08.05 09:00,88.76
196,08.05 10:00,75.635
196,08.05 11:00,92.239
196,08.05 12:00,128.62
196,08.05 13:00,79.879
196,08.05 14:00,116.592
196,08.05 15:00,116.603
196,08.05 16:00,114.386
196,08.05 17:00,92.0
196,08.05 18:00,92.945
196,08.05 19:00,68.686
196,08.05 20:00,115.797
196,08.05 21:00,92.872
196,08.05 22:00,115.47
196,08.05 23:00,104.944
196,09.05 00:00,129.36
196,09.05 01:00,76.723
196,09.05 02:00,113.73
196,09.05 03:00,101.23
196,09.05 04:00,90.402
196,09.05 05:00,76.706
196,09.05 06:00,89.593
196,09.05 07:00,100.642
196,09.05 08:00,89.22
196,09.05 09:00,77.962
196,09.05 10:00,76.935
196,09.05 11:00,79.845
196,09.05 12:00,92.251
196,09.05 13:00,79.648
196,09.05 14:00,79.797
196,09.05 15:00,53.909
196,09.05 16:00,52.897
196,09.05 17:00,80.328
196,09.05 18:00,68.177
196,09.05 19:00,68.781
196,09.05 20:00,68.249
196,09.05 21:00,57.022
196,09.05 22:00,69.145
196,09.05 23:00,55.979
196,10.05 00:00,79.804
196,10.05 01:00,89.122
196,10.05 02:00,78.016
196,10.05 03:00,88.869
196,10.05 04:00,101.35
196,10.05 05:00,101.58
196,10.05 06:00,77.137
196,10.05 07:00,91.638
196,10.05 08:00,87.817
196,10.05 09:00,76.676
196,10.05 10:00,100.798
196,10.05 11:00,91.561
196,10.05 12:00,81.01
196,10.05 13:00,56.982
196,10.05 14:00,52.968
196,10.05 15:00,78.949
196,10.05 16:00,67.846
196,10.05 17:00,104.506
196,10.05 18:00,67.709
196,10.05 19:00,77.898
196,10.05 20:00,79.67
196,10.05 21:00,79.964
196,10.05 22:00,81.336
196,10.05 23:00,55.852
196,11.05 00:00,55.758
196,11.05 01:00,76.89
196,11.05 02:00,76.969
196,11.05 03:00,89.359
196,11.05 04:00,77.319
196,11.05 05:00,87.024
196,11.05 06:00,89.092
196,11.05 07:00,88.811
196,11.05 08:00,76.873
196,11.05 09:00,88.815
196,11.05 10:00,64.831
196,11.05 11:00,80.197
196,11.05 12:00,68.085
196,11.05 13:00,80.304
196,11.05 14:00,56.259
196,11.05 15:00,57.112
196,11.05 16:00,67.67
196,11.05 17:00,55.965
196,11.05 18:00,80.244
196,11.05 19:00,81.101
196,11.05 20:00,56.236
196,11.05 21:00,56.105
196,11.05 22:00,81.006
196,11.05 23:00,68.048
196,12.05 00:00,55.959
196,12.05 01:00,64.999
196,12.05 02:00,75.124
196,12.05 03:00,100.581
196,12.05 04:00,77.995
196,12.05 05:00,100.677
196,12.05 06:00,89.344
196,12.05 07:00,88.571
196,12.05 08:00,64.951
196,12.05 09:00,76.761
196,12.05 10:00,89.323
196,12.05 11:00,92.358
196,12.05 12:00,92.15
196,12.05 13:00,80.037
196,12.05 14:00,80.102
196,12.05 15:00,67.932
196,12.05 16:00,104.992
196,12.05 17:00,88.629
196,12.05 18:00,92.118
196,12.05 19:00,81.06
196,12.05 20:00,79.931
196,12.05 21:00,68.325
196,12.05 22:00,80.125
196,12.05 23:00,104.499
196,13.05 00:00,91.66
196,13.05 01:00,114.334
196,13.05 02:00,85.597
196,13.05 03:00,110.222
196,13.05 04:00,89.868
196,13.05 05:00,77.094
196,13.05 06:00,101.861
196,13.05 07:00,76.841
196,13.05 08:00,112.636
196,13.05 09:00,100.778
196,13.05 10:00,76.617
196,13.05 11:00,67.781
196,13.05 12:00,67.929
196,13.05 13:00,69.299
196,13.05 14:00,79.729
196,13.05 15:00,79.885
196,13.05 16:00,81.282
196,13.05 17:00,78.183
196,13.05 18:00,79.654
196,13.05 19:00,80.356
196,13.05 20:00,57.165
196,13.05 21:00,69.0
196,13.05 22:00,92.038
196,13.05 23:00,79.655
196,14.05 00:00,77.358
196,14.05 01:00,77.97
196,14.05 02:00,90.391
196,14.05 03:00,89.966
196,14.05 04:00,64.905
196,14.05 05:00,89.121
196,14.05 06:00,65.052
196,14.05 07:00,88.931
196,14.05 08:00,89.216
196,14.05 09:00,89.809
196,14.05 10:00,81.362
196,14.05 11:00,104.176
196,14.05 12:00,92.974
196,14.05 13:00,79.852
196,14.05 14:00,104.443
196,14.05 15:00,102.115
196,14.05 16:00,104.893
196,14.05 17:00,104.317
196,14.05 18:00,80.933
196,14.05 19:00,105.232
196,14.05 20:00,112.625
196,14.05 21:00,104.964
196,14.05 22:00,105.498
196,14.05 23:00,105.213
196,15.05 00:00,104.069
196,15.05 01:00,88.892
196,15.05 02:00,88.319
196,15.05 03:00,100.855
196,15.05 04:00,74.718
196,15.05 05:00,76.044
196,15.05 06:00,88.154
196,15.05 07:00,75.875
196,15.05 08:00,76.002
196,15.05 09:00,76.641
196,15.05 10:00,88.064
196,15.05 11:00,116.229
196,15.05 12:00,116.242
196,15.05 13:00,91.979
196,15.05 14:00,113.372
196,15.05 15:00,103.506
196,15.05 16:00,68.226
196,15.05 17:00,116.24
196,15.05 18:00,93.168
196,15.05 19:00,115.623
196,15.05 20:00,105.064
196,15.05 21:00,103.846
196,15.05 22:00,105.335
196,15.05 23:00,116.045
196,16.05 00:00,115.45
196,16.05 01:00,112.497
196,16.05 02:00,88.962
196,16.05 03:00,88.771
196,16.05 04:00,85.994
196,16.05 05:00,89.217
196,16.05 06:00,89.21
196,16.05 07:00,100.055
196,16.05 08:00,101.092
196,16.05 09:00,85.998
196,16.05 10:00,89.029
196,16.05 11:00,69.054
196,16.05 12:00,77.182
196,16.05 13:00,69.094
196,16.05 14:00,80.661
196,16.05 15:00,65.028
196,16.05 16:00,81.218
196,16.05 17:00,79.616
196,16.05 18:00,79.638
196,16.05 19:00,80.374
196,16.05 20:00,72.059
196,16.05 21:00,66.079
196,16.05 22:00,69.189
196,16.05 23:00,80.187
196,17.05 00:00,89.904
196,17.05 01:00,77.059
196,17.05 02:00,65.977
196,17.05 03:00,97.564
196,17.05 04:00,89.917
196,17.05 05:00,88.813
196,17.05 06:00,87.299
196,17.05 07:00,100.65
196,17.05 08:00,101.533
196,17.05 09:00,88.639
196,17.05 10:00,89.197
196,17.05 11:00,175.591
196,17.05 12:00,188.193
196,17.05 13:00,187.782
196,17.05 14:00,200.967
196,17.05 15:00,189.757
196,17.05 16:00,188.533
196,17.05 19:00,176.149
196,17.05 20:00,172.334
196,17.05 21:00,176.423
196,17.05 22:00,164.352
196,17.05 23:00,164.439
196,18.05 00:00,172.902
196,18.05 01:00,160.553
196,18.05 02:00,173.793
196,18.05 03:00,172.453
196,18.05 04:00,137.125
196,18.05 05:00,147.683
196,18.05 06:00,160.389
196,18.05 07:00,146.521
196,18.05 08:00,147.393
196,18.05 09:00,135.64
196,18.05 10:00,149.723
196,18.05 11:00,189.468
196,18.05 12:00,201.608
196,18.05 13:00,163.519
196,18.05 14:00,185.239
196,18.05 15:00,177.263
196,18.05 16:00,151.446
196,18.05 17:00,177.612
196,18.05 18:00,163.98
196,18.05 19:00,176.599
196,18.05 20:00,188.01
196,18.05 21:00,175.43
196,18.05 22:00,189.901
196,18.05 23:00,188.693
196,19.05 00:00,176.257
196,19.05 01:00,185.657
196,19.05 02:00,181.203
196,19.05 03:00,150.596
196,19.05 04:00,137.511
196,19.05 05:00,164.84
196,19.05 06:00,149.527
196,19.05 07:00,146.527
196,19.05 08:00,148.451
196,19.05 09:00,137.337
196,19.05 10:00,173.514
196,19.05 11:00,140.591
196,19.05 12:00,187.742
196,19.05 13:00,175.877
196,19.05 14:00,176.823
196,19.05 15:00,200.467
196,19.05 16:00,175.122
196,19.05 17:00,165.347
196,19.05 18:00,188.579
196,19.05 19:00,176.327
196,19.05 20:00,157.531
196,19.05 21:00,176.6
196,19.05 22:00,176.778
196,19.05 23:00,162.265
196,20.05 00:00,176.655
196,20.05 01:00,161.207
196,20.05 02:00,160.978
196,20.05 03:00,149.707
196,20.05 04:00,161.605
196,20.05 05:00,161.546
196,20.05 06:00,150.524
196,20.05 07:00,161.661
196,20.05 08:00,150.667
196,20.05 09:00,146.399
196,20.05 10:00,152.303
196,20.05 11:00,180.945
196,20.05 12:00,163.667
196,20.05 13:00,163.227
196,20.05 14:00,200.199
196,20.05 15:00,165.239
196,20.05 16:00,177.529
196,20.05 17:00,176.84
196,20.05 18:00,176.719
196,20.05 19:00,164.195
196,20.05 20:00,188.492
196,20.05 21:00,176.576
196,20.05 22:00,174.971
196,20.05 23:00,153.503
196,21.05 00:00,163.379
196,21.05 01:00,182.075
196,21.05 02:00,161.784
196,21.05 03:00,161.461
196,21.05 04:00,172.616
196,21.05 05:00,172.538
196,21.05 06:00,158.562
196,21.05 07:00,149.198
196,21.05 08:00,161.358
196,21.05 09:00,160.543
196,21.05 10:00,137.722
196,21.05 11:00,165.418
196,21.05 12:00,173.498
196,21.05 13:00,176.804
196,21.05 14:00,176.758
196,21.05 15:00,164.684
196,21.05 16:00,152.095
196,21.05 17:00,175.444
196,21.05 18:00,140.238
196,21.05 19:00,140.577
196,21.05 20:00,137.654
196,21.05 21:00,152.139
196,21.05 22:00,140.201
196,21.05 23:00,153.108
196,22.05 00:00,151.576
196,22.05 01:00,160.472
196,22.05 02:00,138.45
196,22.05 03:00,157.9
196,22.05 04:00,150.692
196,22.05 05:00,148.98
196,22.05 06:00,173.809
196,22.05 07:00,157.88
196,22.05 08:00,150.172
196,22.05 09:00,161.42
196,22.05 10:00,148.798
196,22.05 11:00,139.319
196,22.05 12:00,152.069
196,22.05 13:00,151.522
196,22.05 14:00,134.63
196,22.05 15:00,152.69
196,22.05 16:00,152.7
196,22.05 17:00,151.278
196,22.05 18:00,141.549
196,22.05 19:00,152.274
196,22.05 20:00,136.498
196,22.05 21:00,140.398
196,22.05 22:00,151.648
196,22.05 23:00,153.55
196,23.05 00:00,138.524
196,23.05 01:00,161.65
196,23.05 02:00,149.689
196,23.05 03:00,148.946
196,23.05 04:00,172.192
196,23.05 05:00,149.305
196,23.05 06:00,161.0
196,23.05 07:00,149.54
196,23.05 08:00,161.984
196,23.05 09:00,157.976
196,23.05 10:00,149.385
196,23.05 11:00,173.542
196,23.05 12:00,188.819
196,23.05 13:00,199.261
196,23.05 14:00,197.148
196,23.05 15:00,176.806
196,23.05 16:00,175.301
196,23.05 17:00,188.745
196,23.05 18:00,164.348
196,23.05 19:00,188.684
196,23.05 20:00,201.604
196,23.05 21:00,177.6
196,23.05 22:00,189.241
196,23.05 23:00,175.381
196,24.05 00:00,165.033
196,24.05 01:00,161.633
196,24.05 02:00,186.352
196,24.05 03:00,146.357
196,24.05 04:00,162.342
196,24.05 05:00,138.19
196,24.05 06:00,172.725
196,24.05 07:00,148.803
196,24.05 08:00,162.01
196,24.05 09:00,162.079
196,24.05 10:00,160.711
196,24.05 11:00,164.262
196,24.05 12:00,188.471
196,24.05 13:00,189.455
196,24.05 14:00,164.443
196,24.05 15:00,163.634
196,24.05 16:00,213.792
196,24.05 17:00,164.663
196,24.05 18:00,162.969
196,24.05 19:00,177.108
196,24.05 20:00,178.489
196,24.05 21:00,178.33
196,24.05 22:00,177.547
196,24.05 23:00,165.16
196,25.05 00:00,177.698
196,25.05 01:00,172.77
196,25.05 02:00,161.186
196,25.05 03:00,149.043
196,25.05 04:00,186.204
196,25.05 05:00,172.386
196,25.05 06:00,174.745
196,25.05 07:00,149.966
196,25.05 08:00,173.544
196,25.05 09:00,161.417
196,25.05 10:00,163.893
196,25.05 11:00,182.028
196,25.05 12:00,188.569
196,25.05 13:00,188.722
196,25.05 14:00,200.986
196,25.05 15:00,165.613
196,25.05 16:00,202.962
196,25.05 17:00,201.399
196,25.05 18:00,190.923
196,25.05 19:00,166.042
196,25.05 20:00,154.728
196,25.05 21:00,177.097
196,25.05 22:00,153.661
196,25.05 23:00,177.947
196,26.05 00:00,177.502
196,26.05 01:00,149.839
196,26.05 02:00,150.734
196,26.05 03:00,161.592
196,26.05 04:00,173.351
196,26.05 05:00,172.428
196,26.05 06:00,174.286
196,26.05 07:00,173.608
196,26.05 08:00,161.512
196,26.05 09:00,173.01
196,26.05 10:00,186.02
196,26.05 11:00,188.703
196,26.05 12:00,177.483
196,26.05 13:00,143.475
196,26.05 14:00,204.089
196,26.05 15:00,178.87
196,26.05 16:00,163.588
196,26.05 17:00,178.601
196,26.05 18:00,190.037
196,26.05 19:00,189.29
196,26.05 20:00,189.575
196,26.05 21:00,189.352
196,26.05 22:00,178.626
196,26.05 23:00,176.89
196,27.05 00:00,189.594
196,27.05 01:00,173.521
196,27.05 02:00,172.839
196,27.05 03:00,174.005
196,27.05 04:00,173.264
196,27.05 05:00,161.696
196,27.05 06:00,185.402
196,27.05 07:00,184.274
196,27.05 08:00,173.379
196,27.05 09:00,173.425
196,27.05 10:00,201.709
196,27.05 11:00,178.054
196,27.05 12:00,165.686
196,27.05 13:00,188.211
196,27.05 14:00,176.875
196,27.05 15:00,189.25
196,27.05 16:00,166.516
196,27.05 17:00,190.491
196,27.05 18:00,178.518
196,27.05 19:00,201.004
196,27.05 20:00,153.529
196,27.05 21:00,201.862
196,27.05 22:00,165.162
196,27.05 23:00,176.7
196,28.05 00:00,176.159
196,28.05 01:00,162.116
196,28.05 02:00,173.779
196,28.05 03:00,174.447
196,28.05 04:00,185.093
196,28.05 05:00,173.749
196,28.05 06:00,174.193
196,28.05 07:00,174.789
196,28.05 08:00,161.791
196,28.05 09:00,173.513
196,28.05 10:00,164.628
196,28.05 11:00,165.133
196,28.05 12:00,165.186
196,28.05 13:00,152.53
196,28.05 14:00,152.431
196,28.05 15:00,164.995
196,28.05 16:00,151.873
196,28.05 17:00,165.785
196,28.05 18:00,164.986
196,28.05 19:00,153.145
196,28.05 20:00,165.609
196,28.05 21:00,141.392
196,28.05 22:00,152.98
196,28.05 23:00,164.194
196,29.05 00:00,140.474
196,29.05 01:00,180.237
196,29.05 02:00,185.678
196,29.05 03:00,185.648
196,29.05 04:00,170.306
196,29.05 05:00,173.583
196,29.05 06:00,173.264
196,29.05 07:00,173.407
196,29.05 08:00,172.415
196,29.05 09:00,162.071
196,29.05 10:00,162.033
196,29.05 11:00,151.966
196,29.05 12:00,152.995
196,29.05 13:00,164.231
196,29.05 14:00,151.943
196,29.05 15:00,165.624
196,29.05 16:00,141.048
196,29.05 17:00,165.481
196,29.05 18:00,152.073
196,29.05 19:00,152.281
196,29.05 20:00,141.671
196,29.05 21:00,152.317
196,29.05 22:00,153.442
196,29.05 23:00,163.562
196,30.05 00:00,175.764
196,30.05 01:00,174.086
196,30.05 02:00,184.814
196,30.05 03:00,185.776
196,30.05 04:00,185.345
196,30.05 05:00,162.77
196,30.05 06:00,173.943
196,30.05 07:00,161.324
196,30.05 08:00,184.739
196,30.05 09:00,161.332
196,30.05 10:00,177.351
196,30.05 11:00,153.092
196,30.05 12:00,141.379
196,30.05 13:00,153.338
196,30.05 14:00,165.717
196,30.05 15:00,178.525
196,30.05 16:00,165.192
196,30.05 17:00,189.246
196,30.05 18:00,141.528
196,30.05 19:00,128.534
196,30.05 20:00,141.231
196,30.05 21:00,165.376
196,30.05 22:00,140.502
196,30.05 23:00,176.996
196,31.05 00:00,130.214
196,31.05 01:00,161.979
196,31.05 02:00,172.32
196,31.05 03:00,174.831
196,31.05 04:00,149.635
196,31.05 05:00,161.284
196,31.05 06:00,172.353
196,31.05 07:00,162.017
196,31.05 08:00,185.688
196,31.05 09:00,160.397
196,31.05 10:00,174.426
196,31.05 11:00,165.363
196,31.05 12:00,165.104
196,31.05 13:00,180.409
196,31.05 14:00,176.853
196,31.05 15:00,178.706
196,31.05 16:00,164.564
196,31.05 17:00,177.206
196,31.05 18:00,189.29
196,31.05 19:00,178.423
196,31.05 20:00,166.335
196,31.05 21:00,177.185
196,31.05 22:00,166.266
196,31.05 23:00,164.998
196,01.06 00:00,164.319
196,01.06 01:00,184.162
196,01.06 02:00,173.172
196,01.06 03:00,185.606
196,01.06 04:00,160.195
196,01.06 05:00,173.355
196,01.06 06:00,172.935
196,01.06 07:00,173.715
196,01.06 08:00,149.21
196,01.06 09:00,197.35
196,01.06 10:00,177.771
196,01.06 11:00,176.542
196,01.06 12:00,166.099
196,01.06 13:00,153.72
196,01.06 14:00,213.809
196,01.06 15:00,166.207
196,01.06 16:00,153.353
196,01.06 17:00,165.352
196,01.06 18:00,154.064
196,01.06 19:00,177.369
196,01.06 20:00,190.43
196,01.06 21:00,188.433
196,01.06 22:00,188.938
196,01.06 23:00,151.45
196,02.06 00:00,176.624
196,02.06 01:00,172.183
196,02.06 02:00,173.871
196,02.06 03:00,186.194
196,02.06 04:00,173.515
196,02.06 05:00,174.272
196,02.06 06:00,172.753
196,02.06 07:00,161.308
196,02.06 08:00,172.935
196,02.06 09:00,162.177
196,02.06 10:00,175.881
196,02.06 11:00,165.795
196,02.06 12:00,165.356
196,02.06 13:00,175.586
196,02.06 14:00,176.473
196,02.06 15:00,164.292
196,02.06 16:00,152.52
196,02.06 17:00,188.087
196,02.06 18:00,201.505
196,02.06 19:00,153.381
196,02.06 20:00,189.51
196,02.06 21:00,176.892
196,02.06 22:00,175.396
196,02.06 23:00,186.136
196,03.06 00:00,173.866
196,03.06 01:00,172.434
196,03.06 02:00,173.898
196,03.06 03:00,196.509
196,03.06 04:00,167.887
196,03.06 05:00,162.318
196,03.06 06:00,161.722
196,03.06 07:00,162.329
196,03.06 08:00,185.653
196,03.06 09:00,162.373
196,03.06 10:00,164.654
196,03.06 11:00,176.947
196,03.06 12:00,175.12
196,03.06 13:00,164.179
196,03.06 14:00,163.874
196,03.06 15:00,176.709
196,03.06 16:00,188.28
196,03.06 17:00,152.4
196,03.06 18:00,164.323
196,03.06 19:00,165.411
196,03.06 20:00,189.916
196,03.06 21:00,175.3
196,03.06 22:00,177.628
196,03.06 23:00,164.696
196,04.06 00:00,164.501
196,04.06 01:00,186.478
196,04.06 02:00,173.602
196,04.06 03:00,161.807
196,04.06 04:00,184.768
196,04.06 05:00,185.619
196,04.06 06:00,174.098
196,04.06 07:00,185.679
196,04.06 08:00,172.992
196,04.06 09:00,173.32
196,04.06 10:00,161.421
196,04.06 11:00,176.717
196,04.06 12:00,152.958
196,04.06 13:00,152.862
196,04.06 14:00,177.189
196,04.06 15:00,153.759
196,04.06 16:00,164.798
196,04.06 17:00,152.531
196,04.06 18:00,152.376
196,04.06 19:00,177.728
196,04.06 20:00,165.34
196,04.06 21:00,140.474
196,04.06 22:00,165.285
196,04.06 23:00,165.672
196,05.06 00:00,161.322
196,05.06 01:00,185.36
196,05.06 02:00,193.426
196,05.06 03:00,172.748
196,05.06 04:00,173.563
196,05.06 05:00,174.448
196,05.06 06:00,186.887
196,05.06 07:00,161.495
196,05.06 08:00,173.871
196,05.06 09:00,173.857
196,05.06 10:00,174.269
196,05.06 11:00,175.366
196,05.06 12:00,165.421
196,05.06 13:00,164.78
196,05.06 14:00,163.644
196,05.06 15:00,165.377
196,05.06 16:00,152.308
196,05.06 17:00,152.842
196,05.06 18:00,163.909
196,05.06 19:00,164.204
196,05.06 20:00,152.496
196,05.06 21:00,164.581
196,05.06 22:00,163.609
196,05.06 23:00,164.298
196,06.06 00:00,164.13
196,06.06 01:00,174.163
196,06.06 02:00,173.813
196,06.06 03:00,174.358
196,06.06 04:00,172.895
196,06.06 05:00,174.668
196,06.06 06:00,174.014
196,06.06 07:00,172.608
196,06.06 08:00,172.432
196,06.06 09:00,173.769
196,06.06 10:00,152.435
196,06.06 11:00,153.056
196,06.06 12:00,177.646
196,06.06 13:00,178.422
196,06.06 14:00,190.378
196,06.06 15:00,176.272
196,06.06 16:00,189.144
196,06.06 17:00,189.37
196,06.06 18:00,190.702
196,06.06 19:00,189.991
196,06.06 20:00,201.608
196,06.06 21:00,202.433
196,06.06 22:00,189.859
196,06.06 23:00,152.697
196,07.06 00:00,164.92
196,07.06 01:00,162.415
196,07.06 02:00,173.713
196,07.06 03:00,162.062
196,07.06 04:00,185.587
196,07.06 05:00,161.737
196,07.06 06:00,173.718
196,07.06 07:00,174.651
196,07.06 08:00,162.173
196,07.06 09:00,161.075
196,07.06 10:00,188.552
196,07.06 11:00,153.253
196,07.06 12:00,153.882
196,07.06 13:00,189.774
196,07.06 14:00,177.282
196,07.06 15:00,200.501
196,07.06 16:00,189.246
196,07.06 17:00,166.468
196,07.06 18:00,188.357
196,07.06 19:00,153.127
196,07.06 20:00,189.597
196,07.06 21:00,164.502
196,07.06 22:00,200.188
196,07.06 23:00,164.435
196,08.06 00:00,163.631
196,08.06 01:00,174.019
196,08.06 02:00,185.265
196,08.06 03:00,174.082
196,08.06 04:00,173.233
196,08.06 05:00,173.089
196,08.06 06:00,174.825
196,08.06 07:00,160.422
196,08.06 08:00,173.084
196,08.06 09:00,184.238
196,08.06 10:00,165.085
196,08.06 11:00,201.414
196,08.06 12:00,176.71
196,08.06 13:00,165.258
196,08.06 14:00,140.019
196,08.06 15:00,177.389
196,08.06 16:00,175.602
196,08.06 17:00,212.793
196,08.06 18:00,189.071
196,08.06 19:00,141.537
196,08.06 20:00,176.66
196,08.06 21:00,201.278
196,08.06 22:00,200.479
196,08.06 23:00,176.671
196,09.06 00:00,178.532
196,09.06 01:00,174.739
196,09.06 02:00,173.175
196,09.06 03:00,138.677
196,09.06 04:00,173.51
196,09.06 05:00,161.105
196,09.06 06:00,173.259
196,09.06 07:00,185.401
196,09.06 08:00,186.127
196,09.06 09:00,185.184
196,09.06 10:00,164.257
196,09.06 11:00,188.553
196,09.06 12:00,200.403
196,09.06 13:00,200.423
196,09.06 14:00,176.55
196,09.06 15:00,213.788
196,09.06 16:00,154.677
196,09.06 17:00,164.643
196,09.06 18:00,178.189
196,09.06 19:00,202.541
196,09.06 20:00,165.34
196,09.06 21:00,189.332
196,09.06 22:00,190.05
196,09.06 23:00,177.113
196,10.06 00:00,152.36
196,10.06 01:00,173.024
196,10.06 02:00,198.871
196,10.06 03:00,185.575
196,10.06 04:00,174.585
196,10.06 05:00,196.511
196,10.06 06:00,185.972
196,10.06 07:00,161.643
196,10.06 08:00,174.654
196,10.06 09:00,197.761
196,10.06 10:00,200.517
196,10.06 11:00,177.081
196,10.06 12:00,190.167
196,10.06 13:00,189.113
196,10.06 14:00,212.772
196,10.06 15:00,189.245
196,10.06 16:00,201.074
196,10.06 17:00,178.302
196,10.06 18:00,177.227
196,10.06 19:00,189.291
196,10.06 20:00,213.81
196,10.06 21:00,178.569
196,10.06 22:00,189.588
196,10.06 23:00,177.647
196,11.06 00:00,178.595
196,11.06 01:00,185.432
196,11.06 02:00,149.315
196,11.06 03:00,198.244
196,11.06 04:00,172.632
196,11.06 05:00,161.915
196,11.06 06:00,149.902
196,11.06 07:00,185.539
196,11.06 08:00,174.447
196,11.06 09:00,153.519
196,11.06 10:00,164.997
196,11.06 11:00,152.276
196,11.06 12:00,166.651
196,11.06 13:00,153.479
196,11.06 14:00,165.188
196,11.06 15:00,165.196
196,11.06 16:00,189.357
196,11.06 17:00,154.685
196,11.06 18:00,153.528
196,11.06 19:00,153.887
196,11.06 20:00,165.753
196,11.06 21:00,189.787
196,11.06 22:00,177.763
196,11.06 23:00,177.671
196,12.06 00:00,177.03
196,12.06 01:00,173.244
196,12.06 02:00,160.301
196,12.06 03:00,160.525
196,12.06 04:00,173.118
196,12.06 05:00,173.803
196,12.06 06:00,185.682
196,12.06 07:00,186.462
196,12.06 08:00,173.2
196,12.06 09:00,185.265
196,12.06 10:00,176.989
196,12.06 11:00,176.742
196,12.06 12:00,165.175
196,12.06 13:00,176.73
196,12.06 14:00,152.993
196,12.06 15:00,165.803
196,12.06 16:00,164.265
196,12.06 17:00,188.096
196,12.06 18:00,166.539
196,12.06 19:00,152.729
196,12.06 20:00,164.997
196,12.06 21:00,176.69
196,12.06 22:00,177.721
196,12.06 23:00,178.334
196,13.06 00:00,178.639
196,13.06 01:00,185.503
196,13.06 02:00,196.48
196,13.06 03:00,160.738
196,13.06 04:00,184.55
196,13.06 05:00,185.553
196,13.06 06:00,160.693
196,13.06 07:00,174.54
196,13.06 08:00,168.791
196,13.06 09:00,161.188
196,13.06 10:00,163.374
196,13.06 11:00,176.544
196,13.06 12:00,176.15
196,13.06 15:00,213.405
196,13.06 16:00,187.512
196,13.06 17:00,165.23
196,13.06 18:00,142.491
196,13.06 19:00,200.213
196,13.06 20:00,200.175
196,13.06 21:00,0.0
196,13.06 22:00,190.841
196,13.06 23:00,176.307
196,14.06 00:00,165.137
196,14.06 01:00,172.879
196,14.06 02:00,162.164
196,14.06 03:00,150.595
196,14.06 04:00,161.23
196,14.06 05:00,185.664
196,14.06 06:00,161.411
196,14.06 07:00,174.086
196,14.06 08:00,172.231
196,14.06 09:00,161.223
196,14.06 10:00,188.457
196,14.06 11:00,188.815
196,14.06 12:00,164.301
196,14.06 13:00,166.421
196,14.06 14:00,188.286
196,14.06 15:00,178.614
196,14.06 16:00,177.287
196,14.06 17:00,177.401
196,14.06 18:00,177.526
196,14.06 19:00,178.725
196,14.06 20:00,178.791
196,14.06 21:00,202.261
196,14.06 22:00,177.169
196,14.06 23:00,176.211
196,15.06 00:00,177.684
196,15.06 01:00,173.316
196,15.06 02:00,173.639
196,15.06 03:00,173.998
196,15.06 04:00,173.817
196,15.06 05:00,174.793
196,15.06 06:00,173.401
196,15.06 07:00,174.18
196,15.06 08:00,160.95
196,15.06 09:00,185.015
196,15.06 10:00,173.926
196,15.06 11:00,165.225
196,15.06 12:00,178.56
196,15.06 13:00,178.147
196,15.06 14:00,166.571
196,15.06 15:00,166.294
196,15.06 16:00,162.217
196,15.06 17:00,201.603
196,15.06 18:00,201.28
196,15.06 19:00,153.366
196,15.06 20:00,188.971
196,15.06 21:00,165.343
196,15.06 22:00,165.686
196,15.06 23:00,165.077
196,16.06 00:00,176.388
196,16.06 01:00,137.101
196,16.06 02:00,162.743
196,16.06 03:00,172.815
196,16.06 04:00,173.137
196,16.06 05:00,174.74
196,16.06 06:00,173.847
196,16.06 07:00,150.304
196,16.06 08:00,160.487
196,16.06 09:00,197.346
196,16.06 10:00,174.028
196,16.06 11:00,189.921
196,16.06 12:00,175.303
196,16.06 13:00,200.559
196,16.06 14:00,213.854
196,16.06 15:00,190.355
196,16.06 16:00,202.405
196,16.06 17:00,177.306
196,16.06 18:00,178.754
196,16.06 19:00,213.227
196,16.06 20:00,165.785
196,16.06 21:00,201.055
196,16.06 22:00,177.787
196,16.06 23:00,152.438
196,17.06 00:00,153.696
196,17.06 01:00,173.456
196,17.06 02:00,186.429
196,17.06 03:00,185.995
196,17.06 04:00,162.446
196,17.06 05:00,184.69
196,17.06 06:00,184.702
196,17.06 07:00,173.271
196,17.06 08:00,161.051
196,17.06 09:00,197.494
196,17.06 10:00,161.671
196,17.06 11:00,177.071
196,17.06 12:00,188.61
196,17.06 13:00,177.491
196,17.06 14:00,187.225
196,17.06 15:00,189.198
196,17.06 16:00,163.735
196,17.06 17:00,187.187
196,17.06 18:00,200.465
196,17.06 19:00,163.599
196,17.06 20:00,165.327
196,17.06 21:00,172.927
196,17.06 22:00,188.117
196,17.06 23:00,165.492
196,18.06 00:00,152.394
196,18.06 01:00,173.564
196,18.06 02:00,173.179
196,18.06 03:00,173.25
196,18.06 04:00,160.913
196,18.06 05:00,174.462
196,18.06 06:00,185.625
196,18.06 07:00,173.494
196,18.06 08:00,172.861
196,18.06 09:00,161.021
196,18.06 10:00,164.32
196,18.06 11:00,153.204
196,18.06 12:00,152.418
196,18.06 13:00,164.463
196,18.06 14:00,152.612
196,18.06 15:00,176.119
196,18.06 16:00,154.711
196,18.06 17:00,176.56
196,18.06 18:00,153.933
196,18.06 19:00,177.79
196,18.06 20:00,153.226
196,18.06 21:00,165.3
196,18.06 22:00,166.338
196,18.06 23:00,178.852
196,19.06 00:00,153.992
196,19.06 01:00,172.641
196,19.06 02:00,172.74
196,19.06 03:00,173.343
196,19.06 04:00,185.023
196,19.06 05:00,173.615
196,19.06 06:00,173.075
196,19.06 07:00,172.265
196,19.06 08:00,162.294
196,19.06 09:00,172.926
196,19.06 10:00,176.583
196,19.06 11:00,164.159
196,19.06 12:00,151.803
196,19.06 13:00,165.036
196,19.06 14:00,141.039
196,19.06 15:00,164.991
196,19.06 16:00,165.312
196,19.06 17:00,189.974
196,19.06 18:00,153.363
196,19.06 19:00,165.548
196,19.06 20:00,164.46
196,19.06 21:00,166.382
196,19.06 22:00,166.435
196,19.06 23:00,166.494
196,20.06 00:00,178.255
196,20.06 01:00,172.881
196,20.06 02:00,161.308
196,20.06 03:00,173.32
196,20.06 04:00,174.099
196,20.06 05:00,197.389
196,20.06 06:00,197.462
196,20.06 07:00,186.352
196,20.06 08:00,173.809
196,20.06 09:00,149.939
196,20.06 10:00,164.625
196,20.06 11:00,176.361
196,20.06 12:00,178.303
196,20.06 13:00,189.469
196,20.06 14:00,154.747
196,20.06 15:00,201.401
196,20.06 16:00,188.113
196,20.06 17:00,166.243
196,20.06 18:00,166.18
196,20.06 19:00,154.684
196,20.06 20:00,189.366
196,20.06 21:00,153.897
196,20.06 22:00,166.629
196,20.06 23:00,176.392
196,21.06 00:00,164.807
196,21.06 01:00,149.271
196,21.06 02:00,160.687
196,21.06 03:00,172.163
196,21.06 04:00,184.208
196,21.06 05:00,174.155
196,21.06 06:00,173.182
196,21.06 07:00,172.634
196,21.06 08:00,197.263
196,21.06 09:00,173.473
196,21.06 10:00,161.404
196,21.06 11:00,200.337
196,21.06 12:00,165.618
196,21.06 13:00,188.165
196,21.06 14:00,176.96
196,21.06 15:00,153.099
196,21.06 16:00,177.521
196,21.06 17:00,178.618
196,21.06 18:00,176.771
196,21.06 19:00,189.837
196,21.06 20:00,128.868
196,21.06 21:00,177.717
196,21.06 22:00,163.945
196,21.06 23:00,211.973
196,22.06 00:00,165.409
196,22.06 01:00,185.82
196,22.06 02:00,161.719
196,22.06 03:00,172.719
196,22.06 04:00,185.225
196,22.06 05:00,185.782
196,22.06 06:00,198.765
196,22.06 07:00,184.612
196,22.06 08:00,161.639
196,22.06 09:00,172.607
196,22.06 10:00,176.348
196,22.06 11:00,163.844
196,22.06 12:00,187.219
196,22.06 13:00,176.135
196,22.06 14:00,199.254
196,22.06 15:00,165.796
196,22.06 16:00,177.366
196,22.06 17:00,188.155
196,22.06 18:00,200.493
196,22.06 19:00,176.172
196,22.06 20:00,188.852
196,22.06 21:00,213.891
196,22.06 22:00,201.854
196,22.06 23:00,153.085
196,23.06 00:00,165.459
196,23.06 01:00,162.73
196,23.06 02:00,161.779
196,23.06 03:00,173.912
196,23.06 04:00,173.637
196,23.06 05:00,174.851
196,23.06 06:00,161.601
196,23.06 07:00,173.66
196,23.06 08:00,185.08
196,23.06 09:00,198.562
196,23.06 10:00,174.466
196,23.06 11:00,174.398
196,23.06 12:00,176.174
196,23.06 13:00,140.652
196,23.06 14:00,200.163
196,23.06 15:00,189.848
196,23.06 16:00,176.43
196,23.06 17:00,212.829
196,23.06 18:00,164.258
196,23.06 19:00,175.695
196,23.06 20:00,177.846
196,23.06 21:00,175.412
196,23.06 22:00,164.782
196,23.06 23:00,177.686
196,24.06 00:00,185.841
196,24.06 01:00,172.28
196,24.06 02:00,162.22
196,24.06 03:00,174.759
196,24.06 04:00,185.817
196,24.06 05:00,172.892
196,24.06 06:00,174.858
196,24.06 07:00,197.362
196,24.06 08:00,196.409
196,24.06 09:00,173.621
196,24.06 10:00,189.718
196,24.06 11:00,164.435
196,24.06 12:00,153.666
196,24.06 13:00,177.442
196,24.06 14:00,190.315
196,24.06 15:00,212.003
196,24.06 16:00,201.549
196,24.06 17:00,201.003
196,24.06 18:00,164.174
196,24.06 19:00,177.784
196,24.06 20:00,190.194
196,24.06 21:00,176.616
196,24.06 22:00,177.293
196,24.06 23:00,164.234
196,25.06 00:00,187.968
196,25.06 01:00,161.498
196,25.06 02:00,185.446
196,25.06 03:00,186.148
196,25.06 04:00,161.758
196,25.06 05:00,174.763
196,25.06 06:00,174.796
196,25.06 07:00,173.697
196,25.06 08:00,161.694
196,25.06 09:00,161.529
196,25.06 10:00,161.018
196,25.06 11:00,163.888
196,25.06 12:00,139.306
196,25.06 13:00,153.093
196,25.06 14:00,164.026
196,25.06 15:00,140.663
196,25.06 16:00,148.054
196,25.06 17:00,140.34
196,25.06 18:00,165.296
196,25.06 19:00,140.534
196,25.06 20:00,164.621
196,25.06 21:00,163.542
196,25.06 22:00,139.48
196,25.06 23:00,165.602
196,26.06 00:00,164.926
196,26.06 01:00,173.678
196,26.06 02:00,174.407
196,26.06 03:00,184.515
196,26.06 04:00,173.291
196,26.06 05:00,184.347
196,26.06 06:00,184.809
196,26.06 07:00,174.076
196,26.06 08:00,184.086
196,26.06 09:00,173.828
196,26.06 10:00,165.125
196,26.06 11:00,165.377
196,26.06 12:00,165.834
196,26.06 13:00,165.756
196,26.06 14:00,165.833
196,26.06 15:00,166.089
196,26.06 16:00,164.353
196,26.06 17:00,164.97
196,26.06 18:00,154.239
196,26.06 19:00,165.308
196,26.06 20:00,154.034
196,26.06 21:00,165.657
196,26.06 22:00,175.142
196,26.06 23:00,140.319
196,27.06 00:00,165.496
196,27.06 01:00,161.242
196,27.06 02:00,173.456
196,27.06 03:00,185.521
196,27.06 04:00,174.213
196,27.06 05:00,160.562
196,27.06 06:00,173.492
196,27.06 07:00,173.029
196,27.06 08:00,196.474
196,27.06 09:00,185.618
196,27.06 10:00,177.597
196,27.06 12:00,164.953
196,27.06 13:00,189.727
196,27.06 14:00,200.046
196,27.06 15:00,179.065
196,27.06 16:00,188.141
196,27.06 17:00,188.248
196,27.06 18:00,188.606
196,27.06 19:00,176.888
196,27.06 20:00,176.395
196,27.06 21:00,176.801
196,27.06 22:00,201.441
196,27.06 23:00,164.505
196,28.06 00:00,164.641
196,28.06 01:00,173.222
196,28.06 02:00,161.439
196,28.06 03:00,186.28
196,28.06 04:00,184.584
196,28.06 05:00,197.13
196,28.06 06:00,172.272
196,28.06 07:00,173.206
196,28.06 08:00,172.636
196,28.06 09:00,173.27
196,28.06 10:00,173.951
196,28.06 11:00,164.206
196,28.06 12:00,188.494
196,28.06 13:00,199.228
196,28.06 14:00,189.357
196,28.06 15:00,189.106
196,28.06 16:00,177.313
196,28.06 17:00,176.184
196,28.06 18:00,200.513
196,28.06 19:00,176.981
196,28.06 20:00,177.731
196,28.06 21:00,200.593
196,28.06 22:00,189.581
196,28.06 23:00,191.833
196,29.06 00:00,192.068
196,29.06 01:00,180.361
196,29.06 02:00,192.197
196,29.06 03:00,191.391
196,29.06 04:00,192.485
196,29.06 05:00,203.103
196,29.06 06:00,180.28
196,29.06 07:00,180.516
196,29.06 08:00,191.333
196,29.06 09:00,204.918
196,29.06 10:00,192.146
196,29.06 11:00,155.757
196,29.06 12:00,215.713
196,29.06 13:00,191.121
196,29.06 14:00,228.338
196,29.06 15:00,203.476
196,29.06 16:00,204.585
196,29.06 17:00,203.497
196,29.06 18:00,216.985
196,29.06 19:00,211.141
196,29.06 20:00,167.722
196,29.06 21:00,0.0
196,29.06 22:00,188.663
196,29.06 23:00,177.541
196,30.06 00:00,153.032
196,30.06 01:00,185.201
196,30.06 02:00,161.391
196,30.06 03:00,161.536
196,30.06 04:00,174.341
196,30.06 05:00,172.263
196,30.06 06:00,174.741
196,30.06 07:00,161.713
196,30.06 08:00,173.199
196,30.06 09:00,174.386
196,30.06 10:00,177.471
196,30.06 11:00,153.638
196,30.06 12:00,189.18
196,30.06 13:00,199.238
196,30.06 14:00,164.458
196,30.06 15:00,152.238
196,30.06 16:00,177.1
196,30.06 17:00,201.489
196,30.06 18:00,176.111
196,30.06 19:00,189.415
196,30.06 20:00,140.98
196,30.06 21:00,165.404
196,30.06 22:00,189.76
196,30.06 23:00,192.353
196,01.07 00:00,203.676
196,01.07 01:00,179.2
196,01.07 02:00,168.205
196,01.07 03:00,216.537
196,01.07 04:00,204.39
196,01.07 05:00,191.031
196,01.07 06:00,179.303
196,01.07 07:00,180.355
196,01.07 08:00,179.407
196,01.07 09:00,192.873
196,01.07 10:00,191.275
196,01.07 11:00,189.923
196,01.07 12:00,152.72
196,01.07 13:00,189.827
196,01.07 14:00,176.593
196,01.07 15:00,164.296
196,01.07 16:00,164.371
196,01.07 17:00,188.336
196,01.07 18:00,177.362
196,01.07 19:00,164.795
196,01.07 20:00,189.751
196,01.07 21:00,200.263
196,01.07 22:00,177.319
196,01.07 23:00,191.206
196,02.07 00:00,167.492
196,02.07 01:00,191.226
196,02.07 02:00,180.597
196,02.07 03:00,180.247
196,02.07 04:00,192.74
196,02.07 05:00,191.118
196,02.07 06:00,203.618
196,02.07 07:00,179.729
196,02.07 08:00,192.505
196,02.07 09:00,192.372
196,02.07 10:00,156.186
196,02.07 11:00,180.613
196,02.07 12:00,180.448
196,02.07 13:00,191.474
196,02.07 14:00,180.376
196,02.07 15:00,180.152
196,02.07 16:00,168.044
196,02.07 17:00,179.208
196,02.07 18:00,156.105
196,02.07 19:00,179.339
196,02.07 20:00,203.558
196,02.07 21:00,167.945
196,02.07 22:00,155.585
196,02.07 23:00,164.458
196,03.07 00:00,175.556
196,03.07 01:00,162.138
196,03.07 02:00,149.352
196,03.07 03:00,173.846
196,03.07 04:00,172.521
196,03.07 05:00,184.994
196,03.07 06:00,185.154
196,03.07 07:00,172.364
196,03.07 08:00,173.529
196,03.07 09:00,185.27
196,03.07 10:00,161.311
196,03.07 11:00,165.419
196,03.07 12:00,176.574
196,03.07 13:00,177.804
196,03.07 14:00,163.654
196,03.07 15:00,153.026
196,03.07 16:00,152.954
196,03.07 17:00,153.093
196,03.07 18:00,153.696
196,03.07 19:00,164.922
196,03.07 20:00,141.452
196,03.07 21:00,154.065
196,03.07 22:00,165.789
196,03.07 23:00,165.426
196,04.07 00:00,177.957
196,04.07 01:00,185.239
196,04.07 02:00,184.773
196,04.07 03:00,185.526
196,04.07 04:00,172.304
196,04.07 05:00,173.759
196,04.07 06:00,194.807
196,04.07 07:00,184.395
196,04.07 08:00,185.79
196,04.07 09:00,174.326
196,04.07 10:00,186.485
196,04.07 11:00,165.796
196,04.07 12:00,153.588
196,04.07 13:00,153.664
196,04.07 14:00,165.161
196,04.07 15:00,164.866
196,04.07 16:00,166.706
196,04.07 17:00,164.812
196,04.07 18:00,165.805
196,04.07 19:00,164.246
196,04.07 20:00,152.555
196,04.07 21:00,152.599
196,04.07 22:00,176.296
196,04.07 23:00,196.613
196,05.07 00:00,190.059
196,05.07 01:00,162.109
196,05.07 02:00,173.462
196,05.07 03:00,174.379
196,05.07 04:00,160.483
196,05.07 05:00,161.207
196,05.07 06:00,160.735
196,05.07 07:00,174.465
196,05.07 08:00,173.834
196,05.07 09:00,196.676
196,05.07 10:00,173.653
196,05.07 11:00,165.13
196,05.07 12:00,189.291
196,05.07 13:00,166.779
196,05.07 14:00,165.925
196,05.07 15:00,176.977
196,05.07 16:00,189.174
196,05.07 17:00,201.333
196,05.07 18:00,189.897
196,05.07 19:00,140.475
196,05.07 20:00,165.272
196,05.07 21:00,212.018
196,05.07 22:00,177.754
196,05.07 23:00,191.488
196,06.07 00:00,165.354
196,06.07 01:00,185.691
196,06.07 02:00,172.848
196,06.07 03:00,173.585
196,06.07 04:00,161.97
196,06.07 05:00,185.103
196,06.07 06:00,174.55
196,06.07 07:00,173.088
196,06.07 08:00,186.794
196,06.07 09:00,185.398
196,06.07 10:00,198.427
196,06.07 11:00,163.388
196,06.07 12:00,189.628
196,06.07 13:00,187.463
196,06.07 14:00,200.365
196,06.07 15:00,176.193
196,06.07 16:00,188.065
196,06.07 17:00,177.433
196,06.07 18:00,178.152
196,06.07 19:00,189.212
196,06.07 20:00,165.068
196,06.07 21:00,176.119
196,06.07 22:00,190.395
196,06.07 23:00,165.292
196,07.07 00:00,188.304
196,07.07 01:00,161.361
196,07.07 02:00,173.494
196,07.07 03:00,161.324
196,07.07 04:00,173.69
196,07.07 05:00,174.271
196,07.07 06:00,172.485
196,07.07 07:00,174.765
196,07.07 08:00,197.641
196,07.07 09:00,174.029
196,07.07 10:00,164.728
196,07.07 11:00,140.95
196,07.07 12:00,176.289
196,07.07 13:00,201.502
196,07.07 14:00,165.705
196,07.07 15:00,188.213
196,07.07 16:00,152.278
196,07.07 17:00,166.639
196,07.07 18:00,177.962
196,07.07 19:00,166.43
196,07.07 20:00,190.402
196,07.07 21:00,153.38
196,07.07 22:00,189.58
196,07.07 23:00,176.43
196,08.07 00:00,176.214
196,08.07 01:00,173.993
196,08.07 02:00,161.975
196,08.07 03:00,174.7
196,08.07 04:00,161.77
196,08.07 05:00,173.672
196,08.07 06:00,184.532
196,08.07 07:00,172.698
196,08.07 08:00,173.184
196,08.07 09:00,185.935
196,08.07 10:00,175.358
196,08.07 11:00,153.554
196,08.07 12:00,189.855
196,08.07 13:00,188.977
196,08.07 14:00,165.291
196,08.07 15:00,189.725
196,08.07 16:00,200.553
196,08.07 17:00,180.952
196,08.07 18:00,165.618
196,08.07 19:00,177.346
196,08.07 20:00,177.13
196,08.07 21:00,166.265
196,08.07 22:00,177.679
196,08.07 23:00,146.542
196,09.07 00:00,165.875
196,09.07 01:00,174.508
196,09.07 02:00,174.108
196,09.07 03:00,162.14
196,09.07 04:00,160.521
196,09.07 05:00,181.27
196,09.07 06:00,186.774
196,09.07 07:00,150.211
196,09.07 08:00,162.429
196,09.07 09:00,185.663
196,09.07 10:00,162.781
196,09.07 11:00,177.593
196,09.07 12:00,171.757
196,09.07 13:00,177.222
196,09.07 14:00,152.324
196,09.07 15:00,166.368
196,09.07 16:00,164.277
196,09.07 17:00,154.66
196,09.07 18:00,154.327
196,09.07 19:00,166.606
196,09.07 20:00,165.358
196,09.07 21:00,165.334
196,09.07 22:00,152.652
196,09.07 23:00,153.288
196,10.07 00:00,166.275
196,10.07 01:00,161.742
196,10.07 02:00,172.996
196,10.07 03:00,161.198
196,10.07 04:00,186.612
196,10.07 05:00,186.314
196,10.07 06:00,161.795
196,10.07 07:00,161.22
196,10.07 08:00,162.314
196,10.07 09:00,160.859
196,10.07 10:00,163.639
196,10.07 11:00,166.148
196,10.07 12:00,165.792
196,10.07 13:00,178.373
196,10.07 14:00,166.351
196,10.07 15:00,166.532
196,10.07 16:00,153.586
196,10.07 17:00,156.504
196,10.07 18:00,145.167
196,10.07 19:00,157.486
196,10.07 20:00,193.739
196,10.07 21:00,170.35
196,10.07 22:00,145.143
196,10.07 23:00,156.28
196,11.07 00:00,168.275
196,11.07 01:00,165.193
196,11.07 02:00,159.245
196,11.07 03:00,185.787
196,11.07 04:00,174.61
196,11.07 05:00,173.372
196,11.07 06:00,162.587
196,11.07 07:00,161.294
196,11.07 08:00,185.899
196,11.07 09:00,185.709
196,11.07 10:00,172.396
196,11.07 11:00,188.365
196,11.07 12:00,165.75
196,11.07 13:00,176.458
196,11.07 14:00,166.355
196,11.07 15:00,190.114
196,11.07 16:00,177.586
196,11.07 17:00,189.145
196,11.07 18:00,190.87
196,11.07 19:00,177.435
196,11.07 20:00,178.255
196,11.07 21:00,190.806
196,11.07 22:00,154.228
196,11.07 23:00,165.927
196,12.07 00:00,165.807
196,12.07 01:00,186.662
196,12.07 02:00,149.771
196,12.07 03:00,172.577
196,12.07 04:00,172.64
196,12.07 05:00,162.511
196,12.07 06:00,173.15
196,12.07 07:00,172.606
196,12.07 08:00,184.427
196,12.07 09:00,186.431
196,12.07 10:00,185.838
196,12.07 11:00,141.41
196,12.07 12:00,152.942
196,12.07 13:00,177.411
196,12.07 14:00,189.665
196,12.07 15:00,165.507
196,12.07 16:00,178.321
196,12.07 17:00,177.284
196,12.07 18:00,181.505
196,12.07 19:00,190.328
196,12.07 20:00,177.743
196,12.07 21:00,178.488
196,12.07 22:00,141.53
196,12.07 23:00,177.616
196,13.07 00:00,189.088
196,13.07 01:00,101.083
196,13.07 02:00,161.843
196,13.07 03:00,185.317
196,13.07 04:00,185.431
196,13.07 05:00,186.304
196,13.07 06:00,161.612
196,13.07 07:00,173.709
196,13.07 08:00,184.725
196,13.07 09:00,173.205
196,13.07 10:00,138.062
196,13.07 11:00,177.734
196,13.07 12:00,177.583
196,13.07 13:00,177.693
196,13.07 14:00,177.141
196,13.07 15:00,177.44
196,13.07 16:00,176.546
196,13.07 17:00,178.792
196,13.07 18:00,177.969
196,13.07 19:00,165.218
196,13.07 20:00,177.453
196,13.07 21:00,189.308
196,13.07 22:00,189.849
196,13.07 23:00,200.749
196,14.07 00:00,165.661
196,14.07 01:00,186.702
196,14.07 02:00,173.222
196,14.07 03:00,184.537
196,14.07 04:00,172.412
196,14.07 05:00,198.43
196,14.07 06:00,162.052
196,14.07 07:00,161.396
196,14.07 08:00,198.955
196,14.07 09:00,161.341
196,14.07 10:00,172.256
196,14.07 11:00,189.528
196,14.07 12:00,189.754
196,14.07 13:00,189.219
196,14.07 14:00,177.794
196,14.07 15:00,200.848
196,14.07 16:00,177.663
196,14.07 17:00,178.187
196,14.07 18:00,178.782
196,14.07 19:00,153.653
196,14.07 20:00,171.069
196,14.07 21:00,177.9
196,14.07 22:00,189.608
196,14.07 23:00,189.322
196,15.07 00:00,190.042
196,15.07 01:00,174.713
196,15.07 02:00,174.412
196,15.07 03:00,214.683
196,15.07 04:00,174.609
196,15.07 05:00,173.832
196,15.07 06:00,162.099
196,15.07 07:00,197.413
196,15.07 08:00,172.15
196,15.07 09:00,161.09
196,15.07 10:00,162.044
196,15.07 11:00,177.443
196,15.07 12:00,165.443
196,15.07 13:00,165.297
196,15.07 14:00,189.688
196,15.07 15:00,176.157
196,15.07 16:00,178.232
196,15.07 17:00,190.414
196,15.07 18:00,177.385
196,15.07 19:00,164.965
196,15.07 20:00,166.701
196,15.07 21:00,189.112
196,15.07 22:00,177.721
196,15.07 23:00,141.024
196,16.07 00:00,153.922
196,16.07 01:00,184.372
196,16.07 02:00,172.627
196,16.07 03:00,149.309
196,16.07 04:00,173.205
196,16.07 05:00,173.787
196,16.07 06:00,173.532
196,16.07 07:00,173.54
196,16.07 08:00,173.334
196,16.07 09:00,173.306
196,16.07 10:00,173.489
196,16.07 11:00,172.144
196,16.07 12:00,172.837
196,16.07 13:00,172.612
196,16.07 14:00,173.848
196,16.07 15:00,172.994
196,16.07 16:00,172.375
196,16.07 17:00,172.805
196,16.07 18:00,174.746
196,16.07 19:00,173.656
196,16.07 20:00,173.705
196,16.07 21:00,172.679
196,16.07 22:00,173.706
196,16.07 23:00,173.421
196,17.07 00:00,174.846
196,17.07 01:00,173.606
196,17.07 02:00,174.398
196,17.07 03:00,173.933
196,17.07 04:00,173.353
196,17.07 05:00,169.555
196,17.07 06:00,174.726
196,17.07 07:00,173.852
196,17.07 08:00,173.735
196,17.07 09:00,173.681
196,17.07 10:00,174.696
196,17.07 11:00,173.648
196,17.07 12:00,173.772
196,17.07 13:00,174.578
196,17.07 14:00,174.803
196,17.07 15:00,173.48
196,17.07 16:00,173.433
196,17.07 17:00,174.445
196,17.07 18:00,174.196
196,17.07 19:00,173.972
196,17.07 20:00,173.65
196,17.07 21:00,174.296
196,17.07 22:00,174.039
196,17.07 23:00,173.522
196,18.07 00:00,174.784
196,18.07 01:00,173.292
196,18.07 02:00,174.179
196,18.07 03:00,173.91
196,18.07 04:00,173.874
196,18.07 05:00,174.502
196,18.07 06:00,174.214
196,18.07 07:00,173.787
196,18.07 08:00,173.655
196,18.07 09:00,173.344
196,18.07 10:00,174.162
196,18.07 11:00,173.589
196,18.07 12:00,173.674
196,18.07 13:00,174.744
196,18.07 14:00,173.828
196,18.07 15:00,173.858
196,18.07 16:00,173.488
196,18.07 17:00,173.415
196,18.07 18:00,173.372
196,18.07 19:00,166.784
196,18.07 20:00,1.003
196,18.07 21:00,1.005
196,18.07 22:00,1.003
196,18.07 23:00,1.001
196,19.07 00:00,0.996
196,19.07 01:00,0.996
196,19.07 02:00,1.0
196,19.07 03:00,0.998
196,19.07 04:00,1.0
196,19.07 05:00,1.002
196,19.07 06:00,1.0
196,19.07 07:00,0.998
196,19.07 08:00,1.002
196,19.07 09:00,0.998
196,19.07 10:00,0.999
196,19.07 11:00,178.535
196,19.07 12:00,154.096
196,19.07 13:00,203.936
196,19.07 14:00,177.8
196,19.07 15:00,190.325
196,19.07 16:00,166.378
196,19.07 17:00,164.741
196,19.07 18:00,189.067
196,19.07 19:00,154.001
196,19.07 20:00,190.804
196,19.07 21:00,166.422
196,19.07 22:00,177.174
196,19.07 23:00,190.102
196,20.07 00:00,165.758
196,20.07 01:00,174.055
196,20.07 02:00,148.438
196,20.07 03:00,184.93
196,20.07 04:00,197.836
196,20.07 05:00,160.334
196,20.07 06:00,173.867
196,20.07 07:00,185.643
196,20.07 08:00,159.862
196,20.07 09:00,184.52
196,20.07 10:00,161.491
196,20.07 11:00,164.525
196,20.07 12:00,174.54
196,20.07 13:00,165.645
196,20.07 14:00,200.919
196,20.07 15:00,188.55
196,20.07 16:00,190.688
196,20.07 17:00,190.447
196,20.07 18:00,166.143
196,20.07 19:00,202.772
196,20.07 20:00,178.582
196,20.07 21:00,165.564
196,20.07 22:00,190.812
196,20.07 23:00,188.466
196,21.07 00:00,202.191
196,21.07 01:00,210.303
196,21.07 02:00,197.998
196,21.07 03:00,210.8
196,21.07 04:00,174.407
196,21.07 05:00,186.417
196,21.07 06:00,196.311
196,21.07 07:00,210.543
196,21.07 08:00,184.576
196,21.07 09:00,173.589
196,21.07 10:00,161.519
196,21.07 11:00,190.447
196,21.07 12:00,188.692
196,21.07 13:00,189.544
196,21.07 14:00,142.392
196,21.07 15:00,141.588
196,21.07 16:00,165.545
196,21.07 17:00,165.247
196,21.07 18:00,176.858
196,21.07 19:00,189.642
196,21.07 20:00,190.529
196,21.07 21:00,165.437
196,21.07 22:00,142.353
196,21.07 23:00,176.408
196,22.07 00:00,201.392
196,22.07 01:00,165.765
196,22.07 02:00,173.975
196,22.07 03:00,174.063
196,22.07 04:00,197.979
196,22.07 05:00,186.594
196,22.07 06:00,162.583
196,22.07 07:00,172.385
196,22.07 08:00,138.11
196,22.07 09:00,209.374
196,22.07 10:00,172.227
196,22.07 11:00,189.866
196,22.07 12:00,166.617
196,22.07 13:00,166.206
196,22.07 14:00,165.277
196,22.07 15:00,177.316
196,22.07 16:00,176.533
196,22.07 17:00,178.246
196,22.07 18:00,154.659
196,22.07 19:00,214.686
196,22.07 20:00,177.96
196,22.07 21:00,212.451
196,22.07 22:00,176.197
196,22.07 23:00,176.484
196,23.07 00:00,178.05
196,23.07 01:00,197.803
196,23.07 02:00,149.278
196,23.07 03:00,211.04
196,23.07 04:00,185.523
196,23.07 05:00,174.342
196,23.07 06:00,162.329
196,23.07 07:00,189.514
196,23.07 08:00,198.456
196,23.07 09:00,149.917
196,23.07 10:00,173.316
196,23.07 11:00,202.754
196,23.07 12:00,166.43
196,23.07 13:00,190.739
196,23.07 14:00,189.496
196,23.07 15:00,189.88
196,23.07 16:00,214.556
196,23.07 17:00,189.728
196,23.07 18:00,178.734
196,23.07 19:00,178.472
196,23.07 20:00,201.455
196,23.07 21:00,177.622
196,23.07 22:00,201.085
196,23.07 23:00,189.847
196,24.07 00:00,178.796
196,24.07 01:00,186.335
196,24.07 02:00,186.417
196,24.07 03:00,162.22
196,24.07 04:00,163.707
196,24.07 05:00,174.389
196,24.07 06:00,197.816
196,24.07 07:00,197.461
196,24.07 08:00,161.363
196,24.07 09:00,184.087
196,24.07 10:00,138.395
196,24.07 11:00,201.074
196,24.07 12:00,190.85
196,24.07 13:00,202.355
196,24.07 14:00,178.695
196,24.07 15:00,189.235
196,24.07 16:00,165.351
196,24.07 17:00,189.647
196,24.07 18:00,178.4
196,24.07 19:00,178.006
196,24.07 20:00,190.538
196,24.07 21:00,190.556
196,24.07 22:00,189.681
196,24.07 23:00,177.981
196,25.07 00:00,165.377
196,25.07 01:00,165.786
196,25.07 02:00,142.22
196,25.07 03:00,178.173
196,25.07 04:00,177.317
196,25.07 05:00,219.377
196,25.07 06:00,211.103
196,25.07 07:00,212.174
196,25.07 08:00,212.721
196,25.07 09:00,211.247
196,25.07 10:00,211.225
196,25.07 11:00,212.178
196,25.07 12:00,164.996
196,25.07 13:00,166.781
196,25.07 14:00,202.634
196,25.07 15:00,200.193
196,25.07 16:00,189.262
196,25.07 17:00,177.864
196,25.07 18:00,177.219
196,25.07 19:00,157.293
196,25.07 20:00,146.449
196,25.07 21:00,169.106
196,25.07 22:00,177.654
196,25.07 23:00,180.522
196,26.07 00:00,204.152
196,26.07 01:00,192.613
196,26.07 02:00,204.526
196,26.07 03:00,203.288
196,26.07 04:00,204.027
196,26.07 05:00,180.618
196,26.07 06:00,192.927
196,26.07 07:00,227.863
196,26.07 08:00,204.277
196,26.07 09:00,228.857
196,26.07 10:00,191.983
196,26.07 11:00,192.062
196,26.07 12:00,216.311
196,26.07 13:00,192.329
196,26.07 14:00,179.495
196,26.07 15:00,203.217
196,26.07 16:00,180.596
196,26.07 17:00,202.988
196,26.07 18:00,191.965
196,26.07 19:00,191.62
196,26.07 20:00,155.573
196,26.07 21:00,180.516
196,26.07 22:00,179.138
196,26.07 23:00,191.645
196,27.07 00:00,215.529
196,27.07 01:00,168.74
196,27.07 02:00,180.07
196,27.07 03:00,215.113
196,27.07 04:00,192.767
196,27.07 05:00,191.273
196,27.07 06:00,192.755
196,27.07 07:00,191.896
196,27.07 08:00,216.047
196,27.07 09:00,168.939
196,27.07 10:00,216.227
196,27.07 11:00,203.887
196,27.07 12:00,179.517
196,27.07 13:00,215.21
196,27.07 14:00,191.492
196,27.07 15:00,191.968
196,27.07 16:00,190.286
196,27.07 17:00,165.494
196,27.07 18:00,128.55
196,27.07 19:00,153.582
196,27.07 20:00,189.782
196,27.07 21:00,153.59
196,27.07 22:00,153.427
196,27.07 23:00,164.852
196,28.07 00:00,189.547
196,28.07 01:00,149.667
196,28.07 02:00,186.131
196,28.07 03:00,198.305
196,28.07 04:00,185.651
196,28.07 05:00,174.213
196,28.07 06:00,162.1
196,28.07 07:00,184.655
196,28.07 08:00,150.583
196,28.07 09:00,210.034
196,28.07 10:00,173.194
196,28.07 11:00,164.627
196,28.07 12:00,202.209
196,28.07 13:00,165.328
196,28.07 14:00,166.645
196,28.07 15:00,168.418
196,28.07 16:00,190.455
196,28.07 17:00,166.073
196,28.07 18:00,165.642
196,28.07 19:00,166.036
196,28.07 20:00,189.919
196,28.07 21:00,164.914
196,28.07 22:00,166.387
196,28.07 23:00,189.095
196,29.07 00:00,185.79
196,29.07 01:00,174.282
196,29.07 02:00,161.989
196,29.07 03:00,138.547
196,29.07 04:00,184.612
196,29.07 05:00,197.128
196,29.07 06:00,150.301
196,29.07 07:00,149.356
196,29.07 08:00,185.148
196,29.07 09:00,197.177
196,29.07 10:00,174.45
196,29.07 11:00,153.234
196,29.07 12:00,177.186
196,29.07 13:00,177.214
196,29.07 14:00,189.602
196,29.07 15:00,153.663
196,29.07 16:00,189.588
196,29.07 17:00,177.42
196,29.07 18:00,213.134
196,29.07 19:00,165.378
196,29.07 20:00,188.948
196,29.07 21:00,141.768
196,29.07 22:00,178.117
196,29.07 23:00,225.856
196,30.07 00:00,164.722
196,30.07 01:00,162.189
196,30.07 02:00,162.413
196,30.07 03:00,175.458
196,30.07 04:00,162.005
196,30.07 05:00,185.337
196,30.07 06:00,162.275
196,30.07 07:00,209.298
196,30.07 08:00,161.993
196,30.07 09:00,186.824
196,30.07 10:00,172.208
196,30.07 11:00,190.712
196,30.07 12:00,177.813
196,30.07 13:00,214.587
196,30.07 14:00,165.321
196,30.07 15:00,212.143
196,30.07 16:00,200.337
196,30.07 17:00,202.175
196,30.07 18:00,214.595
196,30.07 19:00,190.275
196,30.07 20:00,190.891
196,30.07 21:00,189.108
196,30.07 22:00,166.605
196,30.07 23:00,226.096
196,31.07 00:00,173.391
196,31.07 01:00,196.216
196,31.07 02:00,196.423
196,31.07 03:00,184.333
196,31.07 04:00,209.672
196,31.07 05:00,185.235
196,31.07 06:00,174.188
196,31.07 07:00,174.474
196,31.07 08:00,185.524
196,31.07 09:00,172.822
196,31.07 10:00,209.435
196,31.07 11:00,190.631
196,31.07 12:00,207.263
196,31.07 13:00,178.777
196,31.07 14:00,165.483
196,31.07 15:00,177.659
196,31.07 16:00,178.161
196,31.07 17:00,165.871
196,31.07 18:00,178.161
196,31.07 19:00,201.832
196,31.07 20:00,165.211
196,31.07 21:00,178.336
196,31.07 22:00,200.239
196,31.07 23:00,154.476
196,01.08 00:00,176.675
196,01.08 01:00,155.369
196,01.08 02:00,173.201
196,01.08 03:00,136.588
196,01.08 04:00,160.325
196,01.08 05:00,161.068
196,01.08 06:00,185.382
196,01.08 07:00,137.868
196,01.08 08:00,186.333
196,01.08 09:00,198.615
196,01.08 10:00,174.718
196,01.08 11:00,201.459
196,01.08 12:00,176.193
196,01.08 13:00,154.005
196,01.08 14:00,191.998
196,01.08 15:00,192.655
196,01.08 16:00,180.006
196,01.08 17:00,215.584
196,01.08 18:00,192.463
196,01.08 19:00,166.655
196,01.08 20:00,166.157
196,01.08 21:00,166.271
196,01.08 22:00,177.133
196,01.08 23:00,178.599
196,02.08 00:00,177.749
196,02.08 01:00,187.721
196,02.08 02:00,210.861
196,02.08 03:00,162.747
196,02.08 04:00,185.751
196,02.08 05:00,161.41
196,02.08 06:00,186.768
196,02.08 07:00,173.883
196,02.08 08:00,148.342
196,02.08 09:00,162.708
196,02.08 10:00,160.949
196,02.08 11:00,178.551
196,02.08 12:00,177.443
196,02.08 13:00,177.157
196,02.08 14:00,165.748
196,02.08 15:00,164.965
196,02.08 16:00,189.202
196,02.08 17:00,153.338
196,02.08 18:00,154.687
196,02.08 19:00,190.405
196,02.08 20:00,190.025
196,02.08 21:00,164.756
196,02.08 22:00,201.416
196,02.08 23:00,202.872
196,03.08 00:00,190.754
196,03.08 01:00,173.349
196,03.08 02:00,196.506
196,03.08 03:00,173.177
196,03.08 04:00,184.112
196,03.08 05:00,197.768
196,03.08 06:00,149.452
196,03.08 07:00,161.363
196,03.08 08:00,173.315
196,03.08 09:00,148.683
196,03.08 10:00,161.363
196,03.08 11:00,152.511
196,03.08 12:00,166.692
196,03.08 13:00,176.219
196,03.08 14:00,165.311
196,03.08 15:00,188.896
196,03.08 16:00,165.695
196,03.08 17:00,189.119
196,03.08 18:00,189.105
196,03.08 19:00,189.379
196,03.08 20:00,190.516
196,03.08 21:00,177.55
196,03.08 22:00,177.465
196,03.08 23:00,177.281
196,04.08 00:00,201.055
196,04.08 01:00,174.369
196,04.08 02:00,173.116
196,04.08 03:00,223.059
196,04.08 04:00,173.615
196,04.08 05:00,150.203
196,04.08 06:00,209.471
196,04.08 07:00,172.141
196,04.08 08:00,148.943
196,04.08 09:00,154.664
196,11.08 18:00,0.0
196,12.08 14:00,248.921
196,12.08 15:00,263.155
196,12.08 16:00,248.06
196,12.08 17:00,247.467
196,12.08 18:00,288.064
196,12.08 19:00,258.634
196,12.08 20:00,265.119
196,12.08 21:00,257.93
196,12.08 22:00,244.335
196,12.08 23:00,202.557
196,13.08 00:00,205.287
196,13.08 01:00,216.45
196,13.08 02:00,218.859
196,13.08 03:00,211.13
196,13.08 04:00,218.01
196,13.08 05:00,216.636
196,13.08 06:00,225.705
196,13.08 07:00,218.712
196,13.08 08:00,214.171
196,13.08 09:00,224.767
196,13.08 10:00,221.848
196,13.08 11:00,241.091
196,13.08 12:00,249.191
196,13.08 13:00,246.79
196,13.08 14:00,249.412
196,13.08 15:00,250.563
196,13.08 16:00,256.279
196,13.08 17:00,259.732
196,13.08 18:00,249.185
196,13.08 19:00,248.636
196,13.08 20:00,228.344
196,13.08 21:00,234.553
196,13.08 22:00,270.837
196,13.08 23:00,239.531
196,14.08 00:00,259.662
196,14.08 01:00,239.628
196,14.08 02:00,218.517
196,14.08 03:00,214.483
196,14.08 04:00,223.419
196,14.08 05:00,217.807
196,14.08 06:00,220.295
196,14.08 07:00,210.908
196,14.08 08:00,212.296
196,14.08 09:00,224.335
196,14.08 10:00,238.362
196,14.08 11:00,218.728
196,14.08 12:00,218.995
196,14.08 13:00,222.491
196,14.08 14:00,224.78
196,14.08 15:00,251.889
196,14.08 16:00,212.562
196,14.08 17:00,216.69
196,14.08 18:00,210.593
196,14.08 19:00,215.662
196,14.08 20:00,212.873
196,14.08 21:00,219.527
196,14.08 22:00,214.209
196,14.08 23:00,202.62
196,15.08 00:00,220.244
196,15.08 01:00,225.266
196,15.08 02:00,219.238
196,15.08 03:00,219.773
196,15.08 04:00,218.158
196,15.08 05:00,211.885
196,15.08 06:00,208.094
196,15.08 07:00,220.134
196,15.08 08:00,218.231
196,15.08 09:00,220.373
196,15.08 10:00,249.389
196,15.08 11:00,238.327
196,15.08 12:00,243.088
196,15.08 13:00,248.285
196,15.08 14:00,252.042
196,15.08 15:00,258.364
196,15.08 16:00,253.636
196,15.08 17:00,254.341
196,15.08 18:00,265.165
196,15.08 19:00,264.527
196,15.08 20:00,259.36
196,15.08 21:00,262.883
196,15.08 22:00,257.82
196,15.08 23:00,231.199
196,16.08 00:00,241.305
196,16.08 01:00,237.507
196,16.08 02:00,230.348
196,16.08 03:00,237.165
196,16.08 04:00,228.604
196,16.08 05:00,229.717
196,16.08 06:00,230.041
196,16.08 07:00,224.859
196,16.08 08:00,230.586
196,16.08 09:00,236.812
196,16.08 10:00,261.72
196,16.08 11:00,257.039
196,16.08 12:00,249.085
196,16.08 13:00,265.2
196,16.08 14:00,270.675
196,16.08 15:00,274.226
196,16.08 16:00,264.969
196,16.08 17:00,263.186
196,16.08 18:00,261.79
196,16.08 19:00,265.247
196,16.08 20:00,268.1
196,16.08 21:00,261.68
196,16.08 22:00,254.798
196,16.08 23:00,212.076
196,17.08 00:00,221.094
196,17.08 01:00,226.29
196,17.08 02:00,226.954
196,17.08 03:00,222.854
196,17.08 04:00,213.908
196,17.08 05:00,226.779
196,17.08 06:00,226.423
196,17.08 07:00,208.238
196,17.08 08:00,225.613
196,17.08 09:00,219.104
196,17.08 10:00,252.228
196,17.08 11:00,260.609
196,17.08 12:00,249.901
196,17.08 13:00,284.075
196,17.08 14:00,280.893
196,17.08 15:00,281.996
196,17.08 16:00,304.255
196,17.08 17:00,299.325
196,17.08 18:00,282.456
196,17.08 19:00,286.21
196,17.08 20:00,286.299
196,17.08 21:00,285.124
196,17.08 22:00,285.078
196,17.08 23:00,240.389
196,18.08 00:00,252.372
196,18.08 01:00,256.89
196,18.08 02:00,265.048
196,18.08 03:00,253.411
196,18.08 04:00,248.62
196,18.08 05:00,255.579
196,18.08 06:00,248.802
196,18.08 07:00,249.896
196,18.08 08:00,256.8
196,18.08 09:00,252.331
196,18.08 10:00,283.358
196,18.08 11:00,261.25
196,18.08 12:00,276.963
196,18.08 13:00,276.441
196,18.08 14:00,282.447
196,18.08 15:00,284.471
196,18.08 16:00,283.323
196,18.08 17:00,279.405
196,18.08 18:00,283.768
196,18.08 19:00,285.364
196,18.08 20:00,268.198
196,18.08 21:00,267.292
196,18.08 22:00,247.807
196,18.08 23:00,218.838
196,19.08 00:00,223.216
196,19.08 01:00,223.118
196,19.08 02:00,226.975
196,19.08 03:00,221.805
196,19.08 04:00,225.113
196,19.08 05:00,219.147
196,19.08 06:00,228.517
196,19.08 07:00,218.062
196,19.08 08:00,229.625
196,19.08 09:00,225.921
196,19.08 10:00,257.982
196,19.08 11:00,242.544
196,19.08 12:00,249.971
196,19.08 13:00,265.98
196,19.08 14:00,0.0
196,19.08 15:00,256.918
196,19.08 16:00,267.918
196,19.08 17:00,258.869
196,19.08 18:00,265.0
196,19.08 19:00,252.311
196,19.08 20:00,245.37
196,19.08 21:00,240.305
196,19.08 22:00,272.389
196,19.08 23:00,220.759
196,20.08 00:00,229.061
196,20.08 01:00,220.795
196,20.08 02:00,212.372
196,20.08 03:00,215.942
196,20.08 04:00,213.672
196,20.08 05:00,220.34
196,20.08 06:00,223.643
196,20.08 07:00,216.288
196,20.08 08:00,219.735
196,20.08 09:00,223.959
196,20.08 10:00,219.732
196,20.08 11:00,222.95
196,20.08 12:00,231.153
196,20.08 13:00,240.786
196,20.08 14:00,249.715
196,20.08 15:00,249.018
196,20.08 16:00,226.605
196,20.08 17:00,220.541
196,20.08 18:00,216.419
196,20.08 19:00,226.097
196,20.08 20:00,216.2
196,20.08 21:00,202.513
196,20.08 22:00,211.47
196,20.08 23:00,217.734
196,21.08 00:00,226.931
196,21.08 01:00,212.158
196,21.08 02:00,229.306
196,21.08 03:00,216.294
196,21.08 04:00,211.307
196,21.08 05:00,220.991
196,21.08 06:00,227.345
196,21.08 07:00,222.471
196,21.08 08:00,227.932
196,21.08 09:00,230.03
196,21.08 10:00,230.978
196,21.08 11:00,207.777
196,21.08 12:00,198.789
196,21.08 13:00,206.541
196,21.08 14:00,209.613
196,21.08 15:00,213.407
196,21.08 16:00,212.173
196,21.08 17:00,215.8
196,21.08 18:00,203.362
196,21.08 19:00,215.024
196,21.08 20:00,205.858
196,21.08 21:00,214.306
196,21.08 22:00,201.995
196,21.08 23:00,213.768
196,22.08 00:00,214.792
196,22.08 01:00,220.56
196,22.08 02:00,218.311
196,22.08 03:00,220.366
196,22.08 04:00,223.937
196,22.08 05:00,217.968
196,22.08 06:00,228.333
196,22.08 07:00,221.86
196,22.08 08:00,220.198
196,22.08 09:00,236.211
196,22.08 10:00,226.541
196,22.08 11:00,234.219
196,22.08 12:00,242.579
196,22.08 13:00,270.725
196,22.08 14:00,276.097
196,22.08 15:00,278.729
196,22.08 16:00,272.301
196,22.08 17:00,273.286
196,22.08 18:00,269.514
196,22.08 19:00,273.377
196,22.08 20:00,273.334
196,22.08 21:00,262.283
196,22.08 22:00,259.69
196,22.08 23:00,252.282
196,23.08 00:00,251.261
196,23.08 01:00,257.664
196,23.08 02:00,238.407
196,23.08 03:00,229.696
196,23.08 04:00,232.237
196,23.08 05:00,231.969
196,23.08 06:00,225.409
196,23.08 07:00,226.504
196,23.08 08:00,222.939
196,23.08 09:00,230.643
196,23.08 10:00,249.926
196,23.08 11:00,244.802
196,23.08 12:00,249.179
196,23.08 13:00,261.408
196,23.08 14:00,240.507
196,23.08 15:00,277.217
196,23.08 16:00,264.391
196,23.08 17:00,259.731
196,23.08 18:00,266.126
196,23.08 19:00,264.829
196,23.08 20:00,262.603
196,23.08 21:00,265.062
196,23.08 22:00,252.876
196,23.08 23:00,248.603
196,24.08 00:00,257.49
196,24.08 01:00,242.659
196,24.08 02:00,218.855
196,24.08 03:00,219.729
196,24.08 04:00,226.382
196,24.08 05:00,224.616
196,24.08 06:00,219.199
196,24.08 07:00,212.503
196,24.08 08:00,215.294
196,24.08 09:00,222.151
196,24.08 10:00,219.142
196,24.08 11:00,238.874
196,24.08 12:00,252.586
196,24.08 13:00,268.582
196,24.08 14:00,266.946
196,24.08 15:00,287.11
196,24.08 16:00,273.328
196,24.08 17:00,267.254
196,24.08 18:00,275.016
196,24.08 19:00,281.586
196,24.08 20:00,308.943
196,24.08 21:00,266.844
196,24.08 22:00,265.813
196,24.08 23:00,268.009
196,25.08 00:00,268.011
196,25.08 01:00,265.77
196,25.08 02:00,266.616
196,25.08 03:00,267.938
196,25.08 04:00,1.004
196,25.08 05:00,1.002
196,25.08 06:00,0.999
196,25.08 07:00,1.003
196,25.08 08:00,0.997
196,25.08 09:00,0.998
196,25.08 10:00,1.002
196,25.08 11:00,1.003
196,25.08 12:00,0.997
196,25.08 13:00,0.995
196,25.08 14:00,0.995
196,25.08 15:00,0.999
196,25.08 16:00,1.002
196,25.08 17:00,1.001
196,25.08 18:00,0.996
196,25.08 19:00,1.0
196,25.08 20:00,0.997
196,25.08 21:00,1.0
196,25.08 22:00,1.003
196,25.08 23:00,267.876
196,26.08 00:00,258.684
196,26.08 01:00,248.995
196,26.08 02:00,255.417
196,26.08 03:00,250.957
196,26.08 04:00,244.602
196,26.08 05:00,251.842
196,26.08 06:00,257.629
196,26.08 07:00,249.293
196,26.08 08:00,257.461
196,26.08 09:00,243.669
196,26.08 10:00,250.096
196,26.08 11:00,269.617
196,26.08 12:00,305.491
196,26.08 13:00,327.644
196,26.08 14:00,274.461
196,26.08 15:00,303.407
196,26.08 16:00,311.814
196,26.08 17:00,313.757
196,26.08 18:00,306.371
196,26.08 19:00,300.541
196,26.08 20:00,304.8
196,26.08 21:00,280.386
196,26.08 22:00,263.415
196,26.08 23:00,258.082
196,27.08 00:00,255.288
196,27.08 01:00,262.809
196,27.08 02:00,261.783
196,27.08 03:00,254.766
196,27.08 04:00,255.638
196,27.08 05:00,248.308
196,27.08 06:00,251.53
196,27.08 07:00,246.135
196,27.08 08:00,250.963
196,27.08 09:00,247.113
196,27.08 10:00,247.96
196,27.08 11:00,275.927
196,27.08 12:00,259.239
196,27.08 13:00,265.954
196,27.08 14:00,282.057
196,27.08 15:00,280.538
196,27.08 16:00,271.655
196,27.08 17:00,267.74
196,27.08 18:00,298.279
196,27.08 19:00,270.6
196,27.08 20:00,274.189
196,27.08 21:00,271.898
196,27.08 22:00,229.847
196,27.08 23:00,235.118
196,28.08 00:00,228.272
196,28.08 01:00,239.583
196,28.08 02:00,233.991
196,28.08 03:00,222.831
196,28.08 04:00,221.365
196,28.08 05:00,224.811
196,28.08 06:00,217.834
196,28.08 07:00,226.083
196,28.08 08:00,214.288
196,28.08 09:00,218.134
196,28.08 10:00,211.312
196,28.08 11:00,207.554
196,28.08 12:00,215.528
196,28.08 13:00,208.859
196,28.08 14:00,245.09
196,28.08 15:00,245.975
196,28.08 16:00,249.79
196,28.08 17:00,248.455
196,28.08 18:00,236.302
196,28.08 19:00,231.538
196,28.08 20:00,205.818
196,28.08 21:00,215.726
196,28.08 22:00,215.994
196,28.08 23:00,218.779
196,29.08 00:00,214.785
196,29.08 01:00,223.147
196,29.08 02:00,222.283
196,29.08 03:00,215.18
196,29.08 04:00,211.067
196,29.08 05:00,213.088
196,29.08 06:00,215.466
196,29.08 07:00,221.645
196,29.08 08:00,227.325
196,29.08 09:00,227.274
196,29.08 10:00,246.541
196,29.08 11:00,238.564
196,29.08 12:00,242.528
196,29.08 13:00,260.284
196,29.08 14:00,264.302
196,29.08 15:00,265.098
196,29.08 16:00,262.58
196,29.08 17:00,263.498
196,29.08 18:00,262.893
196,29.08 19:00,269.428
196,29.08 20:00,280.238
196,29.08 21:00,257.396
196,29.08 22:00,251.221
196,29.08 23:00,223.263
196,30.08 00:00,228.098
196,30.08 01:00,225.406
196,30.08 02:00,220.259
196,30.08 03:00,230.241
196,30.08 04:00,225.652
196,30.08 05:00,222.597
196,30.08 06:00,232.506
196,30.08 07:00,225.223
196,30.08 08:00,229.83
196,30.08 09:00,225.535
196,30.08 10:00,238.193
196,30.08 11:00,242.786
196,30.08 12:00,254.294
196,30.08 13:00,254.363
196,30.08 14:00,268.229
196,30.08 15:00,282.208
196,30.08 16:00,283.122
196,30.08 17:00,288.722
196,30.08 18:00,281.518
196,30.08 19:00,279.24
196,30.08 20:00,268.785
196,30.08 21:00,279.226
196,30.08 22:00,285.5
196,30.08 23:00,259.076
196,31.08 00:00,242.845
196,31.08 01:00,242.529
196,31.08 02:00,224.872
196,31.08 03:00,222.498
196,31.08 04:00,224.515
196,31.08 05:00,255.698
196,31.08 06:00,242.547
196,31.08 07:00,250.165
196,31.08 08:00,250.963
196,31.08 09:00,251.214
196,31.08 10:00,253.83
196,31.08 11:00,245.184
196,31.08 12:00,254.106
196,31.08 13:00,265.251
196,31.08 14:00,282.466
196,31.08 15:00,273.304
196,31.08 16:00,314.983
196,31.08 17:00,271.394
196,31.08 18:00,287.46
196,31.08 19:00,279.875
196,31.08 20:00,285.513
196,31.08 21:00,274.998
196,31.08 22:00,273.828
196,31.08 23:00,256.497
196,01.09 00:00,255.294
196,01.09 01:00,257.502
196,01.09 02:00,259.461
196,01.09 03:00,255.815
196,01.09 04:00,253.776
196,01.09 05:00,246.912
196,01.09 06:00,265.664
196,01.09 07:00,259.403
196,01.09 08:00,259.638
196,01.09 09:00,244.879
196,01.09 10:00,245.553
196,01.09 11:00,241.815
196,01.09 12:00,241.458
196,01.09 13:00,252.96
196,01.09 14:00,271.326
196,01.09 15:00,274.582
196,01.09 16:00,284.86
196,01.09 17:00,282.239
196,01.09 18:00,325.681
196,01.09 19:00,304.104
196,01.09 20:00,282.854
196,01.09 21:00,262.425
196,01.09 22:00,263.965
196,01.09 23:00,255.399
196,02.09 00:00,279.564
196,02.09 01:00,270.682
196,02.09 02:00,270.146
196,02.09 03:00,272.859
196,02.09 04:00,267.216
196,02.09 05:00,269.336
196,02.09 06:00,269.946
196,02.09 07:00,269.885
196,02.09 08:00,273.184
196,02.09 09:00,263.593
196,02.09 10:00,269.839
196,02.09 11:00,266.836
196,02.09 12:00,286.195
196,02.09 13:00,274.67
196,02.09 14:00,285.47
196,02.09 15:00,285.325
196,02.09 16:00,290.553
196,02.09 17:00,357.317
196,02.09 18:00,277.789
196,02.09 19:00,290.915
196,02.09 20:00,293.843
196,02.09 21:00,292.114
196,02.09 22:00,274.237
196,02.09 23:00,272.857
196,03.09 00:00,275.141
196,03.09 01:00,337.581
196,03.09 02:00,291.071
196,03.09 03:00,303.137
196,03.09 04:00,281.392
196,03.09 05:00,295.289
196,03.09 06:00,286.743
196,03.09 07:00,280.894
196,03.09 08:00,282.4
196,03.09 09:00,298.442
196,03.09 10:00,279.535
196,03.09 11:00,284.952
196,03.09 12:00,313.41
196,03.09 13:00,314.162
196,03.09 14:00,325.887
196,03.09 15:00,325.632
196,03.09 16:00,390.347
196,03.09 17:00,0.0
196,03.09 18:00,0.0
196,03.09 19:00,0.0
196,03.09 20:00,0.0
196,03.09 21:00,0.0
196,03.09 22:00,0.0
196,03.09 23:00,0.0
196,04.09 00:00,340.267
196,04.09 01:00,305.509
196,04.09 02:00,285.025
196,04.09 03:00,312.478
196,04.09 04:00,301.287
196,04.09 05:00,255.507
196,04.09 06:00,244.778
196,04.09 07:00,239.96
196,04.09 08:00,238.199
196,04.09 09:00,245.191
196,04.09 10:00,244.478
196,04.09 11:00,249.136
196,04.09 12:00,255.235
196,04.09 13:00,251.792
196,04.09 14:00,273.755
196,04.09 15:00,277.93
196,04.09 16:00,279.082
196,04.09 17:00,265.004
196,04.09 18:00,274.013
196,04.09 19:00,277.779
196,04.09 20:00,255.256
196,04.09 21:00,240.51
196,04.09 22:00,223.568
196,04.09 23:00,230.641
196,05.09 00:00,238.484
196,05.09 01:00,248.842
196,05.09 02:00,244.352
196,05.09 03:00,221.171
196,05.09 04:00,223.917
196,05.09 05:00,221.508
196,05.09 06:00,226.871
196,05.09 07:00,232.417
196,05.09 08:00,226.661
196,05.09 09:00,223.666
196,05.09 10:00,223.996
196,05.09 11:00,231.664
196,05.09 12:00,224.907
196,05.09 13:00,234.137
196,05.09 14:00,242.125
196,05.09 15:00,244.89
196,05.09 16:00,253.8
196,05.09 17:00,243.438
196,05.09 18:00,228.583
196,05.09 19:00,223.711
196,05.09 20:00,229.925
196,05.09 21:00,233.864
196,05.09 22:00,228.385
196,05.09 23:00,225.303
196,06.09 00:00,234.853
196,06.09 01:00,240.12
196,06.09 02:00,236.753
196,06.09 03:00,227.669
196,06.09 04:00,232.862
196,06.09 05:00,225.262
196,06.09 06:00,224.038
196,06.09 07:00,235.303
196,06.09 08:00,228.312
196,06.09 09:00,227.345
196,06.09 10:00,239.921
196,06.09 11:00,235.354
196,06.09 12:00,252.794
196,06.09 13:00,261.275
196,06.09 14:00,270.676
196,06.09 15:00,271.426
196,06.09 16:00,279.416
196,06.09 17:00,264.035
196,06.09 18:00,275.937
196,06.09 19:00,265.388
196,06.09 20:00,259.275
196,06.09 21:00,267.554
196,06.09 22:00,248.573
196,06.09 23:00,242.848
196,07.09 00:00,238.814
196,07.09 01:00,232.118
196,07.09 02:00,228.029
196,07.09 03:00,222.528
196,07.09 04:00,234.426
196,07.09 05:00,220.957
196,07.09 06:00,217.267
196,07.09 07:00,227.209
196,07.09 08:00,221.093
196,07.09 09:00,226.763
196,07.09 10:00,222.651
196,07.09 11:00,247.978
196,07.09 12:00,244.984
196,07.09 13:00,265.001
196,07.09 14:00,269.078
196,07.09 15:00,268.417
196,07.09 16:00,263.385
196,07.09 17:00,268.628
196,07.09 18:00,269.982
196,07.09 19:00,283.414
196,07.09 20:00,283.353
196,07.09 22:00,241.402
196,07.09 23:00,241.012
196,08.09 00:00,253.242
196,08.09 01:00,225.048
196,08.09 02:00,226.093
196,08.09 03:00,229.698
196,08.09 04:00,224.899
196,08.09 05:00,225.434
196,08.09 06:00,226.952
196,08.09 07:00,224.543
196,08.09 08:00,228.838
196,08.09 09:00,222.966
196,08.09 10:00,225.233
196,08.09 11:00,264.096
196,08.09 12:00,254.745
196,08.09 13:00,269.125
196,08.09 14:00,270.019
196,08.09 15:00,301.301
196,08.09 16:00,272.517
196,08.09 17:00,281.134
196,08.09 18:00,275.043
196,08.09 19:00,278.656
196,08.09 20:00,272.116
196,08.09 21:00,263.479
196,08.09 22:00,233.638
196,08.09 23:00,242.949
196,09.09 00:00,268.347
196,09.09 01:00,231.039
196,09.09 02:00,223.448
196,09.09 03:00,224.824
196,09.09 04:00,235.196
196,09.09 05:00,220.078
196,09.09 06:00,226.524
196,09.09 07:00,223.007
196,09.09 08:00,226.703
196,09.09 09:00,232.451
196,09.09 10:00,224.471
196,09.09 11:00,242.953
196,09.09 12:00,245.184
196,09.09 13:00,258.385
196,09.09 14:00,269.353
196,09.09 15:00,271.824
196,09.09 16:00,266.708
196,09.09 17:00,253.02
196,09.09 18:00,263.378
196,09.09 19:00,263.428
196,09.09 20:00,265.965
196,09.09 21:00,256.429
196,09.09 22:00,240.896
196,09.09 23:00,225.043
196,10.09 00:00,228.664
196,10.09 01:00,229.41
196,10.09 02:00,227.265
196,10.09 03:00,230.11
196,10.09 04:00,227.318
196,10.09 05:00,232.483
196,10.09 06:00,220.478
196,10.09 07:00,231.317
196,10.09 08:00,221.989
196,10.09 09:00,224.048
196,10.09 10:00,225.532
196,10.09 11:00,216.621
196,10.09 12:00,208.238
196,10.09 13:00,209.599
196,10.09 14:00,212.314
196,10.09 15:00,211.288
196,10.09 16:00,215.003
196,10.09 17:00,208.082
196,10.09 18:00,208.621
196,10.09 19:00,212.029
196,10.09 20:00,209.564
196,10.09 21:00,213.363
196,10.09 22:00,203.889
196,10.09 23:00,215.012
196,11.09 00:00,224.182
196,11.09 01:00,233.217
196,11.09 02:00,234.241
196,11.09 03:00,231.007
196,11.09 04:00,226.668
196,11.09 05:00,221.251
196,11.09 06:00,225.226
196,11.09 07:00,225.313
196,11.09 08:00,226.717
196,11.09 09:00,224.402
196,11.09 10:00,226.029
196,11.09 11:00,216.479
196,11.09 12:00,205.541
196,11.09 13:00,203.507
196,11.09 14:00,203.326
196,11.09 15:00,206.959
196,11.09 16:00,213.001
196,11.09 17:00,207.746
196,11.09 18:00,220.731
196,11.09 19:00,214.229
196,11.09 20:00,207.899
196,11.09 21:00,208.466
196,11.09 22:00,205.289
196,11.09 23:00,217.336
196,12.09 00:00,224.819
196,12.09 01:00,227.839
196,12.09 02:00,225.286
196,12.09 03:00,218.292
196,12.09 04:00,225.719
196,12.09 05:00,221.07
196,12.09 06:00,219.97
196,12.09 07:00,220.922
196,12.09 08:00,215.009
196,12.09 09:00,217.82
196,12.09 10:00,219.779
196,12.09 11:00,240.268
196,12.09 12:00,252.433
196,12.09 13:00,262.666
196,12.09 14:00,273.61
196,12.09 15:00,265.989
196,12.09 16:00,267.569
196,12.09 17:00,271.598
196,12.09 18:00,263.962
196,12.09 19:00,267.076
196,12.09 20:00,265.321
196,12.09 21:00,261.05
196,12.09 22:00,235.275
196,12.09 23:00,243.859
196,13.09 00:00,243.93
196,13.09 01:00,243.335
196,13.09 02:00,212.327
196,13.09 03:00,220.289
196,13.09 04:00,217.337
196,13.09 05:00,218.816
196,13.09 06:00,220.31
196,13.09 07:00,212.589
196,13.09 08:00,219.076
196,13.09 09:00,224.069
196,13.09 10:00,230.028
196,13.09 11:00,249.336
196,13.09 12:00,250.14
196,13.09 13:00,254.049
196,13.09 14:00,258.847
196,13.09 15:00,277.123
196,13.09 16:00,257.23
196,13.09 17:00,256.638
196,13.09 18:00,264.396
196,13.09 19:00,270.726
196,13.09 20:00,262.959
196,13.09 21:00,261.406
196,13.09 22:00,238.981
196,13.09 23:00,242.325
196,14.09 00:00,248.224
196,14.09 01:00,242.293
196,14.09 02:00,223.438
196,14.09 03:00,217.654
196,14.09 04:00,227.426
196,14.09 05:00,229.454
196,14.09 06:00,220.318
196,14.09 07:00,222.412
196,14.09 08:00,228.63
196,14.09 09:00,226.563
196,14.09 10:00,216.239
196,14.09 11:00,240.475
196,14.09 12:00,254.275
196,14.09 13:00,260.981
196,14.09 14:00,253.367
196,14.09 15:00,262.028
196,14.09 16:00,264.285
196,14.09 17:00,260.362
196,14.09 18:00,258.792
196,14.09 19:00,260.689
196,14.09 20:00,262.268
196,14.09 21:00,267.229
196,14.09 22:00,240.844
196,14.09 23:00,240.16
196,15.09 00:00,234.588
196,15.09 01:00,220.128
196,15.09 02:00,228.146
196,15.09 03:00,224.957
196,15.09 04:00,225.816
196,15.09 05:00,221.994
196,15.09 06:00,220.986
196,15.09 07:00,222.033
196,15.09 09:00,219.812
196,15.09 10:00,217.443
196,15.09 11:00,251.701
196,15.09 12:00,244.083
196,15.09 13:00,254.24
196,15.09 14:00,261.598
196,15.09 15:00,262.524
196,15.09 16:00,260.252
196,15.09 17:00,250.683
196,15.09 18:00,255.485
196,15.09 19:00,254.592
196,15.09 20:00,262.159
196,15.09 21:00,256.773
196,15.09 22:00,241.675
196,15.09 23:00,236.833
196,16.09 00:00,230.195
196,16.09 01:00,222.835
196,16.09 02:00,211.458
196,16.09 03:00,218.392
196,16.09 04:00,216.794
196,16.09 05:00,221.351
196,16.09 06:00,217.581
196,16.09 07:00,216.944
196,16.09 08:00,226.153
196,16.09 09:00,227.41
196,16.09 10:00,217.963
196,16.09 11:00,246.031
196,16.09 12:00,242.378
196,16.09 13:00,244.83
196,16.09 14:00,252.095
196,16.09 15:00,261.501
196,16.09 16:00,248.505
196,16.09 17:00,247.291
196,16.09 18:00,248.453
196,16.09 19:00,245.641
196,16.09 20:00,248.517
196,16.09 21:00,243.12
196,16.09 22:00,237.291
196,16.09 23:00,220.831
196,17.09 00:00,218.484
196,17.09 01:00,225.238
196,17.09 02:00,219.753
196,17.09 03:00,217.617
196,17.09 04:00,217.916
196,17.09 05:00,217.014
196,17.09 06:00,218.941
196,17.09 07:00,222.723
196,17.09 08:00,217.553
196,17.09 09:00,220.739
196,17.09 10:00,230.155
196,17.09 11:00,209.949
196,17.09 12:00,207.88
196,17.09 13:00,198.332
196,17.09 14:00,206.681
196,17.09 15:00,202.065
196,17.09 16:00,205.91
196,17.09 17:00,205.606
196,17.09 18:00,209.001
196,17.09 19:00,205.602
196,17.09 20:00,201.42
196,17.09 21:00,212.526
196,17.09 22:00,207.099
196,17.09 23:00,221.041
196,18.09 00:00,223.986
196,18.09 01:00,217.861
196,18.09 02:00,209.502
196,18.09 03:00,220.084
196,18.09 04:00,223.633
196,18.09 05:00,220.799
196,18.09 06:00,220.044
196,18.09 07:00,222.333
196,18.09 08:00,217.294
196,18.09 09:00,219.388
196,18.09 10:00,224.703
196,18.09 11:00,211.821
196,18.09 12:00,206.095
196,18.09 13:00,205.628
196,18.09 14:00,201.824
196,18.09 15:00,203.378
196,18.09 16:00,201.619
196,18.09 17:00,227.91
196,18.09 18:00,232.531
196,18.09 19:00,223.132
196,18.09 20:00,222.162
196,18.09 21:00,211.688
196,18.09 22:00,225.81
196,18.09 23:00,222.796
196,19.09 00:00,244.175
196,19.09 01:00,242.267
196,19.09 02:00,245.071
196,19.09 03:00,214.676
196,19.09 04:00,224.808
196,19.09 05:00,219.777
196,19.09 06:00,220.195
196,19.09 07:00,218.238
196,19.09 08:00,218.393
196,19.09 09:00,219.822
196,19.09 10:00,227.155
196,19.09 11:00,254.052
196,19.09 12:00,256.033
196,19.09 13:00,253.729
196,19.09 14:00,261.937
196,19.09 15:00,258.86
196,19.09 16:00,261.676
196,19.09 17:00,257.488
196,19.09 18:00,258.591
196,19.09 19:00,252.585
196,19.09 20:00,255.336
196,19.09 21:00,241.003
196,19.09 22:00,238.528
196,19.09 23:00,230.536
196,20.09 00:00,241.826
196,20.09 01:00,240.436
196,20.09 02:00,232.56
196,20.09 03:00,217.917
196,20.09 04:00,218.124
196,20.09 05:00,218.914
196,20.09 06:00,225.73
196,20.09 07:00,216.714
196,20.09 08:00,213.663
196,20.09 09:00,223.72
196,20.09 10:00,217.201
196,20.09 11:00,251.342
196,20.09 12:00,247.323
196,20.09 13:00,246.976
196,20.09 14:00,265.136
196,20.09 15:00,260.628
196,20.09 16:00,298.606
196,20.09 17:00,250.418
196,20.09 18:00,281.43
196,20.09 19:00,248.682
196,20.09 20:00,0.0
196,20.09 21:00,222.942
196,20.09 22:00,234.09
196,20.09 23:00,210.962
196,21.09 00:00,221.173
196,21.09 01:00,223.634
196,21.09 02:00,218.524
196,21.09 03:00,221.388
196,21.09 04:00,219.653
196,21.09 05:00,221.477
196,21.09 06:00,219.603
196,21.09 07:00,218.342
196,21.09 08:00,220.361
196,21.09 09:00,230.735
196,21.09 10:00,216.43
196,21.09 11:00,283.132
196,21.09 12:00,275.307
196,21.09 13:00,292.948
196,21.09 14:00,295.539
196,21.09 15:00,320.797
196,21.09 16:00,310.247
196,21.09 17:00,315.197
196,21.09 18:00,314.856
196,21.09 19:00,373.548
196,21.09 20:00,313.413
196,21.09 21:00,308.66
196,21.09 22:00,305.176
196,21.09 23:00,279.142
196,22.09 00:00,291.612
196,22.09 01:00,301.076
196,22.09 02:00,267.494
196,22.09 03:00,248.71
196,22.09 04:00,237.236
196,22.09 05:00,245.599
196,22.09 06:00,241.029
196,22.09 07:00,253.449
196,22.09 08:00,239.564
196,22.09 09:00,239.691
196,22.09 10:00,249.171
196,22.09 11:00,273.577
196,22.09 12:00,278.711
196,22.09 13:00,290.269
196,22.09 14:00,296.356
196,22.09 15:00,293.291
196,22.09 16:00,291.024
196,22.09 17:00,292.748
196,22.09 18:00,293.709
196,22.09 19:00,302.716
196,22.09 20:00,295.401
196,22.09 21:00,274.118
196,22.09 22:00,270.554
196,22.09 23:00,284.838
196,23.09 00:00,245.579
196,23.09 01:00,243.847
196,23.09 02:00,252.83
196,23.09 03:00,241.5
196,23.09 04:00,242.164
196,23.09 05:00,265.373
196,23.09 06:00,266.732
196,23.09 07:00,259.204
196,23.09 08:00,262.859
196,23.09 09:00,261.891
196,23.09 10:00,255.811
196,23.09 11:00,264.562
196,23.09 12:00,271.473
196,23.09 13:00,274.76
196,23.09 14:00,330.635
196,23.09 15:00,337.385
196,23.09 16:00,335.768
196,23.09 17:00,326.971
196,23.09 18:00,354.651
196,23.09 19:00,344.233
196,23.09 20:00,339.062
196,23.09 21:00,322.742
196,23.09 22:00,306.889
196,23.09 23:00,295.927
196,24.09 00:00,338.102
196,24.09 01:00,308.258
196,24.09 02:00,311.797
196,24.09 03:00,302.695
196,24.09 04:00,303.181
196,24.09 05:00,307.809
196,24.09 06:00,303.254
196,24.09 07:00,308.674
196,24.09 08:00,291.732
196,24.09 09:00,295.813
196,24.09 10:00,334.139
196,24.09 11:00,332.689
196,24.09 12:00,332.328
196,24.09 13:00,0.0
196,24.09 14:00,0.0
196,24.09 15:00,0.0
196,24.09 16:00,0.0
196,24.09 17:00,0.0
196,24.09 18:00,0.0
196,24.09 19:00,0.0
196,24.09 20:00,0.0
196,24.09 21:00,0.0
196,24.09 22:00,325.307
196,24.09 23:00,302.046
196,25.09 00:00,316.831
196,25.09 01:00,306.159
196,25.09 02:00,316.092
196,25.09 03:00,273.929
196,25.09 04:00,270.556
196,25.09 05:00,239.645
196,25.09 06:00,250.856
196,25.09 07:00,244.618
196,25.09 08:00,245.945
196,25.09 09:00,246.355
196,25.09 10:00,246.475
196,25.09 11:00,249.598
196,25.09 12:00,273.897
196,25.09 13:00,281.35
196,25.09 14:00,326.36
196,25.09 15:00,282.57
196,25.09 16:00,280.69
196,25.09 17:00,274.073
196,25.09 18:00,272.081
196,25.09 19:00,261.877
196,25.09 20:00,229.774
196,25.09 21:00,222.226
196,25.09 22:00,248.224
196,25.09 23:00,224.67
196,26.09 00:00,241.721
196,26.09 01:00,224.982
196,26.09 02:00,230.533
196,26.09 03:00,226.667
196,26.09 04:00,229.433
196,26.09 05:00,232.34
196,26.09 06:00,224.775
196,26.09 07:00,225.253
196,26.09 08:00,237.644
196,26.09 09:00,234.731
196,26.09 10:00,233.556
196,26.09 11:00,260.704
196,26.09 12:00,262.377
196,26.09 13:00,265.597
196,26.09 14:00,267.903
196,26.09 15:00,267.175
196,26.09 16:00,271.202
196,26.09 17:00,262.51
196,26.09 18:00,273.073
196,26.09 19:00,280.433
196,26.09 20:00,257.898
196,26.09 21:00,254.48
196,26.09 22:00,253.075
196,26.09 23:00,239.98
196,27.09 00:00,235.716
196,27.09 01:00,222.048
196,27.09 02:00,220.991
196,27.09 03:00,224.623
196,27.09 04:00,218.517
196,27.09 05:00,232.441
196,27.09 06:00,218.156
196,27.09 07:00,219.851
196,27.09 08:00,227.98
196,27.09 09:00,220.722
196,27.09 10:00,228.661
196,27.09 11:00,250.22
196,27.09 12:00,260.898
196,27.09 13:00,280.068
196,27.09 14:00,291.076
196,27.09 15:00,286.987
196,27.09 16:00,297.89
196,27.09 17:00,319.256
196,27.09 18:00,299.84
196,27.09 19:00,289.193
196,27.09 20:00,289.321
196,27.09 21:00,281.645
196,27.09 22:00,265.159
196,27.09 23:00,246.467
196,28.09 00:00,253.72
196,28.09 01:00,235.096
196,28.09 02:00,223.363
196,28.09 03:00,230.376
196,28.09 04:00,222.449
196,28.09 05:00,217.255
196,28.09 06:00,216.982
196,28.09 07:00,221.155
196,28.09 08:00,217.907
196,28.09 09:00,221.654
196,28.09 10:00,227.183
196,28.09 11:00,282.305
196,28.09 12:00,291.687
196,28.09 13:00,301.806
196,28.09 14:00,287.91
196,28.09 15:00,277.863
196,28.09 16:00,281.945
196,28.09 17:00,290.26
196,28.09 18:00,282.701
196,28.09 19:00,317.983
196,28.09 20:00,294.338
196,28.09 21:00,280.607
196,28.09 22:00,265.274
196,28.09 23:00,235.324
196,29.09 00:00,236.507
196,29.09 01:00,243.595
196,29.09 02:00,223.018
196,29.09 03:00,225.426
196,29.09 04:00,215.219
196,29.09 05:00,217.599
196,29.09 06:00,220.068
196,29.09 07:00,220.803
196,29.09 08:00,218.258
196,29.09 09:00,219.013
196,29.09 10:00,220.248
196,29.09 11:00,272.295
196,29.09 12:00,258.98
196,29.09 13:00,284.466
196,29.09 14:00,276.677
196,29.09 15:00,290.233
196,29.09 16:00,288.788
196,29.09 17:00,310.408
196,29.09 18:00,282.359
196,29.09 19:00,283.671
196,29.09 20:00,275.413
196,29.09 21:00,274.644
196,29.09 22:00,270.041
196,29.09 23:00,249.311
196,30.09 00:00,255.949
196,30.09 01:00,222.969
196,30.09 02:00,219.212
196,30.09 03:00,227.582
196,30.09 04:00,237.142
196,30.09 05:00,217.171
196,30.09 06:00,212.538
196,30.09 07:00,220.067
196,30.09 08:00,206.688
196,30.09 09:00,215.889
196,30.09 10:00,238.433
196,30.09 11:00,239.513
196,30.09 12:00,231.083
196,30.09 13:00,265.396
196,30.09 14:00,272.516
196,30.09 15:00,281.832
196,30.09 16:00,254.385
196,30.09 17:00,243.661
196,30.09 18:00,238.054
196,30.09 19:00,241.869
196,30.09 20:00,251.993
196,30.09 21:00,241.278
196,30.09 22:00,237.569
196,30.09 23:00,222.842
