20,01.03 00:00,57.836
20,01.03 01:00,60.316
20,01.03 02:00,57.278
20,01.03 03:00,56.87
20,01.03 04:00,56.205
20,01.03 05:00,58.579
20,01.03 06:00,71.67
20,01.03 07:00,72.346
20,01.03 08:00,78.966
20,01.03 09:00,83.717
20,01.03 10:00,94.198
20,01.03 11:00,101.291
20,01.03 12:00,106.304
20,01.03 13:00,109.58
20,01.03 14:00,106.849
20,01.03 15:00,108.196
20,01.03 16:00,105.232
20,01.03 17:00,99.945
20,01.03 18:00,86.699
20,01.03 19:00,87.27
20,01.03 20:00,79.172
20,01.03 21:00,70.963
20,01.03 22:00,61.322
20,01.03 23:00,57.067
20,02.03 00:00,54.487
20,02.03 01:00,58.073
20,02.03 02:00,56.237
20,02.03 03:00,54.745
20,02.03 04:00,56.803
20,02.03 05:00,57.654
20,02.03 06:00,67.068
20,02.03 07:00,66.802
20,02.03 08:00,80.132
20,02.03 09:00,83.932
20,02.03 10:00,101.815
20,02.03 11:00,106.326
20,02.03 12:00,106.39
20,02.03 13:00,105.723
20,02.03 14:00,103.781
20,02.03 15:00,97.844
20,02.03 16:00,104.72
20,02.03 17:00,106.888
20,02.03 18:00,98.249
20,02.03 19:00,94.238
20,02.03 20:00,87.935
20,02.03 21:00,78.141
20,02.03 22:00,64.767
20,02.03 23:00,60.546
20,03.03 00:00,53.004
20,03.03 01:00,57.837
20,03.03 02:00,53.415
20,03.03 03:00,53.677
20,03.03 04:00,60.755
20,03.03 05:00,63.103
20,03.03 06:00,71.429
20,03.03 07:00,67.632
20,03.03 08:00,77.339
20,03.03 09:00,89.684
20,03.03 10:00,93.384
20,03.03 11:00,99.398
20,03.03 12:00,92.669
20,03.03 13:00,96.874
20,03.03 14:00,99.156
20,03.03 15:00,97.078
20,03.03 16:00,97.161
20,03.03 17:00,95.722
20,03.03 18:00,86.591
20,03.03 19:00,82.597
20,03.03 20:00,71.952
20,03.03 21:00,66.569
20,03.03 22:00,56.808
20,03.03 23:00,52.805
20,04.03 00:00,53.932
20,04.03 01:00,51.907
20,04.03 02:00,53.399
20,04.03 03:00,50.96
20,04.03 04:00,50.269
20,04.03 05:00,55.432
20,04.03 06:00,56.181
20,04.03 07:00,59.905
20,04.03 08:00,66.174
20,04.03 09:00,85.659
20,04.03 10:00,93.915
20,04.03 11:00,96.729
20,04.03 12:00,108.277
20,04.03 13:00,108.118
20,04.03 14:00,100.992
20,04.03 15:00,100.869
20,04.03 16:00,99.876
20,04.03 17:00,91.892
20,04.03 18:00,78.019
20,04.03 19:00,73.399
20,04.03 20:00,70.059
20,04.03 21:00,67.033
20,04.03 22:00,60.382
20,04.03 23:00,57.36
20,05.03 00:00,56.448
20,05.03 01:00,55.265
20,05.03 02:00,52.916
20,05.03 03:00,56.86
20,05.03 04:00,54.532
20,05.03 05:00,54.047
20,05.03 06:00,55.591
20,05.03 07:00,61.743
20,05.03 08:00,60.847
20,05.03 09:00,64.24
20,05.03 10:00,70.016
20,05.03 11:00,76.086
20,05.03 12:00,73.493
20,05.03 13:00,69.226
20,05.03 14:00,72.929
20,05.03 15:00,71.345
20,05.03 16:00,69.928
20,05.03 17:00,71.105
20,05.03 18:00,60.856
20,05.03 19:00,60.01
20,05.03 20:00,57.772
20,05.03 21:00,62.195
20,05.03 22:00,57.762
20,05.03 23:00,51.587
20,06.03 00:00,56.664
20,06.03 01:00,51.525
20,06.03 02:00,53.208
20,06.03 03:00,56.75
20,06.03 04:00,53.799
20,06.03 05:00,53.638
20,06.03 06:00,53.124
20,06.03 07:00,55.659
20,06.03 08:00,50.545
20,06.03 09:00,52.482
20,06.03 10:00,54.584
20,06.03 11:00,56.893
20,06.03 12:00,60.309
20,06.03 13:00,61.096
20,06.03 14:00,57.773
20,06.03 15:00,55.9
20,06.03 16:00,57.006
20,06.03 17:00,57.771
20,06.03 18:00,57.2
20,06.03 19:00,57.209
20,06.03 20:00,58.654
20,06.03 21:00,56.732
20,06.03 22:00,56.842
20,06.03 23:00,59.866
20,07.03 00:00,60.057
20,07.03 01:00,54.729
20,07.03 02:00,52.872
20,07.03 03:00,51.543
20,07.03 04:00,59.068
20,07.03 05:00,61.958
20,07.03 06:00,68.16
20,07.03 07:00,67.854
20,07.03 08:00,72.651
20,07.03 09:00,96.38
20,07.03 10:00,100.47
20,07.03 11:00,108.865
20,07.03 12:00,107.344
20,07.03 13:00,110.076
20,07.03 14:00,112.231
20,07.03 15:00,115.67
20,07.03 16:00,114.016
20,07.03 17:00,106.765
20,07.03 18:00,89.89
20,07.03 19:00,83.881
20,07.03 20:00,71.18
20,07.03 21:00,64.576
20,07.03 22:00,57.542
20,07.03 23:00,60.48
20,08.03 00:00,31.266
20,08.03 01:00,56.493
20,08.03 02:00,56.048
20,08.03 03:00,56.58
20,08.03 04:00,61.517
20,08.03 05:00,61.755
20,08.03 06:00,70.905
20,08.03 07:00,69.691
20,08.03 08:00,76.018
20,08.03 09:00,75.945
20,08.03 10:00,75.944
20,08.03 11:00,75.944
20,08.03 12:00,75.879
20,08.03 13:00,76.114
20,08.03 14:00,75.386
20,08.03 15:00,75.48
20,08.03 16:00,75.818
20,08.03 17:00,75.466
20,08.03 18:00,75.987
20,08.03 19:00,78.983
20,08.03 20:00,75.763
20,08.03 21:00,75.892
20,08.03 22:00,75.436
20,08.03 23:00,75.633
20,09.03 00:00,75.589
20,09.03 01:00,75.758
20,09.03 02:00,75.851
20,09.03 03:00,75.4
20,09.03 04:00,75.944
20,09.03 05:00,75.838
20,09.03 06:00,75.623
20,09.03 07:00,75.899
20,09.03 08:00,75.39
20,09.03 09:00,75.691
20,09.03 10:00,75.696
20,09.03 11:00,75.388
20,09.03 12:00,75.456
20,09.03 13:00,75.886
20,09.03 14:00,75.412
20,09.03 15:00,75.812
20,09.03 16:00,75.763
20,09.03 17:00,75.407
20,09.03 18:00,75.81
20,09.03 19:00,76.015
20,09.03 20:00,76.102
20,09.03 21:00,75.658
20,09.03 22:00,75.765
20,09.03 23:00,75.744
20,10.03 00:00,75.4
20,10.03 01:00,75.558
20,10.03 02:00,75.38
20,10.03 03:00,75.824
20,10.03 04:00,75.95
20,10.03 05:00,75.435
20,10.03 06:00,75.472
20,10.03 07:00,75.504
20,10.03 08:00,75.399
20,10.03 09:00,75.939
20,10.03 10:00,75.911
20,10.03 11:00,75.696
20,10.03 12:00,75.669
20,10.03 13:00,75.933
20,10.03 14:00,75.412
20,10.03 15:00,75.709
20,10.03 16:00,76.088
20,10.03 17:00,75.616
20,10.03 18:00,75.707
20,10.03 19:00,76.099
20,10.03 20:00,75.516
20,10.03 21:00,76.096
20,10.03 22:00,75.917
20,10.03 23:00,75.672
20,11.03 00:00,75.375
20,11.03 01:00,75.955
20,11.03 02:00,75.882
20,11.03 03:00,75.531
20,11.03 04:00,75.93
20,11.03 05:00,75.456
20,11.03 06:00,75.422
20,11.03 07:00,75.912
20,11.03 08:00,75.533
20,11.03 09:00,76.059
20,11.03 10:00,75.544
20,11.03 11:00,75.495
20,11.03 12:00,75.952
20,11.03 13:00,75.831
20,11.03 14:00,75.692
20,11.03 15:00,76.035
20,11.03 16:00,75.562
20,11.03 17:00,75.728
20,11.03 18:00,76.104
20,11.03 19:00,75.432
20,11.03 20:00,76.053
20,11.03 21:00,76.033
20,11.03 22:00,75.559
20,11.03 23:00,75.746
20,12.03 00:00,75.906
20,12.03 01:00,75.971
20,12.03 02:00,75.848
20,12.03 03:00,75.871
20,12.03 04:00,75.588
20,12.03 05:00,75.685
20,12.03 06:00,75.828
20,12.03 07:00,75.382
20,12.03 08:00,75.785
20,12.03 09:00,75.634
20,12.03 10:00,75.901
20,12.03 11:00,75.42
20,12.03 12:00,76.063
20,12.03 13:00,75.789
20,12.03 14:00,77.313
20,12.03 15:00,75.638
20,12.03 16:00,75.763
20,12.03 17:00,75.774
20,12.03 18:00,75.973
20,12.03 19:00,76.049
20,12.03 20:00,76.026
20,12.03 21:00,76.059
20,12.03 22:00,75.389
20,12.03 23:00,76.069
20,13.03 00:00,75.973
20,13.03 01:00,76.075
20,13.03 02:00,75.557
20,13.03 03:00,75.441
20,13.03 04:00,75.918
20,13.03 05:00,75.591
20,13.03 06:00,75.437
20,13.03 07:00,75.644
20,13.03 08:00,76.049
20,13.03 09:00,76.067
20,13.03 10:00,75.798
20,13.03 11:00,75.868
20,13.03 12:00,75.727
20,13.03 13:00,75.519
20,13.03 14:00,75.549
20,13.03 15:00,75.607
20,13.03 16:00,75.712
20,13.03 17:00,75.757
20,13.03 18:00,75.841
20,13.03 19:00,75.833
20,13.03 20:00,76.102
20,13.03 21:00,76.051
20,13.03 22:00,75.728
20,13.03 23:00,75.564
20,14.03 00:00,75.493
20,14.03 01:00,75.709
20,14.03 02:00,75.455
20,14.03 03:00,76.098
20,14.03 04:00,75.514
20,14.03 05:00,75.958
20,14.03 06:00,75.69
20,14.03 07:00,75.887
20,14.03 08:00,75.896
20,14.03 09:00,75.751
20,14.03 10:00,75.442
20,14.03 11:00,79.752
20,14.03 12:00,75.487
20,14.03 13:00,75.574
20,14.03 14:00,76.033
20,14.03 15:00,75.41
20,14.03 16:00,76.0
20,14.03 17:00,75.622
20,14.03 18:00,76.126
20,14.03 19:00,75.704
20,14.03 20:00,75.571
20,14.03 21:00,75.949
20,14.03 22:00,75.945
20,14.03 23:00,75.386
20,15.03 00:00,75.905
20,15.03 01:00,75.992
20,15.03 02:00,75.463
20,15.03 03:00,75.89
20,15.03 04:00,76.085
20,15.03 05:00,75.521
20,15.03 06:00,75.642
20,15.03 07:00,75.671
20,15.03 08:00,75.787
20,15.03 09:00,75.641
20,15.03 10:00,75.531
20,15.03 11:00,75.833
20,15.03 12:00,75.987
20,15.03 13:00,75.547
20,15.03 14:00,75.493
20,15.03 15:00,75.98
20,15.03 16:00,75.539
20,15.03 17:00,75.828
20,15.03 18:00,76.102
20,15.03 19:00,76.056
20,15.03 20:00,75.88
20,15.03 21:00,75.312
20,15.03 22:00,75.639
20,15.03 23:00,75.428
20,16.03 00:00,75.648
20,16.03 01:00,75.597
20,16.03 02:00,75.627
20,16.03 03:00,76.063
20,16.03 04:00,75.409
20,16.03 05:00,76.11
20,16.03 06:00,75.794
20,16.03 07:00,75.873
20,16.03 08:00,75.786
20,16.03 09:00,75.547
20,16.03 10:00,75.767
20,16.03 11:00,75.925
20,16.03 12:00,75.998
20,16.03 13:00,75.564
20,16.03 14:00,76.097
20,16.03 15:00,75.711
20,16.03 16:00,75.373
20,16.03 17:00,75.572
20,16.03 18:00,75.377
20,16.03 19:00,75.759
20,16.03 20:00,76.115
20,16.03 21:00,75.682
20,16.03 22:00,75.767
20,16.03 23:00,75.591
20,17.03 00:00,75.433
20,17.03 01:00,75.897
20,17.03 02:00,75.619
20,17.03 03:00,76.073
20,17.03 04:00,75.72
20,17.03 05:00,75.66
20,17.03 06:00,76.046
20,17.03 07:00,76.005
20,17.03 08:00,75.741
20,17.03 09:00,76.081
20,17.03 10:00,75.904
20,17.03 11:00,76.083
20,17.03 12:00,75.822
20,17.03 13:00,75.928
20,17.03 14:00,75.517
20,17.03 15:00,75.916
20,17.03 16:00,75.674
20,17.03 17:00,75.803
20,17.03 18:00,75.805
20,17.03 19:00,76.028
20,17.03 20:00,75.589
20,17.03 21:00,75.95
20,17.03 22:00,76.054
20,17.03 23:00,75.429
20,18.03 00:00,76.126
20,18.03 01:00,75.48
20,18.03 02:00,76.089
20,18.03 03:00,76.084
20,18.03 04:00,75.44
20,18.03 05:00,75.522
20,18.03 06:00,76.088
20,18.03 07:00,75.68
20,18.03 08:00,75.887
20,18.03 09:00,75.971
20,18.03 10:00,75.545
20,18.03 11:00,75.7
20,18.03 12:00,75.576
20,18.03 13:00,75.64
20,18.03 14:00,76.057
20,18.03 15:00,75.521
20,18.03 16:00,75.943
20,18.03 17:00,75.647
20,18.03 18:00,75.565
20,18.03 19:00,76.0
20,18.03 20:00,75.924
20,18.03 21:00,75.977
20,18.03 22:00,75.606
20,18.03 23:00,75.603
20,19.03 00:00,75.565
20,19.03 01:00,75.915
20,19.03 02:00,76.08
20,19.03 03:00,75.657
20,19.03 04:00,75.568
20,19.03 05:00,76.083
20,19.03 06:00,75.623
20,19.03 07:00,76.128
20,19.03 08:00,75.675
20,19.03 09:00,75.759
20,19.03 10:00,75.41
20,19.03 11:00,75.576
20,19.03 12:00,75.83
20,19.03 13:00,76.024
20,19.03 14:00,75.618
20,19.03 15:00,76.036
20,19.03 16:00,75.494
20,19.03 17:00,75.515
20,19.03 18:00,75.883
20,19.03 19:00,75.993
20,19.03 20:00,75.968
20,19.03 21:00,75.507
20,19.03 22:00,75.799
20,19.03 23:00,75.863
20,20.03 00:00,75.537
20,20.03 01:00,75.876
20,20.03 02:00,75.469
20,20.03 03:00,75.786
20,20.03 04:00,75.467
20,20.03 05:00,75.431
20,20.03 06:00,75.554
20,20.03 07:00,75.377
20,20.03 08:00,75.402
20,20.03 09:00,76.08
20,20.03 10:00,76.027
20,20.03 11:00,75.861
20,20.03 12:00,75.794
20,20.03 13:00,75.751
20,20.03 14:00,75.717
20,20.03 15:00,75.913
20,20.03 16:00,75.775
20,20.03 17:00,75.529
20,20.03 18:00,77.936
20,20.03 19:00,75.924
20,20.03 20:00,75.833
20,20.03 21:00,75.395
20,20.03 22:00,75.812
20,20.03 23:00,75.721
20,21.03 00:00,75.828
20,21.03 01:00,75.589
20,21.03 02:00,75.627
20,21.03 03:00,75.472
20,21.03 04:00,75.543
20,21.03 05:00,75.611
20,21.03 06:00,76.124
20,21.03 07:00,75.716
20,21.03 08:00,75.507
20,21.03 09:00,75.916
20,21.03 10:00,75.788
20,21.03 11:00,76.031
20,21.03 12:00,75.535
20,21.03 13:00,75.446
20,21.03 14:00,75.95
20,21.03 15:00,75.89
20,21.03 16:00,75.396
20,21.03 17:00,75.896
20,21.03 18:00,75.928
20,21.03 19:00,76.106
20,21.03 20:00,75.711
20,21.03 21:00,75.705
20,21.03 22:00,75.757
20,21.03 23:00,75.593
20,22.03 00:00,76.122
20,22.03 01:00,75.69
20,22.03 02:00,76.113
20,22.03 03:00,75.723
20,22.03 04:00,75.373
20,22.03 05:00,75.818
20,22.03 06:00,75.393
20,22.03 07:00,75.877
20,22.03 08:00,76.028
20,22.03 09:00,75.977
20,22.03 10:00,75.546
20,22.03 11:00,75.83
20,22.03 12:00,75.859
20,22.03 13:00,75.626
20,22.03 14:00,75.487
20,22.03 15:00,75.609
20,22.03 16:00,75.425
20,22.03 17:00,76.01
20,22.03 18:00,75.97
20,22.03 19:00,75.979
20,22.03 20:00,75.38
20,22.03 21:00,75.589
20,22.03 22:00,75.775
20,22.03 23:00,75.479
20,23.03 00:00,75.762
20,23.03 01:00,75.196
20,23.03 02:00,76.004
20,23.03 03:00,75.669
20,23.03 04:00,75.767
20,23.03 05:00,75.855
20,23.03 06:00,75.409
20,23.03 07:00,75.861
20,23.03 08:00,75.86
20,23.03 09:00,75.537
20,23.03 10:00,75.779
20,23.03 11:00,76.042
20,23.03 12:00,75.506
20,23.03 13:00,76.06
20,23.03 14:00,75.81
20,23.03 15:00,75.582
20,23.03 16:00,75.437
20,23.03 17:00,75.415
20,23.03 18:00,75.643
20,23.03 19:00,76.014
20,23.03 20:00,76.056
20,23.03 21:00,75.97
20,23.03 22:00,76.008
20,23.03 23:00,76.044
20,24.03 00:00,75.876
20,24.03 01:00,75.669
20,24.03 02:00,75.85
20,24.03 03:00,76.062
20,24.03 04:00,75.582
20,24.03 05:00,75.936
20,24.03 06:00,75.513
20,24.03 07:00,75.66
20,24.03 08:00,75.872
20,24.03 09:00,75.88
20,24.03 10:00,75.757
20,24.03 11:00,75.892
20,24.03 12:00,75.441
20,24.03 13:00,75.935
20,24.03 14:00,75.923
20,24.03 15:00,75.828
20,24.03 16:00,75.629
20,24.03 17:00,76.107
20,24.03 18:00,75.551
20,24.03 19:00,75.726
20,24.03 20:00,75.777
20,24.03 21:00,75.749
20,24.03 22:00,76.028
20,24.03 23:00,75.636
20,25.03 00:00,75.658
20,25.03 01:00,75.896
20,25.03 02:00,75.909
20,25.03 03:00,75.701
20,25.03 04:00,75.405
20,25.03 05:00,76.03
20,25.03 06:00,76.081
20,25.03 07:00,75.606
20,25.03 08:00,76.023
20,25.03 09:00,75.765
20,25.03 10:00,74.085
20,25.03 11:00,75.791
20,25.03 12:00,75.929
20,25.03 13:00,75.884
20,25.03 14:00,75.891
20,25.03 15:00,75.811
20,25.03 16:00,75.79
20,25.03 17:00,75.556
20,25.03 18:00,76.123
20,25.03 19:00,75.929
20,25.03 20:00,75.945
20,25.03 21:00,75.502
20,25.03 22:00,76.114
20,25.03 23:00,75.615
20,26.03 00:00,75.538
20,26.03 01:00,75.993
20,26.03 02:00,75.941
20,26.03 03:00,75.417
20,26.03 04:00,75.683
20,26.03 05:00,76.038
20,26.03 06:00,75.465
20,26.03 07:00,75.608
20,26.03 08:00,75.974
20,26.03 09:00,75.579
20,26.03 10:00,75.721
20,26.03 11:00,75.829
20,26.03 12:00,75.866
20,26.03 13:00,75.648
20,26.03 14:00,75.496
20,26.03 15:00,75.73
20,26.03 16:00,75.615
20,26.03 17:00,75.551
20,26.03 18:00,75.693
20,26.03 19:00,75.614
20,26.03 20:00,75.376
20,26.03 21:00,75.627
20,26.03 22:00,75.849
20,26.03 23:00,76.128
20,27.03 00:00,75.924
20,27.03 01:00,75.901
20,27.03 02:00,75.618
20,27.03 03:00,79.591
20,27.03 04:00,76.01
20,27.03 05:00,75.658
20,27.03 06:00,75.702
20,27.03 07:00,76.085
20,27.03 08:00,75.805
20,27.03 09:00,75.511
20,27.03 10:00,76.094
20,27.03 11:00,75.957
20,27.03 12:00,76.111
20,27.03 13:00,75.621
20,27.03 14:00,75.39
20,27.03 15:00,75.773
20,27.03 16:00,76.114
20,27.03 17:00,75.599
20,27.03 18:00,75.548
20,27.03 19:00,76.081
20,27.03 20:00,76.093
20,27.03 21:00,75.573
20,27.03 22:00,75.783
20,27.03 23:00,75.405
20,28.03 00:00,75.792
20,28.03 01:00,75.386
20,28.03 02:00,75.497
20,28.03 03:00,75.76
20,28.03 04:00,75.452
20,28.03 05:00,75.594
20,28.03 06:00,75.994
20,28.03 07:00,75.684
20,28.03 08:00,75.932
20,28.03 09:00,75.903
20,28.03 10:00,75.937
20,28.03 11:00,75.681
20,28.03 12:00,75.698
20,28.03 13:00,75.647
20,28.03 14:00,75.861
20,28.03 15:00,75.828
20,28.03 16:00,75.5
20,28.03 17:00,75.844
20,28.03 18:00,76.128
20,28.03 19:00,75.973
20,28.03 20:00,76.12
20,28.03 21:00,75.664
20,28.03 22:00,75.934
20,28.03 23:00,75.859
20,29.03 00:00,76.064
20,29.03 01:00,75.853
20,29.03 02:00,76.075
20,29.03 03:00,76.072
20,29.03 04:00,75.949
20,29.03 05:00,75.737
20,29.03 06:00,75.482
20,29.03 07:00,75.405
20,29.03 08:00,75.736
20,29.03 09:00,75.826
20,29.03 10:00,75.646
20,29.03 11:00,75.81
20,29.03 12:00,75.523
20,29.03 13:00,76.053
20,29.03 14:00,76.058
20,29.03 15:00,75.982
20,29.03 16:00,75.877
20,29.03 17:00,75.477
20,29.03 18:00,75.95
20,29.03 19:00,75.887
20,29.03 20:00,75.518
20,29.03 21:00,76.003
20,29.03 22:00,75.815
20,29.03 23:00,75.637
20,30.03 00:00,75.833
20,30.03 01:00,75.643
20,30.03 02:00,75.656
20,30.03 03:00,75.777
20,30.03 04:00,75.964
20,30.03 05:00,75.543
20,30.03 06:00,75.44
20,30.03 07:00,73.638
20,30.03 08:00,75.656
20,30.03 09:00,75.439
20,30.03 10:00,75.745
20,30.03 11:00,76.088
20,30.03 12:00,75.895
20,30.03 13:00,76.094
20,30.03 14:00,75.592
20,30.03 15:00,75.605
20,30.03 16:00,75.518
20,30.03 17:00,75.853
20,30.03 18:00,75.404
20,30.03 19:00,76.115
20,30.03 20:00,75.225
20,30.03 21:00,76.09
20,30.03 22:00,75.565
20,30.03 23:00,75.796
20,31.03 00:00,76.082
20,31.03 01:00,75.707
20,31.03 02:00,75.606
20,31.03 03:00,75.98
20,31.03 04:00,75.761
20,31.03 05:00,75.647
20,31.03 06:00,75.961
20,31.03 07:00,75.39
20,31.03 08:00,75.397
20,31.03 09:00,76.113
20,31.03 10:00,75.834
20,31.03 11:00,75.647
20,31.03 12:00,75.743
20,31.03 13:00,75.621
20,31.03 14:00,75.9
20,31.03 15:00,76.095
20,31.03 16:00,75.597
20,31.03 17:00,75.464
20,31.03 18:00,75.771
20,31.03 19:00,76.109
20,31.03 20:00,75.477
20,31.03 21:00,75.556
20,31.03 22:00,75.46
20,31.03 23:00,75.628
20,01.04 00:00,75.74
20,01.04 01:00,75.53
20,01.04 02:00,75.736
20,01.04 03:00,75.944
20,01.04 04:00,76.001
20,01.04 05:00,76.064
20,01.04 06:00,75.897
20,01.04 07:00,75.662
20,01.04 08:00,75.376
20,01.04 09:00,75.902
20,01.04 10:00,75.715
20,01.04 11:00,75.816
20,01.04 12:00,75.821
20,01.04 13:00,75.546
20,01.04 14:00,73.05
20,01.04 15:00,75.942
20,01.04 16:00,76.015
20,01.04 17:00,75.554
20,01.04 18:00,75.66
20,01.04 19:00,75.425
20,01.04 20:00,75.952
20,01.04 21:00,75.967
20,01.04 22:00,76.092
20,01.04 23:00,75.801
20,02.04 00:00,75.536
20,02.04 01:00,75.447
20,02.04 02:00,75.468
20,02.04 03:00,75.804
20,02.04 04:00,76.048
20,02.04 05:00,75.884
20,02.04 06:00,75.474
20,02.04 07:00,75.476
20,02.04 08:00,75.802
20,02.04 09:00,75.909
20,02.04 10:00,75.484
20,02.04 11:00,75.973
20,02.04 12:00,75.995
20,02.04 13:00,75.393
20,02.04 14:00,76.037
20,02.04 15:00,75.527
20,02.04 16:00,75.423
20,02.04 17:00,76.071
20,02.04 18:00,76.064
20,02.04 19:00,75.59
20,02.04 20:00,75.947
20,02.04 21:00,75.485
20,02.04 22:00,75.569
20,02.04 23:00,75.95
20,03.04 00:00,75.651
20,03.04 01:00,75.456
20,03.04 02:00,76.121
20,03.04 03:00,76.045
20,03.04 04:00,75.667
20,03.04 05:00,75.783
20,03.04 06:00,75.481
20,03.04 07:00,75.558
20,03.04 08:00,75.676
20,03.04 09:00,75.95
20,03.04 10:00,75.884
20,03.04 11:00,76.03
20,03.04 12:00,75.795
20,03.04 13:00,75.372
20,03.04 14:00,75.525
20,03.04 15:00,75.707
20,03.04 16:00,75.899
20,03.04 17:00,75.411
20,03.04 18:00,75.561
20,03.04 19:00,75.55
20,03.04 20:00,75.477
20,03.04 21:00,75.995
20,03.04 22:00,75.497
20,03.04 23:00,75.601
20,04.04 00:00,75.843
20,04.04 01:00,75.728
20,04.04 02:00,75.97
20,04.04 03:00,75.912
20,04.04 04:00,75.53
20,04.04 05:00,76.04
20,04.04 06:00,75.862
20,04.04 07:00,75.763
20,04.04 08:00,75.63
20,04.04 09:00,75.546
20,04.04 10:00,75.424
20,04.04 11:00,75.422
20,04.04 12:00,75.651
20,04.04 13:00,75.917
20,04.04 14:00,75.997
20,04.04 15:00,75.838
20,04.04 16:00,75.685
20,04.04 17:00,75.468
20,04.04 18:00,75.657
20,04.04 19:00,75.587
20,04.04 20:00,75.838
20,04.04 21:00,75.756
20,04.04 22:00,75.831
20,04.04 23:00,75.485
20,05.04 00:00,76.114
20,05.04 01:00,75.81
20,05.04 02:00,75.636
20,05.04 03:00,75.459
20,05.04 04:00,75.419
20,05.04 05:00,76.096
20,05.04 06:00,75.919
20,05.04 07:00,75.773
20,05.04 08:00,75.84
20,05.04 09:00,76.007
20,05.04 10:00,75.568
20,05.04 11:00,76.109
20,05.04 12:00,76.101
20,05.04 13:00,75.725
20,05.04 14:00,76.126
20,05.04 15:00,76.075
20,05.04 16:00,76.089
20,05.04 17:00,75.764
20,05.04 18:00,75.853
20,05.04 19:00,76.009
20,05.04 20:00,75.937
20,05.04 21:00,75.639
20,05.04 22:00,75.642
20,05.04 23:00,75.403
20,06.04 00:00,76.02
20,06.04 01:00,79.008
20,06.04 02:00,75.715
20,06.04 03:00,75.577
20,06.04 04:00,75.451
20,06.04 05:00,75.661
20,06.04 06:00,75.889
20,06.04 07:00,75.805
20,06.04 08:00,75.998
20,06.04 09:00,75.851
20,06.04 10:00,75.545
20,06.04 11:00,76.027
20,06.04 12:00,75.89
20,06.04 13:00,75.937
20,06.04 14:00,76.092
20,06.04 15:00,75.828
20,06.04 16:00,75.652
20,06.04 17:00,75.392
20,06.04 18:00,75.775
20,06.04 19:00,75.527
20,06.04 20:00,75.538
20,06.04 21:00,76.016
20,06.04 22:00,75.504
20,06.04 23:00,75.518
20,07.04 00:00,75.534
20,07.04 01:00,75.554
20,07.04 02:00,75.943
20,07.04 03:00,76.073
20,07.04 04:00,75.41
20,07.04 05:00,75.771
20,07.04 06:00,75.674
20,07.04 07:00,75.454
20,07.04 08:00,75.785
20,07.04 09:00,75.463
20,07.04 10:00,75.526
20,07.04 11:00,75.667
20,07.04 12:00,75.984
20,07.04 13:00,75.988
20,07.04 14:00,75.761
20,07.04 15:00,75.715
20,07.04 16:00,75.445
20,07.04 17:00,75.459
20,07.04 18:00,75.888
20,07.04 19:00,75.411
20,07.04 20:00,75.941
20,07.04 21:00,75.678
20,07.04 22:00,75.714
20,07.04 23:00,75.865
20,08.04 00:00,75.754
20,08.04 01:00,75.754
20,08.04 02:00,75.95
20,08.04 03:00,76.009
20,08.04 04:00,75.942
20,08.04 05:00,75.812
20,08.04 06:00,72.843
20,08.04 07:00,75.942
20,08.04 08:00,75.496
20,08.04 09:00,76.076
20,08.04 10:00,75.562
20,08.04 11:00,76.123
20,08.04 12:00,76.007
20,08.04 13:00,76.101
20,08.04 14:00,75.487
20,08.04 15:00,75.809
20,08.04 16:00,76.011
20,08.04 17:00,78.941
20,08.04 18:00,75.382
20,08.04 19:00,75.753
20,08.04 20:00,76.048
20,08.04 21:00,76.063
20,08.04 22:00,75.95
20,08.04 23:00,75.636
20,09.04 00:00,75.759
20,09.04 01:00,75.547
20,09.04 02:00,75.698
20,09.04 03:00,76.086
20,09.04 04:00,75.821
20,09.04 05:00,75.402
20,09.04 06:00,75.425
20,09.04 07:00,75.819
20,09.04 08:00,75.97
20,09.04 09:00,75.892
20,09.04 10:00,75.718
20,09.04 11:00,75.811
20,09.04 12:00,75.896
20,09.04 13:00,75.585
20,09.04 14:00,75.411
20,09.04 15:00,76.118
20,09.04 16:00,75.628
20,09.04 17:00,75.828
20,09.04 18:00,75.855
20,09.04 19:00,75.406
20,09.04 20:00,75.454
20,09.04 21:00,76.016
20,09.04 22:00,75.397
20,09.04 23:00,75.554
20,10.04 00:00,75.806
20,10.04 01:00,76.126
20,10.04 02:00,75.706
20,10.04 03:00,75.505
20,10.04 04:00,75.58
20,10.04 05:00,75.728
20,10.04 06:00,75.501
20,10.04 07:00,75.373
20,10.04 08:00,75.637
20,10.04 09:00,75.558
20,10.04 10:00,75.428
20,10.04 11:00,75.995
20,10.04 12:00,75.507
20,10.04 13:00,75.612
20,10.04 14:00,75.778
20,10.04 15:00,76.032
20,10.04 16:00,75.622
20,10.04 17:00,75.648
20,10.04 18:00,75.451
20,10.04 19:00,75.709
20,10.04 20:00,75.61
20,10.04 21:00,75.891
20,10.04 22:00,75.642
20,10.04 23:00,75.859
20,11.04 00:00,75.668
20,11.04 01:00,75.861
20,11.04 02:00,75.639
20,11.04 03:00,75.545
20,11.04 04:00,75.539
20,11.04 05:00,76.047
20,11.04 06:00,75.514
20,11.04 07:00,76.062
20,11.04 08:00,75.892
20,11.04 09:00,75.587
20,11.04 10:00,75.469
20,11.04 11:00,75.922
20,11.04 12:00,75.699
20,11.04 13:00,75.596
20,11.04 14:00,76.104
20,11.04 15:00,75.563
20,11.04 16:00,75.771
20,11.04 17:00,76.058
20,11.04 18:00,75.91
20,11.04 19:00,75.508
20,11.04 20:00,75.961
20,11.04 21:00,76.005
20,11.04 22:00,75.443
20,11.04 23:00,75.876
20,12.04 00:00,75.481
20,12.04 01:00,76.095
20,12.04 02:00,76.11
20,12.04 03:00,75.812
20,12.04 04:00,75.486
20,12.04 05:00,75.609
20,12.04 06:00,75.91
20,12.04 07:00,75.897
20,12.04 08:00,75.546
20,12.04 09:00,75.403
20,12.04 10:00,75.491
20,12.04 11:00,75.578
20,12.04 12:00,75.913
20,12.04 13:00,75.651
20,12.04 14:00,75.433
20,12.04 15:00,75.93
20,12.04 16:00,76.013
20,12.04 17:00,75.976
20,12.04 18:00,75.562
20,12.04 19:00,75.757
20,12.04 20:00,75.791
20,12.04 21:00,76.012
20,12.04 22:00,75.777
20,12.04 23:00,75.776
20,13.04 00:00,75.423
20,13.04 01:00,75.424
20,13.04 02:00,75.895
20,13.04 03:00,75.944
20,13.04 04:00,75.424
20,13.04 05:00,75.772
20,13.04 06:00,76.069
20,13.04 07:00,76.112
20,13.04 08:00,76.037
20,13.04 09:00,76.002
20,13.04 10:00,75.44
20,13.04 11:00,76.058
20,13.04 12:00,75.924
20,13.04 13:00,75.929
20,13.04 14:00,75.516
20,13.04 15:00,76.002
20,13.04 16:00,76.128
20,13.04 17:00,75.536
20,13.04 18:00,76.11
20,13.04 19:00,75.749
20,13.04 20:00,75.559
20,13.04 21:00,75.888
20,13.04 22:00,75.461
20,13.04 23:00,75.965
20,14.04 00:00,75.621
20,14.04 01:00,75.88
20,14.04 02:00,76.018
20,14.04 03:00,75.427
20,14.04 04:00,76.035
20,14.04 05:00,75.492
20,14.04 06:00,75.578
20,14.04 07:00,75.717
20,14.04 08:00,75.772
20,14.04 09:00,75.782
20,14.04 10:00,75.552
20,14.04 11:00,75.613
20,14.04 12:00,75.852
20,14.04 13:00,75.391
20,14.04 14:00,75.918
20,14.04 15:00,75.765
20,14.04 16:00,75.962
20,14.04 17:00,75.546
20,14.04 18:00,75.938
20,14.04 19:00,75.873
20,14.04 20:00,75.671
20,14.04 21:00,75.912
20,14.04 22:00,75.897
20,14.04 23:00,75.983
20,15.04 00:00,75.802
20,15.04 01:00,76.04
20,15.04 02:00,75.718
20,15.04 03:00,75.533
20,15.04 04:00,75.52
20,15.04 05:00,75.461
20,15.04 06:00,75.498
20,15.04 07:00,75.557
20,15.04 08:00,75.445
20,15.04 09:00,75.859
20,15.04 10:00,75.53
20,15.04 11:00,75.541
20,15.04 12:00,75.677
20,15.04 13:00,75.493
20,15.04 14:00,75.723
20,15.04 15:00,75.514
20,15.04 16:00,75.488
20,15.04 17:00,75.797
20,15.04 18:00,75.808
20,15.04 19:00,76.078
20,15.04 20:00,75.836
20,15.04 21:00,75.716
20,15.04 22:00,75.575
20,15.04 23:00,75.629
20,16.04 00:00,75.393
20,16.04 01:00,75.481
20,16.04 02:00,76.116
20,16.04 03:00,75.938
20,16.04 04:00,75.554
20,16.04 05:00,75.811
20,16.04 06:00,75.388
20,16.04 07:00,75.68
20,16.04 08:00,75.61
20,16.04 09:00,75.732
20,16.04 10:00,75.774
20,16.04 11:00,75.495
20,16.04 12:00,75.587
20,16.04 13:00,75.422
20,16.04 14:00,75.917
20,16.04 15:00,75.469
20,16.04 16:00,75.767
20,16.04 17:00,75.415
20,16.04 18:00,75.808
20,16.04 19:00,75.793
20,16.04 20:00,75.826
20,16.04 21:00,75.644
20,16.04 22:00,75.654
20,16.04 23:00,75.775
20,17.04 00:00,75.971
20,17.04 01:00,75.551
20,17.04 02:00,75.995
20,17.04 03:00,76.032
20,17.04 04:00,75.375
20,17.04 05:00,76.097
20,17.04 06:00,75.765
20,17.04 07:00,75.371
20,17.04 08:00,76.087
20,17.04 09:00,75.977
20,17.04 10:00,76.091
20,17.04 11:00,75.477
20,17.04 12:00,75.5
20,17.04 13:00,75.527
20,17.04 14:00,75.617
20,17.04 15:00,75.755
20,17.04 16:00,75.768
20,17.04 17:00,76.055
20,17.04 18:00,75.98
20,17.04 19:00,75.739
20,17.04 20:00,75.885
20,17.04 21:00,75.529
20,17.04 22:00,75.514
20,17.04 23:00,75.786
20,18.04 00:00,75.928
20,18.04 01:00,74.807
20,18.04 02:00,75.437
20,18.04 03:00,75.451
20,18.04 04:00,75.387
20,18.04 05:00,75.584
20,18.04 06:00,75.926
20,18.04 07:00,75.784
20,18.04 08:00,75.389
20,18.04 09:00,76.113
20,18.04 10:00,75.787
20,18.04 11:00,75.908
20,18.04 12:00,76.127
20,18.04 13:00,75.516
20,18.04 14:00,76.018
20,18.04 15:00,75.65
20,18.04 16:00,75.4
20,18.04 17:00,75.52
20,18.04 18:00,75.934
20,18.04 19:00,75.545
20,18.04 20:00,76.064
20,18.04 21:00,75.415
20,18.04 22:00,75.588
20,18.04 23:00,76.579
20,19.04 00:00,75.825
20,19.04 01:00,75.602
20,19.04 02:00,75.611
20,19.04 03:00,75.808
20,19.04 04:00,75.849
20,19.04 05:00,75.934
20,19.04 06:00,76.064
20,19.04 07:00,75.998
20,19.04 08:00,76.091
20,19.04 09:00,75.814
20,19.04 10:00,75.741
20,19.04 11:00,76.02
20,19.04 12:00,75.877
20,19.04 13:00,75.601
20,19.04 14:00,75.452
20,19.04 15:00,75.624
20,19.04 16:00,75.872
20,19.04 17:00,75.578
20,19.04 18:00,75.868
20,19.04 19:00,75.624
20,19.04 20:00,75.686
20,19.04 21:00,76.103
20,19.04 22:00,75.975
20,19.04 23:00,76.083
20,20.04 00:00,75.39
20,20.04 01:00,75.898
20,20.04 02:00,75.542
20,20.04 03:00,75.506
20,20.04 04:00,75.788
20,20.04 05:00,75.706
20,20.04 06:00,75.764
20,20.04 07:00,75.962
20,20.04 08:00,76.114
20,20.04 09:00,75.539
20,20.04 10:00,75.705
20,20.04 11:00,75.667
20,20.04 12:00,75.862
20,20.04 13:00,75.463
20,20.04 14:00,75.903
20,20.04 15:00,75.962
20,20.04 16:00,75.761
20,20.04 17:00,76.027
20,20.04 18:00,75.679
20,20.04 19:00,75.569
20,20.04 20:00,75.815
20,20.04 21:00,75.614
20,20.04 22:00,75.682
20,20.04 23:00,75.933
20,21.04 00:00,75.856
20,21.04 01:00,75.726
20,21.04 02:00,75.51
20,21.04 03:00,75.638
20,21.04 04:00,75.543
20,21.04 05:00,76.015
20,21.04 06:00,75.465
20,21.04 07:00,75.855
20,21.04 08:00,75.68
20,21.04 09:00,75.497
20,21.04 10:00,75.927
20,21.04 11:00,75.564
20,21.04 12:00,75.499
20,21.04 13:00,75.843
20,21.04 14:00,75.687
20,21.04 15:00,76.073
20,21.04 16:00,76.055
20,21.04 17:00,75.813
20,21.04 18:00,75.979
20,21.04 19:00,75.721
20,21.04 20:00,76.113
20,21.04 21:00,75.573
20,21.04 22:00,75.766
20,21.04 23:00,75.665
20,22.04 00:00,75.867
20,22.04 01:00,75.858
20,22.04 02:00,75.927
20,22.04 03:00,75.599
20,22.04 04:00,76.082
20,22.04 05:00,75.49
20,22.04 06:00,76.096
20,22.04 07:00,75.88
20,22.04 08:00,75.988
20,22.04 09:00,75.972
20,22.04 10:00,76.126
20,22.04 11:00,75.423
20,22.04 12:00,75.532
20,22.04 13:00,75.428
20,22.04 14:00,75.893
20,22.04 15:00,76.085
20,22.04 16:00,76.053
20,22.04 17:00,76.127
20,22.04 18:00,76.081
20,22.04 19:00,75.812
20,22.04 20:00,75.469
20,22.04 21:00,75.943
20,22.04 22:00,75.885
20,22.04 23:00,75.846
20,23.04 00:00,75.573
20,23.04 01:00,75.71
20,23.04 02:00,76.071
20,23.04 03:00,75.647
20,23.04 04:00,75.988
20,23.04 05:00,75.923
20,23.04 06:00,75.728
20,23.04 07:00,75.695
20,23.04 08:00,76.012
20,23.04 09:00,75.941
20,23.04 10:00,0.0
20,23.04 11:00,0.0
20,23.04 12:00,0.0
20,23.04 13:00,0.0
20,23.04 14:00,0.0
20,23.04 15:00,0.0
20,23.04 16:00,0.0
20,23.04 17:00,0.0
20,23.04 18:00,0.0
20,23.04 19:00,0.0
20,23.04 20:00,0.0
20,23.04 21:00,0.0
20,23.04 22:00,0.0
20,23.04 23:00,0.0
20,24.04 00:00,0.0
20,24.04 01:00,0.0
20,24.04 02:00,0.0
20,24.04 03:00,0.0
20,24.04 04:00,0.0
20,24.04 05:00,0.0
20,24.04 06:00,0.0
20,24.04 07:00,0.0
20,24.04 08:00,0.0
20,24.04 09:00,0.0
20,24.04 10:00,0.0
20,24.04 11:00,0.0
20,24.04 12:00,0.0
20,24.04 13:00,0.0
20,24.04 14:00,0.0
20,24.04 15:00,0.0
20,24.04 16:00,0.0
20,24.04 17:00,0.0
20,24.04 18:00,0.0
20,24.04 19:00,0.0
20,24.04 20:00,0.0
20,24.04 21:00,0.0
20,24.04 22:00,0.0
20,24.04 23:00,0.0
20,25.04 00:00,0.0
20,25.04 01:00,0.0
20,25.04 02:00,0.0
20,25.04 03:00,0.0
20,25.04 04:00,0.0
20,25.04 05:00,0.0
20,25.04 06:00,0.0
20,25.04 07:00,0.0
20,25.04 08:00,0.0
20,25.04 09:00,0.0
20,25.04 10:00,0.0
20,25.04 11:00,0.0
20,25.04 12:00,0.0
20,25.04 13:00,0.0
20,25.04 14:00,0.0
20,25.04 15:00,0.0
20,25.04 16:00,0.0
20,25.04 17:00,0.0
20,25.04 18:00,0.0
20,25.04 19:00,0.0
20,25.04 20:00,0.0
20,25.04 21:00,0.0
20,25.04 22:00,0.0
20,25.04 23:00,0.0
20,26.04 00:00,0.0
20,26.04 01:00,0.0
20,26.04 02:00,0.0
20,26.04 03:00,0.0
20,26.04 04:00,0.0
20,26.04 05:00,0.0
20,26.04 06:00,0.0
20,26.04 07:00,0.0
20,26.04 08:00,0.0
20,26.04 09:00,0.0
20,26.04 10:00,0.0
20,26.04 11:00,0.0
20,26.04 12:00,0.0
20,26.04 13:00,0.0
20,26.04 14:00,0.0
20,26.04 15:00,0.0
20,26.04 16:00,0.0
20,26.04 17:00,0.0
20,26.04 18:00,0.0
20,26.04 19:00,0.0
20,26.04 20:00,0.0
20,26.04 21:00,0.0
20,26.04 22:00,0.0
20,26.04 23:00,0.0
20,27.04 00:00,0.0
20,27.04 01:00,0.0
20,27.04 02:00,0.0
20,27.04 03:00,0.0
20,27.04 04:00,0.0
20,27.04 05:00,0.0
20,27.04 06:00,0.0
20,27.04 07:00,0.0
20,27.04 08:00,0.0
20,27.04 09:00,0.0
20,27.04 10:00,0.0
20,27.04 11:00,0.0
20,27.04 12:00,0.0
20,27.04 13:00,0.0
20,27.04 14:00,0.0
20,27.04 15:00,0.0
20,27.04 16:00,0.0
20,27.04 17:00,0.0
20,27.04 18:00,0.0
20,27.04 19:00,0.0
20,27.04 20:00,0.0
20,27.04 21:00,0.0
20,27.04 22:00,0.0
20,27.04 23:00,0.0
20,28.04 00:00,0.0
20,28.04 01:00,0.0
20,28.04 02:00,0.0
20,28.04 03:00,0.0
20,28.04 04:00,0.0
20,28.04 05:00,0.0
20,28.04 06:00,0.0
20,28.04 07:00,0.0
20,28.04 08:00,0.0
20,28.04 09:00,0.0
20,28.04 10:00,0.0
20,28.04 11:00,0.0
20,28.04 12:00,0.0
20,28.04 13:00,0.0
20,28.04 14:00,0.0
20,28.04 15:00,0.0
20,28.04 16:00,0.0
20,28.04 17:00,0.0
20,28.04 18:00,0.0
20,28.04 19:00,0.0
20,28.04 20:00,0.0
20,28.04 21:00,0.0
20,28.04 22:00,0.0
20,28.04 23:00,0.0
20,29.04 00:00,0.0
20,29.04 01:00,0.0
20,29.04 02:00,0.0
20,29.04 03:00,0.0
20,29.04 04:00,0.0
20,29.04 05:00,0.0
20,29.04 06:00,0.0
20,29.04 07:00,0.0
20,29.04 08:00,0.0
20,29.04 09:00,0.0
20,29.04 10:00,0.0
20,29.04 11:00,0.0
20,29.04 12:00,0.0
20,29.04 13:00,0.0
20,29.04 14:00,0.0
20,29.04 15:00,0.0
20,29.04 16:00,0.0
20,29.04 17:00,0.0
20,29.04 18:00,0.0
20,29.04 19:00,0.0
20,29.04 20:00,0.0
20,29.04 21:00,0.0
20,29.04 22:00,0.0
20,29.04 23:00,0.0
20,30.04 00:00,0.0
20,30.04 01:00,0.0
20,30.04 02:00,0.0
20,30.04 03:00,0.0
20,30.04 04:00,0.0
20,30.04 05:00,0.0
20,30.04 06:00,0.0
20,30.04 07:00,0.0
20,30.04 08:00,0.0
20,30.04 09:00,0.0
20,30.04 10:00,0.0
20,30.04 11:00,0.0
20,30.04 12:00,0.0
20,30.04 13:00,0.0
20,30.04 14:00,0.0
20,30.04 15:00,0.0
20,30.04 16:00,0.0
20,30.04 17:00,0.0
20,30.04 18:00,0.0
20,30.04 19:00,0.0
20,30.04 20:00,0.0
20,30.04 21:00,0.0
20,30.04 22:00,0.0
20,30.04 23:00,0.0
20,01.05 00:00,0.0
20,01.05 01:00,0.0
20,01.05 02:00,0.0
20,01.05 03:00,0.0
20,01.05 04:00,0.0
20,01.05 05:00,0.0
20,01.05 06:00,0.0
20,01.05 07:00,0.0
20,01.05 08:00,0.0
20,01.05 09:00,0.0
20,01.05 10:00,0.0
20,01.05 11:00,0.0
20,01.05 12:00,0.0
20,01.05 13:00,0.0
20,01.05 14:00,0.0
20,01.05 15:00,0.0
20,01.05 16:00,0.0
20,01.05 17:00,0.0
20,01.05 18:00,0.0
20,01.05 19:00,0.0
20,01.05 20:00,0.0
20,01.05 21:00,0.0
20,01.05 22:00,0.0
20,01.05 23:00,0.0
20,02.05 00:00,0.0
20,02.05 01:00,0.0
20,02.05 02:00,0.0
20,02.05 03:00,0.0
20,02.05 04:00,0.0
20,02.05 05:00,0.0
20,02.05 06:00,0.0
20,02.05 07:00,0.0
20,02.05 08:00,0.0
20,02.05 09:00,0.0
20,02.05 10:00,0.0
20,02.05 11:00,0.0
20,02.05 12:00,0.0
20,02.05 13:00,0.0
20,02.05 14:00,0.0
20,02.05 15:00,0.0
20,02.05 16:00,0.0
20,02.05 17:00,0.0
20,02.05 18:00,0.0
20,02.05 19:00,0.0
20,02.05 20:00,0.0
20,02.05 21:00,0.0
20,02.05 22:00,0.0
20,02.05 23:00,0.0
20,03.05 00:00,0.0
20,03.05 01:00,0.0
20,03.05 02:00,0.0
20,03.05 03:00,0.0
20,03.05 04:00,0.0
20,03.05 05:00,0.0
20,03.05 06:00,0.0
20,03.05 07:00,0.0
20,03.05 08:00,0.0
20,03.05 09:00,0.0
20,03.05 10:00,0.0
20,03.05 11:00,0.0
20,03.05 12:00,0.0
20,03.05 13:00,0.0
20,03.05 14:00,0.0
20,03.05 15:00,0.0
20,03.05 16:00,0.0
20,03.05 17:00,0.0
20,03.05 18:00,0.0
20,03.05 19:00,0.0
20,03.05 20:00,0.0
20,03.05 21:00,0.0
20,03.05 22:00,0.0
20,03.05 23:00,0.0
20,04.05 00:00,0.0
20,04.05 01:00,0.0
20,04.05 02:00,0.0
20,04.05 03:00,0.0
20,04.05 04:00,0.0
20,04.05 05:00,0.0
20,04.05 06:00,0.0
20,04.05 07:00,0.0
20,04.05 08:00,0.0
20,04.05 09:00,0.0
20,04.05 10:00,0.0
20,04.05 11:00,0.0
20,04.05 12:00,0.0
20,04.05 13:00,0.0
20,04.05 14:00,0.0
20,04.05 15:00,0.0
20,04.05 16:00,0.0
20,04.05 17:00,0.0
20,04.05 18:00,0.0
20,04.05 19:00,0.0
20,04.05 20:00,0.0
20,04.05 21:00,0.0
20,04.05 22:00,0.0
20,04.05 23:00,0.0
20,05.05 00:00,0.0
20,05.05 01:00,0.0
20,05.05 02:00,0.0
20,05.05 03:00,0.0
20,05.05 04:00,0.0
20,05.05 05:00,0.0
20,05.05 06:00,0.0
20,05.05 07:00,0.0
20,05.05 08:00,0.0
20,05.05 09:00,0.0
20,05.05 10:00,0.0
20,05.05 11:00,0.0
20,05.05 12:00,0.0
20,05.05 13:00,0.0
20,05.05 14:00,0.0
20,05.05 15:00,0.0
20,05.05 16:00,0.0
20,05.05 17:00,0.0
20,05.05 18:00,0.0
20,05.05 19:00,0.0
20,05.05 20:00,0.0
20,05.05 21:00,0.0
20,05.05 22:00,0.0
20,05.05 23:00,0.0
20,06.05 00:00,0.0
20,06.05 01:00,0.0
20,06.05 02:00,0.0
20,06.05 03:00,0.0
20,06.05 04:00,0.0
20,06.05 05:00,0.0
20,06.05 06:00,0.0
20,06.05 07:00,0.0
20,06.05 08:00,0.0
20,06.05 09:00,0.0
20,06.05 10:00,0.0
20,06.05 11:00,0.0
20,06.05 12:00,0.0
20,06.05 13:00,0.0
20,06.05 14:00,0.0
20,06.05 15:00,0.0
20,06.05 16:00,0.0
20,06.05 17:00,0.0
20,06.05 18:00,0.0
20,06.05 19:00,0.0
20,06.05 20:00,0.0
20,06.05 21:00,0.0
20,06.05 22:00,0.0
20,06.05 23:00,0.0
20,07.05 00:00,0.0
20,07.05 01:00,0.0
20,07.05 02:00,0.0
20,07.05 03:00,0.0
20,07.05 04:00,0.0
20,07.05 05:00,0.0
20,07.05 06:00,0.0
20,07.05 07:00,0.0
20,07.05 08:00,0.0
20,07.05 09:00,0.0
20,07.05 10:00,0.0
20,07.05 11:00,0.0
20,07.05 12:00,0.0
20,07.05 13:00,0.0
20,07.05 14:00,0.0
20,07.05 15:00,0.0
20,07.05 16:00,0.0
20,07.05 17:00,0.0
20,07.05 18:00,0.0
20,07.05 19:00,0.0
20,07.05 20:00,0.0
20,07.05 21:00,0.0
20,07.05 22:00,0.0
20,07.05 23:00,0.0
20,08.05 00:00,0.0
20,08.05 01:00,0.0
20,08.05 02:00,0.0
20,08.05 03:00,0.0
20,08.05 04:00,0.0
20,08.05 05:00,0.0
20,08.05 06:00,0.0
20,08.05 07:00,0.0
20,08.05 08:00,0.0
20,08.05 09:00,0.0
20,08.05 10:00,0.0
20,08.05 11:00,0.0
20,08.05 12:00,0.0
20,08.05 13:00,0.0
20,08.05 14:00,0.0
20,08.05 15:00,0.0
20,08.05 16:00,0.0
20,08.05 17:00,0.0
20,08.05 18:00,0.0
20,08.05 19:00,0.0
20,08.05 20:00,0.0
20,08.05 21:00,0.0
20,08.05 22:00,0.0
20,08.05 23:00,0.0
20,09.05 00:00,0.0
20,09.05 01:00,0.0
20,09.05 02:00,0.0
20,09.05 03:00,0.0
20,09.05 04:00,0.0
20,09.05 05:00,0.0
20,09.05 06:00,0.0
20,09.05 07:00,0.0
20,09.05 08:00,0.0
20,09.05 09:00,0.0
20,09.05 10:00,0.0
20,09.05 11:00,0.0
20,09.05 12:00,0.0
20,09.05 13:00,0.0
20,09.05 14:00,0.0
20,09.05 15:00,0.0
20,09.05 16:00,0.0
20,09.05 17:00,0.0
20,09.05 18:00,0.0
20,09.05 19:00,0.0
20,09.05 20:00,0.0
20,09.05 21:00,0.0
20,09.05 22:00,0.0
20,09.05 23:00,0.0
20,10.05 00:00,0.0
20,10.05 01:00,0.0
20,10.05 02:00,0.0
20,10.05 03:00,0.0
20,10.05 04:00,0.0
20,10.05 05:00,0.0
20,10.05 06:00,0.0
20,10.05 07:00,0.0
20,10.05 08:00,0.0
20,10.05 09:00,0.0
20,10.05 10:00,0.0
20,10.05 11:00,0.0
20,10.05 12:00,0.0
20,10.05 13:00,0.0
20,10.05 14:00,0.0
20,10.05 15:00,0.0
20,10.05 16:00,0.0
20,10.05 17:00,0.0
20,10.05 18:00,0.0
20,10.05 19:00,0.0
20,10.05 20:00,0.0
20,10.05 21:00,0.0
20,10.05 22:00,0.0
20,10.05 23:00,0.0
20,11.05 00:00,0.0
20,11.05 01:00,0.0
20,11.05 02:00,0.0
20,11.05 03:00,0.0
20,11.05 04:00,0.0
20,11.05 05:00,0.0
20,11.05 06:00,0.0
20,11.05 07:00,0.0
20,11.05 08:00,0.0
20,11.05 09:00,0.0
20,11.05 10:00,0.0
20,11.05 11:00,0.0
20,11.05 12:00,0.0
20,11.05 13:00,0.0
20,11.05 14:00,0.0
20,11.05 15:00,0.0
20,11.05 16:00,0.0
20,11.05 17:00,0.0
20,11.05 18:00,0.0
20,11.05 19:00,0.0
20,11.05 20:00,0.0
20,11.05 21:00,0.0
20,11.05 22:00,0.0
20,11.05 23:00,0.0
20,12.05 00:00,0.0
20,12.05 01:00,0.0
20,12.05 02:00,0.0
20,12.05 03:00,0.0
20,12.05 04:00,0.0
20,12.05 05:00,0.0
20,12.05 06:00,0.0
20,12.05 07:00,0.0
20,12.05 08:00,0.0
20,12.05 09:00,0.0
20,12.05 10:00,0.0
20,12.05 11:00,0.0
20,12.05 12:00,0.0
20,12.05 13:00,0.0
20,12.05 14:00,0.0
20,12.05 15:00,0.0
20,12.05 16:00,0.0
20,12.05 17:00,0.0
20,12.05 18:00,0.0
20,12.05 19:00,0.0
20,12.05 20:00,0.0
20,12.05 21:00,0.0
20,12.05 22:00,0.0
20,12.05 23:00,0.0
20,13.05 00:00,0.0
20,13.05 01:00,0.0
20,13.05 02:00,0.0
20,13.05 03:00,0.0
20,13.05 04:00,0.0
20,13.05 05:00,0.0
20,13.05 06:00,0.0
20,13.05 07:00,0.0
20,13.05 08:00,0.0
20,13.05 09:00,0.0
20,13.05 10:00,0.0
20,13.05 11:00,0.0
20,13.05 12:00,0.0
20,13.05 13:00,0.0
20,13.05 14:00,0.0
20,13.05 15:00,0.0
20,13.05 16:00,0.0
20,13.05 17:00,0.0
20,13.05 18:00,0.0
20,13.05 19:00,0.0
20,13.05 20:00,0.0
20,13.05 21:00,0.0
20,13.05 22:00,0.0
20,13.05 23:00,0.0
20,14.05 00:00,0.0
20,14.05 01:00,0.0
20,14.05 02:00,0.0
20,14.05 03:00,0.0
20,14.05 04:00,0.0
20,14.05 05:00,0.0
20,14.05 06:00,0.0
20,14.05 07:00,0.0
20,14.05 08:00,0.0
20,14.05 09:00,0.0
20,14.05 10:00,0.0
20,14.05 11:00,0.0
20,14.05 12:00,0.0
20,14.05 13:00,0.0
20,14.05 14:00,0.0
20,14.05 15:00,0.0
20,14.05 16:00,0.0
20,14.05 17:00,0.0
20,14.05 18:00,0.0
20,14.05 19:00,0.0
20,14.05 20:00,0.0
20,14.05 21:00,0.0
20,14.05 22:00,0.0
20,14.05 23:00,0.0
20,15.05 00:00,0.0
20,15.05 01:00,0.0
20,15.05 02:00,0.0
20,15.05 03:00,0.0
20,15.05 04:00,0.0
20,15.05 05:00,0.0
20,15.05 06:00,0.0
20,15.05 07:00,0.0
20,15.05 08:00,0.0
20,15.05 09:00,0.0
20,15.05 10:00,0.0
20,15.05 11:00,0.0
20,15.05 12:00,0.0
20,15.05 13:00,0.0
20,15.05 14:00,0.0
20,15.05 15:00,0.0
20,15.05 16:00,0.0
20,15.05 17:00,0.0
20,15.05 18:00,0.0
20,15.05 19:00,0.0
20,15.05 20:00,0.0
20,15.05 21:00,0.0
20,15.05 22:00,0.0
20,15.05 23:00,0.0
20,16.05 00:00,0.0
20,16.05 01:00,0.0
20,16.05 02:00,0.0
20,16.05 03:00,0.0
20,16.05 04:00,0.0
20,16.05 05:00,0.0
20,16.05 06:00,0.0
20,16.05 07:00,0.0
20,16.05 08:00,0.0
20,16.05 09:00,0.0
20,16.05 10:00,0.0
20,16.05 11:00,0.0
20,16.05 12:00,0.0
20,16.05 13:00,0.0
20,16.05 14:00,0.0
20,16.05 15:00,0.0
20,16.05 16:00,0.0
20,16.05 17:00,0.0
20,16.05 18:00,0.0
20,16.05 19:00,0.0
20,16.05 20:00,0.0
20,16.05 21:00,0.0
20,16.05 22:00,0.0
20,16.05 23:00,0.0
20,17.05 00:00,0.0
20,17.05 01:00,0.0
20,17.05 02:00,0.0
20,17.05 03:00,0.0
20,17.05 04:00,0.0
20,17.05 05:00,0.0
20,17.05 06:00,0.0
20,17.05 07:00,0.0
20,17.05 08:00,0.0
20,17.05 09:00,0.0
20,17.05 10:00,0.0
20,17.05 11:00,0.0
20,17.05 12:00,0.0
20,17.05 13:00,0.0
20,17.05 14:00,0.0
20,17.05 15:00,0.0
20,17.05 16:00,0.0
20,17.05 17:00,0.0
20,17.05 18:00,0.0
20,17.05 19:00,0.0
20,17.05 20:00,0.0
20,17.05 21:00,0.0
20,17.05 22:00,0.0
20,17.05 23:00,0.0
20,18.05 00:00,0.0
20,18.05 01:00,0.0
20,18.05 02:00,0.0
20,18.05 03:00,0.0
20,18.05 04:00,0.0
20,18.05 05:00,0.0
20,18.05 06:00,0.0
20,18.05 07:00,0.0
20,18.05 08:00,0.0
20,18.05 09:00,0.0
20,18.05 10:00,0.0
20,18.05 11:00,0.0
20,18.05 12:00,0.0
20,18.05 13:00,0.0
20,18.05 14:00,0.0
20,18.05 15:00,0.0
20,18.05 16:00,0.0
20,18.05 17:00,0.0
20,18.05 18:00,0.0
20,18.05 19:00,0.0
20,18.05 20:00,0.0
20,18.05 21:00,0.0
20,18.05 22:00,0.0
20,18.05 23:00,0.0
20,19.05 00:00,0.0
20,19.05 01:00,0.0
20,19.05 02:00,0.0
20,19.05 03:00,0.0
20,19.05 04:00,0.0
20,19.05 05:00,0.0
20,19.05 06:00,0.0
20,19.05 07:00,0.0
20,19.05 08:00,0.0
20,19.05 09:00,0.0
20,19.05 10:00,0.0
20,19.05 11:00,0.0
20,19.05 12:00,0.0
20,19.05 13:00,0.0
20,19.05 14:00,0.0
20,19.05 15:00,0.0
20,19.05 16:00,0.0
20,19.05 17:00,0.0
20,19.05 18:00,0.0
20,19.05 19:00,0.0
20,19.05 20:00,0.0
20,19.05 21:00,0.0
20,19.05 22:00,0.0
20,19.05 23:00,0.0
20,20.05 00:00,0.0
20,20.05 01:00,0.0
20,20.05 02:00,0.0
20,20.05 03:00,0.0
20,20.05 04:00,0.0
20,20.05 05:00,0.0
20,20.05 06:00,0.0
20,20.05 07:00,0.0
20,20.05 08:00,0.0
20,20.05 09:00,0.0
20,20.05 10:00,0.0
20,20.05 11:00,0.0
20,20.05 12:00,0.0
20,20.05 13:00,0.0
20,20.05 14:00,0.0
20,20.05 15:00,0.0
20,20.05 16:00,0.0
20,20.05 17:00,0.0
20,20.05 18:00,0.0
20,20.05 19:00,0.0
20,20.05 20:00,0.0
20,20.05 21:00,0.0
20,20.05 22:00,0.0
20,20.05 23:00,0.0
20,21.05 00:00,0.0
20,21.05 01:00,0.0
20,21.05 02:00,0.0
20,21.05 03:00,0.0
20,21.05 04:00,0.0
20,21.05 05:00,0.0
20,21.05 06:00,0.0
20,21.05 07:00,0.0
20,21.05 08:00,0.0
20,21.05 09:00,0.0
20,21.05 10:00,0.0
20,21.05 11:00,0.0
20,21.05 12:00,0.0
20,21.05 13:00,0.0
20,21.05 14:00,0.0
20,21.05 15:00,0.0
20,21.05 16:00,0.0
20,21.05 17:00,0.0
20,21.05 18:00,0.0
20,21.05 19:00,0.0
20,21.05 20:00,0.0
20,21.05 21:00,0.0
20,21.05 22:00,0.0
20,21.05 23:00,0.0
20,22.05 00:00,0.0
20,22.05 01:00,0.0
20,22.05 02:00,0.0
20,22.05 03:00,0.0
20,22.05 04:00,0.0
20,22.05 05:00,0.0
20,22.05 06:00,0.0
20,22.05 07:00,0.0
20,22.05 08:00,0.0
20,22.05 09:00,0.0
20,22.05 10:00,0.0
20,22.05 11:00,0.0
20,22.05 12:00,0.0
20,22.05 13:00,0.0
20,22.05 14:00,0.0
20,22.05 15:00,0.0
20,22.05 16:00,0.0
20,22.05 17:00,0.0
20,22.05 18:00,0.0
20,22.05 19:00,0.0
20,22.05 20:00,0.0
20,22.05 21:00,0.0
20,22.05 22:00,0.0
20,22.05 23:00,0.0
20,23.05 00:00,0.0
20,23.05 01:00,0.0
20,23.05 02:00,0.0
20,23.05 03:00,0.0
20,23.05 04:00,0.0
20,23.05 05:00,0.0
20,23.05 06:00,0.0
20,23.05 07:00,0.0
20,23.05 08:00,0.0
20,23.05 09:00,0.0
20,23.05 10:00,0.0
20,23.05 11:00,0.0
20,23.05 12:00,0.0
20,23.05 13:00,0.0
20,23.05 14:00,0.0
20,23.05 15:00,0.0
20,23.05 16:00,0.0
20,23.05 17:00,0.0
20,23.05 18:00,0.0
20,23.05 19:00,0.0
20,23.05 20:00,0.0
20,23.05 21:00,0.0
20,23.05 22:00,0.0
20,23.05 23:00,0.0
20,24.05 00:00,0.0
20,24.05 01:00,0.0
20,24.05 02:00,0.0
20,24.05 03:00,0.0
20,24.05 04:00,0.0
20,24.05 05:00,0.0
20,24.05 06:00,0.0
20,24.05 07:00,0.0
20,24.05 08:00,0.0
20,24.05 09:00,0.0
20,24.05 10:00,0.0
20,24.05 11:00,0.0
20,24.05 12:00,0.0
20,24.05 13:00,0.0
20,24.05 14:00,0.0
20,24.05 15:00,0.0
20,24.05 16:00,0.0
20,24.05 17:00,0.0
20,24.05 18:00,0.0
20,24.05 19:00,0.0
20,24.05 20:00,0.0
20,24.05 21:00,0.0
20,24.05 22:00,0.0
20,24.05 23:00,0.0
20,25.05 00:00,0.0
20,25.05 01:00,0.0
20,25.05 02:00,0.0
20,25.05 03:00,0.0
20,25.05 04:00,0.0
20,25.05 05:00,0.0
20,25.05 06:00,0.0
20,25.05 07:00,0.0
20,25.05 08:00,0.0
20,25.05 09:00,0.0
20,25.05 10:00,0.0
20,25.05 11:00,0.0
20,25.05 12:00,0.0
20,25.05 13:00,0.0
20,25.05 14:00,0.0
20,25.05 15:00,0.0
20,25.05 16:00,0.0
20,25.05 17:00,0.0
20,25.05 18:00,0.0
20,25.05 19:00,0.0
20,25.05 20:00,0.0
20,25.05 21:00,0.0
20,25.05 22:00,0.0
20,25.05 23:00,0.0
20,26.05 00:00,0.0
20,26.05 01:00,0.0
20,26.05 02:00,0.0
20,26.05 03:00,0.0
20,26.05 04:00,0.0
20,26.05 05:00,0.0
20,26.05 06:00,0.0
20,26.05 07:00,0.0
20,26.05 08:00,0.0
20,26.05 09:00,0.0
20,26.05 10:00,0.0
20,26.05 11:00,0.0
20,26.05 12:00,0.0
20,26.05 13:00,0.0
20,26.05 14:00,0.0
20,26.05 15:00,0.0
20,26.05 16:00,0.0
20,26.05 17:00,0.0
20,26.05 18:00,0.0
20,26.05 19:00,0.0
20,26.05 20:00,0.0
20,26.05 21:00,0.0
20,26.05 22:00,0.0
20,26.05 23:00,0.0
20,27.05 00:00,0.0
20,27.05 01:00,0.0
20,27.05 02:00,0.0
20,27.05 03:00,0.0
20,27.05 04:00,0.0
20,27.05 05:00,0.0
20,27.05 06:00,0.0
20,27.05 07:00,0.0
20,27.05 08:00,0.0
20,27.05 09:00,0.0
20,27.05 10:00,0.0
20,27.05 11:00,0.0
20,27.05 12:00,0.0
20,27.05 13:00,0.0
20,27.05 14:00,0.0
20,27.05 15:00,0.0
20,27.05 16:00,0.0
20,27.05 17:00,0.0
20,27.05 18:00,0.0
20,27.05 19:00,0.0
20,27.05 20:00,0.0
20,27.05 21:00,0.0
20,27.05 22:00,0.0
20,27.05 23:00,0.0
20,28.05 00:00,0.0
20,28.05 01:00,0.0
20,28.05 02:00,0.0
20,28.05 03:00,0.0
20,28.05 04:00,0.0
20,28.05 05:00,0.0
20,28.05 06:00,0.0
20,28.05 07:00,0.0
20,28.05 08:00,0.0
20,28.05 09:00,0.0
20,28.05 10:00,0.0
20,28.05 11:00,0.0
20,28.05 12:00,0.0
20,28.05 13:00,0.0
20,28.05 14:00,0.0
20,28.05 15:00,0.0
20,28.05 16:00,0.0
20,28.05 17:00,0.0
20,28.05 18:00,0.0
20,28.05 19:00,0.0
20,28.05 20:00,0.0
20,28.05 21:00,0.0
20,28.05 22:00,0.0
20,28.05 23:00,0.0
20,29.05 00:00,0.0
20,29.05 01:00,0.0
20,29.05 02:00,0.0
20,29.05 03:00,0.0
20,29.05 04:00,0.0
20,29.05 05:00,0.0
20,29.05 06:00,0.0
20,29.05 07:00,0.0
20,29.05 08:00,0.0
20,29.05 09:00,0.0
20,29.05 10:00,0.0
20,29.05 11:00,0.0
20,29.05 12:00,0.0
20,29.05 13:00,0.0
20,29.05 14:00,0.0
20,29.05 15:00,0.0
20,29.05 16:00,0.0
20,29.05 17:00,0.0
20,29.05 18:00,0.0
20,29.05 19:00,0.0
20,29.05 20:00,0.0
20,29.05 21:00,0.0
20,29.05 22:00,0.0
20,29.05 23:00,0.0
20,30.05 00:00,0.0
20,30.05 01:00,0.0
20,30.05 02:00,0.0
20,30.05 03:00,0.0
20,30.05 04:00,0.0
20,30.05 05:00,0.0
20,30.05 06:00,0.0
20,30.05 07:00,0.0
20,30.05 08:00,0.0
20,30.05 09:00,0.0
20,30.05 10:00,0.0
20,30.05 11:00,0.0
20,30.05 12:00,0.0
20,30.05 13:00,0.0
20,30.05 14:00,0.0
20,30.05 15:00,0.0
20,30.05 16:00,0.0
20,30.05 17:00,0.0
20,30.05 18:00,0.0
20,30.05 19:00,0.0
20,30.05 20:00,0.0
20,30.05 21:00,0.0
20,30.05 22:00,0.0
20,30.05 23:00,0.0
20,31.05 00:00,0.0
20,31.05 01:00,0.0
20,31.05 02:00,0.0
20,31.05 03:00,0.0
20,31.05 04:00,0.0
20,31.05 05:00,0.0
20,31.05 06:00,0.0
20,31.05 07:00,0.0
20,31.05 08:00,0.0
20,31.05 09:00,0.0
20,31.05 10:00,0.0
20,31.05 11:00,0.0
20,31.05 12:00,0.0
20,31.05 13:00,0.0
20,31.05 14:00,0.0
20,31.05 15:00,0.0
20,31.05 16:00,0.0
20,31.05 17:00,0.0
20,31.05 18:00,0.0
20,31.05 19:00,0.0
20,31.05 20:00,0.0
20,31.05 21:00,0.0
20,31.05 22:00,0.0
20,31.05 23:00,0.0
20,01.06 00:00,0.0
20,01.06 01:00,0.0
20,01.06 02:00,0.0
20,01.06 03:00,0.0
20,01.06 04:00,0.0
20,01.06 05:00,0.0
20,01.06 06:00,0.0
20,01.06 07:00,0.0
20,01.06 08:00,0.0
20,01.06 09:00,0.0
20,01.06 10:00,0.0
20,01.06 11:00,0.0
20,01.06 12:00,0.0
20,01.06 13:00,0.0
20,01.06 14:00,0.0
20,01.06 15:00,0.0
20,01.06 16:00,0.0
20,01.06 17:00,0.0
20,01.06 18:00,0.0
20,01.06 19:00,0.0
20,01.06 20:00,0.0
20,01.06 21:00,0.0
20,01.06 22:00,0.0
20,01.06 23:00,0.0
20,02.06 00:00,0.0
20,02.06 01:00,0.0
20,02.06 02:00,0.0
20,02.06 03:00,0.0
20,02.06 04:00,0.0
20,02.06 05:00,0.0
20,02.06 06:00,0.0
20,02.06 07:00,0.0
20,02.06 08:00,0.0
20,02.06 09:00,0.0
20,02.06 10:00,0.0
20,02.06 11:00,0.0
20,02.06 12:00,0.0
20,02.06 13:00,0.0
20,02.06 14:00,0.0
20,02.06 15:00,0.0
20,02.06 16:00,0.0
20,02.06 17:00,0.0
20,02.06 18:00,0.0
20,02.06 19:00,0.0
20,02.06 20:00,0.0
20,02.06 21:00,0.0
20,02.06 22:00,0.0
20,02.06 23:00,0.0
20,03.06 00:00,0.0
20,03.06 01:00,0.0
20,03.06 02:00,0.0
20,03.06 03:00,0.0
20,03.06 04:00,0.0
20,03.06 05:00,0.0
20,03.06 06:00,0.0
20,03.06 07:00,0.0
20,03.06 08:00,0.0
20,03.06 09:00,0.0
20,03.06 10:00,0.0
20,03.06 11:00,0.0
20,03.06 12:00,0.0
20,03.06 13:00,0.0
20,03.06 14:00,0.0
20,03.06 15:00,0.0
20,03.06 16:00,0.0
20,03.06 17:00,0.0
20,03.06 18:00,0.0
20,03.06 19:00,0.0
20,03.06 20:00,0.0
20,03.06 21:00,0.0
20,03.06 22:00,0.0
20,03.06 23:00,0.0
20,04.06 00:00,0.0
20,04.06 01:00,0.0
20,04.06 02:00,0.0
20,04.06 03:00,0.0
20,04.06 04:00,0.0
20,04.06 05:00,0.0
20,04.06 06:00,0.0
20,04.06 07:00,0.0
20,04.06 08:00,0.0
20,04.06 09:00,0.0
20,04.06 10:00,0.0
20,04.06 11:00,0.0
20,04.06 12:00,0.0
20,04.06 13:00,0.0
20,04.06 14:00,0.0
20,04.06 15:00,0.0
20,04.06 16:00,0.0
20,04.06 17:00,0.0
20,04.06 18:00,0.0
20,04.06 19:00,0.0
20,04.06 20:00,0.0
20,04.06 21:00,0.0
20,04.06 22:00,0.0
20,04.06 23:00,0.0
20,05.06 00:00,0.0
20,05.06 01:00,0.0
20,05.06 02:00,0.0
20,05.06 03:00,0.0
20,05.06 04:00,0.0
20,05.06 05:00,0.0
20,05.06 06:00,0.0
20,05.06 07:00,0.0
20,05.06 08:00,0.0
20,05.06 09:00,0.0
20,05.06 10:00,0.0
20,05.06 11:00,0.0
20,05.06 12:00,0.0
20,05.06 13:00,0.0
20,05.06 14:00,0.0
20,05.06 15:00,0.0
20,05.06 16:00,0.0
20,05.06 17:00,0.0
20,05.06 18:00,0.0
20,05.06 19:00,0.0
20,05.06 20:00,0.0
20,05.06 21:00,0.0
20,05.06 22:00,0.0
20,05.06 23:00,0.0
20,06.06 00:00,0.0
20,06.06 01:00,0.0
20,06.06 02:00,0.0
20,06.06 03:00,0.0
20,06.06 04:00,0.0
20,06.06 05:00,0.0
20,06.06 06:00,0.0
20,06.06 07:00,0.0
20,06.06 08:00,0.0
20,06.06 09:00,0.0
20,06.06 10:00,0.0
20,06.06 11:00,0.0
20,06.06 12:00,0.0
20,06.06 13:00,0.0
20,06.06 14:00,0.0
20,06.06 15:00,0.0
20,06.06 16:00,0.0
20,06.06 17:00,0.0
20,06.06 18:00,0.0
20,06.06 19:00,0.0
20,06.06 20:00,0.0
20,06.06 21:00,0.0
20,06.06 22:00,0.0
20,06.06 23:00,0.0
20,07.06 00:00,0.0
20,07.06 01:00,0.0
20,07.06 02:00,0.0
20,07.06 03:00,0.0
20,07.06 04:00,0.0
20,07.06 05:00,0.0
20,07.06 06:00,0.0
20,07.06 07:00,0.0
20,07.06 08:00,0.0
20,07.06 09:00,0.0
20,07.06 10:00,0.0
20,07.06 11:00,0.0
20,07.06 12:00,0.0
20,07.06 13:00,0.0
20,07.06 14:00,0.0
20,07.06 15:00,0.0
20,07.06 16:00,0.0
20,07.06 17:00,0.0
20,07.06 18:00,0.0
20,07.06 19:00,0.0
20,07.06 20:00,0.0
20,07.06 21:00,0.0
20,07.06 22:00,0.0
20,07.06 23:00,0.0
20,08.06 00:00,0.0
20,08.06 01:00,0.0
20,08.06 02:00,0.0
20,08.06 03:00,0.0
20,08.06 04:00,0.0
20,08.06 05:00,0.0
20,08.06 06:00,0.0
20,08.06 07:00,0.0
20,08.06 08:00,0.0
20,08.06 09:00,0.0
20,08.06 10:00,0.0
20,08.06 11:00,0.0
20,08.06 12:00,0.0
20,08.06 13:00,0.0
20,08.06 14:00,0.0
20,08.06 15:00,0.0
20,08.06 16:00,0.0
20,08.06 17:00,0.0
20,08.06 18:00,0.0
20,08.06 19:00,0.0
20,08.06 20:00,0.0
20,08.06 21:00,0.0
20,08.06 22:00,0.0
20,08.06 23:00,0.0
20,09.06 00:00,0.0
20,09.06 01:00,0.0
20,09.06 02:00,0.0
20,09.06 03:00,0.0
20,09.06 04:00,0.0
20,09.06 05:00,0.0
20,09.06 06:00,0.0
20,09.06 07:00,0.0
20,09.06 08:00,0.0
20,09.06 09:00,0.0
20,09.06 10:00,0.0
20,09.06 11:00,0.0
20,09.06 12:00,0.0
20,09.06 13:00,0.0
20,09.06 14:00,0.0
20,09.06 15:00,0.0
20,09.06 16:00,0.0
20,09.06 17:00,0.0
20,09.06 18:00,0.0
20,09.06 19:00,0.0
20,09.06 20:00,0.0
20,09.06 21:00,0.0
20,09.06 22:00,0.0
20,09.06 23:00,0.0
20,10.06 00:00,0.0
20,10.06 01:00,0.0
20,10.06 02:00,0.0
20,10.06 03:00,0.0
20,10.06 04:00,0.0
20,10.06 05:00,0.0
20,10.06 06:00,0.0
20,10.06 07:00,0.0
20,10.06 08:00,0.0
20,10.06 09:00,0.0
20,10.06 10:00,0.0
20,10.06 11:00,0.0
20,10.06 12:00,0.0
20,10.06 13:00,0.0
20,10.06 14:00,0.0
20,10.06 15:00,0.0
20,10.06 16:00,0.0
20,10.06 17:00,0.0
20,10.06 18:00,0.0
20,10.06 19:00,0.0
20,10.06 20:00,0.0
20,10.06 21:00,0.0
20,10.06 22:00,0.0
20,10.06 23:00,0.0
20,11.06 00:00,0.0
20,11.06 01:00,0.0
20,11.06 02:00,0.0
20,11.06 03:00,0.0
20,11.06 04:00,0.0
20,11.06 05:00,0.0
20,11.06 06:00,0.0
20,11.06 07:00,0.0
20,11.06 08:00,0.0
20,11.06 09:00,0.0
20,11.06 10:00,0.0
20,11.06 11:00,0.0
20,11.06 12:00,0.0
20,11.06 13:00,0.0
20,11.06 14:00,0.0
20,11.06 15:00,0.0
20,11.06 16:00,0.0
20,11.06 17:00,0.0
20,11.06 18:00,0.0
20,11.06 19:00,0.0
20,11.06 20:00,0.0
20,11.06 21:00,0.0
20,11.06 22:00,0.0
20,11.06 23:00,0.0
20,12.06 00:00,0.0
20,12.06 01:00,0.0
20,12.06 02:00,0.0
20,12.06 03:00,0.0
20,12.06 04:00,0.0
20,12.06 05:00,0.0
20,12.06 06:00,0.0
20,12.06 07:00,0.0
20,12.06 08:00,0.0
20,12.06 09:00,0.0
20,12.06 10:00,0.0
20,12.06 11:00,0.0
20,12.06 12:00,0.0
20,12.06 13:00,0.0
20,12.06 14:00,0.0
20,12.06 15:00,0.0
20,12.06 16:00,0.0
20,12.06 17:00,0.0
20,12.06 18:00,0.0
20,12.06 19:00,0.0
20,12.06 20:00,0.0
20,12.06 21:00,0.0
20,12.06 22:00,0.0
20,12.06 23:00,0.0
20,13.06 00:00,0.0
20,13.06 01:00,0.0
20,13.06 02:00,0.0
20,13.06 03:00,0.0
20,13.06 04:00,0.0
20,13.06 05:00,0.0
20,13.06 06:00,0.0
20,13.06 07:00,0.0
20,13.06 08:00,0.0
20,13.06 09:00,0.0
20,13.06 10:00,0.0
20,13.06 11:00,0.0
20,13.06 12:00,0.0
20,13.06 13:00,0.0
20,13.06 14:00,0.0
20,13.06 15:00,0.0
20,13.06 16:00,0.0
20,13.06 17:00,0.0
20,13.06 18:00,0.0
20,13.06 19:00,0.0
20,13.06 20:00,0.0
20,13.06 21:00,0.0
20,13.06 22:00,0.0
20,13.06 23:00,0.0
20,14.06 00:00,0.0
20,14.06 01:00,0.0
20,14.06 02:00,0.0
20,14.06 03:00,0.0
20,14.06 04:00,0.0
20,14.06 05:00,0.0
20,14.06 06:00,0.0
20,14.06 07:00,0.0
20,14.06 08:00,0.0
20,14.06 09:00,0.0
20,14.06 10:00,0.0
20,14.06 11:00,0.0
20,14.06 12:00,0.0
20,14.06 13:00,0.0
20,14.06 14:00,0.0
20,14.06 15:00,0.0
20,14.06 16:00,0.0
20,14.06 17:00,0.0
20,14.06 18:00,0.0
20,14.06 19:00,0.0
20,14.06 20:00,0.0
20,14.06 21:00,0.0
20,14.06 22:00,0.0
20,14.06 23:00,0.0
20,15.06 00:00,0.0
20,15.06 01:00,0.0
20,15.06 02:00,0.0
20,15.06 03:00,0.0
20,15.06 04:00,0.0
20,15.06 05:00,0.0
20,15.06 06:00,0.0
20,15.06 07:00,0.0
20,15.06 08:00,0.0
20,15.06 09:00,0.0
20,15.06 10:00,0.0
20,15.06 11:00,0.0
20,15.06 12:00,0.0
20,15.06 13:00,0.0
20,15.06 14:00,0.0
20,15.06 15:00,0.0
20,15.06 16:00,0.0
20,15.06 17:00,0.0
20,15.06 18:00,0.0
20,15.06 19:00,0.0
20,15.06 20:00,0.0
20,15.06 21:00,0.0
20,15.06 22:00,0.0
20,15.06 23:00,0.0
20,16.06 00:00,0.0
20,16.06 01:00,0.0
20,16.06 02:00,0.0
20,16.06 03:00,0.0
20,16.06 04:00,0.0
20,16.06 05:00,0.0
20,16.06 06:00,0.0
20,16.06 07:00,0.0
20,16.06 08:00,0.0
20,16.06 09:00,0.0
20,16.06 10:00,0.0
20,16.06 11:00,0.0
20,16.06 12:00,0.0
20,16.06 13:00,0.0
20,16.06 14:00,0.0
20,16.06 15:00,0.0
20,16.06 16:00,0.0
20,16.06 17:00,0.0
20,16.06 18:00,0.0
20,16.06 19:00,0.0
20,16.06 20:00,0.0
20,16.06 21:00,0.0
20,16.06 22:00,0.0
20,16.06 23:00,0.0
20,17.06 00:00,0.0
20,17.06 01:00,0.0
20,17.06 02:00,0.0
20,17.06 03:00,0.0
20,17.06 04:00,0.0
20,17.06 05:00,0.0
20,17.06 06:00,0.0
20,17.06 07:00,0.0
20,17.06 08:00,0.0
20,17.06 09:00,0.0
20,17.06 10:00,0.0
20,17.06 11:00,0.0
20,17.06 12:00,0.0
20,17.06 13:00,0.0
20,17.06 14:00,0.0
20,17.06 15:00,0.0
20,17.06 16:00,0.0
20,17.06 17:00,0.0
20,17.06 18:00,0.0
20,17.06 19:00,0.0
20,17.06 20:00,0.0
20,17.06 21:00,0.0
20,17.06 22:00,0.0
20,17.06 23:00,0.0
20,18.06 00:00,0.0
20,18.06 01:00,0.0
20,18.06 02:00,0.0
20,18.06 03:00,0.0
20,18.06 04:00,0.0
20,18.06 05:00,0.0
20,18.06 06:00,0.0
20,18.06 07:00,0.0
20,18.06 08:00,0.0
20,18.06 09:00,0.0
20,18.06 10:00,0.0
20,18.06 11:00,0.0
20,18.06 12:00,0.0
20,18.06 13:00,0.0
20,18.06 14:00,0.0
20,18.06 15:00,0.0
20,18.06 16:00,0.0
20,18.06 17:00,0.0
20,18.06 18:00,0.0
20,18.06 19:00,0.0
20,18.06 20:00,0.0
20,18.06 21:00,0.0
20,18.06 22:00,0.0
20,18.06 23:00,0.0
20,19.06 00:00,0.0
20,19.06 01:00,0.0
20,19.06 02:00,0.0
20,19.06 03:00,0.0
20,19.06 04:00,0.0
20,19.06 05:00,0.0
20,19.06 06:00,0.0
20,19.06 07:00,0.0
20,19.06 08:00,0.0
20,19.06 09:00,0.0
20,19.06 10:00,0.0
20,19.06 11:00,0.0
20,19.06 12:00,0.0
20,19.06 13:00,0.0
20,19.06 14:00,0.0
20,19.06 15:00,0.0
20,19.06 16:00,0.0
20,19.06 17:00,0.0
20,19.06 18:00,0.0
20,19.06 19:00,0.0
20,19.06 20:00,0.0
20,19.06 21:00,0.0
20,19.06 22:00,0.0
20,19.06 23:00,0.0
20,20.06 00:00,0.0
20,20.06 01:00,0.0
20,20.06 02:00,0.0
20,20.06 03:00,0.0
20,20.06 04:00,0.0
20,20.06 05:00,0.0
20,20.06 06:00,0.0
20,20.06 07:00,0.0
20,20.06 08:00,0.0
20,20.06 09:00,0.0
20,20.06 10:00,0.0
20,20.06 11:00,0.0
20,20.06 12:00,0.0
20,20.06 13:00,0.0
20,20.06 14:00,0.0
20,20.06 15:00,0.0
20,20.06 16:00,0.0
20,20.06 17:00,0.0
20,20.06 18:00,0.0
20,20.06 19:00,0.0
20,20.06 20:00,0.0
20,20.06 21:00,0.0
20,20.06 22:00,0.0
20,20.06 23:00,0.0
20,21.06 00:00,0.0
20,21.06 01:00,0.0
20,21.06 02:00,0.0
20,21.06 03:00,0.0
20,21.06 04:00,0.0
20,21.06 05:00,0.0
20,21.06 06:00,0.0
20,21.06 07:00,0.0
20,21.06 08:00,0.0
20,21.06 09:00,0.0
20,21.06 10:00,0.0
20,21.06 11:00,0.0
20,21.06 12:00,0.0
20,21.06 13:00,0.0
20,21.06 14:00,0.0
20,21.06 15:00,0.0
20,21.06 16:00,0.0
20,21.06 17:00,0.0
20,21.06 18:00,0.0
20,21.06 19:00,0.0
20,21.06 20:00,0.0
20,21.06 21:00,0.0
20,21.06 22:00,0.0
20,21.06 23:00,0.0
20,22.06 00:00,0.0
20,22.06 01:00,0.0
20,22.06 02:00,0.0
20,22.06 03:00,0.0
20,22.06 04:00,0.0
20,22.06 05:00,0.0
20,22.06 06:00,0.0
20,22.06 07:00,0.0
20,22.06 08:00,0.0
20,22.06 09:00,0.0
20,22.06 10:00,0.0
20,22.06 11:00,0.0
20,22.06 12:00,0.0
20,22.06 13:00,0.0
20,22.06 14:00,0.0
20,22.06 15:00,0.0
20,22.06 16:00,0.0
20,22.06 17:00,0.0
20,22.06 18:00,0.0
20,22.06 19:00,0.0
20,22.06 20:00,0.0
20,22.06 21:00,0.0
20,22.06 22:00,0.0
20,22.06 23:00,0.0
20,23.06 00:00,0.0
20,23.06 01:00,0.0
20,23.06 02:00,0.0
20,23.06 03:00,0.0
20,23.06 04:00,0.0
20,23.06 05:00,0.0
20,23.06 06:00,0.0
20,23.06 07:00,0.0
20,23.06 08:00,0.0
20,23.06 09:00,0.0
20,23.06 10:00,0.0
20,23.06 11:00,0.0
20,23.06 12:00,0.0
20,23.06 13:00,0.0
20,23.06 14:00,0.0
20,23.06 15:00,0.0
20,23.06 16:00,0.0
20,23.06 17:00,0.0
20,23.06 18:00,0.0
20,23.06 19:00,0.0
20,23.06 20:00,0.0
20,23.06 21:00,0.0
20,23.06 22:00,0.0
20,23.06 23:00,0.0
20,24.06 00:00,0.0
20,24.06 01:00,0.0
20,24.06 02:00,0.0
20,24.06 03:00,0.0
20,24.06 04:00,0.0
20,24.06 05:00,0.0
20,24.06 06:00,0.0
20,24.06 07:00,0.0
20,24.06 08:00,0.0
20,24.06 09:00,0.0
20,24.06 10:00,0.0
20,24.06 11:00,0.0
20,24.06 12:00,0.0
20,24.06 13:00,0.0
20,24.06 14:00,0.0
20,24.06 15:00,0.0
20,24.06 16:00,0.0
20,24.06 17:00,0.0
20,24.06 18:00,0.0
20,24.06 19:00,0.0
20,24.06 20:00,0.0
20,24.06 21:00,0.0
20,24.06 22:00,0.0
20,24.06 23:00,0.0
20,25.06 00:00,0.0
20,25.06 01:00,0.0
20,25.06 02:00,0.0
20,25.06 03:00,0.0
20,25.06 04:00,0.0
20,25.06 05:00,0.0
20,25.06 06:00,0.0
20,25.06 07:00,0.0
20,25.06 08:00,0.0
20,25.06 09:00,0.0
20,25.06 10:00,0.0
20,25.06 11:00,0.0
20,25.06 12:00,0.0
20,25.06 13:00,0.0
20,25.06 14:00,0.0
20,25.06 15:00,0.0
20,25.06 16:00,0.0
20,25.06 17:00,0.0
20,25.06 18:00,0.0
20,25.06 19:00,0.0
20,25.06 20:00,0.0
20,25.06 21:00,0.0
20,25.06 22:00,0.0
20,25.06 23:00,0.0
20,26.06 00:00,0.0
20,26.06 01:00,0.0
20,26.06 02:00,0.0
20,26.06 03:00,0.0
20,26.06 04:00,0.0
20,26.06 05:00,0.0
20,26.06 06:00,0.0
20,26.06 07:00,0.0
20,26.06 08:00,0.0
20,26.06 09:00,0.0
20,26.06 10:00,0.0
20,26.06 11:00,0.0
20,26.06 12:00,0.0
20,26.06 13:00,0.0
20,26.06 14:00,0.0
20,26.06 15:00,0.0
20,26.06 16:00,0.0
20,26.06 17:00,0.0
20,26.06 18:00,0.0
20,26.06 19:00,0.0
20,26.06 20:00,0.0
20,26.06 21:00,0.0
20,26.06 22:00,0.0
20,26.06 23:00,0.0
20,27.06 00:00,0.0
20,27.06 01:00,0.0
20,27.06 02:00,0.0
20,27.06 03:00,0.0
20,27.06 04:00,0.0
20,27.06 05:00,0.0
20,27.06 06:00,0.0
20,27.06 07:00,0.0
20,27.06 08:00,0.0
20,27.06 09:00,0.0
20,27.06 10:00,0.0
20,27.06 11:00,0.0
20,27.06 12:00,0.0
20,27.06 13:00,0.0
20,27.06 14:00,0.0
20,27.06 15:00,0.0
20,27.06 16:00,0.0
20,27.06 17:00,0.0
20,27.06 18:00,0.0
20,27.06 19:00,0.0
20,27.06 20:00,0.0
20,27.06 21:00,0.0
20,27.06 22:00,0.0
20,27.06 23:00,0.0
20,28.06 00:00,0.0
20,28.06 01:00,0.0
20,28.06 02:00,0.0
20,28.06 03:00,0.0
20,28.06 04:00,0.0
20,28.06 05:00,0.0
20,28.06 06:00,0.0
20,28.06 07:00,0.0
20,28.06 08:00,0.0
20,28.06 09:00,0.0
20,28.06 10:00,0.0
20,28.06 11:00,0.0
20,28.06 12:00,0.0
20,28.06 13:00,0.0
20,28.06 14:00,0.0
20,28.06 15:00,0.0
20,28.06 16:00,0.0
20,28.06 17:00,0.0
20,28.06 18:00,0.0
20,28.06 19:00,0.0
20,28.06 20:00,0.0
20,28.06 21:00,0.0
20,28.06 22:00,0.0
20,28.06 23:00,0.0
20,29.06 00:00,0.0
20,29.06 01:00,0.0
20,29.06 02:00,0.0
20,29.06 03:00,0.0
20,29.06 04:00,0.0
20,29.06 05:00,0.0
20,29.06 06:00,0.0
20,29.06 07:00,0.0
20,29.06 08:00,0.0
20,29.06 09:00,0.0
20,29.06 10:00,0.0
20,29.06 11:00,0.0
20,29.06 12:00,0.0
20,29.06 13:00,0.0
20,29.06 14:00,0.0
20,29.06 15:00,0.0
20,29.06 16:00,0.0
20,29.06 17:00,0.0
20,29.06 18:00,0.0
20,29.06 19:00,0.0
20,29.06 20:00,0.0
20,29.06 21:00,0.0
20,29.06 22:00,0.0
20,29.06 23:00,0.0
20,30.06 00:00,0.0
20,30.06 01:00,0.0
20,30.06 02:00,0.0
20,30.06 03:00,0.0
20,30.06 04:00,0.0
20,30.06 05:00,0.0
20,30.06 06:00,0.0
20,30.06 07:00,0.0
20,30.06 08:00,0.0
20,30.06 09:00,0.0
20,30.06 10:00,0.0
20,30.06 11:00,0.0
20,30.06 12:00,0.0
20,30.06 13:00,0.0
20,30.06 14:00,0.0
20,30.06 15:00,0.0
20,30.06 16:00,0.0
20,30.06 17:00,0.0
20,30.06 18:00,0.0
20,30.06 19:00,0.0
20,30.06 20:00,0.0
20,30.06 21:00,0.0
20,30.06 22:00,0.0
20,30.06 23:00,0.0
20,01.07 00:00,0.0
20,01.07 01:00,0.0
20,01.07 02:00,0.0
20,01.07 03:00,0.0
20,01.07 04:00,0.0
20,01.07 05:00,0.0
20,01.07 06:00,0.0
20,01.07 07:00,0.0
20,01.07 08:00,0.0
20,01.07 09:00,0.0
20,01.07 10:00,0.0
20,01.07 11:00,0.0
20,01.07 12:00,0.0
20,01.07 13:00,0.0
20,01.07 14:00,0.0
20,01.07 15:00,0.0
20,01.07 16:00,0.0
20,01.07 17:00,0.0
20,01.07 18:00,0.0
20,01.07 19:00,0.0
20,01.07 20:00,0.0
20,01.07 21:00,0.0
20,01.07 22:00,0.0
20,01.07 23:00,0.0
20,02.07 00:00,0.0
20,02.07 01:00,0.0
20,02.07 02:00,0.0
20,02.07 03:00,0.0
20,02.07 04:00,0.0
20,02.07 05:00,0.0
20,02.07 06:00,0.0
20,02.07 07:00,0.0
20,02.07 08:00,0.0
20,02.07 09:00,0.0
20,02.07 10:00,0.0
20,02.07 11:00,0.0
20,02.07 12:00,0.0
20,02.07 13:00,0.0
20,02.07 14:00,0.0
20,02.07 15:00,0.0
20,02.07 16:00,0.0
20,02.07 17:00,0.0
20,02.07 18:00,0.0
20,02.07 19:00,0.0
20,02.07 20:00,0.0
20,02.07 21:00,0.0
20,02.07 22:00,0.0
20,02.07 23:00,0.0
20,03.07 00:00,0.0
20,03.07 01:00,0.0
20,03.07 02:00,0.0
20,03.07 03:00,0.0
20,03.07 04:00,0.0
20,03.07 05:00,0.0
20,03.07 06:00,0.0
20,03.07 07:00,0.0
20,03.07 08:00,0.0
20,03.07 09:00,0.0
20,03.07 10:00,0.0
20,03.07 11:00,0.0
20,03.07 12:00,0.0
20,03.07 13:00,0.0
20,03.07 14:00,0.0
20,03.07 15:00,0.0
20,03.07 16:00,0.0
20,03.07 17:00,0.0
20,03.07 18:00,0.0
20,03.07 19:00,0.0
20,03.07 20:00,0.0
20,03.07 21:00,0.0
20,03.07 22:00,0.0
20,03.07 23:00,0.0
20,04.07 00:00,0.0
20,04.07 01:00,0.0
20,04.07 02:00,0.0
20,04.07 03:00,0.0
20,04.07 04:00,0.0
20,04.07 05:00,0.0
20,04.07 06:00,0.0
20,04.07 07:00,0.0
20,04.07 08:00,0.0
20,04.07 09:00,0.0
20,04.07 10:00,0.0
20,04.07 11:00,0.0
20,04.07 12:00,0.0
20,04.07 13:00,0.0
20,04.07 14:00,0.0
20,04.07 15:00,0.0
20,04.07 16:00,0.0
20,04.07 17:00,0.0
20,04.07 18:00,0.0
20,04.07 19:00,0.0
20,04.07 20:00,0.0
20,04.07 21:00,0.0
20,04.07 22:00,0.0
20,04.07 23:00,0.0
20,05.07 00:00,0.0
20,05.07 01:00,0.0
20,05.07 02:00,0.0
20,05.07 03:00,0.0
20,05.07 04:00,0.0
20,05.07 05:00,0.0
20,05.07 06:00,0.0
20,05.07 07:00,0.0
20,05.07 08:00,0.0
20,05.07 09:00,0.0
20,05.07 10:00,0.0
20,05.07 11:00,0.0
20,05.07 12:00,0.0
20,05.07 13:00,0.0
20,05.07 14:00,0.0
20,05.07 15:00,0.0
20,05.07 16:00,0.0
20,05.07 17:00,0.0
20,05.07 18:00,0.0
20,05.07 19:00,0.0
20,05.07 20:00,0.0
20,05.07 21:00,0.0
20,05.07 22:00,0.0
20,05.07 23:00,0.0
20,06.07 00:00,0.0
20,06.07 01:00,0.0
20,06.07 02:00,0.0
20,06.07 03:00,0.0
20,06.07 04:00,0.0
20,06.07 05:00,0.0
20,06.07 06:00,0.0
20,06.07 07:00,0.0
20,06.07 08:00,0.0
20,06.07 09:00,0.0
20,06.07 10:00,0.0
20,06.07 11:00,0.0
20,06.07 12:00,0.0
20,06.07 13:00,0.0
20,06.07 14:00,0.0
20,06.07 15:00,0.0
20,06.07 16:00,0.0
20,06.07 17:00,0.0
20,06.07 18:00,0.0
20,06.07 19:00,0.0
20,06.07 20:00,0.0
20,06.07 21:00,0.0
20,06.07 22:00,0.0
20,06.07 23:00,0.0
20,07.07 00:00,0.0
20,07.07 01:00,0.0
20,07.07 02:00,0.0
20,07.07 03:00,0.0
20,07.07 04:00,0.0
20,07.07 05:00,0.0
20,07.07 06:00,0.0
20,07.07 07:00,0.0
20,07.07 08:00,0.0
20,07.07 09:00,0.0
20,07.07 10:00,0.0
20,07.07 11:00,0.0
20,07.07 12:00,0.0
20,07.07 13:00,0.0
20,07.07 14:00,0.0
20,07.07 15:00,0.0
20,07.07 16:00,0.0
20,07.07 17:00,0.0
20,07.07 18:00,0.0
20,07.07 19:00,0.0
20,07.07 20:00,0.0
20,07.07 21:00,0.0
20,07.07 22:00,0.0
20,07.07 23:00,0.0
20,08.07 00:00,0.0
20,08.07 01:00,0.0
20,08.07 02:00,0.0
20,08.07 03:00,0.0
20,08.07 04:00,0.0
20,08.07 05:00,0.0
20,08.07 06:00,0.0
20,08.07 07:00,0.0
20,08.07 08:00,0.0
20,08.07 09:00,0.0
20,08.07 10:00,0.0
20,08.07 11:00,0.0
20,08.07 12:00,0.0
20,08.07 13:00,0.0
20,08.07 14:00,0.0
20,08.07 15:00,0.0
20,08.07 16:00,0.0
20,08.07 17:00,0.0
20,08.07 18:00,0.0
20,08.07 19:00,0.0
20,08.07 20:00,0.0
20,08.07 21:00,0.0
20,08.07 22:00,0.0
20,08.07 23:00,0.0
20,09.07 00:00,0.0
20,09.07 01:00,0.0
20,09.07 02:00,0.0
20,09.07 03:00,0.0
20,09.07 04:00,0.0
20,09.07 05:00,0.0
20,09.07 06:00,0.0
20,09.07 07:00,0.0
20,09.07 08:00,0.0
20,09.07 09:00,0.0
20,09.07 10:00,0.0
20,09.07 11:00,0.0
20,09.07 12:00,0.0
20,09.07 13:00,0.0
20,09.07 14:00,0.0
20,09.07 15:00,0.0
20,09.07 16:00,0.0
20,09.07 17:00,0.0
20,09.07 18:00,0.0
20,09.07 19:00,0.0
20,09.07 20:00,0.0
20,09.07 21:00,0.0
20,09.07 22:00,0.0
20,09.07 23:00,0.0
20,10.07 00:00,0.0
20,10.07 01:00,0.0
20,10.07 02:00,0.0
20,10.07 03:00,0.0
20,10.07 04:00,0.0
20,10.07 05:00,0.0
20,10.07 06:00,0.0
20,10.07 07:00,0.0
20,10.07 08:00,0.0
20,10.07 09:00,0.0
20,10.07 10:00,0.0
20,10.07 11:00,0.0
20,10.07 12:00,0.0
20,10.07 13:00,0.0
20,10.07 14:00,0.0
20,10.07 15:00,0.0
20,10.07 16:00,0.0
20,10.07 17:00,0.0
20,10.07 18:00,0.0
20,10.07 19:00,0.0
20,10.07 20:00,0.0
20,10.07 21:00,0.0
20,10.07 22:00,0.0
20,10.07 23:00,0.0
20,11.07 00:00,0.0
20,11.07 01:00,0.0
20,11.07 02:00,0.0
20,11.07 03:00,0.0
20,11.07 04:00,0.0
20,11.07 05:00,0.0
20,11.07 06:00,0.0
20,11.07 07:00,0.0
20,11.07 08:00,0.0
20,11.07 09:00,0.0
20,11.07 10:00,0.0
20,11.07 11:00,0.0
20,11.07 12:00,0.0
20,11.07 13:00,0.0
20,11.07 14:00,0.0
20,11.07 15:00,0.0
20,11.07 16:00,0.0
20,11.07 17:00,0.0
20,11.07 18:00,0.0
20,11.07 19:00,0.0
20,11.07 20:00,0.0
20,11.07 21:00,0.0
20,11.07 22:00,0.0
20,11.07 23:00,0.0
20,12.07 00:00,0.0
20,12.07 01:00,0.0
20,12.07 02:00,0.0
20,12.07 03:00,0.0
20,12.07 04:00,0.0
20,12.07 05:00,0.0
20,12.07 06:00,0.0
20,12.07 07:00,0.0
20,12.07 08:00,0.0
20,12.07 09:00,0.0
20,12.07 10:00,0.0
20,12.07 11:00,0.0
20,12.07 12:00,0.0
20,12.07 13:00,0.0
20,12.07 14:00,0.0
20,12.07 15:00,0.0
20,12.07 16:00,0.0
20,12.07 17:00,0.0
20,12.07 18:00,0.0
20,12.07 19:00,0.0
20,12.07 20:00,0.0
20,12.07 21:00,0.0
20,12.07 22:00,0.0
20,12.07 23:00,0.0
20,13.07 00:00,0.0
20,13.07 01:00,0.0
20,13.07 02:00,0.0
20,13.07 03:00,0.0
20,13.07 04:00,0.0
20,13.07 05:00,0.0
20,13.07 06:00,0.0
20,13.07 07:00,0.0
20,13.07 08:00,0.0
20,13.07 09:00,0.0
20,13.07 10:00,0.0
20,13.07 11:00,0.0
20,13.07 12:00,0.0
20,13.07 13:00,0.0
20,13.07 14:00,0.0
20,13.07 15:00,0.0
20,13.07 16:00,0.0
20,13.07 17:00,0.0
20,13.07 18:00,0.0
20,13.07 19:00,0.0
20,13.07 20:00,0.0
20,13.07 21:00,0.0
20,13.07 22:00,0.0
20,13.07 23:00,0.0
20,14.07 00:00,0.0
20,14.07 01:00,0.0
20,14.07 02:00,0.0
20,14.07 03:00,0.0
20,14.07 04:00,0.0
20,14.07 05:00,0.0
20,14.07 06:00,0.0
20,14.07 07:00,0.0
20,14.07 08:00,0.0
20,14.07 09:00,0.0
20,14.07 10:00,0.0
20,14.07 11:00,0.0
20,14.07 12:00,0.0
20,14.07 13:00,0.0
20,14.07 14:00,0.0
20,14.07 15:00,0.0
20,14.07 16:00,0.0
20,14.07 17:00,0.0
20,14.07 18:00,0.0
20,14.07 19:00,0.0
20,14.07 20:00,0.0
20,14.07 21:00,0.0
20,14.07 22:00,0.0
20,14.07 23:00,0.0
20,15.07 00:00,0.0
20,15.07 01:00,0.0
20,15.07 02:00,0.0
20,15.07 03:00,0.0
20,15.07 04:00,0.0
20,15.07 05:00,0.0
20,15.07 06:00,0.0
20,15.07 07:00,0.0
20,15.07 08:00,0.0
20,15.07 09:00,0.0
20,15.07 10:00,0.0
20,15.07 11:00,0.0
20,15.07 12:00,0.0
20,15.07 13:00,0.0
20,15.07 14:00,0.0
20,15.07 15:00,0.0
20,15.07 16:00,0.0
20,15.07 17:00,0.0
20,15.07 18:00,0.0
20,15.07 19:00,0.0
20,15.07 20:00,0.0
20,15.07 21:00,0.0
20,15.07 22:00,0.0
20,15.07 23:00,0.0
20,16.07 00:00,0.0
20,16.07 01:00,0.0
20,16.07 02:00,0.0
20,16.07 03:00,0.0
20,16.07 04:00,0.0
20,16.07 05:00,0.0
20,16.07 06:00,0.0
20,16.07 07:00,0.0
20,16.07 08:00,0.0
20,16.07 09:00,0.0
20,16.07 10:00,0.0
20,16.07 11:00,0.0
20,16.07 12:00,0.0
20,16.07 13:00,0.0
20,16.07 14:00,0.0
20,16.07 15:00,0.0
20,16.07 16:00,0.0
20,16.07 17:00,0.0
20,16.07 18:00,0.0
20,16.07 19:00,0.0
20,16.07 20:00,0.0
20,16.07 21:00,0.0
20,16.07 22:00,0.0
20,16.07 23:00,0.0
20,17.07 00:00,0.0
20,17.07 01:00,0.0
20,17.07 02:00,0.0
20,17.07 03:00,0.0
20,17.07 04:00,0.0
20,17.07 05:00,0.0
20,17.07 06:00,0.0
20,17.07 07:00,0.0
20,17.07 08:00,0.0
20,17.07 09:00,0.0
20,17.07 10:00,0.0
20,17.07 11:00,0.0
20,17.07 12:00,0.0
20,17.07 13:00,0.0
20,17.07 14:00,0.0
20,17.07 15:00,0.0
20,17.07 16:00,0.0
20,17.07 17:00,0.0
20,17.07 18:00,0.0
20,17.07 19:00,0.0
20,17.07 20:00,0.0
20,17.07 21:00,0.0
20,17.07 22:00,0.0
20,17.07 23:00,0.0
20,18.07 00:00,0.0
20,18.07 01:00,0.0
20,18.07 02:00,0.0
20,18.07 03:00,0.0
20,18.07 04:00,0.0
20,18.07 05:00,0.0
20,18.07 06:00,0.0
20,18.07 07:00,0.0
20,18.07 08:00,0.0
20,18.07 09:00,0.0
20,18.07 10:00,0.0
20,18.07 11:00,0.0
20,18.07 12:00,0.0
20,18.07 13:00,0.0
20,18.07 14:00,0.0
20,18.07 15:00,0.0
20,18.07 16:00,0.0
20,18.07 17:00,0.0
20,18.07 18:00,0.0
20,18.07 19:00,0.0
20,18.07 20:00,0.0
20,18.07 21:00,0.0
20,18.07 22:00,0.0
20,18.07 23:00,0.0
20,19.07 00:00,0.0
20,19.07 01:00,0.0
20,19.07 02:00,0.0
20,19.07 03:00,0.0
20,19.07 04:00,0.0
20,19.07 05:00,0.0
20,19.07 06:00,0.0
20,19.07 07:00,0.0
20,19.07 08:00,0.0
20,19.07 09:00,0.0
20,19.07 10:00,0.0
20,19.07 11:00,0.0
20,19.07 12:00,0.0
20,19.07 13:00,0.0
20,19.07 14:00,0.0
20,19.07 15:00,0.0
20,19.07 16:00,0.0
20,19.07 17:00,0.0
20,19.07 18:00,0.0
20,19.07 19:00,0.0
20,19.07 20:00,0.0
20,19.07 21:00,0.0
20,19.07 22:00,0.0
20,19.07 23:00,0.0
20,20.07 00:00,0.0
20,20.07 01:00,0.0
20,20.07 02:00,0.0
20,20.07 03:00,0.0
20,20.07 04:00,0.0
20,20.07 05:00,0.0
20,20.07 06:00,0.0
20,20.07 07:00,0.0
20,20.07 08:00,0.0
20,20.07 09:00,0.0
20,20.07 10:00,0.0
20,20.07 11:00,0.0
20,20.07 12:00,0.0
20,20.07 13:00,0.0
20,20.07 14:00,0.0
20,20.07 15:00,0.0
20,20.07 16:00,0.0
20,20.07 17:00,0.0
20,20.07 18:00,0.0
20,20.07 19:00,0.0
20,20.07 20:00,0.0
20,20.07 21:00,0.0
20,20.07 22:00,0.0
20,20.07 23:00,0.0
20,21.07 00:00,0.0
20,21.07 01:00,0.0
20,21.07 02:00,0.0
20,21.07 03:00,0.0
20,21.07 04:00,0.0
20,21.07 05:00,0.0
20,21.07 06:00,0.0
20,21.07 07:00,0.0
20,21.07 08:00,0.0
20,21.07 09:00,0.0
20,21.07 10:00,0.0
20,21.07 11:00,0.0
20,21.07 12:00,0.0
20,21.07 13:00,0.0
20,21.07 14:00,0.0
20,21.07 15:00,0.0
20,21.07 16:00,0.0
20,21.07 17:00,0.0
20,21.07 18:00,0.0
20,21.07 19:00,0.0
20,21.07 20:00,0.0
20,21.07 21:00,0.0
20,21.07 22:00,0.0
20,21.07 23:00,0.0
20,22.07 00:00,0.0
20,22.07 01:00,0.0
20,22.07 02:00,0.0
20,22.07 03:00,0.0
20,22.07 04:00,0.0
20,22.07 05:00,0.0
20,22.07 06:00,0.0
20,22.07 07:00,0.0
20,22.07 08:00,0.0
20,22.07 09:00,0.0
20,22.07 10:00,0.0
20,22.07 11:00,0.0
20,22.07 12:00,0.0
20,22.07 13:00,0.0
20,22.07 14:00,0.0
20,22.07 15:00,0.0
20,22.07 16:00,0.0
20,22.07 17:00,0.0
20,22.07 18:00,0.0
20,22.07 19:00,0.0
20,22.07 20:00,0.0
20,22.07 21:00,0.0
20,22.07 22:00,0.0
20,22.07 23:00,0.0
20,23.07 00:00,0.0
20,23.07 01:00,0.0
20,23.07 02:00,0.0
20,23.07 03:00,0.0
20,23.07 04:00,0.0
20,23.07 05:00,0.0
20,23.07 06:00,0.0
20,23.07 07:00,0.0
20,23.07 08:00,0.0
20,23.07 09:00,0.0
20,23.07 10:00,0.0
20,23.07 11:00,0.0
20,23.07 12:00,0.0
20,23.07 13:00,0.0
20,23.07 14:00,0.0
20,23.07 15:00,0.0
20,23.07 16:00,0.0
20,23.07 17:00,0.0
20,23.07 18:00,0.0
20,23.07 19:00,0.0
20,23.07 20:00,0.0
20,23.07 21:00,0.0
20,23.07 22:00,0.0
20,23.07 23:00,0.0
20,24.07 00:00,0.0
20,24.07 01:00,0.0
20,24.07 02:00,0.0
20,24.07 03:00,0.0
20,24.07 04:00,0.0
20,24.07 05:00,0.0
20,24.07 06:00,0.0
20,24.07 07:00,0.0
20,24.07 08:00,0.0
20,24.07 09:00,0.0
20,24.07 10:00,0.0
20,24.07 11:00,0.0
20,24.07 12:00,0.0
20,24.07 13:00,0.0
20,24.07 14:00,0.0
20,24.07 15:00,0.0
20,24.07 16:00,0.0
20,24.07 17:00,0.0
20,24.07 18:00,0.0
20,24.07 19:00,0.0
20,24.07 20:00,0.0
20,24.07 21:00,0.0
20,24.07 22:00,0.0
20,24.07 23:00,0.0
20,25.07 00:00,0.0
20,25.07 01:00,0.0
20,25.07 02:00,0.0
20,25.07 03:00,0.0
20,25.07 04:00,0.0
20,25.07 05:00,0.0
20,25.07 06:00,0.0
20,25.07 07:00,0.0
20,25.07 08:00,0.0
20,25.07 09:00,0.0
20,25.07 10:00,0.0
20,25.07 11:00,0.0
20,25.07 12:00,0.0
20,25.07 13:00,0.0
20,25.07 14:00,0.0
20,25.07 15:00,0.0
20,25.07 16:00,0.0
20,25.07 17:00,0.0
20,25.07 18:00,0.0
20,25.07 19:00,0.0
20,25.07 20:00,0.0
20,25.07 21:00,0.0
20,25.07 22:00,0.0
20,25.07 23:00,0.0
20,26.07 00:00,0.0
20,26.07 01:00,0.0
20,26.07 02:00,0.0
20,26.07 03:00,0.0
20,26.07 04:00,0.0
20,26.07 05:00,0.0
20,26.07 06:00,0.0
20,26.07 07:00,0.0
20,26.07 08:00,0.0
20,26.07 09:00,0.0
20,26.07 10:00,0.0
20,26.07 11:00,0.0
20,26.07 12:00,0.0
20,26.07 13:00,0.0
20,26.07 14:00,0.0
20,26.07 15:00,0.0
20,26.07 16:00,0.0
20,26.07 17:00,0.0
20,26.07 18:00,0.0
20,26.07 19:00,0.0
20,26.07 20:00,0.0
20,26.07 21:00,0.0
20,26.07 22:00,0.0
20,26.07 23:00,0.0
20,27.07 00:00,0.0
20,27.07 01:00,0.0
20,27.07 02:00,0.0
20,27.07 03:00,0.0
20,27.07 04:00,0.0
20,27.07 05:00,0.0
20,27.07 06:00,0.0
20,27.07 07:00,0.0
20,27.07 08:00,0.0
20,27.07 09:00,0.0
20,27.07 10:00,0.0
20,27.07 11:00,0.0
20,27.07 12:00,0.0
20,27.07 13:00,0.0
20,27.07 14:00,0.0
20,27.07 15:00,0.0
20,27.07 16:00,0.0
20,27.07 17:00,0.0
20,27.07 18:00,0.0
20,27.07 19:00,0.0
20,27.07 20:00,0.0
20,27.07 21:00,0.0
20,27.07 22:00,0.0
20,27.07 23:00,0.0
20,28.07 00:00,0.0
20,28.07 01:00,0.0
20,28.07 02:00,0.0
20,28.07 03:00,0.0
20,28.07 04:00,0.0
20,28.07 05:00,0.0
20,28.07 06:00,0.0
20,28.07 07:00,0.0
20,28.07 08:00,0.0
20,28.07 09:00,0.0
20,28.07 10:00,0.0
20,28.07 11:00,0.0
20,28.07 12:00,0.0
20,28.07 13:00,0.0
20,28.07 14:00,0.0
20,28.07 15:00,0.0
20,28.07 16:00,0.0
20,28.07 17:00,0.0
20,28.07 18:00,0.0
20,28.07 19:00,0.0
20,28.07 20:00,0.0
20,28.07 21:00,0.0
20,28.07 22:00,0.0
20,28.07 23:00,0.0
20,29.07 00:00,0.0
20,29.07 01:00,0.0
20,29.07 02:00,0.0
20,29.07 03:00,0.0
20,29.07 04:00,0.0
20,29.07 05:00,0.0
20,29.07 06:00,0.0
20,29.07 07:00,0.0
20,29.07 08:00,0.0
20,29.07 09:00,0.0
20,29.07 10:00,0.0
20,29.07 11:00,0.0
20,29.07 12:00,0.0
20,29.07 13:00,0.0
20,29.07 14:00,0.0
20,29.07 15:00,0.0
20,29.07 16:00,0.0
20,29.07 17:00,0.0
20,29.07 18:00,0.0
20,29.07 19:00,0.0
20,29.07 20:00,0.0
20,29.07 21:00,0.0
20,29.07 22:00,0.0
20,29.07 23:00,0.0
20,30.07 00:00,0.0
20,30.07 01:00,0.0
20,30.07 02:00,0.0
20,30.07 03:00,0.0
20,30.07 04:00,0.0
20,30.07 05:00,0.0
20,30.07 06:00,0.0
20,30.07 07:00,0.0
20,30.07 08:00,0.0
20,30.07 09:00,0.0
20,30.07 10:00,0.0
20,30.07 11:00,0.0
20,30.07 12:00,0.0
20,30.07 13:00,0.0
20,30.07 14:00,0.0
20,30.07 15:00,0.0
20,30.07 16:00,0.0
20,30.07 17:00,0.0
20,30.07 18:00,0.0
20,30.07 19:00,0.0
20,30.07 20:00,0.0
20,30.07 21:00,0.0
20,30.07 22:00,0.0
20,30.07 23:00,0.0
20,31.07 00:00,0.0
20,31.07 01:00,0.0
20,31.07 02:00,0.0
20,31.07 03:00,0.0
20,31.07 04:00,0.0
20,31.07 05:00,0.0
20,31.07 06:00,0.0
20,31.07 07:00,0.0
20,31.07 08:00,0.0
20,31.07 09:00,0.0
20,31.07 10:00,0.0
20,31.07 11:00,0.0
20,31.07 12:00,0.0
20,31.07 13:00,0.0
20,31.07 14:00,0.0
20,31.07 15:00,0.0
20,31.07 16:00,0.0
20,31.07 17:00,0.0
20,31.07 18:00,0.0
20,31.07 19:00,0.0
20,31.07 20:00,0.0
20,31.07 21:00,0.0
20,31.07 22:00,0.0
20,31.07 23:00,0.0
20,01.08 00:00,0.0
20,01.08 01:00,0.0
20,01.08 02:00,0.0
20,01.08 03:00,0.0
20,01.08 04:00,0.0
20,01.08 05:00,0.0
20,01.08 06:00,0.0
20,01.08 07:00,0.0
20,01.08 08:00,0.0
20,01.08 09:00,0.0
20,01.08 10:00,0.0
20,01.08 11:00,0.0
20,01.08 12:00,0.0
20,01.08 13:00,0.0
20,01.08 14:00,0.0
20,01.08 15:00,0.0
20,01.08 16:00,0.0
20,01.08 17:00,0.0
20,01.08 18:00,0.0
20,01.08 19:00,0.0
20,01.08 20:00,0.0
20,01.08 21:00,0.0
20,01.08 22:00,0.0
20,01.08 23:00,0.0
20,02.08 00:00,0.0
20,02.08 01:00,0.0
20,02.08 02:00,0.0
20,02.08 03:00,0.0
20,02.08 04:00,0.0
20,02.08 05:00,0.0
20,02.08 06:00,0.0
20,02.08 07:00,0.0
20,02.08 08:00,0.0
20,02.08 09:00,0.0
20,02.08 10:00,0.0
20,02.08 11:00,0.0
20,02.08 12:00,0.0
20,02.08 13:00,0.0
20,02.08 14:00,0.0
20,02.08 15:00,0.0
20,02.08 16:00,0.0
20,02.08 17:00,0.0
20,02.08 18:00,0.0
20,02.08 19:00,0.0
20,02.08 20:00,0.0
20,02.08 21:00,0.0
20,02.08 22:00,0.0
20,02.08 23:00,0.0
20,03.08 00:00,0.0
20,03.08 01:00,0.0
20,03.08 02:00,0.0
20,03.08 03:00,0.0
20,03.08 04:00,0.0
20,03.08 05:00,0.0
20,03.08 06:00,0.0
20,03.08 07:00,0.0
20,03.08 08:00,0.0
20,03.08 09:00,0.0
20,03.08 10:00,0.0
20,03.08 11:00,0.0
20,03.08 12:00,0.0
20,03.08 13:00,0.0
20,03.08 14:00,0.0
20,03.08 15:00,0.0
20,03.08 16:00,0.0
20,03.08 17:00,0.0
20,03.08 18:00,0.0
20,03.08 19:00,0.0
20,03.08 20:00,0.0
20,03.08 21:00,0.0
20,03.08 22:00,0.0
20,03.08 23:00,0.0
20,04.08 00:00,0.0
20,04.08 01:00,0.0
20,04.08 02:00,0.0
20,04.08 03:00,0.0
20,04.08 04:00,0.0
20,04.08 05:00,0.0
20,04.08 06:00,0.0
20,04.08 07:00,0.0
20,04.08 08:00,0.0
20,04.08 09:00,0.0
20,04.08 10:00,0.0
20,04.08 11:00,0.0
20,04.08 12:00,0.0
20,04.08 13:00,0.0
20,04.08 14:00,0.0
20,04.08 15:00,0.0
20,04.08 16:00,0.0
20,04.08 17:00,0.0
20,04.08 18:00,0.0
20,04.08 19:00,0.0
20,04.08 20:00,0.0
20,04.08 21:00,0.0
20,04.08 22:00,0.0
20,04.08 23:00,0.0
20,05.08 00:00,0.0
20,05.08 01:00,0.0
20,05.08 02:00,0.0
20,05.08 03:00,0.0
20,05.08 04:00,0.0
20,05.08 05:00,0.0
20,05.08 06:00,0.0
20,05.08 07:00,0.0
20,05.08 08:00,0.0
20,05.08 09:00,0.0
20,05.08 10:00,0.0
20,05.08 11:00,0.0
20,05.08 12:00,0.0
20,05.08 13:00,0.0
20,05.08 14:00,0.0
20,05.08 15:00,0.0
20,05.08 16:00,0.0
20,05.08 17:00,0.0
20,05.08 18:00,0.0
20,05.08 19:00,0.0
20,05.08 20:00,0.0
20,05.08 21:00,0.0
20,05.08 22:00,0.0
20,05.08 23:00,0.0
20,06.08 00:00,0.0
20,06.08 01:00,0.0
20,06.08 02:00,0.0
20,06.08 03:00,0.0
20,06.08 04:00,0.0
20,06.08 05:00,0.0
20,06.08 06:00,0.0
20,06.08 07:00,0.0
20,06.08 08:00,0.0
20,06.08 09:00,0.0
20,06.08 10:00,0.0
20,06.08 11:00,0.0
20,06.08 12:00,0.0
20,06.08 13:00,0.0
20,06.08 14:00,0.0
20,06.08 15:00,0.0
20,06.08 16:00,0.0
20,06.08 17:00,0.0
20,06.08 18:00,0.0
20,06.08 19:00,0.0
20,06.08 20:00,0.0
20,06.08 21:00,0.0
20,06.08 22:00,0.0
20,06.08 23:00,0.0
20,07.08 00:00,0.0
20,07.08 01:00,0.0
20,07.08 02:00,0.0
20,07.08 03:00,0.0
20,07.08 04:00,0.0
20,07.08 05:00,0.0
20,07.08 06:00,0.0
20,07.08 07:00,0.0
20,07.08 08:00,0.0
20,07.08 09:00,0.0
20,07.08 10:00,0.0
20,07.08 11:00,0.0
20,07.08 12:00,0.0
20,07.08 13:00,0.0
20,07.08 14:00,0.0
20,07.08 15:00,0.0
20,07.08 16:00,0.0
20,07.08 17:00,0.0
20,07.08 18:00,0.0
20,07.08 19:00,0.0
20,07.08 20:00,0.0
20,07.08 21:00,0.0
20,07.08 22:00,0.0
20,07.08 23:00,0.0
20,08.08 00:00,0.0
20,08.08 01:00,0.0
20,08.08 02:00,0.0
20,08.08 03:00,0.0
20,08.08 04:00,0.0
20,08.08 05:00,0.0
20,08.08 06:00,0.0
20,08.08 07:00,0.0
20,08.08 08:00,0.0
20,08.08 09:00,0.0
20,08.08 10:00,0.0
20,08.08 11:00,0.0
20,08.08 12:00,0.0
20,08.08 13:00,0.0
20,08.08 14:00,0.0
20,08.08 15:00,0.0
20,08.08 16:00,0.0
20,08.08 17:00,0.0
20,08.08 18:00,0.0
20,08.08 19:00,0.0
20,08.08 20:00,0.0
20,08.08 21:00,0.0
20,08.08 22:00,0.0
20,08.08 23:00,0.0
20,09.08 00:00,0.0
20,09.08 01:00,0.0
20,09.08 02:00,0.0
20,09.08 03:00,0.0
20,09.08 04:00,0.0
20,09.08 05:00,0.0
20,09.08 06:00,0.0
20,09.08 07:00,0.0
20,09.08 08:00,0.0
20,09.08 09:00,0.0
20,09.08 10:00,0.0
20,09.08 11:00,0.0
20,09.08 12:00,0.0
20,09.08 13:00,0.0
20,09.08 14:00,0.0
20,09.08 15:00,0.0
20,09.08 16:00,0.0
20,09.08 17:00,0.0
20,09.08 18:00,0.0
20,09.08 19:00,0.0
20,09.08 20:00,0.0
20,09.08 21:00,0.0
20,09.08 22:00,0.0
20,09.08 23:00,0.0
20,10.08 00:00,0.0
20,10.08 01:00,0.0
20,10.08 02:00,0.0
20,10.08 03:00,0.0
20,10.08 04:00,0.0
20,10.08 05:00,0.0
20,10.08 06:00,0.0
20,10.08 07:00,0.0
20,10.08 08:00,0.0
20,10.08 09:00,0.0
20,10.08 10:00,0.0
20,10.08 11:00,0.0
20,10.08 12:00,0.0
20,10.08 13:00,0.0
20,10.08 14:00,0.0
20,10.08 15:00,0.0
20,10.08 16:00,0.0
20,10.08 17:00,0.0
20,10.08 18:00,0.0
20,10.08 19:00,0.0
20,10.08 20:00,0.0
20,10.08 21:00,0.0
20,10.08 22:00,0.0
20,10.08 23:00,0.0
20,11.08 00:00,0.0
20,11.08 01:00,0.0
20,11.08 02:00,0.0
20,11.08 03:00,0.0
20,11.08 04:00,0.0
20,11.08 05:00,0.0
20,11.08 06:00,0.0
20,11.08 07:00,0.0
20,11.08 08:00,0.0
20,11.08 09:00,0.0
20,11.08 10:00,0.0
20,11.08 11:00,0.0
20,11.08 12:00,0.0
20,11.08 13:00,0.0
20,11.08 14:00,0.0
20,11.08 15:00,0.0
20,11.08 16:00,0.0
20,11.08 17:00,0.0
20,11.08 18:00,0.0
20,11.08 19:00,0.0
20,11.08 20:00,0.0
20,11.08 21:00,0.0
20,11.08 22:00,0.0
20,11.08 23:00,0.0
20,12.08 00:00,0.0
20,12.08 01:00,0.0
20,12.08 02:00,0.0
20,12.08 03:00,0.0
20,12.08 04:00,0.0
20,12.08 05:00,0.0
20,12.08 06:00,0.0
20,12.08 07:00,0.0
20,12.08 08:00,0.0
20,12.08 09:00,0.0
20,12.08 10:00,0.0
20,12.08 11:00,0.0
20,12.08 12:00,0.0
20,12.08 13:00,0.0
20,12.08 14:00,0.0
20,12.08 15:00,0.0
20,12.08 16:00,0.0
20,12.08 17:00,0.0
20,12.08 18:00,0.0
20,12.08 19:00,0.0
20,12.08 20:00,0.0
20,12.08 21:00,0.0
20,12.08 22:00,0.0
20,12.08 23:00,0.0
20,13.08 00:00,0.0
20,13.08 01:00,0.0
20,13.08 02:00,0.0
20,13.08 03:00,0.0
20,13.08 04:00,0.0
20,13.08 05:00,0.0
20,13.08 06:00,0.0
20,13.08 07:00,0.0
20,13.08 08:00,0.0
20,13.08 09:00,0.0
20,13.08 10:00,0.0
20,13.08 11:00,0.0
20,13.08 12:00,0.0
20,13.08 13:00,0.0
20,13.08 14:00,0.0
20,13.08 15:00,0.0
20,13.08 16:00,0.0
20,13.08 17:00,0.0
20,13.08 18:00,0.0
20,13.08 19:00,0.0
20,13.08 20:00,0.0
20,13.08 21:00,0.0
20,13.08 22:00,0.0
20,13.08 23:00,0.0
20,14.08 00:00,0.0
20,14.08 01:00,0.0
20,14.08 02:00,0.0
20,14.08 03:00,0.0
20,14.08 04:00,0.0
20,14.08 05:00,0.0
20,14.08 06:00,0.0
20,14.08 07:00,0.0
20,14.08 08:00,0.0
20,14.08 09:00,0.0
20,14.08 10:00,0.0
20,14.08 11:00,0.0
20,14.08 12:00,0.0
20,14.08 13:00,0.0
20,14.08 14:00,0.0
20,14.08 15:00,0.0
20,14.08 16:00,0.0
20,14.08 17:00,0.0
20,14.08 18:00,0.0
20,14.08 19:00,0.0
20,14.08 20:00,0.0
20,14.08 21:00,0.0
20,14.08 22:00,0.0
20,14.08 23:00,0.0
20,15.08 00:00,0.0
20,15.08 01:00,0.0
20,15.08 02:00,0.0
20,15.08 03:00,0.0
20,15.08 04:00,0.0
20,15.08 05:00,0.0
20,15.08 06:00,0.0
20,15.08 07:00,0.0
20,15.08 08:00,0.0
20,15.08 09:00,0.0
20,15.08 10:00,0.0
20,15.08 11:00,0.0
20,15.08 12:00,0.0
20,15.08 13:00,0.0
20,15.08 14:00,0.0
20,15.08 15:00,0.0
20,15.08 16:00,0.0
20,15.08 17:00,0.0
20,15.08 18:00,0.0
20,15.08 19:00,0.0
20,15.08 20:00,0.0
20,15.08 21:00,0.0
20,15.08 22:00,0.0
20,15.08 23:00,0.0
20,16.08 00:00,0.0
20,16.08 01:00,0.0
20,16.08 02:00,0.0
20,16.08 03:00,0.0
20,16.08 04:00,0.0
20,16.08 05:00,0.0
20,16.08 06:00,0.0
20,16.08 07:00,0.0
20,16.08 08:00,0.0
20,16.08 09:00,0.0
20,16.08 10:00,0.0
20,16.08 11:00,0.0
20,16.08 12:00,0.0
20,16.08 13:00,0.0
20,16.08 14:00,0.0
20,16.08 15:00,0.0
20,16.08 16:00,0.0
20,16.08 17:00,0.0
20,16.08 18:00,0.0
20,16.08 19:00,0.0
20,16.08 20:00,0.0
20,16.08 21:00,0.0
20,16.08 22:00,0.0
20,16.08 23:00,0.0
20,17.08 00:00,0.0
20,17.08 01:00,0.0
20,17.08 02:00,0.0
20,17.08 03:00,0.0
20,17.08 04:00,0.0
20,17.08 05:00,0.0
20,17.08 06:00,0.0
20,17.08 07:00,0.0
20,17.08 08:00,0.0
20,17.08 09:00,0.0
20,17.08 10:00,0.0
20,17.08 11:00,0.0
20,17.08 12:00,0.0
20,17.08 13:00,0.0
20,17.08 14:00,0.0
20,17.08 15:00,0.0
20,17.08 16:00,0.0
20,17.08 17:00,0.0
20,17.08 18:00,0.0
20,17.08 19:00,0.0
20,17.08 20:00,0.0
20,17.08 21:00,0.0
20,17.08 22:00,0.0
20,17.08 23:00,0.0
20,18.08 00:00,0.0
20,18.08 01:00,0.0
20,18.08 02:00,0.0
20,18.08 03:00,0.0
20,18.08 04:00,0.0
20,18.08 05:00,0.0
20,18.08 06:00,0.0
20,18.08 07:00,0.0
20,18.08 08:00,0.0
20,18.08 09:00,0.0
20,18.08 10:00,0.0
20,18.08 11:00,0.0
20,18.08 12:00,0.0
20,18.08 13:00,0.0
20,18.08 14:00,0.0
20,18.08 15:00,0.0
20,18.08 16:00,0.0
20,18.08 17:00,0.0
20,18.08 18:00,0.0
20,18.08 19:00,0.0
20,18.08 20:00,0.0
20,18.08 21:00,0.0
20,18.08 22:00,0.0
20,18.08 23:00,0.0
20,19.08 00:00,0.0
20,19.08 01:00,0.0
20,19.08 02:00,0.0
20,19.08 03:00,0.0
20,19.08 04:00,0.0
20,19.08 05:00,0.0
20,19.08 06:00,0.0
20,19.08 07:00,0.0
20,19.08 08:00,0.0
20,19.08 09:00,0.0
20,19.08 10:00,0.0
20,19.08 11:00,0.0
20,19.08 12:00,0.0
20,19.08 13:00,0.0
20,19.08 14:00,0.0
20,19.08 15:00,0.0
20,19.08 16:00,0.0
20,19.08 17:00,0.0
20,19.08 18:00,0.0
20,19.08 19:00,0.0
20,19.08 20:00,0.0
20,19.08 21:00,0.0
20,19.08 22:00,0.0
20,19.08 23:00,0.0
20,20.08 00:00,0.0
20,20.08 01:00,0.0
20,20.08 02:00,0.0
20,20.08 03:00,0.0
20,20.08 04:00,0.0
20,20.08 05:00,0.0
20,20.08 06:00,0.0
20,20.08 07:00,0.0
20,20.08 08:00,0.0
20,20.08 09:00,0.0
20,20.08 10:00,0.0
20,20.08 11:00,0.0
20,20.08 12:00,0.0
20,20.08 13:00,0.0
20,20.08 14:00,0.0
20,20.08 15:00,0.0
20,20.08 16:00,0.0
20,20.08 17:00,0.0
20,20.08 18:00,0.0
20,20.08 19:00,0.0
20,20.08 20:00,0.0
20,20.08 21:00,0.0
20,20.08 22:00,0.0
20,20.08 23:00,0.0
20,21.08 00:00,0.0
20,21.08 01:00,0.0
20,21.08 02:00,0.0
20,21.08 03:00,0.0
20,21.08 04:00,0.0
20,21.08 05:00,0.0
20,21.08 06:00,0.0
20,21.08 07:00,0.0
20,21.08 08:00,0.0
20,21.08 09:00,0.0
20,21.08 10:00,0.0
20,21.08 11:00,0.0
20,21.08 12:00,0.0
20,21.08 13:00,0.0
20,21.08 14:00,0.0
20,21.08 15:00,0.0
20,21.08 16:00,0.0
20,21.08 17:00,0.0
20,21.08 18:00,0.0
20,21.08 19:00,0.0
20,21.08 20:00,0.0
20,21.08 21:00,0.0
20,21.08 22:00,0.0
20,21.08 23:00,0.0
20,22.08 00:00,0.0
20,22.08 01:00,0.0
20,22.08 02:00,0.0
20,22.08 03:00,0.0
20,22.08 04:00,0.0
20,22.08 05:00,0.0
20,22.08 06:00,0.0
20,22.08 07:00,0.0
20,22.08 08:00,0.0
20,22.08 09:00,0.0
20,22.08 10:00,0.0
20,22.08 11:00,0.0
20,22.08 12:00,0.0
20,22.08 13:00,0.0
20,22.08 14:00,0.0
20,22.08 15:00,0.0
20,22.08 16:00,0.0
20,22.08 17:00,0.0
20,22.08 18:00,0.0
20,22.08 19:00,0.0
20,22.08 20:00,0.0
20,22.08 21:00,0.0
20,22.08 22:00,0.0
20,22.08 23:00,0.0
20,23.08 00:00,0.0
20,23.08 01:00,0.0
20,23.08 02:00,0.0
20,23.08 03:00,0.0
20,23.08 04:00,0.0
20,23.08 05:00,0.0
20,23.08 06:00,0.0
20,23.08 07:00,0.0
20,23.08 08:00,0.0
20,23.08 09:00,0.0
20,23.08 10:00,0.0
20,23.08 11:00,0.0
20,23.08 12:00,0.0
20,23.08 13:00,0.0
20,23.08 14:00,0.0
20,23.08 15:00,0.0
20,23.08 16:00,0.0
20,23.08 17:00,0.0
20,23.08 18:00,0.0
20,23.08 19:00,0.0
20,23.08 20:00,0.0
20,23.08 21:00,0.0
20,23.08 22:00,0.0
20,23.08 23:00,0.0
20,24.08 00:00,0.0
20,24.08 01:00,0.0
20,24.08 02:00,0.0
20,24.08 03:00,0.0
20,24.08 04:00,0.0
20,24.08 05:00,0.0
20,24.08 06:00,0.0
20,24.08 07:00,0.0
20,24.08 08:00,0.0
20,24.08 09:00,0.0
20,24.08 10:00,0.0
20,24.08 11:00,0.0
20,24.08 12:00,0.0
20,24.08 13:00,0.0
20,24.08 14:00,0.0
20,24.08 15:00,0.0
20,24.08 16:00,0.0
20,24.08 17:00,0.0
20,24.08 18:00,0.0
20,24.08 19:00,0.0
20,24.08 20:00,0.0
20,24.08 21:00,0.0
20,24.08 22:00,0.0
20,24.08 23:00,0.0
20,25.08 00:00,0.0
20,25.08 01:00,0.0
20,25.08 02:00,0.0
20,25.08 03:00,0.0
20,25.08 04:00,0.0
20,25.08 05:00,0.0
20,25.08 06:00,0.0
20,25.08 07:00,0.0
20,25.08 08:00,0.0
20,25.08 09:00,0.0
20,25.08 10:00,0.0
20,25.08 11:00,0.0
20,25.08 12:00,0.0
20,25.08 13:00,0.0
20,25.08 14:00,0.0
20,25.08 15:00,0.0
20,25.08 16:00,0.0
20,25.08 17:00,0.0
20,25.08 18:00,0.0
20,25.08 19:00,0.0
20,25.08 20:00,0.0
20,25.08 21:00,0.0
20,25.08 22:00,0.0
20,25.08 23:00,0.0
20,26.08 00:00,0.0
20,26.08 01:00,0.0
20,26.08 02:00,0.0
20,26.08 03:00,0.0
20,26.08 04:00,0.0
20,26.08 05:00,0.0
20,26.08 06:00,0.0
20,26.08 07:00,0.0
20,26.08 08:00,0.0
20,26.08 09:00,0.0
20,26.08 10:00,0.0
20,26.08 11:00,0.0
20,26.08 12:00,0.0
20,26.08 13:00,0.0
20,26.08 14:00,0.0
20,26.08 15:00,0.0
20,26.08 16:00,0.0
20,26.08 17:00,0.0
20,26.08 18:00,0.0
20,26.08 19:00,0.0
20,26.08 20:00,0.0
20,26.08 21:00,0.0
20,26.08 22:00,0.0
20,26.08 23:00,0.0
20,27.08 00:00,0.0
20,27.08 01:00,0.0
20,27.08 02:00,0.0
20,27.08 03:00,0.0
20,27.08 04:00,0.0
20,27.08 05:00,0.0
20,27.08 06:00,0.0
20,27.08 07:00,0.0
20,27.08 08:00,0.0
20,27.08 09:00,0.0
20,27.08 10:00,0.0
20,27.08 11:00,0.0
20,27.08 12:00,0.0
20,27.08 13:00,0.0
20,27.08 14:00,0.0
20,27.08 15:00,0.0
20,27.08 16:00,0.0
20,27.08 17:00,0.0
20,27.08 18:00,0.0
20,27.08 19:00,0.0
20,27.08 20:00,0.0
20,27.08 21:00,0.0
20,27.08 22:00,0.0
20,27.08 23:00,0.0
20,28.08 00:00,0.0
20,28.08 01:00,0.0
20,28.08 02:00,0.0
20,28.08 03:00,0.0
20,28.08 04:00,0.0
20,28.08 05:00,0.0
20,28.08 06:00,0.0
20,28.08 07:00,0.0
20,28.08 08:00,0.0
20,28.08 09:00,0.0
20,28.08 10:00,0.0
20,28.08 11:00,0.0
20,28.08 12:00,0.0
20,28.08 13:00,0.0
20,28.08 14:00,0.0
20,28.08 15:00,0.0
20,28.08 16:00,0.0
20,28.08 17:00,0.0
20,28.08 18:00,0.0
20,28.08 19:00,0.0
20,28.08 20:00,0.0
20,28.08 21:00,0.0
20,28.08 22:00,0.0
20,28.08 23:00,0.0
20,29.08 00:00,0.0
20,29.08 01:00,0.0
20,29.08 02:00,0.0
20,29.08 03:00,0.0
20,29.08 04:00,0.0
20,29.08 05:00,0.0
20,29.08 06:00,0.0
20,29.08 07:00,0.0
20,29.08 08:00,0.0
20,29.08 09:00,0.0
20,29.08 10:00,0.0
20,29.08 11:00,0.0
20,29.08 12:00,0.0
20,29.08 13:00,0.0
20,29.08 14:00,0.0
20,29.08 15:00,0.0
20,29.08 16:00,0.0
20,29.08 17:00,0.0
20,29.08 18:00,0.0
20,29.08 19:00,0.0
20,29.08 20:00,0.0
20,29.08 21:00,0.0
20,29.08 22:00,0.0
20,29.08 23:00,0.0
20,30.08 00:00,0.0
20,30.08 01:00,0.0
20,30.08 02:00,0.0
20,30.08 03:00,0.0
20,30.08 04:00,0.0
20,30.08 05:00,0.0
20,30.08 06:00,0.0
20,30.08 07:00,0.0
20,30.08 08:00,0.0
20,30.08 09:00,0.0
20,30.08 10:00,0.0
20,30.08 11:00,0.0
20,30.08 12:00,0.0
20,30.08 13:00,0.0
20,30.08 14:00,0.0
20,30.08 15:00,0.0
20,30.08 16:00,0.0
20,30.08 17:00,0.0
20,30.08 18:00,0.0
20,30.08 19:00,0.0
20,30.08 20:00,0.0
20,30.08 21:00,0.0
20,30.08 22:00,0.0
20,30.08 23:00,0.0
20,31.08 00:00,0.0
20,31.08 01:00,0.0
20,31.08 02:00,0.0
20,31.08 03:00,0.0
20,31.08 04:00,0.0
20,31.08 05:00,0.0
20,31.08 06:00,0.0
20,31.08 07:00,0.0
20,31.08 08:00,0.0
20,31.08 09:00,0.0
20,31.08 10:00,0.0
20,31.08 11:00,0.0
20,31.08 12:00,0.0
20,31.08 13:00,0.0
20,31.08 14:00,0.0
20,31.08 15:00,0.0
20,31.08 16:00,0.0
20,31.08 17:00,0.0
20,31.08 18:00,0.0
20,31.08 19:00,0.0
20,31.08 20:00,0.0
20,31.08 21:00,0.0
20,31.08 22:00,0.0
20,31.08 23:00,0.0
20,01.09 00:00,0.0
20,01.09 01:00,0.0
20,01.09 02:00,0.0
20,01.09 03:00,0.0
20,01.09 04:00,0.0
20,01.09 05:00,0.0
20,01.09 06:00,0.0
20,01.09 07:00,0.0
20,01.09 08:00,0.0
20,01.09 09:00,0.0
20,01.09 10:00,0.0
20,01.09 11:00,0.0
20,01.09 12:00,0.0
20,01.09 13:00,0.0
20,01.09 14:00,0.0
20,01.09 15:00,0.0
20,01.09 16:00,0.0
20,01.09 17:00,0.0
20,01.09 18:00,0.0
20,01.09 19:00,0.0
20,01.09 20:00,0.0
20,01.09 21:00,0.0
20,01.09 22:00,0.0
20,01.09 23:00,0.0
20,02.09 00:00,0.0
20,02.09 01:00,0.0
20,02.09 02:00,0.0
20,02.09 03:00,0.0
20,02.09 04:00,0.0
20,02.09 05:00,0.0
20,02.09 06:00,0.0
20,02.09 07:00,0.0
20,02.09 08:00,0.0
20,02.09 09:00,0.0
20,02.09 10:00,0.0
20,02.09 11:00,0.0
20,02.09 12:00,0.0
20,02.09 13:00,0.0
20,02.09 14:00,0.0
20,02.09 15:00,0.0
20,02.09 16:00,0.0
20,02.09 17:00,0.0
20,02.09 18:00,0.0
20,02.09 19:00,0.0
20,02.09 20:00,0.0
20,02.09 21:00,0.0
20,02.09 22:00,0.0
20,02.09 23:00,0.0
20,03.09 00:00,0.0
20,03.09 01:00,0.0
20,03.09 02:00,0.0
20,03.09 03:00,0.0
20,03.09 04:00,0.0
20,03.09 05:00,0.0
20,03.09 06:00,0.0
20,03.09 07:00,0.0
20,03.09 08:00,0.0
20,03.09 09:00,0.0
20,03.09 10:00,0.0
20,03.09 11:00,0.0
20,03.09 12:00,0.0
20,03.09 13:00,0.0
20,03.09 14:00,0.0
20,03.09 15:00,0.0
20,03.09 16:00,0.0
20,03.09 17:00,0.0
20,03.09 18:00,0.0
20,03.09 19:00,0.0
20,03.09 20:00,0.0
20,03.09 21:00,0.0
20,03.09 22:00,0.0
20,03.09 23:00,0.0
20,04.09 00:00,0.0
20,04.09 01:00,0.0
20,04.09 02:00,0.0
20,04.09 03:00,0.0
20,04.09 04:00,0.0
20,04.09 05:00,0.0
20,04.09 06:00,0.0
20,04.09 07:00,0.0
20,04.09 08:00,0.0
20,04.09 09:00,0.0
20,04.09 10:00,0.0
20,04.09 11:00,0.0
20,04.09 12:00,0.0
20,04.09 13:00,0.0
20,04.09 14:00,0.0
20,04.09 15:00,0.0
20,04.09 16:00,0.0
20,04.09 17:00,0.0
20,04.09 18:00,0.0
20,04.09 19:00,0.0
20,04.09 20:00,0.0
20,04.09 21:00,0.0
20,04.09 22:00,0.0
20,04.09 23:00,0.0
20,05.09 00:00,0.0
20,05.09 01:00,0.0
20,05.09 02:00,0.0
20,05.09 03:00,0.0
20,05.09 04:00,0.0
20,05.09 05:00,0.0
20,05.09 06:00,0.0
20,05.09 07:00,0.0
20,05.09 08:00,0.0
20,05.09 09:00,0.0
20,05.09 10:00,0.0
20,05.09 11:00,0.0
20,05.09 12:00,0.0
20,05.09 13:00,0.0
20,05.09 14:00,0.0
20,05.09 15:00,0.0
20,05.09 16:00,0.0
20,05.09 17:00,0.0
20,05.09 18:00,0.0
20,05.09 19:00,0.0
20,05.09 20:00,0.0
20,05.09 21:00,0.0
20,05.09 22:00,0.0
20,05.09 23:00,0.0
20,06.09 00:00,0.0
20,06.09 01:00,0.0
20,06.09 02:00,0.0
20,06.09 03:00,0.0
20,06.09 04:00,0.0
20,06.09 05:00,0.0
20,06.09 06:00,0.0
20,06.09 07:00,0.0
20,06.09 08:00,0.0
20,06.09 09:00,0.0
20,06.09 10:00,0.0
20,06.09 11:00,0.0
20,06.09 12:00,0.0
20,06.09 13:00,0.0
20,06.09 14:00,0.0
20,06.09 15:00,0.0
20,06.09 16:00,0.0
20,06.09 17:00,0.0
20,06.09 18:00,0.0
20,06.09 19:00,0.0
20,06.09 20:00,0.0
20,06.09 21:00,0.0
20,06.09 22:00,0.0
20,06.09 23:00,0.0
20,07.09 00:00,0.0
20,07.09 01:00,0.0
20,07.09 02:00,0.0
20,07.09 03:00,0.0
20,07.09 04:00,0.0
20,07.09 05:00,0.0
20,07.09 06:00,0.0
20,07.09 07:00,0.0
20,07.09 08:00,0.0
20,07.09 09:00,0.0
20,07.09 10:00,0.0
20,07.09 11:00,0.0
20,07.09 12:00,0.0
20,07.09 13:00,0.0
20,07.09 14:00,0.0
20,07.09 15:00,0.0
20,07.09 16:00,0.0
20,07.09 17:00,0.0
20,07.09 18:00,0.0
20,07.09 19:00,0.0
20,07.09 20:00,0.0
20,07.09 21:00,0.0
20,07.09 22:00,0.0
20,07.09 23:00,0.0
20,08.09 00:00,0.0
20,08.09 01:00,0.0
20,08.09 02:00,0.0
20,08.09 03:00,0.0
20,08.09 04:00,0.0
20,08.09 05:00,0.0
20,08.09 06:00,0.0
20,08.09 07:00,0.0
20,08.09 08:00,0.0
20,08.09 09:00,0.0
20,08.09 10:00,0.0
20,08.09 11:00,0.0
20,08.09 12:00,0.0
20,08.09 13:00,0.0
20,08.09 14:00,0.0
20,08.09 15:00,0.0
20,08.09 16:00,0.0
20,08.09 17:00,0.0
20,08.09 18:00,0.0
20,08.09 19:00,0.0
20,08.09 20:00,0.0
20,08.09 21:00,0.0
20,08.09 22:00,0.0
20,08.09 23:00,0.0
20,09.09 00:00,0.0
20,09.09 01:00,0.0
20,09.09 02:00,0.0
20,09.09 03:00,0.0
20,09.09 04:00,0.0
20,09.09 05:00,0.0
20,09.09 06:00,0.0
20,09.09 07:00,0.0
20,09.09 08:00,0.0
20,09.09 09:00,0.0
20,09.09 10:00,0.0
20,09.09 11:00,0.0
20,09.09 12:00,0.0
20,09.09 13:00,0.0
20,09.09 14:00,0.0
20,09.09 15:00,0.0
20,09.09 16:00,0.0
20,09.09 17:00,0.0
20,09.09 18:00,0.0
20,09.09 19:00,0.0
20,09.09 20:00,0.0
20,09.09 21:00,0.0
20,09.09 22:00,0.0
20,09.09 23:00,0.0
20,10.09 00:00,0.0
20,10.09 01:00,0.0
20,10.09 02:00,0.0
20,10.09 03:00,0.0
20,10.09 04:00,0.0
20,10.09 05:00,0.0
20,10.09 06:00,0.0
20,10.09 07:00,0.0
20,10.09 08:00,0.0
20,10.09 09:00,0.0
20,10.09 10:00,0.0
20,10.09 11:00,0.0
20,10.09 12:00,0.0
20,10.09 13:00,0.0
20,10.09 14:00,0.0
20,10.09 15:00,0.0
20,10.09 16:00,0.0
20,10.09 17:00,0.0
20,10.09 18:00,0.0
20,10.09 19:00,0.0
20,10.09 20:00,0.0
20,10.09 21:00,0.0
20,10.09 22:00,0.0
20,10.09 23:00,0.0
20,11.09 00:00,0.0
20,11.09 01:00,0.0
20,11.09 02:00,0.0
20,11.09 03:00,0.0
20,11.09 04:00,0.0
20,11.09 05:00,0.0
20,11.09 06:00,0.0
20,11.09 07:00,0.0
20,11.09 08:00,0.0
20,11.09 09:00,0.0
20,11.09 10:00,0.0
20,11.09 11:00,0.0
20,11.09 12:00,0.0
20,11.09 13:00,0.0
20,11.09 14:00,0.0
20,11.09 15:00,0.0
20,11.09 16:00,0.0
20,11.09 17:00,0.0
20,11.09 18:00,0.0
20,11.09 19:00,0.0
20,11.09 20:00,0.0
20,11.09 21:00,0.0
20,11.09 22:00,0.0
20,11.09 23:00,0.0
20,12.09 00:00,0.0
20,12.09 01:00,0.0
20,12.09 02:00,0.0
20,12.09 03:00,0.0
20,12.09 04:00,0.0
20,12.09 05:00,0.0
20,12.09 06:00,0.0
20,12.09 07:00,0.0
20,12.09 08:00,0.0
20,12.09 09:00,0.0
20,12.09 10:00,0.0
20,12.09 11:00,0.0
20,12.09 12:00,0.0
20,12.09 13:00,0.0
20,12.09 14:00,0.0
20,12.09 15:00,0.0
20,12.09 16:00,0.0
20,12.09 17:00,0.0
20,12.09 18:00,0.0
20,12.09 19:00,0.0
20,12.09 20:00,0.0
20,12.09 21:00,0.0
20,12.09 22:00,0.0
20,12.09 23:00,0.0
20,13.09 00:00,0.0
20,13.09 01:00,0.0
20,13.09 02:00,0.0
20,13.09 03:00,0.0
20,13.09 04:00,0.0
20,13.09 05:00,0.0
20,13.09 06:00,0.0
20,13.09 07:00,0.0
20,13.09 08:00,0.0
20,13.09 09:00,0.0
20,13.09 10:00,0.0
20,13.09 11:00,0.0
20,13.09 12:00,0.0
20,13.09 13:00,0.0
20,13.09 14:00,0.0
20,13.09 15:00,0.0
20,13.09 16:00,0.0
20,13.09 17:00,0.0
20,13.09 18:00,0.0
20,13.09 19:00,0.0
20,13.09 20:00,0.0
20,13.09 21:00,0.0
20,13.09 22:00,0.0
20,13.09 23:00,0.0
20,14.09 00:00,0.0
20,14.09 01:00,0.0
20,14.09 02:00,0.0
20,14.09 03:00,0.0
20,14.09 04:00,0.0
20,14.09 05:00,0.0
20,14.09 06:00,0.0
20,14.09 07:00,0.0
20,14.09 08:00,0.0
20,14.09 09:00,0.0
20,14.09 10:00,0.0
20,14.09 11:00,0.0
20,14.09 12:00,0.0
20,14.09 13:00,0.0
20,14.09 14:00,0.0
20,14.09 15:00,0.0
20,14.09 16:00,0.0
20,14.09 17:00,0.0
20,14.09 18:00,0.0
20,14.09 19:00,0.0
20,14.09 20:00,0.0
20,14.09 21:00,0.0
20,14.09 22:00,0.0
20,14.09 23:00,0.0
20,15.09 00:00,0.0
20,15.09 01:00,0.0
20,15.09 02:00,0.0
20,15.09 03:00,0.0
20,15.09 04:00,0.0
20,15.09 05:00,0.0
20,15.09 06:00,0.0
20,15.09 07:00,0.0
20,15.09 08:00,0.0
20,15.09 09:00,0.0
20,15.09 10:00,0.0
20,15.09 11:00,0.0
20,15.09 12:00,0.0
20,15.09 13:00,0.0
20,15.09 14:00,0.0
20,15.09 15:00,0.0
20,15.09 16:00,0.0
20,15.09 17:00,0.0
20,15.09 18:00,0.0
20,15.09 19:00,0.0
20,15.09 20:00,0.0
20,15.09 21:00,0.0
20,15.09 22:00,0.0
20,15.09 23:00,0.0
20,16.09 00:00,0.0
20,16.09 01:00,0.0
20,16.09 02:00,0.0
20,16.09 03:00,0.0
20,16.09 04:00,0.0
20,16.09 05:00,0.0
20,16.09 06:00,0.0
20,16.09 07:00,0.0
20,16.09 08:00,0.0
20,16.09 09:00,0.0
20,16.09 10:00,0.0
20,16.09 11:00,0.0
20,16.09 12:00,0.0
20,16.09 13:00,0.0
20,16.09 14:00,0.0
20,16.09 15:00,0.0
20,16.09 16:00,0.0
20,16.09 17:00,0.0
20,16.09 18:00,0.0
20,16.09 19:00,0.0
20,16.09 20:00,0.0
20,16.09 21:00,0.0
20,16.09 22:00,0.0
20,16.09 23:00,0.0
20,17.09 00:00,0.0
20,17.09 01:00,0.0
20,17.09 02:00,0.0
20,17.09 03:00,0.0
20,17.09 04:00,0.0
20,17.09 05:00,0.0
20,17.09 06:00,0.0
20,17.09 07:00,0.0
20,17.09 08:00,0.0
20,17.09 09:00,0.0
20,17.09 10:00,0.0
20,17.09 11:00,0.0
20,17.09 12:00,0.0
20,17.09 13:00,0.0
20,17.09 14:00,0.0
20,17.09 15:00,0.0
20,17.09 16:00,0.0
20,17.09 17:00,0.0
20,17.09 18:00,0.0
20,17.09 19:00,0.0
20,17.09 20:00,0.0
20,17.09 21:00,0.0
20,17.09 22:00,0.0
20,17.09 23:00,0.0
20,18.09 00:00,0.0
20,18.09 01:00,0.0
20,18.09 02:00,0.0
20,18.09 03:00,0.0
20,18.09 04:00,0.0
20,18.09 05:00,0.0
20,18.09 06:00,0.0
20,18.09 07:00,0.0
20,18.09 08:00,0.0
20,18.09 09:00,0.0
20,18.09 10:00,0.0
20,18.09 11:00,0.0
20,18.09 12:00,0.0
20,18.09 13:00,0.0
20,18.09 14:00,0.0
20,18.09 15:00,0.0
20,18.09 16:00,0.0
20,18.09 17:00,0.0
20,18.09 18:00,0.0
20,18.09 19:00,0.0
20,18.09 20:00,0.0
20,18.09 21:00,0.0
20,18.09 22:00,0.0
20,18.09 23:00,0.0
20,19.09 00:00,0.0
20,19.09 01:00,0.0
20,19.09 02:00,0.0
20,19.09 03:00,0.0
20,19.09 04:00,0.0
20,19.09 05:00,0.0
20,19.09 06:00,0.0
20,19.09 07:00,0.0
20,19.09 08:00,0.0
20,19.09 09:00,0.0
20,19.09 10:00,0.0
20,19.09 11:00,0.0
20,19.09 12:00,0.0
20,19.09 13:00,0.0
20,19.09 14:00,0.0
20,19.09 15:00,0.0
20,19.09 16:00,0.0
20,19.09 17:00,0.0
20,19.09 18:00,0.0
20,19.09 19:00,0.0
20,19.09 20:00,0.0
20,19.09 21:00,0.0
20,19.09 22:00,0.0
20,19.09 23:00,0.0
20,20.09 00:00,0.0
20,20.09 01:00,0.0
20,20.09 02:00,0.0
20,20.09 03:00,0.0
20,20.09 04:00,0.0
20,20.09 05:00,0.0
20,20.09 06:00,0.0
20,20.09 07:00,0.0
20,20.09 08:00,0.0
20,20.09 09:00,0.0
20,20.09 10:00,0.0
20,20.09 11:00,0.0
20,20.09 12:00,0.0
20,20.09 13:00,0.0
20,20.09 14:00,0.0
20,20.09 15:00,0.0
20,20.09 16:00,0.0
20,20.09 17:00,0.0
20,20.09 18:00,0.0
20,20.09 19:00,0.0
20,20.09 20:00,0.0
20,20.09 21:00,0.0
20,20.09 22:00,0.0
20,20.09 23:00,0.0
20,21.09 00:00,0.0
20,21.09 01:00,0.0
20,21.09 02:00,0.0
20,21.09 03:00,0.0
20,21.09 04:00,0.0
20,21.09 05:00,0.0
20,21.09 06:00,0.0
20,21.09 07:00,0.0
20,21.09 08:00,0.0
20,21.09 09:00,0.0
20,21.09 10:00,0.0
20,21.09 11:00,0.0
20,21.09 12:00,0.0
20,21.09 13:00,0.0
20,21.09 14:00,0.0
20,21.09 15:00,0.0
20,21.09 16:00,0.0
20,21.09 17:00,0.0
20,21.09 18:00,0.0
20,21.09 19:00,0.0
20,21.09 20:00,0.0
20,21.09 21:00,0.0
20,21.09 22:00,0.0
20,21.09 23:00,0.0
20,22.09 00:00,0.0
20,22.09 01:00,0.0
20,22.09 02:00,0.0
20,22.09 03:00,0.0
20,22.09 04:00,0.0
20,22.09 05:00,0.0
20,22.09 06:00,0.0
20,22.09 07:00,0.0
20,22.09 08:00,0.0
20,22.09 09:00,0.0
20,22.09 10:00,0.0
20,22.09 11:00,0.0
20,22.09 12:00,0.0
20,22.09 13:00,0.0
20,22.09 14:00,0.0
20,22.09 15:00,0.0
20,22.09 16:00,0.0
20,22.09 17:00,0.0
20,22.09 18:00,0.0
20,22.09 19:00,0.0
20,22.09 20:00,0.0
20,22.09 21:00,0.0
20,22.09 22:00,0.0
20,22.09 23:00,0.0
20,23.09 00:00,0.0
20,23.09 01:00,0.0
20,23.09 02:00,0.0
20,23.09 03:00,0.0
20,23.09 04:00,0.0
20,23.09 05:00,0.0
20,23.09 06:00,0.0
20,23.09 07:00,0.0
20,23.09 08:00,0.0
20,23.09 09:00,0.0
20,23.09 10:00,0.0
20,23.09 11:00,0.0
20,23.09 12:00,0.0
20,23.09 13:00,0.0
20,23.09 14:00,0.0
20,23.09 15:00,0.0
20,23.09 16:00,0.0
20,23.09 17:00,0.0
20,23.09 18:00,0.0
20,23.09 19:00,0.0
20,23.09 20:00,0.0
20,23.09 21:00,0.0
20,23.09 22:00,0.0
20,23.09 23:00,0.0
20,24.09 00:00,0.0
20,24.09 01:00,0.0
20,24.09 02:00,0.0
20,24.09 03:00,0.0
20,24.09 04:00,0.0
20,24.09 05:00,0.0
20,24.09 06:00,0.0
20,24.09 07:00,0.0
20,24.09 08:00,0.0
20,24.09 09:00,0.0
20,24.09 10:00,0.0
20,24.09 11:00,0.0
20,24.09 12:00,0.0
20,24.09 13:00,0.0
20,24.09 14:00,0.0
20,24.09 15:00,0.0
20,24.09 16:00,0.0
20,24.09 17:00,0.0
20,24.09 18:00,0.0
20,24.09 19:00,0.0
20,24.09 20:00,0.0
20,24.09 21:00,0.0
20,24.09 22:00,0.0
20,24.09 23:00,0.0
20,25.09 00:00,0.0
20,25.09 01:00,0.0
20,25.09 02:00,0.0
20,25.09 03:00,0.0
20,25.09 04:00,0.0
20,25.09 05:00,0.0
20,25.09 06:00,0.0
20,25.09 07:00,0.0
20,25.09 08:00,0.0
20,25.09 09:00,0.0
20,25.09 10:00,0.0
20,25.09 11:00,0.0
20,25.09 12:00,0.0
20,25.09 13:00,0.0
20,25.09 14:00,0.0
20,25.09 15:00,0.0
20,25.09 16:00,0.0
20,25.09 17:00,0.0
20,25.09 18:00,0.0
20,25.09 19:00,0.0
20,25.09 20:00,0.0
20,25.09 21:00,0.0
20,25.09 22:00,0.0
20,25.09 23:00,0.0
20,26.09 00:00,0.0
20,26.09 01:00,0.0
20,26.09 02:00,0.0
20,26.09 03:00,0.0
20,26.09 04:00,0.0
20,26.09 05:00,0.0
20,26.09 06:00,0.0
20,26.09 07:00,0.0
20,26.09 08:00,0.0
20,26.09 09:00,0.0
20,26.09 10:00,0.0
20,26.09 11:00,0.0
20,26.09 12:00,0.0
20,26.09 13:00,0.0
20,26.09 14:00,0.0
20,26.09 15:00,0.0
20,26.09 16:00,0.0
20,26.09 17:00,0.0
20,26.09 18:00,0.0
20,26.09 19:00,0.0
20,26.09 20:00,0.0
20,26.09 21:00,0.0
20,26.09 22:00,0.0
20,26.09 23:00,0.0
20,27.09 00:00,0.0
20,27.09 01:00,0.0
20,27.09 02:00,0.0
20,27.09 03:00,0.0
20,27.09 04:00,0.0
20,27.09 05:00,0.0
20,27.09 06:00,0.0
20,27.09 07:00,0.0
20,27.09 08:00,0.0
20,27.09 09:00,0.0
20,27.09 10:00,0.0
20,27.09 11:00,0.0
20,27.09 12:00,0.0
20,27.09 13:00,0.0
20,27.09 14:00,0.0
20,27.09 15:00,0.0
20,27.09 16:00,0.0
20,27.09 17:00,0.0
20,27.09 18:00,0.0
20,27.09 19:00,0.0
20,27.09 20:00,0.0
20,27.09 21:00,0.0
20,27.09 22:00,0.0
20,27.09 23:00,0.0
20,28.09 00:00,0.0
20,28.09 01:00,0.0
20,28.09 02:00,0.0
20,28.09 03:00,0.0
20,28.09 04:00,0.0
20,28.09 05:00,0.0
20,28.09 06:00,0.0
20,28.09 07:00,0.0
20,28.09 08:00,0.0
20,28.09 09:00,0.0
20,28.09 10:00,0.0
20,28.09 11:00,0.0
20,28.09 12:00,0.0
20,28.09 13:00,0.0
20,28.09 14:00,0.0
20,28.09 15:00,0.0
20,28.09 16:00,0.0
20,28.09 17:00,0.0
20,28.09 18:00,0.0
20,28.09 19:00,0.0
20,28.09 20:00,0.0
20,28.09 21:00,0.0
20,28.09 22:00,0.0
20,28.09 23:00,0.0
20,29.09 00:00,0.0
20,29.09 01:00,0.0
20,29.09 02:00,0.0
20,29.09 03:00,0.0
20,29.09 04:00,0.0
20,29.09 05:00,0.0
20,29.09 06:00,0.0
20,29.09 07:00,0.0
20,29.09 08:00,0.0
20,29.09 09:00,0.0
20,29.09 10:00,0.0
20,29.09 11:00,0.0
20,29.09 12:00,0.0
20,29.09 13:00,0.0
20,29.09 14:00,0.0
20,29.09 15:00,0.0
20,29.09 16:00,0.0
20,29.09 17:00,0.0
20,29.09 18:00,0.0
20,29.09 19:00,0.0
20,29.09 20:00,0.0
20,29.09 21:00,0.0
20,29.09 22:00,0.0
20,29.09 23:00,0.0
20,30.09 00:00,0.0
20,30.09 01:00,0.0
20,30.09 02:00,0.0
20,30.09 03:00,0.0
20,30.09 04:00,0.0
20,30.09 05:00,0.0
20,30.09 06:00,0.0
20,30.09 07:00,0.0
20,30.09 08:00,0.0
20,30.09 09:00,0.0
20,30.09 10:00,0.0
20,30.09 11:00,0.0
20,30.09 12:00,0.0
20,30.09 13:00,0.0
20,30.09 14:00,0.0
20,30.09 15:00,0.0
20,30.09 16:00,0.0
20,30.09 17:00,0.0
20,30.09 18:00,0.0
20,30.09 19:00,0.0
20,30.09 20:00,0.0
20,30.09 21:00,0.0
20,30.09 22:00,0.0
20,30.09 23:00,0.0
