36,01.03 00:00,55.604
36,01.03 01:00,55.397
36,01.03 02:00,56.312
36,01.03 03:00,56.362
36,01.03 04:00,76.24
36,01.03 05:00,80.169
36,01.03 06:00,115.956
36,01.03 07:00,117.076
36,01.03 08:00,117.914
36,01.03 09:00,121.61
36,01.03 10:00,124.46
36,01.03 11:00,122.26
36,01.03 12:00,121.648
36,01.03 13:00,124.634
36,01.03 14:00,123.602
36,01.03 15:00,124.836
36,01.03 16:00,124.882
36,01.03 17:00,123.028
36,01.03 18:00,119.143
36,01.03 19:00,115.397
36,01.03 20:00,100.9
36,01.03 21:00,79.528
36,01.03 22:00,59.36
36,01.03 23:00,55.838
36,02.03 00:00,55.214
36,02.03 01:00,55.861
36,02.03 02:00,57.373
36,02.03 03:00,57.144
36,02.03 04:00,65.795
36,02.03 05:00,80.095
36,02.03 06:00,116.251
36,02.03 07:00,115.667
36,02.03 08:00,118.946
36,02.03 09:00,119.087
36,02.03 10:00,119.86
36,02.03 11:00,119.582
36,02.03 12:00,118.25
36,02.03 13:00,120.878
36,02.03 14:00,120.692
36,02.03 15:00,118.798
36,02.03 16:00,120.501
36,02.03 17:00,120.222
36,02.03 18:00,116.476
36,02.03 19:00,115.589
36,02.03 20:00,99.339
36,02.03 21:00,76.427
36,02.03 22:00,58.21
36,02.03 23:00,54.633
36,03.03 00:00,55.662
36,03.03 01:00,54.754
36,03.03 02:00,56.073
36,03.03 03:00,55.335
36,03.03 04:00,64.814
36,03.03 05:00,79.768
36,03.03 06:00,115.027
36,03.03 07:00,114.973
36,03.03 08:00,116.286
36,03.03 09:00,119.0
36,03.03 10:00,119.767
36,03.03 11:00,120.404
36,03.03 12:00,120.519
36,03.03 13:00,120.941
36,03.03 14:00,121.667
36,03.03 15:00,124.295
36,03.03 16:00,122.26
36,03.03 17:00,117.917
36,03.03 18:00,114.927
36,03.03 19:00,115.96
36,03.03 20:00,99.634
36,03.03 21:00,76.735
36,03.03 22:00,58.619
36,03.03 23:00,54.251
36,04.03 00:00,55.534
36,04.03 01:00,54.811
36,04.03 02:00,54.679
36,04.03 03:00,55.93
36,04.03 04:00,65.475
36,04.03 05:00,80.244
36,04.03 06:00,115.768
36,04.03 07:00,114.557
36,04.03 08:00,115.286
36,04.03 09:00,116.125
36,04.03 10:00,114.97
36,04.03 11:00,114.758
36,04.03 12:00,116.705
36,04.03 13:00,114.881
36,04.03 14:00,115.824
36,04.03 15:00,115.946
36,04.03 16:00,117.41
36,04.03 17:00,115.335
36,04.03 18:00,117.214
36,04.03 19:00,115.211
36,04.03 20:00,84.176
36,04.03 21:00,70.777
36,04.03 22:00,58.962
36,04.03 23:00,54.758
36,05.03 00:00,54.861
36,05.03 01:00,54.582
36,05.03 02:00,55.261
36,05.03 03:00,57.393
36,05.03 04:00,54.31
36,05.03 05:00,64.426
36,05.03 06:00,69.668
36,05.03 07:00,69.604
36,05.03 08:00,68.544
36,05.03 09:00,68.974
36,05.03 10:00,70.057
36,05.03 11:00,70.082
36,05.03 12:00,69.967
36,05.03 13:00,70.076
36,05.03 14:00,71.208
36,05.03 15:00,70.56
36,05.03 16:00,70.323
36,05.03 17:00,70.539
36,05.03 18:00,70.758
36,05.03 19:00,69.904
36,05.03 20:00,70.14
36,05.03 21:00,69.964
36,05.03 22:00,57.92
36,05.03 23:00,55.083
36,06.03 00:00,54.503
36,06.03 01:00,54.528
36,06.03 02:00,54.247
36,06.03 03:00,55.312
36,06.03 04:00,54.112
36,06.03 05:00,65.013
36,06.03 06:00,68.175
36,06.03 07:00,72.092
36,06.03 08:00,69.038
36,06.03 09:00,68.444
36,06.03 10:00,68.621
36,06.03 11:00,69.151
36,06.03 12:00,69.656
36,06.03 13:00,71.366
36,06.03 14:00,71.263
36,06.03 15:00,69.875
36,06.03 16:00,70.135
36,06.03 17:00,70.227
36,06.03 18:00,70.314
36,06.03 19:00,70.4
36,06.03 20:00,70.417
36,06.03 21:00,70.98
36,06.03 22:00,59.158
36,06.03 23:00,54.002
36,07.03 00:00,53.742
36,07.03 01:00,54.902
36,07.03 02:00,54.015
36,07.03 03:00,53.921
36,07.03 04:00,98.635
36,07.03 05:00,114.717
36,07.03 06:00,114.906
36,07.03 07:00,114.605
36,07.03 08:00,114.252
36,07.03 09:00,115.66
36,07.03 10:00,114.436
36,07.03 11:00,114.042
36,07.03 12:00,115.601
36,07.03 13:00,115.568
36,07.03 14:00,114.989
36,07.03 15:00,114.388
36,07.03 16:00,114.589
36,07.03 17:00,112.67
36,07.03 18:00,112.572
36,07.03 19:00,113.792
36,07.03 20:00,98.126
36,07.03 21:00,75.139
36,07.03 22:00,57.15
36,07.03 23:00,53.809
36,08.03 00:00,54.662
36,08.03 01:00,53.349
36,08.03 02:00,53.682
36,08.03 03:00,52.746
36,08.03 04:00,63.194
36,08.03 05:00,79.01
36,08.03 06:00,113.577
36,08.03 07:00,113.468
36,08.03 08:00,115.466
36,08.03 09:00,114.344
36,08.03 10:00,113.094
36,08.03 11:00,114.218
36,08.03 12:00,114.466
36,08.03 13:00,114.747
36,08.03 14:00,115.769
36,08.03 15:00,116.169
36,08.03 16:00,116.184
36,08.03 17:00,114.705
36,08.03 18:00,113.432
36,08.03 19:00,115.062
36,08.03 20:00,98.704
36,08.03 21:00,76.17
36,08.03 22:00,58.511
36,08.03 23:00,54.395
36,09.03 00:00,54.241
36,09.03 01:00,53.912
36,09.03 02:00,52.569
36,09.03 03:00,52.429
36,09.03 04:00,64.076
36,09.03 05:00,78.691
36,09.03 06:00,115.2
36,09.03 07:00,115.9
36,09.03 08:00,116.036
36,09.03 09:00,119.745
36,09.03 10:00,107.686
36,09.03 11:00,103.027
36,09.03 12:00,103.827
36,09.03 13:00,109.008
36,09.03 14:00,113.752
36,09.03 15:00,115.717
36,09.03 16:00,115.738
36,09.03 17:00,115.147
36,09.03 18:00,116.247
36,09.03 19:00,116.159
36,09.03 20:00,100.216
36,09.03 21:00,76.827
36,09.03 22:00,58.879
36,09.03 23:00,53.883
36,10.03 00:00,53.417
36,10.03 01:00,54.635
36,10.03 02:00,54.507
36,10.03 03:00,54.573
36,10.03 04:00,63.321
36,10.03 05:00,79.2
36,10.03 06:00,114.51
36,10.03 07:00,115.73
36,10.03 08:00,115.431
36,10.03 09:00,115.112
36,10.03 10:00,116.455
36,10.03 11:00,114.628
36,10.03 12:00,114.999
36,10.03 13:00,116.99
36,10.03 14:00,117.482
36,10.03 15:00,118.842
36,10.03 16:00,116.795
36,10.03 17:00,117.825
36,10.03 18:00,115.723
36,10.03 19:00,115.348
36,10.03 20:00,99.531
36,10.03 21:00,75.805
36,10.03 22:00,58.33
36,10.03 23:00,53.329
36,11.03 00:00,52.983
36,11.03 01:00,53.939
36,11.03 02:00,53.656
36,11.03 03:00,52.805
36,11.03 04:00,64.139
36,11.03 05:00,77.954
36,11.03 06:00,115.651
36,11.03 07:00,114.872
36,11.03 08:00,114.915
36,11.03 09:00,116.165
36,11.03 10:00,115.881
36,11.03 11:00,117.818
36,11.03 12:00,117.419
36,11.03 13:00,118.146
36,11.03 14:00,118.536
36,11.03 15:00,118.536
36,11.03 16:00,118.209
36,11.03 17:00,116.215
36,11.03 18:00,116.141
36,11.03 19:00,118.212
36,11.03 20:00,83.411
36,11.03 21:00,70.491
36,11.03 22:00,58.341
36,11.03 23:00,53.473
36,12.03 00:00,54.278
36,12.03 01:00,54.852
36,12.03 02:00,57.409
36,12.03 03:00,55.154
36,12.03 04:00,54.129
36,12.03 05:00,64.916
36,12.03 06:00,66.417
36,12.03 07:00,68.369
36,12.03 08:00,68.381
36,12.03 09:00,69.283
36,12.03 10:00,69.007
36,12.03 11:00,68.509
36,12.03 12:00,68.281
36,12.03 13:00,69.312
36,12.03 14:00,70.1
36,12.03 15:00,70.483
36,12.03 16:00,69.46
36,12.03 17:00,70.263
36,12.03 18:00,68.71
36,12.03 19:00,70.26
36,12.03 20:00,71.165
36,12.03 21:00,69.078
36,12.03 22:00,57.871
36,12.03 23:00,54.494
36,13.03 00:00,54.406
36,13.03 01:00,54.578
36,13.03 02:00,54.267
36,13.03 03:00,54.341
36,13.03 04:00,54.267
36,13.03 05:00,65.007
36,13.03 06:00,69.423
36,13.03 07:00,69.225
36,13.03 08:00,68.071
36,13.03 09:00,69.22
36,13.03 10:00,68.141
36,13.03 11:00,68.605
36,13.03 12:00,69.33
36,13.03 13:00,69.504
36,13.03 14:00,69.784
36,13.03 15:00,69.373
36,13.03 16:00,69.457
36,13.03 17:00,69.443
36,13.03 18:00,70.191
36,13.03 19:00,68.729
36,13.03 20:00,70.187
36,13.03 21:00,70.435
36,13.03 22:00,58.751
36,13.03 23:00,54.652
36,14.03 00:00,54.193
36,14.03 01:00,54.128
36,14.03 02:00,54.571
36,14.03 03:00,53.727
36,14.03 04:00,99.424
36,14.03 05:00,115.303
36,14.03 06:00,116.314
36,14.03 07:00,114.958
36,14.03 08:00,118.204
36,14.03 09:00,125.069
36,14.03 10:00,122.302
36,14.03 11:00,120.57
36,14.03 12:00,124.528
36,14.03 13:00,122.384
36,14.03 14:00,122.268
36,14.03 15:00,124.541
36,14.03 16:00,122.528
36,14.03 17:00,121.876
36,14.03 18:00,120.922
36,14.03 19:00,120.921
36,14.03 20:00,103.872
36,14.03 21:00,79.159
36,14.03 22:00,60.892
36,14.03 23:00,55.156
36,15.03 00:00,53.317
36,15.03 01:00,53.281
36,15.03 02:00,54.901
36,15.03 03:00,55.613
36,15.03 04:00,63.728
36,15.03 05:00,78.702
36,15.03 06:00,115.182
36,15.03 07:00,116.366
36,15.03 08:00,117.026
36,15.03 09:00,125.13
36,15.03 10:00,122.42
36,15.03 11:00,122.067
36,15.03 12:00,124.231
36,15.03 13:00,119.314
36,15.03 14:00,119.125
36,15.03 15:00,122.103
36,15.03 16:00,121.481
36,15.03 17:00,115.647
36,15.03 18:00,112.068
36,15.03 19:00,112.771
36,15.03 20:00,97.253
36,15.03 21:00,61.912
36,15.03 22:00,41.564
36,15.03 23:00,35.936
36,16.03 00:00,38.234
36,16.03 01:00,38.655
36,16.03 02:00,36.501
36,16.03 03:00,39.542
36,16.03 04:00,46.033
36,16.03 05:00,62.407
36,16.03 06:00,113.176
36,16.03 07:00,112.482
36,16.03 08:00,113.132
36,16.03 09:00,115.6
36,16.03 10:00,113.366
36,16.03 11:00,113.157
36,16.03 12:00,114.76
36,16.03 13:00,116.198
36,16.03 14:00,113.433
36,16.03 15:00,114.687
36,16.03 16:00,115.139
36,16.03 17:00,115.243
36,16.03 18:00,114.132
36,16.03 19:00,112.8
36,16.03 20:00,95.652
36,16.03 21:00,59.731
36,16.03 22:00,41.586
36,16.03 23:00,37.029
36,17.03 00:00,38.375
36,17.03 01:00,38.451
36,17.03 02:00,39.144
36,17.03 03:00,39.566
36,17.03 04:00,44.699
36,17.03 05:00,64.333
36,17.03 06:00,113.998
36,17.03 07:00,113.676
36,17.03 08:00,115.452
36,17.03 09:00,123.682
36,17.03 10:00,119.705
36,17.03 11:00,118.869
36,17.03 12:00,122.735
36,17.03 13:00,117.519
36,17.03 14:00,120.327
36,17.03 15:00,124.962
36,17.03 16:00,120.169
36,17.03 17:00,114.738
36,17.03 18:00,112.577
36,17.03 19:00,111.737
36,17.03 20:00,95.764
36,17.03 21:00,59.898
36,17.03 22:00,39.87
36,17.03 23:00,38.072
36,18.03 00:00,37.72
36,18.03 01:00,37.545
36,18.03 02:00,39.04
36,18.03 03:00,38.481
36,18.03 04:00,45.102
36,18.03 05:00,62.477
36,18.03 06:00,113.245
36,18.03 07:00,112.351
36,18.03 08:00,112.915
36,18.03 09:00,111.354
36,18.03 10:00,111.879
36,18.03 11:00,111.498
36,18.03 12:00,111.815
36,18.03 13:00,110.381
36,18.03 14:00,112.326
36,18.03 15:00,113.05
36,18.03 16:00,112.892
36,18.03 17:00,110.609
36,18.03 18:00,111.684
36,18.03 19:00,111.015
36,18.03 20:00,78.455
36,18.03 21:00,52.577
36,18.03 22:00,40.358
36,18.03 23:00,37.048
36,19.03 00:00,37.447
36,19.03 01:00,38.558
36,19.03 02:00,37.593
36,19.03 03:00,37.148
36,19.03 04:00,38.604
36,19.03 05:00,44.98
36,19.03 06:00,47.736
36,19.03 07:00,47.969
36,19.03 08:00,48.965
36,19.03 09:00,48.066
36,19.03 10:00,47.952
36,19.03 11:00,48.016
36,19.03 12:00,47.547
36,19.03 13:00,47.973
36,19.03 14:00,46.675
36,19.03 15:00,47.437
36,19.03 16:00,47.537
36,19.03 17:00,47.483
36,19.03 18:00,48.485
36,19.03 19:00,48.576
36,19.03 20:00,47.87
36,19.03 21:00,48.159
36,19.03 22:00,40.49
36,19.03 23:00,37.782
36,20.03 00:00,37.705
36,20.03 01:00,37.609
36,20.03 02:00,37.13
36,20.03 03:00,37.899
36,20.03 04:00,37.768
36,20.03 05:00,45.078
36,20.03 06:00,47.427
36,20.03 07:00,48.356
36,20.03 08:00,47.481
36,20.03 09:00,47.919
36,20.03 10:00,48.169
36,20.03 11:00,48.028
36,20.03 12:00,47.971
36,20.03 13:00,49.159
36,20.03 14:00,48.558
36,20.03 15:00,47.87
36,20.03 16:00,47.479
36,20.03 17:00,48.67
36,20.03 18:00,47.355
36,20.03 19:00,48.761
36,20.03 20:00,47.756
36,20.03 21:00,48.065
36,20.03 22:00,40.982
36,20.03 23:00,37.404
36,21.03 00:00,39.147
36,21.03 01:00,38.075
36,21.03 02:00,38.235
36,21.03 03:00,37.781
36,21.03 04:00,93.304
36,21.03 05:00,113.473
36,21.03 06:00,112.665
36,21.03 07:00,112.65
36,21.03 08:00,114.165
36,21.03 09:00,119.068
36,21.03 10:00,119.953
36,21.03 11:00,117.497
36,21.03 12:00,118.76
36,21.03 13:00,120.828
36,21.03 14:00,117.314
36,21.03 15:00,119.517
36,21.03 16:00,119.797
36,21.03 17:00,119.497
36,21.03 18:00,112.803
36,21.03 19:00,112.846
36,21.03 20:00,98.194
36,21.03 21:00,61.909
36,21.03 22:00,40.009
36,21.03 23:00,39.179
36,22.03 00:00,37.269
36,22.03 01:00,38.561
36,22.03 02:00,38.834
36,22.03 03:00,39.416
36,22.03 04:00,46.106
36,22.03 05:00,63.345
36,22.03 06:00,113.249
36,22.03 07:00,113.989
36,22.03 08:00,113.442
36,22.03 09:00,119.829
36,22.03 10:00,121.451
36,22.03 11:00,117.504
36,22.03 12:00,117.935
36,22.03 13:00,122.054
36,22.03 14:00,120.335
36,22.03 15:00,120.555
36,22.03 16:00,121.653
36,22.03 17:00,119.6
36,22.03 18:00,116.47
36,22.03 19:00,112.735
36,22.03 20:00,97.74
36,22.03 21:00,64.948
36,22.03 22:00,44.811
36,22.03 23:00,42.481
36,23.03 00:00,41.548
36,23.03 01:00,42.059
36,23.03 02:00,40.032
36,23.03 03:00,40.397
36,23.03 04:00,48.729
36,23.03 05:00,71.51
36,23.03 06:00,114.403
36,23.03 07:00,114.341
36,23.03 08:00,113.856
36,23.03 09:00,116.064
36,23.03 10:00,115.867
36,23.03 11:00,115.861
36,23.03 12:00,117.434
36,23.03 13:00,117.93
36,23.03 14:00,116.318
36,23.03 15:00,116.358
36,23.03 17:00,89.153
36,23.03 18:00,117.157
36,23.03 19:00,115.994
36,23.03 20:00,97.714
36,23.03 21:00,61.131
36,23.03 22:00,41.693
36,23.03 23:00,39.963
36,24.03 00:00,41.351
36,24.03 01:00,39.465
36,24.03 02:00,39.997
36,24.03 03:00,40.538
36,24.03 04:00,47.173
36,24.03 05:00,64.565
36,24.03 06:00,115.258
36,24.03 07:00,115.307
36,24.03 08:00,117.735
36,24.03 09:00,121.93
36,24.03 10:00,118.78
36,24.03 11:00,118.301
36,24.03 12:00,121.771
36,24.03 13:00,114.036
36,24.03 14:00,120.296
36,24.03 15:00,120.997
36,24.03 16:00,124.216
36,24.03 17:00,116.966
36,24.03 18:00,111.902
36,24.03 19:00,111.998
36,24.03 20:00,97.008
36,24.03 21:00,64.621
36,24.03 22:00,41.682
36,24.03 23:00,38.56
36,25.03 00:00,38.651
36,25.03 01:00,37.663
36,25.03 02:00,38.462
36,25.03 03:00,39.154
36,25.03 04:00,45.558
36,25.03 05:00,64.148
36,25.03 06:00,114.962
36,25.03 07:00,113.447
36,25.03 08:00,113.196
36,25.03 09:00,113.176
36,25.03 10:00,112.12
36,25.03 11:00,112.455
36,25.03 12:00,111.965
36,25.03 13:00,112.83
36,25.03 14:00,112.562
36,25.03 15:00,112.385
36,25.03 16:00,112.985
36,25.03 17:00,112.942
36,25.03 18:00,111.747
36,25.03 19:00,112.801
36,25.03 20:00,79.578
36,25.03 21:00,54.646
36,25.03 22:00,42.149
36,25.03 23:00,39.099
36,26.03 00:00,40.215
36,26.03 01:00,40.189
36,26.03 02:00,40.136
36,26.03 03:00,41.055
36,26.03 04:00,39.703
36,26.03 05:00,47.328
36,26.03 06:00,49.868
36,26.03 07:00,49.856
36,26.03 08:00,49.848
36,26.03 09:00,50.549
36,26.03 10:00,49.146
36,26.03 11:00,50.397
36,26.03 12:00,50.367
36,26.03 13:00,49.609
36,26.03 14:00,50.13
36,26.03 15:00,50.266
36,26.03 16:00,49.603
36,26.03 17:00,49.369
36,26.03 18:00,50.472
36,26.03 19:00,50.414
36,26.03 20:00,49.661
36,26.03 21:00,49.409
36,26.03 22:00,54.279
36,26.03 23:00,43.017
36,27.03 00:00,51.095
36,27.03 01:00,42.923
36,27.03 02:00,49.858
36,27.03 03:00,44.489
36,27.03 04:00,48.987
36,27.03 05:00,52.497
36,27.03 06:00,51.4
36,27.03 07:00,49.583
36,27.03 08:00,49.483
36,27.03 09:00,50.379
36,27.03 10:00,50.285
36,27.03 11:00,50.679
36,27.03 12:00,50.755
36,27.03 13:00,49.628
36,27.03 14:00,50.744
36,27.03 15:00,50.383
36,27.03 16:00,49.76
36,27.03 17:00,50.112
36,27.03 18:00,49.736
36,27.03 19:00,50.919
36,27.03 20:00,49.773
36,27.03 21:00,50.371
36,27.03 22:00,41.721
36,27.03 23:00,39.964
36,28.03 00:00,39.352
36,28.03 01:00,40.877
36,28.03 02:00,39.049
36,28.03 03:00,39.315
36,28.03 04:00,95.466
36,28.03 05:00,113.861
36,28.03 06:00,114.205
36,28.03 07:00,115.086
36,28.03 08:00,116.484
36,28.03 09:00,124.248
36,28.03 10:00,118.825
36,28.03 11:00,118.612
36,28.03 12:00,121.45
36,28.03 13:00,120.097
36,28.03 14:00,118.771
36,28.03 15:00,122.77
36,28.03 16:00,119.94
36,28.03 17:00,115.17
36,28.03 18:00,113.027
36,28.03 19:00,113.977
36,28.03 20:00,97.658
36,28.03 21:00,63.909
36,28.03 22:00,43.065
36,28.03 23:00,39.717
36,29.03 00:00,40.372
36,29.03 01:00,40.194
36,29.03 02:00,39.736
36,29.03 03:00,41.986
36,29.03 04:00,48.649
36,29.03 05:00,66.649
36,29.03 06:00,115.36
36,29.03 07:00,115.849
36,29.03 08:00,117.116
36,29.03 09:00,120.558
36,29.03 10:00,120.913
36,29.03 11:00,120.917
36,29.03 12:00,123.011
36,29.03 13:00,119.931
36,29.03 14:00,119.061
36,29.03 15:00,123.051
36,29.03 16:00,127.239
36,29.03 17:00,116.541
36,29.03 18:00,113.581
36,29.03 19:00,114.749
36,29.03 20:00,96.868
36,29.03 21:00,60.333
36,29.03 22:00,41.525
36,29.03 23:00,36.411
36,30.03 00:00,37.645
36,30.03 01:00,37.905
36,30.03 02:00,38.579
36,30.03 03:00,39.436
36,30.03 04:00,44.144
36,30.03 05:00,63.046
36,30.03 06:00,112.947
36,30.03 07:00,112.828
36,30.03 08:00,114.115
36,30.03 09:00,116.85
36,30.03 10:00,116.838
36,30.03 11:00,115.947
36,30.03 12:00,117.477
36,30.03 13:00,117.755
36,30.03 14:00,117.858
36,30.03 15:00,118.319
36,30.03 16:00,119.089
36,30.03 17:00,117.513
36,30.03 18:00,118.412
36,30.03 19:00,112.989
36,30.03 20:00,96.38
36,30.03 21:00,58.817
36,30.03 22:00,40.123
36,30.03 23:00,38.477
36,31.03 00:00,37.413
36,31.03 01:00,38.504
36,31.03 02:00,39.902
36,31.03 03:00,38.489
36,31.03 04:00,45.621
36,31.03 05:00,63.901
36,31.03 06:00,114.209
36,31.03 07:00,114.647
36,31.03 08:00,115.812
36,31.03 09:00,122.193
36,31.03 10:00,120.81
36,31.03 11:00,117.739
36,31.03 12:00,120.562
36,31.03 13:00,121.198
36,31.03 14:00,117.998
36,31.03 15:00,122.623
36,31.03 16:00,122.093
36,31.03 17:00,117.231
36,31.03 18:00,113.519
36,31.03 19:00,112.668
36,31.03 20:00,95.867
36,31.03 21:00,71.025
36,31.03 22:00,63.531
36,31.03 23:00,60.794
36,01.04 00:00,54.414
36,01.04 01:00,52.472
36,01.04 02:00,58.133
36,01.04 03:00,58.56
36,01.04 04:00,52.502
36,01.04 05:00,57.288
36,01.04 06:00,98.377
36,01.04 07:00,95.795
36,01.04 08:00,105.116
36,01.04 09:00,94.926
36,01.04 10:00,97.894
36,01.04 11:00,97.857
36,01.04 12:00,99.258
36,01.04 13:00,101.802
36,01.04 14:00,100.447
36,01.04 15:00,97.639
36,01.04 16:00,98.025
36,01.04 17:00,96.594
36,01.04 18:00,99.484
36,01.04 19:00,100.594
36,01.04 20:00,80.236
36,01.04 21:00,58.158
36,01.04 22:00,41.052
36,01.04 23:00,39.345
36,02.04 00:00,41.098
36,02.04 01:00,37.772
36,02.04 02:00,45.019
36,02.04 03:00,45.93
36,02.04 04:00,36.779
36,02.04 05:00,45.499
36,02.04 06:00,46.956
36,02.04 07:00,47.451
36,02.04 08:00,47.24
36,02.04 09:00,54.057
36,02.04 10:00,52.52
36,02.04 11:00,48.915
36,02.04 12:00,48.467
36,02.04 13:00,48.703
36,02.04 14:00,48.39
36,02.04 15:00,51.459
36,02.04 16:00,52.171
36,02.04 17:00,58.908
36,02.04 18:00,58.357
36,02.04 19:00,60.358
36,02.04 20:00,56.215
36,02.04 21:00,68.916
36,02.04 22:00,49.672
36,02.04 23:00,57.465
36,03.04 00:00,54.694
36,03.04 01:00,56.981
36,03.04 02:00,45.327
36,03.04 03:00,39.316
36,03.04 04:00,40.748
36,03.04 05:00,47.159
36,03.04 06:00,50.016
36,03.04 07:00,49.79
36,03.04 08:00,51.001
36,03.04 09:00,49.897
36,03.04 10:00,50.505
36,03.04 11:00,50.301
36,03.04 12:00,56.737
36,03.04 13:00,52.023
36,03.04 14:00,49.416
36,03.04 15:00,49.761
36,03.04 16:00,51.493
36,03.04 17:00,49.718
36,03.04 18:00,50.948
36,03.04 19:00,49.527
36,03.04 20:00,50.006
36,03.04 21:00,50.688
36,03.04 22:00,42.277
36,03.04 23:00,39.901
36,04.04 00:00,39.312
36,04.04 01:00,47.83
36,04.04 02:00,41.481
36,04.04 03:00,39.198
36,04.04 04:00,62.09
36,04.04 05:00,70.205
36,04.04 06:00,68.613
36,04.04 07:00,69.748
36,04.04 08:00,97.153
36,04.04 09:00,120.032
36,04.04 10:00,122.443
36,04.04 11:00,121.824
36,04.04 12:00,122.438
36,04.04 13:00,121.262
36,04.04 14:00,120.722
36,04.04 15:00,123.646
36,04.04 16:00,123.995
36,04.04 17:00,121.93
36,04.04 18:00,113.736
36,04.04 19:00,83.615
36,04.04 20:00,86.36
36,04.04 21:00,76.76
36,04.04 22:00,71.165
36,04.04 23:00,44.756
36,05.04 00:00,37.982
36,05.04 01:00,37.953
36,05.04 02:00,38.487
36,05.04 03:00,61.173
36,05.04 04:00,63.213
36,05.04 05:00,55.851
36,05.04 06:00,72.752
36,05.04 07:00,73.66
36,05.04 08:00,111.21
36,05.04 09:00,132.108
36,05.04 10:00,131.824
36,05.04 11:00,130.638
36,05.04 12:00,133.572
36,05.04 13:00,132.037
36,05.04 14:00,131.475
36,05.04 15:00,133.254
36,05.04 16:00,133.853
36,05.04 17:00,130.444
36,05.04 18:00,107.064
36,05.04 19:00,73.618
36,05.04 20:00,56.873
36,05.04 21:00,84.614
36,05.04 22:00,50.354
36,05.04 23:00,55.605
36,06.04 00:00,38.668
36,06.04 01:00,38.044
36,06.04 02:00,39.705
36,06.04 03:00,66.774
36,06.04 04:00,58.107
36,06.04 05:00,56.139
36,06.04 06:00,73.893
36,06.04 07:00,86.396
36,06.04 08:00,95.864
36,06.04 09:00,93.886
36,06.04 10:00,83.481
36,06.04 11:00,92.124
36,06.04 12:00,104.101
36,06.04 13:00,103.729
36,06.04 14:00,105.248
36,06.04 15:00,97.414
36,06.04 16:00,103.269
36,06.04 17:00,124.282
36,06.04 18:00,121.521
36,06.04 19:00,104.732
36,06.04 20:00,73.308
36,06.04 21:00,80.827
36,06.04 22:00,51.335
36,06.04 23:00,38.004
36,07.04 00:00,38.327
36,07.04 01:00,38.264
36,07.04 02:00,38.987
36,07.04 03:00,60.475
36,07.04 04:00,58.252
36,07.04 05:00,56.312
36,07.04 06:00,73.891
36,07.04 07:00,73.166
36,07.04 08:00,93.045
36,07.04 09:00,138.892
36,07.04 10:00,136.084
36,07.04 11:00,132.868
36,07.04 12:00,139.926
36,07.04 13:00,136.475
36,07.04 14:00,134.278
36,07.04 15:00,141.177
36,07.04 16:00,137.07
36,07.04 17:00,132.458
36,07.04 18:00,86.12
36,07.04 19:00,74.616
36,07.04 20:00,59.197
36,07.04 21:00,72.445
36,07.04 22:00,55.621
36,07.04 23:00,58.544
36,08.04 00:00,45.962
36,08.04 01:00,40.733
36,08.04 02:00,39.414
36,08.04 03:00,72.726
36,08.04 04:00,73.128
36,08.04 05:00,71.809
36,08.04 06:00,77.738
36,08.04 07:00,75.943
36,08.04 08:00,76.554
36,08.04 09:00,83.416
36,08.04 10:00,78.209
36,08.04 11:00,74.443
36,08.04 12:00,75.402
36,08.04 13:00,76.62
36,08.04 14:00,77.105
36,08.04 15:00,76.427
36,08.04 16:00,77.695
36,08.04 17:00,76.055
36,08.04 18:00,76.268
36,08.04 19:00,74.745
36,08.04 20:00,59.037
36,08.04 21:00,77.664
36,08.04 22:00,46.46
36,08.04 23:00,41.377
36,09.04 00:00,53.187
36,09.04 01:00,70.017
36,09.04 02:00,64.533
36,09.04 03:00,81.72
36,09.04 04:00,65.674
36,09.04 05:00,62.96
36,09.04 06:00,63.059
36,09.04 07:00,63.621
36,09.04 08:00,64.336
36,09.04 09:00,63.05
36,09.04 10:00,63.479
36,09.04 11:00,63.771
36,09.04 12:00,64.648
36,09.04 13:00,65.522
36,09.04 14:00,63.927
36,09.04 15:00,65.727
36,09.04 16:00,63.999
36,09.04 17:00,66.347
36,09.04 18:00,77.641
36,09.04 19:00,79.992
36,09.04 20:00,69.832
36,09.04 21:00,68.833
36,09.04 22:00,67.028
36,09.04 23:00,68.904
36,10.04 00:00,55.506
36,10.04 01:00,51.647
36,10.04 02:00,49.65
36,10.04 03:00,52.542
36,10.04 04:00,49.254
36,10.04 05:00,61.965
36,10.04 06:00,66.626
36,10.04 07:00,65.768
36,10.04 08:00,65.653
36,10.04 09:00,66.215
36,10.04 10:00,56.752
36,10.04 11:00,53.058
36,10.04 12:00,53.75
36,10.04 13:00,53.345
36,10.04 14:00,53.263
36,10.04 15:00,53.863
36,10.04 16:00,53.591
36,10.04 17:00,58.069
36,10.04 18:00,53.444
36,10.04 19:00,53.675
36,10.04 20:00,53.57
36,10.04 21:00,52.807
36,10.04 22:00,44.658
36,10.04 23:00,39.016
36,11.04 00:00,42.082
36,11.04 01:00,51.664
36,11.04 02:00,43.777
36,11.04 03:00,41.843
36,11.04 04:00,66.051
36,11.04 05:00,76.888
36,11.04 06:00,76.276
36,11.04 07:00,76.716
36,11.04 08:00,108.11
36,11.04 09:00,135.902
36,11.04 10:00,139.175
36,11.04 11:00,134.419
36,11.04 12:00,138.546
36,11.04 13:00,139.2
36,11.04 14:00,133.713
36,11.04 15:00,137.1
36,11.04 16:00,138.952
36,11.04 17:00,134.053
36,11.04 18:00,103.432
36,11.04 19:00,78.075
36,11.04 20:00,59.828
36,11.04 21:00,72.149
36,11.04 22:00,84.801
36,11.04 23:00,51.731
36,12.04 00:00,50.434
36,12.04 01:00,40.269
36,12.04 02:00,40.671
36,12.04 03:00,55.322
36,12.04 04:00,69.055
36,12.04 05:00,73.965
36,12.04 06:00,89.183
36,12.04 07:00,89.187
36,12.04 08:00,98.659
36,12.04 09:00,135.114
36,12.04 10:00,138.915
36,12.04 11:00,136.01
36,12.04 12:00,137.382
36,12.04 13:00,138.33
36,12.04 14:00,137.652
36,12.04 15:00,139.091
36,12.04 16:00,140.924
36,12.04 17:00,137.549
36,12.04 18:00,99.959
36,12.04 19:00,88.145
36,12.04 20:00,82.494
36,12.04 21:00,88.831
36,12.04 22:00,85.238
36,12.04 23:00,77.796
36,13.04 00:00,74.881
36,13.04 01:00,76.839
36,13.04 02:00,77.769
36,13.04 03:00,75.73
36,13.04 04:00,56.129
36,13.04 05:00,59.397
36,13.04 06:00,63.364
36,13.04 07:00,64.35
36,13.04 08:00,78.614
36,13.04 09:00,103.398
36,13.04 10:00,89.479
36,13.04 11:00,88.322
36,13.04 12:00,117.975
36,13.04 13:00,118.254
36,13.04 14:00,105.17
36,13.04 15:00,81.076
36,13.04 16:00,94.166
36,13.04 17:00,99.843
36,13.04 18:00,128.187
36,13.04 19:00,115.228
36,13.04 20:00,80.609
36,13.04 21:00,68.471
36,13.04 22:00,44.099
36,13.04 23:00,39.835
36,14.04 00:00,41.7
36,14.04 01:00,39.621
36,14.04 02:00,40.596
36,14.04 03:00,59.132
36,14.04 04:00,59.194
36,14.04 05:00,54.064
36,14.04 06:00,52.33
36,14.04 07:00,52.805
36,14.04 08:00,91.772
36,14.04 09:00,127.938
36,14.04 10:00,125.449
36,14.04 11:00,121.505
36,14.04 12:00,118.355
36,14.04 13:00,114.754
36,14.04 14:00,127.205
36,14.04 15:00,140.947
36,14.04 16:00,136.056
36,14.04 17:00,116.79
36,14.04 18:00,90.252
36,14.04 19:00,89.564
36,14.04 20:00,72.829
36,14.04 21:00,80.35
36,14.04 22:00,72.86
36,14.04 23:00,58.825
36,15.04 00:00,42.46
36,15.04 01:00,40.357
36,15.04 02:00,39.201
36,15.04 03:00,70.605
36,15.04 04:00,71.503
36,15.04 05:00,60.823
36,15.04 06:00,64.005
36,15.04 07:00,62.759
36,15.04 08:00,63.865
36,15.04 09:00,52.118
36,15.04 10:00,63.486
36,15.04 11:00,64.506
36,15.04 12:00,89.924
36,15.04 13:00,103.424
36,15.04 14:00,109.756
36,15.04 15:00,99.464
36,15.04 16:00,121.885
36,15.04 17:00,93.476
36,15.04 18:00,91.716
36,15.04 19:00,65.526
36,15.04 20:00,56.002
36,15.04 21:00,67.872
36,15.04 22:00,40.83
36,15.04 23:00,42.424
36,16.04 00:00,37.324
36,16.04 01:00,57.38
36,16.04 02:00,63.356
36,16.04 03:00,68.611
36,16.04 04:00,49.462
36,16.04 05:00,52.262
36,16.04 06:00,52.885
36,16.04 07:00,53.281
36,16.04 08:00,50.999
36,16.04 09:00,49.733
36,16.04 10:00,51.156
36,16.04 11:00,51.304
36,16.04 12:00,50.612
36,16.04 13:00,51.301
36,16.04 14:00,51.089
36,16.04 15:00,51.723
36,16.04 16:00,50.419
36,16.04 17:00,50.975
36,16.04 18:00,50.693
36,16.04 19:00,50.555
36,16.04 20:00,50.813
36,16.04 21:00,50.49
36,16.04 22:00,40.344
36,16.04 23:00,37.612
36,17.04 00:00,38.214
36,17.04 01:00,37.223
36,17.04 02:00,37.881
36,17.04 03:00,37.651
36,17.04 04:00,38.113
36,17.04 05:00,47.077
36,17.04 06:00,52.663
36,17.04 07:00,51.647
36,17.04 08:00,51.708
36,17.04 09:00,52.166
36,17.04 10:00,52.508
36,17.04 11:00,52.989
36,17.04 12:00,50.581
36,17.04 13:00,51.096
36,17.04 14:00,50.318
36,17.04 15:00,51.494
36,17.04 16:00,50.1
36,17.04 17:00,51.098
36,17.04 18:00,50.981
36,17.04 19:00,52.467
36,17.04 20:00,51.335
36,17.04 21:00,50.415
36,17.04 22:00,41.309
36,17.04 23:00,37.233
36,18.04 00:00,37.532
36,18.04 01:00,37.456
36,18.04 02:00,37.68
36,18.04 03:00,37.883
36,18.04 04:00,47.383
36,18.04 05:00,51.443
36,18.04 06:00,57.427
36,18.04 07:00,56.799
36,18.04 08:00,90.004
36,18.04 09:00,125.922
36,18.04 10:00,125.626
36,18.04 11:00,124.569
36,18.04 12:00,129.964
36,18.04 13:00,138.268
36,18.04 14:00,135.177
36,18.04 15:00,135.661
36,18.04 16:00,136.459
36,18.04 17:00,135.408
36,18.04 18:00,121.876
36,18.04 19:00,93.957
36,18.04 20:00,73.308
36,18.04 21:00,65.386
36,18.04 22:00,56.037
36,18.04 23:00,38.877
36,19.04 00:00,39.074
36,19.04 01:00,37.933
36,19.04 02:00,38.24
36,19.04 03:00,41.403
36,19.04 04:00,43.328
36,19.04 05:00,44.399
36,19.04 06:00,52.354
36,19.04 07:00,55.073
36,19.04 08:00,72.873
36,19.04 09:00,125.62
36,19.04 10:00,134.17
36,19.04 11:00,44.937
36,19.04 12:00,19.912
36,19.04 13:00,107.51
36,19.04 14:00,112.641
36,19.04 15:00,117.302
36,19.04 16:00,132.796
36,19.04 17:00,123.971
36,19.04 18:00,100.071
36,19.04 19:00,60.251
36,19.04 20:00,54.246
36,19.04 21:00,68.68
36,19.04 22:00,50.393
36,19.04 23:00,38.717
36,20.04 00:00,38.641
36,20.04 01:00,40.794
36,20.04 02:00,40.903
36,20.04 03:00,41.527
36,20.04 04:00,45.521
36,20.04 05:00,46.009
36,20.04 06:00,53.557
36,20.04 07:00,52.75
36,20.04 08:00,64.734
36,20.04 09:00,78.013
36,20.04 10:00,59.042
36,20.04 11:00,63.714
36,20.04 12:00,91.935
36,20.04 13:00,96.56
36,20.04 14:00,66.714
36,20.04 15:00,80.935
36,20.04 16:00,89.527
36,20.04 17:00,86.109
36,20.04 18:00,69.095
36,20.04 19:00,54.984
36,20.04 20:00,69.834
36,20.04 21:00,84.775
36,20.04 22:00,53.566
36,20.04 23:00,41.154
36,21.04 00:00,41.662
36,21.04 01:00,40.528
36,21.04 02:00,41.235
36,21.04 03:00,42.404
36,21.04 04:00,45.43
36,21.04 05:00,46.225
36,21.04 06:00,53.551
36,21.04 07:00,56.572
36,21.04 08:00,81.294
36,21.04 09:00,107.315
36,21.04 10:00,108.036
36,21.04 11:00,123.737
36,21.04 12:00,129.571
36,21.04 13:00,125.663
36,21.04 14:00,106.302
36,21.04 15:00,132.456
36,21.04 16:00,126.56
36,21.04 17:00,110.214
36,21.04 18:00,72.282
36,21.04 19:00,70.775
36,21.04 20:00,71.429
36,21.04 21:00,91.239
36,21.04 22:00,49.634
36,21.04 23:00,38.539
36,22.04 00:00,38.384
36,22.04 01:00,40.106
36,22.04 02:00,41.744
36,22.04 03:00,42.501
36,22.04 04:00,44.136
36,22.04 05:00,46.849
36,22.04 06:00,52.941
36,22.04 07:00,45.996
36,22.04 08:00,55.944
36,22.04 09:00,68.188
36,22.04 10:00,79.847
36,22.04 11:00,92.927
36,22.04 12:00,93.245
36,22.04 13:00,98.074
36,22.04 14:00,113.275
36,22.04 15:00,90.953
36,22.04 16:00,71.1
36,22.04 17:00,71.763
36,22.04 18:00,70.8
36,22.04 19:00,69.212
36,22.04 20:00,53.745
36,22.04 21:00,81.086
36,22.04 22:00,53.485
36,22.04 23:00,37.387
36,23.04 00:00,38.266
36,23.04 01:00,38.165
36,23.04 02:00,38.823
36,23.04 03:00,37.621
36,23.04 04:00,37.392
36,23.04 05:00,42.419
36,23.04 06:00,44.227
36,23.04 07:00,45.177
36,23.04 08:00,44.753
36,23.04 09:00,44.958
36,23.04 10:00,44.201
36,23.04 11:00,43.969
36,23.04 12:00,44.23
36,23.04 13:00,45.148
36,23.04 14:00,43.846
36,23.04 15:00,44.893
36,23.04 16:00,44.1
36,23.04 17:00,45.141
36,23.04 18:00,43.707
36,23.04 19:00,43.625
36,23.04 20:00,44.253
36,23.04 21:00,44.556
36,23.04 22:00,38.242
36,23.04 23:00,37.692
36,24.04 00:00,37.196
36,24.04 01:00,38.817
36,24.04 02:00,37.484
36,24.04 03:00,37.572
36,24.04 04:00,38.443
36,24.04 05:00,42.848
36,24.04 06:00,44.804
36,24.04 07:00,43.533
36,24.04 08:00,44.736
36,24.04 09:00,43.4
36,24.04 10:00,43.164
36,24.04 11:00,44.523
36,24.04 12:00,43.074
36,24.04 13:00,43.036
36,24.04 14:00,43.851
36,24.04 15:00,44.3
36,24.04 16:00,42.281
36,24.04 17:00,43.564
36,24.04 18:00,43.67
36,24.04 19:00,43.455
36,24.04 20:00,43.783
36,24.04 21:00,43.204
36,24.04 22:00,39.06
36,24.04 23:00,37.08
36,25.04 00:00,38.704
36,25.04 01:00,28.078
36,25.04 02:00,38.107
36,25.04 03:00,37.694
36,25.04 04:00,42.811
36,25.04 05:00,44.122
36,25.04 06:00,51.284
36,25.04 07:00,53.86
36,25.04 08:00,76.157
36,25.04 09:00,118.152
36,25.04 10:00,117.459
36,25.04 11:00,109.557
36,25.04 12:00,108.069
36,25.04 13:00,94.428
36,25.04 14:00,104.83
36,25.04 15:00,115.894
36,25.04 16:00,95.748
36,25.04 17:00,85.567
36,25.04 18:00,60.67
36,25.04 19:00,46.881
36,25.04 20:00,52.859
36,25.04 21:00,74.632
36,25.04 22:00,39.847
36,25.04 23:00,39.609
36,26.04 00:00,37.537
36,26.04 01:00,38.241
36,26.04 02:00,38.89
36,26.04 03:00,40.648
36,26.04 04:00,44.146
36,26.04 05:00,45.602
36,26.04 06:00,52.876
36,26.04 07:00,54.939
36,26.04 08:00,62.449
36,26.04 09:00,101.008
36,26.04 10:00,63.126
36,26.04 11:00,100.297
36,26.04 12:00,111.882
36,26.04 13:00,101.042
36,26.04 14:00,80.665
36,26.04 15:00,102.488
36,26.04 16:00,103.653
36,26.04 17:00,62.364
36,26.04 18:00,60.015
36,26.04 19:00,60.073
36,26.04 20:00,59.742
36,26.04 21:00,83.778
36,26.04 22:00,44.242
36,26.04 23:00,38.268
36,27.04 00:00,39.962
36,27.04 01:00,38.562
36,27.04 02:00,38.273
36,27.04 03:00,39.635
36,27.04 04:00,43.167
36,27.04 05:00,44.197
36,27.04 06:00,51.045
36,27.04 07:00,54.059
36,27.04 08:00,54.132
36,27.04 09:00,67.978
36,27.04 10:00,76.115
36,27.04 11:00,71.859
36,27.04 12:00,95.634
36,27.04 13:00,67.971
36,27.04 14:00,95.97
36,27.04 15:00,116.695
36,27.04 16:00,82.562
36,27.04 17:00,76.998
36,27.04 18:00,69.436
36,27.04 19:00,70.156
36,27.04 20:00,78.974
36,27.04 21:00,92.287
36,27.04 22:00,49.002
36,27.04 23:00,36.885
36,28.04 00:00,36.198
36,28.04 01:00,36.775
36,28.04 02:00,40.068
36,28.04 03:00,41.977
36,28.04 04:00,46.335
36,28.04 05:00,48.046
36,28.04 06:00,55.466
36,28.04 07:00,57.928
36,28.04 08:00,72.878
36,28.04 09:00,111.557
36,28.04 10:00,92.755
36,28.04 11:00,95.88
36,28.04 12:00,123.494
36,28.04 13:00,88.443
36,28.04 14:00,83.09
36,28.04 15:00,119.044
36,28.04 16:00,85.417
36,28.04 17:00,58.298
36,28.04 18:00,58.626
36,28.04 19:00,59.382
36,28.04 20:00,57.324
36,28.04 21:00,90.169
36,28.04 22:00,54.212
36,28.04 23:00,36.5
36,29.04 00:00,37.546
36,29.04 01:00,36.168
36,29.04 02:00,37.73
36,29.04 03:00,37.962
36,29.04 04:00,41.404
36,29.04 05:00,42.746
36,29.04 06:00,50.933
36,29.04 07:00,51.454
36,29.04 08:00,52.504
36,29.04 09:00,52.647
36,29.04 10:00,54.097
36,29.04 11:00,43.894
36,29.04 12:00,45.228
36,29.04 13:00,76.725
36,29.04 14:00,69.96
36,29.04 15:00,46.79
36,29.04 16:00,43.074
36,29.04 17:00,42.194
36,29.04 18:00,42.033
36,29.04 19:00,43.506
36,29.04 20:00,47.464
36,29.04 21:00,82.567
36,29.04 22:00,48.844
36,29.04 23:00,37.599
36,30.04 00:00,37.33
36,30.04 01:00,37.306
36,30.04 02:00,38.355
36,30.04 03:00,38.834
36,30.04 04:00,36.873
36,30.04 05:00,42.556
36,30.04 06:00,44.027
36,30.04 07:00,42.682
36,30.04 08:00,44.324
36,30.04 09:00,43.103
36,30.04 10:00,42.601
36,30.04 11:00,42.609
36,30.04 12:00,42.757
36,30.04 13:00,42.474
36,30.04 14:00,42.252
36,30.04 15:00,43.489
36,30.04 16:00,42.972
36,30.04 17:00,42.569
36,30.04 18:00,42.688
36,30.04 19:00,43.31
36,30.04 20:00,43.45
36,30.04 21:00,44.261
36,30.04 22:00,38.83
36,30.04 23:00,36.718
36,01.05 00:00,37.782
36,01.05 01:00,38.686
36,01.05 02:00,37.345
36,01.05 03:00,37.786
36,01.05 04:00,37.458
36,01.05 05:00,42.461
36,01.05 06:00,43.216
36,01.05 07:00,42.301
36,01.05 08:00,43.766
36,01.05 09:00,43.112
36,01.05 10:00,43.643
36,01.05 11:00,43.003
36,01.05 12:00,43.671
36,01.05 13:00,42.046
36,01.05 14:00,42.824
36,01.05 15:00,41.464
36,01.05 16:00,42.381
36,01.05 17:00,42.874
36,01.05 18:00,41.889
36,01.05 19:00,42.87
36,01.05 20:00,41.951
36,01.05 21:00,42.38
36,01.05 22:00,38.238
36,01.05 23:00,37.027
36,02.05 00:00,37.055
36,02.05 01:00,36.619
36,02.05 02:00,28.521
36,02.05 03:00,18.737
36,02.05 04:00,41.086
36,02.05 05:00,43.283
36,02.05 06:00,52.093
36,02.05 07:00,63.263
36,02.05 08:00,68.849
36,02.05 09:00,69.409
36,02.05 10:00,72.517
36,02.05 11:00,73.707
36,02.05 12:00,74.188
36,02.05 13:00,75.989
36,02.05 14:00,76.131
36,02.05 15:00,83.368
36,02.05 16:00,81.091
36,02.05 17:00,82.225
36,02.05 18:00,81.423
36,02.05 19:00,82.771
36,02.05 20:00,82.797
36,02.05 21:00,85.824
36,02.05 22:00,51.893
36,02.05 23:00,36.628
36,03.05 00:00,36.632
36,03.05 01:00,38.742
36,03.05 02:00,39.461
36,03.05 03:00,39.952
36,03.05 04:00,46.433
36,03.05 05:00,51.619
36,03.05 06:00,69.33
36,03.05 07:00,78.781
36,03.05 08:00,84.514
36,03.05 09:00,85.676
36,03.05 10:00,87.974
36,03.05 11:00,87.864
36,03.05 12:00,87.605
36,03.05 13:00,84.528
36,03.05 14:00,87.426
36,03.05 15:00,84.093
36,03.05 16:00,86.494
36,03.05 17:00,83.445
36,03.05 18:00,61.149
36,03.05 19:00,59.492
36,03.05 20:00,60.523
36,03.05 21:00,70.346
36,03.05 22:00,57.872
36,03.05 23:00,37.259
36,04.05 00:00,27.87
36,04.05 01:00,38.239
36,04.05 02:00,37.237
36,04.05 03:00,37.119
36,04.05 04:00,44.013
36,04.05 05:00,52.992
36,04.05 06:00,70.199
36,04.05 07:00,68.055
36,04.05 08:00,58.286
36,04.05 09:00,58.823
36,04.05 10:00,80.789
36,04.05 11:00,93.892
36,04.05 12:00,88.724
36,04.05 13:00,76.785
36,04.05 14:00,77.406
36,04.05 15:00,78.339
36,04.05 16:00,77.15
36,04.05 17:00,77.99
36,04.05 18:00,78.26
36,04.05 19:00,77.249
36,04.05 20:00,76.897
36,04.05 21:00,101.26
36,04.05 22:00,60.742
36,04.05 23:00,37.049
36,05.05 00:00,37.317
36,05.05 01:00,37.432
36,05.05 02:00,36.52
36,05.05 03:00,37.319
36,05.05 04:00,47.632
36,05.05 05:00,48.732
36,05.05 06:00,60.201
36,05.05 07:00,76.835
36,05.05 08:00,99.671
36,05.05 09:00,110.149
36,05.05 10:00,98.021
36,05.05 11:00,77.639
36,05.05 12:00,64.844
36,05.05 13:00,64.046
36,05.05 14:00,76.634
36,05.05 15:00,77.072
36,05.05 16:00,78.288
36,05.05 17:00,77.654
36,05.05 18:00,77.684
36,05.05 19:00,75.785
36,05.05 20:00,76.963
36,05.05 21:00,97.708
36,05.05 22:00,56.492
36,05.05 23:00,36.952
36,06.05 00:00,39.126
36,06.05 01:00,37.246
36,06.05 02:00,37.151
36,06.05 03:00,37.798
36,06.05 04:00,45.896
36,06.05 05:00,48.512
36,06.05 06:00,55.704
36,06.05 07:00,69.444
36,06.05 08:00,67.477
36,06.05 09:00,66.246
36,06.05 10:00,64.067
36,06.05 11:00,61.568
36,06.05 12:00,58.335
36,06.05 13:00,60.1
36,06.05 14:00,66.981
36,06.05 15:00,75.982
36,06.05 16:00,57.953
36,06.05 17:00,58.257
36,06.05 18:00,93.845
36,06.05 19:00,120.043
36,06.05 20:00,112.2
36,06.05 21:00,99.574
36,06.05 22:00,53.323
36,06.05 23:00,38.958
36,07.05 00:00,37.506
36,07.05 01:00,39.053
36,07.05 02:00,37.828
36,07.05 03:00,38.309
36,07.05 04:00,37.165
36,07.05 05:00,47.172
36,07.05 06:00,49.683
36,07.05 07:00,49.529
36,07.05 08:00,49.034
36,07.05 09:00,49.471
36,07.05 10:00,49.683
36,07.05 11:00,48.848
36,07.05 12:00,48.566
36,07.05 13:00,49.163
36,07.05 14:00,46.84
36,07.05 15:00,47.734
36,07.05 16:00,48.512
36,07.05 17:00,49.283
36,07.05 18:00,47.587
36,07.05 19:00,48.49
36,07.05 20:00,49.414
36,07.05 21:00,48.858
36,07.05 22:00,40.619
36,07.05 23:00,37.523
36,08.05 00:00,38.525
36,08.05 01:00,38.296
36,08.05 02:00,37.855
36,08.05 03:00,37.749
36,08.05 04:00,37.037
36,08.05 05:00,46.372
36,08.05 06:00,49.075
36,08.05 07:00,50.444
36,08.05 08:00,48.355
36,08.05 09:00,49.866
36,08.05 10:00,48.495
36,08.05 11:00,49.024
36,08.05 12:00,48.496
36,08.05 13:00,49.74
36,08.05 14:00,52.089
36,08.05 15:00,46.913
36,08.05 16:00,46.782
36,08.05 17:00,49.153
36,08.05 18:00,49.482
36,08.05 19:00,49.06
36,08.05 20:00,50.618
36,08.05 21:00,49.744
36,08.05 22:00,39.833
36,08.05 23:00,37.588
36,09.05 00:00,38.072
36,09.05 01:00,18.904
36,09.05 02:00,19.319
36,09.05 03:00,19.191
36,09.05 04:00,24.774
36,09.05 05:00,49.847
36,09.05 06:00,56.688
36,09.05 07:00,59.082
36,09.05 08:00,59.184
36,09.05 09:00,68.36
36,09.05 10:00,92.011
36,09.05 11:00,97.73
36,09.05 12:00,91.54
36,09.05 13:00,106.329
36,09.05 14:00,114.705
36,09.05 15:00,104.724
36,09.05 16:00,86.009
36,09.05 17:00,85.011
36,09.05 18:00,85.874
36,09.05 19:00,80.444
36,09.05 20:00,84.59
36,09.05 21:00,83.193
36,09.05 22:00,50.834
36,09.05 23:00,37.559
36,10.05 00:00,37.065
36,10.05 01:00,38.15
36,10.05 02:00,37.427
36,10.05 03:00,36.873
36,10.05 04:00,46.804
36,10.05 05:00,48.407
36,10.05 06:00,55.873
36,10.05 07:00,57.439
36,10.05 08:00,63.43
36,10.05 09:00,88.568
36,10.05 10:00,114.538
36,10.05 11:00,118.217
36,10.05 12:00,92.302
36,10.05 13:00,75.265
36,10.05 14:00,97.421
36,10.05 15:00,95.114
36,10.05 16:00,83.065
36,10.05 17:00,83.052
36,10.05 18:00,85.1
36,10.05 19:00,85.128
36,10.05 20:00,67.519
36,10.05 21:00,79.523
36,10.05 22:00,56.733
36,10.05 23:00,37.979
36,11.05 00:00,38.544
36,11.05 01:00,38.983
36,11.05 02:00,38.11
36,11.05 03:00,38.601
36,11.05 04:00,46.406
36,11.05 05:00,53.258
36,11.05 06:00,72.297
36,11.05 07:00,77.136
36,11.05 08:00,75.853
36,11.05 09:00,75.296
36,11.05 10:00,80.547
36,11.05 11:00,88.261
36,11.05 12:00,111.219
36,11.05 13:00,105.283
36,11.05 14:00,85.98
36,11.05 15:00,89.94
36,11.05 16:00,92.753
36,11.05 17:00,95.895
36,11.05 18:00,85.577
36,11.05 19:00,86.032
36,11.05 20:00,82.876
36,11.05 21:00,99.476
36,11.05 22:00,50.535
36,11.05 23:00,37.597
36,12.05 00:00,38.204
36,12.05 01:00,37.035
36,12.05 02:00,38.051
36,12.05 03:00,37.215
36,12.05 04:00,46.904
36,12.05 05:00,48.955
36,12.05 06:00,55.795
36,12.05 07:00,75.35
36,12.05 08:00,64.681
36,12.05 09:00,72.931
36,12.05 10:00,79.224
36,12.05 11:00,75.572
36,12.05 12:00,87.928
36,12.05 13:00,98.296
36,12.05 14:00,111.153
36,12.05 15:00,106.735
36,12.05 16:00,66.838
36,12.05 17:00,59.587
36,12.05 18:00,60.477
36,12.05 19:00,60.058
36,12.05 20:00,59.305
36,12.05 21:00,70.375
36,12.05 22:00,51.382
36,12.05 23:00,38.418
36,13.05 00:00,38.816
36,13.05 01:00,38.74
36,13.05 02:00,38.107
36,13.05 03:00,38.901
36,13.05 04:00,46.455
36,13.05 05:00,50.264
36,13.05 06:00,57.188
36,13.05 07:00,60.052
36,13.05 08:00,62.188
36,13.05 09:00,82.232
36,13.05 10:00,107.284
36,13.05 11:00,118.326
36,13.05 12:00,100.975
36,13.05 13:00,89.953
36,13.05 14:00,85.141
36,13.05 15:00,78.045
36,13.05 16:00,57.555
36,13.05 17:00,55.706
36,13.05 18:00,57.172
36,13.05 19:00,54.928
36,13.05 20:00,57.126
36,13.05 21:00,90.491
36,13.05 22:00,45.587
36,13.05 23:00,35.325
36,14.05 00:00,24.811
36,14.05 01:00,35.068
36,14.05 02:00,35.69
36,14.05 03:00,35.844
36,14.05 04:00,35.386
36,14.05 05:00,45.095
36,14.05 06:00,47.506
36,14.05 07:00,46.541
36,14.05 08:00,46.951
36,14.05 09:00,46.923
36,14.05 10:00,46.767
36,14.05 11:00,48.09
36,14.05 12:00,47.299
36,14.05 13:00,45.813
36,14.05 14:00,48.636
36,14.05 15:00,48.15
36,14.05 16:00,46.858
36,14.05 17:00,49.463
36,14.05 18:00,48.18
36,14.05 19:00,48.511
36,14.05 20:00,48.508
36,14.05 21:00,48.893
36,14.05 22:00,38.88
36,14.05 23:00,35.73
36,15.05 00:00,35.539
36,15.05 01:00,36.244
36,15.05 02:00,36.726
36,15.05 03:00,35.567
36,15.05 04:00,36.799
36,15.05 05:00,45.573
36,15.05 06:00,46.888
36,15.05 07:00,47.435
36,15.05 08:00,47.534
36,15.05 09:00,48.83
36,15.05 10:00,48.382
36,15.05 11:00,48.577
36,15.05 12:00,47.162
36,15.05 13:00,49.77
36,15.05 14:00,47.308
36,15.05 15:00,49.17
36,15.05 16:00,47.724
36,15.05 17:00,48.322
36,15.05 18:00,47.73
36,15.05 19:00,48.766
36,15.05 20:00,47.512
36,15.05 21:00,48.575
36,15.05 22:00,38.102
36,15.05 23:00,36.057
36,16.05 00:00,37.469
36,16.05 01:00,26.941
36,16.05 02:00,8.921
36,16.05 03:00,19.214
36,16.05 04:00,24.161
36,16.05 05:00,46.972
36,16.05 06:00,55.304
36,16.05 07:00,58.364
36,16.05 08:00,56.686
36,16.05 09:00,58.051
36,16.05 10:00,59.282
36,16.05 11:00,62.499
36,16.05 12:00,56.666
36,16.05 13:00,76.132
36,16.05 14:00,99.159
36,16.05 15:00,86.522
36,16.05 16:00,69.139
36,16.05 17:00,60.04
36,16.05 18:00,59.247
36,16.05 19:00,59.745
36,16.05 20:00,60.101
36,16.05 21:00,59.196
36,16.05 22:00,44.846
36,16.05 23:00,37.333
36,17.05 00:00,38.023
36,17.05 01:00,37.041
36,17.05 02:00,36.465
36,17.05 03:00,38.207
36,17.05 04:00,45.176
36,17.05 05:00,48.577
36,17.05 06:00,56.501
36,17.05 07:00,58.485
36,17.05 08:00,60.31
36,17.05 09:00,67.73
36,17.05 10:00,63.909
36,17.05 11:00,77.003
36,17.05 12:00,78.571
36,17.05 13:00,62.308
36,17.05 14:00,65.191
36,17.05 15:00,57.597
36,17.05 16:00,55.78
36,17.05 17:00,56.989
36,17.05 18:00,58.697
36,17.05 19:00,57.184
36,17.05 20:00,57.236
36,17.05 21:00,79.283
36,17.05 22:00,56.586
36,17.05 23:00,36.687
36,18.05 00:00,36.758
36,18.05 01:00,38.527
36,18.05 02:00,38.671
36,18.05 03:00,37.707
36,18.05 04:00,43.689
36,18.05 05:00,51.392
36,18.05 06:00,55.675
36,18.05 07:00,57.644
36,18.05 08:00,65.224
36,18.05 09:00,75.25
36,18.05 10:00,76.103
36,18.05 11:00,69.919
36,18.05 12:00,87.045
36,18.05 13:00,76.009
36,18.05 14:00,84.383
36,18.05 15:00,72.616
36,18.05 16:00,57.755
36,18.05 17:00,57.981
36,18.05 18:00,56.735
36,18.05 19:00,57.021
36,18.05 20:00,56.292
36,18.05 21:00,67.817
36,18.05 22:00,55.855
36,18.05 23:00,37.33
36,19.05 00:00,35.877
36,19.05 01:00,36.764
36,19.05 02:00,36.313
36,19.05 03:00,36.319
36,19.05 04:00,44.65
36,19.05 05:00,47.852
36,19.05 06:00,55.771
36,19.05 07:00,57.629
36,19.05 08:00,79.304
36,19.05 09:00,78.302
36,19.05 10:00,73.604
36,19.05 11:00,78.591
36,19.05 12:00,81.061
36,19.05 13:00,83.435
36,19.05 14:00,85.12
36,19.05 15:00,57.844
36,19.05 16:00,58.708
36,19.05 17:00,58.931
36,19.05 18:00,58.423
36,19.05 19:00,57.566
36,19.05 20:00,64.668
36,19.05 21:00,85.112
36,19.05 22:00,58.235
36,19.05 23:00,39.85
36,20.05 00:00,40.346
36,20.05 01:00,39.942
36,20.05 02:00,40.875
36,20.05 03:00,40.023
36,20.05 04:00,44.831
36,20.05 05:00,48.586
36,20.05 06:00,55.314
36,20.05 07:00,58.804
36,20.05 08:00,57.986
36,20.05 09:00,57.837
36,20.05 10:00,57.87
36,20.05 11:00,57.778
36,20.05 12:00,58.45
36,20.05 13:00,57.6
36,20.05 14:00,58.127
36,20.05 15:00,76.094
36,20.05 16:00,73.585
36,20.05 17:00,73.288
36,20.05 18:00,59.019
36,20.05 19:00,57.418
36,20.05 20:00,62.268
36,20.05 21:00,88.783
36,20.05 22:00,46.526
36,20.05 23:00,35.937
36,21.05 00:00,37.171
36,21.05 01:00,37.17
36,21.05 02:00,37.691
36,21.05 03:00,36.618
36,21.05 04:00,36.746
36,21.05 05:00,45.694
36,21.05 06:00,49.757
36,21.05 07:00,48.154
36,21.05 08:00,47.962
36,21.05 09:00,48.002
36,21.05 10:00,48.099
36,21.05 11:00,47.98
36,21.05 12:00,48.0
36,21.05 13:00,49.905
36,21.05 14:00,49.142
36,21.05 15:00,49.071
36,21.05 16:00,48.625
36,21.05 17:00,48.489
36,21.05 18:00,49.045
36,21.05 19:00,49.768
36,21.05 20:00,47.455
36,21.05 21:00,47.896
36,21.05 22:00,40.918
36,21.05 23:00,36.356
36,22.05 00:00,38.369
36,22.05 01:00,36.638
36,22.05 02:00,37.831
36,22.05 03:00,36.637
36,22.05 04:00,38.312
36,22.05 05:00,46.924
36,22.05 06:00,48.735
36,22.05 07:00,48.175
36,22.05 08:00,48.529
36,22.05 09:00,48.897
36,22.05 10:00,46.746
36,22.05 11:00,48.003
36,22.05 12:00,48.293
36,22.05 13:00,49.086
36,22.05 14:00,49.776
36,22.05 15:00,48.154
36,22.05 16:00,48.852
36,22.05 17:00,49.249
36,22.05 18:00,48.024
36,22.05 19:00,48.401
36,22.05 20:00,49.296
36,22.05 21:00,50.098
36,22.05 22:00,40.524
36,22.05 23:00,37.568
36,23.05 00:00,27.11
36,23.05 01:00,9.568
36,23.05 03:00,9.097
36,23.05 04:00,11.574
36,23.05 05:00,49.079
36,23.05 06:00,55.188
36,23.05 07:00,60.85
36,23.05 08:00,79.081
36,23.05 09:00,78.094
36,23.05 10:00,77.519
36,23.05 11:00,78.705
36,23.05 12:00,77.271
36,23.05 13:00,78.707
36,23.05 14:00,77.466
36,23.05 15:00,63.862
36,23.05 16:00,58.153
36,23.05 17:00,58.22
36,23.05 18:00,58.296
36,23.05 19:00,57.402
36,23.05 20:00,58.41
36,23.05 21:00,65.793
36,23.05 22:00,50.579
36,23.05 23:00,37.769
36,24.05 00:00,36.803
36,24.05 01:00,38.622
36,24.05 02:00,38.428
36,24.05 03:00,39.332
36,24.05 04:00,46.485
36,24.05 05:00,48.365
36,24.05 06:00,56.267
36,24.05 07:00,57.968
36,24.05 08:00,97.562
36,24.05 09:00,103.926
36,24.05 10:00,88.852
36,24.05 11:00,75.136
36,24.05 12:00,76.084
36,24.05 13:00,77.601
36,24.05 14:00,88.54
36,24.05 15:00,65.297
36,24.05 16:00,58.665
36,24.05 17:00,62.404
36,24.05 18:00,58.407
36,24.05 19:00,57.843
36,24.05 20:00,57.789
36,24.05 21:00,80.301
36,24.05 22:00,42.706
36,24.05 23:00,38.226
36,25.05 00:00,36.742
36,25.05 01:00,38.503
36,25.05 02:00,37.819
36,25.05 03:00,38.004
36,25.05 04:00,45.622
36,25.05 05:00,49.105
36,25.05 06:00,56.534
36,25.05 07:00,58.328
36,25.05 08:00,73.26
36,25.05 09:00,68.938
36,25.05 10:00,68.296
36,25.05 11:00,84.426
36,25.05 12:00,75.909
36,25.05 13:00,71.42
36,25.05 14:00,64.062
36,25.05 15:00,57.607
36,25.05 16:00,59.366
36,25.05 17:00,57.252
36,25.05 18:00,58.653
36,25.05 19:00,58.632
36,25.05 20:00,59.979
36,25.05 21:00,75.666
36,25.05 22:00,44.598
36,25.05 23:00,37.444
36,26.05 00:00,38.049
36,26.05 01:00,36.934
36,26.05 02:00,38.701
36,26.05 03:00,37.724
36,26.05 04:00,47.077
36,26.05 05:00,50.179
36,26.05 06:00,55.284
36,26.05 07:00,60.972
36,26.05 08:00,75.082
36,26.05 09:00,70.788
36,26.05 10:00,72.668
36,26.05 11:00,82.725
36,26.05 12:00,76.043
36,26.05 13:00,79.287
36,26.05 14:00,87.307
36,26.05 15:00,69.728
36,26.05 16:00,58.724
36,26.05 17:00,57.018
36,26.05 18:00,58.163
36,26.05 19:00,59.063
36,26.05 20:00,61.987
36,26.05 21:00,72.863
36,26.05 22:00,51.067
36,26.05 23:00,38.154
36,27.05 00:00,38.535
36,27.05 01:00,37.636
36,27.05 02:00,37.896
36,27.05 03:00,37.566
36,27.05 04:00,45.561
36,27.05 05:00,49.303
36,27.05 06:00,56.154
36,27.05 07:00,59.94
36,27.05 08:00,59.775
36,27.05 09:00,58.538
36,27.05 10:00,59.245
36,27.05 11:00,58.395
36,27.05 12:00,102.592
36,27.05 13:00,58.262
36,27.05 14:00,59.062
36,27.05 15:00,59.703
36,27.05 16:00,58.977
36,27.05 17:00,60.123
36,27.05 18:00,71.13
36,27.05 19:00,99.033
36,27.05 20:00,61.331
36,27.05 21:00,68.858
36,27.05 22:00,44.194
36,27.05 23:00,37.441
36,28.05 00:00,36.833
36,28.05 01:00,38.099
36,28.05 02:00,37.877
36,28.05 03:00,38.326
36,28.05 04:00,39.363
36,28.05 05:00,46.638
36,28.05 06:00,47.338
36,28.05 07:00,48.937
36,28.05 08:00,48.721
36,28.05 09:00,49.793
36,28.05 10:00,51.048
36,28.05 11:00,49.647
36,28.05 12:00,51.784
36,28.05 13:00,50.396
36,28.05 14:00,49.454
36,28.05 15:00,50.198
36,28.05 16:00,50.098
36,28.05 17:00,49.586
36,28.05 18:00,50.019
36,28.05 19:00,48.254
36,28.05 20:00,49.998
36,28.05 21:00,51.131
36,28.05 22:00,41.494
36,28.05 23:00,38.396
36,29.05 00:00,37.643
36,29.05 01:00,38.823
36,29.05 02:00,38.641
36,29.05 03:00,38.246
36,29.05 04:00,39.081
36,29.05 05:00,46.461
36,29.05 06:00,49.549
36,29.05 07:00,49.445
36,29.05 08:00,50.338
36,29.05 09:00,49.673
36,29.05 10:00,48.77
36,29.05 11:00,51.022
36,29.05 12:00,49.607
36,29.05 13:00,49.884
36,29.05 14:00,49.537
36,29.05 15:00,49.222
36,29.05 16:00,50.958
36,29.05 17:00,49.826
36,29.05 18:00,50.41
36,29.05 19:00,50.187
36,29.05 20:00,49.233
36,29.05 21:00,49.152
36,29.05 22:00,40.633
36,29.05 23:00,37.07
36,30.05 00:00,28.63
36,30.05 01:00,37.768
36,30.05 02:00,39.385
36,30.05 03:00,37.999
36,30.05 04:00,46.734
36,30.05 05:00,37.061
36,30.05 06:00,63.382
36,30.05 07:00,76.081
36,30.05 08:00,76.799
36,30.05 09:00,75.117
36,30.05 10:00,58.916
36,30.05 11:00,59.164
36,30.05 12:00,59.505
36,30.05 13:00,58.989
36,30.05 14:00,58.419
36,30.05 15:00,58.686
36,30.05 16:00,58.78
36,30.05 17:00,59.134
36,30.05 18:00,58.182
36,30.05 19:00,58.484
36,30.05 20:00,59.66
36,30.05 21:00,61.349
36,30.05 22:00,43.97
36,30.05 23:00,37.693
36,31.05 00:00,38.473
36,31.05 01:00,38.366
36,31.05 02:00,38.335
36,31.05 03:00,40.167
36,31.05 04:00,46.481
36,31.05 05:00,47.786
36,31.05 06:00,57.31
36,31.05 07:00,58.992
36,31.05 08:00,63.339
36,31.05 09:00,88.379
36,31.05 10:00,96.131
36,31.05 11:00,98.895
36,31.05 12:00,64.982
36,31.05 13:00,81.763
36,31.05 14:00,97.603
36,31.05 15:00,75.512
36,31.05 16:00,80.575
36,31.05 17:00,58.255
36,31.05 18:00,55.591
36,31.05 19:00,56.543
36,31.05 20:00,55.358
36,31.05 21:00,70.305
36,31.05 22:00,53.32
36,31.05 23:00,38.535
36,01.06 00:00,38.446
36,01.06 01:00,38.851
36,01.06 02:00,39.259
36,01.06 03:00,39.457
36,01.06 04:00,47.207
36,01.06 05:00,52.499
36,01.06 06:00,62.975
36,01.06 07:00,73.59
36,01.06 08:00,86.1
36,01.06 09:00,105.098
36,01.06 10:00,102.893
36,01.06 11:00,103.629
36,01.06 12:00,105.113
36,01.06 13:00,101.492
36,01.06 14:00,88.682
36,01.06 15:00,93.117
36,01.06 16:00,79.979
36,01.06 17:00,82.676
36,01.06 18:00,89.305
36,01.06 19:00,77.42
36,01.06 20:00,78.374
36,01.06 21:00,97.43
36,01.06 22:00,51.965
36,01.06 23:00,39.323
36,02.06 00:00,39.06
36,02.06 01:00,39.127
36,02.06 02:00,38.392
36,02.06 03:00,36.95
36,02.06 04:00,43.933
36,02.06 05:00,52.227
36,02.06 06:00,70.051
36,02.06 07:00,74.409
36,02.06 08:00,64.736
36,02.06 09:00,67.571
36,02.06 10:00,60.891
36,02.06 11:00,72.36
36,02.06 12:00,77.228
36,02.06 13:00,76.037
36,02.06 14:00,83.008
36,02.06 15:00,83.609
36,02.06 16:00,78.06
36,02.06 17:00,77.975
36,02.06 18:00,77.75
36,02.06 19:00,78.179
36,02.06 20:00,77.401
36,02.06 21:00,76.97
36,02.06 22:00,48.28
36,02.06 23:00,37.954
36,03.06 00:00,38.892
36,03.06 01:00,38.006
36,03.06 02:00,39.29
36,03.06 03:00,38.263
36,03.06 04:00,45.762
36,03.06 05:00,50.666
36,03.06 06:00,55.6
36,03.06 07:00,58.016
36,03.06 08:00,60.705
36,03.06 09:00,60.042
36,03.06 10:00,59.704
36,03.06 11:00,59.559
36,03.06 12:00,58.702
36,03.06 13:00,68.129
36,03.06 14:00,97.348
36,03.06 15:00,88.208
36,03.06 16:00,94.425
36,03.06 17:00,104.023
36,03.06 18:00,83.12
36,03.06 19:00,79.532
36,03.06 20:00,78.626
36,03.06 21:00,101.683
36,03.06 22:00,55.496
36,03.06 23:00,38.646
36,04.06 00:00,38.124
36,04.06 01:00,38.346
36,04.06 02:00,38.973
36,04.06 03:00,38.307
36,04.06 04:00,37.093
36,04.06 05:00,47.54
36,04.06 06:00,49.7
36,04.06 07:00,50.582
36,04.06 08:00,50.126
36,04.06 09:00,49.685
36,04.06 10:00,49.331
36,04.06 11:00,51.852
36,04.06 12:00,49.05
36,04.06 13:00,49.341
36,04.06 14:00,50.157
36,04.06 15:00,48.65
36,04.06 16:00,50.014
36,04.06 17:00,50.71
36,04.06 18:00,49.803
36,04.06 19:00,51.586
36,04.06 20:00,49.691
36,04.06 21:00,50.503
36,04.06 22:00,40.766
36,04.06 23:00,38.46
36,05.06 00:00,37.773
36,05.06 01:00,38.167
36,05.06 02:00,37.897
36,05.06 03:00,37.745
36,05.06 04:00,38.482
36,05.06 05:00,47.277
36,05.06 06:00,49.934
36,05.06 07:00,50.595
36,05.06 08:00,49.418
36,05.06 09:00,51.48
36,05.06 10:00,47.748
36,05.06 11:00,50.844
36,05.06 12:00,49.741
36,05.06 13:00,49.305
36,05.06 14:00,49.137
36,05.06 15:00,49.654
36,05.06 16:00,49.254
36,05.06 17:00,48.991
36,05.06 18:00,49.205
36,05.06 19:00,49.372
36,05.06 20:00,49.486
36,05.06 21:00,48.471
36,05.06 22:00,40.917
36,05.06 23:00,38.352
36,06.06 00:00,37.549
36,06.06 01:00,38.633
36,06.06 02:00,37.69
36,06.06 03:00,38.392
36,06.06 04:00,47.096
36,06.06 05:00,47.473
36,06.06 06:00,62.507
36,06.06 07:00,66.205
36,06.06 08:00,60.058
36,06.06 09:00,93.876
36,06.06 10:00,99.167
36,06.06 11:00,98.211
36,06.06 12:00,90.518
36,06.06 13:00,91.128
36,06.06 14:00,90.132
36,06.06 15:00,91.23
36,06.06 16:00,91.695
36,06.06 17:00,84.856
36,06.06 18:00,80.219
36,06.06 19:00,83.218
36,06.06 20:00,89.868
36,06.06 21:00,84.717
36,06.06 22:00,58.187
36,06.06 23:00,38.041
36,07.06 00:00,38.848
36,07.06 01:00,39.319
36,07.06 02:00,39.601
36,07.06 03:00,41.658
36,07.06 04:00,50.45
36,07.06 05:00,50.383
36,07.06 06:00,58.82
36,07.06 07:00,63.595
36,07.06 08:00,88.742
36,07.06 09:00,106.809
36,07.06 10:00,82.989
36,07.06 11:00,82.871
36,07.06 12:00,104.629
36,07.06 13:00,91.879
36,07.06 14:00,92.048
36,07.06 15:00,105.115
36,07.06 16:00,80.785
36,07.06 17:00,72.828
36,07.06 18:00,75.217
36,07.06 19:00,74.554
36,07.06 20:00,69.32
36,07.06 21:00,102.263
36,07.06 22:00,57.706
36,07.06 23:00,37.945
36,08.06 00:00,39.57
36,08.06 01:00,39.535
36,08.06 02:00,41.271
36,08.06 03:00,40.483
36,08.06 04:00,48.325
36,08.06 05:00,51.422
36,08.06 06:00,64.814
36,08.06 07:00,70.712
36,08.06 08:00,103.577
36,08.06 09:00,109.837
36,08.06 10:00,109.16
36,08.06 11:00,110.9
36,08.06 12:00,114.923
36,08.06 13:00,111.042
36,08.06 14:00,106.221
36,08.06 15:00,102.745
36,08.06 16:00,98.395
36,08.06 17:00,90.184
36,08.06 18:00,99.701
36,08.06 19:00,97.659
36,08.06 20:00,93.619
36,08.06 21:00,102.404
36,08.06 22:00,58.639
36,08.06 23:00,38.855
36,09.06 00:00,38.835
36,09.06 01:00,39.658
36,09.06 02:00,38.7
36,09.06 03:00,38.76
36,09.06 04:00,47.427
36,09.06 05:00,52.023
36,09.06 06:00,53.896
36,09.06 07:00,78.741
36,09.06 08:00,86.914
36,09.06 09:00,89.553
36,09.06 10:00,85.499
36,09.06 11:00,91.215
36,09.06 12:00,86.846
36,09.06 13:00,82.887
36,09.06 14:00,77.242
36,09.06 15:00,76.448
36,09.06 16:00,53.297
36,09.06 17:00,61.77
36,09.06 18:00,73.753
36,09.06 19:00,79.041
36,09.06 20:00,57.12
36,09.06 21:00,63.865
36,09.06 22:00,51.505
36,09.06 23:00,37.069
36,10.06 00:00,38.592
36,10.06 01:00,38.381
36,10.06 02:00,39.703
36,10.06 03:00,38.999
36,10.06 04:00,50.105
36,10.06 05:00,52.154
36,10.06 06:00,52.08
36,10.06 07:00,61.116
36,10.06 08:00,62.159
36,10.06 09:00,63.143
36,10.06 10:00,62.311
36,10.06 11:00,87.499
36,10.06 12:00,103.605
36,10.06 13:00,107.949
36,10.06 14:00,108.865
36,10.06 15:00,103.826
36,10.06 16:00,100.441
36,10.06 17:00,86.771
36,10.06 18:00,78.725
36,10.06 19:00,81.973
36,10.06 20:00,81.103
36,10.06 21:00,82.533
36,10.06 22:00,48.33
36,10.06 23:00,38.894
36,11.06 00:00,39.758
36,11.06 01:00,39.622
36,11.06 02:00,39.735
36,11.06 03:00,38.65
36,11.06 04:00,37.65
36,11.06 05:00,48.939
36,11.06 06:00,53.104
36,11.06 07:00,52.384
36,11.06 08:00,51.278
36,11.06 09:00,52.573
36,11.06 10:00,51.549
36,11.06 11:00,47.563
36,11.06 12:00,47.949
36,11.06 13:00,47.22
36,11.06 14:00,46.78
36,11.06 15:00,39.961
36,11.06 16:00,38.575
36,11.06 17:00,36.98
36,11.06 18:00,36.905
36,11.06 19:00,42.724
36,11.06 20:00,38.729
36,11.06 21:00,37.594
36,11.06 22:00,36.789
36,11.06 23:00,37.696
36,12.06 00:00,37.808
36,12.06 01:00,37.777
36,12.06 02:00,36.94
36,12.06 03:00,38.097
36,12.06 04:00,37.13
36,12.06 05:00,37.186
36,12.06 06:00,38.386
36,12.06 07:00,38.606
36,12.06 08:00,37.607
36,12.06 09:00,38.157
36,12.06 10:00,36.738
36,12.06 11:00,36.246
36,12.06 12:00,38.075
36,12.06 13:00,37.927
36,12.06 14:00,36.865
36,12.06 15:00,42.477
36,12.06 16:00,43.811
36,12.06 17:00,45.09
36,12.06 18:00,43.8
36,12.06 19:00,43.488
36,12.06 20:00,45.124
36,12.06 21:00,43.65
36,12.06 22:00,36.529
36,12.06 23:00,37.798
36,13.06 00:00,36.855
36,13.06 01:00,37.862
36,13.06 02:00,37.589
36,13.06 03:00,38.938
36,13.06 04:00,37.644
36,13.06 05:00,38.169
36,13.06 06:00,49.261
36,13.06 07:00,82.731
36,13.06 08:00,81.405
36,13.06 09:00,56.868
36,13.06 10:00,50.884
36,13.06 11:00,50.598
36,13.06 12:00,62.704
36,13.06 13:00,60.484
36,13.06 14:00,73.391
36,13.06 15:00,76.554
36,13.06 16:00,74.503
36,13.06 17:00,66.401
36,13.06 18:00,66.512
36,13.06 19:00,60.688
36,13.06 20:00,51.218
36,13.06 21:00,49.218
36,13.06 22:00,43.439
36,13.06 23:00,38.31
36,14.06 00:00,37.373
36,14.06 01:00,37.21
36,14.06 02:00,37.02
36,14.06 03:00,37.874
36,14.06 04:00,46.927
36,14.06 05:00,49.931
36,14.06 06:00,56.535
36,14.06 07:00,62.753
36,14.06 08:00,72.851
36,14.06 09:00,66.94
36,14.06 10:00,89.625
36,14.06 11:00,97.372
36,14.06 12:00,72.682
36,14.06 13:00,76.492
36,14.06 14:00,74.371
36,14.06 15:00,68.846
36,14.06 16:00,57.103
36,14.06 17:00,43.529
36,14.06 18:00,37.481
36,14.06 19:00,42.794
36,14.06 20:00,39.172
36,14.06 21:00,80.43
36,14.06 22:00,50.52
36,14.06 23:00,37.003
36,15.06 00:00,36.404
36,15.06 01:00,36.261
36,15.06 02:00,38.276
36,15.06 03:00,38.943
36,15.06 04:00,37.184
36,15.06 05:00,41.88
36,15.06 06:00,41.856
36,15.06 07:00,45.815
36,15.06 08:00,89.81
36,15.06 09:00,70.011
36,15.06 10:00,73.266
36,15.06 11:00,76.538
36,15.06 12:00,70.738
36,15.06 13:00,68.448
36,15.06 14:00,87.484
36,15.06 15:00,69.696
36,15.06 16:00,50.598
36,15.06 17:00,46.712
36,15.06 18:00,43.768
36,15.06 19:00,41.451
36,15.06 20:00,34.775
36,15.06 21:00,35.879
36,15.06 22:00,36.872
36,15.06 23:00,31.14
36,16.06 00:00,31.552
36,16.06 01:00,32.012
36,16.06 02:00,32.364
36,16.06 03:00,32.178
36,16.06 04:00,33.457
36,16.06 05:00,34.956
36,16.06 06:00,36.166
36,16.06 07:00,44.572
36,16.06 08:00,63.059
36,16.06 09:00,73.595
36,16.06 10:00,69.015
36,16.06 11:00,81.073
36,16.06 12:00,50.672
36,16.06 13:00,59.997
36,16.06 14:00,52.112
36,16.06 15:00,46.212
36,16.06 16:00,51.909
36,16.06 17:00,46.775
36,16.06 18:00,54.067
36,16.06 19:00,63.889
36,16.06 20:00,63.577
36,16.06 21:00,85.703
36,16.06 22:00,43.842
36,16.06 23:00,32.154
36,17.06 00:00,32.166
36,17.06 01:00,31.242
36,17.06 02:00,32.929
36,17.06 03:00,31.622
36,17.06 04:00,30.86
36,17.06 05:00,34.119
36,17.06 06:00,38.083
36,17.06 07:00,49.96
36,17.06 08:00,53.294
36,17.06 09:00,63.483
36,17.06 10:00,66.056
36,17.06 11:00,73.042
36,17.06 12:00,64.271
36,17.06 13:00,48.675
36,17.06 14:00,47.806
36,17.06 15:00,47.389
36,17.06 16:00,64.211
36,17.06 17:00,46.292
36,17.06 18:00,68.358
36,17.06 19:00,65.018
36,17.06 20:00,71.995
36,17.06 21:00,65.687
36,17.06 22:00,43.1
36,17.06 23:00,32.746
36,18.06 00:00,32.558
36,18.06 01:00,32.709
36,18.06 02:00,32.658
36,18.06 03:00,32.973
36,18.06 04:00,32.375
36,18.06 05:00,33.042
36,18.06 06:00,33.435
36,18.06 07:00,32.874
36,18.06 08:00,34.002
36,18.06 09:00,32.381
36,18.06 10:00,33.444
36,18.06 11:00,35.115
36,18.06 12:00,44.585
36,18.06 13:00,43.743
36,18.06 14:00,46.687
36,18.06 15:00,45.354
36,18.06 16:00,45.971
36,18.06 17:00,47.506
36,18.06 18:00,44.619
36,18.06 19:00,46.54
36,18.06 20:00,44.693
36,18.06 21:00,46.584
36,18.06 22:00,36.945
36,18.06 23:00,31.613
36,19.06 00:00,32.523
36,19.06 01:00,32.277
36,19.06 02:00,32.659
36,19.06 03:00,32.553
36,19.06 04:00,31.654
36,19.06 05:00,32.005
36,19.06 06:00,31.86
36,19.06 07:00,40.162
36,19.06 08:00,47.513
36,19.06 09:00,47.658
36,19.06 10:00,46.143
36,19.06 11:00,43.864
36,19.06 12:00,41.729
36,19.06 13:00,45.334
36,19.06 14:00,46.291
36,19.06 15:00,46.014
36,19.06 16:00,45.783
36,19.06 17:00,45.73
36,19.06 18:00,45.746
36,19.06 19:00,44.809
36,19.06 20:00,45.213
36,19.06 21:00,45.803
36,19.06 22:00,34.085
36,19.06 23:00,32.569
36,20.06 00:00,32.388
36,20.06 01:00,32.361
36,20.06 02:00,31.16
36,20.06 03:00,32.46
36,20.06 04:00,31.918
36,20.06 05:00,42.27
36,20.06 06:00,50.604
36,20.06 07:00,63.747
36,20.06 08:00,66.686
36,20.06 09:00,68.573
36,20.06 10:00,64.566
36,20.06 11:00,78.335
36,20.06 12:00,75.223
36,20.06 13:00,73.411
36,20.06 14:00,68.328
36,20.06 15:00,68.319
36,20.06 16:00,73.915
36,20.06 17:00,60.151
36,20.06 18:00,55.137
36,20.06 19:00,63.307
36,20.06 20:00,63.365
36,20.06 21:00,54.189
36,20.06 22:00,43.274
36,20.06 23:00,32.37
36,21.06 00:00,31.486
36,21.06 01:00,31.565
36,21.06 02:00,31.506
36,21.06 03:00,32.931
36,21.06 04:00,31.526
36,21.06 05:00,39.27
36,21.06 06:00,53.428
36,21.06 07:00,56.594
36,21.06 08:00,58.167
36,21.06 09:00,75.106
36,21.06 10:00,94.533
36,21.06 11:00,85.574
36,21.06 12:00,90.935
36,21.06 13:00,91.343
36,21.06 14:00,96.123
36,21.06 15:00,77.071
36,21.06 16:00,64.67
36,21.06 17:00,55.366
36,21.06 18:00,55.261
36,21.06 19:00,53.252
36,21.06 20:00,51.383
36,21.06 21:00,63.095
36,21.06 22:00,43.728
36,21.06 23:00,30.931
36,22.06 00:00,30.984
36,22.06 01:00,32.435
36,22.06 02:00,33.644
36,22.06 03:00,33.036
36,22.06 04:00,31.245
36,22.06 05:00,41.644
36,22.06 06:00,47.818
36,22.06 07:00,65.27
36,22.06 08:00,54.237
36,22.06 09:00,49.314
36,22.06 10:00,50.801
36,22.06 11:00,56.539
36,22.06 12:00,82.206
36,22.06 13:00,76.777
36,22.06 14:00,75.786
36,22.06 15:00,85.697
36,22.06 16:00,71.145
36,22.06 17:00,64.72
36,22.06 18:00,65.304
36,22.06 19:00,64.115
36,22.06 20:00,64.566
36,22.06 21:00,61.94
36,22.06 22:00,42.931
36,22.06 23:00,32.08
36,23.06 00:00,30.435
36,23.06 01:00,31.784
36,23.06 02:00,32.707
36,23.06 03:00,31.888
36,23.06 04:00,32.43
36,23.06 05:00,38.838
36,23.06 06:00,43.766
36,23.06 07:00,57.386
36,23.06 08:00,56.355
36,23.06 09:00,59.222
36,23.06 10:00,55.986
36,23.06 11:00,58.508
36,23.06 12:00,57.812
36,23.06 13:00,56.42
36,23.06 14:00,56.319
36,23.06 15:00,59.853
36,23.06 16:00,61.685
36,23.06 17:00,74.595
36,23.06 18:00,67.9
36,23.06 19:00,49.425
36,23.06 20:00,59.211
36,23.06 21:00,63.91
36,23.06 22:00,46.244
36,23.06 23:00,32.037
36,24.06 00:00,32.251
36,24.06 01:00,31.662
36,24.06 02:00,32.477
36,24.06 03:00,31.266
36,24.06 04:00,32.702
36,24.06 05:00,45.543
36,24.06 06:00,58.424
36,24.06 07:00,62.192
36,24.06 08:00,46.418
36,24.06 09:00,57.053
36,24.06 10:00,56.848
36,24.06 11:00,69.869
36,24.06 12:00,84.452
36,24.06 13:00,86.869
36,24.06 14:00,80.758
36,24.06 15:00,81.089
36,24.06 16:00,65.39
36,24.06 17:00,60.153
36,24.06 18:00,73.128
36,24.06 19:00,73.471
36,24.06 20:00,59.032
36,24.06 21:00,47.211
36,24.06 22:00,36.063
36,24.06 23:00,31.966
36,25.06 00:00,33.167
36,25.06 01:00,32.232
36,25.06 02:00,31.754
36,25.06 03:00,31.725
36,25.06 04:00,32.767
36,25.06 05:00,30.655
36,25.06 06:00,32.642
36,25.06 07:00,42.013
36,25.06 08:00,47.102
36,25.06 09:00,45.535
36,25.06 10:00,45.298
36,25.06 11:00,42.306
36,25.06 12:00,40.601
36,25.06 13:00,44.405
36,25.06 14:00,48.224
36,25.06 15:00,47.143
36,25.06 16:00,49.339
36,25.06 17:00,46.634
36,25.06 18:00,46.403
36,25.06 19:00,45.868
36,25.06 20:00,46.237
36,25.06 21:00,47.1
36,25.06 22:00,35.674
36,25.06 23:00,31.624
36,26.06 00:00,32.793
36,26.06 01:00,31.79
36,26.06 02:00,31.37
36,26.06 03:00,32.711
36,26.06 04:00,31.384
36,26.06 05:00,32.128
36,26.06 06:00,32.355
36,26.06 07:00,42.289
36,26.06 08:00,46.751
36,26.06 09:00,47.573
36,26.06 10:00,44.909
36,26.06 11:00,46.793
36,26.06 12:00,45.515
36,26.06 13:00,43.235
36,26.06 14:00,45.461
36,26.06 15:00,48.788
36,26.06 16:00,49.333
36,26.06 17:00,47.412
36,26.06 18:00,44.689
36,26.06 19:00,46.203
36,26.06 20:00,45.465
36,26.06 21:00,46.65
36,26.06 22:00,35.841
36,26.06 23:00,31.696
36,27.06 00:00,32.233
36,27.06 01:00,31.801
36,27.06 02:00,31.353
36,27.06 03:00,32.608
36,27.06 04:00,31.139
36,27.06 05:00,39.961
36,27.06 06:00,51.505
36,27.06 07:00,57.193
36,27.06 08:00,58.959
36,27.06 09:00,57.917
36,27.06 10:00,78.746
36,27.06 11:00,91.745
36,27.06 12:00,90.881
36,27.06 13:00,72.322
36,27.06 14:00,58.843
36,27.06 15:00,48.518
36,27.06 16:00,57.998
36,27.06 17:00,65.456
36,27.06 18:00,67.85
36,27.06 19:00,66.679
36,27.06 20:00,63.631
36,27.06 21:00,58.573
36,27.06 22:00,44.601
36,27.06 23:00,31.306
36,28.06 00:00,30.232
36,28.06 01:00,32.14
36,28.06 02:00,30.38
36,28.06 03:00,30.7
36,28.06 04:00,31.296
36,28.06 05:00,43.446
36,28.06 06:00,49.844
36,28.06 07:00,56.003
36,28.06 08:00,56.698
36,28.06 09:00,62.288
36,28.06 10:00,68.771
36,28.06 11:00,71.086
36,28.06 12:00,85.661
36,28.06 13:00,75.708
36,28.06 14:00,72.617
36,28.06 15:00,62.733
36,28.06 16:00,74.088
36,28.06 17:00,68.532
36,28.06 18:00,59.248
36,28.06 19:00,61.288
36,28.06 20:00,72.368
36,28.06 21:00,70.615
36,28.06 22:00,37.816
36,28.06 23:00,34.505
36,29.06 00:00,34.825
36,29.06 01:00,35.223
36,29.06 02:00,36.637
36,29.06 03:00,36.742
36,29.06 04:00,36.269
36,29.06 05:00,45.424
36,29.06 06:00,48.01
36,29.06 07:00,55.888
36,29.06 08:00,56.512
36,29.06 09:00,67.63
36,29.06 10:00,77.01
36,29.06 11:00,72.87
36,29.06 12:00,75.065
36,29.06 13:00,77.942
36,29.06 14:00,73.139
36,29.06 15:00,71.044
36,29.06 16:00,78.301
36,29.06 17:00,79.239
36,29.06 18:00,68.778
36,29.06 19:00,59.851
36,29.06 20:00,60.911
36,29.06 21:00,83.155
36,29.06 22:00,43.619
36,29.06 23:00,34.705
36,30.06 00:00,35.301
36,30.06 01:00,35.039
36,30.06 02:00,36.735
36,30.06 03:00,37.832
36,30.06 04:00,36.909
36,30.06 05:00,36.77
36,30.06 06:00,43.06
36,30.06 07:00,47.322
36,30.06 08:00,51.799
36,30.06 09:00,69.189
36,30.06 10:00,69.213
36,30.06 11:00,73.021
36,30.06 12:00,69.662
36,30.06 13:00,69.854
36,30.06 14:00,66.954
36,30.06 15:00,62.439
36,30.06 16:00,64.32
36,30.06 17:00,65.126
36,30.06 18:00,65.095
36,30.06 19:00,65.581
36,30.06 20:00,74.062
36,30.06 21:00,81.952
36,30.06 22:00,44.48
36,30.06 23:00,35.068
36,01.07 00:00,35.477
36,01.07 01:00,36.862
36,01.07 02:00,37.024
36,01.07 03:00,36.892
36,01.07 04:00,36.833
36,01.07 05:00,47.681
36,01.07 06:00,58.641
36,01.07 07:00,62.511
36,01.07 08:00,61.875
36,01.07 09:00,76.212
36,01.07 10:00,83.935
36,01.07 11:00,85.27
36,01.07 12:00,74.933
36,01.07 13:00,74.337
36,01.07 14:00,75.084
36,01.07 15:00,76.486
36,01.07 16:00,78.599
36,01.07 17:00,70.559
36,01.07 18:00,76.262
36,01.07 19:00,75.547
36,01.07 20:00,70.321
36,01.07 21:00,63.281
36,01.07 22:00,40.635
36,01.07 23:00,31.75
36,02.07 00:00,31.504
36,02.07 01:00,31.21
36,02.07 02:00,31.943
36,02.07 03:00,31.239
36,02.07 04:00,31.489
36,02.07 05:00,30.549
36,02.07 06:00,31.747
36,02.07 07:00,41.58
36,02.07 08:00,45.082
36,02.07 09:00,42.693
36,02.07 10:00,45.955
36,02.07 11:00,40.145
36,02.07 12:00,43.194
36,02.07 13:00,43.439
36,02.07 14:00,45.154
36,02.07 15:00,45.47
36,02.07 16:00,44.909
36,02.07 17:00,44.105
36,02.07 18:00,46.295
36,02.07 19:00,44.907
36,02.07 20:00,43.753
36,02.07 21:00,47.124
36,02.07 22:00,34.967
36,02.07 23:00,31.379
36,03.07 00:00,31.068
36,03.07 01:00,32.537
36,03.07 02:00,31.383
36,03.07 03:00,30.849
36,03.07 04:00,31.865
36,03.07 05:00,31.995
36,03.07 06:00,31.354
36,03.07 07:00,42.67
36,03.07 08:00,45.429
36,03.07 09:00,45.817
36,03.07 10:00,47.802
36,03.07 11:00,46.357
36,03.07 12:00,43.562
36,03.07 13:00,46.3
36,03.07 14:00,43.712
36,03.07 15:00,44.066
36,03.07 16:00,44.642
36,03.07 17:00,45.181
36,03.07 18:00,44.803
36,03.07 19:00,45.392
36,03.07 20:00,46.977
36,03.07 21:00,46.181
36,03.07 22:00,34.9
36,03.07 23:00,31.744
36,04.07 00:00,31.314
36,04.07 01:00,24.191
36,04.07 02:00,23.28
36,04.07 03:00,23.816
36,04.07 04:00,7.773
36,04.07 05:00,44.681
36,04.07 06:00,59.563
36,04.07 07:00,68.434
36,04.07 08:00,73.155
36,04.07 09:00,74.71
36,04.07 10:00,67.892
36,04.07 11:00,74.404
36,04.07 12:00,73.856
36,04.07 13:00,73.68
36,04.07 14:00,73.97
36,04.07 15:00,67.297
36,04.07 16:00,63.682
36,04.07 17:00,59.897
36,04.07 18:00,60.546
36,04.07 19:00,61.469
36,04.07 20:00,60.156
36,04.07 21:00,59.75
36,04.07 22:00,40.654
36,04.07 23:00,30.994
36,05.07 00:00,30.92
36,05.07 01:00,31.026
36,05.07 02:00,32.448
36,05.07 03:00,30.968
36,05.07 04:00,31.716
36,05.07 05:00,41.294
36,05.07 06:00,58.721
36,05.07 07:00,68.292
36,05.07 08:00,68.241
36,05.07 09:00,61.094
36,05.07 10:00,62.094
36,05.07 11:00,62.145
36,05.07 12:00,76.079
36,05.07 13:00,81.149
36,05.07 14:00,75.258
36,05.07 15:00,74.609
36,05.07 16:00,73.523
36,05.07 17:00,71.72
36,05.07 18:00,69.227
36,05.07 19:00,67.991
36,05.07 20:00,67.872
36,05.07 21:00,61.691
36,05.07 22:00,47.307
36,05.07 23:00,32.026
36,06.07 00:00,31.159
36,06.07 01:00,32.738
36,06.07 02:00,32.734
36,06.07 03:00,33.066
36,06.07 04:00,34.172
36,06.07 05:00,46.239
36,06.07 06:00,64.566
36,06.07 07:00,80.413
36,06.07 08:00,78.03
36,06.07 09:00,70.598
36,06.07 10:00,70.927
36,06.07 11:00,80.877
36,06.07 12:00,82.48
36,06.07 13:00,97.521
36,06.07 14:00,93.665
36,06.07 15:00,80.38
36,06.07 16:00,73.807
36,06.07 17:00,63.318
36,06.07 18:00,64.303
36,06.07 19:00,63.283
36,06.07 20:00,78.403
36,06.07 21:00,76.762
36,06.07 22:00,40.719
36,06.07 23:00,32.09
36,07.07 00:00,32.261
36,07.07 01:00,32.183
36,07.07 02:00,31.445
36,07.07 03:00,31.731
36,07.07 04:00,32.447
36,07.07 05:00,45.05
36,07.07 06:00,57.78
36,07.07 07:00,59.525
36,07.07 08:00,60.765
36,07.07 09:00,62.912
36,07.07 10:00,63.576
36,07.07 11:00,72.45
36,07.07 12:00,77.413
36,07.07 13:00,70.326
36,07.07 14:00,74.829
36,07.07 15:00,84.006
36,07.07 16:00,85.14
36,07.07 17:00,66.848
36,07.07 18:00,66.736
36,07.07 19:00,67.48
36,07.07 20:00,67.501
36,07.07 21:00,71.6
36,07.07 22:00,47.391
36,07.07 23:00,30.779
36,08.07 00:00,30.765
36,08.07 01:00,31.19
36,08.07 02:00,33.002
36,08.07 03:00,33.175
36,08.07 04:00,31.623
36,08.07 05:00,44.839
36,08.07 06:00,62.179
36,08.07 07:00,67.943
36,08.07 08:00,66.956
36,08.07 09:00,63.814
36,08.07 10:00,59.164
36,08.07 11:00,61.195
36,08.07 12:00,68.15
36,08.07 13:00,70.459
36,08.07 14:00,62.998
36,08.07 15:00,69.467
36,08.07 16:00,63.163
36,08.07 17:00,62.408
36,08.07 18:00,72.52
36,08.07 19:00,68.616
36,08.07 20:00,69.021
36,08.07 21:00,71.73
36,08.07 22:00,43.203
36,08.07 23:00,31.785
36,09.07 00:00,33.379
36,09.07 01:00,31.847
36,09.07 02:00,32.178
36,09.07 03:00,32.154
36,09.07 04:00,31.762
36,09.07 05:00,31.799
36,09.07 06:00,32.54
36,09.07 07:00,44.647
36,09.07 08:00,44.513
36,09.07 09:00,44.052
36,09.07 10:00,44.765
36,09.07 11:00,45.337
36,09.07 12:00,45.924
36,09.07 13:00,45.97
36,09.07 14:00,45.579
36,09.07 15:00,47.686
36,09.07 16:00,47.505
36,09.07 17:00,45.633
36,09.07 18:00,44.578
36,09.07 19:00,44.793
36,09.07 20:00,45.904
36,09.07 21:00,48.17
36,09.07 22:00,36.187
36,09.07 23:00,31.818
36,10.07 00:00,31.877
36,10.07 01:00,31.736
36,10.07 02:00,32.474
36,10.07 03:00,32.282
36,10.07 04:00,32.122
36,10.07 05:00,32.451
36,10.07 06:00,32.512
36,10.07 07:00,41.129
36,10.07 08:00,42.415
36,10.07 09:00,44.13
36,10.07 10:00,43.524
36,10.07 11:00,44.922
36,10.07 12:00,44.108
36,10.07 13:00,47.243
36,10.07 14:00,46.675
36,10.07 15:00,45.843
36,10.07 16:00,43.922
36,10.07 17:00,44.852
36,10.07 18:00,46.749
36,10.07 19:00,46.536
36,10.07 20:00,46.377
36,10.07 21:00,44.584
36,10.07 22:00,35.803
36,10.07 23:00,34.865
36,11.07 00:00,35.72
36,11.07 01:00,27.55
36,11.07 02:00,27.24
36,11.07 03:00,18.525
36,11.07 04:00,16.699
36,11.07 05:00,45.356
36,11.07 06:00,64.282
36,11.07 07:00,77.445
36,11.07 08:00,73.908
36,11.07 09:00,76.894
36,11.07 10:00,77.703
36,11.07 11:00,80.058
36,11.07 12:00,100.953
36,11.07 13:00,91.837
36,11.07 14:00,80.231
36,11.07 15:00,72.436
36,11.07 16:00,62.932
36,11.07 17:00,60.231
36,11.07 18:00,62.349
36,11.07 19:00,60.108
36,11.07 20:00,60.651
36,11.07 21:00,60.187
36,11.07 22:00,39.351
36,11.07 23:00,31.653
36,12.07 00:00,31.239
36,12.07 01:00,32.443
36,12.07 02:00,30.378
36,12.07 03:00,31.396
36,12.07 04:00,31.648
36,12.07 05:00,44.157
36,12.07 06:00,61.343
36,12.07 07:00,67.97
36,12.07 08:00,80.211
36,12.07 09:00,76.411
36,12.07 10:00,67.181
36,12.07 11:00,75.925
36,12.07 12:00,63.836
36,12.07 13:00,79.025
36,12.07 14:00,84.779
36,12.07 15:00,70.858
36,12.07 16:00,68.213
36,12.07 17:00,64.289
36,12.07 18:00,63.251
36,12.07 19:00,63.086
36,12.07 20:00,63.86
36,12.07 21:00,69.716
36,12.07 22:00,42.374
36,12.07 23:00,28.87
36,13.07 00:00,30.779
36,13.07 01:00,32.561
36,13.07 02:00,31.964
36,13.07 03:00,32.662
36,13.07 04:00,32.628
36,13.07 05:00,44.784
36,13.07 06:00,58.446
36,13.07 07:00,62.608
36,13.07 08:00,62.316
36,13.07 09:00,62.445
36,13.07 10:00,63.668
36,13.07 11:00,76.554
36,13.07 12:00,74.451
36,13.07 13:00,67.872
36,13.07 14:00,80.305
36,13.07 15:00,69.779
36,13.07 16:00,75.383
36,13.07 17:00,69.058
36,13.07 18:00,63.522
36,13.07 19:00,64.638
36,13.07 20:00,63.148
36,13.07 21:00,79.112
36,13.07 22:00,47.283
36,13.07 23:00,30.505
36,14.07 00:00,32.941
36,14.07 01:00,31.476
36,14.07 02:00,31.035
36,14.07 03:00,32.059
36,14.07 04:00,31.278
36,14.07 05:00,45.164
36,14.07 06:00,58.444
36,14.07 07:00,61.718
36,14.07 08:00,63.963
36,14.07 09:00,70.903
36,14.07 10:00,72.717
36,14.07 11:00,67.482
36,14.07 12:00,64.505
36,14.07 13:00,64.092
36,14.07 14:00,63.149
36,14.07 15:00,63.496
36,14.07 16:00,62.144
36,14.07 17:00,63.458
36,14.07 18:00,62.659
36,14.07 19:00,63.129
36,14.07 20:00,64.128
36,14.07 21:00,75.913
36,14.07 22:00,40.764
36,14.07 23:00,32.461
36,15.07 00:00,30.876
36,15.07 01:00,31.178
36,15.07 02:00,31.047
36,15.07 03:00,32.393
36,15.07 04:00,29.501
36,15.07 05:00,44.331
36,15.07 06:00,58.066
36,15.07 07:00,68.543
36,15.07 08:00,73.328
36,15.07 09:00,73.692
36,15.07 10:00,64.515
36,15.07 11:00,62.36
36,15.07 12:00,64.02
36,15.07 13:00,68.292
36,15.07 14:00,86.009
36,15.07 15:00,85.383
36,15.07 16:00,77.744
36,15.07 17:00,66.144
36,15.07 18:00,82.078
36,15.07 19:00,64.621
36,15.07 20:00,75.398
36,15.07 21:00,67.931
36,15.07 22:00,41.068
36,15.07 23:00,32.246
36,16.07 00:00,31.659
36,16.07 01:00,31.586
36,16.07 02:00,32.343
36,16.07 03:00,31.326
36,16.07 04:00,31.43
36,16.07 05:00,31.141
36,16.07 06:00,32.094
36,16.07 07:00,40.86
36,16.07 08:00,46.511
36,16.07 09:00,46.049
36,16.07 10:00,47.116
36,16.07 11:00,47.081
36,16.07 12:00,47.67
36,16.07 13:00,46.013
36,16.07 14:00,46.043
36,16.07 15:00,44.066
36,16.07 16:00,44.691
36,16.07 17:00,43.272
36,16.07 18:00,44.122
36,16.07 19:00,44.244
36,16.07 20:00,43.175
36,16.07 21:00,44.905
36,16.07 22:00,35.057
36,16.07 23:00,30.884
36,17.07 00:00,32.377
36,17.07 01:00,31.632
36,17.07 02:00,31.335
36,17.07 03:00,32.212
36,17.07 04:00,30.781
36,17.07 05:00,31.354
36,17.07 06:00,33.325
36,17.07 07:00,41.373
36,17.07 08:00,44.262
36,17.07 09:00,44.165
36,17.07 10:00,45.791
36,17.07 11:00,44.482
36,17.07 12:00,43.941
36,17.07 13:00,45.028
36,17.07 14:00,48.477
36,17.07 15:00,45.801
36,17.07 16:00,44.627
36,17.07 17:00,46.818
36,17.07 18:00,44.328
36,17.07 19:00,44.069
36,17.07 20:00,45.437
36,17.07 21:00,43.188
36,17.07 22:00,34.635
36,17.07 23:00,35.65
36,18.07 00:00,37.307
36,18.07 01:00,36.151
36,18.07 02:00,37.373
36,18.07 03:00,35.293
36,18.07 04:00,35.572
36,18.07 05:00,45.049
36,18.07 06:00,58.674
36,18.07 07:00,70.946
36,18.07 08:00,79.132
36,18.07 09:00,80.742
36,18.07 10:00,81.014
36,18.07 11:00,77.994
36,18.07 12:00,80.842
36,18.07 13:00,92.68
36,18.07 14:00,102.98
36,18.07 15:00,103.189
36,18.07 16:00,90.678
36,18.07 17:00,79.785
36,18.07 18:00,70.768
36,18.07 19:00,72.643
36,18.07 20:00,72.356
36,18.07 21:00,79.847
36,18.07 22:00,48.975
36,18.07 23:00,32.967
36,19.07 00:00,33.926
36,19.07 01:00,34.317
36,19.07 02:00,34.408
36,19.07 03:00,34.9
36,19.07 04:00,34.377
36,19.07 05:00,48.142
36,19.07 06:00,61.503
36,19.07 07:00,68.566
36,19.07 08:00,67.48
36,19.07 09:00,72.739
36,19.07 10:00,105.054
36,19.07 11:00,83.286
36,19.07 12:00,77.078
36,19.07 13:00,87.073
36,19.07 14:00,83.427
36,19.07 15:00,83.154
36,19.07 16:00,79.103
36,19.07 17:00,75.492
36,19.07 18:00,75.723
36,19.07 19:00,74.446
36,19.07 20:00,86.479
36,19.07 21:00,90.204
36,19.07 22:00,47.841
36,19.07 23:00,34.687
36,20.07 00:00,34.456
36,20.07 01:00,34.958
36,20.07 02:00,34.343
36,20.07 03:00,36.396
36,20.07 04:00,34.933
36,20.07 05:00,50.104
36,20.07 06:00,64.017
36,20.07 07:00,66.445
36,20.07 08:00,66.137
36,20.07 09:00,65.284
36,20.07 10:00,76.477
36,20.07 11:00,77.434
36,20.07 12:00,91.368
36,20.07 13:00,103.086
36,20.07 14:00,97.377
36,20.07 15:00,79.362
36,20.07 16:00,74.128
36,20.07 17:00,76.679
36,20.07 18:00,73.24
36,20.07 19:00,67.208
36,20.07 20:00,66.706
36,20.07 21:00,77.211
36,20.07 22:00,45.274
36,20.07 23:00,33.281
36,21.07 00:00,31.891
36,21.07 01:00,34.192
36,21.07 02:00,34.434
36,21.07 03:00,33.656
36,21.07 04:00,34.268
36,21.07 05:00,37.625
36,21.07 06:00,45.669
36,21.07 07:00,49.798
36,21.07 08:00,60.033
36,21.07 09:00,60.456
36,21.07 10:00,67.673
36,21.07 11:00,74.13
36,21.07 12:00,76.028
36,21.07 13:00,75.367
36,21.07 14:00,74.831
36,21.07 15:00,73.584
36,21.07 16:00,74.433
36,21.07 17:00,69.152
36,21.07 18:00,65.556
36,21.07 19:00,64.547
36,21.07 20:00,71.088
36,21.07 21:00,87.604
36,21.07 22:00,47.353
36,21.07 23:00,35.019
36,22.07 00:00,33.827
36,22.07 01:00,34.692
36,22.07 02:00,33.517
36,22.07 03:00,35.9
36,22.07 04:00,34.555
36,22.07 05:00,47.035
36,22.07 06:00,61.561
36,22.07 07:00,64.054
36,22.07 08:00,73.354
36,22.07 09:00,87.987
36,22.07 10:00,84.212
36,22.07 11:00,85.239
36,22.07 12:00,85.6
36,22.07 13:00,86.367
36,22.07 14:00,85.978
36,22.07 15:00,85.734
36,22.07 16:00,87.238
36,22.07 17:00,85.969
36,22.07 18:00,92.11
36,22.07 19:00,86.631
36,22.07 20:00,82.486
36,22.07 21:00,70.315
36,22.07 22:00,43.585
36,22.07 23:00,33.585
36,23.07 00:00,34.611
36,23.07 01:00,33.348
36,23.07 02:00,34.391
36,23.07 03:00,33.779
36,23.07 04:00,35.064
36,23.07 05:00,33.627
36,23.07 06:00,33.99
36,23.07 07:00,46.593
36,23.07 08:00,47.052
36,23.07 09:00,49.383
36,23.07 10:00,50.896
36,23.07 11:00,48.401
36,23.07 12:00,50.456
36,23.07 13:00,47.668
36,23.07 14:00,46.279
36,23.07 15:00,49.01
36,23.07 16:00,47.676
36,23.07 17:00,47.403
36,23.07 18:00,47.527
36,23.07 19:00,47.845
36,23.07 20:00,47.935
36,23.07 21:00,49.543
36,23.07 22:00,39.886
36,23.07 23:00,35.385
36,24.07 00:00,35.521
36,24.07 01:00,34.768
36,24.07 02:00,38.307
36,24.07 03:00,39.547
36,24.07 04:00,38.858
36,24.07 05:00,38.653
36,24.07 06:00,34.961
36,24.07 07:00,45.062
36,24.07 08:00,49.949
36,24.07 09:00,49.705
36,24.07 10:00,49.854
36,24.07 11:00,47.786
36,24.07 12:00,48.402
36,24.07 13:00,47.904
36,24.07 14:00,46.424
36,24.07 15:00,48.155
36,24.07 16:00,47.507
36,24.07 17:00,49.187
36,24.07 18:00,49.4
36,24.07 19:00,47.863
36,24.07 20:00,47.84
36,24.07 21:00,48.527
36,24.07 22:00,38.476
36,24.07 23:00,39.99
36,25.07 00:00,38.929
36,25.07 01:00,38.949
36,25.07 02:00,38.588
36,25.07 03:00,39.11
36,25.07 04:00,38.661
36,25.07 05:00,48.169
36,25.07 06:00,66.106
36,25.07 07:00,79.455
36,25.07 08:00,82.783
36,25.07 09:00,84.028
36,25.07 10:00,89.68
36,25.07 11:00,96.553
36,25.07 12:00,100.513
36,25.07 13:00,108.823
36,25.07 14:00,103.783
36,25.07 15:00,106.748
36,25.07 16:00,102.32
36,25.07 17:00,85.975
36,25.07 18:00,85.731
36,25.07 19:00,85.226
36,25.07 20:00,80.426
36,25.07 21:00,75.439
36,25.07 22:00,48.377
36,25.07 23:00,33.961
36,26.07 00:00,34.04
36,26.07 01:00,34.492
36,26.07 02:00,33.74
36,26.07 03:00,36.055
36,26.07 04:00,34.163
36,26.07 05:00,49.688
36,26.07 06:00,61.85
36,26.07 07:00,65.204
36,26.07 08:00,66.379
36,26.07 09:00,66.576
36,26.07 10:00,69.78
36,26.07 11:00,66.789
36,26.07 12:00,67.614
36,26.07 13:00,89.435
36,26.07 14:00,91.314
36,26.07 15:00,89.396
36,26.07 16:00,87.84
36,26.07 17:00,86.266
36,26.07 18:00,85.234
36,26.07 19:00,86.635
36,26.07 20:00,86.248
36,26.07 21:00,105.951
36,26.07 22:00,47.987
36,26.07 23:00,34.951
36,27.07 00:00,34.104
36,27.07 01:00,35.174
36,27.07 02:00,35.402
36,27.07 03:00,35.071
36,27.07 04:00,33.967
36,27.07 05:00,47.728
36,27.07 06:00,64.198
36,27.07 07:00,67.734
36,27.07 08:00,68.166
36,27.07 09:00,76.789
36,27.07 10:00,79.191
36,27.07 11:00,84.61
36,27.07 12:00,105.983
36,27.07 13:00,113.717
36,27.07 14:00,113.687
36,27.07 15:00,109.307
36,27.07 16:00,110.629
36,27.07 17:00,108.622
36,27.07 18:00,88.284
36,27.07 19:00,85.935
36,27.07 20:00,82.717
36,27.07 21:00,90.457
36,27.07 22:00,49.253
36,27.07 23:00,34.478
36,28.07 00:00,33.748
36,28.07 01:00,34.537
36,28.07 02:00,35.063
36,28.07 03:00,34.47
36,28.07 04:00,35.047
36,28.07 05:00,48.892
36,28.07 06:00,63.099
36,28.07 07:00,79.529
36,28.07 08:00,83.972
36,28.07 09:00,98.701
36,28.07 10:00,90.505
36,28.07 11:00,91.524
36,28.07 12:00,95.029
36,28.07 13:00,88.007
36,28.07 14:00,89.056
36,28.07 15:00,88.995
36,28.07 16:00,78.443
36,28.07 17:00,84.005
36,28.07 18:00,81.583
36,28.07 19:00,81.062
36,28.07 20:00,83.988
36,28.07 21:00,102.708
36,28.07 22:00,49.926
36,28.07 23:00,34.073
36,29.07 00:00,33.94
36,29.07 01:00,33.943
36,29.07 02:00,35.662
36,29.07 03:00,34.409
36,29.07 04:00,34.803
36,29.07 05:00,47.693
36,29.07 06:00,64.47
36,29.07 07:00,68.64
36,29.07 08:00,70.146
36,29.07 09:00,68.861
36,29.07 10:00,70.978
36,29.07 11:00,70.038
36,29.07 12:00,71.848
36,29.07 13:00,72.231
36,29.07 14:00,71.231
36,29.07 15:00,72.908
36,29.07 16:00,71.329
36,29.07 17:00,71.478
36,29.07 18:00,84.729
36,29.07 19:00,101.056
36,29.07 20:00,83.969
36,29.07 21:00,81.777
36,29.07 22:00,47.98
36,29.07 23:00,34.605
36,30.07 00:00,34.313
36,30.07 01:00,34.873
36,30.07 02:00,33.951
36,30.07 03:00,35.054
36,30.07 04:00,34.581
36,30.07 05:00,35.07
36,30.07 06:00,35.61
36,30.07 07:00,44.431
36,30.07 08:00,48.455
36,30.07 09:00,49.342
36,30.07 10:00,50.2
36,30.07 11:00,52.145
36,30.07 12:00,50.521
36,30.07 13:00,50.114
36,30.07 14:00,50.193
36,30.07 15:00,50.812
36,30.07 16:00,50.662
36,30.07 17:00,49.125
36,30.07 18:00,49.67
36,30.07 19:00,49.784
36,30.07 20:00,52.059
36,30.07 21:00,51.731
36,30.07 22:00,40.075
36,30.07 23:00,34.102
36,31.07 00:00,34.146
36,31.07 01:00,34.751
36,31.07 02:00,34.802
36,31.07 03:00,36.333
36,31.07 04:00,35.475
36,31.07 05:00,34.713
36,31.07 06:00,34.232
36,31.07 07:00,47.007
36,31.07 08:00,50.137
36,31.07 09:00,51.339
36,31.07 10:00,49.431
36,31.07 11:00,50.296
36,31.07 12:00,50.096
36,31.07 13:00,49.807
36,31.07 14:00,51.809
36,31.07 15:00,49.877
36,31.07 16:00,50.203
36,31.07 17:00,50.364
36,31.07 18:00,49.529
36,31.07 19:00,50.046
36,31.07 20:00,52.368
36,31.07 21:00,49.796
36,31.07 22:00,38.599
36,31.07 23:00,34.586
36,01.08 00:00,35.204
36,01.08 01:00,33.681
36,01.08 02:00,34.63
36,01.08 03:00,34.966
36,01.08 04:00,34.737
36,01.08 05:00,48.295
36,01.08 06:00,66.815
36,01.08 07:00,78.768
36,01.08 08:00,76.103
36,01.08 09:00,74.546
36,01.08 10:00,75.625
36,01.08 11:00,67.173
36,01.08 12:00,71.055
36,01.08 13:00,75.263
36,01.08 14:00,94.775
36,01.08 15:00,102.425
36,01.08 16:00,98.915
36,01.08 17:00,87.575
36,01.08 18:00,87.174
36,01.08 19:00,82.732
36,01.08 20:00,81.582
36,01.08 21:00,84.74
36,01.08 22:00,53.718
36,01.08 23:00,35.009
36,02.08 00:00,33.691
36,02.08 01:00,34.512
36,02.08 02:00,33.9
36,02.08 03:00,35.187
36,02.08 04:00,34.381
36,02.08 05:00,48.149
36,02.08 06:00,63.318
36,02.08 07:00,73.551
36,02.08 08:00,88.277
36,02.08 09:00,85.153
36,02.08 10:00,76.918
36,02.08 11:00,77.021
36,02.08 12:00,78.292
36,02.08 13:00,91.699
36,02.08 14:00,94.22
36,02.08 15:00,90.167
36,02.08 16:00,88.804
36,02.08 17:00,75.502
36,02.08 18:00,71.353
36,02.08 19:00,70.634
36,02.08 20:00,80.806
36,02.08 21:00,98.026
36,02.08 22:00,50.306
36,02.08 23:00,35.836
36,03.08 00:00,35.223
36,03.08 01:00,35.711
36,03.08 02:00,35.091
36,03.08 03:00,35.604
36,03.08 04:00,34.193
36,03.08 05:00,48.798
36,03.08 06:00,61.961
36,03.08 07:00,67.254
36,03.08 08:00,66.658
36,03.08 09:00,66.739
36,03.08 10:00,71.512
36,03.08 11:00,90.494
36,03.08 12:00,95.016
36,03.08 13:00,89.014
36,03.08 14:00,86.604
36,03.08 15:00,92.358
36,03.08 16:00,73.47
36,03.08 17:00,71.748
36,03.08 18:00,71.601
36,03.08 19:00,66.349
36,03.08 20:00,65.532
36,03.08 21:00,65.64
36,03.08 22:00,47.785
36,03.08 23:00,34.031
36,04.08 00:00,33.965
36,04.08 01:00,34.458
36,04.08 02:00,35.734
36,04.08 03:00,34.974
36,04.08 04:00,34.153
36,04.08 05:00,47.942
36,04.08 06:00,63.323
36,04.08 07:00,66.545
36,04.08 08:00,65.935
36,04.08 09:00,67.796
36,04.08 10:00,73.31
36,04.08 11:00,89.35
36,04.08 12:00,89.649
36,04.08 13:00,89.125
36,04.08 14:00,90.486
36,04.08 15:00,89.975
36,04.08 16:00,87.712
36,04.08 17:00,89.694
36,04.08 18:00,88.416
36,04.08 19:00,88.369
36,04.08 20:00,88.341
36,04.08 21:00,93.927
36,04.08 22:00,47.632
36,04.08 23:00,37.22
36,05.08 00:00,35.878
36,05.08 01:00,34.682
36,05.08 02:00,35.801
36,05.08 03:00,36.206
36,05.08 04:00,35.339
36,05.08 05:00,49.363
36,05.08 06:00,62.436
36,05.08 07:00,68.619
36,05.08 08:00,68.744
36,05.08 09:00,67.673
36,05.08 10:00,66.941
36,05.08 11:00,67.987
36,05.08 12:00,68.04
36,05.08 13:00,67.672
36,05.08 14:00,70.823
36,05.08 15:00,82.585
36,05.08 16:00,81.908
36,05.08 17:00,82.471
36,05.08 18:00,82.908
36,05.08 19:00,82.368
36,05.08 20:00,75.073
36,05.08 21:00,79.871
36,05.08 22:00,48.434
36,05.08 23:00,34.177
36,06.08 00:00,34.652
36,06.08 01:00,33.362
36,06.08 02:00,35.707
36,06.08 03:00,34.195
36,06.08 04:00,34.552
36,06.08 05:00,33.244
36,06.08 06:00,36.368
36,06.08 07:00,43.892
36,06.08 08:00,44.837
36,06.08 09:00,45.725
36,06.08 10:00,43.014
36,06.08 11:00,45.961
36,06.08 12:00,48.621
36,06.08 13:00,47.887
36,06.08 14:00,49.164
36,06.08 15:00,50.484
36,06.08 16:00,45.688
36,06.08 17:00,50.135
36,06.08 18:00,50.138
36,06.08 19:00,50.918
36,06.08 20:00,43.659
36,06.08 21:00,47.764
36,06.08 22:00,36.865
36,06.08 23:00,35.869
36,07.08 00:00,33.799
36,07.08 01:00,35.409
36,07.08 02:00,33.838
36,07.08 03:00,34.022
36,07.08 04:00,34.698
36,07.08 05:00,33.797
36,07.08 06:00,36.277
36,07.08 07:00,47.289
36,07.08 08:00,50.559
36,07.08 09:00,51.027
36,07.08 10:00,49.398
36,07.08 11:00,47.283
36,07.08 12:00,47.247
36,07.08 13:00,47.928
36,07.08 14:00,50.995
36,07.08 15:00,48.597
36,07.08 16:00,49.165
36,07.08 17:00,49.983
36,07.08 18:00,51.147
36,07.08 19:00,49.683
36,07.08 20:00,53.422
36,07.08 21:00,49.311
36,07.08 22:00,38.608
36,07.08 23:00,33.85
36,08.08 00:00,34.336
36,08.08 01:00,36.289
36,08.08 02:00,26.476
36,08.08 03:00,34.035
36,08.08 04:00,26.186
36,08.08 05:00,26.091
36,08.08 06:00,26.122
36,08.08 07:00,26.191
36,08.08 08:00,26.223
36,08.08 09:00,26.231
36,08.08 10:00,26.103
36,08.08 11:00,26.002
36,08.08 12:00,26.047
36,08.08 13:00,26.241
36,08.08 14:00,26.004
36,08.08 15:00,26.056
36,08.08 16:00,26.004
36,08.08 17:00,26.211
36,08.08 18:00,26.123
36,08.08 19:00,26.105
36,08.08 20:00,26.205
36,08.08 21:00,26.015
36,08.08 22:00,26.155
36,08.08 23:00,26.158
36,09.08 00:00,26.248
36,09.08 01:00,26.01
36,09.08 02:00,26.195
36,09.08 03:00,26.246
36,09.08 04:00,26.257
36,09.08 05:00,26.182
36,09.08 06:00,26.152
36,09.08 07:00,26.155
36,09.08 08:00,26.087
36,09.08 09:00,26.0
36,09.08 10:00,26.015
36,09.08 11:00,26.055
36,09.08 12:00,26.213
36,09.08 13:00,26.113
36,09.08 14:00,0.0
36,09.08 15:00,0.0
36,09.08 16:00,0.0
36,09.08 17:00,0.0
36,09.08 18:00,0.0
36,09.08 19:00,0.0
36,09.08 20:00,0.0
36,09.08 21:00,0.0
36,09.08 22:00,0.0
36,09.08 23:00,0.0
36,10.08 00:00,0.0
36,10.08 01:00,0.0
36,10.08 02:00,0.0
36,10.08 03:00,0.0
36,10.08 04:00,0.0
36,10.08 05:00,0.0
36,10.08 06:00,0.0
36,10.08 07:00,0.0
36,10.08 08:00,0.0
36,10.08 09:00,0.0
36,10.08 10:00,0.0
36,10.08 11:00,0.0
36,10.08 12:00,0.0
36,10.08 13:00,0.0
36,10.08 14:00,0.0
36,10.08 15:00,0.0
36,10.08 16:00,0.0
36,10.08 17:00,0.0
36,10.08 18:00,0.0
36,10.08 19:00,0.0
36,10.08 20:00,0.0
36,10.08 21:00,0.0
36,10.08 22:00,0.0
36,10.08 23:00,0.0
36,11.08 00:00,0.0
36,11.08 01:00,0.0
36,11.08 02:00,0.0
36,11.08 03:00,0.0
36,11.08 04:00,0.0
36,11.08 05:00,0.0
36,11.08 06:00,0.0
36,11.08 07:00,0.0
36,11.08 08:00,0.0
36,11.08 09:00,0.0
36,11.08 10:00,0.0
36,11.08 11:00,0.0
36,11.08 12:00,0.0
36,11.08 13:00,0.0
36,11.08 14:00,0.0
36,11.08 15:00,0.0
36,11.08 16:00,0.0
36,11.08 17:00,0.0
36,11.08 18:00,0.0
36,11.08 19:00,0.0
36,11.08 20:00,0.0
36,11.08 21:00,0.0
36,11.08 22:00,0.0
36,11.08 23:00,0.0
36,12.08 00:00,0.0
36,12.08 01:00,0.0
36,12.08 02:00,0.0
36,12.08 03:00,0.0
36,12.08 04:00,0.0
36,12.08 05:00,0.0
36,12.08 06:00,0.0
36,12.08 07:00,0.0
36,12.08 08:00,0.0
36,12.08 09:00,0.0
36,12.08 10:00,0.0
36,12.08 11:00,0.0
36,12.08 12:00,0.0
36,12.08 13:00,0.0
36,12.08 14:00,0.0
36,12.08 15:00,0.0
36,12.08 16:00,0.0
36,12.08 17:00,0.0
36,12.08 18:00,0.0
36,12.08 19:00,0.0
36,12.08 20:00,0.0
36,12.08 21:00,0.0
36,12.08 22:00,0.0
36,12.08 23:00,0.0
36,13.08 00:00,0.0
36,13.08 01:00,0.0
36,13.08 02:00,0.0
36,13.08 03:00,0.0
36,13.08 04:00,0.0
36,13.08 05:00,0.0
36,13.08 06:00,0.0
36,13.08 07:00,0.0
36,13.08 08:00,0.0
36,13.08 09:00,0.0
36,13.08 10:00,0.0
36,13.08 11:00,0.0
36,13.08 12:00,0.0
36,13.08 13:00,0.0
36,13.08 14:00,0.0
36,13.08 15:00,0.0
36,13.08 16:00,0.0
36,13.08 17:00,0.0
36,13.08 18:00,0.0
36,13.08 19:00,0.0
36,13.08 20:00,0.0
36,13.08 21:00,0.0
36,13.08 22:00,0.0
36,13.08 23:00,0.0
36,14.08 00:00,0.0
36,14.08 01:00,0.0
36,14.08 02:00,0.0
36,14.08 03:00,0.0
36,14.08 04:00,0.0
36,14.08 05:00,0.0
36,14.08 06:00,0.0
36,14.08 07:00,0.0
36,14.08 08:00,0.0
36,14.08 09:00,0.0
36,14.08 10:00,0.0
36,14.08 11:00,0.0
36,14.08 12:00,0.0
36,14.08 13:00,0.0
36,14.08 14:00,0.0
36,14.08 15:00,0.0
36,14.08 16:00,0.0
36,14.08 17:00,0.0
36,14.08 18:00,0.0
36,14.08 19:00,0.0
36,14.08 20:00,0.0
36,14.08 21:00,0.0
36,14.08 22:00,0.0
36,14.08 23:00,0.0
36,15.08 00:00,0.0
36,15.08 01:00,0.0
36,15.08 02:00,0.0
36,15.08 03:00,0.0
36,15.08 04:00,0.0
36,15.08 05:00,0.0
36,15.08 06:00,0.0
36,15.08 07:00,0.0
36,15.08 08:00,0.0
36,15.08 09:00,0.0
36,15.08 10:00,0.0
36,15.08 11:00,0.0
36,15.08 12:00,0.0
36,15.08 13:00,0.0
36,15.08 14:00,0.0
36,15.08 15:00,0.0
36,15.08 16:00,0.0
36,15.08 17:00,0.0
36,15.08 18:00,0.0
36,15.08 19:00,0.0
36,15.08 20:00,0.0
36,15.08 21:00,0.0
36,15.08 22:00,0.0
36,15.08 23:00,0.0
36,16.08 00:00,0.0
36,16.08 01:00,0.0
36,16.08 02:00,0.0
36,16.08 03:00,0.0
36,16.08 04:00,0.0
36,16.08 05:00,0.0
36,16.08 06:00,0.0
36,16.08 07:00,0.0
36,16.08 08:00,0.0
36,16.08 09:00,0.0
36,16.08 10:00,77.506
36,16.08 11:00,91.612
36,16.08 12:00,98.804
36,16.08 13:00,105.331
36,16.08 14:00,116.69
36,16.08 15:00,104.826
36,16.08 16:00,104.099
36,16.08 17:00,79.149
36,16.08 18:00,76.092
36,16.08 19:00,76.219
36,16.08 20:00,76.946
36,16.08 21:00,87.61
36,16.08 22:00,50.458
36,16.08 23:00,34.209
36,17.08 00:00,33.742
36,17.08 01:00,35.802
36,17.08 02:00,32.91
36,17.08 03:00,35.303
36,17.08 04:00,34.027
36,17.08 05:00,43.631
36,17.08 06:00,62.267
36,17.08 07:00,69.352
36,17.08 08:00,80.956
36,17.08 09:00,106.709
36,17.08 10:00,112.558
36,17.08 11:00,94.987
36,17.08 12:00,98.262
36,17.08 13:00,110.94
36,17.08 14:00,109.86
36,17.08 15:00,108.531
36,17.08 16:00,90.944
36,17.08 17:00,81.25
36,17.08 18:00,81.442
36,17.08 19:00,81.249
36,17.08 20:00,80.727
36,17.08 21:00,94.375
36,17.08 22:00,52.016
36,17.08 23:00,34.639
36,18.08 00:00,35.04
36,18.08 01:00,34.64
36,18.08 02:00,33.632
36,18.08 03:00,35.805
36,18.08 04:00,34.101
36,18.08 05:00,42.952
36,18.08 06:00,57.951
36,18.08 07:00,62.175
36,18.08 08:00,61.326
36,18.08 09:00,61.096
36,18.08 10:00,61.941
36,18.08 11:00,67.243
36,18.08 12:00,68.029
36,18.08 13:00,89.075
36,18.08 14:00,79.983
36,18.08 15:00,83.803
36,18.08 16:00,89.977
36,18.08 17:00,77.813
36,18.08 18:00,76.664
36,18.08 19:00,75.266
36,18.08 20:00,77.301
36,18.08 21:00,82.828
36,18.08 22:00,50.489
36,18.08 23:00,34.415
36,19.08 00:00,33.951
36,19.08 01:00,33.96
36,19.08 02:00,34.835
36,19.08 03:00,33.56
36,19.08 04:00,34.571
36,19.08 05:00,42.402
36,19.08 06:00,56.073
36,19.08 07:00,61.99
36,19.08 08:00,60.986
36,19.08 09:00,59.968
36,19.08 10:00,60.826
36,19.08 11:00,61.635
36,19.08 12:00,60.82
36,19.08 13:00,62.007
36,19.08 14:00,61.078
36,19.08 15:00,61.341
36,19.08 16:00,62.554
36,19.08 17:00,61.104
36,19.08 18:00,61.29
36,19.08 19:00,61.308
36,19.08 20:00,62.101
36,19.08 21:00,72.705
36,19.08 22:00,42.879
36,19.08 23:00,34.006
36,20.08 00:00,35.034
36,20.08 01:00,34.47
36,20.08 02:00,34.37
36,20.08 03:00,34.247
36,20.08 04:00,36.385
36,20.08 05:00,34.255
36,20.08 06:00,32.136
36,20.08 07:00,39.764
36,20.08 08:00,39.393
36,20.08 09:00,36.303
36,20.08 10:00,35.776
36,20.08 11:00,36.44
36,20.08 12:00,37.552
36,20.08 13:00,36.175
36,20.08 14:00,41.628
36,20.08 15:00,38.502
36,20.08 16:00,40.173
36,20.08 17:00,38.24
36,20.08 18:00,40.322
36,20.08 19:00,38.871
36,20.08 20:00,35.602
36,20.08 21:00,36.462
36,20.08 22:00,34.371
36,20.08 23:00,35.665
36,21.08 00:00,33.961
36,21.08 01:00,35.223
36,21.08 02:00,35.164
36,21.08 03:00,35.151
36,21.08 04:00,35.091
36,21.08 05:00,35.279
36,21.08 06:00,34.106
36,21.08 07:00,41.96
36,21.08 08:00,38.244
36,21.08 09:00,35.501
36,21.08 10:00,35.204
36,21.08 11:00,36.133
36,21.08 12:00,36.575
36,21.08 13:00,35.596
36,21.08 14:00,35.633
36,21.08 15:00,37.291
36,21.08 16:00,35.399
36,21.08 17:00,35.474
36,21.08 18:00,40.102
36,21.08 19:00,40.25
36,21.08 20:00,38.973
36,21.08 21:00,39.27
36,21.08 22:00,35.478
36,21.08 23:00,36.116
36,22.08 00:00,34.397
36,22.08 01:00,34.269
36,22.08 02:00,36.031
36,22.08 03:00,33.732
36,22.08 04:00,34.896
36,22.08 05:00,40.585
36,22.08 06:00,58.671
36,22.08 07:00,61.22
36,22.08 08:00,61.301
36,22.08 09:00,79.358
36,22.08 10:00,91.451
36,22.08 11:00,96.584
36,22.08 12:00,108.609
36,22.08 13:00,115.412
36,22.08 14:00,104.628
36,22.08 15:00,97.45
36,22.08 16:00,102.39
36,22.08 17:00,88.673
36,22.08 18:00,69.076
36,22.08 19:00,77.218
36,22.08 20:00,69.778
36,22.08 21:00,70.932
36,22.08 22:00,48.958
36,22.08 23:00,34.475
36,23.08 00:00,34.218
36,23.08 01:00,34.664
36,23.08 02:00,36.101
36,23.08 03:00,34.921
36,23.08 04:00,34.465
36,23.08 05:00,41.59
36,23.08 06:00,56.745
36,23.08 07:00,60.796
36,23.08 08:00,84.49
36,23.08 09:00,102.039
36,23.08 10:00,82.295
36,23.08 11:00,109.73
36,23.08 12:00,73.435
36,23.08 13:00,88.653
36,23.08 14:00,90.9
36,23.08 15:00,75.973
36,23.08 16:00,76.089
36,23.08 17:00,79.671
36,23.08 18:00,78.651
36,23.08 19:00,73.536
36,23.08 20:00,69.962
36,23.08 21:00,73.676
36,23.08 22:00,52.609
36,23.08 23:00,36.796
36,24.08 00:00,36.418
36,24.08 01:00,35.521
36,24.08 02:00,35.708
36,24.08 03:00,35.492
36,24.08 04:00,0.0
36,24.08 05:00,0.0
36,24.08 06:00,0.0
36,24.08 07:00,0.0
36,24.08 08:00,0.0
36,24.08 09:00,0.0
36,24.08 10:00,64.737
36,24.08 11:00,82.248
36,24.08 12:00,119.745
36,24.08 13:00,117.868
36,24.08 14:00,96.422
36,24.08 15:00,115.516
36,24.08 16:00,117.042
36,24.08 17:00,104.929
36,24.08 18:00,100.435
36,24.08 19:00,73.013
36,24.08 20:00,71.062
36,24.08 21:00,81.11
36,24.08 22:00,49.281
36,24.08 23:00,34.325
36,25.08 00:00,34.188
36,25.08 01:00,36.477
36,25.08 02:00,36.099
36,25.08 03:00,34.631
36,25.08 04:00,36.625
36,25.08 05:00,40.698
36,25.08 06:00,57.125
36,25.08 07:00,61.898
36,25.08 08:00,89.383
36,25.08 09:00,101.244
36,25.08 10:00,82.557
36,25.08 11:00,94.726
36,25.08 12:00,107.823
36,25.08 13:00,112.345
36,25.08 14:00,84.174
36,25.08 15:00,90.638
36,25.08 16:00,107.361
36,25.08 17:00,90.898
36,25.08 18:00,83.639
36,25.08 19:00,76.045
36,25.08 20:00,77.01
36,25.08 21:00,90.577
36,25.08 22:00,53.365
36,25.08 23:00,40.42
36,26.08 00:00,41.619
36,26.08 01:00,40.403
36,26.08 02:00,38.022
36,26.08 03:00,40.529
36,26.08 04:00,39.725
36,26.08 05:00,46.597
36,26.08 06:00,59.245
36,26.08 07:00,64.641
36,26.08 08:00,74.248
36,26.08 09:00,99.629
36,26.08 10:00,91.597
36,26.08 11:00,88.398
36,26.08 12:00,76.075
36,26.08 13:00,77.09
36,26.08 14:00,75.101
36,26.08 15:00,69.777
36,26.08 16:00,77.12
36,26.08 17:00,71.51
36,26.08 18:00,75.518
36,26.08 19:00,71.456
36,26.08 20:00,68.844
36,26.08 21:00,79.912
36,26.08 22:00,42.667
36,26.08 23:00,34.504
36,27.08 00:00,34.765
36,27.08 01:00,34.191
36,27.08 02:00,34.389
36,27.08 03:00,34.882
36,27.08 04:00,34.231
36,27.08 05:00,38.28
36,27.08 06:00,38.726
36,27.08 07:00,38.184
36,27.08 08:00,37.206
36,27.08 09:00,34.639
36,27.08 10:00,36.149
36,27.08 11:00,33.654
36,27.08 12:00,34.972
36,27.08 13:00,34.36
36,27.08 14:00,35.539
36,27.08 15:00,34.563
36,27.08 16:00,36.557
36,27.08 17:00,35.866
36,27.08 18:00,38.045
36,27.08 19:00,35.765
36,27.08 20:00,35.06
36,27.08 21:00,34.766
36,27.08 22:00,35.522
36,27.08 23:00,33.64
36,28.08 00:00,33.484
36,28.08 01:00,36.21
36,28.08 02:00,33.042
36,28.08 03:00,33.375
36,28.08 04:00,34.951
36,28.08 05:00,33.631
36,28.08 06:00,33.45
36,28.08 07:00,39.937
36,28.08 08:00,34.92
36,28.08 09:00,34.875
36,28.08 10:00,36.135
36,28.08 11:00,35.098
36,28.08 12:00,36.052
36,28.08 13:00,35.2
36,28.08 14:00,35.123
36,28.08 15:00,35.38
36,28.08 16:00,34.399
36,28.08 17:00,34.608
36,28.08 18:00,37.667
36,28.08 19:00,35.254
36,28.08 20:00,35.018
36,28.08 21:00,35.384
36,28.08 22:00,34.46
36,28.08 23:00,33.702
36,29.08 00:00,33.827
36,29.08 01:00,35.096
36,29.08 02:00,33.56
36,29.08 03:00,33.486
36,29.08 04:00,35.247
36,29.08 05:00,38.354
36,29.08 06:00,55.03
36,29.08 07:00,61.428
36,29.08 08:00,61.41
36,29.08 09:00,62.229
36,29.08 10:00,62.639
36,29.08 11:00,88.486
36,29.08 12:00,111.048
36,29.08 13:00,115.576
36,29.08 14:00,114.937
36,29.08 15:00,109.008
36,29.08 16:00,110.436
36,29.08 17:00,108.793
36,29.08 18:00,110.758
36,29.08 19:00,99.029
36,29.08 20:00,75.751
36,29.08 21:00,77.257
36,29.08 22:00,50.618
36,29.08 23:00,34.34
36,30.08 00:00,34.862
36,30.08 01:00,36.038
36,30.08 02:00,35.908
36,30.08 03:00,34.961
36,30.08 04:00,34.13
36,30.08 05:00,38.622
36,30.08 06:00,58.435
36,30.08 07:00,60.903
36,30.08 08:00,97.626
36,30.08 09:00,107.688
36,30.08 10:00,86.892
36,30.08 11:00,103.058
36,30.08 12:00,118.493
36,30.08 13:00,107.757
36,30.08 14:00,99.902
36,30.08 15:00,99.856
36,30.08 16:00,93.351
36,30.08 17:00,84.305
36,30.08 18:00,101.236
36,30.08 19:00,94.966
36,30.08 20:00,82.081
36,30.08 21:00,78.097
36,30.08 22:00,48.16
36,30.08 23:00,37.178
36,31.08 00:00,34.857
36,31.08 01:00,34.887
36,31.08 02:00,35.82
36,31.08 03:00,37.74
36,31.08 04:00,35.021
36,31.08 05:00,44.891
36,31.08 06:00,56.732
36,31.08 07:00,63.791
36,31.08 08:00,105.774
36,31.08 09:00,118.398
36,31.08 10:00,120.037
36,31.08 11:00,116.863
36,31.08 12:00,117.721
36,31.08 13:00,119.104
36,31.08 14:00,118.832
36,31.08 15:00,119.465
36,31.08 16:00,120.888
36,31.08 17:00,119.755
36,31.08 18:00,114.618
36,31.08 19:00,110.799
36,31.08 20:00,111.25
36,31.08 21:00,109.769
36,31.08 22:00,55.63
36,31.08 23:00,34.105
36,01.09 00:00,31.949
36,01.09 01:00,33.305
36,01.09 02:00,35.106
36,01.09 03:00,32.942
36,01.09 04:00,33.945
36,01.09 05:00,42.73
36,01.09 06:00,55.738
36,01.09 07:00,60.496
36,01.09 08:00,84.408
36,01.09 09:00,108.983
36,01.09 10:00,118.446
36,01.09 11:00,117.829
36,01.09 12:00,118.966
36,01.09 13:00,119.148
36,01.09 14:00,116.837
36,01.09 15:00,116.556
36,01.09 16:00,118.87
36,01.09 17:00,119.26
36,01.09 18:00,116.454
36,01.09 19:00,112.613
36,01.09 20:00,104.632
36,01.09 21:00,94.328
36,01.09 22:00,51.676
36,01.09 23:00,32.63
36,02.09 00:00,36.561
36,02.09 01:00,38.192
36,02.09 02:00,38.18
36,02.09 03:00,38.154
36,02.09 04:00,35.037
36,02.09 05:00,38.031
36,02.09 06:00,55.915
36,02.09 07:00,60.525
36,02.09 08:00,76.949
36,02.09 09:00,103.011
36,02.09 10:00,117.038
36,02.09 11:00,109.265
36,02.09 12:00,106.618
36,02.09 13:00,107.843
36,02.09 14:00,90.24
36,02.09 15:00,84.188
36,02.09 16:00,79.439
36,02.09 17:00,76.815
36,02.09 18:00,91.331
36,02.09 19:00,79.426
36,02.09 20:00,75.785
36,02.09 21:00,74.042
36,02.09 22:00,44.043
36,02.09 23:00,31.702
36,03.09 00:00,34.75
36,03.09 01:00,38.801
36,03.09 02:00,32.137
36,03.09 03:00,31.74
36,03.09 04:00,33.107
36,03.09 05:00,32.266
36,03.09 06:00,31.486
36,03.09 07:00,37.054
36,03.09 08:00,37.005
36,03.09 09:00,34.176
36,03.09 10:00,35.267
36,03.09 11:00,33.888
36,03.09 12:00,35.431
36,03.09 13:00,35.537
36,03.09 14:00,36.237
36,03.09 15:00,36.31
36,03.09 16:00,35.199
36,03.09 17:00,38.649
36,03.09 18:00,42.809
36,03.09 19:00,39.935
36,03.09 20:00,38.316
36,03.09 21:00,39.275
36,03.09 22:00,33.658
36,03.09 23:00,32.144
36,04.09 00:00,31.403
36,04.09 01:00,34.197
36,04.09 02:00,30.766
36,04.09 03:00,31.742
36,04.09 04:00,31.326
36,04.09 05:00,33.599
36,04.09 06:00,31.727
36,04.09 07:00,37.735
36,04.09 08:00,40.404
36,04.09 09:00,37.459
36,04.09 10:00,36.323
36,04.09 11:00,36.878
36,04.09 12:00,37.957
36,04.09 13:00,36.259
36,04.09 14:00,36.409
36,04.09 15:00,36.983
36,04.09 16:00,36.759
36,04.09 17:00,36.944
36,04.09 18:00,42.683
36,04.09 19:00,38.97
36,04.09 20:00,36.122
36,04.09 21:00,36.368
36,04.09 22:00,34.444
36,04.09 23:00,31.712
36,05.09 00:00,31.51
36,05.09 01:00,31.651
36,05.09 02:00,32.472
36,05.09 03:00,32.468
36,05.09 04:00,32.8
36,05.09 05:00,34.882
36,05.09 06:00,37.607
36,05.09 07:00,74.197
36,05.09 08:00,75.817
36,05.09 09:00,70.849
36,05.09 10:00,65.069
36,05.09 11:00,65.046
36,05.09 12:00,65.559
36,05.09 13:00,71.959
36,05.09 14:00,69.786
36,05.09 15:00,68.438
36,05.09 16:00,74.542
36,05.09 17:00,70.862
36,05.09 18:00,69.024
36,05.09 19:00,64.119
36,05.09 20:00,66.331
36,05.09 21:00,64.419
36,05.09 22:00,40.949
36,05.09 23:00,34.099
36,06.09 00:00,36.175
36,06.09 01:00,37.051
36,06.09 02:00,36.956
36,06.09 03:00,35.051
36,06.09 04:00,34.301
36,06.09 05:00,42.233
36,06.09 06:00,61.322
36,06.09 07:00,67.018
36,06.09 08:00,100.604
36,06.09 09:00,100.225
36,06.09 10:00,95.967
36,06.09 11:00,90.972
36,06.09 12:00,114.414
36,06.09 13:00,120.447
36,06.09 14:00,116.176
36,06.09 15:00,117.034
36,06.09 16:00,113.648
36,06.09 17:00,113.651
36,06.09 18:00,93.939
36,06.09 19:00,106.166
36,06.09 20:00,69.955
36,06.09 21:00,74.415
36,06.09 22:00,49.308
36,06.09 23:00,33.115
36,07.09 00:00,34.007
36,07.09 01:00,33.278
36,07.09 02:00,34.633
36,07.09 03:00,32.886
36,07.09 04:00,33.699
36,07.09 05:00,43.143
36,07.09 06:00,55.916
36,07.09 07:00,62.681
36,07.09 08:00,103.038
36,07.09 09:00,125.421
36,07.09 10:00,124.265
36,07.09 11:00,121.578
36,07.09 12:00,123.775
36,07.09 13:00,124.934
36,07.09 14:00,120.658
36,07.09 15:00,121.139
36,07.09 16:00,123.291
36,07.09 17:00,118.552
36,07.09 18:00,106.1
36,07.09 19:00,86.444
36,07.09 20:00,67.978
36,07.09 21:00,76.864
36,07.09 22:00,43.449
36,07.09 23:00,33.504
36,08.09 00:00,32.015
36,08.09 01:00,32.957
36,08.09 02:00,33.858
36,08.09 03:00,32.828
36,08.09 04:00,33.627
36,08.09 05:00,40.412
36,08.09 06:00,54.957
36,08.09 07:00,61.134
36,08.09 08:00,88.689
36,08.09 09:00,115.672
36,08.09 10:00,116.781
36,08.09 11:00,114.492
36,08.09 12:00,115.414
36,08.09 13:00,112.231
36,08.09 14:00,111.471
36,08.09 15:00,116.962
36,08.09 16:00,125.316
36,08.09 17:00,120.192
36,08.09 18:00,113.973
36,08.09 19:00,97.369
36,08.09 20:00,73.18
36,08.09 21:00,83.586
36,08.09 22:00,50.145
36,08.09 23:00,35.309
36,09.09 00:00,32.475
36,09.09 01:00,34.464
36,09.09 02:00,35.663
36,09.09 03:00,32.595
36,09.09 04:00,32.332
36,09.09 05:00,42.099
36,09.09 06:00,56.042
36,09.09 07:00,59.855
36,09.09 08:00,86.339
36,09.09 09:00,109.245
36,09.09 10:00,104.562
36,09.09 11:00,100.812
36,09.09 12:00,82.15
36,09.09 13:00,62.066
36,09.09 14:00,93.621
36,09.09 15:00,93.49
36,09.09 16:00,73.126
36,09.09 17:00,72.158
36,09.09 18:00,69.972
36,09.09 19:00,66.462
36,09.09 20:00,74.457
36,09.09 21:00,78.017
36,09.09 22:00,41.912
36,09.09 23:00,31.929
36,10.09 00:00,32.666
36,10.09 01:00,32.565
36,10.09 02:00,33.924
36,10.09 03:00,33.004
36,10.09 04:00,34.845
36,10.09 05:00,33.634
36,10.09 06:00,31.809
36,10.09 07:00,37.23
36,10.09 08:00,35.575
36,10.09 09:00,33.187
36,10.09 10:00,36.208
36,10.09 11:00,33.467
36,10.09 12:00,34.092
36,10.09 13:00,32.554
36,10.09 14:00,31.865
36,10.09 15:00,32.829
36,10.09 16:00,32.785
36,10.09 17:00,32.752
36,10.09 18:00,33.2
36,10.09 19:00,34.298
36,10.09 20:00,32.62
36,10.09 21:00,35.677
36,10.09 22:00,32.362
36,10.09 23:00,32.33
36,11.09 00:00,32.684
36,11.09 01:00,31.538
36,11.09 02:00,31.254
36,11.09 03:00,31.68
36,11.09 04:00,31.419
36,11.09 05:00,31.43
36,11.09 06:00,31.723
36,11.09 07:00,36.848
36,11.09 08:00,36.124
36,11.09 09:00,33.801
36,11.09 10:00,32.839
36,11.09 11:00,33.022
36,11.09 12:00,33.307
36,11.09 13:00,33.935
36,11.09 14:00,36.05
36,11.09 15:00,35.757
36,11.09 16:00,36.763
36,11.09 17:00,36.775
36,11.09 18:00,40.015
36,11.09 19:00,36.07
36,11.09 20:00,36.129
36,11.09 21:00,36.889
36,11.09 22:00,32.948
36,11.09 23:00,31.714
36,12.09 00:00,30.802
36,12.09 01:00,31.727
36,12.09 02:00,32.6
36,12.09 03:00,31.029
36,12.09 04:00,31.553
36,12.09 05:00,41.653
36,12.09 06:00,53.536
36,12.09 07:00,67.165
36,12.09 08:00,69.566
36,12.09 09:00,69.118
36,12.09 10:00,82.188
36,12.09 11:00,92.51
36,12.09 12:00,100.285
36,12.09 13:00,113.946
36,12.09 14:00,108.25
36,12.09 15:00,103.861
36,12.09 16:00,91.796
36,12.09 17:00,97.976
36,12.09 18:00,106.61
36,12.09 19:00,74.069
36,12.09 20:00,72.423
36,12.09 21:00,82.48
36,12.09 22:00,43.667
36,12.09 23:00,32.839
36,13.09 00:00,32.75
36,13.09 01:00,34.069
36,13.09 02:00,32.745
36,13.09 03:00,33.576
36,13.09 04:00,33.139
36,13.09 05:00,39.335
36,13.09 06:00,56.963
36,13.09 07:00,59.722
36,13.09 08:00,98.266
36,13.09 09:00,119.04
36,13.09 10:00,112.95
36,13.09 11:00,109.317
36,13.09 12:00,122.471
36,13.09 13:00,117.892
36,13.09 14:00,120.401
36,13.09 15:00,105.396
36,13.09 16:00,93.877
36,13.09 17:00,114.618
36,13.09 18:00,95.239
36,13.09 19:00,93.555
36,13.09 20:00,81.237
36,13.09 21:00,86.791
36,13.09 22:00,50.709
36,13.09 23:00,33.837
36,14.09 00:00,33.688
36,14.09 01:00,32.578
36,14.09 02:00,34.042
36,14.09 03:00,33.843
36,14.09 04:00,34.369
36,14.09 05:00,43.423
36,14.09 06:00,94.291
36,14.09 07:00,87.295
36,14.09 08:00,98.951
36,14.09 09:00,121.898
36,14.09 10:00,120.592
36,14.09 11:00,121.268
36,14.09 12:00,119.294
36,14.09 13:00,123.201
36,14.09 14:00,119.439
36,14.09 15:00,119.924
36,14.09 16:00,121.637
36,14.09 17:00,117.151
36,14.09 18:00,100.197
36,14.09 19:00,65.231
36,14.09 20:00,61.274
36,14.09 21:00,71.623
36,14.09 22:00,46.128
36,14.09 23:00,33.914
36,15.09 00:00,31.799
36,15.09 01:00,33.067
36,15.09 02:00,35.362
36,15.09 03:00,32.491
36,15.09 04:00,32.829
36,15.09 05:00,43.525
36,15.09 06:00,79.643
36,15.09 07:00,74.11
36,15.09 08:00,97.691
36,15.09 09:00,99.108
36,15.09 10:00,108.114
36,15.09 11:00,97.454
36,15.09 12:00,112.955
36,15.09 13:00,111.11
36,15.09 14:00,106.502
36,15.09 15:00,91.37
36,15.09 16:00,110.362
36,15.09 17:00,109.078
36,15.09 18:00,102.826
36,15.09 19:00,92.528
36,15.09 20:00,67.045
36,15.09 21:00,89.826
36,15.09 22:00,40.334
36,15.09 23:00,31.205
36,16.09 00:00,32.583
36,16.09 01:00,33.403
36,16.09 02:00,33.077
36,16.09 03:00,32.219
36,16.09 04:00,33.086
36,16.09 05:00,31.953
36,16.09 06:00,34.694
36,16.09 07:00,34.773
36,16.09 08:00,75.6
36,16.09 09:00,98.343
36,16.09 10:00,98.065
36,16.09 11:00,102.221
36,16.09 12:00,72.422
36,16.09 13:00,73.636
36,16.09 14:00,71.755
36,16.09 15:00,71.981
36,16.09 16:00,69.294
36,16.09 17:00,68.293
36,16.09 18:00,66.45
36,16.09 19:00,63.122
36,16.09 20:00,62.997
36,16.09 21:00,82.209
36,16.09 22:00,40.739
36,16.09 23:00,32.088
36,17.09 00:00,32.276
36,17.09 01:00,32.173
36,17.09 02:00,33.065
36,17.09 03:00,32.675
36,17.09 04:00,32.417
36,17.09 05:00,31.634
36,17.09 06:00,32.754
36,17.09 07:00,36.772
36,17.09 08:00,35.84
36,17.09 09:00,37.154
36,17.09 10:00,36.423
36,17.09 11:00,37.562
36,17.09 12:00,37.08
36,17.09 13:00,36.409
36,17.09 14:00,37.332
36,17.09 15:00,36.461
36,17.09 16:00,38.016
36,17.09 17:00,35.122
36,17.09 18:00,37.218
36,17.09 19:00,38.835
36,17.09 20:00,37.137
36,17.09 21:00,36.248
36,17.09 22:00,32.157
36,17.09 23:00,32.796
36,18.09 00:00,31.704
36,18.09 01:00,32.14
36,18.09 02:00,31.877
36,18.09 03:00,33.957
36,18.09 04:00,31.395
36,18.09 05:00,31.066
36,18.09 06:00,33.074
36,18.09 07:00,35.049
36,18.09 08:00,32.081
36,18.09 09:00,34.584
36,18.09 10:00,33.006
36,18.09 11:00,32.721
36,18.09 12:00,33.379
36,18.09 13:00,31.922
36,18.09 14:00,34.122
36,18.09 15:00,33.631
36,18.09 16:00,34.572
36,18.09 17:00,36.429
36,18.09 18:00,36.52
36,18.09 19:00,36.886
36,18.09 20:00,36.264
36,18.09 21:00,37.341
36,18.09 22:00,34.962
36,18.09 23:00,37.708
36,19.09 00:00,34.092
36,19.09 01:00,33.102
36,19.09 02:00,31.33
36,19.09 03:00,31.853
36,19.09 04:00,32.556
36,19.09 05:00,39.305
36,19.09 06:00,61.473
36,19.09 07:00,64.729
36,19.09 08:00,64.295
36,19.09 09:00,69.749
36,19.09 10:00,68.878
36,19.09 11:00,95.195
36,19.09 12:00,112.732
36,19.09 13:00,119.723
36,19.09 14:00,106.372
36,19.09 15:00,85.75
36,19.09 16:00,87.583
36,19.09 17:00,100.447
36,19.09 18:00,74.715
36,19.09 19:00,72.865
36,19.09 20:00,74.681
36,19.09 21:00,81.421
36,19.09 22:00,51.418
36,19.09 23:00,33.113
36,20.09 00:00,32.478
36,20.09 01:00,34.615
36,20.09 02:00,34.353
36,20.09 03:00,33.151
36,20.09 04:00,34.399
36,20.09 05:00,41.45
36,20.09 06:00,62.622
36,20.09 07:00,72.933
36,20.09 08:00,99.491
36,20.09 09:00,109.536
36,20.09 10:00,103.56
36,20.09 11:00,88.708
36,20.09 12:00,111.177
36,20.09 13:00,124.148
36,20.09 14:00,121.752
36,20.09 15:00,114.519
36,20.09 16:00,106.825
36,20.09 17:00,97.318
36,20.09 18:00,93.225
36,20.09 19:00,94.378
36,20.09 20:00,66.414
36,20.09 21:00,81.708
36,20.09 22:00,47.899
36,20.09 23:00,33.826
36,21.09 00:00,33.308
36,21.09 01:00,34.619
36,21.09 02:00,32.993
36,21.09 03:00,33.519
36,21.09 04:00,32.155
36,21.09 05:00,40.905
36,21.09 06:00,60.289
36,21.09 07:00,63.035
36,21.09 08:00,92.466
36,21.09 09:00,122.912
36,21.09 10:00,122.044
36,21.09 11:00,109.651
36,21.09 12:00,116.176
36,21.09 13:00,120.867
36,21.09 14:00,113.896
36,21.09 15:00,103.292
36,21.09 16:00,119.958
36,21.09 17:00,113.164
36,21.09 18:00,78.152
36,21.09 19:00,77.702
36,21.09 20:00,77.546
36,21.09 21:00,103.127
36,21.09 22:00,48.084
36,21.09 23:00,33.249
36,22.09 00:00,34.067
36,22.09 01:00,33.856
36,22.09 02:00,35.658
36,22.09 03:00,34.98
36,22.09 04:00,33.334
36,22.09 05:00,38.276
36,22.09 06:00,60.687
36,22.09 07:00,67.904
36,22.09 08:00,97.078
36,22.09 09:00,108.577
36,22.09 10:00,110.017
36,22.09 11:00,85.329
36,22.09 12:00,103.928
36,22.09 13:00,113.158
36,22.09 14:00,97.598
36,22.09 15:00,97.05
36,22.09 16:00,108.832
36,22.09 17:00,109.365
36,22.09 18:00,89.981
36,22.09 19:00,71.574
36,22.09 20:00,68.286
36,22.09 21:00,90.373
36,22.09 22:00,44.514
36,22.09 23:00,35.09
36,23.09 00:00,32.508
36,23.09 01:00,35.346
36,23.09 02:00,34.531
36,23.09 03:00,35.144
36,23.09 04:00,34.884
36,23.09 05:00,41.47
36,23.09 06:00,64.14
36,23.09 07:00,72.459
36,23.09 08:00,91.477
36,23.09 09:00,111.945
36,23.09 10:00,106.664
36,23.09 11:00,74.501
36,23.09 12:00,63.952
36,23.09 13:00,81.005
36,23.09 14:00,91.044
36,23.09 15:00,71.477
36,23.09 16:00,73.32
36,23.09 17:00,72.264
36,23.09 18:00,68.631
36,23.09 19:00,62.281
36,23.09 20:00,72.668
36,23.09 21:00,72.566
36,23.09 22:00,41.358
36,23.09 23:00,33.777
36,24.09 00:00,33.076
36,24.09 01:00,34.071
36,24.09 02:00,34.217
36,24.09 03:00,33.816
36,24.09 04:00,34.003
36,24.09 05:00,32.752
36,24.09 06:00,33.853
36,24.09 07:00,38.034
36,24.09 08:00,37.67
36,24.09 09:00,36.625
36,24.09 10:00,34.078
36,24.09 11:00,37.569
36,24.09 12:00,39.074
36,24.09 13:00,36.862
36,24.09 14:00,36.39
36,24.09 15:00,37.524
36,24.09 16:00,37.617
36,24.09 17:00,39.014
36,24.09 18:00,37.566
36,24.09 19:00,37.69
36,24.09 20:00,38.991
36,24.09 21:00,37.222
36,24.09 22:00,34.869
36,24.09 23:00,33.076
36,25.09 00:00,34.119
36,25.09 01:00,32.879
36,25.09 02:00,33.482
36,25.09 03:00,33.846
36,25.09 04:00,32.663
36,25.09 05:00,33.397
36,25.09 06:00,32.353
36,25.09 07:00,36.034
36,25.09 08:00,35.189
36,25.09 09:00,38.065
36,25.09 10:00,38.578
36,25.09 11:00,38.404
36,25.09 12:00,37.237
36,25.09 13:00,37.457
36,25.09 14:00,28.124
36,25.09 15:00,38.982
36,25.09 16:00,37.831
36,25.09 17:00,37.91
36,25.09 18:00,38.158
36,25.09 19:00,38.059
36,25.09 20:00,36.722
36,25.09 21:00,39.168
36,25.09 22:00,33.507
36,25.09 23:00,34.411
36,26.09 00:00,32.834
36,26.09 01:00,33.263
36,26.09 02:00,33.629
36,26.09 03:00,32.974
36,26.09 04:00,33.286
36,26.09 05:00,41.667
36,26.09 06:00,60.33
36,26.09 07:00,63.341
36,26.09 08:00,63.742
36,26.09 09:00,68.072
36,26.09 10:00,64.717
36,26.09 11:00,69.615
36,26.09 12:00,89.192
36,26.09 13:00,102.798
36,26.09 14:00,111.789
36,26.09 15:00,88.175
36,26.09 16:00,92.672
36,26.09 17:00,89.803
36,26.09 18:00,81.671
36,26.09 19:00,64.074
36,26.09 20:00,69.135
36,26.09 21:00,75.746
36,26.09 22:00,47.7
36,26.09 23:00,34.996
36,27.09 00:00,31.427
36,27.09 01:00,32.229
36,27.09 02:00,34.848
36,27.09 03:00,33.003
36,27.09 04:00,33.561
36,27.09 05:00,39.364
36,27.09 06:00,56.472
36,27.09 07:00,68.546
36,27.09 08:00,97.558
36,27.09 09:00,102.494
36,27.09 10:00,99.161
36,27.09 11:00,94.66
36,27.09 12:00,115.467
36,27.09 13:00,119.539
36,27.09 14:00,118.718
36,27.09 15:00,107.496
36,27.09 16:00,104.825
36,27.09 17:00,94.466
36,27.09 18:00,106.025
36,27.09 19:00,96.152
36,27.09 20:00,71.636
36,27.09 21:00,73.552
36,27.09 22:00,51.52
36,27.09 23:00,34.738
36,28.09 00:00,33.22
36,28.09 01:00,34.991
36,28.09 02:00,32.871
36,28.09 03:00,31.904
36,28.09 04:00,32.34
36,28.09 05:00,33.322
36,28.09 06:00,41.619
36,28.09 07:00,65.064
36,28.09 08:00,96.557
36,28.09 09:00,120.008
36,28.09 10:00,116.803
36,28.09 11:00,119.055
36,28.09 12:00,116.7
36,28.09 13:00,120.755
36,28.09 14:00,122.01
36,28.09 15:00,121.914
36,28.09 16:00,123.396
36,28.09 17:00,118.091
36,28.09 18:00,106.518
36,28.09 19:00,75.895
36,28.09 20:00,71.262
36,28.09 21:00,79.305
36,28.09 22:00,49.649
36,28.09 23:00,32.585
36,29.09 00:00,33.13
36,29.09 01:00,33.391
36,29.09 02:00,34.109
36,29.09 03:00,33.581
36,29.09 04:00,35.529
36,29.09 05:00,40.583
36,29.09 06:00,59.859
36,29.09 07:00,62.442
36,29.09 08:00,94.647
36,29.09 09:00,112.789
36,29.09 10:00,115.061
36,29.09 11:00,108.912
36,29.09 12:00,111.621
36,29.09 13:00,113.515
36,29.09 14:00,112.771
36,29.09 15:00,105.015
36,29.09 16:00,106.005
36,29.09 17:00,107.223
36,29.09 18:00,106.061
36,29.09 19:00,98.69
36,29.09 20:00,67.984
36,29.09 21:00,79.357
36,29.09 22:00,45.276
36,29.09 23:00,33.395
36,30.09 00:00,31.558
36,30.09 01:00,33.127
36,30.09 02:00,32.373
36,30.09 03:00,33.048
36,30.09 04:00,33.162
36,30.09 05:00,39.573
36,30.09 06:00,58.985
36,30.09 07:00,61.557
36,30.09 08:00,84.869
36,30.09 09:00,109.568
36,30.09 10:00,109.025
36,30.09 11:00,104.599
36,30.09 12:00,81.915
36,30.09 13:00,76.676
36,30.09 14:00,77.068
36,30.09 15:00,73.9
36,30.09 16:00,76.856
36,30.09 17:00,67.44
36,30.09 18:00,62.793
36,30.09 19:00,61.495
36,30.09 20:00,63.611
36,30.09 21:00,85.736
36,30.09 22:00,39.97
36,30.09 23:00,32.714
