37,01.03 00:00,75.987
37,01.03 01:00,76.059
37,01.03 02:00,74.548
37,01.03 03:00,73.97
37,01.03 04:00,74.104
37,01.03 05:00,72.944
37,01.03 06:00,78.444
37,01.03 07:00,77.158
37,01.03 08:00,84.09
37,01.03 09:00,93.876
37,01.03 10:00,102.971
37,01.03 11:00,107.906
37,01.03 12:00,101.45
37,01.03 13:00,103.146
37,01.03 14:00,107.893
37,01.03 15:00,110.607
37,01.03 16:00,106.905
37,01.03 17:00,97.708
37,01.03 18:00,91.329
37,01.03 19:00,88.581
37,01.03 20:00,85.536
37,01.03 21:00,94.517
37,01.03 22:00,87.917
37,01.03 23:00,79.991
37,02.03 00:00,79.662
37,02.03 01:00,79.769
37,02.03 02:00,79.869
37,02.03 03:00,79.305
37,02.03 04:00,78.151
37,02.03 05:00,77.422
37,02.03 06:00,81.803
37,02.03 07:00,81.877
37,02.03 08:00,87.222
37,02.03 09:00,98.341
37,02.03 10:00,102.949
37,02.03 11:00,106.056
37,02.03 12:00,106.253
37,02.03 13:00,106.25
37,02.03 14:00,106.786
37,02.03 15:00,104.614
37,02.03 16:00,105.425
37,02.03 17:00,98.425
37,02.03 18:00,93.205
37,02.03 19:00,92.443
37,02.03 20:00,90.742
37,02.03 21:00,90.65
37,02.03 22:00,84.751
37,02.03 23:00,84.554
37,03.03 00:00,81.954
37,03.03 01:00,81.041
37,03.03 02:00,80.925
37,03.03 03:00,79.445
37,03.03 04:00,77.362
37,03.03 05:00,76.934
37,03.03 06:00,81.556
37,03.03 07:00,81.064
37,03.03 08:00,88.786
37,03.03 09:00,95.328
37,03.03 10:00,97.495
37,03.03 11:00,101.88
37,03.03 12:00,102.849
37,03.03 13:00,104.335
37,03.03 14:00,102.909
37,03.03 15:00,102.593
37,03.03 16:00,100.219
37,03.03 17:00,94.044
37,03.03 18:00,91.621
37,03.03 19:00,90.493
37,03.03 20:00,87.7
37,03.03 21:00,85.292
37,03.03 22:00,83.967
37,03.03 23:00,82.589
37,04.03 00:00,80.379
37,04.03 01:00,81.106
37,04.03 02:00,81.301
37,04.03 03:00,80.715
37,04.03 04:00,79.476
37,04.03 05:00,78.043
37,04.03 06:00,83.217
37,04.03 07:00,83.4
37,04.03 08:00,88.09
37,04.03 09:00,96.843
37,04.03 10:00,100.203
37,04.03 11:00,103.849
37,04.03 12:00,104.098
37,04.03 13:00,104.048
37,04.03 14:00,104.727
37,04.03 15:00,102.853
37,04.03 16:00,96.015
37,04.03 17:00,90.627
37,04.03 18:00,87.496
37,04.03 19:00,85.375
37,04.03 20:00,84.24
37,04.03 21:00,83.054
37,04.03 22:00,78.991
37,04.03 23:00,80.107
37,05.03 00:00,78.102
37,05.03 01:00,79.569
37,05.03 02:00,78.028
37,05.03 03:00,78.997
37,05.03 04:00,76.996
37,05.03 05:00,76.469
37,05.03 06:00,78.964
37,05.03 07:00,77.088
37,05.03 08:00,79.543
37,05.03 09:00,82.264
37,05.03 10:00,83.934
37,05.03 11:00,84.53
37,05.03 12:00,86.501
37,05.03 13:00,86.323
37,05.03 14:00,85.355
37,05.03 15:00,88.282
37,05.03 16:00,86.061
37,05.03 17:00,85.334
37,05.03 18:00,84.651
37,05.03 19:00,83.266
37,05.03 20:00,82.36
37,05.03 21:00,81.643
37,05.03 22:00,81.699
37,05.03 23:00,81.551
37,06.03 00:00,80.397
37,06.03 01:00,79.822
37,06.03 02:00,80.09
37,06.03 03:00,79.634
37,06.03 04:00,79.896
37,06.03 05:00,79.453
37,06.03 06:00,82.379
37,06.03 07:00,80.651
37,06.03 08:00,83.034
37,06.03 09:00,81.351
37,06.03 10:00,82.396
37,06.03 11:00,84.077
37,06.03 12:00,83.748
37,06.03 13:00,83.459
37,06.03 14:00,83.607
37,06.03 15:00,84.031
37,06.03 16:00,84.207
37,06.03 17:00,82.89
37,06.03 18:00,82.793
37,06.03 19:00,85.568
37,06.03 20:00,81.389
37,06.03 21:00,80.888
37,06.03 22:00,79.869
37,06.03 23:00,78.108
37,07.03 00:00,77.029
37,07.03 01:00,77.192
37,07.03 02:00,77.278
37,07.03 03:00,76.05
37,07.03 04:00,76.489
37,07.03 05:00,76.271
37,07.03 06:00,80.233
37,07.03 07:00,79.975
37,07.03 08:00,83.625
37,07.03 09:00,91.371
37,07.03 10:00,97.819
37,07.03 11:00,102.333
37,07.03 12:00,101.472
37,07.03 13:00,102.702
37,07.03 14:00,104.592
37,07.03 15:00,101.063
37,07.03 16:00,99.302
37,07.03 17:00,93.246
37,07.03 18:00,89.365
37,07.03 19:00,85.794
37,07.03 20:00,85.192
37,07.03 21:00,83.512
37,07.03 22:00,83.525
37,07.03 23:00,81.708
37,08.03 00:00,81.514
37,08.03 01:00,78.576
37,08.03 02:00,79.011
37,08.03 03:00,76.875
37,08.03 04:00,78.057
37,08.03 05:00,76.732
37,08.03 06:00,79.593
37,08.03 07:00,81.16
37,08.03 08:00,84.395
37,08.03 09:00,92.523
37,08.03 10:00,95.652
37,08.03 11:00,98.176
37,08.03 12:00,99.557
37,08.03 13:00,98.096
37,08.03 14:00,103.433
37,08.03 15:00,102.787
37,08.03 16:00,103.727
37,08.03 17:00,93.136
37,08.03 18:00,88.137
37,08.03 19:00,86.593
37,08.03 20:00,84.61
37,08.03 21:00,83.208
37,08.03 22:00,81.557
37,08.03 23:00,80.438
37,09.03 00:00,79.319
37,09.03 01:00,79.166
37,09.03 02:00,79.362
37,09.03 03:00,80.929
37,09.03 04:00,79.331
37,09.03 05:00,77.379
37,09.03 06:00,81.35
37,09.03 07:00,81.28
37,09.03 08:00,84.431
37,09.03 09:00,91.014
37,09.03 10:00,97.653
37,09.03 11:00,97.894
37,09.03 12:00,98.638
37,09.03 13:00,98.847
37,09.03 14:00,105.752
37,09.03 15:00,104.433
37,09.03 16:00,103.438
37,09.03 17:00,98.588
37,09.03 18:00,93.809
37,09.03 19:00,91.655
37,09.03 20:00,90.432
37,09.03 21:00,86.269
37,09.03 22:00,82.323
37,09.03 23:00,83.493
37,10.03 00:00,81.852
37,10.03 01:00,81.164
37,10.03 02:00,80.915
37,10.03 03:00,80.522
37,10.03 04:00,72.489
37,10.03 05:00,76.614
37,10.03 06:00,80.834
37,10.03 07:00,81.744
37,10.03 08:00,85.245
37,10.03 09:00,90.842
37,10.03 10:00,94.881
37,10.03 11:00,98.259
37,10.03 12:00,98.404
37,10.03 13:00,99.135
37,10.03 14:00,100.468
37,10.03 15:00,100.302
37,10.03 16:00,99.722
37,10.03 17:00,94.504
37,10.03 18:00,93.715
37,10.03 19:00,88.512
37,10.03 20:00,87.113
37,10.03 21:00,87.415
37,10.03 22:00,84.504
37,10.03 23:00,83.491
37,11.03 00:00,81.951
37,11.03 01:00,82.646
37,11.03 02:00,80.259
37,11.03 03:00,80.182
37,11.03 04:00,79.426
37,11.03 05:00,78.462
37,11.03 06:00,80.908
37,11.03 07:00,82.16
37,11.03 08:00,87.693
37,11.03 09:00,91.984
37,11.03 10:00,94.818
37,11.03 11:00,97.71
37,11.03 12:00,97.049
37,11.03 13:00,98.395
37,11.03 14:00,100.801
37,11.03 15:00,97.118
37,11.03 16:00,96.541
37,11.03 17:00,94.177
37,11.03 18:00,88.885
37,11.03 19:00,87.283
37,11.03 20:00,84.34
37,11.03 21:00,81.35
37,11.03 22:00,79.926
37,11.03 23:00,79.43
37,12.03 00:00,78.335
37,12.03 01:00,78.192
37,12.03 02:00,78.211
37,12.03 03:00,77.881
37,12.03 04:00,76.514
37,12.03 05:00,74.807
37,12.03 06:00,77.079
37,12.03 07:00,75.307
37,12.03 08:00,78.128
37,12.03 09:00,79.234
37,12.03 10:00,82.24
37,12.03 11:00,82.06
37,12.03 12:00,83.103
37,12.03 13:00,83.227
37,12.03 14:00,84.354
37,12.03 15:00,86.62
37,12.03 16:00,82.754
37,12.03 17:00,80.779
37,12.03 18:00,80.6
37,12.03 19:00,79.952
37,12.03 20:00,79.509
37,12.03 21:00,80.008
37,12.03 22:00,78.933
37,12.03 23:00,77.261
37,13.03 00:00,75.261
37,13.03 01:00,74.661
37,13.03 02:00,74.679
37,13.03 03:00,75.163
37,13.03 04:00,74.409
37,13.03 05:00,74.634
37,13.03 06:00,76.928
37,13.03 07:00,75.592
37,13.03 08:00,77.779
37,13.03 09:00,78.841
37,13.03 10:00,84.472
37,13.03 11:00,86.478
37,13.03 12:00,86.775
37,13.03 13:00,85.985
37,13.03 14:00,88.483
37,13.03 15:00,86.37
37,13.03 16:00,85.371
37,13.03 17:00,81.682
37,13.03 18:00,83.554
37,13.03 19:00,81.242
37,13.03 20:00,79.897
37,13.03 21:00,78.943
37,13.03 22:00,77.674
37,13.03 23:00,76.171
37,14.03 00:00,74.695
37,14.03 01:00,74.614
37,14.03 02:00,75.214
37,14.03 03:00,75.291
37,14.03 04:00,74.143
37,14.03 05:00,74.119
37,14.03 06:00,78.482
37,14.03 07:00,79.667
37,14.03 08:00,83.991
37,14.03 09:00,92.076
37,14.03 10:00,102.11
37,14.03 11:00,105.962
37,14.03 12:00,107.355
37,14.03 13:00,106.597
37,14.03 14:00,105.436
37,14.03 15:00,106.334
37,14.03 16:00,103.506
37,14.03 17:00,96.483
37,14.03 18:00,93.473
37,14.03 19:00,90.15
37,14.03 20:00,83.805
37,14.03 21:00,83.331
37,14.03 22:00,80.516
37,14.03 23:00,77.653
37,15.03 00:00,77.996
37,15.03 01:00,77.875
37,15.03 02:00,78.777
37,15.03 03:00,76.351
37,15.03 04:00,77.043
37,15.03 05:00,73.898
37,15.03 06:00,78.578
37,15.03 07:00,79.75
37,15.03 08:00,86.297
37,15.03 09:00,93.392
37,15.03 10:00,98.65
37,15.03 11:00,105.158
37,15.03 12:00,103.768
37,15.03 13:00,107.916
37,15.03 14:00,106.451
37,15.03 15:00,104.069
37,15.03 16:00,102.084
37,15.03 17:00,95.225
37,15.03 18:00,89.422
37,15.03 19:00,85.389
37,15.03 20:00,83.094
37,15.03 21:00,88.384
37,15.03 22:00,78.508
37,15.03 23:00,76.931
37,16.03 00:00,76.304
37,16.03 01:00,76.418
37,16.03 02:00,75.432
37,16.03 03:00,74.333
37,16.03 04:00,72.603
37,16.03 05:00,71.241
37,16.03 06:00,75.084
37,16.03 07:00,76.281
37,16.03 08:00,84.547
37,16.03 09:00,92.364
37,16.03 10:00,100.92
37,16.03 11:00,104.731
37,16.03 12:00,105.342
37,16.03 13:00,105.673
37,16.03 14:00,103.95
37,16.03 15:00,106.903
37,16.03 16:00,101.643
37,16.03 17:00,96.94
37,16.03 18:00,97.349
37,16.03 19:00,88.491
37,16.03 20:00,83.63
37,16.03 21:00,80.183
37,16.03 22:00,76.536
37,16.03 23:00,75.033
37,17.03 00:00,75.176
37,17.03 01:00,73.798
37,17.03 02:00,74.835
37,17.03 03:00,76.187
37,17.03 04:00,75.129
37,17.03 05:00,74.29
37,17.03 06:00,79.767
37,17.03 07:00,83.415
37,17.03 08:00,89.517
37,17.03 09:00,93.324
37,17.03 10:00,98.964
37,17.03 11:00,101.499
37,17.03 12:00,101.706
37,17.03 13:00,102.584
37,17.03 14:00,102.768
37,17.03 15:00,101.367
37,17.03 16:00,99.473
37,17.03 17:00,90.143
37,17.03 18:00,86.14
37,17.03 19:00,85.231
37,17.03 20:00,84.124
37,17.03 21:00,81.018
37,17.03 22:00,81.573
37,17.03 23:00,79.013
37,18.03 00:00,78.216
37,18.03 01:00,78.031
37,18.03 02:00,75.666
37,18.03 03:00,75.585
37,18.03 04:00,72.829
37,18.03 05:00,71.083
37,18.03 06:00,75.346
37,18.03 07:00,74.176
37,18.03 08:00,83.887
37,18.03 09:00,89.616
37,18.03 10:00,98.458
37,18.03 11:00,101.161
37,18.03 12:00,105.934
37,18.03 13:00,108.073
37,18.03 14:00,109.475
37,18.03 15:00,107.732
37,18.03 16:00,105.427
37,18.03 17:00,99.364
37,18.03 18:00,91.132
37,18.03 19:00,86.114
37,18.03 20:00,84.494
37,18.03 21:00,83.991
37,18.03 22:00,84.822
37,18.03 23:00,83.254
37,19.03 00:00,87.331
37,19.03 01:00,86.999
37,19.03 02:00,86.341
37,19.03 03:00,85.146
37,19.03 04:00,83.181
37,19.03 05:00,81.827
37,19.03 06:00,82.638
37,19.03 07:00,82.892
37,19.03 08:00,81.534
37,19.03 09:00,81.749
37,19.03 10:00,82.839
37,19.03 11:00,84.358
37,19.03 12:00,86.368
37,19.03 13:00,88.73
37,19.03 14:00,87.493
37,19.03 15:00,87.244
37,19.03 16:00,86.913
37,19.03 17:00,84.333
37,19.03 18:00,83.4
37,19.03 19:00,82.899
37,19.03 20:00,81.548
37,19.03 21:00,83.459
37,19.03 22:00,81.163
37,19.03 23:00,79.758
37,20.03 00:00,83.748
37,20.03 01:00,81.989
37,20.03 02:00,81.949
37,20.03 03:00,80.273
37,20.03 04:00,79.623
37,20.03 05:00,78.843
37,20.03 06:00,78.38
37,20.03 07:00,77.602
37,20.03 08:00,77.661
37,20.03 09:00,79.99
37,20.03 10:00,79.982
37,20.03 11:00,82.932
37,20.03 12:00,84.974
37,20.03 13:00,84.23
37,20.03 14:00,84.685
37,20.03 15:00,83.308
37,20.03 16:00,82.863
37,20.03 17:00,83.172
37,20.03 18:00,83.03
37,20.03 19:00,81.571
37,20.03 20:00,82.429
37,20.03 21:00,84.224
37,20.03 22:00,81.753
37,20.03 23:00,79.749
37,21.03 00:00,83.708
37,21.03 01:00,83.274
37,21.03 02:00,83.663
37,21.03 03:00,82.679
37,21.03 04:00,82.52
37,21.03 05:00,81.786
37,21.03 06:00,81.654
37,21.03 07:00,81.884
37,21.03 08:00,87.425
37,21.03 09:00,93.521
37,21.03 10:00,100.371
37,21.03 11:00,104.878
37,21.03 12:00,105.449
37,21.03 13:00,107.476
37,21.03 14:00,111.268
37,21.03 15:00,109.885
37,21.03 16:00,108.67
37,21.03 17:00,102.357
37,21.03 18:00,95.453
37,21.03 19:00,93.365
37,21.03 20:00,88.781
37,21.03 21:00,87.593
37,21.03 22:00,84.35
37,21.03 23:00,79.45
37,22.03 00:00,85.187
37,22.03 01:00,84.84
37,22.03 02:00,85.344
37,22.03 03:00,84.24
37,22.03 04:00,81.789
37,22.03 05:00,80.887
37,22.03 06:00,81.087
37,22.03 07:00,82.469
37,22.03 08:00,89.245
37,22.03 09:00,97.191
37,22.03 10:00,103.834
37,22.03 11:00,109.997
37,22.03 12:00,108.822
37,22.03 13:00,112.043
37,22.03 14:00,112.215
37,22.03 15:00,112.81
37,22.03 16:00,113.028
37,22.03 17:00,107.4
37,22.03 18:00,100.837
37,22.03 19:00,98.724
37,22.03 20:00,98.105
37,22.03 21:00,97.018
37,22.03 22:00,93.512
37,22.03 23:00,88.919
37,23.03 00:00,90.632
37,23.03 01:00,91.986
37,23.03 02:00,92.911
37,23.03 03:00,90.753
37,23.03 04:00,89.778
37,23.03 05:00,89.144
37,23.03 06:00,88.325
37,23.03 07:00,88.154
37,23.03 08:00,92.297
37,23.03 09:00,98.441
37,23.03 10:00,102.138
37,23.03 11:00,103.845
37,23.03 12:00,106.056
37,23.03 13:00,109.429
37,23.03 14:00,110.548
37,23.03 15:00,107.779
37,23.03 17:00,71.191
37,23.03 18:00,90.28
37,23.03 19:00,85.94
37,23.03 20:00,89.331
37,23.03 21:00,90.636
37,23.03 22:00,89.449
37,23.03 23:00,86.486
37,24.03 00:00,89.074
37,24.03 01:00,89.888
37,24.03 02:00,88.89
37,24.03 03:00,88.345
37,24.03 04:00,86.08
37,24.03 05:00,85.45
37,24.03 06:00,85.229
37,24.03 07:00,87.999
37,24.03 08:00,91.414
37,24.03 09:00,94.34
37,24.03 10:00,99.231
37,24.03 11:00,103.447
37,24.03 12:00,103.609
37,24.03 13:00,103.586
37,24.03 14:00,105.928
37,24.03 15:00,106.22
37,24.03 16:00,104.672
37,24.03 17:00,97.2
37,24.03 18:00,90.521
37,24.03 19:00,89.88
37,24.03 20:00,89.975
37,24.03 21:00,86.203
37,24.03 22:00,84.892
37,24.03 23:00,88.468
37,25.03 00:00,91.867
37,25.03 01:00,93.298
37,25.03 02:00,90.15
37,25.03 03:00,84.895
37,25.03 04:00,83.263
37,25.03 05:00,82.365
37,25.03 06:00,81.508
37,25.03 07:00,80.585
37,25.03 08:00,86.656
37,25.03 09:00,90.978
37,25.03 10:00,98.057
37,25.03 11:00,101.115
37,25.03 12:00,100.941
37,25.03 13:00,104.052
37,25.03 14:00,106.201
37,25.03 15:00,102.864
37,25.03 16:00,94.913
37,25.03 17:00,88.019
37,25.03 18:00,86.601
37,25.03 19:00,85.715
37,25.03 20:00,83.333
37,25.03 21:00,81.76
37,25.03 22:00,80.445
37,25.03 23:00,79.31
37,26.03 00:00,83.681
37,26.03 01:00,87.226
37,26.03 02:00,87.76
37,26.03 03:00,87.57
37,26.03 04:00,87.679
37,26.03 05:00,87.994
37,26.03 06:00,86.275
37,26.03 07:00,85.71
37,26.03 08:00,86.273
37,26.03 09:00,85.163
37,26.03 10:00,88.058
37,26.03 11:00,89.558
37,26.03 12:00,92.481
37,26.03 13:00,93.496
37,26.03 14:00,93.245
37,26.03 15:00,94.954
37,26.03 16:00,91.325
37,26.03 17:00,83.423
37,26.03 18:00,82.841
37,26.03 19:00,82.852
37,26.03 20:00,82.233
37,26.03 21:00,81.358
37,26.03 22:00,78.013
37,26.03 23:00,76.565
37,27.03 00:00,80.339
37,27.03 01:00,81.515
37,27.03 02:00,83.814
37,27.03 03:00,84.746
37,27.03 04:00,85.301
37,27.03 05:00,84.746
37,27.03 06:00,84.486
37,27.03 07:00,84.374
37,27.03 08:00,81.79
37,27.03 09:00,80.956
37,27.03 10:00,82.178
37,27.03 11:00,85.009
37,27.03 12:00,86.199
37,27.03 13:00,86.627
37,27.03 14:00,86.972
37,27.03 15:00,86.521
37,27.03 16:00,87.205
37,27.03 17:00,87.906
37,27.03 18:00,87.387
37,27.03 19:00,86.594
37,27.03 20:00,84.578
37,27.03 21:00,81.845
37,27.03 22:00,77.918
37,27.03 23:00,77.055
37,28.03 00:00,81.101
37,28.03 01:00,84.386
37,28.03 02:00,86.231
37,28.03 03:00,85.491
37,28.03 04:00,85.325
37,28.03 05:00,85.233
37,28.03 06:00,84.661
37,28.03 07:00,84.069
37,28.03 08:00,89.907
37,28.03 09:00,92.121
37,28.03 10:00,99.449
37,28.03 11:00,104.9
37,28.03 12:00,103.89
37,28.03 13:00,106.284
37,28.03 14:00,107.071
37,28.03 15:00,105.854
37,28.03 16:00,103.578
37,28.03 17:00,95.3
37,28.03 18:00,94.479
37,28.03 19:00,91.825
37,28.03 20:00,88.753
37,28.03 21:00,90.068
37,28.03 22:00,86.843
37,28.03 23:00,83.372
37,29.03 00:00,88.291
37,29.03 01:00,88.142
37,29.03 02:00,86.272
37,29.03 03:00,90.013
37,29.03 04:00,89.147
37,29.03 05:00,85.783
37,29.03 06:00,86.338
37,29.03 07:00,87.292
37,29.03 08:00,92.347
37,29.03 09:00,98.094
37,29.03 10:00,103.926
37,29.03 11:00,108.667
37,29.03 12:00,110.093
37,29.03 13:00,109.338
37,29.03 14:00,106.955
37,29.03 15:00,107.495
37,29.03 16:00,103.531
37,29.03 17:00,100.28
37,29.03 18:00,95.362
37,29.03 19:00,96.395
37,29.03 20:00,96.093
37,29.03 21:00,93.555
37,29.03 22:00,89.626
37,29.03 23:00,89.009
37,30.03 00:00,88.991
37,30.03 01:00,91.233
37,30.03 02:00,91.488
37,30.03 03:00,90.884
37,30.03 04:00,87.474
37,30.03 05:00,87.152
37,30.03 06:00,85.187
37,30.03 07:00,86.178
37,30.03 08:00,89.592
37,30.03 09:00,100.205
37,30.03 10:00,108.647
37,30.03 11:00,109.375
37,30.03 12:00,109.034
37,30.03 13:00,107.102
37,30.03 14:00,106.019
37,30.03 15:00,106.248
37,30.03 16:00,103.562
37,30.03 17:00,98.062
37,30.03 18:00,93.589
37,30.03 19:00,94.659
37,30.03 20:00,92.957
37,30.03 21:00,90.923
37,30.03 22:00,85.444
37,30.03 23:00,86.411
37,31.03 00:00,88.969
37,31.03 01:00,90.855
37,31.03 02:00,88.318
37,31.03 03:00,87.298
37,31.03 04:00,88.26
37,31.03 05:00,85.839
37,31.03 06:00,85.987
37,31.03 07:00,84.255
37,31.03 08:00,90.026
37,31.03 09:00,98.904
37,31.03 10:00,102.35
37,31.03 11:00,101.532
37,31.03 12:00,100.868
37,31.03 13:00,101.724
37,31.03 14:00,102.395
37,31.03 15:00,104.562
37,31.03 16:00,99.055
37,31.03 17:00,94.183
37,31.03 18:00,89.929
37,31.03 19:00,88.016
37,31.03 20:00,85.714
37,31.03 21:00,85.515
37,31.03 22:00,86.491
37,31.03 23:00,84.955
37,01.04 00:00,88.222
37,01.04 01:00,89.323
37,01.04 02:00,89.185
37,01.04 03:00,87.81
37,01.04 04:00,86.346
37,01.04 05:00,84.629
37,01.04 06:00,82.77
37,01.04 07:00,82.77
37,01.04 08:00,87.016
37,01.04 09:00,97.114
37,01.04 10:00,97.173
37,01.04 11:00,102.675
37,01.04 12:00,102.977
37,01.04 13:00,98.428
37,01.04 14:00,106.214
37,01.04 15:00,102.89
37,01.04 16:00,96.012
37,01.04 17:00,88.415
37,01.04 18:00,82.535
37,01.04 19:00,81.603
37,01.04 20:00,81.549
37,01.04 21:00,80.974
37,01.04 22:00,81.902
37,01.04 23:00,84.565
37,02.04 00:00,88.239
37,02.04 01:00,87.774
37,02.04 02:00,86.476
37,02.04 03:00,89.12
37,02.04 04:00,87.032
37,02.04 05:00,85.721
37,02.04 06:00,83.989
37,02.04 07:00,83.591
37,02.04 08:00,82.683
37,02.04 09:00,80.824
37,02.04 10:00,81.465
37,02.04 11:00,82.815
37,02.04 12:00,83.459
37,02.04 13:00,83.564
37,02.04 14:00,84.393
37,02.04 15:00,85.13
37,02.04 16:00,86.201
37,02.04 17:00,83.835
37,02.04 18:00,83.775
37,02.04 19:00,82.783
37,02.04 20:00,81.398
37,02.04 21:00,78.878
37,02.04 22:00,75.428
37,02.04 23:00,76.847
37,03.04 00:00,80.761
37,03.04 01:00,84.634
37,03.04 02:00,85.246
37,03.04 03:00,84.914
37,03.04 04:00,84.871
37,03.04 05:00,85.605
37,03.04 06:00,84.45
37,03.04 07:00,82.161
37,03.04 08:00,79.419
37,03.04 09:00,78.285
37,03.04 10:00,80.002
37,03.04 11:00,81.946
37,03.04 12:00,83.01
37,03.04 13:00,83.101
37,03.04 14:00,81.974
37,03.04 15:00,81.715
37,03.04 16:00,81.873
37,03.04 17:00,81.108
37,03.04 18:00,83.277
37,03.04 19:00,81.451
37,03.04 20:00,80.931
37,03.04 21:00,80.174
37,03.04 22:00,77.402
37,03.04 23:00,76.241
37,04.04 00:00,79.385
37,04.04 01:00,80.254
37,04.04 02:00,84.074
37,04.04 03:00,83.941
37,04.04 04:00,83.964
37,04.04 05:00,83.092
37,04.04 06:00,83.786
37,04.04 07:00,82.265
37,04.04 08:00,83.645
37,04.04 09:00,94.755
37,04.04 10:00,99.815
37,04.04 11:00,102.119
37,04.04 12:00,103.331
37,04.04 13:00,103.507
37,04.04 14:00,106.313
37,04.04 15:00,102.988
37,04.04 16:00,100.422
37,04.04 17:00,95.585
37,04.04 18:00,93.702
37,04.04 19:00,91.597
37,04.04 20:00,88.799
37,04.04 21:00,85.061
37,04.04 22:00,82.88
37,04.04 23:00,78.976
37,05.04 00:00,83.752
37,05.04 01:00,83.34
37,05.04 02:00,84.6
37,05.04 03:00,83.439
37,05.04 04:00,84.853
37,05.04 05:00,85.999
37,05.04 06:00,85.541
37,05.04 07:00,84.764
37,05.04 08:00,89.652
37,05.04 09:00,99.464
37,05.04 10:00,103.649
37,05.04 11:00,106.515
37,05.04 12:00,109.867
37,05.04 13:00,108.377
37,05.04 14:00,111.006
37,05.04 15:00,108.791
37,05.04 16:00,107.74
37,05.04 17:00,101.76
37,05.04 18:00,95.371
37,05.04 19:00,92.95
37,05.04 20:00,90.56
37,05.04 21:00,89.328
37,05.04 22:00,86.327
37,05.04 23:00,84.693
37,06.04 00:00,87.712
37,06.04 01:00,87.367
37,06.04 02:00,86.118
37,06.04 03:00,84.715
37,06.04 04:00,82.77
37,06.04 05:00,81.109
37,06.04 06:00,79.044
37,06.04 07:00,78.637
37,06.04 08:00,85.203
37,06.04 09:00,94.445
37,06.04 10:00,104.132
37,06.04 11:00,105.645
37,06.04 12:00,101.221
37,06.04 13:00,106.139
37,06.04 14:00,109.864
37,06.04 15:00,107.558
37,06.04 16:00,105.601
37,06.04 17:00,101.075
37,06.04 18:00,95.196
37,06.04 19:00,95.586
37,06.04 20:00,93.363
37,06.04 21:00,88.531
37,06.04 22:00,84.768
37,06.04 23:00,80.202
37,07.04 00:00,84.331
37,07.04 01:00,84.529
37,07.04 02:00,84.869
37,07.04 03:00,83.693
37,07.04 04:00,83.073
37,07.04 05:00,82.031
37,07.04 06:00,80.902
37,07.04 07:00,80.96
37,07.04 08:00,88.303
37,07.04 09:00,95.0
37,07.04 10:00,101.418
37,07.04 11:00,102.953
37,07.04 12:00,100.309
37,07.04 13:00,102.928
37,07.04 14:00,105.84
37,07.04 15:00,105.145
37,07.04 16:00,103.631
37,07.04 17:00,98.053
37,07.04 18:00,92.99
37,07.04 19:00,90.264
37,07.04 20:00,88.002
37,07.04 21:00,84.187
37,07.04 22:00,81.391
37,07.04 23:00,80.032
37,08.04 00:00,89.791
37,08.04 01:00,91.81
37,08.04 02:00,92.485
37,08.04 03:00,91.535
37,08.04 04:00,91.122
37,08.04 05:00,88.03
37,08.04 06:00,86.866
37,08.04 07:00,88.418
37,08.04 08:00,90.691
37,08.04 09:00,95.094
37,08.04 10:00,101.041
37,08.04 11:00,103.662
37,08.04 12:00,104.055
37,08.04 13:00,106.231
37,08.04 14:00,106.83
37,08.04 15:00,105.153
37,08.04 16:00,97.572
37,08.04 17:00,88.199
37,08.04 18:00,85.145
37,08.04 19:00,84.065
37,08.04 20:00,83.644
37,08.04 21:00,83.006
37,08.04 22:00,80.086
37,08.04 23:00,79.405
37,09.04 00:00,84.381
37,09.04 01:00,86.224
37,09.04 02:00,84.907
37,09.04 03:00,87.77
37,09.04 04:00,88.422
37,09.04 05:00,85.978
37,09.04 06:00,85.241
37,09.04 07:00,85.415
37,09.04 08:00,82.662
37,09.04 09:00,88.426
37,09.04 10:00,85.875
37,09.04 11:00,86.426
37,09.04 12:00,87.68
37,09.04 13:00,90.797
37,09.04 14:00,90.544
37,09.04 15:00,90.191
37,09.04 16:00,88.4
37,09.04 17:00,85.952
37,09.04 18:00,84.233
37,09.04 19:00,84.254
37,09.04 20:00,83.607
37,09.04 21:00,83.802
37,09.04 22:00,80.041
37,09.04 23:00,78.019
37,10.04 00:00,81.228
37,10.04 01:00,82.378
37,10.04 02:00,81.2
37,10.04 03:00,78.75
37,10.04 04:00,80.138
37,10.04 05:00,83.055
37,10.04 06:00,81.78
37,10.04 07:00,81.856
37,10.04 08:00,81.453
37,10.04 09:00,81.948
37,10.04 10:00,77.85
37,10.04 11:00,80.47
37,10.04 12:00,83.775
37,10.04 13:00,80.404
37,10.04 14:00,80.747
37,10.04 15:00,80.689
37,10.04 16:00,80.471
37,10.04 17:00,81.32
37,10.04 18:00,79.201
37,10.04 19:00,78.434
37,10.04 20:00,76.804
37,10.04 21:00,78.329
37,10.04 22:00,76.074
37,10.04 23:00,74.831
37,11.04 00:00,78.719
37,11.04 01:00,79.558
37,11.04 02:00,80.164
37,11.04 03:00,79.165
37,11.04 04:00,78.425
37,11.04 05:00,78.871
37,11.04 06:00,77.235
37,11.04 07:00,76.806
37,11.04 08:00,81.037
37,11.04 09:00,96.309
37,11.04 10:00,105.255
37,11.04 11:00,106.902
37,11.04 12:00,108.77
37,11.04 13:00,105.783
37,11.04 14:00,105.576
37,11.04 15:00,104.967
37,11.04 16:00,104.325
37,11.04 17:00,96.353
37,11.04 18:00,92.228
37,11.04 19:00,92.118
37,11.04 20:00,89.494
37,11.04 21:00,88.26
37,11.04 22:00,84.715
37,11.04 23:00,81.064
37,12.04 00:00,84.819
37,12.04 01:00,85.329
37,12.04 02:00,87.716
37,12.04 03:00,89.664
37,12.04 04:00,88.897
37,12.04 05:00,87.94
37,12.04 06:00,87.383
37,12.04 07:00,87.03
37,12.04 08:00,90.276
37,12.04 09:00,98.613
37,12.04 10:00,102.714
37,12.04 11:00,107.066
37,12.04 12:00,109.888
37,12.04 13:00,108.553
37,12.04 14:00,110.05
37,12.04 15:00,107.73
37,12.04 16:00,106.032
37,12.04 17:00,98.489
37,12.04 18:00,91.946
37,12.04 19:00,90.8
37,12.04 20:00,90.372
37,12.04 21:00,92.706
37,12.04 22:00,87.722
37,12.04 23:00,80.379
37,13.04 00:00,84.045
37,13.04 01:00,84.135
37,13.04 02:00,90.938
37,13.04 03:00,90.016
37,13.04 04:00,88.894
37,13.04 05:00,87.512
37,13.04 06:00,86.601
37,13.04 07:00,85.641
37,13.04 08:00,88.337
37,13.04 09:00,97.767
37,13.04 10:00,104.864
37,13.04 11:00,108.056
37,13.04 12:00,106.632
37,13.04 13:00,106.381
37,13.04 14:00,110.282
37,13.04 15:00,107.203
37,13.04 16:00,104.409
37,13.04 17:00,98.62
37,13.04 18:00,93.686
37,13.04 19:00,93.707
37,13.04 20:00,90.204
37,13.04 21:00,87.049
37,13.04 22:00,84.526
37,13.04 23:00,82.053
37,14.04 00:00,84.629
37,14.04 01:00,86.852
37,14.04 02:00,87.722
37,14.04 03:00,86.158
37,14.04 04:00,89.341
37,14.04 05:00,89.091
37,14.04 06:00,87.404
37,14.04 07:00,85.017
37,14.04 08:00,86.451
37,14.04 09:00,97.531
37,14.04 10:00,101.056
37,14.04 11:00,103.245
37,14.04 12:00,102.976
37,14.04 13:00,108.707
37,14.04 14:00,107.88
37,14.04 15:00,106.415
37,14.04 16:00,107.047
37,14.04 17:00,99.605
37,14.04 18:00,92.779
37,14.04 19:00,90.689
37,14.04 20:00,88.334
37,14.04 21:00,85.555
37,14.04 22:00,80.103
37,14.04 23:00,76.832
37,15.04 00:00,82.747
37,15.04 01:00,83.77
37,15.04 02:00,83.615
37,15.04 03:00,83.039
37,15.04 04:00,81.905
37,15.04 05:00,82.124
37,15.04 06:00,82.225
37,15.04 07:00,80.118
37,15.04 08:00,83.255
37,15.04 09:00,93.198
37,15.04 10:00,96.438
37,15.04 11:00,101.178
37,15.04 12:00,105.089
37,15.04 13:00,105.875
37,15.04 14:00,103.745
37,15.04 15:00,100.398
37,15.04 16:00,96.649
37,15.04 17:00,90.105
37,15.04 18:00,85.184
37,15.04 19:00,82.375
37,15.04 20:00,80.706
37,15.04 21:00,80.837
37,15.04 22:00,77.737
37,15.04 23:00,79.362
37,16.04 00:00,85.067
37,16.04 01:00,87.234
37,16.04 02:00,87.595
37,16.04 03:00,86.149
37,16.04 04:00,84.614
37,16.04 05:00,84.317
37,16.04 06:00,83.502
37,16.04 07:00,82.151
37,16.04 08:00,82.418
37,16.04 09:00,82.442
37,16.04 10:00,85.804
37,16.04 11:00,87.248
37,16.04 12:00,87.591
37,16.04 13:00,87.218
37,16.04 14:00,88.022
37,16.04 15:00,88.992
37,16.04 16:00,88.221
37,16.04 17:00,84.85
37,16.04 18:00,81.959
37,16.04 19:00,81.475
37,16.04 20:00,81.074
37,16.04 21:00,81.249
37,16.04 22:00,79.35
37,16.04 23:00,78.25
37,17.04 00:00,82.235
37,17.04 01:00,81.653
37,17.04 02:00,85.868
37,17.04 03:00,86.059
37,17.04 04:00,85.6
37,17.04 05:00,86.392
37,17.04 06:00,83.915
37,17.04 07:00,82.638
37,17.04 08:00,79.203
37,17.04 09:00,81.431
37,17.04 10:00,83.666
37,17.04 11:00,85.05
37,17.04 12:00,86.511
37,17.04 13:00,85.278
37,17.04 14:00,84.45
37,17.04 15:00,84.409
37,17.04 16:00,83.218
37,17.04 17:00,82.97
37,17.04 18:00,81.813
37,17.04 19:00,82.545
37,17.04 20:00,81.841
37,17.04 21:00,81.11
37,17.04 22:00,79.361
37,17.04 23:00,76.663
37,18.04 00:00,80.637
37,18.04 01:00,81.504
37,18.04 02:00,81.403
37,18.04 03:00,84.007
37,18.04 04:00,85.434
37,18.04 05:00,83.756
37,18.04 06:00,84.125
37,18.04 07:00,81.632
37,18.04 08:00,84.409
37,18.04 09:00,92.501
37,18.04 10:00,96.614
37,18.04 11:00,100.225
37,18.04 12:00,102.855
37,18.04 13:00,103.743
37,18.04 14:00,103.446
37,18.04 15:00,98.056
37,18.04 16:00,97.263
37,18.04 17:00,92.912
37,18.04 18:00,88.751
37,18.04 19:00,90.564
37,18.04 20:00,87.92
37,18.04 21:00,86.514
37,18.04 22:00,79.459
37,18.04 23:00,83.142
37,19.04 00:00,86.581
37,19.04 01:00,87.182
37,19.04 02:00,87.009
37,19.04 03:00,91.351
37,19.04 04:00,89.419
37,19.04 05:00,87.467
37,19.04 06:00,86.609
37,19.04 07:00,83.596
37,19.04 08:00,89.323
37,19.04 09:00,95.387
37,19.04 10:00,99.815
37,19.04 11:00,105.269
37,19.04 12:00,103.369
37,19.04 13:00,103.96
37,19.04 14:00,104.494
37,19.04 15:00,105.525
37,19.04 16:00,102.691
37,19.04 17:00,96.572
37,19.04 18:00,92.507
37,19.04 19:00,93.198
37,19.04 20:00,88.251
37,19.04 21:00,83.765
37,19.04 22:00,79.579
37,19.04 23:00,77.533
37,20.04 00:00,82.245
37,20.04 01:00,85.231
37,20.04 02:00,83.23
37,20.04 03:00,87.175
37,20.04 04:00,86.588
37,20.04 05:00,85.6
37,20.04 06:00,83.814
37,20.04 07:00,81.267
37,20.04 08:00,85.983
37,20.04 09:00,92.69
37,20.04 10:00,96.188
37,20.04 11:00,99.549
37,20.04 12:00,105.103
37,20.04 13:00,104.758
37,20.04 14:00,107.18
37,20.04 15:00,103.757
37,20.04 16:00,100.757
37,20.04 17:00,94.861
37,20.04 18:00,93.016
37,20.04 19:00,92.551
37,20.04 20:00,87.816
37,20.04 21:00,86.208
37,20.04 22:00,81.065
37,20.04 23:00,79.235
37,21.04 00:00,83.762
37,21.04 01:00,86.014
37,21.04 02:00,84.779
37,21.04 03:00,83.176
37,21.04 04:00,81.818
37,21.04 05:00,83.07
37,21.04 06:00,84.166
37,21.04 07:00,79.904
37,21.04 08:00,85.59
37,21.04 09:00,92.218
37,21.04 10:00,98.701
37,21.04 11:00,102.565
37,21.04 12:00,102.072
37,21.04 13:00,103.296
37,21.04 14:00,102.451
37,21.04 15:00,103.357
37,21.04 16:00,98.212
37,21.04 17:00,97.439
37,21.04 18:00,88.807
37,21.04 19:00,88.451
37,21.04 20:00,87.086
37,21.04 21:00,85.988
37,21.04 22:00,80.047
37,21.04 23:00,78.757
37,22.04 00:00,83.224
37,22.04 01:00,85.841
37,22.04 02:00,83.961
37,22.04 03:00,81.315
37,22.04 04:00,81.7
37,22.04 05:00,80.862
37,22.04 06:00,78.608
37,22.04 07:00,79.395
37,22.04 08:00,84.144
37,22.04 09:00,91.69
37,22.04 10:00,100.191
37,22.04 11:00,103.02
37,22.04 12:00,102.782
37,22.04 13:00,104.403
37,22.04 14:00,105.313
37,22.04 15:00,103.371
37,22.04 16:00,98.569
37,22.04 17:00,88.008
37,22.04 18:00,83.978
37,22.04 19:00,84.714
37,22.04 20:00,82.846
37,22.04 21:00,79.545
37,22.04 22:00,78.008
37,22.04 23:00,76.681
37,23.04 00:00,82.046
37,23.04 01:00,82.216
37,23.04 02:00,80.395
37,23.04 03:00,80.983
37,23.04 04:00,80.932
37,23.04 05:00,78.414
37,23.04 06:00,77.123
37,23.04 07:00,76.416
37,23.04 08:00,76.496
37,23.04 09:00,77.028
37,23.04 10:00,78.598
37,23.04 11:00,82.638
37,23.04 12:00,82.463
37,23.04 13:00,82.594
37,23.04 14:00,82.32
37,23.04 15:00,81.932
37,23.04 16:00,81.782
37,23.04 17:00,78.914
37,23.04 18:00,77.785
37,23.04 19:00,77.846
37,23.04 20:00,76.952
37,23.04 21:00,77.484
37,23.04 22:00,75.573
37,23.04 23:00,74.916
37,24.04 00:00,79.458
37,24.04 01:00,79.806
37,24.04 02:00,79.677
37,24.04 03:00,79.529
37,24.04 04:00,79.691
37,24.04 05:00,83.401
37,24.04 06:00,81.25
37,24.04 07:00,81.197
37,24.04 08:00,77.444
37,24.04 09:00,79.149
37,24.04 10:00,77.21
37,24.04 11:00,78.384
37,24.04 12:00,79.331
37,24.04 13:00,78.708
37,24.04 14:00,78.553
37,24.04 15:00,77.69
37,24.04 16:00,77.376
37,24.04 17:00,77.163
37,24.04 18:00,76.925
37,24.04 19:00,76.594
37,24.04 20:00,78.187
37,24.04 21:00,81.04
37,24.04 22:00,75.371
37,24.04 23:00,74.107
37,25.04 00:00,77.698
37,25.04 01:00,58.659
37,25.04 02:00,78.571
37,25.04 03:00,77.334
37,25.04 04:00,78.783
37,25.04 05:00,77.185
37,25.04 06:00,75.321
37,25.04 07:00,76.264
37,25.04 08:00,81.831
37,25.04 09:00,91.053
37,25.04 10:00,97.123
37,25.04 11:00,99.412
37,25.04 12:00,105.037
37,25.04 13:00,106.081
37,25.04 14:00,105.525
37,25.04 15:00,101.534
37,25.04 16:00,101.368
37,25.04 17:00,93.63
37,25.04 18:00,91.271
37,25.04 19:00,88.464
37,25.04 20:00,85.505
37,25.04 21:00,83.333
37,25.04 22:00,81.706
37,25.04 23:00,79.279
37,26.04 00:00,83.624
37,26.04 01:00,87.568
37,26.04 02:00,84.278
37,26.04 03:00,84.227
37,26.04 04:00,84.317
37,26.04 05:00,82.964
37,26.04 06:00,83.276
37,26.04 07:00,82.877
37,26.04 08:00,88.1
37,26.04 09:00,93.148
37,26.04 10:00,97.772
37,26.04 11:00,99.191
37,26.04 12:00,100.011
37,26.04 13:00,101.508
37,26.04 14:00,99.406
37,26.04 15:00,96.007
37,26.04 16:00,98.895
37,26.04 17:00,95.027
37,26.04 18:00,94.343
37,26.04 19:00,92.268
37,26.04 20:00,90.613
37,26.04 21:00,85.517
37,26.04 22:00,81.014
37,26.04 23:00,77.66
37,27.04 00:00,82.805
37,27.04 01:00,86.55
37,27.04 02:00,86.701
37,27.04 03:00,85.908
37,27.04 04:00,85.877
37,27.04 05:00,84.792
37,27.04 06:00,83.359
37,27.04 07:00,83.435
37,27.04 08:00,87.35
37,27.04 09:00,92.358
37,27.04 10:00,99.126
37,27.04 11:00,103.944
37,27.04 12:00,106.869
37,27.04 13:00,105.567
37,27.04 14:00,106.653
37,27.04 15:00,102.971
37,27.04 16:00,100.971
37,27.04 17:00,94.953
37,27.04 18:00,90.639
37,27.04 19:00,89.698
37,27.04 20:00,85.931
37,27.04 21:00,83.122
37,27.04 22:00,78.634
37,27.04 23:00,77.446
37,28.04 00:00,82.352
37,28.04 01:00,82.064
37,28.04 02:00,82.225
37,28.04 03:00,84.319
37,28.04 04:00,85.824
37,28.04 05:00,84.538
37,28.04 06:00,81.275
37,28.04 07:00,82.358
37,28.04 08:00,86.038
37,28.04 09:00,91.154
37,28.04 10:00,97.242
37,28.04 11:00,101.293
37,28.04 12:00,102.24
37,28.04 13:00,100.953
37,28.04 14:00,102.103
37,28.04 15:00,100.271
37,28.04 16:00,99.184
37,28.04 17:00,95.086
37,28.04 18:00,91.872
37,28.04 19:00,89.499
37,28.04 20:00,87.228
37,28.04 21:00,87.07
37,28.04 22:00,85.502
37,28.04 23:00,82.356
37,29.04 00:00,87.156
37,29.04 01:00,90.808
37,29.04 02:00,88.705
37,29.04 03:00,88.706
37,29.04 04:00,87.807
37,29.04 05:00,86.996
37,29.04 06:00,85.374
37,29.04 07:00,85.193
37,29.04 08:00,90.339
37,29.04 09:00,93.038
37,29.04 10:00,96.893
37,29.04 11:00,98.933
37,29.04 12:00,99.081
37,29.04 13:00,101.704
37,29.04 14:00,102.251
37,29.04 15:00,98.415
37,29.04 16:00,94.185
37,29.04 17:00,90.613
37,29.04 18:00,86.934
37,29.04 19:00,84.994
37,29.04 20:00,85.145
37,29.04 21:00,83.477
37,29.04 22:00,76.355
37,29.04 23:00,77.482
37,30.04 00:00,82.726
37,30.04 01:00,82.168
37,30.04 02:00,83.137
37,30.04 03:00,87.041
37,30.04 04:00,84.307
37,30.04 05:00,83.335
37,30.04 06:00,82.278
37,30.04 07:00,79.948
37,30.04 08:00,77.862
37,30.04 09:00,77.85
37,30.04 10:00,79.203
37,30.04 11:00,81.231
37,30.04 12:00,82.025
37,30.04 13:00,81.388
37,30.04 14:00,81.829
37,30.04 15:00,81.979
37,30.04 16:00,79.45
37,30.04 17:00,79.958
37,30.04 18:00,83.073
37,30.04 19:00,83.043
37,30.04 20:00,84.157
37,30.04 21:00,85.35
37,30.04 22:00,81.077
37,30.04 23:00,78.138
37,01.05 00:00,83.526
37,01.05 01:00,83.635
37,01.05 02:00,83.129
37,01.05 03:00,83.306
37,01.05 04:00,83.087
37,01.05 05:00,82.396
37,01.05 06:00,82.061
37,01.05 07:00,81.874
37,01.05 08:00,81.912
37,01.05 09:00,83.8
37,01.05 10:00,83.315
37,01.05 11:00,83.575
37,01.05 12:00,85.202
37,01.05 13:00,85.191
37,01.05 14:00,82.07
37,01.05 15:00,88.387
37,01.05 16:00,86.15
37,01.05 17:00,86.15
37,01.05 18:00,83.592
37,01.05 19:00,78.686
37,01.05 20:00,79.979
37,01.05 21:00,79.1
37,01.05 22:00,76.751
37,01.05 23:00,76.818
37,02.05 00:00,80.116
37,02.05 01:00,79.987
37,02.05 02:00,63.008
37,02.05 03:00,42.005
37,02.05 04:00,83.919
37,02.05 05:00,83.678
37,02.05 06:00,81.789
37,02.05 07:00,77.565
37,02.05 08:00,83.874
37,02.05 09:00,90.19
37,02.05 10:00,96.999
37,02.05 11:00,99.879
37,02.05 12:00,100.438
37,02.05 13:00,102.161
37,02.05 14:00,100.914
37,02.05 15:00,98.649
37,02.05 16:00,93.559
37,02.05 17:00,87.759
37,02.05 18:00,86.273
37,02.05 19:00,84.001
37,02.05 20:00,81.838
37,02.05 21:00,80.434
37,02.05 22:00,77.33
37,02.05 23:00,75.256
37,03.05 00:00,79.681
37,03.05 01:00,81.294
37,03.05 02:00,81.976
37,03.05 03:00,84.026
37,03.05 04:00,80.155
37,03.05 05:00,79.887
37,03.05 06:00,83.024
37,03.05 07:00,77.369
37,03.05 08:00,84.536
37,03.05 09:00,91.928
37,03.05 10:00,97.421
37,03.05 11:00,100.015
37,03.05 12:00,102.369
37,03.05 13:00,99.468
37,03.05 14:00,100.69
37,03.05 15:00,98.666
37,03.05 16:00,96.722
37,03.05 17:00,93.241
37,03.05 18:00,90.26
37,03.05 19:00,88.041
37,03.05 20:00,85.559
37,03.05 21:00,86.133
37,03.05 22:00,81.972
37,03.05 23:00,78.24
37,04.05 00:00,60.984
37,04.05 01:00,82.866
37,04.05 02:00,82.855
37,04.05 03:00,83.255
37,04.05 04:00,81.538
37,04.05 05:00,80.001
37,04.05 06:00,77.388
37,04.05 07:00,77.158
37,04.05 08:00,81.212
37,04.05 09:00,91.017
37,04.05 10:00,97.149
37,04.05 11:00,97.978
37,04.05 12:00,97.193
37,04.05 13:00,101.025
37,04.05 14:00,101.827
37,04.05 15:00,99.014
37,04.05 16:00,96.791
37,04.05 17:00,89.761
37,04.05 18:00,84.768
37,04.05 19:00,84.24
37,04.05 20:00,80.329
37,04.05 21:00,79.049
37,04.05 22:00,76.99
37,04.05 23:00,75.245
37,05.05 00:00,80.454
37,05.05 01:00,81.278
37,05.05 02:00,80.894
37,05.05 03:00,80.045
37,05.05 04:00,80.032
37,05.05 05:00,77.82
37,05.05 06:00,76.358
37,05.05 07:00,76.97
37,05.05 08:00,81.809
37,05.05 09:00,92.46
37,05.05 10:00,97.284
37,05.05 11:00,100.149
37,05.05 12:00,99.629
37,05.05 13:00,100.185
37,05.05 14:00,100.537
37,05.05 15:00,99.347
37,05.05 16:00,96.27
37,05.05 17:00,88.613
37,05.05 18:00,85.95
37,05.05 19:00,85.777
37,05.05 20:00,84.478
37,05.05 21:00,83.118
37,05.05 22:00,80.315
37,05.05 23:00,80.758
37,06.05 00:00,83.203
37,06.05 01:00,83.238
37,06.05 02:00,82.41
37,06.05 03:00,80.955
37,06.05 04:00,79.812
37,06.05 05:00,78.979
37,06.05 06:00,81.169
37,06.05 07:00,77.653
37,06.05 08:00,80.653
37,06.05 09:00,90.042
37,06.05 10:00,95.355
37,06.05 11:00,99.414
37,06.05 12:00,94.144
37,06.05 13:00,94.399
37,06.05 14:00,97.252
37,06.05 15:00,96.608
37,06.05 16:00,93.231
37,06.05 17:00,87.529
37,06.05 18:00,81.6
37,06.05 19:00,79.788
37,06.05 20:00,78.369
37,06.05 21:00,82.188
37,06.05 22:00,77.133
37,06.05 23:00,76.484
37,07.05 00:00,81.268
37,07.05 01:00,81.046
37,07.05 02:00,81.867
37,07.05 03:00,80.918
37,07.05 04:00,80.744
37,07.05 05:00,81.009
37,07.05 06:00,79.76
37,07.05 07:00,78.989
37,07.05 08:00,78.975
37,07.05 09:00,75.492
37,07.05 10:00,78.523
37,07.05 11:00,80.954
37,07.05 12:00,81.445
37,07.05 13:00,81.118
37,07.05 14:00,80.882
37,07.05 15:00,78.874
37,07.05 16:00,75.469
37,07.05 17:00,75.161
37,07.05 18:00,74.354
37,07.05 19:00,75.848
37,07.05 20:00,76.281
37,07.05 21:00,76.24
37,07.05 22:00,73.23
37,07.05 23:00,72.762
37,08.05 00:00,76.54
37,08.05 01:00,76.743
37,08.05 02:00,78.839
37,08.05 03:00,81.306
37,08.05 04:00,80.974
37,08.05 05:00,81.18
37,08.05 06:00,80.007
37,08.05 07:00,79.919
37,08.05 08:00,76.813
37,08.05 09:00,75.553
37,08.05 10:00,75.304
37,08.05 11:00,76.427
37,08.05 12:00,79.024
37,08.05 13:00,78.683
37,08.05 14:00,77.087
37,08.05 15:00,77.661
37,08.05 16:00,76.888
37,08.05 17:00,77.78
37,08.05 18:00,76.304
37,08.05 19:00,76.473
37,08.05 20:00,76.459
37,08.05 21:00,76.168
37,08.05 22:00,73.55
37,08.05 23:00,72.701
37,09.05 00:00,76.919
37,09.05 01:00,38.259
37,09.05 02:00,40.587
37,09.05 03:00,41.235
37,09.05 04:00,40.976
37,09.05 05:00,81.066
37,09.05 06:00,79.278
37,09.05 07:00,76.827
37,09.05 08:00,81.158
37,09.05 09:00,88.304
37,09.05 10:00,95.16
37,09.05 11:00,96.309
37,09.05 12:00,97.466
37,09.05 13:00,98.249
37,09.05 14:00,99.963
37,09.05 15:00,100.472
37,09.05 16:00,97.735
37,09.05 17:00,90.55
37,09.05 18:00,85.817
37,09.05 19:00,83.523
37,09.05 20:00,83.094
37,09.05 21:00,82.613
37,09.05 22:00,79.713
37,09.05 23:00,76.86
37,10.05 00:00,82.029
37,10.05 01:00,80.266
37,10.05 02:00,80.586
37,10.05 03:00,80.925
37,10.05 04:00,79.016
37,10.05 05:00,77.162
37,10.05 06:00,75.34
37,10.05 07:00,75.661
37,10.05 08:00,78.075
37,10.05 09:00,89.455
37,10.05 10:00,93.872
37,10.05 11:00,97.009
37,10.05 12:00,96.378
37,10.05 13:00,96.251
37,10.05 14:00,100.85
37,10.05 15:00,101.009
37,10.05 16:00,98.627
37,10.05 17:00,93.648
37,10.05 18:00,87.346
37,10.05 19:00,84.142
37,10.05 20:00,83.732
37,10.05 21:00,80.931
37,10.05 22:00,77.871
37,10.05 23:00,78.523
37,11.05 00:00,82.334
37,11.05 01:00,85.08
37,11.05 02:00,84.796
37,11.05 03:00,85.514
37,11.05 04:00,81.789
37,11.05 05:00,80.936
37,11.05 06:00,78.295
37,11.05 07:00,82.0
37,11.05 08:00,86.781
37,11.05 09:00,92.474
37,11.05 10:00,96.671
37,11.05 11:00,97.2
37,11.05 12:00,97.14
37,11.05 13:00,98.837
37,11.05 14:00,98.766
37,11.05 15:00,104.448
37,11.05 16:00,99.117
37,11.05 17:00,90.528
37,11.05 18:00,86.13
37,11.05 19:00,84.863
37,11.05 20:00,82.061
37,11.05 21:00,81.464
37,11.05 22:00,77.39
37,11.05 23:00,76.832
37,12.05 00:00,82.555
37,12.05 01:00,83.065
37,12.05 02:00,80.873
37,12.05 03:00,82.164
37,12.05 04:00,80.267
37,12.05 05:00,79.275
37,12.05 06:00,77.395
37,12.05 07:00,77.955
37,12.05 08:00,85.973
37,12.05 09:00,93.018
37,12.05 10:00,97.719
37,12.05 11:00,101.821
37,12.05 12:00,101.879
37,12.05 13:00,101.679
37,12.05 14:00,109.968
37,12.05 15:00,106.313
37,12.05 16:00,99.364
37,12.05 17:00,93.099
37,12.05 18:00,90.889
37,12.05 19:00,91.024
37,12.05 20:00,88.357
37,12.05 21:00,84.018
37,12.05 22:00,79.536
37,12.05 23:00,79.231
37,13.05 00:00,84.349
37,13.05 01:00,85.008
37,13.05 02:00,84.556
37,13.05 03:00,84.32
37,13.05 04:00,81.997
37,13.05 05:00,80.574
37,13.05 06:00,79.036
37,13.05 07:00,80.744
37,13.05 08:00,87.82
37,13.05 09:00,95.993
37,13.05 10:00,99.574
37,13.05 11:00,102.787
37,13.05 12:00,100.784
37,13.05 13:00,101.937
37,13.05 14:00,105.321
37,13.05 15:00,104.719
37,13.05 16:00,102.908
37,13.05 17:00,91.361
37,13.05 18:00,86.921
37,13.05 19:00,85.428
37,13.05 20:00,86.41
37,13.05 21:00,84.186
37,13.05 22:00,78.318
37,13.05 23:00,77.443
37,14.05 00:00,59.34
37,14.05 01:00,83.29
37,14.05 02:00,82.54
37,14.05 03:00,82.839
37,14.05 04:00,82.207
37,14.05 05:00,81.792
37,14.05 06:00,79.613
37,14.05 07:00,79.843
37,14.05 08:00,80.016
37,14.05 09:00,83.487
37,14.05 10:00,88.619
37,14.05 11:00,88.515
37,14.05 12:00,90.239
37,14.05 13:00,89.825
37,14.05 14:00,91.327
37,14.05 15:00,89.847
37,14.05 16:00,92.834
37,14.05 17:00,88.956
37,14.05 18:00,84.529
37,14.05 19:00,80.394
37,14.05 20:00,79.943
37,14.05 21:00,79.323
37,14.05 22:00,76.735
37,14.05 23:00,75.533
37,15.05 00:00,82.171
37,15.05 01:00,81.203
37,15.05 02:00,81.852
37,15.05 03:00,80.897
37,15.05 04:00,80.033
37,15.05 05:00,80.448
37,15.05 06:00,77.85
37,15.05 07:00,78.076
37,15.05 08:00,79.346
37,15.05 09:00,79.764
37,15.05 10:00,81.342
37,15.05 11:00,80.548
37,15.05 12:00,84.219
37,15.05 13:00,83.02
37,15.05 14:00,86.999
37,15.05 15:00,84.795
37,15.05 16:00,85.097
37,15.05 17:00,82.43
37,15.05 18:00,81.914
37,15.05 19:00,80.763
37,15.05 20:00,79.497
37,15.05 21:00,79.556
37,15.05 22:00,77.181
37,15.05 23:00,76.432
37,16.05 00:00,82.02
37,16.05 01:00,61.149
37,16.05 02:00,20.54
37,16.05 03:00,40.089
37,16.05 04:00,40.326
37,16.05 05:00,80.204
37,16.05 06:00,77.89
37,16.05 07:00,77.578
37,16.05 08:00,80.324
37,16.05 09:00,91.112
37,16.05 10:00,98.211
37,16.05 11:00,103.423
37,16.05 12:00,108.035
37,16.05 13:00,107.735
37,16.05 14:00,104.966
37,16.05 15:00,101.454
37,16.05 16:00,101.841
37,16.05 17:00,94.251
37,16.05 18:00,89.761
37,16.05 19:00,87.352
37,16.05 20:00,86.447
37,16.05 21:00,88.904
37,16.05 22:00,84.035
37,16.05 23:00,82.129
37,17.05 00:00,86.754
37,17.05 01:00,87.187
37,17.05 02:00,85.944
37,17.05 03:00,85.016
37,17.05 04:00,85.064
37,17.05 05:00,81.782
37,17.05 06:00,79.8
37,17.05 07:00,80.145
37,17.05 08:00,85.167
37,17.05 09:00,93.465
37,17.05 10:00,97.803
37,17.05 11:00,97.152
37,17.05 12:00,99.211
37,17.05 13:00,102.834
37,17.05 14:00,102.827
37,17.05 15:00,101.45
37,17.05 16:00,96.06
37,17.05 17:00,89.91
37,17.05 18:00,91.234
37,17.05 19:00,91.171
37,17.05 20:00,89.474
37,17.05 21:00,87.368
37,17.05 22:00,81.515
37,17.05 23:00,79.421
37,18.05 00:00,85.496
37,18.05 01:00,86.069
37,18.05 02:00,84.495
37,18.05 03:00,83.515
37,18.05 04:00,83.289
37,18.05 05:00,81.809
37,18.05 06:00,79.559
37,18.05 07:00,78.448
37,18.05 08:00,81.347
37,18.05 09:00,91.261
37,18.05 10:00,94.843
37,18.05 11:00,100.073
37,18.05 12:00,101.251
37,18.05 13:00,100.737
37,18.05 14:00,104.458
37,18.05 15:00,102.815
37,18.05 16:00,99.042
37,18.05 17:00,94.25
37,18.05 18:00,91.077
37,18.05 19:00,90.122
37,18.05 20:00,88.833
37,18.05 21:00,88.337
37,18.05 22:00,83.461
37,18.05 23:00,81.892
37,19.05 00:00,85.809
37,19.05 01:00,86.614
37,19.05 02:00,86.218
37,19.05 03:00,85.602
37,19.05 04:00,82.641
37,19.05 05:00,81.699
37,19.05 06:00,80.26
37,19.05 07:00,80.931
37,19.05 08:00,87.75
37,19.05 09:00,93.539
37,19.05 10:00,93.846
37,19.05 11:00,96.096
37,19.05 12:00,97.677
37,19.05 13:00,97.775
37,19.05 14:00,101.81
37,19.05 15:00,99.252
37,19.05 16:00,95.911
37,19.05 17:00,92.551
37,19.05 18:00,89.94
37,19.05 19:00,89.346
37,19.05 20:00,88.531
37,19.05 21:00,84.467
37,19.05 22:00,78.786
37,19.05 23:00,80.112
37,20.05 00:00,83.797
37,20.05 01:00,85.88
37,20.05 02:00,85.504
37,20.05 03:00,84.574
37,20.05 04:00,83.545
37,20.05 05:00,82.037
37,20.05 06:00,79.306
37,20.05 07:00,80.205
37,20.05 08:00,83.035
37,20.05 09:00,90.732
37,20.05 10:00,96.155
37,20.05 11:00,97.722
37,20.05 12:00,95.447
37,20.05 13:00,96.932
37,20.05 14:00,99.247
37,20.05 15:00,100.439
37,20.05 16:00,98.696
37,20.05 17:00,95.058
37,20.05 18:00,88.302
37,20.05 19:00,86.176
37,20.05 20:00,85.899
37,20.05 21:00,84.153
37,20.05 22:00,79.755
37,20.05 23:00,79.791
37,21.05 00:00,85.303
37,21.05 01:00,86.038
37,21.05 02:00,85.333
37,21.05 03:00,84.339
37,21.05 04:00,84.464
37,21.05 05:00,84.52
37,21.05 06:00,81.615
37,21.05 07:00,82.438
37,21.05 08:00,81.431
37,21.05 09:00,82.228
37,21.05 10:00,84.642
37,21.05 11:00,85.437
37,21.05 12:00,87.336
37,21.05 13:00,87.145
37,21.05 14:00,87.405
37,21.05 15:00,87.974
37,21.05 16:00,87.617
37,21.05 17:00,88.87
37,21.05 18:00,87.22
37,21.05 19:00,86.224
37,21.05 20:00,82.124
37,21.05 21:00,81.308
37,21.05 22:00,80.796
37,21.05 23:00,81.771
37,22.05 00:00,85.877
37,22.05 01:00,86.829
37,22.05 02:00,86.288
37,22.05 03:00,86.409
37,22.05 04:00,84.492
37,22.05 05:00,83.374
37,22.05 06:00,81.898
37,22.05 07:00,82.483
37,22.05 08:00,80.91
37,22.05 09:00,81.78
37,22.05 10:00,81.485
37,22.05 11:00,84.075
37,22.05 12:00,87.272
37,22.05 13:00,87.868
37,22.05 14:00,86.277
37,22.05 15:00,86.054
37,22.05 16:00,85.932
37,22.05 17:00,84.527
37,22.05 18:00,84.105
37,22.05 19:00,82.495
37,22.05 20:00,83.279
37,22.05 21:00,82.303
37,22.05 22:00,79.924
37,22.05 23:00,79.422
37,23.05 00:00,62.497
37,23.05 01:00,21.111
37,23.05 03:00,21.087
37,23.05 04:00,21.648
37,23.05 05:00,86.631
37,23.05 06:00,84.248
37,23.05 07:00,82.056
37,23.05 08:00,87.449
37,23.05 09:00,91.269
37,23.05 10:00,97.134
37,23.05 11:00,98.221
37,23.05 12:00,97.942
37,23.05 13:00,99.473
37,23.05 14:00,101.568
37,23.05 15:00,98.235
37,23.05 16:00,92.58
37,23.05 17:00,90.017
37,23.05 18:00,86.979
37,23.05 19:00,85.871
37,23.05 20:00,86.668
37,23.05 21:00,86.208
37,23.05 22:00,82.949
37,23.05 23:00,78.734
37,24.05 00:00,83.331
37,24.05 01:00,86.992
37,24.05 02:00,86.476
37,24.05 03:00,86.064
37,24.05 04:00,83.156
37,24.05 05:00,81.99
37,24.05 06:00,80.431
37,24.05 07:00,80.748
37,24.05 08:00,86.286
37,24.05 09:00,91.64
37,24.05 10:00,97.191
37,24.05 11:00,101.232
37,24.05 12:00,102.833
37,24.05 13:00,103.299
37,24.05 14:00,105.418
37,24.05 15:00,105.986
37,24.05 16:00,102.29
37,24.05 17:00,97.494
37,24.05 18:00,96.687
37,24.05 19:00,90.108
37,24.05 20:00,89.155
37,24.05 21:00,88.08
37,24.05 22:00,83.473
37,24.05 23:00,80.628
37,25.05 00:00,81.973
37,25.05 01:00,83.811
37,25.05 02:00,83.808
37,25.05 03:00,83.818
37,25.05 04:00,82.427
37,25.05 05:00,83.594
37,25.05 06:00,81.875
37,25.05 07:00,80.243
37,25.05 08:00,81.817
37,25.05 09:00,91.3
37,25.05 10:00,97.365
37,25.05 11:00,98.972
37,25.05 12:00,98.501
37,25.05 13:00,99.219
37,25.05 14:00,102.36
37,25.05 15:00,101.054
37,25.05 16:00,99.123
37,25.05 17:00,93.241
37,25.05 18:00,91.242
37,25.05 19:00,90.51
37,25.05 20:00,90.784
37,25.05 21:00,89.222
37,25.05 22:00,84.846
37,25.05 23:00,79.844
37,26.05 00:00,83.315
37,26.05 01:00,84.691
37,26.05 02:00,83.508
37,26.05 03:00,82.11
37,26.05 04:00,84.715
37,26.05 05:00,85.238
37,26.05 06:00,83.324
37,26.05 07:00,79.859
37,26.05 08:00,82.149
37,26.05 09:00,87.574
37,26.05 10:00,93.712
37,26.05 11:00,96.356
37,26.05 12:00,99.291
37,26.05 13:00,99.454
37,26.05 14:00,99.356
37,26.05 15:00,100.182
37,26.05 16:00,96.291
37,26.05 17:00,91.415
37,26.05 18:00,89.19
37,26.05 19:00,88.598
37,26.05 20:00,88.589
37,26.05 21:00,88.291
37,26.05 22:00,87.758
37,26.05 23:00,84.734
37,27.05 00:00,82.829
37,27.05 01:00,82.393
37,27.05 02:00,81.663
37,27.05 03:00,81.498
37,27.05 04:00,80.751
37,27.05 05:00,79.172
37,27.05 06:00,83.207
37,27.05 07:00,83.101
37,27.05 08:00,84.278
37,27.05 09:00,91.1
37,27.05 10:00,96.211
37,27.05 11:00,98.584
37,27.05 12:00,95.365
37,27.05 13:00,100.069
37,27.05 14:00,96.177
37,27.05 15:00,93.459
37,27.05 16:00,91.75
37,27.05 17:00,91.367
37,27.05 18:00,89.484
37,27.05 19:00,86.322
37,27.05 20:00,86.651
37,27.05 21:00,86.941
37,27.05 22:00,83.309
37,27.05 23:00,81.177
37,28.05 00:00,80.664
37,28.05 01:00,80.62
37,28.05 02:00,81.378
37,28.05 03:00,80.69
37,28.05 04:00,79.855
37,28.05 05:00,82.594
37,28.05 06:00,82.381
37,28.05 07:00,82.629
37,28.05 08:00,83.441
37,28.05 09:00,85.111
37,28.05 10:00,85.459
37,28.05 11:00,85.207
37,28.05 12:00,85.433
37,28.05 13:00,85.671
37,28.05 14:00,85.646
37,28.05 15:00,85.645
37,28.05 16:00,86.103
37,28.05 17:00,85.597
37,28.05 18:00,85.396
37,28.05 19:00,86.097
37,28.05 20:00,85.114
37,28.05 21:00,85.662
37,28.05 22:00,83.353
37,28.05 23:00,82.893
37,29.05 00:00,82.173
37,29.05 01:00,80.74
37,29.05 02:00,80.892
37,29.05 03:00,80.844
37,29.05 04:00,81.449
37,29.05 05:00,80.615
37,29.05 06:00,83.491
37,29.05 07:00,82.831
37,29.05 08:00,84.656
37,29.05 09:00,86.404
37,29.05 10:00,86.515
37,29.05 11:00,86.614
37,29.05 12:00,86.119
37,29.05 13:00,86.827
37,29.05 14:00,85.889
37,29.05 15:00,85.674
37,29.05 16:00,86.254
37,29.05 17:00,86.382
37,29.05 18:00,85.63
37,29.05 19:00,84.993
37,29.05 20:00,85.236
37,29.05 21:00,84.372
37,29.05 22:00,81.838
37,29.05 23:00,80.767
37,30.05 00:00,60.345
37,30.05 01:00,79.645
37,30.05 02:00,80.197
37,30.05 03:00,79.274
37,30.05 04:00,79.999
37,30.05 05:00,60.07
37,30.05 06:00,77.416
37,30.05 07:00,77.011
37,30.05 08:00,77.202
37,30.05 09:00,78.617
37,30.05 10:00,77.741
37,30.05 11:00,79.229
37,30.05 12:00,79.758
37,30.05 13:00,80.841
37,30.05 14:00,81.634
37,30.05 15:00,80.619
37,30.05 16:00,80.39
37,30.05 17:00,79.792
37,30.05 18:00,77.689
37,30.05 19:00,77.537
37,30.05 20:00,79.683
37,30.05 21:00,80.439
37,30.05 22:00,80.971
37,30.05 23:00,81.539
37,31.05 00:00,80.882
37,31.05 01:00,81.777
37,31.05 02:00,81.866
37,31.05 03:00,80.291
37,31.05 04:00,79.645
37,31.05 05:00,78.986
37,31.05 06:00,86.838
37,31.05 07:00,87.017
37,31.05 08:00,90.565
37,31.05 09:00,94.582
37,31.05 10:00,97.695
37,31.05 11:00,101.094
37,31.05 12:00,101.605
37,31.05 13:00,102.665
37,31.05 14:00,103.752
37,31.05 15:00,102.975
37,31.05 16:00,102.003
37,31.05 17:00,97.905
37,31.05 18:00,95.229
37,31.05 19:00,89.413
37,31.05 20:00,91.655
37,31.05 21:00,90.21
37,31.05 22:00,87.951
37,31.05 23:00,85.143
37,01.06 00:00,82.698
37,01.06 01:00,82.623
37,01.06 02:00,85.224
37,01.06 03:00,84.861
37,01.06 04:00,83.073
37,01.06 05:00,81.12
37,01.06 06:00,91.293
37,01.06 07:00,86.894
37,01.06 08:00,88.901
37,01.06 09:00,94.821
37,01.06 10:00,98.77
37,01.06 11:00,103.881
37,01.06 12:00,102.549
37,01.06 13:00,103.828
37,01.06 14:00,109.884
37,01.06 15:00,107.271
37,01.06 16:00,105.504
37,01.06 17:00,98.633
37,01.06 18:00,94.551
37,01.06 19:00,93.969
37,01.06 20:00,94.915
37,01.06 21:00,91.406
37,01.06 22:00,85.825
37,01.06 23:00,83.067
37,02.06 00:00,84.765
37,02.06 01:00,85.79
37,02.06 02:00,84.818
37,02.06 03:00,84.555
37,02.06 04:00,82.572
37,02.06 05:00,80.736
37,02.06 06:00,85.532
37,02.06 07:00,86.083
37,02.06 08:00,91.415
37,02.06 09:00,97.538
37,02.06 10:00,99.125
37,02.06 11:00,101.117
37,02.06 12:00,104.569
37,02.06 13:00,104.844
37,02.06 14:00,107.982
37,02.06 15:00,105.636
37,02.06 16:00,103.268
37,02.06 17:00,99.564
37,02.06 18:00,95.535
37,02.06 19:00,94.168
37,02.06 20:00,93.109
37,02.06 21:00,92.934
37,02.06 22:00,87.474
37,02.06 23:00,85.93
37,03.06 00:00,84.658
37,03.06 01:00,85.039
37,03.06 02:00,86.633
37,03.06 03:00,85.168
37,03.06 04:00,84.601
37,03.06 05:00,83.551
37,03.06 06:00,87.927
37,03.06 07:00,89.112
37,03.06 08:00,94.399
37,03.06 09:00,98.184
37,03.06 10:00,102.187
37,03.06 11:00,103.686
37,03.06 12:00,102.894
37,03.06 13:00,106.352
37,03.06 14:00,106.09
37,03.06 15:00,104.872
37,03.06 16:00,103.9
37,03.06 17:00,97.526
37,03.06 18:00,95.528
37,03.06 19:00,94.928
37,03.06 20:00,94.64
37,03.06 21:00,95.554
37,03.06 22:00,91.472
37,03.06 23:00,89.8
37,04.06 00:00,88.752
37,04.06 01:00,87.976
37,04.06 02:00,88.492
37,04.06 03:00,86.886
37,04.06 04:00,88.054
37,04.06 05:00,86.691
37,04.06 06:00,88.188
37,04.06 07:00,86.69
37,04.06 08:00,88.999
37,04.06 09:00,90.775
37,04.06 10:00,92.266
37,04.06 11:00,93.713
37,04.06 12:00,94.538
37,04.06 13:00,93.082
37,04.06 14:00,92.367
37,04.06 15:00,92.981
37,04.06 16:00,92.376
37,04.06 17:00,92.346
37,04.06 18:00,91.229
37,04.06 19:00,89.646
37,04.06 20:00,89.551
37,04.06 21:00,89.283
37,04.06 22:00,85.818
37,04.06 23:00,85.133
37,05.06 00:00,83.789
37,05.06 01:00,84.069
37,05.06 02:00,84.458
37,05.06 03:00,83.606
37,05.06 04:00,82.983
37,05.06 05:00,82.775
37,05.06 06:00,84.977
37,05.06 07:00,84.104
37,05.06 08:00,86.329
37,05.06 09:00,87.582
37,05.06 10:00,86.202
37,05.06 11:00,88.484
37,05.06 12:00,88.21
37,05.06 13:00,89.304
37,05.06 14:00,88.438
37,05.06 15:00,89.732
37,05.06 16:00,89.8
37,05.06 17:00,89.111
37,05.06 18:00,89.216
37,05.06 19:00,88.556
37,05.06 20:00,89.358
37,05.06 21:00,87.885
37,05.06 22:00,83.924
37,05.06 23:00,82.279
37,06.06 00:00,81.562
37,06.06 01:00,80.599
37,06.06 02:00,81.278
37,06.06 03:00,80.073
37,06.06 04:00,79.71
37,06.06 05:00,79.853
37,06.06 06:00,84.701
37,06.06 07:00,84.242
37,06.06 08:00,91.374
37,06.06 09:00,98.274
37,06.06 10:00,100.179
37,06.06 11:00,106.976
37,06.06 12:00,107.19
37,06.06 13:00,109.134
37,06.06 14:00,115.321
37,06.06 15:00,114.981
37,06.06 16:00,109.233
37,06.06 17:00,104.471
37,06.06 18:00,100.272
37,06.06 19:00,95.278
37,06.06 20:00,92.241
37,06.06 21:00,91.45
37,06.06 22:00,88.626
37,06.06 23:00,85.283
37,07.06 00:00,83.779
37,07.06 01:00,82.355
37,07.06 02:00,83.718
37,07.06 03:00,84.019
37,07.06 04:00,84.028
37,07.06 05:00,82.676
37,07.06 06:00,87.685
37,07.06 07:00,88.279
37,07.06 08:00,91.517
37,07.06 09:00,95.411
37,07.06 10:00,102.274
37,07.06 11:00,105.217
37,07.06 12:00,103.302
37,07.06 13:00,105.572
37,07.06 14:00,108.176
37,07.06 15:00,107.048
37,07.06 16:00,102.771
37,07.06 17:00,99.132
37,07.06 18:00,98.546
37,07.06 19:00,94.006
37,07.06 20:00,94.249
37,07.06 21:00,93.456
37,07.06 22:00,91.404
37,07.06 23:00,88.187
37,08.06 00:00,87.485
37,08.06 01:00,84.711
37,08.06 02:00,85.122
37,08.06 03:00,84.667
37,08.06 04:00,85.441
37,08.06 05:00,82.894
37,08.06 06:00,88.792
37,08.06 07:00,90.42
37,08.06 08:00,93.419
37,08.06 09:00,97.339
37,08.06 10:00,102.873
37,08.06 11:00,106.243
37,08.06 12:00,107.343
37,08.06 13:00,110.052
37,08.06 14:00,111.636
37,08.06 15:00,112.837
37,08.06 16:00,107.221
37,08.06 17:00,105.023
37,08.06 18:00,102.234
37,08.06 19:00,99.454
37,08.06 20:00,97.23
37,08.06 21:00,96.404
37,08.06 22:00,91.608
37,08.06 23:00,92.65
37,09.06 00:00,87.513
37,09.06 01:00,87.19
37,09.06 02:00,81.801
37,09.06 03:00,82.261
37,09.06 04:00,82.567
37,09.06 05:00,81.684
37,09.06 06:00,87.188
37,09.06 07:00,86.057
37,09.06 08:00,92.322
37,09.06 09:00,98.222
37,09.06 10:00,101.603
37,09.06 11:00,103.598
37,09.06 12:00,105.131
37,09.06 13:00,112.893
37,09.06 14:00,116.075
37,09.06 15:00,116.884
37,09.06 16:00,112.11
37,09.06 17:00,102.554
37,09.06 18:00,98.777
37,09.06 19:00,96.025
37,09.06 20:00,93.182
37,09.06 21:00,93.673
37,09.06 22:00,91.172
37,09.06 23:00,86.582
37,10.06 00:00,83.972
37,10.06 01:00,82.865
37,10.06 02:00,83.863
37,10.06 03:00,82.774
37,10.06 04:00,80.559
37,10.06 05:00,78.619
37,10.06 06:00,82.754
37,10.06 07:00,84.561
37,10.06 08:00,89.486
37,10.06 09:00,92.703
37,10.06 10:00,97.542
37,10.06 11:00,100.901
37,10.06 12:00,99.467
37,10.06 13:00,103.663
37,10.06 14:00,106.252
37,10.06 15:00,103.776
37,10.06 16:00,101.301
37,10.06 17:00,96.142
37,10.06 18:00,91.954
37,10.06 19:00,90.322
37,10.06 20:00,91.407
37,10.06 21:00,92.183
37,10.06 22:00,88.747
37,10.06 23:00,89.022
37,11.06 00:00,85.722
37,11.06 01:00,85.911
37,11.06 02:00,86.05
37,11.06 03:00,85.847
37,11.06 04:00,84.831
37,11.06 05:00,86.661
37,11.06 06:00,90.056
37,11.06 07:00,88.818
37,11.06 08:00,89.439
37,11.06 09:00,89.307
37,11.06 10:00,91.613
37,11.06 11:00,91.519
37,11.06 12:00,90.638
37,11.06 13:00,90.992
37,11.06 14:00,90.821
37,11.06 15:00,90.48
37,11.06 16:00,91.297
37,11.06 17:00,89.644
37,11.06 18:00,88.606
37,11.06 19:00,86.56
37,11.06 20:00,86.497
37,11.06 21:00,86.373
37,11.06 22:00,84.191
37,11.06 23:00,85.303
37,12.06 00:00,85.168
37,12.06 01:00,85.199
37,12.06 02:00,83.049
37,12.06 03:00,82.332
37,12.06 04:00,82.252
37,12.06 05:00,81.568
37,12.06 06:00,83.712
37,12.06 07:00,83.45
37,12.06 08:00,85.437
37,12.06 09:00,87.923
37,12.06 10:00,88.411
37,12.06 11:00,90.583
37,12.06 12:00,91.63
37,12.06 13:00,92.261
37,12.06 14:00,91.589
37,12.06 15:00,92.597
37,12.06 16:00,90.08
37,12.06 17:00,90.526
37,12.06 18:00,88.277
37,12.06 19:00,87.83
37,12.06 20:00,88.763
37,12.06 21:00,88.669
37,12.06 22:00,86.779
37,12.06 23:00,84.964
37,13.06 00:00,83.942
37,13.06 01:00,84.026
37,13.06 02:00,83.867
37,13.06 03:00,85.035
37,13.06 04:00,83.638
37,13.06 05:00,81.892
37,13.06 06:00,87.461
37,13.06 07:00,85.874
37,13.06 08:00,93.07
37,13.06 09:00,97.454
37,13.06 10:00,100.331
37,13.06 11:00,101.657
37,13.06 12:00,102.989
37,13.06 13:00,105.2
37,13.06 14:00,105.705
37,13.06 15:00,104.513
37,13.06 16:00,100.926
37,13.06 17:00,97.64
37,13.06 18:00,93.142
37,13.06 19:00,90.747
37,13.06 20:00,91.817
37,13.06 21:00,89.761
37,13.06 22:00,85.609
37,13.06 23:00,84.501
37,14.06 00:00,82.908
37,14.06 01:00,83.55
37,14.06 02:00,83.4
37,14.06 03:00,82.652
37,14.06 04:00,83.056
37,14.06 05:00,81.426
37,14.06 06:00,85.015
37,14.06 07:00,85.571
37,14.06 08:00,89.931
37,14.06 09:00,96.159
37,14.06 10:00,99.881
37,14.06 11:00,101.564
37,14.06 12:00,102.926
37,14.06 13:00,106.944
37,14.06 14:00,107.038
37,14.06 15:00,104.657
37,14.06 16:00,102.807
37,14.06 17:00,95.934
37,14.06 18:00,92.825
37,14.06 19:00,91.404
37,14.06 20:00,91.05
37,14.06 21:00,89.428
37,14.06 22:00,87.196
37,14.06 23:00,86.319
37,15.06 00:00,84.01
37,15.06 01:00,84.736
37,15.06 02:00,85.44
37,15.06 03:00,86.297
37,15.06 04:00,83.765
37,15.06 05:00,82.129
37,15.06 06:00,86.996
37,15.06 07:00,87.894
37,15.06 08:00,92.863
37,15.06 09:00,96.984
37,15.06 10:00,102.676
37,15.06 11:00,105.056
37,15.06 12:00,101.942
37,15.06 13:00,104.424
37,15.06 14:00,107.576
37,15.06 15:00,106.147
37,15.06 16:00,108.684
37,15.06 17:00,100.046
37,15.06 18:00,92.529
37,15.06 19:00,91.095
37,15.06 20:00,89.563
37,15.06 21:00,85.747
37,15.06 22:00,81.22
37,15.06 23:00,80.919
37,16.06 00:00,80.204
37,16.06 01:00,79.199
37,16.06 02:00,81.176
37,16.06 03:00,82.509
37,16.06 04:00,82.156
37,16.06 05:00,80.198
37,16.06 06:00,84.788
37,16.06 07:00,86.233
37,16.06 08:00,91.648
37,16.06 09:00,95.716
37,16.06 10:00,97.086
37,16.06 11:00,100.22
37,16.06 12:00,101.199
37,16.06 13:00,104.034
37,16.06 14:00,102.368
37,16.06 15:00,100.409
37,16.06 16:00,97.7
37,16.06 17:00,93.234
37,16.06 18:00,91.247
37,16.06 19:00,89.415
37,16.06 20:00,90.039
37,16.06 21:00,89.148
37,16.06 22:00,85.82
37,16.06 23:00,85.166
37,17.06 00:00,84.222
37,17.06 01:00,85.092
37,17.06 02:00,85.766
37,17.06 03:00,83.585
37,17.06 04:00,85.159
37,17.06 05:00,82.803
37,17.06 06:00,87.826
37,17.06 07:00,89.552
37,17.06 08:00,92.203
37,17.06 09:00,95.288
37,17.06 10:00,97.587
37,17.06 11:00,98.454
37,17.06 12:00,97.51
37,17.06 13:00,99.887
37,17.06 14:00,100.906
37,17.06 15:00,98.912
37,17.06 16:00,98.513
37,17.06 17:00,93.211
37,17.06 18:00,88.41
37,17.06 19:00,86.492
37,17.06 20:00,87.031
37,17.06 21:00,86.644
37,17.06 22:00,84.446
37,17.06 23:00,82.655
37,18.06 00:00,82.596
37,18.06 01:00,81.932
37,18.06 02:00,82.845
37,18.06 03:00,82.552
37,18.06 04:00,82.184
37,18.06 05:00,81.377
37,18.06 06:00,83.843
37,18.06 07:00,83.885
37,18.06 08:00,86.743
37,18.06 09:00,87.351
37,18.06 10:00,88.372
37,18.06 11:00,88.612
37,18.06 12:00,86.043
37,18.06 13:00,86.616
37,18.06 14:00,87.276
37,18.06 15:00,87.491
37,18.06 16:00,87.632
37,18.06 17:00,87.922
37,18.06 18:00,88.457
37,18.06 19:00,84.439
37,18.06 20:00,86.154
37,18.06 21:00,86.2
37,18.06 22:00,81.977
37,18.06 23:00,82.015
37,19.06 00:00,82.078
37,19.06 01:00,80.68
37,19.06 02:00,81.106
37,19.06 03:00,81.051
37,19.06 04:00,81.083
37,19.06 05:00,80.117
37,19.06 06:00,82.85
37,19.06 07:00,82.02
37,19.06 08:00,85.698
37,19.06 09:00,86.597
37,19.06 10:00,86.813
37,19.06 11:00,87.532
37,19.06 12:00,88.293
37,19.06 13:00,88.306
37,19.06 14:00,88.915
37,19.06 15:00,89.692
37,19.06 16:00,88.36
37,19.06 17:00,90.42
37,19.06 18:00,90.247
37,19.06 19:00,87.238
37,19.06 20:00,87.566
37,19.06 21:00,87.342
37,19.06 22:00,84.724
37,19.06 23:00,83.515
37,20.06 00:00,83.605
37,20.06 01:00,81.838
37,20.06 02:00,82.908
37,20.06 03:00,82.431
37,20.06 04:00,81.743
37,20.06 05:00,81.063
37,20.06 06:00,88.04
37,20.06 07:00,89.257
37,20.06 08:00,91.024
37,20.06 09:00,96.953
37,20.06 10:00,99.793
37,20.06 11:00,103.358
37,20.06 12:00,107.545
37,20.06 13:00,107.963
37,20.06 14:00,106.748
37,20.06 15:00,111.844
37,20.06 16:00,112.991
37,20.06 17:00,105.389
37,20.06 18:00,96.534
37,20.06 19:00,91.208
37,20.06 20:00,90.268
37,20.06 21:00,88.481
37,20.06 22:00,84.074
37,20.06 23:00,82.386
37,21.06 00:00,81.394
37,21.06 01:00,81.362
37,21.06 02:00,82.069
37,21.06 03:00,82.941
37,21.06 04:00,82.434
37,21.06 05:00,81.788
37,21.06 06:00,88.687
37,21.06 07:00,88.913
37,21.06 08:00,92.762
37,21.06 09:00,98.676
37,21.06 10:00,100.047
37,21.06 11:00,98.695
37,21.06 12:00,103.365
37,21.06 13:00,105.209
37,21.06 14:00,105.77
37,21.06 15:00,105.305
37,21.06 16:00,101.3
37,21.06 17:00,99.25
37,21.06 18:00,93.665
37,21.06 19:00,92.029
37,21.06 20:00,93.023
37,21.06 21:00,93.702
37,21.06 22:00,90.482
37,21.06 23:00,87.269
37,22.06 00:00,87.203
37,22.06 01:00,86.252
37,22.06 02:00,82.615
37,22.06 03:00,82.686
37,22.06 04:00,82.55
37,22.06 05:00,80.725
37,22.06 06:00,87.528
37,22.06 07:00,88.977
37,22.06 08:00,91.91
37,22.06 09:00,98.996
37,22.06 10:00,102.899
37,22.06 11:00,104.384
37,22.06 12:00,102.703
37,22.06 13:00,105.809
37,22.06 14:00,106.751
37,22.06 15:00,105.965
37,22.06 16:00,96.43
37,22.06 17:00,93.389
37,22.06 18:00,90.964
37,22.06 19:00,84.234
37,22.06 20:00,88.192
37,22.06 21:00,87.229
37,22.06 22:00,83.705
37,22.06 23:00,81.921
37,23.06 00:00,79.935
37,23.06 01:00,82.132
37,23.06 02:00,80.472
37,23.06 03:00,80.337
37,23.06 04:00,80.947
37,23.06 05:00,80.121
37,23.06 06:00,86.585
37,23.06 07:00,87.148
37,23.06 08:00,93.657
37,23.06 09:00,95.95
37,23.06 10:00,99.72
37,23.06 11:00,103.976
37,23.06 12:00,103.184
37,23.06 13:00,101.518
37,23.06 14:00,105.153
37,23.06 15:00,103.849
37,23.06 16:00,103.67
37,23.06 17:00,98.57
37,23.06 18:00,94.336
37,23.06 19:00,91.812
37,23.06 20:00,93.167
37,23.06 21:00,90.492
37,23.06 22:00,86.068
37,23.06 23:00,85.58
37,24.06 00:00,83.987
37,24.06 01:00,83.314
37,24.06 02:00,83.461
37,24.06 03:00,83.711
37,24.06 04:00,82.041
37,24.06 05:00,80.437
37,24.06 06:00,87.448
37,24.06 07:00,88.634
37,24.06 08:00,91.854
37,24.06 09:00,94.883
37,24.06 10:00,95.818
37,24.06 11:00,96.192
37,24.06 12:00,98.965
37,24.06 13:00,98.996
37,24.06 14:00,100.921
37,24.06 15:00,101.344
37,24.06 16:00,97.648
37,24.06 17:00,92.604
37,24.06 18:00,89.903
37,24.06 19:00,89.794
37,24.06 20:00,90.355
37,24.06 21:00,87.95
37,24.06 22:00,81.137
37,24.06 23:00,79.245
37,25.06 00:00,78.144
37,25.06 01:00,78.015
37,25.06 02:00,77.454
37,25.06 03:00,77.9
37,25.06 04:00,77.692
37,25.06 05:00,77.156
37,25.06 06:00,82.05
37,25.06 07:00,80.741
37,25.06 08:00,84.344
37,25.06 09:00,84.275
37,25.06 10:00,85.673
37,25.06 11:00,88.506
37,25.06 12:00,88.664
37,25.06 13:00,90.125
37,25.06 14:00,91.417
37,25.06 15:00,89.448
37,25.06 16:00,87.93
37,25.06 17:00,86.308
37,25.06 18:00,85.888
37,25.06 19:00,85.182
37,25.06 20:00,84.715
37,25.06 21:00,84.46
37,25.06 22:00,80.57
37,25.06 23:00,79.229
37,26.06 00:00,78.238
37,26.06 01:00,77.51
37,26.06 02:00,79.231
37,26.06 03:00,78.319
37,26.06 04:00,78.91
37,26.06 05:00,78.47
37,26.06 06:00,82.952
37,26.06 07:00,80.589
37,26.06 08:00,84.128
37,26.06 09:00,84.984
37,26.06 10:00,85.218
37,26.06 11:00,84.406
37,26.06 12:00,85.501
37,26.06 13:00,85.073
37,26.06 14:00,84.981
37,26.06 15:00,85.323
37,26.06 16:00,85.802
37,26.06 17:00,85.463
37,26.06 18:00,85.321
37,26.06 19:00,84.794
37,26.06 20:00,84.637
37,26.06 21:00,84.505
37,26.06 22:00,81.384
37,26.06 23:00,80.917
37,27.06 00:00,79.663
37,27.06 01:00,79.041
37,27.06 02:00,78.923
37,27.06 03:00,77.914
37,27.06 04:00,78.112
37,27.06 05:00,77.923
37,27.06 06:00,86.084
37,27.06 07:00,87.739
37,27.06 08:00,91.498
37,27.06 09:00,95.837
37,27.06 10:00,97.267
37,27.06 11:00,98.892
37,27.06 12:00,100.919
37,27.06 13:00,102.343
37,27.06 14:00,103.024
37,27.06 15:00,101.763
37,27.06 16:00,99.649
37,27.06 17:00,97.292
37,27.06 18:00,95.612
37,27.06 19:00,92.801
37,27.06 20:00,92.057
37,27.06 21:00,90.45
37,27.06 22:00,84.778
37,27.06 23:00,83.496
37,28.06 00:00,81.675
37,28.06 01:00,81.209
37,28.06 02:00,81.21
37,28.06 03:00,81.339
37,28.06 04:00,81.526
37,28.06 05:00,80.96
37,28.06 06:00,89.926
37,28.06 07:00,89.641
37,28.06 08:00,94.018
37,28.06 09:00,96.238
37,28.06 10:00,100.248
37,28.06 11:00,102.279
37,28.06 12:00,101.183
37,28.06 13:00,102.64
37,28.06 14:00,105.071
37,28.06 15:00,105.919
37,28.06 16:00,100.171
37,28.06 17:00,94.54
37,28.06 18:00,92.035
37,28.06 19:00,89.55
37,28.06 20:00,85.889
37,28.06 21:00,84.574
37,28.06 22:00,81.139
37,28.06 23:00,79.893
37,29.06 00:00,79.878
37,29.06 01:00,80.397
37,29.06 02:00,80.161
37,29.06 03:00,79.447
37,29.06 04:00,77.891
37,29.06 05:00,76.78
37,29.06 06:00,84.391
37,29.06 07:00,85.507
37,29.06 08:00,89.809
37,29.06 09:00,95.598
37,29.06 10:00,100.012
37,29.06 11:00,102.185
37,29.06 12:00,101.377
37,29.06 13:00,102.628
37,29.06 14:00,103.901
37,29.06 15:00,104.344
37,29.06 16:00,102.545
37,29.06 17:00,97.864
37,29.06 18:00,93.644
37,29.06 19:00,93.03
37,29.06 20:00,92.664
37,29.06 21:00,92.327
37,29.06 22:00,87.555
37,29.06 23:00,85.976
37,30.06 00:00,84.031
37,30.06 01:00,79.918
37,30.06 02:00,80.619
37,30.06 03:00,80.675
37,30.06 04:00,80.772
37,30.06 05:00,80.749
37,30.06 06:00,88.618
37,30.06 07:00,88.43
37,30.06 08:00,93.864
37,30.06 09:00,96.414
37,30.06 10:00,98.008
37,30.06 11:00,100.138
37,30.06 12:00,98.755
37,30.06 13:00,101.197
37,30.06 14:00,103.217
37,30.06 15:00,103.594
37,30.06 16:00,102.268
37,30.06 17:00,101.18
37,30.06 18:00,96.792
37,30.06 19:00,92.606
37,30.06 20:00,92.074
37,30.06 21:00,89.615
37,30.06 22:00,85.018
37,30.06 23:00,84.144
37,01.07 00:00,82.631
37,01.07 01:00,82.416
37,01.07 02:00,83.758
37,01.07 03:00,81.816
37,01.07 04:00,82.046
37,01.07 05:00,80.317
37,01.07 06:00,85.902
37,01.07 07:00,86.657
37,01.07 08:00,85.631
37,01.07 09:00,93.944
37,01.07 10:00,97.186
37,01.07 11:00,102.091
37,01.07 12:00,100.454
37,01.07 13:00,101.113
37,01.07 14:00,102.395
37,01.07 15:00,100.701
37,01.07 16:00,99.364
37,01.07 17:00,94.909
37,01.07 18:00,92.579
37,01.07 19:00,89.367
37,01.07 20:00,87.678
37,01.07 21:00,85.674
37,01.07 22:00,81.039
37,01.07 23:00,80.208
37,02.07 00:00,79.041
37,02.07 01:00,77.451
37,02.07 02:00,78.923
37,02.07 03:00,78.577
37,02.07 04:00,78.242
37,02.07 05:00,78.625
37,02.07 06:00,81.211
37,02.07 07:00,80.168
37,02.07 08:00,83.238
37,02.07 09:00,84.696
37,02.07 10:00,85.334
37,02.07 11:00,84.734
37,02.07 12:00,81.907
37,02.07 13:00,84.926
37,02.07 14:00,84.968
37,02.07 15:00,84.056
37,02.07 16:00,84.622
37,02.07 17:00,83.139
37,02.07 18:00,83.496
37,02.07 19:00,82.301
37,02.07 20:00,82.234
37,02.07 21:00,83.166
37,02.07 22:00,79.896
37,02.07 23:00,78.331
37,03.07 00:00,77.794
37,03.07 01:00,77.62
37,03.07 02:00,77.83
37,03.07 03:00,78.73
37,03.07 04:00,78.209
37,03.07 05:00,78.406
37,03.07 06:00,81.743
37,03.07 07:00,80.579
37,03.07 08:00,83.064
37,03.07 09:00,83.882
37,03.07 10:00,84.207
37,03.07 11:00,85.443
37,03.07 12:00,85.015
37,03.07 13:00,84.511
37,03.07 14:00,85.315
37,03.07 15:00,84.811
37,03.07 16:00,85.403
37,03.07 17:00,86.942
37,03.07 18:00,86.443
37,03.07 19:00,83.606
37,03.07 20:00,81.795
37,03.07 21:00,82.435
37,03.07 22:00,80.439
37,03.07 23:00,77.996
37,04.07 00:00,79.168
37,04.07 01:00,58.39
37,04.07 02:00,59.073
37,04.07 03:00,57.961
37,04.07 04:00,19.594
37,04.07 05:00,78.001
37,04.07 06:00,75.904
37,04.07 07:00,76.647
37,04.07 08:00,77.759
37,04.07 09:00,76.977
37,04.07 10:00,77.598
37,04.07 11:00,79.963
37,04.07 12:00,80.065
37,04.07 13:00,80.165
37,04.07 14:00,78.777
37,04.07 15:00,78.849
37,04.07 16:00,80.094
37,04.07 17:00,79.614
37,04.07 18:00,78.547
37,04.07 19:00,78.455
37,04.07 20:00,78.321
37,04.07 21:00,78.154
37,04.07 22:00,78.074
37,04.07 23:00,78.135
37,05.07 00:00,77.882
37,05.07 01:00,77.356
37,05.07 02:00,77.817
37,05.07 03:00,78.278
37,05.07 04:00,73.82
37,05.07 05:00,77.353
37,05.07 06:00,83.63
37,05.07 07:00,84.117
37,05.07 08:00,89.988
37,05.07 09:00,93.311
37,05.07 10:00,96.255
37,05.07 11:00,99.04
37,05.07 12:00,100.872
37,05.07 13:00,103.277
37,05.07 14:00,103.132
37,05.07 15:00,101.247
37,05.07 16:00,100.192
37,05.07 17:00,95.84
37,05.07 18:00,90.395
37,05.07 19:00,87.587
37,05.07 20:00,87.215
37,05.07 21:00,86.435
37,05.07 22:00,84.212
37,05.07 23:00,82.134
37,06.07 00:00,82.651
37,06.07 01:00,83.14
37,06.07 02:00,80.812
37,06.07 03:00,81.118
37,06.07 04:00,80.942
37,06.07 05:00,78.904
37,06.07 06:00,86.94
37,06.07 07:00,86.774
37,06.07 08:00,90.671
37,06.07 09:00,93.828
37,06.07 10:00,98.016
37,06.07 11:00,103.196
37,06.07 12:00,104.191
37,06.07 13:00,102.951
37,06.07 14:00,105.809
37,06.07 15:00,104.837
37,06.07 16:00,103.952
37,06.07 17:00,97.54
37,06.07 18:00,86.21
37,06.07 19:00,83.301
37,06.07 20:00,83.806
37,06.07 21:00,81.431
37,06.07 22:00,76.111
37,06.07 23:00,73.794
37,07.07 00:00,74.401
37,07.07 01:00,73.505
37,07.07 02:00,73.091
37,07.07 03:00,72.911
37,07.07 04:00,71.03
37,07.07 05:00,69.52
37,07.07 06:00,76.339
37,07.07 07:00,76.756
37,07.07 08:00,78.145
37,07.07 09:00,84.748
37,07.07 10:00,89.302
37,07.07 11:00,90.826
37,07.07 12:00,91.54
37,07.07 13:00,93.698
37,07.07 14:00,93.593
37,07.07 15:00,94.38
37,07.07 16:00,92.3
37,07.07 17:00,89.318
37,07.07 18:00,84.025
37,07.07 19:00,85.317
37,07.07 20:00,83.489
37,07.07 21:00,82.176
37,07.07 22:00,78.629
37,07.07 23:00,76.963
37,08.07 00:00,75.46
37,08.07 01:00,74.626
37,08.07 02:00,74.481
37,08.07 03:00,75.032
37,08.07 04:00,73.655
37,08.07 05:00,74.152
37,08.07 06:00,81.556
37,08.07 07:00,81.793
37,08.07 08:00,86.436
37,08.07 09:00,89.402
37,08.07 10:00,91.208
37,08.07 11:00,94.159
37,08.07 12:00,92.349
37,08.07 13:00,90.494
37,08.07 14:00,94.138
37,08.07 15:00,93.008
37,08.07 16:00,91.875
37,08.07 17:00,86.601
37,08.07 18:00,83.368
37,08.07 19:00,80.764
37,08.07 20:00,80.659
37,08.07 21:00,80.13
37,08.07 22:00,79.194
37,08.07 23:00,76.06
37,09.07 00:00,74.829
37,09.07 01:00,74.512
37,09.07 02:00,75.232
37,09.07 03:00,74.198
37,09.07 04:00,74.417
37,09.07 05:00,74.616
37,09.07 06:00,78.319
37,09.07 07:00,76.742
37,09.07 08:00,79.372
37,09.07 09:00,80.124
37,09.07 10:00,80.506
37,09.07 11:00,80.782
37,09.07 12:00,80.734
37,09.07 13:00,82.086
37,09.07 14:00,81.817
37,09.07 15:00,81.118
37,09.07 16:00,78.683
37,09.07 17:00,79.589
37,09.07 18:00,80.432
37,09.07 19:00,78.527
37,09.07 20:00,79.669
37,09.07 21:00,79.634
37,09.07 22:00,75.836
37,09.07 23:00,75.658
37,10.07 00:00,75.019
37,10.07 01:00,73.521
37,10.07 02:00,74.08
37,10.07 03:00,74.109
37,10.07 04:00,74.55
37,10.07 05:00,74.067
37,10.07 06:00,77.931
37,10.07 07:00,76.696
37,10.07 08:00,79.784
37,10.07 09:00,79.638
37,10.07 10:00,81.235
37,10.07 11:00,80.948
37,10.07 12:00,81.544
37,10.07 13:00,82.425
37,10.07 14:00,82.185
37,10.07 15:00,82.298
37,10.07 16:00,81.599
37,10.07 17:00,81.695
37,10.07 18:00,80.918
37,10.07 19:00,78.98
37,10.07 20:00,78.974
37,10.07 21:00,78.87
37,10.07 22:00,76.287
37,10.07 23:00,75.138
37,11.07 00:00,74.356
37,11.07 01:00,55.63
37,11.07 02:00,56.621
37,11.07 03:00,37.221
37,11.07 04:00,36.562
37,11.07 05:00,74.603
37,11.07 06:00,81.375
37,11.07 07:00,81.212
37,11.07 08:00,84.853
37,11.07 09:00,90.951
37,11.07 10:00,91.725
37,11.07 11:00,93.325
37,11.07 12:00,93.984
37,11.07 13:00,96.077
37,11.07 14:00,96.221
37,11.07 15:00,93.073
37,11.07 16:00,93.015
37,11.07 17:00,86.506
37,11.07 18:00,85.155
37,11.07 19:00,82.427
37,11.07 20:00,77.995
37,11.07 21:00,79.048
37,11.07 22:00,75.437
37,11.07 23:00,73.968
37,12.07 00:00,74.089
37,12.07 01:00,73.772
37,12.07 02:00,73.973
37,12.07 03:00,72.258
37,12.07 04:00,71.729
37,12.07 05:00,70.818
37,12.07 06:00,77.097
37,12.07 07:00,77.44
37,12.07 08:00,79.524
37,12.07 09:00,83.412
37,12.07 10:00,88.205
37,12.07 11:00,91.37
37,12.07 12:00,90.752
37,12.07 13:00,91.15
37,12.07 14:00,92.188
37,12.07 15:00,92.971
37,12.07 16:00,90.897
37,12.07 17:00,88.804
37,12.07 18:00,84.304
37,12.07 19:00,82.783
37,12.07 20:00,81.401
37,12.07 21:00,80.392
37,12.07 22:00,77.64
37,12.07 23:00,76.406
37,13.07 00:00,74.968
37,13.07 01:00,74.777
37,13.07 02:00,75.214
37,13.07 03:00,76.008
37,13.07 04:00,73.929
37,13.07 05:00,72.042
37,13.07 06:00,78.344
37,13.07 07:00,79.038
37,13.07 08:00,80.154
37,13.07 09:00,85.338
37,13.07 10:00,91.203
37,13.07 11:00,93.197
37,13.07 12:00,93.101
37,13.07 13:00,93.932
37,13.07 14:00,95.622
37,13.07 15:00,95.636
37,13.07 16:00,93.596
37,13.07 17:00,88.425
37,13.07 18:00,83.504
37,13.07 19:00,81.336
37,13.07 20:00,79.776
37,13.07 21:00,79.067
37,13.07 22:00,76.366
37,13.07 23:00,74.969
37,14.07 00:00,74.776
37,14.07 01:00,75.294
37,14.07 02:00,76.257
37,14.07 03:00,75.404
37,14.07 04:00,72.521
37,14.07 05:00,71.607
37,14.07 06:00,78.112
37,14.07 07:00,78.734
37,14.07 08:00,80.502
37,14.07 09:00,87.567
37,14.07 10:00,89.492
37,14.07 11:00,92.699
37,14.07 12:00,92.62
37,14.07 13:00,98.479
37,14.07 14:00,102.493
37,14.07 15:00,101.433
37,14.07 16:00,98.819
37,14.07 17:00,93.684
37,14.07 18:00,91.886
37,14.07 19:00,91.182
37,14.07 20:00,90.502
37,14.07 21:00,90.171
37,14.07 22:00,86.029
37,14.07 23:00,84.45
37,15.07 00:00,83.929
37,15.07 01:00,83.842
37,15.07 02:00,85.569
37,15.07 03:00,85.296
37,15.07 04:00,83.67
37,15.07 05:00,82.174
37,15.07 06:00,88.039
37,15.07 07:00,88.607
37,15.07 08:00,90.458
37,15.07 09:00,97.024
37,15.07 10:00,98.809
37,15.07 11:00,100.906
37,15.07 12:00,99.802
37,15.07 13:00,102.252
37,15.07 14:00,103.353
37,15.07 15:00,101.148
37,15.07 16:00,100.547
37,15.07 17:00,95.963
37,15.07 18:00,93.806
37,15.07 19:00,90.399
37,15.07 20:00,88.205
37,15.07 21:00,88.366
37,15.07 22:00,85.442
37,15.07 23:00,83.925
37,16.07 00:00,82.628
37,16.07 01:00,82.076
37,16.07 02:00,83.039
37,16.07 03:00,82.717
37,16.07 04:00,82.484
37,16.07 05:00,81.751
37,16.07 06:00,85.951
37,16.07 07:00,84.123
37,16.07 08:00,87.211
37,16.07 09:00,88.814
37,16.07 10:00,89.915
37,16.07 11:00,93.182
37,16.07 12:00,91.078
37,16.07 13:00,92.628
37,16.07 14:00,91.056
37,16.07 15:00,91.258
37,16.07 16:00,91.207
37,16.07 17:00,88.546
37,16.07 18:00,88.548
37,16.07 19:00,86.833
37,16.07 20:00,87.314
37,16.07 21:00,86.275
37,16.07 22:00,82.364
37,16.07 23:00,81.566
37,17.07 00:00,80.992
37,17.07 01:00,81.178
37,17.07 02:00,80.692
37,17.07 03:00,81.467
37,17.07 04:00,80.335
37,17.07 05:00,79.616
37,17.07 06:00,84.564
37,17.07 07:00,83.206
37,17.07 08:00,85.798
37,17.07 09:00,87.99
37,17.07 10:00,89.69
37,17.07 11:00,90.243
37,17.07 12:00,88.984
37,17.07 13:00,90.804
37,17.07 14:00,91.117
37,17.07 15:00,90.693
37,17.07 16:00,90.014
37,17.07 17:00,90.784
37,17.07 18:00,89.973
37,17.07 19:00,86.119
37,17.07 20:00,84.956
37,17.07 21:00,86.032
37,17.07 22:00,83.096
37,17.07 23:00,82.87
37,18.07 00:00,81.175
37,18.07 01:00,81.61
37,18.07 02:00,82.281
37,18.07 03:00,81.307
37,18.07 04:00,81.016
37,18.07 05:00,79.653
37,18.07 06:00,86.82
37,18.07 07:00,87.319
37,18.07 08:00,88.805
37,18.07 09:00,96.51
37,18.07 10:00,99.47
37,18.07 11:00,101.698
37,18.07 12:00,105.17
37,18.07 13:00,104.716
37,18.07 14:00,105.849
37,18.07 15:00,105.076
37,18.07 16:00,104.753
37,18.07 17:00,98.96
37,18.07 18:00,96.167
37,18.07 19:00,92.98
37,18.07 20:00,93.21
37,18.07 21:00,92.167
37,18.07 22:00,89.678
37,18.07 23:00,87.357
37,19.07 00:00,88.353
37,19.07 01:00,88.687
37,19.07 02:00,87.387
37,19.07 03:00,86.374
37,19.07 04:00,84.785
37,19.07 05:00,83.907
37,19.07 06:00,87.079
37,19.07 07:00,86.634
37,19.07 08:00,91.076
37,19.07 09:00,93.21
37,19.07 10:00,94.516
37,19.07 11:00,96.525
37,19.07 12:00,97.37
37,19.07 13:00,100.215
37,19.07 14:00,103.309
37,19.07 15:00,102.576
37,19.07 16:00,100.425
37,19.07 17:00,95.247
37,19.07 18:00,92.386
37,19.07 19:00,90.819
37,19.07 20:00,90.597
37,19.07 21:00,89.316
37,19.07 22:00,87.432
37,19.07 23:00,83.878
37,20.07 00:00,82.768
37,20.07 01:00,82.353
37,20.07 02:00,82.457
37,20.07 03:00,80.206
37,20.07 04:00,81.313
37,20.07 05:00,78.748
37,20.07 06:00,87.804
37,20.07 07:00,88.066
37,20.07 08:00,91.124
37,20.07 09:00,94.318
37,20.07 10:00,97.279
37,20.07 11:00,98.462
37,20.07 12:00,102.976
37,20.07 13:00,110.462
37,20.07 14:00,112.478
37,20.07 15:00,112.103
37,20.07 16:00,106.151
37,20.07 17:00,97.136
37,20.07 18:00,93.471
37,20.07 19:00,92.171
37,20.07 20:00,92.043
37,20.07 21:00,90.554
37,20.07 22:00,88.466
37,20.07 23:00,87.071
37,21.07 00:00,83.845
37,21.07 01:00,82.851
37,21.07 02:00,80.429
37,21.07 03:00,78.792
37,21.07 04:00,78.836
37,21.07 05:00,77.308
37,21.07 06:00,85.327
37,21.07 07:00,86.246
37,21.07 08:00,86.0
37,21.07 09:00,95.351
37,21.07 10:00,99.051
37,21.07 11:00,101.009
37,21.07 12:00,99.726
37,21.07 13:00,100.834
37,21.07 14:00,102.515
37,21.07 15:00,100.936
37,21.07 16:00,98.692
37,21.07 17:00,95.997
37,21.07 18:00,91.479
37,21.07 19:00,90.638
37,21.07 20:00,89.525
37,21.07 21:00,89.003
37,21.07 22:00,84.814
37,21.07 23:00,83.966
37,22.07 00:00,86.704
37,22.07 01:00,82.691
37,22.07 02:00,82.328
37,22.07 03:00,79.372
37,22.07 04:00,79.294
37,22.07 05:00,72.61
37,22.07 06:00,84.641
37,22.07 07:00,86.629
37,22.07 08:00,90.047
37,22.07 09:00,91.758
37,22.07 10:00,92.339
37,22.07 11:00,96.358
37,22.07 12:00,101.282
37,22.07 13:00,101.907
37,22.07 14:00,99.977
37,22.07 15:00,99.046
37,22.07 16:00,95.831
37,22.07 17:00,93.255
37,22.07 18:00,88.506
37,22.07 19:00,87.241
37,22.07 20:00,88.693
37,22.07 21:00,88.219
37,22.07 22:00,80.259
37,22.07 23:00,78.7
37,23.07 00:00,78.219
37,23.07 01:00,78.338
37,23.07 02:00,78.178
37,23.07 03:00,77.726
37,23.07 04:00,77.68
37,23.07 05:00,77.094
37,23.07 06:00,81.996
37,23.07 07:00,81.495
37,23.07 08:00,83.921
37,23.07 09:00,85.104
37,23.07 10:00,84.664
37,23.07 11:00,85.351
37,23.07 12:00,85.478
37,23.07 13:00,84.63
37,23.07 14:00,84.935
37,23.07 15:00,85.098
37,23.07 16:00,85.356
37,23.07 17:00,84.24
37,23.07 18:00,82.992
37,23.07 19:00,82.553
37,23.07 20:00,82.812
37,23.07 21:00,82.877
37,23.07 22:00,79.899
37,23.07 23:00,78.547
37,24.07 00:00,78.131
37,24.07 01:00,78.221
37,24.07 02:00,77.75
37,24.07 03:00,78.02
37,24.07 04:00,77.641
37,24.07 05:00,77.805
37,24.07 06:00,82.131
37,24.07 07:00,80.978
37,24.07 08:00,82.651
37,24.07 09:00,84.334
37,24.07 10:00,84.264
37,24.07 11:00,83.998
37,24.07 12:00,84.965
37,24.07 13:00,86.153
37,24.07 14:00,86.938
37,24.07 15:00,84.919
37,24.07 16:00,85.026
37,24.07 17:00,85.654
37,24.07 18:00,85.433
37,24.07 19:00,82.973
37,24.07 20:00,82.231
37,24.07 21:00,82.931
37,24.07 22:00,80.334
37,24.07 23:00,78.326
37,25.07 00:00,78.001
37,25.07 01:00,78.313
37,25.07 02:00,78.2
37,25.07 03:00,77.172
37,25.07 04:00,76.876
37,25.07 05:00,76.959
37,25.07 06:00,83.388
37,25.07 07:00,84.588
37,25.07 08:00,85.394
37,25.07 09:00,90.05
37,25.07 10:00,93.497
37,25.07 11:00,95.396
37,25.07 12:00,96.753
37,25.07 13:00,96.708
37,25.07 14:00,98.123
37,25.07 15:00,97.752
37,25.07 16:00,96.311
37,25.07 17:00,94.141
37,25.07 18:00,92.856
37,25.07 19:00,91.217
37,25.07 20:00,88.226
37,25.07 21:00,88.249
37,25.07 22:00,85.734
37,25.07 23:00,85.592
37,26.07 00:00,84.929
37,26.07 01:00,84.062
37,26.07 02:00,82.152
37,26.07 03:00,80.796
37,26.07 04:00,79.876
37,26.07 05:00,79.428
37,26.07 06:00,86.27
37,26.07 07:00,86.858
37,26.07 08:00,88.552
37,26.07 09:00,93.867
37,26.07 10:00,100.144
37,26.07 11:00,102.192
37,26.07 12:00,104.477
37,26.07 13:00,108.484
37,26.07 14:00,106.238
37,26.07 15:00,104.584
37,26.07 16:00,103.924
37,26.07 17:00,99.424
37,26.07 18:00,97.266
37,26.07 19:00,92.881
37,26.07 20:00,92.288
37,26.07 21:00,93.356
37,26.07 22:00,89.419
37,26.07 23:00,86.562
37,27.07 00:00,84.693
37,27.07 01:00,83.851
37,27.07 02:00,83.931
37,27.07 03:00,80.938
37,27.07 04:00,80.003
37,27.07 05:00,77.858
37,27.07 06:00,85.169
37,27.07 07:00,86.772
37,27.07 08:00,89.445
37,27.07 09:00,93.776
37,27.07 10:00,97.314
37,27.07 11:00,101.144
37,27.07 12:00,101.649
37,27.07 13:00,101.739
37,27.07 14:00,102.729
37,27.07 15:00,104.863
37,27.07 16:00,101.352
37,27.07 17:00,96.974
37,27.07 18:00,94.321
37,27.07 19:00,92.673
37,27.07 20:00,89.676
37,27.07 21:00,89.044
37,27.07 22:00,86.27
37,27.07 23:00,85.583
37,28.07 00:00,83.962
37,28.07 01:00,84.786
37,28.07 02:00,84.207
37,28.07 03:00,81.888
37,28.07 04:00,79.635
37,28.07 05:00,78.964
37,28.07 06:00,84.6
37,28.07 07:00,87.34
37,28.07 08:00,92.261
37,28.07 09:00,97.304
37,28.07 10:00,100.173
37,28.07 11:00,101.182
37,28.07 12:00,108.024
37,28.07 13:00,111.331
37,28.07 14:00,106.932
37,28.07 15:00,96.739
37,28.07 16:00,95.545
37,28.07 17:00,93.055
37,28.07 18:00,90.984
37,28.07 19:00,90.317
37,28.07 20:00,87.233
37,28.07 21:00,85.147
37,28.07 22:00,82.659
37,28.07 23:00,81.508
37,29.07 00:00,81.598
37,29.07 01:00,81.229
37,29.07 02:00,81.513
37,29.07 03:00,80.548
37,29.07 04:00,79.917
37,29.07 05:00,78.683
37,29.07 06:00,85.319
37,29.07 07:00,85.885
37,29.07 08:00,86.899
37,29.07 09:00,91.827
37,29.07 10:00,94.554
37,29.07 11:00,97.349
37,29.07 12:00,97.515
37,29.07 13:00,98.219
37,29.07 14:00,102.44
37,29.07 15:00,103.484
37,29.07 16:00,103.214
37,29.07 17:00,100.685
37,29.07 18:00,94.502
37,29.07 19:00,91.659
37,29.07 20:00,90.822
37,29.07 21:00,85.223
37,29.07 22:00,82.215
37,29.07 23:00,79.727
37,30.07 00:00,79.177
37,30.07 01:00,78.428
37,30.07 02:00,78.946
37,30.07 03:00,78.753
37,30.07 04:00,78.95
37,30.07 05:00,78.869
37,30.07 06:00,81.9
37,30.07 07:00,81.081
37,30.07 08:00,83.689
37,30.07 09:00,85.971
37,30.07 10:00,86.857
37,30.07 11:00,86.538
37,30.07 12:00,87.554
37,30.07 13:00,87.409
37,30.07 14:00,86.846
37,30.07 15:00,87.564
37,30.07 16:00,87.765
37,30.07 17:00,87.057
37,30.07 18:00,84.483
37,30.07 19:00,83.986
37,30.07 20:00,83.401
37,30.07 21:00,84.637
37,30.07 22:00,81.544
37,30.07 23:00,79.691
37,31.07 00:00,77.917
37,31.07 01:00,78.971
37,31.07 02:00,79.189
37,31.07 03:00,78.287
37,31.07 04:00,78.321
37,31.07 05:00,77.835
37,31.07 06:00,82.954
37,31.07 07:00,80.267
37,31.07 08:00,83.687
37,31.07 09:00,83.195
37,31.07 10:00,83.655
37,31.07 11:00,86.419
37,31.07 12:00,89.141
37,31.07 13:00,90.37
37,31.07 14:00,87.355
37,31.07 15:00,89.808
37,31.07 16:00,88.96
37,31.07 17:00,89.843
37,31.07 18:00,87.058
37,31.07 19:00,86.22
37,31.07 20:00,84.129
37,31.07 21:00,83.749
37,31.07 22:00,80.309
37,31.07 23:00,79.307
37,01.08 00:00,78.797
37,01.08 01:00,79.047
37,01.08 02:00,78.986
37,01.08 03:00,77.685
37,01.08 04:00,78.123
37,01.08 05:00,76.997
37,01.08 06:00,84.852
37,01.08 07:00,87.318
37,01.08 08:00,89.399
37,01.08 09:00,93.929
37,01.08 10:00,96.502
37,01.08 11:00,100.486
37,01.08 12:00,101.022
37,01.08 13:00,101.891
37,01.08 14:00,100.815
37,01.08 15:00,100.208
37,01.08 16:00,97.974
37,01.08 17:00,93.331
37,01.08 18:00,92.348
37,01.08 19:00,91.264
37,01.08 20:00,88.535
37,01.08 21:00,88.855
37,01.08 22:00,86.946
37,01.08 23:00,85.699
37,02.08 00:00,85.587
37,02.08 01:00,83.641
37,02.08 02:00,83.767
37,02.08 03:00,81.609
37,02.08 04:00,82.185
37,02.08 05:00,81.215
37,02.08 06:00,88.838
37,02.08 07:00,87.963
37,02.08 08:00,89.773
37,02.08 09:00,97.145
37,02.08 10:00,99.247
37,02.08 11:00,99.506
37,02.08 12:00,99.61
37,02.08 13:00,103.037
37,02.08 14:00,107.802
37,02.08 15:00,103.716
37,02.08 16:00,104.032
37,02.08 17:00,98.868
37,02.08 18:00,95.538
37,02.08 19:00,93.121
37,02.08 20:00,91.146
37,02.08 21:00,86.091
37,02.08 22:00,82.226
37,02.08 23:00,82.019
37,03.08 00:00,82.23
37,03.08 01:00,80.008
37,03.08 02:00,81.43
37,03.08 03:00,80.706
37,03.08 04:00,80.028
37,03.08 05:00,77.951
37,03.08 06:00,84.148
37,03.08 07:00,83.866
37,03.08 08:00,87.273
37,03.08 09:00,95.533
37,03.08 10:00,100.074
37,03.08 11:00,103.279
37,03.08 12:00,103.704
37,03.08 13:00,102.88
37,03.08 14:00,100.684
37,03.08 15:00,100.054
37,03.08 16:00,98.928
37,03.08 17:00,93.614
37,03.08 18:00,91.889
37,03.08 19:00,88.035
37,03.08 20:00,87.853
37,03.08 21:00,87.808
37,03.08 22:00,82.607
37,03.08 23:00,82.159
37,04.08 00:00,81.657
37,04.08 01:00,82.412
37,04.08 02:00,83.732
37,04.08 03:00,83.515
37,04.08 04:00,80.436
37,04.08 05:00,78.845
37,04.08 06:00,85.933
37,04.08 07:00,85.332
37,04.08 08:00,89.582
37,04.08 09:00,93.893
37,04.08 10:00,97.136
37,04.08 11:00,98.328
37,04.08 12:00,100.301
37,04.08 13:00,102.903
37,04.08 14:00,102.378
37,04.08 15:00,103.09
37,04.08 16:00,103.539
37,04.08 17:00,95.63
37,04.08 18:00,91.496
37,04.08 19:00,90.104
37,04.08 20:00,91.418
37,04.08 21:00,87.905
37,04.08 22:00,82.318
37,04.08 23:00,80.376
37,05.08 00:00,79.521
37,05.08 01:00,80.707
37,05.08 02:00,80.783
37,05.08 03:00,79.613
37,05.08 04:00,78.384
37,05.08 05:00,76.482
37,05.08 06:00,82.871
37,05.08 07:00,82.3
37,05.08 08:00,85.327
37,05.08 09:00,89.496
37,05.08 10:00,93.914
37,05.08 11:00,97.976
37,05.08 12:00,95.635
37,05.08 13:00,96.171
37,05.08 14:00,99.665
37,05.08 15:00,98.223
37,05.08 16:00,96.843
37,05.08 17:00,92.946
37,05.08 18:00,89.866
37,05.08 19:00,88.548
37,05.08 20:00,87.232
37,05.08 21:00,85.885
37,05.08 22:00,83.554
37,05.08 23:00,82.986
37,06.08 00:00,82.117
37,06.08 01:00,80.411
37,06.08 02:00,79.68
37,06.08 03:00,77.751
37,06.08 04:00,78.084
37,06.08 05:00,78.233
37,06.08 06:00,81.317
37,06.08 07:00,81.124
37,06.08 08:00,82.07
37,06.08 09:00,85.883
37,06.08 10:00,86.312
37,06.08 11:00,87.506
37,06.08 12:00,87.051
37,06.08 13:00,87.323
37,06.08 14:00,87.409
37,06.08 15:00,87.203
37,06.08 16:00,86.774
37,06.08 17:00,83.366
37,06.08 18:00,81.786
37,06.08 19:00,81.708
37,06.08 20:00,81.54
37,06.08 21:00,81.229
37,06.08 22:00,79.183
37,06.08 23:00,78.611
37,07.08 00:00,78.337
37,07.08 01:00,77.894
37,07.08 02:00,78.323
37,07.08 03:00,77.506
37,07.08 04:00,78.067
37,07.08 05:00,77.743
37,07.08 06:00,82.307
37,07.08 07:00,80.909
37,07.08 08:00,83.007
37,07.08 09:00,84.015
37,07.08 10:00,83.982
37,07.08 11:00,84.073
37,07.08 12:00,84.238
37,07.08 13:00,86.104
37,07.08 14:00,84.585
37,07.08 15:00,84.355
37,07.08 16:00,85.19
37,07.08 17:00,84.905
37,07.08 18:00,84.295
37,07.08 19:00,83.191
37,07.08 20:00,82.971
37,07.08 21:00,82.276
37,07.08 22:00,80.239
37,07.08 23:00,78.752
37,08.08 00:00,78.147
37,08.08 01:00,78.535
37,08.08 02:00,58.617
37,08.08 03:00,77.96
37,08.08 04:00,58.397
37,08.08 05:00,76.611
37,08.08 06:00,82.859
37,08.08 07:00,83.57
37,08.08 08:00,86.961
37,08.08 09:00,93.084
37,08.08 10:00,97.572
37,08.08 11:00,102.038
37,08.08 12:00,103.725
37,08.08 13:00,107.398
37,08.08 14:00,111.163
37,08.08 15:00,109.755
37,08.08 16:00,109.276
37,08.08 17:00,100.441
37,08.08 18:00,92.252
37,08.08 19:00,91.047
37,08.08 20:00,87.128
37,08.08 21:00,88.037
37,08.08 22:00,84.012
37,08.08 23:00,81.481
37,09.08 00:00,80.857
37,09.08 01:00,79.97
37,09.08 02:00,79.338
37,09.08 03:00,78.371
37,09.08 04:00,78.035
37,09.08 05:00,76.797
37,09.08 06:00,83.489
37,09.08 07:00,84.143
37,09.08 08:00,88.138
37,09.08 09:00,94.792
37,09.08 10:00,98.145
37,09.08 11:00,104.537
37,09.08 12:00,105.617
37,09.08 13:00,106.255
37,09.08 14:00,110.847
37,09.08 15:00,105.604
37,09.08 16:00,102.92
37,09.08 17:00,98.283
37,09.08 18:00,95.876
37,09.08 19:00,94.618
37,09.08 20:00,90.288
37,09.08 21:00,88.566
37,09.08 22:00,85.316
37,09.08 23:00,84.16
37,10.08 00:00,84.505
37,10.08 01:00,83.433
37,10.08 02:00,84.353
37,10.08 03:00,83.419
37,10.08 04:00,81.454
37,10.08 05:00,80.054
37,10.08 06:00,86.348
37,10.08 07:00,89.584
37,10.08 08:00,93.096
37,10.08 09:00,96.954
37,10.08 10:00,100.166
37,10.08 11:00,103.247
37,10.08 12:00,104.771
37,10.08 13:00,104.305
37,10.08 14:00,106.962
37,10.08 15:00,104.531
37,10.08 16:00,102.922
37,10.08 17:00,96.984
37,10.08 18:00,94.503
37,10.08 19:00,92.85
37,10.08 20:00,88.571
37,10.08 21:00,88.791
37,10.08 22:00,84.783
37,10.08 23:00,84.144
37,11.08 00:00,82.549
37,11.08 01:00,61.33
37,11.08 02:00,81.694
37,11.08 03:00,85.429
37,11.08 04:00,79.359
37,11.08 05:00,79.052
37,11.08 06:00,83.968
37,11.08 07:00,86.11
37,11.08 08:00,90.315
37,11.08 09:00,80.531
37,11.08 10:00,97.542
37,11.08 11:00,101.598
37,11.08 12:00,100.185
37,11.08 13:00,100.987
37,11.08 14:00,105.6
37,11.08 15:00,103.762
37,11.08 16:00,101.266
37,11.08 17:00,94.863
37,11.08 18:00,92.397
37,11.08 19:00,90.066
37,11.08 20:00,86.931
37,11.08 21:00,85.951
37,11.08 22:00,83.143
37,11.08 23:00,81.179
37,12.08 00:00,81.324
37,12.08 01:00,80.797
37,12.08 02:00,82.428
37,12.08 03:00,79.834
37,12.08 04:00,78.903
37,12.08 05:00,77.735
37,12.08 06:00,83.299
37,12.08 07:00,83.908
37,12.08 08:00,86.069
37,12.08 09:00,92.426
37,12.08 10:00,94.699
37,12.08 11:00,98.145
37,12.08 12:00,99.758
37,12.08 13:00,99.484
37,12.08 14:00,99.524
37,12.08 15:00,100.376
37,12.08 16:00,98.705
37,12.08 17:00,97.768
37,12.08 18:00,91.101
37,12.08 19:00,89.1
37,12.08 20:00,83.382
37,12.08 21:00,82.361
37,12.08 22:00,80.611
37,12.08 23:00,78.276
37,13.08 00:00,77.201
37,13.08 01:00,77.146
37,13.08 02:00,76.798
37,13.08 03:00,77.382
37,13.08 04:00,77.048
37,13.08 05:00,75.888
37,13.08 06:00,80.565
37,13.08 07:00,79.398
37,13.08 08:00,81.212
37,13.08 09:00,84.444
37,13.08 10:00,84.913
37,13.08 11:00,84.973
37,13.08 12:00,85.965
37,13.08 13:00,85.001
37,13.08 14:00,84.778
37,13.08 15:00,85.526
37,13.08 16:00,84.645
37,13.08 17:00,83.007
37,13.08 18:00,83.735
37,13.08 19:00,82.509
37,13.08 20:00,80.941
37,13.08 21:00,81.745
37,13.08 22:00,79.071
37,13.08 23:00,79.188
37,14.08 00:00,77.752
37,14.08 01:00,77.696
37,14.08 02:00,78.338
37,14.08 03:00,78.165
37,14.08 04:00,77.547
37,14.08 05:00,77.292
37,14.08 06:00,81.611
37,14.08 07:00,80.274
37,14.08 08:00,81.837
37,14.08 09:00,84.506
37,14.08 10:00,86.042
37,14.08 11:00,85.672
37,14.08 12:00,86.434
37,14.08 13:00,86.425
37,14.08 14:00,84.554
37,14.08 15:00,84.519
37,14.08 16:00,84.952
37,14.08 17:00,82.922
37,14.08 18:00,82.506
37,14.08 19:00,81.678
37,14.08 20:00,81.724
37,14.08 21:00,81.892
37,14.08 22:00,79.508
37,14.08 23:00,79.107
37,15.08 00:00,77.806
37,15.08 01:00,58.848
37,15.08 02:00,39.345
37,15.08 03:00,38.631
37,15.08 04:00,57.788
37,15.08 05:00,78.152
37,15.08 06:00,84.065
37,15.08 07:00,84.364
37,15.08 08:00,88.713
37,15.08 09:00,95.976
37,15.08 10:00,100.383
37,15.08 11:00,102.497
37,15.08 12:00,101.577
37,15.08 13:00,103.511
37,15.08 14:00,105.657
37,15.08 15:00,104.597
37,15.08 16:00,98.685
37,15.08 17:00,98.043
37,15.08 18:00,95.908
37,15.08 19:00,93.45
37,15.08 20:00,88.7
37,15.08 21:00,87.354
37,15.08 22:00,84.249
37,15.08 23:00,81.166
37,16.08 00:00,81.435
37,16.08 01:00,79.726
37,16.08 02:00,80.157
37,16.08 03:00,81.96
37,16.08 04:00,82.122
37,16.08 05:00,80.78
37,16.08 06:00,87.353
37,16.08 07:00,86.533
37,16.08 08:00,90.734
37,16.08 09:00,94.885
37,16.08 10:00,98.202
37,16.08 11:00,102.517
37,16.08 12:00,103.536
37,16.08 13:00,104.565
37,16.08 14:00,106.25
37,16.08 15:00,103.297
37,16.08 16:00,102.367
37,16.08 17:00,96.092
37,16.08 18:00,92.21
37,16.08 19:00,90.797
37,16.08 20:00,87.505
37,16.08 21:00,87.687
37,16.08 22:00,83.086
37,16.08 23:00,82.848
37,17.08 00:00,81.357
37,17.08 01:00,80.44
37,17.08 02:00,83.036
37,17.08 03:00,82.019
37,17.08 04:00,80.45
37,17.08 05:00,78.968
37,17.08 06:00,85.636
37,17.08 07:00,85.281
37,17.08 08:00,89.331
37,17.08 09:00,93.832
37,17.08 10:00,102.495
37,17.08 11:00,104.987
37,17.08 12:00,104.396
37,17.08 13:00,106.56
37,17.08 14:00,106.117
37,17.08 15:00,104.771
37,17.08 16:00,102.276
37,17.08 17:00,94.758
37,17.08 18:00,91.147
37,17.08 19:00,90.567
37,17.08 20:00,89.308
37,17.08 21:00,88.264
37,17.08 22:00,84.69
37,17.08 23:00,82.274
37,18.08 00:00,82.038
37,18.08 01:00,83.215
37,18.08 02:00,83.683
37,18.08 03:00,82.257
37,18.08 04:00,80.733
37,18.08 05:00,80.225
37,18.08 06:00,87.088
37,18.08 07:00,87.428
37,18.08 08:00,91.207
37,18.08 09:00,96.754
37,18.08 10:00,100.285
37,18.08 11:00,102.272
37,18.08 12:00,104.133
37,18.08 13:00,102.326
37,18.08 14:00,105.627
37,18.08 15:00,105.961
37,18.08 16:00,104.02
37,18.08 17:00,97.768
37,18.08 18:00,94.622
37,18.08 19:00,90.036
37,18.08 20:00,92.842
37,18.08 21:00,89.104
37,18.08 22:00,88.755
37,18.08 23:00,87.684
37,19.08 00:00,88.374
37,19.08 01:00,88.912
37,19.08 02:00,84.528
37,19.08 03:00,84.592
37,19.08 04:00,84.004
37,19.08 05:00,82.281
37,19.08 06:00,90.416
37,19.08 07:00,89.996
37,19.08 08:00,93.031
37,19.08 09:00,97.713
37,19.08 10:00,101.822
37,19.08 11:00,106.301
37,19.08 12:00,105.121
37,19.08 13:00,103.64
37,19.08 14:00,105.944
37,19.08 15:00,105.357
37,19.08 16:00,99.674
37,19.08 17:00,92.509
37,19.08 18:00,89.304
37,19.08 19:00,88.356
37,19.08 20:00,87.544
37,19.08 21:00,86.155
37,19.08 22:00,84.406
37,19.08 23:00,83.637
37,20.08 00:00,83.586
37,20.08 01:00,84.145
37,20.08 02:00,82.907
37,20.08 03:00,81.86
37,20.08 04:00,81.911
37,20.08 05:00,81.003
37,20.08 06:00,85.293
37,20.08 07:00,83.57
37,20.08 08:00,88.203
37,20.08 09:00,89.927
37,20.08 10:00,92.231
37,20.08 11:00,92.231
37,20.08 12:00,91.866
37,20.08 13:00,92.575
37,20.08 14:00,93.084
37,20.08 15:00,93.136
37,20.08 16:00,87.615
37,20.08 17:00,85.135
37,20.08 18:00,84.362
37,20.08 19:00,81.39
37,20.08 20:00,78.326
37,20.08 21:00,82.122
37,20.08 22:00,79.94
37,20.08 23:00,79.908
37,21.08 00:00,77.44
37,21.08 01:00,78.704
37,21.08 02:00,76.718
37,21.08 03:00,78.865
37,21.08 04:00,79.113
37,21.08 05:00,77.844
37,21.08 06:00,82.976
37,21.08 07:00,79.969
37,21.08 08:00,82.645
37,21.08 09:00,83.799
37,21.08 10:00,83.469
37,21.08 11:00,83.499
37,21.08 12:00,83.977
37,21.08 13:00,85.751
37,21.08 14:00,85.039
37,21.08 15:00,86.226
37,21.08 16:00,84.487
37,21.08 17:00,84.715
37,21.08 18:00,83.266
37,21.08 19:00,83.505
37,21.08 20:00,82.867
37,21.08 21:00,82.271
37,21.08 22:00,80.796
37,21.08 23:00,80.715
37,22.08 00:00,79.782
37,22.08 01:00,79.039
37,22.08 02:00,79.174
37,22.08 03:00,79.092
37,22.08 04:00,78.644
37,22.08 05:00,78.205
37,22.08 06:00,85.762
37,22.08 07:00,85.971
37,22.08 08:00,89.423
37,22.08 09:00,97.94
37,22.08 10:00,102.884
37,22.08 11:00,108.085
37,22.08 12:00,106.828
37,22.08 13:00,108.26
37,22.08 14:00,107.649
37,22.08 15:00,106.724
37,22.08 16:00,102.73
37,22.08 17:00,96.829
37,22.08 18:00,93.984
37,22.08 19:00,97.251
37,22.08 20:00,97.62
37,22.08 21:00,95.589
37,22.08 22:00,91.4
37,22.08 23:00,90.568
37,23.08 00:00,85.502
37,23.08 01:00,83.635
37,23.08 02:00,82.298
37,23.08 03:00,83.036
37,23.08 04:00,82.885
37,23.08 05:00,81.341
37,23.08 06:00,87.699
37,23.08 07:00,87.968
37,23.08 08:00,92.167
37,23.08 09:00,97.025
37,23.08 10:00,101.837
37,23.08 11:00,104.196
37,23.08 12:00,105.294
37,23.08 13:00,106.546
37,23.08 14:00,108.099
37,23.08 15:00,107.042
37,23.08 16:00,103.222
37,23.08 17:00,100.399
37,23.08 18:00,96.006
37,23.08 19:00,92.986
37,23.08 20:00,89.439
37,23.08 21:00,88.29
37,23.08 22:00,84.205
37,23.08 23:00,86.358
37,24.08 00:00,85.24
37,24.08 01:00,83.734
37,24.08 02:00,84.82
37,24.08 03:00,83.654
37,24.08 04:00,83.118
37,24.08 05:00,80.921
37,24.08 06:00,88.339
37,24.08 07:00,88.879
37,24.08 08:00,91.064
37,24.08 09:00,98.681
37,24.08 10:00,103.311
37,24.08 11:00,108.058
37,24.08 12:00,107.611
37,24.08 13:00,107.385
37,24.08 14:00,107.134
37,24.08 15:00,107.703
37,24.08 16:00,104.859
37,24.08 17:00,98.847
37,24.08 18:00,95.974
37,24.08 19:00,93.467
37,24.08 20:00,91.079
37,24.08 21:00,88.615
37,24.08 22:00,87.439
37,24.08 23:00,83.313
37,25.08 00:00,81.074
37,25.08 01:00,80.69
37,25.08 02:00,79.982
37,25.08 03:00,79.78
37,25.08 04:00,79.107
37,25.08 05:00,77.99
37,25.08 06:00,83.541
37,25.08 07:00,84.775
37,25.08 08:00,88.611
37,25.08 09:00,94.757
37,25.08 10:00,100.702
37,25.08 11:00,102.852
37,25.08 12:00,101.653
37,25.08 13:00,105.893
37,25.08 14:00,108.46
37,25.08 15:00,107.148
37,25.08 16:00,105.374
37,25.08 17:00,97.304
37,25.08 18:00,95.427
37,25.08 19:00,95.152
37,25.08 20:00,93.34
37,25.08 21:00,88.905
37,25.08 22:00,85.727
37,25.08 23:00,85.697
37,26.08 00:00,85.589
37,26.08 01:00,84.978
37,26.08 02:00,85.761
37,26.08 03:00,83.509
37,26.08 04:00,83.887
37,26.08 05:00,83.276
37,26.08 06:00,89.307
37,26.08 07:00,88.864
37,26.08 08:00,89.236
37,26.08 09:00,97.73
37,26.08 10:00,100.04
37,26.08 11:00,105.715
37,26.08 12:00,104.128
37,26.08 13:00,105.012
37,26.08 14:00,110.168
37,26.08 15:00,108.634
37,26.08 16:00,101.935
37,26.08 17:00,94.739
37,26.08 18:00,92.311
37,26.08 19:00,89.837
37,26.08 20:00,87.7
37,26.08 21:00,86.672
37,26.08 22:00,83.244
37,26.08 23:00,82.411
37,27.08 00:00,82.464
37,27.08 01:00,81.873
37,27.08 02:00,82.321
37,27.08 03:00,80.998
37,27.08 04:00,80.816
37,27.08 05:00,80.66
37,27.08 06:00,83.418
37,27.08 07:00,82.236
37,27.08 08:00,87.092
37,27.08 09:00,89.37
37,27.08 10:00,91.062
37,27.08 11:00,90.916
37,27.08 12:00,90.806
37,27.08 13:00,92.254
37,27.08 14:00,91.821
37,27.08 15:00,94.234
37,27.08 16:00,93.119
37,27.08 17:00,90.049
37,27.08 18:00,87.079
37,27.08 19:00,84.627
37,27.08 20:00,85.566
37,27.08 21:00,84.958
37,27.08 22:00,81.951
37,27.08 23:00,80.756
37,28.08 00:00,80.905
37,28.08 01:00,80.066
37,28.08 02:00,79.928
37,28.08 03:00,80.614
37,28.08 04:00,80.43
37,28.08 05:00,80.345
37,28.08 06:00,83.823
37,28.08 07:00,82.246
37,28.08 08:00,83.521
37,28.08 09:00,85.611
37,28.08 10:00,84.256
37,28.08 11:00,84.32
37,28.08 12:00,89.029
37,28.08 13:00,90.419
37,28.08 14:00,89.449
37,28.08 15:00,93.048
37,28.08 16:00,94.238
37,28.08 17:00,93.334
37,28.08 18:00,93.345
37,28.08 19:00,91.439
37,28.08 20:00,85.931
37,28.08 21:00,84.389
37,28.08 22:00,83.22
37,28.08 23:00,82.968
37,29.08 00:00,82.338
37,29.08 01:00,81.415
37,29.08 02:00,82.152
37,29.08 03:00,81.793
37,29.08 04:00,81.568
37,29.08 05:00,81.673
37,29.08 06:00,87.515
37,29.08 07:00,86.937
37,29.08 08:00,94.153
37,29.08 09:00,97.326
37,29.08 10:00,102.656
37,29.08 11:00,108.854
37,29.08 12:00,109.398
37,29.08 13:00,108.446
37,29.08 14:00,107.006
37,29.08 15:00,105.591
37,29.08 16:00,103.39
37,29.08 17:00,99.178
37,29.08 18:00,96.928
37,29.08 19:00,95.461
37,29.08 20:00,93.579
37,29.08 21:00,91.451
37,29.08 22:00,89.229
37,29.08 23:00,86.856
37,30.08 00:00,83.43
37,30.08 01:00,83.095
37,30.08 02:00,82.9
37,30.08 03:00,81.928
37,30.08 04:00,83.335
37,30.08 05:00,80.374
37,30.08 06:00,85.541
37,30.08 07:00,85.981
37,30.08 08:00,91.4
37,30.08 09:00,94.718
37,30.08 10:00,100.977
37,30.08 11:00,105.515
37,30.08 12:00,108.561
37,30.08 13:00,111.447
37,30.08 14:00,108.904
37,30.08 15:00,107.502
37,30.08 16:00,105.259
37,30.08 17:00,99.142
37,30.08 18:00,96.102
37,30.08 19:00,95.559
37,30.08 20:00,96.056
37,30.08 21:00,91.998
37,30.08 22:00,87.642
37,30.08 23:00,86.086
37,31.08 00:00,83.866
37,31.08 01:00,83.475
37,31.08 02:00,82.017
37,31.08 03:00,83.509
37,31.08 04:00,82.38
37,31.08 05:00,80.468
37,31.08 06:00,87.591
37,31.08 07:00,85.925
37,31.08 08:00,89.468
37,31.08 09:00,98.023
37,31.08 10:00,105.767
37,31.08 11:00,111.904
37,31.08 12:00,111.121
37,31.08 13:00,113.42
37,31.08 14:00,110.873
37,31.08 15:00,109.404
37,31.08 16:00,107.371
37,31.08 17:00,100.395
37,31.08 18:00,97.612
37,31.08 19:00,95.883
37,31.08 20:00,92.45
37,31.08 21:00,91.338
37,31.08 22:00,88.603
37,31.08 23:00,87.427
37,01.09 00:00,86.221
37,01.09 01:00,85.821
37,01.09 02:00,85.286
37,01.09 03:00,84.221
37,01.09 04:00,84.466
37,01.09 05:00,82.281
37,01.09 06:00,89.891
37,01.09 07:00,89.352
37,01.09 08:00,94.28
37,01.09 09:00,102.134
37,01.09 10:00,106.697
37,01.09 11:00,111.432
37,01.09 12:00,113.239
37,01.09 13:00,115.581
37,01.09 14:00,118.096
37,01.09 15:00,114.074
37,01.09 16:00,108.536
37,01.09 17:00,104.532
37,01.09 18:00,100.013
37,01.09 19:00,97.494
37,01.09 20:00,94.59
37,01.09 21:00,91.357
37,01.09 22:00,86.715
37,01.09 23:00,85.043
37,02.09 00:00,84.384
37,02.09 01:00,83.873
37,02.09 02:00,86.071
37,02.09 03:00,81.173
37,02.09 04:00,82.133
37,02.09 05:00,79.855
37,02.09 06:00,88.008
37,02.09 07:00,86.392
37,02.09 08:00,87.105
37,02.09 09:00,97.057
37,02.09 10:00,102.315
37,02.09 11:00,106.406
37,02.09 12:00,109.437
37,02.09 13:00,106.464
37,02.09 14:00,107.799
37,02.09 15:00,106.708
37,02.09 16:00,100.814
37,02.09 17:00,94.952
37,02.09 18:00,91.707
37,02.09 19:00,91.283
37,02.09 20:00,87.294
37,02.09 21:00,86.532
37,02.09 22:00,82.286
37,02.09 23:00,81.268
37,03.09 00:00,80.96
37,03.09 01:00,80.408
37,03.09 02:00,80.199
37,03.09 03:00,79.741
37,03.09 04:00,79.843
37,03.09 05:00,79.335
37,03.09 06:00,83.89
37,03.09 07:00,81.739
37,03.09 08:00,84.207
37,03.09 09:00,89.285
37,03.09 10:00,92.074
37,03.09 11:00,90.805
37,03.09 12:00,90.697
37,03.09 13:00,89.885
37,03.09 14:00,90.494
37,03.09 15:00,88.536
37,03.09 16:00,87.725
37,03.09 17:00,85.535
37,03.09 18:00,85.936
37,03.09 19:00,86.156
37,03.09 20:00,85.885
37,03.09 21:00,85.127
37,03.09 22:00,84.795
37,03.09 23:00,82.896
37,04.09 00:00,81.218
37,04.09 01:00,81.662
37,04.09 02:00,81.715
37,04.09 03:00,82.693
37,04.09 04:00,82.108
37,04.09 05:00,81.838
37,04.09 06:00,84.47
37,04.09 07:00,82.812
37,04.09 08:00,85.259
37,04.09 09:00,87.371
37,04.09 10:00,85.636
37,04.09 11:00,86.496
37,04.09 12:00,86.152
37,04.09 13:00,87.989
37,04.09 14:00,88.871
37,04.09 15:00,91.074
37,04.09 16:00,90.064
37,04.09 17:00,88.497
37,04.09 18:00,87.648
37,04.09 19:00,87.08
37,04.09 20:00,84.625
37,04.09 21:00,85.848
37,04.09 22:00,85.379
37,04.09 23:00,83.494
37,05.09 00:00,82.608
37,05.09 01:00,80.67
37,05.09 02:00,79.483
37,05.09 03:00,79.777
37,05.09 04:00,80.034
37,05.09 05:00,80.323
37,05.09 06:00,79.064
37,05.09 07:00,78.439
37,05.09 08:00,79.445
37,05.09 09:00,79.274
37,05.09 10:00,81.3
37,05.09 11:00,82.234
37,05.09 12:00,81.744
37,05.09 13:00,82.412
37,05.09 14:00,82.245
37,05.09 15:00,81.828
37,05.09 16:00,81.537
37,05.09 17:00,79.558
37,05.09 18:00,79.991
37,05.09 19:00,81.213
37,05.09 20:00,80.756
37,05.09 21:00,81.075
37,05.09 22:00,82.043
37,05.09 23:00,82.615
37,06.09 00:00,82.681
37,06.09 01:00,83.266
37,06.09 02:00,83.459
37,06.09 03:00,82.606
37,06.09 04:00,82.778
37,06.09 05:00,82.108
37,06.09 06:00,88.979
37,06.09 07:00,89.001
37,06.09 08:00,92.358
37,06.09 09:00,100.201
37,06.09 10:00,103.215
37,06.09 11:00,104.507
37,06.09 12:00,106.547
37,06.09 13:00,109.183
37,06.09 14:00,107.671
37,06.09 15:00,104.992
37,06.09 16:00,107.597
37,06.09 17:00,99.561
37,06.09 18:00,96.802
37,06.09 19:00,99.124
37,06.09 20:00,92.223
37,06.09 21:00,90.466
37,06.09 22:00,84.51
37,06.09 23:00,85.187
37,07.09 00:00,85.134
37,07.09 01:00,85.203
37,07.09 02:00,85.519
37,07.09 03:00,86.006
37,07.09 04:00,83.964
37,07.09 05:00,82.357
37,07.09 06:00,89.822
37,07.09 07:00,88.277
37,07.09 08:00,92.292
37,07.09 09:00,100.485
37,07.09 10:00,107.201
37,07.09 11:00,108.056
37,07.09 12:00,108.448
37,07.09 13:00,109.388
37,07.09 14:00,109.063
37,07.09 15:00,108.25
37,07.09 16:00,108.114
37,07.09 17:00,101.789
37,07.09 18:00,96.171
37,07.09 19:00,93.106
37,07.09 20:00,94.48
37,07.09 21:00,90.577
37,07.09 22:00,85.125
37,07.09 23:00,83.554
37,08.09 00:00,83.516
37,08.09 01:00,82.782
37,08.09 02:00,84.644
37,08.09 03:00,83.572
37,08.09 04:00,81.754
37,08.09 05:00,79.748
37,08.09 06:00,87.374
37,08.09 07:00,87.001
37,08.09 08:00,90.888
37,08.09 09:00,99.363
37,08.09 10:00,104.196
37,08.09 11:00,108.414
37,08.09 12:00,110.384
37,08.09 13:00,111.363
37,08.09 14:00,106.618
37,08.09 15:00,108.921
37,08.09 16:00,106.909
37,08.09 17:00,102.183
37,08.09 18:00,98.82
37,08.09 19:00,95.206
37,08.09 20:00,91.652
37,08.09 21:00,90.418
37,08.09 22:00,84.997
37,08.09 23:00,84.782
37,09.09 00:00,84.789
37,09.09 01:00,82.734
37,09.09 02:00,84.155
37,09.09 03:00,80.957
37,09.09 04:00,81.907
37,09.09 05:00,81.023
37,09.09 06:00,88.613
37,09.09 07:00,86.027
37,09.09 08:00,93.947
37,09.09 09:00,101.096
37,09.09 10:00,106.465
37,09.09 11:00,111.233
37,09.09 12:00,112.006
37,09.09 13:00,118.647
37,09.09 14:00,117.577
37,09.09 15:00,109.531
37,09.09 16:00,106.119
37,09.09 17:00,101.328
37,09.09 18:00,96.982
37,09.09 19:00,91.362
37,09.09 20:00,90.321
37,09.09 21:00,87.789
37,09.09 22:00,86.548
37,09.09 23:00,84.558
37,10.09 00:00,83.618
37,10.09 01:00,82.331
37,10.09 02:00,80.729
37,10.09 03:00,81.316
37,10.09 04:00,79.811
37,10.09 05:00,79.556
37,10.09 06:00,84.231
37,10.09 07:00,82.593
37,10.09 08:00,85.248
37,10.09 09:00,87.2
37,10.09 10:00,87.285
37,10.09 11:00,87.289
37,10.09 12:00,87.51
37,10.09 13:00,86.301
37,10.09 14:00,86.281
37,10.09 15:00,85.23
37,10.09 16:00,84.496
37,10.09 17:00,83.98
37,10.09 18:00,83.595
37,10.09 19:00,83.17
37,10.09 20:00,81.129
37,10.09 21:00,80.833
37,10.09 22:00,78.448
37,10.09 23:00,77.604
37,11.09 00:00,76.924
37,11.09 01:00,76.579
37,11.09 02:00,76.183
37,11.09 03:00,77.545
37,11.09 04:00,77.13
37,11.09 05:00,77.223
37,11.09 06:00,82.44
37,11.09 07:00,79.406
37,11.09 08:00,80.038
37,11.09 09:00,83.463
37,11.09 10:00,84.492
37,11.09 11:00,83.895
37,11.09 12:00,83.404
37,11.09 13:00,84.693
37,11.09 14:00,84.655
37,11.09 15:00,83.917
37,11.09 16:00,83.041
37,11.09 17:00,83.893
37,11.09 18:00,83.244
37,11.09 19:00,82.342
37,11.09 20:00,82.803
37,11.09 21:00,82.318
37,11.09 22:00,80.449
37,11.09 23:00,79.523
37,12.09 00:00,78.576
37,12.09 01:00,77.587
37,12.09 02:00,77.934
37,12.09 03:00,78.734
37,12.09 04:00,77.093
37,12.09 05:00,76.962
37,12.09 06:00,84.134
37,12.09 07:00,83.017
37,12.09 08:00,87.708
37,12.09 09:00,95.778
37,12.09 10:00,102.279
37,12.09 11:00,106.765
37,12.09 12:00,107.765
37,12.09 13:00,108.666
37,12.09 14:00,103.864
37,12.09 15:00,106.511
37,12.09 16:00,104.575
37,12.09 17:00,99.085
37,12.09 18:00,94.068
37,12.09 19:00,89.284
37,12.09 20:00,84.83
37,12.09 21:00,80.705
37,12.09 22:00,80.538
37,12.09 23:00,83.868
37,13.09 00:00,85.046
37,13.09 01:00,77.854
37,13.09 02:00,79.874
37,13.09 03:00,77.717
37,13.09 04:00,78.285
37,13.09 05:00,76.836
37,13.09 06:00,83.783
37,13.09 07:00,83.17
37,13.09 08:00,88.282
37,13.09 09:00,94.557
37,13.09 10:00,98.513
37,13.09 11:00,102.839
37,13.09 12:00,102.389
37,13.09 13:00,102.931
37,13.09 14:00,107.427
37,13.09 15:00,106.692
37,13.09 16:00,101.99
37,13.09 17:00,97.911
37,13.09 18:00,92.088
37,13.09 19:00,92.283
37,13.09 20:00,90.928
37,13.09 21:00,88.101
37,13.09 22:00,84.38
37,13.09 23:00,82.122
37,14.09 00:00,82.051
37,14.09 01:00,80.938
37,14.09 02:00,80.642
37,14.09 03:00,80.606
37,14.09 04:00,79.926
37,14.09 05:00,80.093
37,14.09 06:00,86.495
37,14.09 07:00,85.085
37,14.09 08:00,88.562
37,14.09 09:00,97.273
37,14.09 10:00,104.417
37,14.09 11:00,109.52
37,14.09 12:00,106.358
37,14.09 13:00,109.877
37,14.09 14:00,109.768
37,14.09 15:00,109.751
37,14.09 16:00,106.432
37,14.09 17:00,101.891
37,14.09 18:00,94.102
37,14.09 19:00,91.486
37,14.09 20:00,90.238
37,14.09 21:00,87.736
37,14.09 22:00,84.208
37,14.09 23:00,84.059
37,15.09 00:00,84.064
37,15.09 01:00,83.115
37,15.09 02:00,81.804
37,15.09 03:00,80.149
37,15.09 04:00,80.905
37,15.09 05:00,78.001
37,15.09 06:00,85.258
37,15.09 07:00,86.056
37,15.09 08:00,91.784
37,15.09 09:00,96.115
37,15.09 10:00,103.874
37,15.09 11:00,105.935
37,15.09 12:00,108.519
37,15.09 13:00,113.959
37,15.09 14:00,109.128
37,15.09 15:00,108.235
37,15.09 16:00,107.442
37,15.09 17:00,104.974
37,15.09 18:00,96.835
37,15.09 19:00,94.363
37,15.09 20:00,91.067
37,15.09 21:00,88.9
37,15.09 22:00,85.406
37,15.09 23:00,82.522
37,16.09 00:00,82.265
37,16.09 01:00,79.76
37,16.09 02:00,81.241
37,16.09 03:00,79.535
37,16.09 04:00,80.089
37,16.09 05:00,79.899
37,16.09 06:00,84.862
37,16.09 07:00,83.937
37,16.09 08:00,89.318
37,16.09 09:00,95.951
37,16.09 10:00,103.744
37,16.09 11:00,107.816
37,16.09 12:00,104.038
37,16.09 13:00,101.904
37,16.09 14:00,106.846
37,16.09 15:00,108.53
37,16.09 16:00,104.298
37,16.09 17:00,95.796
37,16.09 18:00,91.215
37,16.09 19:00,88.303
37,16.09 20:00,89.909
37,16.09 21:00,83.682
37,16.09 22:00,82.863
37,16.09 23:00,81.254
37,17.09 00:00,78.305
37,17.09 01:00,78.714
37,17.09 02:00,78.273
37,17.09 03:00,77.925
37,17.09 04:00,78.006
37,17.09 05:00,76.876
37,17.09 06:00,81.201
37,17.09 07:00,78.603
37,17.09 08:00,80.813
37,17.09 09:00,86.312
37,17.09 10:00,89.013
37,17.09 11:00,89.538
37,17.09 12:00,90.571
37,17.09 13:00,87.808
37,17.09 14:00,87.435
37,17.09 15:00,86.261
37,17.09 16:00,85.302
37,17.09 17:00,83.844
37,17.09 18:00,85.023
37,17.09 19:00,83.119
37,17.09 20:00,82.757
37,17.09 21:00,81.251
37,17.09 22:00,79.797
37,17.09 23:00,78.565
37,18.09 00:00,78.046
37,18.09 01:00,77.114
37,18.09 02:00,77.835
37,18.09 03:00,77.792
37,18.09 04:00,77.121
37,18.09 05:00,77.107
37,18.09 06:00,81.146
37,18.09 07:00,79.616
37,18.09 08:00,81.129
37,18.09 09:00,82.828
37,18.09 10:00,82.087
37,18.09 11:00,81.848
37,18.09 12:00,82.537
37,18.09 13:00,82.159
37,18.09 14:00,84.422
37,18.09 15:00,86.739
37,18.09 16:00,85.251
37,18.09 17:00,84.058
37,18.09 18:00,84.878
37,18.09 19:00,83.642
37,18.09 20:00,82.4
37,18.09 21:00,82.406
37,18.09 22:00,80.263
37,18.09 23:00,77.631
37,19.09 00:00,77.129
37,19.09 01:00,75.684
37,19.09 02:00,76.629
37,19.09 03:00,76.792
37,19.09 04:00,75.697
37,19.09 05:00,75.336
37,19.09 06:00,82.361
37,19.09 07:00,82.049
37,19.09 08:00,87.803
37,19.09 09:00,96.495
37,19.09 10:00,102.573
37,19.09 11:00,108.045
37,19.09 12:00,108.937
37,19.09 13:00,110.819
37,19.09 14:00,108.961
37,19.09 15:00,107.694
37,19.09 16:00,107.051
37,19.09 17:00,100.96
37,19.09 18:00,98.386
37,19.09 19:00,95.407
37,19.09 20:00,91.151
37,19.09 21:00,89.286
37,19.09 22:00,84.217
37,19.09 23:00,84.72
37,20.09 00:00,82.306
37,20.09 01:00,81.702
37,20.09 02:00,82.91
37,20.09 03:00,80.409
37,20.09 04:00,81.21
37,20.09 05:00,79.572
37,20.09 06:00,87.122
37,20.09 07:00,87.27
37,20.09 08:00,87.461
37,20.09 09:00,100.372
37,20.09 10:00,103.512
37,20.09 11:00,105.23
37,20.09 12:00,110.138
37,20.09 13:00,111.406
37,20.09 14:00,112.503
37,20.09 15:00,111.359
37,20.09 16:00,109.306
37,20.09 17:00,98.6
37,20.09 18:00,92.836
37,20.09 19:00,90.61
37,20.09 20:00,89.249
37,20.09 21:00,85.6
37,20.09 22:00,82.594
37,20.09 23:00,81.503
37,21.09 00:00,80.981
37,21.09 01:00,81.688
37,21.09 02:00,80.436
37,21.09 03:00,77.663
37,21.09 04:00,79.483
37,21.09 05:00,77.858
37,21.09 06:00,85.249
37,21.09 07:00,83.541
37,21.09 08:00,89.641
37,21.09 09:00,99.329
37,21.09 10:00,104.776
37,21.09 11:00,108.416
37,21.09 12:00,107.447
37,21.09 13:00,109.241
37,21.09 14:00,109.375
37,21.09 15:00,114.161
37,21.09 16:00,110.645
37,21.09 17:00,103.322
37,21.09 18:00,97.035
37,21.09 19:00,91.752
37,21.09 20:00,88.608
37,21.09 21:00,85.897
37,21.09 22:00,82.959
37,21.09 23:00,82.733
37,22.09 00:00,80.972
37,22.09 01:00,80.501
37,22.09 02:00,80.516
37,22.09 03:00,77.289
37,22.09 04:00,78.448
37,22.09 05:00,78.64
37,22.09 06:00,85.347
37,22.09 07:00,84.268
37,22.09 08:00,93.36
37,22.09 09:00,99.483
37,22.09 10:00,108.32
37,22.09 11:00,111.576
37,22.09 12:00,112.067
37,22.09 13:00,111.442
37,22.09 14:00,111.251
37,22.09 15:00,109.965
37,22.09 16:00,106.965
37,22.09 17:00,102.841
37,22.09 18:00,98.875
37,22.09 19:00,96.354
37,22.09 20:00,92.101
37,22.09 21:00,85.707
37,22.09 22:00,82.021
37,22.09 23:00,80.001
37,23.09 00:00,78.587
37,23.09 01:00,78.547
37,23.09 02:00,79.623
37,23.09 03:00,76.659
37,23.09 04:00,76.712
37,23.09 05:00,76.036
37,23.09 06:00,81.083
37,23.09 07:00,80.638
37,23.09 08:00,86.887
37,23.09 09:00,96.473
37,23.09 10:00,99.508
37,23.09 11:00,102.739
37,23.09 12:00,100.995
37,23.09 13:00,105.308
37,23.09 14:00,107.955
37,23.09 15:00,105.057
37,23.09 16:00,100.517
37,23.09 17:00,90.134
37,23.09 18:00,90.778
37,23.09 19:00,88.733
37,23.09 20:00,86.158
37,23.09 21:00,85.914
37,23.09 22:00,83.445
37,23.09 23:00,81.756
37,24.09 00:00,79.686
37,24.09 01:00,80.453
37,24.09 02:00,79.6
37,24.09 03:00,83.958
37,24.09 04:00,83.271
37,24.09 05:00,82.597
37,24.09 06:00,85.559
37,24.09 07:00,84.137
37,24.09 08:00,82.837
37,24.09 09:00,87.004
37,24.09 10:00,87.688
37,24.09 11:00,87.585
37,24.09 12:00,88.967
37,24.09 13:00,88.546
37,24.09 14:00,88.949
37,24.09 15:00,89.294
37,24.09 16:00,87.602
37,24.09 17:00,84.618
37,24.09 18:00,86.401
37,24.09 19:00,82.639
37,24.09 20:00,80.187
37,24.09 21:00,79.853
37,24.09 22:00,78.891
37,24.09 23:00,77.164
37,25.09 00:00,76.716
37,25.09 01:00,76.331
37,25.09 02:00,76.587
37,25.09 03:00,76.678
37,25.09 04:00,76.426
37,25.09 05:00,78.408
37,25.09 06:00,79.609
37,25.09 07:00,78.171
37,25.09 08:00,80.099
37,25.09 09:00,81.37
37,25.09 10:00,81.539
37,25.09 11:00,82.556
37,25.09 12:00,83.335
37,25.09 13:00,83.831
37,25.09 14:00,63.44
37,25.09 15:00,84.128
37,25.09 16:00,85.096
37,25.09 17:00,85.32
37,25.09 18:00,84.903
37,25.09 19:00,84.238
37,25.09 20:00,84.294
37,25.09 21:00,79.217
37,25.09 22:00,79.107
37,25.09 23:00,80.238
37,26.09 00:00,79.004
37,26.09 01:00,77.936
37,26.09 02:00,77.369
37,26.09 03:00,76.22
37,26.09 04:00,76.282
37,26.09 05:00,75.934
37,26.09 06:00,81.45
37,26.09 07:00,81.902
37,26.09 08:00,88.728
37,26.09 09:00,99.448
37,26.09 10:00,105.057
37,26.09 11:00,110.778
37,26.09 12:00,112.489
37,26.09 13:00,110.247
37,26.09 14:00,110.671
37,26.09 15:00,114.783
37,26.09 16:00,113.73
37,26.09 17:00,103.84
37,26.09 18:00,93.408
37,26.09 19:00,89.156
37,26.09 20:00,87.309
37,26.09 21:00,83.809
37,26.09 22:00,81.005
37,26.09 23:00,80.71
37,27.09 00:00,79.038
37,27.09 01:00,80.102
37,27.09 02:00,79.607
37,27.09 03:00,79.717
37,27.09 04:00,79.049
37,27.09 05:00,78.984
37,27.09 06:00,83.825
37,27.09 07:00,83.478
37,27.09 08:00,88.632
37,27.09 09:00,95.827
37,27.09 10:00,100.982
37,27.09 11:00,111.789
37,27.09 12:00,116.3
37,27.09 13:00,118.124
37,27.09 14:00,115.585
37,27.09 15:00,115.529
37,27.09 16:00,112.306
37,27.09 17:00,100.977
37,27.09 18:00,93.577
37,27.09 19:00,89.986
37,27.09 20:00,87.65
37,27.09 21:00,86.155
37,27.09 22:00,82.792
37,27.09 23:00,82.032
37,28.09 00:00,81.102
37,28.09 01:00,80.975
37,28.09 02:00,80.621
37,28.09 03:00,79.289
37,28.09 04:00,79.572
37,28.09 05:00,78.902
37,28.09 06:00,83.182
37,28.09 07:00,83.261
37,28.09 08:00,89.661
37,28.09 09:00,98.223
37,28.09 10:00,101.223
37,28.09 11:00,108.366
37,28.09 12:00,107.704
37,28.09 13:00,108.649
37,28.09 14:00,113.96
37,28.09 15:00,114.955
37,28.09 16:00,113.259
37,28.09 17:00,101.664
37,28.09 18:00,94.612
37,28.09 19:00,91.232
37,28.09 20:00,91.61
37,28.09 21:00,88.522
37,28.09 22:00,83.207
37,28.09 23:00,83.339
37,29.09 00:00,80.826
37,29.09 01:00,82.321
37,29.09 02:00,79.63
37,29.09 03:00,79.712
37,29.09 04:00,79.48
37,29.09 05:00,78.743
37,29.09 06:00,84.489
37,29.09 07:00,84.785
37,29.09 08:00,90.133
37,29.09 09:00,96.091
37,29.09 10:00,101.197
37,29.09 11:00,107.53
37,29.09 12:00,106.314
37,29.09 13:00,111.398
37,29.09 14:00,114.276
37,29.09 15:00,114.492
37,29.09 16:00,109.554
37,29.09 17:00,101.451
37,29.09 18:00,94.248
37,29.09 19:00,91.985
37,29.09 20:00,88.558
37,29.09 21:00,89.483
37,29.09 22:00,84.855
37,29.09 23:00,83.213
37,30.09 00:00,80.861
37,30.09 01:00,79.664
37,30.09 02:00,80.042
37,30.09 03:00,78.702
37,30.09 04:00,79.113
37,30.09 05:00,78.679
37,30.09 06:00,84.364
37,30.09 07:00,82.399
37,30.09 08:00,87.841
37,30.09 09:00,97.524
37,30.09 10:00,103.688
37,30.09 11:00,104.655
37,30.09 12:00,107.584
37,30.09 13:00,105.617
37,30.09 14:00,104.752
37,30.09 15:00,102.702
37,30.09 16:00,100.581
37,30.09 17:00,93.878
37,30.09 18:00,89.811
37,30.09 19:00,84.85
37,30.09 20:00,83.118
37,30.09 21:00,81.978
37,30.09 22:00,79.997
37,30.09 23:00,79.469
