4,01.03 00:00,18.37
4,01.03 01:00,18.29
4,01.03 02:00,18.401
4,01.03 03:00,18.356
4,01.03 04:00,18.389
4,01.03 05:00,18.399
4,01.03 06:00,18.397
4,01.03 07:00,18.315
4,01.03 08:00,18.396
4,01.03 09:00,18.36
4,01.03 10:00,18.379
4,01.03 11:00,18.368
4,01.03 12:00,18.394
4,01.03 13:00,18.289
4,01.03 14:00,18.258
4,01.03 15:00,18.347
4,01.03 16:00,18.377
4,01.03 17:00,18.347
4,01.03 18:00,18.411
4,01.03 19:00,18.305
4,01.03 20:00,18.287
4,01.03 21:00,18.351
4,01.03 22:00,18.318
4,01.03 23:00,18.294
4,02.03 00:00,18.308
4,02.03 01:00,18.41
4,02.03 02:00,18.412
4,02.03 03:00,18.29
4,02.03 04:00,18.306
4,02.03 05:00,18.306
4,02.03 06:00,18.268
4,02.03 07:00,18.416
4,02.03 08:00,18.273
4,02.03 09:00,18.354
4,02.03 10:00,18.41
4,02.03 11:00,18.392
4,02.03 12:00,18.291
4,02.03 13:00,18.264
4,02.03 14:00,18.353
4,02.03 15:00,18.248
4,02.03 16:00,18.245
4,02.03 17:00,18.243
4,02.03 18:00,18.392
4,02.03 19:00,18.382
4,02.03 20:00,18.364
4,02.03 21:00,18.252
4,02.03 22:00,18.319
4,02.03 23:00,18.349
4,03.03 00:00,18.309
4,03.03 01:00,18.354
4,03.03 02:00,18.252
4,03.03 03:00,18.32
4,03.03 04:00,18.348
4,03.03 05:00,18.283
4,03.03 06:00,18.355
4,03.03 07:00,18.395
4,03.03 08:00,18.374
4,03.03 09:00,18.315
4,03.03 10:00,18.416
4,03.03 11:00,18.39
4,03.03 12:00,18.276
4,03.03 13:00,18.351
4,03.03 14:00,18.384
4,03.03 15:00,18.324
4,03.03 16:00,18.381
4,03.03 17:00,18.305
4,03.03 18:00,18.342
4,03.03 19:00,18.234
4,03.03 20:00,18.303
4,03.03 21:00,18.413
4,03.03 22:00,18.344
4,03.03 23:00,18.392
4,04.03 00:00,18.236
4,04.03 01:00,18.4
4,04.03 02:00,18.35
4,04.03 03:00,18.236
4,04.03 04:00,18.376
4,04.03 05:00,18.406
4,04.03 06:00,18.245
4,04.03 07:00,18.396
4,04.03 08:00,18.296
4,04.03 09:00,17.468
4,04.03 10:00,18.282
4,04.03 11:00,18.268
4,04.03 12:00,18.286
4,04.03 13:00,18.381
4,04.03 14:00,18.398
4,04.03 15:00,18.244
4,04.03 16:00,18.238
4,04.03 17:00,18.353
4,04.03 18:00,18.288
4,04.03 19:00,17.639
4,04.03 20:00,18.294
4,04.03 21:00,18.415
4,04.03 22:00,18.414
4,04.03 23:00,18.315
4,05.03 00:00,18.316
4,05.03 01:00,18.377
4,05.03 02:00,18.366
4,05.03 03:00,18.255
4,05.03 04:00,18.319
4,05.03 05:00,18.254
4,05.03 06:00,18.384
4,05.03 07:00,18.312
4,05.03 08:00,18.265
4,05.03 09:00,18.323
4,05.03 10:00,18.285
4,05.03 11:00,18.37
4,05.03 12:00,18.395
4,05.03 13:00,18.389
4,05.03 14:00,18.355
4,05.03 15:00,18.363
4,05.03 16:00,18.247
4,05.03 17:00,18.255
4,05.03 18:00,18.252
4,05.03 19:00,18.368
4,05.03 20:00,18.317
4,05.03 21:00,18.317
4,05.03 22:00,18.277
4,05.03 23:00,18.364
4,06.03 00:00,18.413
4,06.03 01:00,18.303
4,06.03 02:00,18.239
4,06.03 03:00,18.34
4,06.03 04:00,18.259
4,06.03 05:00,18.388
4,06.03 06:00,18.343
4,06.03 07:00,18.401
4,06.03 08:00,18.349
4,06.03 09:00,18.415
4,06.03 10:00,18.296
4,06.03 11:00,18.282
4,06.03 12:00,18.365
4,06.03 13:00,18.34
4,06.03 14:00,18.4
4,06.03 15:00,18.386
4,06.03 16:00,18.341
4,06.03 17:00,18.404
4,06.03 18:00,18.349
4,06.03 19:00,18.325
4,06.03 20:00,18.286
4,06.03 21:00,18.363
4,06.03 22:00,18.336
4,06.03 23:00,18.277
4,07.03 00:00,18.403
4,07.03 01:00,18.315
4,07.03 02:00,18.279
4,07.03 03:00,18.17
4,07.03 04:00,18.319
4,07.03 05:00,18.317
4,07.03 06:00,18.243
4,07.03 07:00,18.301
4,07.03 08:00,18.293
4,07.03 09:00,18.283
4,07.03 10:00,18.354
4,07.03 11:00,18.407
4,07.03 12:00,18.311
4,07.03 13:00,18.345
4,07.03 14:00,18.413
4,07.03 15:00,18.311
4,07.03 16:00,18.331
4,07.03 17:00,18.268
4,07.03 18:00,18.322
4,07.03 19:00,18.362
4,07.03 20:00,18.346
4,07.03 21:00,18.489
4,07.03 22:00,18.385
4,07.03 23:00,18.4
4,08.03 00:00,18.344
4,08.03 01:00,18.395
4,08.03 02:00,18.236
4,08.03 03:00,18.262
4,08.03 04:00,18.357
4,08.03 05:00,18.337
4,08.03 06:00,18.394
4,08.03 07:00,18.353
4,08.03 08:00,18.271
4,08.03 09:00,18.248
4,08.03 10:00,18.379
4,08.03 11:00,18.382
4,08.03 12:00,18.37
4,08.03 13:00,18.373
4,08.03 14:00,18.443
4,08.03 15:00,18.345
4,08.03 16:00,18.367
4,08.03 17:00,18.398
4,08.03 18:00,18.416
4,08.03 19:00,18.345
4,08.03 20:00,18.335
4,08.03 21:00,18.323
4,08.03 22:00,18.25
4,08.03 23:00,17.848
4,09.03 00:00,18.469
4,09.03 01:00,18.286
4,09.03 02:00,18.363
4,09.03 03:00,18.282
4,09.03 04:00,18.287
4,09.03 05:00,18.388
4,09.03 06:00,18.35
4,09.03 07:00,18.366
4,09.03 08:00,18.285
4,09.03 09:00,18.344
4,09.03 10:00,18.663
4,09.03 11:00,18.395
4,09.03 12:00,18.243
4,09.03 13:00,18.323
4,09.03 14:00,18.379
4,09.03 15:00,18.262
4,09.03 16:00,18.336
4,09.03 17:00,18.28
4,09.03 18:00,18.403
4,09.03 19:00,18.299
4,09.03 20:00,18.327
4,09.03 21:00,18.397
4,09.03 22:00,18.326
4,09.03 23:00,18.244
4,10.03 00:00,18.351
4,10.03 01:00,18.299
4,10.03 02:00,18.25
4,10.03 03:00,18.409
4,10.03 04:00,18.335
4,10.03 05:00,18.347
4,10.03 06:00,18.282
4,10.03 07:00,18.358
4,10.03 08:00,18.303
4,10.03 09:00,18.414
4,10.03 10:00,18.28
4,10.03 11:00,18.384
4,10.03 12:00,18.361
4,10.03 13:00,18.398
4,10.03 14:00,18.342
4,10.03 15:00,18.324
4,10.03 16:00,18.281
4,10.03 17:00,18.361
4,10.03 18:00,18.367
4,10.03 19:00,18.388
4,10.03 20:00,18.338
4,10.03 21:00,18.387
4,10.03 22:00,18.327
4,10.03 23:00,18.272
4,11.03 00:00,18.288
4,11.03 01:00,18.416
4,11.03 02:00,18.302
4,11.03 03:00,18.393
4,11.03 04:00,18.416
4,11.03 05:00,18.286
4,11.03 06:00,17.819
4,11.03 07:00,18.323
4,11.03 08:00,18.309
4,11.03 09:00,18.319
4,11.03 10:00,18.352
4,11.03 11:00,18.339
4,11.03 12:00,18.409
4,11.03 13:00,18.35
4,11.03 14:00,18.387
4,11.03 15:00,18.331
4,11.03 16:00,18.349
4,11.03 17:00,18.255
4,11.03 18:00,18.3
4,11.03 19:00,18.359
4,11.03 20:00,18.265
4,11.03 21:00,18.377
4,11.03 22:00,18.312
4,11.03 23:00,18.334
4,12.03 00:00,18.396
4,12.03 01:00,18.268
4,12.03 02:00,18.303
4,12.03 03:00,18.361
4,12.03 04:00,18.4
4,12.03 05:00,18.317
4,12.03 06:00,18.325
4,12.03 07:00,18.411
4,12.03 08:00,18.362
4,12.03 09:00,18.392
4,12.03 10:00,18.307
4,12.03 11:00,18.341
4,12.03 12:00,18.274
4,12.03 13:00,18.384
4,12.03 14:00,18.313
4,12.03 15:00,18.324
4,12.03 16:00,18.293
4,12.03 17:00,18.349
4,12.03 18:00,18.38
4,12.03 19:00,18.346
4,12.03 20:00,18.289
4,12.03 21:00,18.402
4,12.03 22:00,18.275
4,12.03 23:00,18.342
4,13.03 00:00,18.354
4,13.03 01:00,18.397
4,13.03 02:00,18.327
4,13.03 03:00,18.314
4,13.03 04:00,18.235
4,13.03 05:00,18.252
4,13.03 06:00,18.297
4,13.03 07:00,18.351
4,13.03 08:00,18.294
4,13.03 09:00,18.29
4,13.03 10:00,18.308
4,13.03 11:00,18.392
4,13.03 12:00,18.278
4,13.03 13:00,18.314
4,13.03 14:00,18.411
4,13.03 15:00,18.345
4,13.03 16:00,18.33
4,13.03 17:00,18.245
4,13.03 18:00,18.379
4,13.03 19:00,18.33
4,13.03 20:00,18.254
4,13.03 21:00,18.237
4,13.03 22:00,18.363
4,13.03 23:00,18.41
4,14.03 00:00,18.309
4,14.03 01:00,18.398
4,14.03 02:00,18.253
4,14.03 03:00,18.283
4,14.03 04:00,18.282
4,14.03 05:00,18.37
4,14.03 06:00,18.252
4,14.03 07:00,18.376
4,14.03 08:00,18.248
4,14.03 09:00,18.345
4,14.03 10:00,18.329
4,14.03 11:00,18.36
4,14.03 12:00,18.251
4,14.03 13:00,18.393
4,14.03 14:00,18.282
4,14.03 15:00,18.33
4,14.03 16:00,18.25
4,14.03 17:00,18.395
4,14.03 18:00,18.341
4,14.03 19:00,18.242
4,14.03 20:00,18.4
4,14.03 21:00,18.517
4,14.03 22:00,18.25
4,14.03 23:00,18.369
4,15.03 00:00,18.379
4,15.03 01:00,18.292
4,15.03 02:00,18.238
4,15.03 03:00,18.376
4,15.03 04:00,18.349
4,15.03 05:00,18.405
4,15.03 06:00,18.264
4,15.03 07:00,18.363
4,15.03 08:00,18.29
4,15.03 09:00,18.278
4,15.03 10:00,18.392
4,15.03 11:00,18.249
4,15.03 12:00,18.369
4,15.03 13:00,18.247
4,15.03 14:00,18.263
4,15.03 15:00,18.274
4,15.03 16:00,18.358
4,15.03 17:00,18.397
4,15.03 18:00,18.327
4,15.03 19:00,18.402
4,15.03 20:00,18.38
4,15.03 21:00,18.242
4,15.03 22:00,18.307
4,15.03 23:00,18.244
4,16.03 00:00,18.386
4,16.03 01:00,18.397
4,16.03 02:00,18.411
4,16.03 03:00,18.272
4,16.03 04:00,0.0
4,16.03 05:00,0.0
4,16.03 06:00,0.0
4,16.03 07:00,0.0
4,16.03 08:00,0.0
4,16.03 09:00,0.0
4,16.03 10:00,0.0
4,16.03 11:00,0.0
4,16.03 12:00,0.0
4,16.03 13:00,0.0
4,16.03 14:00,0.0
4,16.03 15:00,0.0
4,16.03 16:00,0.0
4,16.03 17:00,0.0
4,16.03 18:00,0.0
4,16.03 19:00,0.0
4,16.03 20:00,0.0
4,16.03 21:00,0.0
4,16.03 22:00,0.0
4,16.03 23:00,0.0
4,17.03 00:00,0.0
4,17.03 01:00,0.0
4,17.03 02:00,0.0
4,17.03 03:00,0.0
4,17.03 04:00,0.0
4,17.03 05:00,0.0
4,17.03 06:00,0.0
4,17.03 07:00,0.0
4,17.03 08:00,0.0
4,17.03 09:00,0.0
4,17.03 10:00,0.0
4,17.03 11:00,0.0
4,17.03 12:00,0.0
4,17.03 13:00,0.0
4,17.03 14:00,0.0
4,17.03 15:00,0.0
4,17.03 16:00,0.0
4,17.03 17:00,0.0
4,17.03 18:00,0.0
4,17.03 19:00,0.0
4,17.03 20:00,0.0
4,17.03 21:00,0.0
4,17.03 22:00,0.0
4,17.03 23:00,0.0
4,18.03 00:00,0.0
4,18.03 01:00,0.0
4,18.03 02:00,0.0
4,18.03 03:00,0.0
4,18.03 04:00,0.0
4,18.03 05:00,0.0
4,18.03 06:00,0.0
4,18.03 07:00,0.0
4,18.03 08:00,0.0
4,18.03 09:00,0.0
4,18.03 10:00,0.0
4,18.03 11:00,0.0
4,18.03 12:00,0.0
4,18.03 13:00,0.0
4,18.03 14:00,0.0
4,18.03 15:00,0.0
4,18.03 16:00,0.0
4,18.03 17:00,0.0
4,18.03 18:00,0.0
4,18.03 19:00,0.0
4,18.03 20:00,0.0
4,18.03 21:00,0.0
4,18.03 22:00,0.0
4,18.03 23:00,0.0
4,19.03 00:00,0.0
4,19.03 01:00,0.0
4,19.03 02:00,0.0
4,19.03 03:00,0.0
4,19.03 04:00,0.0
4,19.03 05:00,0.0
4,19.03 06:00,0.0
4,19.03 07:00,0.0
4,19.03 08:00,0.0
4,19.03 09:00,0.0
4,19.03 10:00,0.0
4,19.03 11:00,0.0
4,19.03 12:00,0.0
4,19.03 13:00,0.0
4,19.03 14:00,0.0
4,19.03 15:00,0.0
4,19.03 16:00,0.0
4,19.03 17:00,0.0
4,19.03 18:00,0.0
4,19.03 19:00,0.0
4,19.03 20:00,0.0
4,19.03 21:00,0.0
4,19.03 22:00,0.0
4,19.03 23:00,0.0
4,20.03 00:00,0.0
4,20.03 01:00,0.0
4,20.03 02:00,0.0
4,20.03 03:00,0.0
4,20.03 04:00,0.0
4,20.03 05:00,0.0
4,20.03 06:00,0.0
4,20.03 07:00,0.0
4,20.03 08:00,0.0
4,20.03 09:00,0.0
4,20.03 10:00,0.0
4,20.03 11:00,0.0
4,20.03 12:00,0.0
4,20.03 13:00,0.0
4,20.03 14:00,0.0
4,20.03 15:00,0.0
4,20.03 16:00,0.0
4,20.03 17:00,0.0
4,20.03 18:00,0.0
4,20.03 19:00,0.0
4,20.03 20:00,0.0
4,20.03 21:00,0.0
4,20.03 22:00,0.0
4,20.03 23:00,0.0
4,21.03 00:00,0.0
4,21.03 01:00,0.0
4,21.03 02:00,0.0
4,21.03 03:00,0.0
4,21.03 04:00,0.0
4,21.03 05:00,0.0
4,21.03 06:00,0.0
4,21.03 07:00,0.0
4,21.03 08:00,0.0
4,21.03 09:00,0.0
4,21.03 10:00,0.0
4,21.03 11:00,0.0
4,21.03 12:00,0.0
4,21.03 13:00,0.0
4,21.03 14:00,0.0
4,21.03 15:00,0.0
4,21.03 16:00,0.0
4,21.03 17:00,0.0
4,21.03 18:00,0.0
4,21.03 19:00,0.0
4,21.03 20:00,0.0
4,21.03 21:00,0.0
4,21.03 22:00,0.0
4,21.03 23:00,0.0
4,22.03 00:00,0.0
4,22.03 01:00,0.0
4,22.03 02:00,0.0
4,22.03 03:00,0.0
4,22.03 04:00,0.0
4,22.03 05:00,0.0
4,22.03 06:00,0.0
4,22.03 07:00,0.0
4,22.03 08:00,0.0
4,22.03 09:00,0.0
4,22.03 10:00,0.0
4,22.03 11:00,0.0
4,22.03 12:00,0.0
4,22.03 13:00,0.0
4,22.03 14:00,0.0
4,22.03 15:00,0.0
4,22.03 16:00,0.0
4,22.03 17:00,0.0
4,22.03 18:00,0.0
4,22.03 19:00,0.0
4,22.03 20:00,0.0
4,22.03 21:00,0.0
4,22.03 22:00,0.0
4,22.03 23:00,0.0
4,23.03 00:00,0.0
4,23.03 01:00,0.0
4,23.03 02:00,0.0
4,23.03 03:00,0.0
4,23.03 04:00,0.0
4,23.03 05:00,0.0
4,23.03 06:00,0.0
4,23.03 07:00,0.0
4,23.03 08:00,0.0
4,23.03 09:00,0.0
4,23.03 10:00,0.0
4,23.03 11:00,0.0
4,23.03 12:00,0.0
4,23.03 13:00,0.0
4,23.03 14:00,0.0
4,23.03 15:00,0.0
4,23.03 16:00,0.0
4,23.03 17:00,0.0
4,23.03 18:00,0.0
4,23.03 19:00,0.0
4,23.03 20:00,0.0
4,23.03 21:00,0.0
4,23.03 22:00,0.0
4,23.03 23:00,0.0
4,24.03 00:00,0.0
4,24.03 01:00,0.0
4,24.03 02:00,0.0
4,24.03 03:00,0.0
4,24.03 04:00,0.0
4,24.03 05:00,0.0
4,24.03 06:00,0.0
4,24.03 07:00,0.0
4,24.03 08:00,0.0
4,24.03 09:00,0.0
4,24.03 10:00,0.0
4,24.03 11:00,0.0
4,24.03 12:00,0.0
4,24.03 13:00,0.0
4,24.03 14:00,0.0
4,24.03 15:00,0.0
4,24.03 16:00,0.0
4,24.03 17:00,0.0
4,24.03 18:00,0.0
4,24.03 19:00,0.0
4,24.03 20:00,0.0
4,24.03 21:00,0.0
4,24.03 22:00,0.0
4,24.03 23:00,0.0
4,25.03 00:00,0.0
4,25.03 01:00,0.0
4,25.03 02:00,0.0
4,25.03 03:00,0.0
4,25.03 04:00,0.0
4,25.03 05:00,0.0
4,25.03 06:00,0.0
4,25.03 07:00,0.0
4,25.03 08:00,0.0
4,25.03 09:00,0.0
4,25.03 10:00,0.0
4,25.03 11:00,0.0
4,25.03 12:00,0.0
4,25.03 13:00,0.0
4,25.03 14:00,0.0
4,25.03 15:00,0.0
4,25.03 16:00,0.0
4,25.03 17:00,0.0
4,25.03 18:00,0.0
4,25.03 19:00,0.0
4,25.03 20:00,0.0
4,25.03 21:00,0.0
4,25.03 22:00,0.0
4,25.03 23:00,0.0
4,26.03 00:00,0.0
4,26.03 01:00,0.0
4,26.03 02:00,0.0
4,26.03 03:00,0.0
4,26.03 04:00,0.0
4,26.03 05:00,0.0
4,26.03 06:00,0.0
4,26.03 07:00,0.0
4,26.03 08:00,0.0
4,26.03 09:00,0.0
4,26.03 10:00,0.0
4,26.03 11:00,0.0
4,26.03 12:00,0.0
4,26.03 13:00,0.0
4,26.03 14:00,0.0
4,26.03 15:00,0.0
4,26.03 16:00,0.0
4,26.03 17:00,0.0
4,26.03 18:00,0.0
4,26.03 19:00,0.0
4,26.03 20:00,0.0
4,26.03 21:00,0.0
4,26.03 22:00,0.0
4,26.03 23:00,0.0
4,27.03 00:00,0.0
4,27.03 01:00,0.0
4,27.03 02:00,0.0
4,27.03 03:00,0.0
4,27.03 04:00,0.0
4,27.03 05:00,0.0
4,27.03 06:00,0.0
4,27.03 07:00,0.0
4,27.03 08:00,0.0
4,27.03 09:00,0.0
4,27.03 10:00,0.0
4,27.03 11:00,0.0
4,27.03 12:00,0.0
4,27.03 13:00,0.0
4,27.03 14:00,0.0
4,27.03 15:00,0.0
4,27.03 16:00,0.0
4,27.03 17:00,0.0
4,27.03 18:00,0.0
4,27.03 19:00,0.0
4,27.03 20:00,0.0
4,27.03 21:00,0.0
4,27.03 22:00,0.0
4,27.03 23:00,0.0
4,28.03 00:00,0.0
4,28.03 01:00,0.0
4,28.03 02:00,0.0
4,28.03 03:00,0.0
4,28.03 04:00,0.0
4,28.03 05:00,0.0
4,28.03 06:00,0.0
4,28.03 07:00,0.0
4,28.03 08:00,0.0
4,28.03 09:00,0.0
4,28.03 10:00,0.0
4,28.03 11:00,0.0
4,28.03 12:00,0.0
4,28.03 13:00,0.0
4,28.03 14:00,0.0
4,28.03 15:00,0.0
4,28.03 16:00,0.0
4,28.03 17:00,0.0
4,28.03 18:00,0.0
4,28.03 19:00,0.0
4,28.03 20:00,0.0
4,28.03 21:00,0.0
4,28.03 22:00,0.0
4,28.03 23:00,0.0
4,29.03 00:00,0.0
4,29.03 01:00,0.0
4,29.03 02:00,0.0
4,29.03 03:00,0.0
4,29.03 04:00,0.0
4,29.03 05:00,0.0
4,29.03 06:00,0.0
4,29.03 07:00,0.0
4,29.03 08:00,0.0
4,29.03 09:00,0.0
4,29.03 10:00,0.0
4,29.03 11:00,0.0
4,29.03 12:00,0.0
4,29.03 13:00,0.0
4,29.03 14:00,0.0
4,29.03 15:00,0.0
4,29.03 16:00,0.0
4,29.03 17:00,0.0
4,29.03 18:00,0.0
4,29.03 19:00,0.0
4,29.03 20:00,0.0
4,29.03 21:00,0.0
4,29.03 22:00,0.0
4,29.03 23:00,0.0
4,30.03 00:00,0.0
4,30.03 01:00,0.0
4,30.03 02:00,0.0
4,30.03 03:00,0.0
4,30.03 04:00,0.0
4,30.03 05:00,0.0
4,30.03 06:00,0.0
4,30.03 07:00,0.0
4,30.03 08:00,0.0
4,30.03 09:00,0.0
4,30.03 10:00,0.0
4,30.03 11:00,0.0
4,30.03 12:00,0.0
4,30.03 13:00,0.0
4,30.03 14:00,0.0
4,30.03 15:00,0.0
4,30.03 16:00,0.0
4,30.03 17:00,0.0
4,30.03 18:00,0.0
4,30.03 19:00,0.0
4,30.03 20:00,0.0
4,30.03 21:00,0.0
4,30.03 22:00,0.0
4,30.03 23:00,0.0
4,31.03 00:00,0.0
4,31.03 01:00,0.0
4,31.03 02:00,0.0
4,31.03 03:00,0.0
4,31.03 04:00,0.0
4,31.03 05:00,0.0
4,31.03 06:00,0.0
4,31.03 07:00,0.0
4,31.03 08:00,0.0
4,31.03 09:00,0.0
4,31.03 10:00,0.0
4,31.03 11:00,0.0
4,31.03 12:00,0.0
4,31.03 13:00,0.0
4,31.03 14:00,0.0
4,31.03 15:00,0.0
4,31.03 16:00,0.0
4,31.03 17:00,0.0
4,31.03 18:00,0.0
4,31.03 19:00,0.0
4,31.03 20:00,0.0
4,31.03 21:00,0.0
4,31.03 22:00,0.0
4,31.03 23:00,0.0
4,01.04 00:00,0.0
4,01.04 01:00,0.0
4,01.04 02:00,0.0
4,01.04 03:00,0.0
4,01.04 04:00,0.0
4,01.04 05:00,0.0
4,01.04 06:00,0.0
4,01.04 07:00,0.0
4,01.04 08:00,0.0
4,01.04 09:00,0.0
4,01.04 10:00,0.0
4,01.04 11:00,0.0
4,01.04 12:00,0.0
4,01.04 13:00,0.0
4,01.04 14:00,0.0
4,01.04 15:00,0.0
4,01.04 16:00,0.0
4,01.04 17:00,0.0
4,01.04 18:00,0.0
4,01.04 19:00,0.0
4,01.04 20:00,0.0
4,01.04 21:00,0.0
4,01.04 22:00,0.0
4,01.04 23:00,0.0
4,02.04 00:00,0.0
4,02.04 01:00,0.0
4,02.04 02:00,0.0
4,02.04 03:00,0.0
4,02.04 04:00,0.0
4,02.04 05:00,0.0
4,02.04 06:00,0.0
4,02.04 07:00,0.0
4,02.04 08:00,0.0
4,02.04 09:00,0.0
4,02.04 10:00,0.0
4,02.04 11:00,0.0
4,02.04 12:00,0.0
4,02.04 13:00,0.0
4,02.04 14:00,0.0
4,02.04 15:00,0.0
4,02.04 16:00,0.0
4,02.04 17:00,0.0
4,02.04 18:00,0.0
4,02.04 19:00,0.0
4,02.04 20:00,0.0
4,02.04 21:00,0.0
4,02.04 22:00,0.0
4,02.04 23:00,0.0
4,03.04 00:00,0.0
4,03.04 01:00,0.0
4,03.04 02:00,0.0
4,03.04 03:00,0.0
4,03.04 04:00,0.0
4,03.04 05:00,0.0
4,03.04 06:00,0.0
4,03.04 07:00,0.0
4,03.04 08:00,0.0
4,03.04 09:00,0.0
4,03.04 10:00,0.0
4,03.04 11:00,0.0
4,03.04 12:00,0.0
4,03.04 13:00,0.0
4,03.04 14:00,0.0
4,03.04 15:00,0.0
4,03.04 16:00,0.0
4,03.04 17:00,0.0
4,03.04 18:00,0.0
4,03.04 19:00,0.0
4,03.04 20:00,0.0
4,03.04 21:00,0.0
4,03.04 22:00,0.0
4,03.04 23:00,0.0
4,04.04 00:00,0.0
4,04.04 01:00,0.0
4,04.04 02:00,0.0
4,04.04 03:00,0.0
4,04.04 04:00,0.0
4,04.04 05:00,0.0
4,04.04 06:00,0.0
4,04.04 07:00,0.0
4,04.04 08:00,0.0
4,04.04 09:00,0.0
4,04.04 10:00,0.0
4,04.04 11:00,0.0
4,04.04 12:00,0.0
4,04.04 13:00,0.0
4,04.04 14:00,0.0
4,04.04 15:00,0.0
4,04.04 16:00,0.0
4,04.04 17:00,0.0
4,04.04 18:00,0.0
4,04.04 19:00,0.0
4,04.04 20:00,0.0
4,04.04 21:00,0.0
4,04.04 22:00,0.0
4,04.04 23:00,0.0
4,05.04 00:00,0.0
4,05.04 01:00,0.0
4,05.04 02:00,0.0
4,05.04 03:00,0.0
4,05.04 04:00,0.0
4,05.04 05:00,0.0
4,05.04 06:00,0.0
4,05.04 07:00,0.0
4,05.04 08:00,0.0
4,05.04 09:00,0.0
4,05.04 10:00,0.0
4,05.04 11:00,0.0
4,05.04 12:00,0.0
4,05.04 13:00,0.0
4,05.04 14:00,0.0
4,05.04 15:00,0.0
4,05.04 16:00,0.0
4,05.04 17:00,0.0
4,05.04 18:00,0.0
4,05.04 19:00,0.0
4,05.04 20:00,0.0
4,05.04 21:00,0.0
4,05.04 22:00,0.0
4,05.04 23:00,0.0
4,06.04 00:00,0.0
4,06.04 01:00,0.0
4,06.04 02:00,0.0
4,06.04 03:00,0.0
4,06.04 04:00,0.0
4,06.04 05:00,0.0
4,06.04 06:00,0.0
4,06.04 07:00,0.0
4,06.04 08:00,0.0
4,06.04 09:00,0.0
4,06.04 10:00,0.0
4,06.04 11:00,0.0
4,06.04 12:00,0.0
4,06.04 13:00,0.0
4,06.04 14:00,0.0
4,06.04 15:00,0.0
4,06.04 16:00,0.0
4,06.04 17:00,0.0
4,06.04 18:00,0.0
4,06.04 19:00,0.0
4,06.04 20:00,0.0
4,06.04 21:00,0.0
4,06.04 22:00,0.0
4,06.04 23:00,0.0
4,07.04 00:00,0.0
4,07.04 01:00,0.0
4,07.04 02:00,0.0
4,07.04 03:00,0.0
4,07.04 04:00,0.0
4,07.04 05:00,0.0
4,07.04 06:00,0.0
4,07.04 07:00,0.0
4,07.04 08:00,0.0
4,07.04 09:00,0.0
4,07.04 10:00,0.0
4,07.04 11:00,0.0
4,07.04 12:00,0.0
4,07.04 13:00,0.0
4,07.04 14:00,0.0
4,07.04 15:00,0.0
4,07.04 16:00,0.0
4,07.04 17:00,0.0
4,07.04 18:00,0.0
4,07.04 19:00,0.0
4,07.04 20:00,0.0
4,07.04 21:00,0.0
4,07.04 22:00,0.0
4,07.04 23:00,0.0
4,08.04 00:00,0.0
4,08.04 01:00,0.0
4,08.04 02:00,0.0
4,08.04 03:00,0.0
4,08.04 04:00,0.0
4,08.04 05:00,0.0
4,08.04 06:00,0.0
4,08.04 07:00,0.0
4,08.04 08:00,0.0
4,08.04 09:00,0.0
4,08.04 10:00,0.0
4,08.04 11:00,0.0
4,08.04 12:00,0.0
4,08.04 13:00,0.0
4,08.04 14:00,0.0
4,08.04 15:00,0.0
4,08.04 16:00,0.0
4,08.04 17:00,0.0
4,08.04 18:00,0.0
4,08.04 19:00,0.0
4,08.04 20:00,0.0
4,08.04 21:00,0.0
4,08.04 22:00,0.0
4,08.04 23:00,0.0
4,09.04 00:00,0.0
4,09.04 01:00,0.0
4,09.04 02:00,0.0
4,09.04 03:00,0.0
4,09.04 04:00,0.0
4,09.04 05:00,0.0
4,09.04 06:00,0.0
4,09.04 07:00,0.0
4,09.04 08:00,0.0
4,09.04 09:00,0.0
4,09.04 10:00,0.0
4,09.04 11:00,0.0
4,09.04 12:00,0.0
4,09.04 13:00,0.0
4,09.04 14:00,0.0
4,09.04 15:00,0.0
4,09.04 16:00,0.0
4,09.04 17:00,0.0
4,09.04 18:00,0.0
4,09.04 19:00,0.0
4,09.04 20:00,0.0
4,09.04 21:00,0.0
4,09.04 22:00,0.0
4,09.04 23:00,0.0
4,10.04 00:00,0.0
4,10.04 01:00,0.0
4,10.04 02:00,0.0
4,10.04 03:00,0.0
4,10.04 04:00,0.0
4,10.04 05:00,0.0
4,10.04 06:00,0.0
4,10.04 07:00,0.0
4,10.04 08:00,0.0
4,10.04 09:00,0.0
4,10.04 10:00,0.0
4,10.04 11:00,0.0
4,10.04 12:00,0.0
4,10.04 13:00,0.0
4,10.04 14:00,0.0
4,10.04 15:00,0.0
4,10.04 16:00,0.0
4,10.04 17:00,0.0
4,10.04 18:00,0.0
4,10.04 19:00,0.0
4,10.04 20:00,0.0
4,10.04 21:00,0.0
4,10.04 22:00,0.0
4,10.04 23:00,0.0
4,11.04 00:00,0.0
4,11.04 01:00,0.0
4,11.04 02:00,0.0
4,11.04 03:00,0.0
4,11.04 04:00,0.0
4,11.04 05:00,0.0
4,11.04 06:00,0.0
4,11.04 07:00,0.0
4,11.04 08:00,0.0
4,11.04 09:00,0.0
4,11.04 10:00,0.0
4,11.04 11:00,0.0
4,11.04 12:00,0.0
4,11.04 13:00,0.0
4,11.04 14:00,0.0
4,11.04 15:00,0.0
4,11.04 16:00,0.0
4,11.04 17:00,0.0
4,11.04 18:00,0.0
4,11.04 19:00,0.0
4,11.04 20:00,0.0
4,11.04 21:00,0.0
4,11.04 22:00,0.0
4,11.04 23:00,0.0
4,12.04 00:00,0.0
4,12.04 01:00,0.0
4,12.04 02:00,0.0
4,12.04 03:00,0.0
4,12.04 04:00,0.0
4,12.04 05:00,0.0
4,12.04 06:00,0.0
4,12.04 07:00,0.0
4,12.04 08:00,0.0
4,12.04 09:00,0.0
4,12.04 10:00,0.0
4,12.04 11:00,0.0
4,12.04 12:00,0.0
4,12.04 13:00,0.0
4,12.04 14:00,0.0
4,12.04 15:00,0.0
4,12.04 16:00,0.0
4,12.04 17:00,0.0
4,12.04 18:00,0.0
4,12.04 19:00,0.0
4,12.04 20:00,0.0
4,12.04 21:00,0.0
4,12.04 22:00,0.0
4,12.04 23:00,0.0
4,13.04 00:00,0.0
4,13.04 01:00,0.0
4,13.04 02:00,0.0
4,13.04 03:00,0.0
4,13.04 04:00,0.0
4,13.04 05:00,0.0
4,13.04 06:00,0.0
4,13.04 07:00,0.0
4,13.04 08:00,0.0
4,13.04 09:00,0.0
4,13.04 10:00,0.0
4,13.04 11:00,0.0
4,13.04 12:00,0.0
4,13.04 13:00,0.0
4,13.04 14:00,0.0
4,13.04 15:00,0.0
4,13.04 16:00,0.0
4,13.04 17:00,0.0
4,13.04 18:00,0.0
4,13.04 19:00,0.0
4,13.04 20:00,0.0
4,13.04 21:00,0.0
4,13.04 22:00,0.0
4,13.04 23:00,0.0
4,14.04 00:00,0.0
4,14.04 01:00,0.0
4,14.04 02:00,0.0
4,14.04 03:00,0.0
4,14.04 04:00,0.0
4,14.04 05:00,0.0
4,14.04 06:00,0.0
4,14.04 07:00,0.0
4,14.04 08:00,0.0
4,14.04 09:00,0.0
4,14.04 10:00,0.0
4,14.04 11:00,0.0
4,14.04 12:00,0.0
4,14.04 13:00,0.0
4,14.04 14:00,0.0
4,14.04 15:00,0.0
4,14.04 16:00,0.0
4,14.04 17:00,0.0
4,14.04 18:00,0.0
4,14.04 19:00,0.0
4,14.04 20:00,0.0
4,14.04 21:00,0.0
4,14.04 22:00,0.0
4,14.04 23:00,0.0
4,15.04 00:00,0.0
4,15.04 01:00,0.0
4,15.04 02:00,0.0
4,15.04 03:00,0.0
4,15.04 04:00,0.0
4,15.04 05:00,0.0
4,15.04 06:00,0.0
4,15.04 07:00,0.0
4,15.04 08:00,0.0
4,15.04 09:00,0.0
4,15.04 10:00,0.0
4,15.04 11:00,0.0
4,15.04 12:00,0.0
4,15.04 13:00,0.0
4,15.04 14:00,0.0
4,15.04 15:00,0.0
4,15.04 16:00,0.0
4,15.04 17:00,0.0
4,15.04 18:00,0.0
4,15.04 19:00,0.0
4,15.04 20:00,0.0
4,15.04 21:00,0.0
4,15.04 22:00,0.0
4,15.04 23:00,0.0
4,16.04 00:00,0.0
4,16.04 01:00,0.0
4,16.04 02:00,0.0
4,16.04 03:00,0.0
4,16.04 04:00,0.0
4,16.04 05:00,0.0
4,16.04 06:00,0.0
4,16.04 07:00,0.0
4,16.04 08:00,0.0
4,16.04 09:00,0.0
4,16.04 10:00,0.0
4,16.04 11:00,0.0
4,16.04 12:00,0.0
4,16.04 13:00,0.0
4,16.04 14:00,0.0
4,16.04 15:00,0.0
4,16.04 16:00,0.0
4,16.04 17:00,0.0
4,16.04 18:00,0.0
4,16.04 19:00,0.0
4,16.04 20:00,0.0
4,16.04 21:00,0.0
4,16.04 22:00,0.0
4,16.04 23:00,0.0
4,17.04 00:00,0.0
4,17.04 01:00,0.0
4,17.04 02:00,0.0
4,17.04 03:00,0.0
4,17.04 04:00,0.0
4,17.04 05:00,0.0
4,17.04 06:00,0.0
4,17.04 07:00,0.0
4,17.04 08:00,0.0
4,17.04 09:00,0.0
4,17.04 10:00,0.0
4,17.04 11:00,0.0
4,17.04 12:00,0.0
4,17.04 13:00,0.0
4,17.04 14:00,0.0
4,17.04 15:00,0.0
4,17.04 16:00,0.0
4,17.04 17:00,0.0
4,17.04 18:00,0.0
4,17.04 19:00,0.0
4,17.04 20:00,0.0
4,17.04 21:00,0.0
4,17.04 22:00,0.0
4,17.04 23:00,0.0
4,18.04 00:00,0.0
4,18.04 01:00,0.0
4,18.04 02:00,0.0
4,18.04 03:00,0.0
4,18.04 04:00,0.0
4,18.04 05:00,0.0
4,18.04 06:00,0.0
4,18.04 07:00,0.0
4,18.04 08:00,0.0
4,18.04 09:00,0.0
4,18.04 10:00,0.0
4,18.04 11:00,0.0
4,18.04 12:00,0.0
4,18.04 13:00,0.0
4,18.04 14:00,0.0
4,18.04 15:00,0.0
4,18.04 16:00,0.0
4,18.04 17:00,0.0
4,18.04 18:00,0.0
4,18.04 19:00,0.0
4,18.04 20:00,0.0
4,18.04 21:00,0.0
4,18.04 22:00,0.0
4,18.04 23:00,0.0
4,19.04 00:00,0.0
4,19.04 01:00,0.0
4,19.04 02:00,0.0
4,19.04 03:00,0.0
4,19.04 04:00,0.0
4,19.04 05:00,0.0
4,19.04 06:00,0.0
4,19.04 07:00,0.0
4,19.04 08:00,0.0
4,19.04 09:00,0.0
4,19.04 10:00,0.0
4,19.04 11:00,0.0
4,19.04 12:00,0.0
4,19.04 13:00,0.0
4,19.04 14:00,0.0
4,19.04 15:00,0.0
4,19.04 16:00,0.0
4,19.04 17:00,0.0
4,19.04 18:00,0.0
4,19.04 19:00,0.0
4,19.04 20:00,0.0
4,19.04 21:00,0.0
4,19.04 22:00,0.0
4,19.04 23:00,0.0
4,20.04 00:00,0.0
4,20.04 01:00,0.0
4,20.04 02:00,0.0
4,20.04 03:00,0.0
4,20.04 04:00,0.0
4,20.04 05:00,0.0
4,20.04 06:00,0.0
4,20.04 07:00,0.0
4,20.04 08:00,0.0
4,20.04 09:00,0.0
4,20.04 10:00,0.0
4,20.04 11:00,0.0
4,20.04 12:00,0.0
4,20.04 13:00,0.0
4,20.04 14:00,0.0
4,20.04 15:00,0.0
4,20.04 16:00,0.0
4,20.04 17:00,0.0
4,20.04 18:00,0.0
4,20.04 19:00,0.0
4,20.04 20:00,0.0
4,20.04 21:00,0.0
4,20.04 22:00,0.0
4,20.04 23:00,0.0
4,21.04 00:00,0.0
4,21.04 01:00,0.0
4,21.04 02:00,0.0
4,21.04 03:00,0.0
4,21.04 04:00,0.0
4,21.04 05:00,0.0
4,21.04 06:00,0.0
4,21.04 07:00,0.0
4,21.04 08:00,0.0
4,21.04 09:00,0.0
4,21.04 10:00,0.0
4,21.04 11:00,0.0
4,21.04 12:00,0.0
4,21.04 13:00,0.0
4,21.04 14:00,0.0
4,21.04 15:00,0.0
4,21.04 16:00,0.0
4,21.04 17:00,0.0
4,21.04 18:00,0.0
4,21.04 19:00,0.0
4,21.04 20:00,0.0
4,21.04 21:00,0.0
4,21.04 22:00,0.0
4,21.04 23:00,0.0
4,22.04 00:00,0.0
4,22.04 01:00,0.0
4,22.04 02:00,0.0
4,22.04 03:00,0.0
4,22.04 04:00,0.0
4,22.04 05:00,0.0
4,22.04 06:00,0.0
4,22.04 07:00,0.0
4,22.04 08:00,0.0
4,22.04 09:00,0.0
4,22.04 10:00,0.0
4,22.04 11:00,0.0
4,22.04 12:00,0.0
4,22.04 13:00,0.0
4,22.04 14:00,0.0
4,22.04 15:00,0.0
4,22.04 16:00,0.0
4,22.04 17:00,0.0
4,22.04 18:00,0.0
4,22.04 19:00,0.0
4,22.04 20:00,0.0
4,22.04 21:00,0.0
4,22.04 22:00,0.0
4,22.04 23:00,0.0
4,23.04 00:00,0.0
4,23.04 01:00,0.0
4,23.04 02:00,0.0
4,23.04 03:00,0.0
4,23.04 04:00,0.0
4,23.04 05:00,0.0
4,23.04 06:00,0.0
4,23.04 07:00,0.0
4,23.04 08:00,0.0
4,23.04 09:00,0.0
4,23.04 10:00,0.0
4,23.04 11:00,0.0
4,23.04 12:00,0.0
4,23.04 13:00,0.0
4,23.04 14:00,0.0
4,23.04 15:00,0.0
4,23.04 16:00,0.0
4,23.04 17:00,0.0
4,23.04 18:00,0.0
4,23.04 19:00,0.0
4,23.04 20:00,0.0
4,23.04 21:00,0.0
4,23.04 22:00,0.0
4,23.04 23:00,0.0
4,24.04 00:00,0.0
4,24.04 01:00,0.0
4,24.04 02:00,0.0
4,24.04 03:00,0.0
4,24.04 04:00,0.0
4,24.04 05:00,0.0
4,24.04 06:00,0.0
4,24.04 07:00,0.0
4,24.04 08:00,0.0
4,24.04 09:00,0.0
4,24.04 10:00,0.0
4,24.04 11:00,0.0
4,24.04 12:00,0.0
4,24.04 13:00,0.0
4,24.04 14:00,0.0
4,24.04 15:00,0.0
4,24.04 16:00,0.0
4,24.04 17:00,0.0
4,24.04 18:00,0.0
4,24.04 19:00,0.0
4,24.04 20:00,0.0
4,24.04 21:00,0.0
4,24.04 22:00,0.0
4,24.04 23:00,0.0
4,25.04 00:00,0.0
4,25.04 01:00,0.0
4,25.04 02:00,0.0
4,25.04 03:00,0.0
4,25.04 04:00,0.0
4,25.04 05:00,0.0
4,25.04 06:00,0.0
4,25.04 07:00,0.0
4,25.04 08:00,0.0
4,25.04 09:00,0.0
4,25.04 10:00,0.0
4,25.04 11:00,0.0
4,25.04 12:00,0.0
4,25.04 13:00,0.0
4,25.04 14:00,0.0
4,25.04 15:00,0.0
4,25.04 16:00,0.0
4,25.04 17:00,0.0
4,25.04 18:00,0.0
4,25.04 19:00,0.0
4,25.04 20:00,0.0
4,25.04 21:00,0.0
4,25.04 22:00,0.0
4,25.04 23:00,0.0
4,26.04 00:00,0.0
4,26.04 01:00,0.0
4,26.04 02:00,0.0
4,26.04 03:00,0.0
4,26.04 04:00,0.0
4,26.04 05:00,0.0
4,26.04 06:00,0.0
4,26.04 07:00,0.0
4,26.04 08:00,0.0
4,26.04 09:00,0.0
4,26.04 10:00,0.0
4,26.04 11:00,0.0
4,26.04 12:00,0.0
4,26.04 13:00,0.0
4,26.04 14:00,0.0
4,26.04 15:00,0.0
4,26.04 16:00,0.0
4,26.04 17:00,0.0
4,26.04 18:00,0.0
4,26.04 19:00,0.0
4,26.04 20:00,0.0
4,26.04 21:00,0.0
4,26.04 22:00,0.0
4,26.04 23:00,0.0
4,27.04 00:00,0.0
4,27.04 01:00,0.0
4,27.04 02:00,0.0
4,27.04 03:00,0.0
4,27.04 04:00,0.0
4,27.04 05:00,0.0
4,27.04 06:00,0.0
4,27.04 07:00,0.0
4,27.04 08:00,0.0
4,27.04 09:00,0.0
4,27.04 10:00,0.0
4,27.04 11:00,0.0
4,27.04 12:00,0.0
4,27.04 13:00,0.0
4,27.04 14:00,0.0
4,27.04 15:00,0.0
4,27.04 16:00,0.0
4,27.04 17:00,0.0
4,27.04 18:00,0.0
4,27.04 19:00,0.0
4,27.04 20:00,0.0
4,27.04 21:00,0.0
4,27.04 22:00,0.0
4,27.04 23:00,0.0
4,28.04 00:00,0.0
4,28.04 01:00,0.0
4,28.04 02:00,0.0
4,28.04 03:00,0.0
4,28.04 04:00,0.0
4,28.04 05:00,0.0
4,28.04 06:00,0.0
4,28.04 07:00,0.0
4,28.04 08:00,0.0
4,28.04 09:00,0.0
4,28.04 10:00,0.0
4,28.04 11:00,0.0
4,28.04 12:00,0.0
4,28.04 13:00,0.0
4,28.04 14:00,0.0
4,28.04 15:00,0.0
4,28.04 16:00,0.0
4,28.04 17:00,0.0
4,28.04 18:00,0.0
4,28.04 19:00,0.0
4,28.04 20:00,0.0
4,28.04 21:00,0.0
4,28.04 22:00,0.0
4,28.04 23:00,0.0
4,29.04 00:00,0.0
4,29.04 01:00,0.0
4,29.04 02:00,0.0
4,29.04 03:00,0.0
4,29.04 04:00,0.0
4,29.04 05:00,0.0
4,29.04 06:00,0.0
4,29.04 07:00,0.0
4,29.04 08:00,0.0
4,29.04 09:00,0.0
4,29.04 10:00,0.0
4,29.04 11:00,0.0
4,29.04 12:00,0.0
4,29.04 13:00,0.0
4,29.04 14:00,0.0
4,29.04 15:00,0.0
4,29.04 16:00,0.0
4,29.04 17:00,0.0
4,29.04 18:00,0.0
4,29.04 19:00,0.0
4,29.04 20:00,0.0
4,29.04 21:00,0.0
4,29.04 22:00,0.0
4,29.04 23:00,0.0
4,30.04 00:00,0.0
4,30.04 01:00,0.0
4,30.04 02:00,0.0
4,30.04 03:00,0.0
4,30.04 04:00,0.0
4,30.04 05:00,0.0
4,30.04 06:00,0.0
4,30.04 07:00,0.0
4,30.04 08:00,0.0
4,30.04 09:00,0.0
4,30.04 10:00,0.0
4,30.04 11:00,0.0
4,30.04 12:00,0.0
4,30.04 13:00,0.0
4,30.04 14:00,0.0
4,30.04 15:00,0.0
4,30.04 16:00,0.0
4,30.04 17:00,0.0
4,30.04 18:00,0.0
4,30.04 19:00,0.0
4,30.04 20:00,0.0
4,30.04 21:00,0.0
4,30.04 22:00,0.0
4,30.04 23:00,0.0
4,01.05 00:00,0.0
4,01.05 01:00,0.0
4,01.05 02:00,0.0
4,01.05 03:00,0.0
4,01.05 04:00,0.0
4,01.05 05:00,0.0
4,01.05 06:00,0.0
4,01.05 07:00,0.0
4,01.05 08:00,0.0
4,01.05 09:00,0.0
4,01.05 10:00,0.0
4,01.05 11:00,0.0
4,01.05 12:00,0.0
4,01.05 13:00,0.0
4,01.05 14:00,0.0
4,01.05 15:00,0.0
4,01.05 16:00,0.0
4,01.05 17:00,0.0
4,01.05 18:00,0.0
4,01.05 19:00,0.0
4,01.05 20:00,0.0
4,01.05 21:00,0.0
4,01.05 22:00,0.0
4,01.05 23:00,0.0
4,02.05 00:00,0.0
4,02.05 01:00,0.0
4,02.05 02:00,0.0
4,02.05 03:00,0.0
4,02.05 04:00,0.0
4,02.05 05:00,0.0
4,02.05 06:00,0.0
4,02.05 07:00,0.0
4,02.05 08:00,0.0
4,02.05 09:00,0.0
4,02.05 10:00,0.0
4,02.05 11:00,0.0
4,02.05 12:00,0.0
4,02.05 13:00,0.0
4,02.05 14:00,0.0
4,02.05 15:00,0.0
4,02.05 16:00,0.0
4,02.05 17:00,0.0
4,02.05 18:00,0.0
4,02.05 19:00,0.0
4,02.05 20:00,0.0
4,02.05 21:00,0.0
4,02.05 22:00,0.0
4,02.05 23:00,0.0
4,03.05 00:00,0.0
4,03.05 01:00,0.0
4,03.05 02:00,0.0
4,03.05 03:00,0.0
4,03.05 04:00,0.0
4,03.05 05:00,0.0
4,03.05 06:00,0.0
4,03.05 07:00,0.0
4,03.05 08:00,0.0
4,03.05 09:00,0.0
4,03.05 10:00,0.0
4,03.05 11:00,0.0
4,03.05 12:00,0.0
4,03.05 13:00,0.0
4,03.05 14:00,0.0
4,03.05 15:00,0.0
4,03.05 16:00,0.0
4,03.05 17:00,0.0
4,03.05 18:00,0.0
4,03.05 19:00,0.0
4,03.05 20:00,0.0
4,03.05 21:00,0.0
4,03.05 22:00,0.0
4,03.05 23:00,0.0
4,04.05 00:00,0.0
4,04.05 01:00,0.0
4,04.05 02:00,0.0
4,04.05 03:00,0.0
4,04.05 04:00,0.0
4,04.05 05:00,0.0
4,04.05 06:00,0.0
4,04.05 07:00,0.0
4,04.05 08:00,0.0
4,04.05 09:00,0.0
4,04.05 10:00,0.0
4,04.05 11:00,0.0
4,04.05 12:00,0.0
4,04.05 13:00,0.0
4,04.05 14:00,0.0
4,04.05 15:00,0.0
4,04.05 16:00,0.0
4,04.05 17:00,0.0
4,04.05 18:00,0.0
4,04.05 19:00,0.0
4,04.05 20:00,0.0
4,04.05 21:00,0.0
4,04.05 22:00,0.0
4,04.05 23:00,0.0
4,05.05 00:00,0.0
4,05.05 01:00,0.0
4,05.05 02:00,0.0
4,05.05 03:00,0.0
4,05.05 04:00,0.0
4,05.05 05:00,0.0
4,05.05 06:00,0.0
4,05.05 07:00,0.0
4,05.05 08:00,0.0
4,05.05 09:00,0.0
4,05.05 10:00,0.0
4,05.05 11:00,0.0
4,05.05 12:00,0.0
4,05.05 13:00,0.0
4,05.05 14:00,0.0
4,05.05 15:00,0.0
4,05.05 16:00,0.0
4,05.05 17:00,0.0
4,05.05 18:00,0.0
4,05.05 19:00,0.0
4,05.05 20:00,0.0
4,05.05 21:00,0.0
4,05.05 22:00,0.0
4,05.05 23:00,0.0
4,06.05 00:00,0.0
4,06.05 01:00,0.0
4,06.05 02:00,0.0
4,06.05 03:00,0.0
4,06.05 04:00,0.0
4,06.05 05:00,0.0
4,06.05 06:00,0.0
4,06.05 07:00,0.0
4,06.05 08:00,0.0
4,06.05 09:00,0.0
4,06.05 10:00,0.0
4,06.05 11:00,0.0
4,06.05 12:00,0.0
4,06.05 13:00,0.0
4,06.05 14:00,0.0
4,06.05 15:00,0.0
4,06.05 16:00,0.0
4,06.05 17:00,0.0
4,06.05 18:00,0.0
4,06.05 19:00,0.0
4,06.05 20:00,0.0
4,06.05 21:00,0.0
4,06.05 22:00,0.0
4,06.05 23:00,0.0
4,07.05 00:00,0.0
4,07.05 01:00,0.0
4,07.05 02:00,0.0
4,07.05 03:00,0.0
4,07.05 04:00,0.0
4,07.05 05:00,0.0
4,07.05 06:00,0.0
4,07.05 07:00,0.0
4,07.05 08:00,0.0
4,07.05 09:00,0.0
4,07.05 10:00,0.0
4,07.05 11:00,0.0
4,07.05 12:00,0.0
4,07.05 13:00,0.0
4,07.05 14:00,0.0
4,07.05 15:00,0.0
4,07.05 16:00,0.0
4,07.05 17:00,0.0
4,07.05 18:00,0.0
4,07.05 19:00,0.0
4,07.05 20:00,0.0
4,07.05 21:00,0.0
4,07.05 22:00,0.0
4,07.05 23:00,0.0
4,08.05 00:00,0.0
4,08.05 01:00,0.0
4,08.05 02:00,0.0
4,08.05 03:00,0.0
4,08.05 04:00,0.0
4,08.05 05:00,0.0
4,08.05 06:00,0.0
4,08.05 07:00,0.0
4,08.05 08:00,0.0
4,08.05 09:00,0.0
4,08.05 10:00,0.0
4,08.05 11:00,0.0
4,08.05 12:00,0.0
4,08.05 13:00,0.0
4,08.05 14:00,0.0
4,08.05 15:00,0.0
4,08.05 16:00,0.0
4,08.05 17:00,0.0
4,08.05 18:00,0.0
4,08.05 19:00,0.0
4,08.05 20:00,0.0
4,08.05 21:00,0.0
4,08.05 22:00,0.0
4,08.05 23:00,0.0
4,09.05 00:00,0.0
4,09.05 01:00,0.0
4,09.05 02:00,0.0
4,09.05 03:00,0.0
4,09.05 04:00,0.0
4,09.05 05:00,0.0
4,09.05 06:00,0.0
4,09.05 07:00,0.0
4,09.05 08:00,0.0
4,09.05 09:00,0.0
4,09.05 10:00,0.0
4,09.05 11:00,0.0
4,09.05 12:00,0.0
4,09.05 13:00,0.0
4,09.05 14:00,0.0
4,09.05 15:00,0.0
4,09.05 16:00,0.0
4,09.05 17:00,0.0
4,09.05 18:00,0.0
4,09.05 19:00,0.0
4,09.05 20:00,0.0
4,09.05 21:00,0.0
4,09.05 22:00,0.0
4,09.05 23:00,0.0
4,10.05 00:00,0.0
4,10.05 01:00,0.0
4,10.05 02:00,0.0
4,10.05 03:00,0.0
4,10.05 04:00,0.0
4,10.05 05:00,0.0
4,10.05 06:00,0.0
4,10.05 07:00,0.0
4,10.05 08:00,0.0
4,10.05 09:00,0.0
4,10.05 10:00,0.0
4,10.05 11:00,0.0
4,10.05 12:00,0.0
4,10.05 13:00,0.0
4,10.05 14:00,0.0
4,10.05 15:00,0.0
4,10.05 16:00,0.0
4,10.05 17:00,0.0
4,10.05 18:00,0.0
4,10.05 19:00,0.0
4,10.05 20:00,0.0
4,10.05 21:00,0.0
4,10.05 22:00,0.0
4,10.05 23:00,0.0
4,11.05 00:00,0.0
4,11.05 01:00,0.0
4,11.05 02:00,0.0
4,11.05 03:00,0.0
4,11.05 04:00,0.0
4,11.05 05:00,0.0
4,11.05 06:00,0.0
4,11.05 07:00,0.0
4,11.05 08:00,0.0
4,11.05 09:00,0.0
4,11.05 10:00,0.0
4,11.05 11:00,0.0
4,11.05 12:00,0.0
4,11.05 13:00,0.0
4,11.05 14:00,0.0
4,11.05 15:00,0.0
4,11.05 16:00,0.0
4,11.05 17:00,0.0
4,11.05 18:00,0.0
4,11.05 19:00,0.0
4,11.05 20:00,0.0
4,11.05 21:00,0.0
4,11.05 22:00,0.0
4,11.05 23:00,0.0
4,12.05 00:00,0.0
4,12.05 01:00,0.0
4,12.05 02:00,0.0
4,12.05 03:00,0.0
4,12.05 04:00,0.0
4,12.05 05:00,0.0
4,12.05 06:00,0.0
4,12.05 07:00,0.0
4,12.05 08:00,0.0
4,12.05 09:00,0.0
4,12.05 10:00,0.0
4,12.05 11:00,0.0
4,12.05 12:00,0.0
4,12.05 13:00,0.0
4,12.05 14:00,0.0
4,12.05 15:00,0.0
4,12.05 16:00,0.0
4,12.05 17:00,0.0
4,12.05 18:00,0.0
4,12.05 19:00,0.0
4,12.05 20:00,0.0
4,12.05 21:00,0.0
4,12.05 22:00,0.0
4,12.05 23:00,0.0
4,13.05 00:00,0.0
4,13.05 01:00,0.0
4,13.05 02:00,0.0
4,13.05 03:00,0.0
4,13.05 04:00,0.0
4,13.05 05:00,0.0
4,13.05 06:00,0.0
4,13.05 07:00,0.0
4,13.05 08:00,0.0
4,13.05 09:00,0.0
4,13.05 10:00,0.0
4,13.05 11:00,0.0
4,13.05 12:00,0.0
4,13.05 13:00,0.0
4,13.05 14:00,0.0
4,13.05 15:00,0.0
4,13.05 16:00,0.0
4,13.05 17:00,0.0
4,13.05 18:00,0.0
4,13.05 19:00,0.0
4,13.05 20:00,0.0
4,13.05 21:00,0.0
4,13.05 22:00,0.0
4,13.05 23:00,0.0
4,14.05 00:00,0.0
4,14.05 01:00,0.0
4,14.05 02:00,0.0
4,14.05 03:00,0.0
4,14.05 04:00,0.0
4,14.05 05:00,0.0
4,14.05 06:00,0.0
4,14.05 07:00,0.0
4,14.05 08:00,0.0
4,14.05 09:00,0.0
4,14.05 10:00,0.0
4,14.05 11:00,0.0
4,14.05 12:00,0.0
4,14.05 13:00,0.0
4,14.05 14:00,0.0
4,14.05 15:00,0.0
4,14.05 16:00,0.0
4,14.05 17:00,0.0
4,14.05 18:00,0.0
4,14.05 19:00,0.0
4,14.05 20:00,0.0
4,14.05 21:00,0.0
4,14.05 22:00,0.0
4,14.05 23:00,0.0
4,15.05 00:00,0.0
4,15.05 01:00,0.0
4,15.05 02:00,0.0
4,15.05 03:00,0.0
4,15.05 04:00,0.0
4,15.05 05:00,0.0
4,15.05 06:00,0.0
4,15.05 07:00,0.0
4,15.05 08:00,0.0
4,15.05 09:00,0.0
4,15.05 10:00,0.0
4,15.05 11:00,0.0
4,15.05 12:00,0.0
4,15.05 13:00,0.0
4,15.05 14:00,0.0
4,15.05 15:00,0.0
4,15.05 16:00,0.0
4,15.05 17:00,0.0
4,15.05 18:00,0.0
4,15.05 19:00,0.0
4,15.05 20:00,0.0
4,15.05 21:00,0.0
4,15.05 22:00,0.0
4,15.05 23:00,0.0
4,16.05 00:00,0.0
4,16.05 01:00,0.0
4,16.05 02:00,0.0
4,16.05 03:00,0.0
4,16.05 04:00,0.0
4,16.05 05:00,0.0
4,16.05 06:00,0.0
4,16.05 07:00,0.0
4,16.05 08:00,0.0
4,16.05 09:00,0.0
4,16.05 10:00,0.0
4,16.05 11:00,0.0
4,16.05 12:00,0.0
4,16.05 13:00,0.0
4,16.05 14:00,0.0
4,16.05 15:00,0.0
4,16.05 16:00,0.0
4,16.05 17:00,0.0
4,16.05 18:00,0.0
4,16.05 19:00,0.0
4,16.05 20:00,0.0
4,16.05 21:00,0.0
4,16.05 22:00,0.0
4,16.05 23:00,0.0
4,17.05 00:00,0.0
4,17.05 01:00,0.0
4,17.05 02:00,0.0
4,17.05 03:00,0.0
4,17.05 04:00,0.0
4,17.05 05:00,0.0
4,17.05 06:00,0.0
4,17.05 07:00,0.0
4,17.05 08:00,0.0
4,17.05 09:00,0.0
4,17.05 10:00,0.0
4,17.05 11:00,0.0
4,17.05 12:00,0.0
4,17.05 13:00,0.0
4,17.05 14:00,0.0
4,17.05 15:00,0.0
4,17.05 16:00,0.0
4,17.05 17:00,0.0
4,17.05 18:00,0.0
4,17.05 19:00,0.0
4,17.05 20:00,0.0
4,17.05 21:00,0.0
4,17.05 22:00,0.0
4,17.05 23:00,0.0
4,18.05 00:00,0.0
4,18.05 01:00,0.0
4,18.05 02:00,0.0
4,18.05 03:00,0.0
4,18.05 04:00,0.0
4,18.05 05:00,0.0
4,18.05 06:00,0.0
4,18.05 07:00,0.0
4,18.05 08:00,0.0
4,18.05 09:00,0.0
4,18.05 10:00,0.0
4,18.05 11:00,0.0
4,18.05 12:00,0.0
4,18.05 13:00,0.0
4,18.05 14:00,0.0
4,18.05 15:00,0.0
4,18.05 16:00,0.0
4,18.05 17:00,0.0
4,18.05 18:00,0.0
4,18.05 19:00,0.0
4,18.05 20:00,0.0
4,18.05 21:00,0.0
4,18.05 22:00,0.0
4,18.05 23:00,0.0
4,19.05 00:00,0.0
4,19.05 01:00,0.0
4,19.05 02:00,0.0
4,19.05 03:00,0.0
4,19.05 04:00,0.0
4,19.05 05:00,0.0
4,19.05 06:00,0.0
4,19.05 07:00,0.0
4,19.05 08:00,0.0
4,19.05 09:00,0.0
4,19.05 10:00,0.0
4,19.05 11:00,0.0
4,19.05 12:00,0.0
4,19.05 13:00,0.0
4,19.05 14:00,0.0
4,19.05 15:00,0.0
4,19.05 16:00,0.0
4,19.05 17:00,0.0
4,19.05 18:00,0.0
4,19.05 19:00,0.0
4,19.05 20:00,0.0
4,19.05 21:00,0.0
4,19.05 22:00,0.0
4,19.05 23:00,0.0
4,20.05 00:00,0.0
4,20.05 01:00,0.0
4,20.05 02:00,0.0
4,20.05 03:00,0.0
4,20.05 04:00,0.0
4,20.05 05:00,0.0
4,20.05 06:00,0.0
4,20.05 07:00,0.0
4,20.05 08:00,0.0
4,20.05 09:00,0.0
4,20.05 10:00,0.0
4,20.05 11:00,0.0
4,20.05 12:00,0.0
4,20.05 13:00,0.0
4,20.05 14:00,7.72
4,20.05 15:00,0.0
4,20.05 16:00,0.0
4,20.05 17:00,0.0
4,20.05 18:00,18.258
4,20.05 19:00,27.237
4,20.05 20:00,41.177
4,20.05 21:00,50.471
4,20.05 22:00,49.623
4,20.05 23:00,49.716
4,21.05 00:00,49.416
4,21.05 01:00,48.902
4,21.05 02:00,49.024
4,21.05 03:00,49.035
4,21.05 04:00,48.846
4,21.05 05:00,48.638
4,21.05 06:00,46.567
4,21.05 07:00,26.348
4,21.05 08:00,13.25
4,21.05 09:00,6.175
4,21.05 10:00,3.208
4,21.05 11:00,0.641
4,21.05 12:00,1.277
4,21.05 13:00,1.275
4,21.05 14:00,0.721
4,21.05 15:00,2.08
4,21.05 16:00,3.117
4,21.05 17:00,6.711
4,21.05 18:00,22.541
4,21.05 19:00,27.191
4,21.05 20:00,35.876
4,21.05 21:00,47.095
4,21.05 22:00,48.697
4,21.05 23:00,48.448
4,22.05 00:00,48.169
4,22.05 01:00,48.722
4,22.05 02:00,48.71
4,22.05 03:00,48.196
4,22.05 04:00,48.478
4,22.05 05:00,48.239
4,22.05 06:00,45.773
4,22.05 07:00,25.511
4,22.05 08:00,13.389
4,22.05 09:00,0.24
4,22.05 10:00,4.235
4,22.05 11:00,3.206
4,22.05 12:00,1.279
4,22.05 13:00,0.48
4,22.05 14:00,2.332
4,22.05 15:00,0.643
4,22.05 16:00,0.0
4,22.05 17:00,7.287
4,22.05 18:00,20.09
4,22.05 19:00,26.038
4,22.05 20:00,39.221
4,22.05 21:00,49.276
4,22.05 22:00,48.705
4,22.05 23:00,48.606
4,23.05 00:00,48.861
4,23.05 01:00,47.816
4,23.05 02:00,47.78
4,23.05 03:00,48.124
4,23.05 04:00,48.322
4,23.05 05:00,48.256
4,23.05 06:00,43.404
4,23.05 07:00,24.899
4,23.05 08:00,12.792
4,23.05 09:00,0.08
4,23.05 10:00,0.08
4,23.05 11:00,0.558
4,23.05 12:00,2.163
4,23.05 13:00,0.558
4,23.05 14:00,2.091
4,23.05 15:00,5.467
4,23.05 16:00,3.196
4,23.05 17:00,6.083
4,23.05 18:00,20.186
4,23.05 19:00,25.306
4,23.05 20:00,36.525
4,23.05 21:00,48.673
4,23.05 22:00,48.339
4,23.05 23:00,48.253
4,24.05 00:00,48.092
4,24.05 01:00,47.793
4,24.05 02:00,47.41
4,24.05 03:00,47.722
4,24.05 04:00,47.721
4,24.05 05:00,47.95
4,24.05 06:00,43.599
4,24.05 07:00,25.407
4,24.05 08:00,14.591
4,24.05 09:00,0.32
4,24.05 10:00,2.151
4,24.05 11:00,2.319
4,24.05 12:00,0.956
4,24.05 13:00,2.312
4,24.05 14:00,13.153
4,24.05 15:00,21.852
4,24.05 16:00,14.81
4,24.05 17:00,6.905
4,24.05 18:00,20.87
4,24.05 19:00,26.34
4,24.05 20:00,37.114
4,24.05 21:00,48.973
4,24.05 22:00,48.961
4,24.05 23:00,48.198
4,25.05 00:00,48.307
4,25.05 01:00,48.435
4,25.05 02:00,48.376
4,25.05 03:00,48.205
4,25.05 04:00,48.316
4,25.05 05:00,48.568
4,25.05 06:00,45.017
4,25.05 07:00,25.879
4,25.05 08:00,14.943
4,25.05 09:00,0.08
4,25.05 10:00,0.0
4,25.05 11:00,0.0
4,25.05 12:00,0.0
4,25.05 13:00,0.0
4,25.05 14:00,0.965
4,25.05 15:00,0.402
4,25.05 16:00,0.16
4,25.05 17:00,10.529
4,25.05 18:00,22.437
4,25.05 19:00,26.92
4,25.05 20:00,36.614
4,25.05 21:00,49.534
4,25.05 22:00,49.738
4,25.05 23:00,49.431
4,26.05 00:00,49.222
4,26.05 01:00,49.099
4,26.05 02:00,49.18
4,26.05 03:00,48.81
4,26.05 04:00,48.913
4,26.05 05:00,49.465
4,26.05 06:00,43.57
4,26.05 07:00,27.405
4,26.05 08:00,14.37
4,26.05 09:00,0.16
4,26.05 10:00,2.946
4,26.05 11:00,4.893
4,26.05 12:00,3.441
4,26.05 13:00,1.607
4,26.05 14:00,1.199
4,26.05 15:00,4.715
4,26.05 16:00,3.593
4,26.05 17:00,8.121
4,26.05 18:00,24.948
4,26.05 19:00,29.027
4,26.05 20:00,35.335
4,26.05 21:00,48.96
4,26.05 22:00,48.469
4,26.05 23:00,49.049
4,27.05 00:00,48.398
4,27.05 01:00,48.585
4,27.05 02:00,47.728
4,27.05 03:00,48.204
4,27.05 04:00,47.515
4,27.05 05:00,47.941
4,27.05 06:00,44.045
4,27.05 07:00,25.317
4,27.05 08:00,14.752
4,27.05 09:00,3.189
4,27.05 10:00,3.366
4,27.05 11:00,1.602
4,27.05 12:00,0.961
4,27.05 13:00,0.16
4,27.05 14:00,0.0
4,27.05 15:00,0.481
4,27.05 16:00,6.985
4,27.05 17:00,16.168
4,27.05 18:00,26.842
4,27.05 19:00,30.36
4,27.05 20:00,38.07
4,27.05 21:00,51.74
4,27.05 22:00,49.063
4,27.05 23:00,49.203
4,28.05 00:00,48.547
4,28.05 01:00,48.519
4,28.05 02:00,47.841
4,28.05 03:00,48.074
4,28.05 04:00,48.201
4,28.05 05:00,47.798
4,28.05 06:00,44.896
4,28.05 07:00,25.718
4,28.05 08:00,13.66
4,28.05 09:00,1.042
4,28.05 10:00,0.08
4,28.05 11:00,0.0
4,28.05 12:00,0.0
4,28.05 13:00,0.08
4,28.05 14:00,3.288
4,28.05 15:00,3.033
4,28.05 16:00,8.905
4,28.05 17:00,10.936
4,28.05 18:00,22.24
4,28.05 19:00,26.038
4,28.05 20:00,34.018
4,28.05 21:00,49.431
4,28.05 22:00,48.394
4,28.05 23:00,49.047
4,29.05 00:00,48.806
4,29.05 01:00,48.608
4,29.05 02:00,48.373
4,29.05 03:00,48.825
4,29.05 04:00,48.275
4,29.05 05:00,48.258
4,29.05 06:00,45.044
4,29.05 07:00,26.068
4,29.05 08:00,13.988
4,29.05 09:00,0.319
4,29.05 10:00,0.0
4,29.05 11:00,0.0
4,29.05 12:00,0.0
4,29.05 13:00,0.0
4,29.05 14:00,2.719
4,29.05 15:00,0.0
4,29.05 16:00,2.96
4,29.05 17:00,11.11
4,29.05 18:00,28.572
4,29.05 19:00,40.121
4,29.05 20:00,45.43
4,29.05 21:00,48.802
4,29.05 22:00,48.812
4,29.05 23:00,48.783
4,30.05 00:00,48.568
4,30.05 01:00,48.429
4,30.05 02:00,48.889
4,30.05 03:00,48.946
4,30.05 04:00,49.007
4,30.05 05:00,48.437
4,30.05 06:00,45.363
4,30.05 07:00,25.784
4,30.05 08:00,14.065
4,30.05 09:00,0.481
4,30.05 10:00,0.0
4,30.05 11:00,0.0
4,30.05 12:00,1.203
4,30.05 13:00,1.44
4,30.05 14:00,3.443
4,30.05 15:00,3.604
4,30.05 16:00,3.447
4,30.05 17:00,20.792
4,30.05 18:00,23.666
4,30.05 19:00,24.176
4,30.05 20:00,39.693
4,30.05 21:00,48.84
4,30.05 22:00,48.635
4,30.05 23:00,48.605
4,31.05 00:00,48.7
4,31.05 01:00,48.056
4,31.05 02:00,48.364
4,31.05 03:00,48.049
4,31.05 04:00,48.122
4,31.05 05:00,47.871
4,31.05 06:00,45.152
4,31.05 07:00,26.993
4,31.05 08:00,16.431
4,31.05 09:00,1.038
4,31.05 10:00,0.0
4,31.05 11:00,0.08
4,31.05 12:00,1.195
4,31.05 13:00,0.0
4,31.05 14:00,0.0
4,31.05 15:00,4.228
4,31.05 16:00,2.947
4,31.05 17:00,7.278
4,31.05 18:00,21.171
4,31.05 19:00,25.192
4,31.05 20:00,40.179
4,31.05 21:00,49.486
4,31.05 22:00,49.33
4,31.05 23:00,48.131
4,01.06 00:00,47.804
4,01.06 01:00,47.82
4,01.06 02:00,47.88
4,01.06 03:00,47.596
4,01.06 04:00,47.428
4,01.06 05:00,47.64
4,01.06 06:00,43.49
4,01.06 07:00,26.612
4,01.06 08:00,16.027
4,01.06 09:00,1.436
4,01.06 10:00,0.239
4,01.06 11:00,0.0
4,01.06 12:00,0.803
4,01.06 13:00,1.686
4,01.06 14:00,0.16
4,01.06 15:00,0.08
4,01.06 16:00,7.922
4,01.06 17:00,23.542
4,01.06 18:00,18.651
4,01.06 19:00,23.08
4,01.06 20:00,36.641
4,01.06 21:00,48.321
4,01.06 22:00,48.653
4,01.06 23:00,48.178
4,02.06 00:00,48.234
4,02.06 01:00,43.761
4,02.06 02:00,48.46
4,02.06 03:00,47.442
4,02.06 04:00,45.737
4,02.06 05:00,47.85
4,02.06 06:00,43.591
4,02.06 07:00,26.68
4,02.06 08:00,16.646
4,02.06 09:00,0.878
4,02.06 10:00,3.903
4,02.06 11:00,0.797
4,02.06 12:00,1.519
4,02.06 13:00,0.0
4,02.06 14:00,1.359
4,02.06 15:00,3.109
4,02.06 16:00,10.004
4,02.06 17:00,9.956
4,02.06 18:00,23.568
4,02.06 19:00,27.485
4,02.06 20:00,34.69
4,02.06 21:00,48.593
4,02.06 22:00,48.447
4,02.06 23:00,48.384
4,03.06 00:00,48.847
4,03.06 01:00,48.093
4,03.06 02:00,47.931
4,03.06 03:00,48.149
4,03.06 04:00,48.081
4,03.06 05:00,47.569
4,03.06 06:00,44.834
4,03.06 07:00,27.259
4,03.06 08:00,17.743
4,03.06 09:00,1.524
4,03.06 10:00,5.387
4,03.06 11:00,4.483
4,03.06 12:00,0.638
4,03.06 13:00,2.004
4,03.06 14:00,0.721
4,03.06 15:00,2.794
4,03.06 16:00,0.882
4,03.06 17:00,10.304
4,03.06 18:00,24.584
4,03.06 19:00,26.133
4,03.06 20:00,36.819
4,03.06 21:00,48.733
4,03.06 22:00,48.782
4,03.06 23:00,48.356
4,04.06 00:00,48.856
4,04.06 01:00,48.546
4,04.06 02:00,48.32
4,04.06 03:00,48.577
4,04.06 04:00,48.152
4,04.06 05:00,48.667
4,04.06 06:00,43.531
4,04.06 07:00,26.672
4,04.06 08:00,15.074
4,04.06 09:00,0.96
4,04.06 10:00,2.648
4,04.06 11:00,4.232
4,04.06 12:00,3.112
4,04.06 13:00,0.88
4,04.06 14:00,2.717
4,04.06 15:00,2.48
4,04.06 16:00,0.796
4,04.06 17:00,9.125
4,04.06 18:00,21.707
4,04.06 19:00,26.216
4,04.06 20:00,33.6
4,04.06 21:00,48.735
4,04.06 22:00,48.741
4,04.06 23:00,48.871
4,05.06 00:00,48.422
4,05.06 01:00,48.915
4,05.06 02:00,48.485
4,05.06 03:00,48.56
4,05.06 04:00,48.226
4,05.06 05:00,48.216
4,05.06 06:00,43.265
4,05.06 07:00,26.062
4,05.06 08:00,15.668
4,05.06 09:00,1.683
4,05.06 10:00,2.811
4,05.06 11:00,0.641
4,05.06 12:00,0.16
4,05.06 13:00,0.321
4,05.06 14:00,0.797
4,05.06 15:00,1.842
4,05.06 16:00,5.951
4,05.06 17:00,16.48
4,05.06 18:00,33.768
4,05.06 19:00,38.821
4,05.06 20:00,45.634
4,05.06 21:00,47.956
4,05.06 22:00,48.301
4,05.06 23:00,48.468
4,06.06 00:00,48.177
4,06.06 01:00,48.372
4,06.06 02:00,48.304
4,06.06 03:00,48.086
4,06.06 04:00,47.86
4,06.06 05:00,48.243
4,06.06 06:00,47.746
4,06.06 07:00,30.855
4,06.06 08:00,21.611
4,06.06 09:00,5.765
4,06.06 10:00,3.77
4,06.06 11:00,0.24
4,06.06 12:00,4.174
4,06.06 13:00,9.81
4,06.06 14:00,16.207
4,06.06 15:00,10.351
4,06.06 16:00,26.268
4,06.06 17:00,31.048
4,06.06 18:00,26.508
4,06.06 19:00,27.023
4,06.06 20:00,45.659
4,06.06 21:00,48.962
4,06.06 22:00,49.442
4,06.06 23:00,49.122
4,07.06 00:00,49.463
4,07.06 01:00,49.203
4,07.06 02:00,48.935
4,07.06 03:00,48.436
4,07.06 04:00,48.473
4,07.06 05:00,48.269
4,07.06 06:00,48.263
4,07.06 07:00,35.749
4,07.06 08:00,24.52
4,07.06 09:00,17.28
4,07.06 10:00,12.61
4,07.06 11:00,0.239
4,07.06 12:00,2.564
4,07.06 13:00,0.16
4,07.06 14:00,0.321
4,07.06 15:00,4.164
4,07.06 16:00,2.894
4,07.06 17:00,10.77
4,07.06 18:00,17.713
4,07.06 19:00,23.387
4,07.06 20:00,39.878
4,07.06 21:00,47.893
4,07.06 22:00,47.857
4,07.06 23:00,47.428
4,08.06 00:00,47.63
4,08.06 01:00,47.079
4,08.06 02:00,47.874
4,08.06 03:00,47.25
4,08.06 04:00,47.703
4,08.06 05:00,47.605
4,08.06 06:00,46.153
4,08.06 07:00,28.628
4,08.06 08:00,21.805
4,08.06 09:00,11.682
4,08.06 10:00,10.205
4,08.06 11:00,5.301
4,08.06 12:00,5.113
4,08.06 13:00,4.463
4,08.06 14:00,4.709
4,08.06 15:00,2.169
4,08.06 16:00,7.215
4,08.06 17:00,14.23
4,08.06 18:00,13.9
4,08.06 19:00,21.579
4,08.06 20:00,31.892
4,08.06 21:00,49.323
4,08.06 22:00,49.163
4,08.06 23:00,48.399
4,09.06 00:00,48.241
4,09.06 01:00,48.417
4,09.06 02:00,47.847
4,09.06 03:00,48.774
4,09.06 04:00,47.984
4,09.06 05:00,47.896
4,09.06 06:00,45.206
4,09.06 07:00,25.429
4,09.06 08:00,19.138
4,09.06 09:00,16.033
4,09.06 10:00,16.374
4,09.06 11:00,10.385
4,09.06 12:00,0.479
4,09.06 13:00,1.682
4,09.06 14:00,2.804
4,09.06 15:00,17.331
4,09.06 16:00,25.724
4,09.06 17:00,19.07
4,09.06 18:00,19.17
4,09.06 19:00,21.748
4,09.06 20:00,36.015
4,09.06 21:00,47.663
4,09.06 22:00,47.998
4,09.06 23:00,49.175
4,10.06 00:00,47.413
4,10.06 01:00,47.004
4,10.06 02:00,47.427
4,10.06 03:00,47.066
4,10.06 04:00,47.06
4,10.06 05:00,47.442
4,10.06 06:00,43.651
4,10.06 07:00,26.211
4,10.06 08:00,16.433
4,10.06 09:00,5.026
4,10.06 10:00,5.836
4,10.06 11:00,2.163
4,10.06 12:00,2.967
4,10.06 13:00,2.239
4,10.06 14:00,2.153
4,10.06 15:00,0.882
4,10.06 16:00,3.117
4,10.06 17:00,9.217
4,10.06 18:00,16.558
4,10.06 19:00,24.117
4,10.06 20:00,39.526
4,10.06 21:00,48.478
4,10.06 22:00,48.357
4,10.06 23:00,47.349
4,11.06 00:00,48.148
4,11.06 01:00,48.122
4,11.06 02:00,47.855
4,11.06 03:00,48.257
4,11.06 04:00,47.775
4,11.06 05:00,47.458
4,11.06 06:00,42.798
4,11.06 07:00,24.163
4,11.06 08:00,13.65
4,11.06 09:00,3.198
4,11.06 10:00,1.921
4,11.06 11:00,0.08
4,11.06 12:00,0.08
4,11.06 13:00,0.0
4,11.06 14:00,0.08
4,11.06 15:00,0.401
4,11.06 16:00,2.649
4,11.06 17:00,4.573
4,11.06 18:00,16.712
4,11.06 19:00,25.163
4,11.06 20:00,34.088
4,11.06 21:00,47.508
4,11.06 22:00,47.732
4,11.06 23:00,47.349
4,12.06 00:00,47.252
4,12.06 01:00,47.312
4,12.06 02:00,47.008
4,12.06 03:00,47.03
4,12.06 04:00,47.351
4,12.06 05:00,47.006
4,12.06 06:00,43.916
4,12.06 07:00,24.377
4,12.06 08:00,13.102
4,12.06 09:00,1.847
4,12.06 10:00,0.639
4,12.06 11:00,0.0
4,12.06 12:00,2.246
4,12.06 13:00,1.433
4,12.06 14:00,0.879
4,12.06 15:00,1.765
4,12.06 16:00,4.083
4,12.06 17:00,17.705
4,12.06 18:00,29.53
4,12.06 19:00,42.693
4,12.06 20:00,42.967
4,12.06 21:00,47.382
4,12.06 22:00,47.187
4,12.06 23:00,47.101
4,13.06 00:00,47.242
4,13.06 01:00,47.22
4,13.06 02:00,46.837
4,13.06 03:00,47.093
4,13.06 04:00,46.768
4,13.06 05:00,47.792
4,13.06 06:00,46.001
4,13.06 07:00,25.646
4,13.06 08:00,15.583
4,13.06 09:00,3.83
4,13.06 10:00,0.08
4,13.06 11:00,0.08
4,13.06 12:00,0.722
4,13.06 13:00,1.516
4,13.06 14:00,0.08
4,13.06 15:00,0.643
4,13.06 16:00,3.848
4,13.06 17:00,24.116
4,13.06 18:00,24.786
4,13.06 19:00,25.448
4,13.06 20:00,36.967
4,13.06 21:00,47.665
4,13.06 22:00,47.429
4,13.06 23:00,47.476
4,14.06 00:00,46.262
4,14.06 01:00,46.653
4,14.06 02:00,47.103
4,14.06 03:00,46.472
4,14.06 04:00,46.727
4,14.06 05:00,46.905
4,14.06 06:00,44.017
4,14.06 07:00,25.578
4,14.06 08:00,16.28
4,14.06 09:00,1.918
4,14.06 10:00,0.321
4,14.06 11:00,0.562
4,14.06 12:00,0.958
4,14.06 13:00,0.963
4,14.06 14:00,1.845
4,14.06 15:00,5.861
4,14.06 16:00,1.598
4,14.06 17:00,10.866
4,14.06 18:00,24.692
4,14.06 19:00,43.05
4,14.06 20:00,46.284
4,14.06 21:00,52.8
4,14.06 22:00,51.382
4,14.06 23:00,51.093
4,15.06 00:00,50.793
4,15.06 01:00,50.166
4,15.06 02:00,49.812
4,15.06 03:00,50.723
4,15.06 04:00,50.324
4,15.06 05:00,49.949
4,15.06 06:00,47.123
4,15.06 07:00,28.8
4,15.06 08:00,18.56
4,15.06 09:00,4.245
4,15.06 10:00,2.076
4,15.06 11:00,1.596
4,15.06 12:00,1.438
4,15.06 13:00,2.01
4,15.06 14:00,0.239
4,15.06 15:00,4.33
4,15.06 16:00,4.574
4,15.06 17:00,9.734
4,15.06 18:00,22.9
4,15.06 19:00,27.158
4,15.06 20:00,38.914
4,15.06 21:00,48.698
4,15.06 22:00,50.221
4,15.06 23:00,50.261
4,16.06 00:00,50.168
4,16.06 01:00,49.536
4,16.06 02:00,49.408
4,16.06 03:00,49.247
4,16.06 04:00,48.767
4,16.06 05:00,49.665
4,16.06 06:00,45.226
4,16.06 07:00,26.243
4,16.06 08:00,16.59
4,16.06 09:00,2.556
4,16.06 10:00,4.074
4,16.06 11:00,3.358
4,16.06 12:00,2.732
4,16.06 13:00,4.013
4,16.06 14:00,7.123
4,16.06 15:00,7.3
4,16.06 16:00,3.524
4,16.06 17:00,17.134
4,16.06 18:00,24.002
4,16.06 19:00,23.856
4,16.06 20:00,31.681
4,16.06 21:00,47.471
4,16.06 22:00,46.981
4,16.06 23:00,46.928
4,17.06 00:00,46.936
4,17.06 01:00,47.407
4,17.06 02:00,47.203
4,17.06 03:00,46.775
4,17.06 04:00,47.088
4,17.06 05:00,47.791
4,17.06 06:00,42.967
4,17.06 07:00,25.832
4,17.06 08:00,17.446
4,17.06 09:00,5.432
4,17.06 10:00,5.862
4,17.06 11:00,1.997
4,17.06 12:00,7.458
4,17.06 13:00,0.0
4,17.06 14:00,0.0
4,17.06 15:00,1.277
4,17.06 16:00,1.68
4,17.06 17:00,8.369
4,17.06 18:00,24.1
4,17.06 19:00,28.66
4,17.06 20:00,35.468
4,17.06 21:00,48.91
4,17.06 22:00,48.372
4,17.06 23:00,47.896
4,18.06 00:00,47.374
4,18.06 01:00,47.235
4,18.06 02:00,48.462
4,18.06 03:00,46.827
4,18.06 04:00,47.333
4,18.06 05:00,46.97
4,18.06 06:00,42.823
4,18.06 07:00,25.488
4,18.06 08:00,14.687
4,18.06 09:00,1.355
4,18.06 10:00,0.0
4,18.06 11:00,1.203
4,18.06 12:00,0.08
4,18.06 13:00,0.08
4,18.06 14:00,0.4
4,18.06 15:00,1.675
4,18.06 16:00,31.024
4,18.06 17:00,34.801
4,18.06 18:00,26.314
4,18.06 19:00,27.444
4,18.06 20:00,39.077
4,18.06 21:00,46.715
4,18.06 22:00,46.77
4,18.06 23:00,47.239
4,19.06 00:00,47.388
4,19.06 01:00,47.547
4,19.06 02:00,47.329
4,19.06 03:00,47.641
4,19.06 04:00,47.281
4,19.06 05:00,47.256
4,19.06 06:00,44.888
4,19.06 07:00,20.616
4,19.06 08:00,13.646
4,19.06 09:00,2.731
4,19.06 10:00,7.361
4,19.06 11:00,2.327
4,19.06 12:00,2.231
4,19.06 13:00,1.526
4,19.06 14:00,1.198
4,19.06 15:00,4.146
4,19.06 16:00,3.056
4,19.06 17:00,1.917
4,19.06 18:00,14.676
4,19.06 19:00,23.428
4,19.06 20:00,29.9
4,19.06 21:00,46.212
4,19.06 22:00,46.35
4,19.06 23:00,46.604
4,20.06 00:00,47.269
4,20.06 01:00,46.071
4,20.06 02:00,46.526
4,20.06 03:00,46.328
4,20.06 04:00,46.55
4,20.06 05:00,46.487
4,20.06 06:00,45.453
4,20.06 07:00,30.28
4,20.06 08:00,16.065
4,20.06 09:00,2.549
4,20.06 10:00,0.0
4,20.06 11:00,0.0
4,20.06 12:00,0.884
4,20.06 13:00,1.766
4,20.06 14:00,1.038
4,20.06 15:00,1.763
4,20.06 16:00,4.627
4,20.06 17:00,6.247
4,20.06 18:00,21.24
4,20.06 19:00,25.452
4,20.06 20:00,30.155
4,20.06 21:00,47.155
4,20.06 22:00,47.6
4,20.06 23:00,47.226
4,21.06 00:00,47.322
4,21.06 01:00,46.497
4,21.06 02:00,46.146
4,21.06 03:00,46.303
4,21.06 04:00,45.916
4,21.06 05:00,46.612
4,21.06 06:00,43.102
4,21.06 07:00,25.415
4,21.06 08:00,15.681
4,21.06 09:00,2.085
4,21.06 10:00,2.319
4,21.06 11:00,2.17
4,21.06 12:00,1.755
4,21.06 13:00,0.559
4,21.06 14:00,2.071
4,21.06 15:00,1.356
4,21.06 16:00,10.137
4,21.06 17:00,9.486
4,21.06 18:00,22.622
4,21.06 19:00,25.87
4,21.06 20:00,30.313
4,21.06 21:00,47.901
4,21.06 22:00,48.25
4,21.06 23:00,47.637
4,22.06 00:00,47.197
4,22.06 01:00,46.944
4,22.06 02:00,46.764
4,22.06 03:00,46.212
4,22.06 04:00,46.488
4,22.06 05:00,46.903
4,22.06 06:00,42.49
4,22.06 07:00,26.678
4,22.06 08:00,16.823
4,22.06 09:00,1.516
4,22.06 10:00,0.0
4,22.06 11:00,0.0
4,22.06 12:00,0.0
4,22.06 13:00,0.0
4,22.06 14:00,0.883
4,22.06 15:00,2.479
4,22.06 16:00,3.111
4,22.06 17:00,11.796
4,22.06 18:00,22.729
4,22.06 19:00,26.501
4,22.06 20:00,31.387
4,22.06 21:00,48.166
4,22.06 22:00,47.559
4,22.06 23:00,47.333
4,23.06 00:00,46.704
4,23.06 01:00,45.95
4,23.06 02:00,46.159
4,23.06 03:00,46.815
4,23.06 04:00,46.296
4,23.06 05:00,46.684
4,23.06 06:00,43.033
4,23.06 07:00,27.331
4,23.06 08:00,18.267
4,23.06 09:00,2.398
4,23.06 10:00,0.0
4,23.06 11:00,0.962
4,23.06 12:00,1.992
4,23.06 13:00,6.221
4,23.06 14:00,2.476
4,23.06 15:00,5.098
4,23.06 16:00,8.304
4,23.06 17:00,9.58
4,23.06 18:00,22.829
4,23.06 19:00,27.212
4,23.06 20:00,31.335
4,23.06 21:00,48.274
4,23.06 22:00,47.491
4,23.06 23:00,47.847
4,24.06 00:00,47.36
4,24.06 01:00,47.383
4,24.06 02:00,47.503
4,24.06 03:00,46.861
4,24.06 04:00,47.013
4,24.06 05:00,46.607
4,24.06 06:00,44.079
4,24.06 07:00,27.724
4,24.06 08:00,17.934
4,24.06 09:00,2.561
4,24.06 10:00,0.0
4,24.06 11:00,0.0
4,24.06 12:00,6.293
4,24.06 13:00,0.161
4,24.06 14:00,0.402
4,24.06 15:00,6.315
4,24.06 16:00,15.692
4,24.06 17:00,14.439
4,24.06 18:00,24.328
4,24.06 19:00,28.882
4,24.06 20:00,40.008
4,24.06 21:00,49.368
4,24.06 22:00,48.502
4,24.06 23:00,48.124
4,25.06 00:00,48.617
4,25.06 01:00,48.026
4,25.06 02:00,48.123
4,25.06 03:00,47.409
4,25.06 04:00,48.176
4,25.06 05:00,47.465
4,25.06 06:00,46.164
4,25.06 07:00,26.815
4,25.06 08:00,16.325
4,25.06 09:00,11.633
4,25.06 10:00,1.84
4,25.06 11:00,1.755
4,25.06 12:00,0.321
4,25.06 13:00,2.409
4,25.06 14:00,0.0
4,25.06 15:00,0.0
4,25.06 16:00,1.28
4,25.06 17:00,13.704
4,25.06 18:00,21.754
4,25.06 19:00,26.753
4,25.06 20:00,30.134
4,25.06 21:00,47.874
4,25.06 22:00,47.474
4,25.06 23:00,48.005
4,26.06 00:00,47.386
4,26.06 01:00,47.932
4,26.06 02:00,47.818
4,26.06 03:00,47.605
4,26.06 04:00,47.485
4,26.06 05:00,47.271
4,26.06 06:00,45.509
4,26.06 07:00,26.883
4,26.06 08:00,16.252
4,26.06 09:00,1.122
4,26.06 10:00,2.552
4,26.06 11:00,6.72
4,26.06 12:00,0.159
4,26.06 13:00,0.0
4,26.06 14:00,0.161
4,26.06 15:00,0.08
4,26.06 16:00,6.976
4,26.06 17:00,6.481
4,26.06 18:00,19.174
4,26.06 19:00,24.568
4,26.06 20:00,34.187
4,26.06 21:00,48.578
4,26.06 22:00,48.161
4,26.06 23:00,47.959
4,27.06 00:00,48.448
4,27.06 01:00,47.918
4,27.06 02:00,48.147
4,27.06 03:00,47.752
4,27.06 04:00,47.961
4,27.06 05:00,48.04
4,27.06 06:00,47.125
4,27.06 07:00,30.193
4,27.06 08:00,21.217
4,27.06 09:00,4.869
4,27.06 10:00,0.0
4,27.06 11:00,0.16
4,27.06 12:00,2.083
4,27.06 13:00,4.259
4,27.06 14:00,2.168
4,27.06 15:00,5.526
4,27.06 16:00,4.156
4,27.06 17:00,11.891
4,27.06 18:00,20.932
4,27.06 19:00,28.347
4,27.06 20:00,38.075
4,27.06 21:00,50.731
4,27.06 22:00,49.946
4,27.06 23:00,49.659
4,28.06 00:00,49.404
4,28.06 01:00,48.552
4,28.06 02:00,48.726
4,28.06 03:00,48.687
4,28.06 04:00,48.422
4,28.06 05:00,48.578
4,28.06 06:00,46.63
4,28.06 07:00,27.378
4,28.06 08:00,18.274
4,28.06 09:00,2.043
4,28.06 10:00,0.0
4,28.06 11:00,0.478
4,28.06 12:00,0.321
4,28.06 13:00,0.561
4,28.06 14:00,1.039
4,28.06 15:00,0.399
4,28.06 16:00,21.301
4,28.06 17:00,22.833
4,28.06 18:00,23.3
4,28.06 19:00,25.568
4,28.06 20:00,34.918
4,28.06 21:00,48.8
4,28.06 22:00,48.163
4,28.06 23:00,48.204
4,29.06 00:00,47.606
4,29.06 01:00,48.721
4,29.06 02:00,48.029
4,29.06 03:00,47.603
4,29.06 04:00,47.702
4,29.06 05:00,47.204
4,29.06 06:00,46.853
4,29.06 07:00,27.985
4,29.06 08:00,22.993
4,29.06 09:00,2.482
4,29.06 10:00,0.319
4,29.06 11:00,1.927
4,29.06 12:00,0.0
4,29.06 13:00,0.56
4,29.06 14:00,1.364
4,29.06 15:00,5.017
4,29.06 16:00,20.484
4,29.06 17:00,20.12
4,29.06 18:00,20.712
4,29.06 19:00,21.611
4,29.06 20:00,32.18
4,29.06 21:00,47.69
4,29.06 22:00,47.271
4,29.06 23:00,48.614
4,30.06 00:00,47.993
4,30.06 01:00,47.972
4,30.06 02:00,47.878
4,30.06 03:00,47.943
4,30.06 04:00,46.871
4,30.06 05:00,47.494
4,30.06 06:00,45.949
4,30.06 07:00,27.515
4,30.06 08:00,19.0
4,30.06 09:00,2.49
4,30.06 10:00,1.357
4,30.06 11:00,0.956
4,30.06 12:00,1.595
4,30.06 13:00,1.446
4,30.06 14:00,3.759
4,30.06 15:00,1.28
4,30.06 16:00,9.522
4,30.06 17:00,30.534
4,30.06 18:00,40.608
4,30.06 19:00,40.839
4,30.06 20:00,48.874
4,30.06 21:00,49.498
4,30.06 22:00,49.347
4,30.06 23:00,48.875
4,01.07 00:00,49.694
4,01.07 01:00,49.098
4,01.07 02:00,49.045
4,01.07 03:00,49.335
4,01.07 04:00,49.541
4,01.07 05:00,49.152
4,01.07 06:00,46.563
4,01.07 07:00,27.315
4,01.07 08:00,20.161
4,01.07 09:00,3.119
4,01.07 10:00,0.56
4,01.07 11:00,2.24
4,01.07 12:00,1.764
4,01.07 13:00,1.686
4,01.07 14:00,4.81
4,01.07 15:00,6.337
4,01.07 16:00,13.542
4,01.07 17:00,27.453
4,01.07 18:00,29.028
4,01.07 19:00,23.827
4,01.07 20:00,33.864
4,01.07 21:00,48.897
4,01.07 22:00,48.08
4,01.07 23:00,47.738
4,02.07 00:00,47.846
4,02.07 01:00,47.803
4,02.07 02:00,48.148
4,02.07 03:00,47.666
4,02.07 04:00,47.321
4,02.07 05:00,47.075
4,02.07 06:00,45.161
4,02.07 07:00,25.773
4,02.07 08:00,15.992
4,02.07 09:00,3.197
4,02.07 10:00,0.08
4,02.07 11:00,0.643
4,02.07 12:00,0.0
4,02.07 13:00,0.962
4,02.07 14:00,0.0
4,02.07 15:00,17.176
4,02.07 16:00,27.035
4,02.07 17:00,26.786
4,02.07 18:00,27.445
4,02.07 19:00,26.49
4,02.07 20:00,32.611
4,02.07 21:00,47.912
4,02.07 22:00,47.625
4,02.07 23:00,48.201
4,03.07 00:00,47.551
4,03.07 01:00,46.578
4,03.07 02:00,47.091
4,03.07 03:00,46.78
4,03.07 04:00,47.252
4,03.07 05:00,47.124
4,03.07 06:00,43.841
4,03.07 07:00,25.814
4,03.07 08:00,14.495
4,03.07 09:00,3.272
4,03.07 10:00,0.0
4,03.07 11:00,0.0
4,03.07 12:00,1.445
4,03.07 13:00,0.638
4,03.07 14:00,0.642
4,03.07 15:00,1.206
4,03.07 16:00,17.576
4,03.07 17:00,11.547
4,03.07 18:00,20.145
4,03.07 19:00,19.368
4,03.07 20:00,31.481
4,03.07 21:00,46.352
4,03.07 22:00,47.326
4,03.07 23:00,47.244
4,04.07 00:00,47.656
4,04.07 01:00,46.873
4,04.07 02:00,47.464
4,04.07 03:00,47.069
4,04.07 04:00,47.147
4,04.07 05:00,47.6
4,04.07 06:00,44.509
4,04.07 07:00,25.867
4,04.07 08:00,16.529
4,04.07 09:00,1.596
4,04.07 10:00,0.0
4,04.07 11:00,0.957
4,04.07 12:00,0.399
4,04.07 13:00,3.426
4,04.07 14:00,0.319
4,04.07 15:00,1.523
4,04.07 16:00,2.01
4,04.07 17:00,17.202
4,04.07 18:00,21.465
4,04.07 19:00,25.397
4,04.07 20:00,32.635
4,04.07 21:00,48.111
4,04.07 22:00,48.085
4,04.07 23:00,47.936
4,05.07 00:00,48.601
4,05.07 01:00,47.84
4,05.07 02:00,47.862
4,05.07 03:00,47.231
4,05.07 04:00,47.735
4,05.07 05:00,47.888
4,05.07 06:00,45.823
4,05.07 07:00,28.081
4,05.07 08:00,21.519
4,05.07 09:00,2.324
4,05.07 10:00,1.355
4,05.07 11:00,1.201
4,05.07 12:00,4.143
4,05.07 13:00,1.753
4,05.07 14:00,3.989
4,05.07 15:00,0.479
4,05.07 16:00,4.941
4,05.07 17:00,8.525
4,05.07 18:00,21.545
4,05.07 19:00,27.993
4,05.07 20:00,32.065
4,05.07 21:00,49.723
4,05.07 22:00,49.209
4,05.07 23:00,48.924
4,06.07 00:00,48.651
4,06.07 01:00,48.685
4,06.07 02:00,48.59
4,06.07 03:00,48.514
4,06.07 04:00,48.297
4,06.07 05:00,48.395
4,06.07 06:00,46.733
4,06.07 07:00,28.698
4,06.07 08:00,19.682
4,06.07 09:00,3.106
4,06.07 10:00,0.0
4,06.07 11:00,0.08
4,06.07 12:00,5.898
4,06.07 13:00,5.527
4,06.07 14:00,3.684
4,06.07 15:00,5.616
4,06.07 16:00,5.182
4,06.07 17:00,14.441
4,06.07 18:00,15.624
4,06.07 19:00,28.101
4,06.07 20:00,38.014
4,06.07 21:00,48.82
4,06.07 22:00,48.815
4,06.07 23:00,48.866
4,07.07 00:00,48.182
4,07.07 01:00,48.487
4,07.07 02:00,48.651
4,07.07 03:00,48.71
4,07.07 04:00,48.576
4,07.07 05:00,48.809
4,07.07 06:00,46.868
4,07.07 07:00,28.184
4,07.07 08:00,19.925
4,07.07 09:00,3.196
4,07.07 10:00,0.0
4,07.07 11:00,0.0
4,07.07 12:00,0.08
4,07.07 13:00,5.912
4,07.07 14:00,0.16
4,07.07 15:00,5.27
4,07.07 16:00,19.132
4,07.07 17:00,17.318
4,07.07 18:00,24.622
4,07.07 19:00,29.025
4,07.07 20:00,32.423
4,07.07 21:00,49.378
4,07.07 22:00,48.289
4,07.07 23:00,47.973
4,08.07 00:00,48.17
4,08.07 01:00,48.103
4,08.07 02:00,48.365
4,08.07 03:00,48.717
4,08.07 04:00,48.388
4,08.07 05:00,48.798
4,08.07 06:00,46.084
4,08.07 07:00,29.09
4,08.07 08:00,19.936
4,08.07 09:00,2.873
4,08.07 10:00,0.0
4,08.07 11:00,0.0
4,08.07 12:00,0.958
4,08.07 13:00,2.711
4,08.07 14:00,0.0
4,08.07 15:00,2.722
4,08.07 16:00,4.015
4,08.07 17:00,12.324
4,08.07 18:00,20.54
4,08.07 19:00,26.807
4,08.07 20:00,37.477
4,08.07 21:00,49.797
4,08.07 22:00,49.141
4,08.07 23:00,48.125
4,09.07 00:00,48.151
4,09.07 01:00,48.644
4,09.07 02:00,47.006
4,09.07 03:00,47.714
4,09.07 04:00,48.196
4,09.07 05:00,48.546
4,09.07 06:00,46.489
4,09.07 07:00,26.061
4,09.07 08:00,17.398
4,09.07 09:00,1.913
4,09.07 10:00,0.0
4,09.07 11:00,0.0
4,09.07 12:00,0.0
4,09.07 13:00,0.16
4,09.07 14:00,0.957
4,09.07 15:00,0.32
4,09.07 16:00,0.0
4,09.07 17:00,2.082
4,09.07 18:00,26.044
4,09.07 19:00,29.51
4,09.07 20:00,35.611
4,09.07 21:00,48.722
4,09.07 22:00,48.131
4,09.07 23:00,47.732
4,10.07 00:00,48.094
4,10.07 01:00,48.384
4,10.07 02:00,47.733
4,10.07 03:00,48.019
4,10.07 04:00,47.707
4,10.07 05:00,48.163
4,10.07 06:00,45.968
4,10.07 07:00,27.08
4,10.07 08:00,17.821
4,10.07 09:00,1.924
4,10.07 10:00,0.0
4,10.07 11:00,2.555
4,10.07 12:00,3.609
4,10.07 13:00,1.93
4,10.07 14:00,2.328
4,10.07 15:00,4.468
4,10.07 16:00,12.512
4,10.07 17:00,21.403
4,10.07 18:00,19.357
4,10.07 19:00,24.802
4,10.07 20:00,33.681
4,10.07 21:00,48.707
4,10.07 22:00,47.663
4,10.07 23:00,48.094
4,11.07 00:00,48.348
4,11.07 01:00,48.761
4,11.07 02:00,47.847
4,11.07 03:00,47.648
4,11.07 04:00,48.039
4,11.07 05:00,47.781
4,11.07 06:00,47.476
4,11.07 07:00,27.539
4,11.07 08:00,18.341
4,11.07 09:00,2.17
4,11.07 10:00,0.0
4,11.07 11:00,1.846
4,11.07 12:00,1.839
4,11.07 13:00,4.018
4,11.07 14:00,5.615
4,11.07 15:00,2.554
4,11.07 16:00,7.139
4,11.07 17:00,19.178
4,11.07 18:00,29.646
4,11.07 19:00,27.421
4,11.07 20:00,33.382
4,11.07 21:00,50.698
4,11.07 22:00,51.035
4,11.07 23:00,50.741
4,12.07 00:00,49.607
4,12.07 01:00,49.437
4,12.07 02:00,49.232
4,12.07 03:00,49.569
4,12.07 04:00,49.344
4,12.07 05:00,49.317
4,12.07 06:00,46.991
4,12.07 07:00,30.585
4,12.07 08:00,20.71
4,12.07 09:00,2.972
4,12.07 10:00,2.488
4,12.07 11:00,1.122
4,12.07 12:00,7.902
4,12.07 13:00,3.763
4,12.07 14:00,5.825
4,12.07 15:00,3.987
4,12.07 16:00,16.645
4,12.07 17:00,8.138
4,12.07 18:00,18.902
4,12.07 19:00,30.956
4,12.07 20:00,46.138
4,12.07 21:00,50.732
4,12.07 22:00,50.337
4,12.07 23:00,50.668
4,13.07 00:00,50.267
4,13.07 01:00,50.094
4,13.07 02:00,49.325
4,13.07 03:00,49.156
4,13.07 04:00,49.527
4,13.07 05:00,48.95
4,13.07 06:00,44.596
4,13.07 07:00,27.619
4,13.07 08:00,18.062
4,13.07 09:00,2.152
4,13.07 10:00,2.01
4,13.07 11:00,6.991
4,13.07 12:00,0.797
4,13.07 13:00,7.438
4,13.07 14:00,12.138
4,13.07 15:00,29.025
4,13.07 16:00,28.1
4,13.07 17:00,28.324
4,13.07 18:00,28.02
4,13.07 19:00,27.006
4,13.07 20:00,33.588
4,13.07 21:00,47.956
4,13.07 22:00,47.645
4,13.07 23:00,47.379
4,14.07 00:00,47.062
4,14.07 01:00,47.347
4,14.07 02:00,47.173
4,14.07 03:00,47.139
4,14.07 04:00,46.714
4,14.07 05:00,46.961
4,14.07 06:00,45.912
4,14.07 07:00,27.89
4,14.07 08:00,18.289
4,14.07 09:00,1.44
4,14.07 10:00,0.321
4,14.07 11:00,4.308
4,14.07 12:00,0.719
4,14.07 13:00,1.675
4,14.07 14:00,3.044
4,14.07 15:00,11.523
4,14.07 16:00,1.519
4,14.07 17:00,4.875
4,14.07 18:00,21.542
4,14.07 19:00,29.913
4,14.07 20:00,40.834
4,14.07 21:00,49.302
4,14.07 22:00,49.096
4,14.07 23:00,48.773
4,15.07 00:00,49.019
4,15.07 01:00,48.842
4,15.07 02:00,48.806
4,15.07 03:00,47.731
4,15.07 04:00,48.029
4,15.07 05:00,48.069
4,15.07 06:00,46.398
4,15.07 07:00,28.25
4,15.07 08:00,18.688
4,15.07 09:00,1.767
4,15.07 10:00,0.0
4,15.07 11:00,0.0
4,15.07 12:00,1.038
4,15.07 13:00,4.953
4,15.07 14:00,2.551
4,15.07 15:00,1.754
4,15.07 16:00,7.702
4,15.07 17:00,13.865
4,15.07 18:00,25.577
4,15.07 19:00,29.766
4,15.07 20:00,39.287
4,15.07 21:00,49.535
4,15.07 22:00,49.664
4,15.07 23:00,47.726
4,16.07 00:00,47.732
4,16.07 01:00,47.726
4,16.07 02:00,46.85
4,16.07 03:00,46.997
4,16.07 04:00,47.025
4,16.07 05:00,47.078
4,16.07 06:00,45.678
4,16.07 07:00,26.888
4,16.07 08:00,16.515
4,16.07 09:00,1.435
4,16.07 10:00,1.926
4,16.07 11:00,0.801
4,16.07 12:00,0.638
4,16.07 13:00,0.318
4,16.07 14:00,1.756
4,16.07 15:00,0.16
4,16.07 16:00,0.875
4,16.07 17:00,11.56
4,16.07 18:00,21.193
4,16.07 19:00,25.686
4,16.07 20:00,35.746
4,16.07 21:00,48.168
4,16.07 22:00,47.651
4,16.07 23:00,47.398
4,17.07 00:00,46.996
4,17.07 01:00,47.43
4,17.07 02:00,47.494
4,17.07 03:00,47.253
4,17.07 04:00,47.06
4,17.07 05:00,47.577
4,17.07 06:00,45.28
4,17.07 07:00,28.753
4,17.07 08:00,18.105
4,17.07 09:00,1.364
4,17.07 10:00,3.357
4,17.07 11:00,1.2
4,17.07 12:00,1.354
4,17.07 13:00,6.747
4,17.07 14:00,0.0
4,17.07 15:00,2.487
4,17.07 16:00,1.685
4,17.07 17:00,5.944
4,17.07 18:00,18.25
4,17.07 19:00,25.98
4,17.07 20:00,35.329
4,17.07 21:00,48.169
4,17.07 22:00,47.678
4,17.07 23:00,47.724
4,18.07 00:00,47.507
4,18.07 01:00,47.12
4,18.07 02:00,47.416
4,18.07 03:00,47.044
4,18.07 04:00,47.866
4,18.07 05:00,47.798
4,18.07 06:00,47.061
4,18.07 07:00,28.549
4,18.07 08:00,18.901
4,18.07 09:00,14.466
4,18.07 10:00,7.051
4,18.07 11:00,6.485
4,18.07 12:00,8.233
4,18.07 13:00,7.963
4,18.07 14:00,11.439
4,18.07 15:00,2.321
4,18.07 16:00,6.227
4,18.07 17:00,4.715
4,18.07 18:00,21.01
4,18.07 19:00,26.363
4,18.07 20:00,34.451
4,18.07 21:00,48.681
4,18.07 22:00,47.865
4,18.07 23:00,48.122
4,19.07 00:00,47.842
4,19.07 01:00,47.007
4,19.07 02:00,47.325
4,19.07 03:00,47.394
4,19.07 04:00,46.92
4,19.07 05:00,47.861
4,19.07 06:00,47.63
4,19.07 07:00,29.382
4,19.07 08:00,19.206
4,19.07 09:00,3.278
4,19.07 10:00,4.65
4,19.07 11:00,5.13
4,19.07 12:00,3.94
4,19.07 13:00,8.118
4,19.07 14:00,6.508
4,19.07 15:00,13.888
4,19.07 16:00,18.354
4,19.07 17:00,21.393
4,19.07 18:00,24.106
4,19.07 19:00,27.95
4,19.07 20:00,34.554
4,19.07 21:00,48.9
4,19.07 22:00,48.754
4,19.07 23:00,48.222
4,20.07 00:00,48.495
4,20.07 01:00,48.413
4,20.07 02:00,48.172
4,20.07 03:00,47.56
4,20.07 04:00,47.788
4,20.07 05:00,48.164
4,20.07 06:00,46.062
4,20.07 07:00,28.644
4,20.07 08:00,16.727
4,20.07 09:00,4.472
4,20.07 10:00,1.601
4,20.07 11:00,3.294
4,20.07 12:00,1.683
4,20.07 13:00,0.801
4,20.07 14:00,4.174
4,20.07 15:00,4.905
4,20.07 16:00,2.562
4,20.07 17:00,6.513
4,20.07 18:00,21.7
4,20.07 19:00,26.158
4,20.07 20:00,33.293
4,20.07 21:00,47.214
4,20.07 22:00,47.528
4,20.07 23:00,47.407
4,21.07 00:00,47.308
4,21.07 01:00,46.984
4,21.07 02:00,46.52
4,21.07 03:00,47.159
4,21.07 04:00,47.164
4,21.07 05:00,47.918
4,21.07 06:00,47.237
4,21.07 07:00,29.508
4,21.07 08:00,19.108
4,21.07 09:00,4.006
4,21.07 10:00,2.565
4,21.07 11:00,2.316
4,21.07 12:00,11.639
4,21.07 13:00,5.418
4,21.07 14:00,3.508
4,21.07 15:00,11.249
4,21.07 16:00,19.225
4,21.07 17:00,16.093
4,21.07 18:00,26.184
4,21.07 19:00,24.837
4,21.07 20:00,37.543
4,21.07 21:00,49.398
4,21.07 22:00,49.045
4,21.07 23:00,48.545
4,22.07 00:00,48.361
4,22.07 01:00,47.976
4,22.07 02:00,48.03
4,22.07 03:00,47.935
4,22.07 04:00,47.832
4,22.07 05:00,47.923
4,22.07 06:00,47.171
4,22.07 07:00,29.062
4,22.07 08:00,19.536
4,22.07 09:00,7.077
4,22.07 10:00,1.119
4,22.07 11:00,0.16
4,22.07 12:00,4.963
4,22.07 13:00,3.522
4,22.07 14:00,11.402
4,22.07 15:00,0.0
4,22.07 16:00,21.852
4,22.07 17:00,22.139
4,22.07 18:00,20.342
4,22.07 19:00,28.127
4,22.07 20:00,38.318
4,22.07 21:00,49.834
4,22.07 22:00,49.055
4,22.07 23:00,48.554
4,23.07 00:00,48.633
4,23.07 01:00,47.672
4,23.07 02:00,47.549
4,23.07 03:00,47.859
4,23.07 04:00,47.258
4,23.07 05:00,47.843
4,23.07 06:00,46.182
4,23.07 07:00,27.896
4,23.07 08:00,15.411
4,23.07 09:00,1.228
4,23.07 10:00,0.0
4,23.07 11:00,0.877
4,23.07 12:00,2.172
4,23.07 13:00,1.202
4,23.07 14:00,0.24
4,23.07 15:00,2.33
4,23.07 16:00,2.881
4,23.07 17:00,12.734
4,23.07 18:00,20.131
4,23.07 19:00,28.919
4,23.07 20:00,43.176
4,23.07 21:00,48.374
4,23.07 22:00,48.168
4,23.07 23:00,47.311
4,24.07 00:00,47.641
4,24.07 01:00,47.596
4,24.07 02:00,47.086
4,24.07 03:00,47.401
4,24.07 04:00,47.1
4,24.07 05:00,47.501
4,24.07 06:00,45.75
4,24.07 07:00,28.431
4,24.07 08:00,16.149
4,24.07 09:00,0.799
4,24.07 10:00,0.0
4,24.07 11:00,0.0
4,24.07 12:00,2.954
4,24.07 13:00,0.884
4,24.07 14:00,1.442
4,24.07 15:00,3.994
4,24.07 16:00,3.683
4,24.07 17:00,4.004
4,24.07 18:00,21.952
4,24.07 19:00,25.839
4,24.07 20:00,37.69
4,24.07 21:00,48.083
4,24.07 22:00,48.437
4,24.07 23:00,47.746
4,25.07 00:00,48.159
4,25.07 01:00,47.269
4,25.07 02:00,47.651
4,25.07 03:00,47.222
4,25.07 04:00,47.79
4,25.07 05:00,47.429
4,25.07 06:00,46.682
4,25.07 07:00,29.43
4,25.07 08:00,17.777
4,25.07 09:00,1.043
4,25.07 10:00,0.639
4,25.07 11:00,3.608
4,25.07 12:00,6.219
4,25.07 13:00,4.338
4,25.07 14:00,4.482
4,25.07 15:00,3.048
4,25.07 16:00,7.693
4,25.07 17:00,15.975
4,25.07 18:00,25.351
4,25.07 19:00,28.945
4,25.07 20:00,35.536
4,25.07 21:00,49.208
4,25.07 22:00,49.106
4,25.07 23:00,49.083
4,26.07 00:00,48.892
4,26.07 01:00,48.094
4,26.07 02:00,47.917
4,26.07 03:00,47.529
4,26.07 04:00,47.573
4,26.07 05:00,47.672
4,26.07 06:00,46.344
4,26.07 07:00,29.804
4,26.07 08:00,17.742
4,26.07 09:00,1.286
4,26.07 10:00,0.0
4,26.07 11:00,1.362
4,26.07 12:00,4.156
4,26.07 13:00,0.881
4,26.07 14:00,6.392
4,26.07 15:00,5.75
4,26.07 16:00,8.512
4,26.07 17:00,12.525
4,26.07 18:00,15.995
4,26.07 19:00,27.584
4,26.07 20:00,35.609
4,26.07 21:00,48.577
4,26.07 22:00,48.086
4,26.07 23:00,48.314
4,27.07 00:00,47.998
4,27.07 01:00,47.771
4,27.07 02:00,47.423
4,27.07 03:00,47.156
4,27.07 04:00,47.498
4,27.07 05:00,47.637
4,27.07 06:00,47.81
4,27.07 07:00,29.99
4,27.07 08:00,18.619
4,27.07 09:00,1.512
4,27.07 10:00,0.0
4,27.07 11:00,6.462
4,27.07 12:00,6.171
4,27.07 13:00,2.159
4,27.07 14:00,1.197
4,27.07 15:00,2.568
4,27.07 16:00,2.318
4,27.07 17:00,3.516
4,27.07 18:00,18.573
4,27.07 19:00,24.417
4,27.07 20:00,35.527
4,27.07 21:00,48.151
4,27.07 22:00,47.974
4,27.07 23:00,47.913
4,28.07 00:00,48.234
4,28.07 01:00,47.706
4,28.07 02:00,47.802
4,28.07 03:00,47.044
4,28.07 04:00,47.237
4,28.07 05:00,47.582
4,28.07 06:00,48.273
4,28.07 07:00,30.275
4,28.07 08:00,18.479
4,28.07 09:00,1.835
4,28.07 10:00,0.0
4,28.07 11:00,0.0
4,28.07 12:00,0.0
4,28.07 13:00,0.558
4,28.07 14:00,3.993
4,28.07 15:00,2.963
4,28.07 16:00,0.0
4,28.07 17:00,5.028
4,28.07 18:00,22.23
4,28.07 19:00,30.055
4,28.07 20:00,37.611
4,28.07 21:00,50.921
4,28.07 22:00,50.945
4,28.07 23:00,50.997
4,29.07 00:00,50.286
4,29.07 01:00,49.328
4,29.07 02:00,49.553
4,29.07 03:00,49.2
4,29.07 04:00,49.128
4,29.07 05:00,49.239
4,29.07 06:00,48.668
4,29.07 07:00,31.089
4,29.07 08:00,19.468
4,29.07 09:00,2.086
4,29.07 10:00,0.0
4,29.07 11:00,1.279
4,29.07 12:00,4.004
4,29.07 13:00,7.724
4,29.07 14:00,6.419
4,29.07 15:00,20.886
4,29.07 16:00,29.52
4,29.07 17:00,32.166
4,29.07 18:00,30.513
4,29.07 19:00,32.466
4,29.07 20:00,42.159
4,29.07 21:00,48.309
4,29.07 22:00,47.967
4,29.07 23:00,48.019
4,30.07 00:00,47.172
4,30.07 01:00,47.264
4,30.07 02:00,47.781
4,30.07 03:00,47.344
4,30.07 04:00,47.236
4,30.07 05:00,47.172
4,30.07 06:00,46.675
4,30.07 07:00,28.85
4,30.07 08:00,16.099
4,30.07 09:00,0.48
4,30.07 10:00,0.0
4,30.07 11:00,0.0
4,30.07 12:00,4.147
4,30.07 13:00,4.97
4,30.07 14:00,3.927
4,30.07 15:00,3.524
4,30.07 16:00,4.076
4,30.07 17:00,25.719
4,30.07 18:00,25.176
4,30.07 19:00,26.76
4,30.07 20:00,36.828
4,30.07 21:00,47.583
4,30.07 22:00,46.646
4,30.07 23:00,47.291
4,31.07 00:00,47.259
4,31.07 01:00,47.469
4,31.07 02:00,47.41
4,31.07 03:00,47.423
4,31.07 04:00,47.516
4,31.07 05:00,46.822
4,31.07 06:00,46.645
4,31.07 07:00,29.172
4,31.07 08:00,15.564
4,31.07 09:00,0.639
4,31.07 10:00,0.0
4,31.07 11:00,0.798
4,31.07 12:00,1.996
4,31.07 13:00,0.0
4,31.07 14:00,0.0
4,31.07 15:00,0.0
4,31.07 16:00,0.0
4,31.07 17:00,2.152
4,31.07 18:00,17.796
4,31.07 19:00,25.346
4,31.07 20:00,36.631
4,31.07 21:00,47.931
4,31.07 22:00,47.57
4,31.07 23:00,48.209
4,01.08 00:00,48.065
4,01.08 01:00,47.38
4,01.08 02:00,47.705
4,01.08 03:00,47.172
4,01.08 04:00,47.031
4,01.08 05:00,47.075
4,01.08 06:00,47.725
4,01.08 07:00,30.041
4,01.08 08:00,17.462
4,01.08 09:00,1.442
4,01.08 10:00,5.198
4,01.08 11:00,5.656
4,01.08 12:00,2.15
4,01.08 13:00,0.797
4,01.08 14:00,0.8
4,01.08 15:00,1.994
4,01.08 16:00,1.195
4,01.08 17:00,7.195
4,01.08 18:00,20.261
4,01.08 19:00,26.64
4,01.08 20:00,39.231
4,01.08 21:00,48.73
4,01.08 22:00,48.874
4,01.08 23:00,48.377
4,02.08 00:00,47.935
4,02.08 01:00,47.822
4,02.08 02:00,47.851
4,02.08 03:00,47.475
4,02.08 04:00,47.401
4,02.08 05:00,48.053
4,02.08 06:00,47.964
4,02.08 07:00,31.265
4,02.08 08:00,18.172
4,02.08 09:00,1.513
4,02.08 10:00,0.0
4,02.08 11:00,3.368
4,02.08 12:00,0.0
4,02.08 13:00,2.332
4,02.08 14:00,4.634
4,02.08 15:00,12.543
4,02.08 16:00,23.368
4,02.08 17:00,21.189
4,02.08 18:00,20.176
4,02.08 19:00,25.316
4,02.08 20:00,40.728
4,02.08 21:00,49.951
4,02.08 22:00,48.56
4,02.08 23:00,48.062
4,03.08 00:00,47.808
4,03.08 01:00,48.16
4,03.08 02:00,48.173
4,03.08 03:00,47.759
4,03.08 04:00,47.295
4,03.08 05:00,47.374
4,03.08 06:00,48.456
4,03.08 07:00,32.457
4,03.08 08:00,18.091
4,03.08 09:00,18.063
4,03.08 10:00,0.16
4,03.08 11:00,1.442
4,03.08 12:00,3.453
4,03.08 13:00,10.707
4,03.08 14:00,13.731
4,03.08 15:00,16.834
4,03.08 16:00,17.23
4,03.08 17:00,6.155
4,03.08 18:00,12.451
4,03.08 19:00,24.767
4,03.08 20:00,37.993
4,03.08 21:00,48.302
4,03.08 22:00,47.717
4,03.08 23:00,48.003
4,04.08 00:00,47.626
4,04.08 01:00,47.397
4,04.08 02:00,48.248
4,04.08 03:00,47.226
4,04.08 04:00,46.716
4,04.08 05:00,47.388
4,04.08 06:00,48.174
4,04.08 07:00,32.667
4,04.08 08:00,18.859
4,04.08 09:00,3.858
4,04.08 10:00,1.525
4,04.08 11:00,1.916
4,04.08 12:00,5.621
4,04.08 13:00,6.929
4,04.08 14:00,23.562
4,04.08 15:00,21.499
4,04.08 16:00,14.209
4,04.08 17:00,14.868
4,04.08 18:00,20.913
4,04.08 19:00,27.385
4,04.08 20:00,42.129
4,04.08 21:00,48.696
4,04.08 22:00,47.09
4,04.08 23:00,47.795
4,05.08 00:00,47.231
4,05.08 01:00,47.657
4,05.08 02:00,47.656
4,05.08 03:00,47.797
4,05.08 04:00,46.973
4,05.08 05:00,47.737
4,05.08 06:00,47.81
4,05.08 07:00,32.098
4,05.08 08:00,17.308
4,05.08 09:00,1.434
4,05.08 10:00,0.08
4,05.08 11:00,0.0
4,05.08 12:00,0.0
4,05.08 13:00,0.0
4,05.08 14:00,0.0
4,05.08 15:00,0.0
4,05.08 16:00,3.191
4,05.08 17:00,13.468
4,05.08 18:00,16.769
4,05.08 19:00,26.631
4,05.08 20:00,40.141
4,05.08 21:00,49.291
4,05.08 22:00,48.403
4,05.08 23:00,48.047
4,06.08 00:00,47.377
4,06.08 01:00,48.068
4,06.08 02:00,47.332
4,06.08 03:00,47.5
4,06.08 04:00,47.195
4,06.08 05:00,47.64
4,06.08 06:00,47.521
4,06.08 07:00,31.454
4,06.08 08:00,16.604
4,06.08 09:00,2.395
4,06.08 10:00,0.0
4,06.08 11:00,0.08
4,06.08 12:00,0.399
4,06.08 13:00,0.0
4,06.08 14:00,0.08
4,06.08 15:00,0.96
4,06.08 16:00,6.585
4,06.08 17:00,7.248
4,06.08 18:00,19.377
4,06.08 19:00,24.361
4,06.08 20:00,38.43
4,06.08 21:00,47.539
4,06.08 22:00,47.689
4,06.08 23:00,47.825
4,07.08 00:00,47.843
4,07.08 01:00,47.967
4,07.08 02:00,47.571
4,07.08 03:00,47.613
4,07.08 04:00,47.782
4,07.08 05:00,47.636
4,07.08 06:00,47.978
4,07.08 07:00,29.327
4,07.08 08:00,17.363
4,07.08 09:00,2.883
4,07.08 10:00,1.765
4,07.08 11:00,1.435
4,07.08 12:00,3.375
4,07.08 13:00,6.751
4,07.08 14:00,6.347
4,07.08 15:00,0.958
4,07.08 16:00,0.159
4,07.08 17:00,2.879
4,07.08 18:00,17.666
4,07.08 19:00,25.356
4,07.08 20:00,39.018
4,07.08 21:00,47.476
4,07.08 22:00,47.552
4,07.08 23:00,47.954
4,08.08 00:00,47.396
4,08.08 01:00,48.448
4,08.08 02:00,48.565
4,08.08 03:00,47.978
4,08.08 04:00,47.887
4,08.08 05:00,47.34
4,08.08 06:00,48.653
4,08.08 07:00,33.812
4,08.08 08:00,23.044
4,08.08 09:00,16.526
4,08.08 10:00,13.8
4,08.08 11:00,5.348
4,08.08 12:00,12.284
4,08.08 13:00,19.85
4,08.08 14:00,19.194
4,08.08 15:00,2.973
4,08.08 16:00,0.956
4,08.08 17:00,10.577
4,08.08 18:00,17.559
4,08.08 19:00,24.846
4,08.08 20:00,39.927
4,08.08 21:00,46.915
4,08.08 22:00,47.074
4,08.08 23:00,46.618
4,09.08 00:00,47.185
4,09.08 01:00,46.86
4,09.08 02:00,47.569
4,09.08 03:00,46.969
4,09.08 04:00,47.734
4,09.08 05:00,47.174
4,09.08 06:00,48.699
4,09.08 07:00,34.358
4,09.08 08:00,24.026
4,09.08 09:00,18.878
4,09.08 10:00,2.972
4,09.08 11:00,0.08
4,09.08 12:00,0.16
4,09.08 13:00,0.643
4,09.08 14:00,0.0
4,09.08 15:00,0.319
4,09.08 16:00,23.635
4,09.08 17:00,4.084
4,09.08 18:00,26.046
4,09.08 19:00,38.591
4,09.08 20:00,46.639
4,09.08 21:00,47.723
4,09.08 22:00,48.402
4,09.08 23:00,47.724
4,10.08 00:00,47.374
4,10.08 01:00,47.764
4,10.08 02:00,47.044
4,10.08 03:00,47.34
4,10.08 04:00,46.769
4,10.08 05:00,47.298
4,10.08 06:00,48.508
4,10.08 07:00,31.992
4,10.08 08:00,17.276
4,10.08 09:00,0.8
4,10.08 10:00,3.376
4,10.08 11:00,2.64
4,10.08 12:00,3.055
4,10.08 13:00,4.098
4,10.08 14:00,19.38
4,10.08 15:00,27.819
4,10.08 16:00,28.141
4,10.08 17:00,27.646
4,10.08 18:00,22.739
4,10.08 19:00,25.78
4,10.08 20:00,44.269
4,10.08 21:00,48.517
4,10.08 22:00,48.932
4,10.08 23:00,48.916
4,11.08 00:00,48.287
4,11.08 01:00,48.042
4,11.08 02:00,47.53
4,11.08 03:00,47.263
4,11.08 04:00,47.27
4,11.08 05:00,46.952
4,11.08 06:00,48.353
4,11.08 07:00,33.514
4,11.08 08:00,18.275
4,11.08 09:00,3.607
4,11.08 10:00,0.723
4,11.08 11:00,3.033
4,11.08 12:00,2.469
4,11.08 13:00,16.383
4,11.08 14:00,2.241
4,11.08 15:00,4.861
4,11.08 16:00,13.509
4,11.08 17:00,24.577
4,11.08 18:00,25.333
4,11.08 19:00,28.777
4,11.08 20:00,44.57
4,11.08 21:00,45.146
4,11.08 22:00,46.802
4,11.08 23:00,46.928
4,12.08 00:00,46.577
4,12.08 01:00,46.953
4,12.08 02:00,47.266
4,12.08 03:00,46.906
4,12.08 04:00,47.157
4,12.08 05:00,46.857
4,12.08 06:00,47.201
4,12.08 07:00,32.434
4,12.08 08:00,16.808
4,12.08 09:00,0.638
4,12.08 10:00,4.391
4,12.08 11:00,1.844
4,12.08 12:00,1.119
4,12.08 13:00,6.855
4,12.08 14:00,6.913
4,12.08 15:00,2.868
4,12.08 16:00,0.08
4,12.08 17:00,7.326
4,12.08 18:00,26.856
4,12.08 19:00,28.783
4,12.08 20:00,41.933
4,12.08 21:00,49.978
4,12.08 22:00,47.338
4,12.08 23:00,47.704
4,13.08 00:00,47.963
4,13.08 01:00,46.965
4,13.08 02:00,47.214
4,13.08 03:00,47.23
4,13.08 04:00,47.24
4,13.08 05:00,46.95
4,13.08 06:00,47.261
4,13.08 07:00,31.755
4,13.08 08:00,14.148
4,13.08 09:00,0.16
4,13.08 10:00,0.957
4,13.08 11:00,0.718
4,13.08 12:00,0.319
4,13.08 13:00,1.358
4,13.08 14:00,0.879
4,13.08 15:00,1.754
4,13.08 16:00,1.12
4,13.08 17:00,13.776
4,13.08 18:00,26.352
4,13.08 19:00,27.472
4,13.08 20:00,40.528
4,13.08 21:00,46.881
4,13.08 22:00,47.594
4,13.08 23:00,46.973
4,14.08 00:00,47.53
4,14.08 01:00,47.402
4,14.08 02:00,47.143
4,14.08 03:00,47.594
4,14.08 04:00,47.224
4,14.08 05:00,47.233
4,14.08 06:00,47.184
4,14.08 07:00,35.753
4,14.08 08:00,23.032
4,14.08 09:00,18.647
4,14.08 10:00,10.131
4,14.08 11:00,0.0
4,14.08 12:00,0.481
4,14.08 13:00,0.64
4,14.08 14:00,14.862
4,14.08 15:00,23.725
4,14.08 16:00,12.657
4,14.08 17:00,11.911
4,14.08 18:00,20.296
4,14.08 19:00,26.12
4,14.08 20:00,40.465
4,14.08 21:00,47.209
4,14.08 22:00,49.503
4,14.08 23:00,46.993
4,15.08 00:00,47.422
4,15.08 01:00,47.588
4,15.08 02:00,47.123
4,15.08 03:00,46.84
4,15.08 04:00,47.456
4,15.08 05:00,46.973
4,15.08 06:00,47.332
4,15.08 07:00,33.469
4,15.08 08:00,16.54
4,15.08 09:00,1.441
4,15.08 10:00,1.758
4,15.08 11:00,1.277
4,15.08 12:00,2.164
4,15.08 13:00,1.675
4,15.08 14:00,2.165
4,15.08 15:00,2.569
4,15.08 16:00,2.966
4,15.08 17:00,11.66
4,15.08 18:00,21.265
4,15.08 19:00,27.889
4,15.08 20:00,40.438
4,15.08 21:00,50.653
4,15.08 22:00,48.063
4,15.08 23:00,47.612
4,16.08 00:00,48.144
4,16.08 01:00,47.433
4,16.08 02:00,47.723
4,16.08 03:00,47.626
4,16.08 04:00,47.808
4,16.08 05:00,47.508
4,16.08 06:00,45.536
4,16.08 07:00,33.377
4,16.08 08:00,16.507
4,16.08 09:00,2.729
4,16.08 10:00,5.514
4,16.08 11:00,4.957
4,16.08 12:00,2.57
4,16.08 13:00,1.363
4,16.08 14:00,9.471
4,16.08 15:00,10.983
4,16.08 16:00,25.913
4,16.08 17:00,26.746
4,16.08 18:00,25.02
4,16.08 19:00,29.476
4,16.08 20:00,44.702
4,16.08 21:00,49.087
4,16.08 22:00,48.114
4,16.08 23:00,47.936
4,17.08 00:00,47.787
4,17.08 01:00,47.892
4,17.08 02:00,47.827
4,17.08 03:00,47.737
4,17.08 04:00,47.6
4,17.08 05:00,48.111
4,17.08 06:00,47.943
4,17.08 07:00,33.294
4,17.08 08:00,16.546
4,17.08 09:00,0.718
4,17.08 10:00,3.216
4,17.08 11:00,3.509
4,17.08 12:00,3.272
4,17.08 13:00,7.446
4,17.08 14:00,8.605
4,17.08 15:00,1.596
4,17.08 16:00,4.337
4,17.08 17:00,6.549
4,17.08 18:00,23.608
4,17.08 19:00,28.126
4,17.08 20:00,41.72
4,17.08 21:00,47.972
4,17.08 22:00,47.459
4,17.08 23:00,47.683
4,18.08 00:00,47.619
4,18.08 01:00,47.66
4,18.08 02:00,47.333
4,18.08 03:00,47.396
4,18.08 04:00,47.305
4,18.08 05:00,47.91
4,18.08 06:00,47.767
4,18.08 07:00,33.694
4,18.08 08:00,16.503
4,18.08 09:00,1.283
4,18.08 10:00,1.678
4,18.08 11:00,5.428
4,18.08 12:00,4.541
4,18.08 13:00,9.944
4,18.08 14:00,8.273
4,18.08 15:00,3.922
4,18.08 16:00,10.734
4,18.08 17:00,30.408
4,18.08 18:00,26.986
4,18.08 19:00,28.664
4,18.08 20:00,45.08
4,18.08 21:00,49.319
4,18.08 22:00,49.222
4,18.08 23:00,48.628
4,19.08 00:00,48.101
4,19.08 01:00,47.708
4,19.08 02:00,47.754
4,19.08 03:00,47.762
4,19.08 04:00,47.393
4,19.08 05:00,47.363
4,19.08 06:00,47.545
4,19.08 07:00,32.81
4,19.08 08:00,15.801
4,19.08 09:00,1.198
4,19.08 10:00,0.0
4,19.08 11:00,0.322
4,19.08 12:00,0.0
4,19.08 13:00,0.0
4,19.08 14:00,0.0
4,19.08 15:00,0.0
4,19.08 16:00,0.0
4,19.08 17:00,4.503
4,19.08 18:00,24.387
4,19.08 19:00,30.321
4,19.08 20:00,44.91
4,19.08 21:00,49.473
4,19.08 22:00,50.1
4,19.08 23:00,48.891
4,20.08 00:00,49.386
4,20.08 01:00,48.234
4,20.08 02:00,48.123
4,20.08 03:00,47.867
4,20.08 04:00,48.103
4,20.08 05:00,48.081
4,20.08 06:00,47.608
4,20.08 07:00,32.894
4,20.08 08:00,17.395
4,20.08 09:00,4.386
4,20.08 10:00,0.16
4,20.08 11:00,0.24
4,20.08 12:00,2.418
4,20.08 13:00,2.077
4,20.08 14:00,7.552
4,20.08 15:00,7.254
4,20.08 16:00,4.013
4,20.08 17:00,15.839
4,20.08 18:00,12.136
4,20.08 19:00,22.909
4,20.08 20:00,40.548
4,20.08 21:00,48.78
4,20.08 22:00,48.977
4,20.08 23:00,49.352
4,21.08 00:00,48.96
4,21.08 01:00,49.608
4,21.08 02:00,48.603
4,21.08 03:00,48.038
4,21.08 04:00,47.422
4,21.08 05:00,47.753
4,21.08 06:00,47.322
4,21.08 07:00,30.763
4,21.08 08:00,12.11
4,21.08 09:00,0.0
4,21.08 10:00,0.0
4,21.08 11:00,1.118
4,21.08 12:00,0.798
4,21.08 13:00,3.838
4,21.08 14:00,2.328
4,21.08 15:00,0.482
4,21.08 16:00,0.4
4,21.08 17:00,5.045
4,21.08 18:00,22.942
4,21.08 19:00,26.518
4,21.08 20:00,42.445
4,21.08 21:00,48.283
4,21.08 22:00,48.552
4,21.08 23:00,48.011
4,22.08 00:00,48.634
4,22.08 01:00,48.239
4,22.08 02:00,48.459
4,22.08 03:00,47.621
4,22.08 04:00,47.858
4,22.08 05:00,48.156
4,22.08 06:00,49.523
4,22.08 07:00,35.297
4,22.08 08:00,17.8
4,22.08 09:00,1.04
4,22.08 10:00,0.0
4,22.08 11:00,0.0
4,22.08 12:00,2.473
4,22.08 13:00,3.743
4,22.08 14:00,4.798
4,22.08 15:00,2.236
4,22.08 16:00,0.0
4,22.08 17:00,6.584
4,22.08 18:00,26.01
4,22.08 19:00,32.188
4,22.08 20:00,44.937
4,22.08 21:00,53.288
4,22.08 22:00,51.014
4,22.08 23:00,50.653
4,23.08 00:00,50.494
4,23.08 01:00,49.87
4,23.08 02:00,49.744
4,23.08 03:00,49.086
4,23.08 04:00,49.024
4,23.08 05:00,49.673
4,23.08 06:00,50.425
4,23.08 07:00,35.43
4,23.08 08:00,17.989
4,23.08 09:00,1.433
4,23.08 10:00,0.0
4,23.08 11:00,3.124
4,23.08 12:00,4.307
4,23.08 13:00,1.513
4,23.08 14:00,1.994
4,23.08 15:00,13.503
4,23.08 16:00,0.08
4,23.08 17:00,8.656
4,23.08 18:00,19.942
4,23.08 19:00,29.264
4,23.08 20:00,47.402
4,23.08 21:00,50.376
4,23.08 22:00,50.231
4,23.08 23:00,50.215
4,24.08 00:00,49.643
4,24.08 01:00,48.936
4,24.08 02:00,49.237
4,24.08 03:00,48.685
4,24.08 04:00,48.363
4,24.08 05:00,48.78
4,24.08 06:00,49.816
4,24.08 07:00,41.409
4,24.08 08:00,29.394
4,24.08 09:00,10.673
4,24.08 10:00,25.264
4,24.08 11:00,23.208
4,24.08 12:00,2.879
4,24.08 13:00,0.319
4,24.08 14:00,0.32
4,24.08 15:00,0.16
4,24.08 16:00,3.222
4,24.08 17:00,6.052
4,24.08 18:00,20.077
4,24.08 19:00,27.903
4,24.08 20:00,45.365
4,24.08 21:00,49.587
4,24.08 22:00,49.113
4,24.08 23:00,48.442
4,25.08 00:00,48.502
4,25.08 01:00,48.151
4,25.08 02:00,48.238
4,25.08 03:00,47.478
4,25.08 04:00,47.77
4,25.08 05:00,48.094
4,25.08 06:00,48.614
4,25.08 07:00,36.147
4,25.08 08:00,19.367
4,25.08 09:00,0.72
4,25.08 10:00,2.795
4,25.08 11:00,2.41
4,25.08 12:00,3.607
4,25.08 13:00,1.526
4,25.08 14:00,1.36
4,25.08 15:00,1.595
4,25.08 16:00,1.845
4,25.08 17:00,3.203
4,25.08 18:00,21.111
4,25.08 19:00,28.219
4,25.08 20:00,44.12
4,25.08 21:00,48.585
4,25.08 22:00,46.922
4,25.08 23:00,48.614
4,26.08 00:00,47.959
4,26.08 01:00,48.488
4,26.08 02:00,48.134
4,26.08 03:00,47.778
4,26.08 04:00,48.051
4,26.08 05:00,47.544
4,26.08 06:00,48.311
4,26.08 07:00,39.175
4,26.08 08:00,21.654
4,26.08 09:00,6.108
4,26.08 10:00,3.664
4,26.08 11:00,0.321
4,26.08 12:00,3.2
4,26.08 13:00,2.867
4,26.08 14:00,8.991
4,26.08 15:00,5.224
4,26.08 16:00,10.795
4,26.08 17:00,12.244
4,26.08 18:00,22.468
4,26.08 19:00,30.85
4,26.08 20:00,47.785
4,26.08 21:00,50.79
4,26.08 22:00,49.321
4,26.08 23:00,49.185
4,27.08 00:00,48.803
4,27.08 01:00,48.166
4,27.08 02:00,47.576
4,27.08 03:00,47.592
4,27.08 04:00,47.614
4,27.08 05:00,47.748
4,27.08 06:00,47.801
4,27.08 07:00,32.814
4,27.08 08:00,17.291
4,27.08 09:00,1.358
4,27.08 10:00,1.123
4,27.08 11:00,1.435
4,27.08 12:00,2.403
4,27.08 13:00,2.006
4,27.08 14:00,3.595
4,27.08 15:00,3.203
4,27.08 16:00,12.762
4,27.08 17:00,9.224
4,27.08 18:00,19.987
4,27.08 19:00,28.031
4,27.08 20:00,45.159
4,27.08 21:00,48.22
4,27.08 22:00,48.477
4,27.08 23:00,48.151
4,28.08 00:00,48.963
4,28.08 01:00,47.917
4,28.08 02:00,48.482
4,28.08 03:00,47.96
4,28.08 04:00,47.408
4,28.08 05:00,48.153
4,28.08 06:00,47.239
4,28.08 07:00,34.725
4,28.08 08:00,21.893
4,28.08 09:00,0.318
4,28.08 10:00,3.512
4,28.08 11:00,1.605
4,28.08 12:00,1.369
4,28.08 13:00,0.641
4,28.08 14:00,0.878
4,28.08 15:00,1.041
4,28.08 16:00,2.47
4,28.08 17:00,8.551
4,28.08 18:00,21.071
4,28.08 19:00,27.635
4,28.08 20:00,47.162
4,28.08 21:00,48.585
4,28.08 22:00,48.61
4,28.08 23:00,48.335
4,29.08 00:00,48.257
4,29.08 01:00,48.733
4,29.08 02:00,47.691
4,29.08 03:00,48.605
4,29.08 04:00,48.354
4,29.08 05:00,48.293
4,29.08 06:00,48.764
4,29.08 07:00,37.067
4,29.08 08:00,16.946
4,29.08 09:00,3.831
4,29.08 10:00,6.474
4,29.08 11:00,3.209
4,29.08 12:00,5.262
4,29.08 13:00,13.702
4,29.08 14:00,2.404
4,29.08 15:00,7.155
4,29.08 16:00,21.368
4,29.08 17:00,30.47
4,29.08 18:00,40.487
4,29.08 19:00,40.794
4,29.08 20:00,49.067
4,29.08 21:00,49.102
4,29.08 22:00,48.744
4,29.08 23:00,48.476
4,30.08 00:00,47.858
4,30.08 01:00,47.074
4,30.08 02:00,47.367
4,30.08 03:00,47.317
4,30.08 04:00,47.711
4,30.08 05:00,48.073
4,30.08 06:00,48.406
4,30.08 07:00,40.734
4,30.08 08:00,18.695
4,30.08 09:00,10.13
4,30.08 10:00,2.251
4,30.08 11:00,1.842
4,30.08 12:00,1.608
4,30.08 13:00,8.172
4,30.08 14:00,24.207
4,30.08 15:00,8.249
4,30.08 16:00,24.134
4,30.08 17:00,29.226
4,30.08 18:00,28.737
4,30.08 19:00,37.726
4,30.08 20:00,48.354
4,30.08 21:00,48.73
4,30.08 22:00,48.465
4,30.08 23:00,48.125
4,31.08 00:00,47.881
4,31.08 01:00,47.749
4,31.08 02:00,47.213
4,31.08 03:00,47.593
4,31.08 04:00,47.292
4,31.08 05:00,48.42
4,31.08 06:00,47.926
4,31.08 07:00,39.153
4,31.08 08:00,26.8
4,31.08 09:00,20.797
4,31.08 10:00,18.013
4,31.08 11:00,10.922
4,31.08 12:00,1.845
4,31.08 13:00,0.0
4,31.08 14:00,2.654
4,31.08 15:00,10.58
4,31.08 16:00,13.477
4,31.08 17:00,24.908
4,31.08 18:00,28.365
4,31.08 19:00,33.434
4,31.08 20:00,49.135
4,31.08 21:00,48.374
4,31.08 22:00,48.481
4,31.08 23:00,47.79
4,01.09 00:00,47.991
4,01.09 01:00,47.599
4,01.09 02:00,48.009
4,01.09 03:00,47.03
4,01.09 04:00,47.253
4,01.09 05:00,47.086
4,01.09 06:00,47.804
4,01.09 07:00,44.016
4,01.09 08:00,28.814
4,01.09 09:00,22.225
4,01.09 10:00,7.21
4,01.09 11:00,2.491
4,01.09 12:00,3.202
4,01.09 13:00,5.87
4,01.09 14:00,13.306
4,01.09 15:00,16.157
4,01.09 16:00,13.773
4,01.09 17:00,23.303
4,01.09 18:00,23.037
4,01.09 19:00,34.234
4,01.09 20:00,48.572
4,01.09 21:00,48.255
4,01.09 22:00,47.912
4,01.09 23:00,48.025
4,02.09 00:00,47.56
4,02.09 01:00,47.247
4,02.09 02:00,48.142
4,02.09 03:00,47.817
4,02.09 04:00,47.478
4,02.09 05:00,47.664
4,02.09 06:00,48.22
4,02.09 07:00,49.15
4,02.09 08:00,32.133
4,02.09 09:00,26.804
4,02.09 10:00,23.731
4,02.09 11:00,26.567
4,02.09 12:00,8.295
4,02.09 13:00,0.16
4,02.09 14:00,0.0
4,02.09 15:00,0.642
4,02.09 16:00,6.178
4,02.09 17:00,19.053
4,02.09 18:00,30.27
4,02.09 19:00,40.041
4,02.09 20:00,51.909
4,02.09 21:00,52.026
4,02.09 22:00,49.979
4,02.09 23:00,49.523
4,03.09 00:00,48.589
4,03.09 01:00,49.068
4,03.09 02:00,49.299
4,03.09 03:00,48.592
4,03.09 04:00,48.42
4,03.09 05:00,48.788
4,03.09 06:00,48.216
4,03.09 07:00,39.466
4,03.09 08:00,19.194
4,03.09 09:00,6.627
4,03.09 10:00,0.478
4,03.09 11:00,1.035
4,03.09 12:00,5.608
4,03.09 13:00,15.967
4,03.09 14:00,0.08
4,03.09 15:00,0.959
4,03.09 16:00,10.092
4,03.09 17:00,9.754
4,03.09 18:00,22.547
4,03.09 19:00,30.931
4,03.09 20:00,49.047
4,03.09 21:00,48.685
4,03.09 22:00,51.332
4,03.09 23:00,49.321
4,04.09 00:00,52.109
4,04.09 01:00,48.048
4,04.09 02:00,48.797
4,04.09 03:00,50.709
4,04.09 04:00,50.917
4,04.09 05:00,49.276
4,04.09 06:00,49.322
4,04.09 07:00,36.148
4,04.09 08:00,22.423
4,04.09 09:00,7.653
4,04.09 10:00,0.724
4,04.09 11:00,0.0
4,04.09 12:00,0.32
4,04.09 13:00,0.0
4,04.09 14:00,5.84
4,04.09 15:00,21.029
4,04.09 16:00,17.001
4,04.09 17:00,30.39
4,04.09 18:00,42.384
4,04.09 19:00,48.205
4,04.09 20:00,48.522
4,04.09 21:00,48.838
4,04.09 22:00,48.15
4,04.09 23:00,48.431
4,05.09 00:00,48.186
4,05.09 01:00,48.613
4,05.09 02:00,48.575
4,05.09 03:00,48.327
4,05.09 04:00,48.398
4,05.09 05:00,47.543
4,05.09 06:00,48.612
4,05.09 07:00,36.04
4,05.09 08:00,14.873
4,05.09 09:00,14.044
4,05.09 10:00,4.065
4,05.09 11:00,2.804
4,05.09 12:00,7.527
4,05.09 13:00,3.592
4,05.09 14:00,0.957
4,05.09 15:00,17.526
4,05.09 16:00,11.566
4,05.09 17:00,18.53
4,05.09 18:00,23.39
4,05.09 19:00,30.435
4,05.09 20:00,48.157
4,05.09 21:00,48.751
4,05.09 22:00,48.454
4,05.09 23:00,47.683
4,06.09 00:00,48.546
4,06.09 01:00,47.726
4,06.09 02:00,47.476
4,06.09 03:00,47.602
4,06.09 04:00,47.42
4,06.09 05:00,47.913
4,06.09 06:00,48.863
4,06.09 07:00,36.821
4,06.09 08:00,16.278
4,06.09 09:00,0.962
4,06.09 10:00,0.639
4,06.09 11:00,2.967
4,06.09 12:00,0.959
4,06.09 13:00,2.001
4,06.09 14:00,2.073
4,06.09 15:00,2.072
4,06.09 16:00,2.558
4,06.09 17:00,12.175
4,06.09 18:00,23.196
4,06.09 19:00,30.054
4,06.09 20:00,48.553
4,06.09 21:00,48.502
4,06.09 22:00,48.142
4,06.09 23:00,47.876
4,07.09 00:00,47.987
4,07.09 01:00,47.971
4,07.09 02:00,47.377
4,07.09 03:00,45.452
4,07.09 04:00,47.41
4,07.09 05:00,47.536
4,07.09 06:00,48.766
4,07.09 07:00,37.075
4,07.09 08:00,15.909
4,07.09 09:00,0.723
4,07.09 10:00,1.196
4,07.09 11:00,0.803
4,07.09 12:00,0.567
4,07.09 13:00,1.121
4,07.09 14:00,3.276
4,07.09 15:00,2.002
4,07.09 16:00,1.765
4,07.09 17:00,3.523
4,07.09 18:00,22.505
4,07.09 19:00,30.635
4,07.09 20:00,48.224
4,07.09 21:00,48.445
4,07.09 22:00,49.27
4,07.09 23:00,49.15
4,08.09 00:00,48.506
4,08.09 01:00,48.259
4,08.09 02:00,47.905
4,08.09 03:00,47.59
4,08.09 04:00,47.42
4,08.09 05:00,47.501
4,08.09 06:00,48.193
4,08.09 07:00,37.98
4,08.09 08:00,15.951
4,08.09 09:00,0.797
4,08.09 10:00,0.08
4,08.09 11:00,3.454
4,08.09 12:00,1.04
4,08.09 13:00,2.483
4,08.09 14:00,0.402
4,08.09 15:00,1.036
4,08.09 16:00,1.359
4,08.09 17:00,3.764
4,08.09 18:00,23.019
4,08.09 19:00,30.119
4,08.09 20:00,49.289
4,08.09 21:00,50.325
4,08.09 22:00,49.513
4,08.09 23:00,49.012
4,09.09 00:00,49.204
4,09.09 01:00,48.345
4,09.09 02:00,48.293
4,09.09 03:00,48.021
4,09.09 04:00,47.69
4,09.09 05:00,48.339
4,09.09 06:00,48.625
4,09.09 07:00,37.677
4,09.09 08:00,16.196
4,09.09 09:00,2.152
4,09.09 10:00,4.548
4,09.09 11:00,6.168
4,09.09 12:00,1.279
4,09.09 13:00,2.401
4,09.09 14:00,4.881
4,09.09 15:00,4.823
4,09.09 16:00,1.276
4,09.09 17:00,5.989
4,09.09 18:00,23.194
4,09.09 19:00,32.657
4,09.09 20:00,50.827
4,09.09 21:00,50.434
4,09.09 22:00,49.393
4,09.09 23:00,49.622
4,10.09 00:00,49.102
4,10.09 01:00,49.498
4,10.09 02:00,48.885
4,10.09 03:00,47.459
4,10.09 04:00,47.845
4,10.09 05:00,47.413
4,10.09 06:00,48.481
4,10.09 07:00,36.491
4,10.09 08:00,14.029
4,10.09 09:00,0.32
4,10.09 10:00,0.883
4,10.09 11:00,3.437
4,10.09 12:00,0.558
4,10.09 13:00,3.05
4,10.09 14:00,0.16
4,10.09 15:00,2.318
4,10.09 16:00,3.834
4,10.09 17:00,4.399
4,10.09 18:00,27.406
4,10.09 19:00,30.632
4,10.09 20:00,46.655
4,10.09 21:00,48.242
4,10.09 22:00,47.691
4,10.09 23:00,48.598
4,11.09 00:00,48.455
4,11.09 01:00,47.998
4,11.09 02:00,48.149
4,11.09 03:00,48.023
4,11.09 04:00,47.74
4,11.09 05:00,47.88
4,11.09 06:00,47.582
4,11.09 07:00,36.408
4,11.09 08:00,13.489
4,11.09 09:00,0.399
4,11.09 10:00,0.722
4,11.09 11:00,0.643
4,11.09 12:00,5.118
4,11.09 13:00,5.84
4,11.09 14:00,0.0
4,11.09 15:00,2.788
4,11.09 16:00,5.6
4,11.09 17:00,2.562
4,11.09 18:00,22.422
4,11.09 19:00,31.187
4,11.09 20:00,48.754
4,11.09 21:00,48.681
4,11.09 22:00,48.251
4,11.09 23:00,48.309
4,12.09 00:00,48.624
4,12.09 01:00,48.191
4,12.09 02:00,48.092
4,12.09 03:00,47.973
4,12.09 04:00,47.66
4,12.09 05:00,48.372
4,12.09 06:00,48.902
4,12.09 07:00,35.882
4,12.09 08:00,18.972
4,12.09 09:00,3.994
4,12.09 10:00,2.552
4,12.09 11:00,2.554
4,12.09 12:00,0.481
4,12.09 13:00,2.233
4,12.09 14:00,1.28
4,12.09 15:00,10.254
4,12.09 16:00,9.367
4,12.09 17:00,13.285
4,12.09 18:00,27.613
4,12.09 19:00,39.692
4,12.09 20:00,51.087
4,12.09 21:00,50.837
4,12.09 22:00,50.008
4,12.09 23:00,48.654
4,13.09 00:00,49.502
4,13.09 01:00,48.699
4,13.09 02:00,48.489
4,13.09 03:00,48.444
4,13.09 04:00,48.278
4,13.09 05:00,48.028
4,13.09 06:00,49.561
4,13.09 07:00,47.256
4,13.09 08:00,30.618
4,13.09 09:00,28.494
4,13.09 10:00,24.565
4,13.09 11:00,16.428
4,13.09 12:00,14.103
4,13.09 13:00,11.811
4,13.09 14:00,11.944
4,13.09 15:00,21.827
4,13.09 16:00,3.851
4,13.09 17:00,26.647
4,13.09 18:00,36.677
4,13.09 19:00,42.619
4,13.09 20:00,49.99
4,13.09 21:00,49.841
4,13.09 22:00,48.763
4,13.09 23:00,49.146
4,14.09 00:00,48.862
4,14.09 01:00,48.15
4,14.09 02:00,47.94
4,14.09 03:00,48.381
4,14.09 04:00,47.639
4,14.09 05:00,48.222
4,14.09 06:00,48.525
4,14.09 07:00,39.681
4,14.09 08:00,17.523
4,14.09 09:00,2.891
4,14.09 10:00,3.13
4,14.09 11:00,1.201
4,14.09 12:00,1.198
4,14.09 13:00,0.399
4,14.09 14:00,4.786
4,14.09 15:00,2.002
4,14.09 16:00,16.992
4,14.09 17:00,24.378
4,14.09 18:00,25.654
4,14.09 19:00,37.677
4,14.09 20:00,50.661
4,14.09 21:00,49.559
4,14.09 22:00,49.783
4,14.09 23:00,49.384
4,15.09 00:00,48.174
4,15.09 01:00,48.084
4,15.09 02:00,47.625
4,15.09 03:00,47.943
4,15.09 04:00,47.892
4,15.09 05:00,47.875
4,15.09 06:00,48.692
4,15.09 07:00,38.319
4,15.09 08:00,15.531
4,15.09 09:00,1.925
4,15.09 10:00,2.485
4,15.09 11:00,9.886
4,15.09 12:00,5.362
4,15.09 13:00,0.723
4,15.09 14:00,3.697
4,15.09 15:00,18.419
4,15.09 16:00,29.341
4,15.09 17:00,34.405
4,15.09 18:00,28.646
4,15.09 19:00,34.482
4,15.09 20:00,50.342
4,15.09 21:00,49.205
4,15.09 22:00,49.816
4,15.09 23:00,48.352
4,16.09 00:00,48.471
4,16.09 01:00,48.193
4,16.09 02:00,46.615
4,16.09 03:00,48.355
4,16.09 04:00,46.068
4,16.09 05:00,48.559
4,16.09 06:00,48.814
4,16.09 07:00,39.725
4,16.09 08:00,16.249
4,16.09 09:00,1.358
4,16.09 10:00,4.303
4,16.09 11:00,4.818
4,16.09 12:00,5.592
4,16.09 13:00,2.722
4,16.09 14:00,5.285
4,16.09 15:00,2.63
4,16.09 16:00,4.817
4,16.09 17:00,7.725
4,16.09 18:00,23.748
4,16.09 19:00,36.95
4,16.09 20:00,50.258
4,16.09 21:00,49.871
4,16.09 22:00,49.247
4,16.09 23:00,49.513
4,17.09 00:00,48.525
4,17.09 01:00,48.63
4,17.09 02:00,48.201
4,17.09 03:00,48.017
4,17.09 04:00,48.099
4,17.09 05:00,48.447
4,17.09 06:00,48.221
4,17.09 07:00,37.778
4,17.09 08:00,15.594
4,17.09 09:00,2.793
4,17.09 10:00,2.954
4,17.09 11:00,3.454
4,17.09 12:00,5.933
4,17.09 13:00,3.534
4,17.09 14:00,12.764
4,17.09 15:00,4.147
4,17.09 16:00,7.516
4,17.09 17:00,22.119
4,17.09 18:00,28.377
4,17.09 19:00,37.109
4,17.09 20:00,51.21
4,17.09 21:00,51.022
4,17.09 22:00,50.567
4,17.09 23:00,49.741
4,18.09 00:00,49.841
4,18.09 01:00,50.147
4,18.09 02:00,49.593
4,18.09 03:00,49.321
4,18.09 04:00,48.905
4,18.09 05:00,48.371
4,18.09 06:00,49.499
4,18.09 07:00,39.556
4,18.09 08:00,16.179
4,18.09 09:00,0.241
4,18.09 10:00,1.119
4,18.09 11:00,0.16
4,18.09 12:00,2.485
4,18.09 13:00,0.0
4,18.09 14:00,3.847
4,18.09 15:00,1.194
4,18.09 16:00,0.917
4,18.09 17:00,1.768
4,18.09 18:00,20.48
4,18.09 19:00,33.481
4,18.09 20:00,49.483
4,18.09 21:00,49.653
4,18.09 22:00,48.879
4,18.09 23:00,49.208
4,19.09 00:00,48.847
4,19.09 01:00,47.642
4,19.09 02:00,48.423
4,19.09 03:00,47.413
4,19.09 04:00,48.321
4,19.09 05:00,48.105
4,19.09 06:00,48.995
4,19.09 07:00,42.377
4,19.09 08:00,25.235
4,19.09 09:00,10.677
4,19.09 10:00,0.0
4,19.09 11:00,0.0
4,19.09 12:00,1.757
4,19.09 13:00,3.998
4,19.09 14:00,0.8
4,19.09 15:00,4.177
4,19.09 16:00,15.229
4,19.09 17:00,27.049
4,19.09 18:00,39.814
4,19.09 19:00,47.248
4,19.09 20:00,50.177
4,19.09 21:00,49.779
4,19.09 22:00,49.523
4,19.09 23:00,49.542
4,20.09 00:00,48.887
4,20.09 01:00,48.909
4,20.09 02:00,47.617
4,20.09 03:00,47.86
4,20.09 04:00,47.818
4,20.09 05:00,47.671
4,20.09 06:00,49.294
4,20.09 07:00,41.116
4,20.09 08:00,18.027
4,20.09 09:00,0.961
4,20.09 10:00,0.0
4,20.09 11:00,0.637
4,20.09 12:00,3.125
4,20.09 13:00,3.839
4,20.09 14:00,13.404
4,20.09 15:00,1.673
4,20.09 16:00,23.492
4,20.09 17:00,10.276
4,20.09 18:00,27.937
4,20.09 19:00,37.647
4,20.09 20:00,50.204
4,20.09 21:00,50.106
4,20.09 22:00,49.509
4,20.09 23:00,49.807
4,21.09 00:00,49.125
4,21.09 01:00,47.725
4,21.09 02:00,47.902
4,21.09 03:00,48.002
4,21.09 04:00,48.236
4,21.09 05:00,48.324
4,21.09 06:00,48.645
4,21.09 07:00,44.855
4,21.09 08:00,22.306
4,21.09 09:00,2.08
4,21.09 10:00,0.0
4,21.09 11:00,1.762
4,21.09 12:00,2.324
4,21.09 13:00,0.239
4,21.09 14:00,2.164
4,21.09 15:00,0.402
4,21.09 16:00,0.801
4,21.09 17:00,15.546
4,21.09 18:00,29.115
4,21.09 19:00,38.791
4,21.09 20:00,50.486
4,21.09 21:00,50.39
4,21.09 22:00,49.789
4,21.09 23:00,49.997
4,22.09 00:00,48.708
4,22.09 01:00,48.979
4,22.09 02:00,48.474
4,22.09 03:00,48.596
4,22.09 04:00,47.533
4,22.09 05:00,49.339
4,22.09 06:00,48.876
4,22.09 07:00,41.023
4,22.09 08:00,17.46
4,22.09 09:00,1.526
4,22.09 10:00,0.0
4,22.09 11:00,4.076
4,22.09 12:00,2.484
4,22.09 13:00,2.794
4,22.09 14:00,6.14
4,22.09 15:00,4.956
4,22.09 16:00,5.344
4,22.09 17:00,17.751
4,22.09 18:00,24.588
4,22.09 19:00,34.129
4,22.09 20:00,49.832
4,22.09 21:00,49.139
4,22.09 22:00,49.101
4,22.09 23:00,50.274
4,23.09 00:00,49.92
4,23.09 01:00,47.609
4,23.09 02:00,49.328
4,23.09 03:00,49.122
4,23.09 04:00,49.042
4,23.09 05:00,48.872
4,23.09 06:00,49.927
4,23.09 07:00,42.865
4,23.09 08:00,16.589
4,23.09 09:00,1.037
4,23.09 10:00,0.0
4,23.09 11:00,0.0
4,23.09 12:00,4.857
4,23.09 13:00,2.561
4,23.09 14:00,1.841
4,23.09 15:00,1.274
4,23.09 16:00,0.401
4,23.09 17:00,9.568
4,23.09 18:00,24.518
4,23.09 19:00,38.358
4,23.09 20:00,51.876
4,23.09 21:00,51.469
4,23.09 22:00,51.349
4,23.09 23:00,50.819
4,24.09 00:00,50.669
4,24.09 01:00,49.848
4,24.09 02:00,49.363
4,24.09 03:00,48.924
4,24.09 04:00,48.259
4,24.09 05:00,48.758
4,24.09 06:00,48.808
4,24.09 07:00,42.554
4,24.09 08:00,22.081
4,24.09 09:00,3.188
4,24.09 10:00,0.0
4,24.09 11:00,0.48
4,24.09 12:00,3.119
4,24.09 13:00,2.408
4,24.09 14:00,4.0
4,24.09 15:00,4.018
4,24.09 16:00,8.832
4,24.09 17:00,8.282
4,24.09 18:00,24.298
4,24.09 19:00,36.511
4,24.09 20:00,49.595
4,24.09 21:00,49.143
4,24.09 22:00,49.031
4,24.09 23:00,49.551
4,25.09 00:00,49.129
4,25.09 01:00,49.051
4,25.09 02:00,47.796
4,25.09 03:00,48.156
4,25.09 04:00,48.367
4,25.09 05:00,47.846
4,25.09 06:00,48.129
4,25.09 07:00,42.67
4,25.09 08:00,21.43
4,25.09 09:00,5.059
4,25.09 10:00,0.0
4,25.09 11:00,2.811
4,25.09 12:00,7.857
4,25.09 13:00,3.912
4,25.09 14:00,4.956
4,25.09 15:00,9.434
4,25.09 16:00,21.555
4,25.09 17:00,14.951
4,25.09 18:00,23.864
4,25.09 19:00,39.308
4,25.09 20:00,50.041
4,25.09 21:00,48.745
4,25.09 22:00,49.823
4,25.09 23:00,49.329
4,26.09 00:00,49.65
4,26.09 01:00,48.836
4,26.09 02:00,48.794
4,26.09 03:00,48.24
4,26.09 04:00,48.194
4,26.09 05:00,48.312
4,26.09 06:00,49.319
4,26.09 07:00,43.088
4,26.09 08:00,17.866
4,26.09 09:00,2.975
4,26.09 10:00,0.479
4,26.09 11:00,6.083
4,26.09 12:00,6.266
4,26.09 13:00,23.621
4,26.09 14:00,23.157
4,26.09 15:00,29.079
4,26.09 16:00,31.803
4,26.09 17:00,29.91
4,26.09 18:00,27.936
4,26.09 19:00,42.933
4,26.09 20:00,50.215
4,26.09 21:00,50.279
4,26.09 22:00,50.02
4,26.09 23:00,49.648
4,27.09 00:00,49.794
4,27.09 01:00,48.808
4,27.09 02:00,48.41
4,27.09 03:00,48.294
4,27.09 04:00,48.136
4,27.09 05:00,48.191
4,27.09 06:00,49.058
4,27.09 07:00,43.895
4,27.09 08:00,16.882
4,27.09 09:00,0.957
4,27.09 10:00,0.0
4,27.09 11:00,0.16
4,27.09 12:00,4.093
4,27.09 13:00,3.902
4,27.09 14:00,5.12
4,27.09 15:00,4.38
4,27.09 16:00,10.113
4,27.09 17:00,22.72
4,27.09 18:00,25.293
4,27.09 19:00,36.864
4,27.09 20:00,46.935
4,27.09 21:00,49.569
4,27.09 22:00,49.079
4,27.09 23:00,49.61
4,28.09 00:00,49.406
4,28.09 01:00,49.375
4,28.09 02:00,48.873
4,28.09 03:00,48.222
4,28.09 04:00,48.128
4,28.09 05:00,49.007
4,28.09 06:00,49.189
4,28.09 07:00,41.492
4,28.09 08:00,16.471
4,28.09 09:00,0.719
4,28.09 10:00,0.0
4,28.09 11:00,2.09
4,28.09 12:00,1.672
4,28.09 13:00,5.506
4,28.09 14:00,4.564
4,28.09 15:00,18.032
4,28.09 16:00,11.879
4,28.09 17:00,19.118
4,28.09 18:00,26.789
4,28.09 19:00,43.445
4,28.09 20:00,49.467
4,28.09 21:00,49.565
4,28.09 22:00,49.028
4,28.09 23:00,50.003
4,29.09 00:00,49.146
4,29.09 01:00,49.649
4,29.09 02:00,49.115
4,29.09 03:00,48.626
4,29.09 04:00,48.406
4,29.09 05:00,48.512
4,29.09 06:00,49.786
4,29.09 07:00,43.977
4,29.09 08:00,16.567
4,29.09 09:00,1.036
4,29.09 10:00,0.0
4,29.09 11:00,2.64
4,29.09 12:00,8.686
4,29.09 13:00,5.442
4,29.09 14:00,25.389
4,29.09 15:00,21.298
4,29.09 16:00,0.401
4,29.09 17:00,9.545
4,29.09 18:00,26.624
4,29.09 19:00,38.816
4,29.09 20:00,49.189
4,29.09 21:00,48.26
4,29.09 22:00,48.508
4,29.09 23:00,48.6
4,30.09 00:00,48.034
4,30.09 01:00,48.473
4,30.09 02:00,48.489
4,30.09 03:00,47.854
4,30.09 04:00,49.682
4,30.09 05:00,47.96
4,30.09 06:00,48.546
4,30.09 07:00,42.103
4,30.09 08:00,17.872
4,30.09 09:00,4.795
4,30.09 10:00,3.35
4,30.09 11:00,4.49
4,30.09 12:00,1.839
4,30.09 13:00,1.038
4,30.09 14:00,5.046
4,30.09 15:00,7.064
4,30.09 16:00,4.547
4,30.09 17:00,29.624
4,30.09 18:00,38.366
4,30.09 19:00,39.799
4,30.09 20:00,50.691
4,30.09 21:00,50.395
4,30.09 22:00,49.501
4,30.09 23:00,49.362
