5,01.03 00:00,134.492
5,01.03 01:00,134.223
5,01.03 02:00,134.089
5,01.03 03:00,134.521
5,01.03 04:00,134.344
5,01.03 05:00,134.236
5,01.03 06:00,134.89
5,01.03 07:00,134.572
5,01.03 08:00,134.65
5,01.03 09:00,134.892
5,01.03 10:00,133.947
5,01.03 11:00,134.172
5,01.03 12:00,134.781
5,01.03 13:00,134.767
5,01.03 14:00,134.484
5,01.03 15:00,133.836
5,01.03 16:00,134.978
5,01.03 17:00,134.291
5,01.03 18:00,134.438
5,01.03 19:00,134.26
5,01.03 20:00,134.757
5,01.03 21:00,133.912
5,01.03 22:00,134.238
5,01.03 23:00,134.533
5,02.03 00:00,134.719
5,02.03 01:00,134.383
5,02.03 02:00,134.035
5,02.03 03:00,133.831
5,02.03 04:00,133.81
5,02.03 05:00,134.912
5,02.03 06:00,133.942
5,02.03 07:00,134.649
5,02.03 08:00,134.391
5,02.03 09:00,135.005
5,02.03 10:00,133.961
5,02.03 11:00,133.94
5,02.03 12:00,134.024
5,02.03 13:00,134.576
5,02.03 14:00,133.903
5,02.03 15:00,134.127
5,02.03 16:00,134.599
5,02.03 17:00,134.868
5,02.03 18:00,133.974
5,02.03 19:00,134.319
5,02.03 20:00,134.107
5,02.03 21:00,135.101
5,02.03 22:00,134.09
5,02.03 23:00,134.572
5,03.03 00:00,134.492
5,03.03 01:00,134.744
5,03.03 02:00,133.826
5,03.03 03:00,134.903
5,03.03 04:00,134.753
5,03.03 05:00,135.085
5,03.03 06:00,135.024
5,03.03 07:00,134.728
5,03.03 08:00,134.877
5,03.03 09:00,134.828
5,03.03 10:00,134.902
5,03.03 11:00,134.183
5,03.03 12:00,134.899
5,03.03 13:00,133.844
5,03.03 14:00,134.431
5,03.03 15:00,135.025
5,03.03 16:00,134.909
5,03.03 17:00,134.885
5,03.03 18:00,133.799
5,03.03 19:00,134.097
5,03.03 20:00,134.013
5,03.03 21:00,134.084
5,03.03 22:00,135.036
5,03.03 23:00,134.03
5,04.03 00:00,134.573
5,04.03 01:00,134.114
5,04.03 02:00,134.49
5,04.03 03:00,135.06
5,04.03 04:00,133.837
5,04.03 05:00,135.053
5,04.03 06:00,133.869
5,04.03 07:00,134.114
5,04.03 08:00,134.419
5,04.03 09:00,134.229
5,04.03 10:00,135.039
5,04.03 11:00,134.102
5,04.03 12:00,134.325
5,04.03 13:00,133.943
5,04.03 14:00,134.15
5,04.03 15:00,135.103
5,04.03 16:00,133.944
5,04.03 17:00,134.262
5,04.03 18:00,133.915
5,04.03 19:00,134.806
5,04.03 20:00,134.485
5,04.03 21:00,134.112
5,04.03 22:00,134.121
5,04.03 23:00,134.455
5,05.03 00:00,134.579
5,05.03 01:00,134.393
5,05.03 02:00,135.104
5,05.03 03:00,134.684
5,05.03 04:00,134.632
5,05.03 05:00,134.922
5,05.03 06:00,133.912
5,05.03 07:00,134.74
5,05.03 08:00,134.122
5,05.03 09:00,134.512
5,05.03 10:00,134.276
5,05.03 11:00,134.025
5,05.03 12:00,133.818
5,05.03 13:00,134.138
5,05.03 14:00,135.109
5,05.03 15:00,134.354
5,05.03 16:00,133.909
5,05.03 17:00,134.851
5,05.03 18:00,133.803
5,05.03 19:00,134.584
5,05.03 20:00,134.127
5,05.03 21:00,134.846
5,05.03 22:00,134.826
5,05.03 23:00,134.006
5,06.03 00:00,134.279
5,06.03 01:00,134.121
5,06.03 02:00,134.621
5,06.03 03:00,134.8
5,06.03 04:00,134.282
5,06.03 05:00,134.619
5,06.03 06:00,134.117
5,06.03 07:00,133.98
5,06.03 08:00,134.701
5,06.03 09:00,134.847
5,06.03 10:00,134.792
5,06.03 11:00,133.821
5,06.03 12:00,134.595
5,06.03 13:00,134.628
5,06.03 14:00,134.927
5,06.03 15:00,134.463
5,06.03 16:00,133.827
5,06.03 17:00,133.991
5,06.03 18:00,133.91
5,06.03 19:00,134.995
5,06.03 20:00,133.992
5,06.03 21:00,133.934
5,06.03 22:00,134.446
5,06.03 23:00,134.023
5,07.03 00:00,134.889
5,07.03 01:00,135.035
5,07.03 02:00,134.759
5,07.03 03:00,133.923
5,07.03 04:00,134.871
5,07.03 05:00,134.8
5,07.03 06:00,133.867
5,07.03 07:00,134.9
5,07.03 08:00,134.72
5,07.03 09:00,134.501
5,07.03 10:00,134.896
5,07.03 11:00,134.317
5,07.03 12:00,134.358
5,07.03 13:00,134.579
5,07.03 14:00,133.839
5,07.03 15:00,134.603
5,07.03 16:00,135.013
5,07.03 17:00,133.989
5,07.03 18:00,134.707
5,07.03 19:00,134.354
5,07.03 20:00,133.919
5,07.03 21:00,134.769
5,07.03 22:00,134.166
5,07.03 23:00,134.837
5,08.03 00:00,133.908
5,08.03 01:00,134.94
5,08.03 02:00,134.354
5,08.03 03:00,134.076
5,08.03 04:00,134.295
5,08.03 05:00,134.687
5,08.03 06:00,134.766
5,08.03 07:00,135.107
5,08.03 08:00,133.786
5,08.03 09:00,134.68
5,08.03 10:00,134.368
5,08.03 11:00,134.201
5,08.03 12:00,134.553
5,08.03 13:00,133.917
5,08.03 14:00,133.973
5,08.03 15:00,133.845
5,08.03 16:00,133.944
5,08.03 17:00,134.187
5,08.03 18:00,134.497
5,08.03 19:00,134.44
5,08.03 20:00,134.179
5,08.03 21:00,134.155
5,08.03 22:00,133.819
5,08.03 23:00,134.008
5,09.03 00:00,134.284
5,09.03 01:00,134.995
5,09.03 02:00,134.273
5,09.03 03:00,133.86
5,09.03 04:00,135.032
5,09.03 05:00,134.366
5,09.03 06:00,134.703
5,09.03 07:00,134.305
5,09.03 08:00,133.792
5,09.03 09:00,133.999
5,09.03 10:00,134.153
5,09.03 11:00,134.197
5,09.03 12:00,133.784
5,09.03 13:00,134.777
5,09.03 14:00,133.973
5,09.03 15:00,134.317
5,09.03 16:00,134.44
5,09.03 17:00,134.387
5,09.03 18:00,133.911
5,09.03 19:00,133.951
5,09.03 20:00,134.525
5,09.03 21:00,134.35
5,09.03 22:00,134.291
5,09.03 23:00,134.892
5,10.03 00:00,133.888
5,10.03 01:00,134.779
5,10.03 02:00,134.894
5,10.03 03:00,134.444
5,10.03 04:00,134.469
5,10.03 05:00,134.216
5,10.03 06:00,134.102
5,10.03 07:00,134.003
5,10.03 08:00,134.175
5,10.03 09:00,134.929
5,10.03 10:00,133.953
5,10.03 11:00,134.336
5,10.03 12:00,134.93
5,10.03 13:00,134.604
5,10.03 14:00,133.837
5,10.03 15:00,134.979
5,10.03 16:00,135.011
5,10.03 17:00,134.942
5,10.03 18:00,134.206
5,10.03 19:00,133.84
5,10.03 20:00,134.729
5,10.03 21:00,134.897
5,10.03 22:00,134.338
5,10.03 23:00,134.654
5,11.03 00:00,134.125
5,11.03 01:00,134.304
5,11.03 02:00,133.977
5,11.03 03:00,134.598
5,11.03 04:00,134.012
5,11.03 05:00,134.716
5,11.03 06:00,134.038
5,11.03 07:00,134.061
5,11.03 08:00,134.597
5,11.03 09:00,134.283
5,11.03 10:00,134.953
5,11.03 11:00,134.879
5,11.03 12:00,134.416
5,11.03 13:00,134.127
5,11.03 14:00,133.851
5,11.03 15:00,133.97
5,11.03 16:00,134.364
5,11.03 17:00,133.82
5,11.03 18:00,135.093
5,11.03 19:00,134.991
5,11.03 20:00,134.864
5,11.03 21:00,134.955
5,11.03 22:00,134.272
5,11.03 23:00,134.704
5,12.03 00:00,134.286
5,12.03 01:00,134.33
5,12.03 02:00,135.094
5,12.03 03:00,134.255
5,12.03 04:00,135.088
5,12.03 05:00,135.009
5,12.03 06:00,133.793
5,12.03 07:00,133.84
5,12.03 08:00,134.292
5,12.03 09:00,134.903
5,12.03 10:00,133.784
5,12.03 11:00,128.375
5,12.03 12:00,134.705
5,12.03 13:00,134.648
5,12.03 14:00,134.727
5,12.03 15:00,133.852
5,12.03 16:00,134.508
5,12.03 17:00,134.61
5,12.03 18:00,134.823
5,12.03 19:00,134.629
5,12.03 20:00,134.263
5,12.03 21:00,134.169
5,12.03 22:00,134.515
5,12.03 23:00,134.1
5,13.03 00:00,134.34
5,13.03 01:00,134.961
5,13.03 02:00,134.505
5,13.03 03:00,134.621
5,13.03 04:00,134.981
5,13.03 05:00,135.015
5,13.03 06:00,133.929
5,13.03 07:00,134.427
5,13.03 08:00,133.898
5,13.03 09:00,134.295
5,13.03 10:00,134.883
5,13.03 11:00,134.263
5,13.03 12:00,134.815
5,13.03 13:00,134.488
5,13.03 14:00,133.915
5,13.03 15:00,133.969
5,13.03 16:00,134.267
5,13.03 17:00,134.576
5,13.03 18:00,134.095
5,13.03 19:00,134.767
5,13.03 20:00,135.092
5,13.03 21:00,134.61
5,13.03 22:00,134.833
5,13.03 23:00,134.917
5,14.03 00:00,134.628
5,14.03 01:00,133.886
5,14.03 02:00,134.232
5,14.03 03:00,134.15
5,14.03 04:00,133.787
5,14.03 05:00,134.381
5,14.03 06:00,134.849
5,14.03 07:00,134.204
5,14.03 08:00,134.12
5,14.03 09:00,133.971
5,14.03 10:00,134.884
5,14.03 11:00,134.338
5,14.03 12:00,134.552
5,14.03 13:00,134.808
5,14.03 14:00,134.711
5,14.03 15:00,134.013
5,14.03 16:00,135.107
5,14.03 17:00,134.283
5,14.03 18:00,134.349
5,14.03 19:00,134.126
5,14.03 20:00,134.061
5,14.03 21:00,134.623
5,14.03 22:00,133.871
5,14.03 23:00,134.294
5,15.03 00:00,134.558
5,15.03 01:00,134.884
5,15.03 02:00,134.38
5,15.03 03:00,135.103
5,15.03 04:00,133.891
5,15.03 05:00,134.821
5,15.03 06:00,134.815
5,15.03 07:00,133.9
5,15.03 08:00,135.082
5,15.03 09:00,134.157
5,15.03 10:00,133.835
5,15.03 11:00,134.231
5,15.03 12:00,134.373
5,15.03 13:00,134.193
5,15.03 14:00,134.273
5,15.03 15:00,134.547
5,15.03 16:00,134.961
5,15.03 17:00,134.937
5,15.03 18:00,133.959
5,15.03 19:00,133.784
5,15.03 20:00,134.605
5,15.03 21:00,134.559
5,15.03 22:00,134.207
5,15.03 23:00,134.662
5,16.03 00:00,134.754
5,16.03 01:00,133.887
5,16.03 02:00,134.659
5,16.03 03:00,133.917
5,16.03 04:00,134.86
5,16.03 05:00,133.784
5,16.03 06:00,134.795
5,16.03 07:00,133.859
5,16.03 08:00,134.115
5,16.03 09:00,134.772
5,16.03 10:00,134.25
5,16.03 11:00,134.409
5,16.03 12:00,133.892
5,16.03 13:00,134.269
5,16.03 14:00,134.528
5,16.03 15:00,134.71
5,16.03 16:00,133.895
5,16.03 17:00,134.865
5,16.03 18:00,134.053
5,16.03 19:00,133.997
5,16.03 20:00,133.845
5,16.03 21:00,134.132
5,16.03 22:00,135.04
5,16.03 23:00,134.007
5,17.03 00:00,134.255
5,17.03 01:00,134.796
5,17.03 02:00,134.466
5,17.03 03:00,134.121
5,17.03 04:00,134.696
5,17.03 05:00,134.225
5,17.03 06:00,134.732
5,17.03 07:00,135.063
5,17.03 08:00,133.795
5,17.03 09:00,134.42
5,17.03 10:00,133.907
5,17.03 11:00,134.259
5,17.03 12:00,135.001
5,17.03 13:00,134.405
5,17.03 14:00,134.031
5,17.03 15:00,133.898
5,17.03 16:00,134.455
5,17.03 17:00,134.518
5,17.03 18:00,133.979
5,17.03 19:00,134.013
5,17.03 20:00,134.645
5,17.03 21:00,134.092
5,17.03 22:00,134.799
5,17.03 23:00,134.362
5,18.03 00:00,134.874
5,18.03 01:00,134.391
5,18.03 02:00,134.289
5,18.03 03:00,133.989
5,18.03 04:00,134.221
5,18.03 05:00,133.943
5,18.03 06:00,135.087
5,18.03 07:00,134.321
5,18.03 08:00,133.813
5,18.03 09:00,133.853
5,18.03 10:00,134.673
5,18.03 11:00,134.841
5,18.03 12:00,134.445
5,18.03 13:00,134.148
5,18.03 14:00,134.407
5,18.03 15:00,134.335
5,18.03 16:00,134.468
5,18.03 17:00,130.395
5,18.03 18:00,133.914
5,18.03 19:00,134.367
5,18.03 20:00,134.378
5,18.03 21:00,133.887
5,18.03 22:00,134.756
5,18.03 23:00,134.441
5,19.03 00:00,133.955
5,19.03 01:00,133.985
5,19.03 02:00,134.831
5,19.03 03:00,134.294
5,19.03 04:00,134.353
5,19.03 05:00,135.035
5,19.03 06:00,134.872
5,19.03 07:00,134.501
5,19.03 08:00,134.637
5,19.03 09:00,135.106
5,19.03 10:00,134.993
5,19.03 11:00,134.725
5,19.03 12:00,134.337
5,19.03 13:00,134.557
5,19.03 14:00,133.983
5,19.03 15:00,134.437
5,19.03 16:00,135.107
5,19.03 17:00,134.263
5,19.03 18:00,134.221
5,19.03 19:00,133.798
5,19.03 20:00,133.906
5,19.03 21:00,134.931
5,19.03 22:00,134.037
5,19.03 23:00,134.024
5,20.03 00:00,135.062
5,20.03 01:00,134.925
5,20.03 02:00,134.589
5,20.03 03:00,134.53
5,20.03 04:00,133.871
5,20.03 05:00,134.945
5,20.03 06:00,134.4
5,20.03 07:00,133.823
5,20.03 08:00,133.83
5,20.03 09:00,134.625
5,20.03 10:00,134.809
5,20.03 11:00,135.052
5,20.03 12:00,135.036
5,20.03 13:00,134.307
5,20.03 14:00,134.253
5,20.03 15:00,134.868
5,20.03 16:00,134.002
5,20.03 17:00,133.921
5,20.03 18:00,134.41
5,20.03 19:00,0.0
5,20.03 20:00,0.0
5,20.03 21:00,0.0
5,20.03 22:00,0.0
5,20.03 23:00,0.0
5,21.03 00:00,0.0
5,21.03 01:00,0.0
5,21.03 02:00,0.0
5,21.03 03:00,0.0
5,21.03 04:00,0.0
5,21.03 05:00,0.0
5,21.03 06:00,0.0
5,21.03 07:00,0.0
5,21.03 08:00,0.0
5,21.03 09:00,0.0
5,21.03 10:00,0.0
5,21.03 11:00,0.0
5,21.03 12:00,0.0
5,21.03 13:00,0.0
5,21.03 14:00,0.0
5,21.03 15:00,0.0
5,21.03 16:00,0.0
5,21.03 17:00,0.0
5,21.03 18:00,0.0
5,21.03 19:00,0.0
5,21.03 20:00,0.0
5,21.03 21:00,0.0
5,21.03 22:00,0.0
5,21.03 23:00,0.0
5,22.03 00:00,0.0
5,22.03 01:00,0.0
5,22.03 02:00,0.0
5,22.03 03:00,0.0
5,22.03 04:00,0.0
5,22.03 05:00,0.0
5,22.03 06:00,0.0
5,22.03 07:00,0.0
5,22.03 08:00,0.0
5,22.03 09:00,0.0
5,22.03 10:00,0.0
5,22.03 11:00,0.0
5,22.03 12:00,0.0
5,22.03 13:00,0.0
5,22.03 14:00,0.0
5,22.03 15:00,0.0
5,22.03 16:00,0.0
5,22.03 17:00,0.0
5,22.03 18:00,0.0
5,22.03 19:00,0.0
5,22.03 20:00,0.0
5,22.03 21:00,0.0
5,22.03 22:00,0.0
5,22.03 23:00,0.0
5,23.03 00:00,0.0
5,23.03 01:00,0.0
5,23.03 02:00,0.0
5,23.03 03:00,0.0
5,23.03 04:00,0.0
5,23.03 05:00,0.0
5,23.03 06:00,0.0
5,23.03 07:00,0.0
5,23.03 08:00,0.0
5,23.03 09:00,0.0
5,23.03 10:00,0.0
5,23.03 11:00,0.0
5,23.03 12:00,0.0
5,23.03 13:00,0.0
5,23.03 14:00,0.0
5,23.03 15:00,0.0
5,23.03 16:00,0.0
5,23.03 17:00,0.0
5,23.03 18:00,0.0
5,23.03 19:00,0.0
5,23.03 20:00,0.0
5,23.03 21:00,0.0
5,23.03 22:00,0.0
5,23.03 23:00,0.0
5,24.03 00:00,0.0
5,24.03 01:00,0.0
5,24.03 02:00,0.0
5,24.03 03:00,0.0
5,24.03 04:00,0.0
5,24.03 05:00,0.0
5,24.03 06:00,0.0
5,24.03 07:00,0.0
5,24.03 08:00,0.0
5,24.03 09:00,0.0
5,24.03 10:00,0.0
5,24.03 11:00,0.0
5,24.03 12:00,0.0
5,24.03 13:00,0.0
5,24.03 14:00,0.0
5,24.03 15:00,0.0
5,24.03 16:00,0.0
5,24.03 17:00,0.0
5,24.03 18:00,0.0
5,24.03 19:00,0.0
5,24.03 20:00,0.0
5,24.03 21:00,0.0
5,24.03 22:00,0.0
5,24.03 23:00,0.0
5,25.03 00:00,0.0
5,25.03 01:00,0.0
5,25.03 02:00,0.0
5,25.03 03:00,0.0
5,25.03 04:00,0.0
5,25.03 05:00,0.0
5,25.03 06:00,0.0
5,25.03 07:00,0.0
5,25.03 08:00,0.0
5,25.03 09:00,0.0
5,25.03 10:00,0.0
5,25.03 11:00,0.0
5,25.03 12:00,0.0
5,25.03 13:00,0.0
5,25.03 14:00,0.0
5,25.03 15:00,0.0
5,25.03 16:00,0.0
5,25.03 17:00,0.0
5,25.03 18:00,0.0
5,25.03 19:00,0.0
5,25.03 20:00,0.0
5,25.03 21:00,0.0
5,25.03 22:00,0.0
5,25.03 23:00,0.0
5,26.03 00:00,0.0
5,26.03 01:00,0.0
5,26.03 02:00,0.0
5,26.03 03:00,0.0
5,26.03 04:00,0.0
5,26.03 05:00,0.0
5,26.03 06:00,0.0
5,26.03 07:00,0.0
5,26.03 08:00,0.0
5,26.03 09:00,0.0
5,26.03 10:00,0.0
5,26.03 11:00,0.0
5,26.03 12:00,0.0
5,26.03 13:00,0.0
5,26.03 14:00,0.0
5,26.03 15:00,0.0
5,26.03 16:00,0.0
5,26.03 17:00,0.0
5,26.03 18:00,0.0
5,26.03 19:00,0.0
5,26.03 20:00,0.0
5,26.03 21:00,0.0
5,26.03 22:00,0.0
5,26.03 23:00,0.0
5,27.03 00:00,0.0
5,27.03 01:00,0.0
5,27.03 02:00,0.0
5,27.03 03:00,0.0
5,27.03 04:00,0.0
5,27.03 05:00,0.0
5,27.03 06:00,0.0
5,27.03 07:00,0.0
5,27.03 08:00,0.0
5,27.03 09:00,0.0
5,27.03 10:00,0.0
5,27.03 11:00,0.0
5,27.03 12:00,0.0
5,27.03 13:00,0.0
5,27.03 14:00,0.0
5,27.03 15:00,0.0
5,27.03 16:00,0.0
5,27.03 17:00,0.0
5,27.03 18:00,0.0
5,27.03 19:00,0.0
5,27.03 20:00,0.0
5,27.03 21:00,0.0
5,27.03 22:00,0.0
5,27.03 23:00,0.0
5,28.03 00:00,0.0
5,28.03 01:00,0.0
5,28.03 02:00,0.0
5,28.03 03:00,0.0
5,28.03 04:00,0.0
5,28.03 05:00,0.0
5,28.03 06:00,0.0
5,28.03 07:00,0.0
5,28.03 08:00,0.0
5,28.03 09:00,0.0
5,28.03 10:00,0.0
5,28.03 11:00,0.0
5,28.03 12:00,0.0
5,28.03 13:00,0.0
5,28.03 14:00,0.0
5,28.03 15:00,0.0
5,28.03 16:00,0.0
5,28.03 17:00,0.0
5,28.03 18:00,0.0
5,28.03 19:00,0.0
5,28.03 20:00,0.0
5,28.03 21:00,0.0
5,28.03 22:00,0.0
5,28.03 23:00,0.0
5,29.03 00:00,0.0
5,29.03 01:00,0.0
5,29.03 02:00,0.0
5,29.03 03:00,0.0
5,29.03 04:00,0.0
5,29.03 05:00,0.0
5,29.03 06:00,0.0
5,29.03 07:00,0.0
5,29.03 08:00,0.0
5,29.03 09:00,0.0
5,29.03 10:00,0.0
5,29.03 11:00,0.0
5,29.03 12:00,0.0
5,29.03 13:00,0.0
5,29.03 14:00,0.0
5,29.03 15:00,0.0
5,29.03 16:00,0.0
5,29.03 17:00,0.0
5,29.03 18:00,0.0
5,29.03 19:00,0.0
5,29.03 20:00,0.0
5,29.03 21:00,0.0
5,29.03 22:00,0.0
5,29.03 23:00,0.0
5,30.03 00:00,0.0
5,30.03 01:00,0.0
5,30.03 02:00,0.0
5,30.03 03:00,0.0
5,30.03 04:00,0.0
5,30.03 05:00,0.0
5,30.03 06:00,0.0
5,30.03 07:00,0.0
5,30.03 08:00,0.0
5,30.03 09:00,0.0
5,30.03 10:00,0.0
5,30.03 11:00,0.0
5,30.03 12:00,0.0
5,30.03 13:00,0.0
5,30.03 14:00,0.0
5,30.03 15:00,0.0
5,30.03 16:00,0.0
5,30.03 17:00,0.0
5,30.03 18:00,0.0
5,30.03 19:00,0.0
5,30.03 20:00,0.0
5,30.03 21:00,0.0
5,30.03 22:00,0.0
5,30.03 23:00,0.0
5,31.03 00:00,0.0
5,31.03 01:00,0.0
5,31.03 02:00,0.0
5,31.03 03:00,0.0
5,31.03 04:00,0.0
5,31.03 05:00,0.0
5,31.03 06:00,0.0
5,31.03 07:00,0.0
5,31.03 08:00,0.0
5,31.03 09:00,0.0
5,31.03 10:00,0.0
5,31.03 11:00,0.0
5,31.03 12:00,0.0
5,31.03 13:00,0.0
5,31.03 14:00,0.0
5,31.03 15:00,0.0
5,31.03 16:00,0.0
5,31.03 17:00,0.0
5,31.03 18:00,0.0
5,31.03 19:00,0.0
5,31.03 20:00,0.0
5,31.03 21:00,0.0
5,31.03 22:00,0.0
5,31.03 23:00,0.0
5,01.04 00:00,0.0
5,01.04 01:00,0.0
5,01.04 02:00,0.0
5,01.04 03:00,0.0
5,01.04 04:00,0.0
5,01.04 05:00,0.0
5,01.04 06:00,0.0
5,01.04 07:00,0.0
5,01.04 08:00,0.0
5,01.04 09:00,0.0
5,01.04 10:00,0.0
5,01.04 11:00,0.0
5,01.04 12:00,0.0
5,01.04 13:00,0.0
5,01.04 14:00,0.0
5,01.04 15:00,0.0
5,01.04 16:00,0.0
5,01.04 17:00,0.0
5,01.04 18:00,0.0
5,01.04 19:00,0.0
5,01.04 20:00,0.0
5,01.04 21:00,0.0
5,01.04 22:00,0.0
5,01.04 23:00,0.0
5,02.04 00:00,0.0
5,02.04 01:00,0.0
5,02.04 02:00,0.0
5,02.04 03:00,0.0
5,02.04 04:00,0.0
5,02.04 05:00,0.0
5,02.04 06:00,0.0
5,02.04 07:00,0.0
5,02.04 08:00,0.0
5,02.04 09:00,0.0
5,02.04 10:00,0.0
5,02.04 11:00,0.0
5,02.04 12:00,0.0
5,02.04 13:00,0.0
5,02.04 14:00,0.0
5,02.04 15:00,0.0
5,02.04 16:00,0.0
5,02.04 17:00,0.0
5,02.04 18:00,0.0
5,02.04 19:00,0.0
5,02.04 20:00,0.0
5,02.04 21:00,0.0
5,02.04 22:00,0.0
5,02.04 23:00,0.0
5,03.04 00:00,0.0
5,03.04 01:00,0.0
5,03.04 02:00,0.0
5,03.04 03:00,0.0
5,03.04 04:00,0.0
5,03.04 05:00,0.0
5,03.04 06:00,0.0
5,03.04 07:00,0.0
5,03.04 08:00,0.0
5,03.04 09:00,0.0
5,03.04 10:00,0.0
5,03.04 11:00,0.0
5,03.04 12:00,0.0
5,03.04 13:00,0.0
5,03.04 14:00,0.0
5,03.04 15:00,0.0
5,03.04 16:00,0.0
5,03.04 17:00,0.0
5,03.04 18:00,0.0
5,03.04 19:00,0.0
5,03.04 20:00,0.0
5,03.04 21:00,0.0
5,03.04 22:00,0.0
5,03.04 23:00,0.0
5,04.04 00:00,0.0
5,04.04 01:00,0.0
5,04.04 02:00,0.0
5,04.04 03:00,0.0
5,04.04 04:00,0.0
5,04.04 05:00,0.0
5,04.04 06:00,0.0
5,04.04 07:00,0.0
5,04.04 08:00,0.0
5,04.04 09:00,0.0
5,04.04 10:00,0.0
5,04.04 11:00,0.0
5,04.04 12:00,0.0
5,04.04 13:00,0.0
5,04.04 14:00,0.0
5,04.04 15:00,0.0
5,04.04 16:00,0.0
5,04.04 17:00,0.0
5,04.04 18:00,0.0
5,04.04 19:00,0.0
5,04.04 20:00,0.0
5,04.04 21:00,0.0
5,04.04 22:00,0.0
5,04.04 23:00,0.0
5,05.04 00:00,0.0
5,05.04 01:00,0.0
5,05.04 02:00,0.0
5,05.04 03:00,0.0
5,05.04 04:00,0.0
5,05.04 05:00,0.0
5,05.04 06:00,0.0
5,05.04 07:00,0.0
5,05.04 08:00,0.0
5,05.04 09:00,0.0
5,05.04 10:00,0.0
5,05.04 11:00,0.0
5,05.04 12:00,0.0
5,05.04 13:00,0.0
5,05.04 14:00,0.0
5,05.04 15:00,0.0
5,05.04 16:00,0.0
5,05.04 17:00,0.0
5,05.04 18:00,0.0
5,05.04 19:00,0.0
5,05.04 20:00,0.0
5,05.04 21:00,0.0
5,05.04 22:00,0.0
5,05.04 23:00,0.0
5,06.04 00:00,0.0
5,06.04 01:00,0.0
5,06.04 02:00,0.0
5,06.04 03:00,0.0
5,06.04 04:00,0.0
5,06.04 05:00,0.0
5,06.04 06:00,0.0
5,06.04 07:00,0.0
5,06.04 08:00,0.0
5,06.04 09:00,0.0
5,06.04 10:00,0.0
5,06.04 11:00,0.0
5,06.04 12:00,0.0
5,06.04 13:00,0.0
5,06.04 14:00,0.0
5,06.04 15:00,0.0
5,06.04 16:00,0.0
5,06.04 17:00,0.0
5,06.04 18:00,0.0
5,06.04 19:00,0.0
5,06.04 20:00,0.0
5,06.04 21:00,0.0
5,06.04 22:00,0.0
5,06.04 23:00,0.0
5,07.04 00:00,0.0
5,07.04 01:00,0.0
5,07.04 02:00,0.0
5,07.04 03:00,0.0
5,07.04 04:00,0.0
5,07.04 05:00,0.0
5,07.04 06:00,0.0
5,07.04 07:00,0.0
5,07.04 08:00,0.0
5,07.04 09:00,0.0
5,07.04 10:00,0.0
5,07.04 11:00,0.0
5,07.04 12:00,0.0
5,07.04 13:00,0.0
5,07.04 14:00,0.0
5,07.04 15:00,0.0
5,07.04 16:00,0.0
5,07.04 17:00,0.0
5,07.04 18:00,0.0
5,07.04 19:00,0.0
5,07.04 20:00,0.0
5,07.04 21:00,0.0
5,07.04 22:00,0.0
5,07.04 23:00,0.0
5,08.04 00:00,0.0
5,08.04 01:00,0.0
5,08.04 02:00,0.0
5,08.04 03:00,0.0
5,08.04 04:00,0.0
5,08.04 05:00,0.0
5,08.04 06:00,0.0
5,08.04 07:00,0.0
5,08.04 08:00,0.0
5,08.04 09:00,0.0
5,08.04 10:00,0.0
5,08.04 11:00,0.0
5,08.04 12:00,0.0
5,08.04 13:00,0.0
5,08.04 14:00,0.0
5,08.04 15:00,0.0
5,08.04 16:00,0.0
5,08.04 17:00,0.0
5,08.04 18:00,0.0
5,08.04 19:00,0.0
5,08.04 20:00,0.0
5,08.04 21:00,0.0
5,08.04 22:00,0.0
5,08.04 23:00,0.0
5,09.04 00:00,0.0
5,09.04 01:00,0.0
5,09.04 02:00,0.0
5,09.04 03:00,0.0
5,09.04 04:00,0.0
5,09.04 05:00,0.0
5,09.04 06:00,0.0
5,09.04 07:00,0.0
5,09.04 08:00,0.0
5,09.04 09:00,0.0
5,09.04 10:00,0.0
5,09.04 11:00,0.0
5,09.04 12:00,0.0
5,09.04 13:00,0.0
5,09.04 14:00,0.0
5,09.04 15:00,0.0
5,09.04 16:00,0.0
5,09.04 17:00,0.0
5,09.04 18:00,0.0
5,09.04 19:00,0.0
5,09.04 20:00,0.0
5,09.04 21:00,0.0
5,09.04 22:00,0.0
5,09.04 23:00,0.0
5,10.04 00:00,0.0
5,10.04 01:00,0.0
5,10.04 02:00,0.0
5,10.04 03:00,0.0
5,10.04 04:00,0.0
5,10.04 05:00,0.0
5,10.04 06:00,0.0
5,10.04 07:00,0.0
5,10.04 08:00,0.0
5,10.04 09:00,0.0
5,10.04 10:00,0.0
5,10.04 11:00,0.0
5,10.04 12:00,0.0
5,10.04 13:00,0.0
5,10.04 14:00,0.0
5,10.04 15:00,0.0
5,10.04 16:00,0.0
5,10.04 17:00,0.0
5,10.04 18:00,0.0
5,10.04 19:00,0.0
5,10.04 20:00,0.0
5,10.04 21:00,0.0
5,10.04 22:00,0.0
5,10.04 23:00,0.0
5,11.04 00:00,0.0
5,11.04 01:00,0.0
5,11.04 02:00,0.0
5,11.04 03:00,0.0
5,11.04 04:00,0.0
5,11.04 05:00,0.0
5,11.04 06:00,0.0
5,11.04 07:00,0.0
5,11.04 08:00,0.0
5,11.04 09:00,0.0
5,11.04 10:00,0.0
5,11.04 11:00,0.0
5,11.04 12:00,0.0
5,11.04 13:00,0.0
5,11.04 14:00,0.0
5,11.04 15:00,0.0
5,11.04 16:00,0.0
5,11.04 17:00,0.0
5,11.04 18:00,0.0
5,11.04 19:00,0.0
5,11.04 20:00,0.0
5,11.04 21:00,0.0
5,11.04 22:00,0.0
5,11.04 23:00,0.0
5,12.04 00:00,0.0
5,12.04 01:00,0.0
5,12.04 02:00,0.0
5,12.04 03:00,0.0
5,12.04 04:00,0.0
5,12.04 05:00,0.0
5,12.04 06:00,0.0
5,12.04 07:00,0.0
5,12.04 08:00,0.0
5,12.04 09:00,0.0
5,12.04 10:00,0.0
5,12.04 11:00,0.0
5,12.04 12:00,0.0
5,12.04 13:00,0.0
5,12.04 14:00,0.0
5,12.04 15:00,0.0
5,12.04 16:00,0.0
5,12.04 17:00,0.0
5,12.04 18:00,0.0
5,12.04 19:00,0.0
5,12.04 20:00,0.0
5,12.04 21:00,0.0
5,12.04 22:00,0.0
5,12.04 23:00,0.0
5,13.04 00:00,0.0
5,13.04 01:00,0.0
5,13.04 02:00,0.0
5,13.04 03:00,0.0
5,13.04 04:00,0.0
5,13.04 05:00,0.0
5,13.04 06:00,0.0
5,13.04 07:00,0.0
5,13.04 08:00,0.0
5,13.04 09:00,0.0
5,13.04 10:00,0.0
5,13.04 11:00,0.0
5,13.04 12:00,0.0
5,13.04 13:00,0.0
5,13.04 14:00,0.0
5,13.04 15:00,0.0
5,13.04 16:00,0.0
5,13.04 17:00,0.0
5,13.04 18:00,0.0
5,13.04 19:00,0.0
5,13.04 20:00,0.0
5,13.04 21:00,0.0
5,13.04 22:00,0.0
5,13.04 23:00,0.0
5,14.04 00:00,0.0
5,14.04 01:00,0.0
5,14.04 02:00,0.0
5,14.04 03:00,0.0
5,14.04 04:00,0.0
5,14.04 05:00,0.0
5,14.04 06:00,0.0
5,14.04 07:00,0.0
5,14.04 08:00,0.0
5,14.04 09:00,0.0
5,14.04 10:00,0.0
5,14.04 11:00,0.0
5,14.04 12:00,0.0
5,14.04 13:00,0.0
5,14.04 14:00,0.0
5,14.04 15:00,0.0
5,14.04 16:00,0.0
5,14.04 17:00,0.0
5,14.04 18:00,0.0
5,14.04 19:00,0.0
5,14.04 20:00,0.0
5,14.04 21:00,0.0
5,14.04 22:00,0.0
5,14.04 23:00,0.0
5,15.04 00:00,0.0
5,15.04 01:00,0.0
5,15.04 02:00,0.0
5,15.04 03:00,0.0
5,15.04 04:00,0.0
5,15.04 05:00,0.0
5,15.04 06:00,0.0
5,15.04 07:00,0.0
5,15.04 08:00,0.0
5,15.04 09:00,0.0
5,15.04 10:00,0.0
5,15.04 11:00,0.0
5,15.04 12:00,0.0
5,15.04 13:00,0.0
5,15.04 14:00,0.0
5,15.04 15:00,0.0
5,15.04 16:00,0.0
5,15.04 17:00,0.0
5,15.04 18:00,0.0
5,15.04 19:00,0.0
5,15.04 20:00,0.0
5,15.04 21:00,0.0
5,15.04 22:00,0.0
5,15.04 23:00,0.0
5,16.04 00:00,0.0
5,16.04 01:00,0.0
5,16.04 02:00,0.0
5,16.04 03:00,0.0
5,16.04 04:00,0.0
5,16.04 05:00,0.0
5,16.04 06:00,0.0
5,16.04 07:00,0.0
5,16.04 08:00,0.0
5,16.04 09:00,0.0
5,16.04 10:00,0.0
5,16.04 11:00,0.0
5,16.04 12:00,0.0
5,16.04 13:00,0.0
5,16.04 14:00,0.0
5,16.04 15:00,0.0
5,16.04 16:00,0.0
5,16.04 17:00,0.0
5,16.04 18:00,0.0
5,16.04 19:00,0.0
5,16.04 20:00,0.0
5,16.04 21:00,0.0
5,16.04 22:00,0.0
5,16.04 23:00,0.0
5,17.04 00:00,0.0
5,17.04 01:00,0.0
5,17.04 02:00,0.0
5,17.04 03:00,0.0
5,17.04 04:00,0.0
5,17.04 05:00,0.0
5,17.04 06:00,0.0
5,17.04 07:00,0.0
5,17.04 08:00,0.0
5,17.04 09:00,0.0
5,17.04 10:00,0.0
5,17.04 11:00,0.0
5,17.04 12:00,0.0
5,17.04 13:00,0.0
5,17.04 14:00,0.0
5,17.04 15:00,0.0
5,17.04 16:00,0.0
5,17.04 17:00,0.0
5,17.04 18:00,0.0
5,17.04 19:00,0.0
5,17.04 20:00,0.0
5,17.04 21:00,0.0
5,17.04 22:00,0.0
5,17.04 23:00,0.0
5,18.04 00:00,0.0
5,18.04 01:00,0.0
5,18.04 02:00,0.0
5,18.04 03:00,0.0
5,18.04 04:00,0.0
5,18.04 05:00,0.0
5,18.04 06:00,0.0
5,18.04 07:00,0.0
5,18.04 08:00,0.0
5,18.04 09:00,0.0
5,18.04 10:00,0.0
5,18.04 11:00,0.0
5,18.04 12:00,0.0
5,18.04 13:00,0.0
5,18.04 14:00,0.0
5,18.04 15:00,0.0
5,18.04 16:00,0.0
5,18.04 17:00,0.0
5,18.04 18:00,0.0
5,18.04 19:00,0.0
5,18.04 20:00,0.0
5,18.04 21:00,0.0
5,18.04 22:00,0.0
5,18.04 23:00,0.0
5,19.04 00:00,0.0
5,19.04 01:00,0.0
5,19.04 02:00,0.0
5,19.04 03:00,0.0
5,19.04 04:00,0.0
5,19.04 05:00,0.0
5,19.04 06:00,0.0
5,19.04 07:00,0.0
5,19.04 08:00,0.0
5,19.04 09:00,0.0
5,19.04 10:00,0.0
5,19.04 11:00,0.0
5,19.04 12:00,0.0
5,19.04 13:00,0.0
5,19.04 14:00,0.0
5,19.04 15:00,0.0
5,19.04 16:00,0.0
5,19.04 17:00,0.0
5,19.04 18:00,0.0
5,19.04 19:00,0.0
5,19.04 20:00,0.0
5,19.04 21:00,0.0
5,19.04 22:00,0.0
5,19.04 23:00,0.0
5,20.04 00:00,0.0
5,20.04 01:00,0.0
5,20.04 02:00,0.0
5,20.04 03:00,0.0
5,20.04 04:00,0.0
5,20.04 05:00,0.0
5,20.04 06:00,0.0
5,20.04 07:00,0.0
5,20.04 08:00,0.0
5,20.04 09:00,0.0
5,20.04 10:00,0.0
5,20.04 11:00,0.0
5,20.04 12:00,0.0
5,20.04 13:00,0.0
5,20.04 14:00,0.0
5,20.04 15:00,0.0
5,20.04 16:00,0.0
5,20.04 17:00,0.0
5,20.04 18:00,0.0
5,20.04 19:00,0.0
5,20.04 20:00,0.0
5,20.04 21:00,0.0
5,20.04 22:00,0.0
5,20.04 23:00,0.0
5,21.04 00:00,0.0
5,21.04 01:00,0.0
5,21.04 02:00,0.0
5,21.04 03:00,0.0
5,21.04 04:00,0.0
5,21.04 05:00,0.0
5,21.04 06:00,0.0
5,21.04 07:00,0.0
5,21.04 08:00,0.0
5,21.04 09:00,0.0
5,21.04 10:00,0.0
5,21.04 11:00,0.0
5,21.04 12:00,0.0
5,21.04 13:00,0.0
5,21.04 14:00,0.0
5,21.04 15:00,0.0
5,21.04 16:00,0.0
5,21.04 17:00,0.0
5,21.04 18:00,0.0
5,21.04 19:00,0.0
5,21.04 20:00,0.0
5,21.04 21:00,0.0
5,21.04 22:00,0.0
5,21.04 23:00,0.0
5,22.04 00:00,0.0
5,22.04 01:00,0.0
5,22.04 02:00,0.0
5,22.04 03:00,0.0
5,22.04 04:00,0.0
5,22.04 05:00,0.0
5,22.04 06:00,0.0
5,22.04 07:00,0.0
5,22.04 08:00,0.0
5,22.04 09:00,0.0
5,22.04 10:00,0.0
5,22.04 11:00,0.0
5,22.04 12:00,0.0
5,22.04 13:00,0.0
5,22.04 14:00,0.0
5,22.04 15:00,0.0
5,22.04 16:00,0.0
5,22.04 17:00,0.0
5,22.04 18:00,0.0
5,22.04 19:00,0.0
5,22.04 20:00,0.0
5,22.04 21:00,0.0
5,22.04 22:00,0.0
5,22.04 23:00,0.0
5,23.04 00:00,0.0
5,23.04 01:00,0.0
5,23.04 02:00,0.0
5,23.04 03:00,0.0
5,23.04 04:00,0.0
5,23.04 05:00,0.0
5,23.04 06:00,0.0
5,23.04 07:00,0.0
5,23.04 08:00,0.0
5,23.04 09:00,0.0
5,23.04 10:00,0.0
5,23.04 11:00,0.0
5,23.04 12:00,0.0
5,23.04 13:00,0.0
5,23.04 14:00,0.0
5,23.04 15:00,0.0
5,23.04 16:00,0.0
5,23.04 17:00,0.0
5,23.04 18:00,0.0
5,23.04 19:00,0.0
5,23.04 20:00,0.0
5,23.04 21:00,0.0
5,23.04 22:00,0.0
5,23.04 23:00,0.0
5,24.04 00:00,0.0
5,24.04 01:00,0.0
5,24.04 02:00,0.0
5,24.04 03:00,0.0
5,24.04 04:00,0.0
5,24.04 05:00,0.0
5,24.04 06:00,0.0
5,24.04 07:00,0.0
5,24.04 08:00,0.0
5,24.04 09:00,0.0
5,24.04 10:00,0.0
5,24.04 11:00,0.0
5,24.04 12:00,0.0
5,24.04 13:00,0.0
5,24.04 14:00,0.0
5,24.04 15:00,0.0
5,24.04 16:00,0.0
5,24.04 17:00,0.0
5,24.04 18:00,0.0
5,24.04 19:00,0.0
5,24.04 20:00,0.0
5,24.04 21:00,0.0
5,24.04 22:00,0.0
5,24.04 23:00,0.0
5,25.04 00:00,0.0
5,25.04 01:00,0.0
5,25.04 02:00,0.0
5,25.04 03:00,0.0
5,25.04 04:00,0.0
5,25.04 05:00,0.0
5,25.04 06:00,0.0
5,25.04 07:00,0.0
5,25.04 08:00,0.0
5,25.04 09:00,0.0
5,25.04 10:00,0.0
5,25.04 11:00,0.0
5,25.04 12:00,0.0
5,25.04 13:00,0.0
5,25.04 14:00,0.0
5,25.04 15:00,0.0
5,25.04 16:00,0.0
5,25.04 17:00,0.0
5,25.04 18:00,0.0
5,25.04 19:00,0.0
5,25.04 20:00,0.0
5,25.04 21:00,0.0
5,25.04 22:00,0.0
5,25.04 23:00,0.0
5,26.04 00:00,0.0
5,26.04 01:00,0.0
5,26.04 02:00,0.0
5,26.04 03:00,0.0
5,26.04 04:00,0.0
5,26.04 05:00,0.0
5,26.04 06:00,0.0
5,26.04 07:00,0.0
5,26.04 08:00,0.0
5,26.04 09:00,0.0
5,26.04 10:00,0.0
5,26.04 11:00,0.0
5,26.04 12:00,0.0
5,26.04 13:00,0.0
5,26.04 14:00,0.0
5,26.04 15:00,0.0
5,26.04 16:00,0.0
5,26.04 17:00,0.0
5,26.04 18:00,0.0
5,26.04 19:00,0.0
5,26.04 20:00,0.0
5,26.04 21:00,0.0
5,26.04 22:00,0.0
5,26.04 23:00,0.0
5,27.04 00:00,0.0
5,27.04 01:00,0.0
5,27.04 02:00,0.0
5,27.04 03:00,0.0
5,27.04 04:00,0.0
5,27.04 05:00,0.0
5,27.04 06:00,0.0
5,27.04 07:00,0.0
5,27.04 08:00,0.0
5,27.04 09:00,0.0
5,27.04 10:00,0.0
5,27.04 11:00,0.0
5,27.04 12:00,0.0
5,27.04 13:00,0.0
5,27.04 14:00,0.0
5,27.04 15:00,0.0
5,27.04 16:00,0.0
5,27.04 17:00,0.0
5,27.04 18:00,0.0
5,27.04 19:00,0.0
5,27.04 20:00,0.0
5,27.04 21:00,0.0
5,27.04 22:00,0.0
5,27.04 23:00,0.0
5,28.04 00:00,0.0
5,28.04 01:00,0.0
5,28.04 02:00,0.0
5,28.04 03:00,0.0
5,28.04 04:00,0.0
5,28.04 05:00,0.0
5,28.04 06:00,0.0
5,28.04 07:00,0.0
5,28.04 08:00,0.0
5,28.04 09:00,0.0
5,28.04 10:00,0.0
5,28.04 11:00,0.0
5,28.04 12:00,0.0
5,28.04 13:00,0.0
5,28.04 14:00,0.0
5,28.04 15:00,0.0
5,28.04 16:00,0.0
5,28.04 17:00,0.0
5,28.04 18:00,0.0
5,28.04 19:00,0.0
5,28.04 20:00,0.0
5,28.04 21:00,0.0
5,28.04 22:00,0.0
5,28.04 23:00,0.0
5,29.04 00:00,0.0
5,29.04 01:00,0.0
5,29.04 02:00,0.0
5,29.04 03:00,0.0
5,29.04 04:00,0.0
5,29.04 05:00,0.0
5,29.04 06:00,0.0
5,29.04 07:00,0.0
5,29.04 08:00,0.0
5,29.04 09:00,0.0
5,29.04 10:00,0.0
5,29.04 11:00,0.0
5,29.04 12:00,0.0
5,29.04 13:00,0.0
5,29.04 14:00,0.0
5,29.04 15:00,0.0
5,29.04 16:00,0.0
5,29.04 17:00,0.0
5,29.04 18:00,0.0
5,29.04 19:00,0.0
5,29.04 20:00,0.0
5,29.04 21:00,0.0
5,29.04 22:00,0.0
5,29.04 23:00,0.0
5,30.04 00:00,0.0
5,30.04 01:00,0.0
5,30.04 02:00,0.0
5,30.04 03:00,0.0
5,30.04 04:00,0.0
5,30.04 05:00,0.0
5,30.04 06:00,0.0
5,30.04 07:00,0.0
5,30.04 08:00,0.0
5,30.04 09:00,0.0
5,30.04 10:00,0.0
5,30.04 11:00,0.0
5,30.04 12:00,0.0
5,30.04 13:00,0.0
5,30.04 14:00,0.0
5,30.04 15:00,0.0
5,30.04 16:00,0.0
5,30.04 17:00,0.0
5,30.04 18:00,0.0
5,30.04 19:00,0.0
5,30.04 20:00,0.0
5,30.04 21:00,0.0
5,30.04 22:00,0.0
5,30.04 23:00,0.0
5,01.05 00:00,0.0
5,01.05 01:00,0.0
5,01.05 02:00,0.0
5,01.05 03:00,0.0
5,01.05 04:00,0.0
5,01.05 05:00,0.0
5,01.05 06:00,0.0
5,01.05 07:00,0.0
5,01.05 08:00,0.0
5,01.05 09:00,0.0
5,01.05 10:00,0.0
5,01.05 11:00,0.0
5,01.05 12:00,0.0
5,01.05 13:00,0.0
5,01.05 14:00,0.0
5,01.05 15:00,0.0
5,01.05 16:00,0.0
5,01.05 17:00,0.0
5,01.05 18:00,0.0
5,01.05 19:00,0.0
5,01.05 20:00,0.0
5,01.05 21:00,0.0
5,01.05 22:00,0.0
5,01.05 23:00,0.0
5,02.05 00:00,0.0
5,02.05 01:00,0.0
5,02.05 02:00,0.0
5,02.05 03:00,0.0
5,02.05 04:00,0.0
5,02.05 05:00,0.0
5,02.05 06:00,0.0
5,02.05 07:00,0.0
5,02.05 08:00,0.0
5,02.05 09:00,0.0
5,02.05 10:00,0.0
5,02.05 11:00,0.0
5,02.05 12:00,0.0
5,02.05 13:00,0.0
5,02.05 14:00,0.0
5,02.05 15:00,0.0
5,02.05 16:00,0.0
5,02.05 17:00,0.0
5,02.05 18:00,0.0
5,02.05 19:00,0.0
5,02.05 20:00,0.0
5,02.05 21:00,0.0
5,02.05 22:00,0.0
5,02.05 23:00,0.0
5,03.05 00:00,0.0
5,03.05 01:00,0.0
5,03.05 02:00,0.0
5,03.05 03:00,0.0
5,03.05 04:00,0.0
5,03.05 05:00,0.0
5,03.05 06:00,0.0
5,03.05 07:00,0.0
5,03.05 08:00,0.0
5,03.05 09:00,0.0
5,03.05 10:00,0.0
5,03.05 11:00,0.0
5,03.05 12:00,0.0
5,03.05 13:00,0.0
5,03.05 14:00,0.0
5,03.05 15:00,0.0
5,03.05 16:00,0.0
5,03.05 17:00,0.0
5,03.05 18:00,0.0
5,03.05 19:00,0.0
5,03.05 20:00,0.0
5,03.05 21:00,0.0
5,03.05 22:00,0.0
5,03.05 23:00,0.0
5,04.05 00:00,0.0
5,04.05 01:00,0.0
5,04.05 02:00,0.0
5,04.05 03:00,0.0
5,04.05 04:00,0.0
5,04.05 05:00,0.0
5,04.05 06:00,0.0
5,04.05 07:00,0.0
5,04.05 08:00,0.0
5,04.05 09:00,0.0
5,04.05 10:00,0.0
5,04.05 11:00,0.0
5,04.05 12:00,0.0
5,04.05 13:00,0.0
5,04.05 14:00,0.0
5,04.05 15:00,0.0
5,04.05 16:00,0.0
5,04.05 17:00,0.0
5,04.05 18:00,0.0
5,04.05 19:00,0.0
5,04.05 20:00,0.0
5,04.05 21:00,0.0
5,04.05 22:00,0.0
5,04.05 23:00,0.0
5,05.05 00:00,0.0
5,05.05 01:00,0.0
5,05.05 02:00,0.0
5,05.05 03:00,0.0
5,05.05 04:00,0.0
5,05.05 05:00,0.0
5,05.05 06:00,0.0
5,05.05 07:00,0.0
5,05.05 08:00,0.0
5,05.05 09:00,0.0
5,05.05 10:00,0.0
5,05.05 11:00,0.0
5,05.05 12:00,0.0
5,05.05 13:00,0.0
5,05.05 14:00,0.0
5,05.05 15:00,0.0
5,05.05 16:00,0.0
5,05.05 17:00,0.0
5,05.05 18:00,0.0
5,05.05 19:00,0.0
5,05.05 20:00,0.0
5,05.05 21:00,0.0
5,05.05 22:00,0.0
5,05.05 23:00,0.0
5,06.05 00:00,0.0
5,06.05 01:00,0.0
5,06.05 02:00,0.0
5,06.05 03:00,0.0
5,06.05 04:00,0.0
5,06.05 05:00,0.0
5,06.05 06:00,0.0
5,06.05 07:00,0.0
5,06.05 08:00,0.0
5,06.05 09:00,0.0
5,06.05 10:00,0.0
5,06.05 11:00,0.0
5,06.05 12:00,0.0
5,06.05 13:00,0.0
5,06.05 14:00,0.0
5,06.05 15:00,0.0
5,06.05 16:00,0.0
5,06.05 17:00,0.0
5,06.05 18:00,0.0
5,06.05 19:00,0.0
5,06.05 20:00,0.0
5,06.05 21:00,0.0
5,06.05 22:00,0.0
5,06.05 23:00,0.0
5,07.05 00:00,0.0
5,07.05 01:00,0.0
5,07.05 02:00,0.0
5,07.05 03:00,0.0
5,07.05 04:00,0.0
5,07.05 05:00,0.0
5,07.05 06:00,0.0
5,07.05 07:00,0.0
5,07.05 08:00,0.0
5,07.05 09:00,0.0
5,07.05 10:00,0.0
5,07.05 11:00,0.0
5,07.05 12:00,0.0
5,07.05 13:00,0.0
5,07.05 14:00,0.0
5,07.05 15:00,0.0
5,07.05 16:00,0.0
5,07.05 17:00,0.0
5,07.05 18:00,0.0
5,07.05 19:00,0.0
5,07.05 20:00,0.0
5,07.05 21:00,0.0
5,07.05 22:00,0.0
5,07.05 23:00,0.0
5,08.05 00:00,0.0
5,08.05 01:00,0.0
5,08.05 02:00,0.0
5,08.05 03:00,0.0
5,08.05 04:00,0.0
5,08.05 05:00,0.0
5,08.05 06:00,0.0
5,08.05 07:00,0.0
5,08.05 08:00,0.0
5,08.05 09:00,0.0
5,08.05 10:00,0.0
5,08.05 11:00,0.0
5,08.05 12:00,0.0
5,08.05 13:00,0.0
5,08.05 14:00,0.0
5,08.05 15:00,0.0
5,08.05 16:00,0.0
5,08.05 17:00,0.0
5,08.05 18:00,0.0
5,08.05 19:00,0.0
5,08.05 20:00,0.0
5,08.05 21:00,0.0
5,08.05 22:00,0.0
5,08.05 23:00,0.0
5,09.05 00:00,0.0
5,09.05 01:00,0.0
5,09.05 02:00,0.0
5,09.05 03:00,0.0
5,09.05 04:00,0.0
5,09.05 05:00,0.0
5,09.05 06:00,0.0
5,09.05 07:00,0.0
5,09.05 08:00,0.0
5,09.05 09:00,0.0
5,09.05 10:00,0.0
5,09.05 11:00,0.0
5,09.05 12:00,0.0
5,09.05 13:00,0.0
5,09.05 14:00,0.0
5,09.05 15:00,0.0
5,09.05 16:00,0.0
5,09.05 17:00,0.0
5,09.05 18:00,0.0
5,09.05 19:00,0.0
5,09.05 20:00,0.0
5,09.05 21:00,0.0
5,09.05 22:00,0.0
5,09.05 23:00,0.0
5,10.05 00:00,0.0
5,10.05 01:00,0.0
5,10.05 02:00,0.0
5,10.05 03:00,0.0
5,10.05 04:00,0.0
5,10.05 05:00,0.0
5,10.05 06:00,0.0
5,10.05 07:00,0.0
5,10.05 08:00,0.0
5,10.05 09:00,0.0
5,10.05 10:00,0.0
5,10.05 11:00,0.0
5,10.05 12:00,0.0
5,10.05 13:00,0.0
5,10.05 14:00,0.0
5,10.05 15:00,0.0
5,10.05 16:00,0.0
5,10.05 17:00,0.0
5,10.05 18:00,0.0
5,10.05 19:00,0.0
5,10.05 20:00,0.0
5,10.05 21:00,0.0
5,10.05 22:00,0.0
5,10.05 23:00,0.0
5,11.05 00:00,0.0
5,11.05 01:00,0.0
5,11.05 02:00,0.0
5,11.05 03:00,0.0
5,11.05 04:00,0.0
5,11.05 05:00,0.0
5,11.05 06:00,0.0
5,11.05 07:00,0.0
5,11.05 08:00,0.0
5,11.05 09:00,0.0
5,11.05 10:00,0.0
5,11.05 11:00,0.0
5,11.05 12:00,0.0
5,11.05 13:00,0.0
5,11.05 14:00,0.0
5,11.05 15:00,0.0
5,11.05 16:00,0.0
5,11.05 17:00,0.0
5,11.05 18:00,0.0
5,11.05 19:00,0.0
5,11.05 20:00,0.0
5,11.05 21:00,0.0
5,11.05 22:00,0.0
5,11.05 23:00,0.0
5,12.05 00:00,0.0
5,12.05 01:00,0.0
5,12.05 02:00,0.0
5,12.05 03:00,0.0
5,12.05 04:00,0.0
5,12.05 05:00,0.0
5,12.05 06:00,0.0
5,12.05 07:00,0.0
5,12.05 08:00,0.0
5,12.05 09:00,0.0
5,12.05 10:00,0.0
5,12.05 11:00,0.0
5,12.05 12:00,0.0
5,12.05 13:00,0.0
5,12.05 14:00,0.0
5,12.05 15:00,0.0
5,12.05 16:00,0.0
5,12.05 17:00,0.0
5,12.05 18:00,0.0
5,12.05 19:00,0.0
5,12.05 20:00,0.0
5,12.05 21:00,0.0
5,12.05 22:00,0.0
5,12.05 23:00,0.0
5,13.05 00:00,0.0
5,13.05 01:00,0.0
5,13.05 02:00,0.0
5,13.05 03:00,0.0
5,13.05 04:00,0.0
5,13.05 05:00,0.0
5,13.05 06:00,0.0
5,13.05 07:00,0.0
5,13.05 08:00,0.0
5,13.05 09:00,0.0
5,13.05 10:00,0.0
5,13.05 11:00,0.0
5,13.05 12:00,0.0
5,13.05 13:00,0.0
5,13.05 14:00,0.0
5,13.05 15:00,0.0
5,13.05 16:00,0.0
5,13.05 17:00,0.0
5,13.05 18:00,0.0
5,13.05 19:00,0.0
5,13.05 20:00,0.0
5,13.05 21:00,0.0
5,13.05 22:00,0.0
5,13.05 23:00,0.0
5,14.05 00:00,0.0
5,14.05 01:00,0.0
5,14.05 02:00,0.0
5,14.05 03:00,0.0
5,14.05 04:00,0.0
5,14.05 05:00,0.0
5,14.05 06:00,0.0
5,14.05 07:00,0.0
5,14.05 08:00,0.0
5,14.05 09:00,0.0
5,14.05 10:00,0.0
5,14.05 11:00,0.0
5,14.05 12:00,0.0
5,14.05 13:00,0.0
5,14.05 14:00,0.0
5,14.05 15:00,0.0
5,14.05 16:00,0.0
5,14.05 17:00,0.0
5,14.05 18:00,0.0
5,14.05 19:00,0.0
5,14.05 20:00,0.0
5,14.05 21:00,0.0
5,14.05 22:00,0.0
5,14.05 23:00,0.0
5,15.05 00:00,0.0
5,15.05 01:00,0.0
5,15.05 02:00,0.0
5,15.05 03:00,0.0
5,15.05 04:00,0.0
5,15.05 05:00,0.0
5,15.05 06:00,0.0
5,15.05 07:00,0.0
5,15.05 08:00,0.0
5,15.05 09:00,0.0
5,15.05 10:00,0.0
5,15.05 11:00,0.0
5,15.05 12:00,0.0
5,15.05 13:00,0.0
5,15.05 14:00,0.0
5,15.05 15:00,0.0
5,15.05 16:00,0.0
5,15.05 17:00,0.0
5,15.05 18:00,0.0
5,15.05 19:00,0.0
5,15.05 20:00,0.0
5,15.05 21:00,0.0
5,15.05 22:00,0.0
5,15.05 23:00,0.0
5,16.05 00:00,0.0
5,16.05 01:00,0.0
5,16.05 02:00,0.0
5,16.05 03:00,0.0
5,16.05 04:00,0.0
5,16.05 05:00,0.0
5,16.05 06:00,0.0
5,16.05 07:00,0.0
5,16.05 08:00,0.0
5,16.05 09:00,0.0
5,16.05 10:00,0.0
5,16.05 11:00,0.0
5,16.05 12:00,0.0
5,16.05 13:00,0.0
5,16.05 14:00,0.0
5,16.05 15:00,0.0
5,16.05 16:00,0.0
5,16.05 17:00,0.0
5,16.05 18:00,0.0
5,16.05 19:00,0.0
5,16.05 20:00,0.0
5,16.05 21:00,0.0
5,16.05 22:00,0.0
5,16.05 23:00,0.0
5,17.05 00:00,0.0
5,17.05 01:00,0.0
5,17.05 02:00,0.0
5,17.05 03:00,0.0
5,17.05 04:00,0.0
5,17.05 05:00,0.0
5,17.05 06:00,0.0
5,17.05 07:00,0.0
5,17.05 08:00,0.0
5,17.05 09:00,0.0
5,17.05 10:00,0.0
5,17.05 11:00,0.0
5,17.05 12:00,0.0
5,17.05 13:00,0.0
5,17.05 14:00,0.0
5,17.05 15:00,0.0
5,17.05 16:00,0.0
5,17.05 17:00,0.0
5,17.05 18:00,0.0
5,17.05 19:00,0.0
5,17.05 20:00,0.0
5,17.05 21:00,0.0
5,17.05 22:00,0.0
5,17.05 23:00,0.0
5,18.05 00:00,0.0
5,18.05 01:00,0.0
5,18.05 02:00,0.0
5,18.05 03:00,0.0
5,18.05 04:00,0.0
5,18.05 05:00,0.0
5,18.05 06:00,0.0
5,18.05 07:00,0.0
5,18.05 08:00,0.0
5,18.05 09:00,0.0
5,18.05 10:00,0.0
5,18.05 11:00,0.0
5,18.05 12:00,0.0
5,18.05 13:00,0.0
5,18.05 14:00,0.0
5,18.05 15:00,0.0
5,18.05 16:00,0.0
5,18.05 17:00,0.0
5,18.05 18:00,0.0
5,18.05 19:00,0.0
5,18.05 20:00,0.0
5,18.05 21:00,0.0
5,18.05 22:00,0.0
5,18.05 23:00,0.0
5,19.05 00:00,0.0
5,19.05 01:00,0.0
5,19.05 02:00,0.0
5,19.05 03:00,0.0
5,19.05 04:00,0.0
5,19.05 05:00,0.0
5,19.05 06:00,0.0
5,19.05 07:00,0.0
5,19.05 08:00,0.0
5,19.05 09:00,0.0
5,19.05 10:00,0.0
5,19.05 11:00,0.0
5,19.05 12:00,0.0
5,19.05 13:00,0.0
5,19.05 14:00,0.0
5,19.05 15:00,0.0
5,19.05 16:00,0.0
5,19.05 17:00,0.0
5,19.05 18:00,0.0
5,19.05 19:00,0.0
5,19.05 20:00,0.0
5,19.05 21:00,0.0
5,19.05 22:00,0.0
5,19.05 23:00,0.0
5,20.05 00:00,0.0
5,20.05 01:00,0.0
5,20.05 02:00,0.0
5,20.05 03:00,0.0
5,20.05 04:00,0.0
5,20.05 05:00,0.0
5,20.05 06:00,0.0
5,20.05 07:00,0.0
5,20.05 08:00,0.0
5,20.05 09:00,0.0
5,20.05 10:00,0.0
5,20.05 11:00,0.0
5,20.05 12:00,0.0
5,20.05 13:00,0.0
5,20.05 14:00,0.0
5,20.05 15:00,0.0
5,20.05 16:00,0.0
5,20.05 17:00,0.0
5,20.05 18:00,135.082
5,20.05 19:00,170.29
5,20.05 20:00,167.595
5,20.05 21:00,167.453
5,20.05 22:00,170.032
5,20.05 23:00,170.174
5,21.05 00:00,165.465
5,21.05 01:00,166.621
5,21.05 02:00,161.422
5,21.05 03:00,160.604
5,21.05 04:00,156.816
5,21.05 05:00,158.75
5,21.05 06:00,154.685
5,21.05 07:00,155.634
5,21.05 08:00,162.591
5,21.05 09:00,173.353
5,21.05 10:00,175.8
5,21.05 11:00,175.726
5,21.05 12:00,179.941
5,21.05 13:00,182.168
5,21.05 14:00,181.818
5,21.05 15:00,169.534
5,21.05 16:00,152.602
5,21.05 17:00,155.655
5,21.05 18:00,154.932
5,21.05 19:00,156.207
5,21.05 20:00,154.97
5,21.05 21:00,155.527
5,21.05 22:00,150.59
5,21.05 23:00,149.499
5,22.05 00:00,150.417
5,22.05 01:00,151.902
5,22.05 02:00,159.942
5,22.05 03:00,155.47
5,22.05 04:00,153.906
5,22.05 05:00,155.409
5,22.05 06:00,155.024
5,22.05 07:00,153.164
5,22.05 08:00,153.75
5,22.05 09:00,152.858
5,22.05 10:00,153.498
5,22.05 11:00,154.838
5,22.05 12:00,152.794
5,22.05 13:00,153.907
5,22.05 14:00,153.538
5,22.05 15:00,156.044
5,22.05 16:00,158.123
5,22.05 17:00,157.614
5,22.05 18:00,153.009
5,22.05 19:00,152.345
5,22.05 20:00,152.809
5,22.05 21:00,150.172
5,22.05 22:00,153.416
5,22.05 23:00,150.048
5,23.05 00:00,149.586
5,23.05 01:00,149.755
5,23.05 02:00,145.139
5,23.05 03:00,150.163
5,23.05 04:00,148.057
5,23.05 05:00,151.125
5,23.05 06:00,154.589
5,23.05 07:00,154.089
5,23.05 08:00,159.648
5,23.05 09:00,163.476
5,23.05 10:00,165.154
5,23.05 11:00,165.478
5,23.05 12:00,168.306
5,23.05 13:00,175.28
5,23.05 14:00,179.925
5,23.05 15:00,174.323
5,23.05 16:00,177.895
5,23.05 17:00,156.57
5,23.05 18:00,149.854
5,23.05 19:00,161.104
5,23.05 20:00,156.49
5,23.05 21:00,156.063
5,23.05 22:00,157.943
5,23.05 23:00,154.27
5,24.05 00:00,154.253
5,24.05 01:00,152.792
5,24.05 02:00,154.169
5,24.05 03:00,151.063
5,24.05 04:00,150.25
5,24.05 05:00,151.172
5,24.05 06:00,146.581
5,24.05 07:00,146.544
5,24.05 08:00,158.627
5,24.05 09:00,165.349
5,24.05 10:00,166.168
5,24.05 11:00,164.444
5,24.05 12:00,167.681
5,24.05 13:00,169.307
5,24.05 14:00,165.808
5,24.05 15:00,167.476
5,24.05 16:00,165.085
5,24.05 17:00,157.835
5,24.05 18:00,157.887
5,24.05 19:00,160.388
5,24.05 20:00,160.68
5,24.05 21:00,158.53
5,24.05 22:00,156.632
5,24.05 23:00,153.155
5,25.05 00:00,152.943
5,25.05 01:00,151.857
5,25.05 02:00,151.635
5,25.05 03:00,152.47
5,25.05 04:00,151.106
5,25.05 05:00,150.941
5,25.05 06:00,154.735
5,25.05 07:00,155.261
5,25.05 08:00,161.835
5,25.05 09:00,168.709
5,25.05 10:00,168.107
5,25.05 11:00,166.944
5,25.05 12:00,167.667
5,25.05 13:00,167.516
5,25.05 14:00,169.188
5,25.05 15:00,164.406
5,25.05 16:00,161.283
5,25.05 17:00,159.343
5,25.05 18:00,158.847
5,25.05 19:00,159.303
5,25.05 20:00,155.323
5,25.05 21:00,154.533
5,25.05 22:00,153.965
5,25.05 23:00,152.099
5,26.05 00:00,151.626
5,26.05 01:00,149.667
5,26.05 02:00,153.359
5,26.05 03:00,143.386
5,26.05 04:00,126.258
5,26.05 05:00,128.218
5,26.05 06:00,130.717
5,26.05 07:00,137.006
5,26.05 08:00,174.177
5,26.05 09:00,178.653
5,26.05 10:00,181.663
5,26.05 11:00,192.268
5,26.05 12:00,191.791
5,26.05 13:00,189.121
5,26.05 14:00,182.582
5,26.05 15:00,186.467
5,26.05 16:00,187.08
5,26.05 17:00,183.295
5,26.05 18:00,179.687
5,26.05 19:00,172.909
5,26.05 20:00,171.099
5,26.05 21:00,165.409
5,26.05 22:00,152.68
5,26.05 23:00,149.159
5,27.05 00:00,149.278
5,27.05 01:00,151.25
5,27.05 02:00,151.22
5,27.05 03:00,149.192
5,27.05 04:00,148.598
5,27.05 05:00,150.375
5,27.05 06:00,149.611
5,27.05 07:00,151.258
5,27.05 08:00,155.693
5,27.05 09:00,160.939
5,27.05 10:00,160.039
5,27.05 11:00,159.418
5,27.05 12:00,165.007
5,27.05 13:00,164.73
5,27.05 14:00,162.456
5,27.05 15:00,165.269
5,27.05 16:00,166.717
5,27.05 17:00,161.663
5,27.05 18:00,160.782
5,27.05 19:00,155.66
5,27.05 20:00,165.576
5,27.05 21:00,162.738
5,27.05 22:00,157.503
5,27.05 23:00,150.172
5,28.05 00:00,150.691
5,28.05 01:00,152.918
5,28.05 02:00,157.565
5,28.05 03:00,155.042
5,28.05 04:00,155.045
5,28.05 05:00,151.378
5,28.05 06:00,150.653
5,28.05 07:00,149.692
5,28.05 08:00,149.419
5,28.05 09:00,154.651
5,28.05 10:00,152.815
5,28.05 11:00,152.06
5,28.05 12:00,155.875
5,28.05 13:00,154.986
5,28.05 14:00,154.087
5,28.05 15:00,157.722
5,28.05 16:00,155.29
5,28.05 17:00,160.091
5,28.05 18:00,157.731
5,28.05 19:00,160.96
5,28.05 20:00,159.231
5,28.05 21:00,157.848
5,28.05 22:00,158.692
5,28.05 23:00,155.728
5,29.05 00:00,156.111
5,29.05 01:00,156.129
5,29.05 02:00,156.146
5,29.05 03:00,154.745
5,29.05 04:00,155.307
5,29.05 05:00,155.204
5,29.05 06:00,155.932
5,29.05 07:00,155.244
5,29.05 08:00,153.816
5,29.05 09:00,155.052
5,29.05 10:00,156.525
5,29.05 11:00,156.506
5,29.05 12:00,158.191
5,29.05 13:00,159.514
5,29.05 14:00,160.322
5,29.05 15:00,161.159
5,29.05 16:00,163.883
5,29.05 17:00,161.307
5,29.05 18:00,161.273
5,29.05 19:00,159.519
5,29.05 20:00,157.715
5,29.05 21:00,156.717
5,29.05 22:00,156.111
5,29.05 23:00,156.279
5,30.05 00:00,156.208
5,30.05 01:00,157.638
5,30.05 02:00,157.153
5,30.05 03:00,155.556
5,30.05 04:00,156.272
5,30.05 05:00,157.83
5,30.05 06:00,157.755
5,30.05 07:00,157.756
5,30.05 08:00,155.6
5,30.05 09:00,155.585
5,30.05 10:00,158.01
5,30.05 11:00,157.376
5,30.05 12:00,159.3
5,30.05 13:00,158.462
5,30.05 14:00,159.348
5,30.05 15:00,161.969
5,30.05 16:00,160.293
5,30.05 17:00,158.536
5,30.05 18:00,158.345
5,30.05 19:00,158.387
5,30.05 20:00,159.575
5,30.05 21:00,158.158
5,30.05 22:00,157.18
5,30.05 23:00,156.923
5,31.05 00:00,158.127
5,31.05 01:00,156.803
5,31.05 02:00,156.485
5,31.05 03:00,157.552
5,31.05 04:00,157.185
5,31.05 05:00,157.478
5,31.05 06:00,149.658
5,31.05 07:00,148.605
5,31.05 08:00,163.018
5,31.05 09:00,168.161
5,31.05 10:00,172.634
5,31.05 11:00,174.296
5,31.05 12:00,172.8
5,31.05 13:00,172.237
5,31.05 14:00,174.636
5,31.05 15:00,170.589
5,31.05 16:00,174.285
5,31.05 17:00,166.632
5,31.05 18:00,163.515
5,31.05 19:00,159.318
5,31.05 20:00,158.888
5,31.05 21:00,161.199
5,31.05 22:00,159.797
5,31.05 23:00,157.73
5,01.06 00:00,154.869
5,01.06 01:00,155.937
5,01.06 02:00,156.257
5,01.06 03:00,155.81
5,01.06 04:00,150.931
5,01.06 05:00,153.197
5,01.06 06:00,158.662
5,01.06 07:00,158.137
5,01.06 08:00,166.059
5,01.06 09:00,171.263
5,01.06 10:00,173.493
5,01.06 11:00,175.842
5,01.06 12:00,173.897
5,01.06 13:00,181.509
5,01.06 14:00,182.505
5,01.06 15:00,180.852
5,01.06 16:00,175.688
5,01.06 17:00,171.568
5,01.06 18:00,164.088
5,01.06 19:00,163.189
5,01.06 20:00,163.662
5,01.06 21:00,163.744
5,01.06 22:00,162.376
5,01.06 23:00,158.094
5,02.06 00:00,155.862
5,02.06 01:00,156.765
5,02.06 02:00,156.178
5,02.06 03:00,156.559
5,02.06 04:00,155.569
5,02.06 05:00,157.739
5,02.06 06:00,158.242
5,02.06 07:00,162.756
5,02.06 08:00,168.296
5,02.06 09:00,174.598
5,02.06 10:00,176.399
5,02.06 11:00,178.428
5,02.06 12:00,179.017
5,02.06 13:00,179.256
5,02.06 14:00,183.554
5,02.06 15:00,181.683
5,02.06 16:00,180.219
5,02.06 17:00,174.371
5,02.06 18:00,169.417
5,02.06 19:00,166.712
5,02.06 20:00,166.003
5,02.06 21:00,163.048
5,02.06 22:00,163.653
5,02.06 23:00,154.101
5,03.06 00:00,160.015
5,03.06 01:00,157.959
5,03.06 02:00,156.057
5,03.06 03:00,156.054
5,03.06 04:00,154.865
5,03.06 05:00,157.758
5,03.06 06:00,157.662
5,03.06 07:00,160.982
5,03.06 08:00,165.193
5,03.06 09:00,178.15
5,03.06 10:00,180.185
5,03.06 11:00,180.53
5,03.06 12:00,182.799
5,03.06 13:00,181.833
5,03.06 14:00,184.426
5,03.06 15:00,238.727
5,03.06 16:00,223.402
5,03.06 17:00,224.746
5,03.06 18:00,205.731
5,03.06 19:00,198.79
5,03.06 20:00,194.615
5,03.06 21:00,192.072
5,03.06 22:00,192.18
5,03.06 23:00,193.625
5,04.06 00:00,190.309
5,04.06 01:00,170.936
5,04.06 02:00,154.965
5,04.06 03:00,153.119
5,04.06 04:00,154.515
5,04.06 05:00,154.507
5,04.06 06:00,152.845
5,04.06 07:00,152.329
5,04.06 08:00,152.854
5,04.06 09:00,153.97
5,04.06 10:00,154.428
5,04.06 11:00,38.72
5,04.06 12:00,57.925
5,04.06 13:00,193.68
5,04.06 14:00,196.714
5,04.06 15:00,195.287
5,04.06 16:00,202.945
5,04.06 17:00,199.925
5,04.06 18:00,196.656
5,04.06 19:00,193.848
5,04.06 20:00,195.084
5,04.06 21:00,193.582
5,04.06 22:00,193.713
5,04.06 23:00,187.349
5,05.06 00:00,194.301
5,05.06 01:00,194.586
5,05.06 02:00,197.249
5,05.06 03:00,193.018
5,05.06 04:00,192.007
5,05.06 05:00,183.189
5,05.06 06:00,175.989
5,05.06 07:00,174.508
5,05.06 08:00,171.806
5,05.06 09:00,173.108
5,05.06 10:00,172.167
5,05.06 11:00,175.395
5,05.06 12:00,173.459
5,05.06 13:00,177.93
5,05.06 14:00,178.604
5,05.06 15:00,169.196
5,05.06 16:00,182.722
5,05.06 17:00,174.488
5,05.06 18:00,177.279
5,05.06 19:00,172.057
5,05.06 20:00,170.96
5,05.06 21:00,170.602
5,05.06 22:00,172.637
5,05.06 23:00,171.76
5,06.06 00:00,174.242
5,06.06 01:00,174.042
5,06.06 02:00,175.133
5,06.06 03:00,175.98
5,06.06 04:00,176.678
5,06.06 05:00,177.115
5,06.06 06:00,175.565
5,06.06 07:00,180.051
5,06.06 08:00,197.915
5,06.06 09:00,212.413
5,06.06 10:00,214.845
5,06.06 11:00,214.538
5,06.06 12:00,212.255
5,06.06 13:00,213.007
5,06.06 14:00,211.214
5,06.06 15:00,211.218
5,06.06 16:00,205.626
5,06.06 17:00,198.951
5,06.06 18:00,190.912
5,06.06 19:00,194.013
5,06.06 20:00,192.334
5,06.06 21:00,187.131
5,06.06 22:00,178.688
5,06.06 23:00,188.128
5,07.06 00:00,192.258
5,07.06 01:00,196.843
5,07.06 02:00,198.335
5,07.06 03:00,184.689
5,07.06 04:00,203.013
5,07.06 05:00,198.01
5,07.06 06:00,189.943
5,07.06 07:00,195.116
5,07.06 08:00,203.301
5,07.06 09:00,205.513
5,07.06 10:00,208.992
5,07.06 11:00,215.651
5,07.06 12:00,210.104
5,07.06 13:00,211.159
5,07.06 14:00,218.473
5,07.06 15:00,219.384
5,07.06 16:00,218.82
5,07.06 17:00,218.649
5,07.06 18:00,208.073
5,07.06 19:00,208.642
5,07.06 20:00,202.3
5,07.06 21:00,200.473
5,07.06 22:00,191.73
5,07.06 23:00,191.129
5,08.06 00:00,187.16
5,08.06 01:00,175.425
5,08.06 02:00,174.784
5,08.06 03:00,173.129
5,08.06 04:00,172.419
5,08.06 05:00,173.572
5,08.06 06:00,176.118
5,08.06 07:00,181.071
5,08.06 08:00,189.675
5,08.06 09:00,192.662
5,08.06 10:00,192.453
5,08.06 11:00,195.752
5,08.06 12:00,195.621
5,08.06 13:00,201.162
5,08.06 14:00,200.638
5,08.06 15:00,199.554
5,08.06 16:00,194.437
5,08.06 17:00,185.686
5,08.06 18:00,181.167
5,08.06 19:00,180.376
5,08.06 20:00,177.734
5,08.06 21:00,176.286
5,08.06 22:00,178.079
5,08.06 23:00,174.654
5,09.06 00:00,165.418
5,09.06 01:00,174.588
5,09.06 02:00,172.616
5,09.06 03:00,172.174
5,09.06 04:00,172.961
5,09.06 05:00,173.704
5,09.06 06:00,174.571
5,09.06 07:00,177.319
5,09.06 08:00,181.259
5,09.06 09:00,188.733
5,09.06 10:00,188.733
5,09.06 11:00,188.89
5,09.06 12:00,187.858
5,09.06 13:00,189.871
5,09.06 14:00,187.24
5,09.06 15:00,185.775
5,09.06 16:00,188.846
5,09.06 17:00,184.268
5,09.06 18:00,176.864
5,09.06 19:00,177.151
5,09.06 20:00,176.401
5,09.06 21:00,174.611
5,09.06 22:00,177.519
5,09.06 23:00,174.161
5,10.06 00:00,172.199
5,10.06 01:00,174.679
5,10.06 02:00,177.713
5,10.06 03:00,176.629
5,10.06 04:00,174.666
5,10.06 05:00,173.273
5,10.06 06:00,177.732
5,10.06 07:00,179.711
5,10.06 08:00,180.56
5,10.06 09:00,185.668
5,10.06 10:00,185.47
5,10.06 11:00,186.531
5,10.06 12:00,184.452
5,10.06 13:00,187.594
5,10.06 14:00,195.333
5,10.06 15:00,226.491
5,10.06 16:00,218.186
5,10.06 17:00,212.193
5,10.06 18:00,209.188
5,10.06 19:00,204.951
5,10.06 20:00,198.656
5,10.06 21:00,193.559
5,10.06 22:00,196.974
5,10.06 23:00,193.142
5,11.06 00:00,192.877
5,11.06 01:00,188.263
5,11.06 02:00,185.552
5,11.06 03:00,188.671
5,11.06 04:00,184.039
5,11.06 05:00,185.487
5,11.06 06:00,176.834
5,11.06 07:00,183.77
5,11.06 08:00,173.868
5,11.06 09:00,170.98
5,11.06 10:00,171.934
5,11.06 11:00,173.056
5,11.06 12:00,44.043
5,11.06 13:00,0.0
5,11.06 14:00,130.449
5,11.06 15:00,175.197
5,11.06 16:00,174.95
5,11.06 17:00,174.645
5,11.06 18:00,176.219
5,11.06 19:00,178.595
5,11.06 20:00,175.138
5,11.06 21:00,174.392
5,11.06 22:00,177.175
5,11.06 23:00,172.157
5,12.06 00:00,172.686
5,12.06 01:00,173.002
5,12.06 02:00,172.12
5,12.06 03:00,172.683
5,12.06 04:00,171.637
5,12.06 05:00,172.452
5,12.06 06:00,171.965
5,12.06 07:00,172.152
5,12.06 08:00,172.93
5,12.06 09:00,173.241
5,12.06 10:00,173.512
5,12.06 11:00,175.801
5,12.06 12:00,175.223
5,12.06 13:00,176.64
5,12.06 14:00,169.735
5,12.06 15:00,179.063
5,12.06 16:00,176.502
5,12.06 17:00,177.194
5,12.06 18:00,174.535
5,12.06 19:00,177.239
5,12.06 20:00,175.333
5,12.06 21:00,173.929
5,12.06 22:00,174.708
5,12.06 23:00,172.332
5,13.06 00:00,173.422
5,13.06 01:00,176.584
5,13.06 02:00,175.909
5,13.06 03:00,173.208
5,13.06 04:00,174.703
5,13.06 05:00,173.731
5,13.06 06:00,174.104
5,13.06 07:00,178.575
5,13.06 08:00,184.14
5,13.06 09:00,186.037
5,13.06 10:00,190.948
5,13.06 11:00,219.568
5,13.06 12:00,230.002
5,13.06 13:00,232.331
5,13.06 14:00,232.998
5,13.06 15:00,240.887
5,13.06 16:00,229.747
5,13.06 17:00,216.088
5,13.06 18:00,209.53
5,13.06 19:00,204.267
5,13.06 20:00,200.581
5,13.06 21:00,200.62
5,13.06 22:00,199.173
5,13.06 23:00,196.157
5,14.06 00:00,196.979
5,14.06 01:00,206.244
5,14.06 02:00,197.937
5,14.06 03:00,197.081
5,14.06 04:00,200.68
5,14.06 05:00,202.468
5,14.06 06:00,191.577
5,14.06 07:00,192.683
5,14.06 08:00,216.616
5,14.06 09:00,214.006
5,14.06 10:00,216.069
5,14.06 11:00,221.873
5,14.06 12:00,220.235
5,14.06 13:00,217.292
5,14.06 14:00,222.556
5,14.06 15:00,221.046
5,14.06 16:00,225.206
5,14.06 17:00,217.635
5,14.06 18:00,206.883
5,14.06 19:00,200.975
5,14.06 20:00,198.355
5,14.06 21:00,193.061
5,14.06 22:00,191.577
5,14.06 23:00,188.256
5,15.06 00:00,183.956
5,15.06 01:00,184.396
5,15.06 02:00,183.897
5,15.06 03:00,184.897
5,15.06 04:00,184.987
5,15.06 05:00,187.925
5,15.06 06:00,193.701
5,15.06 07:00,196.707
5,15.06 08:00,209.462
5,15.06 09:00,206.306
5,15.06 10:00,217.702
5,15.06 11:00,245.685
5,15.06 12:00,227.921
5,15.06 13:00,230.283
5,15.06 14:00,226.448
5,15.06 15:00,229.263
5,15.06 16:00,216.664
5,15.06 17:00,222.794
5,15.06 18:00,217.938
5,15.06 19:00,214.778
5,15.06 20:00,206.743
5,15.06 21:00,203.264
5,15.06 22:00,206.326
5,15.06 23:00,204.085
5,16.06 00:00,200.244
5,16.06 01:00,198.263
5,16.06 02:00,204.362
5,16.06 03:00,200.184
5,16.06 04:00,200.892
5,16.06 05:00,200.891
5,16.06 06:00,195.196
5,16.06 07:00,199.606
5,16.06 08:00,217.042
5,16.06 09:00,230.581
5,16.06 10:00,229.276
5,16.06 11:00,237.129
5,16.06 12:00,219.79
5,16.06 13:00,229.382
5,16.06 14:00,225.996
5,16.06 15:00,218.241
5,16.06 16:00,220.649
5,16.06 17:00,208.365
5,16.06 18:00,192.921
5,16.06 19:00,194.419
5,16.06 20:00,197.035
5,16.06 21:00,196.84
5,16.06 22:00,199.301
5,16.06 23:00,193.563
5,17.06 00:00,196.138
5,17.06 01:00,203.359
5,17.06 02:00,193.529
5,17.06 03:00,194.29
5,17.06 04:00,194.714
5,17.06 05:00,196.326
5,17.06 06:00,196.235
5,17.06 07:00,201.049
5,17.06 08:00,207.594
5,17.06 09:00,123.821
5,17.06 10:00,230.264
5,17.06 11:00,235.257
5,17.06 12:00,216.8
5,17.06 13:00,215.668
5,17.06 14:00,214.097
5,17.06 15:00,206.95
5,17.06 16:00,202.017
5,17.06 17:00,198.241
5,17.06 18:00,197.896
5,17.06 19:00,192.311
5,17.06 20:00,190.025
5,17.06 21:00,178.3
5,17.06 22:00,172.205
5,17.06 23:00,170.99
5,18.06 00:00,171.754
5,18.06 01:00,173.164
5,18.06 02:00,174.511
5,18.06 03:00,173.587
5,18.06 04:00,173.963
5,18.06 05:00,175.052
5,18.06 06:00,173.081
5,18.06 07:00,173.117
5,18.06 08:00,175.603
5,18.06 09:00,181.301
5,18.06 10:00,176.494
5,18.06 11:00,179.186
5,18.06 12:00,176.456
5,18.06 13:00,178.838
5,18.06 14:00,181.693
5,18.06 15:00,179.209
5,18.06 16:00,172.725
5,18.06 17:00,170.873
5,18.06 18:00,175.709
5,18.06 19:00,174.008
5,18.06 20:00,173.399
5,18.06 21:00,173.632
5,18.06 22:00,171.764
5,18.06 23:00,173.108
5,19.06 00:00,174.701
5,19.06 01:00,175.053
5,19.06 02:00,175.991
5,19.06 03:00,167.412
5,19.06 04:00,172.897
5,19.06 05:00,174.615
5,19.06 06:00,173.417
5,19.06 07:00,174.499
5,19.06 08:00,174.017
5,19.06 09:00,174.81
5,19.06 10:00,174.045
5,19.06 11:00,172.127
5,19.06 12:00,172.667
5,19.06 13:00,174.863
5,19.06 14:00,176.28
5,19.06 15:00,175.236
5,19.06 16:00,177.541
5,19.06 17:00,178.75
5,19.06 18:00,179.29
5,19.06 19:00,174.382
5,19.06 20:00,164.125
5,19.06 21:00,173.932
5,19.06 22:00,173.165
5,19.06 23:00,170.791
5,20.06 00:00,171.111
5,20.06 01:00,173.3
5,20.06 02:00,172.512
5,20.06 03:00,173.89
5,20.06 04:00,174.558
5,20.06 05:00,168.067
5,20.06 06:00,168.938
5,20.06 07:00,167.694
5,20.06 08:00,180.87
5,20.06 09:00,193.869
5,20.06 10:00,195.899
5,20.06 11:00,196.644
5,20.06 12:00,192.004
5,20.06 13:00,191.718
5,20.06 14:00,194.202
5,20.06 15:00,190.29
5,20.06 16:00,188.29
5,20.06 17:00,185.02
5,20.06 18:00,181.472
5,20.06 19:00,181.484
5,20.06 20:00,178.924
5,20.06 21:00,177.812
5,20.06 22:00,174.771
5,20.06 23:00,169.632
5,21.06 00:00,167.299
5,21.06 01:00,167.153
5,21.06 02:00,165.365
5,21.06 03:00,166.617
5,21.06 04:00,169.811
5,21.06 05:00,168.096
5,21.06 06:00,160.018
5,21.06 07:00,159.012
5,21.06 08:00,182.711
5,21.06 09:00,191.136
5,21.06 10:00,199.501
5,21.06 11:00,206.05
5,21.06 12:00,211.417
5,21.06 13:00,213.019
5,21.06 14:00,213.995
5,21.06 15:00,218.218
5,21.06 16:00,211.837
5,21.06 17:00,204.113
5,21.06 18:00,200.197
5,21.06 19:00,193.653
5,21.06 20:00,194.907
5,21.06 21:00,181.693
5,21.06 22:00,179.885
5,21.06 23:00,175.077
5,22.06 00:00,174.435
5,22.06 01:00,170.808
5,22.06 02:00,155.493
5,22.06 03:00,155.462
5,22.06 04:00,154.552
5,22.06 05:00,156.967
5,22.06 06:00,155.436
5,22.06 07:00,162.329
5,22.06 08:00,183.272
5,22.06 09:00,180.972
5,22.06 10:00,165.798
5,22.06 11:00,172.961
5,22.06 12:00,174.519
5,22.06 13:00,175.444
5,22.06 14:00,178.2
5,22.06 15:00,177.209
5,22.06 16:00,176.266
5,22.06 17:00,172.344
5,22.06 18:00,168.126
5,22.06 19:00,165.262
5,22.06 20:00,163.567
5,22.06 21:00,162.284
5,22.06 22:00,161.446
5,22.06 23:00,160.358
5,23.06 00:00,158.735
5,23.06 01:00,158.584
5,23.06 02:00,157.918
5,23.06 03:00,157.639
5,23.06 04:00,158.27
5,23.06 05:00,158.927
5,23.06 06:00,158.078
5,23.06 07:00,161.608
5,23.06 08:00,204.823
5,23.06 09:00,222.711
5,23.06 10:00,216.76
5,23.06 11:00,219.027
5,23.06 12:00,224.245
5,23.06 13:00,226.563
5,23.06 14:00,229.801
5,23.06 15:00,229.959
5,23.06 16:00,223.168
5,23.06 17:00,219.532
5,23.06 18:00,206.459
5,23.06 19:00,199.978
5,23.06 20:00,196.346
5,23.06 21:00,195.247
5,23.06 22:00,194.26
5,23.06 23:00,172.753
5,24.06 00:00,174.032
5,24.06 01:00,174.422
5,24.06 02:00,173.627
5,24.06 03:00,174.512
5,24.06 04:00,173.629
5,24.06 05:00,174.994
5,24.06 06:00,175.264
5,24.06 07:00,190.592
5,24.06 08:00,207.891
5,24.06 09:00,220.858
5,24.06 10:00,219.771
5,24.06 11:00,222.538
5,24.06 12:00,227.876
5,24.06 13:00,220.57
5,24.06 14:00,227.416
5,24.06 15:00,234.597
5,24.06 16:00,228.56
5,24.06 17:00,224.949
5,24.06 18:00,225.377
5,24.06 19:00,219.173
5,24.06 20:00,213.368
5,24.06 21:00,208.673
5,24.06 22:00,209.103
5,24.06 23:00,202.271
5,25.06 00:00,197.442
5,25.06 01:00,198.025
5,25.06 02:00,194.776
5,25.06 03:00,195.028
5,25.06 04:00,192.487
5,25.06 05:00,190.351
5,25.06 06:00,183.113
5,25.06 07:00,194.263
5,25.06 08:00,200.801
5,25.06 09:00,198.416
5,25.06 10:00,201.372
5,25.06 11:00,201.195
5,25.06 12:00,199.123
5,25.06 13:00,203.393
5,25.06 14:00,205.093
5,25.06 15:00,201.678
5,25.06 16:00,208.573
5,25.06 17:00,206.462
5,25.06 18:00,222.29
5,25.06 19:00,216.97
5,25.06 20:00,210.582
5,25.06 21:00,201.68
5,25.06 22:00,197.431
5,25.06 23:00,200.428
5,26.06 00:00,198.333
5,26.06 01:00,198.195
5,26.06 02:00,192.792
5,26.06 03:00,198.602
5,26.06 04:00,195.084
5,26.06 05:00,195.098
5,26.06 06:00,194.927
5,26.06 07:00,197.184
5,26.06 08:00,200.621
5,26.06 09:00,200.962
5,26.06 10:00,204.516
5,26.06 11:00,204.022
5,26.06 12:00,207.631
5,26.06 13:00,209.154
5,26.06 14:00,210.063
5,26.06 15:00,207.661
5,26.06 16:00,201.839
5,26.06 17:00,189.431
5,26.06 18:00,192.376
5,26.06 19:00,189.76
5,26.06 20:00,182.841
5,26.06 21:00,189.166
5,26.06 22:00,191.816
5,26.06 23:00,189.145
5,27.06 00:00,191.227
5,27.06 01:00,184.551
5,27.06 02:00,182.967
5,27.06 03:00,183.658
5,27.06 04:00,186.176
5,27.06 05:00,181.454
5,27.06 06:00,184.788
5,27.06 07:00,186.762
5,27.06 08:00,205.551
5,27.06 09:00,207.24
5,27.06 10:00,214.162
5,27.06 11:00,219.585
5,27.06 12:00,225.218
5,27.06 13:00,226.749
5,27.06 14:00,225.312
5,27.06 15:00,220.602
5,27.06 16:00,208.16
5,27.06 17:00,205.88
5,27.06 18:00,203.884
5,27.06 19:00,206.906
5,27.06 20:00,204.633
5,27.06 21:00,197.162
5,27.06 22:00,198.175
5,27.06 23:00,197.185
5,28.06 00:00,197.353
5,28.06 01:00,197.521
5,28.06 02:00,195.803
5,28.06 03:00,195.574
5,28.06 04:00,189.325
5,28.06 05:00,190.267
5,28.06 06:00,182.641
5,28.06 07:00,180.019
5,28.06 08:00,196.796
5,28.06 09:00,206.243
5,28.06 10:00,203.495
5,28.06 11:00,203.564
5,28.06 12:00,203.307
5,28.06 13:00,204.722
5,28.06 14:00,206.492
5,28.06 15:00,208.684
5,28.06 16:00,202.23
5,28.06 17:00,197.099
5,28.06 18:00,189.707
5,28.06 19:00,190.095
5,28.06 20:00,188.201
5,28.06 21:00,188.371
5,28.06 22:00,188.055
5,28.06 23:00,188.438
5,29.06 00:00,172.865
5,29.06 01:00,174.374
5,29.06 02:00,175.312
5,29.06 03:00,175.451
5,29.06 04:00,174.51
5,29.06 05:00,176.987
5,29.06 06:00,179.534
5,29.06 07:00,183.632
5,29.06 08:00,205.625
5,29.06 09:00,224.808
5,29.06 10:00,236.523
5,29.06 11:00,235.513
5,29.06 12:00,235.602
5,29.06 13:00,235.308
5,29.06 14:00,219.76
5,29.06 15:00,228.219
5,29.06 16:00,216.875
5,29.06 17:00,198.884
5,29.06 18:00,207.506
5,29.06 19:00,206.049
5,29.06 20:00,208.173
5,29.06 21:00,209.387
5,29.06 22:00,208.255
5,29.06 23:00,203.104
5,30.06 00:00,201.597
5,30.06 01:00,198.445
5,30.06 02:00,197.059
5,30.06 03:00,195.311
5,30.06 04:00,193.847
5,30.06 05:00,192.883
5,30.06 06:00,190.106
5,30.06 07:00,194.91
5,30.06 08:00,203.231
5,30.06 09:00,207.692
5,30.06 10:00,212.318
5,30.06 11:00,214.186
5,30.06 12:00,214.022
5,30.06 13:00,216.015
5,30.06 14:00,220.017
5,30.06 15:00,226.459
5,30.06 16:00,224.93
5,30.06 17:00,199.229
5,30.06 18:00,206.429
5,30.06 19:00,189.877
5,30.06 20:00,191.027
5,30.06 21:00,191.819
5,30.06 22:00,195.0
5,30.06 23:00,191.15
5,01.07 00:00,189.479
5,01.07 01:00,182.716
5,01.07 02:00,182.434
5,01.07 03:00,180.729
5,01.07 04:00,176.303
5,01.07 05:00,182.952
5,01.07 06:00,185.778
5,01.07 07:00,190.393
5,01.07 08:00,199.83
5,01.07 09:00,213.68
5,01.07 10:00,208.226
5,01.07 11:00,192.132
5,01.07 12:00,191.946
5,01.07 13:00,194.769
5,01.07 14:00,233.956
5,01.07 15:00,225.633
5,01.07 16:00,213.898
5,01.07 17:00,201.465
5,01.07 18:00,158.251
5,01.07 19:00,160.36
5,01.07 20:00,202.587
5,01.07 21:00,188.463
5,01.07 22:00,193.042
5,01.07 23:00,186.66
5,02.07 00:00,185.769
5,02.07 01:00,186.691
5,02.07 02:00,187.586
5,02.07 03:00,186.825
5,02.07 04:00,186.496
5,02.07 05:00,187.719
5,02.07 06:00,182.387
5,02.07 07:00,180.007
5,02.07 08:00,185.353
5,02.07 09:00,190.893
5,02.07 10:00,195.014
5,02.07 11:00,196.611
5,02.07 12:00,196.29
5,02.07 13:00,199.818
5,02.07 14:00,201.284
5,02.07 15:00,196.528
5,02.07 16:00,188.533
5,02.07 17:00,189.087
5,02.07 18:00,192.838
5,02.07 19:00,187.428
5,02.07 20:00,186.524
5,02.07 21:00,189.352
5,02.07 22:00,180.682
5,02.07 23:00,180.761
5,03.07 00:00,180.862
5,03.07 01:00,178.402
5,03.07 02:00,180.897
5,03.07 03:00,179.039
5,03.07 04:00,182.021
5,03.07 05:00,179.562
5,03.07 06:00,183.713
5,03.07 07:00,180.835
5,03.07 08:00,188.547
5,03.07 09:00,194.791
5,03.07 10:00,192.075
5,03.07 11:00,195.163
5,03.07 12:00,186.969
5,03.07 13:00,200.37
5,03.07 14:00,204.643
5,03.07 15:00,204.357
5,03.07 16:00,201.119
5,03.07 17:00,204.873
5,03.07 18:00,201.58
5,03.07 19:00,202.864
5,03.07 20:00,198.015
5,03.07 21:00,193.278
5,03.07 22:00,191.234
5,03.07 23:00,194.047
5,04.07 00:00,191.159
5,04.07 01:00,191.344
5,04.07 02:00,194.909
5,04.07 03:00,190.378
5,04.07 04:00,192.773
5,04.07 05:00,192.658
5,04.07 06:00,188.795
5,04.07 07:00,188.723
5,04.07 08:00,193.436
5,04.07 09:00,195.022
5,04.07 10:00,196.193
5,04.07 11:00,198.697
5,04.07 12:00,203.724
5,04.07 13:00,203.456
5,04.07 14:00,207.835
5,04.07 15:00,207.861
5,04.07 16:00,211.041
5,04.07 17:00,207.611
5,04.07 18:00,207.57
5,04.07 19:00,200.761
5,04.07 20:00,200.354
5,04.07 21:00,198.338
5,04.07 22:00,198.503
5,04.07 23:00,198.72
5,05.07 00:00,195.79
5,05.07 01:00,197.521
5,05.07 02:00,198.302
5,05.07 03:00,199.749
5,05.07 04:00,196.907
5,05.07 05:00,197.384
5,05.07 06:00,191.586
5,05.07 07:00,194.186
5,05.07 08:00,209.092
5,05.07 09:00,217.504
5,05.07 10:00,228.107
5,05.07 11:00,231.942
5,05.07 12:00,232.086
5,05.07 13:00,236.111
5,05.07 14:00,239.253
5,05.07 15:00,242.226
5,05.07 16:00,244.908
5,05.07 17:00,239.745
5,05.07 18:00,233.367
5,05.07 19:00,231.726
5,05.07 20:00,222.991
5,05.07 21:00,221.207
5,05.07 22:00,218.078
5,05.07 23:00,215.421
5,06.07 00:00,212.651
5,06.07 01:00,204.837
5,06.07 02:00,203.735
5,06.07 03:00,202.534
5,06.07 04:00,199.596
5,06.07 05:00,202.689
5,06.07 06:00,211.734
5,06.07 07:00,212.958
5,06.07 08:00,213.164
5,06.07 09:00,218.612
5,06.07 10:00,225.795
5,06.07 11:00,232.178
5,06.07 12:00,230.9
5,06.07 13:00,239.703
5,06.07 14:00,240.471
5,06.07 15:00,242.225
5,06.07 16:00,242.731
5,06.07 17:00,233.718
5,06.07 18:00,233.21
5,06.07 19:00,220.257
5,06.07 20:00,210.542
5,06.07 21:00,210.916
5,06.07 22:00,211.021
5,06.07 23:00,199.267
5,07.07 00:00,180.988
5,07.07 01:00,171.487
5,07.07 02:00,173.069
5,07.07 03:00,174.365
5,07.07 04:00,174.304
5,07.07 05:00,173.263
5,07.07 06:00,174.648
5,07.07 07:00,181.575
5,07.07 08:00,208.633
5,07.07 09:00,212.887
5,07.07 10:00,214.684
5,07.07 11:00,223.339
5,07.07 12:00,229.256
5,07.07 13:00,234.359
5,07.07 14:00,235.291
5,07.07 15:00,238.505
5,07.07 16:00,225.968
5,07.07 17:00,222.124
5,07.07 18:00,215.676
5,07.07 19:00,207.863
5,07.07 20:00,196.004
5,07.07 21:00,195.874
5,07.07 22:00,191.64
5,07.07 23:00,194.685
5,08.07 00:00,188.79
5,08.07 01:00,192.769
5,08.07 02:00,188.205
5,08.07 03:00,192.097
5,08.07 04:00,195.514
5,08.07 05:00,198.934
5,08.07 06:00,196.865
5,08.07 07:00,201.708
5,08.07 08:00,209.887
5,08.07 09:00,215.177
5,08.07 10:00,210.893
5,08.07 11:00,217.082
5,08.07 12:00,222.077
5,08.07 13:00,224.383
5,08.07 14:00,234.938
5,08.07 15:00,235.282
5,08.07 16:00,237.293
5,08.07 17:00,223.854
5,08.07 18:00,230.868
5,08.07 19:00,229.634
5,08.07 20:00,224.018
5,08.07 21:00,193.07
5,08.07 22:00,197.75
5,08.07 23:00,194.65
5,09.07 00:00,154.964
5,09.07 01:00,158.696
5,09.07 02:00,156.784
5,09.07 03:00,157.079
5,09.07 04:00,158.526
5,09.07 05:00,158.206
5,09.07 06:00,158.91
5,09.07 07:00,160.071
5,09.07 08:00,158.033
5,09.07 09:00,159.209
5,09.07 10:00,160.214
5,09.07 11:00,163.48
5,09.07 12:00,164.774
5,09.07 13:00,165.956
5,09.07 14:00,167.479
5,09.07 15:00,170.776
5,09.07 16:00,170.0
5,09.07 17:00,172.706
5,09.07 18:00,170.174
5,09.07 19:00,171.072
5,09.07 20:00,167.619
5,09.07 21:00,167.674
5,09.07 22:00,166.009
5,09.07 23:00,157.983
5,10.07 00:00,161.389
5,10.07 01:00,161.209
5,10.07 02:00,161.029
5,10.07 03:00,159.598
5,10.07 04:00,160.52
5,10.07 05:00,161.208
5,10.07 06:00,157.915
5,10.07 07:00,159.884
5,10.07 08:00,158.785
5,10.07 09:00,160.967
5,10.07 10:00,162.281
5,10.07 11:00,163.529
5,10.07 12:00,165.157
5,10.07 13:00,165.256
5,10.07 14:00,167.362
5,10.07 15:00,166.94
5,10.07 16:00,170.214
5,10.07 17:00,165.177
5,10.07 18:00,164.537
5,10.07 19:00,159.825
5,10.07 20:00,163.263
5,10.07 21:00,162.207
5,10.07 22:00,161.656
5,10.07 23:00,160.468
5,11.07 00:00,160.255
5,11.07 01:00,160.596
5,11.07 02:00,162.997
5,11.07 03:00,161.348
5,11.07 04:00,162.297
5,11.07 05:00,163.108
5,11.07 06:00,163.148
5,11.07 07:00,189.75
5,11.07 08:00,213.529
5,11.07 09:00,222.658
5,11.07 10:00,220.494
5,11.07 11:00,226.338
5,11.07 12:00,230.952
5,11.07 13:00,239.121
5,11.07 14:00,243.593
5,11.07 15:00,244.545
5,11.07 16:00,241.514
5,11.07 17:00,240.533
5,11.07 18:00,230.615
5,11.07 19:00,226.11
5,11.07 20:00,229.416
5,11.07 21:00,219.567
5,11.07 22:00,218.399
5,11.07 23:00,213.996
5,12.07 00:00,210.504
5,12.07 01:00,210.517
5,12.07 02:00,213.949
5,12.07 03:00,212.361
5,12.07 04:00,212.383
5,12.07 05:00,206.317
5,12.07 06:00,200.978
5,12.07 07:00,200.346
5,12.07 08:00,226.485
5,12.07 09:00,234.03
5,12.07 10:00,236.401
5,12.07 11:00,234.045
5,12.07 12:00,239.74
5,12.07 13:00,241.252
5,12.07 14:00,240.046
5,12.07 15:00,243.486
5,12.07 16:00,240.657
5,12.07 17:00,240.165
5,12.07 18:00,231.969
5,12.07 19:00,227.316
5,12.07 20:00,221.767
5,12.07 21:00,219.147
5,12.07 22:00,214.785
5,12.07 23:00,206.443
5,13.07 00:00,209.104
5,13.07 01:00,209.751
5,13.07 02:00,211.075
5,13.07 03:00,210.449
5,13.07 04:00,208.963
5,13.07 05:00,206.593
5,13.07 06:00,203.306
5,13.07 07:00,210.652
5,13.07 08:00,220.109
5,13.07 09:00,233.276
5,13.07 10:00,241.366
5,13.07 11:00,240.099
5,13.07 12:00,233.935
5,13.07 13:00,240.904
5,13.07 14:00,242.907
5,13.07 15:00,222.811
5,13.07 16:00,221.696
5,13.07 17:00,216.394
5,13.07 18:00,212.518
5,13.07 19:00,207.743
5,13.07 20:00,203.398
5,13.07 21:00,202.536
5,13.07 22:00,201.924
5,13.07 23:00,197.109
5,14.07 00:00,193.556
5,14.07 01:00,191.178
5,14.07 02:00,191.263
5,14.07 03:00,193.561
5,14.07 04:00,190.981
5,14.07 05:00,187.453
5,14.07 06:00,186.869
5,14.07 07:00,193.639
5,14.07 08:00,186.098
5,14.07 09:00,170.834
5,14.07 10:00,175.716
5,14.07 11:00,182.956
5,14.07 12:00,182.814
5,14.07 13:00,186.729
5,14.07 14:00,189.641
5,14.07 15:00,182.453
5,14.07 16:00,181.72
5,14.07 17:00,180.866
5,14.07 18:00,175.496
5,14.07 19:00,170.444
5,14.07 20:00,164.134
5,14.07 21:00,160.942
5,14.07 22:00,159.215
5,14.07 23:00,158.669
5,15.07 00:00,152.612
5,15.07 01:00,160.459
5,15.07 02:00,160.361
5,15.07 03:00,157.059
5,15.07 04:00,158.805
5,15.07 05:00,160.082
5,15.07 06:00,160.323
5,15.07 07:00,179.535
5,15.07 08:00,211.313
5,15.07 09:00,220.733
5,15.07 10:00,220.179
5,15.07 11:00,229.26
5,15.07 12:00,230.226
5,15.07 13:00,229.814
5,15.07 14:00,234.394
5,15.07 15:00,220.281
5,15.07 16:00,234.327
5,15.07 17:00,222.15
5,15.07 18:00,219.061
5,15.07 19:00,211.083
5,15.07 20:00,205.871
5,15.07 21:00,195.942
5,15.07 22:00,196.087
5,15.07 23:00,156.711
5,16.07 00:00,152.583
5,16.07 01:00,154.345
5,16.07 02:00,154.219
5,16.07 03:00,153.421
5,16.07 04:00,150.929
5,16.07 05:00,153.528
5,16.07 06:00,153.644
5,16.07 07:00,154.838
5,16.07 08:00,158.441
5,16.07 09:00,157.383
5,16.07 10:00,160.902
5,16.07 11:00,164.094
5,16.07 12:00,161.961
5,16.07 13:00,164.063
5,16.07 14:00,167.066
5,16.07 15:00,166.156
5,16.07 16:00,169.213
5,16.07 17:00,166.827
5,16.07 18:00,166.725
5,16.07 19:00,163.356
5,16.07 20:00,163.799
5,16.07 21:00,162.497
5,16.07 22:00,161.788
5,16.07 23:00,160.594
5,17.07 00:00,158.428
5,17.07 01:00,157.998
5,17.07 02:00,159.214
5,17.07 03:00,158.986
5,17.07 04:00,157.181
5,17.07 05:00,158.347
5,17.07 06:00,157.506
5,17.07 07:00,158.054
5,17.07 08:00,158.548
5,17.07 09:00,159.033
5,17.07 10:00,161.144
5,17.07 11:00,161.75
5,17.07 12:00,164.486
5,17.07 13:00,160.773
5,17.07 14:00,163.853
5,17.07 15:00,168.071
5,17.07 16:00,168.337
5,17.07 17:00,168.741
5,17.07 18:00,169.367
5,17.07 19:00,165.417
5,17.07 20:00,164.365
5,17.07 21:00,162.314
5,17.07 22:00,160.806
5,17.07 23:00,161.833
5,18.07 00:00,162.356
5,18.07 01:00,160.373
5,18.07 02:00,159.941
5,18.07 03:00,157.318
5,18.07 04:00,158.57
5,18.07 05:00,159.369
5,18.07 06:00,159.902
5,18.07 07:00,187.488
5,18.07 08:00,221.277
5,18.07 09:00,226.481
5,18.07 10:00,227.964
5,18.07 11:00,228.552
5,18.07 12:00,226.759
5,18.07 13:00,218.296
5,18.07 14:00,228.845
5,18.07 15:00,230.978
5,18.07 16:00,226.414
5,18.07 17:00,222.615
5,18.07 18:00,224.137
5,18.07 19:00,213.268
5,18.07 20:00,207.549
5,18.07 21:00,200.842
5,18.07 22:00,201.995
5,18.07 23:00,199.094
5,19.07 00:00,203.862
5,19.07 01:00,197.031
5,19.07 02:00,195.942
5,19.07 03:00,194.821
5,19.07 04:00,191.327
5,19.07 05:00,189.764
5,19.07 06:00,189.591
5,19.07 07:00,191.99
5,19.07 08:00,206.992
5,19.07 09:00,214.659
5,19.07 10:00,222.022
5,19.07 11:00,222.892
5,19.07 12:00,224.67
5,19.07 13:00,223.674
5,19.07 14:00,219.238
5,19.07 15:00,218.358
5,19.07 16:00,213.33
5,19.07 17:00,204.939
5,19.07 18:00,181.665
5,19.07 19:00,180.977
5,19.07 20:00,180.607
5,19.07 21:00,177.415
5,19.07 22:00,175.817
5,19.07 23:00,175.699
5,20.07 00:00,177.861
5,20.07 01:00,175.365
5,20.07 02:00,174.463
5,20.07 03:00,172.42
5,20.07 04:00,173.522
5,20.07 05:00,173.436
5,20.07 06:00,173.02
5,20.07 07:00,189.584
5,20.07 08:00,203.946
5,20.07 09:00,211.447
5,20.07 10:00,217.469
5,20.07 11:00,216.696
5,20.07 12:00,221.464
5,20.07 13:00,218.736
5,20.07 14:00,215.716
5,20.07 15:00,217.543
5,20.07 16:00,215.616
5,20.07 17:00,207.448
5,20.07 18:00,205.761
5,20.07 19:00,205.121
5,20.07 20:00,203.796
5,20.07 21:00,201.609
5,20.07 22:00,203.068
5,20.07 23:00,200.75
5,21.07 00:00,200.499
5,21.07 01:00,199.08
5,21.07 02:00,199.25
5,21.07 03:00,197.837
5,21.07 04:00,196.276
5,21.07 05:00,195.95
5,21.07 06:00,194.212
5,21.07 07:00,203.396
5,21.07 08:00,209.729
5,21.07 09:00,224.549
5,21.07 10:00,221.706
5,21.07 11:00,225.11
5,21.07 12:00,212.724
5,21.07 13:00,210.777
5,21.07 14:00,217.631
5,21.07 15:00,208.279
5,21.07 16:00,190.012
5,21.07 17:00,187.708
5,21.07 18:00,184.966
5,21.07 19:00,180.557
5,21.07 20:00,179.573
5,21.07 21:00,181.916
5,21.07 22:00,180.39
5,21.07 23:00,181.652
5,22.07 00:00,182.053
5,22.07 01:00,180.892
5,22.07 02:00,184.048
5,22.07 03:00,181.796
5,22.07 04:00,181.351
5,22.07 05:00,184.65
5,22.07 06:00,182.309
5,22.07 07:00,184.703
5,22.07 08:00,187.908
5,22.07 09:00,193.525
5,22.07 10:00,194.49
5,22.07 11:00,198.32
5,22.07 12:00,200.374
5,22.07 13:00,201.184
5,22.07 14:00,197.494
5,22.07 15:00,226.232
5,22.07 16:00,230.981
5,22.07 17:00,188.979
5,22.07 18:00,186.756
5,22.07 19:00,183.877
5,22.07 20:00,180.706
5,22.07 21:00,183.544
5,22.07 22:00,184.74
5,22.07 23:00,182.573
5,23.07 00:00,182.757
5,23.07 01:00,185.246
5,23.07 02:00,182.899
5,23.07 03:00,181.779
5,23.07 04:00,182.767
5,23.07 05:00,182.705
5,23.07 06:00,183.672
5,23.07 07:00,181.417
5,23.07 08:00,180.621
5,23.07 09:00,182.489
5,23.07 10:00,182.441
5,23.07 11:00,181.538
5,23.07 12:00,181.328
5,23.07 13:00,182.312
5,23.07 14:00,182.926
5,23.07 15:00,183.627
5,23.07 16:00,184.449
5,23.07 17:00,183.131
5,23.07 18:00,183.717
5,23.07 19:00,180.386
5,23.07 20:00,181.962
5,23.07 21:00,179.365
5,23.07 22:00,183.708
5,23.07 23:00,183.083
5,24.07 00:00,181.856
5,24.07 01:00,184.149
5,24.07 02:00,183.981
5,24.07 03:00,183.502
5,24.07 04:00,170.529
5,24.07 05:00,182.703
5,24.07 06:00,182.41
5,24.07 07:00,181.478
5,24.07 08:00,182.057
5,24.07 09:00,182.946
5,24.07 10:00,181.199
5,24.07 11:00,183.747
5,24.07 12:00,188.879
5,24.07 13:00,188.299
5,24.07 14:00,189.938
5,24.07 15:00,188.669
5,24.07 16:00,186.452
5,24.07 17:00,187.902
5,24.07 18:00,186.036
5,24.07 19:00,184.099
5,24.07 20:00,182.283
5,24.07 21:00,182.518
5,24.07 22:00,183.939
5,24.07 23:00,183.153
5,25.07 00:00,183.081
5,25.07 01:00,184.194
5,25.07 02:00,181.904
5,25.07 03:00,182.704
5,25.07 04:00,183.013
5,25.07 05:00,183.313
5,25.07 06:00,182.639
5,25.07 07:00,185.935
5,25.07 08:00,210.391
5,25.07 09:00,199.096
5,25.07 10:00,193.272
5,25.07 11:00,201.124
5,25.07 12:00,197.941
5,25.07 13:00,225.683
5,25.07 14:00,230.176
5,25.07 15:00,231.142
5,25.07 16:00,228.355
5,25.07 17:00,215.324
5,25.07 18:00,210.082
5,25.07 19:00,208.048
5,25.07 20:00,206.562
5,25.07 21:00,202.596
5,25.07 22:00,201.909
5,25.07 23:00,201.094
5,26.07 00:00,202.266
5,26.07 01:00,202.57
5,26.07 02:00,203.306
5,26.07 03:00,198.596
5,26.07 04:00,196.209
5,26.07 05:00,196.816
5,26.07 06:00,172.67
5,26.07 07:00,177.981
5,26.07 08:00,190.45
5,26.07 09:00,193.744
5,26.07 10:00,195.351
5,26.07 11:00,195.575
5,26.07 12:00,199.411
5,26.07 13:00,192.336
5,26.07 14:00,208.71
5,26.07 15:00,205.524
5,26.07 16:00,199.829
5,26.07 17:00,195.832
5,26.07 18:00,185.815
5,26.07 19:00,187.007
5,26.07 20:00,185.549
5,26.07 21:00,184.596
5,26.07 22:00,183.569
5,26.07 23:00,181.065
5,27.07 00:00,179.729
5,27.07 01:00,179.941
5,27.07 02:00,181.674
5,27.07 03:00,179.33
5,27.07 04:00,180.731
5,27.07 05:00,183.621
5,27.07 06:00,182.695
5,27.07 07:00,184.866
5,27.07 08:00,185.113
5,27.07 09:00,187.914
5,27.07 10:00,191.251
5,27.07 11:00,195.471
5,27.07 12:00,195.536
5,27.07 13:00,202.108
5,27.07 14:00,202.217
5,27.07 15:00,203.488
5,27.07 16:00,200.541
5,27.07 17:00,200.739
5,27.07 18:00,194.715
5,27.07 19:00,188.541
5,27.07 20:00,184.379
5,27.07 21:00,180.895
5,27.07 22:00,175.216
5,27.07 23:00,179.13
5,28.07 00:00,178.895
5,28.07 01:00,182.14
5,28.07 02:00,182.866
5,28.07 03:00,180.289
5,28.07 04:00,180.212
5,28.07 05:00,180.59
5,28.07 06:00,180.394
5,28.07 07:00,183.841
5,28.07 08:00,186.44
5,28.07 09:00,192.185
5,28.07 10:00,195.332
5,28.07 11:00,199.023
5,28.07 12:00,204.352
5,28.07 13:00,205.192
5,28.07 14:00,208.237
5,28.07 15:00,204.832
5,28.07 16:00,204.656
5,28.07 17:00,199.78
5,28.07 18:00,196.52
5,28.07 19:00,192.617
5,28.07 20:00,188.327
5,28.07 21:00,182.777
5,28.07 22:00,182.023
5,28.07 23:00,180.534
5,29.07 00:00,179.257
5,29.07 01:00,181.374
5,29.07 02:00,181.21
5,29.07 03:00,180.335
5,29.07 04:00,179.242
5,29.07 05:00,182.042
5,29.07 06:00,181.855
5,29.07 07:00,184.085
5,29.07 08:00,187.29
5,29.07 09:00,198.556
5,29.07 10:00,205.07
5,29.07 11:00,202.42
5,29.07 12:00,208.748
5,29.07 13:00,205.973
5,29.07 14:00,219.545
5,29.07 15:00,246.347
5,29.07 16:00,218.716
5,29.07 17:00,211.177
5,29.07 18:00,209.827
5,29.07 19:00,208.918
5,29.07 20:00,194.281
5,29.07 21:00,185.919
5,29.07 22:00,183.756
5,29.07 23:00,183.94
5,30.07 00:00,182.127
5,30.07 01:00,183.868
5,30.07 02:00,182.676
5,30.07 03:00,183.665
5,30.07 04:00,182.915
5,30.07 05:00,183.965
5,30.07 06:00,183.646
5,30.07 07:00,183.954
5,30.07 08:00,186.395
5,30.07 09:00,182.733
5,30.07 10:00,181.818
5,30.07 11:00,183.651
5,30.07 12:00,181.591
5,30.07 13:00,177.177
5,30.07 14:00,186.731
5,30.07 15:00,188.429
5,30.07 16:00,186.587
5,30.07 17:00,182.102
5,30.07 18:00,181.024
5,30.07 19:00,179.041
5,30.07 20:00,180.564
5,30.07 21:00,182.056
5,30.07 22:00,183.523
5,30.07 23:00,180.667
5,31.07 00:00,184.167
5,31.07 01:00,186.734
5,31.07 02:00,186.651
5,31.07 03:00,186.072
5,31.07 04:00,184.864
5,31.07 05:00,186.113
5,31.07 06:00,183.347
5,31.07 07:00,183.722
5,31.07 08:00,183.997
5,31.07 09:00,183.158
5,31.07 10:00,189.302
5,31.07 11:00,184.523
5,31.07 12:00,186.239
5,31.07 13:00,189.361
5,31.07 14:00,186.854
5,31.07 15:00,186.693
5,31.07 16:00,188.694
5,31.07 17:00,188.681
5,31.07 18:00,188.64
5,31.07 19:00,185.554
5,31.07 20:00,186.799
5,31.07 21:00,175.89
5,31.07 22:00,187.424
5,31.07 23:00,180.558
5,01.08 00:00,178.23
5,01.08 01:00,183.725
5,01.08 02:00,186.591
5,01.08 03:00,183.923
5,01.08 04:00,177.783
5,01.08 05:00,167.275
5,01.08 06:00,167.925
5,01.08 07:00,165.646
5,01.08 08:00,170.835
5,01.08 09:00,175.127
5,01.08 10:00,178.067
5,01.08 11:00,221.025
5,01.08 12:00,220.038
5,01.08 13:00,220.254
5,01.08 14:00,218.804
5,01.08 15:00,222.809
5,01.08 16:00,239.954
5,01.08 17:00,222.071
5,01.08 18:00,215.815
5,01.08 19:00,213.388
5,01.08 20:00,208.518
5,01.08 21:00,206.443
5,01.08 22:00,210.082
5,01.08 23:00,204.923
5,02.08 00:00,196.416
5,02.08 01:00,197.854
5,02.08 02:00,192.95
5,02.08 03:00,194.789
5,02.08 04:00,190.917
5,02.08 05:00,192.341
5,02.08 06:00,187.227
5,02.08 07:00,190.067
5,02.08 08:00,213.004
5,02.08 09:00,224.284
5,02.08 10:00,221.024
5,02.08 11:00,225.039
5,02.08 12:00,215.399
5,02.08 13:00,209.985
5,02.08 14:00,210.352
5,02.08 15:00,205.037
5,02.08 16:00,202.882
5,02.08 17:00,197.766
5,02.08 18:00,195.332
5,02.08 19:00,188.202
5,02.08 20:00,182.495
5,02.08 21:00,181.821
5,02.08 22:00,178.386
5,02.08 23:00,181.184
5,03.08 00:00,177.489
5,03.08 01:00,185.603
5,03.08 02:00,186.983
5,03.08 03:00,182.162
5,03.08 04:00,180.865
5,03.08 05:00,181.692
5,03.08 06:00,176.206
5,03.08 07:00,186.063
5,03.08 08:00,197.077
5,03.08 09:00,206.675
5,03.08 10:00,210.011
5,03.08 11:00,216.038
5,03.08 12:00,216.374
5,03.08 13:00,215.392
5,03.08 14:00,208.788
5,03.08 15:00,205.111
5,03.08 16:00,199.232
5,03.08 17:00,197.862
5,03.08 18:00,193.736
5,03.08 19:00,186.748
5,03.08 20:00,183.78
5,03.08 21:00,185.597
5,03.08 22:00,180.689
5,03.08 23:00,177.361
5,04.08 00:00,175.084
5,04.08 01:00,171.441
5,04.08 02:00,174.363
5,04.08 03:00,171.833
5,04.08 04:00,173.608
5,04.08 05:00,169.192
5,04.08 06:00,173.832
5,04.08 07:00,177.197
5,04.08 08:00,189.984
5,04.08 09:00,198.324
5,04.08 10:00,210.308
5,04.08 11:00,210.288
5,04.08 12:00,207.729
5,04.08 13:00,212.099
5,04.08 14:00,206.669
5,04.08 15:00,208.932
5,04.08 16:00,200.246
5,04.08 17:00,190.648
5,04.08 18:00,187.629
5,04.08 19:00,184.8
5,04.08 20:00,181.349
5,04.08 21:00,178.315
5,04.08 22:00,176.668
5,04.08 23:00,177.486
5,05.08 00:00,174.509
5,05.08 01:00,176.352
5,05.08 02:00,178.341
5,05.08 03:00,171.218
5,05.08 04:00,172.978
5,05.08 05:00,175.394
5,05.08 06:00,177.031
5,05.08 07:00,175.598
5,05.08 08:00,185.411
5,05.08 09:00,199.11
5,05.08 10:00,206.485
5,05.08 11:00,205.02
5,05.08 12:00,206.548
5,05.08 13:00,214.963
5,05.08 14:00,228.891
5,05.08 15:00,223.204
5,05.08 16:00,223.063
5,05.08 17:00,205.056
5,05.08 18:00,200.157
5,05.08 19:00,179.281
5,05.08 20:00,197.682
5,05.08 21:00,191.1
5,05.08 22:00,185.822
5,05.08 23:00,183.765
5,06.08 00:00,193.987
5,06.08 01:00,182.647
5,06.08 02:00,184.105
5,06.08 03:00,189.035
5,06.08 04:00,185.28
5,06.08 05:00,187.861
5,06.08 06:00,186.737
5,06.08 07:00,185.633
5,06.08 08:00,188.042
5,06.08 09:00,192.918
5,06.08 10:00,192.737
5,06.08 11:00,186.008
5,06.08 12:00,187.469
5,06.08 13:00,187.822
5,06.08 14:00,189.329
5,06.08 15:00,189.361
5,06.08 16:00,187.196
5,06.08 17:00,190.279
5,06.08 18:00,184.3
5,06.08 19:00,47.34
5,06.08 20:00,134.62
5,06.08 21:00,177.029
5,06.08 22:00,176.097
5,06.08 23:00,173.333
5,07.08 00:00,172.496
5,07.08 01:00,174.826
5,07.08 02:00,174.891
5,07.08 03:00,173.853
5,07.08 04:00,176.77
5,07.08 05:00,175.008
5,07.08 06:00,177.35
5,07.08 07:00,175.454
5,07.08 08:00,182.068
5,07.08 09:00,182.994
5,07.08 10:00,185.028
5,07.08 11:00,186.99
5,07.08 12:00,183.135
5,07.08 13:00,182.004
5,07.08 14:00,180.492
5,07.08 15:00,185.113
5,07.08 16:00,183.043
5,07.08 17:00,187.549
5,07.08 18:00,183.679
5,07.08 19:00,181.925
5,07.08 20:00,184.007
5,07.08 21:00,178.944
5,07.08 22:00,167.876
5,07.08 23:00,176.991
5,08.08 00:00,177.528
5,08.08 01:00,177.24
5,08.08 02:00,179.548
5,08.08 03:00,173.303
5,08.08 04:00,176.976
5,08.08 05:00,174.48
5,08.08 06:00,175.06
5,08.08 07:00,177.866
5,08.08 08:00,182.656
5,08.08 09:00,198.199
5,08.08 10:00,217.492
5,08.08 11:00,219.99
5,08.08 12:00,217.228
5,08.08 13:00,214.077
5,08.08 14:00,211.13
5,08.08 15:00,210.569
5,08.08 16:00,196.342
5,08.08 17:00,190.648
5,08.08 18:00,184.946
5,08.08 19:00,189.709
5,08.08 20:00,186.985
5,08.08 21:00,186.059
5,08.08 22:00,187.67
5,08.08 23:00,185.433
5,09.08 00:00,184.776
5,09.08 01:00,185.332
5,09.08 02:00,185.035
5,09.08 03:00,183.943
5,09.08 04:00,182.963
5,09.08 05:00,181.978
5,09.08 06:00,169.781
5,09.08 07:00,180.098
5,09.08 08:00,196.767
5,09.08 09:00,209.632
5,09.08 10:00,217.128
5,09.08 11:00,217.491
5,09.08 12:00,224.611
5,09.08 13:00,224.408
5,09.08 14:00,223.952
5,09.08 15:00,222.37
5,09.08 16:00,205.503
5,09.08 17:00,190.948
5,09.08 18:00,186.617
5,09.08 19:00,184.329
5,09.08 20:00,186.517
5,09.08 21:00,186.847
5,09.08 22:00,186.642
5,09.08 23:00,185.114
5,10.08 00:00,182.141
5,10.08 01:00,185.605
5,10.08 02:00,183.483
5,10.08 03:00,182.055
5,10.08 04:00,182.845
5,10.08 05:00,172.135
5,10.08 06:00,183.716
5,10.08 07:00,184.097
5,10.08 08:00,195.514
5,10.08 09:00,202.509
5,10.08 10:00,198.935
5,10.08 11:00,195.671
5,10.08 12:00,198.818
5,10.08 13:00,202.065
5,10.08 14:00,196.262
5,10.08 15:00,193.459
5,10.08 16:00,190.499
5,10.08 17:00,189.091
5,10.08 18:00,186.584
5,10.08 19:00,183.835
5,10.08 20:00,182.158
5,10.08 21:00,182.309
5,10.08 22:00,183.83
5,10.08 23:00,181.409
5,11.08 00:00,185.446
5,11.08 01:00,184.888
5,11.08 02:00,184.404
5,11.08 03:00,184.299
5,11.08 04:00,183.323
5,11.08 05:00,185.153
5,11.08 06:00,184.102
5,11.08 07:00,188.454
5,11.08 08:00,200.797
5,11.08 09:00,211.887
5,11.08 10:00,219.838
5,11.08 11:00,220.764
5,11.08 12:00,221.824
5,11.08 13:00,221.257
5,11.08 14:00,218.722
5,11.08 15:00,218.039
5,11.08 16:00,218.982
5,11.08 17:00,207.96
5,11.08 18:00,201.412
5,11.08 19:00,201.41
5,11.08 20:00,200.194
5,11.08 21:00,194.679
5,11.08 22:00,196.63
5,11.08 23:00,194.227
5,12.08 00:00,193.997
5,12.08 01:00,194.463
5,12.08 02:00,188.475
5,12.08 03:00,197.347
5,12.08 04:00,185.861
5,12.08 05:00,185.838
5,12.08 06:00,186.53
5,12.08 07:00,187.557
5,12.08 08:00,203.74
5,12.08 09:00,212.513
5,12.08 10:00,222.551
5,12.08 11:00,220.115
5,12.08 12:00,218.73
5,12.08 13:00,223.43
5,12.08 14:00,228.218
5,12.08 15:00,226.504
5,12.08 16:00,216.65
5,12.08 17:00,213.919
5,12.08 18:00,200.932
5,12.08 19:00,202.499
5,12.08 20:00,205.837
5,12.08 21:00,201.251
5,12.08 22:00,195.29
5,12.08 23:00,190.482
5,13.08 00:00,195.244
5,13.08 01:00,191.278
5,13.08 02:00,189.252
5,13.08 03:00,188.199
5,13.08 04:00,188.359
5,13.08 05:00,187.379
5,13.08 06:00,182.881
5,13.08 07:00,181.297
5,13.08 08:00,181.924
5,13.08 09:00,181.095
5,13.08 10:00,179.689
5,13.08 11:00,185.615
5,13.08 12:00,185.514
5,13.08 13:00,186.797
5,13.08 14:00,189.651
5,13.08 15:00,186.495
5,13.08 16:00,189.723
5,13.08 17:00,187.458
5,13.08 18:00,184.8
5,13.08 19:00,185.4
5,13.08 20:00,183.094
5,13.08 21:00,183.528
5,13.08 22:00,181.115
5,13.08 23:00,177.654
5,14.08 00:00,181.852
5,14.08 01:00,181.112
5,14.08 02:00,184.453
5,14.08 03:00,182.369
5,14.08 04:00,179.438
5,14.08 05:00,183.776
5,14.08 06:00,183.741
5,14.08 07:00,179.107
5,14.08 08:00,180.371
5,14.08 09:00,180.415
5,14.08 10:00,179.133
5,14.08 11:00,178.837
5,14.08 12:00,179.841
5,14.08 13:00,181.223
5,14.08 14:00,185.952
5,14.08 15:00,182.217
5,14.08 16:00,179.257
5,14.08 17:00,181.558
5,14.08 18:00,180.932
5,14.08 19:00,180.321
5,14.08 20:00,180.253
5,14.08 21:00,179.67
5,14.08 22:00,183.152
5,14.08 23:00,181.924
5,15.08 00:00,183.493
5,15.08 01:00,178.708
5,15.08 02:00,181.911
5,15.08 03:00,180.566
5,15.08 04:00,183.403
5,15.08 05:00,181.512
5,15.08 06:00,183.705
5,15.08 07:00,185.659
5,15.08 08:00,188.225
5,15.08 09:00,195.463
5,15.08 10:00,201.364
5,15.08 11:00,203.572
5,15.08 12:00,201.41
5,15.08 13:00,202.681
5,15.08 14:00,201.507
5,15.08 15:00,197.399
5,15.08 16:00,201.029
5,15.08 17:00,196.786
5,15.08 18:00,190.054
5,15.08 19:00,179.306
5,15.08 20:00,187.629
5,15.08 21:00,185.208
5,15.08 22:00,184.425
5,15.08 23:00,182.086
5,16.08 00:00,180.814
5,16.08 01:00,181.776
5,16.08 02:00,181.742
5,16.08 03:00,181.07
5,16.08 04:00,180.905
5,16.08 05:00,180.853
5,16.08 06:00,169.872
5,16.08 07:00,177.372
5,16.08 08:00,187.46
5,16.08 09:00,192.186
5,16.08 10:00,195.254
5,16.08 11:00,197.775
5,16.08 12:00,198.055
5,16.08 13:00,199.636
5,16.08 14:00,199.416
5,16.08 15:00,206.147
5,16.08 16:00,198.742
5,16.08 17:00,203.973
5,16.08 18:00,196.016
5,16.08 19:00,198.352
5,16.08 20:00,195.503
5,16.08 21:00,195.414
5,16.08 22:00,196.376
5,16.08 23:00,199.837
5,17.08 00:00,194.394
5,17.08 01:00,188.964
5,17.08 02:00,191.351
5,17.08 03:00,195.824
5,17.08 04:00,183.495
5,17.08 05:00,184.857
5,17.08 06:00,187.254
5,17.08 07:00,187.679
5,17.08 08:00,195.48
5,17.08 09:00,202.159
5,17.08 10:00,207.638
5,17.08 11:00,216.667
5,17.08 12:00,219.796
5,17.08 13:00,212.667
5,17.08 14:00,218.97
5,17.08 15:00,201.981
5,17.08 16:00,206.213
5,17.08 17:00,206.021
5,17.08 18:00,203.794
5,17.08 19:00,193.519
5,17.08 20:00,194.335
5,17.08 21:00,184.991
5,17.08 22:00,190.437
5,17.08 23:00,191.551
5,18.08 00:00,182.218
5,18.08 01:00,178.517
5,18.08 02:00,194.857
5,18.08 03:00,191.199
5,18.08 04:00,189.671
5,18.08 05:00,192.8
5,18.08 06:00,186.697
5,18.08 07:00,194.074
5,18.08 08:00,195.09
5,18.08 09:00,206.666
5,18.08 10:00,201.655
5,18.08 11:00,203.044
5,18.08 12:00,206.972
5,18.08 13:00,207.331
5,18.08 14:00,204.379
5,18.08 15:00,209.371
5,18.08 16:00,209.269
5,18.08 17:00,199.187
5,18.08 18:00,198.073
5,18.08 19:00,204.487
5,18.08 20:00,194.7
5,18.08 21:00,196.806
5,18.08 22:00,188.022
5,18.08 23:00,192.591
5,19.08 00:00,188.432
5,19.08 01:00,187.075
5,19.08 02:00,187.136
5,19.08 03:00,186.079
5,19.08 04:00,185.086
5,19.08 05:00,183.601
5,19.08 06:00,183.087
5,19.08 07:00,190.922
5,19.08 08:00,193.709
5,19.08 09:00,211.461
5,19.08 10:00,196.436
5,19.08 11:00,200.918
5,19.08 12:00,203.664
5,19.08 13:00,200.354
5,19.08 14:00,203.936
5,19.08 15:00,210.37
5,19.08 16:00,201.265
5,19.08 17:00,208.631
5,19.08 18:00,198.216
5,19.08 19:00,190.464
5,19.08 20:00,184.917
5,19.08 21:00,198.073
5,19.08 22:00,195.29
5,19.08 23:00,192.613
5,20.08 00:00,188.96
5,20.08 01:00,186.556
5,20.08 02:00,183.114
5,20.08 03:00,182.381
5,20.08 04:00,181.344
5,20.08 05:00,184.073
5,20.08 06:00,181.569
5,20.08 07:00,181.628
5,20.08 08:00,186.268
5,20.08 09:00,186.878
5,20.08 10:00,192.328
5,20.08 11:00,192.175
5,20.08 12:00,194.865
5,20.08 13:00,199.259
5,20.08 14:00,177.687
5,20.08 15:00,180.19
5,20.08 16:00,184.72
5,20.08 17:00,189.091
5,20.08 18:00,191.893
5,20.08 19:00,183.166
5,20.08 20:00,172.489
5,20.08 21:00,183.774
5,20.08 22:00,184.905
5,20.08 23:00,171.13
5,21.08 00:00,175.457
5,21.08 01:00,185.083
5,21.08 02:00,183.128
5,21.08 03:00,181.798
5,21.08 04:00,181.69
5,21.08 05:00,179.808
5,21.08 06:00,180.068
5,21.08 07:00,184.406
5,21.08 08:00,185.593
5,21.08 09:00,187.595
5,21.08 10:00,190.166
5,21.08 11:00,187.586
5,21.08 12:00,193.341
5,21.08 13:00,178.655
5,21.08 14:00,184.584
5,21.08 15:00,183.708
5,21.08 16:00,183.844
5,21.08 17:00,185.606
5,21.08 18:00,182.285
5,21.08 19:00,185.304
5,21.08 20:00,184.916
5,21.08 21:00,185.182
5,21.08 22:00,190.276
5,21.08 23:00,189.165
5,22.08 00:00,186.578
5,22.08 01:00,179.561
5,22.08 02:00,180.394
5,22.08 03:00,174.627
5,22.08 04:00,180.047
5,22.08 05:00,180.641
5,22.08 06:00,171.543
5,22.08 07:00,189.44
5,22.08 08:00,193.532
5,22.08 09:00,200.314
5,22.08 10:00,212.992
5,22.08 11:00,217.741
5,22.08 12:00,224.159
5,22.08 13:00,223.631
5,22.08 14:00,223.264
5,22.08 15:00,213.654
5,22.08 16:00,219.845
5,22.08 17:00,205.763
5,22.08 18:00,195.289
5,22.08 19:00,204.159
5,22.08 20:00,197.554
5,22.08 21:00,195.144
5,22.08 22:00,192.007
5,22.08 23:00,192.77
5,23.08 00:00,188.415
5,23.08 01:00,190.557
5,23.08 02:00,185.62
5,23.08 03:00,183.626
5,23.08 04:00,180.187
5,23.08 05:00,180.409
5,23.08 06:00,168.017
5,23.08 07:00,176.102
5,23.08 08:00,190.124
5,23.08 09:00,195.474
5,23.08 10:00,212.448
5,23.08 11:00,210.708
5,23.08 12:00,223.038
5,23.08 13:00,229.058
5,23.08 14:00,236.549
5,23.08 15:00,230.65
5,23.08 16:00,228.957
5,23.08 17:00,213.275
5,23.08 18:00,211.717
5,23.08 19:00,195.94
5,23.08 20:00,190.362
5,23.08 21:00,191.187
5,23.08 22:00,195.904
5,23.08 23:00,191.919
5,24.08 00:00,191.631
5,24.08 01:00,193.436
5,24.08 02:00,196.347
5,24.08 03:00,188.518
5,24.08 04:00,189.498
5,24.08 05:00,192.129
5,24.08 06:00,187.665
5,24.08 07:00,195.493
5,24.08 08:00,199.282
5,24.08 09:00,205.109
5,24.08 10:00,216.518
5,24.08 11:00,215.137
5,24.08 12:00,214.3
5,24.08 13:00,216.411
5,24.08 14:00,215.872
5,24.08 15:00,212.863
5,24.08 16:00,210.524
5,24.08 17:00,201.9
5,24.08 18:00,192.437
5,24.08 19:00,197.389
5,24.08 20:00,195.366
5,24.08 21:00,191.216
5,24.08 22:00,190.874
5,24.08 23:00,185.927
5,25.08 00:00,181.612
5,25.08 01:00,178.194
5,25.08 02:00,175.194
5,25.08 03:00,172.065
5,25.08 04:00,169.864
5,25.08 05:00,170.435
5,25.08 06:00,167.333
5,25.08 07:00,180.178
5,25.08 08:00,186.449
5,25.08 09:00,199.947
5,25.08 10:00,212.294
5,25.08 11:00,211.987
5,25.08 12:00,211.264
5,25.08 13:00,213.864
5,25.08 14:00,219.163
5,25.08 15:00,209.388
5,25.08 16:00,208.877
5,25.08 17:00,201.584
5,25.08 18:00,193.853
5,25.08 19:00,187.805
5,25.08 20:00,181.013
5,25.08 21:00,187.461
5,25.08 22:00,181.123
5,25.08 23:00,181.431
5,26.08 00:00,178.83
5,26.08 01:00,181.611
5,26.08 02:00,181.032
5,26.08 03:00,179.383
5,26.08 04:00,180.211
5,26.08 05:00,181.815
5,26.08 06:00,180.159
5,26.08 07:00,186.454
5,26.08 08:00,198.121
5,26.08 09:00,209.001
5,26.08 10:00,213.567
5,26.08 11:00,196.482
5,26.08 12:00,200.701
5,26.08 13:00,199.029
5,26.08 14:00,199.61
5,26.08 15:00,208.743
5,26.08 16:00,209.56
5,26.08 17:00,200.724
5,26.08 18:00,180.198
5,26.08 19:00,166.054
5,26.08 20:00,173.893
5,26.08 21:00,171.937
5,26.08 22:00,185.888
5,26.08 23:00,179.757
5,27.08 00:00,175.267
5,27.08 01:00,178.605
5,27.08 02:00,176.022
5,27.08 03:00,164.959
5,27.08 04:00,151.693
5,27.08 05:00,159.473
5,27.08 06:00,160.111
5,27.08 07:00,157.36
5,27.08 08:00,165.699
5,27.08 09:00,164.878
5,27.08 10:00,161.861
5,27.08 11:00,168.23
5,27.08 12:00,164.977
5,27.08 13:00,170.895
5,27.08 14:00,169.067
5,27.08 15:00,175.992
5,27.08 16:00,174.429
5,27.08 17:00,181.23
5,27.08 18:00,183.615
5,27.08 19:00,188.675
5,27.08 20:00,170.645
5,27.08 21:00,174.225
5,27.08 22:00,181.342
5,27.08 23:00,178.889
5,28.08 00:00,184.42
5,28.08 01:00,184.108
5,28.08 02:00,184.55
5,28.08 03:00,184.984
5,28.08 04:00,186.324
5,28.08 05:00,186.563
5,28.08 06:00,186.068
5,28.08 07:00,181.155
5,28.08 08:00,184.77
5,28.08 09:00,189.153
5,28.08 10:00,192.636
5,28.08 11:00,183.133
5,28.08 12:00,190.649
5,28.08 13:00,195.35
5,28.08 14:00,198.928
5,28.08 15:00,180.693
5,28.08 16:00,198.865
5,28.08 17:00,179.403
5,28.08 18:00,178.084
5,28.08 19:00,194.198
5,28.08 20:00,186.977
5,28.08 21:00,183.253
5,28.08 22:00,183.341
5,28.08 23:00,178.702
5,29.08 00:00,178.624
5,29.08 01:00,181.762
5,29.08 02:00,182.623
5,29.08 03:00,177.511
5,29.08 04:00,175.373
5,29.08 05:00,166.208
5,29.08 06:00,173.664
5,29.08 07:00,169.42
5,29.08 08:00,200.736
5,29.08 09:00,210.583
5,29.08 10:00,206.513
5,29.08 11:00,212.123
5,29.08 12:00,226.384
5,29.08 13:00,220.466
5,29.08 14:00,217.448
5,29.08 15:00,226.373
5,29.08 16:00,215.136
5,29.08 17:00,207.832
5,29.08 18:00,192.079
5,29.08 19:00,183.257
5,29.08 20:00,188.113
5,29.08 21:00,182.542
5,29.08 22:00,180.236
5,29.08 23:00,177.206
5,30.08 00:00,176.381
5,30.08 01:00,178.64
5,30.08 02:00,175.862
5,30.08 03:00,174.425
5,30.08 04:00,172.411
5,30.08 05:00,173.874
5,30.08 06:00,169.56
5,30.08 07:00,164.93
5,30.08 08:00,179.3
5,30.08 09:00,193.28
5,30.08 10:00,210.054
5,30.08 11:00,210.552
5,30.08 12:00,218.298
5,30.08 13:00,215.566
5,30.08 14:00,216.305
5,30.08 15:00,216.656
5,30.08 16:00,211.192
5,30.08 17:00,203.142
5,30.08 18:00,184.651
5,30.08 19:00,194.088
5,30.08 20:00,182.329
5,30.08 21:00,177.943
5,30.08 22:00,167.744
5,30.08 23:00,163.163
5,31.08 00:00,186.812
5,31.08 01:00,179.474
5,31.08 02:00,177.809
5,31.08 03:00,176.962
5,31.08 04:00,180.127
5,31.08 05:00,179.604
5,31.08 06:00,180.103
5,31.08 07:00,185.164
5,31.08 08:00,194.166
5,31.08 09:00,195.925
5,31.08 10:00,211.021
5,31.08 11:00,208.362
5,31.08 12:00,210.847
5,31.08 13:00,197.584
5,31.08 14:00,191.966
5,31.08 15:00,189.873
5,31.08 16:00,187.988
5,31.08 17:00,182.495
5,31.08 18:00,166.67
5,31.08 19:00,166.143
5,31.08 20:00,168.563
5,31.08 21:00,166.251
5,31.08 22:00,167.086
5,31.08 23:00,160.662
5,01.09 00:00,163.558
5,01.09 01:00,172.216
5,01.09 02:00,173.388
5,01.09 03:00,165.11
5,01.09 04:00,165.208
5,01.09 05:00,160.981
5,01.09 06:00,176.755
5,01.09 07:00,181.859
5,01.09 08:00,194.447
5,01.09 09:00,193.389
5,01.09 10:00,216.134
5,01.09 11:00,205.669
5,01.09 12:00,205.618
5,01.09 13:00,206.553
5,01.09 14:00,203.917
5,01.09 15:00,188.859
5,01.09 16:00,208.083
5,01.09 17:00,192.884
5,01.09 18:00,182.672
5,01.09 19:00,176.2
5,01.09 20:00,174.21
5,01.09 21:00,177.857
5,01.09 22:00,192.765
5,01.09 23:00,189.436
5,02.09 00:00,171.597
5,02.09 01:00,183.652
5,02.09 02:00,179.38
5,02.09 03:00,185.823
5,02.09 04:00,170.769
5,02.09 05:00,174.781
5,02.09 06:00,178.892
5,02.09 07:00,173.969
5,02.09 08:00,190.519
5,02.09 09:00,198.132
5,02.09 10:00,199.914
5,02.09 11:00,192.98
5,02.09 12:00,196.971
5,02.09 13:00,198.29
5,02.09 14:00,188.445
5,02.09 15:00,187.332
5,02.09 16:00,189.063
5,02.09 17:00,183.354
5,02.09 18:00,182.353
5,02.09 19:00,181.701
5,02.09 20:00,175.786
5,02.09 21:00,169.294
5,02.09 22:00,169.652
5,02.09 23:00,170.759
5,03.09 00:00,164.264
5,03.09 01:00,163.654
5,03.09 02:00,168.134
5,03.09 03:00,168.403
5,03.09 04:00,162.498
5,03.09 05:00,164.022
5,03.09 06:00,176.946
5,03.09 07:00,176.513
5,03.09 08:00,171.593
5,03.09 09:00,169.273
5,03.09 10:00,173.78
5,03.09 11:00,167.484
5,03.09 12:00,172.486
5,03.09 13:00,178.487
5,03.09 14:00,180.682
5,03.09 15:00,172.616
5,03.09 16:00,182.906
5,03.09 17:00,174.917
5,03.09 18:00,179.438
5,03.09 19:00,182.023
5,03.09 20:00,175.714
5,03.09 21:00,168.771
5,03.09 22:00,178.717
5,03.09 23:00,179.734
5,04.09 00:00,172.106
5,04.09 01:00,174.755
5,04.09 02:00,177.186
5,04.09 03:00,169.562
5,04.09 04:00,185.5
5,04.09 05:00,166.737
5,04.09 06:00,173.177
5,04.09 07:00,169.965
5,04.09 08:00,178.851
5,04.09 09:00,161.465
5,04.09 10:00,179.842
5,04.09 11:00,169.199
5,04.09 12:00,175.243
5,04.09 13:00,174.108
5,04.09 14:00,176.282
5,04.09 15:00,172.709
5,04.09 16:00,182.217
5,04.09 17:00,183.444
5,04.09 18:00,174.85
5,04.09 19:00,168.449
5,04.09 20:00,179.406
5,04.09 21:00,176.818
5,04.09 22:00,194.886
5,04.09 23:00,174.871
5,05.09 00:00,175.654
5,05.09 01:00,168.958
5,05.09 02:00,166.024
5,05.09 03:00,164.055
5,05.09 04:00,172.08
5,05.09 05:00,179.426
5,05.09 06:00,168.465
5,05.09 07:00,173.22
5,05.09 08:00,176.555
5,05.09 09:00,172.111
5,05.09 10:00,166.571
5,05.09 11:00,169.049
5,05.09 12:00,184.409
5,05.09 13:00,166.106
5,05.09 14:00,186.223
5,05.09 15:00,184.546
5,05.09 16:00,173.754
5,05.09 17:00,170.818
5,05.09 18:00,178.796
5,05.09 19:00,178.314
5,05.09 20:00,165.684
5,05.09 21:00,171.934
5,05.09 22:00,157.782
5,05.09 23:00,164.513
5,06.09 00:00,167.759
5,06.09 01:00,165.961
5,06.09 02:00,163.322
5,06.09 03:00,164.085
5,06.09 04:00,154.925
5,06.09 05:00,161.882
5,06.09 06:00,155.027
5,06.09 07:00,148.969
5,06.09 08:00,177.544
5,06.09 09:00,184.607
5,06.09 10:00,182.527
5,06.09 11:00,188.242
5,06.09 12:00,180.728
5,06.09 13:00,191.341
5,06.09 14:00,188.668
5,06.09 15:00,185.001
5,06.09 16:00,186.807
5,06.09 17:00,184.73
5,06.09 18:00,177.589
5,06.09 19:00,174.069
5,06.09 20:00,166.424
5,06.09 21:00,158.43
5,06.09 22:00,168.287
5,06.09 23:00,163.525
5,07.09 00:00,166.148
5,07.09 01:00,146.878
5,07.09 02:00,157.359
5,07.09 03:00,150.959
5,07.09 04:00,149.789
5,07.09 05:00,149.352
5,07.09 06:00,149.785
5,07.09 07:00,146.428
5,07.09 08:00,158.333
5,07.09 09:00,164.703
5,07.09 10:00,176.164
5,07.09 11:00,181.41
5,07.09 12:00,173.95
5,07.09 13:00,182.315
5,07.09 14:00,179.222
5,07.09 15:00,183.966
5,07.09 16:00,180.637
5,07.09 17:00,182.633
5,07.09 18:00,170.763
5,07.09 19:00,167.052
5,07.09 20:00,163.472
5,07.09 21:00,153.988
5,07.09 22:00,159.081
5,07.09 23:00,153.265
5,08.09 00:00,150.475
5,08.09 01:00,134.351
5,08.09 02:00,154.159
5,08.09 03:00,137.774
5,08.09 04:00,150.348
5,08.09 05:00,144.027
5,08.09 06:00,141.213
5,08.09 07:00,144.971
5,08.09 08:00,149.553
5,08.09 09:00,171.849
5,08.09 10:00,180.151
5,08.09 11:00,178.69
5,08.09 12:00,183.716
5,08.09 13:00,185.508
5,08.09 14:00,190.961
5,08.09 15:00,188.632
5,08.09 16:00,184.151
5,08.09 17:00,181.89
5,08.09 18:00,171.791
5,08.09 19:00,158.862
5,08.09 20:00,169.941
5,08.09 21:00,153.95
5,08.09 22:00,150.026
5,08.09 23:00,149.198
5,09.09 00:00,145.0
5,09.09 01:00,148.897
5,09.09 02:00,151.202
5,09.09 03:00,151.44
5,09.09 04:00,150.052
5,09.09 05:00,156.66
5,09.09 06:00,150.157
5,09.09 07:00,159.737
5,09.09 08:00,165.153
5,09.09 09:00,180.877
5,09.09 10:00,177.495
5,09.09 11:00,197.528
5,09.09 12:00,193.433
5,09.09 13:00,195.787
5,09.09 14:00,205.928
5,09.09 15:00,200.604
5,09.09 16:00,191.006
5,09.09 17:00,194.462
5,09.09 18:00,184.467
5,09.09 19:00,181.069
5,09.09 20:00,181.821
5,09.09 21:00,179.971
5,09.09 22:00,170.526
5,09.09 23:00,167.922
5,10.09 00:00,162.605
5,10.09 01:00,156.423
5,10.09 02:00,169.177
5,10.09 03:00,165.424
5,10.09 04:00,163.412
5,10.09 05:00,163.012
5,10.09 06:00,157.282
5,10.09 07:00,161.449
5,10.09 08:00,163.986
5,10.09 09:00,171.242
5,10.09 10:00,170.044
5,10.09 11:00,168.855
5,10.09 12:00,171.881
5,10.09 13:00,172.383
5,10.09 14:00,172.778
5,10.09 15:00,174.855
5,10.09 16:00,175.908
5,10.09 17:00,176.119
5,10.09 18:00,173.535
5,10.09 19:00,167.792
5,10.09 20:00,166.812
5,10.09 21:00,166.062
5,10.09 22:00,163.756
5,10.09 23:00,164.579
5,11.09 00:00,159.616
5,11.09 01:00,162.753
5,11.09 02:00,162.198
5,11.09 03:00,164.512
5,11.09 04:00,159.707
5,11.09 05:00,157.789
5,11.09 06:00,164.035
5,11.09 07:00,161.899
5,11.09 08:00,159.777
5,11.09 09:00,168.673
5,11.09 10:00,168.935
5,11.09 11:00,172.253
5,11.09 12:00,175.943
5,11.09 13:00,173.407
5,11.09 14:00,172.621
5,11.09 15:00,177.412
5,11.09 16:00,172.507
5,11.09 17:00,180.142
5,11.09 18:00,175.448
5,11.09 19:00,172.928
5,11.09 20:00,170.16
5,11.09 21:00,171.187
5,11.09 22:00,173.724
5,11.09 23:00,163.522
5,12.09 00:00,168.068
5,12.09 01:00,167.018
5,12.09 02:00,169.04
5,12.09 03:00,167.213
5,12.09 04:00,162.474
5,12.09 05:00,172.371
5,12.09 06:00,171.822
5,12.09 07:00,170.129
5,12.09 08:00,180.886
5,12.09 09:00,190.904
5,12.09 10:00,202.01
5,12.09 11:00,207.573
5,12.09 12:00,210.282
5,12.09 13:00,218.053
5,12.09 14:00,206.463
5,12.09 15:00,204.207
5,12.09 16:00,206.784
5,12.09 17:00,195.627
5,12.09 18:00,189.439
5,12.09 19:00,182.082
5,12.09 20:00,176.819
5,12.09 21:00,177.504
5,12.09 22:00,175.875
5,12.09 23:00,175.843
5,13.09 00:00,171.92
5,13.09 01:00,173.949
5,13.09 02:00,174.495
5,13.09 03:00,178.194
5,13.09 04:00,173.22
5,13.09 05:00,174.51
5,13.09 06:00,166.623
5,13.09 07:00,165.344
5,13.09 08:00,178.569
5,13.09 09:00,184.406
5,13.09 10:00,192.886
5,13.09 11:00,198.377
5,13.09 12:00,191.606
5,13.09 13:00,195.71
5,13.09 14:00,202.291
5,13.09 15:00,197.078
5,13.09 16:00,195.989
5,13.09 17:00,188.47
5,13.09 18:00,183.888
5,13.09 19:00,179.023
5,13.09 20:00,176.285
5,13.09 21:00,176.225
5,13.09 22:00,175.883
5,13.09 23:00,169.098
5,14.09 00:00,170.803
5,14.09 01:00,178.074
5,14.09 02:00,179.742
5,14.09 03:00,177.791
5,14.09 04:00,177.974
5,14.09 05:00,179.101
5,14.09 06:00,180.515
5,14.09 07:00,182.333
5,14.09 08:00,192.558
5,14.09 09:00,199.225
5,14.09 10:00,203.21
5,14.09 11:00,206.807
5,14.09 12:00,207.775
5,14.09 13:00,214.79
5,14.09 14:00,219.939
5,14.09 15:00,223.125
5,14.09 16:00,213.128
5,14.09 17:00,205.196
5,14.09 18:00,200.344
5,14.09 19:00,192.867
5,14.09 20:00,191.38
5,14.09 21:00,189.589
5,14.09 22:00,185.986
5,14.09 23:00,184.682
5,15.09 00:00,187.339
5,15.09 01:00,186.255
5,15.09 02:00,178.502
5,15.09 03:00,192.079
5,15.09 04:00,192.558
5,15.09 05:00,190.974
5,15.09 06:00,192.752
5,15.09 07:00,188.884
5,15.09 08:00,198.709
5,15.09 09:00,210.818
5,15.09 10:00,208.896
5,15.09 11:00,213.565
5,15.09 12:00,219.042
5,15.09 13:00,226.315
5,15.09 14:00,221.009
5,15.09 15:00,220.43
5,15.09 16:00,213.013
5,15.09 17:00,199.744
5,15.09 18:00,193.859
5,15.09 19:00,190.859
5,15.09 20:00,186.982
5,15.09 21:00,189.792
5,15.09 22:00,188.628
5,15.09 23:00,187.311
5,16.09 00:00,188.217
5,16.09 01:00,186.669
5,16.09 02:00,185.848
5,16.09 03:00,182.372
5,16.09 04:00,183.582
5,16.09 05:00,185.128
5,16.09 06:00,188.177
5,16.09 07:00,189.152
5,16.09 08:00,200.513
5,16.09 09:00,209.993
5,16.09 10:00,214.953
5,16.09 11:00,210.929
5,16.09 12:00,215.626
5,16.09 13:00,217.29
5,16.09 14:00,220.377
5,16.09 15:00,216.953
5,16.09 16:00,216.805
5,16.09 17:00,212.019
5,16.09 18:00,206.898
5,16.09 19:00,194.215
5,16.09 20:00,194.951
5,16.09 21:00,193.102
5,16.09 22:00,194.28
5,16.09 23:00,194.507
5,17.09 00:00,190.566
5,17.09 01:00,196.855
5,17.09 02:00,195.661
5,17.09 03:00,190.856
5,17.09 04:00,188.007
5,17.09 05:00,193.026
5,17.09 06:00,192.276
5,17.09 07:00,190.281
5,17.09 08:00,189.876
5,17.09 09:00,198.274
5,17.09 10:00,200.13
5,17.09 11:00,198.788
5,17.09 12:00,200.466
5,17.09 13:00,201.301
5,17.09 14:00,203.017
5,17.09 15:00,205.827
5,17.09 16:00,207.366
5,17.09 17:00,204.783
5,17.09 18:00,202.599
5,17.09 19:00,203.072
5,17.09 20:00,198.52
5,17.09 21:00,198.806
5,17.09 22:00,200.557
5,17.09 23:00,199.948
5,18.09 00:00,195.428
5,18.09 01:00,198.021
5,18.09 02:00,195.954
5,18.09 03:00,191.44
5,18.09 04:00,189.514
5,18.09 05:00,189.77
5,18.09 06:00,189.152
5,18.09 07:00,187.717
5,18.09 08:00,186.98
5,18.09 09:00,190.271
5,18.09 10:00,192.063
5,18.09 11:00,190.455
5,18.09 12:00,193.06
5,18.09 13:00,195.771
5,18.09 14:00,195.909
5,18.09 15:00,198.295
5,18.09 16:00,204.516
5,18.09 17:00,204.384
5,18.09 18:00,202.382
5,18.09 19:00,201.455
5,18.09 20:00,202.859
5,18.09 21:00,200.094
5,18.09 22:00,201.548
5,18.09 23:00,196.701
5,19.09 00:00,194.167
5,19.09 01:00,181.997
5,19.09 02:00,182.475
5,19.09 03:00,187.951
5,19.09 04:00,182.428
5,19.09 05:00,187.877
5,19.09 06:00,186.114
5,19.09 07:00,186.919
5,19.09 08:00,190.691
5,19.09 09:00,205.013
5,19.09 10:00,207.223
5,19.09 11:00,216.199
5,19.09 12:00,216.116
5,19.09 13:00,216.607
5,19.09 14:00,224.644
5,19.09 15:00,225.674
5,19.09 16:00,216.823
5,19.09 17:00,206.762
5,19.09 18:00,197.973
5,19.09 19:00,192.552
5,19.09 20:00,189.572
5,19.09 21:00,192.184
5,19.09 22:00,188.087
5,19.09 23:00,184.486
5,20.09 00:00,184.251
5,20.09 01:00,178.17
5,20.09 02:00,177.353
5,20.09 03:00,174.842
5,20.09 04:00,171.3
5,20.09 05:00,171.907
5,20.09 06:00,163.735
5,20.09 07:00,166.138
5,20.09 08:00,183.46
5,20.09 09:00,194.205
5,20.09 10:00,200.581
5,20.09 11:00,205.525
5,20.09 12:00,209.868
5,20.09 13:00,210.891
5,20.09 14:00,212.004
5,20.09 15:00,207.101
5,20.09 16:00,205.136
5,20.09 17:00,202.095
5,20.09 18:00,192.751
5,20.09 19:00,184.179
5,20.09 20:00,184.179
5,20.09 21:00,185.743
5,20.09 22:00,179.62
5,20.09 23:00,182.95
5,21.09 00:00,177.122
5,21.09 01:00,174.16
5,21.09 02:00,181.145
5,21.09 03:00,174.257
5,21.09 04:00,171.593
5,21.09 05:00,173.496
5,21.09 06:00,178.945
5,21.09 07:00,171.552
5,21.09 08:00,187.657
5,21.09 09:00,200.012
5,21.09 10:00,202.341
5,21.09 11:00,209.33
5,21.09 12:00,209.056
5,21.09 13:00,208.225
5,21.09 14:00,211.817
5,21.09 15:00,206.897
5,21.09 16:00,202.866
5,21.09 17:00,207.45
5,21.09 18:00,193.557
5,21.09 19:00,186.084
5,21.09 20:00,183.405
5,21.09 21:00,183.216
5,21.09 22:00,184.089
5,21.09 23:00,179.728
5,22.09 00:00,168.98
5,22.09 01:00,177.656
5,22.09 02:00,179.634
5,22.09 03:00,180.258
5,22.09 04:00,176.64
5,22.09 05:00,171.941
5,22.09 06:00,174.755
5,22.09 07:00,178.145
5,22.09 08:00,194.449
5,22.09 09:00,200.223
5,22.09 10:00,204.65
5,22.09 11:00,204.952
5,22.09 12:00,203.625
5,22.09 13:00,210.597
5,22.09 14:00,215.775
5,22.09 15:00,208.691
5,22.09 16:00,211.613
5,22.09 17:00,202.798
5,22.09 18:00,192.515
5,22.09 19:00,183.782
5,22.09 20:00,181.175
5,22.09 21:00,182.787
5,22.09 22:00,179.695
5,22.09 23:00,178.051
5,23.09 00:00,180.854
5,23.09 01:00,171.976
5,23.09 02:00,158.509
5,23.09 03:00,163.738
5,23.09 04:00,171.855
5,23.09 05:00,159.442
5,23.09 06:00,163.584
5,23.09 07:00,159.195
5,23.09 08:00,182.964
5,23.09 09:00,193.511
5,23.09 10:00,199.055
5,23.09 11:00,203.479
5,23.09 12:00,202.25
5,23.09 13:00,199.996
5,23.09 14:00,205.422
5,23.09 15:00,207.196
5,23.09 16:00,201.662
5,23.09 17:00,205.17
5,23.09 18:00,197.611
5,23.09 19:00,190.155
5,23.09 20:00,176.845
5,23.09 21:00,175.37
5,23.09 22:00,177.338
5,23.09 23:00,175.097
5,24.09 00:00,165.09
5,24.09 01:00,176.907
5,24.09 02:00,173.781
5,24.09 03:00,172.69
5,24.09 04:00,168.964
5,24.09 05:00,174.402
5,24.09 06:00,177.978
5,24.09 07:00,172.866
5,24.09 08:00,169.093
5,24.09 09:00,177.289
5,24.09 10:00,171.916
5,24.09 11:00,182.121
5,24.09 12:00,182.747
5,24.09 13:00,178.128
5,24.09 14:00,182.293
5,24.09 15:00,178.667
5,24.09 16:00,187.892
5,24.09 17:00,191.414
5,24.09 18:00,185.354
5,24.09 19:00,179.523
5,24.09 20:00,177.844
5,24.09 21:00,175.375
5,24.09 22:00,167.984
5,24.09 23:00,170.356
5,25.09 00:00,170.477
5,25.09 01:00,177.972
5,25.09 02:00,176.183
5,25.09 03:00,176.821
5,25.09 04:00,176.917
5,25.09 05:00,175.322
5,25.09 06:00,180.197
5,25.09 07:00,175.282
5,25.09 08:00,177.096
5,25.09 09:00,179.808
5,25.09 10:00,182.211
5,25.09 11:00,180.664
5,25.09 12:00,186.27
5,25.09 13:00,186.496
5,25.09 14:00,190.448
5,25.09 15:00,196.106
5,25.09 16:00,193.627
5,25.09 17:00,189.525
5,25.09 18:00,185.287
5,25.09 19:00,185.048
5,25.09 20:00,179.828
5,25.09 21:00,179.922
5,25.09 22:00,182.928
5,25.09 23:00,177.239
5,26.09 00:00,172.369
5,26.09 01:00,171.343
5,26.09 02:00,180.552
5,26.09 03:00,175.292
5,26.09 04:00,182.455
5,26.09 05:00,171.715
5,26.09 06:00,168.806
5,26.09 07:00,171.149
5,26.09 08:00,189.926
5,26.09 09:00,204.73
5,26.09 10:00,205.279
5,26.09 11:00,208.592
5,26.09 12:00,207.688
5,26.09 13:00,204.021
5,26.09 14:00,203.063
5,26.09 15:00,206.197
5,26.09 16:00,191.25
5,26.09 17:00,184.983
5,26.09 18:00,186.418
5,26.09 19:00,181.207
5,26.09 20:00,173.63
5,26.09 21:00,171.882
5,26.09 22:00,175.811
5,26.09 23:00,170.604
5,27.09 00:00,169.967
5,27.09 01:00,171.833
5,27.09 02:00,177.264
5,27.09 03:00,172.663
5,27.09 04:00,175.037
5,27.09 05:00,169.705
5,27.09 06:00,160.403
5,27.09 07:00,154.945
5,27.09 08:00,181.632
5,27.09 09:00,194.553
5,27.09 10:00,203.759
5,27.09 11:00,204.669
5,27.09 12:00,208.97
5,27.09 13:00,209.169
5,27.09 14:00,213.116
5,27.09 15:00,215.043
5,27.09 16:00,209.704
5,27.09 17:00,200.89
5,27.09 18:00,193.986
5,27.09 19:00,194.61
5,27.09 20:00,189.184
5,27.09 21:00,179.963
5,27.09 22:00,186.221
5,27.09 23:00,176.853
5,28.09 00:00,177.704
5,28.09 01:00,176.799
5,28.09 02:00,175.129
5,28.09 03:00,176.2
5,28.09 04:00,173.169
5,28.09 05:00,173.776
5,28.09 06:00,175.662
5,28.09 07:00,177.144
5,28.09 08:00,184.229
5,28.09 09:00,205.049
5,28.09 10:00,206.09
5,28.09 11:00,205.683
5,28.09 12:00,202.174
5,28.09 13:00,206.859
5,28.09 14:00,210.849
5,28.09 15:00,212.317
5,28.09 16:00,207.875
5,28.09 17:00,208.792
5,28.09 18:00,198.255
5,28.09 19:00,189.758
5,28.09 20:00,194.42
5,28.09 21:00,189.649
5,28.09 22:00,188.677
5,28.09 23:00,184.245
5,29.09 00:00,178.474
5,29.09 01:00,181.233
5,29.09 02:00,181.41
5,29.09 03:00,181.395
5,29.09 04:00,180.476
5,29.09 05:00,177.228
5,29.09 06:00,175.72
5,29.09 07:00,175.394
5,29.09 08:00,189.506
5,29.09 09:00,201.836
5,29.09 10:00,208.315
5,29.09 11:00,212.221
5,29.09 12:00,213.872
5,29.09 13:00,211.748
5,29.09 14:00,207.093
5,29.09 15:00,185.738
5,29.09 16:00,208.929
5,29.09 17:00,201.857
5,29.09 18:00,195.824
5,29.09 19:00,187.6
5,29.09 20:00,186.231
5,29.09 21:00,179.686
5,29.09 22:00,183.681
5,29.09 23:00,176.334
5,30.09 00:00,179.69
5,30.09 01:00,183.906
5,30.09 02:00,181.58
5,30.09 03:00,178.795
5,30.09 04:00,178.624
5,30.09 05:00,177.512
5,30.09 06:00,177.297
5,30.09 07:00,180.865
5,30.09 08:00,196.733
5,30.09 09:00,207.157
5,30.09 10:00,213.549
5,30.09 11:00,214.358
5,30.09 12:00,215.115
5,30.09 13:00,212.905
5,30.09 14:00,217.001
5,30.09 15:00,210.975
5,30.09 16:00,210.56
5,30.09 17:00,204.936
5,30.09 18:00,188.73
5,30.09 19:00,190.913
5,30.09 20:00,191.641
5,30.09 21:00,190.638
5,30.09 22:00,183.358
5,30.09 23:00,178.329
