53,01.03 00:00,303.927
53,01.03 01:00,283.08
53,01.03 02:00,283.223
53,01.03 03:00,283.589
53,01.03 04:00,283.538
53,01.03 05:00,284.079
53,01.03 06:00,284.351
53,01.03 07:00,282.332
53,01.03 08:00,283.054
53,01.03 09:00,280.389
53,01.03 10:00,276.963
53,01.03 11:00,276.637
53,01.03 12:00,279.896
53,01.03 13:00,288.271
53,01.03 14:00,291.121
53,01.03 15:00,289.969
53,01.03 16:00,290.425
53,01.03 17:00,293.437
53,01.03 18:00,304.316
53,01.03 19:00,312.742
53,01.03 20:00,311.136
53,01.03 21:00,297.526
53,01.03 22:00,300.764
53,01.03 23:00,289.933
53,02.03 00:00,286.695
53,02.03 01:00,194.558
53,02.03 02:00,193.796
53,02.03 03:00,195.026
53,02.03 04:00,193.369
53,02.03 05:00,194.182
53,02.03 06:00,193.797
53,02.03 07:00,193.566
53,02.03 08:00,192.934
53,02.03 09:00,191.425
53,02.03 10:00,187.088
53,02.03 11:00,188.394
53,02.03 12:00,189.381
53,02.03 13:00,191.397
53,02.03 14:00,192.787
53,02.03 15:00,195.696
53,02.03 16:00,194.897
53,02.03 17:00,194.426
53,02.03 18:00,202.189
53,02.03 19:00,177.32
53,02.03 20:00,200.313
53,02.03 21:00,197.246
53,02.03 22:00,172.918
53,02.03 23:00,182.863
53,03.03 00:00,179.929
53,03.03 01:00,166.223
53,03.03 02:00,190.749
53,03.03 03:00,154.232
53,03.03 04:00,190.376
53,03.03 05:00,160.661
53,03.03 06:00,150.528
53,03.03 07:00,146.693
53,03.03 08:00,146.179
53,03.03 09:00,142.752
53,03.03 10:00,143.052
53,03.03 11:00,142.634
53,03.03 12:00,142.462
53,03.03 13:00,146.777
53,03.03 14:00,149.445
53,03.03 15:00,127.946
53,03.03 16:00,114.403
53,03.03 17:00,113.777
53,03.03 18:00,120.943
53,03.03 19:00,125.801
53,03.03 20:00,122.721
53,03.03 21:00,117.901
53,03.03 22:00,118.56
53,03.03 23:00,113.843
53,04.03 00:00,113.282
53,04.03 01:00,113.445
53,04.03 02:00,117.666
53,04.03 03:00,112.834
53,04.03 04:00,113.252
53,04.03 05:00,112.75
53,04.03 06:00,112.783
53,04.03 07:00,113.11
53,04.03 08:00,112.702
53,04.03 09:00,109.424
53,04.03 10:00,108.694
53,04.03 11:00,108.349
53,04.03 12:00,111.414
53,04.03 13:00,115.135
53,04.03 14:00,115.963
53,04.03 15:00,116.445
53,04.03 16:00,116.107
53,04.03 17:00,114.098
53,04.03 18:00,120.774
53,04.03 19:00,122.625
53,04.03 20:00,123.036
53,04.03 21:00,118.126
53,04.03 22:00,117.939
53,04.03 23:00,114.846
53,05.03 00:00,113.637
53,05.03 01:00,112.868
53,05.03 02:00,113.319
53,05.03 03:00,113.418
53,05.03 04:00,112.545
53,05.03 05:00,113.08
53,05.03 06:00,112.752
53,05.03 07:00,112.251
53,05.03 08:00,112.635
53,05.03 09:00,108.479
53,05.03 10:00,108.496
53,05.03 11:00,108.69
53,05.03 12:00,109.043
53,05.03 13:00,108.712
53,05.03 14:00,109.122
53,05.03 15:00,108.839
53,05.03 16:00,108.889
53,05.03 17:00,108.688
53,05.03 18:00,115.89
53,05.03 19:00,117.631
53,05.03 20:00,116.731
53,05.03 21:00,116.92
53,05.03 22:00,117.689
53,05.03 23:00,114.162
53,06.03 00:00,112.836
53,06.03 01:00,112.453
53,06.03 02:00,112.623
53,06.03 03:00,113.226
53,06.03 04:00,112.895
53,06.03 05:00,112.649
53,06.03 06:00,113.154
53,06.03 07:00,112.478
53,06.03 08:00,112.29
53,06.03 09:00,108.368
53,06.03 10:00,108.513
53,06.03 11:00,108.359
53,06.03 12:00,107.57
53,06.03 13:00,107.542
53,06.03 14:00,108.573
53,06.03 15:00,107.489
53,06.03 16:00,108.044
53,06.03 17:00,108.663
53,06.03 18:00,114.695
53,06.03 19:00,117.767
53,06.03 20:00,118.074
53,06.03 21:00,117.511
53,06.03 22:00,118.573
53,06.03 23:00,114.607
53,07.03 00:00,112.703
53,07.03 01:00,306.032
53,07.03 02:00,306.138
53,07.03 03:00,307.394
53,07.03 04:00,308.654
53,07.03 05:00,307.079
53,07.03 06:00,307.165
53,07.03 07:00,306.559
53,07.03 08:00,305.199
53,07.03 09:00,301.729
53,07.03 10:00,295.256
53,07.03 11:00,295.197
53,07.03 12:00,296.03
53,07.03 13:00,306.278
53,07.03 14:00,308.552
53,07.03 15:00,308.609
53,07.03 16:00,309.173
53,07.03 17:00,310.425
53,07.03 18:00,312.388
53,07.03 19:00,313.57
53,07.03 20:00,310.685
53,07.03 21:00,312.054
53,07.03 22:00,312.777
53,07.03 23:00,307.473
53,08.03 00:00,305.764
53,08.03 01:00,284.139
53,08.03 02:00,282.613
53,08.03 03:00,283.281
53,08.03 04:00,284.288
53,08.03 05:00,282.408
53,08.03 06:00,283.916
53,08.03 07:00,283.498
53,08.03 08:00,282.721
53,08.03 09:00,281.84
53,08.03 10:00,276.255
53,08.03 11:00,274.268
53,08.03 12:00,279.27
53,08.03 13:00,287.062
53,08.03 14:00,291.012
53,08.03 15:00,289.771
53,08.03 16:00,291.482
53,08.03 17:00,293.21
53,08.03 18:00,304.941
53,08.03 19:00,297.276
53,08.03 20:00,308.742
53,08.03 21:00,296.959
53,08.03 22:00,298.186
53,08.03 23:00,290.676
53,09.03 00:00,285.749
53,09.03 01:00,192.185
53,09.03 02:00,192.252
53,09.03 03:00,192.471
53,09.03 04:00,191.929
53,09.03 05:00,192.142
53,09.03 06:00,191.715
53,09.03 07:00,191.725
53,09.03 08:00,192.066
53,09.03 09:00,193.742
53,09.03 10:00,187.092
53,09.03 11:00,193.413
53,09.03 12:00,195.411
53,09.03 13:00,198.109
53,09.03 14:00,198.905
53,09.03 15:00,199.539
53,09.03 16:00,199.669
53,09.03 17:00,197.447
53,09.03 18:00,201.674
53,09.03 19:00,180.293
53,09.03 20:00,199.314
53,09.03 21:00,194.614
53,09.03 22:00,175.727
53,09.03 23:00,183.444
53,10.03 00:00,181.032
53,10.03 01:00,167.049
53,10.03 02:00,189.264
53,10.03 03:00,158.374
53,10.03 04:00,188.971
53,10.03 05:00,165.525
53,10.03 06:00,157.34
53,10.03 07:00,154.629
53,10.03 08:00,155.453
53,10.03 09:00,155.241
53,10.03 10:00,155.647
53,10.03 11:00,158.276
53,10.03 12:00,158.74
53,10.03 13:00,162.32
53,10.03 14:00,164.326
53,10.03 15:00,144.451
53,10.03 16:00,131.889
53,10.03 17:00,130.92
53,10.03 18:00,135.192
53,10.03 19:00,137.708
53,10.03 20:00,133.341
53,10.03 21:00,129.354
53,10.03 22:00,128.644
53,10.03 23:00,125.957
53,11.03 00:00,124.682
53,11.03 01:00,125.118
53,11.03 02:00,124.485
53,11.03 03:00,124.87
53,11.03 04:00,124.566
53,11.03 05:00,124.604
53,11.03 06:00,124.381
53,11.03 07:00,124.772
53,11.03 08:00,125.976
53,11.03 09:00,124.859
53,11.03 10:00,125.33
53,11.03 11:00,126.411
53,11.03 12:00,128.752
53,11.03 13:00,132.758
53,11.03 14:00,133.085
53,11.03 15:00,133.17
53,11.03 16:00,132.235
53,11.03 17:00,130.011
53,11.03 18:00,133.041
53,11.03 19:00,133.219
53,11.03 20:00,131.374
53,11.03 21:00,125.854
53,11.03 22:00,125.509
53,11.03 23:00,123.127
53,12.03 00:00,122.09
53,12.03 01:00,122.378
53,12.03 02:00,121.29
53,12.03 03:00,121.4
53,12.03 04:00,121.563
53,12.03 05:00,120.816
53,12.03 06:00,120.614
53,12.03 07:00,120.135
53,12.03 08:00,120.108
53,12.03 09:00,118.878
53,12.03 10:00,116.985
53,12.03 11:00,117.396
53,12.03 12:00,117.012
53,12.03 13:00,116.603
53,12.03 14:00,117.774
53,12.03 15:00,116.758
53,12.03 16:00,118.005
53,12.03 17:00,117.566
53,12.03 18:00,123.339
53,12.03 19:00,123.967
53,12.03 20:00,123.946
53,12.03 21:00,124.06
53,12.03 22:00,125.085
53,12.03 23:00,121.247
53,13.03 00:00,120.651
53,13.03 01:00,120.066
53,13.03 03:00,120.691
53,13.03 04:00,120.703
53,13.03 05:00,121.005
53,13.03 06:00,121.075
53,13.03 07:00,119.915
53,13.03 08:00,120.805
53,13.03 09:00,117.62
53,13.03 10:00,117.394
53,13.03 11:00,117.783
53,13.03 12:00,117.387
53,13.03 13:00,118.622
53,13.03 14:00,119.315
53,13.03 15:00,118.932
53,13.03 16:00,118.886
53,13.03 17:00,119.606
53,13.03 18:00,124.969
53,13.03 19:00,126.236
53,13.03 20:00,127.32
53,13.03 21:00,127.396
53,13.03 22:00,126.856
53,13.03 23:00,124.342
53,14.03 00:00,123.417
53,14.03 01:00,280.091
53,14.03 02:00,276.957
53,14.03 03:00,278.973
53,14.03 04:00,279.258
53,14.03 05:00,277.515
53,14.03 06:00,278.886
53,14.03 07:00,279.697
53,14.03 08:00,282.215
53,14.03 09:00,279.428
53,14.03 10:00,275.723
53,14.03 11:00,278.517
53,14.03 12:00,277.704
53,14.03 13:00,286.613
53,14.03 14:00,287.216
53,14.03 15:00,289.169
53,14.03 16:00,287.338
53,14.03 17:00,289.064
53,14.03 18:00,287.259
53,14.03 19:00,286.791
53,14.03 20:00,288.324
53,14.03 21:00,286.525
53,14.03 22:00,286.481
53,14.03 23:00,281.508
53,15.03 00:00,279.92
53,15.03 01:00,282.636
53,15.03 02:00,282.812
53,15.03 03:00,283.671
53,15.03 04:00,283.854
53,15.03 05:00,282.999
53,15.03 06:00,283.206
53,15.03 07:00,282.389
53,15.03 08:00,282.022
53,15.03 09:00,279.734
53,15.03 10:00,276.498
53,15.03 11:00,274.789
53,15.03 12:00,277.373
53,15.03 13:00,286.658
53,15.03 14:00,291.397
53,15.03 15:00,289.949
53,15.03 16:00,289.081
53,15.03 17:00,291.624
53,15.03 18:00,317.938
53,15.03 19:00,309.799
53,15.03 20:00,310.875
53,15.03 21:00,298.98
53,15.03 22:00,298.29
53,15.03 23:00,290.647
53,16.03 00:00,284.362
53,16.03 01:00,191.271
53,16.03 02:00,191.15
53,16.03 03:00,193.263
53,16.03 04:00,190.832
53,16.03 05:00,191.479
53,16.03 06:00,191.993
53,16.03 07:00,201.18
53,16.03 08:00,192.208
53,16.03 09:00,192.97
53,16.03 10:00,192.581
53,16.03 11:00,193.361
53,16.03 12:00,193.875
53,16.03 13:00,198.033
53,16.03 14:00,198.573
53,16.03 15:00,200.596
53,16.03 16:00,199.272
53,16.03 17:00,198.539
53,16.03 18:00,203.482
53,16.03 19:00,181.598
53,16.03 20:00,198.56
53,16.03 21:00,194.212
53,16.03 22:00,174.228
53,16.03 23:00,183.304
53,17.03 00:00,179.624
53,17.03 01:00,171.096
53,17.03 02:00,190.012
53,17.03 03:00,157.59
53,17.03 04:00,189.078
53,17.03 05:00,165.311
53,17.03 06:00,157.261
53,17.03 07:00,154.74
53,17.03 08:00,155.809
53,17.03 09:00,155.541
53,17.03 10:00,155.571
53,17.03 11:00,158.335
53,17.03 12:00,158.437
53,17.03 13:00,161.837
53,17.03 14:00,163.096
53,17.03 15:00,145.269
53,17.03 16:00,131.865
53,17.03 17:00,130.918
53,17.03 18:00,134.862
53,17.03 19:00,137.106
53,17.03 20:00,134.156
53,17.03 21:00,129.059
53,17.03 22:00,128.579
53,17.03 23:00,126.267
53,18.03 00:00,124.45
53,18.03 01:00,124.439
53,18.03 02:00,124.963
53,18.03 03:00,124.127
53,18.03 04:00,124.821
53,18.03 05:00,123.883
53,18.03 06:00,123.591
53,18.03 07:00,124.391
53,18.03 08:00,125.957
53,18.03 09:00,124.568
53,18.03 10:00,125.885
53,18.03 11:00,126.714
53,18.03 12:00,128.594
53,18.03 13:00,131.924
53,18.03 14:00,133.211
53,18.03 15:00,135.735
53,18.03 16:00,131.874
53,18.03 17:00,129.373
53,18.03 18:00,133.401
53,18.03 19:00,133.896
53,18.03 20:00,132.08
53,18.03 21:00,125.674
53,18.03 22:00,126.206
53,18.03 23:00,122.861
53,19.03 00:00,122.038
53,19.03 01:00,121.33
53,19.03 02:00,122.197
53,19.03 03:00,120.758
53,19.03 04:00,121.359
53,19.03 05:00,120.769
53,19.03 06:00,120.883
53,19.03 07:00,120.899
53,19.03 08:00,120.854
53,19.03 09:00,117.876
53,19.03 10:00,116.805
53,19.03 11:00,117.067
53,19.03 12:00,117.636
53,19.03 13:00,116.996
53,19.03 14:00,117.203
53,19.03 15:00,117.638
53,19.03 16:00,117.229
53,19.03 17:00,117.4
53,19.03 18:00,123.359
53,19.03 19:00,124.422
53,19.03 20:00,124.078
53,19.03 21:00,124.22
53,19.03 22:00,124.292
53,19.03 23:00,121.104
53,20.03 00:00,125.667
53,20.03 01:00,120.584
53,20.03 02:00,120.994
53,20.03 03:00,121.004
53,20.03 04:00,120.292
53,20.03 05:00,120.159
53,20.03 06:00,120.14
53,20.03 07:00,120.188
53,20.03 08:00,119.905
53,20.03 09:00,117.153
53,20.03 10:00,116.555
53,20.03 11:00,117.242
53,20.03 12:00,117.413
53,20.03 13:00,118.973
53,20.03 14:00,118.979
53,20.03 15:00,118.838
53,20.03 16:00,119.63
53,20.03 17:00,120.106
53,20.03 18:00,125.261
53,20.03 19:00,126.23
53,20.03 20:00,127.588
53,20.03 21:00,127.494
53,20.03 22:00,126.851
53,20.03 23:00,124.639
53,21.03 00:00,123.902
53,21.03 01:00,280.191
53,21.03 02:00,279.253
53,21.03 03:00,279.679
53,21.03 04:00,277.983
53,21.03 05:00,277.677
53,21.03 06:00,278.089
53,21.03 07:00,280.279
53,21.03 08:00,282.105
53,21.03 09:00,279.98
53,21.03 10:00,276.773
53,21.03 11:00,278.343
53,21.03 12:00,277.294
53,21.03 13:00,285.478
53,21.03 14:00,288.267
53,21.03 15:00,287.639
53,21.03 16:00,288.1
53,21.03 17:00,286.435
53,21.03 18:00,286.86
53,21.03 19:00,287.146
53,21.03 20:00,287.503
53,21.03 21:00,287.338
53,21.03 22:00,287.22
53,21.03 23:00,282.706
53,22.03 00:00,280.728
53,22.03 01:00,284.214
53,22.03 02:00,282.939
53,22.03 03:00,282.571
53,22.03 04:00,283.859
53,22.03 05:00,283.989
53,22.03 06:00,282.843
53,22.03 07:00,283.636
53,22.03 08:00,282.99
53,22.03 09:00,280.507
53,22.03 10:00,276.006
53,22.03 11:00,270.151
53,22.03 12:00,278.8
53,22.03 13:00,286.772
53,22.03 14:00,290.728
53,22.03 15:00,289.172
53,22.03 16:00,289.031
53,22.03 17:00,290.174
53,22.03 18:00,305.08
53,22.03 19:00,311.001
53,22.03 20:00,308.157
53,22.03 21:00,297.899
53,22.03 22:00,298.462
53,22.03 23:00,288.938
53,23.03 00:00,286.008
53,23.03 01:00,191.031
53,23.03 02:00,192.505
53,23.03 03:00,192.275
53,23.03 04:00,191.365
53,23.03 05:00,192.292
53,23.03 06:00,192.165
53,23.03 07:00,191.236
53,23.03 08:00,186.273
53,23.03 09:00,192.522
53,23.03 10:00,192.772
53,23.03 11:00,192.662
53,23.03 12:00,195.143
53,23.03 13:00,198.2
53,23.03 14:00,198.295
53,23.03 15:00,200.707
53,23.03 16:00,199.355
53,23.03 17:00,198.912
53,23.03 18:00,203.015
53,23.03 19:00,181.476
53,23.03 20:00,200.182
53,23.03 21:00,194.297
53,23.03 22:00,175.457
53,23.03 23:00,182.332
53,24.03 00:00,179.815
53,24.03 01:00,170.17
53,24.03 02:00,190.085
53,24.03 03:00,158.507
53,24.03 04:00,190.565
53,24.03 05:00,165.717
53,24.03 06:00,158.231
53,24.03 07:00,154.885
53,24.03 08:00,155.971
53,24.03 09:00,154.318
53,24.03 10:00,153.161
53,24.03 11:00,158.237
53,24.03 12:00,159.194
53,24.03 13:00,161.015
53,24.03 14:00,163.527
53,24.03 15:00,144.305
53,24.03 16:00,132.101
53,24.03 17:00,130.606
53,24.03 18:00,134.874
53,24.03 19:00,137.701
53,24.03 20:00,133.786
53,24.03 21:00,128.764
53,24.03 22:00,128.451
53,24.03 23:00,126.029
53,25.03 00:00,175.997
53,25.03 01:00,175.007
53,25.03 02:00,174.553
53,25.03 03:00,173.83
53,25.03 04:00,172.983
53,25.03 05:00,172.645
53,25.03 06:00,171.993
53,25.03 07:00,171.866
53,25.03 08:00,170.016
53,25.03 09:00,167.844
53,25.03 10:00,167.425
53,25.03 11:00,168.755
53,25.03 12:00,176.527
53,25.03 13:00,178.922
53,25.03 14:00,179.536
53,25.03 15:00,177.931
53,25.03 16:00,177.664
53,25.03 17:00,188.152
53,25.03 18:00,189.957
53,25.03 19:00,184.966
53,25.03 20:00,178.518
53,25.03 21:00,179.594
53,25.03 22:00,173.728
53,25.03 23:00,172.898
53,26.03 00:00,173.569
53,26.03 01:00,172.843
53,26.03 02:00,173.499
53,26.03 03:00,173.263
53,26.03 04:00,172.416
53,26.03 05:00,172.246
53,26.03 06:00,172.167
53,26.03 07:00,180.512
53,26.03 08:00,169.446
53,26.03 09:00,166.033
53,26.03 10:00,167.099
53,26.03 11:00,167.678
53,26.03 12:00,167.75
53,26.03 13:00,165.347
53,26.03 14:00,162.283
53,26.03 15:00,160.772
53,26.03 16:00,160.736
53,26.03 17:00,170.225
53,26.03 18:00,173.116
53,26.03 19:00,172.268
53,26.03 20:00,172.958
53,26.03 21:00,173.116
53,26.03 22:00,168.106
53,26.03 23:00,166.32
53,27.03 00:00,167.405
53,27.03 01:00,167.707
53,27.03 02:00,165.771
53,27.03 03:00,166.277
53,27.03 04:00,166.339
53,27.03 05:00,167.559
53,27.03 06:00,161.293
53,27.03 07:00,165.832
53,27.03 08:00,157.884
53,27.03 09:00,160.361
53,27.03 10:00,160.395
53,27.03 11:00,159.273
53,27.03 12:00,160.265
53,27.03 13:00,159.244
53,27.03 14:00,159.948
53,27.03 15:00,158.225
53,27.03 16:00,160.11
53,27.03 17:00,168.647
53,27.03 18:00,171.536
53,27.03 19:00,171.892
53,27.03 20:00,171.535
53,27.03 21:00,173.432
53,27.03 22:00,167.908
53,27.03 23:00,167.414
53,28.03 00:00,167.214
53,28.03 01:00,167.192
53,28.03 02:00,167.354
53,28.03 03:00,166.51
53,28.03 04:00,165.32
53,28.03 05:00,165.272
53,28.03 06:00,166.709
53,28.03 07:00,166.525
53,28.03 08:00,164.146
53,28.03 09:00,164.937
53,28.03 10:00,164.665
53,28.03 11:00,164.932
53,28.03 12:00,170.243
53,28.03 13:00,171.189
53,28.03 14:00,172.253
53,28.03 15:00,171.712
53,28.03 16:00,172.788
53,28.03 17:00,179.376
53,28.03 18:00,182.377
53,28.03 19:00,180.286
53,28.03 20:00,174.445
53,28.03 21:00,174.551
53,28.03 22:00,169.708
53,28.03 23:00,168.451
53,29.03 00:00,168.32
53,29.03 01:00,167.985
53,29.03 02:00,168.929
53,29.03 03:00,168.561
53,29.03 04:00,167.923
53,29.03 05:00,166.95
53,29.03 06:00,167.864
53,29.03 07:00,168.391
53,29.03 08:00,166.406
53,29.03 09:00,166.371
53,29.03 10:00,166.733
53,29.03 11:00,167.836
53,29.03 12:00,170.985
53,29.03 13:00,172.774
53,29.03 14:00,171.848
53,29.03 15:00,172.28
53,29.03 16:00,172.546
53,29.03 17:00,180.99
53,29.03 18:00,184.631
53,29.03 19:00,181.669
53,29.03 20:00,175.543
53,29.03 21:00,174.88
53,29.03 22:00,170.79
53,29.03 23:00,169.051
53,30.03 00:00,170.199
53,30.03 01:00,168.431
53,30.03 02:00,168.884
53,30.03 03:00,168.823
53,30.03 04:00,167.833
53,30.03 05:00,169.027
53,30.03 06:00,168.179
53,30.03 07:00,169.198
53,30.03 08:00,166.588
53,30.03 09:00,167.242
53,30.03 10:00,168.111
53,30.03 11:00,170.462
53,30.03 12:00,170.991
53,30.03 13:00,175.917
53,30.03 14:00,170.344
53,30.03 15:00,169.997
53,30.03 16:00,169.638
53,30.03 17:00,178.808
53,30.03 18:00,181.818
53,30.03 19:00,178.78
53,30.03 20:00,175.393
53,30.03 21:00,176.671
53,30.03 22:00,170.761
53,30.03 23:00,168.129
53,31.03 00:00,172.232
53,31.03 01:00,167.569
53,31.03 02:00,168.598
53,31.03 03:00,168.053
53,31.03 04:00,168.152
53,31.03 05:00,167.233
53,31.03 06:00,169.007
53,31.03 07:00,168.351
53,31.03 08:00,165.867
53,31.03 09:00,162.988
53,31.03 10:00,165.329
53,31.03 11:00,169.748
53,31.03 12:00,172.655
53,31.03 13:00,173.634
53,31.03 14:00,171.451
53,31.03 15:00,171.434
53,31.03 16:00,171.717
53,31.03 17:00,176.528
53,31.03 18:00,179.082
53,31.03 19:00,179.804
53,31.03 20:00,171.548
53,31.03 21:00,174.123
53,31.03 22:00,168.886
53,31.03 23:00,166.61
53,01.04 00:00,166.24
53,01.04 01:00,166.854
53,01.04 02:00,167.66
53,01.04 03:00,167.445
53,01.04 04:00,165.839
53,01.04 05:00,165.203
53,01.04 06:00,166.261
53,01.04 07:00,165.197
53,01.04 08:00,163.696
53,01.04 09:00,165.383
53,01.04 10:00,164.809
53,01.04 11:00,166.609
53,01.04 12:00,171.411
53,01.04 13:00,172.28
53,01.04 14:00,171.362
53,01.04 15:00,171.426
53,01.04 16:00,172.49
53,01.04 17:00,179.211
53,01.04 18:00,182.482
53,01.04 19:00,180.031
53,01.04 20:00,173.77
53,01.04 21:00,174.501
53,01.04 22:00,168.533
53,01.04 23:00,167.306
53,02.04 00:00,168.243
53,02.04 01:00,167.281
53,02.04 02:00,166.27
53,02.04 03:00,167.531
53,02.04 04:00,166.006
53,02.04 05:00,165.962
53,02.04 06:00,166.148
53,02.04 07:00,167.476
53,02.04 08:00,164.683
53,02.04 09:00,161.054
53,02.04 10:00,161.415
53,02.04 11:00,160.184
53,02.04 12:00,159.12
53,02.04 13:00,160.758
53,02.04 14:00,159.716
53,02.04 15:00,159.782
53,02.04 16:00,160.902
53,02.04 17:00,170.185
53,02.04 18:00,172.765
53,02.04 19:00,172.026
53,02.04 20:00,171.177
53,02.04 21:00,171.999
53,02.04 22:00,166.561
53,02.04 23:00,166.3
53,03.04 00:00,166.507
53,03.04 01:00,167.429
53,03.04 02:00,167.121
53,03.04 03:00,167.533
53,03.04 04:00,166.54
53,03.04 05:00,167.459
53,03.04 06:00,167.18
53,03.04 07:00,165.392
53,03.04 08:00,164.334
53,03.04 09:00,161.088
53,03.04 10:00,160.205
53,03.04 11:00,160.657
53,03.04 12:00,161.911
53,03.04 13:00,160.882
53,03.04 14:00,161.415
53,03.04 15:00,161.443
53,03.04 16:00,162.803
53,03.04 17:00,170.298
53,03.04 18:00,173.89
53,03.04 19:00,173.038
53,03.04 20:00,171.935
53,03.04 21:00,173.515
53,03.04 22:00,168.117
53,03.04 23:00,166.581
53,04.04 00:00,168.485
53,04.04 01:00,167.479
53,04.04 02:00,167.823
53,04.04 03:00,166.613
53,04.04 04:00,165.966
53,04.04 05:00,165.412
53,04.04 06:00,167.074
53,04.04 07:00,167.587
53,04.04 08:00,165.506
53,04.04 09:00,162.685
53,04.04 10:00,160.373
53,04.04 11:00,166.793
53,04.04 12:00,170.605
53,04.04 13:00,171.66
53,04.04 14:00,170.545
53,04.04 15:00,170.475
53,04.04 16:00,173.013
53,04.04 17:00,181.063
53,04.04 18:00,184.436
53,04.04 19:00,184.761
53,04.04 20:00,174.45
53,04.04 21:00,173.381
53,04.04 22:00,168.756
53,04.04 23:00,168.1
53,05.04 00:00,169.051
53,05.04 01:00,168.919
53,05.04 02:00,169.085
53,05.04 03:00,168.895
53,05.04 04:00,167.212
53,05.04 05:00,167.125
53,05.04 06:00,168.355
53,05.04 07:00,167.659
53,05.04 08:00,166.643
53,05.04 09:00,164.138
53,05.04 10:00,163.19
53,05.04 11:00,164.421
53,05.04 12:00,172.393
53,05.04 13:00,172.224
53,05.04 14:00,174.9
53,05.04 15:00,173.368
53,05.04 16:00,174.757
53,05.04 17:00,183.594
53,05.04 18:00,187.65
53,05.04 19:00,185.605
53,05.04 20:00,174.801
53,05.04 21:00,175.417
53,05.04 22:00,170.439
53,05.04 23:00,169.053
53,06.04 00:00,169.567
53,06.04 01:00,168.681
53,06.04 02:00,168.801
53,06.04 03:00,169.293
53,06.04 04:00,168.459
53,06.04 05:00,167.816
53,06.04 06:00,169.573
53,06.04 07:00,169.939
53,06.04 08:00,166.561
53,06.04 09:00,164.219
53,06.04 10:00,164.115
53,06.04 11:00,168.786
53,06.04 12:00,172.657
53,06.04 13:00,173.035
53,06.04 14:00,172.033
53,06.04 15:00,171.717
53,06.04 16:00,172.766
53,06.04 17:00,180.533
53,06.04 18:00,185.218
53,06.04 19:00,183.68
53,06.04 20:00,174.717
53,06.04 21:00,175.47
53,06.04 22:00,171.354
53,06.04 23:00,168.279
53,07.04 00:00,169.191
53,07.04 01:00,170.156
53,07.04 02:00,169.317
53,07.04 03:00,168.631
53,07.04 04:00,168.361
53,07.04 05:00,168.633
53,07.04 06:00,168.835
53,07.04 07:00,168.485
53,07.04 08:00,158.201
53,07.04 09:00,162.98
53,07.04 10:00,163.862
53,07.04 11:00,166.455
53,07.04 12:00,171.369
53,07.04 13:00,171.998
53,07.04 14:00,172.003
53,07.04 15:00,171.552
53,07.04 16:00,172.302
53,07.04 17:00,178.929
53,07.04 18:00,182.574
53,07.04 19:00,182.334
53,07.04 20:00,173.014
53,07.04 21:00,174.771
53,07.04 22:00,170.381
53,07.04 23:00,167.239
53,08.04 00:00,167.625
53,08.04 01:00,169.048
53,08.04 02:00,168.737
53,08.04 03:00,168.222
53,08.04 04:00,167.876
53,08.04 05:00,166.466
53,08.04 06:00,167.255
53,08.04 07:00,171.396
53,08.04 08:00,164.708
53,08.04 09:00,163.19
53,08.04 10:00,164.678
53,08.04 11:00,164.458
53,08.04 12:00,172.397
53,08.04 13:00,173.426
53,08.04 14:00,172.838
53,08.04 15:00,171.178
53,08.04 16:00,171.329
53,08.04 17:00,178.989
53,08.04 18:00,184.179
53,08.04 19:00,181.323
53,08.04 20:00,173.885
53,08.04 21:00,175.91
53,08.04 22:00,169.659
53,08.04 23:00,167.866
53,09.04 00:00,167.568
53,09.04 01:00,167.868
53,09.04 02:00,168.957
53,09.04 03:00,167.435
53,09.04 04:00,168.776
53,09.04 05:00,168.686
53,09.04 06:00,167.643
53,09.04 07:00,167.156
53,09.04 08:00,165.111
53,09.04 09:00,162.82
53,09.04 10:00,161.982
53,09.04 11:00,163.625
53,09.04 12:00,164.041
53,09.04 13:00,163.165
53,09.04 14:00,162.156
53,09.04 15:00,163.034
53,09.04 16:00,163.948
53,09.04 17:00,171.495
53,09.04 18:00,175.016
53,09.04 19:00,174.654
53,09.04 20:00,176.006
53,09.04 21:00,176.151
53,09.04 22:00,169.459
53,09.04 23:00,168.43
53,10.04 00:00,168.741
53,10.04 01:00,170.607
53,10.04 02:00,170.485
53,10.04 03:00,169.55
53,10.04 04:00,168.99
53,10.04 05:00,168.65
53,10.04 06:00,169.558
53,10.04 07:00,169.248
53,10.04 08:00,165.962
53,10.04 09:00,164.427
53,10.04 10:00,163.853
53,10.04 11:00,163.135
53,10.04 12:00,163.2
53,10.04 13:00,164.058
53,10.04 14:00,163.644
53,10.04 15:00,164.16
53,10.04 16:00,163.291
53,10.04 17:00,171.676
53,10.04 18:00,174.866
53,10.04 19:00,176.014
53,10.04 20:00,174.99
53,10.04 21:00,175.481
53,10.04 22:00,169.852
53,10.04 23:00,169.583
53,11.04 00:00,169.983
53,11.04 01:00,169.105
53,11.04 02:00,169.583
53,11.04 03:00,169.055
53,11.04 04:00,168.663
53,11.04 05:00,168.887
53,11.04 06:00,168.523
53,11.04 07:00,168.822
53,11.04 08:00,165.092
53,11.04 09:00,163.561
53,11.04 10:00,163.402
53,11.04 11:00,166.517
53,11.04 12:00,174.291
53,11.04 13:00,174.129
53,11.04 14:00,174.764
53,11.04 15:00,173.739
53,11.04 16:00,174.894
53,11.04 17:00,182.878
53,11.04 18:00,186.668
53,11.04 19:00,185.709
53,11.04 20:00,176.472
53,11.04 21:00,177.681
53,11.04 22:00,171.691
53,11.04 23:00,170.136
53,12.04 00:00,170.391
53,12.04 01:00,169.812
53,12.04 02:00,169.562
53,12.04 03:00,169.836
53,12.04 04:00,168.829
53,12.04 05:00,167.597
53,12.04 06:00,169.441
53,12.04 07:00,169.49
53,12.04 08:00,167.405
53,12.04 09:00,164.302
53,12.04 10:00,164.1
53,12.04 11:00,164.623
53,12.04 12:00,171.25
53,12.04 13:00,172.711
53,12.04 14:00,173.875
53,12.04 15:00,173.369
53,12.04 16:00,173.816
53,12.04 17:00,181.874
53,12.04 18:00,186.74
53,12.04 19:00,184.637
53,12.04 20:00,175.301
53,12.04 21:00,175.546
53,12.04 22:00,169.927
53,12.04 23:00,168.573
53,13.04 00:00,168.891
53,13.04 01:00,169.276
53,13.04 02:00,168.645
53,13.04 03:00,169.242
53,13.04 04:00,168.716
53,13.04 05:00,167.734
53,13.04 06:00,168.17
53,13.04 07:00,167.92
53,13.04 08:00,166.408
53,13.04 09:00,162.89
53,13.04 10:00,163.758
53,13.04 11:00,166.312
53,13.04 12:00,168.134
53,13.04 13:00,169.507
53,13.04 14:00,171.158
53,13.04 15:00,170.801
53,13.04 16:00,169.963
53,13.04 17:00,179.499
53,13.04 18:00,184.368
53,13.04 19:00,183.533
53,13.04 20:00,177.112
53,13.04 21:00,177.445
53,13.04 22:00,171.379
53,13.04 23:00,170.98
53,14.04 00:00,170.642
53,14.04 01:00,169.572
53,14.04 02:00,169.977
53,14.04 03:00,169.217
53,14.04 04:00,168.786
53,14.04 05:00,170.042
53,14.04 06:00,170.663
53,14.04 07:00,169.607
53,14.04 08:00,166.449
53,14.04 09:00,161.722
53,14.04 10:00,164.025
53,14.04 11:00,163.921
53,14.04 12:00,170.27
53,14.04 13:00,171.799
53,14.04 14:00,169.793
53,14.04 15:00,170.239
53,14.04 16:00,170.545
53,14.04 17:00,180.759
53,14.04 18:00,187.82
53,14.04 19:00,184.518
53,14.04 20:00,176.003
53,14.04 21:00,176.313
53,14.04 22:00,171.281
53,14.04 23:00,168.075
53,15.04 00:00,168.811
53,15.04 01:00,169.022
53,15.04 02:00,167.609
53,15.04 03:00,168.583
53,15.04 04:00,168.14
53,15.04 05:00,167.928
53,15.04 06:00,167.167
53,15.04 07:00,167.778
53,15.04 08:00,166.201
53,15.04 09:00,164.464
53,15.04 10:00,164.26
53,15.04 11:00,163.898
53,15.04 12:00,162.826
53,15.04 13:00,162.914
53,15.04 14:00,163.586
53,15.04 15:00,162.591
53,15.04 16:00,162.901
53,15.04 17:00,171.471
53,15.04 18:00,175.162
53,15.04 19:00,174.851
53,15.04 20:00,174.22
53,15.04 21:00,174.336
53,15.04 22:00,170.477
53,15.04 23:00,168.969
53,16.04 00:00,168.806
53,16.04 01:00,168.034
53,16.04 02:00,167.782
53,16.04 03:00,168.229
53,16.04 04:00,168.117
53,16.04 05:00,168.171
53,16.04 06:00,166.082
53,16.04 07:00,168.427
53,16.04 08:00,165.338
53,16.04 09:00,163.178
53,16.04 10:00,162.781
53,16.04 11:00,162.554
53,16.04 12:00,161.522
53,16.04 13:00,162.775
53,16.04 14:00,162.828
53,16.04 15:00,163.114
53,16.04 16:00,163.076
53,16.04 17:00,170.796
53,16.04 18:00,174.298
53,16.04 19:00,174.994
53,16.04 20:00,174.185
53,16.04 21:00,175.133
53,16.04 22:00,169.559
53,16.04 23:00,176.716
53,17.04 00:00,168.074
53,17.04 01:00,169.193
53,17.04 02:00,168.248
53,17.04 03:00,168.071
53,17.04 04:00,168.252
53,17.04 05:00,167.654
53,17.04 06:00,167.129
53,17.04 07:00,167.418
53,17.04 08:00,164.644
53,17.04 09:00,162.226
53,17.04 10:00,163.085
53,17.04 11:00,162.959
53,17.04 12:00,162.274
53,17.04 13:00,162.6
53,17.04 14:00,162.752
53,17.04 15:00,163.589
53,17.04 16:00,162.403
53,17.04 17:00,171.5
53,17.04 18:00,174.506
53,17.04 19:00,175.178
53,17.04 20:00,174.154
53,17.04 21:00,174.952
53,17.04 22:00,169.394
53,17.04 23:00,169.247
53,18.04 00:00,168.153
53,18.04 01:00,167.997
53,18.04 02:00,167.97
53,18.04 03:00,168.414
53,18.04 04:00,168.133
53,18.04 05:00,167.824
53,18.04 06:00,168.964
53,18.04 07:00,167.908
53,18.04 08:00,164.752
53,18.04 09:00,162.704
53,18.04 10:00,162.625
53,18.04 11:00,168.641
53,18.04 12:00,174.348
53,18.04 13:00,173.737
53,18.04 14:00,173.592
53,18.04 15:00,171.972
53,18.04 16:00,172.929
53,18.04 17:00,182.17
53,18.04 18:00,186.601
53,18.04 19:00,183.981
53,18.04 20:00,173.969
53,18.04 21:00,174.454
53,18.04 22:00,169.505
53,18.04 23:00,167.63
53,19.04 00:00,166.922
53,19.04 01:00,167.937
53,19.04 02:00,168.166
53,19.04 03:00,167.041
53,19.04 04:00,166.645
53,19.04 05:00,166.247
53,19.04 06:00,167.212
53,19.04 07:00,166.808
53,19.04 08:00,165.12
53,19.04 09:00,162.34
53,19.04 10:00,160.766
53,19.04 11:00,163.978
53,19.04 12:00,166.906
53,19.04 13:00,166.103
53,19.04 14:00,166.783
53,19.04 15:00,169.883
53,19.04 16:00,170.258
53,19.04 17:00,178.799
53,19.04 18:00,182.877
53,19.04 19:00,182.259
53,19.04 20:00,172.729
53,19.04 21:00,166.2
53,19.04 22:00,168.546
53,19.04 23:00,166.912
53,20.04 00:00,167.404
53,20.04 01:00,167.112
53,20.04 02:00,165.978
53,20.04 03:00,167.629
53,20.04 04:00,166.401
53,20.04 05:00,165.471
53,20.04 06:00,167.562
53,20.04 07:00,165.805
53,20.04 08:00,163.698
53,20.04 09:00,160.724
53,20.04 10:00,161.723
53,20.04 11:00,163.891
53,20.04 12:00,167.444
53,20.04 13:00,167.803
53,20.04 14:00,170.228
53,20.04 15:00,169.116
53,20.04 16:00,161.388
53,20.04 17:00,178.648
53,20.04 18:00,182.293
53,20.04 19:00,180.808
53,20.04 20:00,172.919
53,20.04 21:00,173.168
53,20.04 22:00,167.165
53,20.04 23:00,165.765
53,21.04 00:00,165.955
53,21.04 01:00,165.5
53,21.04 02:00,164.941
53,21.04 03:00,164.746
53,21.04 04:00,165.467
53,21.04 05:00,164.968
53,21.04 06:00,164.302
53,21.04 07:00,164.905
53,21.04 08:00,163.359
53,21.04 09:00,160.32
53,21.04 10:00,162.202
53,21.04 11:00,162.67
53,21.04 12:00,165.783
53,21.04 13:00,169.205
53,21.04 14:00,172.61
53,21.04 15:00,171.633
53,21.04 16:00,171.139
53,21.04 17:00,179.52
53,21.04 18:00,183.518
53,21.04 19:00,180.276
53,21.04 20:00,172.664
53,21.04 21:00,171.787
53,21.04 22:00,164.468
53,21.04 23:00,166.26
53,22.04 00:00,165.536
53,22.04 01:00,165.771
53,22.04 02:00,166.181
53,22.04 03:00,165.416
53,22.04 04:00,163.81
53,22.04 05:00,165.006
53,22.04 06:00,164.632
53,22.04 07:00,165.674
53,22.04 08:00,162.421
53,22.04 09:00,160.292
53,22.04 10:00,161.267
53,22.04 11:00,164.711
53,22.04 12:00,170.031
53,22.04 13:00,171.585
53,22.04 14:00,171.781
53,22.04 15:00,172.593
53,22.04 16:00,163.758
53,22.04 17:00,180.879
53,22.04 18:00,185.18
53,22.04 19:00,181.512
53,22.04 20:00,171.164
53,22.04 21:00,172.254
53,22.04 22:00,166.694
53,22.04 23:00,164.022
53,23.04 00:00,164.527
53,23.04 01:00,165.795
53,23.04 02:00,165.18
53,23.04 03:00,165.918
53,23.04 04:00,164.259
53,23.04 05:00,165.855
53,23.04 06:00,164.772
53,23.04 07:00,164.563
53,23.04 08:00,161.195
53,23.04 09:00,158.487
53,23.04 10:00,158.077
53,23.04 11:00,158.511
53,23.04 12:00,158.448
53,23.04 13:00,159.699
53,23.04 14:00,159.208
53,23.04 15:00,159.231
53,23.04 16:00,158.263
53,23.04 17:00,168.357
53,23.04 18:00,170.015
53,23.04 19:00,170.996
53,23.04 20:00,171.268
53,23.04 21:00,171.674
53,23.04 22:00,166.592
53,23.04 23:00,166.297
53,24.04 00:00,165.115
53,24.04 01:00,164.123
53,24.04 02:00,165.164
53,24.04 03:00,164.789
53,24.04 04:00,164.794
53,24.04 05:00,163.777
53,24.04 06:00,165.741
53,24.04 07:00,164.753
53,24.04 08:00,162.282
53,24.04 09:00,159.027
53,24.04 10:00,158.647
53,24.04 11:00,159.885
53,24.04 12:00,158.826
53,24.04 13:00,159.611
53,24.04 14:00,158.696
53,24.04 15:00,158.956
53,24.04 16:00,163.481
53,24.04 17:00,167.695
53,24.04 18:00,171.062
53,24.04 19:00,171.611
53,24.04 20:00,170.56
53,24.04 21:00,172.112
53,24.04 22:00,166.378
53,24.04 23:00,165.35
53,25.04 00:00,166.178
53,25.04 01:00,165.965
53,25.04 02:00,164.928
53,25.04 03:00,165.196
53,25.04 04:00,164.609
53,25.04 05:00,165.047
53,25.04 06:00,164.764
53,25.04 07:00,165.093
53,25.04 08:00,163.233
53,25.04 09:00,160.06
53,25.04 10:00,160.493
53,25.04 11:00,161.821
53,25.04 12:00,168.799
53,25.04 13:00,169.445
53,25.04 14:00,171.26
53,25.04 15:00,171.766
53,25.04 16:00,170.661
53,25.04 17:00,180.383
53,25.04 18:00,184.724
53,25.04 19:00,180.331
53,25.04 20:00,172.968
53,25.04 21:00,172.341
53,25.04 22:00,166.281
53,25.04 23:00,165.089
53,26.04 00:00,166.052
53,26.04 01:00,165.938
53,26.04 02:00,165.682
53,26.04 03:00,165.793
53,26.04 04:00,164.23
53,26.04 05:00,164.683
53,26.04 06:00,164.736
53,26.04 07:00,163.851
53,26.04 08:00,161.969
53,26.04 09:00,159.916
53,26.04 10:00,159.306
53,26.04 11:00,164.653
53,26.04 12:00,171.058
53,26.04 13:00,172.214
53,26.04 14:00,182.614
53,26.04 15:00,179.927
53,26.04 16:00,173.583
53,26.04 17:00,182.304
53,26.04 18:00,186.249
53,26.04 19:00,186.625
53,26.04 20:00,174.314
53,26.04 21:00,174.481
53,26.04 22:00,169.218
53,26.04 23:00,168.266
53,27.04 00:00,168.093
53,27.04 01:00,166.941
53,27.04 02:00,167.037
53,27.04 03:00,167.02
53,27.04 04:00,166.938
53,27.04 05:00,168.095
53,27.04 06:00,167.439
53,27.04 07:00,167.441
53,27.04 08:00,165.348
53,27.04 09:00,162.882
53,27.04 10:00,162.745
53,27.04 11:00,162.795
53,27.04 12:00,167.723
53,27.04 13:00,167.506
53,27.04 14:00,169.941
53,27.04 15:00,173.712
53,27.04 16:00,174.67
53,27.04 17:00,182.152
53,27.04 18:00,186.384
53,27.04 19:00,183.367
53,27.04 20:00,172.777
53,27.04 21:00,175.434
53,27.04 22:00,169.964
53,27.04 23:00,168.117
53,28.04 00:00,167.553
53,28.04 01:00,167.041
53,28.04 02:00,168.375
53,28.04 03:00,167.944
53,28.04 04:00,166.482
53,28.04 05:00,166.749
53,28.04 06:00,167.622
53,28.04 07:00,167.152
53,28.04 08:00,163.609
53,28.04 09:00,161.459
53,28.04 10:00,162.535
53,28.04 11:00,167.077
53,28.04 12:00,169.512
53,28.04 13:00,171.19
53,28.04 14:00,172.446
53,28.04 15:00,173.264
53,28.04 16:00,174.043
53,28.04 17:00,182.328
53,28.04 18:00,185.935
53,28.04 19:00,183.729
53,28.04 20:00,175.818
53,28.04 21:00,177.017
53,28.04 22:00,170.607
53,28.04 23:00,169.967
53,29.04 00:00,169.225
53,29.04 01:00,170.027
53,29.04 02:00,170.019
53,29.04 03:00,168.761
53,29.04 04:00,169.052
53,29.04 05:00,169.782
53,29.04 06:00,168.723
53,29.04 07:00,169.399
53,29.04 08:00,166.958
53,29.04 09:00,164.52
53,29.04 10:00,164.427
53,29.04 11:00,171.463
53,29.04 12:00,175.251
53,29.04 13:00,175.49
53,29.04 14:00,176.156
53,29.04 15:00,175.136
53,29.04 16:00,176.176
53,29.04 17:00,190.929
53,29.04 18:00,188.918
53,29.04 19:00,183.426
53,29.04 20:00,177.123
53,29.04 21:00,176.111
53,29.04 22:00,171.869
53,29.04 23:00,177.111
53,30.04 00:00,170.188
53,30.04 01:00,170.425
53,30.04 02:00,169.491
53,30.04 03:00,169.659
53,30.04 04:00,169.843
53,30.04 05:00,168.67
53,30.04 06:00,168.611
53,30.04 07:00,169.749
53,30.04 08:00,167.958
53,30.04 09:00,165.632
53,30.04 10:00,164.3
53,30.04 11:00,164.845
53,30.04 12:00,164.646
53,30.04 13:00,164.673
53,30.04 14:00,166.084
53,30.04 15:00,165.205
53,30.04 16:00,165.253
53,30.04 17:00,174.249
53,30.04 18:00,176.874
53,30.04 19:00,176.533
53,30.04 20:00,176.095
53,30.04 21:00,176.255
53,30.04 22:00,171.565
53,30.04 23:00,170.115
53,01.05 00:00,170.242
53,01.05 01:00,171.129
53,01.05 02:00,170.381
53,01.05 03:00,170.151
53,01.05 04:00,170.614
53,01.05 05:00,169.664
53,01.05 06:00,168.963
53,01.05 07:00,169.289
53,01.05 08:00,166.753
53,01.05 09:00,164.279
53,01.05 10:00,164.12
53,01.05 11:00,165.528
53,01.05 12:00,165.633
53,01.05 13:00,165.006
53,01.05 14:00,164.958
53,01.05 15:00,165.424
53,01.05 16:00,165.243
53,01.05 17:00,174.085
53,01.05 18:00,176.426
53,01.05 19:00,176.439
53,01.05 20:00,176.494
53,01.05 21:00,177.172
53,01.05 22:00,172.113
53,01.05 23:00,170.32
53,03.05 00:00,169.954
53,03.05 01:00,169.622
53,03.05 02:00,170.377
53,03.05 03:00,168.851
53,03.05 04:00,168.515
53,03.05 05:00,169.721
53,03.05 06:00,169.346
53,03.05 07:00,168.277
53,03.05 08:00,165.781
53,03.05 09:00,164.841
53,03.05 10:00,164.386
53,03.05 11:00,164.242
53,03.05 12:00,172.987
53,03.05 13:00,173.347
53,03.05 14:00,173.506
53,03.05 15:00,172.913
53,03.05 16:00,173.76
53,03.05 17:00,182.63
53,03.05 18:00,186.08
53,03.05 19:00,183.204
53,03.05 20:00,173.208
53,03.05 21:00,173.82
53,03.05 22:00,168.583
53,03.05 23:00,167.071
53,04.05 00:00,167.295
53,04.05 01:00,167.352
53,04.05 02:00,167.505
53,04.05 03:00,166.8
53,04.05 04:00,166.599
53,04.05 05:00,167.555
53,04.05 06:00,167.368
53,04.05 07:00,166.442
53,04.05 08:00,164.581
53,04.05 09:00,166.429
53,04.05 10:00,167.221
53,04.05 11:00,167.632
53,04.05 12:00,169.034
53,04.05 13:00,169.969
53,04.05 14:00,168.337
53,04.05 15:00,168.794
53,04.05 16:00,169.271
53,04.05 17:00,178.044
53,04.05 18:00,182.979
53,04.05 19:00,180.129
53,04.05 20:00,172.52
53,04.05 21:00,174.347
53,04.05 22:00,168.843
53,04.05 23:00,166.381
53,05.05 00:00,167.973
53,05.05 01:00,166.991
53,05.05 02:00,168.326
53,05.05 03:00,167.243
53,05.05 04:00,166.524
53,05.05 05:00,166.936
53,05.05 06:00,168.335
53,05.05 07:00,168.566
53,05.05 08:00,165.377
53,05.05 09:00,162.939
53,05.05 10:00,162.428
53,05.05 11:00,164.54
53,05.05 12:00,168.281
53,05.05 13:00,171.33
53,05.05 14:00,170.92
53,05.05 15:00,172.198
53,05.05 16:00,170.778
53,05.05 17:00,181.103
53,05.05 18:00,185.115
53,05.05 19:00,181.072
53,05.05 20:00,171.891
53,05.05 21:00,174.853
53,05.05 22:00,169.255
53,05.05 23:00,167.254
53,06.05 00:00,167.13
53,06.05 01:00,167.576
53,06.05 02:00,166.535
53,06.05 03:00,167.912
53,06.05 04:00,165.689
53,06.05 05:00,167.039
53,06.05 06:00,167.032
53,06.05 07:00,166.104
53,06.05 08:00,165.543
53,06.05 09:00,167.299
53,06.05 10:00,167.155
53,06.05 11:00,169.143
53,06.05 12:00,172.59
53,06.05 13:00,173.85
53,06.05 14:00,174.533
53,06.05 15:00,174.023
53,06.05 16:00,174.941
53,06.05 17:00,181.936
53,06.05 18:00,185.544
53,06.05 19:00,179.814
53,06.05 20:00,174.357
53,06.05 21:00,174.627
53,06.05 22:00,170.574
53,06.05 23:00,168.997
53,07.05 00:00,167.621
53,07.05 01:00,167.33
53,07.05 02:00,168.4
53,07.05 03:00,167.492
53,07.05 04:00,166.967
53,07.05 05:00,166.174
53,07.05 06:00,166.91
53,07.05 07:00,166.97
53,07.05 08:00,164.408
53,07.05 09:00,162.169
53,07.05 10:00,161.602
53,07.05 11:00,160.805
53,07.05 12:00,161.323
53,07.05 13:00,162.668
53,07.05 14:00,161.809
53,07.05 15:00,162.732
53,07.05 16:00,162.091
53,07.05 17:00,170.504
53,07.05 18:00,174.003
53,07.05 19:00,173.171
53,07.05 20:00,171.122
53,07.05 21:00,174.163
53,07.05 22:00,168.677
53,07.05 23:00,166.18
53,08.05 00:00,166.724
53,08.05 01:00,166.732
53,08.05 02:00,166.382
53,08.05 03:00,166.397
53,08.05 04:00,165.831
53,08.05 05:00,164.507
53,08.05 06:00,166.371
53,08.05 07:00,165.923
53,08.05 08:00,164.605
53,08.05 09:00,161.305
53,08.05 10:00,160.591
53,08.05 11:00,160.697
53,08.05 12:00,161.196
53,08.05 13:00,161.943
53,08.05 14:00,161.449
53,08.05 15:00,162.3
53,08.05 16:00,162.128
53,08.05 17:00,170.936
53,08.05 18:00,172.645
53,08.05 19:00,173.065
53,08.05 20:00,170.964
53,08.05 21:00,172.348
53,08.05 22:00,168.099
53,08.05 23:00,165.537
53,09.05 00:00,165.905
53,09.05 01:00,166.443
53,09.05 02:00,166.607
53,09.05 03:00,166.091
53,09.05 04:00,165.247
53,09.05 05:00,166.942
53,09.05 06:00,166.057
53,09.05 07:00,166.43
53,09.05 08:00,163.996
53,09.05 09:00,160.358
53,09.05 10:00,161.407
53,09.05 11:00,168.097
53,09.05 12:00,169.74
53,09.05 13:00,170.365
53,09.05 14:00,169.584
53,09.05 15:00,170.329
53,09.05 16:00,170.573
53,09.05 17:00,178.213
53,09.05 18:00,182.607
53,09.05 19:00,180.361
53,09.05 20:00,172.859
53,09.05 21:00,173.325
53,09.05 22:00,166.857
53,09.05 23:00,166.016
53,10.05 00:00,256.889
53,10.05 01:00,257.062
53,10.05 02:00,256.322
53,10.05 03:00,257.534
53,10.05 04:00,255.867
53,10.05 05:00,255.983
53,10.05 06:00,256.66
53,10.05 07:00,261.413
53,10.05 08:00,256.638
53,10.05 09:00,253.185
53,10.05 10:00,250.827
53,10.05 11:00,251.452
53,10.05 12:00,257.307
53,10.05 13:00,261.461
53,10.05 14:00,264.704
53,10.05 15:00,263.648
53,10.05 16:00,263.75
53,10.05 17:00,271.187
53,10.05 18:00,280.045
53,10.05 19:00,280.002
53,10.05 20:00,274.871
53,10.05 21:00,270.429
53,10.05 22:00,265.268
53,10.05 23:00,261.317
53,11.05 00:00,222.895
53,11.05 01:00,177.393
53,11.05 02:00,176.749
53,11.05 03:00,178.126
53,11.05 04:00,176.862
53,11.05 05:00,177.709
53,11.05 06:00,176.763
53,11.05 07:00,177.496
53,11.05 08:00,177.147
53,11.05 09:00,177.297
53,11.05 10:00,176.814
53,11.05 11:00,178.387
53,11.05 12:00,180.23
53,11.05 13:00,182.095
53,11.05 14:00,182.879
53,11.05 15:00,184.123
53,11.05 16:00,182.128
53,11.05 17:00,184.596
53,11.05 18:00,177.339
53,11.05 19:00,176.099
53,11.05 20:00,181.825
53,11.05 21:00,171.331
53,11.05 22:00,163.957
53,11.05 23:00,167.839
53,12.05 00:00,161.573
53,12.05 01:00,165.221
53,12.05 02:00,159.165
53,12.05 03:00,160.716
53,12.05 04:00,162.168
53,12.05 05:00,146.668
53,12.05 06:00,142.312
53,12.05 07:00,140.786
53,12.05 08:00,140.182
53,12.05 09:00,139.74
53,12.05 10:00,140.869
53,12.05 11:00,141.476
53,12.05 12:00,142.947
53,12.05 13:00,146.26
53,12.05 14:00,137.381
53,12.05 15:00,122.969
53,12.05 16:00,116.611
53,12.05 17:00,119.013
53,12.05 18:00,121.858
53,12.05 19:00,122.117
53,12.05 20:00,118.414
53,12.05 21:00,115.321
53,12.05 22:00,113.839
53,12.05 23:00,112.232
53,13.05 00:00,109.265
53,13.05 01:00,109.257
53,13.05 02:00,109.353
53,13.05 03:00,109.179
53,13.05 04:00,108.525
53,13.05 05:00,108.35
53,13.05 06:00,109.194
53,13.05 07:00,108.936
53,13.05 08:00,107.873
53,13.05 09:00,107.057
53,13.05 10:00,107.518
53,13.05 11:00,109.399
53,13.05 12:00,113.5
53,13.05 13:00,114.309
53,13.05 14:00,114.716
53,13.05 15:00,114.043
53,13.05 16:00,112.84
53,13.05 17:00,115.812
53,13.05 18:00,117.493
53,13.05 19:00,116.513
53,13.05 20:00,112.813
53,13.05 21:00,111.211
53,13.05 22:00,109.073
53,13.05 23:00,107.379
53,14.05 00:00,107.198
53,14.05 01:00,107.164
53,14.05 02:00,106.734
53,14.05 03:00,106.617
53,14.05 04:00,106.384
53,14.05 05:00,106.87
53,14.05 06:00,106.39
53,14.05 07:00,106.77
53,14.05 08:00,103.887
53,14.05 09:00,103.286
53,14.05 10:00,103.77
53,14.05 11:00,103.828
53,14.05 12:00,103.239
53,14.05 13:00,102.898
53,14.05 14:00,102.996
53,14.05 15:00,103.051
53,14.05 16:00,104.028
53,14.05 17:00,108.104
53,14.05 18:00,110.058
53,14.05 19:00,110.065
53,14.05 20:00,110.299
53,14.05 21:00,106.797
53,14.05 22:00,108.3
53,14.05 23:00,106.958
53,15.05 00:00,105.947
53,15.05 01:00,106.631
53,15.05 02:00,105.574
53,15.05 03:00,106.174
53,15.05 04:00,106.014
53,15.05 05:00,107.027
53,15.05 06:00,106.417
53,15.05 07:00,106.542
53,15.05 08:00,104.352
53,15.05 09:00,103.017
53,15.05 10:00,102.541
53,15.05 11:00,103.326
53,15.05 12:00,103.56
53,15.05 13:00,103.678
53,15.05 14:00,104.409
53,15.05 15:00,104.604
53,15.05 16:00,104.8
53,15.05 17:00,107.501
53,15.05 18:00,111.012
53,15.05 19:00,111.657
53,15.05 20:00,112.313
53,15.05 21:00,112.369
53,15.05 22:00,110.731
53,15.05 23:00,108.735
53,16.05 00:00,206.632
53,16.05 01:00,263.544
53,16.05 02:00,263.193
53,16.05 03:00,263.645
53,16.05 04:00,263.74
53,16.05 05:00,263.886
53,16.05 06:00,264.273
53,16.05 07:00,265.161
53,16.05 08:00,262.861
53,16.05 09:00,258.381
53,16.05 10:00,266.27
53,16.05 11:00,257.839
53,16.05 12:00,264.923
53,16.05 13:00,268.341
53,16.05 14:00,268.998
53,16.05 15:00,268.224
53,16.05 16:00,269.113
53,16.05 17:00,271.147
53,16.05 18:00,270.788
53,16.05 19:00,270.66
53,16.05 20:00,270.284
53,16.05 21:00,268.978
53,16.05 22:00,265.07
53,16.05 23:00,263.762
53,17.05 00:00,257.857
53,17.05 01:00,258.364
53,17.05 02:00,256.63
53,17.05 03:00,256.874
53,17.05 04:00,257.559
53,17.05 05:00,256.98
53,17.05 06:00,256.11
53,17.05 07:00,256.242
53,17.05 08:00,255.996
53,17.05 09:00,253.091
53,17.05 10:00,250.048
53,17.05 11:00,250.87
53,17.05 12:00,257.473
53,17.05 13:00,262.688
53,17.05 14:00,264.691
53,17.05 15:00,263.769
53,17.05 16:00,264.974
53,17.05 17:00,272.025
53,17.05 18:00,279.164
53,17.05 19:00,282.096
53,17.05 20:00,273.486
53,17.05 21:00,270.964
53,17.05 22:00,266.979
53,17.05 23:00,260.996
53,18.05 00:00,221.795
53,18.05 01:00,177.155
53,18.05 02:00,177.14
53,18.05 03:00,177.317
53,18.05 04:00,176.123
53,18.05 05:00,176.868
53,18.05 06:00,176.919
53,18.05 07:00,176.837
53,18.05 08:00,178.187
53,18.05 09:00,177.961
53,18.05 10:00,176.64
53,18.05 11:00,178.254
53,18.05 12:00,179.951
53,18.05 13:00,181.512
53,18.05 14:00,182.957
53,18.05 15:00,183.621
53,18.05 16:00,182.403
53,18.05 17:00,184.617
53,18.05 18:00,176.544
53,18.05 19:00,175.508
53,18.05 20:00,181.479
53,18.05 21:00,170.386
53,18.05 22:00,164.418
53,18.05 23:00,168.214
53,19.05 00:00,160.719
53,19.05 01:00,165.121
53,19.05 02:00,159.458
53,19.05 03:00,159.301
53,19.05 04:00,163.64
53,19.05 05:00,146.583
53,19.05 06:00,142.354
53,19.05 07:00,139.996
53,19.05 08:00,139.804
53,19.05 09:00,139.643
53,19.05 10:00,143.689
53,19.05 11:00,141.252
53,19.05 12:00,143.069
53,19.05 13:00,146.093
53,19.05 14:00,137.7
53,19.05 15:00,122.946
53,19.05 16:00,116.721
53,19.05 17:00,118.114
53,19.05 18:00,121.739
53,19.05 19:00,122.276
53,19.05 20:00,118.019
53,19.05 21:00,115.236
53,19.05 22:00,114.394
53,19.05 23:00,111.619
53,20.05 00:00,108.768
53,20.05 01:00,109.398
53,20.05 02:00,108.992
53,20.05 03:00,108.365
53,20.05 04:00,108.564
53,20.05 05:00,108.726
53,20.05 06:00,109.108
53,20.05 07:00,109.613
53,20.05 08:00,108.182
53,20.05 09:00,107.51
53,20.05 10:00,108.366
53,20.05 11:00,109.621
53,20.05 12:00,113.156
53,20.05 13:00,114.928
53,20.05 14:00,113.913
53,20.05 15:00,113.918
53,20.05 16:00,112.131
53,20.05 17:00,116.081
53,20.05 18:00,117.552
53,20.05 19:00,116.593
53,20.05 20:00,112.686
53,20.05 21:00,111.395
53,20.05 22:00,108.969
53,20.05 23:00,107.425
53,21.05 00:00,107.534
53,21.05 01:00,107.347
53,21.05 02:00,107.111
53,21.05 03:00,107.211
53,21.05 04:00,110.094
53,21.05 05:00,106.669
53,21.05 06:00,106.336
53,21.05 07:00,106.039
53,21.05 08:00,103.864
53,21.05 09:00,103.359
53,21.05 10:00,103.299
53,21.05 11:00,103.09
53,21.05 12:00,102.806
53,21.05 13:00,103.274
53,21.05 14:00,103.662
53,21.05 15:00,103.301
53,21.05 16:00,103.184
53,21.05 17:00,108.235
53,21.05 18:00,110.423
53,21.05 19:00,110.387
53,21.05 20:00,109.958
53,21.05 21:00,110.444
53,21.05 22:00,107.692
53,21.05 23:00,106.727
53,22.05 00:00,106.138
53,22.05 01:00,105.833
53,22.05 02:00,106.374
53,22.05 03:00,106.289
53,22.05 04:00,106.319
53,22.05 05:00,106.8
53,22.05 06:00,106.506
53,22.05 07:00,106.214
53,22.05 08:00,104.091
53,22.05 09:00,103.079
53,22.05 10:00,102.845
53,22.05 11:00,102.761
53,22.05 12:00,103.518
53,22.05 13:00,103.535
53,22.05 14:00,104.216
53,22.05 15:00,104.085
53,22.05 16:00,104.992
53,22.05 17:00,108.009
53,22.05 18:00,110.564
53,22.05 19:00,111.887
53,22.05 20:00,111.979
53,22.05 21:00,112.375
53,22.05 22:00,110.225
53,22.05 23:00,108.457
53,23.05 00:00,207.778
53,23.05 01:00,264.224
53,23.05 02:00,263.811
53,23.05 03:00,264.283
53,23.05 04:00,262.603
53,23.05 05:00,262.104
53,23.05 06:00,262.205
53,23.05 07:00,263.503
53,23.05 08:00,262.915
53,23.05 09:00,260.209
53,23.05 10:00,258.718
53,23.05 11:00,259.251
53,23.05 12:00,263.239
53,23.05 13:00,267.259
53,23.05 14:00,268.478
53,23.05 15:00,268.649
53,23.05 16:00,270.184
53,23.05 17:00,270.764
53,23.05 18:00,268.979
53,23.05 19:00,270.616
53,23.05 20:00,270.566
53,23.05 21:00,269.515
53,23.05 22:00,265.756
53,23.05 23:00,264.948
53,24.05 00:00,257.87
53,24.05 01:00,257.127
53,24.05 02:00,256.772
53,24.05 03:00,257.212
53,24.05 04:00,257.895
53,24.05 05:00,257.987
53,24.05 06:00,256.434
53,24.05 07:00,256.018
53,24.05 08:00,256.423
53,24.05 09:00,252.057
53,24.05 10:00,249.483
53,24.05 11:00,251.385
53,24.05 12:00,256.453
53,24.05 13:00,263.127
53,24.05 14:00,262.858
53,24.05 15:00,262.792
53,24.05 16:00,264.742
53,24.05 17:00,272.278
53,24.05 18:00,279.953
53,24.05 19:00,281.591
53,24.05 20:00,274.797
53,24.05 21:00,270.385
53,24.05 22:00,265.188
53,24.05 23:00,260.768
53,25.05 00:00,223.446
53,25.05 01:00,176.749
53,25.05 02:00,176.434
53,25.05 03:00,177.964
53,25.05 04:00,177.866
53,25.05 05:00,176.118
53,25.05 06:00,177.025
53,25.05 07:00,177.931
53,25.05 08:00,177.642
53,25.05 09:00,176.428
53,25.05 10:00,176.221
53,25.05 11:00,177.85
53,25.05 12:00,179.082
53,25.05 13:00,181.192
53,25.05 14:00,183.914
53,25.05 15:00,183.435
53,25.05 16:00,181.975
53,25.05 17:00,184.127
53,25.05 18:00,177.026
53,25.05 19:00,175.43
53,25.05 20:00,182.038
53,25.05 21:00,170.686
53,25.05 22:00,164.09
53,25.05 23:00,167.314
53,26.05 00:00,160.978
53,26.05 01:00,160.638
53,26.05 02:00,159.803
53,26.05 03:00,159.009
53,26.05 04:00,159.145
53,26.05 05:00,159.32
53,26.05 06:00,152.419
53,26.05 07:00,145.705
53,26.05 08:00,142.114
53,26.05 09:00,141.553
53,26.05 10:00,141.91
53,26.05 11:00,147.959
53,26.05 12:00,153.59
53,26.05 13:00,153.992
53,26.05 14:00,162.659
53,26.05 15:00,165.155
53,26.05 16:00,165.775
53,26.05 17:00,174.598
53,26.05 18:00,177.3
53,26.05 19:00,176.046
53,26.05 20:00,164.73
53,26.05 21:00,166.66
53,26.05 22:00,160.97
53,26.05 23:00,159.397
53,27.05 00:00,159.197
53,27.05 01:00,160.356
53,27.05 02:00,158.624
53,27.05 03:00,158.491
53,27.05 04:00,158.421
53,27.05 05:00,158.057
53,27.05 06:00,158.736
53,27.05 07:00,158.367
53,27.05 08:00,155.759
53,27.05 09:00,153.447
53,27.05 10:00,154.148
53,27.05 11:00,161.586
53,27.05 12:00,163.904
53,27.05 13:00,165.571
53,27.05 14:00,165.616
53,27.05 15:00,166.399
53,27.05 16:00,165.827
53,27.05 17:00,174.019
53,27.05 18:00,176.479
53,27.05 19:00,175.701
53,27.05 20:00,169.966
53,27.05 21:00,168.118
53,27.05 22:00,162.98
53,27.05 23:00,160.276
53,28.05 00:00,160.13
53,28.05 01:00,159.917
53,28.05 02:00,161.616
53,28.05 03:00,160.768
53,28.05 04:00,160.917
53,28.05 05:00,161.202
53,28.05 06:00,160.99
53,28.05 07:00,159.266
53,28.05 08:00,157.475
53,28.05 09:00,155.462
53,28.05 10:00,154.599
53,28.05 11:00,154.324
53,28.05 12:00,155.245
53,28.05 13:00,155.405
53,28.05 14:00,154.836
53,28.05 15:00,154.197
53,28.05 16:00,153.963
53,28.05 17:00,162.981
53,28.05 18:00,167.147
53,28.05 19:00,167.605
53,28.05 20:00,167.457
53,28.05 21:00,166.972
53,28.05 22:00,161.549
53,28.05 23:00,159.52
53,29.05 00:00,160.584
53,29.05 01:00,161.046
53,29.05 02:00,160.819
53,29.05 03:00,160.065
53,29.05 04:00,159.259
53,29.05 05:00,160.034
53,29.05 06:00,160.436
53,29.05 07:00,159.876
53,29.05 08:00,156.755
53,29.05 09:00,154.202
53,29.05 10:00,155.518
53,29.05 11:00,155.728
53,29.05 12:00,154.716
53,29.05 13:00,156.035
53,29.05 14:00,156.109
53,29.05 15:00,155.908
53,29.05 16:00,156.455
53,29.05 17:00,165.206
53,29.05 18:00,169.3
53,29.05 19:00,168.835
53,29.05 20:00,168.094
53,29.05 21:00,168.064
53,29.05 22:00,162.601
53,29.05 23:00,161.378
53,30.05 00:00,162.027
53,30.05 01:00,161.177
53,30.05 02:00,160.774
53,30.05 03:00,161.152
53,30.05 04:00,160.666
53,30.05 05:00,162.525
53,30.05 06:00,161.371
53,30.05 07:00,160.976
53,30.05 08:00,158.134
53,30.05 09:00,154.623
53,30.05 10:00,155.545
53,30.05 11:00,154.877
53,30.05 12:00,155.536
53,30.05 13:00,156.475
53,30.05 14:00,156.012
53,30.05 15:00,155.426
53,30.05 16:00,155.751
53,30.05 17:00,164.519
53,30.05 18:00,167.038
53,30.05 19:00,166.943
53,30.05 20:00,167.324
53,30.05 21:00,167.626
53,30.05 22:00,163.202
53,30.05 23:00,160.739
53,31.05 00:00,161.053
53,31.05 01:00,161.033
53,31.05 02:00,159.536
53,31.05 03:00,160.151
53,31.05 04:00,159.234
53,31.05 05:00,160.695
53,31.05 06:00,160.656
53,31.05 07:00,160.739
53,31.05 08:00,157.759
53,31.05 09:00,155.934
53,31.05 10:00,155.671
53,31.05 11:00,160.567
53,31.05 12:00,162.251
53,31.05 13:00,166.029
53,31.05 14:00,163.501
53,31.05 15:00,164.643
53,31.05 16:00,162.339
53,31.05 17:00,170.136
53,31.05 18:00,171.22
53,31.05 19:00,171.779
53,31.05 20:00,164.844
53,31.05 21:00,164.578
53,31.05 22:00,158.236
53,31.05 23:00,157.428
53,01.06 00:00,287.315
53,01.06 01:00,236.457
53,01.06 02:00,237.288
53,01.06 03:00,239.588
53,01.06 04:00,238.274
53,01.06 05:00,236.206
53,01.06 06:00,237.107
53,01.06 07:00,238.531
53,01.06 08:00,238.062
53,01.06 09:00,237.588
53,01.06 10:00,238.469
53,01.06 11:00,237.562
53,01.06 12:00,240.704
53,01.06 13:00,244.582
53,01.06 14:00,244.724
53,01.06 15:00,245.657
53,01.06 16:00,243.893
53,01.06 17:00,246.746
53,01.06 18:00,237.647
53,01.06 19:00,235.924
53,01.06 20:00,244.856
53,01.06 21:00,227.704
53,01.06 22:00,221.242
53,01.06 23:00,225.248
53,02.06 00:00,214.393
53,02.06 01:00,221.993
53,02.06 02:00,213.146
53,02.06 03:00,216.344
53,02.06 04:00,218.038
53,02.06 05:00,197.909
53,02.06 06:00,189.077
53,02.06 07:00,188.93
53,02.06 08:00,187.052
53,02.06 09:00,186.471
53,02.06 10:00,187.812
53,02.06 11:00,189.899
53,02.06 12:00,192.103
53,02.06 13:00,195.993
53,02.06 14:00,184.61
53,02.06 15:00,164.154
53,02.06 16:00,155.26
53,02.06 17:00,158.936
53,02.06 18:00,162.964
53,02.06 19:00,163.319
53,02.06 20:00,157.829
53,02.06 21:00,155.73
53,02.06 22:00,152.463
53,02.06 23:00,149.863
53,03.06 00:00,147.047
53,03.06 01:00,147.173
53,03.06 02:00,146.028
53,03.06 03:00,146.282
53,03.06 04:00,146.283
53,03.06 05:00,145.984
53,03.06 06:00,146.531
53,03.06 07:00,146.348
53,03.06 08:00,144.654
53,03.06 09:00,144.593
53,03.06 10:00,145.607
53,03.06 11:00,148.41
53,03.06 12:00,152.129
53,03.06 13:00,153.287
53,03.06 14:00,154.021
53,03.06 15:00,152.782
53,03.06 16:00,151.425
53,03.06 17:00,156.194
53,03.06 18:00,157.547
53,03.06 19:00,156.56
53,03.06 20:00,151.206
53,03.06 21:00,151.73
53,03.06 22:00,146.6
53,03.06 23:00,144.338
53,04.06 00:00,144.951
53,04.06 01:00,145.098
53,04.06 02:00,144.553
53,04.06 03:00,144.132
53,04.06 04:00,144.182
53,04.06 05:00,144.204
53,04.06 06:00,143.125
53,04.06 07:00,142.776
53,04.06 08:00,139.356
53,04.06 09:00,138.999
53,04.06 10:00,139.186
53,04.06 11:00,139.36
53,04.06 12:00,138.703
53,04.06 13:00,138.959
53,04.06 14:00,139.58
53,04.06 15:00,138.406
53,04.06 16:00,139.683
53,04.06 17:00,145.89
53,04.06 18:00,148.716
53,04.06 19:00,148.33
53,04.06 20:00,147.676
53,04.06 21:00,148.902
53,04.06 22:00,145.766
53,04.06 23:00,143.596
53,05.06 00:00,143.1
53,05.06 01:00,143.557
53,05.06 02:00,142.047
53,05.06 03:00,144.034
53,05.06 04:00,142.703
53,05.06 05:00,142.873
53,05.06 06:00,142.452
53,05.06 07:00,143.356
53,05.06 08:00,140.399
53,05.06 09:00,138.467
53,05.06 10:00,139.135
53,05.06 11:00,138.079
53,05.06 12:00,138.816
53,05.06 13:00,140.116
53,05.06 14:00,139.91
53,05.06 15:00,145.653
53,05.06 16:00,140.498
53,05.06 17:00,144.413
53,05.06 18:00,149.024
53,05.06 19:00,150.483
53,05.06 20:00,149.918
53,05.06 21:00,150.474
53,05.06 22:00,147.735
53,05.06 23:00,146.668
53,06.06 00:00,280.05
53,06.06 01:00,287.698
53,06.06 02:00,287.981
53,06.06 03:00,289.121
53,06.06 04:00,289.202
53,06.06 05:00,288.391
53,06.06 06:00,289.679
53,06.06 07:00,289.456
53,06.06 08:00,287.004
53,06.06 09:00,288.476
53,06.06 10:00,287.301
53,06.06 11:00,289.729
53,06.06 12:00,289.183
53,06.06 13:00,289.0
53,06.06 14:00,288.594
53,06.06 15:00,288.376
53,06.06 16:00,287.571
53,06.06 17:00,289.163
53,06.06 18:00,289.196
53,06.06 19:00,289.711
53,06.06 20:00,287.207
53,06.06 21:00,287.424
53,06.06 22:00,287.961
53,06.06 23:00,288.61
53,07.06 00:00,288.806
53,07.06 01:00,289.33
53,07.06 02:00,287.908
53,07.06 03:00,288.089
53,07.06 04:00,287.596
53,07.06 05:00,288.169
53,07.06 06:00,288.175
53,07.06 07:00,287.619
53,07.06 08:00,287.63
53,07.06 09:00,289.568
53,07.06 10:00,287.468
53,07.06 11:00,287.609
53,07.06 12:00,289.147
53,07.06 13:00,288.909
53,07.06 14:00,286.925
53,07.06 15:00,287.757
53,07.06 16:00,287.937
53,07.06 17:00,288.786
53,07.06 18:00,288.334
53,07.06 19:00,289.345
53,07.06 20:00,289.351
53,07.06 21:00,289.681
53,07.06 22:00,287.005
53,07.06 23:00,289.356
53,08.06 00:00,287.72
53,08.06 01:00,237.395
53,08.06 02:00,237.897
53,08.06 03:00,237.618
53,08.06 04:00,237.988
53,08.06 05:00,238.163
53,08.06 06:00,238.263
53,08.06 07:00,238.097
53,08.06 08:00,237.039
53,08.06 09:00,237.13
53,08.06 10:00,238.343
53,08.06 11:00,238.158
53,08.06 12:00,240.629
53,08.06 13:00,244.037
53,08.06 14:00,244.628
53,08.06 15:00,245.456
53,08.06 16:00,244.619
53,08.06 17:00,248.279
53,08.06 18:00,237.356
53,08.06 19:00,234.699
53,08.06 20:00,243.023
53,08.06 21:00,229.661
53,08.06 22:00,221.726
53,08.06 23:00,224.062
53,09.06 00:00,215.807
53,09.06 01:00,222.131
53,09.06 02:00,211.27
53,09.06 03:00,215.434
53,09.06 04:00,226.798
53,09.06 05:00,196.573
53,09.06 06:00,189.474
53,09.06 07:00,188.406
53,09.06 08:00,186.908
53,09.06 09:00,186.286
53,09.06 10:00,187.968
53,09.06 11:00,188.508
53,09.06 12:00,192.945
53,09.06 13:00,195.38
53,09.06 14:00,183.548
53,09.06 15:00,163.953
53,09.06 16:00,155.587
53,09.06 17:00,158.84
53,09.06 18:00,163.869
53,09.06 19:00,163.681
53,09.06 20:00,157.148
53,09.06 21:00,155.615
53,09.06 22:00,152.406
53,09.06 23:00,150.813
53,10.06 00:00,146.853
53,10.06 01:00,146.389
53,10.06 02:00,146.125
53,10.06 03:00,146.764
53,10.06 04:00,146.581
53,10.06 05:00,145.993
53,10.06 06:00,146.663
53,10.06 07:00,146.587
53,10.06 08:00,144.426
53,10.06 09:00,145.114
53,10.06 10:00,145.826
53,10.06 11:00,148.309
53,10.06 12:00,152.552
53,10.06 13:00,154.212
53,10.06 14:00,153.312
53,10.06 15:00,152.865
53,10.06 16:00,151.115
53,10.06 17:00,156.617
53,10.06 18:00,157.381
53,10.06 19:00,156.397
53,10.06 20:00,151.418
53,10.06 21:00,150.36
53,10.06 22:00,147.332
53,10.06 23:00,145.485
53,11.06 00:00,144.541
53,11.06 01:00,145.169
53,11.06 02:00,144.69
53,11.06 03:00,143.814
53,11.06 04:00,143.393
53,11.06 05:00,142.909
53,11.06 06:00,143.557
53,11.06 07:00,143.512
53,11.06 08:00,139.806
53,11.06 09:00,139.145
53,11.06 10:00,139.751
53,11.06 11:00,138.724
53,11.06 12:00,139.467
53,11.06 13:00,139.451
53,11.06 14:00,139.025
53,11.06 15:00,139.178
53,11.06 16:00,139.11
53,11.06 17:00,144.472
53,11.06 18:00,148.652
53,11.06 19:00,147.717
53,11.06 20:00,147.378
53,11.06 21:00,148.102
53,11.06 22:00,145.944
53,11.06 23:00,143.778
53,12.06 00:00,143.58
53,12.06 01:00,142.579
53,12.06 02:00,142.178
53,12.06 03:00,143.232
53,12.06 04:00,143.055
53,12.06 05:00,142.667
53,12.06 06:00,142.839
53,12.06 07:00,143.211
53,12.06 08:00,140.291
53,12.06 09:00,138.053
53,12.06 10:00,138.445
53,12.06 11:00,138.197
53,12.06 12:00,139.005
53,12.06 13:00,140.157
53,12.06 14:00,139.677
53,12.06 15:00,140.699
53,12.06 16:00,140.207
53,12.06 17:00,144.995
53,12.06 18:00,149.094
53,12.06 19:00,150.217
53,12.06 20:00,149.901
53,12.06 21:00,150.395
53,12.06 22:00,148.863
53,12.06 23:00,145.918
53,13.06 00:00,278.273
53,13.06 01:00,289.651
53,13.06 02:00,286.976
53,13.06 03:00,289.576
53,13.06 04:00,288.716
53,13.06 05:00,288.634
53,13.06 06:00,287.959
53,13.06 07:00,288.463
53,13.06 08:00,289.392
53,13.06 09:00,289.136
53,13.06 10:00,287.693
53,13.06 11:00,287.102
53,13.06 12:00,287.653
53,13.06 13:00,288.791
53,13.06 14:00,288.652
53,13.06 15:00,288.053
53,13.06 16:00,287.283
53,13.06 17:00,289.134
53,13.06 18:00,288.746
53,13.06 19:00,288.731
53,13.06 20:00,286.924
53,13.06 21:00,287.22
53,13.06 22:00,287.892
53,13.06 23:00,287.324
53,14.06 00:00,288.718
53,14.06 01:00,288.475
53,14.06 02:00,288.483
53,14.06 03:00,288.923
53,14.06 04:00,289.676
53,14.06 05:00,287.855
53,14.06 06:00,288.09
53,14.06 07:00,289.373
53,14.06 08:00,288.479
53,14.06 09:00,287.079
53,14.06 10:00,287.97
53,14.06 11:00,287.684
53,14.06 12:00,287.359
53,14.06 13:00,288.163
53,14.06 14:00,288.644
53,14.06 15:00,288.334
53,14.06 16:00,288.853
53,14.06 17:00,289.123
53,14.06 18:00,288.867
53,14.06 19:00,295.118
53,14.06 20:00,287.175
53,14.06 21:00,287.213
53,14.06 22:00,287.168
53,14.06 23:00,288.313
53,15.06 00:00,287.325
53,15.06 01:00,237.455
53,15.06 02:00,237.1
53,15.06 03:00,236.765
53,15.06 04:00,236.444
53,15.06 05:00,237.567
53,15.06 06:00,237.907
53,15.06 07:00,236.854
53,15.06 08:00,238.11
53,15.06 09:00,236.64
53,15.06 10:00,237.509
53,15.06 11:00,237.809
53,15.06 12:00,241.311
53,15.06 13:00,245.022
53,15.06 14:00,246.531
53,15.06 15:00,246.058
53,15.06 16:00,245.644
53,15.06 17:00,247.071
53,15.06 18:00,236.897
53,15.06 19:00,233.922
53,15.06 20:00,243.633
53,15.06 21:00,229.094
53,15.06 22:00,220.994
53,15.06 23:00,225.005
53,16.06 00:00,216.246
53,16.06 01:00,222.384
53,16.06 02:00,211.592
53,16.06 03:00,214.932
53,16.06 04:00,217.622
53,16.06 05:00,196.249
53,16.06 06:00,190.761
53,16.06 07:00,188.819
53,16.06 08:00,188.027
53,16.06 09:00,186.873
53,16.06 10:00,188.103
53,16.06 11:00,188.422
53,16.06 12:00,191.294
53,16.06 13:00,195.946
53,16.06 14:00,183.439
53,16.06 15:00,164.687
53,16.06 16:00,155.607
53,16.06 17:00,159.243
53,16.06 18:00,163.924
53,16.06 19:00,163.05
53,16.06 20:00,157.949
53,16.06 21:00,155.784
53,16.06 22:00,152.454
53,16.06 23:00,156.786
53,17.06 00:00,146.689
53,17.06 01:00,147.489
53,17.06 02:00,146.113
53,17.06 03:00,146.803
53,17.06 04:00,145.254
53,17.06 05:00,146.082
53,17.06 06:00,146.83
53,17.06 07:00,146.59
53,17.06 08:00,144.702
53,17.06 09:00,144.621
53,17.06 10:00,145.606
53,17.06 11:00,148.165
53,17.06 12:00,152.177
53,17.06 13:00,154.597
53,17.06 14:00,154.185
53,17.06 15:00,153.558
53,17.06 16:00,151.452
53,17.06 17:00,155.314
53,17.06 18:00,157.65
53,17.06 19:00,157.59
53,17.06 20:00,151.62
53,17.06 21:00,149.637
53,17.06 22:00,146.875
53,17.06 23:00,144.829
53,18.06 00:00,145.056
53,18.06 01:00,143.823
53,18.06 02:00,143.605
53,18.06 03:00,144.203
53,18.06 04:00,143.645
53,18.06 05:00,144.22
53,18.06 06:00,142.589
53,18.06 07:00,142.896
53,18.06 08:00,139.592
53,18.06 09:00,139.325
53,18.06 10:00,138.54
53,18.06 11:00,139.541
53,18.06 12:00,138.395
53,18.06 13:00,138.688
53,18.06 14:00,138.991
53,18.06 15:00,139.244
53,18.06 16:00,139.077
53,18.06 17:00,144.859
53,18.06 18:00,147.716
53,18.06 19:00,147.64
53,18.06 20:00,147.435
53,18.06 21:00,148.259
53,18.06 22:00,144.677
53,18.06 23:00,143.785
53,19.06 00:00,143.769
53,19.06 01:00,143.183
53,19.06 02:00,143.224
53,19.06 03:00,143.037
53,19.06 04:00,143.371
53,19.06 05:00,143.118
53,19.06 06:00,143.026
53,19.06 07:00,142.592
53,19.06 08:00,141.29
53,19.06 09:00,138.525
53,19.06 10:00,138.648
53,19.06 11:00,138.712
53,19.06 12:00,138.352
53,19.06 13:00,140.218
53,19.06 14:00,140.318
53,19.06 15:00,139.635
53,19.06 16:00,140.54
53,19.06 17:00,145.569
53,19.06 18:00,148.763
53,19.06 19:00,151.027
53,19.06 20:00,150.8
53,19.06 21:00,150.995
53,19.06 22:00,148.931
53,19.06 23:00,146.555
53,20.06 00:00,279.025
53,20.06 01:00,289.432
53,20.06 02:00,287.57
53,20.06 03:00,287.175
53,20.06 04:00,287.143
53,20.06 05:00,287.979
53,20.06 06:00,288.056
53,20.06 07:00,288.4
53,20.06 08:00,287.127
53,20.06 09:00,288.055
53,20.06 10:00,287.734
53,20.06 11:00,289.127
53,20.06 12:00,288.438
53,20.06 13:00,289.517
53,20.06 14:00,288.28
53,20.06 15:00,289.797
53,20.06 16:00,288.699
53,20.06 17:00,289.217
53,20.06 18:00,288.773
53,20.06 19:00,287.575
53,20.06 20:00,289.515
53,20.06 21:00,289.35
53,20.06 22:00,287.896
53,20.06 23:00,287.768
53,21.06 00:00,289.331
53,21.06 01:00,288.282
53,21.06 02:00,289.168
53,21.06 03:00,287.254
53,21.06 04:00,288.514
53,21.06 05:00,289.036
53,21.06 06:00,288.304
53,21.06 07:00,288.237
53,21.06 08:00,289.014
53,21.06 09:00,288.009
53,21.06 10:00,287.473
53,21.06 11:00,287.959
53,21.06 12:00,287.472
53,21.06 13:00,289.198
53,21.06 14:00,289.412
53,21.06 15:00,288.46
53,21.06 16:00,289.053
53,21.06 17:00,288.244
53,21.06 18:00,289.182
53,21.06 19:00,288.069
53,21.06 20:00,288.362
53,21.06 21:00,287.992
53,21.06 22:00,287.663
53,21.06 23:00,288.448
53,22.06 00:00,289.738
53,22.06 01:00,237.05
53,22.06 02:00,238.574
53,22.06 03:00,238.866
53,22.06 04:00,237.999
53,22.06 05:00,237.929
53,22.06 06:00,236.127
53,22.06 07:00,237.352
53,22.06 08:00,239.101
53,22.06 09:00,237.636
53,22.06 10:00,237.728
53,22.06 11:00,237.431
53,22.06 12:00,241.008
53,22.06 13:00,243.285
53,22.06 14:00,245.9
53,22.06 15:00,244.72
53,22.06 16:00,246.031
53,22.06 17:00,246.971
53,22.06 18:00,236.247
53,22.06 19:00,233.829
53,22.06 20:00,245.055
53,22.06 21:00,227.974
53,22.06 22:00,220.299
53,22.06 23:00,215.591
53,23.06 00:00,215.396
53,23.06 01:00,223.269
53,23.06 02:00,212.72
53,23.06 03:00,215.935
53,23.06 04:00,217.183
53,23.06 05:00,198.006
53,23.06 06:00,189.463
53,23.06 07:00,187.682
53,23.06 08:00,186.391
53,23.06 09:00,186.453
53,23.06 10:00,187.083
53,23.06 11:00,188.383
53,23.06 12:00,192.942
53,23.06 13:00,195.534
53,23.06 14:00,184.603
53,23.06 15:00,163.862
53,23.06 16:00,155.57
53,23.06 17:00,159.408
53,23.06 18:00,163.992
53,23.06 19:00,162.376
53,23.06 20:00,157.364
53,23.06 21:00,154.777
53,23.06 22:00,153.559
53,23.06 23:00,150.175
53,24.06 00:00,146.102
53,24.06 01:00,146.216
53,24.06 02:00,146.185
53,24.06 03:00,147.009
53,24.06 04:00,145.33
53,24.06 05:00,145.102
53,24.06 06:00,146.188
53,24.06 07:00,146.969
53,24.06 08:00,144.965
53,24.06 09:00,144.97
53,24.06 10:00,145.738
53,24.06 11:00,147.78
53,24.06 12:00,152.835
53,24.06 13:00,153.583
53,24.06 14:00,153.279
53,24.06 15:00,154.139
53,24.06 16:00,151.517
53,24.06 17:00,155.711
53,24.06 18:00,157.166
53,24.06 19:00,157.414
53,24.06 20:00,151.055
53,24.06 21:00,150.241
53,24.06 22:00,146.882
53,24.06 23:00,144.809
53,25.06 00:00,144.139
53,25.06 01:00,143.876
53,25.06 02:00,144.282
53,25.06 03:00,144.535
53,25.06 04:00,143.306
53,25.06 05:00,143.829
53,25.06 06:00,143.809
53,25.06 07:00,143.292
53,25.06 08:00,140.447
53,25.06 09:00,138.369
53,25.06 10:00,139.745
53,25.06 11:00,138.408
53,25.06 12:00,138.698
53,25.06 13:00,138.823
53,25.06 14:00,139.391
53,25.06 15:00,138.496
53,25.06 16:00,139.355
53,25.06 17:00,145.083
53,25.06 18:00,148.611
53,25.06 19:00,148.112
53,25.06 20:00,147.809
53,25.06 21:00,148.85
53,25.06 22:00,145.323
53,25.06 23:00,143.338
53,26.06 00:00,142.934
53,26.06 01:00,143.08
53,26.06 02:00,142.173
53,26.06 03:00,142.96
53,26.06 04:00,143.826
53,26.06 05:00,143.246
53,26.06 06:00,143.52
53,26.06 07:00,142.327
53,26.06 08:00,141.129
53,26.06 09:00,138.433
53,26.06 10:00,138.434
53,26.06 11:00,138.298
53,26.06 12:00,139.4
53,26.06 13:00,140.493
53,26.06 14:00,140.858
53,26.06 15:00,140.304
53,26.06 16:00,140.084
53,26.06 17:00,144.478
53,26.06 18:00,149.546
53,26.06 19:00,149.937
53,26.06 20:00,150.851
53,26.06 21:00,151.502
53,26.06 22:00,148.219
53,26.06 23:00,146.591
53,27.06 00:00,287.518
53,27.06 01:00,288.253
53,27.06 02:00,288.856
53,27.06 03:00,288.932
53,27.06 04:00,288.559
53,27.06 05:00,289.349
53,27.06 06:00,288.577
53,27.06 07:00,287.511
53,27.06 08:00,288.704
53,27.06 09:00,289.063
53,27.06 10:00,287.869
53,27.06 11:00,287.475
53,27.06 12:00,289.467
53,27.06 13:00,288.837
53,27.06 14:00,289.693
53,27.06 15:00,288.987
53,27.06 16:00,287.916
53,27.06 17:00,289.745
53,27.06 18:00,288.832
53,27.06 19:00,287.298
53,27.06 20:00,289.054
53,27.06 21:00,287.932
53,27.06 22:00,286.927
53,27.06 23:00,288.742
53,28.06 00:00,287.603
53,28.06 01:00,288.608
53,28.06 02:00,288.398
53,28.06 03:00,288.502
53,28.06 04:00,288.677
53,28.06 05:00,288.9
53,28.06 06:00,288.074
53,28.06 07:00,289.18
53,28.06 08:00,288.428
53,28.06 09:00,287.13
53,28.06 10:00,289.081
53,28.06 11:00,289.319
53,28.06 12:00,287.547
53,28.06 13:00,288.359
53,28.06 14:00,288.033
53,28.06 15:00,289.047
53,28.06 16:00,289.44
53,28.06 17:00,288.082
53,28.06 18:00,287.776
53,28.06 19:00,287.384
53,28.06 20:00,288.389
53,28.06 21:00,287.308
53,28.06 22:00,289.487
53,28.06 23:00,287.877
53,29.06 00:00,289.12
53,29.06 01:00,286.925
53,29.06 02:00,288.865
53,29.06 03:00,287.698
53,29.06 04:00,289.618
53,29.06 05:00,289.774
53,29.06 06:00,287.961
53,29.06 07:00,289.128
53,29.06 08:00,289.078
53,29.06 09:00,288.414
53,29.06 10:00,288.831
53,29.06 11:00,287.747
53,29.06 12:00,288.287
53,29.06 13:00,287.6
53,29.06 14:00,287.778
53,29.06 15:00,287.827
53,29.06 16:00,288.304
53,29.06 17:00,288.321
53,29.06 18:00,286.972
53,29.06 19:00,288.667
53,29.06 20:00,287.089
53,29.06 21:00,287.026
53,29.06 22:00,287.011
53,29.06 23:00,288.427
53,30.06 00:00,289.503
53,30.06 01:00,287.587
53,30.06 02:00,287.581
53,30.06 03:00,288.064
53,30.06 04:00,288.88
53,30.06 05:00,288.933
53,30.06 06:00,287.591
53,30.06 07:00,287.966
53,30.06 08:00,289.211
53,30.06 09:00,287.909
53,30.06 10:00,289.664
53,30.06 11:00,289.253
53,30.06 12:00,289.601
53,30.06 13:00,289.631
53,30.06 14:00,285.852
53,30.06 15:00,261.033
53,30.06 16:00,249.29
53,30.06 17:00,253.872
53,30.06 18:00,261.134
53,30.06 19:00,260.568
53,30.06 20:00,252.173
53,30.06 21:00,248.101
53,30.06 22:00,242.967
53,30.06 23:00,240.36
53,01.07 00:00,234.331
53,01.07 01:00,233.143
53,01.07 02:00,233.388
53,01.07 03:00,232.843
53,01.07 04:00,233.446
53,01.07 05:00,232.862
53,01.07 06:00,234.201
53,01.07 07:00,234.061
53,01.07 08:00,232.127
53,01.07 09:00,230.432
53,01.07 10:00,230.965
53,01.07 11:00,234.488
53,01.07 12:00,243.874
53,01.07 13:00,245.272
53,01.07 14:00,245.642
53,01.07 15:00,245.804
53,01.07 16:00,240.953
53,01.07 17:00,248.573
53,01.07 18:00,250.555
53,01.07 19:00,250.948
53,01.07 20:00,242.056
53,01.07 21:00,239.907
53,01.07 22:00,234.301
53,01.07 23:00,231.169
53,02.07 00:00,231.759
53,02.07 01:00,230.916
53,02.07 02:00,230.729
53,02.07 03:00,230.842
53,02.07 04:00,229.262
53,02.07 05:00,228.917
53,02.07 06:00,228.588
53,02.07 07:00,227.812
53,02.07 08:00,222.287
53,02.07 09:00,221.489
53,02.07 10:00,221.327
53,02.07 11:00,220.782
53,02.07 12:00,222.34
53,02.07 13:00,220.774
53,02.07 14:00,221.548
53,02.07 15:00,221.955
53,02.07 16:00,222.099
53,02.07 17:00,230.537
53,02.07 18:00,236.03
53,02.07 19:00,237.223
53,02.07 20:00,237.169
53,02.07 21:00,236.956
53,02.07 22:00,232.985
53,02.07 23:00,229.236
53,03.07 00:00,228.052
53,03.07 01:00,227.735
53,03.07 02:00,228.293
53,03.07 03:00,233.002
53,03.07 04:00,227.719
53,03.07 05:00,228.927
53,03.07 06:00,227.17
53,03.07 07:00,227.298
53,03.07 08:00,223.249
53,03.07 09:00,220.706
53,03.07 10:00,219.886
53,03.07 11:00,221.025
53,03.07 12:00,221.342
53,03.07 13:00,223.926
53,03.07 14:00,223.229
53,03.07 15:00,223.238
53,03.07 16:00,223.832
53,03.07 17:00,231.922
53,03.07 18:00,238.097
53,03.07 19:00,240.173
53,03.07 20:00,240.614
53,03.07 21:00,239.552
53,03.07 22:00,236.545
53,03.07 23:00,233.688
53,04.07 00:00,288.828
53,04.07 01:00,288.158
53,04.07 02:00,288.563
53,04.07 03:00,288.923
53,04.07 04:00,286.974
53,04.07 05:00,289.038
53,04.07 06:00,288.588
53,04.07 07:00,287.875
53,04.07 08:00,288.411
53,04.07 09:00,287.255
53,04.07 10:00,288.293
53,04.07 11:00,289.752
53,04.07 12:00,288.03
53,04.07 13:00,290.171
53,04.07 14:00,289.761
53,04.07 15:00,287.424
53,04.07 16:00,289.149
53,04.07 17:00,289.394
53,04.07 18:00,289.001
53,04.07 19:00,289.186
53,04.07 20:00,287.285
53,04.07 21:00,289.229
53,04.07 22:00,286.992
53,04.07 23:00,287.454
53,05.07 00:00,288.101
53,05.07 01:00,287.364
53,05.07 02:00,288.877
53,05.07 03:00,289.359
53,05.07 04:00,288.355
53,05.07 05:00,287.444
53,05.07 06:00,289.35
53,05.07 07:00,277.14
53,05.07 08:00,288.528
53,05.07 09:00,288.376
53,05.07 10:00,288.846
53,05.07 11:00,287.7
53,05.07 12:00,287.28
53,05.07 13:00,287.038
53,05.07 14:00,288.735
53,05.07 15:00,287.012
53,05.07 16:00,288.161
53,05.07 17:00,287.453
53,05.07 18:00,289.329
53,05.07 19:00,289.754
53,05.07 20:00,287.576
53,05.07 21:00,288.928
53,05.07 22:00,288.874
53,05.07 23:00,288.826
53,06.07 00:00,287.262
53,06.07 01:00,288.443
53,06.07 02:00,289.219
53,06.07 03:00,287.575
53,06.07 04:00,287.358
53,06.07 05:00,289.049
53,06.07 06:00,288.987
53,06.07 07:00,287.143
53,06.07 08:00,287.64
53,06.07 09:00,287.372
53,06.07 10:00,289.618
53,06.07 11:00,288.246
53,06.07 12:00,286.954
53,06.07 13:00,289.134
53,06.07 14:00,289.116
53,06.07 15:00,288.153
53,06.07 16:00,288.756
53,06.07 17:00,287.112
53,06.07 18:00,288.026
53,06.07 19:00,288.049
53,06.07 20:00,288.967
53,06.07 21:00,289.406
53,06.07 22:00,289.754
53,06.07 23:00,287.424
53,07.07 00:00,288.568
53,07.07 01:00,287.303
53,07.07 02:00,289.485
53,07.07 03:00,289.007
53,07.07 04:00,288.703
53,07.07 05:00,288.347
53,07.07 06:00,287.837
53,07.07 07:00,299.64
53,07.07 08:00,286.968
53,07.07 09:00,289.707
53,07.07 10:00,288.894
53,07.07 11:00,288.583
53,07.07 12:00,288.802
53,07.07 13:00,287.319
53,07.07 14:00,286.53
53,07.07 15:00,262.341
53,07.07 16:00,248.15
53,07.07 17:00,253.032
53,07.07 18:00,260.65
53,07.07 19:00,260.181
53,07.07 20:00,251.566
53,07.07 21:00,248.308
53,07.07 22:00,244.471
53,07.07 23:00,239.355
53,08.07 00:00,234.279
53,08.07 01:00,233.606
53,08.07 02:00,233.882
53,08.07 03:00,234.485
53,08.07 04:00,233.485
53,08.07 05:00,231.646
53,08.07 06:00,233.396
53,08.07 07:00,234.773
53,08.07 08:00,231.602
53,08.07 09:00,229.677
53,08.07 10:00,232.753
53,08.07 11:00,235.014
53,08.07 12:00,242.612
53,08.07 13:00,246.59
53,08.07 14:00,246.057
53,08.07 15:00,244.743
53,08.07 16:00,240.535
53,08.07 17:00,249.732
53,08.07 18:00,251.371
53,08.07 19:00,250.925
53,08.07 20:00,240.158
53,08.07 21:00,238.204
53,08.07 22:00,233.808
53,08.07 23:00,231.609
53,09.07 00:00,229.871
53,09.07 01:00,230.957
53,09.07 02:00,229.827
53,09.07 03:00,228.877
53,09.07 04:00,229.553
53,09.07 05:00,229.323
53,09.07 06:00,228.918
53,09.07 07:00,229.421
53,09.07 08:00,223.596
53,09.07 09:00,221.768
53,09.07 10:00,221.886
53,09.07 11:00,220.748
53,09.07 12:00,221.198
53,09.07 13:00,221.662
53,09.07 14:00,222.369
53,09.07 15:00,222.016
53,09.07 16:00,221.583
53,09.07 17:00,230.467
53,09.07 18:00,236.436
53,09.07 19:00,235.996
53,09.07 20:00,236.475
53,09.07 21:00,237.696
53,09.07 22:00,230.772
53,09.07 23:00,227.611
53,10.07 00:00,229.188
53,10.07 01:00,228.694
53,10.07 02:00,228.462
53,10.07 03:00,228.697
53,10.07 04:00,227.598
53,10.07 05:00,227.952
53,10.07 06:00,228.203
53,10.07 07:00,228.626
53,10.07 08:00,223.356
53,10.07 09:00,221.882
53,10.07 10:00,220.988
53,10.07 11:00,221.883
53,10.07 12:00,222.757
53,10.07 13:00,222.302
53,10.07 14:00,224.245
53,10.07 15:00,223.535
53,10.07 16:00,224.782
53,10.07 17:00,231.643
53,10.07 18:00,239.035
53,10.07 19:00,239.845
53,10.07 20:00,240.19
53,10.07 21:00,239.596
53,10.07 22:00,235.976
53,10.07 23:00,233.186
53,11.07 00:00,288.731
53,11.07 01:00,289.144
53,11.07 02:00,288.797
53,11.07 03:00,287.618
53,11.07 04:00,288.707
53,11.07 05:00,287.081
53,11.07 06:00,287.953
53,11.07 07:00,289.247
53,11.07 08:00,288.491
53,11.07 09:00,288.006
53,11.07 10:00,288.389
53,11.07 11:00,288.682
53,11.07 12:00,287.843
53,11.07 13:00,287.847
53,11.07 14:00,289.435
53,11.07 15:00,288.797
53,11.07 16:00,287.432
53,11.07 17:00,288.496
53,11.07 18:00,288.688
53,11.07 19:00,287.099
53,11.07 20:00,288.367
53,11.07 21:00,287.915
53,11.07 22:00,288.822
53,11.07 23:00,287.063
53,12.07 00:00,287.07
53,12.07 01:00,287.487
53,12.07 02:00,289.096
53,12.07 03:00,289.416
53,12.07 04:00,288.475
53,12.07 05:00,289.279
53,12.07 06:00,289.386
53,12.07 07:00,288.858
53,12.07 08:00,288.935
53,12.07 09:00,287.361
53,12.07 10:00,287.661
53,12.07 11:00,287.341
53,12.07 12:00,288.939
53,12.07 13:00,288.889
53,12.07 14:00,289.513
53,12.07 15:00,287.552
53,12.07 16:00,288.227
53,12.07 17:00,288.243
53,12.07 18:00,288.105
53,12.07 19:00,288.91
53,12.07 20:00,289.732
53,12.07 21:00,288.068
53,12.07 22:00,287.294
53,12.07 23:00,289.756
53,13.07 00:00,288.118
53,13.07 01:00,289.762
53,13.07 02:00,299.264
53,13.07 03:00,289.212
53,13.07 04:00,287.973
53,13.07 05:00,288.054
53,13.07 06:00,288.74
53,13.07 07:00,289.762
53,13.07 08:00,287.886
53,13.07 09:00,288.827
53,13.07 10:00,288.076
53,13.07 11:00,288.362
53,13.07 12:00,286.988
53,13.07 13:00,289.208
53,13.07 14:00,287.576
53,13.07 15:00,287.127
53,13.07 16:00,288.54
53,13.07 17:00,288.932
53,13.07 18:00,289.006
53,13.07 19:00,287.332
53,13.07 20:00,287.593
53,13.07 21:00,286.93
53,13.07 22:00,287.862
53,13.07 23:00,288.491
53,14.07 00:00,287.272
53,14.07 01:00,289.238
53,14.07 02:00,287.325
53,14.07 03:00,289.708
53,14.07 04:00,288.683
53,14.07 05:00,289.49
53,14.07 06:00,288.315
53,14.07 07:00,288.284
53,14.07 08:00,288.992
53,14.07 09:00,289.674
53,14.07 10:00,288.945
53,14.07 11:00,289.059
53,14.07 12:00,289.728
53,14.07 13:00,288.855
53,14.07 14:00,285.782
53,14.07 15:00,261.424
53,14.07 16:00,247.493
53,14.07 17:00,252.376
53,14.07 18:00,262.38
53,14.07 19:00,259.002
53,14.07 20:00,250.733
53,14.07 21:00,246.086
53,14.07 22:00,244.757
53,14.07 23:00,240.463
53,15.07 00:00,234.206
53,15.07 01:00,233.695
53,15.07 02:00,233.325
53,15.07 03:00,233.447
53,15.07 04:00,232.981
53,15.07 05:00,231.399
53,15.07 06:00,234.226
53,15.07 07:00,234.499
53,15.07 08:00,230.496
53,15.07 09:00,229.369
53,15.07 10:00,232.838
53,15.07 11:00,235.811
53,15.07 12:00,242.063
53,15.07 13:00,245.757
53,15.07 14:00,246.538
53,15.07 15:00,245.619
53,15.07 16:00,240.219
53,15.07 17:00,248.612
53,15.07 18:00,250.81
53,15.07 19:00,239.139
53,15.07 20:00,240.181
53,15.07 21:00,238.425
53,15.07 22:00,233.253
53,15.07 23:00,231.106
53,16.07 00:00,229.704
53,16.07 01:00,229.783
53,16.07 02:00,230.778
53,16.07 03:00,229.002
53,16.07 04:00,229.977
53,16.07 05:00,229.049
53,16.07 06:00,229.187
53,16.07 07:00,228.345
53,16.07 08:00,221.88
53,16.07 09:00,221.508
53,16.07 10:00,222.828
53,16.07 11:00,221.31
53,16.07 12:00,221.432
53,16.07 13:00,221.895
53,16.07 14:00,222.124
53,16.07 15:00,221.958
53,16.07 16:00,221.682
53,16.07 17:00,231.642
53,16.07 18:00,236.335
53,16.07 19:00,237.455
53,16.07 20:00,235.955
53,16.07 21:00,236.956
53,16.07 22:00,231.504
53,16.07 23:00,228.953
53,18.07 00:00,208.94
53,18.07 01:00,207.423
53,18.07 02:00,209.296
53,18.07 03:00,209.249
53,18.07 04:00,208.838
53,18.07 05:00,208.182
53,18.07 06:00,207.174
53,18.07 07:00,207.014
53,18.07 08:00,209.655
53,18.07 09:00,216.349
53,18.07 10:00,223.402
53,18.07 11:00,233.968
53,18.07 12:00,236.413
53,18.07 13:00,236.394
53,18.07 14:00,236.743
53,18.07 15:00,235.771
53,18.07 16:00,321.05
53,18.07 17:00,227.627
53,18.07 18:00,225.025
53,18.07 19:00,224.569
53,18.07 20:00,220.409
53,18.07 21:00,220.331
53,18.07 22:00,221.387
53,18.07 23:00,221.098
53,19.07 00:00,214.112
53,19.07 01:00,213.367
53,19.07 02:00,213.614
53,19.07 03:00,213.321
53,19.07 04:00,212.618
53,19.07 05:00,212.553
53,19.07 06:00,212.976
53,19.07 07:00,211.906
53,19.07 08:00,214.239
53,19.07 09:00,215.959
53,19.07 10:00,216.039
53,19.07 11:00,260.973
53,19.07 12:00,317.145
53,19.07 13:00,265.736
53,19.07 14:00,272.67
53,19.07 15:00,272.449
53,19.07 16:00,258.134
53,19.07 17:00,290.913
53,19.07 18:00,283.936
53,19.07 19:00,277.913
53,19.07 20:00,273.633
53,19.07 21:00,275.675
53,19.07 22:00,275.524
53,19.07 23:00,271.502
53,20.07 00:00,269.857
53,20.07 01:00,267.254
53,20.07 02:00,267.197
53,20.07 03:00,267.083
53,20.07 04:00,269.365
53,20.07 05:00,241.851
53,20.07 06:00,266.432
53,20.07 07:00,268.379
53,20.07 08:00,266.535
53,20.07 09:00,273.895
53,20.07 10:00,276.209
53,20.07 11:00,278.754
53,20.07 12:00,258.705
53,20.07 13:00,282.019
53,20.07 14:00,259.87
53,20.07 15:00,222.697
53,20.07 16:00,231.77
53,20.07 17:00,256.559
53,20.07 18:00,294.782
53,20.07 19:00,234.887
53,20.07 20:00,214.052
53,20.07 21:00,213.313
53,20.07 22:00,212.925
53,20.07 23:00,212.833
53,21.07 00:00,206.395
53,21.07 01:00,207.541
53,21.07 02:00,207.848
53,21.07 03:00,208.059
53,21.07 04:00,207.252
53,21.07 05:00,207.198
53,21.07 06:00,207.506
53,21.07 07:00,206.447
53,21.07 08:00,206.876
53,21.07 09:00,213.751
53,21.07 10:00,212.897
53,21.07 11:00,216.344
53,21.07 12:00,216.483
53,21.07 13:00,251.613
53,21.07 14:00,325.34
53,21.07 15:00,283.703
53,21.07 16:00,289.985
53,21.07 17:00,287.987
53,21.07 18:00,277.253
53,21.07 19:00,279.407
53,21.07 20:00,278.57
53,21.07 21:00,277.906
53,21.07 22:00,277.495
53,21.07 23:00,279.771
53,22.07 00:00,278.172
53,22.07 01:00,281.492
53,22.07 02:00,277.985
53,22.07 03:00,279.103
53,22.07 04:00,278.531
53,22.07 05:00,279.856
53,22.07 06:00,278.402
53,22.07 07:00,278.55
53,22.07 08:00,275.975
53,22.07 09:00,284.125
53,22.07 10:00,283.264
53,22.07 11:00,289.608
53,22.07 12:00,287.586
53,22.07 13:00,287.619
53,22.07 14:00,287.203
53,22.07 15:00,289.551
53,22.07 16:00,295.854
53,22.07 17:00,300.637
53,22.07 18:00,294.499
53,22.07 19:00,292.268
53,22.07 20:00,289.672
53,22.07 21:00,287.435
53,22.07 22:00,281.086
53,22.07 23:00,281.207
53,23.07 00:00,280.66
53,23.07 01:00,278.337
53,23.07 02:00,280.414
53,23.07 03:00,280.217
53,23.07 04:00,277.537
53,23.07 05:00,277.548
53,23.07 06:00,278.523
53,23.07 07:00,273.862
53,23.07 08:00,267.141
53,23.07 09:00,270.12
53,23.07 10:00,276.588
53,23.07 11:00,277.829
53,23.07 12:00,280.304
53,23.07 13:00,281.054
53,23.07 14:00,279.327
53,23.07 15:00,281.139
53,23.07 16:00,288.947
53,23.07 17:00,294.141
53,23.07 18:00,290.583
53,23.07 19:00,288.79
53,23.07 20:00,290.654
53,23.07 21:00,291.995
53,23.07 22:00,292.682
53,23.07 23:00,291.75
53,24.07 00:00,291.149
53,24.07 01:00,290.047
53,24.07 02:00,284.035
53,24.07 03:00,284.324
53,24.07 04:00,285.127
53,24.07 05:00,280.047
53,24.07 06:00,277.992
53,24.07 07:00,272.377
53,24.07 08:00,267.977
53,24.07 09:00,268.176
53,24.07 10:00,269.392
53,24.07 11:00,272.54
53,24.07 12:00,275.086
53,24.07 13:00,274.657
53,24.07 14:00,273.935
53,24.07 15:00,274.737
53,24.07 16:00,282.109
53,24.07 17:00,288.793
53,24.07 18:00,287.332
53,24.07 19:00,274.464
53,24.07 20:00,289.961
53,24.07 21:00,284.428
53,24.07 22:00,285.964
53,24.07 23:00,291.58
53,25.07 00:00,295.201
53,25.07 01:00,295.911
53,25.07 02:00,298.196
53,25.07 03:00,296.653
53,25.07 04:00,294.977
53,25.07 05:00,294.224
53,25.07 06:00,295.191
53,25.07 07:00,296.296
53,25.07 08:00,291.027
53,25.07 09:00,300.111
53,25.07 10:00,237.783
53,25.07 11:00,239.138
53,25.07 12:00,277.672
53,25.07 13:00,298.158
53,25.07 14:00,320.929
53,25.07 15:00,315.476
53,25.07 16:00,318.651
53,25.07 17:00,315.306
53,25.07 18:00,313.377
53,25.07 19:00,312.405
53,25.07 20:00,309.593
53,25.07 21:00,307.346
53,25.07 22:00,287.318
53,25.07 23:00,292.455
53,26.07 00:00,289.694
53,26.07 01:00,290.775
53,26.07 02:00,290.862
53,26.07 03:00,289.71
53,26.07 04:00,290.198
53,26.07 05:00,289.181
53,26.07 06:00,290.97
53,26.07 07:00,289.791
53,26.07 08:00,283.912
53,26.07 09:00,290.489
53,26.07 10:00,292.328
53,26.07 11:00,294.053
53,26.07 12:00,308.689
53,26.07 13:00,309.202
53,26.07 14:00,308.54
53,26.07 15:00,310.285
53,26.07 16:00,314.329
53,26.07 17:00,313.216
53,26.07 18:00,305.548
53,26.07 19:00,299.929
53,26.07 20:00,301.065
53,26.07 21:00,300.255
53,26.07 22:00,300.401
53,26.07 23:00,300.657
53,27.07 00:00,288.869
53,27.07 01:00,287.582
53,27.07 02:00,288.033
53,27.07 03:00,287.249
53,27.07 04:00,287.411
53,27.07 05:00,289.014
53,27.07 06:00,288.62
53,27.07 07:00,287.457
53,27.07 08:00,289.449
53,27.07 09:00,287.099
53,27.07 10:00,287.308
53,27.07 11:00,287.095
53,27.07 12:00,289.749
53,27.07 13:00,288.144
53,27.07 14:00,288.771
53,27.07 15:00,288.435
53,27.07 16:00,288.647
53,27.07 17:00,288.096
53,27.07 18:00,289.622
53,27.07 19:00,299.541
53,27.07 20:00,289.31
53,27.07 21:00,289.177
53,27.07 22:00,287.74
53,27.07 23:00,297.638
53,28.07 00:00,288.777
53,28.07 01:00,288.001
53,28.07 02:00,287.051
53,28.07 03:00,288.742
53,28.07 04:00,289.722
53,28.07 05:00,289.423
53,28.07 06:00,289.553
53,28.07 07:00,287.377
53,28.07 08:00,287.23
53,28.07 09:00,287.314
53,28.07 10:00,289.209
53,28.07 11:00,288.612
53,28.07 12:00,287.192
53,28.07 13:00,288.471
53,28.07 14:00,288.565
53,28.07 15:00,288.014
53,28.07 16:00,285.868
53,28.07 17:00,287.535
53,28.07 18:00,288.22
53,28.07 19:00,287.085
53,28.07 20:00,286.685
53,28.07 21:00,282.873
53,28.07 22:00,278.46
53,28.07 23:00,274.603
53,29.07 00:00,267.423
53,29.07 01:00,267.565
53,29.07 02:00,267.762
53,29.07 03:00,267.513
53,29.07 04:00,266.258
53,29.07 05:00,267.454
53,29.07 06:00,267.87
53,29.07 07:00,267.668
53,29.07 08:00,263.515
53,29.07 09:00,264.867
53,29.07 10:00,265.63
53,29.07 11:00,268.565
53,29.07 12:00,276.909
53,29.07 13:00,282.616
53,29.07 14:00,272.482
53,29.07 15:00,281.175
53,29.07 16:00,276.185
53,29.07 17:00,284.662
53,29.07 18:00,286.46
53,29.07 19:00,286.548
53,29.07 20:00,275.467
53,29.07 21:00,272.428
53,29.07 22:00,269.032
53,29.07 23:00,263.951
53,30.07 00:00,265.557
53,30.07 01:00,263.039
53,30.07 02:00,262.014
53,30.07 03:00,263.317
53,30.07 04:00,256.798
53,30.07 05:00,262.252
53,30.07 06:00,260.796
53,30.07 07:00,262.245
53,30.07 08:00,256.463
53,30.07 09:00,253.728
53,30.07 10:00,255.296
53,30.07 11:00,253.757
53,30.07 12:00,252.983
53,30.07 13:00,252.631
53,30.07 14:00,254.44
53,30.07 15:00,254.169
53,30.07 16:00,253.793
53,30.07 17:00,265.783
53,30.07 18:00,271.404
53,30.07 19:00,271.423
53,30.07 20:00,270.205
53,30.07 21:00,272.184
53,30.07 22:00,266.011
53,30.07 23:00,262.575
53,31.07 00:00,260.344
53,31.07 01:00,261.395
53,31.07 02:00,260.339
53,31.07 03:00,262.463
53,31.07 04:00,262.071
53,31.07 05:00,261.745
53,31.07 06:00,262.55
53,31.07 07:00,260.023
53,31.07 08:00,256.714
53,31.07 09:00,253.765
53,31.07 10:00,253.124
53,31.07 11:00,253.746
53,31.07 12:00,254.818
53,31.07 13:00,254.805
53,31.07 14:00,256.495
53,31.07 15:00,255.887
53,31.07 16:00,257.162
53,31.07 17:00,265.36
53,31.07 18:00,271.746
53,31.07 19:00,274.646
53,31.07 20:00,275.689
53,31.07 21:00,275.861
53,31.07 22:00,270.006
53,31.07 23:00,265.928
53,01.08 00:00,287.179
53,01.08 01:00,287.668
53,01.08 02:00,288.601
53,01.08 03:00,288.791
53,01.08 04:00,287.602
53,01.08 05:00,287.566
53,01.08 06:00,288.355
53,01.08 07:00,289.117
53,01.08 08:00,287.416
53,01.08 09:00,289.02
53,01.08 10:00,288.189
53,01.08 11:00,288.822
53,01.08 12:00,289.026
53,01.08 13:00,288.882
53,01.08 14:00,288.623
53,01.08 15:00,287.124
53,01.08 16:00,288.607
53,01.08 17:00,288.236
53,01.08 18:00,288.127
53,01.08 19:00,287.4
53,01.08 20:00,287.617
53,01.08 21:00,288.047
53,01.08 22:00,288.791
53,01.08 23:00,287.836
53,02.08 00:00,287.538
53,02.08 01:00,287.872
53,02.08 02:00,287.098
53,02.08 03:00,287.106
53,02.08 04:00,289.043
53,02.08 05:00,288.804
53,02.08 06:00,289.69
53,02.08 07:00,288.292
53,02.08 08:00,288.818
53,02.08 09:00,288.978
53,02.08 10:00,287.585
53,02.08 11:00,288.928
53,02.08 12:00,286.925
53,02.08 13:00,289.777
53,02.08 14:00,285.632
53,02.08 15:00,288.841
53,02.08 16:00,288.38
53,02.08 17:00,287.231
53,02.08 18:00,289.208
53,02.08 19:00,287.837
53,02.08 20:00,287.283
53,02.08 21:00,287.211
53,02.08 22:00,288.477
53,02.08 23:00,288.929
53,03.08 00:00,288.053
53,03.08 01:00,287.887
53,03.08 02:00,289.301
53,03.08 03:00,286.924
53,03.08 04:00,289.01
53,03.08 05:00,287.279
53,03.08 06:00,287.231
53,03.08 07:00,289.292
53,03.08 08:00,288.529
53,03.08 09:00,287.991
53,03.08 10:00,287.335
53,03.08 11:00,287.699
53,03.08 12:00,287.925
53,03.08 13:00,287.903
53,03.08 14:00,288.081
53,03.08 15:00,288.445
53,03.08 16:00,289.219
53,03.08 17:00,287.9
53,03.08 18:00,287.297
53,03.08 19:00,287.637
53,03.08 20:00,288.733
53,03.08 21:00,287.581
53,03.08 22:00,287.547
53,03.08 23:00,287.231
53,04.08 00:00,289.159
53,04.08 01:00,288.454
53,04.08 02:00,288.718
53,04.08 03:00,287.965
53,04.08 04:00,287.198
53,04.08 05:00,287.447
53,04.08 06:00,288.501
53,04.08 07:00,287.32
53,04.08 08:00,287.562
53,04.08 09:00,288.469
53,04.08 10:00,288.998
53,04.08 11:00,289.453
53,04.08 12:00,289.038
53,04.08 13:00,287.085
53,04.08 14:00,287.591
53,04.08 15:00,288.807
53,04.08 16:00,285.324
53,04.08 17:00,287.514
53,04.08 18:00,288.062
53,04.08 19:00,287.775
53,04.08 20:00,287.835
53,04.08 21:00,283.645
53,04.08 22:00,278.388
53,04.08 23:00,273.515
53,05.08 00:00,267.182
53,05.08 01:00,267.619
53,05.08 02:00,267.702
53,05.08 03:00,266.77
53,05.08 04:00,267.974
53,05.08 05:00,266.137
53,05.08 06:00,268.458
53,05.08 07:00,269.193
53,05.08 08:00,263.797
53,05.08 09:00,264.252
53,05.08 10:00,264.293
53,05.08 11:00,269.023
53,05.08 12:00,278.463
53,05.08 13:00,281.833
53,05.08 14:00,280.436
53,05.08 15:00,281.351
53,05.08 16:00,275.405
53,05.08 17:00,284.957
53,05.08 18:00,286.528
53,05.08 19:00,287.985
53,05.08 20:00,277.117
53,05.08 21:00,273.985
53,05.08 22:00,267.758
53,05.08 23:00,264.892
53,06.08 00:00,265.082
53,06.08 01:00,264.425
53,06.08 02:00,262.376
53,06.08 03:00,262.712
53,06.08 04:00,263.587
53,06.08 05:00,261.957
53,06.08 06:00,262.245
53,06.08 07:00,260.218
53,06.08 08:00,255.565
53,06.08 09:00,252.325
53,06.08 10:00,254.014
53,06.08 11:00,254.064
53,06.08 12:00,253.491
53,06.08 13:00,252.841
53,06.08 14:00,252.79
53,06.08 15:00,254.22
53,06.08 16:00,255.267
53,06.08 17:00,265.24
53,06.08 18:00,270.116
53,06.08 19:00,270.664
53,06.08 20:00,271.237
53,06.08 21:00,272.046
53,06.08 22:00,266.151
53,06.08 23:00,261.97
53,07.08 00:00,262.605
53,07.08 01:00,260.238
53,07.08 02:00,260.687
53,07.08 03:00,262.904
53,07.08 04:00,269.643
53,07.08 05:00,263.13
53,07.08 06:00,261.792
53,07.08 07:00,260.448
53,07.08 08:00,256.057
53,07.08 09:00,252.684
53,07.08 10:00,252.257
53,07.08 11:00,253.468
53,07.08 12:00,252.846
53,07.08 13:00,255.078
53,07.08 14:00,255.732
53,07.08 15:00,257.257
53,07.08 16:00,258.204
53,07.08 17:00,264.427
53,07.08 18:00,272.391
53,07.08 19:00,273.765
53,07.08 20:00,274.019
53,07.08 21:00,276.175
53,07.08 22:00,271.731
53,07.08 23:00,268.373
53,08.08 00:00,289.211
53,08.08 01:00,288.077
53,08.08 02:00,287.986
53,08.08 03:00,288.919
53,08.08 04:00,288.364
53,08.08 05:00,287.934
53,08.08 06:00,287.166
53,08.08 07:00,289.465
53,08.08 08:00,287.194
53,08.08 09:00,288.542
53,08.08 10:00,288.586
53,08.08 11:00,288.629
53,08.08 12:00,287.991
53,08.08 13:00,287.396
53,08.08 14:00,288.527
53,08.08 15:00,287.521
53,08.08 16:00,287.508
53,08.08 17:00,288.349
53,08.08 18:00,288.983
53,08.08 19:00,288.349
53,08.08 20:00,289.78
53,08.08 21:00,281.301
53,08.08 22:00,289.33
53,08.08 23:00,288.79
53,09.08 00:00,287.164
53,09.08 01:00,287.378
53,09.08 02:00,289.344
53,09.08 03:00,288.657
53,09.08 04:00,287.352
53,09.08 05:00,288.491
53,09.08 06:00,289.174
53,09.08 07:00,287.455
53,09.08 08:00,288.496
53,09.08 09:00,289.003
53,09.08 10:00,289.164
53,09.08 11:00,287.561
53,09.08 12:00,288.195
53,09.08 13:00,287.19
53,09.08 14:00,287.652
53,09.08 15:00,287.331
53,09.08 16:00,287.785
53,09.08 17:00,289.648
53,09.08 18:00,287.543
53,09.08 19:00,289.655
53,09.08 20:00,287.0
53,09.08 21:00,288.176
53,09.08 22:00,289.039
53,09.08 23:00,287.732
53,10.08 00:00,289.554
53,10.08 01:00,289.497
53,10.08 02:00,287.99
53,10.08 03:00,289.004
53,10.08 04:00,288.748
53,10.08 05:00,287.018
53,10.08 06:00,288.852
53,10.08 07:00,288.518
53,10.08 08:00,288.262
53,10.08 09:00,289.678
53,10.08 10:00,289.532
53,10.08 11:00,289.078
53,10.08 12:00,287.059
53,10.08 13:00,287.126
53,10.08 14:00,287.592
53,10.08 15:00,289.692
53,10.08 16:00,287.149
53,10.08 17:00,288.108
53,10.08 18:00,287.277
53,10.08 19:00,289.291
53,10.08 20:00,287.597
53,10.08 21:00,286.53
53,10.08 22:00,288.942
53,10.08 23:00,287.2
53,11.08 00:00,286.965
53,11.08 01:00,287.068
53,11.08 02:00,287.587
53,11.08 03:00,289.408
53,11.08 04:00,287.863
53,11.08 05:00,287.222
53,11.08 06:00,287.115
53,11.08 07:00,287.242
53,11.08 08:00,289.707
53,11.08 09:00,289.578
53,11.08 10:00,288.292
53,11.08 11:00,287.361
53,11.08 12:00,288.385
53,11.08 13:00,288.641
53,11.08 14:00,289.73
53,11.08 15:00,289.004
53,11.08 16:00,284.325
53,11.08 17:00,287.348
53,11.08 18:00,287.418
53,11.08 19:00,288.443
53,11.08 20:00,286.421
53,11.08 21:00,282.825
53,11.08 22:00,278.859
53,11.08 23:00,273.608
53,12.08 00:00,269.027
53,12.08 01:00,267.632
53,12.08 02:00,267.527
53,12.08 03:00,266.374
53,12.08 04:00,267.123
53,12.08 05:00,265.136
53,12.08 06:00,267.205
53,12.08 07:00,268.001
53,12.08 08:00,265.135
53,12.08 09:00,263.323
53,12.08 10:00,276.186
53,12.08 11:00,270.135
53,12.08 12:00,277.031
53,12.08 13:00,281.423
53,12.08 14:00,280.434
53,12.08 15:00,279.105
53,12.08 16:00,277.302
53,12.08 17:00,285.156
53,12.08 18:00,289.018
53,12.08 19:00,287.902
53,12.08 20:00,275.651
53,12.08 21:00,273.302
53,12.08 22:00,268.671
53,12.08 23:00,265.065
53,13.08 00:00,264.842
53,13.08 01:00,263.241
53,13.08 02:00,264.005
53,13.08 03:00,263.858
53,13.08 04:00,261.193
53,13.08 05:00,262.442
53,13.08 06:00,262.171
53,13.08 07:00,262.312
53,13.08 08:00,255.048
53,13.08 09:00,253.623
53,13.08 10:00,253.14
53,13.08 11:00,252.882
53,13.08 12:00,254.735
53,13.08 13:00,253.989
53,13.08 14:00,252.9
53,13.08 15:00,253.36
53,13.08 16:00,253.741
53,13.08 17:00,265.077
53,13.08 18:00,270.433
53,13.08 19:00,270.302
53,13.08 20:00,269.595
53,13.08 21:00,272.245
53,13.08 22:00,266.094
53,13.08 23:00,261.904
53,14.08 00:00,260.202
53,14.08 01:00,261.191
53,14.08 02:00,261.929
53,14.08 03:00,261.318
53,14.08 04:00,260.874
53,14.08 05:00,260.873
53,14.08 06:00,260.996
53,14.08 07:00,260.147
53,14.08 08:00,260.14
53,14.08 09:00,253.442
53,14.08 10:00,252.208
53,14.08 11:00,254.751
53,14.08 12:00,253.155
53,14.08 13:00,256.618
53,14.08 14:00,255.143
53,14.08 15:00,255.76
53,14.08 16:00,264.508
53,14.08 17:00,264.399
53,14.08 18:00,271.483
53,14.08 19:00,273.472
53,14.08 20:00,274.728
53,14.08 21:00,276.107
53,14.08 22:00,270.292
53,14.08 23:00,267.888
53,15.08 00:00,289.217
53,15.08 01:00,289.154
53,15.08 02:00,287.754
53,15.08 03:00,288.28
53,15.08 04:00,288.567
53,15.08 05:00,287.312
53,15.08 06:00,287.731
53,15.08 07:00,289.731
53,15.08 08:00,289.381
53,15.08 09:00,283.261
53,15.08 10:00,287.094
53,15.08 11:00,288.294
53,15.08 12:00,288.269
53,15.08 13:00,288.754
53,15.08 14:00,287.594
53,15.08 15:00,288.982
53,15.08 16:00,288.195
53,15.08 17:00,288.341
53,15.08 18:00,287.463
53,15.08 19:00,289.658
53,15.08 20:00,287.38
53,15.08 21:00,289.261
53,15.08 22:00,288.09
53,15.08 23:00,289.031
53,16.08 00:00,287.089
53,16.08 01:00,289.501
53,16.08 02:00,287.548
53,16.08 03:00,287.345
53,16.08 04:00,289.168
53,16.08 05:00,288.776
53,16.08 06:00,287.67
53,16.08 07:00,289.243
53,16.08 08:00,287.26
53,16.08 09:00,288.928
53,16.08 10:00,287.651
53,16.08 11:00,287.478
53,16.08 12:00,288.552
53,16.08 13:00,288.257
53,16.08 14:00,288.651
53,16.08 15:00,289.448
53,16.08 16:00,288.047
53,16.08 17:00,288.87
53,16.08 18:00,287.538
53,16.08 19:00,288.121
53,16.08 20:00,287.591
53,16.08 21:00,288.252
53,16.08 22:00,289.66
53,16.08 23:00,287.34
53,17.08 00:00,289.08
53,17.08 01:00,288.844
53,17.08 02:00,288.324
53,17.08 03:00,287.57
53,17.08 04:00,288.859
53,17.08 05:00,289.179
53,17.08 06:00,287.671
53,17.08 07:00,288.353
53,17.08 08:00,287.664
53,17.08 09:00,288.041
53,17.08 10:00,288.061
53,17.08 11:00,296.084
53,17.08 12:00,293.285
53,17.08 13:00,288.239
53,17.08 14:00,289.099
53,17.08 15:00,288.336
53,17.08 16:00,288.528
53,17.08 17:00,287.032
53,17.08 18:00,289.634
53,17.08 19:00,288.214
53,17.08 20:00,288.2
53,17.08 21:00,288.374
53,17.08 22:00,288.335
53,17.08 23:00,287.129
53,18.08 00:00,288.012
53,18.08 01:00,289.011
53,18.08 02:00,288.042
53,18.08 03:00,289.152
53,18.08 04:00,287.503
53,18.08 05:00,289.141
53,18.08 06:00,288.778
53,18.08 07:00,288.211
53,18.08 08:00,288.595
53,18.08 09:00,288.025
53,18.08 10:00,288.528
53,18.08 11:00,287.692
53,18.08 12:00,289.412
53,18.08 13:00,288.806
53,18.08 14:00,287.985
53,18.08 15:00,287.351
53,18.08 16:00,285.655
53,18.08 17:00,287.52
53,18.08 18:00,288.139
53,18.08 19:00,288.127
53,18.08 20:00,287.975
53,18.08 21:00,282.732
53,18.08 22:00,279.019
53,18.08 23:00,274.944
53,19.08 00:00,267.136
53,19.08 01:00,269.548
53,19.08 02:00,266.254
53,19.08 03:00,266.947
53,19.08 04:00,267.048
53,19.08 05:00,265.777
53,19.08 06:00,267.62
53,19.08 07:00,268.586
53,19.08 08:00,264.416
53,19.08 09:00,262.922
53,19.08 10:00,264.685
53,19.08 11:00,268.74
53,19.08 12:00,279.395
53,19.08 13:00,281.696
53,19.08 14:00,281.252
53,19.08 15:00,281.222
53,19.08 16:00,276.971
53,19.08 17:00,285.685
53,19.08 18:00,288.732
53,19.08 19:00,286.455
53,19.08 20:00,277.244
53,19.08 21:00,274.308
53,19.08 22:00,267.76
53,19.08 23:00,264.188
53,20.08 00:00,263.317
53,20.08 01:00,263.004
53,20.08 02:00,264.062
53,20.08 03:00,263.98
53,20.08 04:00,261.282
53,20.08 05:00,261.777
53,20.08 06:00,260.901
53,20.08 07:00,260.95
53,20.08 08:00,254.816
53,20.08 09:00,253.073
53,20.08 10:00,266.097
53,20.08 11:00,253.233
53,20.08 12:00,254.39
53,20.08 13:00,253.309
53,20.08 14:00,254.769
53,20.08 15:00,255.132
53,20.08 16:00,255.003
53,20.08 17:00,265.65
53,20.08 18:00,269.539
53,20.08 19:00,270.424
53,20.08 20:00,271.243
53,20.08 21:00,271.665
53,20.08 22:00,266.343
53,20.08 23:00,261.401
53,21.08 00:00,261.007
53,21.08 01:00,260.665
53,21.08 02:00,260.676
53,21.08 03:00,262.236
53,21.08 04:00,261.107
53,21.08 05:00,260.776
53,21.08 06:00,260.563
53,21.08 07:00,262.518
53,21.08 08:00,251.319
53,21.08 09:00,252.183
53,21.08 10:00,253.131
53,21.08 11:00,254.123
53,21.08 12:00,253.18
53,21.08 13:00,256.264
53,21.08 14:00,256.954
53,21.08 15:00,256.693
53,21.08 16:00,257.391
53,21.08 17:00,263.999
53,21.08 18:00,273.525
53,21.08 19:00,274.987
53,21.08 20:00,275.561
53,21.08 21:00,274.606
53,21.08 22:00,271.753
53,21.08 23:00,267.388
53,22.08 00:00,289.274
53,22.08 01:00,287.037
53,22.08 02:00,289.709
53,22.08 03:00,289.429
53,22.08 04:00,289.254
53,22.08 05:00,289.336
53,22.08 06:00,289.033
53,22.08 07:00,287.125
53,22.08 08:00,289.188
53,22.08 09:00,288.737
53,22.08 10:00,287.196
53,22.08 11:00,289.246
53,22.08 12:00,289.352
53,22.08 13:00,289.548
53,22.08 14:00,289.502
53,22.08 15:00,287.948
53,22.08 16:00,287.656
53,22.08 17:00,289.547
53,22.08 18:00,289.072
53,22.08 19:00,287.499
53,22.08 20:00,287.889
53,22.08 21:00,289.18
53,22.08 22:00,287.487
53,22.08 23:00,288.067
53,23.08 00:00,288.037
53,23.08 01:00,289.587
53,23.08 02:00,288.241
53,23.08 03:00,288.101
53,23.08 04:00,287.131
53,23.08 05:00,287.582
53,23.08 06:00,288.354
53,23.08 07:00,288.587
53,23.08 08:00,287.113
53,23.08 09:00,289.02
53,23.08 10:00,289.796
53,23.08 11:00,287.697
53,23.08 12:00,287.259
53,23.08 13:00,288.898
53,23.08 14:00,287.999
53,23.08 15:00,288.927
53,23.08 16:00,287.323
53,23.08 17:00,287.469
53,23.08 18:00,287.636
53,23.08 19:00,288.094
53,23.08 20:00,289.594
53,23.08 21:00,288.597
53,23.08 22:00,287.133
53,23.08 23:00,288.775
53,24.08 00:00,288.114
53,24.08 01:00,287.42
53,24.08 02:00,288.321
53,24.08 03:00,288.551
53,24.08 04:00,287.993
53,24.08 05:00,287.335
53,24.08 06:00,287.118
53,24.08 07:00,287.764
53,24.08 08:00,289.224
53,24.08 09:00,289.337
53,24.08 10:00,287.6
53,24.08 11:00,288.398
53,24.08 12:00,287.818
53,24.08 13:00,288.053
53,24.08 14:00,289.309
53,24.08 15:00,287.438
53,24.08 16:00,289.643
53,24.08 17:00,287.877
53,24.08 18:00,287.066
53,24.08 19:00,287.491
53,24.08 20:00,287.97
53,24.08 21:00,288.797
53,24.08 22:00,289.643
53,24.08 23:00,287.047
53,25.08 00:00,283.892
53,25.08 01:00,284.102
53,25.08 02:00,281.989
53,25.08 03:00,284.328
53,25.08 04:00,284.368
53,25.08 05:00,284.175
53,25.08 06:00,283.54
53,25.08 07:00,282.296
53,25.08 08:00,284.59
53,25.08 09:00,282.547
53,25.08 10:00,284.606
53,25.08 11:00,284.04
53,25.08 12:00,1.002
53,25.08 13:00,1.004
53,25.08 14:00,283.953
53,25.08 15:00,277.719
53,25.08 16:00,273.722
53,25.08 17:00,276.638
53,25.08 18:00,277.565
53,25.08 19:00,278.091
53,25.08 20:00,275.648
53,25.08 21:00,272.344
53,25.08 22:00,267.451
53,25.08 23:00,261.819
53,26.08 00:00,247.833
53,26.08 01:00,256.391
53,26.08 02:00,257.505
53,26.08 03:00,255.604
53,26.08 04:00,254.976
53,26.08 05:00,256.085
53,26.08 06:00,255.664
53,26.08 07:00,258.052
53,26.08 08:00,253.997
53,26.08 09:00,253.077
53,26.08 10:00,253.559
53,26.08 11:00,258.558
53,26.08 12:00,265.421
53,26.08 13:00,270.59
53,26.08 14:00,269.565
53,26.08 15:00,268.863
53,26.08 16:00,265.104
53,26.08 17:00,272.866
53,26.08 18:00,276.638
53,26.08 19:00,274.064
53,26.08 20:00,263.132
53,26.08 21:00,262.37
53,26.08 22:00,256.964
53,26.08 23:00,253.696
53,27.08 00:00,252.749
53,27.08 01:00,252.784
53,27.08 02:00,251.822
53,27.08 03:00,252.626
53,27.08 04:00,250.417
53,27.08 05:00,252.259
53,27.08 06:00,250.746
53,27.08 07:00,249.315
53,27.08 08:00,245.371
53,27.08 09:00,243.345
53,27.08 10:00,244.29
53,27.08 11:00,243.382
53,27.08 12:00,242.097
53,27.08 13:00,244.293
53,27.08 14:00,243.698
53,27.08 15:00,242.806
53,27.08 16:00,244.199
53,27.08 17:00,254.706
53,27.08 18:00,258.156
53,27.08 19:00,258.387
53,27.08 20:00,258.817
53,27.08 21:00,258.639
53,27.08 22:00,254.37
53,27.08 23:00,249.846
53,28.08 00:00,249.457
53,28.08 01:00,250.916
53,28.08 02:00,249.952
53,28.08 03:00,251.635
53,28.08 04:00,251.903
53,28.08 05:00,250.743
53,28.08 06:00,250.422
53,28.08 07:00,249.157
53,28.08 08:00,245.749
53,28.08 09:00,242.887
53,28.08 10:00,242.208
53,28.08 11:00,243.449
53,28.08 12:00,244.049
53,28.08 13:00,244.685
53,28.08 14:00,246.234
53,28.08 15:00,246.182
53,28.08 16:00,245.205
53,28.08 17:00,252.902
53,28.08 18:00,261.942
53,28.08 19:00,262.182
53,28.08 20:00,262.358
53,28.08 21:00,263.378
53,28.08 22:00,259.21
53,28.08 23:00,256.491
53,29.08 00:00,284.166
53,29.08 01:00,284.458
53,29.08 02:00,282.143
53,29.08 03:00,284.179
53,29.08 04:00,282.493
53,29.08 05:00,283.054
53,29.08 06:00,282.852
53,29.08 07:00,283.209
53,29.08 08:00,283.378
53,29.08 09:00,283.983
53,29.08 10:00,282.605
53,29.08 11:00,283.091
53,29.08 12:00,283.702
53,29.08 13:00,282.091
53,29.08 14:00,284.447
53,29.08 15:00,284.561
53,29.08 16:00,282.122
53,29.08 17:00,283.397
53,29.08 18:00,284.116
53,29.08 19:00,284.392
53,29.08 20:00,284.724
53,29.08 21:00,282.571
53,29.08 22:00,283.952
53,29.08 23:00,282.903
53,30.08 00:00,284.476
53,30.08 01:00,284.187
53,30.08 02:00,282.194
53,30.08 03:00,282.816
53,30.08 04:00,282.211
53,30.08 05:00,283.278
53,30.08 06:00,284.717
53,30.08 07:00,283.489
53,30.08 08:00,282.875
53,30.08 09:00,282.785
53,30.08 10:00,283.878
53,30.08 11:00,284.703
53,30.08 12:00,283.139
53,30.08 13:00,281.953
53,30.08 14:00,282.08
53,30.08 15:00,283.948
53,30.08 16:00,281.976
53,30.08 17:00,284.684
53,30.08 18:00,283.275
53,30.08 19:00,284.212
53,30.08 20:00,284.024
53,30.08 21:00,284.27
53,30.08 22:00,283.589
53,30.08 23:00,283.144
53,31.08 00:00,282.14
53,31.08 01:00,282.586
53,31.08 02:00,283.295
53,31.08 03:00,284.082
53,31.08 04:00,284.671
53,31.08 05:00,284.059
53,31.08 06:00,282.397
53,31.08 07:00,283.424
53,31.08 08:00,283.666
53,31.08 09:00,284.439
53,31.08 10:00,283.751
53,31.08 11:00,284.733
53,31.08 12:00,284.395
53,31.08 13:00,283.378
53,31.08 14:00,281.957
53,31.08 15:00,281.969
53,31.08 16:00,282.947
53,31.08 17:00,283.206
53,31.08 18:00,282.309
53,31.08 19:00,284.112
53,31.08 20:00,281.962
53,31.08 21:00,282.569
53,31.08 22:00,284.665
53,31.08 23:00,282.718
53,01.09 00:00,281.961
53,01.09 01:00,283.278
53,01.09 02:00,281.952
53,01.09 03:00,283.892
53,01.09 04:00,282.111
53,01.09 05:00,284.066
53,01.09 06:00,284.349
53,01.09 07:00,282.569
53,01.09 08:00,282.074
53,01.09 09:00,283.949
53,01.09 10:00,282.089
53,01.09 11:00,282.964
53,01.09 12:00,284.216
53,01.09 13:00,284.511
53,01.09 14:00,283.003
53,01.09 15:00,276.259
53,01.09 16:00,271.744
53,01.09 17:00,276.045
53,01.09 18:00,279.023
53,01.09 19:00,277.577
53,01.09 20:00,274.719
53,01.09 21:00,269.944
53,01.09 22:00,267.13
53,01.09 23:00,261.874
53,02.09 00:00,256.762
53,02.09 01:00,257.722
53,02.09 02:00,256.515
53,02.09 03:00,256.512
53,02.09 04:00,256.469
53,02.09 05:00,255.477
53,02.09 06:00,255.352
53,02.09 07:00,257.179
53,02.09 08:00,254.644
53,02.09 09:00,253.574
53,02.09 10:00,254.673
53,02.09 11:00,257.951
53,02.09 12:00,266.421
53,02.09 13:00,269.344
53,02.09 14:00,270.304
53,02.09 15:00,269.265
53,02.09 16:00,265.22
53,02.09 17:00,272.183
53,02.09 18:00,276.923
53,02.09 19:00,273.713
53,02.09 20:00,264.11
53,02.09 21:00,263.245
53,02.09 22:00,256.698
53,02.09 23:00,253.868
53,03.09 00:00,254.096
53,03.09 01:00,251.703
53,03.09 02:00,252.646
53,03.09 03:00,252.427
53,03.09 04:00,252.297
53,03.09 05:00,250.871
53,03.09 06:00,249.16
53,03.09 07:00,249.414
53,03.09 08:00,245.075
53,03.09 09:00,242.089
53,03.09 10:00,244.579
53,03.09 11:00,242.989
53,03.09 12:00,242.034
53,03.09 13:00,242.448
53,03.09 14:00,242.412
53,03.09 15:00,242.797
53,03.09 16:00,244.956
53,03.09 17:00,254.107
53,03.09 18:00,258.487
53,03.09 19:00,259.654
53,03.09 20:00,259.811
53,03.09 21:00,260.13
53,03.09 22:00,254.236
53,03.09 23:00,251.287
53,04.09 00:00,251.228
53,04.09 01:00,249.089
53,04.09 02:00,249.36
53,04.09 03:00,251.882
53,04.09 04:00,251.189
53,04.09 05:00,250.167
53,04.09 06:00,251.289
53,04.09 07:00,249.289
53,04.09 08:00,245.861
53,04.09 09:00,243.552
53,04.09 10:00,241.624
53,04.09 11:00,241.687
53,04.09 12:00,242.049
53,04.09 13:00,243.812
53,04.09 14:00,244.325
53,04.09 15:00,244.306
53,04.09 16:00,245.007
53,04.09 17:00,253.197
53,04.09 18:00,260.105
53,04.09 19:00,263.395
53,04.09 20:00,262.102
53,04.09 21:00,263.773
53,04.09 22:00,258.648
53,04.09 23:00,254.651
53,05.09 00:00,284.007
53,05.09 01:00,282.509
53,05.09 02:00,282.061
53,05.09 03:00,283.69
53,05.09 04:00,283.176
53,05.09 05:00,284.614
53,05.09 06:00,281.935
53,05.09 07:00,281.946
53,05.09 08:00,282.272
53,05.09 09:00,283.414
53,05.09 10:00,283.304
53,05.09 11:00,284.578
53,05.09 12:00,284.152
53,05.09 13:00,283.96
53,05.09 14:00,282.416
53,05.09 15:00,282.73
53,05.09 16:00,282.795
53,05.09 17:00,284.072
53,05.09 18:00,283.917
53,05.09 19:00,283.906
53,05.09 20:00,283.963
53,05.09 21:00,284.59
53,05.09 22:00,282.207
53,05.09 23:00,282.548
53,06.09 00:00,283.358
53,06.09 01:00,284.206
53,06.09 02:00,283.947
53,06.09 03:00,282.005
53,06.09 04:00,282.379
53,06.09 05:00,282.117
53,06.09 06:00,283.976
53,06.09 07:00,283.698
53,06.09 08:00,283.031
53,06.09 09:00,282.387
53,06.09 10:00,282.163
53,06.09 11:00,283.739
53,06.09 12:00,284.653
53,06.09 13:00,283.21
53,06.09 14:00,282.014
53,06.09 15:00,282.553
53,06.09 16:00,283.482
53,06.09 17:00,283.734
53,06.09 18:00,283.632
53,06.09 19:00,283.182
53,06.09 20:00,284.593
53,06.09 21:00,282.318
53,06.09 22:00,282.142
53,06.09 23:00,282.078
53,07.09 00:00,283.764
53,07.09 01:00,282.989
53,07.09 02:00,283.411
53,07.09 03:00,282.355
53,07.09 04:00,283.636
53,07.09 05:00,283.318
53,07.09 06:00,283.799
53,07.09 07:00,283.599
53,07.09 08:00,281.992
53,07.09 09:00,283.988
53,07.09 10:00,282.139
53,07.09 11:00,283.447
53,07.09 12:00,283.41
53,07.09 13:00,283.352
53,07.09 14:00,284.571
53,07.09 15:00,283.708
53,07.09 16:00,284.501
53,07.09 17:00,284.658
53,07.09 18:00,282.971
53,07.09 19:00,282.423
53,07.09 20:00,282.864
53,07.09 21:00,284.281
53,07.09 22:00,283.721
53,07.09 23:00,282.926
53,08.09 00:00,283.204
53,08.09 01:00,284.127
53,08.09 02:00,283.012
53,08.09 03:00,293.442
53,08.09 04:00,282.183
53,08.09 05:00,283.945
53,08.09 06:00,283.008
53,08.09 07:00,282.295
53,08.09 08:00,283.952
53,08.09 09:00,282.072
53,08.09 10:00,283.505
53,08.09 11:00,283.255
53,08.09 12:00,284.237
53,08.09 13:00,283.193
53,08.09 14:00,283.122
53,08.09 15:00,278.145
53,08.09 16:00,273.952
53,08.09 17:00,276.145
53,08.09 18:00,277.147
53,08.09 19:00,278.232
53,08.09 20:00,275.408
53,08.09 21:00,270.216
53,08.09 22:00,266.365
53,08.09 23:00,262.16
53,09.09 00:00,256.478
53,09.09 01:00,258.111
53,09.09 02:00,256.614
53,09.09 03:00,256.26
53,09.09 04:00,256.32
53,09.09 05:00,255.594
53,09.09 06:00,256.829
53,09.09 07:00,257.854
53,09.09 08:00,253.589
53,09.09 09:00,251.865
53,09.09 10:00,255.279
53,09.09 11:00,259.592
53,09.09 12:00,266.496
53,09.09 13:00,268.357
53,09.09 14:00,268.018
53,09.09 15:00,269.908
53,09.09 16:00,263.59
53,09.09 17:00,272.977
53,09.09 18:00,276.311
53,09.09 19:00,275.958
53,09.09 20:00,263.845
53,09.09 21:00,262.163
53,09.09 22:00,256.992
53,09.09 23:00,253.847
53,10.09 00:00,252.651
53,10.09 01:00,252.252
53,10.09 02:00,251.853
53,10.09 03:00,252.425
53,10.09 04:00,252.366
53,10.09 05:00,250.869
53,10.09 06:00,250.93
53,10.09 07:00,251.182
53,10.09 08:00,243.546
53,10.09 09:00,242.005
53,10.09 10:00,243.64
53,10.09 11:00,243.842
53,10.09 12:00,243.295
53,10.09 13:00,243.933
53,10.09 14:00,242.078
53,10.09 15:00,244.462
53,10.09 16:00,244.079
53,10.09 17:00,253.454
53,10.09 18:00,259.885
53,10.09 19:00,259.702
53,10.09 20:00,257.874
53,10.09 21:00,260.983
53,10.09 22:00,254.174
53,10.09 23:00,250.209
53,11.09 00:00,251.421
53,11.09 01:00,249.172
53,11.09 02:00,248.985
53,11.09 03:00,251.395
53,11.09 04:00,251.982
53,11.09 05:00,250.682
53,11.09 06:00,250.118
53,11.09 07:00,250.032
53,11.09 08:00,246.637
53,11.09 09:00,243.497
53,11.09 10:00,241.347
53,11.09 11:00,243.245
53,11.09 12:00,242.912
53,11.09 13:00,244.335
53,11.09 14:00,246.161
53,11.09 15:00,246.01
53,11.09 16:00,246.314
53,11.09 17:00,254.539
53,11.09 18:00,260.111
53,11.09 19:00,263.653
53,11.09 20:00,262.642
53,11.09 21:00,264.261
53,11.09 22:00,260.623
53,11.09 23:00,254.709
53,12.09 00:00,282.609
53,12.09 01:00,283.831
53,12.09 02:00,284.328
53,12.09 03:00,283.818
53,12.09 04:00,284.025
53,12.09 05:00,284.071
53,12.09 06:00,283.205
53,12.09 07:00,283.706
53,12.09 08:00,284.552
53,12.09 09:00,284.68
53,12.09 10:00,283.918
53,12.09 11:00,282.482
53,12.09 12:00,283.871
53,12.09 13:00,284.174
53,12.09 14:00,284.503
53,12.09 15:00,283.88
53,12.09 16:00,283.074
53,12.09 17:00,283.547
53,12.09 18:00,282.718
53,12.09 19:00,284.574
53,12.09 20:00,284.115
53,12.09 21:00,283.325
53,12.09 22:00,282.827
53,12.09 23:00,283.171
53,13.09 00:00,283.152
53,13.09 01:00,284.322
53,13.09 02:00,283.224
53,13.09 03:00,283.563
53,13.09 04:00,284.368
53,13.09 05:00,284.122
53,13.09 06:00,284.049
53,13.09 07:00,284.551
53,13.09 08:00,282.844
53,13.09 09:00,284.677
53,13.09 10:00,282.245
53,13.09 11:00,282.377
53,13.09 12:00,281.996
53,13.09 13:00,283.168
53,13.09 14:00,282.719
53,13.09 15:00,283.791
53,13.09 16:00,282.503
53,13.09 17:00,295.359
53,13.09 18:00,282.304
53,13.09 19:00,284.669
53,13.09 20:00,282.268
53,13.09 21:00,282.265
53,13.09 22:00,283.538
53,13.09 23:00,283.448
53,14.09 00:00,282.559
53,14.09 01:00,281.99
53,14.09 02:00,283.825
53,14.09 03:00,283.23
53,14.09 04:00,282.161
53,14.09 05:00,284.405
53,14.09 06:00,282.935
53,14.09 07:00,283.563
53,14.09 08:00,283.708
53,14.09 09:00,282.814
53,14.09 10:00,282.711
53,14.09 11:00,284.527
53,14.09 12:00,284.208
53,14.09 13:00,282.021
53,14.09 14:00,284.496
53,14.09 15:00,282.812
53,14.09 16:00,281.934
53,14.09 17:00,283.736
53,14.09 18:00,282.554
53,14.09 19:00,282.618
53,14.09 20:00,282.616
53,14.09 21:00,284.187
53,14.09 22:00,284.568
53,14.09 23:00,283.112
53,15.09 00:00,283.138
53,15.09 01:00,283.753
53,15.09 02:00,284.143
53,15.09 03:00,284.457
53,15.09 04:00,283.265
53,15.09 05:00,282.328
53,15.09 06:00,283.264
53,15.09 07:00,283.557
53,15.09 08:00,283.36
53,15.09 09:00,284.19
53,15.09 10:00,284.108
53,15.09 11:00,284.641
53,15.09 12:00,282.757
53,15.09 13:00,283.564
53,15.09 14:00,282.935
53,15.09 15:00,277.316
53,15.09 16:00,272.037
53,15.09 17:00,275.169
53,15.09 18:00,277.165
53,15.09 19:00,276.811
53,15.09 20:00,274.517
53,15.09 21:00,271.505
53,15.09 22:00,267.234
53,15.09 23:00,262.134
53,16.09 00:00,256.168
53,16.09 01:00,256.556
53,16.09 02:00,256.085
53,16.09 03:00,256.619
53,16.09 04:00,254.738
53,16.09 05:00,254.202
53,16.09 06:00,257.217
53,16.09 07:00,257.425
53,16.09 08:00,252.825
53,16.09 09:00,251.603
53,16.09 10:00,254.018
53,16.09 11:00,259.299
53,16.09 12:00,267.449
53,16.09 13:00,270.316
53,16.09 14:00,269.596
53,16.09 15:00,267.341
53,16.09 16:00,265.686
53,16.09 17:00,271.818
53,16.09 18:00,275.027
53,16.09 19:00,275.854
53,16.09 20:00,265.313
53,16.09 21:00,260.893
53,16.09 22:00,255.373
53,16.09 23:00,252.822
53,17.09 00:00,253.626
53,17.09 01:00,251.726
53,17.09 02:00,252.236
53,17.09 03:00,250.849
53,17.09 04:00,251.809
53,17.09 05:00,252.155
53,17.09 06:00,250.602
53,17.09 07:00,251.174
53,17.09 08:00,245.097
53,17.09 09:00,241.662
53,17.09 10:00,244.347
53,17.09 11:00,242.217
53,17.09 12:00,241.739
53,17.09 13:00,246.067
53,17.09 14:00,243.539
53,17.09 15:00,242.759
53,17.09 16:00,243.581
53,17.09 17:00,253.816
53,17.09 18:00,257.999
53,17.09 19:00,259.007
53,17.09 20:00,259.999
53,17.09 21:00,258.845
53,17.09 22:00,265.364
53,17.09 23:00,249.96
53,18.09 00:00,249.937
53,18.09 01:00,250.435
53,18.09 02:00,250.625
53,18.09 03:00,249.857
53,18.09 04:00,249.841
53,18.09 05:00,250.624
53,18.09 06:00,249.705
53,18.09 07:00,250.395
53,18.09 08:00,245.215
53,18.09 09:00,241.484
53,18.09 10:00,242.638
53,18.09 11:00,243.455
53,18.09 12:00,243.126
53,18.09 13:00,244.002
53,18.09 14:00,245.263
53,18.09 15:00,246.532
53,18.09 16:00,244.979
53,18.09 17:00,254.081
53,18.09 18:00,261.751
53,18.09 19:00,264.075
53,18.09 20:00,264.131
53,18.09 21:00,263.15
53,18.09 22:00,259.005
53,18.09 23:00,255.06
53,19.09 00:00,284.0
53,19.09 01:00,283.267
53,19.09 02:00,282.558
53,19.09 03:00,282.917
53,19.09 04:00,282.546
53,19.09 05:00,282.302
53,19.09 06:00,284.188
53,19.09 07:00,283.801
53,19.09 08:00,282.823
53,19.09 09:00,283.077
53,19.09 10:00,282.489
53,19.09 11:00,282.178
53,19.09 12:00,282.128
53,19.09 13:00,282.565
53,19.09 14:00,283.986
53,19.09 15:00,282.724
53,19.09 16:00,283.614
53,19.09 17:00,282.899
53,19.09 18:00,284.351
53,19.09 19:00,283.474
53,19.09 20:00,284.601
53,19.09 21:00,284.305
53,19.09 22:00,283.665
53,19.09 23:00,282.611
53,20.09 00:00,283.505
53,20.09 01:00,284.506
53,20.09 02:00,281.96
53,20.09 03:00,283.788
53,20.09 04:00,283.07
53,20.09 05:00,282.985
53,20.09 06:00,282.268
53,20.09 07:00,281.989
53,20.09 08:00,282.439
53,20.09 09:00,284.175
53,20.09 10:00,284.716
53,20.09 11:00,284.071
53,20.09 12:00,283.258
53,20.09 13:00,283.702
53,20.09 14:00,284.546
53,20.09 15:00,282.388
53,20.09 16:00,283.322
53,20.09 17:00,284.322
53,20.09 18:00,283.95
53,20.09 19:00,282.594
53,20.09 20:00,281.905
53,20.09 21:00,284.375
53,20.09 22:00,283.518
53,20.09 23:00,284.455
53,21.09 00:00,284.673
53,21.09 01:00,283.516
53,21.09 02:00,282.372
53,21.09 03:00,283.941
53,21.09 04:00,281.937
53,21.09 05:00,284.731
53,21.09 06:00,284.03
53,21.09 07:00,283.27
53,21.09 08:00,282.876
53,21.09 09:00,283.302
53,21.09 10:00,284.59
53,21.09 11:00,283.16
53,21.09 12:00,282.771
53,21.09 13:00,284.022
53,21.09 14:00,282.517
53,21.09 15:00,283.913
53,21.09 16:00,282.992
53,21.09 17:00,282.959
53,21.09 18:00,284.588
53,21.09 19:00,284.111
53,21.09 20:00,282.9
53,21.09 21:00,281.929
53,21.09 22:00,282.054
53,21.09 23:00,283.769
53,22.09 00:00,282.616
53,22.09 01:00,284.055
53,22.09 02:00,284.137
53,22.09 03:00,289.394
53,22.09 04:00,283.794
53,22.09 05:00,284.419
53,22.09 06:00,284.708
53,22.09 07:00,282.243
53,22.09 08:00,284.649
53,22.09 09:00,282.002
53,22.09 10:00,282.976
53,22.09 11:00,282.792
53,22.09 12:00,282.183
53,22.09 13:00,282.992
53,22.09 14:00,281.403
53,22.09 15:00,277.22
53,22.09 16:00,273.611
53,22.09 17:00,277.136
53,22.09 18:00,277.362
53,22.09 19:00,278.713
53,22.09 20:00,276.824
53,22.09 21:00,270.574
53,22.09 22:00,267.416
53,22.09 23:00,263.848
53,23.09 00:00,255.508
53,23.09 01:00,256.848
53,23.09 02:00,255.342
53,23.09 03:00,257.127
53,23.09 04:00,254.362
53,23.09 05:00,253.893
53,23.09 06:00,257.076
53,23.09 07:00,258.373
53,23.09 08:00,252.959
53,23.09 09:00,253.177
53,23.09 10:00,253.318
53,23.09 11:00,259.058
53,23.09 12:00,265.581
53,23.09 13:00,269.611
53,23.09 14:00,270.441
53,23.09 15:00,267.646
53,23.09 16:00,264.025
53,23.09 17:00,273.027
53,23.09 18:00,274.482
53,23.09 19:00,273.828
53,23.09 20:00,263.637
53,23.09 21:00,262.798
53,23.09 22:00,256.64
53,23.09 23:00,252.729
53,24.09 00:00,254.227
53,24.09 01:00,252.04
53,24.09 02:00,252.552
53,24.09 03:00,252.72
53,24.09 04:00,251.995
53,24.09 05:00,252.334
53,24.09 06:00,251.591
53,24.09 07:00,249.919
53,24.09 08:00,243.724
53,24.09 09:00,242.99
53,24.09 10:00,244.34
53,24.09 11:00,242.282
53,24.09 12:00,241.837
53,24.09 13:00,243.559
53,24.09 14:00,243.443
53,24.09 15:00,242.621
53,24.09 16:00,244.836
53,24.09 17:00,255.027
53,24.09 18:00,259.201
53,24.09 19:00,258.383
53,24.09 20:00,259.727
53,24.09 21:00,259.833
53,24.09 22:00,253.064
53,24.09 23:00,251.506
53,25.09 00:00,250.518
53,25.09 01:00,250.494
53,25.09 02:00,248.5
53,25.09 03:00,251.34
53,25.09 04:00,251.384
53,25.09 05:00,250.292
53,25.09 06:00,250.431
53,25.09 07:00,249.318
53,25.09 08:00,245.476
53,25.09 09:00,243.668
53,25.09 10:00,241.904
53,25.09 11:00,243.814
53,25.09 12:00,243.971
53,25.09 13:00,245.523
53,25.09 14:00,244.522
53,25.09 15:00,244.741
53,25.09 16:00,245.745
53,25.09 17:00,255.064
53,25.09 18:00,261.151
53,25.09 19:00,264.312
53,25.09 20:00,262.347
53,25.09 21:00,262.931
53,25.09 22:00,252.016
53,25.09 23:00,256.985
53,26.09 00:00,283.633
53,26.09 01:00,284.295
53,26.09 02:00,282.21
53,26.09 03:00,283.237
53,26.09 04:00,283.937
53,26.09 05:00,283.686
53,26.09 06:00,277.507
53,26.09 07:00,282.403
53,26.09 08:00,281.931
53,26.09 09:00,282.228
53,26.09 10:00,283.319
53,26.09 11:00,283.642
53,26.09 12:00,284.667
53,26.09 13:00,282.38
53,26.09 14:00,283.749
53,26.09 15:00,284.139
53,26.09 16:00,282.794
53,26.09 17:00,284.704
53,26.09 18:00,283.714
53,26.09 19:00,283.055
53,26.09 20:00,282.193
53,26.09 21:00,284.666
53,26.09 22:00,282.556
53,26.09 23:00,282.055
53,27.09 00:00,283.956
53,27.09 01:00,282.577
53,27.09 02:00,284.026
53,27.09 03:00,282.855
53,27.09 04:00,282.504
53,27.09 05:00,282.725
53,27.09 06:00,282.432
53,27.09 07:00,282.633
53,27.09 08:00,282.776
53,27.09 09:00,283.761
53,27.09 10:00,282.825
53,27.09 11:00,283.35
53,27.09 12:00,282.465
53,27.09 13:00,283.076
53,27.09 14:00,282.875
53,27.09 15:00,283.091
53,27.09 16:00,283.261
53,27.09 17:00,284.261
53,27.09 18:00,283.006
53,27.09 19:00,284.44
53,27.09 20:00,283.752
53,27.09 21:00,284.038
53,27.09 22:00,282.352
53,27.09 23:00,281.984
53,28.09 00:00,193.848
53,28.09 01:00,192.716
53,28.09 02:00,192.944
53,28.09 03:00,192.311
53,28.09 04:00,193.68
53,28.09 05:00,0.998
53,28.09 06:00,1.0
53,28.09 07:00,0.995
53,28.09 08:00,1.002
53,28.09 09:00,0.998
53,28.09 10:00,0.999
53,28.09 11:00,1.0
53,28.09 12:00,1.002
53,28.09 13:00,1.003
53,28.09 14:00,0.995
53,28.09 15:00,0.997
53,28.09 16:00,0.999
53,28.09 17:00,1.004
53,28.09 18:00,1.003
53,28.09 19:00,0.998
53,28.09 20:00,1.003
53,28.09 21:00,0.998
53,28.09 22:00,1.0
53,28.09 23:00,0.995
53,29.09 00:00,192.471
53,29.09 01:00,193.393
53,29.09 02:00,193.317
53,29.09 03:00,0.997
53,29.09 04:00,0.997
53,29.09 05:00,0.999
53,29.09 06:00,1.002
53,29.09 07:00,1.001
53,29.09 08:00,0.999
53,29.09 09:00,0.995
53,29.09 10:00,0.999
53,29.09 11:00,0.995
53,29.09 12:00,0.998
53,29.09 13:00,1.002
53,29.09 14:00,192.179
53,29.09 15:00,189.073
53,29.09 16:00,184.688
53,29.09 17:00,188.753
53,29.09 18:00,188.777
53,29.09 19:00,189.456
53,29.09 20:00,187.916
53,29.09 21:00,184.797
53,29.09 22:00,181.401
53,29.09 23:00,178.44
53,30.09 00:00,174.181
53,30.09 01:00,175.039
53,30.09 02:00,173.99
53,30.09 03:00,174.455
53,30.09 04:00,173.684
53,30.09 05:00,173.528
53,30.09 06:00,174.864
53,30.09 07:00,175.054
53,30.09 08:00,172.844
53,30.09 09:00,171.401
53,30.09 10:00,172.872
53,30.09 11:00,176.394
53,30.09 12:00,181.751
53,30.09 13:00,182.499
53,30.09 14:00,182.469
53,30.09 15:00,182.22
53,30.09 16:00,180.041
53,30.09 17:00,185.363
53,30.09 18:00,186.88
53,30.09 19:00,187.699
53,30.09 20:00,179.967
53,30.09 21:00,178.683
53,30.09 22:00,174.006
53,30.09 23:00,172.703
