59,01.03 00:00,3.405
59,01.03 01:00,3.304
59,01.03 02:00,3.309
59,01.03 03:00,3.416
59,01.03 04:00,3.303
59,01.03 05:00,3.2
59,01.03 06:00,3.305
59,01.03 07:00,3.515
59,01.03 08:00,6.596
59,01.03 09:00,14.821
59,01.03 10:00,17.758
59,01.03 11:00,21.148
59,01.03 12:00,19.192
59,01.03 13:00,22.703
59,01.03 14:00,25.96
59,01.03 15:00,24.509
59,01.03 16:00,19.404
59,01.03 17:00,26.477
59,01.03 18:00,30.32
59,01.03 19:00,30.845
59,01.03 20:00,33.993
59,01.03 21:00,31.645
59,01.03 22:00,26.829
59,01.03 23:00,11.32
59,02.03 00:00,3.501
59,02.03 01:00,3.494
59,02.03 02:00,3.406
59,02.03 03:00,3.413
59,02.03 04:00,3.59
59,02.03 05:00,4.39
59,02.03 06:00,3.912
59,02.03 07:00,4.013
59,02.03 08:00,6.573
59,02.03 09:00,13.59
59,02.03 10:00,17.749
59,02.03 11:00,18.183
59,02.03 12:00,18.967
59,02.03 13:00,22.496
59,02.03 14:00,23.583
59,02.03 15:00,23.782
59,02.03 16:00,24.456
59,02.03 17:00,25.843
59,02.03 18:00,30.237
59,02.03 19:00,36.695
59,02.03 20:00,36.51
59,02.03 21:00,31.656
59,02.03 22:00,25.553
59,02.03 23:00,8.959
59,03.03 00:00,3.484
59,03.03 01:00,3.399
59,03.03 02:00,3.2
59,03.03 03:00,3.395
59,03.03 04:00,3.401
59,03.03 05:00,3.304
59,03.03 06:00,3.31
59,03.03 07:00,3.487
59,03.03 08:00,6.385
59,03.03 09:00,16.649
59,03.03 10:00,24.962
59,03.03 11:00,26.625
59,03.03 12:00,24.809
59,03.03 13:00,22.339
59,03.03 14:00,20.805
59,03.03 15:00,22.085
59,03.03 16:00,20.963
59,03.03 17:00,29.216
59,03.03 18:00,29.476
59,03.03 19:00,33.844
59,03.03 20:00,34.617
59,03.03 21:00,31.47
59,03.03 22:00,28.147
59,03.03 23:00,10.449
59,04.03 00:00,4.917
59,04.03 01:00,4.617
59,04.03 02:00,5.602
59,04.03 03:00,5.727
59,04.03 04:00,5.705
59,04.03 05:00,5.716
59,04.03 06:00,5.599
59,04.03 07:00,5.912
59,04.03 08:00,6.81
59,04.03 09:00,14.506
59,04.03 10:00,19.217
59,04.03 11:00,22.401
59,04.03 12:00,23.297
59,04.03 13:00,29.394
59,04.03 14:00,29.252
59,04.03 15:00,27.962
59,04.03 16:00,26.983
59,04.03 17:00,26.101
59,04.03 18:00,27.939
59,04.03 19:00,24.72
59,04.03 20:00,6.478
59,04.03 21:00,5.094
59,04.03 22:00,6.305
59,04.03 23:00,5.611
59,05.03 00:00,5.614
59,05.03 01:00,5.975
59,05.03 02:00,5.91
59,05.03 03:00,6.117
59,05.03 04:00,6.019
59,05.03 05:00,6.013
59,05.03 06:00,6.004
59,05.03 07:00,6.194
59,05.03 08:00,12.174
59,05.03 09:00,15.771
59,05.03 10:00,21.751
59,05.03 11:00,23.408
59,05.03 12:00,25.138
59,05.03 13:00,25.055
59,05.03 14:00,26.073
59,05.03 15:00,26.436
59,05.03 16:00,20.609
59,05.03 17:00,13.2
59,05.03 18:00,4.906
59,05.03 19:00,5.187
59,05.03 20:00,10.112
59,05.03 21:00,4.22
59,05.03 22:00,5.807
59,05.03 23:00,5.092
59,06.03 00:00,5.117
59,06.03 01:00,5.288
59,06.03 02:00,5.18
59,06.03 03:00,5.214
59,06.03 04:00,5.175
59,06.03 05:00,5.225
59,06.03 06:00,5.207
59,06.03 07:00,5.293
59,06.03 08:00,6.178
59,06.03 09:00,16.915
59,06.03 10:00,23.074
59,06.03 11:00,25.492
59,06.03 12:00,28.022
59,06.03 13:00,28.405
59,06.03 14:00,29.119
59,06.03 15:00,29.211
59,06.03 16:00,25.134
59,06.03 17:00,11.23
59,06.03 18:00,3.707
59,06.03 19:00,4.004
59,06.03 20:00,4.08
59,06.03 21:00,3.903
59,06.03 22:00,4.993
59,06.03 23:00,5.198
59,07.03 00:00,5.19
59,07.03 01:00,5.324
59,07.03 02:00,5.175
59,07.03 03:00,5.089
59,07.03 04:00,5.499
59,07.03 05:00,5.899
59,07.03 06:00,5.788
59,07.03 07:00,5.987
59,07.03 08:00,7.387
59,07.03 09:00,16.305
59,07.03 10:00,19.001
59,07.03 11:00,24.192
59,07.03 12:00,29.114
59,07.03 13:00,22.081
59,07.03 14:00,20.997
59,07.03 15:00,21.187
59,07.03 16:00,19.561
59,07.03 17:00,23.243
59,07.03 18:00,29.542
59,07.03 19:00,28.947
59,07.03 20:00,33.618
59,07.03 21:00,30.217
59,07.03 22:00,25.839
59,07.03 23:00,13.593
59,08.03 00:00,4.215
59,08.03 01:00,5.48
59,08.03 02:00,5.307
59,08.03 03:00,5.315
59,08.03 04:00,5.41
59,08.03 05:00,5.321
59,08.03 06:00,5.402
59,08.03 07:00,5.508
59,08.03 08:00,6.611
59,08.03 09:00,14.56
59,08.03 10:00,19.016
59,08.03 11:00,21.897
59,08.03 12:00,18.779
59,08.03 13:00,19.653
59,08.03 14:00,19.192
59,08.03 15:00,18.466
59,08.03 16:00,23.974
59,08.03 17:00,25.882
59,08.03 18:00,27.379
59,08.03 19:00,28.566
59,08.03 20:00,31.848
59,08.03 21:00,29.807
59,08.03 22:00,26.028
59,08.03 23:00,14.316
59,09.03 00:00,3.106
59,09.03 01:00,3.114
59,09.03 02:00,2.995
59,09.03 03:00,3.0
59,09.03 04:00,3.093
59,09.03 05:00,2.989
59,09.03 06:00,2.991
59,09.03 07:00,3.086
59,09.03 08:00,6.198
59,09.03 09:00,12.517
59,09.03 10:00,17.708
59,09.03 11:00,26.412
59,09.03 12:00,25.751
59,09.03 13:00,25.551
59,09.03 14:00,26.406
59,09.03 15:00,23.775
59,09.03 16:00,18.56
59,09.03 17:00,18.54
59,09.03 18:00,28.643
59,09.03 19:00,33.352
59,09.03 20:00,35.333
59,09.03 21:00,29.257
59,09.03 22:00,22.683
59,09.03 23:00,8.032
59,10.03 00:00,3.3
59,10.03 01:00,2.994
59,10.03 02:00,4.292
59,10.03 03:00,4.701
59,10.03 04:00,4.571
59,10.03 05:00,5.014
59,10.03 06:00,5.222
59,10.03 07:00,5.111
59,10.03 08:00,6.308
59,10.03 09:00,13.643
59,10.03 10:00,22.713
59,10.03 11:00,22.594
59,10.03 12:00,21.648
59,10.03 13:00,23.508
59,10.03 14:00,22.697
59,10.03 15:00,20.282
59,10.03 16:00,20.516
59,10.03 17:00,22.363
59,10.03 18:00,30.292
59,10.03 19:00,31.736
59,10.03 20:00,31.836
59,10.03 21:00,34.836
59,10.03 22:00,29.177
59,10.03 23:00,6.888
59,11.03 00:00,3.913
59,11.03 01:00,5.014
59,11.03 02:00,5.276
59,11.03 03:00,5.514
59,11.03 04:00,5.397
59,11.03 05:00,5.41
59,11.03 06:00,5.397
59,11.03 07:00,5.482
59,11.03 08:00,6.704
59,11.03 09:00,13.78
59,11.03 10:00,17.375
59,11.03 11:00,24.177
59,11.03 12:00,25.257
59,11.03 13:00,25.0
59,11.03 14:00,26.591
59,11.03 15:00,19.532
59,11.03 16:00,18.713
59,11.03 17:00,22.441
59,11.03 18:00,31.135
59,11.03 19:00,26.42
59,11.03 20:00,6.283
59,11.03 21:00,5.077
59,11.03 22:00,4.282
59,11.03 23:00,4.305
59,12.03 00:00,3.991
59,12.03 01:00,5.215
59,12.03 02:00,5.523
59,12.03 03:00,5.486
59,12.03 04:00,5.491
59,12.03 05:00,5.417
59,12.03 06:00,5.515
59,12.03 07:00,5.476
59,12.03 08:00,6.926
59,12.03 09:00,12.337
59,12.03 10:00,24.621
59,12.03 11:00,26.831
59,12.03 12:00,26.573
59,12.03 13:00,19.921
59,12.03 14:00,21.781
59,12.03 15:00,19.949
59,12.03 16:00,20.938
59,12.03 17:00,19.993
59,12.03 18:00,16.825
59,12.03 19:00,4.785
59,12.03 20:00,10.849
59,12.03 21:00,9.554
59,12.03 22:00,3.899
59,12.03 23:00,3.304
59,13.03 00:00,3.501
59,13.03 01:00,3.384
59,13.03 02:00,3.436
59,13.03 03:00,3.403
59,13.03 04:00,3.311
59,13.03 05:00,3.189
59,13.03 06:00,3.192
59,13.03 07:00,3.402
59,13.03 08:00,6.676
59,13.03 09:00,13.543
59,13.03 10:00,27.239
59,13.03 11:00,29.296
59,13.03 12:00,23.247
59,13.03 13:00,28.091
59,13.03 14:00,29.239
59,13.03 15:00,29.079
59,13.03 16:00,26.331
59,13.03 17:00,17.784
59,13.03 18:00,6.192
59,13.03 19:00,5.402
59,13.03 20:00,4.29
59,13.03 21:00,4.396
59,13.03 22:00,4.197
59,13.03 23:00,3.516
59,14.03 00:00,3.408
59,14.03 01:00,3.602
59,14.03 02:00,5.299
59,14.03 03:00,5.681
59,14.03 04:00,5.698
59,14.03 05:00,5.625
59,14.03 06:00,5.612
59,14.03 07:00,5.8
59,14.03 08:00,6.886
59,14.03 09:00,18.284
59,14.03 10:00,21.147
59,14.03 11:00,25.999
59,14.03 12:00,28.814
59,14.03 13:00,30.398
59,14.03 14:00,30.922
59,14.03 15:00,29.841
59,14.03 16:00,29.076
59,14.03 17:00,28.808
59,14.03 18:00,28.79
59,14.03 19:00,30.861
59,14.03 20:00,31.528
59,14.03 21:00,27.606
59,14.03 22:00,19.886
59,14.03 23:00,7.018
59,15.03 00:00,3.417
59,15.03 01:00,5.289
59,15.03 02:00,5.386
59,15.03 03:00,5.423
59,15.03 04:00,5.278
59,15.03 05:00,5.308
59,15.03 06:00,5.277
59,15.03 07:00,5.297
59,15.03 08:00,6.686
59,15.03 09:00,14.894
59,15.03 10:00,20.788
59,15.03 11:00,21.531
59,15.03 12:00,20.015
59,15.03 13:00,20.156
59,15.03 14:00,20.244
59,15.03 15:00,19.914
59,15.03 16:00,22.426
59,15.03 17:00,29.003
59,15.03 18:00,30.951
59,15.03 19:00,35.566
59,15.03 20:00,35.551
59,15.03 21:00,33.206
59,15.03 22:00,31.932
59,15.03 23:00,13.817
59,16.03 00:00,3.315
59,16.03 01:00,3.311
59,16.03 02:00,3.414
59,16.03 03:00,3.393
59,16.03 04:00,3.404
59,16.03 05:00,3.394
59,16.03 06:00,3.409
59,16.03 07:00,3.408
59,16.03 08:00,6.577
59,16.03 09:00,15.635
59,16.03 10:00,19.557
59,16.03 11:00,29.179
59,16.03 12:00,29.922
59,16.03 13:00,32.126
59,16.03 14:00,32.042
59,16.03 15:00,30.122
59,16.03 16:00,27.959
59,16.03 17:00,27.794
59,16.03 18:00,31.688
59,16.03 19:00,36.521
59,16.03 20:00,37.273
59,16.03 21:00,33.949
59,16.03 22:00,26.791
59,16.03 23:00,9.886
59,17.03 00:00,3.289
59,17.03 01:00,3.215
59,17.03 02:00,3.21
59,17.03 03:00,4.203
59,17.03 04:00,5.19
59,17.03 05:00,5.276
59,17.03 06:00,5.314
59,17.03 07:00,5.274
59,17.03 08:00,6.369
59,17.03 09:00,13.947
59,17.03 10:00,22.406
59,17.03 11:00,24.582
59,17.03 12:00,25.75
59,17.03 13:00,30.039
59,17.03 14:00,30.678
59,17.03 15:00,26.59
59,17.03 16:00,19.345
59,17.03 17:00,27.8
59,17.03 18:00,29.232
59,17.03 19:00,33.474
59,17.03 20:00,33.28
59,17.03 21:00,31.337
59,17.03 22:00,20.483
59,17.03 23:00,7.233
59,18.03 00:00,3.401
59,18.03 01:00,4.602
59,18.03 02:00,5.379
59,18.03 03:00,5.379
59,18.03 04:00,5.38
59,18.03 05:00,5.411
59,18.03 06:00,5.424
59,18.03 07:00,5.387
59,18.03 08:00,6.621
59,18.03 09:00,13.632
59,18.03 10:00,18.615
59,18.03 11:00,19.902
59,18.03 12:00,22.187
59,18.03 13:00,23.011
59,18.03 14:00,24.426
59,18.03 15:00,21.396
59,18.03 16:00,19.127
59,18.03 17:00,21.856
59,18.03 18:00,23.864
59,18.03 19:00,21.641
59,18.03 20:00,5.992
59,18.03 21:00,4.515
59,18.03 22:00,4.081
59,18.03 23:00,3.384
59,19.03 00:00,3.413
59,19.03 01:00,3.416
59,19.03 02:00,3.398
59,19.03 03:00,3.411
59,19.03 04:00,3.491
59,19.03 05:00,3.406
59,19.03 06:00,3.409
59,19.03 07:00,3.597
59,19.03 08:00,6.708
59,19.03 09:00,13.583
59,19.03 10:00,17.529
59,19.03 11:00,20.764
59,19.03 12:00,23.329
59,19.03 13:00,31.663
59,19.03 14:00,30.117
59,19.03 15:00,28.11
59,19.03 16:00,18.726
59,19.03 17:00,14.361
59,19.03 18:00,3.984
59,19.03 19:00,4.403
59,19.03 20:00,4.391
59,19.03 21:00,4.31
59,19.03 22:00,4.098
59,19.03 23:00,3.704
59,20.03 00:00,5.012
59,20.03 01:00,3.588
59,20.03 02:00,3.387
59,20.03 03:00,3.39
59,20.03 04:00,3.396
59,20.03 05:00,3.614
59,20.03 06:00,4.289
59,20.03 07:00,4.4
59,20.03 08:00,6.885
59,20.03 09:00,12.889
59,20.03 10:00,20.901
59,20.03 11:00,24.532
59,20.03 12:00,28.027
59,20.03 13:00,29.247
59,20.03 14:00,35.015
59,20.03 15:00,35.428
59,20.03 16:00,27.509
59,20.03 17:00,18.152
59,20.03 18:00,6.578
59,20.03 19:00,5.176
59,20.03 20:00,5.393
59,20.03 21:00,6.424
59,20.03 22:00,7.014
59,20.03 23:00,5.691
59,21.03 00:00,4.978
59,21.03 01:00,6.522
59,21.03 02:00,6.407
59,21.03 03:00,6.431
59,21.03 04:00,6.487
59,21.03 05:00,6.394
59,21.03 06:00,6.508
59,21.03 07:00,6.271
59,21.03 08:00,8.065
59,21.03 09:00,17.14
59,21.03 10:00,21.13
59,21.03 11:00,29.118
59,21.03 12:00,29.964
59,21.03 13:00,32.132
59,21.03 14:00,33.017
59,21.03 15:00,31.842
59,21.03 16:00,25.091
59,21.03 17:00,20.913
59,21.03 18:00,30.508
59,21.03 19:00,31.951
59,21.03 20:00,32.279
59,21.03 21:00,28.212
59,21.03 22:00,20.649
59,21.03 23:00,7.608
59,22.03 00:00,3.304
59,22.03 01:00,3.416
59,22.03 02:00,3.201
59,22.03 03:00,3.206
59,22.03 04:00,3.212
59,22.03 05:00,3.284
59,22.03 06:00,3.402
59,22.03 07:00,3.414
59,22.03 08:00,6.479
59,22.03 09:00,16.01
59,22.03 10:00,21.059
59,22.03 11:00,22.896
59,22.03 12:00,20.805
59,22.03 13:00,21.133
59,22.03 14:00,19.66
59,22.03 15:00,21.855
59,22.03 16:00,19.838
59,22.03 17:00,26.982
59,22.03 18:00,30.081
59,22.03 19:00,32.321
59,22.03 20:00,34.756
59,22.03 21:00,32.376
59,22.03 22:00,30.884
59,22.03 23:00,11.514
59,23.03 00:00,3.406
59,23.03 01:00,3.39
59,23.03 02:00,3.409
59,23.03 03:00,3.392
59,23.03 04:00,3.316
59,23.03 05:00,3.286
59,23.03 06:00,3.405
59,23.03 07:00,3.387
59,23.03 08:00,6.596
59,23.03 09:00,16.83
59,23.03 10:00,20.998
59,23.03 11:00,27.901
59,23.03 12:00,28.63
59,23.03 13:00,29.31
59,23.03 14:00,29.987
59,23.03 15:00,27.919
59,23.03 16:00,28.473
59,23.03 17:00,29.681
59,23.03 18:00,32.399
59,23.03 19:00,34.259
59,23.03 20:00,34.888
59,23.03 21:00,27.306
59,23.03 22:00,25.041
59,23.03 23:00,11.256
59,24.03 00:00,3.506
59,24.03 01:00,3.392
59,24.03 02:00,3.402
59,24.03 03:00,3.398
59,24.03 04:00,3.29
59,24.03 05:00,3.383
59,24.03 06:00,3.392
59,24.03 07:00,3.493
59,24.03 08:00,6.615
59,24.03 09:00,15.151
59,24.03 10:00,21.696
59,24.03 11:00,22.122
59,24.03 12:00,20.68
59,24.03 13:00,22.791
59,24.03 14:00,29.616
59,24.03 15:00,26.17
59,24.03 16:00,19.923
59,24.03 17:00,22.876
59,24.03 18:00,28.058
59,24.03 19:00,33.133
59,24.03 20:00,33.742
59,24.03 21:00,31.657
59,24.03 22:00,20.979
59,24.03 23:00,3.997
59,25.03 00:00,3.395
59,25.03 01:00,3.517
59,25.03 02:00,3.601
59,25.03 03:00,3.582
59,25.03 04:00,3.617
59,25.03 05:00,3.618
59,25.03 06:00,3.601
59,25.03 07:00,3.804
59,25.03 08:00,6.702
59,25.03 09:00,9.288
59,25.03 10:00,16.602
59,25.03 11:00,17.118
59,25.03 12:00,16.89
59,25.03 13:00,17.158
59,25.03 14:00,17.004
59,25.03 15:00,16.843
59,25.03 16:00,17.52
59,25.03 17:00,23.666
59,25.03 18:00,25.935
59,25.03 19:00,8.737
59,25.03 20:00,21.4
59,25.03 21:00,6.279
59,25.03 22:00,4.019
59,25.03 23:00,3.395
59,26.03 00:00,3.495
59,26.03 01:00,3.407
59,26.03 02:00,3.494
59,26.03 03:00,3.517
59,26.03 04:00,3.401
59,26.03 05:00,3.515
59,26.03 06:00,3.407
59,26.03 07:00,3.5
59,26.03 08:00,6.609
59,26.03 09:00,14.04
59,26.03 10:00,22.203
59,26.03 11:00,21.403
59,26.03 12:00,20.658
59,26.03 13:00,20.763
59,26.03 14:00,22.016
59,26.03 15:00,18.622
59,26.03 16:00,16.102
59,26.03 17:00,11.95
59,26.03 18:00,3.789
59,26.03 19:00,4.081
59,26.03 20:00,4.208
59,26.03 21:00,4.192
59,26.03 22:00,3.897
59,26.03 23:00,3.391
59,27.03 00:00,4.61
59,27.03 01:00,0.0
59,27.03 02:00,0.0
59,27.03 03:00,3.393
59,27.03 04:00,3.488
59,27.03 05:00,3.386
59,27.03 06:00,3.385
59,27.03 07:00,3.415
59,27.03 08:00,7.002
59,27.03 09:00,16.247
59,27.03 10:00,24.835
59,27.03 11:00,22.038
59,27.03 12:00,23.758
59,27.03 13:00,28.053
59,27.03 14:00,27.125
59,27.03 15:00,26.053
59,27.03 16:00,24.997
59,27.03 17:00,18.567
59,27.03 18:00,5.776
59,27.03 19:00,6.024
59,27.03 20:00,6.479
59,27.03 21:00,6.615
59,27.03 22:00,6.72
59,27.03 23:00,6.371
59,28.03 00:00,4.684
59,28.03 01:00,5.914
59,28.03 02:00,5.807
59,28.03 03:00,5.918
59,28.03 04:00,5.772
59,28.03 05:00,5.808
59,28.03 06:00,5.794
59,28.03 07:00,5.792
59,28.03 08:00,7.976
59,28.03 09:00,25.397
59,28.03 10:00,28.023
59,28.03 11:00,27.775
59,28.03 12:00,27.633
59,28.03 13:00,26.591
59,28.03 14:00,27.268
59,28.03 15:00,18.249
59,28.03 16:00,6.473
59,28.03 17:00,6.687
59,28.03 18:00,6.901
59,28.03 19:00,7.194
59,28.03 20:00,7.721
59,28.03 21:00,6.127
59,28.03 22:00,4.893
59,28.03 23:00,4.42
59,29.03 00:00,3.389
59,29.03 01:00,3.492
59,29.03 02:00,3.598
59,29.03 03:00,3.399
59,29.03 04:00,3.491
59,29.03 05:00,3.493
59,29.03 06:00,3.514
59,29.03 07:00,4.18
59,29.03 08:00,4.603
59,29.03 09:00,14.632
59,29.03 10:00,20.186
59,29.03 11:00,21.442
59,29.03 12:00,21.021
59,29.03 13:00,20.201
59,29.03 14:00,21.148
59,29.03 15:00,20.082
59,29.03 16:00,20.272
59,29.03 17:00,27.86
59,29.03 18:00,28.618
59,29.03 19:00,27.929
59,29.03 20:00,30.797
59,29.03 21:00,31.575
59,29.03 22:00,28.872
59,29.03 23:00,13.34
59,30.03 00:00,3.316
59,30.03 01:00,3.413
59,30.03 02:00,4.109
59,30.03 03:00,4.307
59,30.03 04:00,4.184
59,30.03 05:00,4.296
59,30.03 06:00,3.909
59,30.03 07:00,3.883
59,30.03 08:00,4.3
59,30.03 09:00,14.464
59,30.03 10:00,18.832
59,30.03 11:00,25.288
59,30.03 12:00,26.606
59,30.03 13:00,23.012
59,30.03 14:00,19.646
59,30.03 15:00,17.942
59,30.03 16:00,19.415
59,30.03 17:00,19.933
59,30.03 18:00,25.875
59,30.03 19:00,27.631
59,30.03 20:00,28.09
59,30.03 21:00,27.0
59,30.03 22:00,24.9
59,30.03 23:00,7.709
59,31.03 00:00,3.214
59,31.03 01:00,3.603
59,31.03 02:00,4.7
59,31.03 03:00,5.418
59,31.03 04:00,5.411
59,31.03 05:00,5.375
59,31.03 06:00,5.409
59,31.03 07:00,5.383
59,31.03 08:00,4.895
59,31.03 09:00,11.845
59,31.03 10:00,22.113
59,31.03 11:00,21.1
59,31.03 12:00,23.12
59,31.03 13:00,23.994
59,31.03 14:00,23.813
59,31.03 15:00,20.44
59,31.03 16:00,18.772
59,31.03 17:00,25.981
59,31.03 18:00,22.296
59,31.03 19:00,27.477
59,31.03 20:00,29.139
59,31.03 21:00,28.096
59,31.03 22:00,28.875
59,31.03 23:00,11.319
59,01.04 00:00,3.696
59,01.04 01:00,3.391
59,01.04 02:00,3.193
59,01.04 03:00,3.583
59,01.04 04:00,5.486
59,01.04 05:00,5.295
59,01.04 06:00,5.199
59,01.04 07:00,5.316
59,01.04 08:00,4.818
59,01.04 09:00,14.396
59,01.04 10:00,19.696
59,01.04 11:00,22.3
59,01.04 12:00,28.104
59,01.04 13:00,27.61
59,01.04 14:00,27.919
59,01.04 15:00,28.328
59,01.04 16:00,19.463
59,01.04 17:00,21.88
59,01.04 18:00,21.401
59,01.04 19:00,18.022
59,01.04 20:00,7.109
59,01.04 21:00,6.476
59,01.04 22:00,5.277
59,01.04 23:00,4.584
59,02.04 00:00,4.916
59,02.04 01:00,3.996
59,02.04 02:00,3.901
59,02.04 03:00,5.325
59,02.04 04:00,8.168
59,02.04 05:00,4.114
59,02.04 06:00,4.084
59,02.04 07:00,4.104
59,02.04 08:00,5.001
59,02.04 09:00,12.097
59,02.04 10:00,24.918
59,02.04 11:00,27.693
59,02.04 12:00,26.077
59,02.04 13:00,21.944
59,02.04 14:00,22.897
59,02.04 15:00,25.012
59,02.04 16:00,23.209
59,02.04 17:00,19.348
59,02.04 18:00,5.993
59,02.04 19:00,5.718
59,02.04 20:00,5.986
59,02.04 21:00,6.495
59,02.04 22:00,6.631
59,02.04 23:00,6.373
59,03.04 00:00,4.992
59,03.04 01:00,5.896
59,03.04 02:00,5.726
59,03.04 03:00,5.809
59,03.04 04:00,5.879
59,03.04 05:00,5.911
59,03.04 06:00,5.888
59,03.04 07:00,5.905
59,03.04 08:00,6.813
59,03.04 09:00,16.109
59,03.04 10:00,26.912
59,03.04 11:00,22.893
59,03.04 12:00,21.702
59,03.04 13:00,20.594
59,03.04 14:00,26.972
59,03.04 15:00,29.833
59,03.04 16:00,22.099
59,03.04 17:00,16.735
59,03.04 18:00,4.698
59,03.04 19:00,4.309
59,03.04 20:00,4.491
59,03.04 21:00,4.99
59,03.04 22:00,5.204
59,03.04 23:00,4.914
59,04.04 00:00,4.09
59,04.04 01:00,4.197
59,04.04 02:00,4.217
59,04.04 03:00,4.207
59,04.04 04:00,4.192
59,04.04 05:00,4.203
59,04.04 06:00,4.133
59,04.04 07:00,4.187
59,04.04 08:00,5.678
59,04.04 09:00,16.565
59,04.04 10:00,18.362
59,04.04 11:00,23.09
59,04.04 12:00,25.43
59,04.04 13:00,26.896
59,04.04 14:00,28.869
59,04.04 15:00,28.187
59,04.04 16:00,24.995
59,04.04 17:00,19.439
59,04.04 18:00,19.854
59,04.04 19:00,21.868
59,04.04 20:00,28.045
59,04.04 21:00,24.928
59,04.04 22:00,23.684
59,04.04 23:00,7.502
59,05.04 00:00,3.999
59,05.04 01:00,3.904
59,05.04 02:00,3.99
59,05.04 03:00,4.007
59,05.04 04:00,3.914
59,05.04 05:00,3.998
59,05.04 06:00,3.907
59,05.04 07:00,3.993
59,05.04 08:00,4.99
59,05.04 09:00,14.951
59,05.04 10:00,18.886
59,05.04 11:00,22.038
59,05.04 12:00,21.324
59,05.04 13:00,20.613
59,05.04 14:00,20.638
59,05.04 15:00,20.054
59,05.04 16:00,18.462
59,05.04 17:00,24.316
59,05.04 18:00,23.257
59,05.04 19:00,27.672
59,05.04 20:00,28.817
59,05.04 21:00,30.662
59,05.04 22:00,29.157
59,05.04 23:00,13.59
59,06.04 00:00,4.001
59,06.04 01:00,3.783
59,06.04 02:00,3.797
59,06.04 03:00,3.803
59,06.04 04:00,3.798
59,06.04 05:00,3.981
59,06.04 06:00,4.019
59,06.04 07:00,4.014
59,06.04 08:00,4.908
59,06.04 09:00,15.138
59,06.04 10:00,20.869
59,06.04 11:00,26.809
59,06.04 12:00,26.983
59,06.04 13:00,26.801
59,06.04 14:00,26.8
59,06.04 15:00,25.712
59,06.04 16:00,26.258
59,06.04 17:00,25.866
59,06.04 18:00,27.261
59,06.04 19:00,30.378
59,06.04 20:00,31.747
59,06.04 21:00,29.006
59,06.04 22:00,24.639
59,06.04 23:00,8.222
59,07.04 00:00,3.783
59,07.04 01:00,4.113
59,07.04 02:00,4.096
59,07.04 03:00,4.119
59,07.04 04:00,4.199
59,07.04 05:00,4.097
59,07.04 06:00,4.112
59,07.04 07:00,4.093
59,07.04 08:00,5.119
59,07.04 09:00,17.735
59,07.04 10:00,24.089
59,07.04 11:00,23.566
59,07.04 12:00,22.884
59,07.04 13:00,21.315
59,07.04 14:00,22.274
59,07.04 15:00,19.14
59,07.04 16:00,17.465
59,07.04 17:00,26.257
59,07.04 18:00,26.735
59,07.04 19:00,28.813
59,07.04 20:00,29.279
59,07.04 21:00,27.34
59,07.04 22:00,23.855
59,07.04 23:00,7.404
59,08.04 00:00,3.404
59,08.04 01:00,3.488
59,08.04 02:00,3.402
59,08.04 03:00,3.399
59,08.04 04:00,3.515
59,08.04 05:00,3.404
59,08.04 06:00,3.408
59,08.04 07:00,3.41
59,08.04 08:00,4.413
59,08.04 09:00,14.554
59,08.04 10:00,17.41
59,08.04 11:00,19.993
59,08.04 12:00,25.645
59,08.04 13:00,26.299
59,08.04 14:00,25.697
59,08.04 15:00,23.216
59,08.04 16:00,22.102
59,08.04 17:00,18.332
59,08.04 18:00,20.909
59,08.04 19:00,17.117
59,08.04 20:00,7.314
59,08.04 21:00,5.593
59,08.04 22:00,4.482
59,08.04 23:00,4.104
59,09.04 00:00,3.697
59,09.04 01:00,3.496
59,09.04 02:00,3.308
59,09.04 03:00,3.405
59,09.04 04:00,3.301
59,09.04 05:00,3.416
59,09.04 06:00,4.403
59,09.04 07:00,4.407
59,09.04 08:00,4.19
59,09.04 09:00,12.044
59,09.04 10:00,18.943
59,09.04 11:00,21.564
59,09.04 12:00,21.342
59,09.04 13:00,17.441
59,09.04 14:00,16.568
59,09.04 15:00,17.147
59,09.04 16:00,15.899
59,09.04 17:00,12.018
59,09.04 18:00,3.697
59,09.04 19:00,3.606
59,09.04 20:00,4.091
59,09.04 21:00,4.58
59,09.04 22:00,4.621
59,09.04 23:00,4.301
59,10.04 00:00,3.398
59,10.04 01:00,3.711
59,10.04 02:00,4.205
59,10.04 03:00,5.125
59,10.04 04:00,5.395
59,10.04 05:00,5.209
59,10.04 06:00,5.704
59,10.04 07:00,5.094
59,10.04 08:00,4.905
59,10.04 09:00,13.589
59,10.04 10:00,24.773
59,10.04 11:00,21.886
59,10.04 12:00,23.717
59,10.04 13:00,25.087
59,10.04 14:00,26.162
59,10.04 15:00,27.307
59,10.04 16:00,25.648
59,10.04 17:00,16.659
59,10.04 18:00,7.796
59,10.04 19:00,3.496
59,10.04 20:00,3.504
59,10.04 21:00,3.993
59,10.04 22:00,3.999
59,10.04 23:00,3.811
59,11.04 00:00,3.291
59,11.04 01:00,3.197
59,11.04 02:00,3.193
59,11.04 03:00,3.214
59,11.04 04:00,3.099
59,11.04 05:00,3.203
59,11.04 06:00,3.216
59,11.04 07:00,3.105
59,11.04 08:00,4.216
59,11.04 09:00,15.437
59,11.04 10:00,21.976
59,11.04 11:00,28.831
59,11.04 12:00,29.037
59,11.04 13:00,29.51
59,11.04 14:00,28.481
59,11.04 15:00,28.265
59,11.04 16:00,21.939
59,11.04 17:00,20.929
59,11.04 18:00,25.838
59,11.04 19:00,27.402
59,11.04 20:00,29.543
59,11.04 21:00,25.211
59,11.04 22:00,18.409
59,11.04 23:00,12.598
59,12.04 00:00,3.589
59,12.04 01:00,3.616
59,12.04 02:00,3.588
59,12.04 03:00,3.591
59,12.04 04:00,3.629
59,12.04 05:00,5.199
59,12.04 06:00,4.418
59,12.04 07:00,4.401
59,12.04 08:00,5.008
59,12.04 09:00,15.573
59,12.04 10:00,21.421
59,12.04 11:00,20.991
59,12.04 12:00,20.311
59,12.04 13:00,18.823
59,12.04 14:00,19.059
59,12.04 15:00,18.383
59,12.04 16:00,18.412
59,12.04 17:00,24.391
59,12.04 18:00,23.695
59,12.04 19:00,26.472
59,12.04 20:00,27.791
59,12.04 21:00,30.319
59,12.04 22:00,25.612
59,12.04 23:00,11.464
59,13.04 00:00,3.396
59,13.04 01:00,3.694
59,13.04 02:00,3.683
59,13.04 03:00,3.598
59,13.04 04:00,3.484
59,13.04 05:00,3.585
59,13.04 06:00,3.7
59,13.04 07:00,3.594
59,13.04 08:00,4.52
59,13.04 09:00,16.61
59,13.04 10:00,21.484
59,13.04 11:00,28.628
59,13.04 12:00,28.474
59,13.04 13:00,27.221
59,13.04 14:00,24.44
59,13.04 15:00,24.071
59,13.04 16:00,25.96
59,13.04 17:00,23.197
59,13.04 18:00,21.562
59,13.04 19:00,22.643
59,13.04 20:00,31.694
59,13.04 21:00,34.541
59,13.04 22:00,29.698
59,13.04 23:00,8.101
59,14.04 00:00,3.3
59,14.04 01:00,3.205
59,14.04 02:00,3.19
59,14.04 03:00,3.207
59,14.04 04:00,3.196
59,14.04 05:00,3.202
59,14.04 06:00,3.3
59,14.04 07:00,3.205
59,14.04 08:00,4.22
59,14.04 09:00,13.784
59,14.04 10:00,22.827
59,14.04 11:00,24.453
59,14.04 12:00,20.983
59,14.04 13:00,20.838
59,14.04 14:00,20.727
59,14.04 15:00,17.913
59,14.04 16:00,18.145
59,14.04 17:00,24.083
59,14.04 18:00,26.77
59,14.04 19:00,28.71
59,14.04 20:00,28.678
59,14.04 21:00,28.165
59,14.04 22:00,21.297
59,14.04 23:00,7.366
59,15.04 00:00,3.602
59,15.04 01:00,3.395
59,15.04 02:00,3.39
59,15.04 03:00,3.3
59,15.04 04:00,3.312
59,15.04 05:00,3.196
59,15.04 06:00,3.384
59,15.04 07:00,3.193
59,15.04 08:00,4.39
59,15.04 09:00,13.242
59,15.04 10:00,18.433
59,15.04 11:00,20.247
59,15.04 12:00,20.738
59,15.04 13:00,20.964
59,15.04 14:00,21.622
59,15.04 15:00,19.6
59,15.04 16:00,19.173
59,15.04 17:00,21.892
59,15.04 18:00,23.082
59,15.04 19:00,21.095
59,15.04 20:00,6.624
59,15.04 21:00,6.083
59,15.04 22:00,4.98
59,15.04 23:00,4.502
59,16.04 00:00,3.591
59,16.04 01:00,3.79
59,16.04 02:00,3.696
59,16.04 03:00,3.781
59,16.04 04:00,3.687
59,16.04 05:00,3.817
59,16.04 06:00,3.716
59,16.04 07:00,3.585
59,16.04 08:00,5.198
59,16.04 09:00,15.67
59,16.04 10:00,21.071
59,16.04 11:00,24.522
59,16.04 12:00,22.248
59,16.04 13:00,20.54
59,16.04 14:00,20.329
59,16.04 15:00,23.835
59,16.04 16:00,20.642
59,16.04 17:00,15.776
59,16.04 18:00,4.71
59,16.04 19:00,3.288
59,16.04 20:00,3.79
59,16.04 21:00,4.301
59,16.04 22:00,4.32
59,16.04 23:00,4.004
59,17.04 00:00,3.616
59,17.04 01:00,4.204
59,17.04 02:00,5.502
59,17.04 03:00,5.415
59,17.04 04:00,5.378
59,17.04 05:00,5.407
59,17.04 06:00,5.474
59,17.04 07:00,4.71
59,17.04 08:00,4.712
59,17.04 09:00,12.085
59,17.04 10:00,20.73
59,17.04 11:00,21.446
59,17.04 12:00,23.447
59,17.04 13:00,29.307
59,17.04 14:00,29.677
59,17.04 15:00,29.071
59,17.04 16:00,25.9
59,17.04 17:00,15.336
59,17.04 18:00,3.951
59,17.04 19:00,3.917
59,17.04 20:00,4.217
59,17.04 21:00,4.592
59,17.04 22:00,4.584
59,17.04 23:00,4.383
59,18.04 00:00,3.784
59,18.04 01:00,3.882
59,18.04 02:00,3.802
59,18.04 03:00,4.516
59,18.04 04:00,5.22
59,18.04 05:00,5.656
59,18.04 06:00,5.778
59,18.04 07:00,5.221
59,18.04 08:00,5.08
59,18.04 09:00,17.155
59,18.04 10:00,22.021
59,18.04 11:00,28.46
59,18.04 12:00,31.505
59,18.04 13:00,29.368
59,18.04 14:00,29.524
59,18.04 15:00,24.762
59,18.04 16:00,19.919
59,18.04 17:00,20.686
59,18.04 18:00,23.059
59,18.04 19:00,25.157
59,18.04 20:00,31.0
59,18.04 21:00,29.37
59,18.04 22:00,25.635
59,18.04 23:00,9.851
59,19.04 00:00,3.486
59,19.04 01:00,3.587
59,19.04 02:00,3.499
59,19.04 03:00,3.604
59,19.04 04:00,3.6
59,19.04 05:00,3.503
59,19.04 06:00,3.483
59,19.04 07:00,3.616
59,19.04 08:00,5.521
59,19.04 09:00,16.525
59,19.04 10:00,20.898
59,19.04 11:00,20.85
59,19.04 12:00,22.135
59,19.04 13:00,26.668
59,19.04 14:00,26.888
59,19.04 15:00,23.838
59,19.04 16:00,20.113
59,19.04 17:00,26.741
59,19.04 18:00,27.009
59,19.04 19:00,30.057
59,19.04 20:00,30.405
59,19.04 21:00,32.047
59,19.04 22:00,31.273
59,19.04 23:00,13.559
59,20.04 00:00,3.509
59,20.04 01:00,3.514
59,20.04 02:00,3.383
59,20.04 03:00,3.501
59,20.04 04:00,3.404
59,20.04 05:00,3.491
59,20.04 06:00,3.517
59,20.04 07:00,3.315
59,20.04 08:00,4.707
59,20.04 09:00,18.044
59,20.04 10:00,19.105
59,20.04 11:00,19.379
59,20.04 12:00,21.124
59,20.04 13:00,27.778
59,20.04 14:00,27.336
59,20.04 15:00,22.185
59,20.04 16:00,22.361
59,20.04 17:00,24.731
59,20.04 18:00,28.578
59,20.04 19:00,23.842
59,20.04 20:00,24.87
59,20.04 21:00,28.857
59,20.04 22:00,22.346
59,20.04 23:00,9.856
59,21.04 00:00,3.909
59,21.04 01:00,3.593
59,21.04 02:00,3.598
59,21.04 03:00,3.615
59,21.04 04:00,3.498
59,21.04 05:00,3.408
59,21.04 06:00,3.596
59,21.04 07:00,3.497
59,21.04 08:00,4.382
59,21.04 09:00,7.504
59,21.04 10:00,20.894
59,21.04 11:00,22.407
59,21.04 12:00,21.115
59,21.04 13:00,21.229
59,21.04 14:00,21.627
59,21.04 15:00,19.623
59,21.04 16:00,22.09
59,21.04 17:00,31.683
59,21.04 18:00,32.272
59,21.04 19:00,32.539
59,21.04 20:00,34.142
59,21.04 21:00,29.806
59,21.04 22:00,22.682
59,21.04 23:00,9.417
59,22.04 00:00,3.999
59,22.04 01:00,4.215
59,22.04 02:00,4.159
59,22.04 03:00,4.302
59,22.04 04:00,4.11
59,22.04 05:00,4.113
59,22.04 06:00,4.2
59,22.04 07:00,4.211
59,22.04 08:00,4.977
59,22.04 09:00,15.407
59,22.04 10:00,17.608
59,22.04 11:00,20.103
59,22.04 12:00,24.578
59,22.04 13:00,29.725
59,22.04 14:00,27.605
59,22.04 15:00,28.472
59,22.04 16:00,29.49
59,22.04 17:00,27.972
59,22.04 18:00,24.494
59,22.04 19:00,19.027
59,22.04 20:00,6.788
59,22.04 21:00,6.078
59,22.04 22:00,5.196
59,22.04 23:00,4.385
59,23.04 00:00,3.782
59,23.04 01:00,3.51
59,23.04 02:00,3.589
59,23.04 03:00,3.488
59,23.04 04:00,3.608
59,23.04 05:00,3.582
59,23.04 06:00,4.496
59,23.04 07:00,4.014
59,23.04 08:00,4.39
59,23.04 09:00,12.356
59,23.04 10:00,23.61
59,23.04 11:00,27.218
59,23.04 12:00,23.828
59,23.04 13:00,24.898
59,23.04 14:00,26.063
59,23.04 15:00,25.572
59,23.04 16:00,20.98
59,23.04 17:00,16.249
59,23.04 18:00,4.113
59,23.04 19:00,3.913
59,23.04 20:00,4.294
59,23.04 21:00,4.677
59,23.04 22:00,4.776
59,23.04 23:00,4.719
59,24.04 00:00,3.8
59,24.04 01:00,4.019
59,24.04 02:00,4.017
59,24.04 03:00,4.002
59,24.04 04:00,4.082
59,24.04 05:00,4.206
59,24.04 06:00,3.985
59,24.04 07:00,3.886
59,24.04 08:00,5.105
59,24.04 09:00,12.265
59,24.04 10:00,24.811
59,24.04 11:00,28.185
59,24.04 12:00,28.995
59,24.04 13:00,32.686
59,24.04 14:00,33.26
59,24.04 15:00,32.837
59,24.04 16:00,27.154
59,24.04 17:00,20.361
59,24.04 18:00,3.894
59,24.04 19:00,3.393
59,24.04 20:00,3.801
59,24.04 21:00,4.4
59,24.04 22:00,4.285
59,24.04 23:00,4.114
59,25.04 00:00,3.51
59,25.04 01:00,3.707
59,25.04 02:00,3.598
59,25.04 03:00,3.508
59,25.04 04:00,3.613
59,25.04 05:00,3.502
59,25.04 06:00,3.513
59,25.04 07:00,3.492
59,25.04 08:00,6.183
59,25.04 09:00,23.734
59,25.04 10:00,27.655
59,25.04 11:00,26.85
59,25.04 12:00,28.199
59,25.04 13:00,24.307
59,25.04 14:00,26.414
59,25.04 15:00,30.413
59,25.04 16:00,29.827
59,25.04 17:00,28.784
59,25.04 18:00,21.58
59,25.04 19:00,23.697
59,25.04 20:00,29.093
59,25.04 21:00,25.94
59,25.04 22:00,25.589
59,25.04 23:00,10.508
59,26.04 00:00,3.703
59,26.04 01:00,3.412
59,26.04 02:00,3.409
59,26.04 03:00,3.497
59,26.04 04:00,3.415
59,26.04 05:00,3.413
59,26.04 06:00,5.182
59,26.04 07:00,4.014
59,26.04 08:00,6.276
59,26.04 09:00,18.119
59,26.04 10:00,19.507
59,26.04 11:00,21.345
59,26.04 12:00,19.749
59,26.04 13:00,18.135
59,26.04 14:00,22.475
59,26.04 15:00,26.741
59,26.04 16:00,26.815
59,26.04 17:00,28.083
59,26.04 18:00,30.727
59,26.04 19:00,29.642
59,26.04 20:00,29.943
59,26.04 21:00,29.657
59,26.04 22:00,27.316
59,26.04 23:00,16.034
59,27.04 00:00,3.613
59,27.04 01:00,4.615
59,27.04 02:00,5.395
59,27.04 03:00,5.473
59,27.04 04:00,5.397
59,27.04 05:00,5.418
59,27.04 06:00,5.488
59,27.04 07:00,4.119
59,27.04 08:00,4.511
59,27.04 09:00,14.251
59,27.04 10:00,17.341
59,27.04 11:00,26.456
59,27.04 12:00,28.015
59,27.04 13:00,28.752
59,27.04 14:00,28.236
59,27.04 15:00,24.762
59,27.04 16:00,24.119
59,27.04 17:00,27.056
59,27.04 18:00,28.844
59,27.04 19:00,31.795
59,27.04 20:00,30.317
59,27.04 21:00,28.554
59,27.04 22:00,24.455
59,27.04 23:00,8.471
59,28.04 00:00,4.103
59,28.04 01:00,5.524
59,28.04 02:00,5.59
59,28.04 03:00,5.509
59,28.04 04:00,5.665
59,28.04 05:00,5.585
59,28.04 06:00,6.198
59,28.04 07:00,6.13
59,28.04 08:00,6.123
59,28.04 09:00,17.177
59,28.04 10:00,25.459
59,28.04 11:00,24.719
59,28.04 12:00,25.315
59,28.04 13:00,22.496
59,28.04 14:00,21.864
59,28.04 15:00,22.724
59,28.04 16:00,25.951
59,28.04 17:00,26.533
59,28.04 18:00,28.178
59,28.04 19:00,29.188
59,28.04 20:00,31.121
59,28.04 21:00,29.413
59,28.04 22:00,23.637
59,28.04 23:00,7.621
59,29.04 00:00,3.406
59,29.04 01:00,3.385
59,29.04 02:00,3.593
59,29.04 03:00,3.416
59,29.04 04:00,3.916
59,29.04 05:00,4.209
59,29.04 06:00,3.416
59,29.04 07:00,3.31
59,29.04 08:00,4.522
59,29.04 09:00,13.459
59,29.04 10:00,19.67
59,29.04 11:00,20.096
59,29.04 12:00,23.403
59,29.04 13:00,27.546
59,29.04 14:00,29.647
59,29.04 15:00,23.785
59,29.04 16:00,20.874
59,29.04 17:00,21.446
59,29.04 18:00,21.535
59,29.04 19:00,19.21
59,29.04 20:00,6.312
59,29.04 21:00,5.581
59,29.04 22:00,4.493
59,29.04 23:00,4.005
59,30.04 00:00,3.415
59,30.04 01:00,3.505
59,30.04 02:00,4.292
59,30.04 03:00,5.111
59,30.04 04:00,5.392
59,30.04 05:00,5.485
59,30.04 06:00,5.427
59,30.04 07:00,3.994
59,30.04 08:00,4.994
59,30.04 09:00,15.493
59,30.04 10:00,20.185
59,30.04 11:00,22.831
59,30.04 12:00,27.127
59,30.04 13:00,27.488
59,30.04 14:00,29.041
59,30.04 15:00,31.944
59,30.04 16:00,28.828
59,30.04 17:00,18.507
59,30.04 18:00,3.484
59,30.04 19:00,3.2
59,30.04 20:00,3.803
59,30.04 21:00,4.213
59,30.04 22:00,4.106
59,30.04 23:00,3.9
59,01.05 00:00,3.291
59,01.05 01:00,3.414
59,01.05 02:00,3.4
59,01.05 03:00,3.286
59,01.05 04:00,3.294
59,01.05 05:00,3.511
59,01.05 06:00,4.291
59,01.05 07:00,3.704
59,01.05 08:00,4.501
59,01.05 09:00,13.324
59,01.05 10:00,24.999
59,01.05 11:00,28.82
59,01.05 12:00,30.694
59,01.05 13:00,30.546
59,01.05 14:00,29.644
59,01.05 15:00,29.481
59,01.05 16:00,26.679
59,01.05 17:00,17.535
59,01.05 18:00,3.199
59,01.05 19:00,3.193
59,01.05 20:00,3.49
59,01.05 21:00,3.991
59,01.05 22:00,4.095
59,01.05 23:00,3.785
59,02.05 00:00,3.213
59,02.05 01:00,3.315
59,02.05 02:00,3.085
59,02.05 03:00,3.195
59,02.05 04:00,3.186
59,02.05 05:00,3.306
59,02.05 06:00,3.186
59,02.05 07:00,3.111
59,02.05 08:00,4.193
59,02.05 09:00,4.213
59,02.05 10:00,4.196
59,02.05 11:00,7.22
59,02.05 12:00,6.866
59,02.05 13:00,6.223
59,02.05 14:00,6.41
59,02.05 15:00,6.411
59,02.05 16:00,6.27
59,02.05 17:00,6.295
59,02.05 18:00,6.43
59,02.05 19:00,6.414
59,02.05 20:00,6.986
59,02.05 21:00,5.877
59,02.05 22:00,4.815
59,02.05 23:00,4.18
59,03.05 00:00,3.296
59,03.05 01:00,3.203
59,03.05 02:00,3.214
59,03.05 03:00,3.41
59,03.05 04:00,3.195
59,03.05 05:00,3.285
59,03.05 06:00,3.889
59,03.05 07:00,3.199
59,03.05 08:00,5.106
59,03.05 09:00,16.144
59,03.05 10:00,20.015
59,03.05 11:00,21.819
59,03.05 12:00,20.732
59,03.05 13:00,19.416
59,03.05 14:00,20.548
59,03.05 15:00,20.186
59,03.05 16:00,19.596
59,03.05 17:00,26.806
59,03.05 18:00,28.277
59,03.05 19:00,30.093
59,03.05 20:00,29.741
59,03.05 21:00,29.894
59,03.05 22:00,30.314
59,03.05 23:00,12.765
59,04.05 00:00,3.313
59,04.05 01:00,3.411
59,04.05 02:00,3.389
59,04.05 03:00,3.411
59,04.05 04:00,3.409
59,04.05 05:00,3.404
59,04.05 06:00,3.416
59,04.05 07:00,3.39
59,04.05 08:00,5.774
59,04.05 09:00,16.444
59,04.05 10:00,18.477
59,04.05 11:00,27.056
59,04.05 12:00,27.527
59,04.05 13:00,27.413
59,04.05 14:00,27.705
59,04.05 15:00,25.213
59,04.05 16:00,19.383
59,04.05 17:00,19.011
59,04.05 18:00,20.724
59,04.05 19:00,20.717
59,04.05 20:00,20.367
59,04.05 21:00,25.781
59,04.05 22:00,23.49
59,04.05 23:00,9.744
59,05.05 00:00,3.298
59,05.05 01:00,3.187
59,05.05 02:00,3.194
59,05.05 03:00,3.199
59,05.05 04:00,3.193
59,05.05 05:00,3.209
59,05.05 06:00,3.095
59,05.05 07:00,3.185
59,05.05 08:00,8.003
59,05.05 09:00,22.162
59,05.05 10:00,28.442
59,05.05 11:00,24.506
59,05.05 12:00,19.023
59,05.05 13:00,18.591
59,05.05 14:00,18.469
59,05.05 15:00,17.255
59,05.05 16:00,17.673
59,05.05 17:00,26.579
59,05.05 18:00,29.211
59,05.05 19:00,28.036
59,05.05 20:00,31.084
59,05.05 21:00,29.604
59,05.05 22:00,25.051
59,05.05 23:00,8.378
59,06.05 00:00,3.406
59,06.05 01:00,3.385
59,06.05 02:00,3.506
59,06.05 03:00,3.503
59,06.05 04:00,3.299
59,06.05 05:00,3.49
59,06.05 06:00,3.512
59,06.05 07:00,3.501
59,06.05 08:00,4.418
59,06.05 09:00,16.144
59,06.05 10:00,19.337
59,06.05 11:00,19.443
59,06.05 12:00,20.827
59,06.05 13:00,21.872
59,06.05 14:00,22.454
59,06.05 15:00,21.086
59,06.05 16:00,20.396
59,06.05 17:00,21.153
59,06.05 18:00,21.729
59,06.05 19:00,19.009
59,06.05 20:00,6.477
59,06.05 21:00,5.703
59,06.05 22:00,4.503
59,06.05 23:00,3.891
59,07.05 00:00,3.41
59,07.05 01:00,3.508
59,07.05 02:00,3.399
59,07.05 03:00,3.491
59,07.05 04:00,3.414
59,07.05 05:00,3.494
59,07.05 06:00,3.409
59,07.05 07:00,3.297
59,07.05 08:00,4.507
59,07.05 09:00,12.063
59,07.05 10:00,19.518
59,07.05 11:00,23.81
59,07.05 12:00,24.503
59,07.05 13:00,20.053
59,07.05 14:00,26.662
59,07.05 15:00,26.891
59,07.05 16:00,23.728
59,07.05 17:00,14.464
59,07.05 18:00,3.596
59,07.05 19:00,3.402
59,07.05 20:00,3.816
59,07.05 21:00,4.099
59,07.05 22:00,4.172
59,07.05 23:00,3.81
59,08.05 00:00,3.511
59,08.05 01:00,3.386
59,08.05 02:00,3.417
59,08.05 03:00,3.396
59,08.05 04:00,3.393
59,08.05 05:00,3.398
59,08.05 06:00,3.4
59,08.05 07:00,3.301
59,08.05 08:00,3.514
59,08.05 09:00,13.622
59,08.05 10:00,28.463
59,08.05 11:00,27.012
59,08.05 12:00,25.027
59,08.05 13:00,31.753
59,08.05 14:00,30.449
59,08.05 15:00,34.829
59,08.05 16:00,32.157
59,08.05 17:00,17.565
59,08.05 18:00,3.898
59,08.05 19:00,3.489
59,08.05 20:00,3.914
59,08.05 21:00,4.386
59,08.05 22:00,4.394
59,08.05 23:00,4.086
59,09.05 00:00,3.682
59,09.05 01:00,3.607
59,09.05 02:00,3.683
59,09.05 03:00,3.516
59,09.05 04:00,3.506
59,09.05 05:00,3.504
59,09.05 06:00,3.593
59,09.05 07:00,3.387
59,09.05 08:00,3.995
59,09.05 09:00,15.935
59,09.05 10:00,19.778
59,09.05 11:00,22.943
59,09.05 12:00,27.941
59,09.05 13:00,29.368
59,09.05 14:00,23.954
59,09.05 15:00,22.785
59,09.05 16:00,21.053
59,09.05 17:00,19.721
59,09.05 18:00,21.711
59,09.05 19:00,31.677
59,09.05 20:00,32.095
59,09.05 21:00,29.385
59,09.05 22:00,30.15
59,09.05 23:00,11.136
59,10.05 00:00,3.487
59,10.05 01:00,3.406
59,10.05 02:00,3.399
59,10.05 03:00,3.389
59,10.05 04:00,3.509
59,10.05 05:00,3.413
59,10.05 06:00,3.506
59,10.05 07:00,3.403
59,10.05 08:00,7.3
59,10.05 09:00,16.918
59,10.05 10:00,26.862
59,10.05 11:00,24.648
59,10.05 12:00,23.348
59,10.05 13:00,19.056
59,10.05 14:00,19.979
59,10.05 15:00,18.281
59,10.05 16:00,17.968
59,10.05 17:00,26.416
59,10.05 18:00,25.05
59,10.05 19:00,28.584
59,10.05 20:00,29.492
59,10.05 21:00,31.43
59,10.05 22:00,28.41
59,10.05 23:00,14.922
59,11.05 00:00,3.487
59,11.05 01:00,3.613
59,11.05 02:00,3.615
59,11.05 03:00,3.607
59,11.05 04:00,3.61
59,11.05 05:00,3.6
59,11.05 06:00,3.698
59,11.05 07:00,3.485
59,11.05 08:00,3.695
59,11.05 09:00,17.25
59,11.05 10:00,19.781
59,11.05 11:00,27.975
59,11.05 12:00,27.711
59,11.05 13:00,28.977
59,11.05 14:00,29.538
59,11.05 15:00,29.746
59,11.05 16:00,21.091
59,11.05 17:00,25.034
59,11.05 18:00,29.569
59,11.05 19:00,30.368
59,11.05 20:00,30.366
59,11.05 21:00,31.456
59,11.05 22:00,27.856
59,11.05 23:00,9.257
59,12.05 00:00,3.598
59,12.05 01:00,3.585
59,12.05 02:00,3.508
59,12.05 03:00,3.607
59,12.05 04:00,3.411
59,12.05 05:00,3.494
59,12.05 06:00,3.501
59,12.05 07:00,3.511
59,12.05 08:00,3.499
59,12.05 09:00,15.932
59,12.05 10:00,23.139
59,12.05 11:00,22.072
59,12.05 12:00,19.037
59,12.05 13:00,17.687
59,12.05 14:00,17.686
59,12.05 15:00,17.625
59,12.05 16:00,18.583
59,12.05 17:00,27.235
59,12.05 18:00,28.341
59,12.05 19:00,30.628
59,12.05 20:00,35.424
59,12.05 21:00,31.782
59,12.05 22:00,32.737
59,12.05 23:00,8.089
59,13.05 00:00,3.584
59,13.05 01:00,3.611
59,13.05 02:00,3.605
59,13.05 03:00,3.512
59,13.05 04:00,3.587
59,13.05 05:00,3.716
59,13.05 06:00,3.598
59,13.05 07:00,3.509
59,13.05 08:00,3.692
59,13.05 09:00,15.529
59,13.05 10:00,18.637
59,13.05 11:00,19.118
59,13.05 12:00,21.878
59,13.05 13:00,20.739
59,13.05 14:00,22.888
59,13.05 15:00,24.177
59,13.05 16:00,21.651
59,13.05 17:00,21.127
59,13.05 18:00,21.564
59,13.05 19:00,20.41
59,13.05 20:00,6.199
59,13.05 21:00,5.706
59,13.05 22:00,4.913
59,13.05 23:00,4.103
59,14.05 00:00,3.413
59,14.05 01:00,3.508
59,14.05 02:00,3.416
59,14.05 03:00,3.504
59,14.05 04:00,3.492
59,14.05 05:00,3.397
59,14.05 06:00,3.395
59,14.05 07:00,3.386
59,14.05 08:00,3.532
59,14.05 09:00,12.417
59,14.05 10:00,20.26
59,14.05 11:00,24.495
59,14.05 12:00,20.485
59,14.05 13:00,24.701
59,14.05 14:00,25.045
59,14.05 15:00,24.097
59,14.05 16:00,23.184
59,14.05 17:00,17.557
59,14.05 18:00,3.717
59,14.05 19:00,3.311
59,14.05 20:00,3.414
59,14.05 21:00,3.715
59,14.05 22:00,4.206
59,14.05 23:00,3.991
59,15.05 00:00,3.496
59,15.05 01:00,3.41
59,15.05 02:00,3.416
59,15.05 03:00,3.391
59,15.05 04:00,3.414
59,15.05 05:00,3.413
59,15.05 06:00,3.396
59,15.05 07:00,3.506
59,15.05 08:00,3.485
59,15.05 09:00,11.667
59,15.05 10:00,25.997
59,15.05 11:00,27.408
59,15.05 12:00,27.602
59,15.05 13:00,27.915
59,15.05 14:00,27.769
59,15.05 15:00,27.456
59,15.05 16:00,21.557
59,15.05 17:00,11.823
59,15.05 18:00,9.634
59,15.05 19:00,5.397
59,15.05 20:00,3.41
59,15.05 21:00,3.793
59,15.05 22:00,4.188
59,15.05 23:00,3.986
59,16.05 00:00,3.507
59,16.05 01:00,3.396
59,16.05 02:00,3.314
59,16.05 03:00,3.514
59,16.05 04:00,3.515
59,16.05 05:00,3.389
59,16.05 06:00,3.301
59,16.05 07:00,3.391
59,16.05 08:00,3.591
59,16.05 09:00,8.581
59,16.05 10:00,19.74
59,16.05 11:00,26.33
59,16.05 12:00,28.254
59,16.05 13:00,27.96
59,16.05 14:00,26.722
59,16.05 15:00,22.795
59,16.05 16:00,16.933
59,16.05 17:00,16.639
59,16.05 18:00,18.464
59,16.05 19:00,22.945
59,16.05 20:00,27.283
59,16.05 21:00,22.965
59,16.05 22:00,24.381
59,16.05 23:00,7.622
59,17.05 00:00,3.515
59,17.05 01:00,3.488
59,17.05 02:00,3.51
59,17.05 03:00,3.585
59,17.05 04:00,3.495
59,17.05 05:00,3.608
59,17.05 06:00,3.388
59,17.05 07:00,3.608
59,17.05 08:00,6.302
59,17.05 09:00,15.842
59,17.05 10:00,19.86
59,17.05 11:00,21.882
59,17.05 12:00,26.651
59,17.05 13:00,25.034
59,17.05 14:00,18.771
59,17.05 15:00,18.341
59,17.05 16:00,23.748
59,17.05 17:00,26.507
59,17.05 18:00,28.891
59,17.05 19:00,30.163
59,17.05 20:00,30.107
59,17.05 21:00,31.866
59,17.05 22:00,28.065
59,17.05 23:00,13.027
59,18.05 00:00,3.41
59,18.05 01:00,3.399
59,18.05 02:00,3.405
59,18.05 03:00,3.387
59,18.05 04:00,3.512
59,18.05 05:00,3.314
59,18.05 06:00,3.404
59,18.05 07:00,3.304
59,18.05 08:00,3.4
59,18.05 09:00,14.582
59,18.05 10:00,17.889
59,18.05 11:00,22.228
59,18.05 12:00,22.232
59,18.05 13:00,27.319
59,18.05 14:00,28.003
59,18.05 15:00,21.868
59,18.05 16:00,27.2
59,18.05 17:00,27.497
59,18.05 18:00,27.709
59,18.05 19:00,28.861
59,18.05 20:00,28.406
59,18.05 21:00,27.653
59,18.05 22:00,24.95
59,18.05 23:00,10.607
59,19.05 00:00,3.315
59,19.05 01:00,3.411
59,19.05 02:00,3.383
59,19.05 03:00,3.396
59,19.05 04:00,3.295
59,19.05 05:00,3.393
59,19.05 06:00,3.204
59,19.05 07:00,3.385
59,19.05 08:00,3.483
59,19.05 09:00,10.604
59,19.05 10:00,18.295
59,19.05 11:00,20.197
59,19.05 12:00,19.937
59,19.05 13:00,18.047
59,19.05 14:00,18.101
59,19.05 15:00,18.079
59,19.05 16:00,24.91
59,19.05 17:00,26.997
59,19.05 18:00,28.761
59,19.05 19:00,30.554
59,19.05 20:00,30.278
59,19.05 21:00,28.661
59,19.05 22:00,25.432
59,19.05 23:00,9.633
59,20.05 00:00,3.395
59,20.05 01:00,3.486
59,20.05 02:00,3.401
59,20.05 03:00,3.302
59,20.05 04:00,3.404
59,20.05 05:00,3.294
59,20.05 06:00,3.195
59,20.05 07:00,3.417
59,20.05 08:00,3.413
59,20.05 09:00,14.616
59,20.05 10:00,19.499
59,20.05 11:00,19.862
59,20.05 12:00,21.401
59,20.05 13:00,21.117
59,20.05 14:00,21.679
59,20.05 15:00,20.968
59,20.05 16:00,19.815
59,20.05 17:00,19.024
59,20.05 18:00,20.298
59,20.05 19:00,18.036
59,20.05 20:00,5.817
59,20.05 21:00,5.2
59,20.05 22:00,4.615
59,20.05 23:00,3.91
59,21.05 00:00,3.498
59,21.05 01:00,3.617
59,21.05 02:00,3.494
59,21.05 03:00,3.404
59,21.05 04:00,3.401
59,21.05 05:00,3.413
59,21.05 06:00,3.492
59,21.05 07:00,3.397
59,21.05 08:00,3.516
59,21.05 09:00,10.339
59,21.05 10:00,17.146
59,21.05 11:00,18.979
59,21.05 12:00,18.816
59,21.05 13:00,18.458
59,21.05 14:00,18.395
59,21.05 15:00,17.913
59,21.05 16:00,17.142
59,21.05 17:00,10.505
59,21.05 18:00,3.398
59,21.05 19:00,3.202
59,21.05 20:00,3.311
59,21.05 21:00,3.716
59,21.05 22:00,4.112
59,21.05 23:00,3.89
59,22.05 00:00,4.0
59,22.05 01:00,3.399
59,22.05 02:00,3.402
59,22.05 03:00,3.485
59,22.05 04:00,3.187
59,22.05 05:00,3.294
59,22.05 06:00,3.15
59,22.05 07:00,3.395
59,22.05 08:00,3.395
59,22.05 09:00,13.331
59,22.05 10:00,17.504
59,22.05 11:00,23.741
59,22.05 12:00,29.583
59,22.05 13:00,28.315
59,22.05 14:00,26.72
59,22.05 15:00,24.937
59,22.05 16:00,20.782
59,22.05 17:00,13.999
59,22.05 18:00,7.689
59,22.05 19:00,5.285
59,22.05 20:00,4.816
59,22.05 21:00,4.991
59,22.05 22:00,5.486
59,22.05 23:00,5.309
59,23.05 00:00,4.102
59,23.05 01:00,4.719
59,23.05 02:00,4.723
59,23.05 03:00,4.596
59,23.05 04:00,4.711
59,23.05 05:00,4.811
59,23.05 06:00,4.58
59,23.05 07:00,4.713
59,23.05 08:00,4.92
59,23.05 09:00,15.761
59,23.05 10:00,19.019
59,23.05 11:00,24.618
59,23.05 12:00,26.617
59,23.05 13:00,30.78
59,23.05 14:00,30.208
59,23.05 15:00,29.541
59,23.05 16:00,28.982
59,23.05 17:00,26.904
59,23.05 18:00,18.118
59,23.05 19:00,22.83
59,23.05 20:00,29.445
59,23.05 21:00,25.18
59,23.05 22:00,27.272
59,23.05 23:00,11.203
59,24.05 00:00,3.284
59,24.05 01:00,3.392
59,24.05 02:00,3.488
59,24.05 03:00,3.415
59,24.05 04:00,3.313
59,24.05 05:00,3.298
59,24.05 06:00,3.387
59,24.05 07:00,3.413
59,24.05 08:00,5.789
59,24.05 09:00,17.158
59,24.05 10:00,20.026
59,24.05 11:00,23.582
59,24.05 12:00,22.491
59,24.05 13:00,21.208
59,24.05 14:00,20.232
59,24.05 15:00,19.409
59,24.05 16:00,19.294
59,24.05 17:00,27.254
59,24.05 18:00,28.186
59,24.05 19:00,29.565
59,24.05 20:00,28.844
59,24.05 21:00,27.474
59,24.05 22:00,25.965
59,24.05 23:00,12.438
59,25.05 00:00,3.694
59,25.05 01:00,3.311
59,25.05 02:00,3.39
59,25.05 03:00,3.396
59,25.05 04:00,3.385
59,25.05 05:00,3.304
59,25.05 06:00,3.306
59,25.05 07:00,3.309
59,25.05 08:00,3.396
59,25.05 09:00,16.142
59,25.05 10:00,18.61
59,25.05 11:00,27.258
59,25.05 12:00,28.903
59,25.05 13:00,27.034
59,25.05 14:00,26.776
59,25.05 15:00,25.276
59,25.05 16:00,27.988
59,25.05 17:00,28.022
59,25.05 18:00,27.501
59,25.05 19:00,28.636
59,25.05 20:00,28.433
59,25.05 21:00,27.109
59,25.05 22:00,23.404
59,25.05 23:00,11.395
59,26.05 00:00,3.391
59,26.05 01:00,3.396
59,26.05 02:00,3.389
59,26.05 03:00,3.483
59,26.05 04:00,3.401
59,26.05 05:00,3.428
59,26.05 06:00,3.496
59,26.05 07:00,3.408
59,26.05 08:00,3.608
59,26.05 09:00,14.865
59,26.05 10:00,20.897
59,26.05 11:00,19.513
59,26.05 12:00,20.813
59,26.05 13:00,20.347
59,26.05 14:00,22.045
59,26.05 15:00,20.208
59,26.05 16:00,20.521
59,26.05 17:00,27.752
59,26.05 18:00,25.059
59,26.05 19:00,22.266
59,26.05 20:00,28.79
59,26.05 21:00,24.968
59,26.05 22:00,24.002
59,26.05 23:00,9.234
59,27.05 00:00,3.704
59,27.05 01:00,3.513
59,27.05 02:00,3.384
59,27.05 03:00,3.497
59,27.05 04:00,3.394
59,27.05 05:00,3.408
59,27.05 06:00,3.503
59,27.05 07:00,3.413
59,27.05 08:00,3.601
59,27.05 09:00,12.616
59,27.05 10:00,18.019
59,27.05 11:00,18.456
59,27.05 12:00,20.662
59,27.05 13:00,20.188
59,27.05 14:00,20.306
59,27.05 15:00,19.015
59,27.05 16:00,19.765
59,27.05 17:00,19.766
59,27.05 18:00,20.053
59,27.05 19:00,18.709
59,27.05 20:00,6.832
59,27.05 21:00,5.912
59,27.05 22:00,4.904
59,27.05 23:00,4.309
59,28.05 00:00,3.589
59,28.05 01:00,3.762
59,28.05 02:00,3.786
59,28.05 03:00,3.886
59,28.05 04:00,3.693
59,28.05 05:00,3.788
59,28.05 06:00,3.812
59,28.05 07:00,3.704
59,28.05 08:00,3.783
59,28.05 09:00,8.788
59,28.05 10:00,16.238
59,28.05 11:00,18.587
59,28.05 12:00,20.592
59,28.05 13:00,18.578
59,28.05 14:00,18.707
59,28.05 15:00,20.48
59,28.05 16:00,17.822
59,28.05 17:00,15.282
59,28.05 18:00,3.512
59,28.05 19:00,3.39
59,28.05 20:00,3.287
59,28.05 21:00,3.708
59,28.05 22:00,4.317
59,28.05 23:00,3.883
59,29.05 00:00,3.404
59,29.05 01:00,3.485
59,29.05 02:00,3.411
59,29.05 03:00,3.313
59,29.05 04:00,3.396
59,29.05 05:00,3.484
59,29.05 06:00,3.387
59,29.05 07:00,3.305
59,29.05 08:00,3.509
59,29.05 09:00,10.095
59,29.05 10:00,16.766
59,29.05 11:00,17.567
59,29.05 12:00,18.769
59,29.05 13:00,24.197
59,29.05 14:00,24.206
59,29.05 15:00,24.266
59,29.05 16:00,17.726
59,29.05 17:00,9.747
59,29.05 18:00,3.212
59,29.05 19:00,3.196
59,29.05 20:00,3.295
59,29.05 21:00,3.69
59,29.05 22:00,4.105
59,29.05 23:00,3.812
59,30.05 00:00,3.308
59,30.05 01:00,3.392
59,30.05 02:00,3.293
59,30.05 03:00,3.307
59,30.05 04:00,3.293
59,30.05 05:00,3.403
59,30.05 06:00,3.23
59,30.05 07:00,3.29
59,30.05 08:00,3.399
59,30.05 09:00,3.396
59,30.05 10:00,3.385
59,30.05 11:00,6.773
59,30.05 12:00,6.618
59,30.05 13:00,6.187
59,30.05 14:00,6.293
59,30.05 15:00,6.187
59,30.05 16:00,6.429
59,30.05 17:00,6.307
59,30.05 18:00,6.182
59,30.05 19:00,6.181
59,30.05 20:00,5.922
59,30.05 21:00,5.299
59,30.05 22:00,4.888
59,30.05 23:00,4.22
59,31.05 00:00,3.305
59,31.05 01:00,3.196
59,31.05 02:00,3.411
59,31.05 03:00,3.315
59,31.05 04:00,3.405
59,31.05 05:00,3.412
59,31.05 06:00,3.301
59,31.05 07:00,3.204
59,31.05 08:00,3.59
59,31.05 09:00,14.83
59,31.05 10:00,21.697
59,31.05 11:00,24.218
59,31.05 12:00,22.993
59,31.05 13:00,21.732
59,31.05 14:00,19.156
59,31.05 15:00,19.307
59,31.05 16:00,19.174
59,31.05 17:00,20.422
59,31.05 18:00,23.761
59,31.05 19:00,29.226
59,31.05 20:00,29.323
59,31.05 21:00,30.389
59,31.05 22:00,29.097
59,31.05 23:00,14.329
59,01.06 00:00,3.494
59,01.06 01:00,3.314
59,01.06 02:00,3.393
59,01.06 03:00,3.391
59,01.06 04:00,3.404
59,01.06 05:00,3.216
59,01.06 06:00,3.311
59,01.06 07:00,3.198
59,01.06 08:00,3.485
59,01.06 09:00,14.024
59,01.06 10:00,18.462
59,01.06 11:00,22.304
59,01.06 12:00,24.379
59,01.06 13:00,30.526
59,01.06 14:00,29.878
59,01.06 15:00,27.974
59,01.06 16:00,27.872
59,01.06 17:00,29.284
59,01.06 18:00,31.104
59,01.06 19:00,28.987
59,01.06 20:00,24.715
59,01.06 21:00,28.417
59,01.06 22:00,24.715
59,01.06 23:00,12.472
59,02.06 00:00,3.605
59,02.06 01:00,3.513
59,02.06 02:00,3.396
59,02.06 03:00,3.389
59,02.06 04:00,3.513
59,02.06 05:00,3.602
59,02.06 06:00,3.309
59,02.06 07:00,3.39
59,02.06 08:00,3.612
59,02.06 09:00,13.446
59,02.06 10:00,19.712
59,02.06 11:00,20.309
59,02.06 12:00,19.763
59,02.06 13:00,19.764
59,02.06 14:00,21.406
59,02.06 15:00,19.735
59,02.06 16:00,19.125
59,02.06 17:00,27.369
59,02.06 18:00,29.864
59,02.06 19:00,29.545
59,02.06 20:00,31.82
59,02.06 21:00,28.438
59,02.06 22:00,24.097
59,02.06 23:00,10.396
59,03.06 00:00,3.611
59,03.06 01:00,3.608
59,03.06 02:00,3.599
59,03.06 03:00,3.473
59,03.06 04:00,3.585
59,03.06 05:00,3.6
59,03.06 06:00,3.598
59,03.06 07:00,3.402
59,03.06 08:00,3.785
59,03.06 09:00,12.15
59,03.06 10:00,16.859
59,03.06 11:00,22.225
59,03.06 12:00,29.697
59,03.06 13:00,30.33
59,03.06 14:00,28.93
59,03.06 15:00,25.624
59,03.06 16:00,20.758
59,03.06 17:00,23.493
59,03.06 18:00,28.665
59,03.06 19:00,18.676
59,03.06 20:00,6.298
59,03.06 21:00,5.289
59,03.06 22:00,4.599
59,03.06 23:00,4.091
59,04.06 00:00,3.41
59,04.06 01:00,3.492
59,04.06 02:00,3.347
59,04.06 03:00,3.515
59,04.06 04:00,3.409
59,04.06 05:00,3.403
59,04.06 06:00,3.589
59,04.06 07:00,3.407
59,04.06 08:00,3.611
59,04.06 09:00,10.852
59,04.06 10:00,20.253
59,04.06 11:00,22.989
59,04.06 12:00,23.218
59,04.06 13:00,21.744
59,04.06 14:00,19.079
59,04.06 15:00,16.669
59,04.06 16:00,15.513
59,04.06 17:00,13.789
59,04.06 18:00,3.787
59,04.06 19:00,3.405
59,04.06 20:00,3.41
59,04.06 21:00,3.892
59,04.06 22:00,4.21
59,04.06 23:00,4.017
59,05.06 00:00,3.496
59,05.06 01:00,3.488
59,05.06 02:00,3.307
59,05.06 03:00,3.487
59,05.06 04:00,3.39
59,05.06 05:00,3.39
59,05.06 06:00,3.513
59,05.06 07:00,3.398
59,05.06 08:00,3.586
59,05.06 09:00,10.785
59,05.06 10:00,18.17
59,05.06 11:00,19.673
59,05.06 12:00,21.822
59,05.06 13:00,26.773
59,05.06 14:00,23.94
59,05.06 15:00,24.879
59,05.06 16:00,22.522
59,05.06 17:00,14.744
59,05.06 18:00,9.138
59,05.06 19:00,6.474
59,05.06 20:00,3.366
59,05.06 21:00,3.911
59,05.06 22:00,4.19
59,05.06 23:00,3.991
59,06.06 00:00,3.384
59,06.06 01:00,3.492
59,06.06 02:00,3.503
59,06.06 03:00,3.412
59,06.06 04:00,3.399
59,06.06 05:00,3.399
59,06.06 06:00,3.401
59,06.06 07:00,3.395
59,06.06 08:00,3.639
59,06.06 09:00,15.09
59,06.06 10:00,17.831
59,06.06 11:00,24.588
59,06.06 12:00,27.547
59,06.06 13:00,32.777
59,06.06 14:00,30.361
59,06.06 15:00,26.03
59,06.06 16:00,20.23
59,06.06 17:00,19.545
59,06.06 18:00,20.543
59,06.06 19:00,26.602
59,06.06 20:00,31.392
59,06.06 21:00,21.933
59,06.06 22:00,17.171
59,06.06 23:00,8.485
59,07.06 00:00,3.403
59,07.06 01:00,3.415
59,07.06 02:00,3.51
59,07.06 03:00,3.404
59,07.06 04:00,3.506
59,07.06 05:00,3.495
59,07.06 06:00,3.415
59,07.06 07:00,3.493
59,07.06 08:00,6.673
59,07.06 09:00,19.846
59,07.06 10:00,22.189
59,07.06 11:00,24.316
59,07.06 12:00,20.649
59,07.06 13:00,19.611
59,07.06 14:00,19.75
59,07.06 15:00,18.991
59,07.06 16:00,19.305
59,07.06 17:00,24.015
59,07.06 18:00,30.321
59,07.06 19:00,29.307
59,07.06 20:00,25.201
59,07.06 21:00,22.901
59,07.06 22:00,17.07
59,07.06 23:00,7.376
59,08.06 00:00,3.489
59,08.06 01:00,3.589
59,08.06 02:00,3.504
59,08.06 03:00,3.39
59,08.06 04:00,3.511
59,08.06 05:00,3.497
59,08.06 06:00,3.386
59,08.06 07:00,3.416
59,08.06 08:00,4.698
59,08.06 09:00,22.921
59,08.06 10:00,25.752
59,08.06 11:00,28.139
59,08.06 12:00,27.717
59,08.06 13:00,25.092
59,08.06 14:00,20.028
59,08.06 15:00,19.818
59,08.06 16:00,24.835
59,08.06 17:00,29.416
59,08.06 18:00,29.899
59,08.06 19:00,31.031
59,08.06 20:00,26.276
59,08.06 21:00,19.378
59,08.06 22:00,15.103
59,08.06 23:00,8.233
59,09.06 00:00,3.497
59,09.06 01:00,3.595
59,09.06 02:00,3.601
59,09.06 03:00,3.618
59,09.06 04:00,3.599
59,09.06 05:00,3.396
59,09.06 06:00,3.43
59,09.06 07:00,3.516
59,09.06 08:00,3.797
59,09.06 09:00,14.837
59,09.06 10:00,22.16
59,09.06 11:00,22.313
59,09.06 12:00,18.333
59,09.06 13:00,19.348
59,09.06 14:00,19.783
59,09.06 15:00,20.96
59,09.06 16:00,20.101
59,09.06 17:00,27.68
59,09.06 18:00,26.039
59,09.06 19:00,26.903
59,09.06 20:00,30.967
59,09.06 21:00,26.562
59,09.06 22:00,18.265
59,09.06 23:00,9.191
59,10.06 00:00,4.111
59,10.06 01:00,3.613
59,10.06 02:00,3.699
59,10.06 03:00,3.506
59,10.06 04:00,3.506
59,10.06 05:00,3.7
59,10.06 06:00,3.609
59,10.06 07:00,3.51
59,10.06 08:00,3.788
59,10.06 09:00,13.511
59,10.06 10:00,16.944
59,10.06 11:00,18.189
59,10.06 12:00,19.122
59,10.06 13:00,20.744
59,10.06 14:00,19.767
59,10.06 15:00,18.123
59,10.06 16:00,17.253
59,10.06 17:00,19.762
59,10.06 18:00,23.093
59,10.06 19:00,20.751
59,10.06 20:00,7.876
59,10.06 21:00,6.812
59,10.06 22:00,6.019
59,10.06 23:00,5.384
59,11.06 00:00,4.214
59,11.06 01:00,4.781
59,11.06 02:00,4.788
59,11.06 03:00,4.693
59,11.06 04:00,4.719
59,11.06 05:00,4.814
59,11.06 06:00,4.7
59,11.06 07:00,4.719
59,11.06 08:00,4.778
59,11.06 09:00,13.926
59,11.06 10:00,25.219
59,11.06 11:00,28.03
59,11.06 12:00,29.695
59,11.06 13:00,31.301
59,11.06 14:00,26.516
59,11.06 15:00,22.562
59,11.06 16:00,21.101
59,11.06 17:00,12.638
59,11.06 18:00,3.794
59,11.06 19:00,3.5
59,11.06 20:00,3.303
59,11.06 21:00,3.785
59,11.06 22:00,4.187
59,11.06 23:00,4.113
59,12.06 00:00,3.407
59,12.06 01:00,3.394
59,12.06 02:00,3.383
59,12.06 03:00,3.605
59,12.06 04:00,3.499
59,12.06 05:00,3.498
59,12.06 06:00,3.615
59,12.06 07:00,3.496
59,12.06 08:00,3.594
59,12.06 09:00,10.381
59,12.06 10:00,18.346
59,12.06 11:00,20.514
59,12.06 12:00,22.33
59,12.06 13:00,18.818
59,12.06 14:00,18.271
59,12.06 15:00,17.982
59,12.06 16:00,15.548
59,12.06 17:00,12.036
59,12.06 18:00,3.999
59,12.06 19:00,3.402
59,12.06 20:00,3.204
59,12.06 21:00,3.808
59,12.06 22:00,4.196
59,12.06 23:00,4.017
59,13.06 00:00,3.49
59,13.06 01:00,3.403
59,13.06 02:00,3.414
59,13.06 03:00,3.504
59,13.06 04:00,3.412
59,13.06 05:00,3.403
59,13.06 06:00,3.614
59,13.06 07:00,3.297
59,13.06 08:00,3.489
59,13.06 09:00,11.654
59,13.06 10:00,18.234
59,13.06 11:00,24.114
59,13.06 12:00,26.203
59,13.06 13:00,23.548
59,13.06 14:00,23.903
59,13.06 15:00,19.338
59,13.06 16:00,17.85
59,13.06 17:00,18.25
59,13.06 18:00,17.731
59,13.06 19:00,23.704
59,13.06 20:00,28.713
59,13.06 21:00,18.161
59,13.06 22:00,14.174
59,13.06 23:00,7.864
59,14.06 00:00,3.508
59,14.06 01:00,3.406
59,14.06 02:00,3.403
59,14.06 03:00,3.391
59,14.06 04:00,3.686
59,14.06 05:00,3.406
59,14.06 06:00,3.295
59,14.06 07:00,3.412
59,14.06 08:00,3.609
59,14.06 09:00,15.569
59,14.06 10:00,19.433
59,14.06 11:00,20.763
59,14.06 12:00,20.322
59,14.06 13:00,18.159
59,14.06 14:00,18.058
59,14.06 15:00,17.734
59,14.06 16:00,20.513
59,14.06 17:00,25.692
59,14.06 18:00,22.58
59,14.06 19:00,28.331
59,14.06 20:00,21.357
59,14.06 21:00,19.445
59,14.06 22:00,15.781
59,14.06 23:00,7.463
59,15.06 00:00,3.692
59,15.06 01:00,3.602
59,15.06 02:00,3.41
59,15.06 03:00,3.408
59,15.06 04:00,3.516
59,15.06 05:00,3.502
59,15.06 06:00,3.409
59,15.06 07:00,3.293
59,15.06 08:00,3.683
59,15.06 09:00,14.936
59,15.06 10:00,19.587
59,15.06 11:00,28.04
59,15.06 12:00,28.489
59,15.06 13:00,30.006
59,15.06 14:00,22.09
59,15.06 15:00,18.243
59,15.06 16:00,19.861
59,15.06 17:00,20.835
59,15.06 18:00,26.658
59,15.06 19:00,24.754
59,15.06 20:00,23.412
59,15.06 21:00,21.957
59,15.06 22:00,17.678
59,15.06 23:00,7.62
59,16.06 00:00,3.485
59,16.06 01:00,3.782
59,16.06 02:00,3.716
59,16.06 03:00,3.708
59,16.06 04:00,3.7
59,16.06 05:00,3.695
59,16.06 06:00,3.504
59,16.06 07:00,3.817
59,16.06 08:00,3.894
59,16.06 09:00,13.668
59,16.06 10:00,20.007
59,16.06 11:00,20.506
59,16.06 12:00,20.87
59,16.06 13:00,20.106
59,16.06 14:00,19.345
59,16.06 15:00,18.082
59,16.06 16:00,16.617
59,16.06 17:00,17.872
59,16.06 18:00,25.623
59,16.06 19:00,27.926
59,16.06 20:00,21.228
59,16.06 21:00,20.854
59,16.06 22:00,20.896
59,16.06 23:00,9.676
59,17.06 00:00,3.495
59,17.06 01:00,3.386
59,17.06 02:00,3.488
59,17.06 03:00,3.505
59,17.06 04:00,3.412
59,17.06 05:00,3.515
59,17.06 06:00,3.398
59,17.06 07:00,3.5
59,17.06 08:00,3.597
59,17.06 09:00,11.541
59,17.06 10:00,18.273
59,17.06 11:00,19.152
59,17.06 12:00,19.613
59,17.06 13:00,18.889
59,17.06 14:00,19.326
59,17.06 15:00,18.436
59,17.06 16:00,17.845
59,17.06 17:00,20.945
59,17.06 18:00,25.126
59,17.06 19:00,19.936
59,17.06 20:00,6.403
59,17.06 21:00,5.221
59,17.06 22:00,4.498
59,17.06 23:00,3.814
59,18.06 00:00,3.489
59,18.06 01:00,3.416
59,18.06 02:00,3.417
59,18.06 03:00,3.402
59,18.06 04:00,3.387
59,18.06 05:00,3.295
59,18.06 06:00,3.275
59,18.06 07:00,3.413
59,18.06 08:00,3.387
59,18.06 09:00,9.785
59,18.06 10:00,20.869
59,18.06 11:00,25.613
59,18.06 12:00,23.699
59,18.06 13:00,23.69
59,18.06 14:00,23.771
59,18.06 15:00,20.176
59,18.06 16:00,14.241
59,18.06 17:00,10.734
59,18.06 18:00,3.699
59,18.06 19:00,3.516
59,18.06 20:00,3.392
59,18.06 21:00,4.002
59,18.06 22:00,4.404
59,18.06 23:00,4.099
59,19.06 00:00,3.792
59,19.06 01:00,3.592
59,19.06 02:00,3.589
59,19.06 03:00,3.597
59,19.06 04:00,3.604
59,19.06 05:00,3.511
59,19.06 06:00,3.693
59,19.06 07:00,3.509
59,19.06 08:00,3.593
59,19.06 09:00,11.078
59,19.06 10:00,18.948
59,19.06 11:00,20.611
59,19.06 12:00,23.003
59,19.06 13:00,21.749
59,19.06 14:00,27.119
59,19.06 15:00,28.56
59,19.06 16:00,26.075
59,19.06 17:00,21.681
59,19.06 18:00,3.397
59,19.06 19:00,3.406
59,19.06 20:00,3.415
59,19.06 21:00,3.908
59,19.06 22:00,4.297
59,19.06 23:00,4.006
59,20.06 00:00,3.4
59,20.06 01:00,3.596
59,20.06 02:00,3.394
59,20.06 03:00,3.388
59,20.06 04:00,3.515
59,20.06 05:00,3.485
59,20.06 06:00,3.395
59,20.06 07:00,3.398
59,20.06 08:00,3.517
59,20.06 09:00,16.122
59,20.06 10:00,19.149
59,20.06 11:00,24.588
59,20.06 12:00,26.593
59,20.06 13:00,28.741
59,20.06 14:00,29.3
59,20.06 15:00,27.667
59,20.06 16:00,25.87
59,20.06 17:00,25.011
59,20.06 18:00,23.704
59,20.06 19:00,22.397
59,20.06 20:00,21.094
59,20.06 21:00,16.601
59,20.06 22:00,14.299
59,20.06 23:00,8.398
59,21.06 00:00,3.397
59,21.06 01:00,3.506
59,21.06 02:00,3.586
59,21.06 03:00,3.404
59,21.06 04:00,3.384
59,21.06 05:00,3.584
59,21.06 06:00,3.395
59,21.06 07:00,3.306
59,21.06 08:00,4.422
59,21.06 09:00,22.946
59,21.06 10:00,21.256
59,21.06 11:00,22.624
59,21.06 12:00,21.576
59,21.06 13:00,17.892
59,21.06 14:00,18.291
59,21.06 15:00,17.718
59,21.06 16:00,17.054
59,21.06 17:00,24.942
59,21.06 18:00,23.604
59,21.06 19:00,27.379
59,21.06 20:00,25.137
59,21.06 21:00,18.561
59,21.06 22:00,14.621
59,21.06 23:00,6.8
59,22.06 00:00,3.391
59,22.06 01:00,3.211
59,22.06 02:00,3.288
59,22.06 03:00,3.201
59,22.06 04:00,3.215
59,22.06 05:00,3.303
59,22.06 06:00,3.2
59,22.06 07:00,3.285
59,22.06 08:00,3.392
59,22.06 09:00,21.909
59,22.06 10:00,24.846
59,22.06 11:00,26.704
59,22.06 12:00,25.781
59,22.06 13:00,25.499
59,22.06 14:00,21.401
59,22.06 15:00,20.893
59,22.06 16:00,20.205
59,22.06 17:00,22.108
59,22.06 18:00,27.892
59,22.06 19:00,24.548
59,22.06 20:00,21.524
59,22.06 21:00,19.821
59,22.06 22:00,23.229
59,22.06 23:00,9.742
59,23.06 00:00,3.402
59,23.06 01:00,3.402
59,23.06 02:00,3.396
59,23.06 03:00,3.516
59,23.06 04:00,3.388
59,23.06 05:00,3.288
59,23.06 06:00,3.399
59,23.06 07:00,3.296
59,23.06 08:00,3.487
59,23.06 09:00,14.618
59,23.06 10:00,17.567
59,23.06 11:00,18.518
59,23.06 12:00,17.97
59,23.06 13:00,18.867
59,23.06 14:00,19.232
59,23.06 15:00,18.456
59,23.06 16:00,19.238
59,23.06 17:00,24.138
59,23.06 18:00,26.339
59,23.06 19:00,27.21
59,23.06 20:00,22.644
59,23.06 21:00,21.532
59,23.06 22:00,21.621
59,23.06 23:00,9.434
59,24.06 00:00,3.353
59,24.06 01:00,3.403
59,24.06 02:00,3.388
59,24.06 03:00,3.492
59,24.06 04:00,3.301
59,24.06 05:00,3.311
59,24.06 06:00,3.31
59,24.06 07:00,3.412
59,24.06 08:00,3.406
59,24.06 09:00,14.763
59,24.06 10:00,17.238
59,24.06 11:00,19.043
59,24.06 12:00,20.76
59,24.06 13:00,20.871
59,24.06 14:00,20.906
59,24.06 15:00,17.089
59,24.06 16:00,16.736
59,24.06 17:00,17.531
59,24.06 18:00,17.696
59,24.06 19:00,16.813
59,24.06 20:00,5.727
59,24.06 21:00,5.117
59,24.06 22:00,4.509
59,24.06 23:00,3.881
59,25.06 00:00,3.386
59,25.06 01:00,3.29
59,25.06 02:00,3.316
59,25.06 03:00,3.399
59,25.06 04:00,3.189
59,25.06 05:00,3.291
59,25.06 06:00,3.215
59,25.06 07:00,3.309
59,25.06 08:00,3.483
59,25.06 09:00,13.374
59,25.06 10:00,23.047
59,25.06 11:00,26.018
59,25.06 12:00,24.676
59,25.06 13:00,24.014
59,25.06 14:00,24.728
59,25.06 15:00,19.023
59,25.06 16:00,16.629
59,25.06 17:00,9.868
59,25.06 18:00,3.305
59,25.06 19:00,3.414
59,25.06 20:00,3.289
59,25.06 21:00,3.505
59,25.06 22:00,4.118
59,25.06 23:00,3.983
59,26.06 00:00,3.291
59,26.06 01:00,3.387
59,26.06 02:00,3.401
59,26.06 03:00,3.302
59,26.06 04:00,3.415
59,26.06 05:00,3.393
59,26.06 06:00,3.388
59,26.06 07:00,3.309
59,26.06 08:00,3.598
59,26.06 09:00,9.589
59,26.06 10:00,16.49
59,26.06 11:00,18.808
59,26.06 12:00,21.403
59,26.06 13:00,18.742
59,26.06 14:00,17.649
59,26.06 15:00,16.852
59,26.06 16:00,16.776
59,26.06 17:00,16.662
59,26.06 18:00,3.611
59,26.06 19:00,3.187
59,26.06 20:00,3.284
59,26.06 21:00,3.712
59,26.06 22:00,4.119
59,26.06 23:00,3.901
59,27.06 00:00,3.299
59,27.06 01:00,3.406
59,27.06 02:00,3.415
59,27.06 03:00,3.393
59,27.06 04:00,3.308
59,27.06 05:00,3.296
59,27.06 06:00,3.414
59,27.06 07:00,3.206
59,27.06 08:00,3.404
59,27.06 09:00,14.658
59,27.06 10:00,20.425
59,27.06 11:00,23.922
59,27.06 12:00,22.601
59,27.06 13:00,23.296
59,27.06 14:00,23.731
59,27.06 15:00,21.132
59,27.06 16:00,20.909
59,27.06 17:00,20.433
59,27.06 18:00,17.371
59,27.06 19:00,20.634
59,27.06 20:00,23.9
59,27.06 21:00,17.07
59,27.06 22:00,14.089
59,27.06 23:00,7.481
59,28.06 00:00,3.409
59,28.06 01:00,3.616
59,28.06 02:00,3.292
59,28.06 03:00,3.404
59,28.06 04:00,3.504
59,28.06 05:00,3.397
59,28.06 06:00,3.391
59,28.06 07:00,3.406
59,28.06 08:00,4.32
59,28.06 09:00,20.799
59,28.06 10:00,20.488
59,28.06 11:00,20.559
59,28.06 12:00,20.584
59,28.06 13:00,19.674
59,28.06 14:00,18.66
59,28.06 15:00,17.302
59,28.06 16:00,17.479
59,28.06 17:00,26.504
59,28.06 18:00,28.213
59,28.06 19:00,26.669
59,28.06 20:00,21.419
59,28.06 21:00,17.537
59,28.06 22:00,16.069
59,28.06 23:00,8.302
59,29.06 00:00,3.398
59,29.06 01:00,3.413
59,29.06 02:00,3.314
59,29.06 03:00,3.284
59,29.06 04:00,3.313
59,29.06 05:00,3.4
59,29.06 06:00,3.189
59,29.06 07:00,3.294
59,29.06 08:00,3.414
59,29.06 09:00,13.489
59,29.06 10:00,19.597
59,29.06 11:00,26.35
59,29.06 12:00,26.076
59,29.06 13:00,21.268
59,29.06 14:00,18.485
59,29.06 15:00,17.442
59,29.06 16:00,16.737
59,29.06 17:00,18.461
59,29.06 18:00,25.192
59,29.06 19:00,23.989
59,29.06 20:00,20.223
59,29.06 21:00,19.747
59,29.06 22:00,14.37
59,29.06 23:00,6.791
59,30.06 00:00,3.391
59,30.06 01:00,3.288
59,30.06 02:00,3.384
59,30.06 03:00,3.497
59,30.06 04:00,3.416
59,30.06 05:00,3.289
59,30.06 06:00,3.392
59,30.06 07:00,3.405
59,30.06 08:00,3.496
59,30.06 09:00,11.803
59,30.06 10:00,19.729
59,30.06 11:00,20.813
59,30.06 12:00,19.311
59,30.06 13:00,19.52
59,30.06 14:00,19.409
59,30.06 15:00,18.789
59,30.06 16:00,18.771
59,30.06 17:00,24.649
59,30.06 18:00,26.644
59,30.06 19:00,27.361
59,30.06 20:00,26.377
59,30.06 21:00,26.176
59,30.06 22:00,23.608
59,30.06 23:00,10.768
59,01.07 00:00,3.405
59,01.07 01:00,3.604
59,01.07 02:00,3.386
59,01.07 03:00,3.411
59,01.07 04:00,3.516
59,01.07 05:00,3.391
59,01.07 06:00,3.396
59,01.07 07:00,3.392
59,01.07 08:00,3.691
59,01.07 09:00,12.897
59,01.07 10:00,18.136
59,01.07 11:00,23.033
59,01.07 12:00,24.989
59,01.07 13:00,26.078
59,01.07 14:00,25.515
59,01.07 15:00,25.525
59,01.07 16:00,25.095
59,01.07 17:00,25.265
59,01.07 18:00,24.621
59,01.07 19:00,20.467
59,01.07 20:00,5.921
59,01.07 21:00,5.099
59,01.07 22:00,4.491
59,01.07 23:00,3.996
59,02.07 00:00,3.511
59,02.07 01:00,3.398
59,02.07 02:00,3.415
59,02.07 03:00,3.488
59,02.07 04:00,3.314
59,02.07 05:00,3.402
59,02.07 06:00,3.198
59,02.07 07:00,3.288
59,02.07 08:00,6.519
59,02.07 09:00,17.964
59,02.07 10:00,22.505
59,02.07 11:00,27.49
59,02.07 12:00,28.91
59,02.07 13:00,29.786
59,02.07 14:00,28.438
59,02.07 15:00,21.828
59,02.07 16:00,19.373
59,02.07 17:00,15.428
59,02.07 18:00,3.704
59,02.07 19:00,3.397
59,02.07 20:00,3.495
59,02.07 21:00,4.016
59,02.07 22:00,4.384
59,02.07 23:00,4.312
59,03.07 00:00,3.601
59,03.07 01:00,3.702
59,03.07 02:00,3.704
59,03.07 03:00,3.595
59,03.07 04:00,3.604
59,03.07 05:00,3.59
59,03.07 06:00,3.612
59,03.07 07:00,3.611
59,03.07 08:00,3.815
59,03.07 09:00,12.874
59,03.07 10:00,23.203
59,03.07 11:00,21.098
59,03.07 12:00,23.9
59,03.07 13:00,23.137
59,03.07 14:00,24.907
59,03.07 15:00,21.663
59,03.07 16:00,20.938
59,03.07 17:00,20.012
59,03.07 18:00,8.36
59,03.07 19:00,3.311
59,03.07 20:00,3.309
59,03.07 21:00,3.79
59,03.07 22:00,4.419
59,03.07 23:00,4.09
59,04.07 00:00,3.615
59,04.07 01:00,3.414
59,04.07 02:00,3.587
59,04.07 03:00,3.407
59,04.07 04:00,3.399
59,04.07 05:00,3.61
59,04.07 06:00,3.384
59,04.07 07:00,3.483
59,04.07 08:00,8.435
59,04.07 09:00,20.17
59,04.07 10:00,21.52
59,04.07 11:00,27.796
59,04.07 12:00,30.125
59,04.07 13:00,32.331
59,04.07 14:00,31.361
59,04.07 15:00,30.155
59,04.07 16:00,30.943
59,04.07 17:00,24.031
59,04.07 18:00,22.053
59,04.07 19:00,24.679
59,04.07 20:00,28.595
59,04.07 21:00,21.318
59,04.07 22:00,16.189
59,04.07 23:00,9.636
59,05.07 00:00,4.195
59,05.07 01:00,3.683
59,05.07 02:00,3.612
59,05.07 03:00,3.811
59,05.07 04:00,3.611
59,05.07 05:00,3.703
59,05.07 06:00,3.585
59,05.07 07:00,3.513
59,05.07 08:00,9.634
59,05.07 09:00,21.049
59,05.07 10:00,24.391
59,05.07 11:00,25.735
59,05.07 12:00,26.145
59,05.07 13:00,29.232
59,05.07 14:00,28.609
59,05.07 15:00,24.591
59,05.07 16:00,22.817
59,05.07 17:00,30.437
59,05.07 18:00,30.746
59,05.07 19:00,28.884
59,05.07 20:00,26.252
59,05.07 21:00,22.13
59,05.07 22:00,15.224
59,05.07 23:00,9.092
59,06.07 00:00,4.106
59,06.07 01:00,4.892
59,06.07 02:00,4.814
59,06.07 03:00,4.912
59,06.07 04:00,4.799
59,06.07 05:00,4.899
59,06.07 06:00,4.589
59,06.07 07:00,4.822
59,06.07 08:00,14.319
59,06.07 09:00,20.264
59,06.07 10:00,21.506
59,06.07 11:00,29.223
59,06.07 12:00,29.622
59,06.07 13:00,26.418
59,06.07 14:00,22.871
59,06.07 15:00,23.197
59,06.07 16:00,23.386
59,06.07 17:00,29.138
59,06.07 18:00,32.021
59,06.07 19:00,28.492
59,06.07 20:00,27.007
59,06.07 21:00,24.71
59,06.07 22:00,22.569
59,06.07 23:00,7.408
59,07.07 00:00,3.702
59,07.07 01:00,3.587
59,07.07 02:00,3.603
59,07.07 03:00,3.503
59,07.07 04:00,3.486
59,07.07 05:00,3.596
59,07.07 06:00,3.589
59,07.07 07:00,3.497
59,07.07 08:00,9.416
59,07.07 09:00,21.306
59,07.07 10:00,27.615
59,07.07 11:00,24.449
59,07.07 12:00,23.444
59,07.07 13:00,22.359
59,07.07 14:00,21.551
59,07.07 15:00,21.629
59,07.07 16:00,25.206
59,07.07 17:00,29.305
59,07.07 18:00,32.263
59,07.07 19:00,31.238
59,07.07 20:00,28.86
59,07.07 21:00,26.976
59,07.07 22:00,24.935
59,07.07 23:00,11.483
59,08.07 00:00,3.584
59,08.07 01:00,3.796
59,08.07 02:00,3.794
59,08.07 03:00,3.81
59,08.07 04:00,3.695
59,08.07 05:00,3.913
59,08.07 06:00,3.706
59,08.07 07:00,5.514
59,08.07 08:00,16.785
59,08.07 09:00,26.534
59,08.07 10:00,30.393
59,08.07 11:00,25.198
59,08.07 12:00,26.601
59,08.07 13:00,25.054
59,08.07 14:00,24.362
59,08.07 15:00,22.753
59,08.07 16:00,22.344
59,08.07 17:00,24.288
59,08.07 18:00,24.457
59,08.07 19:00,18.528
59,08.07 20:00,5.881
59,08.07 21:00,5.086
59,08.07 22:00,4.709
59,08.07 23:00,4.015
59,09.07 00:00,3.411
59,09.07 01:00,3.41
59,09.07 02:00,3.386
59,09.07 03:00,3.516
59,09.07 04:00,3.39
59,09.07 05:00,3.396
59,09.07 06:00,3.416
59,09.07 07:00,3.289
59,09.07 08:00,3.504
59,09.07 09:00,10.844
59,09.07 10:00,16.88
59,09.07 11:00,20.248
59,09.07 12:00,18.52
59,09.07 13:00,18.283
59,09.07 14:00,18.172
59,09.07 15:00,16.934
59,09.07 16:00,16.199
59,09.07 17:00,14.17
59,09.07 18:00,3.515
59,09.07 19:00,3.207
59,09.07 20:00,3.315
59,09.07 21:00,3.715
59,09.07 22:00,4.09
59,09.07 23:00,3.901
59,10.07 00:00,3.415
59,10.07 01:00,3.403
59,10.07 02:00,3.415
59,10.07 03:00,3.383
59,10.07 04:00,3.315
59,10.07 05:00,3.387
59,10.07 06:00,3.413
59,10.07 07:00,3.193
59,10.07 08:00,3.513
59,10.07 09:00,9.807
59,10.07 10:00,15.721
59,10.07 11:00,17.951
59,10.07 12:00,27.528
59,10.07 13:00,24.972
59,10.07 14:00,25.745
59,10.07 15:00,25.31
59,10.07 16:00,20.158
59,10.07 17:00,12.677
59,10.07 18:00,3.305
59,10.07 19:00,3.292
59,10.07 20:00,3.301
59,10.07 21:00,3.594
59,10.07 22:00,4.095
59,10.07 23:00,4.004
59,11.07 00:00,3.407
59,11.07 01:00,3.385
59,11.07 02:00,3.488
59,11.07 03:00,3.392
59,11.07 04:00,3.297
59,11.07 05:00,3.486
59,11.07 06:00,3.292
59,11.07 07:00,3.215
59,11.07 08:00,15.69
59,11.07 09:00,22.841
59,11.07 10:00,26.448
59,11.07 11:00,25.609
59,11.07 12:00,23.232
59,11.07 13:00,30.493
59,11.07 14:00,32.304
59,11.07 15:00,26.413
59,11.07 16:00,23.279
59,11.07 17:00,23.013
59,11.07 18:00,25.443
59,11.07 19:00,27.425
59,11.07 20:00,29.712
59,11.07 21:00,25.497
59,11.07 22:00,23.056
59,11.07 23:00,8.978
59,12.07 00:00,3.511
59,12.07 01:00,3.391
59,12.07 02:00,3.396
59,12.07 03:00,3.613
59,12.07 04:00,3.413
59,12.07 05:00,3.386
59,12.07 06:00,3.398
59,12.07 07:00,3.41
59,12.07 08:00,7.32
59,12.07 09:00,23.524
59,12.07 10:00,32.169
59,12.07 11:00,29.499
59,12.07 12:00,26.314
59,12.07 13:00,26.68
59,12.07 14:00,26.133
59,12.07 15:00,23.579
59,12.07 16:00,25.046
59,12.07 17:00,31.216
59,12.07 18:00,32.45
59,12.07 19:00,30.561
59,12.07 20:00,27.614
59,12.07 21:00,26.03
59,12.07 22:00,26.038
59,12.07 23:00,16.168
59,13.07 00:00,16.14
59,13.07 01:00,16.038
59,13.07 02:00,16.102
59,13.07 03:00,16.03
59,13.07 04:00,16.099
59,13.07 05:00,1.004
59,13.07 06:00,1.001
59,13.07 07:00,0.997
59,13.07 08:00,1.003
59,13.07 09:00,0.996
59,13.07 10:00,1.002
59,13.07 11:00,1.003
59,13.07 12:00,0.997
59,13.07 13:00,0.998
59,13.07 14:00,0.995
59,13.07 15:00,0.999
59,13.07 16:00,0.995
59,13.07 17:00,0.997
59,13.07 18:00,0.996
59,13.07 19:00,1.004
59,13.07 20:00,0.999
59,13.07 21:00,1.002
59,13.07 22:00,0.999
59,13.07 23:00,1.004
59,14.07 00:00,0.0
59,14.07 01:00,0.0
59,14.07 02:00,3.499
59,14.07 03:00,3.41
59,14.07 04:00,3.485
59,14.07 05:00,3.5
59,14.07 06:00,3.385
59,14.07 07:00,3.396
59,14.07 08:00,7.725
59,14.07 09:00,21.971
59,14.07 10:00,28.78
59,14.07 11:00,30.55
59,14.07 12:00,24.514
59,14.07 13:00,26.475
59,14.07 14:00,25.836
59,14.07 15:00,22.913
59,14.07 16:00,24.246
59,14.07 17:00,32.238
59,14.07 18:00,32.568
59,14.07 19:00,33.564
59,14.07 20:00,30.36
59,14.07 21:00,28.474
59,14.07 22:00,19.393
59,14.07 23:00,10.618
59,15.07 00:00,3.61
59,15.07 01:00,3.59
59,15.07 02:00,3.507
59,15.07 03:00,3.388
59,15.07 04:00,3.489
59,15.07 05:00,3.515
59,15.07 06:00,3.515
59,15.07 07:00,3.5
59,15.07 08:00,15.925
59,15.07 09:00,22.288
59,15.07 10:00,22.971
59,15.07 11:00,22.83
59,15.07 12:00,25.745
59,15.07 13:00,29.704
59,15.07 14:00,23.643
59,15.07 15:00,21.855
59,15.07 16:00,22.497
59,15.07 17:00,23.994
59,15.07 18:00,23.252
59,15.07 19:00,19.268
59,15.07 20:00,6.113
59,15.07 21:00,5.306
59,15.07 22:00,4.581
59,15.07 23:00,3.984
59,16.07 00:00,3.416
59,16.07 01:00,3.513
59,16.07 02:00,3.485
59,16.07 03:00,3.407
59,16.07 04:00,3.491
59,16.07 05:00,3.509
59,16.07 06:00,3.399
59,16.07 07:00,3.502
59,16.07 08:00,3.633
59,16.07 09:00,13.108
59,16.07 10:00,23.083
59,16.07 11:00,29.323
59,16.07 12:00,29.378
59,16.07 13:00,28.829
59,16.07 14:00,20.764
59,16.07 15:00,22.021
59,16.07 16:00,22.202
59,16.07 17:00,14.691
59,16.07 18:00,3.515
59,16.07 19:00,3.415
59,16.07 20:00,3.293
59,16.07 21:00,3.685
59,16.07 22:00,4.218
59,16.07 23:00,4.116
59,17.07 00:00,3.407
59,17.07 01:00,3.406
59,17.07 02:00,3.502
59,17.07 03:00,3.395
59,17.07 04:00,3.414
59,17.07 05:00,3.39
59,17.07 06:00,3.285
59,17.07 07:00,3.399
59,17.07 08:00,3.608
59,17.07 09:00,10.779
59,17.07 10:00,18.734
59,17.07 11:00,18.953
59,17.07 12:00,25.559
59,17.07 13:00,26.326
59,17.07 14:00,25.251
59,17.07 15:00,24.449
59,17.07 16:00,19.99
59,17.07 17:00,14.276
59,17.07 18:00,9.171
59,17.07 19:00,3.406
59,17.07 20:00,3.298
59,17.07 21:00,3.783
59,17.07 22:00,4.216
59,17.07 23:00,3.888
59,18.07 00:00,3.592
59,18.07 01:00,3.411
59,18.07 02:00,3.5
59,18.07 03:00,3.612
59,18.07 04:00,3.413
59,18.07 05:00,3.385
59,18.07 06:00,3.496
59,18.07 07:00,3.384
59,18.07 08:00,12.611
59,18.07 09:00,22.189
59,18.07 10:00,23.457
59,18.07 11:00,26.315
59,18.07 12:00,29.878
59,18.07 13:00,31.743
59,18.07 14:00,38.003
59,18.07 15:00,27.867
59,18.07 16:00,24.575
59,18.07 17:00,25.638
59,18.07 18:00,28.185
59,18.07 19:00,31.068
59,18.07 20:00,37.343
59,18.07 21:00,30.889
59,18.07 22:00,21.551
59,18.07 23:00,10.417
59,19.07 00:00,3.686
59,19.07 01:00,3.803
59,19.07 02:00,3.598
59,19.07 03:00,3.608
59,19.07 04:00,3.592
59,19.07 05:00,3.595
59,19.07 06:00,3.582
59,19.07 07:00,3.701
59,19.07 08:00,13.781
59,19.07 09:00,22.171
59,19.07 10:00,26.61
59,19.07 11:00,26.295
59,19.07 12:00,25.713
59,19.07 13:00,24.879
59,19.07 14:00,29.485
59,19.07 15:00,27.422
59,19.07 16:00,28.866
59,19.07 17:00,33.937
59,19.07 18:00,39.74
59,19.07 19:00,34.643
59,19.07 20:00,32.907
59,19.07 21:00,27.506
59,19.07 22:00,23.967
59,19.07 23:00,11.421
59,20.07 00:00,4.194
59,20.07 01:00,3.587
59,20.07 02:00,3.71
59,20.07 03:00,3.704
59,20.07 04:00,3.592
59,20.07 05:00,3.594
59,20.07 06:00,3.588
59,20.07 07:00,3.505
59,20.07 08:00,11.304
59,20.07 09:00,24.89
59,20.07 10:00,27.084
59,20.07 11:00,32.693
59,20.07 12:00,34.302
59,20.07 13:00,36.648
59,20.07 14:00,35.158
59,20.07 15:00,30.654
59,20.07 16:00,31.841
59,20.07 17:00,31.154
59,20.07 18:00,33.373
59,20.07 19:00,32.607
59,20.07 20:00,28.493
59,20.07 21:00,27.616
59,20.07 22:00,23.3
59,20.07 23:00,9.296
59,21.07 00:00,4.212
59,21.07 01:00,4.822
59,21.07 02:00,4.884
59,21.07 03:00,4.696
59,21.07 04:00,4.586
59,21.07 05:00,4.721
59,21.07 06:00,4.807
59,21.07 07:00,4.585
59,21.07 08:00,15.069
59,21.07 09:00,22.214
59,21.07 10:00,26.289
59,21.07 11:00,25.277
59,21.07 12:00,22.46
59,21.07 13:00,22.245
59,21.07 14:00,26.243
59,21.07 15:00,22.361
59,21.07 16:00,25.475
59,21.07 17:00,29.589
59,21.07 18:00,34.049
59,21.07 19:00,34.464
59,21.07 20:00,33.34
59,21.07 21:00,29.69
59,21.07 22:00,26.8
59,21.07 23:00,8.882
59,22.07 00:00,3.795
59,22.07 01:00,3.407
59,22.07 02:00,3.588
59,22.07 03:00,3.411
59,22.07 04:00,3.398
59,22.07 05:00,3.395
59,22.07 06:00,3.613
59,22.07 07:00,3.406
59,22.07 08:00,13.567
59,22.07 09:00,22.001
59,22.07 10:00,23.299
59,22.07 11:00,24.263
59,22.07 12:00,25.708
59,22.07 13:00,28.49
59,22.07 14:00,28.49
59,22.07 15:00,23.88
59,22.07 16:00,23.19
59,22.07 17:00,26.103
59,22.07 18:00,30.376
59,22.07 19:00,28.817
59,22.07 20:00,8.517
59,22.07 21:00,6.368
59,22.07 22:00,5.711
59,22.07 23:00,4.692
59,23.07 00:00,4.181
59,23.07 01:00,4.288
59,23.07 02:00,4.202
59,23.07 03:00,4.208
59,23.07 04:00,4.303
59,23.07 05:00,4.192
59,23.07 06:00,4.199
59,23.07 07:00,9.125
59,23.07 08:00,12.908
59,23.07 09:00,21.707
59,23.07 10:00,26.913
59,23.07 11:00,35.164
59,23.07 12:00,37.42
59,23.07 13:00,33.367
59,23.07 14:00,32.651
59,23.07 15:00,20.644
59,23.07 16:00,16.474
59,23.07 17:00,14.656
59,23.07 18:00,7.594
59,23.07 19:00,9.444
59,23.07 20:00,4.09
59,23.07 21:00,4.484
59,23.07 22:00,5.083
59,23.07 23:00,4.782
59,24.07 00:00,4.308
59,24.07 01:00,4.302
59,24.07 02:00,4.205
59,24.07 03:00,4.189
59,24.07 04:00,4.191
59,24.07 05:00,4.294
59,24.07 06:00,4.081
59,24.07 07:00,4.221
59,24.07 08:00,4.486
59,24.07 09:00,10.661
59,24.07 10:00,16.33
59,24.07 11:00,18.818
59,24.07 12:00,29.663
59,24.07 13:00,34.422
59,24.07 14:00,35.461
59,24.07 15:00,34.859
59,24.07 16:00,20.698
59,24.07 17:00,14.386
59,24.07 18:00,4.582
59,24.07 19:00,4.112
59,24.07 20:00,4.086
59,24.07 21:00,4.507
59,24.07 22:00,4.978
59,24.07 23:00,4.904
59,25.07 00:00,4.093
59,25.07 01:00,4.205
59,25.07 02:00,4.204
59,25.07 03:00,4.19
59,25.07 04:00,4.108
59,25.07 05:00,4.211
59,25.07 06:00,4.1
59,25.07 07:00,4.08
59,25.07 08:00,4.306
59,25.07 09:00,14.912
59,25.07 10:00,19.554
59,25.07 11:00,26.409
59,25.07 12:00,30.24
59,25.07 13:00,27.481
59,25.07 14:00,25.126
59,25.07 15:00,19.047
59,25.07 16:00,18.838
59,25.07 17:00,18.826
59,25.07 18:00,21.575
59,25.07 19:00,25.163
59,25.07 20:00,26.199
59,25.07 21:00,20.122
59,25.07 22:00,17.716
59,25.07 23:00,7.504
59,26.07 00:00,3.497
59,26.07 01:00,4.005
59,26.07 02:00,4.007
59,26.07 03:00,3.997
59,26.07 04:00,3.89
59,26.07 05:00,3.983
59,26.07 06:00,3.909
59,26.07 07:00,4.004
59,26.07 08:00,4.091
59,26.07 09:00,15.306
59,26.07 10:00,21.241
59,26.07 11:00,26.526
59,26.07 12:00,26.532
59,26.07 13:00,24.858
59,26.07 14:00,23.817
59,26.07 15:00,22.707
59,26.07 16:00,17.995
59,26.07 17:00,20.331
59,26.07 18:00,23.086
59,26.07 19:00,27.791
59,26.07 20:00,25.014
59,26.07 21:00,23.489
59,26.07 22:00,21.335
59,26.07 23:00,10.967
59,27.07 00:00,3.41
59,27.07 01:00,3.189
59,27.07 02:00,3.291
59,27.07 03:00,3.393
59,27.07 04:00,3.411
59,27.07 05:00,3.201
59,27.07 06:00,3.301
59,27.07 07:00,3.298
59,27.07 08:00,3.417
59,27.07 09:00,12.719
59,27.07 10:00,19.316
59,27.07 11:00,25.093
59,27.07 12:00,25.119
59,27.07 13:00,24.794
59,27.07 14:00,24.452
59,27.07 15:00,18.26
59,27.07 16:00,16.619
59,27.07 17:00,21.333
59,27.07 18:00,23.596
59,27.07 19:00,23.952
59,27.07 20:00,20.551
59,27.07 21:00,24.012
59,27.07 22:00,21.901
59,27.07 23:00,10.398
59,28.07 00:00,3.716
59,28.07 01:00,3.489
59,28.07 02:00,3.391
59,28.07 03:00,3.416
59,28.07 04:00,3.303
59,28.07 05:00,3.399
59,28.07 06:00,3.213
59,28.07 07:00,3.293
59,28.07 08:00,3.59
59,28.07 09:00,11.726
59,28.07 10:00,19.493
59,28.07 11:00,19.398
59,28.07 12:00,18.539
59,28.07 13:00,19.733
59,28.07 14:00,19.391
59,28.07 15:00,19.295
59,28.07 16:00,18.04
59,28.07 17:00,22.007
59,28.07 18:00,24.058
59,28.07 19:00,23.987
59,28.07 20:00,29.124
59,28.07 21:00,26.022
59,28.07 22:00,22.118
59,28.07 23:00,12.155
59,29.07 00:00,3.605
59,29.07 01:00,3.891
59,29.07 02:00,3.918
59,29.07 03:00,3.896
59,29.07 04:00,3.983
59,29.07 05:00,3.713
59,29.07 06:00,3.914
59,29.07 07:00,3.792
59,29.07 08:00,4.175
59,29.07 09:00,13.027
59,29.07 10:00,16.653
59,29.07 11:00,16.633
59,29.07 12:00,16.484
59,29.07 13:00,17.685
59,29.07 14:00,19.224
59,29.07 15:00,19.091
59,29.07 16:00,18.885
59,29.07 17:00,21.266
59,29.07 18:00,20.95
59,29.07 19:00,18.609
59,29.07 20:00,5.984
59,29.07 21:00,5.28
59,29.07 22:00,4.805
59,29.07 23:00,4.096
59,30.07 00:00,3.409
59,30.07 01:00,3.497
59,30.07 02:00,3.397
59,30.07 03:00,3.497
59,30.07 04:00,3.511
59,30.07 05:00,3.498
59,30.07 06:00,3.407
59,30.07 07:00,3.501
59,30.07 08:00,3.716
59,30.07 09:00,11.073
59,30.07 10:00,20.519
59,30.07 11:00,24.112
59,30.07 12:00,22.147
59,30.07 13:00,21.285
59,30.07 14:00,19.545
59,30.07 15:00,18.041
59,30.07 16:00,13.394
59,30.07 17:00,10.109
59,30.07 18:00,3.609
59,30.07 19:00,3.405
59,30.07 20:00,3.289
59,30.07 21:00,3.7
59,30.07 22:00,4.112
59,30.07 23:00,3.893
59,31.07 00:00,3.399
59,31.07 01:00,3.41
59,31.07 02:00,3.385
59,31.07 03:00,3.397
59,31.07 04:00,3.311
59,31.07 05:00,3.395
59,31.07 06:00,3.316
59,31.07 07:00,3.195
59,31.07 08:00,3.586
59,31.07 09:00,12.933
59,31.07 10:00,22.327
59,31.07 11:00,23.377
59,31.07 12:00,24.211
59,31.07 13:00,25.737
59,31.07 14:00,26.83
59,31.07 15:00,26.865
59,31.07 16:00,26.032
59,31.07 17:00,15.834
59,31.07 18:00,8.293
59,31.07 19:00,3.491
59,31.07 20:00,3.484
59,31.07 21:00,3.885
59,31.07 22:00,4.313
59,31.07 23:00,4.012
59,01.08 00:00,3.607
59,01.08 01:00,3.593
59,01.08 02:00,3.615
59,01.08 03:00,3.615
59,01.08 04:00,3.604
59,01.08 05:00,3.396
59,01.08 06:00,3.584
59,01.08 07:00,3.515
59,01.08 08:00,3.606
59,01.08 09:00,13.021
59,01.08 10:00,25.431
59,01.08 11:00,25.91
59,01.08 12:00,27.189
59,01.08 13:00,28.198
59,01.08 14:00,28.465
59,01.08 15:00,19.955
59,01.08 16:00,17.973
59,01.08 17:00,17.816
59,01.08 18:00,21.237
59,01.08 19:00,23.005
59,01.08 20:00,26.395
59,01.08 21:00,22.225
59,01.08 22:00,18.949
59,01.08 23:00,6.969
59,02.08 00:00,3.397
59,02.08 01:00,3.316
59,02.08 02:00,3.398
59,02.08 03:00,3.384
59,02.08 04:00,3.293
59,02.08 05:00,3.531
59,02.08 06:00,3.391
59,02.08 07:00,3.307
59,02.08 08:00,3.412
59,02.08 09:00,13.841
59,02.08 10:00,21.877
59,02.08 11:00,25.279
59,02.08 12:00,22.778
59,02.08 13:00,21.774
59,02.08 14:00,26.344
59,02.08 15:00,24.897
59,02.08 16:00,23.882
59,02.08 17:00,26.712
59,02.08 18:00,27.614
59,02.08 19:00,28.054
59,02.08 20:00,28.674
59,02.08 21:00,27.721
59,02.08 22:00,22.566
59,02.08 23:00,10.414
59,03.08 00:00,3.607
59,03.08 01:00,3.414
59,03.08 02:00,3.406
59,03.08 03:00,3.394
59,03.08 04:00,3.399
59,03.08 05:00,3.508
59,03.08 06:00,3.395
59,03.08 07:00,3.389
59,03.08 08:00,3.485
59,03.08 09:00,13.701
59,03.08 10:00,19.741
59,03.08 11:00,27.369
59,03.08 12:00,27.412
59,03.08 13:00,27.588
59,03.08 14:00,26.43
59,03.08 15:00,19.482
59,03.08 16:00,23.513
59,03.08 17:00,22.547
59,03.08 18:00,24.873
59,03.08 19:00,28.511
59,03.08 20:00,28.261
59,03.08 21:00,24.344
59,03.08 22:00,18.615
59,03.08 23:00,7.571
59,04.08 00:00,3.408
59,04.08 01:00,3.599
59,04.08 02:00,3.617
59,04.08 03:00,3.594
59,04.08 04:00,3.483
59,04.08 05:00,3.483
59,04.08 06:00,3.602
59,04.08 07:00,3.6
59,04.08 08:00,3.711
59,04.08 09:00,13.884
59,04.08 10:00,21.084
59,04.08 11:00,26.289
59,04.08 12:00,24.783
59,04.08 13:00,24.282
59,04.08 14:00,19.762
59,04.08 15:00,17.295
59,04.08 16:00,20.429
59,04.08 17:00,23.8
59,04.08 18:00,27.17
59,04.08 19:00,28.05
59,04.08 20:00,27.24
59,04.08 21:00,25.705
59,04.08 22:00,23.627
59,04.08 23:00,9.533
59,05.08 00:00,3.596
59,05.08 01:00,3.61
59,05.08 02:00,3.388
59,05.08 03:00,3.406
59,05.08 04:00,3.414
59,05.08 05:00,3.408
59,05.08 06:00,3.395
59,05.08 07:00,3.398
59,05.08 08:00,3.613
59,05.08 09:00,10.704
59,05.08 10:00,16.515
59,05.08 11:00,18.261
59,05.08 12:00,24.201
59,05.08 13:00,20.84
59,05.08 14:00,20.218
59,05.08 15:00,18.215
59,05.08 16:00,18.634
59,05.08 17:00,20.265
59,05.08 18:00,20.37
59,05.08 19:00,14.806
59,05.08 20:00,6.007
59,05.08 21:00,5.278
59,05.08 22:00,4.601
59,05.08 23:00,3.99
59,06.08 00:00,3.296
59,06.08 01:00,3.405
59,06.08 02:00,3.383
59,06.08 03:00,3.59
59,06.08 04:00,3.411
59,06.08 05:00,3.503
59,06.08 06:00,3.385
59,06.08 07:00,3.407
59,06.08 08:00,3.615
59,06.08 09:00,11.154
59,06.08 10:00,15.995
59,06.08 11:00,16.95
59,06.08 12:00,17.158
59,06.08 13:00,17.872
59,06.08 14:00,17.024
59,06.08 15:00,16.916
59,06.08 16:00,15.991
59,06.08 17:00,11.025
59,06.08 18:00,3.586
59,06.08 19:00,3.294
59,06.08 20:00,3.115
59,06.08 21:00,3.612
59,06.08 22:00,4.302
59,06.08 23:00,4.002
59,07.08 00:00,3.398
59,07.08 01:00,3.387
59,07.08 02:00,3.298
59,07.08 03:00,3.428
59,07.08 04:00,3.49
59,07.08 05:00,3.312
59,07.08 06:00,3.193
59,07.08 07:00,3.293
59,07.08 08:00,3.507
59,07.08 09:00,11.235
59,07.08 10:00,23.802
59,07.08 11:00,25.861
59,07.08 12:00,27.577
59,07.08 13:00,26.884
59,07.08 14:00,26.595
59,07.08 15:00,26.56
59,07.08 16:00,21.063
59,07.08 17:00,13.238
59,07.08 18:00,10.209
59,07.08 19:00,3.695
59,07.08 20:00,3.386
59,07.08 21:00,3.787
59,07.08 22:00,4.2
59,07.08 23:00,4.097
59,08.08 00:00,3.51
59,08.08 01:00,3.487
59,08.08 02:00,3.486
59,08.08 03:00,3.487
59,08.08 04:00,3.388
59,08.08 05:00,3.386
59,08.08 06:00,3.484
59,08.08 07:00,3.414
59,08.08 08:00,3.445
59,08.08 09:00,12.704
59,08.08 10:00,24.722
59,08.08 11:00,28.162
59,08.08 12:00,28.183
59,08.08 13:00,30.26
59,08.08 14:00,31.089
59,08.08 15:00,27.774
59,08.08 16:00,27.417
59,08.08 17:00,25.898
59,08.08 18:00,22.399
59,08.08 19:00,29.584
59,08.08 20:00,27.47
59,08.08 21:00,24.981
59,08.08 22:00,22.486
59,08.08 23:00,7.002
59,09.08 00:00,3.587
59,09.08 01:00,3.716
59,09.08 02:00,3.709
59,09.08 03:00,3.615
59,09.08 04:00,3.705
59,09.08 05:00,3.583
59,09.08 06:00,3.685
59,09.08 07:00,3.602
59,09.08 08:00,3.683
59,09.08 09:00,11.812
59,09.08 10:00,20.776
59,09.08 11:00,26.366
59,09.08 12:00,24.782
59,09.08 13:00,25.91
59,09.08 14:00,24.479
59,09.08 15:00,23.984
59,09.08 16:00,24.059
59,09.08 17:00,25.637
59,09.08 18:00,26.986
59,09.08 19:00,28.035
59,09.08 20:00,26.476
59,09.08 21:00,25.635
59,09.08 22:00,26.381
59,09.08 23:00,13.122
59,10.08 00:00,3.909
59,10.08 01:00,3.405
59,10.08 02:00,3.497
59,10.08 03:00,3.491
59,10.08 04:00,3.485
59,10.08 05:00,3.405
59,10.08 06:00,3.606
59,10.08 07:00,3.412
59,10.08 08:00,3.6
59,10.08 09:00,11.945
59,10.08 10:00,19.269
59,10.08 11:00,24.486
59,10.08 12:00,26.288
59,10.08 13:00,27.018
59,10.08 14:00,25.806
59,10.08 15:00,20.696
59,10.08 16:00,18.819
59,10.08 17:00,19.772
59,10.08 18:00,25.069
59,10.08 19:00,27.933
59,10.08 20:00,25.582
59,10.08 21:00,24.015
59,10.08 22:00,22.73
59,10.08 23:00,8.922
59,11.08 00:00,3.808
59,11.08 01:00,4.1
59,11.08 02:00,3.834
59,11.08 03:00,3.985
59,11.08 04:00,4.001
59,11.08 05:00,4.014
59,11.08 06:00,3.788
59,11.08 07:00,3.901
59,11.08 08:00,4.015
59,11.08 09:00,12.508
59,11.08 10:00,18.94
59,11.08 11:00,19.976
59,11.08 12:00,18.662
59,11.08 13:00,18.456
59,11.08 14:00,19.763
59,11.08 15:00,20.147
59,11.08 16:00,20.783
59,11.08 17:00,26.032
59,11.08 18:00,27.575
59,11.08 19:00,27.129
59,11.08 20:00,27.076
59,11.08 21:00,28.566
59,11.08 22:00,27.116
59,11.08 23:00,7.797
59,12.08 00:00,3.59
59,12.08 01:00,3.587
59,12.08 02:00,3.508
59,12.08 03:00,3.593
59,12.08 04:00,3.385
59,12.08 05:00,3.617
59,12.08 06:00,3.603
59,12.08 07:00,3.404
59,12.08 08:00,3.489
59,12.08 09:00,11.553
59,12.08 10:00,16.96
59,12.08 11:00,19.357
59,12.08 12:00,23.952
59,12.08 13:00,25.178
59,12.08 14:00,25.423
59,12.08 15:00,25.375
59,12.08 16:00,22.11
59,12.08 17:00,20.038
59,12.08 18:00,19.822
59,12.08 19:00,17.537
59,12.08 20:00,6.407
59,12.08 21:00,5.805
59,12.08 22:00,5.291
59,12.08 23:00,4.396
59,13.08 00:00,4.489
59,13.08 01:00,3.691
59,13.08 02:00,3.693
59,13.08 03:00,3.589
59,13.08 04:00,3.588
59,13.08 05:00,3.769
59,13.08 06:00,3.697
59,13.08 07:00,3.508
59,13.08 08:00,3.788
59,13.08 09:00,10.964
59,13.08 10:00,15.669
59,13.08 11:00,23.759
59,13.08 12:00,25.708
59,13.08 13:00,24.818
59,13.08 14:00,23.359
59,13.08 15:00,20.367
59,13.08 16:00,23.713
59,13.08 17:00,16.564
59,13.08 18:00,5.408
59,13.08 19:00,4.978
59,13.08 20:00,5.102
59,13.08 21:00,5.5
59,13.08 22:00,5.897
59,13.08 23:00,5.692
59,14.08 00:00,4.587
59,14.08 01:00,5.119
59,14.08 02:00,5.175
59,14.08 03:00,5.088
59,14.08 04:00,5.204
59,14.08 05:00,4.983
59,14.08 06:00,5.115
59,14.08 07:00,5.093
59,14.08 08:00,5.217
59,14.08 09:00,12.752
59,14.08 10:00,17.078
59,14.08 11:00,18.773
59,14.08 12:00,24.818
59,14.08 13:00,26.951
59,14.08 14:00,27.374
59,14.08 15:00,27.497
59,14.08 16:00,26.547
59,14.08 17:00,14.499
59,14.08 18:00,4.004
59,14.08 19:00,4.211
59,14.08 20:00,3.986
59,14.08 21:00,4.302
59,14.08 22:00,4.885
59,14.08 23:00,4.701
59,15.08 00:00,3.603
59,15.08 01:00,4.097
59,15.08 02:00,4.109
59,15.08 03:00,4.087
59,15.08 04:00,4.018
59,15.08 05:00,4.205
59,15.08 06:00,4.097
59,15.08 07:00,3.993
59,15.08 08:00,4.082
59,15.08 09:00,14.259
59,15.08 10:00,28.685
59,15.08 11:00,29.483
59,15.08 12:00,29.113
59,15.08 13:00,29.634
59,15.08 14:00,28.293
59,15.08 15:00,26.995
59,15.08 16:00,25.866
59,15.08 17:00,19.857
59,15.08 18:00,21.981
59,15.08 19:00,31.506
59,15.08 20:00,28.577
59,15.08 21:00,27.661
59,15.08 22:00,23.673
59,15.08 23:00,9.401
59,16.08 00:00,3.407
59,16.08 01:00,3.413
59,16.08 02:00,3.397
59,16.08 03:00,3.411
59,16.08 04:00,3.306
59,16.08 05:00,3.289
59,16.08 06:00,3.403
59,16.08 07:00,3.208
59,16.08 08:00,3.412
59,16.08 09:00,14.74
59,16.08 10:00,28.025
59,16.08 11:00,30.961
59,16.08 12:00,29.493
59,16.08 13:00,29.329
59,16.08 14:00,30.406
59,16.08 15:00,25.877
59,16.08 16:00,19.418
59,16.08 17:00,31.013
59,16.08 18:00,32.963
59,16.08 19:00,31.373
59,16.08 20:00,30.798
59,16.08 21:00,22.232
59,16.08 22:00,25.28
59,16.08 23:00,10.22
59,17.08 00:00,3.39
59,17.08 01:00,3.39
59,17.08 02:00,3.316
59,17.08 03:00,3.195
59,17.08 04:00,3.417
59,17.08 05:00,3.405
59,17.08 06:00,3.392
59,17.08 07:00,3.304
59,17.08 08:00,3.516
59,17.08 09:00,12.052
59,17.08 10:00,18.896
59,17.08 11:00,20.447
59,17.08 12:00,20.701
59,17.08 13:00,26.121
59,17.08 14:00,25.952
59,17.08 15:00,18.559
59,17.08 16:00,18.101
59,17.08 17:00,18.804
59,17.08 18:00,22.416
59,17.08 19:00,27.853
59,17.08 20:00,24.458
59,17.08 21:00,27.228
59,17.08 22:00,24.613
59,17.08 23:00,10.366
59,18.08 00:00,3.689
59,18.08 01:00,3.6
59,18.08 02:00,3.493
59,18.08 03:00,3.389
59,18.08 04:00,3.5
59,18.08 05:00,3.496
59,18.08 06:00,3.399
59,18.08 07:00,3.394
59,18.08 08:00,3.616
59,18.08 09:00,12.313
59,18.08 10:00,22.662
59,18.08 11:00,23.961
59,18.08 12:00,23.243
59,18.08 13:00,19.66
59,18.08 14:00,20.315
59,18.08 15:00,22.61
59,18.08 16:00,21.419
59,18.08 17:00,26.206
59,18.08 18:00,30.981
59,18.08 19:00,27.811
59,18.08 20:00,33.086
59,18.08 21:00,27.688
59,18.08 22:00,28.658
59,18.08 23:00,8.315
59,19.08 00:00,3.586
59,19.08 01:00,3.708
59,19.08 02:00,3.898
59,19.08 03:00,3.715
59,19.08 04:00,3.696
59,19.08 05:00,3.794
59,19.08 06:00,3.792
59,19.08 07:00,3.708
59,19.08 08:00,3.894
59,19.08 09:00,11.393
59,19.08 10:00,17.833
59,19.08 11:00,19.595
59,19.08 12:00,23.258
59,19.08 13:00,20.617
59,19.08 14:00,21.741
59,19.08 15:00,19.534
59,19.08 16:00,22.464
59,19.08 17:00,25.127
59,19.08 18:00,22.545
59,19.08 19:00,19.707
59,19.08 20:00,6.713
59,19.08 21:00,5.805
59,19.08 22:00,5.094
59,19.08 23:00,4.114
59,20.08 00:00,3.397
59,20.08 01:00,3.506
59,20.08 02:00,3.513
59,20.08 03:00,3.293
59,20.08 04:00,3.397
59,20.08 05:00,3.386
59,20.08 06:00,3.496
59,20.08 07:00,3.311
59,20.08 08:00,3.605
59,20.08 09:00,11.945
59,20.08 10:00,27.643
59,20.08 11:00,28.804
59,20.08 12:00,27.209
59,20.08 13:00,27.836
59,20.08 14:00,26.573
59,20.08 15:00,24.983
59,20.08 16:00,21.717
59,20.08 17:00,19.825
59,20.08 18:00,3.851
59,20.08 19:00,3.202
59,20.08 20:00,3.289
59,20.08 21:00,3.881
59,20.08 22:00,4.199
59,20.08 23:00,3.983
59,21.08 00:00,3.406
59,21.08 01:00,3.405
59,21.08 02:00,3.598
59,21.08 03:00,3.716
59,21.08 04:00,3.405
59,21.08 05:00,3.409
59,21.08 06:00,3.411
59,21.08 07:00,3.414
59,21.08 08:00,3.513
59,21.08 09:00,11.702
59,21.08 10:00,23.286
59,21.08 11:00,23.037
59,21.08 12:00,19.687
59,21.08 13:00,23.802
59,21.08 14:00,22.607
59,21.08 15:00,22.338
59,21.08 16:00,18.563
59,21.08 17:00,12.529
59,21.08 18:00,3.29
59,21.08 19:00,3.397
59,21.08 20:00,3.496
59,21.08 21:00,3.902
59,21.08 22:00,4.314
59,21.08 23:00,3.91
59,22.08 00:00,3.294
59,22.08 01:00,3.413
59,22.08 02:00,3.416
59,22.08 03:00,3.306
59,22.08 04:00,3.4
59,22.08 05:00,3.514
59,22.08 06:00,3.414
59,22.08 07:00,3.307
59,22.08 08:00,3.414
59,22.08 09:00,11.313
59,22.08 10:00,21.38
59,22.08 11:00,26.936
59,22.08 12:00,26.041
59,22.08 13:00,23.399
59,22.08 14:00,26.944
59,22.08 15:00,27.58
59,22.08 16:00,21.128
59,22.08 17:00,18.233
59,22.08 18:00,20.574
59,22.08 19:00,26.242
59,22.08 20:00,30.288
59,22.08 21:00,24.916
59,22.08 22:00,20.967
59,22.08 23:00,8.461
59,23.08 00:00,3.414
59,23.08 01:00,3.304
59,23.08 02:00,3.385
59,23.08 03:00,3.202
59,23.08 04:00,3.389
59,23.08 05:00,3.409
59,23.08 06:00,3.407
59,23.08 07:00,3.386
59,23.08 08:00,3.405
59,23.08 09:00,14.404
59,23.08 10:00,17.574
59,23.08 11:00,19.447
59,23.08 12:00,22.393
59,23.08 13:00,26.575
59,23.08 14:00,26.964
59,23.08 15:00,23.367
59,23.08 16:00,22.204
59,23.08 17:00,31.759
59,23.08 18:00,25.804
59,23.08 19:00,25.26
59,23.08 20:00,31.149
59,23.08 21:00,28.43
59,23.08 22:00,18.902
59,23.08 23:00,6.805
59,24.08 00:00,3.412
59,24.08 01:00,3.405
59,24.08 02:00,3.414
59,24.08 03:00,3.301
59,24.08 04:00,3.306
59,24.08 05:00,3.404
59,24.08 06:00,3.29
59,24.08 07:00,3.308
59,24.08 08:00,3.587
59,24.08 09:00,13.975
59,24.08 10:00,19.634
59,24.08 11:00,24.437
59,24.08 12:00,27.892
59,24.08 13:00,27.394
59,24.08 14:00,26.839
59,24.08 15:00,24.063
59,24.08 16:00,17.714
59,24.08 17:00,18.239
59,24.08 18:00,20.837
59,24.08 19:00,28.125
59,24.08 20:00,27.629
59,24.08 21:00,27.603
59,24.08 22:00,26.522
59,24.08 23:00,10.789
59,25.08 00:00,3.704
59,25.08 01:00,3.597
59,25.08 02:00,3.496
59,25.08 03:00,3.503
59,25.08 04:00,3.599
59,25.08 05:00,3.5
59,25.08 06:00,3.505
59,25.08 07:00,3.609
59,25.08 08:00,3.799
59,25.08 09:00,11.705
59,25.08 10:00,21.332
59,25.08 11:00,21.572
59,25.08 12:00,23.1
59,25.08 13:00,25.778
59,25.08 14:00,25.201
59,25.08 15:00,26.142
59,25.08 16:00,22.839
59,25.08 17:00,29.277
59,25.08 18:00,29.731
59,25.08 19:00,31.953
59,25.08 20:00,30.684
59,25.08 21:00,29.056
59,25.08 22:00,25.815
59,25.08 23:00,11.171
59,26.08 00:00,3.984
59,26.08 01:00,4.413
59,26.08 02:00,4.413
59,26.08 03:00,4.103
59,26.08 04:00,3.984
59,26.08 05:00,4.093
59,26.08 06:00,4.189
59,26.08 07:00,4.003
59,26.08 08:00,3.908
59,26.08 09:00,10.778
59,26.08 10:00,18.59
59,26.08 11:00,20.33
59,26.08 12:00,24.193
59,26.08 13:00,29.078
59,26.08 14:00,26.935
59,26.08 15:00,20.626
59,26.08 16:00,18.785
59,26.08 17:00,24.807
59,26.08 18:00,23.503
59,26.08 19:00,16.113
59,26.08 20:00,6.483
59,26.08 21:00,5.691
59,26.08 22:00,5.274
59,26.08 23:00,4.417
59,27.08 00:00,3.505
59,27.08 01:00,3.587
59,27.08 02:00,3.614
59,27.08 03:00,3.715
59,27.08 04:00,3.485
59,27.08 05:00,3.594
59,27.08 06:00,3.71
59,27.08 07:00,3.593
59,27.08 08:00,3.718
59,27.08 09:00,11.375
59,27.08 10:00,18.552
59,27.08 11:00,20.674
59,27.08 12:00,18.668
59,27.08 13:00,18.545
59,27.08 14:00,22.462
59,27.08 15:00,25.699
59,27.08 16:00,25.296
59,27.08 17:00,14.745
59,27.08 18:00,3.488
59,27.08 19:00,3.199
59,27.08 20:00,3.401
59,27.08 21:00,3.694
59,27.08 22:00,4.101
59,27.08 23:00,3.888
59,28.08 00:00,3.39
59,28.08 01:00,3.389
59,28.08 02:00,3.209
59,28.08 03:00,3.303
59,28.08 04:00,3.197
59,28.08 05:00,3.411
59,28.08 06:00,3.416
59,28.08 07:00,3.208
59,28.08 08:00,3.389
59,28.08 09:00,11.433
59,28.08 10:00,19.899
59,28.08 11:00,22.258
59,28.08 12:00,25.37
59,28.08 13:00,26.085
59,28.08 14:00,24.636
59,28.08 15:00,27.497
59,28.08 16:00,27.295
59,28.08 17:00,18.954
59,28.08 18:00,16.683
59,28.08 19:00,10.281
59,28.08 20:00,3.187
59,28.08 21:00,3.713
59,28.08 22:00,4.302
59,28.08 23:00,3.885
59,29.08 00:00,3.354
59,29.08 01:00,3.306
59,29.08 02:00,3.299
59,29.08 03:00,3.514
59,29.08 04:00,3.307
59,29.08 05:00,3.311
59,29.08 06:00,3.29
59,29.08 07:00,3.416
59,29.08 08:00,3.41
59,29.08 09:00,3.413
59,29.08 10:00,6.496
59,29.08 11:00,6.682
59,29.08 12:00,6.615
59,29.08 13:00,6.221
59,29.08 14:00,6.211
59,29.08 15:00,15.16
59,29.08 16:00,15.132
59,29.08 17:00,8.34
59,29.08 18:00,6.106
59,29.08 19:00,6.089
59,29.08 20:00,5.885
59,29.08 21:00,5.711
59,29.08 22:00,5.097
59,29.08 23:00,4.085
59,30.08 00:00,4.295
59,30.08 01:00,3.385
59,30.08 02:00,3.398
59,30.08 03:00,3.291
59,30.08 04:00,3.396
59,30.08 05:00,3.188
59,30.08 06:00,3.406
59,30.08 07:00,3.297
59,30.08 08:00,3.404
59,30.08 09:00,11.96
59,30.08 10:00,19.062
59,30.08 11:00,21.96
59,30.08 12:00,19.48
59,30.08 13:00,23.8
59,30.08 14:00,25.131
59,30.08 15:00,17.187
59,30.08 16:00,18.225
59,30.08 17:00,30.798
59,30.08 18:00,28.614
59,30.08 19:00,29.276
59,30.08 20:00,30.68
59,30.08 21:00,31.711
59,30.08 22:00,28.84
59,30.08 23:00,14.809
59,31.08 00:00,4.409
59,31.08 01:00,5.016
59,31.08 02:00,5.086
59,31.08 03:00,5.189
59,31.08 04:00,5.215
59,31.08 05:00,5.218
59,31.08 06:00,5.211
59,31.08 07:00,5.006
59,31.08 08:00,5.213
59,31.08 09:00,14.387
59,31.08 10:00,19.694
59,31.08 11:00,28.393
59,31.08 12:00,28.718
59,31.08 13:00,28.797
59,31.08 14:00,28.112
59,31.08 15:00,27.017
59,31.08 16:00,26.507
59,31.08 17:00,28.973
59,31.08 18:00,30.471
59,31.08 19:00,32.03
59,31.08 20:00,31.728
59,31.08 21:00,27.015
59,31.08 22:00,27.955
59,31.08 23:00,9.623
59,01.09 00:00,3.895
59,01.09 01:00,3.494
59,01.09 02:00,3.49
59,01.09 03:00,3.791
59,01.09 04:00,3.617
59,01.09 05:00,3.504
59,01.09 06:00,3.495
59,01.09 07:00,3.396
59,01.09 08:00,3.81
59,01.09 09:00,13.345
59,01.09 10:00,25.552
59,01.09 11:00,23.808
59,01.09 12:00,20.083
59,01.09 13:00,18.468
59,01.09 14:00,17.181
59,01.09 15:00,17.376
59,01.09 16:00,17.496
59,01.09 17:00,30.609
59,01.09 18:00,31.09
59,01.09 19:00,30.079
59,01.09 20:00,34.037
59,01.09 21:00,35.007
59,01.09 22:00,31.018
59,01.09 23:00,10.942
59,02.09 00:00,3.896
59,02.09 01:00,4.185
59,02.09 02:00,4.204
59,02.09 03:00,4.105
59,02.09 04:00,4.12
59,02.09 05:00,3.788
59,02.09 06:00,4.192
59,02.09 07:00,3.783
59,02.09 08:00,4.217
59,02.09 09:00,12.554
59,02.09 10:00,19.347
59,02.09 11:00,21.436
59,02.09 12:00,27.625
59,02.09 13:00,28.543
59,02.09 14:00,28.995
59,02.09 15:00,29.038
59,02.09 16:00,28.668
59,02.09 17:00,28.045
59,02.09 18:00,27.602
59,02.09 19:00,20.738
59,02.09 20:00,6.418
59,02.09 21:00,5.811
59,02.09 22:00,4.904
59,02.09 23:00,4.112
59,03.09 00:00,3.51
59,03.09 01:00,3.483
59,03.09 02:00,3.586
59,03.09 03:00,3.511
59,03.09 04:00,3.505
59,03.09 05:00,3.513
59,03.09 06:00,3.487
59,03.09 07:00,3.504
59,03.09 08:00,3.605
59,03.09 09:00,11.724
59,03.09 10:00,23.272
59,03.09 11:00,26.794
59,03.09 12:00,26.283
59,03.09 13:00,27.063
59,03.09 14:00,20.025
59,03.09 15:00,18.668
59,03.09 16:00,17.781
59,03.09 17:00,13.488
59,03.09 18:00,3.713
59,03.09 19:00,3.405
59,03.09 20:00,3.49
59,03.09 21:00,4.11
59,03.09 22:00,4.39
59,03.09 23:00,4.21
59,04.09 00:00,3.605
59,04.09 01:00,3.706
59,04.09 02:00,3.686
59,04.09 03:00,3.487
59,04.09 04:00,3.512
59,04.09 05:00,3.689
59,04.09 06:00,3.585
59,04.09 07:00,3.507
59,04.09 08:00,3.587
59,04.09 09:00,11.033
59,04.09 10:00,19.868
59,04.09 11:00,21.693
59,04.09 12:00,24.102
59,04.09 13:00,27.265
59,04.09 14:00,25.422
59,04.09 15:00,25.856
59,04.09 16:00,22.489
59,04.09 17:00,14.146
59,04.09 18:00,3.394
59,04.09 19:00,3.192
59,04.09 20:00,3.3
59,04.09 21:00,4.004
59,04.09 22:00,4.038
59,04.09 23:00,3.828
59,05.09 00:00,3.901
59,05.09 01:00,3.897
59,05.09 02:00,3.894
59,05.09 03:00,3.91
59,05.09 04:00,3.888
59,05.09 05:00,0.999
59,05.09 06:00,0.997
59,05.09 07:00,1.002
59,05.09 08:00,1.001
59,05.09 09:00,0.995
59,05.09 10:00,0.996
59,05.09 11:00,1.0
59,05.09 12:00,1.002
59,05.09 13:00,0.995
59,05.09 14:00,1.001
59,05.09 15:00,0.999
59,05.09 16:00,1.003
59,05.09 17:00,0.997
59,05.09 18:00,0.995
59,05.09 19:00,0.999
59,05.09 20:00,0.996
59,05.09 21:00,1.005
59,05.09 22:00,0.999
59,05.09 23:00,1.001
59,06.09 00:00,2.197
59,06.09 01:00,0.0
59,06.09 02:00,3.393
59,06.09 03:00,3.394
59,06.09 04:00,3.492
59,06.09 05:00,3.507
59,06.09 06:00,3.393
59,06.09 07:00,3.398
59,06.09 08:00,3.587
59,06.09 09:00,12.252
59,06.09 10:00,22.626
59,06.09 11:00,28.09
59,06.09 12:00,21.017
59,06.09 13:00,27.033
59,06.09 14:00,23.766
59,06.09 15:00,19.771
59,06.09 16:00,20.428
59,06.09 17:00,28.811
59,06.09 18:00,29.625
59,06.09 19:00,29.221
59,06.09 20:00,33.723
59,06.09 21:00,35.599
59,06.09 22:00,30.674
59,06.09 23:00,12.27
59,07.09 00:00,3.984
59,07.09 01:00,4.106
59,07.09 02:00,3.919
59,07.09 03:00,3.911
59,07.09 04:00,4.211
59,07.09 05:00,3.912
59,07.09 06:00,3.816
59,07.09 07:00,3.913
59,07.09 08:00,4.313
59,07.09 09:00,11.79
59,07.09 10:00,18.413
59,07.09 11:00,25.575
59,07.09 12:00,23.479
59,07.09 13:00,28.697
59,07.09 14:00,26.567
59,07.09 15:00,21.761
59,07.09 16:00,18.065
59,07.09 17:00,21.653
59,07.09 18:00,23.486
59,07.09 19:00,25.406
59,07.09 20:00,23.618
59,07.09 21:00,28.316
59,07.09 22:00,28.881
59,07.09 23:00,9.021
59,08.09 00:00,3.316
59,08.09 01:00,3.502
59,08.09 02:00,3.397
59,08.09 03:00,3.383
59,08.09 04:00,3.519
59,08.09 05:00,3.297
59,08.09 06:00,3.406
59,08.09 07:00,3.613
59,08.09 08:00,3.383
59,08.09 09:00,13.649
59,08.09 10:00,22.581
59,08.09 11:00,22.814
59,08.09 12:00,18.537
59,08.09 13:00,18.769
59,08.09 14:00,18.778
59,08.09 15:00,20.014
59,08.09 16:00,20.979
59,08.09 17:00,31.924
59,08.09 18:00,33.316
59,08.09 19:00,27.335
59,08.09 20:00,35.181
59,08.09 21:00,34.327
59,08.09 22:00,27.885
59,08.09 23:00,9.484
59,09.09 00:00,3.599
59,09.09 01:00,3.597
59,09.09 02:00,3.415
59,09.09 03:00,3.405
59,09.09 04:00,3.484
59,09.09 05:00,3.489
59,09.09 06:00,3.708
59,09.09 07:00,3.517
59,09.09 08:00,3.593
59,09.09 09:00,13.266
59,09.09 10:00,16.683
59,09.09 11:00,17.466
59,09.09 12:00,19.639
59,09.09 13:00,20.617
59,09.09 14:00,20.588
59,09.09 15:00,19.178
59,09.09 16:00,18.386
59,09.09 17:00,21.354
59,09.09 18:00,21.957
59,09.09 19:00,19.495
59,09.09 20:00,6.788
59,09.09 21:00,6.225
59,09.09 22:00,5.281
59,09.09 23:00,4.207
59,10.09 00:00,3.61
59,10.09 01:00,3.583
59,10.09 02:00,3.496
59,10.09 03:00,3.486
59,10.09 04:00,3.616
59,10.09 05:00,3.489
59,10.09 06:00,3.616
59,10.09 07:00,3.517
59,10.09 08:00,3.698
59,10.09 09:00,11.85
59,10.09 10:00,23.219
59,10.09 11:00,28.269
59,10.09 12:00,27.286
59,10.09 13:00,27.125
59,10.09 14:00,27.469
59,10.09 15:00,26.602
59,10.09 16:00,26.399
59,10.09 17:00,15.663
59,10.09 18:00,4.182
59,10.09 19:00,3.209
59,10.09 20:00,3.087
59,10.09 21:00,3.788
59,10.09 22:00,4.183
59,10.09 23:00,3.916
59,11.09 00:00,3.294
59,11.09 01:00,3.304
59,11.09 02:00,3.395
59,11.09 03:00,3.299
59,11.09 04:00,3.198
59,11.09 05:00,3.29
59,11.09 06:00,3.404
59,11.09 07:00,3.2
59,11.09 08:00,3.49
59,11.09 09:00,10.404
59,11.09 10:00,19.108
59,11.09 11:00,20.895
59,11.09 12:00,21.771
59,11.09 13:00,25.396
59,11.09 14:00,25.633
59,11.09 15:00,25.477
59,11.09 16:00,19.415
59,11.09 17:00,10.211
59,11.09 18:00,3.699
59,11.09 19:00,3.202
59,11.09 20:00,3.286
59,11.09 21:00,3.815
59,11.09 22:00,4.196
59,11.09 23:00,3.999
59,12.09 00:00,3.302
59,12.09 01:00,3.296
59,12.09 02:00,3.415
59,12.09 03:00,3.592
59,12.09 04:00,3.397
59,12.09 05:00,3.292
59,12.09 06:00,3.51
59,12.09 07:00,3.314
59,12.09 08:00,3.513
59,12.09 09:00,16.87
59,12.09 10:00,18.586
59,12.09 11:00,20.823
59,12.09 12:00,21.363
59,12.09 13:00,25.016
59,12.09 14:00,24.095
59,12.09 15:00,20.343
59,12.09 16:00,19.445
59,12.09 17:00,18.064
59,12.09 18:00,19.778
59,12.09 19:00,25.562
59,12.09 20:00,29.504
59,12.09 21:00,24.622
59,12.09 22:00,20.594
59,12.09 23:00,8.774
59,13.09 00:00,3.409
59,13.09 01:00,3.286
59,13.09 02:00,3.313
59,13.09 03:00,3.415
59,13.09 04:00,3.29
59,13.09 05:00,3.307
59,13.09 06:00,3.517
59,13.09 07:00,3.411
59,13.09 08:00,3.494
59,13.09 09:00,14.16
59,13.09 10:00,21.514
59,13.09 11:00,26.21
59,13.09 12:00,21.698
59,13.09 13:00,20.398
59,13.09 14:00,21.799
59,13.09 15:00,18.974
59,13.09 16:00,18.699
59,13.09 17:00,25.936
59,13.09 18:00,28.186
59,13.09 19:00,26.652
59,13.09 20:00,32.645
59,13.09 21:00,32.867
59,13.09 22:00,28.264
59,13.09 23:00,13.11
59,14.09 00:00,3.407
59,14.09 01:00,3.515
59,14.09 02:00,3.616
59,14.09 03:00,3.405
59,14.09 04:00,3.394
59,14.09 05:00,3.401
59,14.09 06:00,3.487
59,14.09 07:00,3.507
59,14.09 08:00,3.402
59,14.09 09:00,12.65
59,14.09 10:00,17.495
59,14.09 11:00,25.368
59,14.09 12:00,25.708
59,14.09 13:00,27.427
59,14.09 14:00,25.692
59,14.09 15:00,19.335
59,14.09 16:00,23.16
59,14.09 17:00,28.054
59,14.09 18:00,29.612
59,14.09 19:00,30.993
59,14.09 20:00,29.503
59,14.09 21:00,25.597
59,14.09 22:00,22.813
59,14.09 23:00,7.704
59,15.09 00:00,3.484
59,15.09 01:00,3.718
59,15.09 02:00,3.493
59,15.09 03:00,3.484
59,15.09 04:00,3.509
59,15.09 05:00,3.59
59,15.09 06:00,3.408
59,15.09 07:00,3.405
59,15.09 08:00,3.615
59,15.09 09:00,14.231
59,15.09 10:00,21.09
59,15.09 11:00,20.099
59,15.09 12:00,18.949
59,15.09 13:00,19.478
59,15.09 14:00,19.793
59,15.09 15:00,18.643
59,15.09 16:00,22.048
59,15.09 17:00,30.103
59,15.09 18:00,31.444
59,15.09 19:00,33.284
59,15.09 20:00,31.618
59,15.09 21:00,27.535
59,15.09 22:00,21.831
59,15.09 23:00,9.306
59,16.09 00:00,3.695
59,16.09 01:00,3.524
59,16.09 02:00,3.591
59,16.09 03:00,3.599
59,16.09 04:00,3.4
59,16.09 05:00,3.505
59,16.09 06:00,3.485
59,16.09 07:00,3.608
59,16.09 08:00,3.414
59,16.09 09:00,13.15
59,16.09 10:00,20.09
59,16.09 11:00,20.451
59,16.09 12:00,24.085
59,16.09 13:00,23.813
59,16.09 14:00,23.187
59,16.09 15:00,22.263
59,16.09 16:00,20.097
59,16.09 17:00,21.746
59,16.09 18:00,25.73
59,16.09 19:00,24.459
59,16.09 20:00,7.31
59,16.09 21:00,6.201
59,16.09 22:00,5.294
59,16.09 23:00,4.296
59,17.09 00:00,8.035
59,17.09 01:00,3.81
59,17.09 02:00,3.882
59,17.09 03:00,3.795
59,17.09 04:00,3.695
59,17.09 05:00,3.908
59,17.09 06:00,3.813
59,17.09 07:00,3.703
59,17.09 08:00,3.801
59,17.09 09:00,11.339
59,17.09 10:00,16.994
59,17.09 11:00,20.505
59,17.09 12:00,22.593
59,17.09 13:00,22.882
59,17.09 14:00,23.312
59,17.09 15:00,22.497
59,17.09 16:00,22.21
59,17.09 17:00,17.425
59,17.09 18:00,17.561
59,17.09 19:00,17.464
59,17.09 20:00,17.506
59,17.09 21:00,12.544
59,17.09 22:00,13.144
59,17.09 23:00,12.849
59,18.09 00:00,7.772
59,18.09 01:00,12.263
59,18.09 02:00,12.386
59,18.09 03:00,12.304
59,18.09 04:00,12.338
59,18.09 05:00,12.476
59,18.09 06:00,12.204
59,18.09 07:00,12.374
59,18.09 08:00,12.627
59,18.09 09:00,16.291
59,18.09 10:00,19.108
59,18.09 11:00,21.905
59,18.09 12:00,25.73
59,18.09 13:00,29.7
59,18.09 14:00,29.709
59,18.09 15:00,29.389
59,18.09 16:00,25.032
59,18.09 17:00,11.741
59,18.09 18:00,4.113
59,18.09 19:00,3.604
59,18.09 20:00,3.501
59,18.09 21:00,3.919
59,18.09 22:00,4.381
59,18.09 23:00,3.987
59,19.09 00:00,3.509
59,19.09 01:00,3.4
59,19.09 02:00,3.5
59,19.09 03:00,3.305
59,19.09 04:00,3.2
59,19.09 05:00,3.398
59,19.09 06:00,3.414
59,19.09 07:00,3.293
59,19.09 08:00,4.102
59,19.09 09:00,14.696
59,19.09 10:00,18.6
59,19.09 11:00,25.657
59,19.09 12:00,26.426
59,19.09 13:00,29.144
59,19.09 14:00,30.824
59,19.09 15:00,22.508
59,19.09 16:00,21.626
59,19.09 17:00,19.962
59,19.09 18:00,23.053
59,19.09 19:00,29.349
59,19.09 20:00,27.542
59,19.09 21:00,25.609
59,19.09 22:00,25.36
59,19.09 23:00,10.45
59,20.09 00:00,3.503
59,20.09 01:00,3.594
59,20.09 02:00,3.703
59,20.09 03:00,3.492
59,20.09 04:00,3.708
59,20.09 05:00,3.592
59,20.09 06:00,3.615
59,20.09 07:00,3.588
59,20.09 08:00,3.683
59,20.09 09:00,14.47
59,20.09 10:00,21.399
59,20.09 11:00,23.322
59,20.09 12:00,18.833
59,20.09 13:00,19.381
59,20.09 14:00,17.632
59,20.09 15:00,17.505
59,20.09 16:00,17.769
59,20.09 17:00,25.709
59,20.09 18:00,26.933
59,20.09 19:00,26.694
59,20.09 20:00,34.029
59,20.09 21:00,31.285
59,20.09 22:00,24.915
59,20.09 23:00,11.065
59,21.09 00:00,3.311
59,21.09 01:00,3.405
59,21.09 02:00,3.401
59,21.09 03:00,3.309
59,21.09 04:00,3.2
59,21.09 05:00,3.307
59,21.09 06:00,3.31
59,21.09 07:00,3.211
59,21.09 08:00,3.289
59,21.09 09:00,13.445
59,21.09 10:00,22.056
59,21.09 11:00,27.451
59,21.09 12:00,28.034
59,21.09 13:00,28.361
59,21.09 14:00,26.466
59,21.09 15:00,20.258
59,21.09 16:00,17.971
59,21.09 17:00,21.28
59,21.09 18:00,23.461
59,21.09 19:00,28.984
59,21.09 20:00,27.27
59,21.09 21:00,31.558
59,21.09 22:00,27.215
59,21.09 23:00,8.692
59,22.09 00:00,3.697
59,22.09 01:00,3.195
59,22.09 02:00,3.189
59,22.09 03:00,3.292
59,22.09 04:00,3.406
59,22.09 05:00,3.17
59,22.09 06:00,3.199
59,22.09 07:00,3.205
59,22.09 08:00,3.387
59,22.09 09:00,13.266
59,22.09 10:00,19.103
59,22.09 11:00,20.303
59,22.09 12:00,17.986
59,22.09 13:00,18.513
59,22.09 14:00,18.172
59,22.09 15:00,16.386
59,22.09 16:00,16.522
59,22.09 17:00,23.581
59,22.09 18:00,20.913
59,22.09 19:00,22.669
59,22.09 20:00,31.124
59,22.09 21:00,32.174
59,22.09 22:00,27.658
59,22.09 23:00,9.435
59,23.09 00:00,3.689
59,23.09 01:00,3.916
59,23.09 02:00,3.811
59,23.09 03:00,3.706
59,23.09 04:00,3.787
59,23.09 05:00,3.505
59,23.09 06:00,3.582
59,23.09 07:00,3.706
59,23.09 08:00,3.786
59,23.09 09:00,13.624
59,23.09 10:00,17.85
59,23.09 11:00,18.88
59,23.09 12:00,20.707
59,23.09 13:00,22.411
59,23.09 14:00,24.004
59,23.09 15:00,22.199
59,23.09 16:00,19.476
59,23.09 17:00,20.187
59,23.09 18:00,25.325
59,23.09 19:00,21.381
59,23.09 20:00,6.193
59,23.09 21:00,5.505
59,23.09 22:00,5.017
59,23.09 23:00,4.388
59,24.09 00:00,3.805
59,24.09 01:00,3.413
59,24.09 02:00,3.3
59,24.09 03:00,3.39
59,24.09 04:00,3.385
59,24.09 05:00,3.411
59,24.09 06:00,3.292
59,24.09 07:00,3.294
59,24.09 08:00,3.495
59,24.09 09:00,11.431
59,24.09 10:00,21.571
59,24.09 11:00,27.194
59,24.09 12:00,26.46
59,24.09 13:00,25.346
59,24.09 14:00,24.78
59,24.09 15:00,20.569
59,24.09 16:00,18.796
59,24.09 17:00,15.027
59,24.09 18:00,3.313
59,24.09 19:00,3.408
59,24.09 20:00,3.397
59,24.09 21:00,3.415
59,24.09 22:00,3.9
59,24.09 23:00,4.381
59,25.09 00:00,4.017
59,25.09 01:00,3.392
59,25.09 02:00,3.493
59,25.09 03:00,3.486
59,25.09 04:00,3.609
59,25.09 05:00,3.404
59,25.09 06:00,3.405
59,25.09 07:00,3.612
59,25.09 08:00,3.603
59,25.09 09:00,12.646
59,25.09 10:00,16.856
59,25.09 11:00,21.309
59,25.09 12:00,29.008
59,25.09 13:00,28.266
59,25.09 14:00,27.453
59,25.09 15:00,29.854
59,25.09 16:00,28.323
59,25.09 17:00,19.567
59,25.09 18:00,7.192
59,25.09 19:00,3.414
59,25.09 20:00,3.594
59,25.09 21:00,3.488
59,25.09 22:00,4.0
59,25.09 23:00,4.385
59,26.09 00:00,4.197
59,26.09 01:00,3.59
59,26.09 02:00,3.693
59,26.09 03:00,3.402
59,26.09 04:00,3.489
59,26.09 05:00,3.508
59,26.09 06:00,3.488
59,26.09 07:00,3.517
59,26.09 08:00,3.588
59,26.09 09:00,11.743
59,26.09 10:00,19.888
59,26.09 11:00,27.571
59,26.09 12:00,29.487
59,26.09 13:00,32.356
59,26.09 14:00,31.402
59,26.09 15:00,28.572
59,26.09 16:00,22.712
59,26.09 17:00,22.187
59,26.09 18:00,22.403
59,26.09 19:00,24.726
59,26.09 20:00,29.223
59,26.09 21:00,27.419
59,26.09 22:00,25.381
59,26.09 23:00,9.542
59,27.09 00:00,4.301
59,27.09 01:00,3.498
59,27.09 02:00,3.416
59,27.09 03:00,3.315
59,27.09 04:00,3.21
59,27.09 05:00,3.092
59,27.09 06:00,3.308
59,27.09 07:00,3.209
59,27.09 08:00,3.29
59,27.09 09:00,11.732
59,27.09 10:00,21.022
59,27.09 11:00,25.185
59,27.09 12:00,21.224
59,27.09 13:00,20.921
59,27.09 14:00,21.455
59,27.09 15:00,18.82
59,27.09 16:00,20.537
59,27.09 17:00,25.282
59,27.09 18:00,26.736
59,27.09 19:00,28.468
59,27.09 20:00,33.257
59,27.09 21:00,30.758
59,27.09 22:00,28.98
59,27.09 23:00,13.439
59,28.09 00:00,4.301
59,28.09 01:00,3.497
59,28.09 02:00,3.394
59,28.09 03:00,3.501
59,28.09 04:00,3.515
59,28.09 05:00,3.503
59,28.09 06:00,3.6
59,28.09 07:00,3.398
59,28.09 08:00,3.503
59,28.09 09:00,15.074
59,28.09 10:00,19.823
59,28.09 11:00,24.963
59,28.09 12:00,25.254
59,28.09 13:00,27.827
59,28.09 14:00,27.679
59,28.09 15:00,25.276
59,28.09 16:00,19.355
59,28.09 17:00,20.823
59,28.09 18:00,25.3
59,28.09 19:00,31.237
59,28.09 20:00,33.659
59,28.09 21:00,28.533
59,28.09 22:00,24.917
59,28.09 23:00,9.936
59,29.09 00:00,4.101
59,29.09 01:00,3.514
59,29.09 02:00,3.6
59,29.09 03:00,3.395
59,29.09 04:00,3.301
59,29.09 05:00,3.383
59,29.09 06:00,3.314
59,29.09 07:00,3.409
59,29.09 08:00,3.5
59,29.09 09:00,13.345
59,29.09 10:00,19.779
59,29.09 11:00,18.941
59,29.09 12:00,19.954
59,29.09 13:00,17.571
59,29.09 14:00,16.703
59,29.09 15:00,15.964
59,29.09 16:00,16.653
59,29.09 17:00,25.924
59,29.09 18:00,27.79
59,29.09 19:00,28.571
59,29.09 20:00,30.417
59,29.09 21:00,28.784
59,29.09 22:00,24.08
59,29.09 23:00,9.706
59,30.09 00:00,4.206
59,30.09 01:00,3.293
59,30.09 02:00,3.402
59,30.09 03:00,3.395
59,30.09 04:00,3.414
59,30.09 05:00,3.385
59,30.09 06:00,3.508
59,30.09 07:00,3.412
59,30.09 08:00,3.614
59,30.09 09:00,16.367
59,30.09 10:00,24.395
59,30.09 11:00,23.767
59,30.09 12:00,27.006
59,30.09 13:00,26.281
59,30.09 14:00,28.107
59,30.09 15:00,27.034
59,30.09 16:00,26.413
59,30.09 17:00,26.701
59,30.09 18:00,27.706
59,30.09 19:00,18.085
59,30.09 20:00,7.507
59,30.09 21:00,6.627
59,30.09 22:00,5.409
59,30.09 23:00,4.68
