61,01.03 00:00,2.106
61,01.03 01:00,1.896
61,01.03 02:00,1.897
61,01.03 03:00,1.898
61,01.03 04:00,1.992
61,01.03 05:00,1.906
61,01.03 06:00,5.511
61,01.03 07:00,15.072
61,01.03 08:00,13.834
61,01.03 09:00,11.071
61,01.03 10:00,11.237
61,01.03 11:00,11.853
61,01.03 12:00,11.658
61,01.03 13:00,11.497
61,01.03 14:00,12.737
61,01.03 15:00,3.492
61,01.03 16:00,2.802
61,01.03 17:00,2.801
61,01.03 18:00,3.012
61,01.03 19:00,5.079
61,01.03 20:00,14.195
61,01.03 21:00,3.7
61,01.03 22:00,1.993
61,01.03 23:00,2.0
61,02.03 00:00,2.21
61,02.03 01:00,2.091
61,02.03 02:00,2.09
61,02.03 03:00,2.007
61,02.03 04:00,2.1
61,02.03 05:00,1.993
61,02.03 06:00,5.521
61,02.03 07:00,15.099
61,02.03 08:00,14.538
61,02.03 09:00,13.396
61,02.03 10:00,15.238
61,02.03 11:00,11.447
61,02.03 12:00,10.802
61,02.03 13:00,13.564
61,02.03 14:00,14.773
61,02.03 15:00,10.357
61,02.03 16:00,3.985
61,02.03 17:00,5.313
61,02.03 18:00,3.995
61,02.03 19:00,12.64
61,02.03 20:00,16.57
61,02.03 21:00,17.377
61,02.03 22:00,10.12
61,02.03 23:00,2.362
61,03.03 00:00,2.196
61,03.03 01:00,2.306
61,03.03 02:00,2.193
61,03.03 03:00,2.204
61,03.03 04:00,2.195
61,03.03 05:00,2.201
61,03.03 06:00,5.582
61,03.03 07:00,15.063
61,03.03 08:00,15.37
61,03.03 09:00,15.02
61,03.03 10:00,14.761
61,03.03 11:00,15.64
61,03.03 12:00,11.476
61,03.03 13:00,6.09
61,03.03 14:00,5.701
61,03.03 15:00,5.491
61,03.03 16:00,6.214
61,03.03 17:00,6.117
61,03.03 18:00,5.506
61,03.03 19:00,14.21
61,03.03 20:00,16.535
61,03.03 21:00,11.634
61,03.03 22:00,2.204
61,03.03 23:00,1.995
61,04.03 00:00,1.995
61,04.03 01:00,2.09
61,04.03 02:00,2.007
61,04.03 03:00,2.003
61,04.03 04:00,1.992
61,04.03 05:00,2.1
61,04.03 06:00,5.108
61,04.03 07:00,15.471
61,04.03 08:00,15.422
61,04.03 09:00,12.011
61,04.03 10:00,11.151
61,04.03 11:00,11.735
61,04.03 12:00,11.544
61,04.03 13:00,11.474
61,04.03 14:00,11.488
61,04.03 15:00,11.665
61,04.03 16:00,11.747
61,04.03 17:00,11.565
61,04.03 18:00,4.799
61,04.03 19:00,2.005
61,04.03 20:00,2.103
61,04.03 21:00,2.007
61,04.03 22:00,1.991
61,04.03 23:00,1.994
61,05.03 00:00,2.093
61,05.03 01:00,2.005
61,05.03 02:00,1.891
61,05.03 03:00,1.796
61,05.03 04:00,2.096
61,05.03 05:00,2.195
61,05.03 06:00,2.004
61,05.03 07:00,1.994
61,05.03 08:00,2.009
61,05.03 09:00,1.894
61,05.03 10:00,1.898
61,05.03 11:00,1.904
61,05.03 12:00,2.007
61,05.03 13:00,1.997
61,05.03 14:00,2.006
61,05.03 15:00,2.009
61,05.03 16:00,1.992
61,05.03 17:00,1.904
61,05.03 18:00,1.9
61,05.03 19:00,2.2
61,05.03 20:00,2.11
61,05.03 21:00,2.005
61,05.03 22:00,2.191
61,05.03 23:00,2.192
61,06.03 00:00,2.207
61,06.03 01:00,2.092
61,06.03 02:00,2.101
61,06.03 03:00,2.192
61,06.03 04:00,2.103
61,06.03 05:00,2.189
61,06.03 06:00,2.209
61,06.03 07:00,2.005
61,06.03 08:00,2.097
61,06.03 09:00,1.796
61,06.03 10:00,1.809
61,06.03 11:00,1.803
61,06.03 12:00,1.803
61,06.03 13:00,1.705
61,06.03 14:00,1.794
61,06.03 15:00,1.792
61,06.03 16:00,1.697
61,06.03 17:00,1.801
61,06.03 18:00,1.701
61,06.03 19:00,1.99
61,06.03 20:00,2.095
61,06.03 21:00,2.005
61,06.03 22:00,2.101
61,06.03 23:00,2.208
61,07.03 00:00,2.192
61,07.03 01:00,2.095
61,07.03 02:00,2.109
61,07.03 03:00,2.098
61,07.03 04:00,2.095
61,07.03 05:00,2.001
61,07.03 06:00,6.416
61,07.03 07:00,15.551
61,07.03 08:00,14.63
61,07.03 09:00,13.097
61,07.03 10:00,13.284
61,07.03 11:00,8.702
61,07.03 12:00,4.799
61,07.03 13:00,4.924
61,07.03 14:00,12.449
61,07.03 15:00,10.272
61,07.03 16:00,6.4
61,07.03 17:00,6.595
61,07.03 18:00,3.926
61,07.03 19:00,1.703
61,07.03 20:00,2.195
61,07.03 21:00,2.197
61,07.03 22:00,1.99
61,07.03 23:00,2.192
61,08.03 00:00,2.309
61,08.03 01:00,2.192
61,08.03 02:00,1.997
61,08.03 03:00,1.992
61,08.03 04:00,2.191
61,08.03 05:00,2.005
61,08.03 06:00,6.224
61,08.03 07:00,14.817
61,08.03 08:00,14.047
61,08.03 09:00,13.197
61,08.03 10:00,13.063
61,08.03 11:00,13.183
61,08.03 12:00,13.12
61,08.03 13:00,13.135
61,08.03 14:00,14.058
61,08.03 15:00,10.636
61,08.03 16:00,4.79
61,08.03 17:00,4.78
61,08.03 18:00,4.999
61,08.03 19:00,11.042
61,08.03 20:00,10.787
61,08.03 21:00,2.198
61,08.03 22:00,2.39
61,08.03 23:00,2.392
61,09.03 00:00,3.001
61,09.03 01:00,2.389
61,09.03 02:00,2.308
61,09.03 03:00,2.202
61,09.03 04:00,2.305
61,09.03 05:00,2.415
61,09.03 06:00,5.402
61,09.03 07:00,14.991
61,09.03 08:00,14.561
61,09.03 09:00,12.504
61,09.03 10:00,15.194
61,09.03 11:00,10.852
61,09.03 12:00,7.269
61,09.03 13:00,6.969
61,09.03 14:00,12.702
61,09.03 15:00,7.585
61,09.03 16:00,2.705
61,09.03 17:00,2.607
61,09.03 18:00,3.295
61,09.03 19:00,13.341
61,09.03 20:00,15.535
61,09.03 21:00,15.946
61,09.03 22:00,10.868
61,09.03 23:00,3.616
61,10.03 00:00,3.014
61,10.03 01:00,3.509
61,10.03 02:00,3.593
61,10.03 03:00,3.494
61,10.03 04:00,3.596
61,10.03 05:00,3.513
61,10.03 06:00,8.615
61,10.03 07:00,17.658
61,10.03 08:00,16.838
61,10.03 09:00,17.754
61,10.03 10:00,16.508
61,10.03 11:00,16.518
61,10.03 12:00,17.377
61,10.03 13:00,16.113
61,10.03 14:00,15.851
61,10.03 15:00,15.924
61,10.03 16:00,16.654
61,10.03 17:00,8.286
61,10.03 18:00,8.605
61,10.03 19:00,18.322
61,10.03 20:00,19.795
61,10.03 21:00,14.358
61,10.03 22:00,2.292
61,10.03 23:00,2.408
61,11.03 00:00,2.107
61,11.03 01:00,2.291
61,11.03 02:00,2.205
61,11.03 03:00,2.203
61,11.03 04:00,2.203
61,11.03 05:00,2.311
61,11.03 06:00,2.508
61,11.03 07:00,2.399
61,11.03 08:00,2.894
61,11.03 09:00,2.512
61,11.03 10:00,2.501
61,11.03 11:00,4.305
61,11.03 12:00,12.648
61,11.03 13:00,3.091
61,11.03 14:00,2.796
61,11.03 15:00,2.806
61,11.03 16:00,2.791
61,11.03 17:00,2.788
61,11.03 18:00,2.095
61,11.03 19:00,1.991
61,11.03 20:00,2.107
61,11.03 21:00,2.0
61,11.03 22:00,2.003
61,11.03 23:00,1.992
61,12.03 00:00,2.107
61,12.03 01:00,1.999
61,12.03 02:00,2.005
61,12.03 03:00,1.99
61,12.03 04:00,1.9
61,12.03 05:00,1.893
61,12.03 06:00,1.898
61,12.03 07:00,2.001
61,12.03 08:00,1.991
61,12.03 09:00,1.704
61,12.03 10:00,2.002
61,12.03 11:00,2.008
61,12.03 12:00,1.991
61,12.03 13:00,1.992
61,12.03 14:00,2.006
61,12.03 15:00,2.01
61,12.03 16:00,1.993
61,12.03 17:00,1.898
61,12.03 18:00,1.992
61,12.03 19:00,2.092
61,12.03 20:00,2.191
61,12.03 21:00,2.198
61,12.03 22:00,2.107
61,12.03 23:00,2.21
61,13.03 00:00,2.201
61,13.03 01:00,2.202
61,13.03 02:00,2.095
61,13.03 03:00,2.102
61,13.03 04:00,2.194
61,13.03 05:00,1.934
61,13.03 06:00,2.008
61,13.03 07:00,2.19
61,13.03 08:00,2.094
61,13.03 09:00,1.808
61,13.03 10:00,1.704
61,13.03 11:00,1.893
61,13.03 12:00,1.705
61,13.03 13:00,1.706
61,13.03 14:00,1.792
61,13.03 15:00,1.805
61,13.03 16:00,1.805
61,13.03 17:00,1.701
61,13.03 18:00,1.805
61,13.03 19:00,1.595
61,13.03 20:00,1.912
61,13.03 21:00,2.001
61,13.03 22:00,1.896
61,13.03 23:00,1.998
61,14.03 00:00,2.002
61,14.03 01:00,1.993
61,14.03 02:00,1.896
61,14.03 03:00,1.802
61,14.03 04:00,1.994
61,14.03 05:00,1.902
61,14.03 06:00,5.822
61,14.03 07:00,15.124
61,14.03 08:00,14.869
61,14.03 09:00,14.106
61,14.03 10:00,14.656
61,14.03 11:00,10.07
61,14.03 12:00,5.679
61,14.03 13:00,5.602
61,14.03 14:00,11.944
61,14.03 15:00,9.965
61,14.03 16:00,5.324
61,14.03 17:00,5.309
61,14.03 18:00,2.988
61,14.03 19:00,1.804
61,14.03 20:00,1.801
61,14.03 21:00,1.899
61,14.03 22:00,1.991
61,14.03 23:00,2.0
61,15.03 00:00,2.688
61,15.03 01:00,1.906
61,15.03 02:00,1.895
61,15.03 03:00,1.8
61,15.03 04:00,1.994
61,15.03 05:00,1.907
61,15.03 06:00,5.711
61,15.03 07:00,15.278
61,15.03 08:00,14.457
61,15.03 09:00,13.591
61,15.03 10:00,13.037
61,15.03 11:00,13.005
61,15.03 12:00,13.133
61,15.03 13:00,12.955
61,15.03 14:00,13.835
61,15.03 15:00,9.884
61,15.03 16:00,4.499
61,15.03 17:00,4.617
61,15.03 18:00,4.602
61,15.03 19:00,11.587
61,15.03 20:00,11.775
61,15.03 21:00,3.294
61,15.03 22:00,3.396
61,15.03 23:00,3.397
61,16.03 00:00,2.71
61,16.03 01:00,3.301
61,16.03 02:00,3.41
61,16.03 03:00,3.197
61,16.03 04:00,3.206
61,16.03 05:00,3.213
61,16.03 06:00,6.376
61,16.03 07:00,14.973
61,16.03 08:00,14.311
61,16.03 09:00,5.28
61,16.03 10:00,6.31
61,16.03 11:00,11.587
61,16.03 12:00,9.016
61,16.03 13:00,8.406
61,16.03 14:00,10.132
61,16.03 15:00,12.634
61,16.03 16:00,13.274
61,16.03 17:00,13.772
61,16.03 18:00,13.86
61,16.03 19:00,13.712
61,16.03 20:00,14.863
61,16.03 21:00,15.225
61,16.03 22:00,13.969
61,16.03 23:00,2.101
61,17.03 00:00,2.091
61,17.03 01:00,1.792
61,17.03 02:00,1.908
61,17.03 03:00,1.893
61,17.03 04:00,1.802
61,17.03 05:00,1.803
61,17.03 06:00,5.81
61,17.03 07:00,15.041
61,17.03 08:00,14.953
61,17.03 09:00,15.213
61,17.03 10:00,15.131
61,17.03 11:00,14.974
61,17.03 12:00,13.039
61,17.03 13:00,6.331
61,17.03 14:00,6.201
61,17.03 15:00,5.386
61,17.03 16:00,6.01
61,17.03 17:00,5.719
61,17.03 18:00,6.007
61,17.03 19:00,14.956
61,17.03 20:00,16.333
61,17.03 21:00,14.881
61,17.03 22:00,3.298
61,17.03 23:00,2.209
61,18.03 00:00,2.101
61,18.03 01:00,1.994
61,18.03 02:00,2.009
61,18.03 03:00,1.994
61,18.03 04:00,1.907
61,18.03 05:00,2.004
61,18.03 06:00,6.026
61,18.03 07:00,15.114
61,18.03 08:00,15.195
61,18.03 09:00,12.944
61,18.03 10:00,12.651
61,18.03 11:00,12.187
61,18.03 12:00,13.521
61,18.03 13:00,4.409
61,18.03 14:00,4.923
61,18.03 15:00,5.082
61,18.03 16:00,4.986
61,18.03 17:00,5.187
61,18.03 18:00,3.204
61,18.03 19:00,1.995
61,18.03 20:00,2.102
61,18.03 21:00,2.128
61,18.03 22:00,2.002
61,18.03 23:00,1.999
61,19.03 00:00,2.106
61,19.03 01:00,2.095
61,19.03 02:00,1.897
61,19.03 03:00,1.996
61,19.03 04:00,2.0
61,19.03 05:00,1.998
61,19.03 06:00,2.009
61,19.03 07:00,2.095
61,19.03 08:00,2.001
61,19.03 09:00,1.778
61,19.03 10:00,2.003
61,19.03 11:00,2.1
61,19.03 12:00,1.993
61,19.03 13:00,2.0
61,19.03 14:00,2.005
61,19.03 15:00,1.993
61,19.03 16:00,1.896
61,19.03 17:00,1.907
61,19.03 18:00,2.005
61,19.03 19:00,1.794
61,19.03 20:00,2.092
61,19.03 21:00,2.194
61,19.03 22:00,2.004
61,19.03 23:00,1.997
61,20.03 00:00,2.106
61,20.03 01:00,2.104
61,20.03 02:00,1.998
61,20.03 03:00,2.002
61,20.03 04:00,2.098
61,20.03 05:00,2.109
61,20.03 06:00,2.006
61,20.03 07:00,2.001
61,20.03 08:00,2.001
61,20.03 09:00,1.598
61,20.03 10:00,1.606
61,20.03 11:00,1.708
61,20.03 12:00,1.703
61,20.03 13:00,1.602
61,20.03 14:00,1.596
61,20.03 15:00,1.808
61,20.03 16:00,1.7
61,20.03 17:00,1.593
61,20.03 18:00,1.694
61,20.03 19:00,2.0
61,20.03 20:00,1.99
61,20.03 21:00,2.003
61,20.03 22:00,2.008
61,20.03 23:00,2.205
61,21.03 00:00,2.1
61,21.03 01:00,2.096
61,21.03 02:00,2.092
61,21.03 03:00,1.994
61,21.03 04:00,2.01
61,21.03 05:00,1.994
61,21.03 06:00,6.312
61,21.03 07:00,14.865
61,21.03 08:00,13.706
61,21.03 09:00,11.607
61,21.03 10:00,12.541
61,21.03 11:00,9.565
61,21.03 12:00,3.812
61,21.03 13:00,3.807
61,21.03 14:00,11.483
61,21.03 15:00,9.984
61,21.03 16:00,3.811
61,21.03 17:00,3.811
61,21.03 18:00,2.499
61,21.03 19:00,1.897
61,21.03 20:00,2.008
61,21.03 21:00,1.907
61,21.03 22:00,1.902
61,21.03 23:00,1.996
61,22.03 00:00,2.1
61,22.03 01:00,1.904
61,22.03 02:00,1.896
61,22.03 03:00,2.0
61,22.03 04:00,2.002
61,22.03 05:00,1.908
61,22.03 06:00,5.811
61,22.03 07:00,14.683
61,22.03 08:00,13.207
61,22.03 09:00,10.99
61,22.03 10:00,11.175
61,22.03 11:00,11.341
61,22.03 12:00,11.236
61,22.03 13:00,11.247
61,22.03 14:00,12.242
61,22.03 15:00,9.307
61,22.03 16:00,4.389
61,22.03 17:00,4.28
61,22.03 18:00,4.402
61,22.03 19:00,9.871
61,22.03 20:00,11.607
61,22.03 21:00,1.99
61,22.03 22:00,1.893
61,22.03 23:00,1.997
61,23.03 00:00,2.004
61,23.03 01:00,2.002
61,23.03 02:00,1.992
61,23.03 03:00,1.905
61,23.03 04:00,2.01
61,23.03 05:00,1.995
61,23.03 06:00,5.187
61,23.03 07:00,14.587
61,23.03 08:00,14.197
61,23.03 09:00,13.122
61,23.03 10:00,13.18
61,23.03 11:00,13.321
61,23.03 12:00,12.742
61,23.03 13:00,12.581
61,23.03 14:00,12.772
61,23.03 15:00,12.886
61,23.03 16:00,12.773
61,23.03 17:00,5.975
61,23.03 18:00,3.996
61,23.03 19:00,11.551
61,23.03 20:00,14.946
61,23.03 21:00,15.169
61,23.03 22:00,8.263
61,23.03 23:00,2.007
61,24.03 00:00,1.998
61,24.03 01:00,2.104
61,24.03 02:00,2.001
61,24.03 03:00,1.895
61,24.03 04:00,2.007
61,24.03 05:00,2.004
61,24.03 06:00,5.422
61,24.03 07:00,14.739
61,24.03 08:00,14.628
61,24.03 09:00,14.329
61,24.03 10:00,14.279
61,24.03 11:00,14.069
61,24.03 12:00,14.036
61,24.03 13:00,13.9
61,24.03 14:00,14.271
61,24.03 15:00,10.042
61,24.03 16:00,5.379
61,24.03 17:00,5.284
61,24.03 18:00,5.516
61,24.03 19:00,14.711
61,24.03 20:00,17.253
61,24.03 21:00,15.638
61,24.03 22:00,7.297
61,24.03 23:00,1.995
61,25.03 00:00,1.997
61,25.03 01:00,1.995
61,25.03 02:00,2.001
61,25.03 03:00,1.901
61,25.03 04:00,1.894
61,25.03 05:00,2.006
61,25.03 06:00,1.891
61,25.03 07:00,1.907
61,25.03 08:00,1.809
61,25.03 09:00,1.698
61,25.03 10:00,1.803
61,25.03 11:00,1.797
61,25.03 12:00,1.894
61,25.03 13:00,1.8
61,25.03 14:00,1.797
61,25.03 15:00,1.793
61,25.03 16:00,1.9
61,25.03 17:00,1.795
61,25.03 18:00,1.803
61,25.03 19:00,1.897
61,25.03 20:00,2.01
61,25.03 21:00,1.8
61,25.03 22:00,2.007
61,25.03 23:00,2.192
61,26.03 00:00,2.008
61,26.03 01:00,1.998
61,26.03 02:00,2.008
61,26.03 03:00,1.909
61,26.03 04:00,1.895
61,26.03 05:00,1.997
61,26.03 06:00,1.995
61,26.03 07:00,1.803
61,26.03 08:00,2.005
61,26.03 09:00,1.605
61,26.03 10:00,1.796
61,26.03 11:00,1.791
61,26.03 12:00,1.802
61,26.03 13:00,1.794
61,26.03 14:00,1.793
61,26.03 15:00,1.798
61,26.03 16:00,1.805
61,26.03 17:00,1.704
61,26.03 18:00,1.801
61,26.03 19:00,1.697
61,26.03 20:00,1.999
61,26.03 21:00,1.99
61,26.03 22:00,1.907
61,26.03 23:00,2.109
61,27.03 00:00,1.99
61,27.03 01:00,0.0
61,27.03 02:00,0.0
61,27.03 03:00,1.907
61,27.03 04:00,2.004
61,27.03 05:00,1.894
61,27.03 06:00,1.895
61,27.03 07:00,1.803
61,27.03 08:00,1.891
61,27.03 09:00,1.909
61,27.03 10:00,1.593
61,27.03 11:00,1.004
61,27.03 12:00,1.001
61,27.03 13:00,0.998
61,27.03 14:00,0.998
61,27.03 15:00,1.002
61,27.03 16:00,0.999
61,27.03 17:00,0.998
61,27.03 18:00,1.002
61,27.03 19:00,0.998
61,27.03 20:00,1.8
61,27.03 21:00,1.808
61,27.03 22:00,1.901
61,27.03 23:00,2.008
61,28.03 00:00,2.002
61,28.03 01:00,1.997
61,28.03 02:00,2.002
61,28.03 03:00,1.808
61,28.03 04:00,1.8
61,28.03 05:00,1.894
61,28.03 06:00,2.0
61,28.03 07:00,1.809
61,28.03 08:00,1.804
61,28.03 09:00,2.009
61,28.03 10:00,1.604
61,28.03 11:00,1.604
61,28.03 12:00,1.594
61,28.03 13:00,1.693
61,28.03 14:00,1.594
61,28.03 15:00,1.598
61,28.03 16:00,1.504
61,28.03 17:00,1.698
61,28.03 18:00,1.604
61,28.03 19:00,1.601
61,28.03 20:00,1.903
61,28.03 21:00,1.899
61,28.03 22:00,1.892
61,28.03 23:00,1.805
61,29.03 00:00,2.101
61,29.03 01:00,1.992
61,29.03 02:00,1.892
61,29.03 03:00,1.905
61,29.03 04:00,1.892
61,29.03 05:00,1.8
61,29.03 06:00,1.896
61,29.03 07:00,2.004
61,29.03 08:00,1.798
61,29.03 09:00,1.895
61,29.03 10:00,1.607
61,29.03 11:00,1.803
61,29.03 12:00,1.798
61,29.03 13:00,1.799
61,29.03 14:00,1.807
61,29.03 15:00,1.805
61,29.03 16:00,1.707
61,29.03 17:00,1.799
61,29.03 18:00,1.797
61,29.03 19:00,1.795
61,29.03 20:00,2.01
61,29.03 21:00,1.894
61,29.03 22:00,2.002
61,29.03 23:00,1.9
61,30.03 00:00,2.007
61,30.03 01:00,2.003
61,30.03 02:00,2.003
61,30.03 03:00,1.802
61,30.03 04:00,1.907
61,30.03 05:00,1.894
61,30.03 06:00,1.804
61,30.03 07:00,1.903
61,30.03 08:00,1.905
61,30.03 09:00,2.009
61,30.03 10:00,1.498
61,30.03 11:00,1.702
61,30.03 12:00,1.805
61,30.03 13:00,0.999
61,30.03 14:00,0.995
61,30.03 15:00,0.957
61,30.03 16:00,1.003
61,30.03 17:00,1.0
61,30.03 18:00,1.0
61,30.03 19:00,1.002
61,30.03 20:00,1.992
61,30.03 21:00,1.799
61,30.03 22:00,1.995
61,30.03 23:00,2.003
61,31.03 00:00,2.096
61,31.03 01:00,2.192
61,31.03 02:00,2.001
61,31.03 03:00,1.993
61,31.03 04:00,1.9
61,31.03 05:00,2.001
61,31.03 06:00,1.997
61,31.03 07:00,1.9
61,31.03 08:00,1.899
61,31.03 09:00,1.8
61,31.03 10:00,1.601
61,31.03 11:00,1.708
61,31.03 12:00,1.792
61,31.03 13:00,1.802
61,31.03 14:00,1.893
61,31.03 15:00,1.794
61,31.03 16:00,1.804
61,31.03 17:00,1.805
61,31.03 18:00,1.802
61,31.03 19:00,1.793
61,31.03 20:00,1.794
61,31.03 21:00,2.008
61,31.03 22:00,1.998
61,31.03 23:00,1.892
61,01.04 00:00,2.104
61,01.04 01:00,2.094
61,01.04 02:00,1.903
61,01.04 03:00,2.004
61,01.04 04:00,2.002
61,01.04 05:00,1.998
61,01.04 06:00,2.008
61,01.04 07:00,1.995
61,01.04 08:00,1.8
61,01.04 09:00,1.898
61,01.04 10:00,1.6
61,01.04 11:00,1.794
61,01.04 12:00,1.8
61,01.04 13:00,2.69
61,01.04 14:00,10.094
61,01.04 15:00,5.383
61,01.04 16:00,1.692
61,01.04 17:00,1.792
61,01.04 18:00,1.791
61,01.04 19:00,1.805
61,01.04 20:00,1.991
61,01.04 21:00,1.995
61,01.04 22:00,1.909
61,01.04 23:00,2.009
61,02.04 00:00,1.994
61,02.04 01:00,2.109
61,02.04 02:00,1.906
61,02.04 03:00,1.991
61,02.04 04:00,1.909
61,02.04 05:00,2.005
61,02.04 06:00,1.908
61,02.04 07:00,1.995
61,02.04 08:00,1.995
61,02.04 09:00,1.898
61,02.04 10:00,1.606
61,02.04 11:00,1.696
61,02.04 12:00,1.797
61,02.04 13:00,1.8
61,02.04 14:00,1.793
61,02.04 15:00,1.793
61,02.04 16:00,1.909
61,02.04 17:00,1.706
61,02.04 18:00,1.697
61,02.04 19:00,1.802
61,02.04 20:00,2.006
61,02.04 21:00,1.8
61,02.04 22:00,1.802
61,02.04 23:00,1.997
61,03.04 00:00,2.007
61,03.04 01:00,2.096
61,03.04 02:00,2.092
61,03.04 03:00,1.902
61,03.04 04:00,1.803
61,03.04 05:00,1.99
61,03.04 06:00,1.999
61,03.04 07:00,1.792
61,03.04 08:00,2.092
61,03.04 09:00,2.092
61,03.04 10:00,1.607
61,03.04 11:00,1.597
61,03.04 12:00,1.698
61,03.04 13:00,1.702
61,03.04 14:00,1.603
61,03.04 15:00,1.595
61,03.04 16:00,1.694
61,03.04 17:00,1.593
61,03.04 18:00,1.564
61,03.04 19:00,1.607
61,03.04 20:00,1.893
61,03.04 21:00,1.793
61,03.04 22:00,1.905
61,03.04 23:00,2.004
61,04.04 00:00,2.106
61,04.04 01:00,2.092
61,04.04 02:00,1.891
61,04.04 03:00,1.908
61,04.04 04:00,1.807
61,04.04 05:00,1.899
61,04.04 06:00,1.901
61,04.04 07:00,2.0
61,04.04 08:00,2.009
61,04.04 09:00,2.007
61,04.04 10:00,1.699
61,04.04 11:00,1.597
61,04.04 12:00,1.599
61,04.04 13:00,1.6
61,04.04 14:00,1.801
61,04.04 15:00,1.601
61,04.04 16:00,1.697
61,04.04 17:00,1.595
61,04.04 18:00,1.598
61,04.04 19:00,1.599
61,04.04 20:00,1.894
61,04.04 21:00,1.891
61,04.04 22:00,1.895
61,04.04 23:00,1.997
61,05.04 00:00,2.005
61,05.04 01:00,1.998
61,05.04 02:00,1.999
61,05.04 03:00,1.897
61,05.04 04:00,1.904
61,05.04 05:00,1.896
61,05.04 06:00,1.999
61,05.04 07:00,1.803
61,05.04 08:00,1.995
61,05.04 09:00,1.991
61,05.04 10:00,1.6
61,05.04 11:00,1.794
61,05.04 12:00,1.905
61,05.04 13:00,1.904
61,05.04 14:00,1.795
61,05.04 15:00,1.796
61,05.04 16:00,1.794
61,05.04 17:00,1.799
61,05.04 18:00,1.796
61,05.04 19:00,1.806
61,05.04 20:00,2.0
61,05.04 21:00,1.908
61,05.04 22:00,1.991
61,05.04 23:00,1.992
61,06.04 00:00,2.003
61,06.04 01:00,2.106
61,06.04 02:00,2.1
61,06.04 03:00,2.005
61,06.04 04:00,1.893
61,06.04 05:00,2.003
61,06.04 06:00,1.904
61,06.04 07:00,1.894
61,06.04 08:00,1.994
61,06.04 09:00,2.101
61,06.04 10:00,1.594
61,06.04 11:00,1.792
61,06.04 12:00,2.09
61,06.04 13:00,1.881
61,06.04 14:00,1.799
61,06.04 15:00,1.891
61,06.04 16:00,1.99
61,06.04 17:00,1.8
61,06.04 18:00,1.906
61,06.04 19:00,1.994
61,06.04 20:00,1.821
61,06.04 21:00,1.801
61,06.04 22:00,2.003
61,06.04 23:00,1.994
61,07.04 00:00,2.106
61,07.04 01:00,2.001
61,07.04 02:00,2.11
61,07.04 03:00,1.905
61,07.04 04:00,1.997
61,07.04 05:00,2.002
61,07.04 06:00,2.097
61,07.04 07:00,1.992
61,07.04 08:00,2.097
61,07.04 09:00,1.993
61,07.04 10:00,1.692
61,07.04 11:00,1.904
61,07.04 12:00,1.891
61,07.04 13:00,2.003
61,07.04 14:00,1.797
61,07.04 15:00,2.005
61,07.04 16:00,1.899
61,07.04 17:00,2.005
61,07.04 18:00,1.992
61,07.04 19:00,1.799
61,07.04 20:00,1.906
61,07.04 21:00,2.094
61,07.04 22:00,2.009
61,07.04 23:00,1.998
61,08.04 00:00,2.204
61,08.04 01:00,2.193
61,08.04 02:00,2.106
61,08.04 03:00,2.006
61,08.04 04:00,2.092
61,08.04 05:00,1.991
61,08.04 06:00,1.999
61,08.04 07:00,2.008
61,08.04 08:00,2.003
61,08.04 09:00,2.0
61,08.04 10:00,1.697
61,08.04 11:00,1.908
61,08.04 12:00,1.794
61,08.04 13:00,1.798
61,08.04 14:00,1.998
61,08.04 15:00,1.801
61,08.04 16:00,1.792
61,08.04 17:00,1.9
61,08.04 18:00,1.905
61,08.04 19:00,1.807
61,08.04 20:00,2.098
61,08.04 21:00,2.1
61,08.04 22:00,1.997
61,08.04 23:00,1.992
61,09.04 00:00,2.196
61,09.04 01:00,2.211
61,09.04 02:00,2.106
61,09.04 03:00,2.109
61,09.04 04:00,2.194
61,09.04 05:00,1.992
61,09.04 06:00,1.99
61,09.04 07:00,2.001
61,09.04 08:00,1.997
61,09.04 09:00,2.009
61,09.04 10:00,1.799
61,09.04 11:00,1.906
61,09.04 12:00,1.993
61,09.04 13:00,1.9
61,09.04 14:00,1.892
61,09.04 15:00,1.992
61,09.04 16:00,1.904
61,09.04 17:00,2.0
61,09.04 18:00,1.903
61,09.04 19:00,1.902
61,09.04 20:00,2.19
61,09.04 21:00,2.007
61,09.04 22:00,1.995
61,09.04 23:00,1.991
61,10.04 00:00,2.099
61,10.04 01:00,2.195
61,10.04 02:00,2.106
61,10.04 03:00,2.002
61,10.04 04:00,1.941
61,10.04 05:00,1.991
61,10.04 06:00,1.992
61,10.04 07:00,2.005
61,10.04 08:00,2.041
61,10.04 09:00,2.11
61,10.04 10:00,1.594
61,10.04 11:00,1.601
61,10.04 12:00,1.696
61,10.04 13:00,1.705
61,10.04 14:00,1.607
61,10.04 15:00,1.601
61,10.04 16:00,1.805
61,10.04 17:00,1.701
61,10.04 18:00,1.607
61,10.04 19:00,1.696
61,10.04 20:00,1.996
61,10.04 21:00,2.001
61,10.04 22:00,1.992
61,10.04 23:00,2.093
61,11.04 00:00,2.21
61,11.04 01:00,2.199
61,11.04 02:00,1.992
61,11.04 03:00,2.099
61,11.04 04:00,2.0
61,11.04 05:00,1.996
61,11.04 06:00,6.427
61,11.04 07:00,14.728
61,11.04 08:00,14.267
61,11.04 09:00,13.126
61,11.04 10:00,12.939
61,11.04 11:00,8.031
61,11.04 12:00,4.194
61,11.04 13:00,4.192
61,11.04 14:00,12.723
61,11.04 15:00,9.381
61,11.04 16:00,4.718
61,11.04 17:00,4.407
61,11.04 18:00,2.401
61,11.04 19:00,1.601
61,11.04 20:00,1.899
61,11.04 21:00,2.005
61,11.04 22:00,2.006
61,11.04 23:00,2.001
61,12.04 00:00,2.101
61,12.04 01:00,2.207
61,12.04 02:00,1.993
61,12.04 03:00,1.996
61,12.04 04:00,2.003
61,12.04 05:00,2.004
61,12.04 06:00,6.416
61,12.04 07:00,15.106
61,12.04 08:00,14.212
61,12.04 09:00,13.264
61,12.04 10:00,12.83
61,12.04 11:00,12.874
61,12.04 12:00,13.09
61,12.04 13:00,13.149
61,12.04 14:00,13.174
61,12.04 15:00,13.306
61,12.04 16:00,13.387
61,12.04 17:00,13.219
61,12.04 18:00,13.013
61,12.04 19:00,13.042
61,12.04 20:00,10.931
61,12.04 21:00,1.901
61,12.04 22:00,2.01
61,12.04 23:00,1.908
61,13.04 00:00,2.19
61,13.04 01:00,2.006
61,13.04 02:00,1.896
61,13.04 03:00,1.994
61,13.04 04:00,1.909
61,13.04 05:00,1.999
61,13.04 06:00,5.382
61,13.04 07:00,15.236
61,13.04 08:00,14.439
61,13.04 09:00,13.434
61,13.04 10:00,14.938
61,13.04 11:00,15.256
61,13.04 12:00,16.171
61,13.04 13:00,15.122
61,13.04 14:00,13.934
61,13.04 15:00,14.152
61,13.04 16:00,14.21
61,13.04 17:00,14.194
61,13.04 18:00,14.158
61,13.04 19:00,14.755
61,13.04 20:00,15.446
61,13.04 21:00,10.815
61,13.04 22:00,2.304
61,13.04 23:00,2.403
61,14.04 00:00,2.197
61,14.04 01:00,2.411
61,14.04 02:00,2.51
61,14.04 03:00,2.297
61,14.04 04:00,2.192
61,14.04 05:00,2.398
61,14.04 06:00,5.818
61,14.04 07:00,15.175
61,14.04 08:00,15.431
61,14.04 09:00,14.719
61,14.04 10:00,14.16
61,14.04 11:00,8.322
61,14.04 12:00,2.402
61,14.04 13:00,2.208
61,14.04 14:00,2.201
61,14.04 15:00,2.292
61,14.04 16:00,2.499
61,14.04 17:00,5.724
61,14.04 18:00,11.179
61,14.04 19:00,15.623
61,14.04 20:00,15.841
61,14.04 21:00,10.329
61,14.04 22:00,2.612
61,14.04 23:00,1.999
61,15.04 00:00,2.001
61,15.04 01:00,2.093
61,15.04 02:00,2.104
61,15.04 03:00,1.795
61,15.04 04:00,1.907
61,15.04 05:00,1.998
61,15.04 06:00,3.688
61,15.04 07:00,14.686
61,15.04 08:00,14.022
61,15.04 09:00,13.072
61,15.04 10:00,12.573
61,15.04 11:00,12.787
61,15.04 12:00,12.984
61,15.04 13:00,13.143
61,15.04 14:00,12.918
61,15.04 15:00,12.88
61,15.04 16:00,12.997
61,15.04 17:00,12.896
61,15.04 18:00,8.528
61,15.04 19:00,1.798
61,15.04 20:00,2.001
61,15.04 21:00,2.01
61,15.04 22:00,1.893
61,15.04 23:00,1.998
61,16.04 00:00,2.207
61,16.04 01:00,2.106
61,16.04 02:00,2.009
61,16.04 03:00,2.005
61,16.04 04:00,2.003
61,16.04 05:00,1.906
61,16.04 06:00,1.994
61,16.04 07:00,1.997
61,16.04 08:00,1.991
61,16.04 09:00,1.996
61,16.04 10:00,1.603
61,16.04 11:00,1.692
61,16.04 12:00,1.794
61,16.04 13:00,1.897
61,16.04 14:00,1.796
61,16.04 15:00,1.695
61,16.04 16:00,1.793
61,16.04 17:00,1.703
61,16.04 18:00,1.698
61,16.04 19:00,1.806
61,16.04 20:00,2.099
61,16.04 21:00,1.894
61,16.04 22:00,1.909
61,16.04 23:00,1.993
61,17.04 00:00,2.095
61,17.04 01:00,1.998
61,17.04 02:00,1.995
61,17.04 03:00,2.008
61,17.04 04:00,1.805
61,17.04 05:00,1.869
61,17.04 06:00,2.099
61,17.04 07:00,2.136
61,17.04 08:00,2.0
61,17.04 09:00,2.008
61,17.04 10:00,1.604
61,17.04 11:00,1.598
61,17.04 12:00,1.602
61,17.04 13:00,1.6
61,17.04 14:00,1.7
61,17.04 15:00,1.605
61,17.04 16:00,1.601
61,17.04 17:00,1.604
61,17.04 18:00,1.393
61,17.04 19:00,1.598
61,17.04 20:00,1.8
61,17.04 21:00,1.906
61,17.04 22:00,2.003
61,17.04 23:00,1.892
61,18.04 00:00,1.996
61,18.04 01:00,2.001
61,18.04 02:00,1.891
61,18.04 03:00,1.899
61,18.04 04:00,1.971
61,18.04 05:00,1.998
61,18.04 06:00,5.79
61,18.04 07:00,14.961
61,18.04 08:00,14.315
61,18.04 09:00,12.863
61,18.04 10:00,12.854
61,18.04 11:00,13.032
61,18.04 12:00,12.547
61,18.04 13:00,12.624
61,18.04 14:00,13.043
61,18.04 15:00,13.455
61,18.04 16:00,13.133
61,18.04 17:00,12.779
61,18.04 18:00,4.793
61,18.04 19:00,1.5
61,18.04 20:00,1.705
61,18.04 21:00,1.801
61,18.04 22:00,1.998
61,18.04 23:00,1.806
61,19.04 00:00,1.995
61,19.04 01:00,2.09
61,19.04 02:00,1.896
61,19.04 03:00,1.808
61,19.04 04:00,1.899
61,19.04 05:00,1.906
61,19.04 06:00,6.18
61,19.04 07:00,14.755
61,19.04 08:00,14.627
61,19.04 09:00,13.069
61,19.04 10:00,12.637
61,19.04 11:00,12.847
61,19.04 12:00,12.95
61,19.04 13:00,13.001
61,19.04 14:00,13.745
61,19.04 15:00,11.216
61,19.04 16:00,5.683
61,19.04 17:00,5.578
61,19.04 18:00,5.624
61,19.04 19:00,11.738
61,19.04 20:00,13.535
61,19.04 21:00,2.197
61,19.04 22:00,1.993
61,19.04 23:00,1.903
61,20.04 00:00,2.2
61,20.04 01:00,2.003
61,20.04 02:00,1.999
61,20.04 03:00,1.897
61,20.04 04:00,1.895
61,20.04 05:00,1.896
61,20.04 06:00,4.181
61,20.04 07:00,14.777
61,20.04 08:00,14.004
61,20.04 09:00,12.949
61,20.04 10:00,12.837
61,20.04 11:00,12.956
61,20.04 12:00,12.753
61,20.04 13:00,12.94
61,20.04 14:00,13.484
61,20.04 15:00,9.432
61,20.04 16:00,5.621
61,20.04 17:00,5.614
61,20.04 18:00,5.601
61,20.04 19:00,11.456
61,20.04 20:00,13.977
61,20.04 21:00,9.745
61,20.04 22:00,1.992
61,20.04 23:00,2.002
61,21.04 00:00,1.994
61,21.04 01:00,1.998
61,21.04 02:00,2.0
61,21.04 03:00,1.997
61,21.04 04:00,1.802
61,21.04 05:00,1.806
61,21.04 06:00,5.923
61,21.04 07:00,14.831
61,21.04 08:00,14.384
61,21.04 09:00,13.28
61,21.04 10:00,13.299
61,21.04 11:00,13.28
61,21.04 12:00,13.364
61,21.04 13:00,13.434
61,21.04 14:00,12.864
61,21.04 15:00,12.962
61,21.04 16:00,14.568
61,21.04 17:00,14.779
61,21.04 18:00,13.778
61,21.04 19:00,14.172
61,21.04 20:00,15.06
61,21.04 21:00,10.518
61,21.04 22:00,2.191
61,21.04 23:00,1.904
61,22.04 00:00,1.898
61,22.04 01:00,1.998
61,22.04 02:00,1.907
61,22.04 03:00,1.808
61,22.04 04:00,1.809
61,22.04 05:00,1.806
61,22.04 06:00,6.976
61,22.04 07:00,14.732
61,22.04 08:00,14.475
61,22.04 09:00,12.847
61,22.04 10:00,12.558
61,22.04 11:00,12.641
61,22.04 12:00,12.766
61,22.04 13:00,12.757
61,22.04 14:00,13.462
61,22.04 15:00,13.955
61,22.04 16:00,12.959
61,22.04 17:00,13.051
61,22.04 18:00,4.099
61,22.04 19:00,1.607
61,22.04 20:00,1.908
61,22.04 21:00,2.501
61,22.04 22:00,1.905
61,22.04 23:00,1.797
61,23.04 00:00,2.005
61,23.04 01:00,1.898
61,23.04 02:00,1.809
61,23.04 03:00,1.804
61,23.04 04:00,1.804
61,23.04 05:00,1.805
61,23.04 06:00,1.798
61,23.04 07:00,1.908
61,23.04 08:00,1.804
61,23.04 09:00,1.706
61,23.04 10:00,1.6
61,23.04 11:00,1.699
61,23.04 12:00,1.809
61,23.04 13:00,1.8
61,23.04 14:00,1.796
61,23.04 15:00,1.701
61,23.04 16:00,1.708
61,23.04 17:00,1.694
61,23.04 18:00,1.692
61,23.04 19:00,1.7
61,23.04 20:00,1.893
61,23.04 21:00,1.804
61,23.04 22:00,1.801
61,23.04 23:00,1.795
61,24.04 00:00,1.993
61,24.04 01:00,1.894
61,24.04 02:00,1.896
61,24.04 03:00,1.791
61,24.04 04:00,1.807
61,24.04 05:00,1.808
61,24.04 06:00,1.801
61,24.04 07:00,1.898
61,24.04 08:00,1.805
61,24.04 09:00,1.898
61,24.04 10:00,1.604
61,24.04 11:00,1.601
61,24.04 12:00,1.605
61,24.04 13:00,1.594
61,24.04 14:00,1.449
61,24.04 15:00,1.607
61,24.04 16:00,1.4
61,24.04 17:00,1.403
61,24.04 18:00,1.597
61,24.04 19:00,1.396
61,24.04 20:00,1.707
61,24.04 21:00,1.802
61,24.04 22:00,1.807
61,24.04 23:00,1.807
61,25.04 00:00,1.895
61,25.04 01:00,1.995
61,25.04 02:00,1.797
61,25.04 03:00,1.8
61,25.04 04:00,1.791
61,25.04 05:00,1.798
61,25.04 06:00,5.499
61,25.04 07:00,14.851
61,25.04 08:00,13.82
61,25.04 09:00,12.787
61,25.04 10:00,12.727
61,25.04 11:00,8.96
61,25.04 12:00,3.994
61,25.04 13:00,4.011
61,25.04 14:00,11.17
61,25.04 15:00,10.199
61,25.04 16:00,3.919
61,25.04 17:00,3.896
61,25.04 18:00,2.199
61,25.04 19:00,1.495
61,25.04 20:00,1.707
61,25.04 21:00,1.801
61,25.04 22:00,1.807
61,25.04 23:00,1.793
61,26.04 00:00,2.096
61,26.04 01:00,2.106
61,26.04 02:00,1.996
61,26.04 03:00,1.801
61,26.04 04:00,1.905
61,26.04 05:00,1.702
61,26.04 06:00,5.611
61,26.04 07:00,14.23
61,26.04 08:00,13.346
61,26.04 09:00,12.642
61,26.04 10:00,12.558
61,26.04 11:00,12.189
61,26.04 12:00,12.566
61,26.04 13:00,12.896
61,26.04 14:00,13.477
61,26.04 15:00,9.605
61,26.04 16:00,5.596
61,26.04 17:00,5.601
61,26.04 18:00,5.58
61,26.04 19:00,11.252
61,26.04 20:00,11.066
61,26.04 21:00,1.801
61,26.04 22:00,1.803
61,26.04 23:00,1.793
61,27.04 00:00,1.996
61,27.04 01:00,1.806
61,27.04 02:00,1.798
61,27.04 03:00,1.805
61,27.04 04:00,1.806
61,27.04 05:00,1.795
61,27.04 06:00,4.989
61,27.04 07:00,14.516
61,27.04 08:00,14.02
61,27.04 09:00,12.741
61,27.04 10:00,14.436
61,27.04 11:00,15.224
61,27.04 12:00,15.191
61,27.04 13:00,15.798
61,27.04 14:00,16.728
61,27.04 15:00,10.985
61,27.04 16:00,5.675
61,27.04 17:00,5.691
61,27.04 18:00,5.612
61,27.04 19:00,11.769
61,27.04 20:00,13.553
61,27.04 21:00,7.894
61,27.04 22:00,1.793
61,27.04 23:00,1.791
61,28.04 00:00,1.992
61,28.04 01:00,2.006
61,28.04 02:00,2.001
61,28.04 03:00,1.891
61,28.04 04:00,1.897
61,28.04 05:00,1.792
61,28.04 06:00,5.834
61,28.04 07:00,14.667
61,28.04 08:00,14.155
61,28.04 09:00,12.708
61,28.04 10:00,12.506
61,28.04 11:00,12.98
61,28.04 12:00,11.442
61,28.04 13:00,3.801
61,28.04 14:00,3.795
61,28.04 15:00,3.998
61,28.04 16:00,5.899
61,28.04 17:00,5.792
61,28.04 18:00,4.993
61,28.04 19:00,12.335
61,28.04 20:00,15.721
61,28.04 21:00,12.246
61,28.04 22:00,2.5
61,28.04 23:00,2.004
61,29.04 00:00,1.994
61,29.04 01:00,2.197
61,29.04 02:00,1.905
61,29.04 03:00,1.809
61,29.04 04:00,1.907
61,29.04 05:00,1.894
61,29.04 06:00,5.924
61,29.04 07:00,14.827
61,29.04 08:00,14.331
61,29.04 09:00,13.333
61,29.04 10:00,12.938
61,29.04 11:00,13.258
61,29.04 12:00,13.194
61,29.04 13:00,13.072
61,29.04 14:00,13.196
61,29.04 15:00,11.745
61,29.04 16:00,4.211
61,29.04 17:00,4.211
61,29.04 18:00,2.494
61,29.04 19:00,1.802
61,29.04 20:00,2.093
61,29.04 21:00,2.01
61,29.04 22:00,2.002
61,29.04 23:00,1.993
61,30.04 00:00,2.208
61,30.04 01:00,2.2
61,30.04 02:00,2.097
61,30.04 03:00,1.909
61,30.04 04:00,1.994
61,30.04 05:00,2.003
61,30.04 06:00,2.005
61,30.04 07:00,1.997
61,30.04 08:00,1.906
61,30.04 09:00,1.894
61,30.04 10:00,1.606
61,30.04 11:00,1.597
61,30.04 12:00,1.899
61,30.04 13:00,1.8
61,30.04 14:00,1.808
61,30.04 15:00,1.805
61,30.04 16:00,2.004
61,30.04 17:00,1.893
61,30.04 18:00,1.801
61,30.04 19:00,1.907
61,30.04 20:00,2.197
61,30.04 21:00,2.003
61,30.04 22:00,1.905
61,30.04 23:00,1.992
61,01.05 00:00,1.998
61,01.05 01:00,1.99
61,01.05 02:00,2.108
61,01.05 03:00,1.891
61,01.05 04:00,1.995
61,01.05 05:00,1.906
61,01.05 06:00,2.004
61,01.05 07:00,1.904
61,01.05 08:00,1.804
61,01.05 09:00,1.993
61,01.05 10:00,1.596
61,01.05 11:00,1.596
61,01.05 12:00,1.607
61,01.05 13:00,1.695
61,01.05 14:00,1.596
61,01.05 15:00,1.59
61,01.05 16:00,1.692
61,01.05 17:00,1.605
61,01.05 18:00,1.605
61,01.05 19:00,1.597
61,01.05 20:00,1.894
61,01.05 21:00,1.728
61,01.05 22:00,1.892
61,01.05 23:00,2.004
61,02.05 00:00,1.901
61,02.05 01:00,2.001
61,02.05 02:00,2.104
61,02.05 03:00,1.791
61,02.05 04:00,1.808
61,02.05 05:00,1.806
61,02.05 06:00,1.806
61,02.05 07:00,1.797
61,02.05 08:00,1.896
61,02.05 09:00,1.903
61,02.05 10:00,1.603
61,02.05 11:00,1.601
61,02.05 12:00,1.598
61,02.05 13:00,1.601
61,02.05 14:00,1.707
61,02.05 15:00,1.604
61,02.05 16:00,1.6
61,02.05 17:00,1.596
61,02.05 18:00,1.5
61,02.05 19:00,1.603
61,02.05 20:00,1.699
61,02.05 21:00,1.901
61,02.05 22:00,1.795
61,02.05 23:00,1.799
61,03.05 00:00,1.901
61,03.05 01:00,1.992
61,03.05 02:00,1.904
61,03.05 03:00,1.803
61,03.05 04:00,1.896
61,03.05 05:00,1.808
61,03.05 06:00,5.293
61,03.05 07:00,14.567
61,03.05 08:00,13.856
61,03.05 09:00,12.642
61,03.05 10:00,12.556
61,03.05 11:00,12.615
61,03.05 12:00,12.825
61,03.05 13:00,12.578
61,03.05 14:00,13.436
61,03.05 15:00,9.375
61,03.05 16:00,4.001
61,03.05 17:00,4.011
61,03.05 18:00,4.117
61,03.05 19:00,9.48
61,03.05 20:00,9.826
61,03.05 21:00,1.802
61,03.05 22:00,1.807
61,03.05 23:00,1.793
61,04.05 00:00,1.804
61,04.05 01:00,2.001
61,04.05 02:00,1.897
61,04.05 03:00,1.792
61,04.05 04:00,1.808
61,04.05 05:00,1.909
61,04.05 06:00,5.323
61,04.05 07:00,14.399
61,04.05 08:00,14.022
61,04.05 09:00,12.927
61,04.05 10:00,14.664
61,04.05 11:00,11.314
61,04.05 12:00,7.423
61,04.05 13:00,7.649
61,04.05 14:00,14.476
61,04.05 15:00,15.38
61,04.05 16:00,4.795
61,04.05 17:00,4.186
61,04.05 18:00,4.313
61,04.05 19:00,10.936
61,04.05 20:00,14.564
61,04.05 21:00,8.657
61,04.05 22:00,1.806
61,04.05 23:00,1.795
61,05.05 00:00,2.208
61,05.05 01:00,2.004
61,05.05 02:00,1.896
61,05.05 03:00,1.802
61,05.05 04:00,1.793
61,05.05 05:00,1.807
61,05.05 06:00,5.524
61,05.05 07:00,16.25
61,05.05 08:00,14.595
61,05.05 09:00,14.648
61,05.05 10:00,14.649
61,05.05 11:00,14.591
61,05.05 12:00,14.561
61,05.05 13:00,14.61
61,05.05 14:00,14.561
61,05.05 15:00,14.436
61,05.05 16:00,15.654
61,05.05 17:00,15.024
61,05.05 18:00,14.427
61,05.05 19:00,16.197
61,05.05 20:00,15.665
61,05.05 21:00,12.47
61,05.05 22:00,6.109
61,05.05 23:00,2.605
61,06.05 00:00,2.159
61,06.05 01:00,2.301
61,06.05 02:00,2.305
61,06.05 03:00,2.204
61,06.05 04:00,2.21
61,06.05 05:00,2.201
61,06.05 06:00,5.784
61,06.05 07:00,14.649
61,06.05 08:00,13.973
61,06.05 09:00,12.989
61,06.05 10:00,13.004
61,06.05 11:00,13.051
61,06.05 12:00,13.183
61,06.05 13:00,13.238
61,06.05 14:00,9.613
61,06.05 15:00,1.707
61,06.05 16:00,1.801
61,06.05 17:00,1.596
61,06.05 18:00,1.597
61,06.05 19:00,1.902
61,06.05 20:00,1.892
61,06.05 21:00,1.794
61,06.05 22:00,1.901
61,06.05 23:00,1.904
61,07.05 00:00,1.992
61,07.05 01:00,1.998
61,07.05 02:00,2.09
61,07.05 03:00,1.795
61,07.05 04:00,1.824
61,07.05 05:00,1.953
61,07.05 06:00,1.765
61,07.05 07:00,1.809
61,07.05 08:00,1.794
61,07.05 09:00,1.907
61,07.05 10:00,1.603
61,07.05 11:00,1.606
61,07.05 12:00,1.893
61,07.05 13:00,1.797
61,07.05 14:00,1.692
61,07.05 15:00,1.693
61,07.05 16:00,1.806
61,07.05 17:00,1.599
61,07.05 18:00,1.801
61,07.05 19:00,1.804
61,07.05 20:00,2.003
61,07.05 21:00,1.909
61,07.05 22:00,1.797
61,07.05 23:00,1.891
61,08.05 00:00,2.201
61,08.05 01:00,2.003
61,08.05 02:00,1.9
61,08.05 03:00,1.801
61,08.05 04:00,1.802
61,08.05 05:00,1.793
61,08.05 06:00,1.807
61,08.05 07:00,1.755
61,08.05 08:00,1.808
61,08.05 09:00,1.806
61,08.05 10:00,1.404
61,08.05 11:00,1.604
61,08.05 12:00,1.994
61,08.05 13:00,2.009
61,08.05 14:00,1.803
61,08.05 15:00,1.794
61,08.05 16:00,1.901
61,08.05 17:00,1.808
61,08.05 18:00,1.793
61,08.05 19:00,1.887
61,08.05 20:00,2.097
61,08.05 21:00,2.207
61,08.05 22:00,2.11
61,08.05 23:00,2.205
61,09.05 00:00,2.193
61,09.05 01:00,2.311
61,09.05 02:00,2.201
61,09.05 03:00,2.209
61,09.05 04:00,2.197
61,09.05 05:00,2.116
61,09.05 06:00,6.011
61,09.05 07:00,14.348
61,09.05 08:00,13.396
61,09.05 09:00,12.877
61,09.05 10:00,12.958
61,09.05 11:00,13.09
61,09.05 12:00,12.697
61,09.05 13:00,12.738
61,09.05 14:00,12.98
61,09.05 15:00,8.913
61,09.05 16:00,4.02
61,09.05 17:00,3.893
61,09.05 18:00,1.994
61,09.05 19:00,1.498
61,09.05 20:00,1.693
61,09.05 21:00,1.793
61,09.05 22:00,1.804
61,09.05 23:00,1.805
61,10.05 00:00,1.994
61,10.05 01:00,1.904
61,10.05 02:00,1.797
61,10.05 03:00,1.799
61,10.05 04:00,1.805
61,10.05 05:00,1.808
61,10.05 06:00,5.88
61,10.05 07:00,14.402
61,10.05 08:00,13.67
61,10.05 09:00,12.578
61,10.05 10:00,13.337
61,10.05 11:00,13.949
61,10.05 12:00,12.509
61,10.05 13:00,4.704
61,10.05 14:00,11.748
61,10.05 15:00,14.131
61,10.05 16:00,13.624
61,10.05 17:00,13.676
61,10.05 18:00,13.736
61,10.05 19:00,13.039
61,10.05 20:00,12.783
61,10.05 21:00,2.301
61,10.05 22:00,1.804
61,10.05 23:00,1.8
61,11.05 00:00,2.003
61,11.05 01:00,1.804
61,11.05 02:00,1.898
61,11.05 03:00,1.792
61,11.05 04:00,1.804
61,11.05 05:00,1.805
61,11.05 06:00,4.881
61,11.05 07:00,14.243
61,11.05 08:00,13.359
61,11.05 09:00,12.47
61,11.05 10:00,12.459
61,11.05 11:00,12.561
61,11.05 12:00,12.759
61,11.05 13:00,12.795
61,11.05 14:00,12.894
61,11.05 15:00,12.831
61,11.05 16:00,12.846
61,11.05 17:00,13.134
61,11.05 18:00,12.856
61,11.05 19:00,13.397
61,11.05 20:00,13.157
61,11.05 21:00,8.21
61,11.05 22:00,1.904
61,11.05 23:00,1.803
61,12.05 00:00,2.107
61,12.05 01:00,1.994
61,12.05 02:00,1.903
61,12.05 03:00,1.991
61,12.05 04:00,1.996
61,12.05 05:00,1.995
61,12.05 06:00,5.509
61,12.05 07:00,14.552
61,12.05 08:00,13.626
61,12.05 09:00,12.545
61,12.05 10:00,12.454
61,12.05 11:00,12.457
61,12.05 12:00,13.057
61,12.05 13:00,12.993
61,12.05 14:00,13.158
61,12.05 15:00,12.816
61,12.05 16:00,14.647
61,12.05 17:00,14.27
61,12.05 18:00,14.349
61,12.05 19:00,15.843
61,12.05 20:00,15.962
61,12.05 21:00,13.252
61,12.05 22:00,2.601
61,12.05 23:00,1.895
61,13.05 00:00,2.009
61,13.05 01:00,2.196
61,13.05 02:00,2.0
61,13.05 03:00,1.901
61,13.05 04:00,1.995
61,13.05 05:00,1.992
61,13.05 06:00,6.6
61,13.05 07:00,14.409
61,13.05 08:00,14.555
61,13.05 09:00,12.756
61,13.05 10:00,12.858
61,13.05 11:00,12.975
61,13.05 12:00,13.137
61,13.05 13:00,13.041
61,13.05 14:00,13.54
61,13.05 15:00,11.247
61,13.05 16:00,4.299
61,13.05 17:00,4.307
61,13.05 18:00,3.207
61,13.05 19:00,1.793
61,13.05 20:00,2.107
61,13.05 21:00,2.095
61,13.05 22:00,2.109
61,13.05 23:00,1.808
61,14.05 00:00,1.991
61,14.05 01:00,2.197
61,14.05 02:00,1.908
61,14.05 03:00,1.908
61,14.05 04:00,2.002
61,14.05 05:00,1.904
61,14.05 06:00,1.808
61,14.05 07:00,2.007
61,14.05 08:00,2.003
61,14.05 09:00,1.806
61,14.05 10:00,1.604
61,14.05 11:00,1.602
61,14.05 12:00,1.995
61,14.05 13:00,1.899
61,14.05 14:00,1.901
61,14.05 15:00,1.804
61,14.05 16:00,1.804
61,14.05 17:00,1.896
61,14.05 18:00,1.803
61,14.05 19:00,1.795
61,14.05 20:00,2.108
61,14.05 21:00,2.001
61,14.05 22:00,2.003
61,14.05 23:00,1.998
61,15.05 00:00,1.998
61,15.05 01:00,2.096
61,15.05 02:00,2.005
61,15.05 03:00,2.009
61,15.05 04:00,1.9
61,15.05 05:00,1.991
61,15.05 06:00,1.9
61,15.05 07:00,1.805
61,15.05 08:00,2.007
61,15.05 09:00,1.906
61,15.05 10:00,1.607
61,15.05 11:00,1.597
61,15.05 12:00,1.802
61,15.05 13:00,1.704
61,15.05 14:00,1.706
61,15.05 15:00,1.7
61,15.05 16:00,1.606
61,15.05 17:00,1.604
61,15.05 18:00,1.595
61,15.05 19:00,1.705
61,15.05 20:00,1.808
61,15.05 21:00,1.876
61,15.05 22:00,2.003
61,15.05 23:00,1.8
61,16.05 00:00,1.894
61,16.05 01:00,2.11
61,16.05 02:00,1.99
61,16.05 03:00,1.894
61,16.05 04:00,1.719
61,16.05 05:00,1.893
61,16.05 06:00,5.818
61,16.05 07:00,14.34
61,16.05 08:00,13.391
61,16.05 09:00,12.618
61,16.05 10:00,12.539
61,16.05 11:00,12.54
61,16.05 12:00,12.609
61,16.05 13:00,12.772
61,16.05 14:00,12.855
61,16.05 15:00,12.646
61,16.05 16:00,12.788
61,16.05 17:00,12.755
61,16.05 18:00,5.515
61,16.05 19:00,1.5
61,16.05 20:00,1.701
61,16.05 21:00,1.798
61,16.05 22:00,1.909
61,16.05 23:00,1.802
61,17.05 00:00,2.194
61,17.05 01:00,1.891
61,17.05 02:00,1.794
61,17.05 03:00,1.796
61,17.05 04:00,1.901
61,17.05 05:00,1.799
61,17.05 06:00,5.473
61,17.05 07:00,14.404
61,17.05 08:00,13.555
61,17.05 09:00,12.578
61,17.05 10:00,12.692
61,17.05 11:00,12.596
61,17.05 12:00,12.7
61,17.05 13:00,12.958
61,17.05 14:00,13.626
61,17.05 15:00,9.704
61,17.05 16:00,3.811
61,17.05 17:00,3.881
61,17.05 18:00,3.797
61,17.05 19:00,11.359
61,17.05 20:00,14.871
61,17.05 21:00,2.309
61,17.05 22:00,2.195
61,17.05 23:00,2.308
61,18.05 00:00,2.099
61,18.05 01:00,2.191
61,18.05 02:00,2.208
61,18.05 03:00,2.405
61,18.05 04:00,2.279
61,18.05 05:00,2.099
61,18.05 06:00,5.987
61,18.05 07:00,14.248
61,18.05 08:00,13.518
61,18.05 09:00,12.61
61,18.05 10:00,14.475
61,18.05 11:00,16.195
61,18.05 12:00,15.672
61,18.05 13:00,16.326
61,18.05 14:00,14.559
61,18.05 15:00,9.314
61,18.05 16:00,4.212
61,18.05 17:00,4.219
61,18.05 18:00,4.115
61,18.05 19:00,9.516
61,18.05 20:00,14.297
61,18.05 21:00,8.173
61,18.05 22:00,1.808
61,18.05 23:00,1.806
61,19.05 00:00,1.9
61,19.05 01:00,1.993
61,19.05 02:00,1.903
61,19.05 03:00,1.893
61,19.05 04:00,1.905
61,19.05 05:00,1.802
61,19.05 06:00,5.912
61,19.05 07:00,14.35
61,19.05 08:00,13.589
61,19.05 09:00,12.589
61,19.05 10:00,12.751
61,19.05 11:00,12.731
61,19.05 12:00,12.95
61,19.05 13:00,13.048
61,19.05 14:00,13.249
61,19.05 15:00,11.864
61,19.05 16:00,7.7
61,19.05 17:00,6.006
61,19.05 18:00,7.632
61,19.05 19:00,15.672
61,19.05 20:00,16.444
61,19.05 21:00,9.743
61,19.05 22:00,2.004
61,19.05 23:00,1.797
61,20.05 00:00,1.891
61,20.05 01:00,1.997
61,20.05 02:00,1.893
61,20.05 03:00,1.808
61,20.05 04:00,1.807
61,20.05 05:00,1.697
61,20.05 06:00,5.184
61,20.05 07:00,14.528
61,20.05 08:00,13.44
61,20.05 09:00,12.733
61,20.05 10:00,12.601
61,20.05 11:00,12.759
61,20.05 12:00,12.859
61,20.05 13:00,12.748
61,20.05 14:00,12.949
61,20.05 15:00,9.285
61,20.05 16:00,3.982
61,20.05 17:00,3.987
61,20.05 18:00,2.506
61,20.05 19:00,1.696
61,20.05 20:00,1.807
61,20.05 21:00,1.801
61,20.05 22:00,1.805
61,20.05 23:00,1.6
61,21.05 00:00,1.8
61,21.05 01:00,1.996
61,21.05 02:00,1.708
61,21.05 03:00,1.602
61,21.05 04:00,1.698
61,21.05 05:00,1.802
61,21.05 06:00,1.698
61,21.05 07:00,1.606
61,21.05 08:00,1.794
61,21.05 09:00,1.603
61,21.05 10:00,1.395
61,21.05 11:00,1.499
61,21.05 12:00,1.601
61,21.05 13:00,1.594
61,21.05 14:00,1.703
61,21.05 15:00,1.595
61,21.05 16:00,1.605
61,21.05 17:00,1.601
61,21.05 18:00,1.596
61,21.05 19:00,1.602
61,21.05 20:00,1.909
61,21.05 21:00,1.903
61,21.05 22:00,1.592
61,21.05 23:00,1.605
61,22.05 00:00,1.794
61,22.05 01:00,1.806
61,22.05 02:00,1.707
61,22.05 03:00,1.705
61,22.05 04:00,1.804
61,22.05 05:00,1.699
61,22.05 06:00,1.603
61,22.05 07:00,1.796
61,22.05 08:00,1.599
61,22.05 09:00,1.707
61,22.05 10:00,1.496
61,22.05 11:00,1.405
61,22.05 12:00,1.504
61,22.05 13:00,1.399
61,22.05 14:00,1.499
61,22.05 15:00,1.401
61,22.05 16:00,1.395
61,22.05 17:00,1.404
61,22.05 18:00,1.404
61,22.05 19:00,1.406
61,22.05 20:00,1.697
61,22.05 21:00,1.699
61,22.05 22:00,1.601
61,22.05 23:00,1.807
61,23.05 00:00,2.501
61,23.05 01:00,1.792
61,23.05 02:00,1.805
61,23.05 03:00,1.695
61,23.05 04:00,1.624
61,23.05 05:00,1.597
61,23.05 06:00,6.486
61,23.05 07:00,14.188
61,23.05 08:00,14.771
61,23.05 09:00,13.708
61,23.05 10:00,13.934
61,23.05 11:00,10.317
61,23.05 12:00,5.392
61,23.05 13:00,5.625
61,23.05 14:00,8.498
61,23.05 15:00,10.61
61,23.05 16:00,6.475
61,23.05 17:00,6.429
61,23.05 18:00,3.986
61,23.05 19:00,2.596
61,23.05 20:00,3.006
61,23.05 21:00,3.012
61,23.05 22:00,2.988
61,23.05 23:00,3.002
61,24.05 00:00,2.488
61,24.05 01:00,3.005
61,24.05 02:00,3.013
61,24.05 03:00,3.008
61,24.05 04:00,3.013
61,24.05 05:00,3.013
61,24.05 06:00,6.727
61,24.05 07:00,14.036
61,24.05 08:00,13.036
61,24.05 09:00,12.432
61,24.05 10:00,12.382
61,24.05 11:00,12.655
61,24.05 12:00,12.849
61,24.05 13:00,12.769
61,24.05 14:00,12.841
61,24.05 15:00,12.75
61,24.05 16:00,13.039
61,24.05 17:00,12.991
61,24.05 18:00,13.008
61,24.05 19:00,12.448
61,24.05 20:00,10.315
61,24.05 21:00,1.891
61,24.05 22:00,1.795
61,24.05 23:00,1.792
61,25.05 00:00,1.904
61,25.05 01:00,1.801
61,25.05 02:00,1.708
61,25.05 03:00,1.798
61,25.05 04:00,1.806
61,25.05 05:00,1.805
61,25.05 06:00,4.918
61,25.05 07:00,14.117
61,25.05 08:00,13.549
61,25.05 09:00,12.476
61,25.05 10:00,12.639
61,25.05 11:00,8.665
61,25.05 12:00,3.996
61,25.05 13:00,3.991
61,25.05 14:00,9.934
61,25.05 15:00,9.439
61,25.05 16:00,5.282
61,25.05 17:00,5.407
61,25.05 18:00,3.001
61,25.05 19:00,1.606
61,25.05 20:00,1.798
61,25.05 21:00,2.007
61,25.05 22:00,1.693
61,25.05 23:00,1.698
61,26.05 00:00,1.892
61,26.05 01:00,1.795
61,26.05 02:00,1.706
61,26.05 03:00,1.602
61,26.05 04:00,1.803
61,26.05 05:00,1.693
61,26.05 06:00,5.29
61,26.05 07:00,13.814
61,26.05 08:00,13.238
61,26.05 09:00,12.641
61,26.05 10:00,12.899
61,26.05 11:00,13.059
61,26.05 12:00,13.062
61,26.05 13:00,12.944
61,26.05 14:00,13.084
61,26.05 15:00,13.333
61,26.05 16:00,13.837
61,26.05 17:00,14.75
61,26.05 18:00,14.948
61,26.05 19:00,11.91
61,26.05 20:00,11.468
61,26.05 21:00,12.357
61,26.05 22:00,2.6
61,26.05 23:00,1.694
61,27.05 00:00,2.0
61,27.05 01:00,2.005
61,27.05 02:00,1.905
61,27.05 03:00,1.8
61,27.05 04:00,1.8
61,27.05 05:00,1.794
61,27.05 06:00,5.101
61,27.05 07:00,14.658
61,27.05 08:00,14.742
61,27.05 09:00,12.655
61,27.05 10:00,12.747
61,27.05 11:00,13.098
61,27.05 12:00,12.234
61,27.05 13:00,12.755
61,27.05 14:00,13.315
61,27.05 15:00,13.664
61,27.05 16:00,12.657
61,27.05 17:00,12.74
61,27.05 18:00,4.335
61,27.05 19:00,1.824
61,27.05 20:00,1.908
61,27.05 21:00,1.907
61,27.05 22:00,1.743
61,27.05 23:00,1.804
61,28.05 00:00,1.808
61,28.05 01:00,1.891
61,28.05 02:00,1.9
61,28.05 03:00,1.807
61,28.05 04:00,1.806
61,28.05 05:00,1.802
61,28.05 06:00,1.796
61,28.05 07:00,1.766
61,28.05 08:00,1.802
61,28.05 09:00,1.798
61,28.05 10:00,1.405
61,28.05 11:00,1.501
61,28.05 12:00,1.807
61,28.05 13:00,1.804
61,28.05 14:00,1.606
61,28.05 15:00,1.692
61,28.05 16:00,1.796
61,28.05 17:00,1.707
61,28.05 18:00,1.695
61,28.05 19:00,1.803
61,28.05 20:00,1.905
61,28.05 21:00,1.898
61,28.05 22:00,1.794
61,28.05 23:00,1.895
61,29.05 00:00,1.805
61,29.05 01:00,1.903
61,29.05 02:00,1.904
61,29.05 03:00,1.794
61,29.05 04:00,1.793
61,29.05 05:00,1.808
61,29.05 06:00,1.794
61,29.05 07:00,1.692
61,29.05 08:00,1.798
61,29.05 09:00,1.706
61,29.05 10:00,1.397
61,29.05 11:00,1.399
61,29.05 12:00,1.601
61,29.05 13:00,1.601
61,29.05 14:00,1.494
61,29.05 15:00,1.662
61,29.05 16:00,1.703
61,29.05 17:00,1.395
61,29.05 18:00,1.505
61,29.05 19:00,1.592
61,29.05 20:00,1.707
61,29.05 21:00,1.803
61,29.05 22:00,1.804
61,29.05 23:00,1.802
61,30.05 00:00,1.808
61,30.05 01:00,1.906
61,30.05 02:00,1.898
61,30.05 03:00,1.804
61,30.05 04:00,1.807
61,30.05 05:00,1.899
61,30.05 06:00,1.792
61,30.05 07:00,1.597
61,30.05 08:00,1.802
61,30.05 09:00,1.803
61,30.05 10:00,1.404
61,30.05 11:00,1.494
61,30.05 12:00,1.601
61,30.05 13:00,1.596
61,30.05 14:00,1.606
61,30.05 15:00,1.592
61,30.05 16:00,1.604
61,30.05 17:00,1.406
61,30.05 18:00,1.507
61,30.05 19:00,1.598
61,30.05 20:00,1.704
61,30.05 21:00,1.804
61,30.05 22:00,1.809
61,30.05 23:00,1.695
61,31.05 00:00,1.795
61,31.05 01:00,1.903
61,31.05 02:00,1.908
61,31.05 03:00,1.798
61,31.05 04:00,1.797
61,31.05 05:00,1.905
61,31.05 06:00,1.803
61,31.05 07:00,1.699
61,31.05 08:00,1.794
61,31.05 09:00,1.699
61,31.05 10:00,1.405
61,31.05 11:00,1.496
61,31.05 12:00,1.699
61,31.05 13:00,1.697
61,31.05 14:00,1.792
61,31.05 15:00,1.802
61,31.05 16:00,1.707
61,31.05 17:00,1.595
61,31.05 18:00,1.804
61,31.05 19:00,1.805
61,31.05 20:00,1.993
61,31.05 21:00,1.892
61,31.05 22:00,1.898
61,31.05 23:00,1.804
61,01.06 00:00,1.903
61,01.06 01:00,2.003
61,01.06 02:00,1.899
61,01.06 03:00,1.792
61,01.06 04:00,1.8
61,01.06 05:00,1.803
61,01.06 06:00,1.796
61,01.06 07:00,1.797
61,01.06 08:00,1.795
61,01.06 09:00,1.702
61,01.06 10:00,1.396
61,01.06 11:00,1.596
61,01.06 12:00,1.791
61,01.06 13:00,0.998
61,01.06 14:00,1.002
61,01.06 15:00,1.002
61,01.06 16:00,1.002
61,01.06 17:00,0.997
61,01.06 18:00,1.0
61,01.06 19:00,0.997
61,01.06 20:00,1.906
61,01.06 21:00,1.996
61,01.06 22:00,1.802
61,01.06 23:00,1.793
61,02.06 00:00,1.993
61,02.06 01:00,1.994
61,02.06 02:00,1.907
61,02.06 03:00,1.795
61,02.06 04:00,1.798
61,02.06 05:00,1.797
61,02.06 06:00,1.804
61,02.06 07:00,1.898
61,02.06 08:00,1.693
61,02.06 09:00,1.805
61,02.06 10:00,1.407
61,02.06 11:00,1.406
61,02.06 12:00,1.704
61,02.06 13:00,1.802
61,02.06 14:00,1.638
61,02.06 15:00,1.695
61,02.06 16:00,1.8
61,02.06 17:00,1.7
61,02.06 18:00,1.606
61,02.06 19:00,1.805
61,02.06 20:00,1.898
61,02.06 21:00,1.999
61,02.06 22:00,1.801
61,02.06 23:00,1.819
61,03.06 00:00,1.898
61,03.06 01:00,1.904
61,03.06 02:00,1.904
61,03.06 03:00,1.793
61,03.06 04:00,1.797
61,03.06 05:00,1.798
61,03.06 06:00,1.803
61,03.06 07:00,1.807
61,03.06 08:00,1.795
61,03.06 09:00,1.806
61,03.06 10:00,1.396
61,03.06 11:00,1.504
61,03.06 12:00,1.697
61,03.06 13:00,1.807
61,03.06 14:00,1.706
61,03.06 15:00,1.8
61,03.06 16:00,1.805
61,03.06 17:00,1.697
61,03.06 18:00,1.698
61,03.06 19:00,1.796
61,03.06 20:00,2.01
61,03.06 21:00,1.993
61,03.06 22:00,1.802
61,03.06 23:00,1.807
61,04.06 00:00,1.909
61,04.06 01:00,1.895
61,04.06 02:00,1.906
61,04.06 03:00,1.802
61,04.06 04:00,1.8
61,04.06 05:00,1.796
61,04.06 06:00,1.896
61,04.06 07:00,1.806
61,04.06 08:00,1.708
61,04.06 09:00,1.798
61,04.06 10:00,1.399
61,04.06 11:00,1.4
61,04.06 12:00,1.697
61,04.06 13:00,1.795
61,04.06 14:00,1.798
61,04.06 15:00,1.694
61,04.06 16:00,1.807
61,04.06 17:00,1.694
61,04.06 18:00,1.697
61,04.06 19:00,1.802
61,04.06 20:00,1.908
61,04.06 21:00,1.991
61,04.06 22:00,1.802
61,04.06 23:00,1.899
61,05.06 00:00,1.899
61,05.06 01:00,1.992
61,05.06 02:00,1.897
61,05.06 03:00,1.809
61,05.06 04:00,1.804
61,05.06 05:00,1.904
61,05.06 06:00,1.796
61,05.06 07:00,1.795
61,05.06 08:00,1.803
61,05.06 09:00,1.896
61,05.06 10:00,1.397
61,05.06 11:00,1.396
61,05.06 12:00,1.606
61,05.06 13:00,1.598
61,05.06 14:00,1.439
61,05.06 15:00,1.586
61,05.06 16:00,1.602
61,05.06 17:00,1.401
61,05.06 18:00,1.6
61,05.06 19:00,1.501
61,05.06 20:00,1.692
61,05.06 21:00,1.804
61,05.06 22:00,1.804
61,05.06 23:00,1.794
61,06.06 00:00,1.897
61,06.06 01:00,1.992
61,06.06 02:00,1.8
61,06.06 03:00,1.808
61,06.06 04:00,1.795
61,06.06 05:00,1.807
61,06.06 06:00,6.228
61,06.06 07:00,14.006
61,06.06 08:00,13.395
61,06.06 09:00,12.474
61,06.06 10:00,12.364
61,06.06 11:00,8.712
61,06.06 12:00,4.009
61,06.06 13:00,3.994
61,06.06 14:00,7.222
61,06.06 15:00,9.74
61,06.06 16:00,5.206
61,06.06 17:00,5.209
61,06.06 18:00,2.79
61,06.06 19:00,1.598
61,06.06 20:00,1.705
61,06.06 21:00,1.798
61,06.06 22:00,1.796
61,06.06 23:00,1.809
61,07.06 00:00,1.892
61,07.06 01:00,1.994
61,07.06 02:00,1.905
61,07.06 03:00,1.795
61,07.06 04:00,1.793
61,07.06 05:00,1.808
61,07.06 06:00,5.183
61,07.06 07:00,14.203
61,07.06 08:00,13.412
61,07.06 09:00,12.536
61,07.06 10:00,12.407
61,07.06 11:00,12.416
61,07.06 12:00,12.469
61,07.06 13:00,12.592
61,07.06 14:00,12.571
61,07.06 15:00,12.614
61,07.06 16:00,12.762
61,07.06 17:00,4.202
61,07.06 18:00,3.884
61,07.06 19:00,11.494
61,07.06 20:00,13.535
61,07.06 21:00,1.999
61,07.06 22:00,1.808
61,07.06 23:00,1.808
61,08.06 00:00,1.909
61,08.06 01:00,2.006
61,08.06 02:00,1.891
61,08.06 03:00,1.791
61,08.06 04:00,1.795
61,08.06 05:00,1.871
61,08.06 06:00,5.286
61,08.06 07:00,14.348
61,08.06 08:00,13.428
61,08.06 09:00,12.653
61,08.06 10:00,15.052
61,08.06 11:00,15.045
61,08.06 12:00,15.974
61,08.06 13:00,15.812
61,08.06 14:00,16.673
61,08.06 15:00,13.844
61,08.06 16:00,13.042
61,08.06 17:00,13.111
61,08.06 18:00,13.343
61,08.06 19:00,5.223
61,08.06 20:00,1.9
61,08.06 21:00,1.992
61,08.06 22:00,1.792
61,08.06 23:00,1.806
61,09.06 00:00,2.104
61,09.06 01:00,2.094
61,09.06 02:00,1.893
61,09.06 03:00,1.797
61,09.06 04:00,1.807
61,09.06 05:00,1.806
61,09.06 06:00,5.105
61,09.06 07:00,14.34
61,09.06 08:00,14.067
61,09.06 09:00,12.59
61,09.06 10:00,12.531
61,09.06 11:00,12.666
61,09.06 12:00,12.638
61,09.06 13:00,12.77
61,09.06 14:00,12.878
61,09.06 15:00,12.959
61,09.06 16:00,14.075
61,09.06 17:00,15.075
61,09.06 18:00,14.471
61,09.06 19:00,13.978
61,09.06 20:00,15.186
61,09.06 21:00,10.224
61,09.06 22:00,2.502
61,09.06 23:00,1.992
61,10.06 00:00,2.095
61,10.06 01:00,2.095
61,10.06 02:00,2.09
61,10.06 03:00,2.003
61,10.06 04:00,1.999
61,10.06 05:00,2.009
61,10.06 06:00,2.205
61,10.06 07:00,14.166
61,10.06 08:00,13.585
61,10.06 09:00,12.55
61,10.06 10:00,12.963
61,10.06 11:00,13.08
61,10.06 12:00,13.264
61,10.06 13:00,13.084
61,10.06 14:00,13.149
61,10.06 15:00,13.322
61,10.06 16:00,12.845
61,10.06 17:00,12.964
61,10.06 18:00,3.301
61,10.06 19:00,1.796
61,10.06 20:00,2.092
61,10.06 21:00,2.208
61,10.06 22:00,2.009
61,10.06 23:00,2.0
61,11.06 00:00,2.096
61,11.06 01:00,1.996
61,11.06 02:00,2.007
61,11.06 03:00,1.999
61,11.06 04:00,1.996
61,11.06 05:00,1.795
61,11.06 06:00,1.995
61,11.06 07:00,1.997
61,11.06 08:00,1.896
61,11.06 09:00,1.804
61,11.06 10:00,1.595
61,11.06 11:00,1.605
61,11.06 12:00,1.704
61,11.06 13:00,2.006
61,11.06 14:00,1.993
61,11.06 15:00,1.804
61,11.06 16:00,1.791
61,11.06 17:00,1.893
61,11.06 18:00,1.806
61,11.06 19:00,1.796
61,11.06 20:00,2.092
61,11.06 21:00,2.199
61,11.06 22:00,1.907
61,11.06 23:00,2.009
61,12.06 00:00,2.092
61,12.06 01:00,1.992
61,12.06 02:00,1.996
61,12.06 03:00,1.99
61,12.06 04:00,1.892
61,12.06 05:00,1.805
61,12.06 06:00,2.0
61,12.06 07:00,1.998
61,12.06 08:00,1.9
61,12.06 09:00,1.895
61,12.06 10:00,1.608
61,12.06 11:00,1.598
61,12.06 12:00,1.596
61,12.06 13:00,1.608
61,12.06 14:00,1.699
61,12.06 15:00,1.602
61,12.06 16:00,1.601
61,12.06 17:00,1.583
61,12.06 18:00,1.708
61,12.06 19:00,1.607
61,12.06 20:00,1.898
61,12.06 21:00,2.005
61,12.06 22:00,1.905
61,12.06 23:00,1.897
61,13.06 00:00,2.009
61,13.06 01:00,2.0
61,13.06 02:00,1.996
61,13.06 03:00,1.903
61,13.06 04:00,2.008
61,13.06 05:00,1.899
61,13.06 06:00,5.513
61,13.06 07:00,14.439
61,13.06 08:00,13.65
61,13.06 09:00,12.391
61,13.06 10:00,12.693
61,13.06 11:00,9.023
61,13.06 12:00,4.013
61,13.06 13:00,4.08
61,13.06 14:00,8.079
61,13.06 15:00,8.532
61,13.06 16:00,4.107
61,13.06 17:00,3.983
61,13.06 18:00,4.087
61,13.06 19:00,3.993
61,13.06 20:00,4.808
61,13.06 21:00,2.003
61,13.06 22:00,1.909
61,13.06 23:00,1.999
61,14.06 00:00,2.003
61,14.06 01:00,2.0
61,14.06 02:00,1.999
61,14.06 03:00,1.794
61,14.06 04:00,1.991
61,14.06 05:00,1.896
61,14.06 06:00,5.375
61,14.06 07:00,14.617
61,14.06 08:00,13.733
61,14.06 09:00,12.699
61,14.06 10:00,12.77
61,14.06 11:00,12.855
61,14.06 12:00,12.935
61,14.06 13:00,13.195
61,14.06 14:00,13.262
61,14.06 15:00,13.266
61,14.06 16:00,13.056
61,14.06 17:00,12.439
61,14.06 18:00,11.869
61,14.06 19:00,12.942
61,14.06 20:00,13.161
61,14.06 21:00,2.096
61,14.06 22:00,1.902
61,14.06 23:00,1.894
61,15.06 00:00,2.0
61,15.06 01:00,2.001
61,15.06 02:00,1.893
61,15.06 03:00,1.797
61,15.06 04:00,1.798
61,15.06 05:00,1.901
61,15.06 06:00,4.608
61,15.06 07:00,14.18
61,15.06 08:00,13.707
61,15.06 09:00,12.53
61,15.06 10:00,12.659
61,15.06 11:00,7.106
61,15.06 12:00,4.091
61,15.06 13:00,4.195
61,15.06 14:00,10.491
61,15.06 15:00,12.857
61,15.06 16:00,12.338
61,15.06 17:00,12.43
61,15.06 18:00,5.51
61,15.06 19:00,1.805
61,15.06 20:00,2.008
61,15.06 21:00,2.004
61,15.06 22:00,2.002
61,15.06 23:00,1.908
61,16.06 00:00,1.892
61,16.06 01:00,1.898
61,16.06 02:00,1.901
61,16.06 03:00,1.799
61,16.06 04:00,1.792
61,16.06 05:00,1.794
61,16.06 06:00,5.574
61,16.06 07:00,14.345
61,16.06 08:00,13.662
61,16.06 09:00,12.648
61,16.06 10:00,12.868
61,16.06 11:00,13.488
61,16.06 12:00,13.526
61,16.06 13:00,12.645
61,16.06 14:00,12.633
61,16.06 15:00,12.634
61,16.06 16:00,15.443
61,16.06 17:00,15.29
61,16.06 18:00,15.017
61,16.06 19:00,15.872
61,16.06 20:00,15.934
61,16.06 21:00,14.754
61,16.06 22:00,2.598
61,16.06 23:00,1.607
61,17.06 00:00,1.806
61,17.06 01:00,1.795
61,17.06 02:00,1.695
61,17.06 03:00,1.608
61,17.06 04:00,1.692
61,17.06 05:00,1.698
61,17.06 06:00,5.799
61,17.06 07:00,14.155
61,17.06 08:00,14.446
61,17.06 09:00,12.485
61,17.06 10:00,12.946
61,17.06 11:00,13.035
61,17.06 12:00,13.083
61,17.06 13:00,12.567
61,17.06 14:00,12.801
61,17.06 15:00,13.29
61,17.06 16:00,13.209
61,17.06 17:00,14.384
61,17.06 18:00,7.023
61,17.06 19:00,1.605
61,17.06 20:00,1.893
61,17.06 21:00,1.996
61,17.06 22:00,1.791
61,17.06 23:00,1.695
61,18.06 00:00,1.802
61,18.06 01:00,1.801
61,18.06 02:00,1.898
61,18.06 03:00,1.703
61,18.06 04:00,1.795
61,18.06 05:00,1.798
61,18.06 06:00,1.696
61,18.06 07:00,1.798
61,18.06 08:00,1.707
61,18.06 09:00,1.702
61,18.06 10:00,1.395
61,18.06 11:00,1.498
61,18.06 12:00,1.6
61,18.06 13:00,9.084
61,18.06 14:00,2.209
61,18.06 15:00,1.692
61,18.06 16:00,1.627
61,18.06 17:00,1.599
61,18.06 18:00,1.603
61,18.06 19:00,1.701
61,18.06 20:00,1.792
61,18.06 21:00,2.007
61,18.06 22:00,1.892
61,18.06 23:00,1.699
61,19.06 00:00,1.904
61,19.06 01:00,1.904
61,19.06 02:00,1.901
61,19.06 03:00,1.705
61,19.06 04:00,1.805
61,19.06 05:00,1.798
61,19.06 06:00,1.605
61,19.06 07:00,1.795
61,19.06 08:00,1.697
61,19.06 09:00,1.707
61,19.06 10:00,1.407
61,19.06 11:00,1.406
61,19.06 12:00,1.602
61,19.06 13:00,1.506
61,19.06 14:00,1.501
61,19.06 15:00,1.4
61,19.06 16:00,1.396
61,19.06 17:00,1.394
61,19.06 18:00,1.405
61,19.06 19:00,1.406
61,19.06 20:00,1.694
61,19.06 21:00,1.795
61,19.06 22:00,1.803
61,19.06 23:00,1.593
61,20.06 00:00,1.799
61,20.06 01:00,1.808
61,20.06 02:00,1.807
61,20.06 03:00,1.794
61,20.06 04:00,1.697
61,20.06 05:00,1.703
61,20.06 06:00,5.089
61,20.06 07:00,14.55
61,20.06 08:00,13.471
61,20.06 09:00,12.76
61,20.06 10:00,13.263
61,20.06 11:00,13.378
61,20.06 12:00,13.016
61,20.06 13:00,13.005
61,20.06 14:00,13.187
61,20.06 15:00,13.268
61,20.06 16:00,13.358
61,20.06 17:00,12.813
61,20.06 18:00,5.815
61,20.06 19:00,1.404
61,20.06 20:00,1.593
61,20.06 21:00,1.897
61,20.06 22:00,1.803
61,20.06 23:00,1.895
61,21.06 00:00,1.806
61,21.06 01:00,1.798
61,21.06 02:00,1.901
61,21.06 03:00,1.751
61,21.06 04:00,1.793
61,21.06 05:00,1.795
61,21.06 06:00,5.281
61,21.06 07:00,15.35
61,21.06 08:00,14.053
61,21.06 09:00,13.709
61,21.06 10:00,13.648
61,21.06 11:00,13.575
61,21.06 12:00,13.75
61,21.06 13:00,14.059
61,21.06 14:00,13.934
61,21.06 15:00,13.96
61,21.06 16:00,14.141
61,21.06 17:00,13.035
61,21.06 18:00,11.048
61,21.06 19:00,10.859
61,21.06 20:00,11.556
61,21.06 21:00,1.991
61,21.06 22:00,1.781
61,21.06 23:00,1.805
61,22.06 00:00,2.091
61,22.06 01:00,1.807
61,22.06 02:00,1.809
61,22.06 03:00,1.807
61,22.06 04:00,1.797
61,22.06 05:00,1.807
61,22.06 06:00,5.275
61,22.06 07:00,14.116
61,22.06 08:00,13.281
61,22.06 09:00,12.998
61,22.06 10:00,14.129
61,22.06 11:00,15.133
61,22.06 12:00,15.296
61,22.06 13:00,15.268
61,22.06 14:00,16.981
61,22.06 15:00,11.515
61,22.06 16:00,5.503
61,22.06 17:00,5.388
61,22.06 18:00,3.693
61,22.06 19:00,2.093
61,22.06 20:00,2.29
61,22.06 21:00,2.399
61,22.06 22:00,2.205
61,22.06 23:00,2.207
61,23.06 00:00,2.21
61,23.06 01:00,2.295
61,23.06 02:00,2.301
61,23.06 03:00,2.197
61,23.06 04:00,2.194
61,23.06 05:00,2.199
61,23.06 06:00,5.089
61,23.06 07:00,16.033
61,23.06 08:00,14.779
61,23.06 09:00,14.759
61,23.06 10:00,14.751
61,23.06 11:00,14.749
61,23.06 12:00,14.675
61,23.06 13:00,14.949
61,23.06 14:00,15.185
61,23.06 15:00,15.383
61,23.06 16:00,16.705
61,23.06 17:00,15.989
61,23.06 18:00,16.671
61,23.06 19:00,15.993
61,23.06 20:00,15.627
61,23.06 21:00,14.95
61,23.06 22:00,10.811
61,23.06 23:00,2.402
61,24.06 00:00,1.906
61,24.06 01:00,2.008
61,24.06 02:00,1.898
61,24.06 03:00,1.808
61,24.06 04:00,1.803
61,24.06 05:00,1.804
61,24.06 06:00,5.106
61,24.06 07:00,14.373
61,24.06 08:00,13.375
61,24.06 09:00,12.831
61,24.06 10:00,12.613
61,24.06 11:00,11.955
61,24.06 12:00,11.98
61,24.06 13:00,12.438
61,24.06 14:00,12.318
61,24.06 15:00,12.707
61,24.06 16:00,12.401
61,24.06 17:00,12.259
61,24.06 18:00,7.118
61,24.06 19:00,1.707
61,24.06 20:00,1.894
61,24.06 21:00,2.002
61,24.06 22:00,1.704
61,24.06 23:00,1.797
61,25.06 00:00,0.995
61,25.06 01:00,0.998
61,25.06 02:00,0.999
61,25.06 03:00,0.997
61,25.06 04:00,1.004
61,25.06 05:00,0.997
61,25.06 06:00,0.996
61,25.06 07:00,1.004
61,25.06 08:00,1.005
61,25.06 09:00,1.597
61,25.06 10:00,1.406
61,25.06 11:00,1.394
61,25.06 12:00,1.495
61,25.06 13:00,1.806
61,25.06 14:00,1.702
61,25.06 15:00,1.593
61,25.06 16:00,1.6
61,25.06 17:00,1.594
61,25.06 18:00,1.803
61,25.06 19:00,1.706
61,25.06 20:00,1.891
61,25.06 21:00,2.0
61,25.06 22:00,1.9
61,25.06 23:00,1.809
61,26.06 00:00,1.998
61,26.06 01:00,1.794
61,26.06 02:00,1.804
61,26.06 03:00,1.798
61,26.06 04:00,1.802
61,26.06 05:00,1.803
61,26.06 06:00,1.795
61,26.06 07:00,1.803
61,26.06 08:00,1.698
61,26.06 09:00,1.606
61,26.06 10:00,1.4
61,26.06 11:00,1.395
61,26.06 12:00,1.501
61,26.06 13:00,1.596
61,26.06 14:00,1.497
61,26.06 15:00,1.403
61,26.06 16:00,1.402
61,26.06 17:00,1.496
61,26.06 18:00,1.398
61,26.06 19:00,1.399
61,26.06 20:00,1.693
61,26.06 21:00,1.793
61,26.06 22:00,1.8
61,26.06 23:00,1.803
61,27.06 00:00,2.102
61,27.06 01:00,2.003
61,27.06 02:00,1.708
61,27.06 03:00,1.8
61,27.06 04:00,1.692
61,27.06 05:00,1.792
61,27.06 06:00,4.697
61,27.06 07:00,14.147
61,27.06 08:00,13.941
61,27.06 09:00,6.385
61,27.06 10:00,8.677
61,27.06 11:00,7.833
61,27.06 12:00,4.013
61,27.06 13:00,4.015
61,27.06 14:00,10.395
61,27.06 15:00,11.906
61,27.06 16:00,11.56
61,27.06 17:00,11.648
61,27.06 18:00,5.872
61,27.06 19:00,1.995
61,27.06 20:00,2.09
61,27.06 21:00,2.201
61,27.06 22:00,2.207
61,27.06 23:00,2.2
61,28.06 00:00,2.094
61,28.06 01:00,2.507
61,28.06 02:00,2.289
61,28.06 03:00,2.202
61,28.06 04:00,2.191
61,28.06 05:00,2.199
61,28.06 06:00,4.917
61,28.06 07:00,14.261
61,28.06 08:00,13.48
61,28.06 09:00,12.504
61,28.06 10:00,12.536
61,28.06 11:00,12.375
61,28.06 12:00,12.64
61,28.06 13:00,12.843
61,28.06 14:00,14.507
61,28.06 15:00,10.961
61,28.06 16:00,6.222
61,28.06 17:00,11.817
61,28.06 18:00,11.462
61,28.06 19:00,11.554
61,28.06 20:00,12.424
61,28.06 21:00,4.211
61,28.06 22:00,1.902
61,28.06 23:00,1.805
61,29.06 00:00,2.101
61,29.06 01:00,1.908
61,29.06 02:00,1.799
61,29.06 03:00,1.694
61,29.06 04:00,1.793
61,29.06 05:00,1.799
61,29.06 06:00,5.215
61,29.06 07:00,14.661
61,29.06 08:00,7.111
61,29.06 09:00,2.094
61,29.06 10:00,6.529
61,29.06 11:00,14.754
61,29.06 12:00,14.935
61,29.06 13:00,14.641
61,29.06 14:00,13.856
61,29.06 15:00,7.977
61,29.06 16:00,4.383
61,29.06 17:00,4.185
61,29.06 18:00,3.09
61,29.06 19:00,2.101
61,29.06 20:00,2.397
61,29.06 21:00,2.399
61,29.06 22:00,2.297
61,29.06 23:00,2.206
61,30.06 00:00,2.007
61,30.06 01:00,2.306
61,30.06 02:00,2.294
61,30.06 03:00,2.198
61,30.06 04:00,2.208
61,30.06 05:00,2.193
61,30.06 06:00,5.393
61,30.06 07:00,14.863
61,30.06 08:00,13.552
61,30.06 09:00,10.45
61,30.06 10:00,10.519
61,30.06 11:00,11.148
61,30.06 12:00,10.819
61,30.06 13:00,10.154
61,30.06 14:00,7.528
61,30.06 15:00,5.194
61,30.06 16:00,8.863
61,30.06 17:00,8.68
61,30.06 18:00,8.991
61,30.06 19:00,9.905
61,30.06 20:00,9.876
61,30.06 21:00,8.719
61,30.06 22:00,2.804
61,30.06 23:00,1.808
61,01.07 00:00,1.9
61,01.07 01:00,1.894
61,01.07 02:00,1.791
61,01.07 03:00,1.807
61,01.07 04:00,1.806
61,01.07 05:00,1.703
61,01.07 06:00,6.291
61,01.07 07:00,14.469
61,01.07 08:00,10.087
61,01.07 09:00,1.998
61,01.07 10:00,7.892
61,01.07 11:00,12.46
61,01.07 12:00,13.866
61,01.07 13:00,4.305
61,01.07 14:00,2.301
61,01.07 15:00,3.093
61,01.07 16:00,2.744
61,01.07 17:00,2.697
61,01.07 18:00,2.206
61,01.07 19:00,1.698
61,01.07 20:00,2.0
61,01.07 21:00,2.003
61,01.07 22:00,1.994
61,01.07 23:00,1.801
61,02.07 00:00,1.9
61,02.07 01:00,1.905
61,02.07 02:00,1.803
61,02.07 03:00,1.799
61,02.07 04:00,1.698
61,02.07 05:00,1.795
61,02.07 06:00,1.803
61,02.07 07:00,1.797
61,02.07 08:00,1.7
61,02.07 09:00,1.693
61,02.07 10:00,1.402
61,02.07 11:00,1.503
61,02.07 12:00,1.601
61,02.07 13:00,1.702
61,02.07 14:00,1.798
61,02.07 15:00,1.802
61,02.07 16:00,1.794
61,02.07 17:00,1.794
61,02.07 18:00,1.707
61,02.07 19:00,1.702
61,02.07 20:00,1.892
61,02.07 21:00,1.998
61,02.07 22:00,1.795
61,02.07 23:00,1.803
61,03.07 00:00,1.793
61,03.07 01:00,1.791
61,03.07 02:00,1.805
61,03.07 03:00,1.9
61,03.07 04:00,1.8
61,03.07 05:00,1.705
61,03.07 06:00,1.792
61,03.07 07:00,1.794
61,03.07 08:00,1.698
61,03.07 09:00,1.809
61,03.07 10:00,1.397
61,03.07 11:00,1.404
61,03.07 12:00,1.5
61,03.07 13:00,1.598
61,03.07 14:00,1.497
61,03.07 15:00,1.402
61,03.07 16:00,1.399
61,03.07 17:00,1.399
61,03.07 18:00,1.404
61,03.07 19:00,1.403
61,03.07 20:00,1.702
61,03.07 21:00,1.799
61,03.07 22:00,1.807
61,03.07 23:00,1.795
61,04.07 00:00,1.902
61,04.07 01:00,1.805
61,04.07 02:00,1.802
61,04.07 03:00,1.799
61,04.07 04:00,1.798
61,04.07 05:00,1.701
61,04.07 06:00,5.003
61,04.07 07:00,14.372
61,04.07 08:00,9.493
61,04.07 09:00,1.396
61,04.07 10:00,7.005
61,04.07 11:00,8.098
61,04.07 12:00,3.6
61,04.07 13:00,3.611
61,04.07 14:00,7.567
61,04.07 15:00,6.23
61,04.07 16:00,2.105
61,04.07 17:00,2.001
61,04.07 18:00,1.706
61,04.07 19:00,1.401
61,04.07 20:00,1.701
61,04.07 21:00,1.799
61,04.07 22:00,1.686
61,04.07 23:00,1.802
61,05.07 00:00,1.899
61,05.07 01:00,1.894
61,05.07 02:00,1.802
61,05.07 03:00,1.805
61,05.07 04:00,1.808
61,05.07 05:00,1.801
61,05.07 06:00,4.984
61,05.07 07:00,14.276
61,05.07 08:00,9.462
61,05.07 09:00,1.397
61,05.07 10:00,1.397
61,05.07 11:00,1.505
61,05.07 12:00,1.501
61,05.07 13:00,1.692
61,05.07 14:00,1.801
61,05.07 15:00,1.797
61,05.07 16:00,1.594
61,05.07 17:00,1.599
61,05.07 18:00,1.801
61,05.07 19:00,9.791
61,05.07 20:00,12.853
61,05.07 21:00,2.306
61,05.07 22:00,1.903
61,05.07 23:00,1.791
61,06.07 00:00,1.801
61,06.07 01:00,1.996
61,06.07 02:00,1.796
61,06.07 03:00,1.809
61,06.07 04:00,1.897
61,06.07 05:00,1.803
61,06.07 06:00,5.611
61,06.07 07:00,14.537
61,06.07 08:00,10.476
61,06.07 09:00,1.596
61,06.07 10:00,5.004
61,06.07 11:00,7.211
61,06.07 12:00,3.705
61,06.07 13:00,3.808
61,06.07 14:00,4.007
61,06.07 15:00,4.007
61,06.07 16:00,3.81
61,06.07 17:00,3.905
61,06.07 18:00,2.803
61,06.07 19:00,1.703
61,06.07 20:00,1.891
61,06.07 21:00,2.098
61,06.07 22:00,1.899
61,06.07 23:00,1.792
61,07.07 00:00,2.0
61,07.07 01:00,1.993
61,07.07 02:00,1.801
61,07.07 03:00,1.891
61,07.07 04:00,1.792
61,07.07 05:00,1.794
61,07.07 06:00,4.717
61,07.07 07:00,14.524
61,07.07 08:00,10.524
61,07.07 09:00,1.395
61,07.07 10:00,8.664
61,07.07 11:00,13.112
61,07.07 12:00,11.695
61,07.07 13:00,4.183
61,07.07 14:00,4.21
61,07.07 15:00,4.182
61,07.07 16:00,7.274
61,07.07 17:00,7.619
61,07.07 18:00,8.54
61,07.07 19:00,8.27
61,07.07 20:00,9.073
61,07.07 21:00,6.703
61,07.07 22:00,2.396
61,07.07 23:00,1.808
61,08.07 00:00,2.009
61,08.07 01:00,2.098
61,08.07 02:00,2.002
61,08.07 03:00,1.805
61,08.07 04:00,1.997
61,08.07 05:00,1.999
61,08.07 06:00,5.176
61,08.07 07:00,14.376
61,08.07 08:00,13.844
61,08.07 09:00,12.946
61,08.07 10:00,12.044
61,08.07 11:00,10.383
61,08.07 12:00,10.604
61,08.07 13:00,10.815
61,08.07 14:00,10.531
61,08.07 15:00,10.769
61,08.07 16:00,10.8
61,08.07 17:00,10.801
61,08.07 18:00,4.92
61,08.07 19:00,1.794
61,08.07 20:00,1.891
61,08.07 21:00,2.108
61,08.07 22:00,2.097
61,08.07 23:00,1.808
61,09.07 00:00,1.991
61,09.07 01:00,1.997
61,09.07 02:00,1.994
61,09.07 03:00,1.801
61,09.07 04:00,1.898
61,09.07 05:00,1.99
61,09.07 06:00,1.806
61,09.07 07:00,1.751
61,09.07 08:00,1.896
61,09.07 09:00,1.907
61,09.07 10:00,1.398
61,09.07 11:00,1.505
61,09.07 12:00,1.607
61,09.07 13:00,1.791
61,09.07 14:00,1.806
61,09.07 15:00,1.801
61,09.07 16:00,1.795
61,09.07 17:00,1.694
61,09.07 18:00,1.8
61,09.07 19:00,1.805
61,09.07 20:00,1.9
61,09.07 21:00,1.995
61,09.07 22:00,1.999
61,09.07 23:00,1.719
61,10.07 00:00,1.908
61,10.07 01:00,1.991
61,10.07 02:00,1.995
61,10.07 03:00,1.809
61,10.07 04:00,1.8
61,10.07 05:00,2.006
61,10.07 06:00,1.799
61,10.07 07:00,1.799
61,10.07 08:00,1.804
61,10.07 09:00,1.9
61,10.07 10:00,1.406
61,10.07 11:00,1.494
61,10.07 12:00,1.799
61,10.07 13:00,1.907
61,10.07 14:00,1.605
61,10.07 15:00,1.502
61,10.07 16:00,1.505
61,10.07 17:00,1.394
61,10.07 18:00,1.603
61,10.07 19:00,1.596
61,10.07 20:00,1.8
61,10.07 21:00,1.799
61,10.07 22:00,1.9
61,10.07 23:00,1.903
61,11.07 00:00,2.101
61,11.07 01:00,1.907
61,11.07 02:00,1.992
61,11.07 03:00,1.793
61,11.07 04:00,1.791
61,11.07 05:00,1.903
61,11.07 06:00,5.108
61,11.07 07:00,12.957
61,11.07 08:00,12.358
61,11.07 09:00,12.443
61,11.07 10:00,12.248
61,11.07 11:00,12.48
61,11.07 12:00,12.29
61,11.07 13:00,12.507
61,11.07 14:00,12.634
61,11.07 15:00,8.686
61,11.07 16:00,3.806
61,11.07 17:00,3.615
61,11.07 18:00,3.615
61,11.07 19:00,3.108
61,11.07 20:00,1.997
61,11.07 21:00,1.794
61,11.07 22:00,1.794
61,11.07 23:00,1.998
61,12.07 00:00,2.095
61,12.07 01:00,1.991
61,12.07 02:00,1.994
61,12.07 03:00,1.995
61,12.07 04:00,1.891
61,12.07 05:00,1.909
61,12.07 06:00,3.185
61,12.07 07:00,14.041
61,12.07 08:00,5.911
61,12.07 09:00,3.994
61,12.07 10:00,4.011
61,12.07 11:00,3.003
61,12.07 12:00,1.696
61,12.07 13:00,1.896
61,12.07 14:00,1.893
61,12.07 15:00,1.804
61,12.07 16:00,1.796
61,12.07 17:00,1.806
61,12.07 18:00,1.805
61,12.07 19:00,8.601
61,12.07 20:00,11.9
61,12.07 21:00,2.106
61,12.07 22:00,2.105
61,12.07 23:00,1.997
61,13.07 00:00,2.008
61,13.07 01:00,2.004
61,13.07 02:00,1.992
61,13.07 03:00,1.99
61,13.07 04:00,2.0
61,13.07 05:00,0.995
61,13.07 06:00,0.998
61,13.07 07:00,1.003
61,13.07 08:00,1.001
61,13.07 09:00,1.002
61,13.07 10:00,1.002
61,13.07 11:00,1.001
61,13.07 12:00,1.004
61,13.07 13:00,0.997
61,13.07 14:00,1.005
61,13.07 15:00,1.003
61,13.07 16:00,1.001
61,13.07 17:00,1.001
61,13.07 18:00,1.003
61,13.07 19:00,1.005
61,13.07 20:00,1.003
61,13.07 21:00,1.003
61,13.07 22:00,1.005
61,13.07 23:00,1.0
61,14.07 00:00,0.996
61,14.07 01:00,0.999
61,14.07 02:00,1.897
61,14.07 03:00,2.005
61,14.07 04:00,1.894
61,14.07 05:00,1.804
61,14.07 06:00,5.225
61,14.07 07:00,14.333
61,14.07 08:00,10.161
61,14.07 09:00,2.797
61,14.07 10:00,3.002
61,14.07 11:00,3.3
61,14.07 12:00,3.983
61,14.07 13:00,3.882
61,14.07 14:00,4.097
61,14.07 15:00,3.91
61,14.07 16:00,5.489
61,14.07 17:00,5.517
61,14.07 18:00,7.595
61,14.07 19:00,15.374
61,14.07 20:00,15.569
61,14.07 21:00,12.873
61,14.07 22:00,3.193
61,14.07 23:00,1.897
61,15.07 00:00,1.909
61,15.07 01:00,2.002
61,15.07 02:00,1.903
61,15.07 03:00,2.005
61,15.07 04:00,1.994
61,15.07 05:00,1.907
61,15.07 06:00,6.201
61,15.07 07:00,14.653
61,15.07 08:00,13.657
61,15.07 09:00,10.42
61,15.07 10:00,11.015
61,15.07 11:00,12.002
61,15.07 12:00,11.212
61,15.07 13:00,11.268
61,15.07 14:00,11.555
61,15.07 15:00,11.54
61,15.07 16:00,11.386
61,15.07 17:00,11.481
61,15.07 18:00,5.313
61,15.07 19:00,1.602
61,15.07 20:00,1.893
61,15.07 21:00,1.891
61,15.07 22:00,2.005
61,15.07 23:00,1.601
61,16.07 00:00,1.799
61,16.07 01:00,1.806
61,16.07 02:00,1.697
61,16.07 03:00,1.693
61,16.07 04:00,1.802
61,16.07 05:00,1.793
61,16.07 06:00,1.703
61,16.07 07:00,1.707
61,16.07 08:00,1.697
61,16.07 09:00,1.697
61,16.07 10:00,1.402
61,16.07 11:00,1.397
61,16.07 12:00,1.894
61,16.07 13:00,1.899
61,16.07 14:00,1.907
61,16.07 15:00,1.601
61,16.07 16:00,1.401
61,16.07 17:00,1.499
61,16.07 18:00,1.601
61,16.07 19:00,1.598
61,16.07 20:00,1.802
61,16.07 21:00,1.995
61,16.07 22:00,1.995
61,16.07 23:00,1.705
61,17.07 00:00,1.799
61,17.07 01:00,1.795
61,17.07 02:00,1.807
61,17.07 03:00,1.694
61,17.07 04:00,1.804
61,17.07 05:00,1.805
61,17.07 06:00,1.697
61,17.07 07:00,1.794
61,17.07 08:00,1.593
61,17.07 09:00,1.708
61,17.07 10:00,1.393
61,17.07 11:00,1.401
61,17.07 12:00,1.595
61,17.07 13:00,1.804
61,17.07 14:00,1.604
61,17.07 15:00,1.404
61,17.07 16:00,1.295
61,17.07 17:00,1.201
61,17.07 18:00,1.503
61,17.07 19:00,1.397
61,17.07 20:00,1.699
61,17.07 21:00,1.793
61,17.07 22:00,1.695
61,17.07 23:00,1.804
61,18.07 00:00,1.99
61,18.07 01:00,1.796
61,18.07 02:00,1.809
61,18.07 03:00,1.707
61,18.07 04:00,1.804
61,18.07 05:00,1.607
61,18.07 06:00,4.898
61,18.07 07:00,14.295
61,18.07 08:00,9.815
61,18.07 09:00,1.402
61,18.07 10:00,1.403
61,18.07 11:00,1.398
61,18.07 12:00,1.792
61,18.07 13:00,1.808
61,18.07 14:00,1.803
61,18.07 15:00,1.704
61,18.07 16:00,1.802
61,18.07 17:00,1.398
61,18.07 18:00,1.394
61,18.07 19:00,1.199
61,18.07 20:00,1.601
61,18.07 21:00,1.704
61,18.07 22:00,1.703
61,18.07 23:00,1.796
61,19.07 00:00,1.995
61,19.07 01:00,1.904
61,19.07 02:00,1.706
61,19.07 03:00,1.796
61,19.07 04:00,1.799
61,19.07 05:00,1.706
61,19.07 06:00,2.89
61,19.07 07:00,14.05
61,19.07 08:00,7.962
61,19.07 09:00,2.01
61,19.07 10:00,2.108
61,19.07 11:00,2.0
61,19.07 12:00,1.996
61,19.07 13:00,2.31
61,19.07 14:00,2.408
61,19.07 15:00,2.202
61,19.07 16:00,2.189
61,19.07 17:00,2.399
61,19.07 18:00,2.303
61,19.07 19:00,8.0
61,19.07 20:00,11.151
61,19.07 21:00,2.108
61,19.07 22:00,1.908
61,19.07 23:00,1.793
61,20.07 00:00,2.001
61,20.07 01:00,2.001
61,20.07 02:00,1.902
61,20.07 03:00,1.703
61,20.07 04:00,1.794
61,20.07 05:00,1.802
61,20.07 06:00,2.918
61,20.07 07:00,14.307
61,20.07 08:00,8.727
61,20.07 09:00,5.72
61,20.07 10:00,10.852
61,20.07 11:00,11.043
61,20.07 12:00,10.98
61,20.07 13:00,11.32
61,20.07 14:00,10.322
61,20.07 15:00,2.81
61,20.07 16:00,1.805
61,20.07 17:00,2.0
61,20.07 18:00,1.998
61,20.07 19:00,1.806
61,20.07 20:00,1.904
61,20.07 21:00,1.804
61,20.07 22:00,1.996
61,20.07 23:00,1.792
61,21.07 00:00,1.902
61,21.07 01:00,1.905
61,21.07 02:00,1.8
61,21.07 03:00,1.791
61,21.07 04:00,1.701
61,21.07 05:00,1.801
61,21.07 06:00,4.688
61,21.07 07:00,14.148
61,21.07 08:00,11.756
61,21.07 09:00,1.593
61,21.07 10:00,1.602
61,21.07 11:00,1.402
61,21.07 12:00,1.494
61,21.07 13:00,2.098
61,21.07 14:00,1.704
61,21.07 15:00,1.602
61,21.07 16:00,1.704
61,21.07 17:00,1.798
61,21.07 18:00,1.707
61,21.07 19:00,1.797
61,21.07 20:00,2.102
61,21.07 21:00,2.01
61,21.07 22:00,1.996
61,21.07 23:00,1.897
61,22.07 00:00,1.992
61,22.07 01:00,1.997
61,22.07 02:00,2.006
61,22.07 03:00,2.003
61,22.07 04:00,1.802
61,22.07 05:00,1.792
61,22.07 06:00,4.903
61,22.07 07:00,14.476
61,22.07 08:00,10.492
61,22.07 09:00,1.405
61,22.07 10:00,1.593
61,22.07 11:00,1.404
61,22.07 12:00,1.399
61,22.07 13:00,1.698
61,22.07 14:00,1.695
61,22.07 15:00,1.594
61,22.07 16:00,1.703
61,22.07 17:00,1.706
61,22.07 18:00,1.575
61,22.07 19:00,1.6
61,22.07 20:00,1.906
61,22.07 21:00,2.01
61,22.07 22:00,1.891
61,22.07 23:00,1.904
61,23.07 00:00,1.908
61,23.07 01:00,1.809
61,23.07 02:00,1.8
61,23.07 03:00,1.796
61,23.07 04:00,1.805
61,23.07 05:00,1.801
61,23.07 06:00,1.702
61,23.07 07:00,1.792
61,23.07 08:00,1.794
61,23.07 09:00,1.801
61,23.07 10:00,1.396
61,23.07 11:00,1.496
61,23.07 12:00,1.504
61,23.07 13:00,1.702
61,23.07 14:00,1.703
61,23.07 15:00,1.594
61,23.07 16:00,1.7
61,23.07 17:00,1.597
61,23.07 18:00,1.603
61,23.07 19:00,1.799
61,23.07 20:00,1.802
61,23.07 21:00,2.0
61,23.07 22:00,1.992
61,23.07 23:00,1.803
61,24.07 00:00,1.794
61,24.07 01:00,1.894
61,24.07 02:00,1.8
61,24.07 03:00,1.602
61,24.07 04:00,1.792
61,24.07 05:00,1.803
61,24.07 06:00,1.734
61,24.07 07:00,1.803
61,24.07 08:00,1.799
61,24.07 09:00,1.705
61,24.07 10:00,1.403
61,24.07 11:00,1.396
61,24.07 12:00,1.595
61,24.07 13:00,1.506
61,24.07 14:00,1.506
61,24.07 15:00,1.593
61,24.07 16:00,1.402
61,24.07 17:00,1.402
61,24.07 18:00,1.403
61,24.07 19:00,1.495
61,24.07 20:00,1.694
61,24.07 21:00,1.804
61,24.07 22:00,1.911
61,24.07 23:00,1.699
61,25.07 00:00,1.595
61,25.07 01:00,1.797
61,25.07 02:00,1.756
61,25.07 03:00,1.793
61,25.07 04:00,1.818
61,25.07 05:00,1.901
61,25.07 06:00,4.594
61,25.07 07:00,14.27
61,25.07 08:00,9.733
61,25.07 09:00,1.399
61,25.07 10:00,1.404
61,25.07 11:00,1.402
61,25.07 12:00,1.601
61,25.07 13:00,1.407
61,25.07 14:00,1.504
61,25.07 15:00,1.602
61,25.07 16:00,1.595
61,25.07 17:00,1.395
61,25.07 18:00,1.398
61,25.07 19:00,1.602
61,25.07 20:00,1.594
61,25.07 21:00,1.692
61,25.07 22:00,1.798
61,25.07 23:00,1.804
61,26.07 00:00,1.593
61,26.07 01:00,1.701
61,26.07 02:00,1.892
61,26.07 03:00,1.603
61,26.07 04:00,1.708
61,26.07 05:00,1.8
61,26.07 06:00,4.689
61,26.07 07:00,14.665
61,26.07 08:00,10.211
61,26.07 09:00,1.694
61,26.07 10:00,1.306
61,26.07 11:00,1.396
61,26.07 12:00,1.6
61,26.07 13:00,1.595
61,26.07 14:00,1.606
61,26.07 15:00,1.601
61,26.07 16:00,1.694
61,26.07 17:00,1.604
61,26.07 18:00,1.6
61,26.07 19:00,1.701
61,26.07 20:00,1.898
61,26.07 21:00,1.806
61,26.07 22:00,1.898
61,26.07 23:00,1.801
61,27.07 00:00,1.6
61,27.07 01:00,1.596
61,27.07 02:00,1.799
61,27.07 03:00,1.794
61,27.07 04:00,1.6
61,27.07 05:00,1.706
61,27.07 06:00,5.023
61,27.07 07:00,14.334
61,27.07 08:00,10.348
61,27.07 09:00,1.8
61,27.07 10:00,1.399
61,27.07 11:00,1.306
61,27.07 12:00,1.796
61,27.07 13:00,1.805
61,27.07 14:00,1.892
61,27.07 15:00,1.899
61,27.07 16:00,1.965
61,27.07 17:00,1.995
61,27.07 18:00,1.897
61,27.07 19:00,1.601
61,27.07 20:00,1.802
61,27.07 21:00,1.8
61,27.07 22:00,1.894
61,27.07 23:00,1.804
61,28.07 00:00,1.892
61,28.07 01:00,1.603
61,28.07 02:00,1.702
61,28.07 03:00,1.703
61,28.07 04:00,1.708
61,28.07 05:00,1.606
61,28.07 06:00,3.212
61,28.07 07:00,14.789
61,28.07 08:00,10.082
61,28.07 09:00,1.6
61,28.07 10:00,1.393
61,28.07 11:00,2.103
61,28.07 12:00,11.265
61,28.07 13:00,12.048
61,28.07 14:00,7.203
61,28.07 15:00,1.897
61,28.07 16:00,2.006
61,28.07 17:00,2.108
61,28.07 18:00,1.992
61,28.07 19:00,2.008
61,28.07 20:00,2.291
61,28.07 21:00,2.299
61,28.07 22:00,2.198
61,28.07 23:00,2.108
61,29.07 00:00,4.922
61,29.07 01:00,2.006
61,29.07 02:00,1.999
61,29.07 03:00,2.21
61,29.07 04:00,2.098
61,29.07 05:00,2.007
61,29.07 06:00,3.882
61,29.07 07:00,14.587
61,29.07 08:00,11.777
61,29.07 09:00,1.598
61,29.07 10:00,1.407
61,29.07 11:00,1.396
61,29.07 12:00,1.794
61,29.07 13:00,1.902
61,29.07 14:00,1.794
61,29.07 15:00,1.497
61,29.07 16:00,1.494
61,29.07 17:00,1.703
61,29.07 18:00,1.593
61,29.07 19:00,2.599
61,29.07 20:00,10.9
61,29.07 21:00,16.365
61,29.07 22:00,11.653
61,29.07 23:00,8.615
61,30.07 00:00,4.314
61,30.07 01:00,4.516
61,30.07 02:00,3.506
61,30.07 03:00,3.488
61,30.07 04:00,3.414
61,30.07 05:00,3.201
61,30.07 06:00,2.812
61,30.07 07:00,8.134
61,30.07 08:00,8.303
61,30.07 09:00,7.287
61,30.07 10:00,11.395
61,30.07 11:00,13.609
61,30.07 12:00,7.287
61,30.07 13:00,1.505
61,30.07 14:00,1.593
61,30.07 15:00,1.607
61,30.07 16:00,1.693
61,30.07 17:00,1.597
61,30.07 18:00,1.603
61,30.07 19:00,1.6
61,30.07 20:00,1.909
61,30.07 21:00,1.9
61,30.07 22:00,2.008
61,30.07 23:00,1.801
61,31.07 00:00,1.599
61,31.07 01:00,1.795
61,31.07 02:00,1.803
61,31.07 03:00,1.809
61,31.07 04:00,1.598
61,31.07 05:00,1.701
61,31.07 06:00,1.703
61,31.07 07:00,1.705
61,31.07 08:00,1.694
61,31.07 09:00,1.794
61,31.07 10:00,1.405
61,31.07 11:00,1.406
61,31.07 12:00,1.493
61,31.07 13:00,1.592
61,31.07 14:00,1.4
61,31.07 15:00,1.395
61,31.07 16:00,1.505
61,31.07 17:00,1.4
61,31.07 18:00,1.4
61,31.07 19:00,1.498
61,31.07 20:00,1.694
61,31.07 21:00,1.698
61,31.07 22:00,1.702
61,31.07 23:00,1.829
61,01.08 00:00,1.798
61,01.08 01:00,1.693
61,01.08 02:00,1.806
61,01.08 03:00,1.703
61,01.08 04:00,1.702
61,01.08 05:00,1.804
61,01.08 06:00,3.504
61,01.08 07:00,14.445
61,01.08 08:00,8.527
61,01.08 09:00,1.702
61,01.08 10:00,1.4
61,01.08 11:00,1.399
61,01.08 12:00,1.503
61,01.08 13:00,1.604
61,01.08 14:00,1.402
61,01.08 15:00,1.405
61,01.08 16:00,1.593
61,01.08 17:00,1.405
61,01.08 18:00,1.399
61,01.08 19:00,1.393
61,01.08 20:00,1.698
61,01.08 21:00,1.607
61,01.08 22:00,1.706
61,01.08 23:00,1.793
61,02.08 00:00,1.808
61,02.08 01:00,1.606
61,02.08 02:00,1.802
61,02.08 03:00,1.803
61,02.08 04:00,1.695
61,02.08 05:00,1.695
61,02.08 06:00,3.815
61,02.08 07:00,14.664
61,02.08 08:00,10.099
61,02.08 09:00,1.595
61,02.08 10:00,1.394
61,02.08 11:00,1.999
61,02.08 12:00,13.343
61,02.08 13:00,6.125
61,02.08 14:00,1.962
61,02.08 15:00,1.606
61,02.08 16:00,1.701
61,02.08 17:00,2.985
61,02.08 18:00,1.697
61,02.08 19:00,1.593
61,02.08 20:00,1.899
61,02.08 21:00,1.995
61,02.08 22:00,1.805
61,02.08 23:00,1.697
61,03.08 00:00,1.796
61,03.08 01:00,1.803
61,03.08 02:00,1.702
61,03.08 03:00,1.806
61,03.08 04:00,1.803
61,03.08 05:00,1.705
61,03.08 06:00,4.108
61,03.08 07:00,14.671
61,03.08 08:00,9.202
61,03.08 09:00,1.595
61,03.08 10:00,1.404
61,03.08 11:00,1.494
61,03.08 12:00,1.705
61,03.08 13:00,1.806
61,03.08 14:00,2.004
61,03.08 15:00,2.007
61,03.08 16:00,2.009
61,03.08 17:00,1.994
61,03.08 18:00,1.905
61,03.08 19:00,1.599
61,03.08 20:00,1.799
61,03.08 21:00,1.902
61,03.08 22:00,1.999
61,03.08 23:00,1.801
61,04.08 00:00,1.698
61,04.08 01:00,1.703
61,04.08 02:00,1.708
61,04.08 03:00,1.795
61,04.08 04:00,1.593
61,04.08 05:00,1.809
61,04.08 06:00,4.597
61,04.08 07:00,14.545
61,04.08 08:00,10.769
61,04.08 09:00,1.697
61,04.08 10:00,1.398
61,04.08 11:00,1.405
61,04.08 12:00,1.398
61,04.08 13:00,1.904
61,04.08 14:00,1.798
61,04.08 15:00,1.495
61,04.08 16:00,1.703
61,04.08 17:00,1.599
61,04.08 18:00,1.605
61,04.08 19:00,1.607
61,04.08 20:00,1.903
61,04.08 21:00,1.905
61,04.08 22:00,1.798
61,04.08 23:00,1.807
61,05.08 00:00,1.796
61,05.08 01:00,1.572
61,05.08 02:00,1.605
61,05.08 03:00,1.804
61,05.08 04:00,1.693
61,05.08 05:00,1.705
61,05.08 06:00,3.706
61,05.08 07:00,14.692
61,05.08 08:00,10.752
61,05.08 09:00,1.605
61,05.08 10:00,1.501
61,05.08 11:00,1.398
61,05.08 12:00,1.808
61,05.08 13:00,1.792
61,05.08 14:00,1.796
61,05.08 15:00,1.493
61,05.08 16:00,1.496
61,05.08 17:00,1.798
61,05.08 18:00,1.7
61,05.08 19:00,1.594
61,05.08 20:00,1.897
61,05.08 21:00,2.002
61,05.08 22:00,1.808
61,05.08 23:00,1.603
61,06.08 00:00,1.796
61,06.08 01:00,1.705
61,06.08 02:00,1.595
61,06.08 03:00,1.706
61,06.08 04:00,1.801
61,06.08 05:00,1.703
61,06.08 06:00,1.594
61,06.08 07:00,1.798
61,06.08 08:00,1.694
61,06.08 09:00,1.6
61,06.08 10:00,1.407
61,06.08 11:00,1.499
61,06.08 12:00,1.598
61,06.08 13:00,1.808
61,06.08 14:00,1.892
61,06.08 15:00,1.507
61,06.08 16:00,1.5
61,06.08 17:00,1.697
61,06.08 18:00,1.703
61,06.08 19:00,1.593
61,06.08 20:00,1.809
61,06.08 21:00,2.004
61,06.08 22:00,2.006
61,06.08 23:00,1.693
61,07.08 00:00,1.796
61,07.08 01:00,1.805
61,07.08 02:00,1.706
61,07.08 03:00,1.694
61,07.08 04:00,1.804
61,07.08 05:00,1.808
61,07.08 06:00,1.597
61,07.08 07:00,1.797
61,07.08 08:00,1.798
61,07.08 09:00,1.704
61,07.08 10:00,1.406
61,07.08 11:00,1.403
61,07.08 12:00,1.802
61,07.08 13:00,1.693
61,07.08 14:00,1.598
61,07.08 15:00,1.4
61,07.08 16:00,1.401
61,07.08 17:00,1.405
61,07.08 18:00,1.401
61,07.08 19:00,1.493
61,07.08 20:00,1.698
61,07.08 21:00,1.706
61,07.08 22:00,1.793
61,07.08 23:00,1.803
61,08.08 00:00,1.808
61,08.08 01:00,1.702
61,08.08 02:00,1.799
61,08.08 03:00,1.695
61,08.08 04:00,1.6
61,08.08 05:00,1.795
61,08.08 06:00,4.216
61,08.08 07:00,14.572
61,08.08 08:00,11.084
61,08.08 09:00,1.706
61,08.08 10:00,1.396
61,08.08 11:00,1.402
61,08.08 12:00,1.907
61,08.08 13:00,1.802
61,08.08 14:00,1.792
61,08.08 15:00,1.7
61,08.08 16:00,1.803
61,08.08 17:00,1.497
61,08.08 18:00,1.305
61,08.08 19:00,1.403
61,08.08 20:00,1.702
61,08.08 21:00,1.706
61,08.08 22:00,1.707
61,08.08 23:00,1.794
61,09.08 00:00,1.708
61,09.08 01:00,1.7
61,09.08 02:00,1.7
61,09.08 03:00,1.804
61,09.08 04:00,1.601
61,09.08 05:00,1.7
61,09.08 06:00,4.216
61,09.08 07:00,14.546
61,09.08 08:00,8.229
61,09.08 09:00,1.695
61,09.08 10:00,1.4
61,09.08 11:00,1.394
61,09.08 12:00,1.597
61,09.08 13:00,1.994
61,09.08 14:00,1.894
61,09.08 15:00,1.594
61,09.08 16:00,1.708
61,09.08 17:00,1.708
61,09.08 18:00,1.605
61,09.08 19:00,1.607
61,09.08 20:00,1.901
61,09.08 21:00,1.907
61,09.08 22:00,1.799
61,09.08 23:00,1.805
61,10.08 00:00,1.847
61,10.08 01:00,1.596
61,10.08 02:00,1.702
61,10.08 03:00,1.798
61,10.08 04:00,1.795
61,10.08 05:00,1.595
61,10.08 06:00,4.218
61,10.08 07:00,14.707
61,10.08 08:00,9.915
61,10.08 09:00,1.597
61,10.08 10:00,1.495
61,10.08 11:00,1.403
61,10.08 12:00,1.405
61,10.08 13:00,1.594
61,10.08 14:00,1.797
61,10.08 15:00,1.692
61,10.08 16:00,1.796
61,10.08 17:00,1.794
61,10.08 18:00,1.804
61,10.08 19:00,1.596
61,10.08 20:00,1.894
61,10.08 21:00,1.99
61,10.08 22:00,1.902
61,10.08 23:00,1.693
61,11.08 00:00,1.796
61,11.08 01:00,1.801
61,11.08 02:00,1.692
61,11.08 03:00,1.804
61,11.08 04:00,1.806
61,11.08 05:00,1.705
61,11.08 06:00,3.799
61,11.08 07:00,14.544
61,11.08 08:00,10.568
61,11.08 09:00,1.606
61,11.08 10:00,1.395
61,11.08 11:00,1.494
61,11.08 12:00,1.504
61,11.08 13:00,1.505
61,11.08 14:00,1.706
61,11.08 15:00,1.599
61,11.08 16:00,1.599
61,11.08 17:00,1.598
61,11.08 18:00,1.593
61,11.08 19:00,1.703
61,11.08 20:00,1.797
61,11.08 21:00,1.997
61,11.08 22:00,2.009
61,11.08 23:00,1.707
61,12.08 00:00,1.796
61,12.08 01:00,1.704
61,12.08 02:00,1.796
61,12.08 03:00,1.699
61,12.08 04:00,1.598
61,12.08 05:00,1.704
61,12.08 06:00,4.217
61,12.08 07:00,14.683
61,12.08 08:00,11.001
61,12.08 09:00,1.797
61,12.08 10:00,1.402
61,12.08 11:00,1.397
61,12.08 12:00,1.5
61,12.08 13:00,1.601
61,12.08 14:00,1.698
61,12.08 15:00,1.592
61,12.08 16:00,1.607
61,12.08 17:00,1.703
61,12.08 18:00,1.597
61,12.08 19:00,1.606
61,12.08 20:00,1.906
61,12.08 21:00,1.995
61,12.08 22:00,1.894
61,12.08 23:00,1.695
61,13.08 00:00,1.8
61,13.08 01:00,1.699
61,13.08 02:00,1.599
61,13.08 03:00,1.809
61,13.08 04:00,1.799
61,13.08 05:00,1.605
61,13.08 06:00,1.804
61,13.08 07:00,1.807
61,13.08 08:00,1.601
61,13.08 09:00,1.603
61,13.08 10:00,1.395
61,13.08 11:00,1.396
61,13.08 12:00,1.398
61,13.08 13:00,1.507
61,13.08 14:00,1.703
61,13.08 15:00,1.593
61,13.08 16:00,1.607
61,13.08 17:00,1.697
61,13.08 18:00,1.697
61,13.08 19:00,1.603
61,13.08 20:00,1.901
61,13.08 21:00,2.008
61,13.08 22:00,1.805
61,13.08 23:00,1.793
61,14.08 00:00,1.791
61,14.08 01:00,1.703
61,14.08 02:00,1.705
61,14.08 03:00,1.803
61,14.08 04:00,1.801
61,14.08 05:00,1.735
61,14.08 06:00,1.698
61,14.08 07:00,1.807
61,14.08 08:00,1.702
61,14.08 09:00,1.599
61,14.08 10:00,1.398
61,14.08 11:00,1.504
61,14.08 12:00,1.406
61,14.08 13:00,1.396
61,14.08 14:00,1.608
61,14.08 15:00,1.396
61,14.08 16:00,1.394
61,14.08 17:00,1.402
61,14.08 18:00,1.5
61,14.08 19:00,1.403
61,14.08 20:00,1.596
61,14.08 21:00,1.76
61,14.08 22:00,1.698
61,14.08 23:00,1.606
61,15.08 00:00,1.794
61,15.08 01:00,1.804
61,15.08 02:00,1.699
61,15.08 03:00,1.602
61,15.08 04:00,1.806
61,15.08 05:00,1.795
61,15.08 06:00,1.601
61,15.08 07:00,1.8
61,15.08 08:00,1.794
61,15.08 09:00,1.694
61,15.08 10:00,1.296
61,15.08 11:00,1.402
61,15.08 12:00,1.596
61,15.08 13:00,1.394
61,15.08 14:00,1.594
61,15.08 15:00,1.598
61,15.08 16:00,1.593
61,15.08 17:00,1.399
61,15.08 18:00,1.403
61,15.08 19:00,1.398
61,15.08 20:00,1.706
61,15.08 21:00,1.803
61,15.08 22:00,1.801
61,15.08 23:00,1.8
61,16.08 00:00,1.797
61,16.08 01:00,1.802
61,16.08 02:00,1.792
61,16.08 03:00,1.8
61,16.08 04:00,1.707
61,16.08 05:00,1.705
61,16.08 06:00,1.803
61,16.08 07:00,1.807
61,16.08 08:00,1.602
61,16.08 09:00,1.692
61,16.08 10:00,1.4
61,16.08 11:00,1.401
61,16.08 12:00,1.398
61,16.08 13:00,1.607
61,16.08 14:00,1.693
61,16.08 15:00,1.702
61,16.08 16:00,1.601
61,16.08 17:00,1.806
61,16.08 18:00,1.592
61,16.08 19:00,1.595
61,16.08 20:00,1.891
61,16.08 21:00,1.896
61,16.08 22:00,1.9
61,16.08 23:00,1.805
61,17.08 00:00,1.705
61,17.08 01:00,1.796
61,17.08 02:00,1.702
61,17.08 03:00,1.897
61,17.08 04:00,1.706
61,17.08 05:00,1.6
61,17.08 06:00,1.704
61,17.08 07:00,1.801
61,17.08 08:00,1.603
61,17.08 09:00,1.703
61,17.08 10:00,1.4
61,17.08 11:00,1.394
61,17.08 12:00,1.402
61,17.08 13:00,1.505
61,17.08 14:00,1.806
61,17.08 15:00,1.7
61,17.08 16:00,1.8
61,17.08 17:00,1.802
61,17.08 18:00,1.795
61,17.08 19:00,1.602
61,17.08 20:00,1.903
61,17.08 21:00,2.005
61,17.08 22:00,2.005
61,17.08 23:00,1.795
61,18.08 00:00,1.807
61,18.08 01:00,1.793
61,18.08 02:00,1.694
61,18.08 03:00,1.804
61,18.08 04:00,1.795
61,18.08 05:00,1.703
61,18.08 06:00,1.793
61,18.08 07:00,1.608
61,18.08 08:00,1.8
61,18.08 09:00,1.707
61,18.08 10:00,1.402
61,18.08 11:00,1.395
61,18.08 12:00,1.399
61,18.08 13:00,1.894
61,18.08 14:00,1.798
61,18.08 15:00,1.607
61,18.08 16:00,1.608
61,18.08 17:00,1.706
61,18.08 18:00,1.605
61,18.08 19:00,1.697
61,18.08 20:00,1.796
61,18.08 21:00,1.793
61,18.08 22:00,1.898
61,18.08 23:00,1.902
61,19.08 00:00,1.702
61,19.08 01:00,1.704
61,19.08 02:00,1.804
61,19.08 03:00,1.791
61,19.08 04:00,1.605
61,19.08 05:00,1.706
61,19.08 06:00,1.906
61,19.08 07:00,1.7
61,19.08 08:00,1.594
61,19.08 09:00,1.806
61,19.08 10:00,1.403
61,19.08 11:00,1.398
61,19.08 12:00,1.891
61,19.08 13:00,1.794
61,19.08 14:00,1.808
61,19.08 15:00,1.493
61,19.08 16:00,1.702
61,19.08 17:00,1.601
61,19.08 18:00,1.598
61,19.08 19:00,1.595
61,19.08 20:00,1.902
61,19.08 21:00,2.006
61,19.08 22:00,1.901
61,19.08 23:00,1.843
61,20.08 00:00,1.793
61,20.08 01:00,1.708
61,20.08 02:00,1.801
61,20.08 03:00,1.706
61,20.08 04:00,1.802
61,20.08 05:00,1.708
61,20.08 06:00,1.696
61,20.08 07:00,1.695
61,20.08 08:00,1.705
61,20.08 09:00,1.607
61,20.08 10:00,1.398
61,20.08 11:00,1.4
61,20.08 12:00,1.701
61,20.08 13:00,1.905
61,20.08 14:00,1.904
61,20.08 15:00,1.596
61,20.08 16:00,1.601
61,20.08 17:00,1.602
61,20.08 18:00,1.601
61,20.08 19:00,1.602
61,20.08 20:00,1.807
61,20.08 21:00,1.806
61,20.08 22:00,1.998
61,20.08 23:00,1.987
61,21.08 00:00,1.707
61,21.08 01:00,1.598
61,21.08 02:00,1.806
61,21.08 03:00,1.697
61,21.08 04:00,1.603
61,21.08 05:00,1.75
61,21.08 06:00,1.802
61,21.08 07:00,1.606
61,21.08 08:00,1.698
61,21.08 09:00,1.607
61,21.08 10:00,1.398
61,21.08 11:00,1.401
61,21.08 12:00,1.6
61,21.08 13:00,1.902
61,21.08 14:00,1.499
61,21.08 15:00,1.303
61,21.08 16:00,1.507
61,21.08 17:00,1.406
61,21.08 18:00,1.407
61,21.08 19:00,1.398
61,21.08 20:00,1.795
61,21.08 21:00,1.692
61,21.08 22:00,1.594
61,21.08 23:00,1.704
61,22.08 00:00,1.808
61,22.08 01:00,1.606
61,22.08 02:00,1.605
61,22.08 03:00,1.8
61,22.08 04:00,1.692
61,22.08 05:00,1.595
61,22.08 06:00,1.698
61,22.08 07:00,1.793
61,22.08 08:00,1.704
61,22.08 09:00,1.599
61,22.08 10:00,1.501
61,22.08 11:00,1.398
61,22.08 12:00,1.797
61,22.08 13:00,1.692
61,22.08 14:00,1.803
61,22.08 15:00,1.694
61,22.08 16:00,1.701
61,22.08 17:00,1.405
61,22.08 18:00,1.401
61,22.08 19:00,1.396
61,22.08 20:00,1.708
61,22.08 21:00,1.807
61,22.08 22:00,1.705
61,22.08 23:00,1.607
61,23.08 00:00,1.803
61,23.08 01:00,1.696
61,23.08 02:00,1.594
61,23.08 03:00,1.693
61,23.08 04:00,1.808
61,23.08 05:00,1.703
61,23.08 06:00,1.596
61,23.08 07:00,1.797
61,23.08 08:00,1.605
61,23.08 09:00,1.602
61,23.08 10:00,1.399
61,23.08 11:00,1.394
61,23.08 12:00,1.495
61,23.08 13:00,1.395
61,23.08 14:00,1.699
61,23.08 15:00,1.601
61,23.08 16:00,1.608
61,23.08 17:00,1.706
61,23.08 18:00,1.601
61,23.08 19:00,1.604
61,23.08 20:00,1.899
61,23.08 21:00,1.804
61,23.08 22:00,1.892
61,23.08 23:00,1.903
61,24.08 00:00,1.805
61,24.08 01:00,1.606
61,24.08 02:00,1.7
61,24.08 03:00,1.797
61,24.08 04:00,1.603
61,24.08 05:00,1.606
61,24.08 06:00,1.803
61,24.08 07:00,1.807
61,24.08 08:00,1.606
61,24.08 09:00,1.606
61,24.08 10:00,1.399
61,24.08 11:00,1.403
61,24.08 12:00,1.402
61,24.08 13:00,1.809
61,24.08 14:00,2.004
61,24.08 15:00,1.894
61,24.08 16:00,1.913
61,24.08 17:00,1.994
61,24.08 18:00,1.99
61,24.08 19:00,1.507
61,24.08 20:00,1.907
61,24.08 21:00,1.904
61,24.08 22:00,2.01
61,24.08 23:00,1.696
61,25.08 00:00,1.807
61,25.08 01:00,1.705
61,25.08 02:00,1.6
61,25.08 03:00,1.801
61,25.08 04:00,1.708
61,25.08 05:00,1.704
61,25.08 06:00,1.599
61,25.08 07:00,1.799
61,25.08 08:00,1.692
61,25.08 09:00,1.606
61,25.08 10:00,1.404
61,25.08 11:00,1.403
61,25.08 12:00,1.395
61,25.08 13:00,1.602
61,25.08 14:00,1.792
61,25.08 15:00,1.594
61,25.08 16:00,1.598
61,25.08 17:00,1.606
61,25.08 18:00,1.603
61,25.08 19:00,1.594
61,25.08 20:00,1.998
61,25.08 21:00,1.803
61,25.08 22:00,2.01
61,25.08 23:00,1.792
61,26.08 00:00,1.707
61,26.08 01:00,1.805
61,26.08 02:00,1.798
61,26.08 03:00,1.806
61,26.08 04:00,1.602
61,26.08 05:00,1.797
61,26.08 06:00,1.708
61,26.08 07:00,1.6
61,26.08 08:00,1.643
61,26.08 09:00,1.698
61,26.08 10:00,1.394
61,26.08 11:00,1.406
61,26.08 12:00,1.904
61,26.08 13:00,1.803
61,26.08 14:00,1.791
61,26.08 15:00,1.606
61,26.08 16:00,1.692
61,26.08 17:00,1.601
61,26.08 18:00,1.592
61,26.08 19:00,1.592
61,26.08 20:00,1.895
61,26.08 21:00,1.893
61,26.08 22:00,1.896
61,26.08 23:00,1.9
61,27.08 00:00,1.704
61,27.08 01:00,1.699
61,27.08 02:00,1.7
61,27.08 03:00,1.804
61,27.08 04:00,1.697
61,27.08 05:00,1.6
61,27.08 06:00,1.806
61,27.08 07:00,1.699
61,27.08 08:00,1.706
61,27.08 09:00,1.638
61,27.08 10:00,1.405
61,27.08 11:00,1.398
61,27.08 12:00,1.505
61,27.08 13:00,1.896
61,27.08 14:00,1.798
61,27.08 15:00,1.595
61,27.08 16:00,1.607
61,27.08 17:00,1.597
61,27.08 18:00,1.594
61,27.08 19:00,1.599
61,27.08 20:00,1.898
61,27.08 21:00,2.003
61,27.08 22:00,1.793
61,27.08 23:00,1.804
61,28.08 00:00,1.701
61,28.08 01:00,1.692
61,28.08 02:00,1.605
61,28.08 03:00,1.803
61,28.08 04:00,1.803
61,28.08 05:00,1.707
61,28.08 06:00,1.703
61,28.08 07:00,1.705
61,28.08 08:00,1.803
61,28.08 09:00,1.605
61,28.08 10:00,1.4
61,28.08 11:00,1.395
61,28.08 12:00,1.601
61,28.08 13:00,1.806
61,28.08 14:00,1.607
61,28.08 15:00,1.451
61,28.08 16:00,1.398
61,28.08 17:00,1.404
61,28.08 18:00,1.402
61,28.08 19:00,1.393
61,28.08 20:00,1.699
61,28.08 21:00,1.702
61,28.08 22:00,1.705
61,28.08 23:00,1.695
61,29.08 00:00,1.705
61,29.08 01:00,1.606
61,29.08 02:00,1.792
61,29.08 03:00,1.795
61,29.08 04:00,1.602
61,29.08 05:00,1.693
61,29.08 06:00,1.799
61,29.08 07:00,1.595
61,29.08 08:00,1.698
61,29.08 09:00,1.706
61,29.08 10:00,1.397
61,29.08 11:00,1.404
61,29.08 12:00,1.792
61,29.08 13:00,1.993
61,29.08 14:00,1.807
61,29.08 15:00,1.797
61,29.08 16:00,1.906
61,29.08 17:00,1.498
61,29.08 18:00,1.403
61,29.08 19:00,1.302
61,29.08 20:00,1.705
61,29.08 21:00,1.705
61,29.08 22:00,1.596
61,29.08 23:00,1.793
61,30.08 00:00,1.699
61,30.08 01:00,1.695
61,30.08 02:00,1.605
61,30.08 03:00,1.803
61,30.08 04:00,1.697
61,30.08 05:00,1.599
61,30.08 06:00,1.804
61,30.08 07:00,1.697
61,30.08 08:00,1.606
61,30.08 09:00,1.599
61,30.08 10:00,1.4
61,30.08 11:00,1.4
61,30.08 12:00,1.603
61,30.08 13:00,1.802
61,30.08 14:00,1.807
61,30.08 15:00,1.504
61,30.08 16:00,1.602
61,30.08 17:00,1.599
61,30.08 18:00,1.593
61,30.08 19:00,1.593
61,30.08 20:00,1.8
61,30.08 21:00,1.991
61,30.08 22:00,2.005
61,30.08 23:00,1.907
61,31.08 00:00,1.597
61,31.08 01:00,1.805
61,31.08 02:00,1.799
61,31.08 03:00,1.7
61,31.08 04:00,1.801
61,31.08 05:00,1.701
61,31.08 06:00,1.707
61,31.08 07:00,1.6
61,31.08 08:00,1.801
61,31.08 09:00,1.704
61,31.08 10:00,1.4
61,31.08 11:00,1.397
61,31.08 12:00,1.892
61,31.08 13:00,1.806
61,31.08 14:00,1.907
61,31.08 15:00,2.109
61,31.08 16:00,2.109
61,31.08 17:00,2.008
61,31.08 18:00,2.005
61,31.08 19:00,1.695
61,31.08 20:00,1.795
61,31.08 21:00,1.801
61,31.08 22:00,1.905
61,31.08 23:00,1.904
61,01.09 00:00,1.693
61,01.09 01:00,1.607
61,01.09 02:00,1.807
61,01.09 03:00,1.698
61,01.09 04:00,1.603
61,01.09 05:00,1.7
61,01.09 06:00,1.796
61,01.09 07:00,1.601
61,01.09 08:00,1.605
61,01.09 09:00,1.594
61,01.09 10:00,1.4
61,01.09 11:00,1.396
61,01.09 12:00,1.404
61,01.09 13:00,1.902
61,01.09 14:00,1.803
61,01.09 15:00,1.598
61,01.09 16:00,1.703
61,01.09 17:00,1.702
61,01.09 18:00,1.599
61,01.09 19:00,1.604
61,01.09 20:00,1.957
61,01.09 21:00,1.995
61,01.09 22:00,1.903
61,01.09 23:00,1.901
61,02.09 00:00,1.705
61,02.09 01:00,1.702
61,02.09 02:00,1.805
61,02.09 03:00,1.798
61,02.09 04:00,1.805
61,02.09 05:00,1.797
61,02.09 06:00,1.598
61,02.09 07:00,1.8
61,02.09 08:00,1.596
61,02.09 09:00,1.705
61,02.09 10:00,1.297
61,02.09 11:00,1.398
61,02.09 12:00,1.593
61,02.09 13:00,1.692
61,02.09 14:00,1.707
61,02.09 15:00,1.697
61,02.09 16:00,1.597
61,02.09 17:00,1.597
61,02.09 18:00,1.602
61,02.09 19:00,1.597
61,02.09 20:00,1.806
61,02.09 21:00,1.907
61,02.09 22:00,2.007
61,02.09 23:00,1.902
61,03.09 00:00,1.599
61,03.09 01:00,1.792
61,03.09 02:00,1.697
61,03.09 03:00,1.596
61,03.09 04:00,1.599
61,03.09 05:00,1.806
61,03.09 06:00,1.596
61,03.09 07:00,1.703
61,03.09 08:00,1.707
61,03.09 09:00,1.696
61,03.09 10:00,1.406
61,03.09 11:00,1.403
61,03.09 12:00,1.705
61,03.09 13:00,1.802
61,03.09 14:00,1.697
61,03.09 15:00,1.603
61,03.09 16:00,1.596
61,03.09 17:00,1.598
61,03.09 18:00,1.597
61,03.09 19:00,1.593
61,03.09 20:00,1.904
61,03.09 21:00,1.801
61,03.09 22:00,1.9
61,03.09 23:00,1.904
61,04.09 00:00,1.592
61,04.09 01:00,1.6
61,04.09 02:00,1.699
61,04.09 03:00,1.593
61,04.09 04:00,1.704
61,04.09 05:00,1.605
61,04.09 06:00,1.698
61,04.09 07:00,1.798
61,04.09 08:00,1.592
61,04.09 09:00,1.599
61,04.09 10:00,1.406
61,04.09 11:00,1.393
61,04.09 12:00,1.592
61,04.09 13:00,1.803
61,04.09 14:00,1.597
61,04.09 15:00,1.404
61,04.09 16:00,1.398
61,04.09 17:00,1.406
61,04.09 18:00,1.396
61,04.09 19:00,1.393
61,04.09 20:00,1.6
61,04.09 21:00,1.595
61,04.09 22:00,1.695
61,04.09 23:00,1.699
61,05.09 00:00,0.798
61,05.09 01:00,1.695
61,05.09 02:00,1.694
61,05.09 03:00,1.708
61,05.09 04:00,1.702
61,05.09 05:00,1.696
61,05.09 06:00,1.004
61,05.09 07:00,0.999
61,05.09 08:00,0.995
61,05.09 09:00,1.0
61,05.09 10:00,0.996
61,05.09 11:00,1.0
61,05.09 12:00,1.002
61,05.09 13:00,1.002
61,05.09 14:00,0.998
61,05.09 15:00,1.0
61,05.09 16:00,0.997
61,05.09 17:00,0.999
61,05.09 18:00,0.998
61,05.09 19:00,1.004
61,05.09 20:00,0.998
61,05.09 21:00,0.998
61,05.09 22:00,0.996
61,05.09 23:00,1.001
61,06.09 00:00,0.803
61,06.09 01:00,0.0
61,06.09 02:00,1.803
61,06.09 03:00,1.594
61,06.09 04:00,1.795
61,06.09 05:00,1.607
61,06.09 06:00,4.013
61,06.09 07:00,14.149
61,06.09 08:00,13.431
61,06.09 09:00,10.573
61,06.09 10:00,10.185
61,06.09 11:00,10.839
61,06.09 12:00,10.839
61,06.09 13:00,10.788
61,06.09 14:00,10.961
61,06.09 15:00,11.11
61,06.09 16:00,11.183
61,06.09 17:00,11.076
61,06.09 18:00,11.231
61,06.09 19:00,6.974
61,06.09 20:00,1.703
61,06.09 21:00,1.796
61,06.09 22:00,1.996
61,06.09 23:00,1.892
61,07.09 00:00,1.7
61,07.09 01:00,1.594
61,07.09 02:00,1.804
61,07.09 03:00,1.595
61,07.09 04:00,1.702
61,07.09 05:00,1.692
61,07.09 06:00,4.503
61,07.09 07:00,14.499
61,07.09 08:00,9.192
61,07.09 09:00,1.593
61,07.09 10:00,1.407
61,07.09 11:00,9.396
61,07.09 12:00,6.273
61,07.09 13:00,1.87
61,07.09 14:00,6.579
61,07.09 15:00,13.099
61,07.09 16:00,15.046
61,07.09 17:00,3.898
61,07.09 18:00,1.999
61,07.09 19:00,1.438
61,07.09 20:00,1.808
61,07.09 21:00,2.007
61,07.09 22:00,1.892
61,07.09 23:00,1.806
61,08.09 00:00,1.703
61,08.09 01:00,1.706
61,08.09 02:00,1.598
61,08.09 03:00,1.696
61,08.09 04:00,1.8
61,08.09 05:00,1.597
61,08.09 06:00,4.213
61,08.09 07:00,14.45
61,08.09 08:00,9.429
61,08.09 09:00,1.498
61,08.09 10:00,1.399
61,08.09 11:00,2.691
61,08.09 12:00,9.744
61,08.09 13:00,2.409
61,08.09 14:00,8.525
61,08.09 15:00,7.98
61,08.09 16:00,3.013
61,08.09 17:00,2.99
61,08.09 18:00,3.103
61,08.09 19:00,2.194
61,08.09 20:00,1.806
61,08.09 21:00,1.995
61,08.09 22:00,2.008
61,08.09 23:00,1.898
61,09.09 00:00,1.8
61,09.09 01:00,1.796
61,09.09 02:00,1.699
61,09.09 03:00,1.606
61,09.09 04:00,1.807
61,09.09 05:00,1.706
61,09.09 06:00,4.291
61,09.09 07:00,14.644
61,09.09 08:00,9.999
61,09.09 09:00,1.596
61,09.09 10:00,1.405
61,09.09 11:00,1.393
61,09.09 12:00,1.707
61,09.09 13:00,1.807
61,09.09 14:00,1.806
61,09.09 15:00,3.797
61,09.09 16:00,3.506
61,09.09 17:00,3.611
61,09.09 18:00,2.403
61,09.09 19:00,1.505
61,09.09 20:00,1.895
61,09.09 21:00,1.903
61,09.09 22:00,1.905
61,09.09 23:00,1.803
61,10.09 00:00,1.794
61,10.09 01:00,1.597
61,10.09 02:00,1.694
61,10.09 03:00,1.704
61,10.09 04:00,1.706
61,10.09 05:00,1.595
61,10.09 06:00,1.6
61,10.09 07:00,1.799
61,10.09 08:00,1.596
61,10.09 09:00,1.594
61,10.09 10:00,1.404
61,10.09 11:00,1.4
61,10.09 12:00,1.605
61,10.09 13:00,1.807
61,10.09 14:00,1.901
61,10.09 15:00,1.605
61,10.09 16:00,1.599
61,10.09 17:00,1.605
61,10.09 18:00,1.601
61,10.09 19:00,1.603
61,10.09 20:00,1.905
61,10.09 21:00,1.95
61,10.09 22:00,1.997
61,10.09 23:00,1.797
61,11.09 00:00,1.803
61,11.09 01:00,1.703
61,11.09 02:00,1.698
61,11.09 03:00,1.698
61,11.09 04:00,1.708
61,11.09 05:00,1.7
61,11.09 06:00,1.707
61,11.09 07:00,1.694
61,11.09 08:00,1.602
61,11.09 09:00,1.599
61,11.09 10:00,1.393
61,11.09 11:00,1.393
61,11.09 12:00,1.599
61,11.09 13:00,1.804
61,11.09 14:00,1.604
61,11.09 15:00,1.394
61,11.09 16:00,1.395
61,11.09 17:00,1.398
61,11.09 18:00,1.404
61,11.09 19:00,1.395
61,11.09 20:00,1.698
61,11.09 21:00,1.694
61,11.09 22:00,1.692
61,11.09 23:00,1.598
61,12.09 00:00,1.695
61,12.09 01:00,1.603
61,12.09 02:00,1.599
61,12.09 03:00,1.875
61,12.09 04:00,1.705
61,12.09 05:00,1.607
61,12.09 06:00,4.521
61,12.09 07:00,14.413
61,12.09 08:00,13.181
61,12.09 09:00,10.141
61,12.09 10:00,10.122
61,12.09 11:00,10.597
61,12.09 12:00,10.956
61,12.09 13:00,10.965
61,12.09 14:00,11.07
61,12.09 15:00,11.205
61,12.09 16:00,11.116
61,12.09 17:00,10.513
61,12.09 18:00,5.324
61,12.09 19:00,1.4
61,12.09 20:00,1.599
61,12.09 21:00,1.599
61,12.09 22:00,1.706
61,12.09 23:00,1.802
61,13.09 00:00,1.703
61,13.09 01:00,1.607
61,13.09 02:00,1.801
61,13.09 03:00,1.692
61,13.09 04:00,1.599
61,13.09 05:00,1.704
61,13.09 06:00,4.385
61,13.09 07:00,14.434
61,13.09 08:00,9.759
61,13.09 09:00,1.595
61,13.09 10:00,1.24
61,13.09 11:00,9.809
61,13.09 12:00,9.567
61,13.09 13:00,2.31
61,13.09 14:00,7.533
61,13.09 15:00,9.978
61,13.09 16:00,10.039
61,13.09 17:00,10.038
61,13.09 18:00,10.051
61,13.09 19:00,10.666
61,13.09 20:00,10.23
61,13.09 21:00,1.799
61,13.09 22:00,1.893
61,13.09 23:00,1.906
61,14.09 00:00,1.8
61,14.09 01:00,1.706
61,14.09 02:00,1.692
61,14.09 03:00,1.599
61,14.09 04:00,1.694
61,14.09 05:00,1.696
61,14.09 06:00,4.183
61,14.09 07:00,14.425
61,14.09 08:00,11.344
61,14.09 09:00,1.804
61,14.09 10:00,1.603
61,14.09 11:00,1.607
61,14.09 12:00,2.103
61,14.09 13:00,1.908
61,14.09 14:00,8.097
61,14.09 15:00,8.277
61,14.09 16:00,2.192
61,14.09 17:00,2.197
61,14.09 18:00,2.208
61,14.09 19:00,1.998
61,14.09 20:00,2.107
61,14.09 21:00,2.102
61,14.09 22:00,2.31
61,14.09 23:00,2.227
61,15.09 00:00,1.802
61,15.09 01:00,1.998
61,15.09 02:00,2.008
61,15.09 03:00,1.997
61,15.09 04:00,1.901
61,15.09 05:00,2.003
61,15.09 06:00,5.121
61,15.09 07:00,14.673
61,15.09 08:00,10.706
61,15.09 09:00,1.593
61,15.09 10:00,1.405
61,15.09 11:00,1.406
61,15.09 12:00,1.295
61,15.09 13:00,1.407
61,15.09 14:00,6.478
61,15.09 15:00,8.806
61,15.09 16:00,9.617
61,15.09 17:00,9.858
61,15.09 18:00,10.352
61,15.09 19:00,11.086
61,15.09 20:00,14.977
61,15.09 21:00,8.401
61,15.09 22:00,2.305
61,15.09 23:00,2.0
61,16.09 00:00,2.002
61,16.09 01:00,1.991
61,16.09 02:00,1.795
61,16.09 03:00,1.805
61,16.09 04:00,1.909
61,16.09 05:00,1.901
61,16.09 06:00,3.89
61,16.09 07:00,14.852
61,16.09 08:00,11.752
61,16.09 09:00,1.792
61,16.09 10:00,1.502
61,16.09 11:00,1.596
61,16.09 12:00,1.696
61,16.09 13:00,1.598
61,16.09 14:00,1.8
61,16.09 15:00,2.289
61,16.09 16:00,1.803
61,16.09 17:00,1.803
61,16.09 18:00,1.909
61,16.09 19:00,1.8
61,16.09 20:00,1.997
61,16.09 21:00,2.196
61,16.09 22:00,1.996
61,16.09 23:00,2.005
61,17.09 00:00,1.985
61,17.09 01:00,1.909
61,17.09 02:00,1.796
61,17.09 03:00,1.906
61,17.09 04:00,1.901
61,17.09 05:00,1.798
61,17.09 06:00,1.906
61,17.09 07:00,1.823
61,17.09 08:00,1.795
61,17.09 09:00,1.797
61,17.09 10:00,1.692
61,17.09 11:00,1.501
61,17.09 12:00,1.504
61,17.09 13:00,1.696
61,17.09 14:00,1.806
61,17.09 15:00,1.795
61,17.09 16:00,1.801
61,17.09 17:00,1.805
61,17.09 18:00,1.805
61,17.09 19:00,1.802
61,17.09 20:00,2.106
61,17.09 21:00,2.096
61,17.09 22:00,2.003
61,17.09 23:00,2.0
61,18.09 00:00,1.995
61,18.09 01:00,1.901
61,18.09 02:00,1.891
61,18.09 03:00,1.903
61,18.09 04:00,1.901
61,18.09 05:00,1.799
61,18.09 06:00,1.904
61,18.09 07:00,1.808
61,18.09 08:00,1.991
61,18.09 09:00,1.794
61,18.09 10:00,1.605
61,18.09 11:00,1.593
61,18.09 12:00,1.706
61,18.09 13:00,1.701
61,18.09 14:00,1.604
61,18.09 15:00,1.603
61,18.09 16:00,1.7
61,18.09 17:00,1.603
61,18.09 18:00,1.499
61,18.09 19:00,1.598
61,18.09 20:00,1.807
61,18.09 21:00,1.808
61,18.09 22:00,1.906
61,18.09 23:00,2.006
61,19.09 00:00,1.808
61,19.09 01:00,1.796
61,19.09 02:00,2.002
61,19.09 03:00,1.894
61,19.09 04:00,1.798
61,19.09 05:00,1.897
61,19.09 06:00,4.882
61,19.09 07:00,14.473
61,19.09 08:00,10.919
61,19.09 09:00,1.901
61,19.09 10:00,2.897
61,19.09 11:00,9.826
61,19.09 12:00,9.97
61,19.09 13:00,9.977
61,19.09 14:00,11.51
61,19.09 15:00,12.981
61,19.09 16:00,12.843
61,19.09 17:00,12.82
61,19.09 18:00,5.879
61,19.09 19:00,1.603
61,19.09 20:00,1.693
61,19.09 21:00,1.907
61,19.09 22:00,1.802
61,19.09 23:00,1.797
61,20.09 00:00,1.803
61,20.09 01:00,2.002
61,20.09 02:00,1.794
61,20.09 03:00,1.795
61,20.09 04:00,1.909
61,20.09 05:00,1.793
61,20.09 06:00,4.391
61,20.09 07:00,14.334
61,20.09 08:00,10.852
61,20.09 09:00,1.593
61,20.09 10:00,1.395
61,20.09 11:00,1.594
61,20.09 12:00,1.606
61,20.09 13:00,1.599
61,20.09 14:00,8.861
61,20.09 15:00,7.764
61,20.09 16:00,5.588
61,20.09 17:00,5.678
61,20.09 18:00,5.621
61,20.09 19:00,11.231
61,20.09 20:00,13.024
61,20.09 21:00,2.01
61,20.09 22:00,2.007
61,20.09 23:00,2.109
61,21.09 00:00,2.197
61,21.09 01:00,1.803
61,21.09 02:00,1.805
61,21.09 03:00,1.806
61,21.09 04:00,1.801
61,21.09 05:00,1.802
61,21.09 06:00,4.582
61,21.09 07:00,14.678
61,21.09 08:00,11.447
61,21.09 09:00,1.696
61,21.09 10:00,1.605
61,21.09 11:00,1.605
61,21.09 12:00,1.599
61,21.09 13:00,1.6
61,21.09 14:00,7.571
61,21.09 15:00,6.529
61,21.09 16:00,3.214
61,21.09 17:00,3.292
61,21.09 18:00,2.897
61,21.09 19:00,2.401
61,21.09 20:00,2.698
61,21.09 21:00,2.889
61,21.09 22:00,2.898
61,21.09 23:00,2.792
61,22.09 00:00,2.29
61,22.09 01:00,2.704
61,22.09 02:00,2.608
61,22.09 03:00,2.605
61,22.09 04:00,2.598
61,22.09 05:00,2.608
61,22.09 06:00,5.501
61,22.09 07:00,14.636
61,22.09 08:00,11.362
61,22.09 09:00,1.805
61,22.09 10:00,1.599
61,22.09 11:00,1.393
61,22.09 12:00,1.6
61,22.09 13:00,1.607
61,22.09 14:00,10.102
61,22.09 15:00,7.485
61,22.09 16:00,7.463
61,22.09 17:00,8.006
61,22.09 18:00,7.828
61,22.09 19:00,8.591
61,22.09 20:00,9.553
61,22.09 21:00,8.498
61,22.09 22:00,2.099
61,22.09 23:00,1.903
61,23.09 00:00,1.797
61,23.09 01:00,1.595
61,23.09 02:00,1.795
61,23.09 03:00,1.803
61,23.09 04:00,1.706
61,23.09 05:00,1.604
61,23.09 06:00,3.59
61,23.09 07:00,14.434
61,23.09 08:00,11.454
61,23.09 09:00,1.605
61,23.09 10:00,1.396
61,23.09 11:00,1.502
61,23.09 12:00,1.406
61,23.09 13:00,1.501
61,23.09 14:00,1.594
61,23.09 15:00,10.427
61,23.09 16:00,3.096
61,23.09 17:00,1.604
61,23.09 18:00,1.604
61,23.09 19:00,1.793
61,23.09 20:00,1.792
61,23.09 21:00,1.908
61,23.09 22:00,2.109
61,23.09 23:00,2.002
61,24.09 00:00,1.694
61,24.09 01:00,1.699
61,24.09 02:00,1.801
61,24.09 03:00,1.806
61,24.09 04:00,1.8
61,24.09 05:00,1.903
61,24.09 06:00,1.697
61,24.09 07:00,1.718
61,24.09 08:00,1.802
61,24.09 09:00,1.895
61,24.09 10:00,1.355
61,24.09 11:00,1.402
61,24.09 12:00,1.6
61,24.09 13:00,1.597
61,24.09 14:00,1.605
61,24.09 15:00,1.692
61,24.09 16:00,1.595
61,24.09 17:00,1.706
61,24.09 18:00,1.807
61,24.09 19:00,1.597
61,24.09 20:00,1.901
61,24.09 21:00,1.999
61,24.09 22:00,2.0
61,24.09 23:00,2.005
61,25.09 00:00,1.799
61,25.09 01:00,0.995
61,25.09 02:00,0.998
61,25.09 03:00,0.996
61,25.09 04:00,1.003
61,25.09 05:00,0.999
61,25.09 06:00,1.002
61,25.09 07:00,0.998
61,25.09 08:00,0.998
61,25.09 09:00,1.705
61,25.09 10:00,1.497
61,25.09 11:00,1.497
61,25.09 12:00,1.607
61,25.09 13:00,1.608
61,25.09 14:00,1.596
61,25.09 15:00,1.468
61,25.09 16:00,1.505
61,25.09 17:00,1.503
61,25.09 18:00,1.405
61,25.09 19:00,1.597
61,25.09 20:00,1.699
61,25.09 21:00,1.8
61,25.09 22:00,1.792
61,25.09 23:00,1.795
61,26.09 00:00,1.803
61,26.09 01:00,1.698
61,26.09 02:00,1.702
61,26.09 03:00,1.701
61,26.09 04:00,1.704
61,26.09 05:00,1.6
61,26.09 06:00,4.098
61,26.09 07:00,14.432
61,26.09 08:00,10.714
61,26.09 09:00,1.599
61,26.09 10:00,3.09
61,26.09 11:00,9.714
61,26.09 12:00,9.703
61,26.09 13:00,9.772
61,26.09 14:00,10.072
61,26.09 15:00,3.592
61,26.09 16:00,2.596
61,26.09 17:00,2.403
61,26.09 18:00,2.103
61,26.09 19:00,1.397
61,26.09 20:00,1.605
61,26.09 21:00,1.796
61,26.09 22:00,1.0
61,26.09 23:00,1.002
61,27.09 00:00,1.003
61,27.09 01:00,1.003
61,27.09 02:00,0.996
61,27.09 03:00,1.002
61,27.09 04:00,1.001
61,27.09 05:00,1.703
61,27.09 06:00,3.897
61,27.09 07:00,14.708
61,27.09 08:00,7.593
61,27.09 09:00,1.596
61,27.09 10:00,2.19
61,27.09 11:00,9.91
61,27.09 12:00,9.933
61,27.09 13:00,9.877
61,27.09 14:00,9.934
61,27.09 15:00,10.294
61,27.09 16:00,11.407
61,27.09 17:00,11.39
61,27.09 18:00,11.077
61,27.09 19:00,12.945
61,27.09 20:00,14.144
61,27.09 21:00,1.997
61,27.09 22:00,1.998
61,27.09 23:00,1.996
61,28.09 00:00,1.78
61,28.09 01:00,1.801
61,28.09 02:00,1.806
61,28.09 03:00,1.697
61,28.09 04:00,1.8
61,28.09 05:00,1.804
61,28.09 06:00,3.89
61,28.09 07:00,14.56
61,28.09 08:00,10.396
61,28.09 09:00,1.698
61,28.09 10:00,1.402
61,28.09 11:00,1.494
61,28.09 12:00,1.804
61,28.09 13:00,1.803
61,28.09 14:00,7.574
61,28.09 15:00,10.207
61,28.09 16:00,10.225
61,28.09 17:00,10.161
61,28.09 18:00,5.584
61,28.09 19:00,1.595
61,28.09 20:00,1.892
61,28.09 21:00,1.996
61,28.09 22:00,1.797
61,28.09 23:00,1.902
61,29.09 00:00,1.898
61,29.09 01:00,1.705
61,29.09 02:00,1.703
61,29.09 03:00,1.8
61,29.09 04:00,1.8
61,29.09 05:00,1.805
61,29.09 06:00,4.488
61,29.09 07:00,14.637
61,29.09 08:00,5.082
61,29.09 09:00,1.7
61,29.09 10:00,1.504
61,29.09 11:00,1.394
61,29.09 12:00,1.405
61,29.09 13:00,1.805
61,29.09 14:00,8.497
61,29.09 15:00,6.622
61,29.09 16:00,6.105
61,29.09 17:00,8.944
61,29.09 18:00,6.676
61,29.09 19:00,8.011
61,29.09 20:00,10.179
61,29.09 21:00,8.227
61,29.09 22:00,2.096
61,29.09 23:00,1.891
61,30.09 00:00,1.806
61,30.09 01:00,1.704
61,30.09 02:00,1.704
61,30.09 03:00,1.8
61,30.09 04:00,1.803
61,30.09 05:00,1.607
61,30.09 06:00,4.421
61,30.09 07:00,14.647
61,30.09 08:00,9.663
61,30.09 09:00,1.597
61,30.09 10:00,1.398
61,30.09 11:00,1.406
61,30.09 12:00,1.506
61,30.09 13:00,1.503
61,30.09 14:00,1.702
61,30.09 15:00,2.304
61,30.09 16:00,1.602
61,30.09 17:00,1.594
61,30.09 18:00,1.596
61,30.09 19:00,1.605
61,30.09 20:00,1.901
61,30.09 21:00,1.993
61,30.09 22:00,2.005
61,30.09 23:00,2.0
