71,01.03 00:00,5.193
71,01.03 01:00,5.119
71,01.03 02:00,4.869
71,01.03 03:00,5.023
71,01.03 04:00,5.478
71,01.03 05:00,5.221
71,01.03 06:00,6.324
71,01.03 07:00,13.439
71,01.03 08:00,19.969
71,01.03 09:00,24.747
71,01.03 10:00,25.322
71,01.03 11:00,20.88
71,01.03 12:00,26.002
71,01.03 13:00,23.801
71,01.03 14:00,22.003
71,01.03 15:00,19.309
71,01.03 16:00,18.379
71,01.03 17:00,13.242
71,01.03 18:00,10.063
71,01.03 19:00,4.689
71,01.03 20:00,4.387
71,01.03 21:00,4.508
71,01.03 22:00,4.484
71,01.03 23:00,4.107
71,02.03 00:00,4.409
71,02.03 01:00,4.017
71,02.03 02:00,4.718
71,02.03 03:00,4.087
71,02.03 04:00,4.404
71,02.03 05:00,4.298
71,02.03 06:00,5.381
71,02.03 07:00,11.395
71,02.03 08:00,21.535
71,02.03 09:00,28.07
71,02.03 10:00,25.147
71,02.03 11:00,21.544
71,02.03 12:00,23.03
71,02.03 13:00,23.786
71,02.03 14:00,18.775
71,02.03 15:00,18.238
71,02.03 16:00,17.349
71,02.03 17:00,12.138
71,02.03 18:00,8.566
71,02.03 19:00,4.584
71,02.03 20:00,4.413
71,02.03 21:00,4.622
71,02.03 22:00,4.398
71,02.03 23:00,4.097
71,03.03 00:00,3.987
71,03.03 01:00,4.29
71,03.03 02:00,4.083
71,03.03 03:00,4.198
71,03.03 04:00,4.387
71,03.03 05:00,4.62
71,03.03 06:00,4.999
71,03.03 07:00,11.014
71,03.03 08:00,17.864
71,03.03 09:00,26.09
71,03.03 10:00,23.664
71,03.03 11:00,26.919
71,03.03 12:00,26.998
71,03.03 13:00,23.604
71,03.03 14:00,20.428
71,03.03 15:00,17.715
71,03.03 16:00,16.507
71,03.03 17:00,13.403
71,03.03 18:00,9.14
71,03.03 19:00,5.307
71,03.03 20:00,4.798
71,03.03 21:00,4.692
71,03.03 22:00,4.317
71,03.03 23:00,3.992
71,04.03 00:00,4.284
71,04.03 01:00,4.091
71,04.03 02:00,4.696
71,04.03 03:00,4.515
71,04.03 04:00,4.112
71,04.03 05:00,4.41
71,04.03 06:00,5.175
71,04.03 07:00,10.216
71,04.03 08:00,19.731
71,04.03 09:00,26.82
71,04.03 10:00,20.255
71,04.03 11:00,20.636
71,04.03 12:00,23.785
71,04.03 13:00,23.787
71,04.03 14:00,21.956
71,04.03 15:00,18.455
71,04.03 16:00,14.454
71,04.03 17:00,11.386
71,04.03 18:00,5.384
71,04.03 19:00,4.606
71,04.03 20:00,3.905
71,04.03 21:00,4.587
71,04.03 22:00,4.12
71,04.03 23:00,3.984
71,05.03 00:00,3.703
71,05.03 01:00,3.996
71,05.03 02:00,4.279
71,05.03 03:00,4.295
71,05.03 04:00,3.885
71,05.03 05:00,4.017
71,05.03 06:00,4.219
71,05.03 07:00,4.001
71,05.03 08:00,4.318
71,05.03 09:00,3.693
71,05.03 10:00,3.491
71,05.03 11:00,4.018
71,05.03 12:00,3.414
71,05.03 13:00,3.882
71,05.03 14:00,3.588
71,05.03 15:00,4.413
71,05.03 16:00,3.496
71,05.03 17:00,3.809
71,05.03 18:00,3.512
71,05.03 19:00,4.599
71,05.03 20:00,4.004
71,05.03 21:00,4.699
71,05.03 22:00,4.391
71,05.03 23:00,4.321
71,06.03 00:00,4.301
71,06.03 01:00,4.294
71,06.03 02:00,3.696
71,06.03 03:00,4.22
71,06.03 04:00,4.781
71,06.03 05:00,3.995
71,06.03 06:00,4.208
71,06.03 07:00,3.614
71,06.03 08:00,3.906
71,06.03 09:00,4.114
71,06.03 10:00,3.737
71,06.03 11:00,3.597
71,06.03 12:00,3.705
71,06.03 13:00,3.695
71,06.03 14:00,3.808
71,06.03 15:00,3.19
71,06.03 16:00,4.186
71,06.03 17:00,3.898
71,06.03 18:00,3.49
71,06.03 19:00,4.291
71,06.03 20:00,4.115
71,06.03 21:00,4.201
71,06.03 22:00,4.72
71,06.03 23:00,3.893
71,07.03 00:00,4.094
71,07.03 01:00,3.993
71,07.03 02:00,4.087
71,07.03 03:00,3.79
71,07.03 04:00,4.617
71,07.03 05:00,4.005
71,07.03 06:00,5.206
71,07.03 07:00,12.165
71,07.03 08:00,20.757
71,07.03 09:00,32.981
71,07.03 10:00,29.198
71,07.03 11:00,28.617
71,07.03 12:00,27.979
71,07.03 13:00,25.378
71,07.03 14:00,23.966
71,07.03 15:00,16.644
71,07.03 16:00,15.745
71,07.03 17:00,12.538
71,07.03 18:00,6.617
71,07.03 19:00,4.399
71,07.03 20:00,4.787
71,07.03 21:00,4.18
71,07.03 22:00,4.597
71,07.03 23:00,4.019
71,08.03 00:00,3.688
71,08.03 01:00,4.391
71,08.03 02:00,4.117
71,08.03 03:00,4.497
71,08.03 04:00,4.69
71,08.03 05:00,4.194
71,08.03 06:00,5.309
71,08.03 07:00,15.436
71,08.03 08:00,20.101
71,08.03 09:00,31.817
71,08.03 10:00,24.218
71,08.03 11:00,20.399
71,08.03 12:00,26.012
71,08.03 13:00,23.575
71,08.03 14:00,20.882
71,08.03 15:00,17.322
71,08.03 16:00,15.839
71,08.03 17:00,13.158
71,08.03 18:00,7.084
71,08.03 19:00,5.014
71,08.03 20:00,4.913
71,08.03 21:00,4.5
71,08.03 22:00,4.207
71,08.03 23:00,4.019
71,09.03 00:00,4.407
71,09.03 01:00,4.113
71,09.03 02:00,4.514
71,09.03 03:00,3.887
71,09.03 04:00,4.598
71,09.03 05:00,3.911
71,09.03 06:00,5.478
71,09.03 07:00,13.462
71,09.03 08:00,20.05
71,09.03 09:00,26.895
71,09.03 10:00,24.229
71,09.03 11:00,26.989
71,09.03 12:00,27.462
71,09.03 13:00,25.012
71,09.03 14:00,22.296
71,09.03 15:00,19.401
71,09.03 16:00,18.321
71,09.03 17:00,12.65
71,09.03 18:00,7.236
71,09.03 19:00,5.007
71,09.03 20:00,4.32
71,09.03 21:00,4.212
71,09.03 22:00,4.984
71,09.03 23:00,3.883
71,10.03 00:00,4.314
71,10.03 01:00,3.9
71,10.03 02:00,4.695
71,10.03 03:00,3.989
71,10.03 04:00,4.091
71,10.03 05:00,4.295
71,10.03 06:00,5.697
71,10.03 07:00,13.486
71,10.03 08:00,19.67
71,10.03 09:00,26.788
71,10.03 10:00,24.543
71,10.03 11:00,24.068
71,10.03 12:00,26.254
71,10.03 13:00,22.571
71,10.03 14:00,20.657
71,10.03 15:00,17.028
71,10.03 16:00,17.334
71,10.03 17:00,13.938
71,10.03 18:00,8.43
71,10.03 19:00,4.793
71,10.03 20:00,4.621
71,10.03 21:00,4.52
71,10.03 22:00,5.415
71,10.03 23:00,4.495
71,11.03 00:00,4.431
71,11.03 01:00,4.815
71,11.03 02:00,4.182
71,11.03 03:00,5.201
71,11.03 04:00,4.487
71,11.03 05:00,4.807
71,11.03 06:00,6.006
71,11.03 07:00,13.946
71,11.03 08:00,21.478
71,11.03 09:00,24.005
71,11.03 10:00,21.643
71,11.03 11:00,20.999
71,11.03 12:00,25.406
71,11.03 13:00,23.603
71,11.03 14:00,18.409
71,11.03 15:00,18.24
71,11.03 16:00,15.371
71,11.03 17:00,12.586
71,11.03 18:00,4.206
71,11.03 19:00,4.379
71,11.03 20:00,4.401
71,11.03 21:00,3.704
71,11.03 22:00,4.312
71,11.03 23:00,3.793
71,12.03 00:00,3.687
71,12.03 01:00,4.102
71,12.03 02:00,4.182
71,12.03 03:00,4.309
71,12.03 04:00,3.901
71,12.03 05:00,4.284
71,12.03 06:00,3.993
71,12.03 07:00,3.996
71,12.03 08:00,4.411
71,12.03 09:00,3.588
71,12.03 10:00,3.389
71,12.03 11:00,3.892
71,12.03 12:00,3.513
71,12.03 13:00,3.415
71,12.03 14:00,4.393
71,12.03 15:00,3.214
71,12.03 16:00,3.885
71,12.03 17:00,3.301
71,12.03 18:00,3.814
71,12.03 19:00,3.907
71,12.03 20:00,5.188
71,12.03 21:00,3.888
71,12.03 22:00,4.183
71,12.03 23:00,3.685
71,13.03 00:00,4.307
71,13.03 01:00,4.011
71,13.03 02:00,3.616
71,13.03 03:00,4.004
71,13.03 04:00,3.817
71,13.03 05:00,4.684
71,13.03 06:00,3.696
71,13.03 07:00,4.014
71,13.03 08:00,3.602
71,13.03 09:00,3.395
71,13.03 10:00,4.102
71,13.03 11:00,3.416
71,13.03 12:00,3.596
71,13.03 13:00,3.688
71,13.03 14:00,3.185
71,13.03 15:00,4.112
71,13.03 16:00,3.293
71,13.03 17:00,3.69
71,13.03 18:00,3.39
71,13.03 19:00,4.184
71,13.03 20:00,3.706
71,13.03 21:00,4.813
71,13.03 22:00,3.806
71,13.03 23:00,3.817
71,14.03 00:00,3.89
71,14.03 01:00,3.998
71,14.03 02:00,4.416
71,14.03 03:00,3.808
71,14.03 04:00,4.099
71,14.03 05:00,3.717
71,14.03 06:00,5.221
71,14.03 07:00,14.729
71,14.03 08:00,21.568
71,14.03 09:00,27.504
71,14.03 10:00,26.313
71,14.03 11:00,25.312
71,14.03 12:00,29.455
71,14.03 13:00,26.501
71,14.03 14:00,20.647
71,14.03 15:00,21.55
71,14.03 16:00,20.575
71,14.03 17:00,15.082
71,14.03 18:00,7.589
71,14.03 19:00,4.011
71,14.03 20:00,3.983
71,14.03 21:00,4.288
71,14.03 22:00,4.107
71,14.03 23:00,4.217
71,15.03 00:00,5.392
71,15.03 01:00,4.316
71,15.03 02:00,3.886
71,15.03 03:00,4.003
71,15.03 04:00,4.011
71,15.03 05:00,4.111
71,15.03 06:00,5.221
71,15.03 07:00,13.291
71,15.03 08:00,20.251
71,15.03 09:00,26.726
71,15.03 10:00,22.511
71,15.03 11:00,22.734
71,15.03 12:00,25.417
71,15.03 13:00,23.672
71,15.03 14:00,19.821
71,15.03 15:00,17.689
71,15.03 16:00,17.441
71,15.03 17:00,13.975
71,15.03 18:00,6.21
71,15.03 19:00,5.001
71,15.03 20:00,4.488
71,15.03 21:00,4.921
71,15.03 22:00,4.719
71,15.03 23:00,4.413
71,16.03 00:00,4.599
71,16.03 01:00,5.11
71,16.03 02:00,4.299
71,16.03 03:00,4.596
71,16.03 04:00,4.407
71,16.03 05:00,4.609
71,16.03 06:00,5.502
71,16.03 07:00,15.187
71,16.03 08:00,20.814
71,16.03 09:00,27.193
71,16.03 10:00,27.12
71,16.03 11:00,23.142
71,16.03 12:00,25.603
71,16.03 13:00,23.885
71,16.03 14:00,18.52
71,16.03 15:00,16.921
71,16.03 16:00,19.091
71,16.03 17:00,14.104
71,16.03 18:00,5.62
71,16.03 19:00,4.514
71,16.03 20:00,4.306
71,16.03 21:00,4.601
71,16.03 22:00,4.618
71,16.03 23:00,3.985
71,17.03 00:00,4.502
71,17.03 01:00,4.084
71,17.03 02:00,4.002
71,17.03 03:00,4.007
71,17.03 04:00,4.586
71,17.03 05:00,4.302
71,17.03 06:00,5.42
71,17.03 07:00,10.269
71,17.03 08:00,19.021
71,17.03 09:00,26.376
71,17.03 10:00,23.586
71,17.03 11:00,24.365
71,17.03 12:00,25.124
71,17.03 13:00,22.394
71,17.03 14:00,18.776
71,17.03 15:00,15.5
71,17.03 16:00,17.018
71,17.03 17:00,11.993
71,17.03 18:00,7.598
71,17.03 19:00,4.519
71,17.03 20:00,4.082
71,17.03 21:00,4.193
71,17.03 22:00,4.096
71,17.03 23:00,4.12
71,18.03 00:00,4.086
71,18.03 01:00,3.591
71,18.03 02:00,4.31
71,18.03 03:00,3.795
71,18.03 04:00,3.6
71,18.03 05:00,4.184
71,18.03 06:00,5.223
71,18.03 07:00,16.276
71,18.03 08:00,19.651
71,18.03 09:00,27.062
71,18.03 10:00,20.503
71,18.03 11:00,19.724
71,18.03 12:00,24.407
71,18.03 13:00,23.852
71,18.03 14:00,19.768
71,18.03 15:00,20.907
71,18.03 16:00,18.707
71,18.03 17:00,10.682
71,18.03 18:00,4.496
71,18.03 19:00,4.016
71,18.03 20:00,4.116
71,18.03 21:00,4.201
71,18.03 22:00,3.884
71,18.03 23:00,3.919
71,19.03 00:00,4.62
71,19.03 01:00,3.708
71,19.03 02:00,4.192
71,19.03 03:00,3.695
71,19.03 04:00,3.689
71,19.03 05:00,4.784
71,19.03 06:00,3.889
71,19.03 07:00,3.89
71,19.03 08:00,3.709
71,19.03 09:00,3.484
71,19.03 10:00,3.499
71,19.03 11:00,3.694
71,19.03 12:00,4.081
71,19.03 13:00,3.404
71,19.03 14:00,3.593
71,19.03 15:00,3.701
71,19.03 16:00,3.3
71,19.03 17:00,3.784
71,19.03 18:00,3.782
71,19.03 19:00,4.119
71,19.03 20:00,3.986
71,19.03 21:00,4.504
71,19.03 22:00,3.991
71,19.03 23:00,3.907
71,20.03 00:00,3.807
71,20.03 01:00,3.694
71,20.03 02:00,4.001
71,20.03 03:00,3.602
71,20.03 04:00,4.32
71,20.03 05:00,4.32
71,20.03 06:00,3.599
71,20.03 07:00,3.889
71,20.03 08:00,3.209
71,20.03 09:00,3.785
71,20.03 10:00,3.898
71,20.03 11:00,3.594
71,20.03 12:00,3.493
71,20.03 13:00,3.185
71,20.03 14:00,3.598
71,20.03 15:00,3.189
71,20.03 16:00,3.499
71,20.03 17:00,3.707
71,20.03 18:00,3.513
71,20.03 19:00,3.689
71,20.03 20:00,4.214
71,20.03 21:00,4.204
71,20.03 22:00,3.7
71,20.03 23:00,3.997
71,21.03 00:00,3.787
71,21.03 01:00,4.38
71,21.03 02:00,3.684
71,21.03 03:00,3.994
71,21.03 04:00,4.097
71,21.03 05:00,3.485
71,21.03 06:00,5.621
71,21.03 07:00,12.371
71,21.03 08:00,18.141
71,21.03 09:00,31.988
71,21.03 10:00,22.56
71,21.03 11:00,23.805
71,21.03 12:00,24.568
71,21.03 13:00,23.349
71,21.03 14:00,19.21
71,21.03 15:00,19.371
71,21.03 16:00,19.616
71,21.03 17:00,13.769
71,21.03 18:00,7.401
71,21.03 19:00,5.678
71,21.03 20:00,4.09
71,21.03 21:00,4.385
71,21.03 22:00,4.208
71,21.03 23:00,3.709
71,22.03 00:00,4.412
71,22.03 01:00,3.957
71,22.03 02:00,4.597
71,22.03 03:00,3.796
71,22.03 04:00,3.787
71,22.03 05:00,4.311
71,22.03 06:00,4.718
71,22.03 07:00,12.925
71,22.03 08:00,17.843
71,22.03 09:00,25.113
71,22.03 10:00,21.111
71,22.03 11:00,21.261
71,22.03 12:00,23.604
71,22.03 13:00,23.677
71,22.03 14:00,17.934
71,22.03 15:00,17.287
71,22.03 16:00,17.001
71,22.03 17:00,11.111
71,22.03 18:00,5.995
71,22.03 19:00,3.809
71,22.03 20:00,4.015
71,22.03 21:00,4.096
71,22.03 22:00,3.793
71,22.03 23:00,3.62
71,23.03 00:00,3.819
71,23.03 01:00,3.501
71,23.03 02:00,3.991
71,23.03 03:00,3.897
71,23.03 04:00,3.785
71,23.03 05:00,4.499
71,23.03 06:00,4.784
71,23.03 07:00,12.098
71,23.03 08:00,19.184
71,23.03 09:00,24.68
71,23.03 10:00,20.671
71,23.03 11:00,23.762
71,23.03 12:00,21.747
71,23.03 13:00,23.505
71,23.03 14:00,18.647
71,23.03 15:00,18.267
71,23.03 16:00,16.38
71,23.03 17:00,14.28
71,23.03 18:00,8.096
71,23.03 19:00,4.287
71,23.03 20:00,3.991
71,23.03 21:00,4.482
71,23.03 22:00,4.407
71,23.03 23:00,3.798
71,24.03 00:00,4.32
71,24.03 01:00,4.296
71,24.03 02:00,3.702
71,24.03 03:00,3.809
71,24.03 04:00,4.494
71,24.03 05:00,3.793
71,24.03 06:00,4.193
71,24.03 07:00,11.663
71,24.03 08:00,16.262
71,24.03 09:00,23.786
71,24.03 10:00,21.902
71,24.03 11:00,25.112
71,24.03 12:00,26.854
71,24.03 13:00,23.377
71,24.03 14:00,18.271
71,24.03 15:00,16.542
71,24.03 16:00,15.05
71,24.03 17:00,13.636
71,24.03 18:00,3.695
71,24.03 19:00,3.999
71,24.03 20:00,3.608
71,24.03 21:00,3.689
71,24.03 22:00,3.904
71,24.03 23:00,3.417
71,25.03 00:00,3.716
71,25.03 01:00,3.898
71,25.03 02:00,3.512
71,25.03 03:00,3.692
71,25.03 04:00,3.5
71,25.03 05:00,3.814
71,25.03 06:00,3.186
71,25.03 07:00,3.683
71,25.03 08:00,3.188
71,25.03 09:00,3.305
71,25.03 10:00,3.011
71,25.03 11:00,3.602
71,25.03 12:00,2.987
71,25.03 13:00,3.484
71,25.03 14:00,2.895
71,25.03 15:00,3.312
71,25.03 16:00,3.012
71,25.03 17:00,3.586
71,25.03 18:00,3.094
71,25.03 19:00,3.717
71,25.03 20:00,3.495
71,25.03 21:00,3.918
71,25.03 22:00,4.315
71,25.03 23:00,3.413
71,26.03 00:00,3.705
71,26.03 01:00,3.406
71,26.03 02:00,3.913
71,26.03 03:00,3.603
71,26.03 04:00,3.608
71,26.03 05:00,3.683
71,26.03 06:00,3.397
71,26.03 07:00,3.391
71,26.03 08:00,3.287
71,26.03 09:00,3.904
71,26.03 10:00,3.091
71,26.03 11:00,3.408
71,26.03 12:00,2.8
71,26.03 13:00,3.299
71,26.03 14:00,3.19
71,26.03 15:00,3.091
71,26.03 16:00,3.293
71,26.03 17:00,3.193
71,26.03 18:00,3.605
71,26.03 19:00,3.608
71,26.03 20:00,3.495
71,26.03 21:00,4.086
71,26.03 22:00,3.688
71,26.03 23:00,3.388
71,27.03 00:00,4.004
71,27.03 01:00,2.197
71,27.03 02:00,1.706
71,27.03 03:00,3.49
71,27.03 04:00,3.798
71,27.03 05:00,3.688
71,27.03 06:00,3.413
71,27.03 07:00,3.585
71,27.03 08:00,3.096
71,27.03 09:00,3.198
71,27.03 10:00,3.686
71,27.03 11:00,2.894
71,27.03 12:00,3.192
71,27.03 13:00,3.211
71,27.03 14:00,3.285
71,27.03 15:00,3.698
71,27.03 16:00,3.102
71,27.03 17:00,3.29
71,27.03 18:00,3.202
71,27.03 19:00,3.593
71,27.03 20:00,3.605
71,27.03 21:00,3.515
71,27.03 22:00,3.795
71,27.03 23:00,3.795
71,28.03 00:00,3.898
71,28.03 01:00,3.786
71,28.03 02:00,3.704
71,28.03 03:00,3.407
71,28.03 04:00,3.705
71,28.03 05:00,3.797
71,28.03 06:00,3.415
71,28.03 07:00,3.812
71,28.03 08:00,3.005
71,28.03 09:00,3.493
71,28.03 10:00,3.087
71,28.03 11:00,3.688
71,28.03 12:00,3.216
71,28.03 13:00,2.99
71,28.03 14:00,3.299
71,28.03 15:00,3.312
71,28.03 16:00,3.192
71,28.03 17:00,3.211
71,28.03 18:00,3.51
71,28.03 19:00,3.303
71,28.03 20:00,4.001
71,28.03 21:00,3.688
71,28.03 22:00,3.913
71,28.03 23:00,3.501
71,29.03 00:00,3.79
71,29.03 01:00,3.69
71,29.03 02:00,3.409
71,29.03 03:00,3.597
71,29.03 04:00,3.799
71,29.03 05:00,3.5
71,29.03 06:00,4.384
71,29.03 07:00,3.614
71,29.03 08:00,3.201
71,29.03 09:00,3.604
71,29.03 10:00,2.891
71,29.03 11:00,3.4
71,29.03 12:00,3.287
71,29.03 13:00,3.114
71,29.03 14:00,3.193
71,29.03 15:00,3.388
71,29.03 16:00,3.002
71,29.03 17:00,3.504
71,29.03 18:00,2.907
71,29.03 19:00,3.585
71,29.03 20:00,3.712
71,29.03 21:00,3.517
71,29.03 22:00,3.888
71,29.03 23:00,4.299
71,30.03 00:00,3.718
71,30.03 01:00,3.618
71,30.03 02:00,3.601
71,30.03 03:00,3.589
71,30.03 04:00,3.497
71,30.03 05:00,3.818
71,30.03 06:00,3.711
71,30.03 07:00,3.111
71,30.03 08:00,3.788
71,30.03 09:00,3.811
71,30.03 10:00,2.79
71,30.03 11:00,3.409
71,30.03 12:00,2.996
71,30.03 13:00,3.285
71,30.03 14:00,3.196
71,30.03 15:00,3.412
71,30.03 16:00,3.099
71,30.03 17:00,3.39
71,30.03 18:00,3.294
71,30.03 19:00,3.586
71,30.03 20:00,3.709
71,30.03 21:00,3.613
71,30.03 22:00,3.995
71,30.03 23:00,3.786
71,31.03 00:00,3.407
71,31.03 01:00,3.21
71,31.03 02:00,3.804
71,31.03 03:00,3.496
71,31.03 04:00,3.986
71,31.03 05:00,3.711
71,31.03 06:00,3.488
71,31.03 07:00,3.586
71,31.03 08:00,3.483
71,31.03 09:00,3.205
71,31.03 10:00,3.306
71,31.03 11:00,3.212
71,31.03 12:00,3.309
71,31.03 13:00,3.3
71,31.03 14:00,3.391
71,31.03 15:00,3.415
71,31.03 16:00,2.807
71,31.03 17:00,3.498
71,31.03 18:00,3.111
71,31.03 19:00,3.314
71,31.03 20:00,3.785
71,31.03 21:00,3.591
71,31.03 22:00,3.893
71,31.03 23:00,4.517
71,01.04 00:00,3.393
71,01.04 01:00,3.6
71,01.04 02:00,3.39
71,01.04 03:00,3.894
71,01.04 04:00,3.61
71,01.04 05:00,3.415
71,01.04 06:00,3.697
71,01.04 07:00,3.206
71,01.04 08:00,3.984
71,01.04 09:00,3.198
71,01.04 10:00,3.3
71,01.04 11:00,3.097
71,01.04 12:00,3.299
71,01.04 13:00,3.305
71,01.04 14:00,2.995
71,01.04 15:00,3.401
71,01.04 16:00,3.098
71,01.04 17:00,3.395
71,01.04 18:00,3.59
71,01.04 19:00,3.491
71,01.04 20:00,3.405
71,01.04 21:00,3.795
71,01.04 22:00,3.892
71,01.04 23:00,4.01
71,02.04 00:00,3.889
71,02.04 01:00,3.916
71,02.04 02:00,3.194
71,02.04 03:00,3.611
71,02.04 04:00,4.314
71,02.04 05:00,3.613
71,02.04 06:00,3.416
71,02.04 07:00,3.51
71,02.04 08:00,3.499
71,02.04 09:00,3.284
71,02.04 10:00,3.203
71,02.04 11:00,3.308
71,02.04 12:00,3.194
71,02.04 13:00,3.111
71,02.04 14:00,3.707
71,02.04 15:00,3.21
71,02.04 16:00,2.888
71,02.04 17:00,3.398
71,02.04 18:00,3.014
71,02.04 19:00,3.395
71,02.04 20:00,3.49
71,02.04 21:00,3.916
71,02.04 22:00,3.702
71,02.04 23:00,3.688
71,03.04 00:00,4.414
71,03.04 01:00,3.314
71,03.04 02:00,3.712
71,03.04 03:00,3.303
71,03.04 04:00,4.015
71,03.04 05:00,3.516
71,03.04 06:00,3.712
71,03.04 07:00,3.312
71,03.04 08:00,3.487
71,03.04 09:00,3.513
71,03.04 10:00,3.203
71,03.04 11:00,3.513
71,03.04 12:00,3.203
71,03.04 13:00,3.291
71,03.04 14:00,2.789
71,03.04 15:00,3.313
71,03.04 16:00,3.296
71,03.04 17:00,3.01
71,03.04 18:00,3.309
71,03.04 19:00,3.509
71,03.04 20:00,3.717
71,03.04 21:00,3.822
71,03.04 22:00,3.61
71,03.04 23:00,3.881
71,04.04 00:00,3.416
71,04.04 01:00,3.592
71,04.04 02:00,3.786
71,04.04 03:00,3.306
71,04.04 04:00,3.709
71,04.04 05:00,3.506
71,04.04 06:00,4.112
71,04.04 07:00,3.508
71,04.04 08:00,3.289
71,04.04 09:00,3.097
71,04.04 10:00,4.708
71,04.04 11:00,5.317
71,04.04 12:00,5.924
71,04.04 13:00,6.221
71,04.04 14:00,6.407
71,04.04 15:00,4.719
71,04.04 16:00,3.297
71,04.04 17:00,3.386
71,04.04 18:00,3.004
71,04.04 19:00,3.506
71,04.04 20:00,3.682
71,04.04 21:00,4.094
71,04.04 22:00,3.786
71,04.04 23:00,3.987
71,05.04 00:00,3.389
71,05.04 01:00,3.787
71,05.04 02:00,3.584
71,05.04 03:00,3.604
71,05.04 04:00,3.818
71,05.04 05:00,3.981
71,05.04 06:00,3.791
71,05.04 07:00,3.299
71,05.04 08:00,6.298
71,05.04 09:00,6.509
71,05.04 10:00,6.796
71,05.04 11:00,6.303
71,05.04 12:00,6.806
71,05.04 13:00,6.48
71,05.04 14:00,5.274
71,05.04 15:00,3.008
71,05.04 16:00,3.308
71,05.04 17:00,2.898
71,05.04 18:00,3.4
71,05.04 19:00,3.583
71,05.04 20:00,3.613
71,05.04 21:00,3.693
71,05.04 22:00,3.898
71,05.04 23:00,3.819
71,06.04 00:00,4.405
71,06.04 01:00,3.716
71,06.04 02:00,3.312
71,06.04 03:00,3.702
71,06.04 04:00,3.601
71,06.04 05:00,3.388
71,06.04 06:00,4.09
71,06.04 07:00,3.103
71,06.04 08:00,4.985
71,06.04 09:00,3.785
71,06.04 10:00,3.613
71,06.04 11:00,3.506
71,06.04 12:00,3.493
71,06.04 13:00,3.092
71,06.04 14:00,3.795
71,06.04 15:00,3.499
71,06.04 16:00,3.485
71,06.04 17:00,3.506
71,06.04 18:00,3.213
71,06.04 19:00,3.693
71,06.04 20:00,3.494
71,06.04 21:00,4.409
71,06.04 22:00,4.014
71,06.04 23:00,3.906
71,07.04 00:00,3.614
71,07.04 01:00,3.702
71,07.04 02:00,3.599
71,07.04 03:00,4.097
71,07.04 04:00,4.099
71,07.04 05:00,3.801
71,07.04 06:00,3.617
71,07.04 07:00,3.39
71,07.04 08:00,5.397
71,07.04 09:00,5.318
71,07.04 10:00,3.292
71,07.04 11:00,4.02
71,07.04 12:00,4.214
71,07.04 13:00,4.287
71,07.04 14:00,3.192
71,07.04 15:00,3.504
71,07.04 16:00,3.086
71,07.04 17:00,3.112
71,07.04 18:00,3.51
71,07.04 19:00,3.415
71,07.04 20:00,3.758
71,07.04 21:00,3.895
71,07.04 22:00,4.004
71,07.04 23:00,3.816
71,08.04 00:00,3.818
71,08.04 01:00,3.596
71,08.04 02:00,3.799
71,08.04 03:00,3.287
71,08.04 04:00,3.717
71,08.04 05:00,3.898
71,08.04 06:00,3.497
71,08.04 07:00,3.485
71,08.04 08:00,5.48
71,08.04 09:00,3.797
71,08.04 10:00,3.515
71,08.04 11:00,3.198
71,08.04 12:00,4.521
71,08.04 13:00,3.637
71,08.04 14:00,3.617
71,08.04 15:00,4.203
71,08.04 16:00,3.708
71,08.04 17:00,3.397
71,08.04 18:00,4.018
71,08.04 19:00,3.582
71,08.04 20:00,3.312
71,08.04 21:00,3.902
71,08.04 22:00,3.516
71,08.04 23:00,4.092
71,09.04 00:00,3.294
71,09.04 01:00,3.71
71,09.04 02:00,3.893
71,09.04 03:00,3.895
71,09.04 04:00,3.5
71,09.04 05:00,3.801
71,09.04 06:00,3.391
71,09.04 07:00,3.499
71,09.04 08:00,3.499
71,09.04 09:00,3.107
71,09.04 10:00,3.492
71,09.04 11:00,2.913
71,09.04 12:00,3.701
71,09.04 13:00,3.199
71,09.04 14:00,2.806
71,09.04 15:00,3.296
71,09.04 16:00,3.216
71,09.04 17:00,3.004
71,09.04 18:00,3.192
71,09.04 19:00,3.295
71,09.04 20:00,3.493
71,09.04 21:00,3.787
71,09.04 22:00,4.1
71,09.04 23:00,3.713
71,10.04 00:00,3.392
71,10.04 01:00,3.399
71,10.04 02:00,3.511
71,10.04 03:00,3.611
71,10.04 04:00,3.503
71,10.04 05:00,3.305
71,10.04 06:00,3.582
71,10.04 07:00,3.387
71,10.04 08:00,3.113
71,10.04 09:00,3.215
71,10.04 10:00,2.909
71,10.04 11:00,3.285
71,10.04 12:00,3.711
71,10.04 13:00,2.905
71,10.04 14:00,3.199
71,10.04 15:00,3.008
71,10.04 16:00,3.19
71,10.04 17:00,3.185
71,10.04 18:00,2.991
71,10.04 19:00,3.398
71,10.04 20:00,3.618
71,10.04 21:00,3.385
71,10.04 22:00,3.815
71,10.04 23:00,4.211
71,11.04 00:00,4.18
71,11.04 01:00,3.817
71,11.04 02:00,3.393
71,11.04 03:00,3.702
71,11.04 04:00,3.607
71,11.04 05:00,3.416
71,11.04 06:00,3.684
71,11.04 07:00,16.168
71,11.04 08:00,20.696
71,11.04 09:00,26.355
71,11.04 10:00,28.314
71,11.04 11:00,22.523
71,11.04 12:00,26.657
71,11.04 13:00,23.54
71,11.04 14:00,20.515
71,11.04 15:00,18.41
71,11.04 16:00,15.946
71,11.04 17:00,13.117
71,11.04 18:00,7.986
71,11.04 19:00,4.501
71,11.04 20:00,4.506
71,11.04 21:00,4.398
71,11.04 22:00,4.976
71,11.04 23:00,4.615
71,12.04 00:00,4.101
71,12.04 01:00,5.29
71,12.04 02:00,4.478
71,12.04 03:00,4.902
71,12.04 04:00,4.522
71,12.04 05:00,4.82
71,12.04 06:00,5.4
71,12.04 07:00,17.984
71,12.04 08:00,21.272
71,12.04 09:00,25.711
71,12.04 10:00,23.221
71,12.04 11:00,22.604
71,12.04 12:00,22.901
71,12.04 13:00,22.778
71,12.04 14:00,19.461
71,12.04 15:00,18.766
71,12.04 16:00,19.167
71,12.04 17:00,13.603
71,12.04 18:00,6.368
71,12.04 19:00,4.396
71,12.04 20:00,4.318
71,12.04 21:00,4.157
71,12.04 22:00,4.183
71,12.04 23:00,4.483
71,13.04 00:00,3.488
71,13.04 01:00,4.219
71,13.04 02:00,3.982
71,13.04 03:00,4.5
71,13.04 04:00,4.081
71,13.04 05:00,4.09
71,13.04 06:00,5.225
71,13.04 07:00,17.187
71,13.04 08:00,19.696
71,13.04 09:00,25.818
71,13.04 10:00,19.514
71,13.04 11:00,22.731
71,13.04 12:00,22.672
71,13.04 13:00,21.101
71,13.04 14:00,18.471
71,13.04 15:00,17.258
71,13.04 16:00,15.098
71,13.04 17:00,12.394
71,13.04 18:00,7.672
71,13.04 19:00,4.087
71,13.04 20:00,4.412
71,13.04 21:00,3.785
71,13.04 22:00,4.205
71,13.04 23:00,4.302
71,14.04 00:00,3.813
71,14.04 01:00,3.81
71,14.04 02:00,4.605
71,14.04 03:00,3.788
71,14.04 04:00,4.189
71,14.04 05:00,3.689
71,14.04 06:00,4.921
71,14.04 07:00,14.732
71,14.04 08:00,16.126
71,14.04 09:00,18.298
71,14.04 10:00,22.531
71,14.04 11:00,22.601
71,14.04 12:00,25.283
71,14.04 13:00,22.471
71,14.04 14:00,19.765
71,14.04 15:00,17.255
71,14.04 16:00,16.269
71,14.04 17:00,12.14
71,14.04 18:00,5.517
71,14.04 19:00,4.195
71,14.04 20:00,4.28
71,14.04 21:00,4.017
71,14.04 22:00,4.314
71,14.04 23:00,4.396
71,15.04 00:00,4.286
71,15.04 01:00,3.897
71,15.04 02:00,3.993
71,15.04 03:00,4.0
71,15.04 04:00,4.505
71,15.04 05:00,4.011
71,15.04 06:00,4.986
71,15.04 07:00,15.613
71,15.04 08:00,13.856
71,15.04 09:00,21.002
71,15.04 10:00,21.573
71,15.04 11:00,21.292
71,15.04 12:00,26.457
71,15.04 13:00,21.366
71,15.04 14:00,18.947
71,15.04 15:00,17.978
71,15.04 16:00,18.054
71,15.04 17:00,14.259
71,15.04 18:00,4.411
71,15.04 19:00,3.714
71,15.04 20:00,3.89
71,15.04 21:00,3.884
71,15.04 22:00,5.011
71,15.04 23:00,4.092
71,16.04 00:00,4.316
71,16.04 01:00,4.215
71,16.04 02:00,4.002
71,16.04 03:00,3.905
71,16.04 04:00,4.511
71,16.04 05:00,3.989
71,16.04 06:00,3.583
71,16.04 07:00,4.215
71,16.04 08:00,3.501
71,16.04 09:00,3.515
71,16.04 10:00,4.209
71,16.04 11:00,3.596
71,16.04 12:00,3.51
71,16.04 13:00,3.711
71,16.04 14:00,3.514
71,16.04 15:00,3.781
71,16.04 16:00,3.389
71,16.04 17:00,4.404
71,16.04 18:00,3.305
71,16.04 19:00,3.797
71,16.04 20:00,3.706
71,16.04 21:00,4.185
71,16.04 22:00,4.099
71,16.04 23:00,4.317
71,17.04 00:00,3.885
71,17.04 01:00,4.28
71,17.04 02:00,3.802
71,17.04 03:00,4.09
71,17.04 04:00,3.817
71,17.04 05:00,4.184
71,17.04 06:00,4.085
71,17.04 07:00,3.799
71,17.04 08:00,3.386
71,17.04 09:00,3.684
71,17.04 10:00,3.595
71,17.04 11:00,3.409
71,17.04 12:00,4.301
71,17.04 13:00,3.415
71,17.04 14:00,3.701
71,17.04 15:00,3.392
71,17.04 16:00,3.713
71,17.04 17:00,3.291
71,17.04 18:00,3.892
71,17.04 19:00,3.411
71,17.04 20:00,4.7
71,17.04 21:00,3.786
71,17.04 22:00,3.716
71,17.04 23:00,4.28
71,18.04 00:00,4.19
71,18.04 01:00,3.997
71,18.04 02:00,4.099
71,18.04 03:00,3.909
71,18.04 04:00,3.9
71,18.04 05:00,4.382
71,18.04 06:00,5.31
71,18.04 07:00,15.826
71,18.04 08:00,19.256
71,18.04 09:00,29.765
71,18.04 10:00,25.908
71,18.04 11:00,22.498
71,18.04 12:00,23.108
71,18.04 13:00,23.092
71,18.04 14:00,20.594
71,18.04 15:00,17.543
71,18.04 16:00,18.215
71,18.04 17:00,16.446
71,18.04 18:00,13.363
71,18.04 19:00,10.694
71,18.04 20:00,4.923
71,18.04 21:00,4.306
71,18.04 22:00,4.686
71,18.04 23:00,5.084
71,19.04 00:00,3.888
71,19.04 01:00,4.816
71,19.04 02:00,4.386
71,19.04 03:00,4.497
71,19.04 04:00,4.909
71,19.04 05:00,4.417
71,19.04 06:00,5.384
71,19.04 07:00,17.426
71,19.04 08:00,20.261
71,19.04 09:00,23.505
71,19.04 10:00,19.934
71,19.04 11:00,20.635
71,19.04 12:00,26.407
71,19.04 13:00,23.452
71,19.04 14:00,18.182
71,19.04 15:00,16.087
71,19.04 16:00,16.468
71,19.04 17:00,14.549
71,19.04 18:00,12.741
71,19.04 19:00,6.402
71,19.04 20:00,4.109
71,19.04 21:00,4.807
71,19.04 22:00,4.519
71,19.04 23:00,4.617
71,20.04 00:00,4.478
71,20.04 01:00,4.416
71,20.04 02:00,4.181
71,20.04 03:00,4.02
71,20.04 04:00,4.203
71,20.04 05:00,4.101
71,20.04 06:00,5.684
71,20.04 07:00,17.811
71,20.04 08:00,17.864
71,20.04 09:00,23.935
71,20.04 10:00,19.088
71,20.04 11:00,20.527
71,20.04 12:00,21.919
71,20.04 13:00,23.528
71,20.04 14:00,20.171
71,20.04 15:00,17.96
71,20.04 16:00,16.027
71,20.04 17:00,15.294
71,20.04 18:00,9.422
71,20.04 19:00,3.884
71,20.04 20:00,4.796
71,20.04 21:00,4.12
71,20.04 22:00,4.651
71,20.04 23:00,4.398
71,21.04 00:00,3.942
71,21.04 01:00,4.417
71,21.04 02:00,4.117
71,21.04 03:00,4.387
71,21.04 04:00,4.393
71,21.04 05:00,4.383
71,21.04 06:00,5.303
71,21.04 07:00,16.491
71,21.04 08:00,17.222
71,21.04 09:00,20.386
71,21.04 10:00,22.442
71,21.04 11:00,24.854
71,21.04 12:00,27.616
71,21.04 13:00,22.053
71,21.04 14:00,19.117
71,21.04 15:00,17.969
71,21.04 16:00,17.468
71,21.04 17:00,13.629
71,21.04 18:00,7.074
71,21.04 19:00,4.192
71,21.04 20:00,3.71
71,21.04 21:00,4.38
71,21.04 22:00,4.314
71,21.04 23:00,4.484
71,22.04 00:00,3.605
71,22.04 01:00,4.214
71,22.04 02:00,3.919
71,22.04 03:00,4.201
71,22.04 04:00,3.899
71,22.04 05:00,3.897
71,22.04 06:00,5.479
71,22.04 07:00,14.246
71,22.04 08:00,15.359
71,22.04 09:00,22.732
71,22.04 10:00,19.549
71,22.04 11:00,23.321
71,22.04 12:00,27.418
71,22.04 13:00,22.202
71,22.04 14:00,18.836
71,22.04 15:00,17.744
71,22.04 16:00,19.273
71,22.04 17:00,11.125
71,22.04 18:00,3.683
71,22.04 19:00,3.713
71,22.04 20:00,3.704
71,22.04 21:00,4.185
71,22.04 22:00,4.117
71,22.04 23:00,4.32
71,23.04 00:00,4.088
71,23.04 01:00,3.699
71,23.04 02:00,4.101
71,23.04 03:00,3.617
71,23.04 04:00,4.113
71,23.04 05:00,3.69
71,23.04 06:00,4.516
71,23.04 07:00,3.415
71,23.04 08:00,3.778
71,23.04 09:00,3.51
71,23.04 10:00,3.726
71,23.04 11:00,3.503
71,23.04 12:00,3.709
71,23.04 13:00,3.403
71,23.04 14:00,3.601
71,23.04 15:00,3.388
71,23.04 16:00,3.496
71,23.04 17:00,3.709
71,23.04 18:00,3.715
71,23.04 19:00,3.596
71,23.04 20:00,4.012
71,23.04 21:00,3.685
71,23.04 22:00,3.987
71,23.04 23:00,4.097
71,24.04 00:00,3.5
71,24.04 01:00,4.299
71,24.04 02:00,3.6
71,24.04 03:00,4.617
71,24.04 04:00,3.718
71,24.04 05:00,3.985
71,24.04 06:00,3.791
71,24.04 07:00,3.818
71,24.04 08:00,3.315
71,24.04 09:00,3.711
71,24.04 10:00,3.608
71,24.04 11:00,3.202
71,24.04 12:00,3.587
71,24.04 13:00,3.407
71,24.04 14:00,3.415
71,24.04 15:00,4.114
71,24.04 16:00,3.3
71,24.04 17:00,3.501
71,24.04 18:00,3.409
71,24.04 19:00,3.702
71,24.04 20:00,3.691
71,24.04 21:00,3.793
71,24.04 22:00,3.891
71,24.04 23:00,3.988
71,25.04 00:00,4.184
71,25.04 01:00,4.287
71,25.04 02:00,3.789
71,25.04 03:00,3.908
71,25.04 04:00,3.716
71,25.04 05:00,4.013
71,25.04 06:00,4.616
71,25.04 07:00,13.257
71,25.04 08:00,16.158
71,25.04 09:00,23.346
71,25.04 10:00,23.47
71,25.04 11:00,25.084
71,25.04 12:00,27.067
71,25.04 13:00,23.106
71,25.04 14:00,19.005
71,25.04 15:00,18.967
71,25.04 16:00,17.522
71,25.04 17:00,12.353
71,25.04 18:00,7.315
71,25.04 19:00,4.017
71,25.04 20:00,4.71
71,25.04 21:00,4.186
71,25.04 22:00,4.619
71,25.04 23:00,4.408
71,26.04 00:00,4.91
71,26.04 01:00,4.502
71,26.04 02:00,4.211
71,26.04 03:00,4.589
71,26.04 04:00,4.113
71,26.04 05:00,4.986
71,26.04 06:00,5.407
71,26.04 07:00,17.756
71,26.04 08:00,18.455
71,26.04 09:00,24.201
71,26.04 10:00,22.355
71,26.04 11:00,21.894
71,26.04 12:00,27.801
71,26.04 13:00,22.798
71,26.04 14:00,21.235
71,26.04 15:00,17.604
71,26.04 16:00,17.842
71,26.04 17:00,11.806
71,26.04 18:00,5.388
71,26.04 19:00,4.39
71,26.04 20:00,4.02
71,26.04 21:00,4.688
71,26.04 22:00,4.886
71,26.04 23:00,4.418
71,27.04 00:00,3.884
71,27.04 01:00,4.695
71,27.04 02:00,4.294
71,27.04 03:00,4.117
71,27.04 04:00,5.302
71,27.04 05:00,3.999
71,27.04 06:00,5.616
71,27.04 07:00,18.353
71,27.04 08:00,21.258
71,27.04 09:00,26.219
71,27.04 10:00,20.109
71,27.04 11:00,21.799
71,27.04 12:00,23.213
71,27.04 13:00,22.918
71,27.04 14:00,20.006
71,27.04 15:00,20.091
71,27.04 16:00,19.925
71,27.04 17:00,14.754
71,27.04 18:00,6.868
71,27.04 19:00,4.381
71,27.04 20:00,4.314
71,27.04 21:00,4.804
71,27.04 22:00,4.68
71,27.04 23:00,4.918
71,28.04 00:00,4.081
71,28.04 01:00,4.383
71,28.04 02:00,4.388
71,28.04 03:00,4.988
71,28.04 04:00,4.417
71,28.04 05:00,4.301
71,28.04 06:00,5.809
71,28.04 07:00,19.135
71,28.04 08:00,20.332
71,28.04 09:00,24.299
71,28.04 10:00,24.433
71,28.04 11:00,26.383
71,28.04 12:00,23.002
71,28.04 13:00,23.094
71,28.04 14:00,20.286
71,28.04 15:00,18.542
71,28.04 16:00,17.86
71,28.04 17:00,13.642
71,28.04 18:00,5.915
71,28.04 19:00,3.985
71,28.04 20:00,4.114
71,28.04 21:00,4.007
71,28.04 22:00,4.32
71,28.04 23:00,4.713
71,29.04 00:00,4.621
71,29.04 01:00,4.091
71,29.04 02:00,4.302
71,29.04 03:00,4.083
71,29.04 04:00,4.086
71,29.04 05:00,4.19
71,29.04 06:00,4.905
71,29.04 07:00,20.071
71,29.04 08:00,21.488
71,29.04 09:00,24.746
71,29.04 10:00,23.136
71,29.04 11:00,26.412
71,29.04 12:00,24.719
71,29.04 13:00,21.824
71,29.04 14:00,18.928
71,29.04 15:00,18.718
71,29.04 16:00,15.271
71,29.04 17:00,9.777
71,29.04 18:00,4.084
71,29.04 19:00,4.007
71,29.04 20:00,3.501
71,29.04 21:00,4.291
71,29.04 22:00,4.107
71,29.04 23:00,4.401
71,30.04 00:00,3.981
71,30.04 01:00,4.487
71,30.04 02:00,3.7
71,30.04 03:00,4.001
71,30.04 04:00,4.316
71,30.04 05:00,4.284
71,30.04 06:00,3.584
71,30.04 07:00,4.78
71,30.04 08:00,3.503
71,30.04 09:00,3.996
71,30.04 10:00,3.69
71,30.04 11:00,3.484
71,30.04 12:00,3.806
71,30.04 13:00,3.786
71,30.04 14:00,3.886
71,30.04 15:00,3.708
71,30.04 16:00,3.796
71,30.04 17:00,3.709
71,30.04 18:00,4.003
71,30.04 19:00,3.587
71,30.04 20:00,4.211
71,30.04 21:00,4.006
71,30.04 22:00,4.013
71,30.04 23:00,4.793
71,01.05 00:00,3.707
71,01.05 01:00,4.816
71,01.05 02:00,4.118
71,01.05 03:00,3.706
71,01.05 04:00,4.816
71,01.05 05:00,3.704
71,01.05 06:00,4.497
71,01.05 07:00,3.409
71,01.05 08:00,3.814
71,01.05 09:00,3.588
71,01.05 10:00,4.307
71,01.05 11:00,3.115
71,01.05 12:00,4.387
71,01.05 13:00,3.198
71,01.05 14:00,4.011
71,01.05 15:00,3.515
71,01.05 16:00,4.13
71,01.05 17:00,3.613
71,01.05 18:00,3.602
71,01.05 19:00,3.698
71,01.05 20:00,4.018
71,01.05 21:00,4.411
71,01.05 22:00,4.014
71,01.05 23:00,3.906
71,02.05 00:00,4.289
71,02.05 01:00,3.712
71,02.05 02:00,4.407
71,02.05 03:00,4.1
71,02.05 04:00,3.703
71,02.05 05:00,4.286
71,02.05 06:00,4.876
71,02.05 07:00,5.281
71,02.05 08:00,4.812
71,02.05 09:00,4.684
71,02.05 10:00,4.904
71,02.05 11:00,4.823
71,02.05 12:00,5.217
71,02.05 13:00,4.795
71,02.05 14:00,4.422
71,02.05 15:00,4.916
71,02.05 16:00,4.591
71,02.05 17:00,3.592
71,02.05 18:00,3.709
71,02.05 19:00,3.51
71,02.05 20:00,3.881
71,02.05 21:00,3.812
71,02.05 22:00,4.189
71,02.05 23:00,3.904
71,03.05 00:00,4.485
71,03.05 01:00,3.709
71,03.05 02:00,4.017
71,03.05 03:00,4.313
71,03.05 04:00,4.113
71,03.05 05:00,4.098
71,03.05 06:00,4.821
71,03.05 07:00,18.257
71,03.05 08:00,21.243
71,03.05 09:00,25.316
71,03.05 10:00,21.089
71,03.05 11:00,21.762
71,03.05 12:00,23.631
71,03.05 13:00,23.351
71,03.05 14:00,19.627
71,03.05 15:00,16.375
71,03.05 16:00,15.203
71,03.05 17:00,11.33
71,03.05 18:00,6.513
71,03.05 19:00,3.904
71,03.05 20:00,4.321
71,03.05 21:00,4.312
71,03.05 22:00,4.413
71,03.05 23:00,4.879
71,04.05 00:00,4.306
71,04.05 01:00,4.083
71,04.05 02:00,5.494
71,04.05 03:00,4.002
71,04.05 04:00,4.107
71,04.05 05:00,4.319
71,04.05 06:00,5.221
71,04.05 07:00,17.579
71,04.05 08:00,16.933
71,04.05 09:00,25.642
71,04.05 10:00,20.42
71,04.05 11:00,25.45
71,04.05 12:00,23.982
71,04.05 13:00,20.447
71,04.05 14:00,19.94
71,04.05 15:00,17.847
71,04.05 16:00,18.015
71,04.05 17:00,13.487
71,04.05 18:00,7.923
71,04.05 19:00,3.798
71,04.05 20:00,3.989
71,04.05 21:00,4.392
71,04.05 22:00,4.091
71,04.05 23:00,4.106
71,05.05 00:00,3.889
71,05.05 01:00,4.094
71,05.05 02:00,4.283
71,05.05 03:00,4.189
71,05.05 04:00,3.909
71,05.05 05:00,3.802
71,05.05 06:00,5.277
71,05.05 07:00,14.562
71,05.05 08:00,14.222
71,05.05 09:00,19.795
71,05.05 10:00,20.27
71,05.05 11:00,24.308
71,05.05 12:00,23.097
71,05.05 13:00,22.199
71,05.05 14:00,19.263
71,05.05 15:00,15.59
71,05.05 16:00,16.0
71,05.05 17:00,13.789
71,05.05 18:00,7.422
71,05.05 19:00,4.008
71,05.05 20:00,4.209
71,05.05 21:00,3.687
71,05.05 22:00,4.12
71,05.05 23:00,4.479
71,06.05 00:00,4.09
71,06.05 01:00,3.814
71,06.05 02:00,3.788
71,06.05 03:00,4.199
71,06.05 04:00,4.29
71,06.05 05:00,3.597
71,06.05 06:00,5.181
71,06.05 07:00,14.005
71,06.05 08:00,15.568
71,06.05 09:00,20.947
71,06.05 10:00,22.495
71,06.05 11:00,24.445
71,06.05 12:00,27.186
71,06.05 13:00,20.108
71,06.05 14:00,17.517
71,06.05 15:00,15.278
71,06.05 16:00,14.829
71,06.05 17:00,11.668
71,06.05 18:00,5.023
71,06.05 19:00,3.682
71,06.05 20:00,4.089
71,06.05 21:00,3.987
71,06.05 22:00,4.086
71,06.05 23:00,4.01
71,07.05 00:00,3.392
71,07.05 01:00,3.984
71,07.05 02:00,3.708
71,07.05 03:00,3.809
71,07.05 04:00,4.613
71,07.05 05:00,3.687
71,07.05 06:00,3.488
71,07.05 07:00,3.697
71,07.05 08:00,3.397
71,07.05 09:00,3.701
71,07.05 10:00,4.106
71,07.05 11:00,3.308
71,07.05 12:00,3.502
71,07.05 13:00,3.691
71,07.05 14:00,3.09
71,07.05 15:00,3.389
71,07.05 16:00,3.432
71,07.05 17:00,3.31
71,07.05 18:00,3.502
71,07.05 19:00,3.397
71,07.05 20:00,3.81
71,07.05 21:00,4.288
71,07.05 22:00,3.69
71,07.05 23:00,4.294
71,08.05 00:00,3.989
71,08.05 01:00,3.711
71,08.05 02:00,3.991
71,08.05 03:00,3.792
71,08.05 04:00,3.707
71,08.05 05:00,4.002
71,08.05 06:00,3.616
71,08.05 07:00,3.389
71,08.05 08:00,3.603
71,08.05 09:00,3.189
71,08.05 10:00,3.615
71,08.05 11:00,3.096
71,08.05 12:00,3.494
71,08.05 13:00,3.895
71,08.05 14:00,3.405
71,08.05 15:00,3.194
71,08.05 16:00,3.818
71,08.05 17:00,3.21
71,08.05 18:00,3.191
71,08.05 19:00,3.791
71,08.05 20:00,3.199
71,08.05 21:00,3.901
71,08.05 22:00,4.109
71,08.05 23:00,3.683
71,09.05 00:00,3.882
71,09.05 01:00,3.795
71,09.05 02:00,3.691
71,09.05 03:00,3.997
71,09.05 04:00,3.717
71,09.05 05:00,4.202
71,09.05 06:00,4.685
71,09.05 07:00,12.965
71,09.05 08:00,14.426
71,09.05 09:00,21.476
71,09.05 10:00,22.266
71,09.05 11:00,22.994
71,09.05 12:00,21.142
71,09.05 13:00,22.177
71,09.05 14:00,19.501
71,09.05 15:00,17.44
71,09.05 16:00,16.9
71,09.05 17:00,14.371
71,09.05 18:00,7.913
71,09.05 19:00,3.807
71,09.05 20:00,4.091
71,09.05 21:00,4.606
71,09.05 22:00,4.104
71,09.05 23:00,4.51
71,10.05 00:00,4.919
71,10.05 01:00,3.998
71,10.05 02:00,4.217
71,10.05 03:00,4.09
71,10.05 04:00,3.886
71,10.05 05:00,4.614
71,10.05 06:00,4.201
71,10.05 07:00,10.641
71,10.05 08:00,13.263
71,10.05 09:00,20.432
71,10.05 10:00,20.019
71,10.05 11:00,21.906
71,10.05 12:00,26.168
71,10.05 13:00,21.321
71,10.05 14:00,17.29
71,10.05 15:00,15.562
71,10.05 16:00,16.447
71,10.05 17:00,13.539
71,10.05 18:00,5.894
71,10.05 19:00,4.404
71,10.05 20:00,3.996
71,10.05 21:00,3.918
71,10.05 22:00,4.5
71,10.05 23:00,4.298
71,11.05 00:00,4.114
71,11.05 01:00,4.301
71,11.05 02:00,4.01
71,11.05 03:00,3.981
71,11.05 04:00,4.577
71,11.05 05:00,4.115
71,11.05 06:00,4.217
71,11.05 07:00,10.585
71,11.05 08:00,12.951
71,11.05 09:00,21.223
71,11.05 10:00,21.16
71,11.05 11:00,20.864
71,11.05 12:00,26.26
71,11.05 13:00,22.594
71,11.05 14:00,21.325
71,11.05 15:00,18.302
71,11.05 16:00,16.883
71,11.05 17:00,13.81
71,11.05 18:00,8.523
71,11.05 19:00,4.118
71,11.05 20:00,4.2
71,11.05 21:00,4.181
71,11.05 22:00,5.209
71,11.05 23:00,4.48
71,12.05 00:00,4.693
71,12.05 01:00,4.499
71,12.05 02:00,4.091
71,12.05 03:00,4.492
71,12.05 04:00,4.821
71,12.05 05:00,4.017
71,12.05 06:00,4.392
71,12.05 07:00,10.234
71,12.05 08:00,14.033
71,12.05 09:00,19.393
71,12.05 10:00,18.697
71,12.05 11:00,21.541
71,12.05 12:00,26.395
71,12.05 13:00,23.18
71,12.05 14:00,19.622
71,12.05 15:00,18.091
71,12.05 16:00,15.852
71,12.05 17:00,14.13
71,12.05 18:00,8.236
71,12.05 19:00,4.314
71,12.05 20:00,4.416
71,12.05 21:00,4.902
71,12.05 22:00,4.8
71,12.05 23:00,4.784
71,13.05 00:00,4.999
71,13.05 01:00,4.484
71,13.05 02:00,4.515
71,13.05 03:00,4.806
71,13.05 04:00,4.511
71,13.05 05:00,4.884
71,13.05 06:00,4.48
71,13.05 07:00,10.233
71,13.05 08:00,12.159
71,13.05 09:00,18.531
71,13.05 10:00,20.391
71,13.05 11:00,18.556
71,13.05 12:00,23.711
71,13.05 13:00,21.194
71,13.05 14:00,20.037
71,13.05 15:00,17.426
71,13.05 16:00,16.947
71,13.05 17:00,14.679
71,13.05 18:00,6.63
71,13.05 19:00,4.388
71,13.05 20:00,4.017
71,13.05 21:00,4.896
71,13.05 22:00,4.5
71,13.05 23:00,4.587
71,14.05 00:00,4.607
71,14.05 01:00,4.394
71,14.05 02:00,4.205
71,14.05 03:00,4.723
71,14.05 04:00,4.309
71,14.05 05:00,4.183
71,14.05 06:00,4.111
71,14.05 07:00,3.886
71,14.05 08:00,4.495
71,14.05 09:00,4.196
71,14.05 10:00,3.984
71,14.05 11:00,3.785
71,14.05 12:00,4.202
71,14.05 13:00,4.002
71,14.05 14:00,4.018
71,14.05 15:00,3.891
71,14.05 16:00,3.903
71,14.05 17:00,4.094
71,14.05 18:00,3.991
71,14.05 19:00,3.881
71,14.05 20:00,4.799
71,14.05 21:00,4.385
71,14.05 22:00,4.307
71,14.05 23:00,4.495
71,15.05 00:00,4.399
71,15.05 01:00,4.181
71,15.05 02:00,4.517
71,15.05 03:00,4.388
71,15.05 04:00,4.214
71,15.05 05:00,4.522
71,15.05 06:00,3.999
71,15.05 07:00,4.386
71,15.05 08:00,4.016
71,15.05 09:00,3.903
71,15.05 10:00,4.096
71,15.05 11:00,3.813
71,15.05 12:00,3.789
71,15.05 13:00,4.136
71,15.05 14:00,3.809
71,15.05 15:00,4.018
71,15.05 16:00,3.983
71,15.05 17:00,4.016
71,15.05 18:00,3.785
71,15.05 19:00,4.087
71,15.05 20:00,4.118
71,15.05 21:00,4.312
71,15.05 22:00,4.688
71,15.05 23:00,4.204
71,16.05 00:00,4.399
71,16.05 01:00,4.505
71,16.05 02:00,4.119
71,16.05 03:00,4.3
71,16.05 04:00,4.521
71,16.05 05:00,3.881
71,16.05 06:00,4.486
71,16.05 07:00,10.992
71,16.05 08:00,12.448
71,16.05 09:00,17.892
71,16.05 10:00,21.699
71,16.05 11:00,22.081
71,16.05 12:00,25.412
71,16.05 13:00,22.372
71,16.05 14:00,19.957
71,16.05 15:00,17.231
71,16.05 16:00,17.103
71,16.05 17:00,13.523
71,16.05 18:00,9.296
71,16.05 19:00,4.016
71,16.05 20:00,4.589
71,16.05 21:00,3.887
71,16.05 22:00,4.702
71,16.05 23:00,4.107
71,17.05 00:00,4.18
71,17.05 01:00,4.479
71,17.05 02:00,4.115
71,17.05 03:00,4.811
71,17.05 04:00,4.183
71,17.05 05:00,4.109
71,17.05 06:00,4.208
71,17.05 07:00,10.886
71,17.05 08:00,12.511
71,17.05 09:00,19.364
71,17.05 10:00,20.428
71,17.05 11:00,24.958
71,17.05 12:00,24.786
71,17.05 13:00,20.638
71,17.05 14:00,19.12
71,17.05 15:00,15.095
71,17.05 16:00,17.351
71,17.05 17:00,14.952
71,17.05 18:00,8.611
71,17.05 19:00,3.901
71,17.05 20:00,4.818
71,17.05 21:00,3.984
71,17.05 22:00,4.387
71,17.05 23:00,4.217
71,18.05 00:00,4.112
71,18.05 01:00,4.379
71,18.05 02:00,3.89
71,18.05 03:00,4.182
71,18.05 04:00,4.307
71,18.05 05:00,4.401
71,18.05 06:00,4.105
71,18.05 07:00,11.022
71,18.05 08:00,12.931
71,18.05 09:00,19.127
71,18.05 10:00,18.138
71,18.05 11:00,22.601
71,18.05 12:00,20.569
71,18.05 13:00,20.865
71,18.05 14:00,16.975
71,18.05 15:00,16.577
71,18.05 16:00,15.518
71,18.05 17:00,12.697
71,18.05 18:00,7.882
71,18.05 19:00,4.596
71,18.05 20:00,4.496
71,18.05 21:00,4.61
71,18.05 22:00,4.386
71,18.05 23:00,4.708
71,19.05 00:00,4.683
71,19.05 01:00,4.2
71,19.05 02:00,4.384
71,19.05 03:00,4.407
71,19.05 04:00,5.11
71,19.05 05:00,4.081
71,19.05 06:00,3.896
71,19.05 07:00,11.154
71,19.05 08:00,13.74
71,19.05 09:00,18.865
71,19.05 10:00,20.584
71,19.05 11:00,25.527
71,19.05 12:00,23.767
71,19.05 13:00,20.86
71,19.05 14:00,18.232
71,19.05 15:00,16.184
71,19.05 16:00,17.035
71,19.05 17:00,14.64
71,19.05 18:00,8.398
71,19.05 19:00,4.62
71,19.05 20:00,4.086
71,19.05 21:00,4.317
71,19.05 22:00,4.381
71,19.05 23:00,5.085
71,20.05 00:00,3.813
71,20.05 01:00,4.621
71,20.05 02:00,4.113
71,20.05 03:00,4.503
71,20.05 04:00,4.087
71,20.05 05:00,4.509
71,20.05 06:00,4.009
71,20.05 07:00,9.694
71,20.05 08:00,12.63
71,20.05 09:00,18.534
71,20.05 10:00,16.953
71,20.05 11:00,22.665
71,20.05 12:00,24.061
71,20.05 13:00,21.738
71,20.05 14:00,19.197
71,20.05 15:00,15.468
71,20.05 16:00,15.975
71,20.05 17:00,14.644
71,20.05 18:00,5.186
71,20.05 19:00,3.893
71,20.05 20:00,4.206
71,20.05 21:00,4.201
71,20.05 22:00,4.304
71,20.05 23:00,4.385
71,21.05 00:00,4.494
71,21.05 01:00,4.113
71,21.05 02:00,4.304
71,21.05 03:00,3.9
71,21.05 04:00,3.896
71,21.05 05:00,4.71
71,21.05 06:00,3.516
71,21.05 07:00,3.988
71,21.05 08:00,3.812
71,21.05 09:00,4.091
71,21.05 10:00,4.0
71,21.05 11:00,3.49
71,21.05 12:00,3.813
71,21.05 13:00,4.302
71,21.05 14:00,3.791
71,21.05 15:00,3.605
71,21.05 16:00,3.486
71,21.05 17:00,3.91
71,21.05 18:00,4.219
71,21.05 19:00,3.793
71,21.05 20:00,4.117
71,21.05 21:00,3.901
71,21.05 22:00,4.694
71,21.05 23:00,4.39
71,22.05 00:00,4.408
71,22.05 01:00,4.213
71,22.05 02:00,3.798
71,22.05 03:00,4.489
71,22.05 04:00,4.279
71,22.05 05:00,3.908
71,22.05 06:00,3.885
71,22.05 07:00,3.911
71,22.05 08:00,3.816
71,22.05 09:00,3.815
71,22.05 10:00,3.39
71,22.05 11:00,4.514
71,22.05 12:00,3.403
71,22.05 13:00,3.71
71,22.05 14:00,3.49
71,22.05 15:00,3.916
71,22.05 16:00,3.889
71,22.05 17:00,3.913
71,22.05 18:00,3.517
71,22.05 19:00,3.688
71,22.05 20:00,4.585
71,22.05 21:00,3.688
71,22.05 22:00,4.217
71,22.05 23:00,4.003
71,23.05 00:00,4.503
71,23.05 01:00,3.817
71,23.05 02:00,4.088
71,23.05 03:00,4.586
71,23.05 04:00,3.919
71,23.05 05:00,4.117
71,23.05 06:00,3.885
71,23.05 07:00,10.287
71,23.05 08:00,14.182
71,23.05 09:00,21.224
71,23.05 10:00,25.261
71,23.05 11:00,24.973
71,23.05 12:00,26.165
71,23.05 13:00,22.652
71,23.05 14:00,19.255
71,23.05 15:00,16.839
71,23.05 16:00,16.278
71,23.05 17:00,14.179
71,23.05 18:00,8.829
71,23.05 19:00,4.695
71,23.05 20:00,4.712
71,23.05 21:00,4.007
71,23.05 22:00,4.499
71,23.05 23:00,5.079
71,24.05 00:00,4.495
71,24.05 01:00,4.684
71,24.05 02:00,4.498
71,24.05 03:00,4.417
71,24.05 04:00,4.896
71,24.05 05:00,4.481
71,24.05 06:00,4.378
71,24.05 07:00,12.051
71,24.05 08:00,14.943
71,24.05 09:00,18.714
71,24.05 10:00,20.104
71,24.05 11:00,21.849
71,24.05 12:00,21.702
71,24.05 13:00,22.836
71,24.05 14:00,18.793
71,24.05 15:00,17.521
71,24.05 16:00,15.344
71,24.05 17:00,14.603
71,24.05 18:00,7.708
71,24.05 19:00,4.487
71,24.05 20:00,4.489
71,24.05 21:00,4.295
71,24.05 22:00,4.295
71,24.05 23:00,4.292
71,25.05 00:00,4.201
71,25.05 01:00,4.11
71,25.05 02:00,4.505
71,25.05 03:00,3.989
71,25.05 04:00,4.622
71,25.05 05:00,4.001
71,25.05 06:00,4.885
71,25.05 07:00,11.018
71,25.05 08:00,13.213
71,25.05 09:00,20.849
71,25.05 10:00,22.996
71,25.05 11:00,24.065
71,25.05 12:00,24.106
71,25.05 13:00,23.625
71,25.05 14:00,23.539
71,25.05 15:00,17.579
71,25.05 16:00,18.609
71,25.05 17:00,14.545
71,25.05 18:00,9.108
71,25.05 19:00,4.701
71,25.05 20:00,4.413
71,25.05 21:00,4.098
71,25.05 22:00,4.591
71,25.05 23:00,4.888
71,26.05 00:00,4.512
71,26.05 01:00,4.979
71,26.05 02:00,4.184
71,26.05 03:00,4.705
71,26.05 04:00,4.318
71,26.05 05:00,4.285
71,26.05 06:00,4.503
71,26.05 07:00,11.01
71,26.05 08:00,12.76
71,26.05 09:00,18.369
71,26.05 10:00,19.487
71,26.05 11:00,20.696
71,26.05 12:00,22.057
71,26.05 13:00,23.032
71,26.05 14:00,21.16
71,26.05 15:00,17.816
71,26.05 16:00,15.555
71,26.05 17:00,13.035
71,26.05 18:00,7.8
71,26.05 19:00,3.791
71,26.05 20:00,4.514
71,26.05 21:00,3.907
71,26.05 22:00,4.295
71,26.05 23:00,4.211
71,27.05 00:00,3.998
71,27.05 01:00,4.341
71,27.05 02:00,3.881
71,27.05 03:00,3.983
71,27.05 04:00,4.317
71,27.05 05:00,4.385
71,27.05 06:00,4.102
71,27.05 07:00,11.117
71,27.05 08:00,12.348
71,27.05 09:00,18.908
71,27.05 10:00,21.382
71,27.05 11:00,19.521
71,27.05 12:00,23.913
71,27.05 13:00,20.475
71,27.05 14:00,18.809
71,27.05 15:00,16.601
71,27.05 16:00,15.064
71,27.05 17:00,11.925
71,27.05 18:00,4.82
71,27.05 19:00,3.908
71,27.05 20:00,3.895
71,27.05 21:00,4.296
71,27.05 22:00,3.904
71,27.05 23:00,4.705
71,28.05 00:00,4.397
71,28.05 01:00,3.798
71,28.05 02:00,4.51
71,28.05 03:00,4.217
71,28.05 04:00,3.698
71,28.05 05:00,4.585
71,28.05 06:00,3.39
71,28.05 07:00,4.186
71,28.05 08:00,3.912
71,28.05 09:00,3.992
71,28.05 10:00,3.704
71,28.05 11:00,3.514
71,28.05 12:00,4.016
71,28.05 13:00,3.592
71,28.05 14:00,3.919
71,28.05 15:00,3.583
71,28.05 16:00,3.604
71,28.05 17:00,3.961
71,28.05 18:00,3.497
71,28.05 19:00,3.415
71,28.05 20:00,4.279
71,28.05 21:00,3.789
71,28.05 22:00,3.911
71,28.05 23:00,4.422
71,29.05 00:00,4.179
71,29.05 01:00,4.104
71,29.05 02:00,3.998
71,29.05 03:00,4.205
71,29.05 04:00,4.005
71,29.05 05:00,4.212
71,29.05 06:00,3.807
71,29.05 07:00,3.3
71,29.05 08:00,4.096
71,29.05 09:00,3.584
71,29.05 10:00,3.687
71,29.05 11:00,3.705
71,29.05 12:00,3.597
71,29.05 13:00,3.406
71,29.05 14:00,3.901
71,29.05 15:00,3.496
71,29.05 16:00,3.712
71,29.05 17:00,4.12
71,29.05 18:00,3.197
71,29.05 19:00,3.801
71,29.05 20:00,3.905
71,29.05 21:00,3.5
71,29.05 22:00,3.798
71,29.05 23:00,4.296
71,30.05 00:00,4.313
71,30.05 01:00,4.093
71,30.05 02:00,4.22
71,30.05 03:00,3.917
71,30.05 04:00,4.095
71,30.05 05:00,3.988
71,30.05 06:00,3.205
71,30.05 07:00,3.889
71,30.05 08:00,4.094
71,30.05 09:00,3.505
71,30.05 10:00,4.509
71,30.05 11:00,3.783
71,30.05 12:00,3.314
71,30.05 13:00,3.691
71,30.05 14:00,3.406
71,30.05 15:00,3.386
71,30.05 16:00,4.107
71,30.05 17:00,3.402
71,30.05 18:00,3.597
71,30.05 19:00,4.194
71,30.05 20:00,3.793
71,30.05 21:00,3.403
71,30.05 22:00,3.717
71,30.05 23:00,4.687
71,31.05 00:00,4.189
71,31.05 01:00,3.682
71,31.05 02:00,4.092
71,31.05 03:00,3.788
71,31.05 04:00,4.191
71,31.05 05:00,3.991
71,31.05 06:00,3.699
71,31.05 07:00,5.997
71,31.05 08:00,7.069
71,31.05 09:00,7.266
71,31.05 10:00,7.023
71,31.05 11:00,6.626
71,31.05 12:00,6.609
71,31.05 13:00,3.706
71,31.05 14:00,3.284
71,31.05 15:00,3.717
71,31.05 16:00,3.394
71,31.05 17:00,3.396
71,31.05 18:00,3.61
71,31.05 19:00,3.708
71,31.05 20:00,3.502
71,31.05 21:00,3.905
71,31.05 22:00,3.796
71,31.05 23:00,4.086
71,01.06 00:00,4.215
71,01.06 01:00,3.691
71,01.06 02:00,3.807
71,01.06 03:00,4.003
71,01.06 04:00,3.609
71,01.06 05:00,3.81
71,01.06 06:00,3.894
71,01.06 07:00,7.703
71,01.06 08:00,7.767
71,01.06 09:00,7.309
71,01.06 10:00,6.907
71,01.06 11:00,7.134
71,01.06 12:00,6.323
71,01.06 13:00,3.497
71,01.06 14:00,3.601
71,01.06 15:00,3.201
71,01.06 16:00,3.599
71,01.06 17:00,3.303
71,01.06 18:00,3.297
71,01.06 19:00,3.795
71,01.06 20:00,3.39
71,01.06 21:00,3.785
71,01.06 22:00,3.686
71,01.06 23:00,4.016
71,02.06 00:00,3.314
71,02.06 01:00,3.819
71,02.06 02:00,4.396
71,02.06 03:00,3.584
71,02.06 04:00,4.208
71,02.06 05:00,3.612
71,02.06 06:00,3.413
71,02.06 07:00,7.031
71,02.06 08:00,7.129
71,02.06 09:00,6.872
71,02.06 10:00,8.663
71,02.06 11:00,6.372
71,02.06 12:00,6.388
71,02.06 13:00,3.497
71,02.06 14:00,3.598
71,02.06 15:00,3.286
71,02.06 16:00,3.486
71,02.06 17:00,3.488
71,02.06 18:00,3.19
71,02.06 19:00,3.606
71,02.06 20:00,3.908
71,02.06 21:00,3.71
71,02.06 22:00,4.013
71,02.06 23:00,3.989
71,03.06 00:00,3.983
71,03.06 01:00,3.692
71,03.06 02:00,4.181
71,03.06 03:00,3.604
71,03.06 04:00,3.691
71,03.06 05:00,3.704
71,03.06 06:00,3.797
71,03.06 07:00,3.599
71,03.06 08:00,3.49
71,03.06 09:00,4.012
71,03.06 10:00,3.298
71,03.06 11:00,3.194
71,03.06 12:00,3.685
71,03.06 13:00,3.314
71,03.06 14:00,3.198
71,03.06 15:00,3.687
71,03.06 16:00,3.194
71,03.06 17:00,3.194
71,03.06 18:00,3.808
71,03.06 19:00,3.616
71,03.06 20:00,3.597
71,03.06 21:00,3.698
71,03.06 22:00,3.809
71,03.06 23:00,3.883
71,04.06 00:00,4.319
71,04.06 01:00,3.999
71,04.06 02:00,3.551
71,04.06 03:00,3.714
71,04.06 04:00,3.781
71,04.06 05:00,3.603
71,04.06 06:00,3.207
71,04.06 07:00,3.786
71,04.06 08:00,3.908
71,04.06 09:00,3.31
71,04.06 10:00,3.413
71,04.06 11:00,3.504
71,04.06 12:00,3.195
71,04.06 13:00,3.3
71,04.06 14:00,3.605
71,04.06 15:00,3.198
71,04.06 16:00,3.188
71,04.06 17:00,3.302
71,04.06 18:00,3.717
71,04.06 19:00,3.307
71,04.06 20:00,3.491
71,04.06 21:00,3.818
71,04.06 22:00,3.809
71,04.06 23:00,3.885
71,05.06 00:00,3.706
71,05.06 01:00,3.781
71,05.06 02:00,3.684
71,05.06 03:00,3.784
71,05.06 04:00,3.594
71,05.06 05:00,3.881
71,05.06 06:00,3.204
71,05.06 07:00,3.599
71,05.06 08:00,3.315
71,05.06 09:00,3.394
71,05.06 10:00,3.504
71,05.06 11:00,3.186
71,05.06 12:00,3.409
71,05.06 13:00,3.386
71,05.06 14:00,3.293
71,05.06 15:00,3.7
71,05.06 16:00,3.512
71,05.06 17:00,3.494
71,05.06 18:00,3.194
71,05.06 19:00,3.612
71,05.06 20:00,3.707
71,05.06 21:00,3.285
71,05.06 22:00,3.717
71,05.06 23:00,3.781
71,06.06 00:00,4.2
71,06.06 01:00,3.695
71,06.06 02:00,3.982
71,06.06 03:00,3.606
71,06.06 04:00,3.799
71,06.06 05:00,4.007
71,06.06 06:00,3.688
71,06.06 07:00,9.727
71,06.06 08:00,12.101
71,06.06 09:00,18.516
71,06.06 10:00,19.549
71,06.06 11:00,19.327
71,06.06 12:00,21.675
71,06.06 13:00,20.049
71,06.06 14:00,17.985
71,06.06 15:00,16.638
71,06.06 16:00,16.075
71,06.06 17:00,13.374
71,06.06 18:00,6.97
71,06.06 19:00,3.919
71,06.06 20:00,3.897
71,06.06 21:00,4.824
71,06.06 22:00,4.019
71,06.06 23:00,4.285
71,07.06 00:00,3.613
71,07.06 01:00,4.093
71,07.06 02:00,4.112
71,07.06 03:00,4.383
71,07.06 04:00,4.597
71,07.06 05:00,3.808
71,07.06 06:00,4.1
71,07.06 07:00,10.902
71,07.06 08:00,14.419
71,07.06 09:00,18.534
71,07.06 10:00,17.547
71,07.06 11:00,19.192
71,07.06 12:00,21.198
71,07.06 13:00,21.669
71,07.06 14:00,16.739
71,07.06 15:00,14.811
71,07.06 16:00,16.412
71,07.06 17:00,13.843
71,07.06 18:00,6.302
71,07.06 19:00,3.788
71,07.06 20:00,4.281
71,07.06 21:00,3.785
71,07.06 22:00,4.313
71,07.06 23:00,4.391
71,08.06 00:00,4.614
71,08.06 01:00,4.014
71,08.06 02:00,4.411
71,08.06 03:00,3.919
71,08.06 04:00,4.387
71,08.06 05:00,3.907
71,08.06 06:00,4.595
71,08.06 07:00,10.919
71,08.06 08:00,13.24
71,08.06 09:00,20.025
71,08.06 10:00,21.586
71,08.06 11:00,22.501
71,08.06 12:00,21.117
71,08.06 13:00,19.483
71,08.06 14:00,18.544
71,08.06 15:00,17.977
71,08.06 16:00,15.834
71,08.06 17:00,12.259
71,08.06 18:00,6.17
71,08.06 19:00,4.395
71,08.06 20:00,3.793
71,08.06 21:00,4.017
71,08.06 22:00,4.42
71,08.06 23:00,4.18
71,09.06 00:00,4.415
71,09.06 01:00,3.988
71,09.06 02:00,4.091
71,09.06 03:00,4.311
71,09.06 04:00,4.098
71,09.06 05:00,3.887
71,09.06 06:00,3.715
71,09.06 07:00,10.547
71,09.06 08:00,13.417
71,09.06 09:00,17.513
71,09.06 10:00,20.792
71,09.06 11:00,24.748
71,09.06 12:00,23.293
71,09.06 13:00,20.985
71,09.06 14:00,19.113
71,09.06 15:00,16.534
71,09.06 16:00,16.035
71,09.06 17:00,12.749
71,09.06 18:00,6.275
71,09.06 19:00,3.983
71,09.06 20:00,3.998
71,09.06 21:00,3.898
71,09.06 22:00,4.599
71,09.06 23:00,4.18
71,10.06 00:00,4.093
71,10.06 01:00,4.016
71,10.06 02:00,4.003
71,10.06 03:00,3.882
71,10.06 04:00,4.005
71,10.06 05:00,4.016
71,10.06 06:00,4.086
71,10.06 07:00,10.481
71,10.06 08:00,11.844
71,10.06 09:00,18.842
71,10.06 10:00,18.409
71,10.06 11:00,26.356
71,10.06 12:00,25.782
71,10.06 13:00,22.351
71,10.06 14:00,19.05
71,10.06 15:00,15.03
71,10.06 16:00,15.863
71,10.06 17:00,12.235
71,10.06 18:00,5.48
71,10.06 19:00,4.391
71,10.06 20:00,4.011
71,10.06 21:00,4.383
71,10.06 22:00,4.199
71,10.06 23:00,4.579
71,11.06 00:00,4.781
71,11.06 01:00,4.306
71,11.06 02:00,4.098
71,11.06 03:00,4.291
71,11.06 04:00,4.083
71,11.06 05:00,4.421
71,11.06 06:00,4.504
71,11.06 07:00,4.0
71,11.06 08:00,3.884
71,11.06 09:00,4.217
71,11.06 10:00,3.885
71,11.06 11:00,4.207
71,11.06 12:00,3.899
71,11.06 13:00,4.294
71,11.06 14:00,3.792
71,11.06 15:00,3.715
71,11.06 16:00,4.118
71,11.06 17:00,4.1
71,11.06 18:00,3.916
71,11.06 19:00,4.307
71,11.06 20:00,4.015
71,11.06 21:00,4.009
71,11.06 22:00,4.305
71,11.06 23:00,4.902
71,12.06 00:00,4.501
71,12.06 01:00,4.316
71,12.06 02:00,4.087
71,12.06 03:00,4.302
71,12.06 04:00,4.611
71,12.06 05:00,4.497
71,12.06 06:00,3.915
71,12.06 07:00,4.094
71,12.06 08:00,3.884
71,12.06 09:00,4.114
71,12.06 10:00,4.405
71,12.06 11:00,3.805
71,12.06 12:00,3.598
71,12.06 13:00,3.987
71,12.06 14:00,3.8
71,12.06 15:00,3.981
71,12.06 16:00,3.987
71,12.06 17:00,3.987
71,12.06 18:00,3.683
71,12.06 19:00,3.962
71,12.06 20:00,4.804
71,12.06 21:00,3.803
71,12.06 22:00,4.218
71,12.06 23:00,4.303
71,13.06 00:00,3.902
71,13.06 01:00,4.318
71,13.06 02:00,4.485
71,13.06 03:00,4.484
71,13.06 04:00,3.989
71,13.06 05:00,4.184
71,13.06 06:00,4.295
71,13.06 07:00,11.268
71,13.06 08:00,14.021
71,13.06 09:00,19.249
71,13.06 10:00,22.201
71,13.06 11:00,26.617
71,13.06 12:00,21.79
71,13.06 13:00,21.995
71,13.06 14:00,19.596
71,13.06 15:00,18.162
71,13.06 16:00,15.991
71,13.06 17:00,13.894
71,13.06 18:00,7.259
71,13.06 19:00,4.211
71,13.06 20:00,4.879
71,13.06 21:00,4.002
71,13.06 22:00,4.02
71,13.06 23:00,5.119
71,14.06 00:00,4.489
71,14.06 01:00,4.206
71,14.06 02:00,4.408
71,14.06 03:00,4.786
71,14.06 04:00,4.1
71,14.06 05:00,4.286
71,14.06 06:00,4.306
71,14.06 07:00,10.087
71,14.06 08:00,14.135
71,14.06 09:00,18.564
71,14.06 10:00,20.551
71,14.06 11:00,21.963
71,14.06 12:00,24.598
71,14.06 13:00,22.506
71,14.06 14:00,19.847
71,14.06 15:00,15.969
71,14.06 16:00,15.736
71,14.06 17:00,12.759
71,14.06 18:00,8.039
71,14.06 19:00,4.119
71,14.06 20:00,4.882
71,14.06 21:00,4.403
71,14.06 22:00,4.503
71,14.06 23:00,5.69
71,15.06 00:00,4.801
71,15.06 01:00,4.416
71,15.06 02:00,4.488
71,15.06 03:00,4.707
71,15.06 04:00,4.385
71,15.06 05:00,4.196
71,15.06 06:00,4.198
71,15.06 07:00,10.887
71,15.06 08:00,13.555
71,15.06 09:00,20.07
71,15.06 10:00,17.682
71,15.06 11:00,19.477
71,15.06 12:00,21.663
71,15.06 13:00,21.371
71,15.06 14:00,19.382
71,15.06 15:00,16.635
71,15.06 16:00,16.527
71,15.06 17:00,13.573
71,15.06 18:00,9.358
71,15.06 19:00,5.121
71,15.06 20:00,4.8
71,15.06 21:00,4.723
71,15.06 22:00,4.598
71,15.06 23:00,4.92
71,16.06 00:00,5.124
71,16.06 01:00,4.877
71,16.06 02:00,4.583
71,16.06 03:00,5.08
71,16.06 04:00,4.521
71,16.06 05:00,4.615
71,16.06 06:00,4.491
71,16.06 07:00,9.944
71,16.06 08:00,12.95
71,16.06 09:00,16.861
71,16.06 10:00,18.666
71,16.06 11:00,18.142
71,16.06 12:00,25.415
71,16.06 13:00,23.211
71,16.06 14:00,18.808
71,16.06 15:00,19.523
71,16.06 16:00,18.15
71,16.06 17:00,16.089
71,16.06 18:00,9.263
71,16.06 19:00,4.578
71,16.06 20:00,3.792
71,16.06 21:00,3.999
71,16.06 22:00,4.498
71,16.06 23:00,4.38
71,17.06 00:00,4.88
71,17.06 01:00,4.12
71,17.06 02:00,4.313
71,17.06 03:00,4.597
71,17.06 04:00,4.111
71,17.06 05:00,3.798
71,17.06 06:00,3.981
71,17.06 07:00,9.941
71,17.06 08:00,12.205
71,17.06 09:00,18.101
71,17.06 10:00,18.606
71,17.06 11:00,21.408
71,17.06 12:00,21.25
71,17.06 13:00,20.564
71,17.06 14:00,18.159
71,17.06 15:00,14.688
71,17.06 16:00,15.259
71,17.06 17:00,14.262
71,17.06 18:00,5.401
71,17.06 19:00,4.006
71,17.06 20:00,5.081
71,17.06 21:00,4.09
71,17.06 22:00,4.091
71,17.06 23:00,5.478
71,18.06 00:00,4.819
71,18.06 01:00,4.191
71,18.06 02:00,5.097
71,18.06 03:00,4.618
71,18.06 04:00,4.213
71,18.06 05:00,4.394
71,18.06 06:00,4.41
71,18.06 07:00,4.284
71,18.06 08:00,4.379
71,18.06 09:00,4.5
71,18.06 10:00,4.194
71,18.06 11:00,4.187
71,18.06 12:00,4.014
71,18.06 13:00,4.38
71,18.06 14:00,4.118
71,18.06 15:00,4.002
71,18.06 16:00,4.307
71,18.06 17:00,4.382
71,18.06 18:00,3.995
71,18.06 19:00,5.177
71,18.06 20:00,4.519
71,18.06 21:00,4.18
71,18.06 22:00,4.217
71,18.06 23:00,4.494
71,19.06 00:00,4.384
71,19.06 01:00,4.282
71,19.06 02:00,4.293
71,19.06 03:00,5.319
71,19.06 04:00,4.187
71,19.06 05:00,4.102
71,19.06 06:00,4.686
71,19.06 07:00,3.886
71,19.06 08:00,4.311
71,19.06 09:00,4.293
71,19.06 10:00,3.81
71,19.06 11:00,4.521
71,19.06 12:00,3.897
71,19.06 13:00,3.881
71,19.06 14:00,4.48
71,19.06 15:00,4.114
71,19.06 16:00,4.015
71,19.06 17:00,3.802
71,19.06 18:00,4.58
71,19.06 19:00,4.305
71,19.06 20:00,4.013
71,19.06 21:00,4.081
71,19.06 22:00,4.19
71,19.06 23:00,4.995
71,20.06 00:00,4.876
71,20.06 01:00,4.217
71,20.06 02:00,5.021
71,20.06 03:00,4.487
71,20.06 04:00,4.101
71,20.06 05:00,4.414
71,20.06 06:00,4.411
71,20.06 07:00,10.949
71,20.06 08:00,12.682
71,20.06 09:00,19.512
71,20.06 10:00,22.438
71,20.06 11:00,23.912
71,20.06 12:00,22.895
71,20.06 13:00,21.543
71,20.06 14:00,17.941
71,20.06 15:00,15.427
71,20.06 16:00,15.842
71,20.06 17:00,12.54
71,20.06 18:00,7.822
71,20.06 19:00,4.315
71,20.06 20:00,4.214
71,20.06 21:00,3.905
71,20.06 22:00,4.098
71,20.06 23:00,4.812
71,21.06 00:00,4.379
71,21.06 01:00,4.297
71,21.06 02:00,4.702
71,21.06 03:00,4.197
71,21.06 04:00,4.202
71,21.06 05:00,4.515
71,21.06 06:00,3.883
71,21.06 07:00,10.703
71,21.06 08:00,15.822
71,21.06 09:00,18.762
71,21.06 10:00,18.75
71,21.06 11:00,18.246
71,21.06 12:00,23.488
71,21.06 13:00,21.049
71,21.06 14:00,20.036
71,21.06 15:00,16.747
71,21.06 16:00,16.736
71,21.06 17:00,13.267
71,21.06 18:00,7.021
71,21.06 19:00,4.3
71,21.06 20:00,4.68
71,21.06 21:00,4.384
71,21.06 22:00,4.811
71,21.06 23:00,5.195
71,22.06 00:00,4.696
71,22.06 01:00,4.305
71,22.06 02:00,4.582
71,22.06 03:00,4.814
71,22.06 04:00,4.511
71,22.06 05:00,4.386
71,22.06 06:00,4.002
71,22.06 07:00,10.82
71,22.06 08:00,13.453
71,22.06 09:00,20.354
71,22.06 10:00,21.346
71,22.06 11:00,22.56
71,22.06 12:00,23.434
71,22.06 13:00,22.154
71,22.06 14:00,19.601
71,22.06 15:00,16.533
71,22.06 16:00,18.701
71,22.06 17:00,13.74
71,22.06 18:00,8.422
71,22.06 19:00,4.996
71,22.06 20:00,4.316
71,22.06 21:00,4.007
71,22.06 22:00,4.296
71,22.06 23:00,4.691
71,23.06 00:00,4.421
71,23.06 01:00,4.881
71,23.06 02:00,4.202
71,23.06 03:00,4.006
71,23.06 04:00,4.286
71,23.06 05:00,4.311
71,23.06 06:00,3.692
71,23.06 07:00,10.159
71,23.06 08:00,11.755
71,23.06 09:00,16.034
71,23.06 10:00,20.723
71,23.06 11:00,25.579
71,23.06 12:00,25.552
71,23.06 13:00,23.252
71,23.06 14:00,21.383
71,23.06 15:00,16.454
71,23.06 16:00,17.209
71,23.06 17:00,14.489
71,23.06 18:00,7.792
71,23.06 19:00,4.69
71,23.06 20:00,4.111
71,23.06 21:00,4.3
71,23.06 22:00,4.1
71,23.06 23:00,4.39
71,24.06 00:00,4.417
71,24.06 01:00,4.614
71,24.06 02:00,4.813
71,24.06 03:00,4.41
71,24.06 04:00,3.997
71,24.06 05:00,3.988
71,24.06 06:00,4.305
71,24.06 07:00,10.282
71,24.06 08:00,11.446
71,24.06 09:00,17.085
71,24.06 10:00,19.16
71,24.06 11:00,23.184
71,24.06 12:00,23.602
71,24.06 13:00,21.229
71,24.06 14:00,17.9
71,24.06 15:00,15.877
71,24.06 16:00,15.45
71,24.06 17:00,11.751
71,24.06 18:00,4.909
71,24.06 19:00,4.877
71,24.06 20:00,4.483
71,24.06 21:00,4.894
71,24.06 22:00,4.577
71,24.06 23:00,4.908
71,25.06 00:00,4.201
71,25.06 01:00,5.381
71,25.06 02:00,4.703
71,25.06 03:00,4.608
71,25.06 04:00,4.887
71,25.06 05:00,4.493
71,25.06 06:00,4.294
71,25.06 07:00,4.69
71,25.06 08:00,4.508
71,25.06 09:00,4.594
71,25.06 10:00,4.415
71,25.06 11:00,4.284
71,25.06 12:00,4.408
71,25.06 13:00,4.299
71,25.06 14:00,3.812
71,25.06 15:00,4.018
71,25.06 16:00,3.684
71,25.06 17:00,4.005
71,25.06 18:00,3.804
71,25.06 19:00,3.601
71,25.06 20:00,4.286
71,25.06 21:00,3.904
71,25.06 22:00,3.897
71,25.06 23:00,4.694
71,26.06 00:00,4.579
71,26.06 01:00,3.884
71,26.06 02:00,4.195
71,26.06 03:00,4.284
71,26.06 04:00,4.08
71,26.06 05:00,3.691
71,26.06 06:00,3.789
71,26.06 07:00,3.981
71,26.06 08:00,3.81
71,26.06 09:00,3.588
71,26.06 10:00,3.503
71,26.06 11:00,3.584
71,26.06 12:00,4.408
71,26.06 13:00,3.606
71,26.06 14:00,3.617
71,26.06 15:00,3.595
71,26.06 16:00,3.986
71,26.06 17:00,3.513
71,26.06 18:00,3.587
71,26.06 19:00,4.1
71,26.06 20:00,3.696
71,26.06 21:00,3.716
71,26.06 22:00,4.098
71,26.06 23:00,4.192
71,27.06 00:00,4.186
71,27.06 01:00,3.982
71,27.06 02:00,4.695
71,27.06 03:00,4.304
71,27.06 04:00,3.387
71,27.06 05:00,4.314
71,27.06 06:00,3.614
71,27.06 07:00,10.566
71,27.06 08:00,13.219
71,27.06 09:00,21.018
71,27.06 10:00,20.844
71,27.06 11:00,19.589
71,27.06 12:00,19.662
71,27.06 13:00,20.272
71,27.06 14:00,17.319
71,27.06 15:00,16.69
71,27.06 16:00,15.942
71,27.06 17:00,13.358
71,27.06 18:00,7.403
71,27.06 19:00,4.093
71,27.06 20:00,4.117
71,27.06 21:00,4.39
71,27.06 22:00,4.013
71,27.06 23:00,4.403
71,28.06 00:00,5.186
71,28.06 01:00,4.018
71,28.06 02:00,4.287
71,28.06 03:00,3.982
71,28.06 04:00,4.19
71,28.06 05:00,3.809
71,28.06 06:00,4.978
71,28.06 07:00,9.668
71,28.06 08:00,12.34
71,28.06 09:00,19.358
71,28.06 10:00,14.431
71,28.06 11:00,13.357
71,28.06 12:00,15.825
71,28.06 13:00,19.369
71,28.06 14:00,18.354
71,28.06 15:00,13.641
71,28.06 16:00,15.01
71,28.06 17:00,13.158
71,28.06 18:00,7.416
71,28.06 19:00,4.478
71,28.06 20:00,4.18
71,28.06 21:00,4.488
71,28.06 22:00,4.32
71,28.06 23:00,4.679
71,29.06 00:00,4.18
71,29.06 01:00,4.587
71,29.06 02:00,4.295
71,29.06 03:00,4.321
71,29.06 04:00,4.596
71,29.06 05:00,4.215
71,29.06 06:00,4.313
71,29.06 07:00,10.83
71,29.06 08:00,12.963
71,29.06 09:00,19.592
71,29.06 10:00,21.236
71,29.06 11:00,23.29
71,29.06 12:00,23.12
71,29.06 13:00,21.894
71,29.06 14:00,17.44
71,29.06 15:00,16.056
71,29.06 16:00,17.804
71,29.06 17:00,12.889
71,29.06 18:00,8.877
71,29.06 19:00,3.908
71,29.06 20:00,4.206
71,29.06 21:00,5.0
71,29.06 22:00,4.006
71,29.06 23:00,4.695
71,30.06 00:00,4.185
71,30.06 01:00,4.492
71,30.06 02:00,4.084
71,30.06 03:00,4.206
71,30.06 04:00,4.402
71,30.06 05:00,4.016
71,30.06 06:00,4.584
71,30.06 07:00,10.079
71,30.06 08:00,11.706
71,30.06 09:00,17.629
71,30.06 10:00,24.185
71,30.06 11:00,24.612
71,30.06 12:00,23.519
71,30.06 13:00,21.63
71,30.06 14:00,18.169
71,30.06 15:00,17.013
71,30.06 16:00,16.42
71,30.06 17:00,13.35
71,30.06 18:00,8.515
71,30.06 19:00,3.689
71,30.06 20:00,4.711
71,30.06 21:00,4.497
71,30.06 22:00,4.09
71,30.06 23:00,4.298
71,01.07 00:00,4.516
71,01.07 01:00,4.011
71,01.07 02:00,4.418
71,01.07 03:00,4.513
71,01.07 04:00,4.004
71,01.07 05:00,4.483
71,01.07 06:00,4.007
71,01.07 07:00,10.375
71,01.07 08:00,13.569
71,01.07 09:00,17.557
71,01.07 10:00,19.253
71,01.07 11:00,23.207
71,01.07 12:00,21.561
71,01.07 13:00,19.87
71,01.07 14:00,17.513
71,01.07 15:00,15.533
71,01.07 16:00,16.543
71,01.07 17:00,12.861
71,01.07 18:00,4.91
71,01.07 19:00,4.196
71,01.07 20:00,4.01
71,01.07 21:00,4.687
71,01.07 22:00,4.312
71,01.07 23:00,4.397
71,02.07 00:00,3.991
71,02.07 01:00,4.198
71,02.07 02:00,4.288
71,02.07 03:00,4.298
71,02.07 04:00,4.115
71,02.07 05:00,4.19
71,02.07 06:00,4.216
71,02.07 07:00,3.812
71,02.07 08:00,4.211
71,02.07 09:00,3.919
71,02.07 10:00,4.209
71,02.07 11:00,3.808
71,02.07 12:00,3.609
71,02.07 13:00,4.016
71,02.07 14:00,3.607
71,02.07 15:00,4.199
71,02.07 16:00,3.59
71,02.07 17:00,3.993
71,02.07 18:00,3.992
71,02.07 19:00,3.818
71,02.07 20:00,4.094
71,02.07 21:00,3.991
71,02.07 22:00,3.794
71,02.07 23:00,4.59
71,03.07 00:00,4.396
71,03.07 01:00,3.889
71,03.07 02:00,4.493
71,03.07 03:00,4.588
71,03.07 04:00,3.899
71,03.07 05:00,4.211
71,03.07 06:00,3.698
71,03.07 07:00,3.803
71,03.07 08:00,3.697
71,03.07 09:00,4.119
71,03.07 10:00,3.602
71,03.07 11:00,3.59
71,03.07 12:00,3.991
71,03.07 13:00,3.792
71,03.07 14:00,3.508
71,03.07 15:00,3.885
71,03.07 16:00,3.503
71,03.07 17:00,3.615
71,03.07 18:00,3.994
71,03.07 19:00,3.584
71,03.07 20:00,3.501
71,03.07 21:00,3.907
71,03.07 22:00,4.006
71,03.07 23:00,4.604
71,04.07 00:00,3.712
71,04.07 01:00,4.091
71,04.07 02:00,3.881
71,04.07 03:00,4.084
71,04.07 04:00,4.006
71,04.07 05:00,3.982
71,04.07 06:00,4.019
71,04.07 07:00,9.826
71,04.07 08:00,13.686
71,04.07 09:00,19.967
71,04.07 10:00,19.485
71,04.07 11:00,20.482
71,04.07 12:00,20.716
71,04.07 13:00,19.807
71,04.07 14:00,16.858
71,04.07 15:00,15.743
71,04.07 16:00,15.671
71,04.07 17:00,13.545
71,04.07 18:00,7.182
71,04.07 19:00,3.994
71,04.07 20:00,3.802
71,04.07 21:00,3.609
71,04.07 22:00,4.117
71,04.07 23:00,4.206
71,05.07 00:00,4.415
71,05.07 01:00,4.217
71,05.07 02:00,4.379
71,05.07 03:00,4.486
71,05.07 04:00,4.081
71,05.07 05:00,3.992
71,05.07 06:00,3.793
71,05.07 07:00,11.02
71,05.07 08:00,12.415
71,05.07 09:00,17.902
71,05.07 10:00,17.232
71,05.07 11:00,18.881
71,05.07 12:00,21.196
71,05.07 13:00,21.199
71,05.07 14:00,19.537
71,05.07 15:00,16.012
71,05.07 16:00,14.473
71,05.07 17:00,11.774
71,05.07 18:00,6.827
71,05.07 19:00,3.992
71,05.07 20:00,3.898
71,05.07 21:00,3.692
71,05.07 22:00,4.215
71,05.07 23:00,4.688
71,06.07 00:00,3.799
71,06.07 01:00,4.086
71,06.07 02:00,4.386
71,06.07 03:00,3.79
71,06.07 04:00,3.808
71,06.07 05:00,4.119
71,06.07 06:00,3.786
71,06.07 07:00,10.528
71,06.07 08:00,13.448
71,06.07 09:00,17.156
71,06.07 10:00,21.405
71,06.07 11:00,22.319
71,06.07 12:00,20.218
71,06.07 13:00,17.27
71,06.07 14:00,15.382
71,06.07 15:00,14.6
71,06.07 16:00,14.781
71,06.07 17:00,14.24
71,06.07 18:00,8.196
71,06.07 19:00,4.321
71,06.07 20:00,3.916
71,06.07 21:00,4.189
71,06.07 22:00,4.088
71,06.07 23:00,4.179
71,07.07 00:00,4.118
71,07.07 01:00,4.003
71,07.07 02:00,4.214
71,07.07 03:00,4.511
71,07.07 04:00,4.094
71,07.07 05:00,3.902
71,07.07 06:00,3.914
71,07.07 07:00,9.295
71,07.07 08:00,11.939
71,07.07 09:00,15.663
71,07.07 10:00,17.243
71,07.07 11:00,20.047
71,07.07 12:00,22.556
71,07.07 13:00,22.304
71,07.07 14:00,19.604
71,07.07 15:00,15.162
71,07.07 16:00,16.77
71,07.07 17:00,11.693
71,07.07 18:00,5.284
71,07.07 19:00,4.01
71,07.07 20:00,3.981
71,07.07 21:00,3.794
71,07.07 22:00,4.083
71,07.07 23:00,4.289
71,08.07 00:00,4.308
71,08.07 01:00,3.881
71,08.07 02:00,4.381
71,08.07 03:00,3.987
71,08.07 04:00,4.29
71,08.07 05:00,4.283
71,08.07 06:00,3.709
71,08.07 07:00,9.57
71,08.07 08:00,12.083
71,08.07 09:00,17.583
71,08.07 10:00,19.809
71,08.07 11:00,22.398
71,08.07 12:00,26.169
71,08.07 13:00,21.458
71,08.07 14:00,18.073
71,08.07 15:00,15.5
71,08.07 16:00,15.831
71,08.07 17:00,11.837
71,08.07 18:00,4.216
71,08.07 19:00,4.098
71,08.07 20:00,4.106
71,08.07 21:00,3.797
71,08.07 22:00,3.899
71,08.07 23:00,4.012
71,09.07 00:00,3.794
71,09.07 01:00,4.089
71,09.07 02:00,3.687
71,09.07 03:00,4.003
71,09.07 04:00,3.996
71,09.07 05:00,3.799
71,09.07 06:00,3.601
71,09.07 07:00,4.202
71,09.07 08:00,3.613
71,09.07 09:00,3.587
71,09.07 10:00,3.689
71,09.07 11:00,3.417
71,09.07 12:00,3.411
71,09.07 13:00,3.685
71,09.07 14:00,3.517
71,09.07 15:00,3.491
71,09.07 16:00,3.511
71,09.07 17:00,3.791
71,09.07 18:00,3.485
71,09.07 19:00,3.383
71,09.07 20:00,3.907
71,09.07 21:00,4.302
71,09.07 22:00,3.803
71,09.07 23:00,4.02
71,10.07 00:00,4.279
71,10.07 01:00,3.891
71,10.07 02:00,4.027
71,10.07 03:00,3.804
71,10.07 04:00,4.313
71,10.07 05:00,3.795
71,10.07 06:00,3.316
71,10.07 07:00,3.812
71,10.07 08:00,3.517
71,10.07 09:00,3.298
71,10.07 10:00,4.319
71,10.07 11:00,3.305
71,10.07 12:00,3.21
71,10.07 13:00,3.386
71,10.07 14:00,3.809
71,10.07 15:00,3.294
71,10.07 16:00,3.701
71,10.07 17:00,3.612
71,10.07 18:00,3.297
71,10.07 19:00,3.403
71,10.07 20:00,3.718
71,10.07 21:00,3.694
71,10.07 22:00,3.889
71,10.07 23:00,3.888
71,11.07 00:00,3.907
71,11.07 01:00,3.903
71,11.07 02:00,3.794
71,11.07 03:00,4.002
71,11.07 04:00,3.914
71,11.07 05:00,3.993
71,11.07 06:00,3.7
71,11.07 07:00,8.866
71,11.07 08:00,13.221
71,11.07 09:00,17.936
71,11.07 10:00,21.206
71,11.07 11:00,21.809
71,11.07 12:00,24.904
71,11.07 13:00,21.481
71,11.07 14:00,18.01
71,11.07 15:00,16.878
71,11.07 16:00,17.242
71,11.07 17:00,12.348
71,11.07 18:00,9.286
71,11.07 19:00,3.913
71,11.07 20:00,3.899
71,11.07 21:00,3.612
71,11.07 22:00,4.712
71,11.07 23:00,3.796
71,12.07 00:00,4.087
71,12.07 01:00,3.884
71,12.07 02:00,4.214
71,12.07 03:00,3.806
71,12.07 04:00,4.306
71,12.07 05:00,4.099
71,12.07 06:00,3.601
71,12.07 07:00,9.895
71,12.07 08:00,13.509
71,12.07 09:00,17.3
71,12.07 10:00,20.276
71,12.07 11:00,20.941
71,12.07 12:00,21.696
71,12.07 13:00,20.265
71,12.07 14:00,19.58
71,12.07 15:00,15.978
71,12.07 16:00,17.906
71,12.07 17:00,14.058
71,12.07 18:00,7.098
71,12.07 19:00,4.411
71,12.07 20:00,3.805
71,12.07 21:00,3.807
71,12.07 22:00,4.881
71,12.07 23:00,4.307
71,13.07 00:00,1.996
71,13.07 01:00,4.279
71,13.07 02:00,4.298
71,13.07 03:00,4.288
71,13.07 04:00,4.321
71,13.07 05:00,4.312
71,13.07 06:00,4.293
71,13.07 07:00,1.0
71,13.07 08:00,1.003
71,13.07 09:00,1.0
71,13.07 10:00,0.996
71,13.07 11:00,0.999
71,13.07 12:00,1.002
71,13.07 13:00,1.003
71,13.07 14:00,0.999
71,13.07 15:00,0.999
71,13.07 16:00,1.001
71,13.07 17:00,1.002
71,13.07 18:00,0.997
71,13.07 19:00,0.997
71,13.07 20:00,0.997
71,13.07 21:00,1.004
71,13.07 22:00,1.003
71,13.07 23:00,1.0
71,14.07 00:00,2.304
71,14.07 01:00,0.0
71,14.07 02:00,4.085
71,14.07 03:00,3.986
71,14.07 04:00,4.305
71,14.07 05:00,3.693
71,14.07 06:00,3.703
71,14.07 07:00,10.271
71,14.07 08:00,10.608
71,14.07 09:00,17.047
71,14.07 10:00,17.866
71,14.07 11:00,19.332
71,14.07 12:00,24.381
71,14.07 13:00,21.628
71,14.07 14:00,17.93
71,14.07 15:00,16.404
71,14.07 16:00,14.511
71,14.07 17:00,12.845
71,14.07 18:00,7.271
71,14.07 19:00,4.494
71,14.07 20:00,4.791
71,14.07 21:00,3.813
71,14.07 22:00,3.816
71,14.07 23:00,4.589
71,15.07 00:00,3.695
71,15.07 01:00,3.693
71,15.07 02:00,3.81
71,15.07 03:00,4.595
71,15.07 04:00,3.694
71,15.07 05:00,3.583
71,15.07 06:00,3.917
71,15.07 07:00,10.226
71,15.07 08:00,12.948
71,15.07 09:00,17.966
71,15.07 10:00,20.713
71,15.07 11:00,23.041
71,15.07 12:00,24.111
71,15.07 13:00,23.403
71,15.07 14:00,19.269
71,15.07 15:00,12.076
71,15.07 16:00,14.264
71,15.07 17:00,12.556
71,15.07 18:00,3.791
71,15.07 19:00,3.502
71,15.07 20:00,3.815
71,15.07 21:00,3.682
71,15.07 22:00,3.802
71,15.07 23:00,4.099
71,16.07 00:00,3.991
71,16.07 01:00,3.896
71,16.07 02:00,3.698
71,16.07 03:00,4.08
71,16.07 04:00,3.517
71,16.07 05:00,3.599
71,16.07 06:00,3.595
71,16.07 07:00,3.483
71,16.07 08:00,3.588
71,16.07 09:00,3.302
71,16.07 10:00,3.592
71,16.07 11:00,3.299
71,16.07 12:00,3.799
71,16.07 13:00,3.186
71,16.07 14:00,3.393
71,16.07 15:00,3.509
71,16.07 16:00,3.099
71,16.07 17:00,3.488
71,16.07 18:00,3.386
71,16.07 19:00,3.362
71,16.07 20:00,3.784
71,16.07 21:00,3.489
71,16.07 22:00,4.213
71,16.07 23:00,3.792
71,17.07 00:00,3.6
71,17.07 01:00,4.282
71,17.07 02:00,3.816
71,17.07 03:00,3.495
71,17.07 04:00,4.089
71,17.07 05:00,3.591
71,17.07 06:00,3.091
71,17.07 07:00,3.514
71,17.07 08:00,3.196
71,17.07 09:00,3.511
71,17.07 10:00,3.882
71,17.07 11:00,3.091
71,17.07 12:00,3.496
71,17.07 13:00,3.287
71,17.07 14:00,3.6
71,17.07 15:00,3.216
71,17.07 16:00,3.103
71,17.07 17:00,3.385
71,17.07 18:00,3.409
71,17.07 19:00,3.295
71,17.07 20:00,3.509
71,17.07 21:00,3.593
71,17.07 22:00,3.51
71,17.07 23:00,3.611
71,18.07 00:00,3.689
71,18.07 01:00,3.804
71,18.07 02:00,3.511
71,18.07 03:00,3.984
71,18.07 04:00,4.104
71,18.07 05:00,3.585
71,18.07 06:00,3.689
71,18.07 07:00,10.098
71,18.07 08:00,11.603
71,18.07 09:00,19.14
71,18.07 10:00,19.726
71,18.07 11:00,18.791
71,18.07 12:00,21.737
71,18.07 13:00,22.586
71,18.07 14:00,17.149
71,18.07 15:00,16.079
71,18.07 16:00,15.071
71,18.07 17:00,13.278
71,18.07 18:00,7.179
71,18.07 19:00,3.61
71,18.07 20:00,3.515
71,18.07 21:00,3.712
71,18.07 22:00,4.206
71,18.07 23:00,4.287
71,19.07 00:00,3.789
71,19.07 01:00,3.8
71,19.07 02:00,3.808
71,19.07 03:00,3.687
71,19.07 04:00,3.706
71,19.07 05:00,3.814
71,19.07 06:00,3.591
71,19.07 07:00,9.679
71,19.07 08:00,12.443
71,19.07 09:00,17.985
71,19.07 10:00,20.924
71,19.07 11:00,19.816
71,19.07 12:00,23.591
71,19.07 13:00,22.102
71,19.07 14:00,16.813
71,19.07 15:00,15.623
71,19.07 16:00,14.659
71,19.07 17:00,14.997
71,19.07 18:00,7.167
71,19.07 19:00,3.291
71,19.07 20:00,3.298
71,19.07 21:00,3.711
71,19.07 22:00,3.812
71,19.07 23:00,3.808
71,20.07 00:00,4.105
71,20.07 01:00,4.12
71,20.07 02:00,3.392
71,20.07 03:00,3.716
71,20.07 04:00,3.504
71,20.07 05:00,3.499
71,20.07 06:00,3.291
71,20.07 07:00,10.723
71,20.07 08:00,12.862
71,20.07 09:00,17.946
71,20.07 10:00,21.75
71,20.07 11:00,23.251
71,20.07 12:00,21.582
71,20.07 13:00,19.019
71,20.07 14:00,17.25
71,20.07 15:00,12.904
71,20.07 16:00,14.093
71,20.07 17:00,11.66
71,20.07 18:00,6.013
71,20.07 19:00,3.688
71,20.07 20:00,2.999
71,20.07 21:00,3.697
71,20.07 22:00,3.383
71,20.07 23:00,3.807
71,21.07 00:00,3.799
71,21.07 01:00,3.311
71,21.07 02:00,3.391
71,21.07 03:00,3.813
71,21.07 04:00,3.79
71,21.07 05:00,3.212
71,21.07 06:00,3.314
71,21.07 07:00,3.585
71,21.07 08:00,4.677
71,21.07 09:00,6.115
71,21.07 10:00,8.26
71,21.07 11:00,9.13
71,21.07 12:00,9.768
71,21.07 13:00,8.335
71,21.07 14:00,7.568
71,21.07 15:00,5.096
71,21.07 16:00,3.302
71,21.07 17:00,2.901
71,21.07 18:00,3.398
71,21.07 19:00,3.212
71,21.07 20:00,3.391
71,21.07 21:00,3.617
71,21.07 22:00,3.501
71,21.07 23:00,3.496
71,22.07 00:00,3.987
71,22.07 01:00,3.819
71,22.07 02:00,3.29
71,22.07 03:00,3.584
71,22.07 04:00,3.806
71,22.07 05:00,3.486
71,22.07 06:00,3.091
71,22.07 07:00,3.814
71,22.07 08:00,8.611
71,22.07 09:00,10.034
71,22.07 10:00,9.694
71,22.07 11:00,9.992
71,22.07 12:00,9.381
71,22.07 13:00,8.807
71,22.07 14:00,8.116
71,22.07 15:00,4.117
71,22.07 16:00,3.01
71,22.07 17:00,3.211
71,22.07 18:00,3.096
71,22.07 19:00,3.306
71,22.07 20:00,3.986
71,22.07 21:00,3.499
71,22.07 22:00,3.491
71,22.07 23:00,3.598
71,23.07 00:00,3.487
71,23.07 01:00,3.712
71,23.07 02:00,3.595
71,23.07 03:00,3.49
71,23.07 04:00,3.684
71,23.07 05:00,3.416
71,23.07 06:00,3.113
71,23.07 07:00,4.009
71,23.07 08:00,3.297
71,23.07 09:00,3.104
71,23.07 10:00,3.214
71,23.07 11:00,2.999
71,23.07 12:00,3.297
71,23.07 13:00,3.004
71,23.07 14:00,3.091
71,23.07 15:00,2.995
71,23.07 16:00,3.51
71,23.07 17:00,3.191
71,23.07 18:00,3.105
71,23.07 19:00,4.116
71,23.07 20:00,3.285
71,23.07 21:00,3.486
71,23.07 22:00,3.702
71,23.07 23:00,3.614
71,24.07 00:00,3.688
71,24.07 01:00,3.517
71,24.07 02:00,3.793
71,24.07 03:00,3.488
71,24.07 04:00,3.585
71,24.07 05:00,3.296
71,24.07 06:00,3.101
71,24.07 07:00,3.507
71,24.07 08:00,3.105
71,24.07 09:00,3.236
71,24.07 10:00,3.208
71,24.07 11:00,3.093
71,24.07 12:00,2.987
71,24.07 13:00,3.387
71,24.07 14:00,3.185
71,24.07 15:00,3.11
71,24.07 16:00,3.195
71,24.07 17:00,3.715
71,24.07 18:00,3.108
71,24.07 19:00,3.189
71,24.07 20:00,3.293
71,24.07 21:00,3.488
71,24.07 22:00,3.386
71,24.07 23:00,3.695
71,25.07 00:00,3.092
71,25.07 01:00,3.805
71,25.07 02:00,3.399
71,25.07 03:00,3.493
71,25.07 04:00,3.397
71,25.07 05:00,3.806
71,25.07 06:00,3.487
71,25.07 07:00,4.102
71,25.07 08:00,7.618
71,25.07 09:00,7.67
71,25.07 10:00,7.41
71,25.07 11:00,8.739
71,25.07 12:00,7.176
71,25.07 13:00,6.796
71,25.07 14:00,5.976
71,25.07 15:00,4.381
71,25.07 16:00,3.228
71,25.07 17:00,3.013
71,25.07 18:00,2.908
71,25.07 19:00,3.204
71,25.07 20:00,3.296
71,25.07 21:00,3.002
71,25.07 22:00,3.29
71,25.07 23:00,3.805
71,26.07 00:00,3.895
71,26.07 01:00,3.819
71,26.07 02:00,3.295
71,26.07 03:00,3.618
71,26.07 04:00,3.206
71,26.07 05:00,3.087
71,26.07 06:00,3.402
71,26.07 07:00,3.694
71,26.07 08:00,6.21
71,26.07 09:00,7.289
71,26.07 10:00,6.393
71,26.07 11:00,7.607
71,26.07 12:00,6.881
71,26.07 13:00,6.686
71,26.07 14:00,6.729
71,26.07 15:00,6.284
71,26.07 16:00,4.315
71,26.07 17:00,3.594
71,26.07 18:00,3.211
71,26.07 19:00,3.294
71,26.07 20:00,3.398
71,26.07 21:00,3.583
71,26.07 22:00,3.611
71,26.07 23:00,3.703
71,27.07 00:00,3.095
71,27.07 01:00,3.714
71,27.07 02:00,4.014
71,27.07 03:00,3.609
71,27.07 04:00,3.803
71,27.07 05:00,3.413
71,27.07 06:00,3.499
71,27.07 07:00,4.104
71,27.07 08:00,6.775
71,27.07 09:00,8.206
71,27.07 10:00,6.768
71,27.07 11:00,7.033
71,27.07 12:00,6.782
71,27.07 13:00,6.206
71,27.07 14:00,5.909
71,27.07 15:00,4.088
71,27.07 16:00,3.869
71,27.07 17:00,3.188
71,27.07 18:00,2.988
71,27.07 19:00,3.691
71,27.07 20:00,3.003
71,27.07 21:00,3.09
71,27.07 22:00,3.09
71,27.07 23:00,3.795
71,28.07 00:00,3.485
71,28.07 01:00,3.194
71,28.07 02:00,2.996
71,28.07 03:00,3.583
71,28.07 04:00,3.115
71,28.07 05:00,3.198
71,28.07 06:00,3.106
71,28.07 07:00,4.28
71,28.07 08:00,6.679
71,28.07 09:00,8.394
71,28.07 10:00,8.184
71,28.07 11:00,6.58
71,28.07 12:00,6.291
71,28.07 13:00,4.989
71,28.07 14:00,5.113
71,28.07 15:00,2.907
71,28.07 16:00,3.292
71,28.07 17:00,2.894
71,28.07 18:00,2.811
71,28.07 19:00,3.705
71,28.07 20:00,2.992
71,28.07 21:00,3.389
71,28.07 22:00,3.39
71,28.07 23:00,3.387
71,29.07 00:00,3.389
71,29.07 01:00,3.29
71,29.07 02:00,3.197
71,29.07 03:00,3.208
71,29.07 04:00,3.392
71,29.07 05:00,3.3
71,29.07 06:00,2.892
71,29.07 07:00,3.61
71,29.07 08:00,6.609
71,29.07 09:00,6.028
71,29.07 10:00,5.591
71,29.07 11:00,5.175
71,29.07 12:00,4.722
71,29.07 13:00,3.414
71,29.07 14:00,3.687
71,29.07 15:00,4.486
71,29.07 16:00,2.803
71,29.07 17:00,2.808
71,29.07 18:00,2.994
71,29.07 19:00,3.207
71,29.07 20:00,3.001
71,29.07 21:00,3.285
71,29.07 22:00,3.301
71,29.07 23:00,3.389
71,30.07 00:00,2.987
71,30.07 01:00,3.483
71,30.07 02:00,3.204
71,30.07 03:00,4.114
71,30.07 04:00,3.095
71,30.07 05:00,3.094
71,30.07 06:00,3.293
71,30.07 07:00,2.9
71,30.07 08:00,3.286
71,30.07 09:00,3.005
71,30.07 10:00,2.704
71,30.07 11:00,2.905
71,30.07 12:00,3.094
71,30.07 13:00,2.699
71,30.07 14:00,2.599
71,30.07 15:00,2.814
71,30.07 16:00,3.301
71,30.07 17:00,2.687
71,30.07 18:00,3.601
71,30.07 19:00,2.904
71,30.07 20:00,3.287
71,30.07 21:00,3.105
71,30.07 22:00,3.108
71,30.07 23:00,3.896
71,31.07 00:00,3.713
71,31.07 01:00,3.112
71,31.07 02:00,3.385
71,31.07 03:00,2.998
71,31.07 04:00,3.412
71,31.07 05:00,3.294
71,31.07 06:00,3.099
71,31.07 07:00,2.708
71,31.07 08:00,3.311
71,31.07 09:00,2.9
71,31.07 10:00,2.986
71,31.07 11:00,2.791
71,31.07 12:00,2.791
71,31.07 13:00,3.416
71,31.07 14:00,2.69
71,31.07 15:00,2.697
71,31.07 16:00,3.008
71,31.07 17:00,2.809
71,31.07 18:00,2.997
71,31.07 19:00,3.202
71,31.07 20:00,2.791
71,31.07 21:00,3.312
71,31.07 22:00,3.115
71,31.07 23:00,3.285
71,01.08 00:00,3.195
71,01.08 01:00,3.514
71,01.08 02:00,3.691
71,01.08 03:00,3.51
71,01.08 04:00,3.506
71,01.08 05:00,3.215
71,01.08 06:00,2.994
71,01.08 07:00,3.792
71,01.08 08:00,6.093
71,01.08 09:00,8.41
71,01.08 10:00,7.095
71,01.08 11:00,6.521
71,01.08 12:00,6.973
71,01.08 13:00,5.277
71,01.08 14:00,3.81
71,01.08 15:00,3.203
71,01.08 16:00,2.812
71,01.08 17:00,3.11
71,01.08 18:00,2.804
71,01.08 19:00,2.893
71,01.08 20:00,3.303
71,01.08 21:00,3.008
71,01.08 22:00,3.684
71,01.08 23:00,3.297
71,02.08 00:00,3.404
71,02.08 01:00,3.205
71,02.08 02:00,3.115
71,02.08 03:00,3.919
71,02.08 04:00,3.086
71,02.08 05:00,3.189
71,02.08 06:00,3.11
71,02.08 07:00,3.599
71,02.08 08:00,6.379
71,02.08 09:00,7.385
71,02.08 10:00,6.284
71,02.08 11:00,6.667
71,02.08 12:00,6.209
71,02.08 13:00,5.305
71,02.08 14:00,4.092
71,02.08 15:00,3.008
71,02.08 16:00,2.992
71,02.08 17:00,3.002
71,02.08 18:00,3.208
71,02.08 19:00,2.797
71,02.08 20:00,3.092
71,02.08 21:00,3.513
71,02.08 22:00,3.306
71,02.08 23:00,3.493
71,03.08 00:00,2.994
71,03.08 01:00,3.102
71,03.08 02:00,3.297
71,03.08 03:00,3.491
71,03.08 04:00,3.187
71,03.08 05:00,3.209
71,03.08 06:00,3.785
71,03.08 07:00,3.314
71,03.08 08:00,5.893
71,03.08 09:00,6.814
71,03.08 10:00,5.973
71,03.08 11:00,5.82
71,03.08 12:00,5.218
71,03.08 13:00,4.419
71,03.08 14:00,3.589
71,03.08 15:00,3.488
71,03.08 16:00,2.592
71,03.08 17:00,2.992
71,03.08 18:00,2.694
71,03.08 19:00,2.994
71,03.08 20:00,3.291
71,03.08 21:00,2.997
71,03.08 22:00,3.207
71,03.08 23:00,3.514
71,04.08 00:00,3.385
71,04.08 01:00,3.215
71,04.08 02:00,3.301
71,04.08 03:00,2.996
71,04.08 04:00,3.115
71,04.08 05:00,3.111
71,04.08 06:00,3.108
71,04.08 07:00,3.3
71,04.08 08:00,4.709
71,04.08 09:00,4.584
71,04.08 10:00,3.999
71,04.08 11:00,3.703
71,04.08 12:00,3.4
71,04.08 13:00,3.297
71,04.08 14:00,2.787
71,04.08 15:00,2.798
71,04.08 16:00,2.901
71,04.08 17:00,2.904
71,04.08 18:00,2.61
71,04.08 19:00,2.995
71,04.08 20:00,2.81
71,04.08 21:00,3.202
71,04.08 22:00,3.513
71,04.08 23:00,3.112
71,05.08 00:00,3.216
71,05.08 01:00,3.186
71,05.08 02:00,2.993
71,05.08 03:00,3.094
71,05.08 04:00,3.208
71,05.08 05:00,3.112
71,05.08 06:00,3.013
71,05.08 07:00,2.902
71,05.08 08:00,3.288
71,05.08 09:00,3.0
71,05.08 10:00,3.794
71,05.08 11:00,2.788
71,05.08 12:00,2.59
71,05.08 13:00,3.014
71,05.08 14:00,2.709
71,05.08 15:00,2.587
71,05.08 16:00,3.014
71,05.08 17:00,2.688
71,05.08 18:00,2.505
71,05.08 19:00,2.694
71,05.08 20:00,3.311
71,05.08 21:00,2.906
71,05.08 22:00,3.104
71,05.08 23:00,4.018
71,06.08 00:00,3.096
71,06.08 01:00,3.092
71,06.08 02:00,3.102
71,06.08 03:00,3.115
71,06.08 04:00,3.286
71,06.08 05:00,3.001
71,06.08 06:00,2.794
71,06.08 07:00,3.0
71,06.08 08:00,2.691
71,06.08 09:00,2.788
71,06.08 10:00,3.003
71,06.08 11:00,3.209
71,06.08 12:00,2.694
71,06.08 13:00,2.709
71,06.08 14:00,2.588
71,06.08 15:00,2.706
71,06.08 16:00,2.904
71,06.08 17:00,2.509
71,06.08 18:00,2.691
71,06.08 19:00,3.013
71,06.08 20:00,2.804
71,06.08 21:00,2.892
71,06.08 22:00,3.591
71,06.08 23:00,3.087
71,07.08 00:00,2.596
71,07.08 01:00,3.412
71,07.08 02:00,2.994
71,07.08 03:00,2.898
71,07.08 04:00,3.294
71,07.08 05:00,3.006
71,07.08 06:00,2.81
71,07.08 07:00,3.288
71,07.08 08:00,3.104
71,07.08 09:00,2.7
71,07.08 10:00,2.506
71,07.08 11:00,3.088
71,07.08 12:00,2.496
71,07.08 13:00,2.59
71,07.08 14:00,2.692
71,07.08 15:00,2.898
71,07.08 16:00,2.598
71,07.08 17:00,2.711
71,07.08 18:00,2.8
71,07.08 19:00,3.008
71,07.08 20:00,2.694
71,07.08 21:00,3.287
71,07.08 22:00,3.287
71,07.08 23:00,3.312
71,08.08 00:00,3.516
71,08.08 01:00,3.106
71,08.08 02:00,3.39
71,08.08 03:00,2.902
71,08.08 04:00,3.213
71,08.08 05:00,2.986
71,08.08 06:00,2.8
71,08.08 07:00,3.301
71,08.08 08:00,3.291
71,08.08 09:00,3.402
71,08.08 10:00,3.387
71,08.08 11:00,3.099
71,08.08 12:00,3.092
71,08.08 13:00,3.588
71,08.08 14:00,3.21
71,08.08 15:00,3.293
71,08.08 16:00,2.897
71,08.08 17:00,2.604
71,08.08 18:00,2.702
71,08.08 19:00,3.114
71,08.08 20:00,2.708
71,08.08 21:00,3.297
71,08.08 22:00,3.398
71,08.08 23:00,3.114
71,09.08 00:00,3.19
71,09.08 01:00,3.389
71,09.08 02:00,3.191
71,09.08 03:00,3.392
71,09.08 04:00,3.008
71,09.08 05:00,2.91
71,09.08 06:00,3.013
71,09.08 07:00,2.994
71,09.08 08:00,3.691
71,09.08 09:00,4.215
71,09.08 10:00,3.8
71,09.08 11:00,4.7
71,09.08 12:00,2.989
71,09.08 13:00,3.098
71,09.08 14:00,2.602
71,09.08 15:00,2.71
71,09.08 16:00,2.91
71,09.08 17:00,2.603
71,09.08 18:00,2.897
71,09.08 19:00,2.896
71,09.08 20:00,2.893
71,09.08 21:00,2.912
71,09.08 22:00,3.305
71,09.08 23:00,3.508
71,10.08 00:00,3.487
71,10.08 01:00,2.992
71,10.08 02:00,3.302
71,10.08 03:00,3.012
71,10.08 04:00,3.087
71,10.08 05:00,3.011
71,10.08 06:00,3.109
71,10.08 07:00,3.209
71,10.08 08:00,3.696
71,10.08 09:00,3.207
71,10.08 10:00,3.594
71,10.08 11:00,3.088
71,10.08 12:00,3.149
71,10.08 13:00,2.911
71,10.08 14:00,2.689
71,10.08 15:00,2.897
71,10.08 16:00,2.613
71,10.08 17:00,2.601
71,10.08 18:00,3.198
71,10.08 19:00,2.79
71,10.08 20:00,3.086
71,10.08 21:00,2.788
71,10.08 22:00,3.214
71,10.08 23:00,3.394
71,11.08 00:00,3.31
71,11.08 01:00,2.989
71,11.08 02:00,3.112
71,11.08 03:00,3.405
71,11.08 04:00,3.329
71,11.08 05:00,2.991
71,11.08 06:00,3.11
71,11.08 07:00,2.69
71,11.08 08:00,3.194
71,11.08 09:00,3.097
71,11.08 10:00,2.593
71,11.08 11:00,3.091
71,11.08 12:00,2.897
71,11.08 13:00,3.201
71,11.08 14:00,2.611
71,11.08 15:00,3.066
71,11.08 16:00,2.706
71,11.08 17:00,2.712
71,11.08 18:00,2.803
71,11.08 19:00,2.792
71,11.08 20:00,3.11
71,11.08 21:00,2.912
71,11.08 22:00,3.307
71,11.08 23:00,3.416
71,12.08 00:00,3.303
71,12.08 01:00,3.495
71,12.08 02:00,3.284
71,12.08 03:00,3.292
71,12.08 04:00,3.417
71,12.08 05:00,3.109
71,12.08 06:00,2.798
71,12.08 07:00,3.112
71,12.08 08:00,2.788
71,12.08 09:00,3.101
71,12.08 10:00,2.699
71,12.08 11:00,2.706
71,12.08 12:00,3.111
71,12.08 13:00,2.701
71,12.08 14:00,3.201
71,12.08 15:00,2.795
71,12.08 16:00,2.597
71,12.08 17:00,2.795
71,12.08 18:00,2.695
71,12.08 19:00,2.914
71,12.08 20:00,3.189
71,12.08 21:00,2.992
71,12.08 22:00,3.185
71,12.08 23:00,3.794
71,13.08 00:00,2.988
71,13.08 01:00,3.289
71,13.08 02:00,2.799
71,13.08 03:00,3.191
71,13.08 04:00,3.313
71,13.08 05:00,3.213
71,13.08 06:00,3.204
71,13.08 07:00,3.188
71,13.08 08:00,2.799
71,13.08 09:00,2.89
71,13.08 10:00,2.501
71,13.08 11:00,2.891
71,13.08 12:00,2.41
71,13.08 13:00,2.695
71,13.08 14:00,2.894
71,13.08 15:00,2.699
71,13.08 16:00,2.599
71,13.08 17:00,2.787
71,13.08 18:00,3.002
71,13.08 19:00,2.798
71,13.08 20:00,3.391
71,13.08 21:00,3.396
71,13.08 22:00,3.298
71,13.08 23:00,3.099
71,14.08 00:00,2.804
71,14.08 01:00,3.097
71,14.08 02:00,3.484
71,14.08 03:00,3.207
71,14.08 04:00,2.988
71,14.08 05:00,3.095
71,14.08 06:00,2.906
71,14.08 07:00,2.995
71,14.08 08:00,2.804
71,14.08 09:00,2.8
71,14.08 10:00,2.602
71,14.08 11:00,3.489
71,14.08 12:00,2.697
71,14.08 13:00,2.607
71,14.08 14:00,2.589
71,14.08 15:00,2.805
71,14.08 16:00,2.809
71,14.08 17:00,2.49
71,14.08 18:00,2.709
71,14.08 19:00,3.115
71,14.08 20:00,2.811
71,14.08 21:00,2.796
71,14.08 22:00,3.194
71,14.08 23:00,3.505
71,15.08 00:00,3.492
71,15.08 01:00,3.104
71,15.08 02:00,3.186
71,15.08 03:00,3.108
71,15.08 04:00,3.407
71,15.08 05:00,2.993
71,15.08 06:00,2.775
71,15.08 07:00,2.898
71,15.08 08:00,2.911
71,15.08 09:00,2.709
71,15.08 10:00,2.91
71,15.08 11:00,2.804
71,15.08 12:00,2.706
71,15.08 13:00,2.803
71,15.08 14:00,3.007
71,15.08 15:00,2.989
71,15.08 16:00,2.695
71,15.08 17:00,3.014
71,15.08 18:00,2.789
71,15.08 19:00,2.698
71,15.08 20:00,3.085
71,15.08 21:00,2.908
71,15.08 22:00,3.112
71,15.08 23:00,3.095
71,16.08 00:00,2.907
71,16.08 01:00,3.312
71,16.08 02:00,3.105
71,16.08 03:00,2.99
71,16.08 04:00,3.094
71,16.08 05:00,3.701
71,16.08 06:00,2.99
71,16.08 07:00,2.796
71,16.08 08:00,2.994
71,16.08 09:00,2.899
71,16.08 10:00,2.49
71,16.08 11:00,3.205
71,16.08 12:00,2.606
71,16.08 13:00,2.804
71,16.08 14:00,3.095
71,16.08 15:00,2.609
71,16.08 16:00,2.711
71,16.08 17:00,2.61
71,16.08 18:00,2.99
71,16.08 19:00,2.806
71,16.08 20:00,2.791
71,16.08 21:00,2.988
71,16.08 22:00,3.307
71,16.08 23:00,3.804
71,17.08 00:00,2.91
71,17.08 01:00,3.186
71,17.08 02:00,3.107
71,17.08 03:00,2.986
71,17.08 04:00,3.001
71,17.08 05:00,2.987
71,17.08 06:00,2.992
71,17.08 07:00,2.889
71,17.08 08:00,3.004
71,17.08 09:00,2.802
71,17.08 10:00,2.712
71,17.08 11:00,3.311
71,17.08 12:00,2.695
71,17.08 13:00,2.91
71,17.08 14:00,2.602
71,17.08 15:00,3.111
71,17.08 16:00,2.813
71,17.08 17:00,2.592
71,17.08 18:00,2.807
71,17.08 19:00,2.696
71,17.08 20:00,3.192
71,17.08 21:00,2.908
71,17.08 22:00,3.316
71,17.08 23:00,3.393
71,18.08 00:00,3.411
71,18.08 01:00,3.201
71,18.08 02:00,3.299
71,18.08 03:00,2.907
71,18.08 04:00,2.997
71,18.08 05:00,3.702
71,18.08 06:00,3.001
71,18.08 07:00,2.698
71,18.08 08:00,3.093
71,18.08 09:00,3.014
71,18.08 10:00,2.699
71,18.08 11:00,2.502
71,18.08 12:00,2.985
71,18.08 13:00,2.99
71,18.08 14:00,2.495
71,18.08 15:00,2.783
71,18.08 16:00,2.488
71,18.08 17:00,2.897
71,18.08 18:00,2.811
71,18.08 19:00,2.786
71,18.08 20:00,2.891
71,18.08 21:00,3.392
71,18.08 22:00,3.415
71,18.08 23:00,3.186
71,19.08 00:00,3.013
71,19.08 01:00,3.207
71,19.08 02:00,3.401
71,19.08 03:00,2.891
71,19.08 04:00,3.009
71,19.08 05:00,3.412
71,19.08 06:00,2.889
71,19.08 07:00,2.796
71,19.08 08:00,2.81
71,19.08 09:00,3.094
71,19.08 10:00,2.503
71,19.08 11:00,2.987
71,19.08 12:00,2.896
71,19.08 13:00,3.005
71,19.08 14:00,2.594
71,19.08 15:00,2.813
71,19.08 16:00,2.507
71,19.08 17:00,3.008
71,19.08 18:00,2.59
71,19.08 19:00,2.695
71,19.08 20:00,3.285
71,19.08 21:00,2.886
71,19.08 22:00,3.205
71,19.08 23:00,3.695
71,20.08 00:00,3.308
71,20.08 01:00,3.211
71,20.08 02:00,2.906
71,20.08 03:00,3.29
71,20.08 04:00,3.113
71,20.08 05:00,3.308
71,20.08 06:00,2.81
71,20.08 07:00,2.908
71,20.08 08:00,2.993
71,20.08 09:00,2.898
71,20.08 10:00,2.908
71,20.08 11:00,2.692
71,20.08 12:00,2.909
71,20.08 13:00,2.913
71,20.08 14:00,2.612
71,20.08 15:00,2.894
71,20.08 16:00,2.696
71,20.08 17:00,2.796
71,20.08 18:00,2.688
71,20.08 19:00,2.986
71,20.08 20:00,2.907
71,20.08 21:00,3.204
71,20.08 22:00,3.5
71,20.08 23:00,3.115
71,21.08 00:00,2.987
71,21.08 01:00,3.093
71,21.08 02:00,3.917
71,21.08 03:00,2.991
71,21.08 04:00,2.987
71,21.08 05:00,3.21
71,21.08 06:00,3.204
71,21.08 07:00,2.699
71,21.08 08:00,2.688
71,21.08 09:00,3.093
71,21.08 10:00,2.595
71,21.08 11:00,2.81
71,21.08 12:00,2.894
71,21.08 13:00,3.007
71,21.08 14:00,3.105
71,21.08 15:00,2.591
71,21.08 16:00,2.788
71,21.08 17:00,2.592
71,21.08 18:00,3.011
71,21.08 19:00,2.81
71,21.08 20:00,2.812
71,21.08 21:00,3.303
71,21.08 22:00,3.099
71,21.08 23:00,3.504
71,22.08 00:00,3.614
71,22.08 01:00,2.987
71,22.08 02:00,3.106
71,22.08 03:00,3.312
71,22.08 04:00,3.391
71,22.08 05:00,3.386
71,22.08 06:00,3.1
71,22.08 07:00,2.599
71,22.08 08:00,3.003
71,22.08 09:00,2.81
71,22.08 10:00,2.697
71,22.08 11:00,3.184
71,22.08 12:00,2.704
71,22.08 13:00,2.594
71,22.08 14:00,3.099
71,22.08 15:00,2.503
71,22.08 16:00,2.488
71,22.08 17:00,3.014
71,22.08 18:00,3.192
71,22.08 19:00,2.801
71,22.08 20:00,3.3
71,22.08 21:00,2.804
71,22.08 22:00,3.511
71,22.08 23:00,3.109
71,23.08 00:00,2.91
71,23.08 01:00,3.402
71,23.08 02:00,2.888
71,23.08 03:00,2.997
71,23.08 04:00,3.392
71,23.08 05:00,2.911
71,23.08 06:00,3.103
71,23.08 07:00,3.008
71,23.08 08:00,2.914
71,23.08 09:00,2.806
71,23.08 10:00,3.189
71,23.08 11:00,3.006
71,23.08 12:00,2.601
71,23.08 13:00,2.796
71,23.08 14:00,2.797
71,23.08 15:00,2.814
71,23.08 16:00,2.609
71,23.08 17:00,3.087
71,23.08 18:00,2.806
71,23.08 19:00,2.712
71,23.08 20:00,2.699
71,23.08 21:00,3.493
71,23.08 22:00,3.089
71,23.08 23:00,3.304
71,24.08 00:00,3.488
71,24.08 01:00,3.307
71,24.08 02:00,2.807
71,24.08 03:00,3.388
71,24.08 04:00,2.903
71,24.08 05:00,2.997
71,24.08 06:00,2.913
71,24.08 07:00,2.792
71,24.08 08:00,3.197
71,24.08 09:00,2.695
71,24.08 10:00,2.886
71,24.08 11:00,2.91
71,24.08 12:00,2.79
71,24.08 13:00,2.692
71,24.08 14:00,3.394
71,24.08 15:00,2.602
71,24.08 16:00,2.607
71,24.08 17:00,2.603
71,24.08 18:00,3.012
71,24.08 19:00,2.589
71,24.08 20:00,2.799
71,24.08 21:00,3.392
71,24.08 22:00,3.109
71,24.08 23:00,3.104
71,25.08 00:00,3.197
71,25.08 01:00,2.989
71,25.08 02:00,3.189
71,25.08 03:00,3.114
71,25.08 04:00,3.284
71,25.08 05:00,3.01
71,25.08 06:00,3.185
71,25.08 07:00,3.09
71,25.08 08:00,2.787
71,25.08 09:00,2.806
71,25.08 10:00,2.988
71,25.08 11:00,2.604
71,25.08 12:00,2.81
71,25.08 13:00,2.906
71,25.08 14:00,2.912
71,25.08 15:00,2.608
71,25.08 16:00,2.501
71,25.08 17:00,2.911
71,25.08 18:00,2.812
71,25.08 19:00,2.987
71,25.08 20:00,2.907
71,25.08 21:00,3.485
71,25.08 22:00,3.107
71,25.08 23:00,3.186
71,26.08 00:00,3.596
71,26.08 01:00,3.002
71,26.08 02:00,3.107
71,26.08 03:00,3.301
71,26.08 04:00,2.992
71,26.08 05:00,2.99
71,26.08 06:00,3.088
71,26.08 07:00,3.189
71,26.08 08:00,2.803
71,26.08 09:00,3.196
71,26.08 10:00,2.701
71,26.08 11:00,2.897
71,26.08 12:00,3.013
71,26.08 13:00,2.705
71,26.08 14:00,2.587
71,26.08 15:00,2.608
71,26.08 16:00,2.707
71,26.08 17:00,2.888
71,26.08 18:00,2.588
71,26.08 19:00,2.791
71,26.08 20:00,2.793
71,26.08 21:00,4.007
71,26.08 22:00,3.406
71,26.08 23:00,3.193
71,27.08 00:00,2.991
71,27.08 01:00,3.484
71,27.08 02:00,2.897
71,27.08 03:00,2.909
71,27.08 04:00,3.002
71,27.08 05:00,3.601
71,27.08 06:00,3.012
71,27.08 07:00,2.805
71,27.08 08:00,3.306
71,27.08 09:00,3.29
71,27.08 10:00,2.494
71,27.08 11:00,2.51
71,27.08 12:00,2.692
71,27.08 13:00,2.7
71,27.08 14:00,2.756
71,27.08 15:00,2.806
71,27.08 16:00,2.591
71,27.08 17:00,2.807
71,27.08 18:00,3.112
71,27.08 19:00,2.598
71,27.08 20:00,2.889
71,27.08 21:00,3.805
71,27.08 22:00,3.202
71,27.08 23:00,3.314
71,28.08 00:00,3.199
71,28.08 01:00,3.411
71,28.08 02:00,3.107
71,28.08 03:00,3.115
71,28.08 04:00,3.104
71,28.08 05:00,3.414
71,28.08 06:00,2.888
71,28.08 07:00,2.691
71,28.08 08:00,2.799
71,28.08 09:00,2.805
71,28.08 10:00,3.611
71,28.08 11:00,2.604
71,28.08 12:00,2.695
71,28.08 13:00,2.606
71,28.08 14:00,2.897
71,28.08 15:00,2.888
71,28.08 16:00,2.499
71,28.08 17:00,2.49
71,28.08 18:00,2.702
71,28.08 19:00,2.906
71,28.08 20:00,3.014
71,28.08 21:00,3.102
71,28.08 22:00,3.099
71,28.08 23:00,3.086
71,29.08 00:00,3.091
71,29.08 01:00,3.41
71,29.08 02:00,3.089
71,29.08 03:00,3.104
71,29.08 04:00,2.89
71,29.08 05:00,3.195
71,29.08 06:00,2.886
71,29.08 07:00,2.789
71,29.08 08:00,3.412
71,29.08 09:00,2.814
71,29.08 10:00,2.795
71,29.08 11:00,2.605
71,29.08 12:00,3.085
71,29.08 13:00,2.7
71,29.08 14:00,2.492
71,29.08 15:00,2.593
71,29.08 16:00,3.011
71,29.08 17:00,2.605
71,29.08 18:00,2.601
71,29.08 19:00,2.793
71,29.08 20:00,3.131
71,29.08 21:00,3.386
71,29.08 22:00,3.21
71,29.08 23:00,3.409
71,30.08 00:00,2.795
71,30.08 01:00,3.306
71,30.08 02:00,2.904
71,30.08 03:00,2.896
71,30.08 04:00,3.1
71,30.08 05:00,3.335
71,30.08 06:00,2.906
71,30.08 07:00,2.803
71,30.08 08:00,3.003
71,30.08 09:00,3.215
71,30.08 10:00,2.893
71,30.08 11:00,3.292
71,30.08 12:00,3.403
71,30.08 13:00,3.109
71,30.08 14:00,2.709
71,30.08 15:00,2.587
71,30.08 16:00,2.811
71,30.08 17:00,2.802
71,30.08 18:00,2.592
71,30.08 19:00,2.697
71,30.08 20:00,3.001
71,30.08 21:00,3.486
71,30.08 22:00,3.166
71,30.08 23:00,3.788
71,31.08 00:00,3.11
71,31.08 01:00,2.886
71,31.08 02:00,3.304
71,31.08 03:00,2.99
71,31.08 04:00,3.015
71,31.08 05:00,3.392
71,31.08 06:00,2.887
71,31.08 07:00,4.387
71,31.08 08:00,4.893
71,31.08 09:00,4.389
71,31.08 10:00,4.978
71,31.08 11:00,6.9
71,31.08 12:00,6.529
71,31.08 13:00,5.892
71,31.08 14:00,5.492
71,31.08 15:00,3.807
71,31.08 16:00,3.3
71,31.08 17:00,3.089
71,31.08 18:00,2.789
71,31.08 19:00,3.184
71,31.08 20:00,3.102
71,31.08 21:00,3.284
71,31.08 22:00,3.494
71,31.08 23:00,3.589
71,01.09 00:00,3.312
71,01.09 01:00,3.197
71,01.09 02:00,3.9
71,01.09 03:00,3.106
71,01.09 04:00,3.197
71,01.09 05:00,3.697
71,01.09 06:00,3.295
71,01.09 07:00,5.575
71,01.09 08:00,6.808
71,01.09 09:00,10.15
71,01.09 10:00,9.564
71,01.09 11:00,11.905
71,01.09 12:00,11.243
71,01.09 13:00,12.381
71,01.09 14:00,12.535
71,01.09 15:00,12.038
71,01.09 16:00,10.487
71,01.09 17:00,7.109
71,01.09 18:00,4.997
71,01.09 19:00,3.393
71,01.09 20:00,3.707
71,01.09 21:00,3.716
71,01.09 22:00,3.708
71,01.09 23:00,4.115
71,02.09 00:00,4.294
71,02.09 01:00,3.717
71,02.09 02:00,3.513
71,02.09 03:00,3.502
71,02.09 04:00,4.415
71,02.09 05:00,3.599
71,02.09 06:00,3.314
71,02.09 07:00,5.899
71,02.09 08:00,7.563
71,02.09 09:00,11.356
71,02.09 10:00,9.692
71,02.09 11:00,9.859
71,02.09 12:00,11.542
71,02.09 13:00,12.596
71,02.09 14:00,13.75
71,02.09 15:00,13.252
71,02.09 16:00,8.857
71,02.09 17:00,5.602
71,02.09 18:00,5.489
71,02.09 19:00,3.837
71,02.09 20:00,3.494
71,02.09 21:00,3.899
71,02.09 22:00,3.796
71,02.09 23:00,3.906
71,03.09 00:00,3.407
71,03.09 01:00,3.608
71,03.09 02:00,3.918
71,03.09 03:00,3.395
71,03.09 04:00,3.384
71,03.09 05:00,3.996
71,03.09 06:00,3.512
71,03.09 07:00,3.186
71,03.09 08:00,3.597
71,03.09 09:00,3.314
71,03.09 10:00,3.105
71,03.09 11:00,3.287
71,03.09 12:00,3.986
71,03.09 13:00,3.315
71,03.09 14:00,3.304
71,03.09 15:00,3.112
71,03.09 16:00,3.112
71,03.09 17:00,3.192
71,03.09 18:00,3.51
71,03.09 19:00,3.206
71,03.09 20:00,3.607
71,03.09 21:00,3.9
71,03.09 22:00,3.585
71,03.09 23:00,4.001
71,04.09 00:00,4.017
71,04.09 01:00,3.511
71,04.09 02:00,3.798
71,04.09 03:00,3.718
71,04.09 04:00,3.483
71,04.09 05:00,3.899
71,04.09 06:00,3.397
71,04.09 07:00,3.305
71,04.09 08:00,3.199
71,04.09 09:00,3.203
71,04.09 10:00,3.704
71,04.09 11:00,3.101
71,04.09 12:00,3.69
71,04.09 13:00,3.114
71,04.09 14:00,3.2
71,04.09 15:00,3.504
71,04.09 16:00,2.913
71,04.09 17:00,3.207
71,04.09 18:00,3.307
71,04.09 19:00,3.307
71,04.09 20:00,3.389
71,04.09 21:00,3.714
71,04.09 22:00,4.412
71,04.09 23:00,3.597
71,05.09 00:00,1.6
71,05.09 01:00,3.809
71,05.09 02:00,3.807
71,05.09 03:00,3.818
71,05.09 04:00,3.939
71,05.09 05:00,3.785
71,05.09 06:00,3.789
71,05.09 07:00,1.001
71,05.09 08:00,0.998
71,05.09 09:00,1.003
71,05.09 10:00,0.997
71,05.09 11:00,0.996
71,05.09 12:00,1.002
71,05.09 13:00,0.997
71,05.09 14:00,1.0
71,05.09 15:00,1.004
71,05.09 16:00,0.997
71,05.09 17:00,0.997
71,05.09 18:00,0.998
71,05.09 19:00,0.998
71,05.09 20:00,1.002
71,05.09 21:00,1.005
71,05.09 22:00,0.999
71,05.09 23:00,1.005
71,06.09 00:00,2.691
71,06.09 01:00,0.0
71,06.09 02:00,3.791
71,06.09 03:00,3.886
71,06.09 04:00,3.892
71,06.09 05:00,3.796
71,06.09 06:00,3.717
71,06.09 07:00,9.882
71,06.09 08:00,12.674
71,06.09 09:00,19.165
71,06.09 10:00,16.746
71,06.09 11:00,19.427
71,06.09 12:00,23.496
71,06.09 13:00,23.535
71,06.09 14:00,19.595
71,06.09 15:00,17.954
71,06.09 16:00,17.841
71,06.09 17:00,14.205
71,06.09 18:00,6.885
71,06.09 19:00,3.806
71,06.09 20:00,4.3
71,06.09 21:00,4.207
71,06.09 22:00,4.095
71,06.09 23:00,4.309
71,07.09 00:00,4.491
71,07.09 01:00,4.293
71,07.09 02:00,3.918
71,07.09 03:00,4.017
71,07.09 04:00,3.684
71,07.09 05:00,4.298
71,07.09 06:00,3.893
71,07.09 07:00,10.038
71,07.09 08:00,11.378
71,07.09 09:00,20.185
71,07.09 10:00,22.066
71,07.09 11:00,22.274
71,07.09 12:00,23.112
71,07.09 13:00,21.795
71,07.09 14:00,22.574
71,07.09 15:00,19.906
71,07.09 16:00,19.452
71,07.09 17:00,14.791
71,07.09 18:00,8.34
71,07.09 19:00,5.095
71,07.09 20:00,5.515
71,07.09 21:00,5.505
71,07.09 22:00,5.407
71,07.09 23:00,5.383
71,08.09 00:00,5.116
71,08.09 01:00,5.123
71,08.09 02:00,5.507
71,08.09 03:00,5.291
71,08.09 04:00,5.28
71,08.09 05:00,5.725
71,08.09 06:00,4.98
71,08.09 07:00,11.935
71,08.09 08:00,10.957
71,08.09 09:00,18.141
71,08.09 10:00,18.545
71,08.09 11:00,23.297
71,08.09 12:00,27.325
71,08.09 13:00,22.398
71,08.09 14:00,19.861
71,08.09 15:00,17.374
71,08.09 16:00,18.381
71,08.09 17:00,14.471
71,08.09 18:00,6.884
71,08.09 19:00,4.02
71,08.09 20:00,4.011
71,08.09 21:00,4.214
71,08.09 22:00,4.417
71,08.09 23:00,4.219
71,09.09 00:00,3.892
71,09.09 01:00,4.203
71,09.09 02:00,4.006
71,09.09 03:00,4.084
71,09.09 04:00,4.116
71,09.09 05:00,4.12
71,09.09 06:00,3.885
71,09.09 07:00,10.047
71,09.09 08:00,10.882
71,09.09 09:00,20.77
71,09.09 10:00,18.281
71,09.09 11:00,20.995
71,09.09 12:00,27.997
71,09.09 13:00,23.658
71,09.09 14:00,22.16
71,09.09 15:00,17.727
71,09.09 16:00,17.179
71,09.09 17:00,10.123
71,09.09 18:00,4.301
71,09.09 19:00,3.513
71,09.09 20:00,3.712
71,09.09 21:00,4.409
71,09.09 22:00,3.897
71,09.09 23:00,3.797
71,10.09 00:00,3.708
71,10.09 01:00,4.516
71,10.09 02:00,3.716
71,10.09 03:00,3.589
71,10.09 04:00,3.695
71,10.09 05:00,4.01
71,10.09 06:00,3.816
71,10.09 07:00,3.506
71,10.09 08:00,3.694
71,10.09 09:00,3.614
71,10.09 10:00,3.096
71,10.09 11:00,3.502
71,10.09 12:00,3.494
71,10.09 13:00,3.584
71,10.09 14:00,3.229
71,10.09 15:00,3.492
71,10.09 16:00,3.302
71,10.09 17:00,3.403
71,10.09 18:00,3.516
71,10.09 19:00,3.601
71,10.09 20:00,3.604
71,10.09 21:00,3.79
71,10.09 22:00,4.203
71,10.09 23:00,3.901
71,11.09 00:00,3.305
71,11.09 01:00,4.288
71,11.09 02:00,3.686
71,11.09 03:00,3.683
71,11.09 04:00,3.81
71,11.09 05:00,3.901
71,11.09 06:00,3.586
71,11.09 07:00,3.493
71,11.09 08:00,3.698
71,11.09 09:00,3.186
71,11.09 10:00,3.091
71,11.09 11:00,3.698
71,11.09 12:00,3.296
71,11.09 13:00,3.508
71,11.09 14:00,3.404
71,11.09 15:00,3.214
71,11.09 16:00,3.091
71,11.09 17:00,3.604
71,11.09 18:00,3.403
71,11.09 19:00,3.196
71,11.09 20:00,3.899
71,11.09 21:00,3.684
71,11.09 22:00,3.883
71,11.09 23:00,4.003
71,12.09 00:00,3.908
71,12.09 01:00,4.486
71,12.09 02:00,3.616
71,12.09 03:00,3.985
71,12.09 04:00,3.595
71,12.09 05:00,3.596
71,12.09 06:00,3.592
71,12.09 07:00,10.435
71,12.09 08:00,11.128
71,12.09 09:00,18.854
71,12.09 10:00,18.106
71,12.09 11:00,17.285
71,12.09 12:00,20.193
71,12.09 13:00,17.283
71,12.09 14:00,16.238
71,12.09 15:00,17.924
71,12.09 16:00,15.226
71,12.09 17:00,11.345
71,12.09 18:00,5.988
71,12.09 19:00,3.494
71,12.09 20:00,3.916
71,12.09 21:00,4.0
71,12.09 22:00,3.599
71,12.09 23:00,4.013
71,13.09 00:00,4.607
71,13.09 01:00,3.712
71,13.09 02:00,4.38
71,13.09 03:00,3.617
71,13.09 04:00,3.991
71,13.09 05:00,3.707
71,13.09 06:00,4.094
71,13.09 07:00,10.316
71,13.09 08:00,10.988
71,13.09 09:00,19.443
71,13.09 10:00,20.922
71,13.09 11:00,22.492
71,13.09 12:00,27.985
71,13.09 13:00,23.48
71,13.09 14:00,20.13
71,13.09 15:00,18.079
71,13.09 16:00,19.283
71,13.09 17:00,13.38
71,13.09 18:00,7.183
71,13.09 19:00,4.6
71,13.09 20:00,4.801
71,13.09 21:00,5.208
71,13.09 22:00,5.676
71,13.09 23:00,4.978
71,14.09 00:00,4.299
71,14.09 01:00,4.7
71,14.09 02:00,4.777
71,14.09 03:00,4.704
71,14.09 04:00,4.417
71,14.09 05:00,5.182
71,14.09 06:00,5.775
71,14.09 07:00,11.552
71,14.09 08:00,12.29
71,14.09 09:00,18.389
71,14.09 10:00,19.86
71,14.09 11:00,22.967
71,14.09 12:00,23.202
71,14.09 13:00,23.387
71,14.09 14:00,21.562
71,14.09 15:00,21.606
71,14.09 16:00,17.325
71,14.09 17:00,13.66
71,14.09 18:00,6.129
71,14.09 19:00,4.112
71,14.09 20:00,4.696
71,14.09 21:00,4.316
71,14.09 22:00,4.212
71,14.09 23:00,4.083
71,15.09 00:00,3.994
71,15.09 01:00,4.305
71,15.09 02:00,4.1
71,15.09 03:00,4.513
71,15.09 04:00,3.987
71,15.09 05:00,4.38
71,15.09 06:00,4.302
71,15.09 07:00,10.09
71,15.09 08:00,11.163
71,15.09 09:00,20.406
71,15.09 10:00,18.779
71,15.09 11:00,22.69
71,15.09 12:00,26.936
71,15.09 13:00,25.254
71,15.09 14:00,20.942
71,15.09 15:00,18.93
71,15.09 16:00,18.225
71,15.09 17:00,13.801
71,15.09 18:00,7.298
71,15.09 19:00,4.303
71,15.09 20:00,3.989
71,15.09 21:00,4.084
71,15.09 22:00,4.406
71,15.09 23:00,4.083
71,16.09 00:00,4.01
71,16.09 01:00,4.195
71,16.09 02:00,4.204
71,16.09 03:00,3.998
71,16.09 04:00,4.008
71,16.09 05:00,4.398
71,16.09 06:00,4.697
71,16.09 07:00,10.206
71,16.09 08:00,10.609
71,16.09 09:00,19.33
71,16.09 10:00,16.89
71,16.09 11:00,19.375
71,16.09 12:00,23.528
71,16.09 13:00,17.316
71,16.09 14:00,18.552
71,16.09 15:00,17.537
71,16.09 16:00,16.859
71,16.09 17:00,8.307
71,16.09 18:00,4.385
71,16.09 19:00,4.007
71,16.09 20:00,4.145
71,16.09 21:00,4.289
71,16.09 22:00,4.679
71,16.09 23:00,3.884
71,17.09 00:00,3.905
71,17.09 01:00,4.205
71,17.09 02:00,4.287
71,17.09 03:00,3.682
71,17.09 04:00,4.287
71,17.09 05:00,3.808
71,17.09 06:00,4.407
71,17.09 07:00,4.21
71,17.09 08:00,3.586
71,17.09 09:00,3.498
71,17.09 10:00,4.51
71,17.09 11:00,4.116
71,17.09 12:00,4.482
71,17.09 13:00,4.398
71,17.09 14:00,3.815
71,17.09 15:00,3.917
71,17.09 16:00,3.516
71,17.09 17:00,3.805
71,17.09 18:00,3.617
71,17.09 19:00,3.51
71,17.09 20:00,4.115
71,17.09 21:00,4.612
71,17.09 22:00,3.918
71,17.09 23:00,4.007
71,18.09 00:00,3.799
71,18.09 01:00,3.697
71,18.09 02:00,4.389
71,18.09 03:00,3.697
71,18.09 04:00,3.883
71,18.09 05:00,3.994
71,18.09 06:00,4.011
71,18.09 07:00,4.194
71,18.09 08:00,3.689
71,18.09 09:00,3.617
71,18.09 10:00,3.403
71,18.09 11:00,4.098
71,18.09 12:00,3.687
71,18.09 13:00,3.397
71,18.09 14:00,3.592
71,18.09 15:00,3.493
71,18.09 16:00,3.308
71,18.09 17:00,3.914
71,18.09 18:00,3.796
71,18.09 19:00,3.336
71,18.09 20:00,3.883
71,18.09 21:00,4.005
71,18.09 22:00,4.384
71,18.09 23:00,3.993
71,19.09 00:00,4.393
71,19.09 01:00,3.81
71,19.09 02:00,3.998
71,19.09 03:00,4.413
71,19.09 04:00,3.695
71,19.09 05:00,3.919
71,19.09 06:00,4.285
71,19.09 07:00,10.521
71,19.09 08:00,12.529
71,19.09 09:00,23.32
71,19.09 10:00,20.495
71,19.09 11:00,24.139
71,19.09 12:00,26.34
71,19.09 13:00,24.562
71,19.09 14:00,22.271
71,19.09 15:00,20.762
71,19.09 16:00,18.86
71,19.09 17:00,13.751
71,19.09 18:00,7.915
71,19.09 19:00,4.098
71,19.09 20:00,4.083
71,19.09 21:00,4.114
71,19.09 22:00,4.011
71,19.09 23:00,3.914
71,20.09 00:00,3.883
71,20.09 01:00,3.703
71,20.09 02:00,3.884
71,20.09 03:00,4.01
71,20.09 04:00,4.083
71,20.09 05:00,3.903
71,20.09 06:00,4.204
71,20.09 07:00,10.765
71,20.09 08:00,11.135
71,20.09 09:00,20.371
71,20.09 10:00,19.097
71,20.09 11:00,23.961
71,20.09 12:00,24.502
71,20.09 13:00,24.607
71,20.09 14:00,21.622
71,20.09 15:00,17.934
71,20.09 16:00,19.36
71,20.09 17:00,14.272
71,20.09 18:00,7.79
71,20.09 19:00,4.219
71,20.09 20:00,3.918
71,20.09 21:00,4.083
71,20.09 22:00,4.4
71,20.09 23:00,4.103
71,21.09 00:00,4.082
71,21.09 01:00,3.704
71,21.09 02:00,4.109
71,21.09 03:00,3.804
71,21.09 04:00,3.704
71,21.09 05:00,3.806
71,21.09 06:00,4.515
71,21.09 07:00,10.449
71,21.09 08:00,11.416
71,21.09 09:00,19.059
71,21.09 10:00,18.275
71,21.09 11:00,21.091
71,21.09 12:00,20.212
71,21.09 13:00,22.066
71,21.09 14:00,20.426
71,21.09 15:00,18.496
71,21.09 16:00,17.54
71,21.09 17:00,13.555
71,21.09 18:00,6.685
71,21.09 19:00,4.312
71,21.09 20:00,4.303
71,21.09 21:00,4.392
71,21.09 22:00,4.383
71,21.09 23:00,4.111
71,22.09 00:00,3.814
71,22.09 01:00,4.09
71,22.09 02:00,4.309
71,22.09 03:00,4.09
71,22.09 04:00,4.005
71,22.09 05:00,4.394
71,22.09 06:00,4.378
71,22.09 07:00,11.241
71,22.09 08:00,10.579
71,22.09 09:00,19.996
71,22.09 10:00,22.162
71,22.09 11:00,24.667
71,22.09 12:00,28.176
71,22.09 13:00,22.388
71,22.09 14:00,20.172
71,22.09 15:00,17.605
71,22.09 16:00,16.978
71,22.09 17:00,14.035
71,22.09 18:00,7.637
71,22.09 19:00,4.117
71,22.09 20:00,5.086
71,22.09 21:00,4.315
71,22.09 22:00,4.71
71,22.09 23:00,4.491
71,23.09 00:00,4.285
71,23.09 01:00,4.622
71,23.09 02:00,4.391
71,23.09 03:00,4.218
71,23.09 04:00,4.099
71,23.09 05:00,4.293
71,23.09 06:00,4.789
71,23.09 07:00,10.829
71,23.09 08:00,11.611
71,23.09 09:00,20.207
71,23.09 10:00,18.926
71,23.09 11:00,20.32
71,23.09 12:00,27.4
71,23.09 13:00,24.652
71,23.09 14:00,20.895
71,23.09 15:00,19.338
71,23.09 16:00,17.315
71,23.09 17:00,13.632
71,23.09 18:00,5.585
71,23.09 19:00,4.183
71,23.09 20:00,4.117
71,23.09 21:00,4.112
71,23.09 22:00,4.3
71,23.09 23:00,3.888
71,24.09 00:00,3.706
71,24.09 01:00,4.201
71,24.09 02:00,3.892
71,24.09 03:00,3.784
71,24.09 04:00,4.204
71,24.09 05:00,3.704
71,24.09 06:00,3.91
71,24.09 07:00,4.179
71,24.09 08:00,4.096
71,24.09 09:00,3.512
71,24.09 10:00,3.605
71,24.09 11:00,3.694
71,24.09 12:00,3.488
71,24.09 13:00,3.698
71,24.09 14:00,3.588
71,24.09 15:00,3.487
71,24.09 16:00,3.489
71,24.09 17:00,3.811
71,24.09 18:00,3.682
71,24.09 19:00,3.607
71,24.09 20:00,4.919
71,24.09 21:00,4.085
71,24.09 22:00,4.091
71,24.09 23:00,3.993
71,25.09 00:00,4.185
71,25.09 01:00,4.01
71,25.09 02:00,3.8
71,25.09 03:00,4.011
71,25.09 04:00,3.987
71,25.09 05:00,3.985
71,25.09 06:00,3.914
71,25.09 07:00,4.12
71,25.09 08:00,3.698
71,25.09 09:00,3.802
71,25.09 10:00,3.507
71,25.09 11:00,3.697
71,25.09 12:00,3.386
71,25.09 13:00,3.49
71,25.09 14:00,3.501
71,25.09 15:00,3.917
71,25.09 16:00,3.508
71,25.09 17:00,3.594
71,25.09 18:00,3.583
71,25.09 19:00,3.692
71,25.09 20:00,4.182
71,25.09 21:00,4.692
71,25.09 22:00,3.983
71,25.09 23:00,3.714
71,26.09 00:00,4.097
71,26.09 01:00,3.897
71,26.09 02:00,3.915
71,26.09 03:00,3.897
71,26.09 04:00,3.892
71,26.09 05:00,3.793
71,26.09 06:00,4.202
71,26.09 07:00,11.14
71,26.09 08:00,11.042
71,26.09 09:00,22.809
71,26.09 10:00,22.358
71,26.09 11:00,24.6
71,26.09 12:00,26.801
71,26.09 13:00,22.861
71,26.09 14:00,21.593
71,26.09 15:00,19.484
71,26.09 16:00,18.129
71,26.09 17:00,13.655
71,26.09 18:00,9.184
71,26.09 19:00,4.779
71,26.09 20:00,4.513
71,26.09 21:00,4.32
71,26.09 22:00,4.311
71,26.09 23:00,3.907
71,27.09 00:00,3.99
71,27.09 01:00,3.899
71,27.09 02:00,3.907
71,27.09 03:00,4.28
71,27.09 04:00,3.799
71,27.09 05:00,4.195
71,27.09 06:00,4.619
71,27.09 07:00,10.334
71,27.09 08:00,12.82
71,27.09 09:00,19.24
71,27.09 10:00,21.12
71,27.09 11:00,22.617
71,27.09 12:00,25.022
71,27.09 13:00,23.978
71,27.09 14:00,21.042
71,27.09 15:00,19.287
71,27.09 16:00,17.579
71,27.09 17:00,14.535
71,27.09 18:00,8.039
71,27.09 19:00,4.308
71,27.09 20:00,4.806
71,27.09 21:00,4.291
71,27.09 22:00,4.713
71,27.09 23:00,4.713
71,28.09 00:00,4.309
71,28.09 01:00,4.591
71,28.09 02:00,5.114
71,28.09 03:00,4.006
71,28.09 04:00,4.591
71,28.09 05:00,4.417
71,28.09 06:00,4.612
71,28.09 07:00,10.775
71,28.09 08:00,11.572
71,28.09 09:00,23.402
71,28.09 10:00,20.928
71,28.09 11:00,22.585
71,28.09 12:00,22.595
71,28.09 13:00,23.068
71,28.09 14:00,21.547
71,28.09 15:00,19.344
71,28.09 16:00,19.134
71,28.09 17:00,14.608
71,28.09 18:00,8.886
71,28.09 19:00,4.112
71,28.09 20:00,4.22
71,28.09 21:00,3.998
71,28.09 22:00,4.412
71,28.09 23:00,4.0
71,29.09 00:00,4.106
71,29.09 01:00,3.902
71,29.09 02:00,3.892
71,29.09 03:00,4.085
71,29.09 04:00,3.784
71,29.09 05:00,4.295
71,29.09 06:00,4.303
71,29.09 07:00,10.202
71,29.09 08:00,12.836
71,29.09 09:00,21.36
71,29.09 10:00,19.844
71,29.09 11:00,23.36
71,29.09 12:00,28.869
71,29.09 13:00,24.986
71,29.09 14:00,19.435
71,29.09 15:00,18.767
71,29.09 16:00,18.614
71,29.09 17:00,13.359
71,29.09 18:00,8.589
71,29.09 19:00,4.892
71,29.09 20:00,4.71
71,29.09 21:00,4.395
71,29.09 22:00,4.417
71,29.09 23:00,4.621
71,30.09 00:00,4.288
71,30.09 01:00,4.303
71,30.09 02:00,4.22
71,30.09 03:00,4.093
71,30.09 04:00,4.488
71,30.09 05:00,4.287
71,30.09 06:00,4.921
71,30.09 07:00,10.373
71,30.09 08:00,11.671
71,30.09 09:00,21.075
71,30.09 10:00,19.851
71,30.09 11:00,19.418
71,30.09 12:00,24.834
71,30.09 13:00,24.842
71,30.09 14:00,19.582
71,30.09 15:00,20.012
71,30.09 16:00,17.285
71,30.09 17:00,13.523
71,30.09 18:00,3.917
71,30.09 19:00,4.083
71,30.09 20:00,4.191
71,30.09 21:00,3.988
71,30.09 22:00,4.396
71,30.09 23:00,4.085
