77,01.03 00:00,4.416
77,01.03 01:00,4.085
77,01.03 02:00,4.217
77,01.03 03:00,4.101
77,01.03 04:00,4.783
77,01.03 05:00,5.298
77,01.03 06:00,6.675
77,01.03 07:00,17.44
77,01.03 08:00,19.328
77,01.03 09:00,28.922
77,01.03 10:00,28.895
77,01.03 11:00,27.812
77,01.03 12:00,30.535
77,01.03 13:00,32.958
77,01.03 14:00,29.836
77,01.03 15:00,23.537
77,01.03 16:00,21.704
77,01.03 17:00,16.335
77,01.03 18:00,12.229
77,01.03 19:00,5.381
77,01.03 20:00,4.1
77,01.03 21:00,4.516
77,01.03 22:00,3.811
77,01.03 23:00,4.195
77,02.03 00:00,4.782
77,02.03 01:00,4.28
77,02.03 02:00,3.997
77,02.03 03:00,4.616
77,02.03 04:00,3.806
77,02.03 05:00,4.288
77,02.03 06:00,7.072
77,02.03 07:00,17.335
77,02.03 08:00,19.016
77,02.03 09:00,28.763
77,02.03 10:00,31.376
77,02.03 11:00,28.017
77,02.03 12:00,31.922
77,02.03 13:00,33.351
77,02.03 14:00,27.026
77,02.03 15:00,25.499
77,02.03 16:00,23.167
77,02.03 17:00,19.626
77,02.03 18:00,13.457
77,02.03 19:00,5.771
77,02.03 20:00,4.586
77,02.03 21:00,3.809
77,02.03 22:00,4.304
77,02.03 23:00,3.881
77,03.03 00:00,4.714
77,03.03 01:00,3.782
77,03.03 02:00,4.299
77,03.03 03:00,4.185
77,03.03 04:00,4.1
77,03.03 05:00,4.207
77,03.03 06:00,6.701
77,03.03 07:00,17.835
77,03.03 08:00,19.053
77,03.03 09:00,27.294
77,03.03 10:00,30.498
77,03.03 11:00,30.334
77,03.03 12:00,35.676
77,03.03 13:00,33.835
77,03.03 14:00,23.995
77,03.03 15:00,22.525
77,03.03 16:00,19.531
77,03.03 17:00,17.439
77,03.03 18:00,8.559
77,03.03 19:00,6.604
77,03.03 20:00,6.707
77,03.03 21:00,7.022
77,03.03 22:00,5.086
77,03.03 23:00,4.306
77,04.03 00:00,3.81
77,04.03 01:00,4.621
77,04.03 02:00,4.877
77,04.03 03:00,4.212
77,04.03 04:00,4.494
77,04.03 05:00,4.593
77,04.03 06:00,6.011
77,04.03 07:00,17.926
77,04.03 08:00,18.571
77,04.03 09:00,26.382
77,04.03 10:00,28.592
77,04.03 11:00,29.483
77,04.03 12:00,35.051
77,04.03 13:00,33.595
77,04.03 14:00,24.327
77,04.03 15:00,19.849
77,04.03 16:00,19.226
77,04.03 17:00,13.761
77,04.03 18:00,7.297
77,04.03 19:00,3.985
77,04.03 20:00,3.997
77,04.03 21:00,4.002
77,04.03 22:00,4.207
77,04.03 23:00,3.919
77,05.03 00:00,4.408
77,05.03 01:00,3.718
77,05.03 02:00,4.405
77,05.03 03:00,3.589
77,05.03 04:00,4.1
77,05.03 05:00,4.201
77,05.03 06:00,3.918
77,05.03 07:00,3.885
77,05.03 08:00,3.983
77,05.03 09:00,3.693
77,05.03 10:00,4.004
77,05.03 11:00,3.705
77,05.03 12:00,4.21
77,05.03 13:00,4.084
77,05.03 14:00,3.896
77,05.03 15:00,4.004
77,05.03 16:00,3.496
77,05.03 17:00,4.32
77,05.03 18:00,3.897
77,05.03 19:00,3.702
77,05.03 20:00,4.117
77,05.03 21:00,3.793
77,05.03 22:00,4.217
77,05.03 23:00,3.496
77,06.03 00:00,4.003
77,06.03 01:00,3.813
77,06.03 02:00,3.982
77,06.03 03:00,3.908
77,06.03 04:00,4.19
77,06.03 05:00,3.889
77,06.03 06:00,3.683
77,06.03 07:00,3.792
77,06.03 08:00,3.685
77,06.03 09:00,4.187
77,06.03 10:00,3.982
77,06.03 11:00,3.684
77,06.03 12:00,3.988
77,06.03 13:00,3.689
77,06.03 14:00,4.388
77,06.03 15:00,3.811
77,06.03 16:00,3.802
77,06.03 17:00,3.987
77,06.03 18:00,3.71
77,06.03 19:00,3.992
77,06.03 20:00,3.503
77,06.03 21:00,4.513
77,06.03 22:00,4.215
77,06.03 23:00,3.702
77,07.03 00:00,4.693
77,07.03 01:00,3.795
77,07.03 02:00,3.807
77,07.03 03:00,4.017
77,07.03 04:00,5.183
77,07.03 05:00,6.17
77,07.03 06:00,6.787
77,07.03 07:00,18.241
77,07.03 08:00,20.935
77,07.03 09:00,28.668
77,07.03 10:00,30.096
77,07.03 11:00,30.879
77,07.03 12:00,29.032
77,07.03 13:00,32.195
77,07.03 14:00,28.991
77,07.03 15:00,24.602
77,07.03 16:00,25.336
77,07.03 17:00,17.865
77,07.03 18:00,11.94
77,07.03 19:00,5.823
77,07.03 20:00,4.189
77,07.03 21:00,4.008
77,07.03 22:00,3.988
77,07.03 23:00,4.206
77,08.03 00:00,3.687
77,08.03 01:00,4.197
77,08.03 02:00,3.999
77,08.03 03:00,3.883
77,08.03 04:00,4.21
77,08.03 05:00,5.618
77,08.03 06:00,6.592
77,08.03 07:00,16.356
77,08.03 08:00,20.246
77,08.03 09:00,28.692
77,08.03 10:00,26.911
77,08.03 11:00,27.652
77,08.03 12:00,32.503
77,08.03 13:00,31.382
77,08.03 14:00,25.395
77,08.03 15:00,22.717
77,08.03 16:00,18.184
77,08.03 17:00,17.562
77,08.03 18:00,11.487
77,08.03 19:00,5.001
77,08.03 20:00,4.191
77,08.03 21:00,3.715
77,08.03 22:00,4.21
77,08.03 23:00,4.089
77,09.03 00:00,4.521
77,09.03 01:00,4.416
77,09.03 02:00,3.598
77,09.03 03:00,4.497
77,09.03 04:00,3.612
77,09.03 05:00,4.398
77,09.03 06:00,6.328
77,09.03 07:00,17.106
77,09.03 08:00,18.552
77,09.03 09:00,28.665
77,09.03 10:00,31.095
77,09.03 11:00,30.192
77,09.03 12:00,30.477
77,09.03 13:00,33.022
77,09.03 14:00,25.787
77,09.03 15:00,21.563
77,09.03 16:00,22.401
77,09.03 17:00,20.413
77,09.03 18:00,10.35
77,09.03 19:00,6.609
77,09.03 20:00,5.379
77,09.03 21:00,5.288
77,09.03 22:00,5.69
77,09.03 23:00,5.718
77,10.03 00:00,4.786
77,10.03 01:00,5.527
77,10.03 02:00,5.397
77,10.03 03:00,5.417
77,10.03 04:00,5.482
77,10.03 05:00,6.011
77,10.03 06:00,8.101
77,10.03 07:00,19.022
77,10.03 08:00,18.615
77,10.03 09:00,22.799
77,10.03 10:00,23.049
77,10.03 11:00,25.792
77,10.03 12:00,27.798
77,10.03 13:00,31.565
77,10.03 14:00,22.653
77,10.03 15:00,19.22
77,10.03 16:00,20.03
77,10.03 17:00,17.519
77,10.03 18:00,8.635
77,10.03 19:00,6.574
77,10.03 20:00,7.226
77,10.03 21:00,6.772
77,10.03 22:00,4.181
77,10.03 23:00,3.683
77,11.03 00:00,4.596
77,11.03 01:00,3.792
77,11.03 02:00,3.888
77,11.03 03:00,4.4
77,11.03 04:00,3.483
77,11.03 05:00,4.189
77,11.03 06:00,5.376
77,11.03 07:00,17.655
77,11.03 08:00,18.77
77,11.03 09:00,23.182
77,11.03 10:00,23.043
77,11.03 11:00,24.691
77,11.03 12:00,28.406
77,11.03 13:00,29.612
77,11.03 14:00,19.212
77,11.03 15:00,17.953
77,11.03 16:00,18.963
77,11.03 17:00,15.143
77,11.03 18:00,8.636
77,11.03 19:00,5.094
77,11.03 20:00,3.793
77,11.03 21:00,4.495
77,11.03 22:00,3.805
77,11.03 23:00,4.599
77,12.03 00:00,4.211
77,12.03 01:00,4.501
77,12.03 02:00,4.305
77,12.03 03:00,4.379
77,12.03 04:00,4.198
77,12.03 05:00,4.089
77,12.03 06:00,4.291
77,12.03 07:00,4.315
77,12.03 08:00,4.3
77,12.03 09:00,3.896
77,12.03 10:00,4.518
77,12.03 11:00,4.293
77,12.03 12:00,4.29
77,12.03 13:00,4.187
77,12.03 14:00,3.694
77,12.03 15:00,4.318
77,12.03 16:00,4.415
77,12.03 17:00,4.184
77,12.03 18:00,3.913
77,12.03 19:00,4.314
77,12.03 20:00,4.485
77,12.03 21:00,4.185
77,12.03 22:00,3.913
77,12.03 23:00,4.294
77,13.03 00:00,3.709
77,13.03 01:00,4.11
77,13.03 02:00,4.298
77,13.03 03:00,4.009
77,13.03 04:00,4.686
77,13.03 05:00,4.203
77,13.03 06:00,3.988
77,13.03 07:00,4.6
77,13.03 08:00,4.201
77,13.03 09:00,4.096
77,13.03 10:00,4.22
77,13.03 11:00,4.201
77,13.03 12:00,4.482
77,13.03 13:00,4.082
77,13.03 14:00,4.296
77,13.03 15:00,4.192
77,13.03 16:00,4.006
77,13.03 17:00,4.397
77,13.03 18:00,4.091
77,13.03 19:00,4.408
77,13.03 20:00,4.111
77,13.03 21:00,4.495
77,13.03 22:00,3.902
77,13.03 23:00,4.312
77,14.03 00:00,4.196
77,14.03 01:00,4.303
77,14.03 02:00,4.201
77,14.03 03:00,4.38
77,14.03 04:00,3.901
77,14.03 05:00,5.501
77,14.03 06:00,6.427
77,14.03 07:00,20.925
77,14.03 08:00,23.235
77,14.03 09:00,29.832
77,14.03 10:00,29.997
77,14.03 11:00,30.876
77,14.03 12:00,29.161
77,14.03 13:00,34.316
77,14.03 14:00,25.76
77,14.03 15:00,19.433
77,14.03 16:00,21.528
77,14.03 17:00,17.436
77,14.03 18:00,12.979
77,14.03 19:00,5.504
77,14.03 20:00,4.315
77,14.03 21:00,4.691
77,14.03 22:00,4.406
77,14.03 23:00,4.813
77,15.03 00:00,4.379
77,15.03 01:00,5.024
77,15.03 02:00,4.186
77,15.03 03:00,4.61
77,15.03 04:00,3.99
77,15.03 05:00,4.81
77,15.03 06:00,6.888
77,15.03 07:00,15.974
77,15.03 08:00,18.405
77,15.03 09:00,25.721
77,15.03 10:00,28.335
77,15.03 11:00,26.895
77,15.03 12:00,29.165
77,15.03 13:00,28.185
77,15.03 14:00,22.881
77,15.03 15:00,22.234
77,15.03 16:00,20.588
77,15.03 17:00,19.455
77,15.03 18:00,12.851
77,15.03 19:00,6.676
77,15.03 20:00,4.782
77,15.03 21:00,4.378
77,15.03 22:00,5.285
77,15.03 23:00,4.512
77,16.03 00:00,4.821
77,16.03 01:00,4.714
77,16.03 02:00,5.379
77,16.03 03:00,4.522
77,16.03 04:00,4.39
77,16.03 05:00,5.301
77,16.03 06:00,5.98
77,16.03 07:00,18.356
77,16.03 08:00,19.627
77,16.03 09:00,28.27
77,16.03 10:00,31.383
77,16.03 11:00,27.874
77,16.03 12:00,30.176
77,16.03 13:00,30.846
77,16.03 14:00,24.432
77,16.03 15:00,20.899
77,16.03 16:00,18.723
77,16.03 17:00,18.677
77,16.03 18:00,12.13
77,16.03 19:00,5.521
77,16.03 20:00,3.891
77,16.03 21:00,4.597
77,16.03 22:00,4.018
77,16.03 23:00,4.208
77,17.03 00:00,4.013
77,17.03 01:00,4.918
77,17.03 02:00,3.805
77,17.03 03:00,4.413
77,17.03 04:00,3.805
77,17.03 05:00,4.603
77,17.03 06:00,6.014
77,17.03 07:00,17.016
77,17.03 08:00,18.769
77,17.03 09:00,26.93
77,17.03 10:00,26.64
77,17.03 11:00,26.253
77,17.03 12:00,27.791
77,17.03 13:00,33.063
77,17.03 14:00,26.016
77,17.03 15:00,20.046
77,17.03 16:00,22.53
77,17.03 17:00,18.733
77,17.03 18:00,12.963
77,17.03 19:00,7.487
77,17.03 20:00,6.777
77,17.03 21:00,7.288
77,17.03 22:00,4.88
77,17.03 23:00,4.295
77,18.03 00:00,4.31
77,18.03 01:00,4.685
77,18.03 02:00,4.401
77,18.03 03:00,4.396
77,18.03 04:00,5.124
77,18.03 05:00,4.118
77,18.03 06:00,6.071
77,18.03 07:00,17.104
77,18.03 08:00,20.108
77,18.03 09:00,25.238
77,18.03 10:00,27.005
77,18.03 11:00,25.649
77,18.03 12:00,29.402
77,18.03 13:00,33.869
77,18.03 14:00,22.966
77,18.03 15:00,19.11
77,18.03 16:00,18.887
77,18.03 17:00,14.206
77,18.03 18:00,9.121
77,18.03 19:00,4.393
77,18.03 20:00,4.309
77,18.03 21:00,4.292
77,18.03 22:00,4.197
77,18.03 23:00,4.713
77,19.03 00:00,3.903
77,19.03 01:00,5.083
77,19.03 02:00,3.894
77,19.03 03:00,4.392
77,19.03 04:00,4.01
77,19.03 05:00,4.716
77,19.03 06:00,4.206
77,19.03 07:00,4.499
77,19.03 08:00,4.103
77,19.03 09:00,4.286
77,19.03 10:00,4.596
77,19.03 11:00,3.687
77,19.03 12:00,4.586
77,19.03 13:00,3.792
77,19.03 14:00,4.704
77,19.03 15:00,4.591
77,19.03 16:00,4.014
77,19.03 17:00,4.292
77,19.03 18:00,4.082
77,19.03 19:00,4.314
77,19.03 20:00,4.219
77,19.03 21:00,3.992
77,19.03 22:00,4.59
77,19.03 23:00,4.288
77,20.03 00:00,4.117
77,20.03 01:00,4.08
77,20.03 02:00,4.413
77,20.03 03:00,4.218
77,20.03 04:00,4.213
77,20.03 05:00,4.196
77,20.03 06:00,4.416
77,20.03 07:00,4.296
77,20.03 08:00,4.587
77,20.03 09:00,3.8
77,20.03 10:00,4.483
77,20.03 11:00,4.608
77,20.03 12:00,3.815
77,20.03 13:00,4.379
77,20.03 14:00,3.915
77,20.03 15:00,4.813
77,20.03 16:00,4.098
77,20.03 17:00,4.383
77,20.03 18:00,4.117
77,20.03 19:00,4.279
77,20.03 20:00,4.192
77,20.03 21:00,3.912
77,20.03 22:00,4.404
77,20.03 23:00,4.822
77,21.03 00:00,3.609
77,21.03 01:00,4.306
77,21.03 02:00,4.103
77,21.03 03:00,4.807
77,21.03 04:00,3.815
77,21.03 05:00,6.576
77,21.03 06:00,6.679
77,21.03 07:00,18.871
77,21.03 08:00,22.508
77,21.03 09:00,31.693
77,21.03 10:00,29.499
77,21.03 11:00,28.141
77,21.03 12:00,30.051
77,21.03 13:00,31.779
77,21.03 14:00,24.62
77,21.03 15:00,20.395
77,21.03 16:00,20.911
77,21.03 17:00,19.338
77,21.03 18:00,12.976
77,21.03 19:00,8.015
77,21.03 20:00,5.626
77,21.03 21:00,4.2
77,21.03 22:00,3.98
77,21.03 23:00,4.417
77,22.03 00:00,5.186
77,22.03 01:00,4.314
77,22.03 02:00,3.718
77,22.03 03:00,4.705
77,22.03 04:00,4.209
77,22.03 05:00,4.292
77,22.03 06:00,6.325
77,22.03 07:00,18.017
77,22.03 08:00,18.774
77,22.03 09:00,25.61
77,22.03 10:00,24.783
77,22.03 11:00,27.819
77,22.03 12:00,30.096
77,22.03 13:00,31.113
77,22.03 14:00,22.149
77,22.03 15:00,20.685
77,22.03 16:00,20.405
77,22.03 17:00,18.337
77,22.03 18:00,13.74
77,22.03 19:00,5.918
77,22.03 20:00,4.52
77,22.03 21:00,4.612
77,22.03 22:00,4.707
77,22.03 23:00,4.413
77,23.03 00:00,4.6
77,23.03 01:00,4.689
77,23.03 02:00,4.778
77,23.03 03:00,4.48
77,23.03 04:00,5.017
77,23.03 05:00,4.506
77,23.03 06:00,6.587
77,23.03 07:00,17.54
77,23.03 08:00,19.701
77,23.03 09:00,26.802
77,23.03 10:00,30.058
77,23.03 11:00,26.667
77,23.03 12:00,29.509
77,23.03 13:00,31.426
77,23.03 14:00,25.895
77,23.03 15:00,21.12
77,23.03 16:00,23.902
77,23.03 17:00,18.683
77,23.03 18:00,10.647
77,23.03 19:00,6.011
77,23.03 20:00,4.379
77,23.03 21:00,4.484
77,23.03 22:00,4.488
77,23.03 23:00,5.009
77,24.03 00:00,4.283
77,24.03 01:00,4.608
77,24.03 02:00,4.295
77,24.03 03:00,4.386
77,24.03 04:00,4.783
77,24.03 05:00,4.19
77,24.03 06:00,6.097
77,24.03 07:00,18.167
77,24.03 08:00,20.331
77,24.03 09:00,26.71
77,24.03 10:00,26.502
77,24.03 11:00,28.361
77,24.03 12:00,30.88
77,24.03 13:00,33.482
77,24.03 14:00,26.3
77,24.03 15:00,21.137
77,24.03 16:00,19.624
77,24.03 17:00,14.907
77,24.03 18:00,6.608
77,24.03 19:00,5.787
77,24.03 20:00,5.68
77,24.03 21:00,6.181
77,24.03 22:00,4.287
77,24.03 23:00,3.69
77,25.03 00:00,4.114
77,25.03 01:00,3.599
77,25.03 02:00,3.79
77,25.03 03:00,4.112
77,25.03 04:00,3.501
77,25.03 05:00,3.801
77,25.03 06:00,3.71
77,25.03 07:00,4.085
77,25.03 08:00,3.687
77,25.03 09:00,3.582
77,25.03 10:00,3.691
77,25.03 11:00,3.687
77,25.03 12:00,3.603
77,25.03 13:00,3.486
77,25.03 14:00,4.093
77,25.03 15:00,3.804
77,25.03 16:00,3.401
77,25.03 17:00,3.882
77,25.03 18:00,3.291
77,25.03 19:00,3.995
77,25.03 20:00,3.797
77,25.03 21:00,3.411
77,25.03 22:00,3.891
77,25.03 23:00,3.593
77,26.03 00:00,3.597
77,26.03 01:00,3.41
77,26.03 02:00,3.909
77,26.03 03:00,3.394
77,26.03 04:00,4.019
77,26.03 05:00,3.296
77,26.03 06:00,3.891
77,26.03 07:00,3.594
77,26.03 08:00,4.28
77,26.03 09:00,3.495
77,26.03 10:00,3.608
77,26.03 11:00,3.898
77,26.03 12:00,3.314
77,26.03 13:00,4.011
77,26.03 14:00,3.487
77,26.03 15:00,3.411
77,26.03 16:00,3.971
77,26.03 17:00,3.816
77,26.03 18:00,3.499
77,26.03 19:00,3.814
77,26.03 20:00,3.405
77,26.03 21:00,3.616
77,26.03 22:00,3.809
77,26.03 23:00,3.814
77,27.03 00:00,4.085
77,27.03 01:00,2.401
77,27.03 02:00,1.704
77,27.03 03:00,3.29
77,27.03 04:00,4.105
77,27.03 05:00,2.994
77,27.03 06:00,4.198
77,27.03 07:00,3.586
77,27.03 08:00,3.894
77,27.03 09:00,3.712
77,27.03 10:00,3.614
77,27.03 11:00,3.698
77,27.03 12:00,3.393
77,27.03 13:00,4.08
77,27.03 14:00,3.184
77,27.03 15:00,4.208
77,27.03 16:00,3.69
77,27.03 17:00,3.289
77,27.03 18:00,4.114
77,27.03 19:00,3.192
77,27.03 20:00,3.893
77,27.03 21:00,3.409
77,27.03 22:00,3.982
77,27.03 23:00,3.611
77,28.03 00:00,3.587
77,28.03 01:00,3.109
77,28.03 02:00,3.902
77,28.03 03:00,3.612
77,28.03 04:00,3.793
77,28.03 05:00,3.291
77,28.03 06:00,4.487
77,28.03 07:00,3.398
77,28.03 08:00,3.892
77,28.03 09:00,3.809
77,28.03 10:00,3.604
77,28.03 11:00,3.712
77,28.03 12:00,3.493
77,28.03 13:00,3.994
77,28.03 14:00,3.396
77,28.03 15:00,4.005
77,28.03 16:00,3.792
77,28.03 17:00,3.284
77,28.03 18:00,3.683
77,28.03 19:00,3.703
77,28.03 20:00,3.882
77,28.03 21:00,3.786
77,28.03 22:00,3.189
77,28.03 23:00,3.911
77,29.03 00:00,3.894
77,29.03 01:00,3.707
77,29.03 02:00,3.303
77,29.03 03:00,4.193
77,29.03 04:00,3.406
77,29.03 05:00,3.919
77,29.03 06:00,3.394
77,29.03 07:00,15.223
77,29.03 08:00,16.253
77,29.03 09:00,16.271
77,29.03 10:00,12.171
77,29.03 11:00,10.015
77,29.03 12:00,6.673
77,29.03 13:00,6.716
77,29.03 14:00,6.697
77,29.03 15:00,6.007
77,29.03 16:00,5.214
77,29.03 17:00,4.391
77,29.03 18:00,5.312
77,29.03 19:00,3.604
77,29.03 20:00,4.283
77,29.03 21:00,3.893
77,29.03 22:00,4.009
77,29.03 23:00,3.694
77,30.03 00:00,4.081
77,30.03 01:00,4.104
77,30.03 02:00,3.494
77,30.03 03:00,4.621
77,30.03 04:00,3.697
77,30.03 05:00,4.593
77,30.03 06:00,5.609
77,30.03 07:00,10.174
77,30.03 08:00,14.172
77,30.03 09:00,13.912
77,30.03 10:00,14.871
77,30.03 11:00,10.149
77,30.03 12:00,5.002
77,30.03 13:00,4.817
77,30.03 14:00,6.768
77,30.03 15:00,4.993
77,30.03 16:00,4.977
77,30.03 17:00,4.184
77,30.03 18:00,4.752
77,30.03 19:00,3.604
77,30.03 20:00,3.7
77,30.03 21:00,3.39
77,30.03 22:00,3.589
77,30.03 23:00,3.896
77,31.03 00:00,3.3
77,31.03 01:00,3.59
77,31.03 02:00,3.405
77,31.03 03:00,3.595
77,31.03 04:00,3.812
77,31.03 05:00,3.29
77,31.03 06:00,5.22
77,31.03 07:00,9.316
77,31.03 08:00,8.716
77,31.03 09:00,10.131
77,31.03 10:00,7.89
77,31.03 11:00,4.604
77,31.03 12:00,5.59
77,31.03 13:00,7.174
77,31.03 14:00,4.289
77,31.03 15:00,4.902
77,31.03 16:00,4.679
77,31.03 17:00,5.815
77,31.03 18:00,5.59
77,31.03 19:00,6.575
77,31.03 20:00,5.986
77,31.03 21:00,6.63
77,31.03 22:00,3.996
77,31.03 23:00,4.1
77,01.04 00:00,3.994
77,01.04 01:00,4.295
77,01.04 02:00,3.787
77,01.04 03:00,4.085
77,01.04 04:00,3.991
77,01.04 05:00,4.018
77,01.04 06:00,4.786
77,01.04 07:00,9.456
77,01.04 08:00,9.085
77,01.04 09:00,7.581
77,01.04 10:00,6.113
77,01.04 11:00,4.685
77,01.04 12:00,6.085
77,01.04 13:00,5.292
77,01.04 14:00,4.007
77,01.04 15:00,4.684
77,01.04 16:00,4.795
77,01.04 17:00,4.416
77,01.04 18:00,4.791
77,01.04 19:00,3.615
77,01.04 20:00,3.787
77,01.04 21:00,3.214
77,01.04 22:00,3.687
77,01.04 23:00,3.093
77,02.04 00:00,3.785
77,02.04 01:00,3.003
77,02.04 02:00,3.694
77,02.04 03:00,3.193
77,02.04 04:00,4.19
77,02.04 05:00,3.001
77,02.04 06:00,3.686
77,02.04 07:00,3.184
77,02.04 08:00,3.605
77,02.04 09:00,3.782
77,02.04 10:00,3.293
77,02.04 11:00,3.402
77,02.04 12:00,3.109
77,02.04 13:00,3.884
77,02.04 14:00,3.803
77,02.04 15:00,3.41
77,02.04 16:00,3.712
77,02.04 17:00,3.09
77,02.04 18:00,4.015
77,02.04 19:00,3.113
77,02.04 20:00,3.711
77,02.04 21:00,3.684
77,02.04 22:00,3.502
77,02.04 23:00,3.415
77,03.04 00:00,2.999
77,03.04 01:00,3.705
77,03.04 02:00,3.193
77,03.04 03:00,3.998
77,03.04 04:00,3.192
77,03.04 05:00,3.61
77,03.04 06:00,3.301
77,03.04 07:00,3.817
77,03.04 08:00,3.408
77,03.04 09:00,3.618
77,03.04 10:00,3.09
77,03.04 11:00,3.99
77,03.04 12:00,3.301
77,03.04 13:00,3.501
77,03.04 14:00,4.104
77,03.04 15:00,3.198
77,03.04 16:00,3.799
77,03.04 17:00,3.089
77,03.04 18:00,3.608
77,03.04 19:00,3.306
77,03.04 20:00,3.587
77,03.04 21:00,3.906
77,03.04 22:00,3.003
77,03.04 23:00,4.091
77,04.04 00:00,3.688
77,04.04 01:00,3.688
77,04.04 02:00,3.285
77,04.04 03:00,3.616
77,04.04 04:00,3.209
77,04.04 05:00,3.98
77,04.04 06:00,3.392
77,04.04 07:00,3.802
77,04.04 08:00,3.595
77,04.04 09:00,2.887
77,04.04 10:00,4.187
77,04.04 11:00,2.887
77,04.04 12:00,3.489
77,04.04 13:00,3.698
77,04.04 14:00,3.19
77,04.04 15:00,3.916
77,04.04 16:00,3.603
77,04.04 17:00,3.608
77,04.04 18:00,3.01
77,04.04 19:00,3.908
77,04.04 20:00,3.694
77,04.04 21:00,3.011
77,04.04 22:00,3.594
77,04.04 23:00,3.515
77,05.04 00:00,3.2
77,05.04 01:00,3.095
77,05.04 02:00,3.704
77,05.04 03:00,3.386
77,05.04 04:00,3.69
77,05.04 05:00,3.095
77,05.04 06:00,3.592
77,05.04 07:00,4.013
77,05.04 08:00,3.416
77,05.04 09:00,3.609
77,05.04 10:00,3.01
77,05.04 11:00,3.792
77,05.04 12:00,3.716
77,05.04 13:00,3.29
77,05.04 14:00,3.6
77,05.04 15:00,3.205
77,05.04 16:00,3.889
77,05.04 17:00,3.61
77,05.04 18:00,3.411
77,05.04 19:00,3.791
77,05.04 20:00,3.399
77,05.04 21:00,3.601
77,05.04 22:00,3.214
77,05.04 23:00,3.705
77,06.04 00:00,3.814
77,06.04 01:00,3.599
77,06.04 02:00,3.298
77,06.04 03:00,3.51
77,06.04 04:00,3.9
77,06.04 05:00,3.204
77,06.04 06:00,3.609
77,06.04 07:00,3.389
77,06.04 08:00,3.805
77,06.04 09:00,3.202
77,06.04 10:00,3.808
77,06.04 11:00,3.114
77,06.04 12:00,3.69
77,06.04 13:00,3.488
77,06.04 14:00,3.489
77,06.04 15:00,3.81
77,06.04 16:00,3.188
77,06.04 17:00,4.012
77,06.04 18:00,3.194
77,06.04 19:00,3.689
77,06.04 20:00,3.101
77,06.04 21:00,3.886
77,06.04 22:00,3.406
77,06.04 23:00,3.384
77,07.04 00:00,3.884
77,07.04 01:00,3.397
77,07.04 02:00,3.7
77,07.04 03:00,3.202
77,07.04 04:00,3.917
77,07.04 05:00,3.304
77,07.04 06:00,3.41
77,07.04 07:00,4.006
77,07.04 08:00,3.503
77,07.04 09:00,3.286
77,07.04 10:00,3.487
77,07.04 11:00,3.508
77,07.04 12:00,3.916
77,07.04 13:00,2.904
77,07.04 14:00,3.806
77,07.04 15:00,3.291
77,07.04 16:00,4.12
77,07.04 17:00,3.096
77,07.04 18:00,3.787
77,07.04 19:00,3.787
77,07.04 20:00,3.105
77,07.04 21:00,3.688
77,07.04 22:00,3.394
77,07.04 23:00,3.693
77,08.04 00:00,3.89
77,08.04 01:00,3.299
77,08.04 02:00,4.001
77,08.04 03:00,3.313
77,08.04 04:00,3.496
77,08.04 05:00,3.707
77,08.04 06:00,2.901
77,08.04 07:00,3.908
77,08.04 08:00,3.413
77,08.04 09:00,3.905
77,08.04 10:00,3.288
77,08.04 11:00,3.618
77,08.04 12:00,3.704
77,08.04 13:00,3.295
77,08.04 14:00,3.495
77,08.04 15:00,3.391
77,08.04 16:00,4.017
77,08.04 17:00,3.494
77,08.04 18:00,3.313
77,08.04 19:00,3.905
77,08.04 20:00,3.303
77,08.04 21:00,3.711
77,08.04 22:00,3.103
77,08.04 23:00,3.815
77,09.04 00:00,3.683
77,09.04 01:00,3.582
77,09.04 02:00,3.511
77,09.04 03:00,3.398
77,09.04 04:00,3.504
77,09.04 05:00,3.205
77,09.04 06:00,3.903
77,09.04 07:00,3.086
77,09.04 08:00,4.011
77,09.04 09:00,3.685
77,09.04 10:00,3.203
77,09.04 11:00,3.595
77,09.04 12:00,3.297
77,09.04 13:00,4.211
77,09.04 14:00,3.088
77,09.04 15:00,3.703
77,09.04 16:00,3.206
77,09.04 17:00,4.214
77,09.04 18:00,2.999
77,09.04 19:00,3.604
77,09.04 20:00,3.885
77,09.04 21:00,3.101
77,09.04 22:00,3.795
77,09.04 23:00,3.584
77,10.04 00:00,3.506
77,10.04 01:00,3.591
77,10.04 02:00,3.014
77,10.04 03:00,3.599
77,10.04 04:00,3.292
77,10.04 05:00,3.886
77,10.04 06:00,3.086
77,10.04 07:00,3.496
77,10.04 08:00,4.316
77,10.04 09:00,2.913
77,10.04 10:00,3.601
77,10.04 11:00,3.699
77,10.04 12:00,3.407
77,10.04 13:00,3.7
77,10.04 14:00,2.997
77,10.04 15:00,4.009
77,10.04 16:00,3.494
77,10.04 17:00,3.39
77,10.04 18:00,3.794
77,10.04 19:00,3.089
77,10.04 20:00,3.498
77,10.04 21:00,3.209
77,10.04 22:00,3.881
77,10.04 23:00,3.81
77,11.04 00:00,3.712
77,11.04 01:00,3.508
77,11.04 02:00,3.516
77,11.04 03:00,3.301
77,11.04 04:00,3.394
77,11.04 05:00,3.614
77,11.04 06:00,3.997
77,11.04 07:00,17.609
77,11.04 08:00,18.382
77,11.04 09:00,23.066
77,11.04 10:00,23.472
77,11.04 11:00,25.352
77,11.04 12:00,26.613
77,11.04 13:00,27.182
77,11.04 14:00,21.472
77,11.04 15:00,20.584
77,11.04 16:00,16.0
77,11.04 17:00,11.512
77,11.04 18:00,8.475
77,11.04 19:00,4.989
77,11.04 20:00,3.881
77,11.04 21:00,4.622
77,11.04 22:00,3.699
77,11.04 23:00,4.406
77,12.04 00:00,3.781
77,12.04 01:00,4.787
77,12.04 02:00,3.908
77,12.04 03:00,4.48
77,12.04 04:00,3.893
77,12.04 05:00,4.811
77,12.04 06:00,5.712
77,12.04 07:00,20.765
77,12.04 08:00,19.754
77,12.04 09:00,28.818
77,12.04 10:00,26.328
77,12.04 11:00,26.49
77,12.04 12:00,28.906
77,12.04 13:00,29.446
77,12.04 14:00,22.521
77,12.04 15:00,16.953
77,12.04 16:00,17.163
77,12.04 17:00,14.916
77,12.04 18:00,8.503
77,12.04 19:00,4.412
77,12.04 20:00,3.311
77,12.04 21:00,4.21
77,12.04 22:00,3.6
77,12.04 23:00,4.29
77,13.04 00:00,3.51
77,13.04 01:00,4.379
77,13.04 02:00,3.709
77,13.04 03:00,3.588
77,13.04 04:00,4.02
77,13.04 05:00,3.609
77,13.04 06:00,4.206
77,13.04 07:00,17.616
77,13.04 08:00,19.182
77,13.04 09:00,29.521
77,13.04 10:00,32.582
77,13.04 11:00,27.964
77,13.04 12:00,29.928
77,13.04 13:00,28.708
77,13.04 14:00,24.154
77,13.04 15:00,19.212
77,13.04 16:00,17.933
77,13.04 17:00,17.533
77,13.04 18:00,10.614
77,13.04 19:00,5.185
77,13.04 20:00,4.48
77,13.04 21:00,3.996
77,13.04 22:00,4.114
77,13.04 23:00,4.315
77,14.04 00:00,4.989
77,14.04 01:00,4.415
77,14.04 02:00,4.116
77,14.04 03:00,4.481
77,14.04 04:00,3.617
77,14.04 05:00,4.998
77,14.04 06:00,3.595
77,14.04 07:00,16.837
77,14.04 08:00,17.856
77,14.04 09:00,25.864
77,14.04 10:00,26.726
77,14.04 11:00,26.919
77,14.04 12:00,25.326
77,14.04 13:00,26.688
77,14.04 14:00,21.619
77,14.04 15:00,19.171
77,14.04 16:00,21.178
77,14.04 17:00,14.307
77,14.04 18:00,10.495
77,14.04 19:00,7.309
77,14.04 20:00,6.649
77,14.04 21:00,6.395
77,14.04 22:00,4.916
77,14.04 23:00,4.521
77,15.04 00:00,4.08
77,15.04 01:00,4.314
77,15.04 02:00,4.496
77,15.04 03:00,4.78
77,15.04 04:00,4.789
77,15.04 05:00,4.295
77,15.04 06:00,4.581
77,15.04 07:00,16.632
77,15.04 08:00,19.866
77,15.04 09:00,25.512
77,15.04 10:00,26.815
77,15.04 11:00,26.006
77,15.04 12:00,30.095
77,15.04 13:00,27.802
77,15.04 14:00,21.432
77,15.04 15:00,19.047
77,15.04 16:00,19.445
77,15.04 17:00,14.458
77,15.04 18:00,10.652
77,15.04 19:00,3.907
77,15.04 20:00,4.102
77,15.04 21:00,3.707
77,15.04 22:00,3.887
77,15.04 23:00,3.914
77,16.04 00:00,3.711
77,16.04 01:00,3.813
77,16.04 02:00,4.209
77,16.04 03:00,3.512
77,16.04 04:00,4.288
77,16.04 05:00,3.688
77,16.04 06:00,4.114
77,16.04 07:00,3.495
77,16.04 08:00,4.417
77,16.04 09:00,3.389
77,16.04 10:00,4.389
77,16.04 11:00,3.789
77,16.04 12:00,3.806
77,16.04 13:00,3.902
77,16.04 14:00,3.91
77,16.04 15:00,3.499
77,16.04 16:00,4.014
77,16.04 17:00,3.704
77,16.04 18:00,4.501
77,16.04 19:00,3.514
77,16.04 20:00,3.716
77,16.04 21:00,4.003
77,16.04 22:00,3.918
77,16.04 23:00,3.912
77,17.04 00:00,4.014
77,17.04 01:00,4.103
77,17.04 02:00,4.01
77,17.04 03:00,3.905
77,17.04 04:00,3.602
77,17.04 05:00,4.193
77,17.04 06:00,3.801
77,17.04 07:00,4.013
77,17.04 08:00,3.284
77,17.04 09:00,4.419
77,17.04 10:00,3.687
77,17.04 11:00,4.2
77,17.04 12:00,3.484
77,17.04 13:00,4.104
77,17.04 14:00,3.508
77,17.04 15:00,4.31
77,17.04 16:00,3.599
77,17.04 17:00,3.909
77,17.04 18:00,3.796
77,17.04 19:00,3.986
77,17.04 20:00,4.106
77,17.04 21:00,3.616
77,17.04 22:00,3.787
77,17.04 23:00,3.99
77,18.04 00:00,3.698
77,18.04 01:00,3.483
77,18.04 02:00,4.297
77,18.04 03:00,3.706
77,18.04 04:00,3.987
77,18.04 05:00,3.816
77,18.04 06:00,5.597
77,18.04 07:00,17.494
77,18.04 08:00,20.895
77,18.04 09:00,26.842
77,18.04 10:00,27.983
77,18.04 11:00,30.074
77,18.04 12:00,33.504
77,18.04 13:00,31.895
77,18.04 14:00,24.669
77,18.04 15:00,22.942
77,18.04 16:00,21.464
77,18.04 17:00,18.281
77,18.04 18:00,13.134
77,18.04 19:00,6.386
77,18.04 20:00,3.981
77,18.04 21:00,4.682
77,18.04 22:00,3.901
77,18.04 23:00,4.086
77,19.04 00:00,4.697
77,19.04 01:00,4.203
77,19.04 02:00,4.4
77,19.04 03:00,4.291
77,19.04 04:00,3.994
77,19.04 05:00,4.097
77,19.04 06:00,4.712
77,19.04 07:00,17.491
77,19.04 08:00,18.733
77,19.04 09:00,26.942
77,19.04 10:00,24.969
77,19.04 11:00,25.023
77,19.04 12:00,25.973
77,19.04 13:00,27.512
77,19.04 14:00,24.513
77,19.04 15:00,18.958
77,19.04 16:00,16.336
77,19.04 17:00,15.653
77,19.04 18:00,7.476
77,19.04 19:00,4.698
77,19.04 20:00,3.792
77,19.04 21:00,4.701
77,19.04 22:00,3.884
77,19.04 23:00,4.578
77,20.04 00:00,4.014
77,20.04 01:00,4.12
77,20.04 02:00,4.508
77,20.04 03:00,4.101
77,20.04 04:00,4.292
77,20.04 05:00,4.22
77,20.04 06:00,4.492
77,20.04 07:00,16.156
77,20.04 08:00,18.452
77,20.04 09:00,25.323
77,20.04 10:00,24.794
77,20.04 11:00,23.886
77,20.04 12:00,25.678
77,20.04 13:00,26.1
77,20.04 14:00,21.095
77,20.04 15:00,18.514
77,20.04 16:00,18.01
77,20.04 17:00,15.736
77,20.04 18:00,11.463
77,20.04 19:00,5.395
77,20.04 20:00,3.711
77,20.04 21:00,4.407
77,20.04 22:00,5.092
77,20.04 23:00,4.003
77,21.04 00:00,4.301
77,21.04 01:00,4.583
77,21.04 02:00,4.38
77,21.04 03:00,4.214
77,21.04 04:00,4.086
77,21.04 05:00,4.215
77,21.04 06:00,5.316
77,21.04 07:00,16.979
77,21.04 08:00,18.262
77,21.04 09:00,28.718
77,21.04 10:00,29.478
77,21.04 11:00,29.018
77,21.04 12:00,29.195
77,21.04 13:00,32.983
77,21.04 14:00,24.225
77,21.04 15:00,20.986
77,21.04 16:00,20.429
77,21.04 17:00,16.79
77,21.04 18:00,9.879
77,21.04 19:00,6.305
77,21.04 20:00,6.486
77,21.04 21:00,6.292
77,21.04 22:00,4.743
77,21.04 23:00,4.01
77,22.04 00:00,4.194
77,22.04 01:00,4.119
77,22.04 02:00,5.195
77,22.04 03:00,3.898
77,22.04 04:00,4.115
77,22.04 05:00,3.888
77,22.04 06:00,4.7
77,22.04 07:00,15.891
77,22.04 08:00,17.841
77,22.04 09:00,26.781
77,22.04 10:00,27.608
77,22.04 11:00,29.458
77,22.04 12:00,29.9
77,22.04 13:00,32.355
77,22.04 14:00,25.045
77,22.04 15:00,23.27
77,22.04 16:00,22.077
77,22.04 17:00,15.133
77,22.04 18:00,8.735
77,22.04 19:00,4.39
77,22.04 20:00,3.606
77,22.04 21:00,4.904
77,22.04 22:00,3.789
77,22.04 23:00,4.089
77,23.04 00:00,4.179
77,23.04 01:00,4.597
77,23.04 02:00,3.682
77,23.04 03:00,3.899
77,23.04 04:00,4.395
77,23.04 05:00,4.184
77,23.04 06:00,4.086
77,23.04 07:00,4.083
77,23.04 08:00,4.212
77,23.04 09:00,4.114
77,23.04 10:00,4.11
77,23.04 11:00,4.288
77,23.04 12:00,4.21
77,23.04 13:00,3.784
77,23.04 14:00,4.195
77,23.04 15:00,4.567
77,23.04 16:00,3.908
77,23.04 17:00,3.996
77,23.04 18:00,4.087
77,23.04 19:00,3.897
77,23.04 20:00,4.504
77,23.04 21:00,3.594
77,23.04 22:00,4.34
77,23.04 23:00,4.085
77,24.04 00:00,4.483
77,24.04 01:00,3.808
77,24.04 02:00,4.189
77,24.04 03:00,3.696
77,24.04 04:00,4.579
77,24.04 05:00,3.498
77,24.04 06:00,4.493
77,24.04 07:00,3.517
77,24.04 08:00,4.973
77,24.04 09:00,3.999
77,24.04 10:00,4.209
77,24.04 11:00,3.805
77,24.04 12:00,4.494
77,24.04 13:00,3.906
77,24.04 14:00,4.101
77,24.04 15:00,4.015
77,24.04 16:00,4.6
77,24.04 17:00,3.696
77,24.04 18:00,4.293
77,24.04 19:00,3.998
77,24.04 20:00,4.118
77,24.04 21:00,3.891
77,24.04 22:00,4.197
77,24.04 23:00,3.992
77,25.04 00:00,3.807
77,25.04 01:00,4.186
77,25.04 02:00,4.315
77,25.04 03:00,3.99
77,25.04 04:00,3.998
77,25.04 05:00,4.182
77,25.04 06:00,4.617
77,25.04 07:00,18.557
77,25.04 08:00,18.526
77,25.04 09:00,28.278
77,25.04 10:00,27.563
77,25.04 11:00,26.866
77,25.04 12:00,28.433
77,25.04 13:00,30.969
77,25.04 14:00,23.568
77,25.04 15:00,21.467
77,25.04 16:00,19.744
77,25.04 17:00,13.646
77,25.04 18:00,7.532
77,25.04 19:00,5.023
77,25.04 20:00,3.692
77,25.04 21:00,4.617
77,25.04 22:00,3.388
77,25.04 23:00,4.49
77,26.04 00:00,4.713
77,26.04 01:00,4.206
77,26.04 02:00,3.597
77,26.04 03:00,4.011
77,26.04 04:00,4.101
77,26.04 05:00,4.108
77,26.04 06:00,4.717
77,26.04 07:00,17.369
77,26.04 08:00,17.55
77,26.04 09:00,25.828
77,26.04 10:00,27.069
77,26.04 11:00,24.272
77,26.04 12:00,30.174
77,26.04 13:00,29.293
77,26.04 14:00,24.217
77,26.04 15:00,20.333
77,26.04 16:00,19.395
77,26.04 17:00,17.294
77,26.04 18:00,6.696
77,26.04 19:00,5.9
77,26.04 20:00,5.477
77,26.04 21:00,5.405
77,26.04 22:00,5.706
77,26.04 23:00,5.198
77,27.04 00:00,4.901
77,27.04 01:00,5.926
77,27.04 02:00,5.212
77,27.04 03:00,5.622
77,27.04 04:00,5.207
77,27.04 05:00,5.728
77,27.04 06:00,7.316
77,27.04 07:00,17.721
77,27.04 08:00,18.483
77,27.04 09:00,24.123
77,27.04 10:00,26.422
77,27.04 11:00,24.707
77,27.04 12:00,28.415
77,27.04 13:00,28.984
77,27.04 14:00,24.878
77,27.04 15:00,21.871
77,27.04 16:00,18.842
77,27.04 17:00,16.519
77,27.04 18:00,8.875
77,27.04 19:00,4.906
77,27.04 20:00,4.479
77,27.04 21:00,5.085
77,27.04 22:00,3.812
77,27.04 23:00,4.416
77,28.04 00:00,4.402
77,28.04 01:00,4.318
77,28.04 02:00,4.801
77,28.04 03:00,3.885
77,28.04 04:00,4.987
77,28.04 05:00,3.893
77,28.04 06:00,6.585
77,28.04 07:00,17.549
77,28.04 08:00,17.514
77,28.04 09:00,25.418
77,28.04 10:00,24.157
77,28.04 11:00,25.983
77,28.04 12:00,26.265
77,28.04 13:00,29.511
77,28.04 14:00,21.986
77,28.04 15:00,17.721
77,28.04 16:00,18.837
77,28.04 17:00,15.43
77,28.04 18:00,9.597
77,28.04 19:00,6.188
77,28.04 20:00,7.203
77,28.04 21:00,7.569
77,28.04 22:00,4.69
77,28.04 23:00,4.382
77,29.04 00:00,4.68
77,29.04 01:00,4.518
77,29.04 02:00,4.701
77,29.04 03:00,4.281
77,29.04 04:00,5.012
77,29.04 05:00,4.389
77,29.04 06:00,6.122
77,29.04 07:00,17.077
77,29.04 08:00,16.351
77,29.04 09:00,25.335
77,29.04 10:00,25.957
77,29.04 11:00,25.172
77,29.04 12:00,28.988
77,29.04 13:00,28.315
77,29.04 14:00,25.576
77,29.04 15:00,19.343
77,29.04 16:00,18.063
77,29.04 17:00,12.066
77,29.04 18:00,6.667
77,29.04 19:00,4.006
77,29.04 20:00,4.314
77,29.04 21:00,3.894
77,29.04 22:00,4.052
77,29.04 23:00,3.882
77,30.04 00:00,4.1
77,30.04 01:00,4.18
77,30.04 02:00,4.182
77,30.04 03:00,4.189
77,30.04 04:00,3.998
77,30.04 05:00,3.695
77,30.04 06:00,4.386
77,30.04 07:00,3.808
77,30.04 08:00,4.083
77,30.04 09:00,4.808
77,30.04 10:00,3.699
77,30.04 11:00,4.388
77,30.04 12:00,3.512
77,30.04 13:00,4.305
77,30.04 14:00,3.784
77,30.04 15:00,4.32
77,30.04 16:00,3.385
77,30.04 17:00,4.818
77,30.04 18:00,3.99
77,30.04 19:00,4.182
77,30.04 20:00,3.805
77,30.04 21:00,4.288
77,30.04 22:00,3.788
77,30.04 23:00,4.11
77,01.05 00:00,4.1
77,01.05 01:00,4.006
77,01.05 02:00,4.484
77,01.05 03:00,3.694
77,01.05 04:00,4.312
77,01.05 05:00,3.912
77,01.05 06:00,4.118
77,01.05 07:00,3.813
77,01.05 08:00,4.22
77,01.05 09:00,4.003
77,01.05 10:00,4.045
77,01.05 11:00,4.315
77,01.05 12:00,3.7
77,01.05 13:00,4.217
77,01.05 14:00,4.002
77,01.05 15:00,4.119
77,01.05 16:00,3.709
77,01.05 17:00,4.201
77,01.05 18:00,4.289
77,01.05 19:00,3.988
77,01.05 20:00,4.08
77,01.05 21:00,3.812
77,01.05 22:00,4.298
77,01.05 23:00,3.718
77,02.05 00:00,3.597
77,02.05 01:00,4.32
77,02.05 02:00,3.896
77,02.05 03:00,4.706
77,02.05 04:00,3.694
77,02.05 05:00,4.085
77,02.05 06:00,3.682
77,02.05 07:00,4.299
77,02.05 08:00,3.496
77,02.05 09:00,4.199
77,02.05 10:00,3.615
77,02.05 11:00,4.517
77,02.05 12:00,3.698
77,02.05 13:00,3.994
77,02.05 14:00,4.009
77,02.05 15:00,3.881
77,02.05 16:00,4.117
77,02.05 17:00,3.592
77,02.05 18:00,4.015
77,02.05 19:00,4.203
77,02.05 20:00,4.207
77,02.05 21:00,4.215
77,02.05 22:00,3.496
77,02.05 23:00,4.417
77,03.05 00:00,3.801
77,03.05 01:00,4.18
77,03.05 02:00,3.516
77,03.05 03:00,4.307
77,03.05 04:00,3.603
77,03.05 05:00,4.899
77,03.05 06:00,4.797
77,03.05 07:00,18.782
77,03.05 08:00,19.219
77,03.05 09:00,26.144
77,03.05 10:00,24.836
77,03.05 11:00,28.957
77,03.05 12:00,28.103
77,03.05 13:00,28.081
77,03.05 14:00,24.021
77,03.05 15:00,20.033
77,03.05 16:00,19.532
77,03.05 17:00,14.564
77,03.05 18:00,9.271
77,03.05 19:00,3.699
77,03.05 20:00,4.806
77,03.05 21:00,4.394
77,03.05 22:00,3.99
77,03.05 23:00,3.998
77,04.05 00:00,4.09
77,04.05 01:00,4.296
77,04.05 02:00,3.801
77,04.05 03:00,3.915
77,04.05 04:00,4.197
77,04.05 05:00,4.382
77,04.05 06:00,4.905
77,04.05 07:00,18.547
77,04.05 08:00,18.047
77,04.05 09:00,26.015
77,04.05 10:00,27.285
77,04.05 11:00,27.963
77,04.05 12:00,26.901
77,04.05 13:00,28.636
77,04.05 14:00,26.076
77,04.05 15:00,20.156
77,04.05 16:00,16.942
77,04.05 17:00,14.557
77,04.05 18:00,10.34
77,04.05 19:00,5.178
77,04.05 20:00,4.305
77,04.05 21:00,4.681
77,04.05 22:00,3.985
77,04.05 23:00,4.498
77,05.05 00:00,4.486
77,05.05 01:00,4.483
77,05.05 02:00,4.518
77,05.05 03:00,4.622
77,05.05 04:00,4.415
77,05.05 05:00,4.48
77,05.05 06:00,5.806
77,05.05 07:00,16.526
77,05.05 08:00,18.598
77,05.05 09:00,25.935
77,05.05 10:00,22.267
77,05.05 11:00,23.613
77,05.05 12:00,23.307
77,05.05 13:00,23.263
77,05.05 14:00,19.561
77,05.05 15:00,15.728
77,05.05 16:00,15.307
77,05.05 17:00,14.436
77,05.05 18:00,8.771
77,05.05 19:00,7.978
77,05.05 20:00,7.488
77,05.05 21:00,7.474
77,05.05 22:00,7.714
77,05.05 23:00,5.175
77,06.05 00:00,4.295
77,06.05 01:00,4.721
77,06.05 02:00,4.783
77,06.05 03:00,4.923
77,06.05 04:00,4.493
77,06.05 05:00,4.578
77,06.05 06:00,5.302
77,06.05 07:00,16.529
77,06.05 08:00,18.046
77,06.05 09:00,22.758
77,06.05 10:00,21.15
77,06.05 11:00,20.507
77,06.05 12:00,25.996
77,06.05 13:00,25.306
77,06.05 14:00,20.536
77,06.05 15:00,15.757
77,06.05 16:00,16.259
77,06.05 17:00,12.497
77,06.05 18:00,5.723
77,06.05 19:00,3.995
77,06.05 20:00,3.894
77,06.05 21:00,4.012
77,06.05 22:00,4.623
77,06.05 23:00,3.683
77,07.05 00:00,3.699
77,07.05 01:00,4.002
77,07.05 02:00,4.086
77,07.05 03:00,3.817
77,07.05 04:00,4.119
77,07.05 05:00,3.917
77,07.05 06:00,4.087
77,07.05 07:00,4.095
77,07.05 08:00,3.99
77,07.05 09:00,4.086
77,07.05 10:00,3.791
77,07.05 11:00,4.22
77,07.05 12:00,3.301
77,07.05 13:00,4.579
77,07.05 14:00,4.09
77,07.05 15:00,3.688
77,07.05 16:00,4.409
77,07.05 17:00,3.806
77,07.05 18:00,3.892
77,07.05 19:00,4.086
77,07.05 20:00,3.892
77,07.05 21:00,4.116
77,07.05 22:00,3.916
77,07.05 23:00,3.899
77,08.05 00:00,4.0
77,08.05 01:00,4.186
77,08.05 02:00,4.081
77,08.05 03:00,4.21
77,08.05 04:00,3.811
77,08.05 05:00,4.198
77,08.05 06:00,3.601
77,08.05 07:00,4.482
77,08.05 08:00,4.094
77,08.05 09:00,3.584
77,08.05 10:00,4.41
77,08.05 11:00,3.882
77,08.05 12:00,3.987
77,08.05 13:00,3.819
77,08.05 14:00,4.011
77,08.05 15:00,3.713
77,08.05 16:00,4.4
77,08.05 17:00,4.007
77,08.05 18:00,3.811
77,08.05 19:00,4.283
77,08.05 20:00,4.106
77,08.05 21:00,3.886
77,08.05 22:00,3.807
77,08.05 23:00,3.983
77,09.05 00:00,3.984
77,09.05 01:00,4.192
77,09.05 02:00,3.711
77,09.05 03:00,4.298
77,09.05 04:00,3.703
77,09.05 05:00,4.409
77,09.05 06:00,4.4
77,09.05 07:00,14.058
77,09.05 08:00,14.296
77,09.05 09:00,21.351
77,09.05 10:00,22.016
77,09.05 11:00,23.517
77,09.05 12:00,25.463
77,09.05 13:00,27.998
77,09.05 14:00,22.574
77,09.05 15:00,19.36
77,09.05 16:00,18.349
77,09.05 17:00,15.862
77,09.05 18:00,11.012
77,09.05 19:00,5.124
77,09.05 20:00,4.506
77,09.05 21:00,4.316
77,09.05 22:00,4.613
77,09.05 23:00,4.416
77,10.05 00:00,5.118
77,10.05 01:00,4.597
77,10.05 02:00,4.205
77,10.05 03:00,4.613
77,10.05 04:00,4.618
77,10.05 05:00,4.409
77,10.05 06:00,4.203
77,10.05 07:00,15.131
77,10.05 08:00,17.233
77,10.05 09:00,24.203
77,10.05 10:00,23.802
77,10.05 11:00,24.538
77,10.05 12:00,26.59
77,10.05 13:00,25.28
77,10.05 14:00,21.449
77,10.05 15:00,18.854
77,10.05 16:00,17.641
77,10.05 17:00,16.063
77,10.05 18:00,8.957
77,10.05 19:00,4.993
77,10.05 20:00,4.684
77,10.05 21:00,4.21
77,10.05 22:00,4.301
77,10.05 23:00,3.813
77,11.05 00:00,3.71
77,11.05 01:00,3.7
77,11.05 02:00,4.496
77,11.05 03:00,4.21
77,11.05 04:00,4.614
77,11.05 05:00,3.614
77,11.05 06:00,4.59
77,11.05 07:00,12.957
77,11.05 08:00,17.328
77,11.05 09:00,25.92
77,11.05 10:00,28.266
77,11.05 11:00,26.298
77,11.05 12:00,30.417
77,11.05 13:00,30.361
77,11.05 14:00,25.375
77,11.05 15:00,20.521
77,11.05 16:00,20.576
77,11.05 17:00,18.377
77,11.05 18:00,11.274
77,11.05 19:00,5.416
77,11.05 20:00,3.918
77,11.05 21:00,4.716
77,11.05 22:00,4.203
77,11.05 23:00,4.694
77,12.05 00:00,4.608
77,12.05 01:00,4.391
77,12.05 02:00,4.818
77,12.05 03:00,4.106
77,12.05 04:00,3.989
77,12.05 05:00,4.391
77,12.05 06:00,5.123
77,12.05 07:00,15.644
77,12.05 08:00,21.454
77,12.05 09:00,26.224
77,12.05 10:00,23.879
77,12.05 11:00,26.963
77,12.05 12:00,25.403
77,12.05 13:00,25.792
77,12.05 14:00,21.806
77,12.05 15:00,17.979
77,12.05 16:00,18.315
77,12.05 17:00,16.255
77,12.05 18:00,8.825
77,12.05 19:00,6.82
77,12.05 20:00,6.098
77,12.05 21:00,7.334
77,12.05 22:00,4.282
77,12.05 23:00,4.608
77,13.05 00:00,4.296
77,13.05 01:00,4.688
77,13.05 02:00,4.52
77,13.05 03:00,4.304
77,13.05 04:00,4.382
77,13.05 05:00,4.088
77,13.05 06:00,5.382
77,13.05 07:00,13.855
77,13.05 08:00,13.379
77,13.05 09:00,17.568
77,13.05 10:00,17.664
77,13.05 11:00,18.922
77,13.05 12:00,21.136
77,13.05 13:00,21.142
77,13.05 14:00,17.78
77,13.05 15:00,14.182
77,13.05 16:00,15.42
77,13.05 17:00,12.14
77,13.05 18:00,5.914
77,13.05 19:00,4.303
77,13.05 20:00,4.315
77,13.05 21:00,4.089
77,13.05 22:00,3.397
77,13.05 23:00,4.318
77,14.05 00:00,3.509
77,14.05 01:00,4.012
77,14.05 02:00,3.811
77,14.05 03:00,4.108
77,14.05 04:00,4.494
77,14.05 05:00,3.682
77,14.05 06:00,4.306
77,14.05 07:00,3.918
77,14.05 08:00,3.819
77,14.05 09:00,4.194
77,14.05 10:00,4.311
77,14.05 11:00,3.696
77,14.05 12:00,3.999
77,14.05 13:00,4.106
77,14.05 14:00,3.909
77,14.05 15:00,4.3
77,14.05 16:00,3.994
77,14.05 17:00,3.984
77,14.05 18:00,3.933
77,14.05 19:00,4.202
77,14.05 20:00,3.919
77,14.05 21:00,3.983
77,14.05 22:00,4.194
77,14.05 23:00,4.091
77,15.05 00:00,3.909
77,15.05 01:00,4.503
77,15.05 02:00,3.908
77,15.05 03:00,4.091
77,15.05 04:00,3.694
77,15.05 05:00,4.113
77,15.05 06:00,4.098
77,15.05 07:00,4.479
77,15.05 08:00,3.904
77,15.05 09:00,4.004
77,15.05 10:00,4.001
77,15.05 11:00,3.986
77,15.05 12:00,3.892
77,15.05 13:00,4.413
77,15.05 14:00,3.696
77,15.05 15:00,4.103
77,15.05 16:00,4.109
77,15.05 17:00,4.184
77,15.05 18:00,3.803
77,15.05 19:00,4.297
77,15.05 20:00,3.601
77,15.05 21:00,4.081
77,15.05 22:00,3.905
77,15.05 23:00,4.112
77,16.05 00:00,4.019
77,16.05 01:00,4.11
77,16.05 02:00,4.298
77,16.05 03:00,4.293
77,16.05 04:00,3.583
77,16.05 05:00,3.893
77,16.05 06:00,4.391
77,16.05 07:00,13.33
77,16.05 08:00,16.421
77,16.05 09:00,23.09
77,16.05 10:00,21.924
77,16.05 11:00,22.728
77,16.05 12:00,24.635
77,16.05 13:00,25.203
77,16.05 14:00,21.996
77,16.05 15:00,20.691
77,16.05 16:00,20.084
77,16.05 17:00,15.634
77,16.05 18:00,9.979
77,16.05 19:00,4.811
77,16.05 20:00,4.811
77,16.05 21:00,4.503
77,16.05 22:00,4.319
77,16.05 23:00,4.602
77,17.05 00:00,4.087
77,17.05 01:00,4.922
77,17.05 02:00,4.096
77,17.05 03:00,4.99
77,17.05 04:00,4.188
77,17.05 05:00,4.397
77,17.05 06:00,4.812
77,17.05 07:00,15.606
77,17.05 08:00,19.403
77,17.05 09:00,23.987
77,17.05 10:00,22.887
77,17.05 11:00,22.342
77,17.05 12:00,28.305
77,17.05 13:00,27.759
77,17.05 14:00,22.79
77,17.05 15:00,21.552
77,17.05 16:00,20.41
77,17.05 17:00,18.084
77,17.05 18:00,9.438
77,17.05 19:00,4.404
77,17.05 20:00,4.31
77,17.05 21:00,3.901
77,17.05 22:00,4.496
77,17.05 23:00,4.3
77,18.05 00:00,5.277
77,18.05 01:00,3.795
77,18.05 02:00,4.385
77,18.05 03:00,3.898
77,18.05 04:00,4.318
77,18.05 05:00,3.599
77,18.05 06:00,4.493
77,18.05 07:00,14.735
77,18.05 08:00,19.765
77,18.05 09:00,25.347
77,18.05 10:00,21.864
77,18.05 11:00,25.552
77,18.05 12:00,26.045
77,18.05 13:00,26.653
77,18.05 14:00,22.144
77,18.05 15:00,19.809
77,18.05 16:00,17.032
77,18.05 17:00,14.931
77,18.05 18:00,9.183
77,18.05 19:00,5.721
77,18.05 20:00,5.203
77,18.05 21:00,4.806
77,18.05 22:00,5.494
77,18.05 23:00,4.488
77,19.05 00:00,4.813
77,19.05 01:00,5.696
77,19.05 02:00,4.889
77,19.05 03:00,4.384
77,19.05 04:00,5.426
77,19.05 05:00,4.988
77,19.05 06:00,5.202
77,19.05 07:00,15.322
77,19.05 08:00,16.992
77,19.05 09:00,22.881
77,19.05 10:00,19.22
77,19.05 11:00,19.284
77,19.05 12:00,22.374
77,19.05 13:00,23.017
77,19.05 14:00,19.436
77,19.05 15:00,17.958
77,19.05 16:00,16.724
77,19.05 17:00,16.674
77,19.05 18:00,8.365
77,19.05 19:00,7.317
77,19.05 20:00,6.703
77,19.05 21:00,7.525
77,19.05 22:00,4.803
77,19.05 23:00,4.621
77,20.05 00:00,3.788
77,20.05 01:00,4.707
77,20.05 02:00,4.686
77,20.05 03:00,4.308
77,20.05 04:00,5.386
77,20.05 05:00,4.095
77,20.05 06:00,4.421
77,20.05 07:00,14.877
77,20.05 08:00,17.928
77,20.05 09:00,23.886
77,20.05 10:00,20.872
77,20.05 11:00,21.543
77,20.05 12:00,24.792
77,20.05 13:00,24.716
77,20.05 14:00,19.605
77,20.05 15:00,16.48
77,20.05 16:00,14.645
77,20.05 17:00,12.344
77,20.05 18:00,6.612
77,20.05 19:00,4.002
77,20.05 20:00,4.721
77,20.05 21:00,3.99
77,20.05 22:00,3.911
77,20.05 23:00,4.509
77,21.05 00:00,4.11
77,21.05 01:00,4.479
77,21.05 02:00,3.805
77,21.05 03:00,4.595
77,21.05 04:00,4.189
77,21.05 05:00,4.296
77,21.05 06:00,4.207
77,21.05 07:00,4.211
77,21.05 08:00,4.11
77,21.05 09:00,4.517
77,21.05 10:00,4.011
77,21.05 11:00,3.7
77,21.05 12:00,4.781
77,21.05 13:00,4.291
77,21.05 14:00,4.286
77,21.05 15:00,4.119
77,21.05 16:00,4.319
77,21.05 17:00,3.798
77,21.05 18:00,4.712
77,21.05 19:00,4.083
77,21.05 20:00,3.985
77,21.05 21:00,4.614
77,21.05 22:00,4.102
77,21.05 23:00,4.487
77,22.05 00:00,4.41
77,22.05 01:00,4.802
77,22.05 02:00,3.689
77,22.05 03:00,4.289
77,22.05 04:00,4.2
77,22.05 05:00,3.904
77,22.05 06:00,4.502
77,22.05 07:00,4.498
77,22.05 08:00,3.896
77,22.05 09:00,4.602
77,22.05 10:00,3.892
77,22.05 11:00,4.413
77,22.05 12:00,3.898
77,22.05 13:00,4.288
77,22.05 14:00,4.399
77,22.05 15:00,4.312
77,22.05 16:00,4.186
77,22.05 17:00,4.32
77,22.05 18:00,4.209
77,22.05 19:00,4.311
77,22.05 20:00,4.283
77,22.05 21:00,3.907
77,22.05 22:00,4.602
77,22.05 23:00,3.682
77,23.05 00:00,4.011
77,23.05 01:00,4.305
77,23.05 02:00,4.197
77,23.05 03:00,4.117
77,23.05 04:00,4.082
77,23.05 05:00,4.119
77,23.05 06:00,4.383
77,23.05 07:00,14.667
77,23.05 08:00,15.927
77,23.05 09:00,22.806
77,23.05 10:00,24.431
77,23.05 11:00,23.41
77,23.05 12:00,25.161
77,23.05 13:00,26.54
77,23.05 14:00,21.568
77,23.05 15:00,19.23
77,23.05 16:00,18.041
77,23.05 17:00,18.555
77,23.05 18:00,11.713
77,23.05 19:00,6.812
77,23.05 20:00,4.484
77,23.05 21:00,4.484
77,23.05 22:00,4.095
77,23.05 23:00,4.677
77,24.05 00:00,4.418
77,24.05 01:00,3.996
77,24.05 02:00,4.392
77,24.05 03:00,4.496
77,24.05 04:00,4.29
77,24.05 05:00,3.913
77,24.05 06:00,4.702
77,24.05 07:00,16.857
77,24.05 08:00,19.414
77,24.05 09:00,22.799
77,24.05 10:00,22.055
77,24.05 11:00,18.316
77,24.05 12:00,23.253
77,24.05 13:00,22.416
77,24.05 14:00,19.464
77,24.05 15:00,15.63
77,24.05 16:00,15.677
77,24.05 17:00,13.199
77,24.05 18:00,9.223
77,24.05 19:00,5.08
77,24.05 20:00,4.302
77,24.05 21:00,3.81
77,24.05 22:00,4.291
77,24.05 23:00,3.981
77,25.05 00:00,4.893
77,25.05 01:00,4.319
77,25.05 02:00,4.183
77,25.05 03:00,3.799
77,25.05 04:00,3.919
77,25.05 05:00,4.484
77,25.05 06:00,4.994
77,25.05 07:00,16.224
77,25.05 08:00,19.95
77,25.05 09:00,27.007
77,25.05 10:00,27.186
77,25.05 11:00,24.163
77,25.05 12:00,24.79
77,25.05 13:00,26.429
77,25.05 14:00,22.39
77,25.05 15:00,21.288
77,25.05 16:00,20.264
77,25.05 17:00,17.618
77,25.05 18:00,11.79
77,25.05 19:00,6.179
77,25.05 20:00,4.708
77,25.05 21:00,4.615
77,25.05 22:00,4.599
77,25.05 23:00,4.912
77,26.05 00:00,4.38
77,26.05 01:00,4.785
77,26.05 02:00,4.791
77,26.05 03:00,4.71
77,26.05 04:00,5.076
77,26.05 05:00,4.38
77,26.05 06:00,6.528
77,26.05 07:00,16.298
77,26.05 08:00,20.72
77,26.05 09:00,23.921
77,26.05 10:00,23.524
77,26.05 11:00,22.486
77,26.05 12:00,23.235
77,26.05 13:00,21.702
77,26.05 14:00,18.337
77,26.05 15:00,15.558
77,26.05 16:00,15.205
77,26.05 17:00,14.03
77,26.05 18:00,8.334
77,26.05 19:00,6.703
77,26.05 20:00,6.476
77,26.05 21:00,6.893
77,26.05 22:00,5.007
77,26.05 23:00,5.106
77,27.05 00:00,4.397
77,27.05 01:00,4.788
77,27.05 02:00,4.187
77,27.05 03:00,5.222
77,27.05 04:00,4.113
77,27.05 05:00,5.184
77,27.05 06:00,4.413
77,27.05 07:00,16.858
77,27.05 08:00,19.321
77,27.05 09:00,20.978
77,27.05 10:00,17.137
77,27.05 11:00,19.124
77,27.05 12:00,17.911
77,27.05 13:00,15.445
77,27.05 14:00,15.926
77,27.05 15:00,14.498
77,27.05 16:00,8.622
77,27.05 17:00,4.802
77,27.05 18:00,4.488
77,27.05 19:00,3.816
77,27.05 20:00,4.483
77,27.05 21:00,3.717
77,27.05 22:00,4.117
77,27.05 23:00,4.09
77,28.05 00:00,4.013
77,28.05 01:00,3.917
77,28.05 02:00,3.906
77,28.05 03:00,4.313
77,28.05 04:00,3.894
77,28.05 05:00,4.591
77,28.05 06:00,3.986
77,28.05 07:00,3.913
77,28.05 08:00,4.192
77,28.05 09:00,5.283
77,28.05 10:00,4.414
77,28.05 11:00,4.982
77,28.05 12:00,4.795
77,28.05 13:00,4.577
77,28.05 14:00,3.883
77,28.05 15:00,4.4
77,28.05 16:00,3.611
77,28.05 17:00,4.408
77,28.05 18:00,3.794
77,28.05 19:00,4.22
77,28.05 20:00,3.903
77,28.05 21:00,4.306
77,28.05 22:00,3.889
77,28.05 23:00,4.11
77,29.05 00:00,4.194
77,29.05 01:00,4.701
77,29.05 02:00,3.902
77,29.05 03:00,4.096
77,29.05 04:00,4.211
77,29.05 05:00,3.801
77,29.05 06:00,4.091
77,29.05 07:00,4.082
77,29.05 08:00,4.42
77,29.05 09:00,3.61
77,29.05 10:00,4.619
77,29.05 11:00,3.887
77,29.05 12:00,4.213
77,29.05 13:00,3.99
77,29.05 14:00,4.011
77,29.05 15:00,3.89
77,29.05 16:00,4.599
77,29.05 17:00,3.81
77,29.05 18:00,4.21
77,29.05 19:00,3.807
77,29.05 20:00,4.902
77,29.05 21:00,3.715
77,29.05 22:00,4.483
77,29.05 23:00,3.786
77,30.05 00:00,4.181
77,30.05 01:00,4.193
77,30.05 02:00,4.012
77,30.05 03:00,4.005
77,30.05 04:00,4.316
77,30.05 05:00,4.083
77,30.05 06:00,3.811
77,30.05 07:00,4.312
77,30.05 08:00,4.014
77,30.05 09:00,3.891
77,30.05 10:00,4.421
77,30.05 11:00,3.509
77,30.05 12:00,4.193
77,30.05 13:00,3.689
77,30.05 14:00,4.184
77,30.05 15:00,4.304
77,30.05 16:00,3.51
77,30.05 17:00,4.6
77,30.05 18:00,3.612
77,30.05 19:00,4.609
77,30.05 20:00,3.712
77,30.05 21:00,4.419
77,30.05 22:00,3.612
77,30.05 23:00,4.113
77,31.05 00:00,4.0
77,31.05 01:00,3.809
77,31.05 02:00,4.522
77,31.05 03:00,3.617
77,31.05 04:00,4.385
77,31.05 05:00,3.802
77,31.05 06:00,4.38
77,31.05 07:00,5.005
77,31.05 08:00,5.175
77,31.05 09:00,5.876
77,31.05 10:00,4.8
77,31.05 11:00,3.983
77,31.05 12:00,4.884
77,31.05 13:00,4.3
77,31.05 14:00,3.717
77,31.05 15:00,4.8
77,31.05 16:00,4.385
77,31.05 17:00,5.214
77,31.05 18:00,4.9
77,31.05 19:00,5.597
77,31.05 20:00,3.985
77,31.05 21:00,3.79
77,31.05 22:00,4.219
77,31.05 23:00,4.307
77,01.06 00:00,4.487
77,01.06 01:00,4.485
77,01.06 02:00,3.805
77,01.06 03:00,3.894
77,01.06 04:00,4.399
77,01.06 05:00,4.013
77,01.06 06:00,4.108
77,01.06 07:00,5.111
77,01.06 08:00,5.972
77,01.06 09:00,5.185
77,01.06 10:00,4.592
77,01.06 11:00,4.289
77,01.06 12:00,4.8
77,01.06 13:00,3.707
77,01.06 14:00,5.403
77,01.06 15:00,4.201
77,01.06 16:00,5.513
77,01.06 17:00,5.084
77,01.06 18:00,5.9
77,01.06 19:00,4.689
77,01.06 20:00,4.413
77,01.06 21:00,3.885
77,01.06 22:00,4.02
77,01.06 23:00,4.28
77,02.06 00:00,4.01
77,02.06 01:00,4.007
77,02.06 02:00,4.415
77,02.06 03:00,3.913
77,02.06 04:00,3.988
77,02.06 05:00,4.108
77,02.06 06:00,4.506
77,02.06 07:00,4.987
77,02.06 08:00,5.943
77,02.06 09:00,5.594
77,02.06 10:00,4.522
77,02.06 11:00,4.495
77,02.06 12:00,4.284
77,02.06 13:00,4.307
77,02.06 14:00,4.621
77,02.06 15:00,4.296
77,02.06 16:00,5.094
77,02.06 17:00,4.7
77,02.06 18:00,6.416
77,02.06 19:00,5.52
77,02.06 20:00,6.023
77,02.06 21:00,5.825
77,02.06 22:00,4.883
77,02.06 23:00,3.891
77,03.06 00:00,4.616
77,03.06 01:00,3.699
77,03.06 02:00,4.415
77,03.06 03:00,4.216
77,03.06 04:00,4.209
77,03.06 05:00,4.302
77,03.06 06:00,3.783
77,03.06 07:00,4.911
77,03.06 08:00,4.808
77,03.06 09:00,4.702
77,03.06 10:00,3.801
77,03.06 11:00,4.717
77,03.06 12:00,3.888
77,03.06 13:00,4.708
77,03.06 14:00,4.406
77,03.06 15:00,4.622
77,03.06 16:00,3.791
77,03.06 17:00,4.697
77,03.06 18:00,3.594
77,03.06 19:00,4.717
77,03.06 20:00,3.697
77,03.06 21:00,4.195
77,03.06 22:00,4.22
77,03.06 23:00,4.095
77,04.06 00:00,3.784
77,04.06 01:00,3.913
77,04.06 02:00,4.285
77,04.06 03:00,3.985
77,04.06 04:00,4.314
77,04.06 05:00,3.592
77,04.06 06:00,4.587
77,04.06 07:00,3.804
77,04.06 08:00,4.507
77,04.06 09:00,3.606
77,04.06 10:00,4.586
77,04.06 11:00,3.592
77,04.06 12:00,4.191
77,04.06 13:00,3.992
77,04.06 14:00,4.18
77,04.06 15:00,3.807
77,04.06 16:00,4.213
77,04.06 17:00,4.206
77,04.06 18:00,4.206
77,04.06 19:00,4.087
77,04.06 20:00,4.091
77,04.06 21:00,3.787
77,04.06 22:00,4.691
77,04.06 23:00,3.592
77,05.06 00:00,4.678
77,05.06 01:00,3.803
77,05.06 02:00,4.089
77,05.06 03:00,4.193
77,05.06 04:00,3.983
77,05.06 05:00,4.11
77,05.06 06:00,3.81
77,05.06 07:00,4.31
77,05.06 08:00,3.896
77,05.06 09:00,4.584
77,05.06 10:00,3.406
77,05.06 11:00,4.513
77,05.06 12:00,4.007
77,05.06 13:00,3.898
77,05.06 14:00,4.096
77,05.06 15:00,4.016
77,05.06 16:00,4.105
77,05.06 17:00,4.29
77,05.06 18:00,3.704
77,05.06 19:00,4.397
77,05.06 20:00,3.593
77,05.06 21:00,4.785
77,05.06 22:00,4.02
77,05.06 23:00,4.393
77,06.06 00:00,3.61
77,06.06 01:00,3.802
77,06.06 02:00,4.201
77,06.06 03:00,3.889
77,06.06 04:00,4.311
77,06.06 05:00,3.891
77,06.06 06:00,4.49
77,06.06 07:00,13.555
77,06.06 08:00,14.345
77,06.06 09:00,19.756
77,06.06 10:00,19.248
77,06.06 11:00,19.932
77,06.06 12:00,22.581
77,06.06 13:00,21.808
77,06.06 14:00,18.485
77,06.06 15:00,17.331
77,06.06 16:00,16.186
77,06.06 17:00,13.715
77,06.06 18:00,9.376
77,06.06 19:00,4.798
77,06.06 20:00,4.615
77,06.06 21:00,4.685
77,06.06 22:00,4.182
77,06.06 23:00,4.396
77,07.06 00:00,4.697
77,07.06 01:00,4.519
77,07.06 02:00,4.281
77,07.06 03:00,4.288
77,07.06 04:00,4.308
77,07.06 05:00,4.578
77,07.06 06:00,5.287
77,07.06 07:00,12.408
77,07.06 08:00,13.784
77,07.06 09:00,18.37
77,07.06 10:00,21.528
77,07.06 11:00,23.438
77,07.06 12:00,22.802
77,07.06 13:00,24.229
77,07.06 14:00,18.661
77,07.06 15:00,14.979
77,07.06 16:00,14.386
77,07.06 17:00,11.552
77,07.06 18:00,7.725
77,07.06 19:00,5.101
77,07.06 20:00,4.815
77,07.06 21:00,4.979
77,07.06 22:00,4.579
77,07.06 23:00,4.987
77,08.06 00:00,5.021
77,08.06 01:00,4.919
77,08.06 02:00,4.722
77,08.06 03:00,5.119
77,08.06 04:00,4.49
77,08.06 05:00,4.485
77,08.06 06:00,6.686
77,08.06 07:00,13.44
77,08.06 08:00,14.164
77,08.06 09:00,19.858
77,08.06 10:00,21.881
77,08.06 11:00,20.095
77,08.06 12:00,22.962
77,08.06 13:00,23.625
77,08.06 14:00,20.207
77,08.06 15:00,17.716
77,08.06 16:00,15.934
77,08.06 17:00,13.941
77,08.06 18:00,8.072
77,08.06 19:00,5.491
77,08.06 20:00,4.823
77,08.06 21:00,4.799
77,08.06 22:00,4.293
77,08.06 23:00,4.696
77,09.06 00:00,4.117
77,09.06 01:00,4.615
77,09.06 02:00,4.889
77,09.06 03:00,4.487
77,09.06 04:00,4.392
77,09.06 05:00,5.181
77,09.06 06:00,4.384
77,09.06 07:00,13.286
77,09.06 08:00,13.782
77,09.06 09:00,17.825
77,09.06 10:00,20.083
77,09.06 11:00,20.618
77,09.06 12:00,21.723
77,09.06 13:00,22.165
77,09.06 14:00,19.933
77,09.06 15:00,16.236
77,09.06 16:00,15.29
77,09.06 17:00,13.044
77,09.06 18:00,6.486
77,09.06 19:00,6.091
77,09.06 20:00,6.588
77,09.06 21:00,6.524
77,09.06 22:00,4.416
77,09.06 23:00,4.015
77,10.06 00:00,4.185
77,10.06 01:00,4.382
77,10.06 02:00,3.809
77,10.06 03:00,3.981
77,10.06 04:00,4.287
77,10.06 05:00,3.984
77,10.06 06:00,4.101
77,10.06 07:00,12.656
77,10.06 08:00,14.256
77,10.06 09:00,18.886
77,10.06 10:00,20.203
77,10.06 11:00,20.809
77,10.06 12:00,22.485
77,10.06 13:00,22.511
77,10.06 14:00,18.252
77,10.06 15:00,15.596
77,10.06 16:00,15.046
77,10.06 17:00,13.344
77,10.06 18:00,7.268
77,10.06 19:00,4.183
77,10.06 20:00,4.098
77,10.06 21:00,3.711
77,10.06 22:00,4.313
77,10.06 23:00,4.115
77,11.06 00:00,4.786
77,11.06 01:00,4.085
77,11.06 02:00,3.999
77,11.06 03:00,3.808
77,11.06 04:00,4.315
77,11.06 05:00,4.114
77,11.06 06:00,4.115
77,11.06 07:00,4.118
77,11.06 08:00,4.193
77,11.06 09:00,4.103
77,11.06 10:00,4.583
77,11.06 11:00,4.093
77,11.06 12:00,3.694
77,11.06 13:00,4.211
77,11.06 14:00,3.997
77,11.06 15:00,4.214
77,11.06 16:00,3.692
77,11.06 17:00,4.186
77,11.06 18:00,3.787
77,11.06 19:00,3.814
77,11.06 20:00,4.18
77,11.06 21:00,4.398
77,11.06 22:00,3.995
77,11.06 23:00,3.717
77,12.06 00:00,3.99
77,12.06 01:00,3.592
77,12.06 02:00,4.798
77,12.06 03:00,3.686
77,12.06 04:00,3.6
77,12.06 05:00,4.408
77,12.06 06:00,3.996
77,12.06 07:00,3.992
77,12.06 08:00,4.209
77,12.06 09:00,3.817
77,12.06 10:00,4.288
77,12.06 11:00,3.813
77,12.06 12:00,3.994
77,12.06 13:00,3.89
77,12.06 14:00,3.805
77,12.06 15:00,4.394
77,12.06 16:00,4.083
77,12.06 17:00,4.219
77,12.06 18:00,3.811
77,12.06 19:00,3.882
77,12.06 20:00,4.317
77,12.06 21:00,3.59
77,12.06 22:00,4.316
77,12.06 23:00,3.693
77,13.06 00:00,4.418
77,13.06 01:00,4.313
77,13.06 02:00,3.919
77,13.06 03:00,4.22
77,13.06 04:00,3.914
77,13.06 05:00,4.314
77,13.06 06:00,4.616
77,13.06 07:00,13.941
77,13.06 08:00,15.158
77,13.06 09:00,19.193
77,13.06 10:00,19.311
77,13.06 11:00,19.081
77,13.06 12:00,19.995
77,13.06 13:00,22.165
77,13.06 14:00,17.559
77,13.06 15:00,16.285
77,13.06 16:00,15.334
77,13.06 17:00,12.889
77,13.06 18:00,11.248
77,13.06 19:00,5.181
77,13.06 20:00,4.302
77,13.06 21:00,5.123
77,13.06 22:00,4.699
77,13.06 23:00,4.818
77,14.06 00:00,4.799
77,14.06 01:00,5.21
77,14.06 02:00,4.602
77,14.06 03:00,4.788
77,14.06 04:00,4.71
77,14.06 05:00,4.487
77,14.06 06:00,5.515
77,14.06 07:00,14.495
77,14.06 08:00,14.609
77,14.06 09:00,22.3
77,14.06 10:00,21.602
77,14.06 11:00,19.869
77,14.06 12:00,23.47
77,14.06 13:00,23.861
77,14.06 14:00,20.181
77,14.06 15:00,16.761
77,14.06 16:00,17.572
77,14.06 17:00,16.173
77,14.06 18:00,10.371
77,14.06 19:00,5.724
77,14.06 20:00,4.89
77,14.06 21:00,4.5
77,14.06 22:00,5.395
77,14.06 23:00,4.606
77,15.06 00:00,4.583
77,15.06 01:00,4.9
77,15.06 02:00,4.619
77,15.06 03:00,4.804
77,15.06 04:00,4.897
77,15.06 05:00,4.723
77,15.06 06:00,6.205
77,15.06 07:00,15.357
77,15.06 08:00,16.26
77,15.06 09:00,19.826
77,15.06 10:00,20.904
77,15.06 11:00,21.602
77,15.06 12:00,23.307
77,15.06 13:00,25.047
77,15.06 14:00,20.278
77,15.06 15:00,17.555
77,15.06 16:00,16.742
77,15.06 17:00,16.726
77,15.06 18:00,8.993
77,15.06 19:00,5.207
77,15.06 20:00,4.289
77,15.06 21:00,4.589
77,15.06 22:00,4.22
77,15.06 23:00,4.923
77,16.06 00:00,4.307
77,16.06 01:00,3.905
77,16.06 02:00,4.896
77,16.06 03:00,4.384
77,16.06 04:00,3.894
77,16.06 05:00,4.796
77,16.06 06:00,4.184
77,16.06 07:00,15.335
77,16.06 08:00,16.954
77,16.06 09:00,21.261
77,16.06 10:00,18.719
77,16.06 11:00,19.596
77,16.06 12:00,19.013
77,16.06 13:00,23.013
77,16.06 14:00,20.961
77,16.06 15:00,18.178
77,16.06 16:00,16.293
77,16.06 17:00,13.173
77,16.06 18:00,9.233
77,16.06 19:00,7.429
77,16.06 20:00,6.973
77,16.06 21:00,8.065
77,16.06 22:00,4.397
77,16.06 23:00,5.016
77,17.06 00:00,3.983
77,17.06 01:00,4.598
77,17.06 02:00,4.604
77,17.06 03:00,4.213
77,17.06 04:00,4.884
77,17.06 05:00,4.118
77,17.06 06:00,5.389
77,17.06 07:00,16.379
77,17.06 08:00,17.356
77,17.06 09:00,20.786
77,17.06 10:00,20.96
77,17.06 11:00,21.239
77,17.06 12:00,24.901
77,17.06 13:00,23.397
77,17.06 14:00,17.618
77,17.06 15:00,15.707
77,17.06 16:00,15.069
77,17.06 17:00,13.862
77,17.06 18:00,7.022
77,17.06 19:00,4.209
77,17.06 20:00,3.605
77,17.06 21:00,4.304
77,17.06 22:00,4.295
77,17.06 23:00,4.016
77,18.06 00:00,4.196
77,18.06 01:00,4.406
77,18.06 02:00,3.694
77,18.06 03:00,4.305
77,18.06 04:00,3.913
77,18.06 05:00,3.99
77,18.06 06:00,4.091
77,18.06 07:00,4.008
77,18.06 08:00,4.19
77,18.06 09:00,4.312
77,18.06 10:00,3.897
77,18.06 11:00,3.904
77,18.06 12:00,3.983
77,18.06 13:00,4.38
77,18.06 14:00,3.91
77,18.06 15:00,3.793
77,18.06 16:00,3.999
77,18.06 17:00,4.609
77,18.06 18:00,3.705
77,18.06 19:00,4.607
77,18.06 20:00,3.601
77,18.06 21:00,4.302
77,18.06 22:00,3.689
77,18.06 23:00,4.286
77,19.06 00:00,4.11
77,19.06 01:00,3.8
77,19.06 02:00,4.584
77,19.06 03:00,3.708
77,19.06 04:00,4.093
77,19.06 05:00,4.101
77,19.06 06:00,4.188
77,19.06 07:00,3.912
77,19.06 08:00,4.103
77,19.06 09:00,3.587
77,19.06 10:00,4.487
77,19.06 11:00,3.583
77,19.06 12:00,4.386
77,19.06 13:00,4.096
77,19.06 14:00,4.2
77,19.06 15:00,3.702
77,19.06 16:00,4.38
77,19.06 17:00,3.693
77,19.06 18:00,3.902
77,19.06 19:00,4.003
77,19.06 20:00,4.187
77,19.06 21:00,3.59
77,19.06 22:00,4.696
77,19.06 23:00,3.701
77,20.06 00:00,4.104
77,20.06 01:00,4.001
77,20.06 02:00,3.992
77,20.06 03:00,4.195
77,20.06 04:00,4.119
77,20.06 05:00,3.699
77,20.06 06:00,3.915
77,20.06 07:00,14.239
77,20.06 08:00,16.209
77,20.06 09:00,23.892
77,20.06 10:00,22.114
77,20.06 11:00,21.418
77,20.06 12:00,25.177
77,20.06 13:00,27.193
77,20.06 14:00,21.043
77,20.06 15:00,18.954
77,20.06 16:00,17.34
77,20.06 17:00,16.87
77,20.06 18:00,10.681
77,20.06 19:00,5.827
77,20.06 20:00,4.513
77,20.06 21:00,4.912
77,20.06 22:00,4.406
77,20.06 23:00,4.701
77,21.06 00:00,4.081
77,21.06 01:00,4.608
77,21.06 02:00,4.611
77,21.06 03:00,4.698
77,21.06 04:00,4.917
77,21.06 05:00,4.089
77,21.06 06:00,5.782
77,21.06 07:00,13.185
77,21.06 08:00,14.446
77,21.06 09:00,21.841
77,21.06 10:00,21.618
77,21.06 11:00,22.226
77,21.06 12:00,25.056
77,21.06 13:00,25.202
77,21.06 14:00,20.395
77,21.06 15:00,17.286
77,21.06 16:00,15.386
77,21.06 17:00,14.415
77,21.06 18:00,8.069
77,21.06 19:00,5.078
77,21.06 20:00,4.181
77,21.06 21:00,4.792
77,21.06 22:00,3.609
77,21.06 23:00,4.495
77,22.06 00:00,4.009
77,22.06 01:00,4.889
77,22.06 02:00,3.811
77,22.06 03:00,4.183
77,22.06 04:00,4.091
77,22.06 05:00,4.506
77,22.06 06:00,5.416
77,22.06 07:00,14.595
77,22.06 08:00,16.134
77,22.06 09:00,21.71
77,22.06 10:00,22.146
77,22.06 11:00,21.072
77,22.06 12:00,26.07
77,22.06 13:00,25.11
77,22.06 14:00,19.723
77,22.06 15:00,17.953
77,22.06 16:00,17.2
77,22.06 17:00,15.747
77,22.06 18:00,8.52
77,22.06 19:00,4.422
77,22.06 20:00,4.29
77,22.06 21:00,4.596
77,22.06 22:00,4.406
77,22.06 23:00,4.104
77,23.06 00:00,5.322
77,23.06 01:00,3.904
77,23.06 02:00,4.209
77,23.06 03:00,4.687
77,23.06 04:00,3.906
77,23.06 05:00,4.41
77,23.06 06:00,5.476
77,23.06 07:00,13.892
77,23.06 08:00,15.601
77,23.06 09:00,21.768
77,23.06 10:00,21.336
77,23.06 11:00,20.729
77,23.06 12:00,23.055
77,23.06 13:00,24.852
77,23.06 14:00,18.321
77,23.06 15:00,17.65
77,23.06 16:00,16.61
77,23.06 17:00,15.877
77,23.06 18:00,11.782
77,23.06 19:00,7.965
77,23.06 20:00,8.736
77,23.06 21:00,7.471
77,23.06 22:00,7.415
77,23.06 23:00,4.901
77,24.06 00:00,4.679
77,24.06 01:00,5.013
77,24.06 02:00,5.119
77,24.06 03:00,5.311
77,24.06 04:00,5.108
77,24.06 05:00,4.779
77,24.06 06:00,4.92
77,24.06 07:00,14.871
77,24.06 08:00,15.627
77,24.06 09:00,21.658
77,24.06 10:00,19.741
77,24.06 11:00,20.453
77,24.06 12:00,24.259
77,24.06 13:00,22.464
77,24.06 14:00,17.485
77,24.06 15:00,15.662
77,24.06 16:00,15.035
77,24.06 17:00,10.46
77,24.06 18:00,5.911
77,24.06 19:00,4.786
77,24.06 20:00,3.891
77,24.06 21:00,4.109
77,24.06 22:00,4.28
77,24.06 23:00,3.699
77,25.06 00:00,4.03
77,25.06 01:00,3.918
77,25.06 02:00,4.411
77,25.06 03:00,4.102
77,25.06 04:00,3.916
77,25.06 05:00,4.31
77,25.06 06:00,3.796
77,25.06 07:00,4.512
77,25.06 08:00,4.099
77,25.06 09:00,4.2
77,25.06 10:00,4.106
77,25.06 11:00,3.985
77,25.06 12:00,3.999
77,25.06 13:00,4.191
77,25.06 14:00,3.597
77,25.06 15:00,4.694
77,25.06 16:00,3.7
77,25.06 17:00,4.606
77,25.06 18:00,4.107
77,25.06 19:00,3.716
77,25.06 20:00,4.714
77,25.06 21:00,3.595
77,25.06 22:00,4.794
77,25.06 23:00,3.683
77,26.06 00:00,4.411
77,26.06 01:00,4.405
77,26.06 02:00,3.815
77,26.06 03:00,4.618
77,26.06 04:00,4.105
77,26.06 05:00,3.91
77,26.06 06:00,4.315
77,26.06 07:00,3.608
77,26.06 08:00,4.716
77,26.06 09:00,4.106
77,26.06 10:00,4.217
77,26.06 11:00,3.892
77,26.06 12:00,3.79
77,26.06 13:00,4.814
77,26.06 14:00,4.094
77,26.06 15:00,4.191
77,26.06 16:00,3.684
77,26.06 17:00,4.311
77,26.06 18:00,3.496
77,26.06 19:00,4.809
77,26.06 20:00,3.589
77,26.06 21:00,4.29
77,26.06 22:00,4.086
77,26.06 23:00,3.89
77,27.06 00:00,3.984
77,27.06 01:00,4.202
77,27.06 02:00,4.321
77,27.06 03:00,3.571
77,27.06 04:00,4.595
77,27.06 05:00,3.788
77,27.06 06:00,4.183
77,27.06 07:00,14.263
77,27.06 08:00,14.865
77,27.06 09:00,21.531
77,27.06 10:00,20.13
77,27.06 11:00,20.293
77,27.06 12:00,21.345
77,27.06 13:00,23.705
77,27.06 14:00,19.537
77,27.06 15:00,14.979
77,27.06 16:00,16.916
77,27.06 17:00,14.871
77,27.06 18:00,10.649
77,27.06 19:00,4.984
77,27.06 20:00,4.519
77,27.06 21:00,3.98
77,27.06 22:00,4.811
77,27.06 23:00,3.987
77,28.06 00:00,4.285
77,28.06 01:00,4.281
77,28.06 02:00,4.486
77,28.06 03:00,3.981
77,28.06 04:00,4.292
77,28.06 05:00,4.387
77,28.06 06:00,4.506
77,28.06 07:00,12.266
77,28.06 08:00,11.471
77,28.06 09:00,16.632
77,28.06 10:00,18.115
77,28.06 11:00,21.295
77,28.06 12:00,21.843
77,28.06 13:00,21.918
77,28.06 14:00,18.86
77,28.06 15:00,17.128
77,28.06 16:00,16.239
77,28.06 17:00,17.629
77,28.06 18:00,11.125
77,28.06 19:00,6.607
77,28.06 20:00,3.685
77,28.06 21:00,4.8
77,28.06 22:00,3.982
77,28.06 23:00,4.317
77,29.06 00:00,4.678
77,29.06 01:00,4.379
77,29.06 02:00,4.191
77,29.06 03:00,4.206
77,29.06 04:00,4.19
77,29.06 05:00,4.396
77,29.06 06:00,4.516
77,29.06 07:00,13.54
77,29.06 08:00,17.497
77,29.06 09:00,23.755
77,29.06 10:00,26.333
77,29.06 11:00,24.115
77,29.06 12:00,27.207
77,29.06 13:00,27.732
77,29.06 14:00,22.432
77,29.06 15:00,19.571
77,29.06 16:00,17.078
77,29.06 17:00,18.19
77,29.06 18:00,13.994
77,29.06 19:00,6.078
77,29.06 20:00,4.196
77,29.06 21:00,4.312
77,29.06 22:00,4.607
77,29.06 23:00,4.607
77,30.06 00:00,4.082
77,30.06 01:00,4.586
77,30.06 02:00,4.496
77,30.06 03:00,4.093
77,30.06 04:00,5.014
77,30.06 05:00,3.995
77,30.06 06:00,4.975
77,30.06 07:00,16.286
77,30.06 08:00,20.249
77,30.06 09:00,23.939
77,30.06 10:00,23.213
77,30.06 11:00,20.103
77,30.06 12:00,23.172
77,30.06 13:00,24.934
77,30.06 14:00,20.225
77,30.06 15:00,17.806
77,30.06 16:00,18.366
77,30.06 17:00,15.413
77,30.06 18:00,8.836
77,30.06 19:00,7.808
77,30.06 20:00,6.575
77,30.06 21:00,7.57
77,30.06 22:00,4.791
77,30.06 23:00,5.084
77,01.07 00:00,4.612
77,01.07 01:00,4.924
77,01.07 02:00,4.491
77,01.07 03:00,4.593
77,01.07 04:00,4.817
77,01.07 05:00,4.62
77,01.07 06:00,5.198
77,01.07 07:00,16.402
77,01.07 08:00,16.984
77,01.07 09:00,19.658
77,01.07 10:00,20.177
77,01.07 11:00,22.414
77,01.07 12:00,24.388
77,01.07 13:00,23.349
77,01.07 14:00,19.998
77,01.07 15:00,16.85
77,01.07 16:00,15.634
77,01.07 17:00,10.875
77,01.07 18:00,6.118
77,01.07 19:00,4.108
77,01.07 20:00,3.897
77,01.07 21:00,3.589
77,01.07 22:00,4.082
77,01.07 23:00,3.485
77,02.07 00:00,4.221
77,02.07 01:00,3.893
77,02.07 02:00,3.982
77,02.07 03:00,3.81
77,02.07 04:00,3.901
77,02.07 05:00,4.194
77,02.07 06:00,3.599
77,02.07 07:00,4.081
77,02.07 08:00,3.703
77,02.07 09:00,4.218
77,02.07 10:00,3.513
77,02.07 11:00,4.31
77,02.07 12:00,3.992
77,02.07 13:00,3.81
77,02.07 14:00,3.708
77,02.07 15:00,4.203
77,02.07 16:00,3.394
77,02.07 17:00,4.111
77,02.07 18:00,3.808
77,02.07 19:00,4.114
77,02.07 20:00,4.203
77,02.07 21:00,3.609
77,02.07 22:00,3.994
77,02.07 23:00,4.088
77,03.07 00:00,3.599
77,03.07 01:00,3.811
77,03.07 02:00,3.807
77,03.07 03:00,4.101
77,03.07 04:00,3.89
77,03.07 05:00,4.118
77,03.07 06:00,3.894
77,03.07 07:00,4.204
77,03.07 08:00,3.71
77,03.07 09:00,3.511
77,03.07 10:00,4.397
77,03.07 11:00,3.312
77,03.07 12:00,4.493
77,03.07 13:00,3.094
77,03.07 14:00,4.204
77,03.07 15:00,4.12
77,03.07 16:00,3.797
77,03.07 17:00,3.713
77,03.07 18:00,4.11
77,03.07 19:00,3.703
77,03.07 20:00,4.189
77,03.07 21:00,3.784
77,03.07 22:00,4.32
77,03.07 23:00,3.611
77,04.07 00:00,5.208
77,04.07 01:00,3.702
77,04.07 02:00,3.795
77,04.07 03:00,3.903
77,04.07 04:00,3.813
77,04.07 05:00,3.904
77,04.07 06:00,4.69
77,04.07 07:00,15.278
77,04.07 08:00,18.453
77,04.07 09:00,24.152
77,04.07 10:00,22.444
77,04.07 11:00,23.663
77,04.07 12:00,22.341
77,04.07 13:00,22.889
77,04.07 14:00,17.574
77,04.07 15:00,15.324
77,04.07 16:00,15.808
77,04.07 17:00,14.665
77,04.07 18:00,9.216
77,04.07 19:00,5.422
77,04.07 20:00,4.207
77,04.07 21:00,4.117
77,04.07 22:00,4.684
77,04.07 23:00,4.105
77,05.07 00:00,4.192
77,05.07 01:00,4.394
77,05.07 02:00,4.616
77,05.07 03:00,4.208
77,05.07 04:00,5.079
77,05.07 05:00,4.104
77,05.07 06:00,5.872
77,05.07 07:00,13.645
77,05.07 08:00,14.356
77,05.07 09:00,18.953
77,05.07 10:00,21.296
77,05.07 11:00,20.479
77,05.07 12:00,20.511
77,05.07 13:00,21.936
77,05.07 14:00,17.541
77,05.07 15:00,14.361
77,05.07 16:00,13.485
77,05.07 17:00,13.252
77,05.07 18:00,8.721
77,05.07 19:00,5.621
77,05.07 20:00,4.193
77,05.07 21:00,4.79
77,05.07 22:00,4.681
77,05.07 23:00,4.49
77,06.07 00:00,4.644
77,06.07 01:00,5.094
77,06.07 02:00,4.611
77,06.07 03:00,4.991
77,06.07 04:00,4.103
77,06.07 05:00,5.088
77,06.07 06:00,4.501
77,06.07 07:00,14.104
77,06.07 08:00,13.15
77,06.07 09:00,18.332
77,06.07 10:00,18.726
77,06.07 11:00,17.967
77,06.07 12:00,20.888
77,06.07 13:00,18.54
77,06.07 14:00,15.552
77,06.07 15:00,13.197
77,06.07 16:00,12.756
77,06.07 17:00,10.681
77,06.07 18:00,6.63
77,06.07 19:00,4.922
77,06.07 20:00,3.912
77,06.07 21:00,4.211
77,06.07 22:00,3.707
77,06.07 23:00,4.216
77,07.07 00:00,3.914
77,07.07 01:00,4.395
77,07.07 02:00,3.587
77,07.07 03:00,3.699
77,07.07 04:00,4.612
77,07.07 05:00,3.686
77,07.07 06:00,3.908
77,07.07 07:00,11.567
77,07.07 08:00,14.163
77,07.07 09:00,18.175
77,07.07 10:00,21.659
77,07.07 11:00,20.812
77,07.07 12:00,20.965
77,07.07 13:00,23.158
77,07.07 14:00,18.874
77,07.07 15:00,16.835
77,07.07 16:00,17.492
77,07.07 17:00,14.641
77,07.07 18:00,7.917
77,07.07 19:00,5.615
77,07.07 20:00,6.071
77,07.07 21:00,6.109
77,07.07 22:00,5.308
77,07.07 23:00,4.591
77,08.07 00:00,4.711
77,08.07 01:00,4.72
77,08.07 02:00,4.913
77,08.07 03:00,3.999
77,08.07 04:00,4.679
77,08.07 05:00,4.385
77,08.07 06:00,5.193
77,08.07 07:00,13.637
77,08.07 08:00,18.028
77,08.07 09:00,21.722
77,08.07 10:00,21.411
77,08.07 11:00,21.822
77,08.07 12:00,24.87
77,08.07 13:00,24.014
77,08.07 14:00,20.013
77,08.07 15:00,18.49
77,08.07 16:00,16.374
77,08.07 17:00,14.752
77,08.07 18:00,6.026
77,08.07 19:00,4.179
77,08.07 20:00,4.716
77,08.07 21:00,4.21
77,08.07 22:00,4.403
77,08.07 23:00,4.691
77,09.07 00:00,4.018
77,09.07 01:00,4.594
77,09.07 02:00,4.315
77,09.07 03:00,4.621
77,09.07 04:00,4.102
77,09.07 05:00,4.396
77,09.07 06:00,4.805
77,09.07 07:00,4.299
77,09.07 08:00,4.404
77,09.07 09:00,4.787
77,09.07 10:00,4.513
77,09.07 11:00,3.989
77,09.07 12:00,4.584
77,09.07 13:00,4.089
77,09.07 14:00,4.521
77,09.07 15:00,4.379
77,09.07 16:00,4.416
77,09.07 17:00,4.097
77,09.07 18:00,4.697
77,09.07 19:00,4.201
77,09.07 20:00,4.812
77,09.07 21:00,4.185
77,09.07 22:00,4.618
77,09.07 23:00,4.192
77,10.07 00:00,4.803
77,10.07 01:00,4.316
77,10.07 02:00,4.415
77,10.07 03:00,4.495
77,10.07 04:00,4.51
77,10.07 05:00,4.288
77,10.07 06:00,4.419
77,10.07 07:00,4.585
77,10.07 08:00,4.503
77,10.07 09:00,4.384
77,10.07 10:00,4.413
77,10.07 11:00,4.381
77,10.07 12:00,4.294
77,10.07 13:00,4.687
77,10.07 14:00,3.991
77,10.07 15:00,4.71
77,10.07 16:00,5.021
77,10.07 17:00,3.98
77,10.07 18:00,4.715
77,10.07 19:00,3.903
77,10.07 20:00,4.694
77,10.07 21:00,4.186
77,10.07 22:00,4.107
77,10.07 23:00,4.821
77,11.07 00:00,4.805
77,11.07 01:00,4.484
77,11.07 02:00,4.691
77,11.07 03:00,4.297
77,11.07 04:00,4.213
77,11.07 05:00,4.504
77,11.07 06:00,4.48
77,11.07 07:00,13.703
77,11.07 08:00,17.859
77,11.07 09:00,21.811
77,11.07 10:00,21.617
77,11.07 11:00,22.403
77,11.07 12:00,23.453
77,11.07 13:00,23.191
77,11.07 14:00,19.914
77,11.07 15:00,15.421
77,11.07 16:00,15.334
77,11.07 17:00,13.441
77,11.07 18:00,7.298
77,11.07 19:00,5.426
77,11.07 20:00,5.495
77,11.07 21:00,5.312
77,11.07 22:00,5.005
77,11.07 23:00,5.691
77,12.07 00:00,4.421
77,12.07 01:00,4.987
77,12.07 02:00,5.415
77,12.07 03:00,5.221
77,12.07 04:00,5.321
77,12.07 05:00,5.015
77,12.07 06:00,5.425
77,12.07 07:00,13.188
77,12.07 08:00,14.497
77,12.07 09:00,17.288
77,12.07 10:00,18.245
77,12.07 11:00,18.036
77,12.07 12:00,21.028
77,12.07 13:00,22.435
77,12.07 14:00,18.887
77,12.07 15:00,17.976
77,12.07 16:00,16.463
77,12.07 17:00,15.945
77,12.07 18:00,11.743
77,12.07 19:00,9.885
77,12.07 20:00,9.093
77,12.07 21:00,6.21
77,12.07 22:00,3.998
77,12.07 23:00,3.993
77,13.07 00:00,3.99
77,13.07 01:00,3.999
77,13.07 02:00,4.002
77,13.07 03:00,4.007
77,13.07 04:00,4.002
77,13.07 05:00,0.996
77,13.07 06:00,1.001
77,13.07 07:00,1.004
77,13.07 08:00,1.001
77,13.07 09:00,1.003
77,13.07 10:00,1.004
77,13.07 11:00,0.995
77,13.07 12:00,0.995
77,13.07 13:00,0.996
77,13.07 14:00,1.0
77,13.07 15:00,0.999
77,13.07 16:00,0.998
77,13.07 17:00,0.997
77,13.07 18:00,1.001
77,13.07 19:00,1.004
77,13.07 20:00,0.997
77,13.07 21:00,1.002
77,13.07 22:00,1.0
77,13.07 23:00,1.001
77,14.07 00:00,2.396
77,14.07 01:00,0.0
77,14.07 02:00,3.984
77,14.07 03:00,5.02
77,14.07 04:00,4.501
77,14.07 05:00,4.686
77,14.07 06:00,5.013
77,14.07 07:00,13.314
77,14.07 08:00,12.835
77,14.07 09:00,17.139
77,14.07 10:00,20.37
77,14.07 11:00,21.4
77,14.07 12:00,23.65
77,14.07 13:00,22.954
77,14.07 14:00,19.056
77,14.07 15:00,15.344
77,14.07 16:00,13.85
77,14.07 17:00,10.956
77,14.07 18:00,7.476
77,14.07 19:00,5.596
77,14.07 20:00,6.282
77,14.07 21:00,5.725
77,14.07 22:00,4.619
77,14.07 23:00,4.184
77,15.07 00:00,3.997
77,15.07 01:00,4.504
77,15.07 02:00,3.984
77,15.07 03:00,4.804
77,15.07 04:00,3.999
77,15.07 05:00,4.308
77,15.07 06:00,3.811
77,15.07 07:00,13.25
77,15.07 08:00,14.178
77,15.07 09:00,19.487
77,15.07 10:00,19.016
77,15.07 11:00,20.51
77,15.07 12:00,22.199
77,15.07 13:00,23.568
77,15.07 14:00,15.402
77,15.07 15:00,12.328
77,15.07 16:00,13.424
77,15.07 17:00,12.848
77,15.07 18:00,7.035
77,15.07 19:00,4.622
77,15.07 20:00,4.617
77,15.07 21:00,4.365
77,15.07 22:00,4.094
77,15.07 23:00,4.968
77,16.07 00:00,4.295
77,16.07 01:00,4.693
77,16.07 02:00,4.399
77,16.07 03:00,4.195
77,16.07 04:00,4.777
77,16.07 05:00,4.08
77,16.07 06:00,4.204
77,16.07 07:00,4.507
77,16.07 08:00,3.983
77,16.07 09:00,4.88
77,16.07 10:00,4.68
77,16.07 11:00,4.219
77,16.07 12:00,4.214
77,16.07 13:00,4.579
77,16.07 14:00,4.289
77,16.07 15:00,4.513
77,16.07 16:00,4.084
77,16.07 17:00,4.794
77,16.07 18:00,4.08
77,16.07 19:00,4.881
77,16.07 20:00,4.413
77,16.07 21:00,4.289
77,16.07 22:00,4.406
77,16.07 23:00,4.319
77,17.07 00:00,4.499
77,17.07 01:00,4.104
77,17.07 02:00,4.483
77,17.07 03:00,4.296
77,17.07 04:00,4.622
77,17.07 05:00,4.694
77,17.07 06:00,4.714
77,17.07 07:00,4.204
77,17.07 08:00,4.21
77,17.07 09:00,4.385
77,17.07 10:00,4.206
77,17.07 11:00,4.812
77,17.07 12:00,4.005
77,17.07 13:00,4.422
77,17.07 14:00,4.58
77,17.07 15:00,4.706
77,17.07 16:00,4.306
77,17.07 17:00,4.592
77,17.07 18:00,4.284
77,17.07 19:00,4.217
77,17.07 20:00,4.492
77,17.07 21:00,4.29
77,17.07 22:00,4.401
77,17.07 23:00,4.118
77,18.07 00:00,4.401
77,18.07 01:00,4.399
77,18.07 02:00,4.516
77,18.07 03:00,4.516
77,18.07 04:00,3.981
77,18.07 05:00,4.517
77,18.07 06:00,4.71
77,18.07 07:00,13.671
77,18.07 08:00,15.458
77,18.07 09:00,18.548
77,18.07 10:00,18.133
77,18.07 11:00,20.404
77,18.07 12:00,20.54
77,18.07 13:00,22.733
77,18.07 14:00,17.583
77,18.07 15:00,15.296
77,18.07 16:00,12.959
77,18.07 17:00,13.239
77,18.07 18:00,8.731
77,18.07 19:00,5.089
77,18.07 20:00,3.892
77,18.07 21:00,4.787
77,18.07 22:00,4.609
77,18.07 23:00,4.106
77,19.07 00:00,4.514
77,19.07 01:00,4.588
77,19.07 02:00,4.415
77,19.07 03:00,4.288
77,19.07 04:00,4.011
77,19.07 05:00,4.185
77,19.07 06:00,4.601
77,19.07 07:00,13.86
77,19.07 08:00,13.652
77,19.07 09:00,18.645
77,19.07 10:00,18.355
77,19.07 11:00,18.269
77,19.07 12:00,19.505
77,19.07 13:00,22.358
77,19.07 14:00,16.047
77,19.07 15:00,14.654
77,19.07 16:00,14.07
77,19.07 17:00,11.081
77,19.07 18:00,6.318
77,19.07 19:00,4.68
77,19.07 20:00,4.32
77,19.07 21:00,4.483
77,19.07 22:00,4.495
77,19.07 23:00,4.98
77,20.07 00:00,4.283
77,20.07 01:00,4.302
77,20.07 02:00,4.79
77,20.07 03:00,4.217
77,20.07 04:00,4.516
77,20.07 05:00,4.714
77,20.07 06:00,4.481
77,20.07 07:00,13.296
77,20.07 08:00,14.247
77,20.07 09:00,16.241
77,20.07 10:00,17.79
77,20.07 11:00,17.046
77,20.07 12:00,20.545
77,20.07 13:00,21.084
77,20.07 14:00,16.406
77,20.07 15:00,15.273
77,20.07 16:00,11.655
77,20.07 17:00,11.435
77,20.07 18:00,7.611
77,20.07 19:00,4.811
77,20.07 20:00,4.384
77,20.07 21:00,3.915
77,20.07 22:00,3.881
77,20.07 23:00,3.902
77,21.07 00:00,3.498
77,21.07 01:00,4.18
77,21.07 02:00,3.702
77,21.07 03:00,4.28
77,21.07 04:00,3.803
77,21.07 05:00,4.484
77,21.07 06:00,3.915
77,21.07 07:00,5.493
77,21.07 08:00,5.721
77,21.07 09:00,7.197
77,21.07 10:00,10.012
77,21.07 11:00,11.612
77,21.07 12:00,11.444
77,21.07 13:00,11.139
77,21.07 14:00,11.636
77,21.07 15:00,10.264
77,21.07 16:00,10.597
77,21.07 17:00,10.026
77,21.07 18:00,7.73
77,21.07 19:00,5.897
77,21.07 20:00,5.675
77,21.07 21:00,6.007
77,21.07 22:00,3.512
77,21.07 23:00,3.898
77,22.07 00:00,3.311
77,22.07 01:00,3.805
77,22.07 02:00,3.796
77,22.07 03:00,3.315
77,22.07 04:00,3.981
77,22.07 05:00,3.292
77,22.07 06:00,3.299
77,22.07 07:00,5.216
77,22.07 08:00,4.781
77,22.07 09:00,6.095
77,22.07 10:00,7.419
77,22.07 11:00,10.045
77,22.07 12:00,8.763
77,22.07 13:00,10.248
77,22.07 14:00,9.432
77,22.07 15:00,8.031
77,22.07 16:00,6.525
77,22.07 17:00,5.875
77,22.07 18:00,4.795
77,22.07 19:00,3.394
77,22.07 20:00,4.01
77,22.07 21:00,3.292
77,22.07 22:00,3.669
77,22.07 23:00,4.201
77,23.07 00:00,3.212
77,23.07 01:00,4.101
77,23.07 02:00,3.314
77,23.07 03:00,3.711
77,23.07 04:00,3.49
77,23.07 05:00,3.598
77,23.07 06:00,3.797
77,23.07 07:00,3.615
77,23.07 08:00,4.083
77,23.07 09:00,3.201
77,23.07 10:00,3.497
77,23.07 11:00,3.894
77,23.07 12:00,3.192
77,23.07 13:00,3.885
77,23.07 14:00,3.491
77,23.07 15:00,3.892
77,23.07 16:00,3.401
77,23.07 17:00,3.201
77,23.07 18:00,4.102
77,23.07 19:00,3.994
77,23.07 20:00,3.69
77,23.07 21:00,3.683
77,23.07 22:00,3.495
77,23.07 23:00,3.384
77,24.07 00:00,4.378
77,24.07 01:00,3.505
77,24.07 02:00,3.489
77,24.07 03:00,3.701
77,24.07 04:00,3.413
77,24.07 05:00,3.883
77,24.07 06:00,3.515
77,24.07 07:00,3.799
77,24.07 08:00,3.491
77,24.07 09:00,3.517
77,24.07 10:00,4.104
77,24.07 11:00,3.512
77,24.07 12:00,3.311
77,24.07 13:00,3.509
77,24.07 14:00,3.586
77,24.07 15:00,3.712
77,24.07 16:00,3.7
77,24.07 17:00,3.983
77,24.07 18:00,3.612
77,24.07 19:00,3.914
77,24.07 20:00,3.203
77,24.07 21:00,3.703
77,24.07 22:00,3.395
77,24.07 23:00,3.392
77,25.07 00:00,3.289
77,25.07 01:00,3.587
77,25.07 02:00,4.194
77,25.07 03:00,3.29
77,25.07 04:00,3.414
77,25.07 05:00,3.903
77,25.07 06:00,3.592
77,25.07 07:00,3.591
77,25.07 08:00,3.284
77,25.07 09:00,3.508
77,25.07 10:00,3.499
77,25.07 11:00,3.903
77,25.07 12:00,3.199
77,25.07 13:00,3.89
77,25.07 14:00,3.405
77,25.07 15:00,3.308
77,25.07 16:00,4.378
77,25.07 17:00,3.098
77,25.07 18:00,3.614
77,25.07 19:00,3.295
77,25.07 20:00,3.808
77,25.07 21:00,3.197
77,25.07 22:00,3.701
77,25.07 23:00,3.583
77,26.07 00:00,3.804
77,26.07 01:00,3.917
77,26.07 02:00,3.195
77,26.07 03:00,3.91
77,26.07 04:00,3.215
77,26.07 05:00,3.385
77,26.07 06:00,3.994
77,26.07 07:00,3.185
77,26.07 08:00,4.095
77,26.07 09:00,3.5
77,26.07 10:00,3.212
77,26.07 11:00,3.713
77,26.07 12:00,3.601
77,26.07 13:00,3.513
77,26.07 14:00,3.495
77,26.07 15:00,3.905
77,26.07 16:00,3.211
77,26.07 17:00,3.712
77,26.07 18:00,3.708
77,26.07 19:00,3.102
77,26.07 20:00,4.083
77,26.07 21:00,3.203
77,26.07 22:00,3.811
77,26.07 23:00,3.299
77,27.07 00:00,3.995
77,27.07 01:00,3.597
77,27.07 02:00,3.685
77,27.07 03:00,2.998
77,27.07 04:00,3.784
77,27.07 05:00,3.692
77,27.07 06:00,3.409
77,27.07 07:00,3.789
77,27.07 08:00,3.309
77,27.07 09:00,3.912
77,27.07 10:00,3.393
77,27.07 11:00,3.503
77,27.07 12:00,3.415
77,27.07 13:00,3.795
77,27.07 14:00,3.313
77,27.07 15:00,3.507
77,27.07 16:00,3.694
77,27.07 17:00,3.811
77,27.07 18:00,3.497
77,27.07 19:00,3.599
77,27.07 20:00,3.709
77,27.07 21:00,3.306
77,27.07 22:00,3.707
77,27.07 23:00,2.908
77,28.07 00:00,4.195
77,28.07 01:00,3.107
77,28.07 02:00,3.901
77,28.07 03:00,3.6
77,28.07 04:00,3.013
77,28.07 05:00,3.906
77,28.07 06:00,3.5
77,28.07 07:00,3.594
77,28.07 08:00,3.306
77,28.07 09:00,3.588
77,28.07 10:00,3.585
77,28.07 11:00,3.618
77,28.07 12:00,3.506
77,28.07 13:00,3.782
77,28.07 14:00,3.486
77,28.07 15:00,3.801
77,28.07 16:00,2.987
77,28.07 17:00,3.709
77,28.07 18:00,3.205
77,28.07 19:00,3.91
77,28.07 20:00,3.39
77,28.07 21:00,3.095
77,28.07 22:00,4.294
77,28.07 23:00,2.991
77,29.07 00:00,3.005
77,29.07 01:00,3.51
77,29.07 02:00,3.917
77,29.07 03:00,3.498
77,29.07 04:00,3.11
77,29.07 05:00,3.404
77,29.07 06:00,3.685
77,29.07 07:00,3.899
77,29.07 08:00,3.29
77,29.07 09:00,3.307
77,29.07 10:00,3.316
77,29.07 11:00,3.995
77,29.07 12:00,3.793
77,29.07 13:00,3.103
77,29.07 14:00,3.714
77,29.07 15:00,3.501
77,29.07 16:00,3.792
77,29.07 17:00,3.201
77,29.07 18:00,3.71
77,29.07 19:00,3.384
77,29.07 20:00,3.789
77,29.07 21:00,3.093
77,29.07 22:00,4.295
77,29.07 23:00,3.31
77,30.07 00:00,3.704
77,30.07 01:00,3.188
77,30.07 02:00,3.883
77,30.07 03:00,3.406
77,30.07 04:00,3.095
77,30.07 05:00,3.615
77,30.07 06:00,3.517
77,30.07 07:00,3.595
77,30.07 08:00,3.699
77,30.07 09:00,3.685
77,30.07 10:00,3.01
77,30.07 11:00,3.789
77,30.07 12:00,3.314
77,30.07 13:00,4.019
77,30.07 14:00,3.015
77,30.07 15:00,3.611
77,30.07 16:00,3.489
77,30.07 17:00,3.701
77,30.07 18:00,3.899
77,30.07 19:00,3.284
77,30.07 20:00,3.494
77,30.07 21:00,3.999
77,30.07 22:00,2.904
77,30.07 23:00,3.91
77,31.07 00:00,3.301
77,31.07 01:00,3.715
77,31.07 02:00,3.714
77,31.07 03:00,3.491
77,31.07 04:00,3.803
77,31.07 05:00,3.697
77,31.07 06:00,3.186
77,31.07 07:00,3.796
77,31.07 08:00,3.089
77,31.07 09:00,4.12
77,31.07 10:00,3.285
77,31.07 11:00,3.308
77,31.07 12:00,3.89
77,31.07 13:00,3.404
77,31.07 14:00,3.702
77,31.07 15:00,3.908
77,31.07 16:00,3.085
77,31.07 17:00,4.192
77,31.07 18:00,2.989
77,31.07 19:00,3.698
77,31.07 20:00,3.497
77,31.07 21:00,3.697
77,31.07 22:00,3.104
77,31.07 23:00,4.001
77,01.08 00:00,3.194
77,01.08 01:00,3.81
77,01.08 02:00,3.389
77,01.08 03:00,3.513
77,01.08 04:00,3.313
77,01.08 05:00,3.706
77,01.08 06:00,3.483
77,01.08 07:00,6.733
77,01.08 08:00,6.876
77,01.08 09:00,6.798
77,01.08 10:00,4.716
77,01.08 11:00,4.488
77,01.08 12:00,4.683
77,01.08 13:00,4.695
77,01.08 14:00,4.291
77,01.08 15:00,6.073
77,01.08 16:00,5.48
77,01.08 17:00,6.91
77,01.08 18:00,6.271
77,01.08 19:00,4.084
77,01.08 20:00,3.809
77,01.08 21:00,4.112
77,01.08 22:00,3.113
77,01.08 23:00,3.902
77,02.08 00:00,3.41
77,02.08 01:00,4.011
77,02.08 02:00,3.286
77,02.08 03:00,3.39
77,02.08 04:00,3.894
77,02.08 05:00,2.989
77,02.08 06:00,3.801
77,02.08 07:00,6.025
77,02.08 08:00,5.921
77,02.08 09:00,5.602
77,02.08 10:00,4.407
77,02.08 11:00,4.309
77,02.08 12:00,4.822
77,02.08 13:00,4.606
77,02.08 14:00,4.301
77,02.08 15:00,5.694
77,02.08 16:00,6.012
77,02.08 17:00,6.422
77,02.08 18:00,5.389
77,02.08 19:00,4.28
77,02.08 20:00,3.203
77,02.08 21:00,3.59
77,02.08 22:00,3.606
77,02.08 23:00,3.502
77,03.08 00:00,3.595
77,03.08 01:00,4.414
77,03.08 02:00,3.202
77,03.08 03:00,3.692
77,03.08 04:00,3.39
77,03.08 05:00,3.709
77,03.08 06:00,3.298
77,03.08 07:00,5.498
77,03.08 08:00,5.695
77,03.08 09:00,5.708
77,03.08 10:00,4.891
77,03.08 11:00,4.981
77,03.08 12:00,4.492
77,03.08 13:00,4.593
77,03.08 14:00,5.025
77,03.08 15:00,4.683
77,03.08 16:00,5.398
77,03.08 17:00,5.405
77,03.08 18:00,6.004
77,03.08 19:00,3.796
77,03.08 20:00,3.981
77,03.08 21:00,3.612
77,03.08 22:00,3.891
77,03.08 23:00,3.398
77,04.08 00:00,3.701
77,04.08 01:00,3.49
77,04.08 02:00,3.358
77,04.08 03:00,4.185
77,04.08 04:00,3.091
77,04.08 05:00,3.986
77,04.08 06:00,3.61
77,04.08 07:00,5.903
77,04.08 08:00,5.983
77,04.08 09:00,6.028
77,04.08 10:00,4.596
77,04.08 11:00,5.025
77,04.08 12:00,4.622
77,04.08 13:00,4.494
77,04.08 14:00,4.89
77,04.08 15:00,4.791
77,04.08 16:00,6.23
77,04.08 17:00,6.102
77,04.08 18:00,6.289
77,04.08 19:00,5.489
77,04.08 20:00,5.88
77,04.08 21:00,5.723
77,04.08 22:00,3.686
77,04.08 23:00,3.401
77,05.08 00:00,3.707
77,05.08 01:00,3.514
77,05.08 02:00,4.018
77,05.08 03:00,3.683
77,05.08 04:00,3.289
77,05.08 05:00,4.02
77,05.08 06:00,3.402
77,05.08 07:00,5.777
77,05.08 08:00,5.62
77,05.08 09:00,5.157
77,05.08 10:00,4.72
77,05.08 11:00,5.115
77,05.08 12:00,4.305
77,05.08 13:00,4.311
77,05.08 14:00,5.18
77,05.08 15:00,4.205
77,05.08 16:00,4.786
77,05.08 17:00,4.12
77,05.08 18:00,3.992
77,05.08 19:00,3.216
77,05.08 20:00,3.405
77,05.08 21:00,3.298
77,05.08 22:00,3.688
77,05.08 23:00,3.797
77,06.08 00:00,2.887
77,06.08 01:00,3.308
77,06.08 02:00,3.739
77,06.08 03:00,3.009
77,06.08 04:00,3.706
77,06.08 05:00,2.99
77,06.08 06:00,3.604
77,06.08 07:00,3.112
77,06.08 08:00,3.691
77,06.08 09:00,3.512
77,06.08 10:00,3.386
77,06.08 11:00,3.102
77,06.08 12:00,3.696
77,06.08 13:00,3.302
77,06.08 14:00,3.209
77,06.08 15:00,3.689
77,06.08 16:00,2.804
77,06.08 17:00,3.709
77,06.08 18:00,3.613
77,06.08 19:00,3.404
77,06.08 20:00,3.402
77,06.08 21:00,3.416
77,06.08 22:00,3.198
77,06.08 23:00,3.504
77,07.08 00:00,3.205
77,07.08 01:00,3.717
77,07.08 02:00,3.096
77,07.08 03:00,3.606
77,07.08 04:00,3.712
77,07.08 05:00,2.798
77,07.08 06:00,3.682
77,07.08 07:00,3.086
77,07.08 08:00,3.688
77,07.08 09:00,3.106
77,07.08 10:00,3.601
77,07.08 11:00,3.312
77,07.08 12:00,3.312
77,07.08 13:00,3.51
77,07.08 14:00,3.811
77,07.08 15:00,2.986
77,07.08 16:00,3.648
77,07.08 17:00,3.102
77,07.08 18:00,3.885
77,07.08 19:00,3.184
77,07.08 20:00,3.505
77,07.08 21:00,2.905
77,07.08 22:00,3.902
77,07.08 23:00,3.287
77,08.08 00:00,3.412
77,08.08 01:00,3.308
77,08.08 02:00,3.094
77,08.08 03:00,3.499
77,08.08 04:00,3.103
77,08.08 05:00,3.788
77,08.08 06:00,3.092
77,08.08 07:00,4.606
77,08.08 08:00,4.805
77,08.08 09:00,6.3
77,08.08 10:00,9.201
77,08.08 11:00,9.039
77,08.08 12:00,9.813
77,08.08 13:00,9.385
77,08.08 14:00,9.709
77,08.08 15:00,7.465
77,08.08 16:00,7.085
77,08.08 17:00,4.587
77,08.08 18:00,4.879
77,08.08 19:00,4.188
77,08.08 20:00,3.695
77,08.08 21:00,3.191
77,08.08 22:00,3.403
77,08.08 23:00,3.394
77,09.08 00:00,3.708
77,09.08 01:00,3.411
77,09.08 02:00,3.71
77,09.08 03:00,3.09
77,09.08 04:00,3.808
77,09.08 05:00,3.391
77,09.08 06:00,3.207
77,09.08 07:00,4.88
77,09.08 08:00,4.704
77,09.08 09:00,5.221
77,09.08 10:00,7.786
77,09.08 11:00,9.045
77,09.08 12:00,8.686
77,09.08 13:00,9.766
77,09.08 14:00,7.415
77,09.08 15:00,7.172
77,09.08 16:00,6.211
77,09.08 17:00,6.227
77,09.08 18:00,5.806
77,09.08 19:00,3.694
77,09.08 20:00,3.394
77,09.08 21:00,3.614
77,09.08 22:00,3.298
77,09.08 23:00,3.8
77,10.08 00:00,3.496
77,10.08 01:00,3.887
77,10.08 02:00,3.093
77,10.08 03:00,3.483
77,10.08 04:00,3.187
77,10.08 05:00,3.607
77,10.08 06:00,3.492
77,10.08 07:00,4.796
77,10.08 08:00,4.806
77,10.08 09:00,4.786
77,10.08 10:00,6.081
77,10.08 11:00,5.581
77,10.08 12:00,5.807
77,10.08 13:00,6.304
77,10.08 14:00,5.0
77,10.08 15:00,4.291
77,10.08 16:00,4.487
77,10.08 17:00,4.495
77,10.08 18:00,4.808
77,10.08 19:00,4.298
77,10.08 20:00,3.29
77,10.08 21:00,3.492
77,10.08 22:00,3.595
77,10.08 23:00,3.608
77,11.08 00:00,3.688
77,11.08 01:00,3.713
77,11.08 02:00,3.203
77,11.08 03:00,3.814
77,11.08 04:00,3.191
77,11.08 05:00,3.294
77,11.08 06:00,3.816
77,11.08 07:00,4.616
77,11.08 08:00,4.919
77,11.08 09:00,5.919
77,11.08 10:00,8.491
77,11.08 11:00,9.502
77,11.08 12:00,8.174
77,11.08 13:00,7.933
77,11.08 14:00,7.314
77,11.08 15:00,5.906
77,11.08 16:00,5.896
77,11.08 17:00,5.289
77,11.08 18:00,5.304
77,11.08 19:00,5.911
77,11.08 20:00,5.303
77,11.08 21:00,4.914
77,11.08 22:00,4.103
77,11.08 23:00,3.313
77,12.08 00:00,3.516
77,12.08 01:00,4.114
77,12.08 02:00,2.908
77,12.08 03:00,3.811
77,12.08 04:00,3.592
77,12.08 05:00,3.391
77,12.08 06:00,3.605
77,12.08 07:00,3.98
77,12.08 08:00,5.477
77,12.08 09:00,4.917
77,12.08 10:00,4.211
77,12.08 11:00,4.788
77,12.08 12:00,3.995
77,12.08 13:00,4.508
77,12.08 14:00,4.984
77,12.08 15:00,4.592
77,12.08 16:00,5.318
77,12.08 17:00,4.183
77,12.08 18:00,4.018
77,12.08 19:00,3.299
77,12.08 20:00,3.893
77,12.08 21:00,3.101
77,12.08 22:00,3.901
77,12.08 23:00,3.303
77,13.08 00:00,3.005
77,13.08 01:00,3.509
77,13.08 02:00,3.692
77,13.08 03:00,3.31
77,13.08 04:00,3.592
77,13.08 05:00,3.684
77,13.08 06:00,3.494
77,13.08 07:00,3.31
77,13.08 08:00,3.722
77,13.08 09:00,3.413
77,13.08 10:00,3.698
77,13.08 11:00,3.39
77,13.08 12:00,4.118
77,13.08 13:00,3.11
77,13.08 14:00,3.593
77,13.08 15:00,3.732
77,13.08 16:00,3.113
77,13.08 17:00,3.703
77,13.08 18:00,3.502
77,13.08 19:00,3.488
77,13.08 20:00,3.097
77,13.08 21:00,3.994
77,13.08 22:00,3.009
77,13.08 23:00,4.088
77,14.08 00:00,3.607
77,14.08 01:00,3.609
77,14.08 02:00,3.405
77,14.08 03:00,3.416
77,14.08 04:00,3.713
77,14.08 05:00,3.001
77,14.08 06:00,3.784
77,14.08 07:00,3.215
77,14.08 08:00,3.589
77,14.08 09:00,3.4
77,14.08 10:00,4.096
77,14.08 11:00,3.188
77,14.08 12:00,3.306
77,14.08 13:00,3.692
77,14.08 14:00,3.203
77,14.08 15:00,3.806
77,14.08 16:00,3.307
77,14.08 17:00,3.699
77,14.08 18:00,3.413
77,14.08 19:00,3.796
77,14.08 20:00,3.394
77,14.08 21:00,3.516
77,14.08 22:00,3.212
77,14.08 23:00,3.498
77,15.08 00:00,3.902
77,15.08 01:00,3.406
77,15.08 02:00,3.491
77,15.08 03:00,3.205
77,15.08 04:00,3.798
77,15.08 05:00,3.981
77,15.08 06:00,3.099
77,15.08 07:00,3.511
77,15.08 08:00,3.384
77,15.08 09:00,3.412
77,15.08 10:00,3.688
77,15.08 11:00,3.342
77,15.08 12:00,2.991
77,15.08 13:00,3.894
77,15.08 14:00,3.408
77,15.08 15:00,3.414
77,15.08 16:00,3.514
77,15.08 17:00,3.582
77,15.08 18:00,3.691
77,15.08 19:00,3.097
77,15.08 20:00,3.785
77,15.08 21:00,3.085
77,15.08 22:00,3.704
77,15.08 23:00,3.388
77,16.08 00:00,2.993
77,16.08 01:00,3.601
77,16.08 02:00,3.807
77,16.08 03:00,3.192
77,16.08 04:00,3.391
77,16.08 05:00,3.705
77,16.08 06:00,3.711
77,16.08 07:00,3.204
77,16.08 08:00,3.287
77,16.08 09:00,3.608
77,16.08 10:00,3.591
77,16.08 11:00,3.588
77,16.08 12:00,3.191
77,16.08 13:00,3.795
77,16.08 14:00,3.395
77,16.08 15:00,3.001
77,16.08 16:00,3.903
77,16.08 17:00,3.299
77,16.08 18:00,3.817
77,16.08 19:00,3.092
77,16.08 20:00,4.097
77,16.08 21:00,3.204
77,16.08 22:00,3.701
77,16.08 23:00,3.904
77,17.08 00:00,3.701
77,17.08 01:00,3.202
77,17.08 02:00,3.415
77,17.08 03:00,4.08
77,17.08 04:00,2.995
77,17.08 05:00,3.308
77,17.08 06:00,4.301
77,17.08 07:00,3.208
77,17.08 08:00,3.996
77,17.08 09:00,3.295
77,17.08 10:00,3.585
77,17.08 11:00,3.214
77,17.08 12:00,3.692
77,17.08 13:00,3.299
77,17.08 14:00,3.498
77,17.08 15:00,3.398
77,17.08 16:00,3.812
77,17.08 17:00,3.612
77,17.08 18:00,3.099
77,17.08 19:00,3.798
77,17.08 20:00,3.487
77,17.08 21:00,3.506
77,17.08 22:00,3.213
77,17.08 23:00,3.813
77,18.08 00:00,3.389
77,18.08 01:00,3.412
77,18.08 02:00,3.997
77,18.08 03:00,3.195
77,18.08 04:00,3.913
77,18.08 05:00,3.414
77,18.08 06:00,3.402
77,18.08 07:00,3.497
77,18.08 08:00,3.39
77,18.08 09:00,3.898
77,18.08 10:00,3.2
77,18.08 11:00,3.602
77,18.08 12:00,3.594
77,18.08 13:00,3.486
77,18.08 14:00,3.509
77,18.08 15:00,3.717
77,18.08 16:00,3.003
77,18.08 17:00,3.987
77,18.08 18:00,3.711
77,18.08 19:00,3.601
77,18.08 20:00,3.003
77,18.08 21:00,3.402
77,18.08 22:00,4.002
77,18.08 23:00,3.395
77,19.08 00:00,3.583
77,19.08 01:00,3.209
77,19.08 02:00,3.403
77,19.08 03:00,3.31
77,19.08 04:00,3.494
77,19.08 05:00,3.497
77,19.08 06:00,3.709
77,19.08 07:00,3.316
77,19.08 08:00,3.607
77,19.08 09:00,3.694
77,19.08 10:00,3.684
77,19.08 11:00,3.092
77,19.08 12:00,3.291
77,19.08 13:00,3.995
77,19.08 14:00,3.193
77,19.08 15:00,3.599
77,19.08 16:00,3.596
77,19.08 17:00,3.718
77,19.08 18:00,3.292
77,19.08 19:00,4.215
77,19.08 20:00,3.106
77,19.08 21:00,3.196
77,19.08 22:00,3.797
77,19.08 23:00,3.316
77,20.08 00:00,4.119
77,20.08 01:00,3.588
77,20.08 02:00,4.013
77,20.08 03:00,2.913
77,20.08 04:00,3.881
77,20.08 05:00,3.396
77,20.08 06:00,3.302
77,20.08 07:00,3.984
77,20.08 08:00,2.89
77,20.08 09:00,3.808
77,20.08 10:00,3.3
77,20.08 11:00,4.015
77,20.08 12:00,3.006
77,20.08 13:00,3.703
77,20.08 14:00,3.513
77,20.08 15:00,3.815
77,20.08 16:00,3.506
77,20.08 17:00,3.215
77,20.08 18:00,3.61
77,20.08 19:00,3.504
77,20.08 20:00,3.7
77,20.08 21:00,3.506
77,20.08 22:00,3.613
77,20.08 23:00,3.091
77,21.08 00:00,3.783
77,21.08 01:00,3.193
77,21.08 02:00,3.818
77,21.08 03:00,3.306
77,21.08 04:00,3.604
77,21.08 05:00,3.606
77,21.08 06:00,3.096
77,21.08 07:00,3.713
77,21.08 08:00,3.511
77,21.08 09:00,3.588
77,21.08 10:00,3.609
77,21.08 11:00,3.494
77,21.08 12:00,3.412
77,21.08 13:00,3.902
77,21.08 14:00,3.395
77,21.08 15:00,3.585
77,21.08 16:00,3.315
77,21.08 17:00,3.706
77,21.08 18:00,3.602
77,21.08 19:00,3.588
77,21.08 20:00,3.417
77,21.08 21:00,3.782
77,21.08 22:00,3.386
77,21.08 23:00,3.588
77,22.08 00:00,3.406
77,22.08 01:00,3.718
77,22.08 02:00,3.488
77,22.08 03:00,3.585
77,22.08 04:00,3.209
77,22.08 05:00,3.494
77,22.08 06:00,3.785
77,22.08 07:00,3.294
77,22.08 08:00,3.686
77,22.08 09:00,3.409
77,22.08 10:00,3.501
77,22.08 11:00,3.391
77,22.08 12:00,3.594
77,22.08 13:00,3.296
77,22.08 14:00,3.699
77,22.08 15:00,3.687
77,22.08 16:00,3.389
77,22.08 17:00,3.39
77,22.08 18:00,3.495
77,22.08 19:00,3.6
77,22.08 20:00,3.104
77,22.08 21:00,3.891
77,22.08 22:00,3.505
77,22.08 23:00,3.496
77,23.08 00:00,3.885
77,23.08 01:00,3.799
77,23.08 02:00,3.312
77,23.08 03:00,3.605
77,23.08 04:00,3.206
77,23.08 05:00,3.501
77,23.08 06:00,3.506
77,23.08 07:00,3.596
77,23.08 08:00,3.499
77,23.08 09:00,3.2
77,23.08 10:00,4.179
77,23.08 11:00,3.216
77,23.08 12:00,3.595
77,23.08 13:00,3.316
77,23.08 14:00,3.822
77,23.08 15:00,3.284
77,23.08 16:00,3.614
77,23.08 17:00,3.399
77,23.08 18:00,3.604
77,23.08 19:00,3.494
77,23.08 20:00,3.585
77,23.08 21:00,3.609
77,23.08 22:00,3.204
77,23.08 23:00,3.784
77,24.08 00:00,3.302
77,24.08 01:00,3.504
77,24.08 02:00,3.707
77,24.08 03:00,3.195
77,24.08 04:00,3.614
77,24.08 05:00,4.514
77,24.08 06:00,3.004
77,24.08 07:00,3.505
77,24.08 08:00,3.486
77,24.08 09:00,3.49
77,24.08 10:00,3.782
77,24.08 11:00,3.292
77,24.08 12:00,3.789
77,24.08 13:00,3.688
77,24.08 14:00,3.39
77,24.08 15:00,3.883
77,24.08 16:00,3.102
77,24.08 17:00,3.801
77,24.08 18:00,3.385
77,24.08 19:00,3.204
77,24.08 20:00,4.112
77,24.08 21:00,3.385
77,24.08 22:00,3.284
77,24.08 23:00,3.695
77,25.08 00:00,3.301
77,25.08 01:00,4.517
77,25.08 02:00,3.192
77,25.08 03:00,3.71
77,25.08 04:00,3.503
77,25.08 05:00,3.5
77,25.08 06:00,3.312
77,25.08 07:00,3.512
77,25.08 08:00,3.808
77,25.08 09:00,3.397
77,25.08 10:00,3.593
77,25.08 11:00,3.611
77,25.08 12:00,3.196
77,25.08 13:00,4.001
77,25.08 14:00,3.115
77,25.08 15:00,3.585
77,25.08 16:00,3.308
77,25.08 17:00,3.609
77,25.08 18:00,3.511
77,25.08 19:00,3.782
77,25.08 20:00,3.192
77,25.08 21:00,4.114
77,25.08 22:00,3.2
77,25.08 23:00,3.818
77,26.08 00:00,3.208
77,26.08 01:00,3.8
77,26.08 02:00,3.285
77,26.08 03:00,3.113
77,26.08 04:00,3.885
77,26.08 05:00,3.296
77,26.08 06:00,3.517
77,26.08 07:00,3.498
77,26.08 08:00,3.994
77,26.08 09:00,3.3
77,26.08 10:00,3.505
77,26.08 11:00,3.393
77,26.08 12:00,3.711
77,26.08 13:00,3.398
77,26.08 14:00,3.204
77,26.08 15:00,3.782
77,26.08 16:00,3.492
77,26.08 17:00,3.899
77,26.08 18:00,3.493
77,26.08 19:00,3.593
77,26.08 20:00,3.113
77,26.08 21:00,4.004
77,26.08 22:00,3.209
77,26.08 23:00,3.604
77,27.08 00:00,3.986
77,27.08 01:00,4.193
77,27.08 02:00,3.211
77,27.08 03:00,3.587
77,27.08 04:00,3.695
77,27.08 05:00,3.203
77,27.08 06:00,3.492
77,27.08 07:00,3.513
77,27.08 08:00,3.601
77,27.08 09:00,3.195
77,27.08 10:00,3.885
77,27.08 11:00,3.393
77,27.08 12:00,3.109
77,27.08 13:00,4.094
77,27.08 14:00,3.092
77,27.08 15:00,3.811
77,27.08 16:00,3.401
77,27.08 17:00,3.788
77,27.08 18:00,3.191
77,27.08 19:00,3.8
77,27.08 20:00,3.491
77,27.08 21:00,3.717
77,27.08 22:00,3.494
77,27.08 23:00,3.294
77,28.08 00:00,3.213
77,28.08 01:00,3.21
77,28.08 02:00,3.998
77,28.08 03:00,3.115
77,28.08 04:00,3.605
77,28.08 05:00,3.586
77,28.08 06:00,3.588
77,28.08 07:00,3.316
77,28.08 08:00,3.615
77,28.08 09:00,3.813
77,28.08 10:00,3.594
77,28.08 11:00,3.491
77,28.08 12:00,3.389
77,28.08 13:00,3.819
77,28.08 14:00,3.601
77,28.08 15:00,3.013
77,28.08 16:00,3.803
77,28.08 17:00,3.486
77,28.08 18:00,3.783
77,28.08 19:00,3.813
77,28.08 20:00,3.599
77,28.08 21:00,3.189
77,28.08 22:00,3.715
77,28.08 23:00,3.29
77,29.08 00:00,3.688
77,29.08 01:00,3.511
77,29.08 02:00,3.384
77,29.08 03:00,3.611
77,29.08 04:00,3.302
77,29.08 05:00,3.808
77,29.08 06:00,3.682
77,29.08 07:00,3.406
77,29.08 08:00,3.302
77,29.08 09:00,3.886
77,29.08 10:00,3.406
77,29.08 11:00,3.698
77,29.08 12:00,3.201
77,29.08 13:00,3.798
77,29.08 14:00,3.793
77,29.08 15:00,3.405
77,29.08 16:00,3.515
77,29.08 17:00,3.393
77,29.08 18:00,3.706
77,29.08 19:00,3.491
77,29.08 20:00,3.402
77,29.08 21:00,3.288
77,29.08 22:00,4.104
77,29.08 23:00,3.007
77,30.08 00:00,3.895
77,30.08 01:00,3.507
77,30.08 02:00,3.385
77,30.08 03:00,3.889
77,30.08 04:00,3.313
77,30.08 05:00,3.61
77,30.08 06:00,3.515
77,30.08 07:00,7.225
77,30.08 08:00,5.011
77,30.08 09:00,5.652
77,30.08 10:00,4.279
77,30.08 11:00,4.404
77,30.08 12:00,4.983
77,30.08 13:00,6.175
77,30.08 14:00,5.71
77,30.08 15:00,5.814
77,30.08 16:00,6.082
77,30.08 17:00,5.788
77,30.08 18:00,5.009
77,30.08 19:00,3.911
77,30.08 20:00,4.014
77,30.08 21:00,3.414
77,30.08 22:00,3.71
77,30.08 23:00,3.211
77,31.08 00:00,3.788
77,31.08 01:00,3.512
77,31.08 02:00,3.384
77,31.08 03:00,4.203
77,31.08 04:00,3.399
77,31.08 05:00,3.589
77,31.08 06:00,4.1
77,31.08 07:00,6.086
77,31.08 08:00,5.511
77,31.08 09:00,4.914
77,31.08 10:00,4.404
77,31.08 11:00,4.689
77,31.08 12:00,6.314
77,31.08 13:00,6.026
77,31.08 14:00,6.497
77,31.08 15:00,4.606
77,31.08 16:00,5.096
77,31.08 17:00,4.189
77,31.08 18:00,5.097
77,31.08 19:00,3.407
77,31.08 20:00,3.103
77,31.08 21:00,3.802
77,31.08 22:00,3.611
77,31.08 23:00,3.699
77,01.09 00:00,4.08
77,01.09 01:00,3.883
77,01.09 02:00,3.197
77,01.09 03:00,4.303
77,01.09 04:00,2.992
77,01.09 05:00,3.512
77,01.09 06:00,4.317
77,01.09 07:00,10.197
77,01.09 08:00,12.948
77,01.09 09:00,15.972
77,01.09 10:00,18.444
77,01.09 11:00,16.465
77,01.09 12:00,15.024
77,01.09 13:00,14.54
77,01.09 14:00,14.275
77,01.09 15:00,13.34
77,01.09 16:00,12.415
77,01.09 17:00,9.407
77,01.09 18:00,5.983
77,01.09 19:00,6.192
77,01.09 20:00,5.734
77,01.09 21:00,6.295
77,01.09 22:00,4.304
77,01.09 23:00,3.812
77,02.09 00:00,3.716
77,02.09 01:00,3.703
77,02.09 02:00,3.792
77,02.09 03:00,3.802
77,02.09 04:00,4.29
77,02.09 05:00,3.404
77,02.09 06:00,3.983
77,02.09 07:00,9.639
77,02.09 08:00,12.269
77,02.09 09:00,16.03
77,02.09 10:00,16.722
77,02.09 11:00,20.588
77,02.09 12:00,16.867
77,02.09 13:00,18.096
77,02.09 14:00,15.06
77,02.09 15:00,14.395
77,02.09 16:00,12.324
77,02.09 17:00,10.424
77,02.09 18:00,4.682
77,02.09 19:00,4.095
77,02.09 20:00,3.8
77,02.09 21:00,4.012
77,02.09 22:00,3.601
77,02.09 23:00,3.918
77,03.09 00:00,3.49
77,03.09 01:00,3.693
77,03.09 02:00,3.999
77,03.09 03:00,3.608
77,03.09 04:00,3.796
77,03.09 05:00,3.682
77,03.09 06:00,4.597
77,03.09 07:00,3.498
77,03.09 08:00,3.302
77,03.09 09:00,4.204
77,03.09 10:00,3.202
77,03.09 11:00,4.298
77,03.09 12:00,3.49
77,03.09 13:00,3.783
77,03.09 14:00,3.497
77,03.09 15:00,4.395
77,03.09 16:00,3.512
77,03.09 17:00,4.016
77,03.09 18:00,3.515
77,03.09 19:00,4.005
77,03.09 20:00,3.508
77,03.09 21:00,4.29
77,03.09 22:00,3.397
77,03.09 23:00,4.012
77,04.09 00:00,3.211
77,04.09 01:00,4.112
77,04.09 02:00,3.888
77,04.09 03:00,3.999
77,04.09 04:00,3.816
77,04.09 05:00,3.203
77,04.09 06:00,4.306
77,04.09 07:00,3.604
77,04.09 08:00,3.611
77,04.09 09:00,3.785
77,04.09 10:00,3.913
77,04.09 11:00,3.529
77,04.09 12:00,4.108
77,04.09 13:00,3.59
77,04.09 14:00,3.885
77,04.09 15:00,3.398
77,04.09 16:00,4.199
77,04.09 17:00,3.612
77,04.09 18:00,3.606
77,04.09 19:00,3.703
77,04.09 20:00,3.607
77,04.09 21:00,3.861
77,04.09 22:00,3.495
77,04.09 23:00,4.409
77,05.09 00:00,1.798
77,05.09 01:00,1.796
77,05.09 02:00,1.805
77,05.09 03:00,1.796
77,05.09 04:00,1.803
77,05.09 05:00,1.795
77,05.09 06:00,0.968
77,05.09 07:00,1.003
77,05.09 08:00,0.972
77,05.09 09:00,1.005
77,05.09 10:00,0.999
77,05.09 11:00,0.999
77,05.09 12:00,0.996
77,05.09 13:00,0.995
77,05.09 14:00,1.002
77,05.09 15:00,1.0
77,05.09 16:00,0.996
77,05.09 17:00,0.995
77,05.09 18:00,0.996
77,05.09 19:00,1.0
77,05.09 20:00,1.002
77,05.09 21:00,1.002
77,05.09 22:00,0.997
77,05.09 23:00,1.002
77,06.09 00:00,2.695
77,06.09 01:00,0.0
77,06.09 02:00,4.114
77,06.09 03:00,4.206
77,06.09 04:00,3.696
77,06.09 05:00,4.283
77,06.09 06:00,3.887
77,06.09 07:00,12.56
77,06.09 08:00,14.766
77,06.09 09:00,19.366
77,06.09 10:00,22.224
77,06.09 11:00,22.22
77,06.09 12:00,22.39
77,06.09 13:00,24.624
77,06.09 14:00,22.141
77,06.09 15:00,20.264
77,06.09 16:00,17.402
77,06.09 17:00,16.7
77,06.09 18:00,11.821
77,06.09 19:00,5.311
77,06.09 20:00,3.987
77,06.09 21:00,3.913
77,06.09 22:00,4.484
77,06.09 23:00,3.605
77,07.09 00:00,4.183
77,07.09 01:00,4.098
77,07.09 02:00,4.503
77,07.09 03:00,4.092
77,07.09 04:00,3.902
77,07.09 05:00,3.492
77,07.09 06:00,4.191
77,07.09 07:00,11.48
77,07.09 08:00,14.826
77,07.09 09:00,18.889
77,07.09 10:00,21.302
77,07.09 11:00,22.182
77,07.09 12:00,22.291
77,07.09 13:00,24.033
77,07.09 14:00,18.472
77,07.09 15:00,16.111
77,07.09 16:00,15.372
77,07.09 17:00,12.937
77,07.09 18:00,9.847
77,07.09 19:00,5.422
77,07.09 20:00,4.097
77,07.09 21:00,4.08
77,07.09 22:00,4.185
77,07.09 23:00,3.991
77,08.09 00:00,4.584
77,08.09 01:00,4.006
77,08.09 02:00,4.313
77,08.09 03:00,3.741
77,08.09 04:00,4.311
77,08.09 05:00,3.987
77,08.09 06:00,4.608
77,08.09 07:00,12.146
77,08.09 08:00,14.711
77,08.09 09:00,20.039
77,08.09 10:00,22.392
77,08.09 11:00,22.413
77,08.09 12:00,22.659
77,08.09 13:00,23.38
77,08.09 14:00,19.834
77,08.09 15:00,18.139
77,08.09 16:00,16.638
77,08.09 17:00,15.869
77,08.09 18:00,11.811
77,08.09 19:00,8.13
77,08.09 20:00,7.601
77,08.09 21:00,7.603
77,08.09 22:00,4.295
77,08.09 23:00,5.104
77,09.09 00:00,4.002
77,09.09 01:00,4.992
77,09.09 02:00,4.182
77,09.09 03:00,4.796
77,09.09 04:00,4.602
77,09.09 05:00,4.285
77,09.09 06:00,4.92
77,09.09 07:00,12.538
77,09.09 08:00,15.027
77,09.09 09:00,18.932
77,09.09 10:00,21.025
77,09.09 11:00,21.48
77,09.09 12:00,25.728
77,09.09 13:00,24.402
77,09.09 14:00,19.46
77,09.09 15:00,17.519
77,09.09 16:00,15.635
77,09.09 17:00,12.965
77,09.09 18:00,7.599
77,09.09 19:00,4.302
77,09.09 20:00,4.109
77,09.09 21:00,3.714
77,09.09 22:00,3.685
77,09.09 23:00,4.012
77,10.09 00:00,3.491
77,10.09 01:00,4.384
77,10.09 02:00,3.595
77,10.09 03:00,4.282
77,10.09 04:00,3.595
77,10.09 05:00,4.205
77,10.09 06:00,3.985
77,10.09 07:00,3.794
77,10.09 08:00,4.303
77,10.09 09:00,3.707
77,10.09 10:00,4.311
77,10.09 11:00,3.9
77,10.09 12:00,4.194
77,10.09 13:00,3.391
77,10.09 14:00,4.205
77,10.09 15:00,4.182
77,10.09 16:00,3.509
77,10.09 17:00,3.819
77,10.09 18:00,3.815
77,10.09 19:00,3.889
77,10.09 20:00,3.603
77,10.09 21:00,4.099
77,10.09 22:00,3.696
77,10.09 23:00,3.792
77,11.09 00:00,4.381
77,11.09 01:00,3.818
77,11.09 02:00,3.707
77,11.09 03:00,4.209
77,11.09 04:00,3.307
77,11.09 05:00,3.917
77,11.09 06:00,3.616
77,11.09 07:00,3.798
77,11.09 08:00,3.595
77,11.09 09:00,3.783
77,11.09 10:00,4.482
77,11.09 11:00,3.705
77,11.09 12:00,3.969
77,11.09 13:00,3.384
77,11.09 14:00,3.889
77,11.09 15:00,3.616
77,11.09 16:00,3.691
77,11.09 17:00,3.583
77,11.09 18:00,4.32
77,11.09 19:00,3.512
77,11.09 20:00,4.092
77,11.09 21:00,3.498
77,11.09 22:00,4.119
77,11.09 23:00,3.712
77,12.09 00:00,4.091
77,12.09 01:00,3.718
77,12.09 02:00,3.998
77,12.09 03:00,3.413
77,12.09 04:00,4.084
77,12.09 05:00,3.888
77,12.09 06:00,3.71
77,12.09 07:00,13.508
77,12.09 08:00,15.17
77,12.09 09:00,20.954
77,12.09 10:00,20.98
77,12.09 11:00,21.503
77,12.09 12:00,22.409
77,12.09 13:00,21.9
77,12.09 14:00,15.0
77,12.09 15:00,14.743
77,12.09 16:00,16.69
77,12.09 17:00,14.991
77,12.09 18:00,10.215
77,12.09 19:00,5.388
77,12.09 20:00,4.701
77,12.09 21:00,4.59
77,12.09 22:00,4.715
77,12.09 23:00,4.302
77,13.09 00:00,4.623
77,13.09 01:00,4.78
77,13.09 02:00,3.983
77,13.09 03:00,5.106
77,13.09 04:00,4.095
77,13.09 05:00,4.594
77,13.09 06:00,4.685
77,13.09 07:00,13.077
77,13.09 08:00,14.71
77,13.09 09:00,19.057
77,13.09 10:00,18.665
77,13.09 11:00,20.791
77,13.09 12:00,23.689
77,13.09 13:00,24.617
77,13.09 14:00,19.428
77,13.09 15:00,17.058
77,13.09 16:00,15.751
77,13.09 17:00,15.643
77,13.09 18:00,10.954
77,13.09 19:00,4.585
77,13.09 20:00,4.09
77,13.09 21:00,4.08
77,13.09 22:00,3.783
77,13.09 23:00,4.209
77,14.09 00:00,3.406
77,14.09 01:00,3.718
77,14.09 02:00,4.388
77,14.09 03:00,3.893
77,14.09 04:00,4.098
77,14.09 05:00,3.893
77,14.09 06:00,5.196
77,14.09 07:00,11.992
77,14.09 08:00,14.051
77,14.09 09:00,18.119
77,14.09 10:00,19.831
77,14.09 11:00,20.564
77,14.09 12:00,19.726
77,14.09 13:00,23.687
77,14.09 14:00,20.409
77,14.09 15:00,17.815
77,14.09 16:00,13.873
77,14.09 17:00,12.595
77,14.09 18:00,8.217
77,14.09 19:00,4.689
77,14.09 20:00,4.501
77,14.09 21:00,3.899
77,14.09 22:00,4.202
77,14.09 23:00,3.917
77,15.09 00:00,4.309
77,15.09 01:00,4.394
77,15.09 02:00,3.715
77,15.09 03:00,4.815
77,15.09 04:00,3.504
77,15.09 05:00,3.988
77,15.09 06:00,4.001
77,15.09 07:00,11.96
77,15.09 08:00,14.46
77,15.09 09:00,19.149
77,15.09 10:00,20.344
77,15.09 11:00,19.69
77,15.09 12:00,20.303
77,15.09 13:00,20.9
77,15.09 14:00,13.845
77,15.09 15:00,15.252
77,15.09 16:00,15.758
77,15.09 17:00,13.838
77,15.09 18:00,10.046
77,15.09 19:00,7.901
77,15.09 20:00,7.273
77,15.09 21:00,6.982
77,15.09 22:00,5.092
77,15.09 23:00,4.718
77,16.09 00:00,4.309
77,16.09 01:00,4.52
77,16.09 02:00,4.202
77,16.09 03:00,5.197
77,16.09 04:00,4.285
77,16.09 05:00,4.405
77,16.09 06:00,4.579
77,16.09 07:00,12.202
77,16.09 08:00,15.554
77,16.09 09:00,18.359
77,16.09 10:00,20.406
77,16.09 11:00,19.968
77,16.09 12:00,24.48
77,16.09 13:00,24.118
77,16.09 14:00,19.871
77,16.09 15:00,15.962
77,16.09 16:00,15.19
77,16.09 17:00,14.9
77,16.09 18:00,6.695
77,16.09 19:00,4.098
77,16.09 20:00,4.181
77,16.09 21:00,3.798
77,16.09 22:00,4.309
77,16.09 23:00,3.794
77,17.09 00:00,4.798
77,17.09 01:00,3.791
77,17.09 02:00,4.788
77,17.09 03:00,3.515
77,17.09 04:00,3.682
77,17.09 05:00,4.588
77,17.09 06:00,3.611
77,17.09 07:00,4.198
77,17.09 08:00,3.598
77,17.09 09:00,4.707
77,17.09 10:00,3.686
77,17.09 11:00,4.378
77,17.09 12:00,3.712
77,17.09 13:00,4.099
77,17.09 14:00,4.002
77,17.09 15:00,4.282
77,17.09 16:00,3.783
77,17.09 17:00,4.3
77,17.09 18:00,4.087
77,17.09 19:00,3.914
77,17.09 20:00,4.42
77,17.09 21:00,3.682
77,17.09 22:00,4.516
77,17.09 23:00,3.593
77,18.09 00:00,4.391
77,18.09 01:00,3.896
77,18.09 02:00,4.279
77,18.09 03:00,3.905
77,18.09 04:00,4.282
77,18.09 05:00,3.612
77,18.09 06:00,4.394
77,18.09 07:00,4.081
77,18.09 08:00,3.692
77,18.09 09:00,4.619
77,18.09 10:00,3.61
77,18.09 11:00,4.385
77,18.09 12:00,3.582
77,18.09 13:00,4.102
77,18.09 14:00,3.984
77,18.09 15:00,3.903
77,18.09 16:00,4.42
77,18.09 17:00,3.891
77,18.09 18:00,4.097
77,18.09 19:00,3.913
77,18.09 20:00,4.09
77,18.09 21:00,3.981
77,18.09 22:00,4.404
77,18.09 23:00,3.604
77,19.09 00:00,3.893
77,19.09 01:00,4.208
77,19.09 02:00,4.313
77,19.09 03:00,4.084
77,19.09 04:00,4.201
77,19.09 05:00,3.786
77,19.09 06:00,4.091
77,19.09 07:00,12.521
77,19.09 08:00,16.255
77,19.09 09:00,21.806
77,19.09 10:00,21.627
77,19.09 11:00,22.597
77,19.09 12:00,24.42
77,19.09 13:00,23.83
77,19.09 14:00,20.643
77,19.09 15:00,18.562
77,19.09 16:00,19.987
77,19.09 17:00,17.751
77,19.09 18:00,13.673
77,19.09 19:00,5.914
77,19.09 20:00,4.49
77,19.09 21:00,4.009
77,19.09 22:00,4.495
77,19.09 23:00,4.392
77,20.09 00:00,4.4
77,20.09 01:00,4.145
77,20.09 02:00,4.118
77,20.09 03:00,4.297
77,20.09 04:00,4.188
77,20.09 05:00,4.11
77,20.09 06:00,4.289
77,20.09 07:00,11.746
77,20.09 08:00,13.53
77,20.09 09:00,19.032
77,20.09 10:00,22.214
77,20.09 11:00,22.307
77,20.09 12:00,24.628
77,20.09 13:00,24.812
77,20.09 14:00,21.459
77,20.09 15:00,18.979
77,20.09 16:00,17.974
77,20.09 17:00,17.068
77,20.09 18:00,11.24
77,20.09 19:00,6.218
77,20.09 20:00,4.106
77,20.09 21:00,4.018
77,20.09 22:00,3.694
77,20.09 23:00,4.386
77,21.09 00:00,4.015
77,21.09 01:00,4.719
77,21.09 02:00,3.697
77,21.09 03:00,3.79
77,21.09 04:00,4.387
77,21.09 05:00,3.699
77,21.09 06:00,4.386
77,21.09 07:00,12.995
77,21.09 08:00,16.386
77,21.09 09:00,22.274
77,21.09 10:00,23.047
77,21.09 11:00,21.613
77,21.09 12:00,25.533
77,21.09 13:00,25.141
77,21.09 14:00,20.039
77,21.09 15:00,18.797
77,21.09 16:00,18.03
77,21.09 17:00,17.437
77,21.09 18:00,10.657
77,21.09 19:00,5.473
77,21.09 20:00,4.61
77,21.09 21:00,4.492
77,21.09 22:00,4.379
77,21.09 23:00,4.103
77,22.09 00:00,4.097
77,22.09 01:00,4.218
77,22.09 02:00,4.285
77,22.09 03:00,4.296
77,22.09 04:00,4.619
77,22.09 05:00,4.881
77,22.09 06:00,4.12
77,22.09 07:00,15.201
77,22.09 08:00,14.988
77,22.09 09:00,21.072
77,22.09 10:00,21.689
77,22.09 11:00,20.71
77,22.09 12:00,22.542
77,22.09 13:00,25.0
77,22.09 14:00,20.332
77,22.09 15:00,17.26
77,22.09 16:00,16.82
77,22.09 17:00,15.791
77,22.09 18:00,8.297
77,22.09 19:00,6.104
77,22.09 20:00,5.981
77,22.09 21:00,5.82
77,22.09 22:00,4.498
77,22.09 23:00,3.881
77,23.09 00:00,4.516
77,23.09 01:00,3.806
77,23.09 02:00,3.988
77,23.09 03:00,4.313
77,23.09 04:00,3.813
77,23.09 05:00,4.318
77,23.09 06:00,3.507
77,23.09 07:00,13.716
77,23.09 08:00,13.137
77,23.09 09:00,20.322
77,23.09 10:00,22.523
77,23.09 11:00,21.761
77,23.09 12:00,21.121
77,23.09 13:00,22.606
77,23.09 14:00,20.076
77,23.09 15:00,18.135
77,23.09 16:00,16.521
77,23.09 17:00,11.716
77,23.09 18:00,6.514
77,23.09 19:00,3.889
77,23.09 20:00,3.683
77,23.09 21:00,3.997
77,23.09 22:00,3.804
77,23.09 23:00,4.09
77,24.09 00:00,4.384
77,24.09 01:00,3.908
77,24.09 02:00,4.2
77,24.09 03:00,3.698
77,24.09 04:00,4.31
77,24.09 05:00,3.593
77,24.09 06:00,4.581
77,24.09 07:00,3.596
77,24.09 08:00,3.597
77,24.09 09:00,4.999
77,24.09 10:00,4.904
77,24.09 11:00,4.008
77,24.09 12:00,3.707
77,24.09 13:00,4.106
77,24.09 14:00,4.087
77,24.09 15:00,4.004
77,24.09 16:00,3.895
77,24.09 17:00,4.307
77,24.09 18:00,3.803
77,24.09 19:00,4.321
77,24.09 20:00,4.097
77,24.09 21:00,3.715
77,24.09 22:00,4.221
77,24.09 23:00,3.797
77,25.09 00:00,3.797
77,25.09 01:00,3.913
77,25.09 02:00,4.509
77,25.09 03:00,3.582
77,25.09 04:00,4.389
77,25.09 05:00,3.692
77,25.09 06:00,4.485
77,25.09 07:00,3.884
77,25.09 08:00,3.817
77,25.09 09:00,4.118
77,25.09 10:00,3.917
77,25.09 11:00,4.387
77,25.09 12:00,3.802
77,25.09 13:00,3.892
77,25.09 14:00,4.188
77,25.09 15:00,4.388
77,25.09 16:00,4.006
77,25.09 17:00,4.112
77,25.09 18:00,3.602
77,25.09 19:00,4.301
77,25.09 20:00,3.813
77,25.09 21:00,4.287
77,25.09 22:00,3.801
77,25.09 23:00,4.286
77,26.09 00:00,4.201
77,26.09 01:00,4.282
77,26.09 02:00,4.02
77,26.09 03:00,3.914
77,26.09 04:00,4.315
77,26.09 05:00,3.715
77,26.09 06:00,4.005
77,26.09 07:00,12.644
77,26.09 08:00,15.461
77,26.09 09:00,24.933
77,26.09 10:00,23.145
77,26.09 11:00,22.739
77,26.09 12:00,26.079
77,26.09 13:00,30.803
77,26.09 14:00,23.475
77,26.09 15:00,19.067
77,26.09 16:00,19.818
77,26.09 17:00,18.653
77,26.09 18:00,10.759
77,26.09 19:00,4.717
77,26.09 20:00,4.082
77,26.09 21:00,4.298
77,26.09 22:00,4.485
77,26.09 23:00,4.815
77,27.09 00:00,4.31
77,27.09 01:00,4.778
77,27.09 02:00,4.292
77,27.09 03:00,4.387
77,27.09 04:00,3.917
77,27.09 05:00,4.822
77,27.09 06:00,3.989
77,27.09 07:00,13.057
77,27.09 08:00,15.197
77,27.09 09:00,22.648
77,27.09 10:00,22.043
77,27.09 11:00,21.295
77,27.09 12:00,25.786
77,27.09 13:00,26.628
77,27.09 14:00,22.82
77,27.09 15:00,19.251
77,27.09 16:00,18.375
77,27.09 17:00,15.274
77,27.09 18:00,11.724
77,27.09 19:00,5.224
77,27.09 20:00,4.402
77,27.09 21:00,4.285
77,27.09 22:00,3.914
77,27.09 23:00,4.279
77,28.09 00:00,3.696
77,28.09 01:00,4.193
77,28.09 02:00,4.116
77,28.09 03:00,3.886
77,28.09 04:00,4.387
77,28.09 05:00,3.791
77,28.09 06:00,4.679
77,28.09 07:00,12.15
77,28.09 08:00,15.032
77,28.09 09:00,22.046
77,28.09 10:00,21.756
77,28.09 11:00,21.585
77,28.09 12:00,23.989
77,28.09 13:00,28.741
77,28.09 14:00,25.582
77,28.09 15:00,20.232
77,28.09 16:00,18.894
77,28.09 17:00,16.779
77,28.09 18:00,9.099
77,28.09 19:00,5.286
77,28.09 20:00,4.404
77,28.09 21:00,5.076
77,28.09 22:00,3.608
77,28.09 23:00,4.821
77,29.09 00:00,5.122
77,29.09 01:00,4.9
77,29.09 02:00,4.295
77,29.09 03:00,4.498
77,29.09 04:00,4.295
77,29.09 05:00,4.218
77,29.09 06:00,6.829
77,29.09 07:00,18.732
77,29.09 08:00,20.282
77,29.09 09:00,24.671
77,29.09 10:00,24.405
77,29.09 11:00,24.746
77,29.09 12:00,26.324
77,29.09 13:00,24.696
77,29.09 14:00,23.426
77,29.09 15:00,20.564
77,29.09 16:00,18.408
77,29.09 17:00,15.329
77,29.09 18:00,9.134
77,29.09 19:00,7.276
77,29.09 20:00,7.434
77,29.09 21:00,7.12
77,29.09 22:00,5.285
77,29.09 23:00,4.623
77,30.09 00:00,5.319
77,30.09 01:00,4.489
77,30.09 02:00,4.779
77,30.09 03:00,4.798
77,30.09 04:00,4.483
77,30.09 05:00,4.987
77,30.09 06:00,4.79
77,30.09 07:00,14.453
77,30.09 08:00,15.054
77,30.09 09:00,21.546
77,30.09 10:00,22.827
77,30.09 11:00,23.289
77,30.09 12:00,27.494
77,30.09 13:00,26.029
77,30.09 14:00,20.718
77,30.09 15:00,17.813
77,30.09 16:00,16.752
77,30.09 17:00,13.237
77,30.09 18:00,7.078
77,30.09 19:00,4.316
77,30.09 20:00,4.999
77,30.09 21:00,4.202
77,30.09 22:00,4.608
77,30.09 23:00,4.41
