80,01.03 00:00,28.411
80,01.03 01:00,31.772
80,01.03 02:00,30.328
80,01.03 03:00,30.34
80,01.03 04:00,31.677
80,01.03 05:00,31.314
80,01.03 06:00,33.055
80,01.03 07:00,44.624
80,01.03 08:00,56.97
80,01.03 09:00,56.666
80,01.03 10:00,59.792
80,01.03 11:00,59.744
80,01.03 12:00,54.546
80,01.03 13:00,42.011
80,01.03 14:00,41.536
80,01.03 15:00,40.204
80,01.03 16:00,53.668
80,01.03 17:00,52.601
80,01.03 18:00,61.471
80,01.03 19:00,66.511
80,01.03 20:00,70.103
80,01.03 21:00,35.708
80,01.03 22:00,28.877
80,01.03 23:00,27.998
80,02.03 00:00,28.8
80,02.03 01:00,27.432
80,02.03 02:00,27.095
80,02.03 03:00,26.863
80,02.03 04:00,28.522
80,02.03 05:00,27.521
80,02.03 06:00,31.849
80,02.03 07:00,46.442
80,02.03 08:00,76.135
80,02.03 09:00,105.285
80,02.03 10:00,118.29
80,02.03 11:00,120.582
80,02.03 12:00,112.562
80,02.03 13:00,111.671
80,02.03 14:00,112.438
80,02.03 15:00,100.48
80,02.03 16:00,89.665
80,02.03 17:00,69.928
80,02.03 18:00,63.16
80,02.03 19:00,76.688
80,02.03 20:00,66.77
80,02.03 21:00,39.076
80,02.03 22:00,32.654
80,02.03 23:00,30.942
80,03.03 00:00,31.278
80,03.03 01:00,30.237
80,03.03 02:00,30.095
80,03.03 03:00,30.338
80,03.03 04:00,30.283
80,03.03 05:00,30.962
80,03.03 06:00,34.112
80,03.03 07:00,48.9
80,03.03 08:00,80.52
80,03.03 09:00,96.129
80,03.03 10:00,112.651
80,03.03 11:00,115.377
80,03.03 12:00,121.356
80,03.03 13:00,116.598
80,03.03 14:00,109.184
80,03.03 15:00,86.28
80,03.03 16:00,84.047
80,03.03 17:00,75.761
80,03.03 18:00,88.003
80,03.03 19:00,76.993
80,03.03 20:00,75.135
80,03.03 21:00,44.308
80,03.03 22:00,36.081
80,03.03 23:00,33.459
80,04.03 00:00,30.932
80,04.03 01:00,33.762
80,04.03 02:00,32.923
80,04.03 03:00,33.552
80,04.03 04:00,32.122
80,04.03 05:00,32.68
80,04.03 06:00,37.647
80,04.03 07:00,55.855
80,04.03 08:00,80.684
80,04.03 09:00,89.748
80,04.03 10:00,108.294
80,04.03 11:00,124.971
80,04.03 12:00,131.453
80,04.03 13:00,130.66
80,04.03 14:00,131.876
80,04.03 15:00,98.42
80,04.03 16:00,73.613
80,04.03 17:00,60.2
80,04.03 18:00,44.216
80,04.03 19:00,40.962
80,04.03 20:00,34.965
80,04.03 21:00,30.133
80,04.03 22:00,30.597
80,04.03 23:00,29.353
80,05.03 00:00,30.3
80,05.03 01:00,30.797
80,05.03 02:00,30.146
80,05.03 03:00,29.321
80,05.03 04:00,29.615
80,05.03 05:00,29.435
80,05.03 06:00,28.966
80,05.03 07:00,30.22
80,05.03 08:00,27.629
80,05.03 09:00,27.734
80,05.03 10:00,27.118
80,05.03 11:00,20.694
80,05.03 12:00,12.865
80,05.03 13:00,8.928
80,05.03 14:00,29.097
80,05.03 15:00,27.743
80,05.03 16:00,26.998
80,05.03 17:00,24.115
80,05.03 18:00,28.07
80,05.03 19:00,30.829
80,05.03 20:00,30.535
80,05.03 21:00,30.388
80,05.03 22:00,30.838
80,05.03 23:00,30.953
80,06.03 00:00,31.642
80,06.03 01:00,32.092
80,06.03 02:00,30.125
80,06.03 03:00,30.063
80,06.03 04:00,30.246
80,06.03 05:00,30.774
80,06.03 06:00,30.367
80,06.03 07:00,30.222
80,06.03 08:00,28.136
80,06.03 09:00,23.057
80,06.03 10:00,15.941
80,06.03 11:00,19.93
80,06.03 12:00,22.538
80,06.03 13:00,21.579
80,06.03 14:00,24.152
80,06.03 15:00,22.713
80,06.03 16:00,24.886
80,06.03 17:00,26.369
80,06.03 18:00,28.184
80,06.03 19:00,30.517
80,06.03 20:00,31.303
80,06.03 21:00,30.538
80,06.03 22:00,30.66
80,06.03 23:00,30.293
80,07.03 00:00,30.505
80,07.03 01:00,32.089
80,07.03 02:00,30.963
80,07.03 03:00,31.378
80,07.03 04:00,31.399
80,07.03 05:00,31.474
80,07.03 06:00,36.435
80,07.03 07:00,53.317
80,07.03 08:00,78.128
80,07.03 09:00,105.422
80,07.03 10:00,131.774
80,07.03 11:00,127.325
80,07.03 12:00,119.605
80,07.03 13:00,119.255
80,07.03 14:00,111.156
80,07.03 15:00,97.424
80,07.03 16:00,76.997
80,07.03 17:00,70.298
80,07.03 18:00,63.369
80,07.03 19:00,67.873
80,07.03 20:00,66.924
80,07.03 21:00,41.963
80,07.03 22:00,33.745
80,07.03 23:00,32.273
80,08.03 00:00,30.635
80,08.03 01:00,32.683
80,08.03 02:00,31.407
80,08.03 03:00,32.132
80,08.03 04:00,31.47
80,08.03 05:00,31.193
80,08.03 06:00,34.16
80,08.03 07:00,48.791
80,08.03 08:00,80.554
80,08.03 09:00,109.367
80,08.03 10:00,148.029
80,08.03 11:00,156.101
80,08.03 12:00,144.177
80,08.03 13:00,166.491
80,08.03 14:00,160.782
80,08.03 15:00,146.88
80,08.03 16:00,100.956
80,08.03 17:00,107.615
80,08.03 18:00,99.516
80,08.03 19:00,89.838
80,08.03 20:00,89.779
80,08.03 21:00,44.192
80,08.03 22:00,33.725
80,08.03 23:00,31.853
80,09.03 00:00,30.969
80,09.03 01:00,32.84
80,09.03 02:00,31.475
80,09.03 03:00,30.647
80,09.03 04:00,31.007
80,09.03 05:00,31.374
80,09.03 06:00,35.33
80,09.03 07:00,53.349
80,09.03 08:00,81.429
80,09.03 09:00,103.527
80,09.03 10:00,145.688
80,09.03 11:00,165.599
80,09.03 12:00,166.726
80,09.03 13:00,139.67
80,09.03 14:00,110.369
80,09.03 15:00,102.995
80,09.03 16:00,84.784
80,09.03 17:00,66.772
80,09.03 18:00,57.757
80,09.03 19:00,81.87
80,09.03 20:00,85.344
80,09.03 21:00,41.135
80,09.03 22:00,34.632
80,09.03 23:00,31.78
80,10.03 00:00,32.012
80,10.03 01:00,32.812
80,10.03 02:00,32.176
80,10.03 03:00,32.28
80,10.03 04:00,31.376
80,10.03 05:00,31.875
80,10.03 06:00,34.296
80,10.03 07:00,48.242
80,10.03 08:00,69.259
80,10.03 09:00,84.269
80,10.03 10:00,98.29
80,10.03 11:00,99.895
80,10.03 12:00,110.877
80,10.03 13:00,112.342
80,10.03 14:00,111.729
80,10.03 15:00,98.205
80,10.03 16:00,88.809
80,10.03 17:00,82.425
80,10.03 18:00,66.812
80,10.03 19:00,81.839
80,10.03 20:00,88.992
80,10.03 21:00,41.338
80,10.03 22:00,34.561
80,10.03 23:00,32.334
80,11.03 00:00,31.375
80,11.03 01:00,33.297
80,11.03 02:00,33.391
80,11.03 03:00,32.088
80,11.03 04:00,31.945
80,11.03 05:00,32.38
80,11.03 06:00,36.124
80,11.03 07:00,50.22
80,11.03 08:00,82.337
80,11.03 09:00,96.124
80,11.03 10:00,118.797
80,11.03 11:00,133.38
80,11.03 12:00,123.266
80,11.03 13:00,132.62
80,11.03 14:00,116.311
80,11.03 15:00,98.304
80,11.03 16:00,85.815
80,11.03 17:00,62.878
80,11.03 18:00,45.619
80,11.03 19:00,78.834
80,11.03 20:00,80.05
80,11.03 21:00,39.822
80,11.03 22:00,36.787
80,11.03 23:00,32.262
80,12.03 00:00,30.554
80,12.03 01:00,32.255
80,12.03 02:00,30.386
80,12.03 03:00,31.221
80,12.03 04:00,30.521
80,12.03 05:00,31.206
80,12.03 06:00,30.65
80,12.03 07:00,30.975
80,12.03 08:00,26.317
80,12.03 09:00,18.528
80,12.03 10:00,16.381
80,12.03 11:00,15.072
80,12.03 12:00,12.178
80,12.03 13:00,12.944
80,12.03 14:00,9.87
80,12.03 15:00,12.69
80,12.03 16:00,14.084
80,12.03 17:00,24.513
80,12.03 18:00,28.892
80,12.03 19:00,30.385
80,12.03 20:00,31.22
80,12.03 21:00,31.138
80,12.03 22:00,32.229
80,12.03 23:00,30.842
80,13.03 00:00,30.365
80,13.03 01:00,32.034
80,13.03 02:00,31.454
80,13.03 03:00,30.547
80,13.03 04:00,30.342
80,13.03 05:00,30.058
80,13.03 06:00,31.713
80,13.03 07:00,30.03
80,13.03 08:00,26.781
80,13.03 09:00,21.446
80,13.03 10:00,14.251
80,13.03 11:00,5.874
80,13.03 12:00,0.0
80,13.03 13:00,0.0
80,13.03 14:00,0.0
80,13.03 15:00,7.088
80,13.03 16:00,13.88
80,13.03 17:00,21.898
80,13.03 18:00,28.574
80,13.03 19:00,29.943
80,13.03 20:00,31.057
80,13.03 21:00,31.323
80,13.03 22:00,32.193
80,13.03 23:00,30.842
80,14.03 00:00,31.138
80,14.03 01:00,32.643
80,14.03 02:00,31.827
80,14.03 03:00,32.618
80,14.03 04:00,32.133
80,14.03 05:00,31.241
80,14.03 06:00,32.835
80,14.03 07:00,46.675
80,14.03 08:00,79.173
80,14.03 09:00,100.439
80,14.03 10:00,112.186
80,14.03 11:00,104.788
80,14.03 12:00,101.54
80,14.03 13:00,94.08
80,14.03 14:00,88.939
80,14.03 15:00,78.34
80,14.03 16:00,71.013
80,14.03 17:00,66.845
80,14.03 18:00,73.925
80,14.03 19:00,89.861
80,14.03 20:00,83.496
80,14.03 21:00,41.998
80,14.03 22:00,34.685
80,14.03 23:00,32.131
80,15.03 00:00,32.97
80,15.03 01:00,33.009
80,15.03 02:00,32.43
80,15.03 03:00,32.166
80,15.03 04:00,31.88
80,15.03 05:00,31.131
80,15.03 06:00,35.304
80,15.03 07:00,50.908
80,15.03 08:00,85.204
80,15.03 09:00,98.522
80,15.03 10:00,118.216
80,15.03 11:00,129.417
80,15.03 12:00,118.781
80,15.03 13:00,119.914
80,15.03 14:00,108.632
80,15.03 15:00,95.941
80,15.03 16:00,75.139
80,15.03 17:00,65.558
80,15.03 18:00,58.874
80,15.03 19:00,81.696
80,15.03 20:00,86.092
80,15.03 21:00,43.173
80,15.03 22:00,35.665
80,15.03 23:00,33.353
80,16.03 00:00,32.911
80,16.03 01:00,34.211
80,16.03 02:00,33.677
80,16.03 03:00,32.583
80,16.03 04:00,34.066
80,16.03 05:00,32.462
80,16.03 06:00,35.576
80,16.03 07:00,47.099
80,16.03 08:00,77.743
80,16.03 09:00,106.264
80,16.03 10:00,125.554
80,16.03 11:00,133.469
80,16.03 12:00,112.442
80,16.03 13:00,108.622
80,16.03 14:00,95.186
80,16.03 15:00,85.112
80,16.03 16:00,75.492
80,16.03 17:00,69.904
80,16.03 18:00,63.351
80,16.03 19:00,91.108
80,16.03 20:00,89.313
80,16.03 21:00,42.418
80,16.03 22:00,34.948
80,16.03 23:00,32.953
80,17.03 00:00,35.253
80,17.03 01:00,34.017
80,17.03 02:00,32.777
80,17.03 03:00,31.968
80,17.03 04:00,31.746
80,17.03 05:00,32.078
80,17.03 06:00,37.337
80,17.03 07:00,52.434
80,17.03 08:00,77.504
80,17.03 09:00,96.271
80,17.03 10:00,105.353
80,17.03 11:00,112.398
80,17.03 12:00,101.267
80,17.03 13:00,102.755
80,17.03 14:00,99.813
80,17.03 15:00,88.807
80,17.03 16:00,74.679
80,17.03 17:00,71.024
80,17.03 18:00,64.911
80,17.03 19:00,73.355
80,17.03 20:00,95.158
80,17.03 21:00,44.506
80,17.03 22:00,39.89
80,17.03 23:00,39.484
80,18.03 00:00,34.383
80,18.03 01:00,39.646
80,18.03 02:00,39.139
80,18.03 03:00,39.575
80,18.03 04:00,38.334
80,18.03 05:00,37.935
80,18.03 06:00,40.587
80,18.03 07:00,57.025
80,18.03 08:00,90.222
80,18.03 09:00,100.557
80,18.03 10:00,100.165
80,18.03 11:00,107.908
80,18.03 12:00,108.149
80,18.03 13:00,118.901
80,18.03 14:00,105.658
80,18.03 15:00,111.201
80,18.03 16:00,91.523
80,18.03 17:00,62.192
80,18.03 18:00,40.636
80,18.03 19:00,31.732
80,18.03 20:00,31.684
80,18.03 21:00,31.501
80,18.03 22:00,31.312
80,18.03 23:00,31.483
80,19.03 00:00,15.48
80,19.03 01:00,15.583
80,19.03 02:00,15.504
80,19.03 03:00,15.467
80,19.03 04:00,0.999
80,19.03 05:00,1.0
80,19.03 06:00,0.996
80,19.03 07:00,1.002
80,19.03 08:00,1.003
80,19.03 09:00,1.0
80,19.03 10:00,0.996
80,19.03 11:00,0.999
80,19.03 12:00,1.0
80,19.03 13:00,0.999
80,19.03 14:00,0.998
80,19.03 15:00,0.997
80,19.03 16:00,0.999
80,19.03 17:00,0.995
80,19.03 18:00,0.997
80,19.03 19:00,1.0
80,19.03 20:00,1.003
80,19.03 21:00,0.999
80,19.03 22:00,1.032
80,19.03 23:00,0.996
80,20.03 00:00,15.885
80,20.03 01:00,16.34
80,20.03 02:00,31.055
80,20.03 03:00,31.007
80,20.03 04:00,31.667
80,20.03 05:00,31.415
80,20.03 06:00,31.05
80,20.03 07:00,31.016
80,20.03 08:00,30.315
80,20.03 09:00,29.299
80,20.03 10:00,27.504
80,20.03 11:00,25.615
80,20.03 12:00,23.071
80,20.03 13:00,20.871
80,20.03 14:00,20.623
80,20.03 15:00,19.261
80,20.03 16:00,20.059
80,20.03 17:00,21.7
80,20.03 18:00,27.917
80,20.03 19:00,30.833
80,20.03 20:00,31.471
80,20.03 21:00,31.163
80,20.03 22:00,31.97
80,20.03 23:00,30.895
80,21.03 00:00,30.555
80,21.03 01:00,32.465
80,21.03 02:00,32.753
80,21.03 03:00,33.119
80,21.03 04:00,33.96
80,21.03 05:00,33.97
80,21.03 06:00,37.387
80,21.03 07:00,53.174
80,21.03 08:00,80.319
80,21.03 09:00,96.519
80,21.03 10:00,101.103
80,21.03 11:00,100.779
80,21.03 12:00,96.733
80,21.03 13:00,99.421
80,21.03 14:00,93.388
80,21.03 15:00,83.648
80,21.03 16:00,71.473
80,21.03 17:00,65.004
80,21.03 18:00,54.063
80,21.03 19:00,56.589
80,21.03 20:00,84.736
80,21.03 21:00,42.361
80,21.03 22:00,33.01
80,21.03 23:00,30.645
80,22.03 00:00,30.727
80,22.03 01:00,31.683
80,22.03 02:00,31.171
80,22.03 03:00,31.114
80,22.03 04:00,31.809
80,22.03 05:00,31.901
80,22.03 06:00,33.974
80,22.03 07:00,48.681
80,22.03 08:00,72.394
80,22.03 09:00,90.374
80,22.03 10:00,114.406
80,22.03 11:00,125.95
80,22.03 12:00,106.591
80,22.03 13:00,110.89
80,22.03 14:00,106.439
80,22.03 15:00,89.325
80,22.03 16:00,80.715
80,22.03 17:00,74.302
80,22.03 18:00,59.955
80,22.03 19:00,82.851
80,22.03 20:00,108.898
80,22.03 21:00,59.123
80,22.03 22:00,43.397
80,22.03 23:00,32.639
80,23.03 00:00,32.225
80,23.03 01:00,33.362
80,23.03 02:00,33.477
80,23.03 03:00,34.451
80,23.03 04:00,33.283
80,23.03 05:00,33.533
80,23.03 06:00,37.306
80,23.03 07:00,54.463
80,23.03 08:00,88.135
80,23.03 09:00,104.373
80,23.03 10:00,110.459
80,23.03 11:00,109.049
80,23.03 12:00,109.01
80,23.03 13:00,106.902
80,23.03 14:00,108.291
80,23.03 15:00,93.805
80,23.03 16:00,79.495
80,23.03 17:00,67.945
80,23.03 18:00,63.426
80,23.03 19:00,82.933
80,23.03 20:00,43.232
80,23.03 21:00,40.073
80,23.03 22:00,35.85
80,23.03 23:00,33.235
80,24.03 00:00,29.441
80,24.03 01:00,34.229
80,24.03 02:00,32.356
80,24.03 03:00,32.992
80,24.03 04:00,33.213
80,24.03 05:00,33.995
80,24.03 06:00,34.743
80,24.03 07:00,46.199
80,24.03 08:00,72.465
80,24.03 09:00,94.232
80,24.03 10:00,115.911
80,24.03 11:00,131.136
80,24.03 12:00,120.066
80,24.03 13:00,118.749
80,24.03 14:00,113.899
80,24.03 15:00,96.845
80,24.03 16:00,82.664
80,24.03 17:00,64.044
80,24.03 18:00,45.33
80,24.03 19:00,48.936
80,24.03 20:00,74.602
80,24.03 21:00,29.741
80,24.03 22:00,29.398
80,24.03 23:00,27.082
80,25.03 00:00,26.426
80,25.03 01:00,27.373
80,25.03 02:00,27.86
80,25.03 03:00,27.048
80,25.03 04:00,26.801
80,25.03 05:00,26.301
80,25.03 06:00,29.304
80,25.03 07:00,30.096
80,25.03 08:00,20.721
80,25.03 09:00,12.262
80,25.03 10:00,6.082
80,25.03 11:00,0.0
80,25.03 12:00,0.0
80,25.03 13:00,0.0
80,25.03 14:00,0.0
80,25.03 15:00,5.927
80,25.03 16:00,9.354
80,25.03 17:00,15.986
80,25.03 18:00,22.603
80,25.03 19:00,27.599
80,25.03 20:00,27.123
80,25.03 21:00,27.312
80,25.03 22:00,27.185
80,25.03 23:00,26.619
80,26.03 00:00,27.876
80,26.03 01:00,27.49
80,26.03 02:00,26.293
80,26.03 03:00,26.828
80,26.03 04:00,26.482
80,26.03 05:00,27.183
80,26.03 06:00,26.533
80,26.03 07:00,25.65
80,26.03 08:00,23.683
80,26.03 09:00,17.104
80,26.03 10:00,21.471
80,26.03 11:00,22.094
80,26.03 12:00,20.079
80,26.03 13:00,22.696
80,26.03 14:00,23.391
80,26.03 15:00,24.379
80,26.03 16:00,23.724
80,26.03 17:00,24.402
80,26.03 18:00,25.137
80,26.03 19:00,25.762
80,26.03 20:00,26.634
80,26.03 21:00,28.491
80,26.03 22:00,28.585
80,26.03 23:00,28.201
80,27.03 00:00,27.962
80,27.03 01:00,28.887
80,27.03 02:00,27.579
80,27.03 03:00,27.772
80,27.03 04:00,28.119
80,27.03 05:00,28.206
80,27.03 06:00,27.67
80,27.03 07:00,25.519
80,27.03 08:00,25.189
80,27.03 09:00,15.717
80,27.03 10:00,10.349
80,27.03 11:00,0.0
80,27.03 12:00,11.491
80,27.03 13:00,11.85
80,27.03 14:00,0.0
80,27.03 15:00,10.563
80,27.03 16:00,13.839
80,27.03 17:00,19.689
80,27.03 18:00,22.772
80,27.03 19:00,27.49
80,27.03 20:00,27.405
80,27.03 21:00,28.074
80,27.03 22:00,28.403
80,27.03 23:00,28.045
80,28.03 00:00,28.423
80,28.03 01:00,27.754
80,28.03 02:00,27.5
80,28.03 03:00,27.3
80,28.03 04:00,27.204
80,28.03 05:00,29.082
80,28.03 06:00,28.655
80,28.03 07:00,26.511
80,28.03 08:00,23.682
80,28.03 09:00,19.148
80,28.03 10:00,9.043
80,28.03 11:00,8.956
80,28.03 12:00,0.0
80,28.03 13:00,0.0
80,28.03 14:00,8.673
80,28.03 15:00,6.088
80,28.03 16:00,13.853
80,28.03 17:00,18.891
80,28.03 18:00,23.609
80,28.03 19:00,28.61
80,28.03 20:00,35.246
80,28.03 21:00,28.97
80,28.03 22:00,28.547
80,28.03 23:00,27.57
80,29.03 00:00,14.251
80,29.03 01:00,14.307
80,29.03 02:00,14.273
80,29.03 03:00,14.238
80,29.03 04:00,14.35
80,29.03 05:00,0.995
80,29.03 06:00,1.003
80,29.03 07:00,0.997
80,29.03 08:00,1.001
80,29.03 09:00,1.002
80,29.03 10:00,0.999
80,29.03 11:00,1.004
80,29.03 12:00,0.995
80,29.03 13:00,0.999
80,29.03 14:00,0.998
80,29.03 15:00,0.957
80,29.03 16:00,1.001
80,29.03 17:00,1.001
80,29.03 18:00,1.002
80,29.03 19:00,0.996
80,29.03 20:00,1.0
80,29.03 21:00,0.996
80,29.03 22:00,0.997
80,29.03 23:00,1.004
80,30.03 00:00,14.265
80,30.03 01:00,14.029
80,30.03 02:00,27.802
80,30.03 03:00,27.717
80,30.03 04:00,27.871
80,30.03 05:00,27.757
80,30.03 06:00,28.027
80,30.03 07:00,28.487
80,30.03 08:00,26.34
80,30.03 09:00,17.053
80,30.03 10:00,15.238
80,30.03 11:00,8.122
80,30.03 12:00,0.0
80,30.03 13:00,0.0
80,30.03 14:00,0.0
80,30.03 15:00,0.0
80,30.03 16:00,5.48
80,30.03 17:00,15.658
80,30.03 18:00,22.437
80,30.03 19:00,27.615
80,30.03 20:00,28.258
80,30.03 21:00,30.633
80,30.03 22:00,29.304
80,30.03 23:00,28.633
80,31.03 00:00,28.134
80,31.03 01:00,27.753
80,31.03 02:00,27.952
80,31.03 03:00,28.406
80,31.03 04:00,27.832
80,31.03 05:00,30.39
80,31.03 06:00,33.404
80,31.03 07:00,30.755
80,31.03 08:00,20.572
80,31.03 09:00,15.163
80,31.03 10:00,11.152
80,31.03 11:00,14.812
80,31.03 12:00,22.965
80,31.03 13:00,17.359
80,31.03 14:00,21.204
80,31.03 15:00,5.08
80,31.03 16:00,8.867
80,31.03 17:00,13.673
80,31.03 18:00,22.903
80,31.03 19:00,27.917
80,31.03 20:00,28.896
80,31.03 21:00,28.887
80,31.03 22:00,29.39
80,31.03 23:00,27.821
80,01.04 00:00,27.774
80,01.04 01:00,27.911
80,01.04 02:00,27.974
80,01.04 03:00,27.805
80,01.04 04:00,28.223
80,01.04 05:00,28.711
80,01.04 06:00,29.118
80,01.04 07:00,25.83
80,01.04 08:00,23.403
80,01.04 09:00,24.33
80,01.04 10:00,27.031
80,01.04 11:00,25.54
80,01.04 12:00,18.576
80,01.04 13:00,19.628
80,01.04 14:00,16.22
80,01.04 15:00,21.31
80,01.04 16:00,21.727
80,01.04 17:00,19.999
80,01.04 18:00,24.954
80,01.04 19:00,26.108
80,01.04 20:00,27.412
80,01.04 21:00,26.572
80,01.04 22:00,27.16
80,01.04 23:00,28.011
80,02.04 00:00,26.953
80,02.04 01:00,26.44
80,02.04 02:00,26.482
80,02.04 03:00,27.356
80,02.04 04:00,26.78
80,02.04 05:00,26.125
80,02.04 06:00,26.671
80,02.04 07:00,25.71
80,02.04 08:00,24.886
80,02.04 09:00,22.484
80,02.04 10:00,20.347
80,02.04 11:00,0.0
80,02.04 12:00,0.0
80,02.04 13:00,0.0
80,02.04 14:00,0.0
80,02.04 15:00,0.0
80,02.04 16:00,0.0
80,02.04 17:00,12.084
80,02.04 18:00,24.592
80,02.04 19:00,25.371
80,02.04 20:00,26.769
80,02.04 21:00,26.602
80,02.04 22:00,28.146
80,02.04 23:00,26.286
80,03.04 00:00,26.993
80,03.04 01:00,27.215
80,03.04 02:00,26.81
80,03.04 03:00,25.989
80,03.04 04:00,26.217
80,03.04 05:00,27.058
80,03.04 06:00,27.154
80,03.04 07:00,25.773
80,03.04 08:00,22.34
80,03.04 09:00,11.643
80,03.04 10:00,9.564
80,03.04 11:00,18.205
80,03.04 12:00,15.376
80,03.04 13:00,16.493
80,03.04 14:00,22.383
80,03.04 15:00,17.875
80,03.04 16:00,18.899
80,03.04 17:00,22.062
80,03.04 18:00,23.358
80,03.04 19:00,26.351
80,03.04 20:00,26.538
80,03.04 21:00,27.958
80,03.04 22:00,26.764
80,03.04 23:00,26.605
80,04.04 00:00,26.483
80,04.04 01:00,26.666
80,04.04 02:00,26.027
80,04.04 03:00,26.819
80,04.04 04:00,26.374
80,04.04 05:00,29.096
80,04.04 06:00,31.081
80,04.04 07:00,30.993
80,04.04 08:00,25.766
80,04.04 09:00,24.169
80,04.04 10:00,24.9
80,04.04 11:00,19.04
80,04.04 12:00,18.761
80,04.04 13:00,27.79
80,04.04 14:00,16.874
80,04.04 15:00,7.727
80,04.04 16:00,17.147
80,04.04 17:00,17.382
80,04.04 18:00,22.386
80,04.04 19:00,27.86
80,04.04 20:00,32.321
80,04.04 21:00,29.227
80,04.04 22:00,28.164
80,04.04 23:00,27.426
80,05.04 00:00,26.628
80,05.04 01:00,27.176
80,05.04 02:00,26.488
80,05.04 03:00,27.336
80,05.04 04:00,26.663
80,05.04 05:00,28.339
80,05.04 06:00,28.141
80,05.04 07:00,26.564
80,05.04 08:00,21.364
80,05.04 09:00,13.956
80,05.04 10:00,9.208
80,05.04 11:00,9.13
80,05.04 12:00,6.61
80,05.04 13:00,5.1
80,05.04 14:00,0.0
80,05.04 15:00,0.0
80,05.04 16:00,0.0
80,05.04 17:00,11.221
80,05.04 18:00,21.864
80,05.04 19:00,30.883
80,05.04 20:00,33.117
80,05.04 21:00,27.701
80,05.04 22:00,27.322
80,05.04 23:00,26.826
80,06.04 00:00,26.661
80,06.04 01:00,26.573
80,06.04 02:00,25.469
80,06.04 03:00,26.493
80,06.04 04:00,25.791
80,06.04 05:00,28.697
80,06.04 06:00,32.455
80,06.04 07:00,29.038
80,06.04 08:00,27.621
80,06.04 09:00,27.88
80,06.04 10:00,24.277
80,06.04 11:00,27.702
80,06.04 12:00,22.27
80,06.04 13:00,17.427
80,06.04 14:00,14.253
80,06.04 15:00,8.576
80,06.04 16:00,9.48
80,06.04 17:00,13.683
80,06.04 18:00,20.916
80,06.04 19:00,27.895
80,06.04 20:00,34.765
80,06.04 21:00,27.927
80,06.04 22:00,28.49
80,06.04 23:00,26.696
80,07.04 00:00,13.827
80,07.04 01:00,13.867
80,07.04 02:00,13.775
80,07.04 03:00,13.782
80,07.04 04:00,1.002
80,07.04 05:00,0.998
80,07.04 06:00,0.999
80,07.04 07:00,0.996
80,07.04 08:00,0.999
80,07.04 09:00,0.999
80,07.04 10:00,0.998
80,07.04 11:00,0.999
80,07.04 12:00,1.002
80,07.04 13:00,1.0
80,07.04 14:00,1.003
80,07.04 15:00,1.0
80,07.04 16:00,0.995
80,07.04 17:00,0.996
80,07.04 18:00,0.995
80,07.04 19:00,1.001
80,07.04 20:00,0.997
80,07.04 21:00,1.002
80,07.04 22:00,1.003
80,07.04 23:00,0.995
80,08.04 00:00,12.707
80,08.04 01:00,15.316
80,08.04 02:00,28.987
80,08.04 03:00,28.984
80,08.04 04:00,28.507
80,08.04 05:00,32.22
80,08.04 06:00,35.152
80,08.04 07:00,31.863
80,08.04 08:00,25.488
80,08.04 09:00,23.379
80,08.04 10:00,22.208
80,08.04 11:00,42.154
80,08.04 12:00,27.728
80,08.04 13:00,23.158
80,08.04 14:00,23.475
80,08.04 15:00,9.009
80,08.04 16:00,8.478
80,08.04 17:00,17.163
80,08.04 18:00,20.348
80,08.04 19:00,23.676
80,08.04 20:00,25.219
80,08.04 21:00,25.384
80,08.04 22:00,26.227
80,08.04 23:00,24.436
80,09.04 00:00,28.28
80,09.04 01:00,24.756
80,09.04 02:00,24.804
80,09.04 03:00,27.522
80,09.04 04:00,30.337
80,09.04 05:00,30.647
80,09.04 06:00,30.002
80,09.04 07:00,26.502
80,09.04 08:00,25.113
80,09.04 09:00,22.411
80,09.04 10:00,15.44
80,09.04 11:00,10.676
80,09.04 12:00,0.0
80,09.04 13:00,9.757
80,09.04 14:00,5.924
80,09.04 15:00,0.0
80,09.04 16:00,5.691
80,09.04 17:00,14.156
80,09.04 18:00,22.58
80,09.04 19:00,28.327
80,09.04 20:00,30.189
80,09.04 21:00,30.305
80,09.04 22:00,30.797
80,09.04 23:00,31.052
80,10.04 00:00,31.488
80,10.04 01:00,30.301
80,10.04 02:00,30.03
80,10.04 03:00,30.955
80,10.04 04:00,30.588
80,10.04 05:00,30.63
80,10.04 06:00,29.984
80,10.04 07:00,25.395
80,10.04 08:00,20.495
80,10.04 09:00,10.187
80,10.04 10:00,0.0
80,10.04 11:00,0.0
80,10.04 12:00,0.0
80,10.04 13:00,0.0
80,10.04 14:00,13.694
80,10.04 15:00,16.579
80,10.04 16:00,19.658
80,10.04 17:00,22.984
80,10.04 18:00,29.431
80,10.04 19:00,31.232
80,10.04 20:00,31.415
80,10.04 21:00,31.22
80,10.04 22:00,31.495
80,10.04 23:00,31.391
80,11.04 00:00,33.134
80,11.04 01:00,32.082
80,11.04 02:00,31.172
80,11.04 03:00,31.291
80,11.04 04:00,30.961
80,11.04 05:00,31.614
80,11.04 06:00,44.283
80,11.04 07:00,65.172
80,11.04 08:00,83.463
80,11.04 09:00,84.238
80,11.04 10:00,92.228
80,11.04 11:00,87.095
80,11.04 12:00,95.748
80,11.04 13:00,101.677
80,11.04 14:00,82.549
80,11.04 15:00,70.158
80,11.04 16:00,44.634
80,11.04 17:00,33.048
80,11.04 18:00,32.045
80,11.04 19:00,36.666
80,11.04 20:00,39.67
80,11.04 21:00,34.853
80,11.04 22:00,34.66
80,11.04 23:00,33.314
80,12.04 00:00,32.685
80,12.04 01:00,33.724
80,12.04 02:00,34.024
80,12.04 03:00,34.281
80,12.04 04:00,33.867
80,12.04 05:00,37.519
80,12.04 06:00,50.512
80,12.04 07:00,75.073
80,12.04 08:00,85.982
80,12.04 09:00,102.957
80,12.04 10:00,107.563
80,12.04 11:00,97.215
80,12.04 12:00,95.743
80,12.04 13:00,82.223
80,12.04 14:00,78.197
80,12.04 15:00,60.957
80,12.04 16:00,52.769
80,12.04 17:00,44.379
80,12.04 18:00,34.521
80,12.04 19:00,35.361
80,12.04 20:00,36.008
80,12.04 21:00,31.016
80,12.04 22:00,31.317
80,12.04 23:00,29.509
80,13.04 00:00,30.665
80,13.04 01:00,29.44
80,13.04 02:00,29.857
80,13.04 03:00,29.511
80,13.04 04:00,29.463
80,13.04 05:00,29.157
80,13.04 06:00,41.215
80,13.04 07:00,70.202
80,13.04 08:00,91.826
80,13.04 09:00,103.193
80,13.04 10:00,105.749
80,13.04 11:00,92.411
80,13.04 12:00,84.339
80,13.04 13:00,76.7
80,13.04 14:00,77.522
80,13.04 15:00,68.2
80,13.04 16:00,61.217
80,13.04 17:00,52.271
80,13.04 18:00,37.353
80,13.04 19:00,39.404
80,13.04 20:00,38.112
80,13.04 21:00,32.483
80,13.04 22:00,31.523
80,13.04 23:00,31.18
80,14.04 00:00,32.533
80,14.04 01:00,30.573
80,14.04 02:00,30.333
80,14.04 03:00,31.021
80,14.04 04:00,30.312
80,14.04 05:00,33.815
80,14.04 06:00,49.369
80,14.04 07:00,75.615
80,14.04 08:00,92.329
80,14.04 09:00,97.983
80,14.04 10:00,110.746
80,14.04 11:00,95.282
80,14.04 12:00,102.298
80,14.04 13:00,107.3
80,14.04 14:00,89.478
80,14.04 15:00,70.733
80,14.04 16:00,55.025
80,14.04 17:00,50.961
80,14.04 18:00,37.662
80,14.04 19:00,40.406
80,14.04 20:00,38.602
80,14.04 21:00,32.515
80,14.04 22:00,32.173
80,14.04 23:00,31.63
80,15.04 00:00,31.46
80,15.04 01:00,31.005
80,15.04 02:00,31.348
80,15.04 03:00,30.883
80,15.04 04:00,31.585
80,15.04 05:00,32.603
80,15.04 06:00,46.571
80,15.04 07:00,69.52
80,15.04 08:00,90.946
80,15.04 09:00,113.72
80,15.04 10:00,128.731
80,15.04 11:00,104.299
80,15.04 12:00,118.668
80,15.04 13:00,90.695
80,15.04 14:00,85.25
80,15.04 15:00,78.566
80,15.04 16:00,55.935
80,15.04 17:00,33.703
80,15.04 18:00,25.339
80,15.04 19:00,28.908
80,15.04 20:00,30.158
80,15.04 21:00,31.089
80,15.04 22:00,31.237
80,15.04 23:00,29.934
80,16.04 00:00,30.662
80,16.04 01:00,29.786
80,16.04 02:00,30.736
80,16.04 03:00,29.682
80,16.04 04:00,28.959
80,16.04 05:00,29.857
80,16.04 06:00,30.225
80,16.04 07:00,27.178
80,16.04 08:00,20.992
80,16.04 09:00,19.627
80,16.04 10:00,9.371
80,16.04 11:00,5.72
80,16.04 12:00,0.0
80,16.04 13:00,6.09
80,16.04 14:00,13.846
80,16.04 15:00,12.577
80,16.04 16:00,10.805
80,16.04 17:00,23.791
80,16.04 18:00,25.75
80,16.04 19:00,27.27
80,16.04 20:00,29.731
80,16.04 21:00,29.687
80,16.04 22:00,30.941
80,16.04 23:00,29.74
80,17.04 00:00,30.575
80,17.04 01:00,29.41
80,17.04 02:00,30.03
80,17.04 03:00,29.564
80,17.04 04:00,29.747
80,17.04 05:00,29.609
80,17.04 06:00,28.486
80,17.04 07:00,20.92
80,17.04 08:00,12.397
80,17.04 09:00,0.0
80,17.04 10:00,0.0
80,17.04 11:00,10.098
80,17.04 12:00,14.23
80,17.04 13:00,14.216
80,17.04 14:00,17.278
80,17.04 15:00,0.0
80,17.04 16:00,5.703
80,17.04 17:00,17.014
80,17.04 18:00,20.471
80,17.04 19:00,26.746
80,17.04 20:00,29.485
80,17.04 21:00,29.894
80,17.04 22:00,30.57
80,17.04 23:00,29.631
80,18.04 00:00,15.489
80,18.04 01:00,15.462
80,18.04 02:00,15.499
80,18.04 03:00,15.519
80,18.04 04:00,0.996
80,18.04 05:00,1.004
80,18.04 06:00,0.999
80,18.04 07:00,1.003
80,18.04 08:00,1.003
80,18.04 09:00,0.995
80,18.04 10:00,0.996
80,18.04 11:00,0.996
80,18.04 12:00,1.0
80,18.04 13:00,1.002
80,18.04 14:00,1.003
80,18.04 15:00,0.965
80,18.04 16:00,1.049
80,18.04 17:00,0.997
80,18.04 18:00,1.001
80,18.04 19:00,0.995
80,18.04 20:00,1.002
80,18.04 21:00,1.002
80,18.04 22:00,1.004
80,18.04 23:00,1.0
80,19.04 00:00,17.177
80,19.04 01:00,16.072
80,19.04 02:00,30.638
80,19.04 03:00,30.848
80,19.04 04:00,30.009
80,19.04 05:00,32.57
80,19.04 06:00,48.426
80,19.04 07:00,78.91
80,19.04 08:00,89.789
80,19.04 09:00,99.267
80,19.04 10:00,103.571
80,19.04 11:00,110.303
80,19.04 12:00,110.464
80,19.04 13:00,94.292
80,19.04 14:00,89.76
80,19.04 15:00,73.342
80,19.04 16:00,51.807
80,19.04 17:00,38.061
80,19.04 18:00,33.654
80,19.04 19:00,38.617
80,19.04 20:00,40.669
80,19.04 21:00,34.642
80,19.04 22:00,32.053
80,19.04 23:00,30.648
80,20.04 00:00,32.653
80,20.04 01:00,30.419
80,20.04 02:00,29.981
80,20.04 03:00,30.742
80,20.04 04:00,30.752
80,20.04 05:00,34.27
80,20.04 06:00,50.662
80,20.04 07:00,75.516
80,20.04 08:00,98.008
80,20.04 09:00,95.096
80,20.04 10:00,97.438
80,20.04 11:00,97.259
80,20.04 12:00,98.206
80,20.04 13:00,71.832
80,20.04 14:00,72.971
80,20.04 15:00,57.495
80,20.04 16:00,49.619
80,20.04 17:00,42.204
80,20.04 18:00,40.842
80,20.04 19:00,43.108
80,20.04 20:00,42.367
80,20.04 21:00,36.848
80,20.04 22:00,33.499
80,20.04 23:00,32.56
80,21.04 00:00,32.904
80,21.04 01:00,32.93
80,21.04 02:00,31.787
80,21.04 03:00,32.516
80,21.04 04:00,31.633
80,21.04 05:00,33.789
80,21.04 06:00,45.891
80,21.04 07:00,73.108
80,21.04 08:00,100.073
80,21.04 09:00,130.747
80,21.04 10:00,118.871
80,21.04 11:00,107.577
80,21.04 12:00,99.57
80,21.04 13:00,95.249
80,21.04 14:00,103.803
80,21.04 15:00,80.337
80,21.04 16:00,66.595
80,21.04 17:00,46.066
80,21.04 18:00,35.931
80,21.04 19:00,36.947
80,21.04 20:00,38.401
80,21.04 21:00,34.205
80,21.04 22:00,33.532
80,21.04 23:00,31.99
80,22.04 00:00,32.655
80,22.04 01:00,33.13
80,22.04 02:00,31.533
80,22.04 03:00,31.455
80,22.04 04:00,31.463
80,22.04 05:00,35.153
80,22.04 06:00,48.367
80,22.04 07:00,77.438
80,22.04 08:00,103.157
80,22.04 09:00,116.638
80,22.04 10:00,136.098
80,22.04 11:00,127.482
80,22.04 12:00,141.099
80,22.04 13:00,120.858
80,22.04 14:00,105.193
80,22.04 15:00,80.983
80,22.04 16:00,53.656
80,22.04 17:00,31.578
80,22.04 18:00,32.016
80,22.04 19:00,30.949
80,22.04 20:00,32.673
80,22.04 21:00,32.406
80,22.04 22:00,33.021
80,22.04 23:00,31.547
80,23.04 00:00,33.728
80,23.04 01:00,30.984
80,23.04 02:00,32.517
80,23.04 03:00,31.418
80,23.04 04:00,31.016
80,23.04 05:00,32.973
80,23.04 06:00,28.758
80,23.04 07:00,22.546
80,23.04 08:00,12.408
80,23.04 09:00,5.305
80,23.04 10:00,0.0
80,23.04 11:00,0.0
80,23.04 12:00,0.0
80,23.04 13:00,15.629
80,23.04 14:00,10.695
80,23.04 15:00,13.12
80,23.04 16:00,16.553
80,23.04 17:00,24.015
80,23.04 18:00,28.223
80,23.04 19:00,31.062
80,23.04 20:00,31.436
80,23.04 21:00,31.653
80,23.04 22:00,31.602
80,23.04 23:00,31.772
80,24.04 00:00,32.315
80,24.04 01:00,31.407
80,24.04 02:00,30.711
80,24.04 03:00,31.356
80,24.04 04:00,31.863
80,24.04 05:00,31.448
80,24.04 06:00,29.212
80,24.04 07:00,22.124
80,24.04 08:00,12.868
80,24.04 09:00,0.0
80,24.04 10:00,0.0
80,24.04 11:00,0.0
80,24.04 12:00,14.591
80,24.04 13:00,9.771
80,24.04 14:00,6.771
80,24.04 15:00,7.0
80,24.04 16:00,9.467
80,24.04 17:00,18.97
80,24.04 18:00,22.369
80,24.04 19:00,27.702
80,24.04 20:00,30.88
80,24.04 21:00,32.132
80,24.04 22:00,33.089
80,24.04 23:00,31.449
80,25.04 00:00,31.727
80,25.04 01:00,32.098
80,25.04 02:00,31.334
80,25.04 03:00,32.192
80,25.04 04:00,30.83
80,25.04 05:00,33.142
80,25.04 06:00,45.081
80,25.04 07:00,73.377
80,25.04 08:00,96.533
80,25.04 09:00,108.627
80,25.04 10:00,107.877
80,25.04 11:00,105.084
80,25.04 12:00,85.775
80,25.04 13:00,99.533
80,25.04 14:00,86.437
80,25.04 15:00,71.378
80,25.04 16:00,46.335
80,25.04 17:00,34.263
80,25.04 18:00,32.663
80,25.04 19:00,34.985
80,25.04 20:00,38.483
80,25.04 21:00,32.385
80,25.04 22:00,32.927
80,25.04 23:00,31.479
80,26.04 00:00,31.642
80,26.04 01:00,30.679
80,26.04 02:00,31.526
80,26.04 03:00,31.249
80,26.04 04:00,30.277
80,26.04 05:00,33.247
80,26.04 06:00,48.639
80,26.04 07:00,70.333
80,26.04 08:00,79.185
80,26.04 09:00,95.615
80,26.04 10:00,100.383
80,26.04 11:00,95.326
80,26.04 12:00,98.342
80,26.04 13:00,93.064
80,26.04 14:00,96.582
80,26.04 15:00,90.313
80,26.04 16:00,53.418
80,26.04 17:00,41.807
80,26.04 18:00,29.917
80,26.04 19:00,35.23
80,26.04 20:00,33.297
80,26.04 21:00,32.121
80,26.04 22:00,32.506
80,26.04 23:00,31.865
80,27.04 00:00,32.682
80,27.04 01:00,31.012
80,27.04 02:00,30.526
80,27.04 03:00,30.734
80,27.04 04:00,30.253
80,27.04 05:00,31.16
80,27.04 06:00,40.398
80,27.04 07:00,61.254
80,27.04 08:00,76.005
80,27.04 09:00,87.971
80,27.04 10:00,108.891
80,27.04 11:00,89.466
80,27.04 12:00,102.341
80,27.04 13:00,109.203
80,27.04 14:00,97.268
80,27.04 15:00,90.324
80,27.04 16:00,52.995
80,27.04 17:00,38.677
80,27.04 18:00,28.691
80,27.04 19:00,34.582
80,27.04 20:00,39.085
80,27.04 21:00,32.648
80,27.04 22:00,33.024
80,27.04 23:00,31.376
80,28.04 00:00,31.272
80,28.04 01:00,31.043
80,28.04 02:00,30.855
80,28.04 03:00,31.054
80,28.04 04:00,31.146
80,28.04 05:00,34.804
80,28.04 06:00,46.421
80,28.04 07:00,66.207
80,28.04 08:00,78.056
80,28.04 09:00,98.046
80,28.04 10:00,112.602
80,28.04 11:00,93.892
80,28.04 12:00,94.72
80,28.04 13:00,100.985
80,28.04 14:00,69.103
80,28.04 15:00,59.964
80,28.04 16:00,56.334
80,28.04 17:00,43.907
80,28.04 18:00,34.147
80,28.04 19:00,36.647
80,28.04 20:00,37.155
80,28.04 21:00,33.024
80,28.04 22:00,32.495
80,28.04 23:00,29.974
80,29.04 00:00,31.313
80,29.04 01:00,30.05
80,29.04 02:00,30.939
80,29.04 03:00,30.044
80,29.04 04:00,29.789
80,29.04 05:00,31.165
80,29.04 06:00,38.501
80,29.04 07:00,60.725
80,29.04 08:00,77.957
80,29.04 09:00,92.775
80,29.04 10:00,90.169
80,29.04 11:00,77.216
80,29.04 12:00,95.581
80,29.04 13:00,104.318
80,29.04 14:00,78.309
80,29.04 15:00,57.126
80,29.04 16:00,42.356
80,29.04 17:00,25.184
80,29.04 18:00,22.498
80,29.04 19:00,25.741
80,29.04 20:00,28.259
80,29.04 21:00,29.455
80,29.04 22:00,30.21
80,29.04 23:00,29.343
80,30.04 00:00,29.926
80,30.04 01:00,29.699
80,30.04 02:00,29.222
80,30.04 03:00,29.446
80,30.04 04:00,28.525
80,30.04 05:00,28.727
80,30.04 06:00,24.385
80,30.04 07:00,15.569
80,30.04 08:00,12.251
80,30.04 09:00,6.321
80,30.04 10:00,9.794
80,30.04 11:00,0.0
80,30.04 12:00,9.831
80,30.04 13:00,7.019
80,30.04 14:00,11.059
80,30.04 15:00,11.181
80,30.04 16:00,0.0
80,30.04 17:00,14.996
80,30.04 18:00,20.783
80,30.04 19:00,26.779
80,30.04 20:00,28.405
80,30.04 21:00,29.909
80,30.04 22:00,29.774
80,30.04 23:00,28.016
80,01.05 00:00,30.785
80,01.05 01:00,29.496
80,01.05 02:00,28.866
80,01.05 03:00,28.579
80,01.05 04:00,29.438
80,01.05 05:00,28.324
80,01.05 06:00,25.461
80,01.05 07:00,22.319
80,01.05 08:00,16.315
80,01.05 09:00,6.715
80,01.05 10:00,6.814
80,01.05 11:00,14.929
80,01.05 12:00,21.245
80,01.05 13:00,19.64
80,01.05 14:00,18.393
80,01.05 15:00,20.534
80,01.05 16:00,22.993
80,01.05 17:00,22.692
80,01.05 18:00,26.121
80,01.05 19:00,27.165
80,01.05 20:00,29.538
80,01.05 21:00,29.58
80,01.05 22:00,29.483
80,01.05 23:00,29.131
80,02.05 00:00,29.732
80,02.05 01:00,28.815
80,02.05 02:00,28.862
80,02.05 03:00,28.452
80,02.05 04:00,28.422
80,02.05 05:00,30.133
80,02.05 06:00,32.615
80,02.05 07:00,30.127
80,02.05 08:00,27.799
80,02.05 09:00,26.913
80,02.05 10:00,29.455
80,02.05 11:00,28.57
80,02.05 12:00,25.897
80,02.05 13:00,21.565
80,02.05 14:00,15.869
80,02.05 15:00,7.863
80,02.05 16:00,5.419
80,02.05 17:00,14.938
80,02.05 18:00,19.427
80,02.05 19:00,26.272
80,02.05 20:00,28.902
80,02.05 21:00,29.66
80,02.05 22:00,30.374
80,02.05 23:00,29.056
80,03.05 00:00,30.529
80,03.05 01:00,29.232
80,03.05 02:00,28.479
80,03.05 03:00,28.81
80,03.05 04:00,28.315
80,03.05 05:00,28.795
80,03.05 06:00,35.833
80,03.05 07:00,59.017
80,03.05 08:00,81.95
80,03.05 09:00,93.353
80,03.05 10:00,101.743
80,03.05 11:00,97.084
80,03.05 12:00,87.523
80,03.05 13:00,70.671
80,03.05 14:00,68.061
80,03.05 15:00,45.698
80,03.05 16:00,42.493
80,03.05 17:00,36.478
80,03.05 18:00,31.067
80,03.05 19:00,32.921
80,03.05 20:00,30.529
80,03.05 21:00,31.326
80,03.05 22:00,30.952
80,03.05 23:00,30.82
80,04.05 00:00,32.732
80,04.05 01:00,31.618
80,04.05 02:00,30.864
80,04.05 03:00,31.342
80,04.05 04:00,30.729
80,04.05 05:00,33.047
80,04.05 06:00,43.626
80,04.05 07:00,66.309
80,04.05 08:00,84.213
80,04.05 09:00,91.931
80,04.05 10:00,100.125
80,04.05 11:00,88.173
80,04.05 12:00,94.718
80,04.05 13:00,80.05
80,04.05 14:00,73.9
80,04.05 15:00,54.365
80,04.05 16:00,41.197
80,04.05 17:00,32.456
80,04.05 18:00,26.392
80,04.05 19:00,31.276
80,04.05 20:00,35.601
80,04.05 21:00,32.239
80,04.05 22:00,31.816
80,04.05 23:00,32.911
80,05.05 00:00,31.76
80,05.05 01:00,32.858
80,05.05 02:00,33.084
80,05.05 03:00,32.391
80,05.05 04:00,32.072
80,05.05 05:00,31.53
80,05.05 06:00,37.935
80,05.05 07:00,58.568
80,05.05 08:00,77.303
80,05.05 09:00,76.493
80,05.05 10:00,86.423
80,05.05 11:00,80.503
80,05.05 12:00,77.835
80,05.05 13:00,74.487
80,05.05 14:00,66.408
80,05.05 15:00,54.883
80,05.05 16:00,44.454
80,05.05 17:00,30.167
80,05.05 18:00,29.531
80,05.05 19:00,31.769
80,05.05 20:00,35.678
80,05.05 21:00,31.524
80,05.05 22:00,31.573
80,05.05 23:00,31.208
80,06.05 00:00,30.778
80,06.05 01:00,32.0
80,06.05 02:00,30.789
80,06.05 03:00,30.804
80,06.05 04:00,30.415
80,06.05 05:00,33.432
80,06.05 06:00,42.079
80,06.05 07:00,63.588
80,06.05 08:00,73.165
80,06.05 09:00,87.919
80,06.05 10:00,89.975
80,06.05 11:00,86.968
80,06.05 12:00,87.276
80,06.05 13:00,86.799
80,06.05 14:00,80.345
80,06.05 15:00,61.989
80,06.05 16:00,40.84
80,06.05 17:00,23.766
80,06.05 18:00,24.181
80,06.05 19:00,26.535
80,06.05 20:00,28.633
80,06.05 21:00,30.474
80,06.05 22:00,29.742
80,06.05 23:00,29.906
80,07.05 00:00,30.264
80,07.05 01:00,30.529
80,07.05 02:00,29.68
80,07.05 03:00,29.53
80,07.05 04:00,29.904
80,07.05 05:00,29.642
80,07.05 06:00,26.509
80,07.05 07:00,21.62
80,07.05 08:00,22.852
80,07.05 09:00,25.762
80,07.05 10:00,12.751
80,07.05 11:00,8.406
80,07.05 12:00,12.062
80,07.05 13:00,0.0
80,07.05 14:00,7.191
80,07.05 15:00,15.834
80,07.05 16:00,21.919
80,07.05 17:00,15.401
80,07.05 18:00,20.703
80,07.05 19:00,26.472
80,07.05 20:00,30.185
80,07.05 21:00,30.494
80,07.05 22:00,29.913
80,07.05 23:00,30.654
80,08.05 00:00,30.517
80,08.05 01:00,30.698
80,08.05 02:00,29.63
80,08.05 03:00,30.493
80,08.05 04:00,29.484
80,08.05 05:00,29.194
80,08.05 06:00,28.125
80,08.05 07:00,22.282
80,08.05 08:00,19.602
80,08.05 09:00,10.629
80,08.05 10:00,0.0
80,08.05 11:00,0.0
80,08.05 12:00,0.0
80,08.05 13:00,0.0
80,08.05 14:00,0.0
80,08.05 15:00,0.0
80,08.05 16:00,8.659
80,08.05 17:00,13.633
80,08.05 18:00,22.899
80,08.05 19:00,26.423
80,08.05 20:00,29.578
80,08.05 21:00,30.55
80,08.05 22:00,30.753
80,08.05 23:00,30.424
80,09.05 00:00,32.04
80,09.05 01:00,29.72
80,09.05 02:00,29.946
80,09.05 03:00,30.26
80,09.05 04:00,30.075
80,09.05 05:00,29.971
80,09.05 06:00,37.425
80,09.05 07:00,63.202
80,09.05 08:00,89.033
80,09.05 09:00,111.138
80,09.05 10:00,110.969
80,09.05 11:00,112.544
80,09.05 12:00,116.836
80,09.05 13:00,95.712
80,09.05 14:00,90.281
80,09.05 15:00,78.713
80,09.05 16:00,64.02
80,09.05 17:00,49.398
80,09.05 18:00,40.367
80,09.05 19:00,36.963
80,09.05 20:00,37.034
80,09.05 21:00,34.148
80,09.05 22:00,32.1
80,09.05 23:00,31.823
80,10.05 00:00,34.27
80,10.05 01:00,32.259
80,10.05 02:00,31.469
80,10.05 03:00,31.626
80,10.05 04:00,30.987
80,10.05 05:00,34.309
80,10.05 06:00,43.635
80,10.05 07:00,70.492
80,10.05 08:00,97.026
80,10.05 09:00,116.849
80,10.05 10:00,131.811
80,10.05 11:00,130.906
80,10.05 12:00,126.825
80,10.05 13:00,119.2
80,10.05 14:00,116.135
80,10.05 15:00,83.391
80,10.05 16:00,68.567
80,10.05 17:00,48.509
80,10.05 18:00,38.264
80,10.05 19:00,37.721
80,10.05 20:00,37.28
80,10.05 21:00,34.225
80,10.05 22:00,35.377
80,10.05 23:00,34.008
80,11.05 00:00,33.498
80,11.05 01:00,33.854
80,11.05 02:00,34.078
80,11.05 03:00,33.472
80,11.05 04:00,33.619
80,11.05 05:00,35.077
80,11.05 06:00,43.283
80,11.05 07:00,72.431
80,11.05 08:00,96.578
80,11.05 09:00,112.523
80,11.05 10:00,124.61
80,11.05 11:00,115.869
80,11.05 12:00,118.61
80,11.05 13:00,113.575
80,11.05 14:00,99.877
80,11.05 15:00,86.474
80,11.05 16:00,68.648
80,11.05 17:00,52.315
80,11.05 18:00,33.494
80,11.05 19:00,33.371
80,11.05 20:00,35.98
80,11.05 21:00,31.966
80,11.05 22:00,31.765
80,11.05 23:00,30.912
80,12.05 00:00,32.662
80,12.05 01:00,31.329
80,12.05 02:00,31.309
80,12.05 03:00,31.004
80,12.05 04:00,30.824
80,12.05 05:00,33.204
80,12.05 06:00,44.058
80,12.05 07:00,65.264
80,12.05 08:00,87.159
80,12.05 09:00,97.463
80,12.05 10:00,94.333
80,12.05 11:00,81.0
80,12.05 12:00,83.168
80,12.05 13:00,72.236
80,12.05 14:00,65.452
80,12.05 15:00,55.715
80,12.05 16:00,45.229
80,12.05 17:00,38.965
80,12.05 18:00,32.644
80,12.05 19:00,36.478
80,12.05 20:00,36.434
80,12.05 21:00,33.265
80,12.05 22:00,33.258
80,12.05 23:00,32.257
80,13.05 00:00,32.844
80,13.05 01:00,32.41
80,13.05 02:00,31.534
80,13.05 03:00,31.349
80,13.05 04:00,31.236
80,13.05 05:00,31.566
80,13.05 06:00,38.74
80,13.05 07:00,55.469
80,13.05 08:00,62.994
80,13.05 09:00,72.647
80,13.05 10:00,74.708
80,13.05 11:00,67.7
80,13.05 12:00,69.181
80,13.05 13:00,60.553
80,13.05 14:00,61.288
80,13.05 15:00,48.795
80,13.05 16:00,35.112
80,13.05 17:00,29.229
80,13.05 18:00,29.823
80,13.05 19:00,29.341
80,13.05 20:00,30.008
80,13.05 21:00,30.806
80,13.05 22:00,31.319
80,13.05 23:00,31.019
80,14.05 00:00,32.897
80,14.05 01:00,30.863
80,14.05 02:00,30.11
80,14.05 03:00,31.212
80,14.05 04:00,29.703
80,14.05 05:00,29.248
80,14.05 06:00,27.462
80,14.05 07:00,25.924
80,14.05 08:00,22.417
80,14.05 09:00,18.046
80,14.05 10:00,8.616
80,14.05 11:00,5.117
80,14.05 12:00,6.808
80,14.05 13:00,6.675
80,14.05 14:00,0.0
80,14.05 15:00,0.0
80,14.05 16:00,0.0
80,14.05 17:00,21.16
80,14.05 18:00,36.714
80,14.05 19:00,40.615
80,14.05 20:00,40.164
80,14.05 21:00,32.946
80,14.05 22:00,33.646
80,14.05 23:00,32.544
80,15.05 00:00,32.75
80,15.05 01:00,30.353
80,15.05 02:00,29.597
80,15.05 03:00,30.178
80,15.05 04:00,30.658
80,15.05 05:00,29.688
80,15.05 06:00,24.579
80,15.05 07:00,16.036
80,15.05 08:00,8.6
80,15.05 09:00,0.0
80,15.05 10:00,0.0
80,15.05 11:00,10.13
80,15.05 12:00,10.393
80,15.05 13:00,15.202
80,15.05 14:00,0.0
80,15.05 15:00,5.105
80,15.05 16:00,0.0
80,15.05 17:00,11.619
80,15.05 18:00,20.782
80,15.05 19:00,28.128
80,15.05 20:00,29.466
80,15.05 21:00,31.261
80,15.05 22:00,30.816
80,15.05 23:00,30.096
80,16.05 00:00,32.047
80,16.05 01:00,30.476
80,16.05 02:00,30.105
80,16.05 03:00,29.54
80,16.05 04:00,30.447
80,16.05 05:00,32.584
80,16.05 06:00,38.511
80,16.05 07:00,56.73
80,16.05 08:00,66.942
80,16.05 09:00,77.044
80,16.05 10:00,87.046
80,16.05 11:00,87.165
80,16.05 12:00,79.972
80,16.05 13:00,65.506
80,16.05 14:00,62.946
80,16.05 15:00,45.661
80,16.05 16:00,37.071
80,16.05 17:00,32.424
80,16.05 18:00,27.406
80,16.05 19:00,31.923
80,16.05 20:00,34.67
80,16.05 21:00,31.469
80,16.05 22:00,31.554
80,16.05 23:00,30.239
80,17.05 00:00,31.745
80,17.05 01:00,30.593
80,17.05 02:00,29.503
80,17.05 03:00,29.711
80,17.05 04:00,30.261
80,17.05 05:00,29.82
80,17.05 06:00,35.634
80,17.05 07:00,51.51
80,17.05 08:00,69.635
80,17.05 09:00,97.951
80,17.05 10:00,112.558
80,17.05 11:00,110.282
80,17.05 12:00,100.364
80,17.05 13:00,86.731
80,17.05 14:00,84.342
80,17.05 15:00,75.829
80,17.05 16:00,57.278
80,17.05 17:00,46.522
80,17.05 18:00,34.826
80,17.05 19:00,32.314
80,17.05 20:00,32.714
80,17.05 21:00,31.267
80,17.05 22:00,31.572
80,17.05 23:00,31.392
80,18.05 00:00,31.536
80,18.05 01:00,31.244
80,18.05 02:00,30.718
80,18.05 03:00,30.426
80,18.05 04:00,30.592
80,18.05 05:00,32.949
80,18.05 06:00,42.738
80,18.05 07:00,74.906
80,18.05 08:00,86.935
80,18.05 09:00,101.266
80,18.05 10:00,122.292
80,18.05 11:00,96.291
80,18.05 12:00,100.105
80,18.05 13:00,87.689
80,18.05 14:00,78.08
80,18.05 15:00,54.048
80,18.05 16:00,37.073
80,18.05 17:00,25.934
80,18.05 18:00,19.112
80,18.05 19:00,33.204
80,18.05 20:00,34.863
80,18.05 21:00,31.105
80,18.05 22:00,31.109
80,18.05 23:00,30.426
80,19.05 00:00,16.081
80,19.05 01:00,16.192
80,19.05 02:00,16.203
80,19.05 03:00,16.093
80,19.05 04:00,16.082
80,19.05 05:00,16.062
80,19.05 06:00,1.0
80,19.05 07:00,0.996
80,19.05 08:00,1.003
80,19.05 09:00,1.005
80,19.05 10:00,1.002
80,19.05 11:00,0.995
80,19.05 12:00,0.999
80,19.05 13:00,1.001
80,19.05 14:00,0.998
80,19.05 15:00,0.997
80,19.05 16:00,0.997
80,19.05 17:00,0.999
80,19.05 18:00,1.002
80,19.05 19:00,1.004
80,19.05 20:00,1.003
80,19.05 21:00,1.0
80,19.05 22:00,1.005
80,19.05 23:00,0.997
80,20.05 00:00,15.858
80,20.05 01:00,15.778
80,20.05 02:00,30.753
80,20.05 03:00,30.6
80,20.05 04:00,30.294
80,20.05 05:00,33.48
80,20.05 06:00,44.416
80,20.05 07:00,63.596
80,20.05 08:00,79.687
80,20.05 09:00,95.424
80,20.05 10:00,106.047
80,20.05 11:00,96.706
80,20.05 12:00,80.77
80,20.05 13:00,67.658
80,20.05 14:00,67.885
80,20.05 15:00,61.0
80,20.05 16:00,42.716
80,20.05 17:00,23.094
80,20.05 18:00,26.491
80,20.05 19:00,28.708
80,20.05 20:00,30.46
80,20.05 21:00,30.451
80,20.05 22:00,31.279
80,20.05 23:00,30.494
80,21.05 00:00,31.361
80,21.05 01:00,30.304
80,21.05 02:00,30.665
80,21.05 03:00,30.46
80,21.05 04:00,30.799
80,21.05 05:00,30.648
80,21.05 06:00,28.272
80,21.05 07:00,28.286
80,21.05 08:00,27.046
80,21.05 09:00,25.412
80,21.05 10:00,22.572
80,21.05 11:00,15.692
80,21.05 12:00,10.251
80,21.05 13:00,24.49
80,21.05 14:00,24.584
80,21.05 15:00,24.171
80,21.05 16:00,25.589
80,21.05 17:00,23.966
80,21.05 18:00,26.144
80,21.05 19:00,28.178
80,21.05 20:00,28.326
80,21.05 21:00,31.526
80,21.05 22:00,30.958
80,21.05 23:00,31.011
80,22.05 00:00,31.262
80,22.05 01:00,28.658
80,22.05 02:00,30.191
80,22.05 03:00,30.25
80,22.05 04:00,29.771
80,22.05 05:00,29.034
80,22.05 06:00,24.318
80,22.05 07:00,24.612
80,22.05 08:00,21.483
80,22.05 09:00,20.86
80,22.05 10:00,10.951
80,22.05 11:00,6.395
80,22.05 12:00,5.386
80,22.05 13:00,6.585
80,22.05 14:00,0.0
80,22.05 15:00,12.675
80,22.05 16:00,7.204
80,22.05 17:00,9.182
80,22.05 18:00,24.788
80,22.05 19:00,24.911
80,22.05 20:00,29.299
80,22.05 21:00,30.523
80,22.05 22:00,30.725
80,22.05 23:00,31.243
80,23.05 00:00,31.119
80,23.05 01:00,31.153
80,23.05 02:00,29.86
80,23.05 03:00,30.694
80,23.05 04:00,31.142
80,23.05 05:00,29.931
80,23.05 06:00,35.525
80,23.05 07:00,60.69
80,23.05 08:00,71.416
80,23.05 09:00,78.552
80,23.05 10:00,104.319
80,23.05 11:00,91.827
80,23.05 12:00,86.116
80,23.05 13:00,89.988
80,23.05 14:00,63.574
80,23.05 15:00,46.316
80,23.05 16:00,55.233
80,23.05 17:00,40.417
80,23.05 18:00,38.547
80,23.05 19:00,33.32
80,23.05 20:00,35.426
80,23.05 21:00,31.323
80,23.05 22:00,31.556
80,23.05 23:00,30.831
80,24.05 00:00,32.344
80,24.05 01:00,31.303
80,24.05 02:00,30.671
80,24.05 03:00,31.201
80,24.05 04:00,32.342
80,24.05 05:00,32.266
80,24.05 06:00,42.035
80,24.05 07:00,66.679
80,24.05 08:00,72.348
80,24.05 09:00,80.438
80,24.05 10:00,87.142
80,24.05 11:00,77.732
80,24.05 12:00,71.269
80,24.05 13:00,67.052
80,24.05 14:00,71.718
80,24.05 15:00,53.962
80,24.05 16:00,41.729
80,24.05 17:00,33.59
80,24.05 18:00,25.11
80,24.05 19:00,27.873
80,24.05 20:00,29.415
80,24.05 21:00,31.933
80,24.05 22:00,32.067
80,24.05 23:00,30.924
80,25.05 00:00,31.664
80,25.05 01:00,32.318
80,25.05 02:00,30.871
80,25.05 03:00,31.038
80,25.05 04:00,30.56
80,25.05 05:00,30.133
80,25.05 06:00,36.677
80,25.05 07:00,60.042
80,25.05 08:00,84.234
80,25.05 09:00,88.214
80,25.05 10:00,114.796
80,25.05 11:00,104.713
80,25.05 12:00,100.209
80,25.05 13:00,89.671
80,25.05 14:00,79.619
80,25.05 15:00,62.874
80,25.05 16:00,52.977
80,25.05 17:00,38.641
80,25.05 18:00,28.31
80,25.05 19:00,31.257
80,25.05 20:00,33.552
80,25.05 21:00,32.322
80,25.05 22:00,30.918
80,25.05 23:00,30.446
80,26.05 00:00,33.031
80,26.05 01:00,31.381
80,26.05 02:00,30.349
80,26.05 03:00,31.862
80,26.05 04:00,30.612
80,26.05 05:00,32.81
80,26.05 06:00,41.147
80,26.05 07:00,63.005
80,26.05 08:00,71.906
80,26.05 09:00,77.33
80,26.05 10:00,84.467
80,26.05 11:00,73.353
80,26.05 12:00,70.579
80,26.05 13:00,64.667
80,26.05 14:00,54.659
80,26.05 15:00,43.927
80,26.05 16:00,32.341
80,26.05 17:00,27.1
80,26.05 18:00,23.414
80,26.05 19:00,28.452
80,26.05 20:00,30.801
80,26.05 21:00,33.321
80,26.05 22:00,33.778
80,26.05 23:00,33.719
80,27.05 00:00,32.674
80,27.05 01:00,32.765
80,27.05 02:00,32.738
80,27.05 03:00,33.357
80,27.05 04:00,33.294
80,27.05 05:00,33.303
80,27.05 06:00,45.149
80,27.05 07:00,67.325
80,27.05 08:00,86.052
80,27.05 09:00,85.876
80,27.05 10:00,96.562
80,27.05 11:00,77.536
80,27.05 12:00,88.215
80,27.05 13:00,65.861
80,27.05 14:00,64.945
80,27.05 15:00,50.265
80,27.05 16:00,38.742
80,27.05 17:00,20.226
80,27.05 18:00,23.001
80,27.05 19:00,23.956
80,27.05 20:00,27.539
80,27.05 21:00,29.397
80,27.05 22:00,28.725
80,27.05 23:00,28.432
80,28.05 00:00,30.099
80,28.05 01:00,28.816
80,28.05 02:00,27.964
80,28.05 03:00,27.526
80,28.05 04:00,28.83
80,28.05 05:00,27.34
80,28.05 06:00,26.344
80,28.05 07:00,21.697
80,28.05 08:00,11.418
80,28.05 09:00,0.0
80,28.05 10:00,0.0
80,28.05 11:00,0.0
80,28.05 12:00,0.0
80,28.05 13:00,0.0
80,28.05 14:00,0.0
80,28.05 15:00,10.406
80,28.05 16:00,9.559
80,28.05 17:00,12.599
80,28.05 18:00,19.081
80,28.05 19:00,22.506
80,28.05 20:00,26.511
80,28.05 21:00,28.887
80,28.05 22:00,28.5
80,28.05 23:00,28.929
80,29.05 00:00,28.733
80,29.05 01:00,28.233
80,29.05 02:00,28.484
80,29.05 03:00,28.03
80,29.05 04:00,28.593
80,29.05 05:00,26.295
80,29.05 06:00,22.601
80,29.05 07:00,14.746
80,29.05 08:00,6.792
80,29.05 09:00,0.0
80,29.05 10:00,0.0
80,29.05 11:00,0.0
80,29.05 12:00,0.0
80,29.05 13:00,0.0
80,29.05 14:00,10.382
80,29.05 15:00,9.614
80,29.05 16:00,11.074
80,29.05 17:00,12.999
80,29.05 18:00,19.742
80,29.05 19:00,23.398
80,29.05 20:00,27.251
80,29.05 21:00,30.082
80,29.05 22:00,28.643
80,29.05 23:00,27.993
80,30.05 00:00,14.679
80,30.05 01:00,14.675
80,30.05 02:00,14.718
80,30.05 03:00,14.761
80,30.05 04:00,14.617
80,30.05 05:00,1.003
80,30.05 06:00,1.004
80,30.05 07:00,1.002
80,30.05 08:00,0.996
80,30.05 09:00,0.996
80,30.05 10:00,0.995
80,30.05 11:00,1.0
80,30.05 12:00,0.997
80,30.05 13:00,1.002
80,30.05 14:00,1.0
80,30.05 15:00,1.004
80,30.05 16:00,0.997
80,30.05 17:00,0.999
80,30.05 18:00,0.999
80,30.05 19:00,1.005
80,30.05 20:00,1.001
80,30.05 21:00,0.999
80,30.05 22:00,0.997
80,30.05 23:00,0.996
80,31.05 00:00,14.55
80,31.05 01:00,14.113
80,31.05 02:00,27.956
80,31.05 03:00,28.437
80,31.05 04:00,28.602
80,31.05 05:00,26.648
80,31.05 06:00,22.302
80,31.05 07:00,15.363
80,31.05 08:00,8.428
80,31.05 09:00,0.0
80,31.05 10:00,0.0
80,31.05 11:00,0.0
80,31.05 12:00,0.0
80,31.05 13:00,0.0
80,31.05 14:00,0.0
80,31.05 15:00,6.77
80,31.05 16:00,0.0
80,31.05 17:00,12.97
80,31.05 18:00,24.306
80,31.05 19:00,26.499
80,31.05 20:00,28.217
80,31.05 21:00,29.078
80,31.05 22:00,28.173
80,31.05 23:00,27.925
80,01.06 00:00,29.709
80,01.06 01:00,29.472
80,01.06 02:00,27.857
80,01.06 03:00,27.47
80,01.06 04:00,27.756
80,01.06 05:00,30.262
80,01.06 06:00,32.848
80,01.06 07:00,32.056
80,01.06 08:00,34.06
80,01.06 09:00,31.305
80,01.06 10:00,31.921
80,01.06 11:00,41.624
80,01.06 12:00,39.425
80,01.06 13:00,37.131
80,01.06 14:00,25.97
80,01.06 15:00,27.236
80,01.06 16:00,23.043
80,01.06 17:00,21.008
80,01.06 18:00,24.47
80,01.06 19:00,27.226
80,01.06 20:00,27.374
80,01.06 21:00,28.631
80,01.06 22:00,28.913
80,01.06 23:00,28.355
80,02.06 00:00,28.54
80,02.06 01:00,28.433
80,02.06 02:00,27.704
80,02.06 03:00,26.217
80,02.06 04:00,28.993
80,02.06 05:00,27.02
80,02.06 06:00,26.091
80,02.06 07:00,17.649
80,02.06 08:00,6.985
80,02.06 09:00,0.0
80,02.06 10:00,0.0
80,02.06 11:00,0.0
80,02.06 12:00,0.0
80,02.06 13:00,0.0
80,02.06 14:00,0.0
80,02.06 15:00,0.0
80,02.06 16:00,0.0
80,02.06 17:00,8.208
80,02.06 18:00,14.621
80,02.06 19:00,21.399
80,02.06 20:00,26.033
80,02.06 21:00,27.712
80,02.06 22:00,29.191
80,02.06 23:00,28.572
80,03.06 00:00,29.288
80,03.06 01:00,28.244
80,03.06 02:00,28.292
80,03.06 03:00,27.969
80,03.06 04:00,27.919
80,03.06 05:00,29.32
80,03.06 06:00,27.135
80,03.06 07:00,20.994
80,03.06 08:00,12.939
80,03.06 09:00,6.216
80,03.06 10:00,6.108
80,03.06 11:00,8.217
80,03.06 12:00,5.525
80,03.06 13:00,9.595
80,03.06 14:00,8.581
80,03.06 15:00,0.0
80,03.06 16:00,0.0
80,03.06 17:00,9.492
80,03.06 18:00,15.391
80,03.06 19:00,22.249
80,03.06 20:00,26.429
80,03.06 21:00,28.275
80,03.06 22:00,27.826
80,03.06 23:00,28.201
80,04.06 00:00,29.17
80,04.06 01:00,27.991
80,04.06 02:00,27.814
80,04.06 03:00,27.419
80,04.06 04:00,27.924
80,04.06 05:00,27.455
80,04.06 06:00,26.528
80,04.06 07:00,23.255
80,04.06 08:00,19.309
80,04.06 09:00,14.163
80,04.06 10:00,11.797
80,04.06 11:00,6.019
80,04.06 12:00,11.179
80,04.06 13:00,10.693
80,04.06 14:00,15.427
80,04.06 15:00,13.253
80,04.06 16:00,14.527
80,04.06 17:00,17.372
80,04.06 18:00,23.406
80,04.06 19:00,26.267
80,04.06 20:00,27.667
80,04.06 21:00,28.349
80,04.06 22:00,28.197
80,04.06 23:00,28.015
80,05.06 00:00,29.373
80,05.06 01:00,28.394
80,05.06 02:00,27.875
80,05.06 03:00,28.467
80,05.06 04:00,27.671
80,05.06 05:00,27.988
80,05.06 06:00,23.595
80,05.06 07:00,19.035
80,05.06 08:00,12.669
80,05.06 09:00,0.0
80,05.06 10:00,0.0
80,05.06 11:00,0.0
80,05.06 12:00,0.0
80,05.06 13:00,0.0
80,05.06 14:00,0.0
80,05.06 15:00,0.0
80,05.06 16:00,0.0
80,05.06 17:00,9.708
80,05.06 18:00,17.954
80,05.06 19:00,23.053
80,05.06 20:00,26.57
80,05.06 21:00,29.698
80,05.06 22:00,29.084
80,05.06 23:00,28.687
80,06.06 00:00,30.149
80,06.06 01:00,29.801
80,06.06 02:00,28.702
80,06.06 03:00,28.619
80,06.06 04:00,29.171
80,06.06 05:00,28.693
80,06.06 06:00,31.894
80,06.06 07:00,52.181
80,06.06 08:00,66.316
80,06.06 09:00,88.275
80,06.06 10:00,84.842
80,06.06 11:00,74.04
80,06.06 12:00,69.629
80,06.06 13:00,64.423
80,06.06 14:00,58.863
80,06.06 15:00,58.328
80,06.06 16:00,35.167
80,06.06 17:00,26.93
80,06.06 18:00,30.201
80,06.06 19:00,32.138
80,06.06 20:00,35.082
80,06.06 21:00,31.426
80,06.06 22:00,31.693
80,06.06 23:00,29.781
80,07.06 00:00,32.146
80,07.06 01:00,29.786
80,07.06 02:00,30.795
80,07.06 03:00,30.053
80,07.06 04:00,29.932
80,07.06 05:00,31.712
80,07.06 06:00,40.14
80,07.06 07:00,60.975
80,07.06 08:00,79.579
80,07.06 09:00,95.565
80,07.06 10:00,102.988
80,07.06 11:00,101.116
80,07.06 12:00,95.3
80,07.06 13:00,68.337
80,07.06 14:00,61.279
80,07.06 15:00,47.829
80,07.06 16:00,40.984
80,07.06 17:00,31.747
80,07.06 18:00,24.539
80,07.06 19:00,26.993
80,07.06 20:00,29.978
80,07.06 21:00,31.319
80,07.06 22:00,32.937
80,07.06 23:00,32.322
80,08.06 00:00,33.407
80,08.06 01:00,31.349
80,08.06 02:00,31.978
80,08.06 03:00,31.948
80,08.06 04:00,32.008
80,08.06 05:00,30.843
80,08.06 06:00,35.473
80,08.06 07:00,60.148
80,08.06 08:00,73.857
80,08.06 09:00,79.631
80,08.06 10:00,84.741
80,08.06 11:00,74.515
80,08.06 12:00,71.625
80,08.06 13:00,64.669
80,08.06 14:00,53.957
80,08.06 15:00,48.56
80,08.06 16:00,43.042
80,08.06 17:00,30.186
80,08.06 18:00,26.364
80,08.06 19:00,33.397
80,08.06 20:00,36.558
80,08.06 21:00,33.311
80,08.06 22:00,34.098
80,08.06 23:00,33.567
80,09.06 00:00,34.546
80,09.06 01:00,34.05
80,09.06 02:00,32.976
80,09.06 03:00,32.801
80,09.06 04:00,32.677
80,09.06 05:00,35.313
80,09.06 06:00,43.67
80,09.06 07:00,66.637
80,09.06 08:00,74.999
80,09.06 09:00,78.963
80,09.06 10:00,80.543
80,09.06 11:00,79.825
80,09.06 12:00,97.532
80,09.06 13:00,80.556
80,09.06 14:00,68.923
80,09.06 15:00,45.212
80,09.06 16:00,34.356
80,09.06 17:00,29.748
80,09.06 18:00,26.464
80,09.06 19:00,27.952
80,09.06 20:00,31.278
80,09.06 21:00,32.861
80,09.06 22:00,33.619
80,09.06 23:00,32.59
80,10.06 00:00,33.647
80,10.06 01:00,32.673
80,10.06 02:00,33.2
80,10.06 03:00,32.839
80,10.06 04:00,32.555
80,10.06 05:00,32.066
80,10.06 06:00,41.662
80,10.06 07:00,56.752
80,10.06 08:00,71.833
80,10.06 09:00,79.805
80,10.06 10:00,88.602
80,10.06 11:00,75.192
80,10.06 12:00,87.712
80,10.06 13:00,82.74
80,10.06 14:00,75.388
80,10.06 15:00,60.347
80,10.06 16:00,42.595
80,10.06 17:00,26.309
80,10.06 18:00,27.227
80,10.06 19:00,28.43
80,10.06 20:00,31.667
80,10.06 21:00,32.275
80,10.06 22:00,32.815
80,10.06 23:00,31.619
80,11.06 00:00,33.057
80,11.06 01:00,32.273
80,11.06 02:00,32.629
80,11.06 03:00,31.474
80,11.06 04:00,31.966
80,11.06 05:00,31.902
80,11.06 06:00,30.687
80,11.06 07:00,29.703
80,11.06 08:00,28.589
80,11.06 09:00,27.25
80,11.06 10:00,25.81
80,11.06 11:00,28.518
80,11.06 12:00,23.634
80,11.06 13:00,21.645
80,11.06 14:00,11.499
80,11.06 15:00,12.631
80,11.06 16:00,16.303
80,11.06 17:00,19.716
80,11.06 18:00,23.703
80,11.06 19:00,29.121
80,11.06 20:00,30.999
80,11.06 21:00,32.344
80,11.06 22:00,31.733
80,11.06 23:00,31.384
80,12.06 00:00,32.001
80,12.06 01:00,31.388
80,12.06 02:00,31.15
80,12.06 03:00,31.083
80,12.06 04:00,31.394
80,12.06 05:00,31.252
80,12.06 06:00,30.793
80,12.06 07:00,27.843
80,12.06 08:00,24.389
80,12.06 09:00,17.059
80,12.06 10:00,12.359
80,12.06 11:00,0.0
80,12.06 12:00,9.656
80,12.06 13:00,12.091
80,12.06 14:00,10.619
80,12.06 15:00,11.234
80,12.06 16:00,10.062
80,12.06 17:00,10.623
80,12.06 18:00,17.368
80,12.06 19:00,25.555
80,12.06 20:00,28.663
80,12.06 21:00,31.189
80,12.06 22:00,31.425
80,12.06 23:00,32.062
80,13.06 00:00,32.352
80,13.06 01:00,31.32
80,13.06 02:00,30.918
80,13.06 03:00,30.974
80,13.06 04:00,30.776
80,13.06 05:00,33.838
80,13.06 06:00,41.643
80,13.06 07:00,61.991
80,13.06 08:00,78.512
80,13.06 09:00,81.456
80,13.06 10:00,99.575
80,13.06 11:00,100.065
80,13.06 12:00,94.681
80,13.06 13:00,81.439
80,13.06 14:00,80.15
80,13.06 15:00,64.106
80,13.06 16:00,49.546
80,13.06 17:00,36.668
80,13.06 18:00,28.099
80,13.06 19:00,28.756
80,13.06 20:00,29.484
80,13.06 21:00,32.887
80,13.06 22:00,32.304
80,13.06 23:00,32.416
80,14.06 00:00,33.601
80,14.06 01:00,31.635
80,14.06 02:00,31.941
80,14.06 03:00,31.545
80,14.06 04:00,31.55
80,14.06 05:00,31.12
80,14.06 06:00,39.353
80,14.06 07:00,66.703
80,14.06 08:00,82.965
80,14.06 09:00,94.013
80,14.06 10:00,104.927
80,14.06 11:00,99.249
80,14.06 12:00,103.402
80,14.06 13:00,96.896
80,14.06 14:00,95.776
80,14.06 15:00,77.134
80,14.06 16:00,60.856
80,14.06 17:00,43.69
80,14.06 18:00,31.422
80,14.06 19:00,30.362
80,14.06 20:00,31.013
80,14.06 21:00,32.411
80,14.06 22:00,32.575
80,14.06 23:00,32.527
80,15.06 00:00,33.157
80,15.06 01:00,31.95
80,15.06 02:00,31.822
80,15.06 03:00,31.736
80,15.06 04:00,32.876
80,15.06 05:00,34.366
80,15.06 06:00,44.295
80,15.06 07:00,64.311
80,15.06 08:00,82.462
80,15.06 09:00,89.336
80,15.06 10:00,106.852
80,15.06 11:00,116.807
80,15.06 12:00,110.136
80,15.06 13:00,95.729
80,15.06 14:00,90.083
80,15.06 15:00,73.684
80,15.06 16:00,53.809
80,15.06 17:00,45.171
80,15.06 18:00,33.779
80,15.06 19:00,34.355
80,15.06 20:00,36.258
80,15.06 21:00,33.339
80,15.06 22:00,32.997
80,15.06 23:00,32.304
80,16.06 00:00,32.019
80,16.06 01:00,31.998
80,16.06 02:00,32.33
80,16.06 03:00,31.432
80,16.06 04:00,31.506
80,16.06 05:00,32.45
80,16.06 06:00,39.803
80,16.06 07:00,65.311
80,16.06 08:00,79.057
80,16.06 09:00,92.445
80,16.06 10:00,111.602
80,16.06 11:00,104.315
80,16.06 12:00,101.404
80,16.06 13:00,103.05
80,16.06 14:00,77.178
80,16.06 15:00,58.182
80,16.06 16:00,48.217
80,16.06 17:00,39.57
80,16.06 18:00,30.857
80,16.06 19:00,30.58
80,16.06 20:00,31.136
80,16.06 21:00,32.746
80,16.06 22:00,32.464
80,16.06 23:00,32.773
80,17.06 00:00,31.834
80,17.06 01:00,32.529
80,17.06 02:00,31.444
80,17.06 03:00,32.068
80,17.06 04:00,31.621
80,17.06 05:00,35.54
80,17.06 06:00,47.263
80,17.06 07:00,70.115
80,17.06 08:00,84.826
80,17.06 09:00,90.606
80,17.06 10:00,113.664
80,17.06 11:00,105.226
80,17.06 12:00,103.767
80,17.06 13:00,87.47
80,17.06 14:00,81.761
80,17.06 15:00,59.355
80,17.06 16:00,46.777
80,17.06 17:00,26.892
80,17.06 18:00,25.438
80,17.06 19:00,27.482
80,17.06 20:00,28.263
80,17.06 21:00,30.322
80,17.06 22:00,30.955
80,17.06 23:00,30.695
80,18.06 00:00,30.719
80,18.06 01:00,30.242
80,18.06 02:00,30.358
80,18.06 03:00,30.6
80,18.06 04:00,30.616
80,18.06 05:00,29.251
80,18.06 06:00,28.54
80,18.06 07:00,27.118
80,18.06 08:00,20.153
80,18.06 09:00,21.284
80,18.06 10:00,22.34
80,18.06 11:00,17.374
80,18.06 12:00,24.756
80,18.06 13:00,22.832
80,18.06 14:00,20.998
80,18.06 15:00,20.455
80,18.06 16:00,17.909
80,18.06 17:00,19.108
80,18.06 18:00,24.279
80,18.06 19:00,27.509
80,18.06 20:00,28.741
80,18.06 21:00,30.256
80,18.06 22:00,30.699
80,18.06 23:00,30.652
80,19.06 00:00,31.232
80,19.06 01:00,31.155
80,19.06 02:00,29.567
80,19.06 03:00,30.702
80,19.06 04:00,30.408
80,19.06 05:00,29.243
80,19.06 06:00,28.707
80,19.06 07:00,28.17
80,19.06 08:00,26.696
80,19.06 09:00,25.633
80,19.06 10:00,24.948
80,19.06 11:00,24.01
80,19.06 12:00,23.708
80,19.06 13:00,23.194
80,19.06 14:00,24.021
80,19.06 15:00,24.688
80,19.06 16:00,27.482
80,19.06 17:00,27.918
80,19.06 18:00,28.243
80,19.06 19:00,28.826
80,19.06 20:00,30.279
80,19.06 21:00,29.988
80,19.06 22:00,30.823
80,19.06 23:00,30.444
80,20.06 00:00,32.326
80,20.06 01:00,29.882
80,20.06 02:00,29.768
80,20.06 03:00,30.405
80,20.06 04:00,29.992
80,20.06 05:00,31.486
80,20.06 06:00,40.189
80,20.06 07:00,71.115
80,20.06 08:00,89.949
80,20.06 09:00,109.992
80,20.06 10:00,116.751
80,20.06 11:00,121.533
80,20.06 12:00,107.469
80,20.06 13:00,93.728
80,20.06 14:00,81.491
80,20.06 15:00,68.098
80,20.06 16:00,50.701
80,20.06 17:00,38.316
80,20.06 18:00,26.563
80,20.06 19:00,27.201
80,20.06 20:00,30.067
80,20.06 21:00,30.645
80,20.06 22:00,32.568
80,20.06 23:00,31.304
80,21.06 00:00,32.51
80,21.06 01:00,31.949
80,21.06 02:00,31.763
80,21.06 03:00,30.863
80,21.06 04:00,30.425
80,21.06 05:00,32.333
80,21.06 06:00,45.054
80,21.06 07:00,68.988
80,21.06 08:00,85.543
80,21.06 09:00,100.632
80,21.06 10:00,113.595
80,21.06 11:00,103.788
80,21.06 12:00,104.755
80,21.06 13:00,93.343
80,21.06 14:00,83.964
80,21.06 15:00,68.534
80,21.06 16:00,51.757
80,21.06 17:00,41.246
80,21.06 18:00,29.512
80,21.06 19:00,29.587
80,21.06 20:00,30.67
80,21.06 21:00,31.63
80,21.06 22:00,32.164
80,21.06 23:00,31.962
80,22.06 00:00,32.964
80,22.06 01:00,31.813
80,22.06 02:00,31.349
80,22.06 03:00,31.276
80,22.06 04:00,31.741
80,22.06 05:00,30.726
80,22.06 06:00,39.716
80,22.06 07:00,65.919
80,22.06 08:00,88.668
80,22.06 09:00,98.8
80,22.06 10:00,121.355
80,22.06 11:00,97.559
80,22.06 12:00,101.424
80,22.06 13:00,90.138
80,22.06 14:00,80.794
80,22.06 15:00,71.783
80,22.06 16:00,53.874
80,22.06 17:00,41.226
80,22.06 18:00,34.398
80,22.06 19:00,36.07
80,22.06 20:00,35.346
80,22.06 21:00,31.999
80,22.06 22:00,32.973
80,22.06 23:00,31.99
80,23.06 00:00,33.558
80,23.06 01:00,32.009
80,23.06 02:00,32.859
80,23.06 03:00,32.169
80,23.06 04:00,31.461
80,23.06 05:00,33.851
80,23.06 06:00,44.441
80,23.06 07:00,68.956
80,23.06 08:00,78.465
80,23.06 09:00,87.563
80,23.06 10:00,96.413
80,23.06 11:00,94.048
80,23.06 12:00,91.72
80,23.06 13:00,83.655
80,23.06 14:00,74.097
80,23.06 15:00,61.644
80,23.06 16:00,55.232
80,23.06 17:00,38.398
80,23.06 18:00,25.988
80,23.06 19:00,29.188
80,23.06 20:00,30.51
80,23.06 21:00,33.117
80,23.06 22:00,32.592
80,23.06 23:00,32.016
80,24.06 00:00,32.512
80,24.06 01:00,33.654
80,24.06 02:00,33.176
80,24.06 03:00,32.582
80,24.06 04:00,31.71
80,24.06 05:00,31.683
80,24.06 06:00,41.153
80,24.06 07:00,51.121
80,24.06 08:00,64.459
80,24.06 09:00,54.653
80,24.06 10:00,51.784
80,24.06 11:00,57.826
80,24.06 12:00,62.013
80,24.06 13:00,62.711
80,24.06 14:00,52.117
80,24.06 15:00,37.255
80,24.06 16:00,29.201
80,24.06 17:00,22.26
80,24.06 18:00,23.58
80,24.06 19:00,28.121
80,24.06 20:00,30.114
80,24.06 21:00,30.307
80,24.06 22:00,31.121
80,24.06 23:00,30.656
80,25.06 00:00,33.049
80,25.06 01:00,31.264
80,25.06 02:00,30.567
80,25.06 03:00,30.35
80,25.06 04:00,30.277
80,25.06 05:00,29.946
80,25.06 06:00,28.809
80,25.06 07:00,26.582
80,25.06 08:00,25.085
80,25.06 09:00,22.955
80,25.06 10:00,19.052
80,25.06 11:00,20.998
80,25.06 12:00,17.83
80,25.06 13:00,20.598
80,25.06 14:00,19.124
80,25.06 15:00,16.27
80,25.06 16:00,25.155
80,25.06 17:00,25.982
80,25.06 18:00,35.946
80,25.06 19:00,40.72
80,25.06 20:00,42.342
80,25.06 21:00,37.328
80,25.06 22:00,34.872
80,25.06 23:00,33.462
80,26.06 00:00,32.425
80,26.06 01:00,32.042
80,26.06 02:00,31.352
80,26.06 03:00,31.395
80,26.06 04:00,30.59
80,26.06 05:00,30.775
80,26.06 06:00,28.686
80,26.06 07:00,28.201
80,26.06 08:00,27.153
80,26.06 09:00,24.141
80,26.06 10:00,26.571
80,26.06 11:00,27.527
80,26.06 12:00,25.794
80,26.06 13:00,25.575
80,26.06 14:00,25.801
80,26.06 15:00,26.966
80,26.06 16:00,27.658
80,26.06 17:00,28.637
80,26.06 18:00,30.191
80,26.06 19:00,29.917
80,26.06 20:00,30.368
80,26.06 21:00,31.275
80,26.06 22:00,32.07
80,26.06 23:00,31.653
80,27.06 00:00,31.862
80,27.06 01:00,31.37
80,27.06 02:00,31.144
80,27.06 03:00,32.342
80,27.06 04:00,30.976
80,27.06 05:00,31.835
80,27.06 06:00,38.368
80,27.06 07:00,62.564
80,27.06 08:00,72.553
80,27.06 09:00,91.637
80,27.06 10:00,96.519
80,27.06 11:00,94.94
80,27.06 12:00,96.022
80,27.06 13:00,85.323
80,27.06 14:00,74.753
80,27.06 15:00,59.457
80,27.06 16:00,52.324
80,27.06 17:00,41.765
80,27.06 18:00,27.558
80,27.06 19:00,28.561
80,27.06 20:00,30.167
80,27.06 21:00,30.731
80,27.06 22:00,32.348
80,27.06 23:00,30.847
80,28.06 00:00,31.775
80,28.06 01:00,30.731
80,28.06 02:00,31.409
80,28.06 03:00,29.972
80,28.06 04:00,30.55
80,28.06 05:00,30.176
80,28.06 06:00,36.177
80,28.06 07:00,55.796
80,28.06 08:00,68.379
80,28.06 09:00,84.628
80,28.06 10:00,100.635
80,28.06 11:00,93.46
80,28.06 12:00,100.403
80,28.06 13:00,101.752
80,28.06 14:00,94.282
80,28.06 15:00,82.564
80,28.06 16:00,65.512
80,28.06 17:00,48.719
80,28.06 18:00,31.748
80,28.06 19:00,28.31
80,28.06 20:00,29.171
80,28.06 21:00,30.742
80,28.06 22:00,30.791
80,28.06 23:00,30.081
80,29.06 00:00,32.104
80,29.06 01:00,31.295
80,29.06 02:00,30.878
80,29.06 03:00,30.219
80,29.06 04:00,29.973
80,29.06 05:00,31.828
80,29.06 06:00,44.662
80,29.06 07:00,74.182
80,29.06 08:00,93.673
80,29.06 09:00,111.735
80,29.06 10:00,130.432
80,29.06 11:00,131.279
80,29.06 12:00,121.223
80,29.06 13:00,108.896
80,29.06 14:00,104.183
80,29.06 15:00,79.068
80,29.06 16:00,66.069
80,29.06 17:00,53.091
80,29.06 18:00,42.934
80,29.06 19:00,43.255
80,29.06 20:00,40.97
80,29.06 21:00,36.413
80,29.06 22:00,32.332
80,29.06 23:00,30.549
80,30.06 00:00,32.853
80,30.06 01:00,31.06
80,30.06 02:00,31.151
80,30.06 03:00,30.466
80,30.06 04:00,31.718
80,30.06 05:00,30.407
80,30.06 06:00,38.531
80,30.06 07:00,65.018
80,30.06 08:00,73.296
80,30.06 09:00,80.153
80,30.06 10:00,95.07
80,30.06 11:00,93.678
80,30.06 12:00,87.429
80,30.06 13:00,83.327
80,30.06 14:00,85.124
80,30.06 15:00,62.816
80,30.06 16:00,52.972
80,30.06 17:00,42.945
80,30.06 18:00,32.666
80,30.06 19:00,30.581
80,30.06 20:00,31.364
80,30.06 21:00,32.922
80,30.06 22:00,32.356
80,30.06 23:00,31.411
80,01.07 00:00,31.832
80,01.07 01:00,32.454
80,01.07 02:00,31.814
80,01.07 03:00,31.001
80,01.07 04:00,31.494
80,01.07 05:00,33.191
80,01.07 06:00,46.326
80,01.07 07:00,69.22
80,01.07 08:00,75.93
80,01.07 09:00,97.775
80,01.07 10:00,103.474
80,01.07 11:00,96.054
80,01.07 12:00,88.967
80,01.07 13:00,73.217
80,01.07 14:00,65.137
80,01.07 15:00,56.154
80,01.07 16:00,36.932
80,01.07 17:00,22.458
80,01.07 18:00,25.645
80,01.07 19:00,29.01
80,01.07 20:00,30.928
80,01.07 21:00,32.437
80,01.07 22:00,31.76
80,01.07 23:00,31.918
80,02.07 00:00,32.738
80,02.07 01:00,32.33
80,02.07 02:00,31.301
80,02.07 03:00,31.986
80,02.07 04:00,30.678
80,02.07 05:00,30.907
80,02.07 06:00,27.613
80,02.07 07:00,24.853
80,02.07 08:00,23.745
80,02.07 09:00,24.783
80,02.07 10:00,20.206
80,02.07 11:00,18.72
80,02.07 12:00,13.571
80,02.07 13:00,13.109
80,02.07 14:00,14.868
80,02.07 15:00,14.457
80,02.07 16:00,18.598
80,02.07 17:00,20.348
80,02.07 18:00,25.863
80,02.07 19:00,29.156
80,02.07 20:00,29.613
80,02.07 21:00,31.275
80,02.07 22:00,32.626
80,02.07 23:00,32.585
80,03.07 00:00,33.019
80,03.07 01:00,31.511
80,03.07 02:00,31.083
80,03.07 03:00,33.432
80,03.07 04:00,30.879
80,03.07 05:00,30.553
80,03.07 06:00,29.215
80,03.07 07:00,27.443
80,03.07 08:00,22.247
80,03.07 09:00,17.346
80,03.07 10:00,19.582
80,03.07 11:00,21.139
80,03.07 12:00,16.952
80,03.07 13:00,12.882
80,03.07 14:00,12.244
80,03.07 15:00,14.744
80,03.07 16:00,16.857
80,03.07 17:00,19.349
80,03.07 18:00,22.792
80,03.07 19:00,27.192
80,03.07 20:00,30.475
80,03.07 21:00,31.172
80,03.07 22:00,31.9
80,03.07 23:00,30.768
80,04.07 00:00,31.79
80,04.07 01:00,31.885
80,04.07 02:00,31.557
80,04.07 03:00,31.01
80,04.07 04:00,32.211
80,04.07 05:00,30.951
80,04.07 06:00,38.142
80,04.07 07:00,62.809
80,04.07 08:00,75.954
80,04.07 09:00,93.192
80,04.07 10:00,106.852
80,04.07 11:00,103.714
80,04.07 12:00,100.119
80,04.07 13:00,91.28
80,04.07 14:00,87.21
80,04.07 15:00,74.22
80,04.07 16:00,57.766
80,04.07 17:00,42.997
80,04.07 18:00,26.108
80,04.07 19:00,28.822
80,04.07 20:00,29.682
80,04.07 21:00,31.264
80,04.07 22:00,30.738
80,04.07 23:00,30.627
80,05.07 00:00,31.409
80,05.07 01:00,31.487
80,05.07 02:00,30.725
80,05.07 03:00,30.327
80,05.07 04:00,29.793
80,05.07 05:00,32.629
80,05.07 06:00,42.194
80,05.07 07:00,62.869
80,05.07 08:00,77.344
80,05.07 09:00,77.248
80,05.07 10:00,93.805
80,05.07 11:00,90.78
80,05.07 12:00,90.142
80,05.07 13:00,84.067
80,05.07 14:00,81.383
80,05.07 15:00,60.166
80,05.07 16:00,53.275
80,05.07 17:00,37.955
80,05.07 18:00,27.608
80,05.07 19:00,29.67
80,05.07 20:00,30.65
80,05.07 21:00,30.964
80,05.07 22:00,31.791
80,05.07 23:00,30.294
80,06.07 00:00,32.41
80,06.07 01:00,30.444
80,06.07 02:00,30.588
80,06.07 03:00,29.646
80,06.07 04:00,29.695
80,06.07 05:00,30.517
80,06.07 06:00,37.656
80,06.07 07:00,60.064
80,06.07 08:00,65.358
80,06.07 09:00,69.354
80,06.07 10:00,85.343
80,06.07 11:00,82.362
80,06.07 12:00,80.803
80,06.07 13:00,82.476
80,06.07 14:00,79.305
80,06.07 15:00,55.962
80,06.07 16:00,44.084
80,06.07 17:00,33.184
80,06.07 18:00,27.61
80,06.07 19:00,28.927
80,06.07 20:00,30.596
80,06.07 21:00,32.327
80,06.07 22:00,30.87
80,06.07 23:00,31.108
80,07.07 00:00,33.049
80,07.07 01:00,31.657
80,07.07 02:00,30.828
80,07.07 03:00,30.576
80,07.07 04:00,30.841
80,07.07 05:00,33.33
80,07.07 06:00,44.074
80,07.07 07:00,63.822
80,07.07 08:00,76.069
80,07.07 09:00,95.989
80,07.07 10:00,99.741
80,07.07 11:00,96.473
80,07.07 12:00,97.243
80,07.07 13:00,89.99
80,07.07 14:00,93.327
80,07.07 15:00,70.664
80,07.07 16:00,54.487
80,07.07 17:00,45.43
80,07.07 18:00,32.051
80,07.07 19:00,31.44
80,07.07 20:00,29.214
80,07.07 21:00,32.384
80,07.07 22:00,32.066
80,07.07 23:00,31.074
80,08.07 00:00,32.529
80,08.07 01:00,31.195
80,08.07 02:00,30.944
80,08.07 03:00,31.085
80,08.07 04:00,30.776
80,08.07 05:00,31.715
80,08.07 06:00,40.42
80,08.07 07:00,63.875
80,08.07 08:00,74.212
80,08.07 09:00,81.136
80,08.07 10:00,94.339
80,08.07 11:00,84.394
80,08.07 12:00,88.8
80,08.07 13:00,85.123
80,08.07 14:00,80.598
80,08.07 15:00,60.437
80,08.07 16:00,40.048
80,08.07 17:00,23.498
80,08.07 18:00,25.831
80,08.07 19:00,28.217
80,08.07 20:00,29.156
80,08.07 21:00,30.832
80,08.07 22:00,31.492
80,08.07 23:00,31.788
80,09.07 00:00,31.791
80,09.07 01:00,31.004
80,09.07 02:00,31.011
80,09.07 03:00,31.094
80,09.07 04:00,30.863
80,09.07 05:00,30.538
80,09.07 06:00,29.388
80,09.07 07:00,30.011
80,09.07 08:00,28.109
80,09.07 09:00,28.024
80,09.07 10:00,27.462
80,09.07 11:00,29.224
80,09.07 12:00,27.665
80,09.07 13:00,20.437
80,09.07 14:00,20.795
80,09.07 15:00,20.533
80,09.07 16:00,19.396
80,09.07 17:00,23.642
80,09.07 18:00,27.39
80,09.07 19:00,30.048
80,09.07 20:00,29.997
80,09.07 21:00,31.248
80,09.07 22:00,31.004
80,09.07 23:00,30.797
80,10.07 00:00,31.793
80,10.07 01:00,31.904
80,10.07 02:00,30.674
80,10.07 03:00,30.794
80,10.07 04:00,30.499
80,10.07 05:00,30.756
80,10.07 06:00,30.446
80,10.07 07:00,26.594
80,10.07 08:00,23.425
80,10.07 09:00,22.911
80,10.07 10:00,21.431
80,10.07 11:00,17.947
80,10.07 12:00,17.706
80,10.07 13:00,12.472
80,10.07 14:00,18.271
80,10.07 15:00,17.768
80,10.07 16:00,17.292
80,10.07 17:00,21.592
80,10.07 18:00,22.308
80,10.07 19:00,28.993
80,10.07 20:00,29.656
80,10.07 21:00,31.975
80,10.07 22:00,31.624
80,10.07 23:00,30.203
80,11.07 00:00,32.773
80,11.07 01:00,31.203
80,11.07 02:00,31.221
80,11.07 03:00,30.119
80,11.07 04:00,30.651
80,11.07 05:00,32.785
80,11.07 06:00,44.683
80,11.07 07:00,56.732
80,11.07 08:00,57.387
80,11.07 09:00,53.203
80,11.07 10:00,54.527
80,11.07 11:00,50.498
80,11.07 12:00,46.038
80,11.07 13:00,45.063
80,11.07 14:00,42.551
80,11.07 15:00,40.285
80,11.07 16:00,30.624
80,11.07 17:00,26.562
80,11.07 18:00,28.723
80,11.07 19:00,27.252
80,11.07 20:00,29.025
80,11.07 21:00,30.049
80,11.07 22:00,31.822
80,11.07 23:00,31.123
80,12.07 00:00,32.015
80,12.07 01:00,30.719
80,12.07 02:00,31.196
80,12.07 03:00,31.201
80,12.07 04:00,30.792
80,12.07 05:00,31.134
80,12.07 06:00,35.091
80,12.07 07:00,56.374
80,12.07 08:00,66.879
80,12.07 09:00,83.183
80,12.07 10:00,97.655
80,12.07 11:00,88.116
80,12.07 12:00,83.152
80,12.07 13:00,85.888
80,12.07 14:00,82.625
80,12.07 15:00,64.372
80,12.07 16:00,51.835
80,12.07 17:00,38.036
80,12.07 18:00,26.302
80,12.07 19:00,29.23
80,12.07 20:00,30.228
80,12.07 21:00,31.812
80,12.07 22:00,32.849
80,12.07 23:00,31.338
80,13.07 00:00,32.943
80,13.07 01:00,31.892
80,13.07 02:00,31.523
80,13.07 03:00,31.502
80,13.07 04:00,31.196
80,13.07 05:00,33.085
80,13.07 06:00,43.861
80,13.07 07:00,67.897
80,13.07 08:00,69.428
80,13.07 09:00,82.996
80,13.07 10:00,98.046
80,13.07 11:00,97.116
80,13.07 12:00,106.108
80,13.07 13:00,92.356
80,13.07 14:00,85.998
80,13.07 15:00,67.384
80,13.07 16:00,50.064
80,13.07 17:00,40.502
80,13.07 18:00,32.347
80,13.07 19:00,34.066
80,13.07 20:00,34.965
80,13.07 21:00,32.565
80,13.07 22:00,32.218
80,13.07 23:00,32.139
80,14.07 00:00,32.351
80,14.07 01:00,31.808
80,14.07 02:00,31.104
80,14.07 03:00,32.935
80,14.07 04:00,36.408
80,14.07 05:00,35.324
80,14.07 06:00,41.372
80,14.07 07:00,59.473
80,14.07 08:00,66.201
80,14.07 09:00,76.944
80,14.07 10:00,87.238
80,14.07 11:00,84.472
80,14.07 12:00,87.284
80,14.07 13:00,81.276
80,14.07 14:00,75.859
80,14.07 15:00,54.342
80,14.07 16:00,50.567
80,14.07 17:00,39.104
80,14.07 18:00,35.12
80,14.07 19:00,39.96
80,14.07 20:00,42.814
80,14.07 21:00,34.249
80,14.07 22:00,32.596
80,14.07 23:00,31.415
80,15.07 00:00,32.86
80,15.07 01:00,31.364
80,15.07 02:00,31.407
80,15.07 03:00,30.48
80,15.07 04:00,31.194
80,15.07 05:00,33.253
80,15.07 06:00,46.643
80,15.07 07:00,70.233
80,15.07 08:00,83.586
80,15.07 09:00,97.845
80,15.07 10:00,110.665
80,15.07 11:00,104.459
80,15.07 12:00,114.122
80,15.07 13:00,94.839
80,15.07 14:00,91.07
80,15.07 15:00,64.465
80,15.07 16:00,46.224
80,15.07 17:00,28.062
80,15.07 18:00,25.988
80,15.07 19:00,28.155
80,15.07 20:00,30.702
80,15.07 21:00,30.764
80,15.07 22:00,30.761
80,15.07 23:00,30.258
80,16.07 00:00,32.067
80,16.07 01:00,30.14
80,16.07 02:00,29.946
80,16.07 03:00,29.901
80,16.07 04:00,31.59
80,16.07 05:00,29.491
80,16.07 06:00,28.943
80,16.07 07:00,27.794
80,16.07 08:00,27.972
80,16.07 09:00,26.568
80,16.07 10:00,26.102
80,16.07 11:00,26.517
80,16.07 12:00,26.614
80,16.07 13:00,25.922
80,16.07 14:00,25.94
80,16.07 15:00,26.769
80,16.07 16:00,26.91
80,16.07 17:00,27.692
80,16.07 18:00,28.679
80,16.07 19:00,28.388
80,16.07 20:00,29.827
80,16.07 21:00,31.32
80,16.07 22:00,30.72
80,16.07 23:00,30.575
80,17.07 00:00,31.844
80,17.07 01:00,30.257
80,17.07 02:00,30.219
80,17.07 03:00,30.467
80,17.07 04:00,29.825
80,17.07 05:00,30.989
80,17.07 06:00,27.78
80,17.07 07:00,27.343
80,17.07 08:00,26.484
80,17.07 09:00,26.458
80,17.07 10:00,25.641
80,17.07 11:00,24.084
80,17.07 12:00,25.252
80,17.07 13:00,20.925
80,17.07 14:00,19.136
80,17.07 15:00,23.483
80,17.07 16:00,20.494
80,17.07 17:00,24.501
80,17.07 18:00,24.796
80,17.07 19:00,27.19
80,17.07 20:00,29.324
80,17.07 21:00,30.57
80,17.07 22:00,30.834
80,17.07 23:00,30.254
80,18.07 00:00,33.203
80,18.07 01:00,30.268
80,18.07 02:00,30.739
80,18.07 03:00,30.054
80,18.07 04:00,29.652
80,18.07 05:00,31.015
80,18.07 06:00,41.176
80,18.07 07:00,59.98
80,18.07 08:00,65.447
80,18.07 09:00,64.183
80,18.07 10:00,71.125
80,18.07 11:00,61.137
80,18.07 12:00,65.565
80,18.07 13:00,57.809
80,18.07 14:00,57.342
80,18.07 15:00,51.042
80,18.07 16:00,42.378
80,18.07 17:00,28.667
80,18.07 18:00,27.669
80,18.07 19:00,31.082
80,18.07 20:00,34.212
80,18.07 21:00,33.478
80,18.07 22:00,34.247
80,18.07 23:00,35.438
80,19.07 00:00,32.563
80,19.07 01:00,34.591
80,19.07 02:00,33.606
80,19.07 03:00,34.839
80,19.07 04:00,38.34
80,19.07 05:00,40.962
80,19.07 06:00,47.177
80,19.07 07:00,61.477
80,19.07 08:00,71.151
80,19.07 09:00,79.552
80,19.07 10:00,85.317
80,19.07 11:00,81.359
80,19.07 12:00,80.453
80,19.07 13:00,76.198
80,19.07 14:00,72.454
80,19.07 15:00,47.955
80,19.07 16:00,33.891
80,19.07 17:00,23.301
80,19.07 18:00,25.417
80,19.07 19:00,27.088
80,19.07 20:00,29.295
80,19.07 21:00,29.864
80,19.07 22:00,30.703
80,19.07 23:00,30.685
80,20.07 00:00,28.117
80,20.07 01:00,29.434
80,20.07 02:00,29.608
80,20.07 03:00,28.427
80,20.07 04:00,29.706
80,20.07 05:00,30.066
80,20.07 06:00,32.445
80,20.07 07:00,30.918
80,20.07 08:00,26.106
80,20.07 09:00,25.804
80,20.07 10:00,20.852
80,20.07 11:00,25.387
80,20.07 12:00,26.934
80,20.07 13:00,25.46
80,20.07 14:00,24.247
80,20.07 15:00,19.478
80,20.07 16:00,17.266
80,20.07 17:00,17.101
80,20.07 18:00,19.581
80,20.07 19:00,25.18
80,20.07 20:00,28.79
80,20.07 21:00,25.879
80,20.07 22:00,25.934
80,20.07 23:00,25.25
80,21.07 00:00,25.778
80,21.07 01:00,25.219
80,21.07 02:00,24.594
80,21.07 03:00,24.526
80,21.07 04:00,24.949
80,21.07 05:00,27.261
80,21.07 06:00,27.578
80,21.07 07:00,24.685
80,21.07 08:00,25.813
80,21.07 09:00,25.907
80,21.07 10:00,25.826
80,21.07 11:00,23.526
80,21.07 12:00,20.103
80,21.07 13:00,23.161
80,21.07 14:00,27.401
80,21.07 15:00,18.043
80,21.07 16:00,22.071
80,21.07 17:00,20.883
80,21.07 18:00,21.736
80,21.07 19:00,23.857
80,21.07 20:00,23.594
80,21.07 21:00,25.954
80,21.07 22:00,25.405
80,21.07 23:00,25.29
80,22.07 00:00,25.042
80,22.07 01:00,25.194
80,22.07 02:00,24.589
80,22.07 03:00,25.205
80,22.07 04:00,24.678
80,22.07 05:00,24.479
80,22.07 06:00,23.655
80,22.07 07:00,21.933
80,22.07 08:00,18.826
80,22.07 09:00,16.874
80,22.07 10:00,22.208
80,22.07 11:00,16.401
80,22.07 12:00,20.066
80,22.07 13:00,11.504
80,22.07 14:00,17.877
80,22.07 15:00,15.551
80,22.07 16:00,14.806
80,22.07 17:00,20.243
80,22.07 18:00,22.778
80,22.07 19:00,22.737
80,22.07 20:00,24.506
80,22.07 21:00,25.643
80,22.07 22:00,25.825
80,22.07 23:00,25.677
80,23.07 00:00,25.5
80,23.07 01:00,25.391
80,23.07 02:00,25.376
80,23.07 03:00,24.631
80,23.07 04:00,24.975
80,23.07 05:00,24.551
80,23.07 06:00,23.835
80,23.07 07:00,22.269
80,23.07 08:00,19.182
80,23.07 09:00,16.448
80,23.07 10:00,15.207
80,23.07 11:00,8.384
80,23.07 12:00,8.903
80,23.07 13:00,6.992
80,23.07 14:00,8.47
80,23.07 15:00,7.818
80,23.07 16:00,10.735
80,23.07 17:00,19.736
80,23.07 18:00,21.081
80,23.07 19:00,22.03
80,23.07 20:00,23.744
80,23.07 21:00,25.667
80,23.07 22:00,26.03
80,23.07 23:00,24.463
80,24.07 00:00,25.052
80,24.07 01:00,25.185
80,24.07 02:00,25.743
80,24.07 03:00,24.295
80,24.07 04:00,24.507
80,24.07 05:00,24.369
80,24.07 06:00,23.781
80,24.07 07:00,21.554
80,24.07 08:00,19.071
80,24.07 09:00,19.583
80,24.07 10:00,18.471
80,24.07 11:00,20.602
80,24.07 12:00,18.52
80,24.07 13:00,19.518
80,24.07 14:00,20.213
80,24.07 15:00,20.497
80,24.07 16:00,19.982
80,24.07 17:00,19.258
80,24.07 18:00,21.956
80,24.07 19:00,23.447
80,24.07 20:00,24.598
80,24.07 21:00,25.381
80,24.07 22:00,25.217
80,24.07 23:00,24.798
80,25.07 00:00,27.704
80,25.07 01:00,25.718
80,25.07 02:00,24.611
80,25.07 03:00,23.99
80,25.07 04:00,24.506
80,25.07 05:00,26.273
80,25.07 06:00,27.964
80,25.07 07:00,24.999
80,25.07 08:00,23.313
80,25.07 09:00,23.115
80,25.07 10:00,26.847
80,25.07 11:00,29.204
80,25.07 12:00,27.881
80,25.07 13:00,23.489
80,25.07 14:00,24.194
80,25.07 15:00,26.598
80,25.07 16:00,24.173
80,25.07 17:00,21.977
80,25.07 18:00,26.444
80,25.07 19:00,28.135
80,25.07 20:00,31.132
80,25.07 21:00,29.254
80,25.07 22:00,29.796
80,25.07 23:00,29.072
80,26.07 00:00,31.654
80,26.07 01:00,29.657
80,26.07 02:00,28.788
80,26.07 03:00,29.014
80,26.07 04:00,28.84
80,26.07 05:00,29.523
80,26.07 06:00,28.744
80,26.07 07:00,26.97
80,26.07 08:00,29.626
80,26.07 09:00,25.632
80,26.07 10:00,27.626
80,26.07 11:00,26.294
80,26.07 12:00,26.214
80,26.07 13:00,27.966
80,26.07 14:00,28.612
80,26.07 15:00,29.112
80,26.07 16:00,30.678
80,26.07 17:00,28.92
80,26.07 18:00,30.053
80,26.07 19:00,29.468
80,26.07 20:00,29.208
80,26.07 21:00,29.769
80,26.07 22:00,30.714
80,26.07 23:00,30.665
80,27.07 00:00,29.708
80,27.07 01:00,29.888
80,27.07 02:00,29.792
80,27.07 03:00,30.363
80,27.07 04:00,29.596
80,27.07 05:00,31.888
80,27.07 06:00,32.769
80,27.07 07:00,32.96
80,27.07 08:00,29.493
80,27.07 09:00,27.003
80,27.07 10:00,28.073
80,27.07 11:00,26.598
80,27.07 12:00,25.091
80,27.07 13:00,26.609
80,27.07 14:00,25.718
80,27.07 15:00,19.366
80,27.07 16:00,17.846
80,27.07 17:00,19.37
80,27.07 18:00,25.082
80,27.07 19:00,30.644
80,27.07 20:00,33.601
80,27.07 21:00,29.033
80,27.07 22:00,28.082
80,27.07 23:00,28.006
80,28.07 00:00,26.233
80,28.07 01:00,26.975
80,28.07 02:00,27.535
80,28.07 03:00,26.98
80,28.07 04:00,28.365
80,28.07 05:00,26.409
80,28.07 06:00,25.918
80,28.07 07:00,26.13
80,28.07 08:00,26.434
80,28.07 09:00,26.689
80,28.07 10:00,25.477
80,28.07 11:00,25.15
80,28.07 12:00,27.97
80,28.07 13:00,21.157
80,28.07 14:00,19.206
80,28.07 15:00,18.706
80,28.07 16:00,17.262
80,28.07 17:00,19.24
80,28.07 18:00,20.051
80,28.07 19:00,22.011
80,28.07 20:00,24.192
80,28.07 21:00,24.659
80,28.07 22:00,24.904
80,28.07 23:00,24.625
80,29.07 00:00,24.459
80,29.07 01:00,24.909
80,29.07 02:00,24.222
80,29.07 03:00,24.124
80,29.07 04:00,23.819
80,29.07 05:00,26.916
80,29.07 06:00,27.944
80,29.07 07:00,26.759
80,29.07 08:00,27.977
80,29.07 09:00,28.535
80,29.07 10:00,26.073
80,29.07 11:00,22.301
80,29.07 12:00,18.177
80,29.07 13:00,15.741
80,29.07 14:00,14.938
80,29.07 15:00,16.568
80,29.07 16:00,17.763
80,29.07 17:00,20.939
80,29.07 18:00,20.687
80,29.07 19:00,22.396
80,29.07 20:00,22.828
80,29.07 21:00,25.207
80,29.07 22:00,24.796
80,29.07 23:00,24.167
80,30.07 00:00,23.985
80,30.07 01:00,24.903
80,30.07 02:00,24.386
80,30.07 03:00,24.116
80,30.07 04:00,23.939
80,30.07 05:00,23.881
80,30.07 06:00,22.914
80,30.07 07:00,19.709
80,30.07 08:00,16.057
80,30.07 09:00,10.409
80,30.07 10:00,9.319
80,30.07 11:00,11.89
80,30.07 12:00,15.373
80,30.07 13:00,17.91
80,30.07 14:00,19.593
80,30.07 15:00,17.953
80,30.07 16:00,17.26
80,30.07 17:00,17.614
80,30.07 18:00,21.098
80,30.07 19:00,22.02
80,30.07 20:00,23.168
80,30.07 21:00,24.752
80,30.07 22:00,24.517
80,30.07 23:00,24.193
80,31.07 00:00,24.819
80,31.07 01:00,23.844
80,31.07 02:00,24.117
80,31.07 03:00,23.736
80,31.07 04:00,23.994
80,31.07 05:00,23.688
80,31.07 06:00,21.449
80,31.07 07:00,18.864
80,31.07 08:00,14.38
80,31.07 09:00,10.59
80,31.07 10:00,9.396
80,31.07 11:00,7.672
80,31.07 12:00,10.932
80,31.07 13:00,9.321
80,31.07 14:00,9.903
80,31.07 15:00,10.125
80,31.07 16:00,13.723
80,31.07 17:00,14.424
80,31.07 18:00,18.369
80,31.07 19:00,21.588
80,31.07 20:00,23.378
80,31.07 21:00,26.24
80,31.07 22:00,24.705
80,31.07 23:00,24.488
80,01.08 00:00,24.807
80,01.08 01:00,24.318
80,01.08 02:00,24.188
80,01.08 03:00,24.52
80,01.08 04:00,23.642
80,01.08 05:00,23.986
80,01.08 06:00,23.265
80,01.08 07:00,23.561
80,01.08 08:00,23.601
80,01.08 09:00,21.917
80,01.08 10:00,23.138
80,01.08 11:00,21.619
80,01.08 12:00,22.297
80,01.08 13:00,23.329
80,01.08 14:00,22.239
80,01.08 15:00,22.585
80,01.08 16:00,23.385
80,01.08 17:00,24.688
80,01.08 18:00,23.997
80,01.08 19:00,25.326
80,01.08 20:00,24.613
80,01.08 21:00,24.783
80,01.08 22:00,24.522
80,01.08 23:00,24.591
80,02.08 00:00,24.761
80,02.08 01:00,24.405
80,02.08 02:00,24.2
80,02.08 03:00,24.424
80,02.08 04:00,24.376
80,02.08 05:00,26.939
80,02.08 06:00,28.408
80,02.08 07:00,27.576
80,02.08 08:00,28.251
80,02.08 09:00,27.915
80,02.08 10:00,27.667
80,02.08 11:00,26.939
80,02.08 12:00,26.229
80,02.08 13:00,26.571
80,02.08 14:00,26.089
80,02.08 15:00,25.409
80,02.08 16:00,24.388
80,02.08 17:00,22.389
80,02.08 18:00,21.983
80,02.08 19:00,23.798
80,02.08 20:00,24.542
80,02.08 21:00,24.584
80,02.08 22:00,24.802
80,02.08 23:00,24.248
80,03.08 00:00,25.68
80,03.08 01:00,24.089
80,03.08 02:00,23.911
80,03.08 03:00,23.711
80,03.08 04:00,24.658
80,03.08 05:00,24.163
80,03.08 06:00,24.493
80,03.08 07:00,22.59
80,03.08 08:00,20.748
80,03.08 09:00,18.614
80,03.08 10:00,18.387
80,03.08 11:00,15.893
80,03.08 12:00,18.647
80,03.08 13:00,16.277
80,03.08 14:00,15.591
80,03.08 15:00,18.053
80,03.08 16:00,17.482
80,03.08 17:00,18.272
80,03.08 18:00,21.463
80,03.08 19:00,25.125
80,03.08 20:00,26.332
80,03.08 21:00,24.411
80,03.08 22:00,24.543
80,03.08 23:00,23.899
80,04.08 00:00,24.724
80,04.08 01:00,25.406
80,04.08 02:00,23.569
80,04.08 03:00,23.515
80,04.08 04:00,23.297
80,04.08 05:00,26.694
80,04.08 06:00,28.366
80,04.08 07:00,26.815
80,04.08 08:00,26.954
80,04.08 09:00,21.158
80,04.08 10:00,19.049
80,04.08 11:00,16.681
80,04.08 12:00,19.947
80,04.08 13:00,14.214
80,04.08 14:00,15.672
80,04.08 15:00,13.843
80,04.08 16:00,13.445
80,04.08 17:00,19.111
80,04.08 18:00,20.483
80,04.08 19:00,23.058
80,04.08 20:00,23.08
80,04.08 21:00,23.954
80,04.08 22:00,24.677
80,04.08 23:00,24.063
80,05.08 00:00,24.514
80,05.08 01:00,23.615
80,05.08 02:00,23.674
80,05.08 03:00,24.504
80,05.08 04:00,23.637
80,05.08 05:00,23.355
80,05.08 06:00,22.701
80,05.08 07:00,20.031
80,05.08 08:00,20.043
80,05.08 09:00,19.381
80,05.08 10:00,17.721
80,05.08 11:00,17.329
80,05.08 12:00,14.533
80,05.08 13:00,13.957
80,05.08 14:00,10.996
80,05.08 15:00,9.359
80,05.08 16:00,12.121
80,05.08 17:00,14.529
80,05.08 18:00,18.069
80,05.08 19:00,21.873
80,05.08 20:00,22.838
80,05.08 21:00,24.492
80,05.08 22:00,24.781
80,05.08 23:00,23.599
80,06.08 00:00,24.678
80,06.08 01:00,24.072
80,06.08 02:00,23.522
80,06.08 03:00,23.994
80,06.08 04:00,23.356
80,06.08 05:00,23.493
80,06.08 06:00,21.845
80,06.08 07:00,18.36
80,06.08 08:00,14.333
80,06.08 09:00,12.995
80,06.08 10:00,13.028
80,06.08 11:00,8.231
80,06.08 12:00,6.913
80,06.08 13:00,5.904
80,06.08 14:00,7.368
80,06.08 15:00,9.663
80,06.08 16:00,13.839
80,06.08 17:00,20.119
80,06.08 18:00,21.242
80,06.08 19:00,23.094
80,06.08 20:00,23.979
80,06.08 21:00,24.533
80,06.08 22:00,23.988
80,06.08 23:00,24.209
80,07.08 00:00,24.582
80,07.08 01:00,24.307
80,07.08 02:00,23.912
80,07.08 03:00,23.935
80,07.08 04:00,23.409
80,07.08 05:00,24.499
80,07.08 06:00,23.038
80,07.08 07:00,20.053
80,07.08 08:00,15.868
80,07.08 09:00,11.804
80,07.08 10:00,10.662
80,07.08 11:00,10.171
80,07.08 12:00,12.471
80,07.08 13:00,8.666
80,07.08 14:00,11.819
80,07.08 15:00,14.927
80,07.08 16:00,13.967
80,07.08 17:00,17.098
80,07.08 18:00,20.069
80,07.08 19:00,21.746
80,07.08 20:00,22.767
80,07.08 21:00,24.782
80,07.08 22:00,24.641
80,07.08 23:00,24.077
80,08.08 00:00,23.973
80,08.08 01:00,24.515
80,08.08 02:00,24.109
80,08.08 03:00,23.15
80,08.08 04:00,23.713
80,08.08 05:00,25.931
80,08.08 06:00,27.406
80,08.08 07:00,25.049
80,08.08 08:00,25.222
80,08.08 09:00,25.51
80,08.08 10:00,17.865
80,08.08 11:00,17.404
80,08.08 12:00,13.683
80,08.08 13:00,19.912
80,08.08 14:00,27.286
80,08.08 15:00,21.2
80,08.08 16:00,13.39
80,08.08 17:00,18.712
80,08.08 18:00,20.679
80,08.08 19:00,21.671
80,08.08 20:00,23.542
80,08.08 21:00,24.309
80,08.08 22:00,25.257
80,08.08 23:00,23.53
80,09.08 00:00,24.764
80,09.08 01:00,24.068
80,09.08 02:00,24.744
80,09.08 03:00,23.071
80,09.08 04:00,23.146
80,09.08 05:00,23.371
80,09.08 06:00,25.498
80,09.08 07:00,22.877
80,09.08 08:00,17.828
80,09.08 09:00,13.258
80,09.08 10:00,10.779
80,09.08 11:00,17.243
80,09.08 12:00,16.09
80,09.08 13:00,14.103
80,09.08 14:00,10.914
80,09.08 15:00,15.926
80,09.08 16:00,17.937
80,09.08 17:00,16.179
80,09.08 18:00,17.712
80,09.08 19:00,21.876
80,09.08 20:00,23.205
80,09.08 21:00,23.614
80,09.08 22:00,23.902
80,09.08 23:00,22.923
80,10.08 00:00,24.553
80,10.08 01:00,23.811
80,10.08 02:00,23.367
80,10.08 03:00,23.103
80,10.08 04:00,23.932
80,10.08 05:00,25.786
80,10.08 06:00,28.943
80,10.08 07:00,25.862
80,10.08 08:00,23.387
80,10.08 09:00,25.23
80,10.08 10:00,25.751
80,10.08 11:00,28.371
80,10.08 12:00,28.658
80,10.08 13:00,23.555
80,10.08 14:00,21.512
80,10.08 15:00,20.221
80,10.08 16:00,19.937
80,10.08 17:00,18.208
80,10.08 18:00,20.407
80,10.08 19:00,21.437
80,10.08 20:00,22.843
80,10.08 21:00,24.211
80,10.08 22:00,24.221
80,10.08 23:00,23.613
80,11.08 00:00,23.882
80,11.08 01:00,23.966
80,11.08 02:00,23.729
80,11.08 03:00,22.551
80,11.08 04:00,23.498
80,11.08 05:00,23.387
80,11.08 06:00,23.461
80,11.08 07:00,22.613
80,11.08 08:00,21.788
80,11.08 09:00,21.923
80,11.08 10:00,24.441
80,11.08 11:00,15.674
80,11.08 12:00,17.333
80,11.08 13:00,19.317
80,11.08 14:00,22.197
80,11.08 15:00,23.807
80,11.08 16:00,22.275
80,11.08 17:00,21.461
80,11.08 18:00,21.621
80,11.08 19:00,22.37
80,11.08 20:00,24.189
80,11.08 21:00,24.756
80,11.08 22:00,24.594
80,11.08 23:00,24.478
80,12.08 00:00,24.483
80,12.08 01:00,23.965
80,12.08 02:00,24.231
80,12.08 03:00,23.939
80,12.08 04:00,23.933
80,12.08 05:00,26.387
80,12.08 06:00,27.562
80,12.08 07:00,28.02
80,12.08 08:00,24.358
80,12.08 09:00,21.537
80,12.08 10:00,19.192
80,12.08 11:00,23.509
80,12.08 12:00,26.927
80,12.08 13:00,25.725
80,12.08 14:00,25.981
80,12.08 15:00,20.087
80,12.08 16:00,18.495
80,12.08 17:00,17.797
80,12.08 18:00,20.941
80,12.08 19:00,22.675
80,12.08 20:00,24.443
80,12.08 21:00,24.249
80,12.08 22:00,25.003
80,12.08 23:00,24.58
80,13.08 00:00,24.802
80,13.08 01:00,24.4
80,13.08 02:00,24.078
80,13.08 03:00,24.354
80,13.08 04:00,24.562
80,13.08 05:00,23.787
80,13.08 06:00,23.291
80,13.08 07:00,22.973
80,13.08 08:00,21.227
80,13.08 09:00,17.219
80,13.08 10:00,13.646
80,13.08 11:00,9.715
80,13.08 12:00,6.882
80,13.08 13:00,7.094
80,13.08 14:00,6.991
80,13.08 15:00,8.877
80,13.08 16:00,12.448
80,13.08 17:00,15.492
80,13.08 18:00,19.534
80,13.08 19:00,23.097
80,13.08 20:00,23.774
80,13.08 21:00,26.113
80,13.08 22:00,24.18
80,13.08 23:00,24.207
80,14.08 00:00,24.03
80,14.08 01:00,24.685
80,14.08 02:00,24.629
80,14.08 03:00,23.767
80,14.08 04:00,23.865
80,14.08 05:00,23.522
80,14.08 06:00,24.067
80,14.08 07:00,22.286
80,14.08 08:00,19.93
80,14.08 09:00,17.891
80,14.08 10:00,15.975
80,14.08 11:00,18.33
80,14.08 12:00,19.177
80,14.08 13:00,17.322
80,14.08 14:00,16.52
80,14.08 15:00,17.251
80,14.08 16:00,17.765
80,14.08 17:00,19.933
80,14.08 18:00,19.75
80,14.08 19:00,23.491
80,14.08 20:00,23.994
80,14.08 21:00,24.15
80,14.08 22:00,25.518
80,14.08 23:00,24.094
80,15.08 00:00,24.652
80,15.08 01:00,24.488
80,15.08 02:00,23.969
80,15.08 03:00,24.106
80,15.08 04:00,23.771
80,15.08 05:00,24.678
80,15.08 06:00,24.382
80,15.08 07:00,23.389
80,15.08 08:00,17.567
80,15.08 09:00,15.536
80,15.08 10:00,12.705
80,15.08 11:00,11.917
80,15.08 12:00,9.634
80,15.08 13:00,9.705
80,15.08 14:00,12.256
80,15.08 15:00,12.501
80,15.08 16:00,15.245
80,15.08 17:00,16.97
80,15.08 18:00,20.346
80,15.08 19:00,22.243
80,15.08 20:00,24.316
80,15.08 21:00,25.297
80,15.08 22:00,24.787
80,15.08 23:00,24.612
80,16.08 00:00,24.69
80,16.08 01:00,25.05
80,16.08 02:00,24.107
80,16.08 03:00,24.462
80,16.08 04:00,24.223
80,16.08 05:00,26.889
80,16.08 06:00,28.379
80,16.08 07:00,25.09
80,16.08 08:00,22.575
80,16.08 09:00,21.369
80,16.08 10:00,17.25
80,16.08 11:00,15.364
80,16.08 12:00,15.635
80,16.08 13:00,16.441
80,16.08 14:00,17.969
80,16.08 15:00,13.01
80,16.08 16:00,14.05
80,16.08 17:00,15.718
80,16.08 18:00,19.19
80,16.08 19:00,22.473
80,16.08 20:00,22.593
80,16.08 21:00,24.088
80,16.08 22:00,24.182
80,16.08 23:00,23.685
80,17.08 00:00,24.417
80,17.08 01:00,23.301
80,17.08 02:00,23.928
80,17.08 03:00,23.65
80,17.08 04:00,23.81
80,17.08 05:00,23.396
80,17.08 06:00,22.948
80,17.08 07:00,20.49
80,17.08 08:00,18.724
80,17.08 09:00,17.164
80,17.08 10:00,17.011
80,17.08 11:00,15.247
80,17.08 12:00,13.643
80,17.08 13:00,14.116
80,17.08 14:00,18.846
80,17.08 15:00,24.66
80,17.08 16:00,19.949
80,17.08 17:00,21.461
80,17.08 18:00,23.2
80,17.08 19:00,24.479
80,17.08 20:00,23.512
80,17.08 21:00,23.802
80,17.08 22:00,24.159
80,17.08 23:00,22.838
80,18.08 00:00,24.437
80,18.08 01:00,23.144
80,18.08 02:00,22.999
80,18.08 03:00,23.05
80,18.08 04:00,23.361
80,18.08 05:00,25.465
80,18.08 06:00,29.09
80,18.08 07:00,34.009
80,18.08 08:00,32.931
80,18.08 09:00,30.529
80,18.08 10:00,26.078
80,18.08 11:00,32.523
80,18.08 12:00,29.776
80,18.08 13:00,28.68
80,18.08 14:00,31.287
80,18.08 15:00,19.969
80,18.08 16:00,17.659
80,18.08 17:00,21.626
80,18.08 18:00,24.393
80,18.08 19:00,29.533
80,18.08 20:00,28.943
80,18.08 21:00,25.716
80,18.08 22:00,25.944
80,18.08 23:00,24.957
80,19.08 00:00,25.144
80,19.08 01:00,25.187
80,19.08 02:00,24.585
80,19.08 03:00,25.036
80,19.08 04:00,24.302
80,19.08 05:00,24.564
80,19.08 06:00,25.059
80,19.08 07:00,24.838
80,19.08 08:00,25.235
80,19.08 09:00,25.307
80,19.08 10:00,24.906
80,19.08 11:00,30.956
80,19.08 12:00,31.655
80,19.08 13:00,26.868
80,19.08 14:00,24.957
80,19.08 15:00,16.319
80,19.08 16:00,19.523
80,19.08 17:00,21.43
80,19.08 18:00,21.637
80,19.08 19:00,24.473
80,19.08 20:00,24.996
80,19.08 21:00,25.084
80,19.08 22:00,25.748
80,19.08 23:00,24.683
80,20.08 00:00,25.438
80,20.08 01:00,24.787
80,20.08 02:00,25.375
80,20.08 03:00,25.094
80,20.08 04:00,24.145
80,20.08 05:00,24.307
80,20.08 06:00,24.508
80,20.08 07:00,23.308
80,20.08 08:00,21.157
80,20.08 09:00,20.941
80,20.08 10:00,14.577
80,20.08 11:00,18.324
80,20.08 12:00,19.739
80,20.08 13:00,18.926
80,20.08 14:00,19.465
80,20.08 15:00,22.292
80,20.08 16:00,19.877
80,20.08 17:00,22.016
80,20.08 18:00,22.993
80,20.08 19:00,24.772
80,20.08 20:00,24.693
80,20.08 21:00,25.206
80,20.08 22:00,24.98
80,20.08 23:00,25.404
80,21.08 00:00,24.964
80,21.08 01:00,25.901
80,21.08 02:00,24.708
80,21.08 03:00,25.549
80,21.08 04:00,24.269
80,21.08 05:00,23.989
80,21.08 06:00,24.459
80,21.08 07:00,23.484
80,21.08 08:00,21.548
80,21.08 09:00,18.354
80,21.08 10:00,14.861
80,21.08 11:00,12.418
80,21.08 12:00,11.491
80,21.08 13:00,16.189
80,21.08 14:00,18.784
80,21.08 15:00,20.518
80,21.08 16:00,21.443
80,21.08 17:00,21.837
80,21.08 18:00,23.545
80,21.08 19:00,24.365
80,21.08 20:00,25.14
80,21.08 21:00,25.547
80,21.08 22:00,25.32
80,21.08 23:00,26.074
80,22.08 00:00,25.28
80,22.08 01:00,25.331
80,22.08 02:00,24.291
80,22.08 03:00,24.072
80,22.08 04:00,24.988
80,22.08 05:00,27.111
80,22.08 06:00,29.174
80,22.08 07:00,29.283
80,22.08 08:00,29.805
80,22.08 09:00,29.425
80,22.08 10:00,26.619
80,22.08 11:00,35.965
80,22.08 12:00,34.691
80,22.08 13:00,33.16
80,22.08 14:00,29.936
80,22.08 15:00,24.065
80,22.08 16:00,23.38
80,22.08 17:00,22.806
80,22.08 18:00,23.812
80,22.08 19:00,24.316
80,22.08 20:00,24.522
80,22.08 21:00,26.752
80,22.08 22:00,25.175
80,22.08 23:00,24.647
80,23.08 00:00,24.786
80,23.08 01:00,25.625
80,23.08 02:00,24.587
80,23.08 03:00,24.431
80,23.08 04:00,25.47
80,23.08 05:00,24.589
80,23.08 06:00,25.39
80,23.08 07:00,23.755
80,23.08 08:00,19.862
80,23.08 09:00,15.668
80,23.08 10:00,15.255
80,23.08 11:00,18.92
80,23.08 12:00,19.955
80,23.08 13:00,17.111
80,23.08 14:00,14.738
80,23.08 15:00,15.659
80,23.08 16:00,16.934
80,23.08 17:00,18.039
80,23.08 18:00,22.028
80,23.08 19:00,26.894
80,23.08 20:00,27.981
80,23.08 21:00,24.917
80,23.08 22:00,24.09
80,23.08 23:00,22.952
80,24.08 00:00,23.916
80,24.08 01:00,23.264
80,24.08 02:00,23.743
80,24.08 03:00,22.966
80,24.08 04:00,23.084
80,24.08 05:00,25.528
80,24.08 06:00,28.512
80,24.08 07:00,25.971
80,24.08 08:00,26.387
80,24.08 09:00,28.398
80,24.08 10:00,33.508
80,24.08 11:00,35.682
80,24.08 12:00,38.778
80,24.08 13:00,32.923
80,24.08 14:00,37.923
80,24.08 15:00,33.227
80,24.08 16:00,23.507
80,24.08 17:00,22.822
80,24.08 18:00,23.611
80,24.08 19:00,23.09
80,24.08 20:00,25.192
80,24.08 21:00,24.859
80,24.08 22:00,26.381
80,24.08 23:00,24.787
80,25.08 00:00,25.322
80,25.08 01:00,24.255
80,25.08 02:00,24.392
80,25.08 03:00,24.795
80,25.08 04:00,23.905
80,25.08 05:00,25.075
80,25.08 06:00,24.319
80,25.08 07:00,29.062
80,25.08 08:00,28.756
80,25.08 09:00,30.431
80,25.08 10:00,36.449
80,25.08 11:00,42.43
80,25.08 12:00,38.923
80,25.08 13:00,34.434
80,25.08 14:00,27.174
80,25.08 15:00,23.793
80,25.08 16:00,24.92
80,25.08 17:00,23.292
80,25.08 18:00,24.923
80,25.08 19:00,28.806
80,25.08 20:00,28.142
80,25.08 21:00,24.485
80,25.08 22:00,24.721
80,25.08 23:00,23.668
80,26.08 00:00,24.544
80,26.08 01:00,24.547
80,26.08 02:00,23.616
80,26.08 03:00,23.311
80,26.08 04:00,24.003
80,26.08 05:00,25.292
80,26.08 06:00,28.988
80,26.08 07:00,25.128
80,26.08 08:00,23.237
80,26.08 09:00,20.072
80,26.08 10:00,23.249
80,26.08 11:00,29.499
80,26.08 12:00,27.365
80,26.08 13:00,19.879
80,26.08 14:00,16.485
80,26.08 15:00,12.258
80,26.08 16:00,13.814
80,26.08 17:00,16.477
80,26.08 18:00,20.991
80,26.08 19:00,22.483
80,26.08 20:00,23.323
80,26.08 21:00,23.857
80,26.08 22:00,25.433
80,26.08 23:00,23.212
80,27.08 00:00,23.469
80,27.08 01:00,23.594
80,27.08 02:00,23.364
80,27.08 03:00,23.224
80,27.08 04:00,22.638
80,27.08 05:00,22.759
80,27.08 06:00,23.533
80,27.08 07:00,21.251
80,27.08 08:00,20.44
80,27.08 09:00,19.24
80,27.08 10:00,16.675
80,27.08 11:00,14.828
80,27.08 12:00,11.627
80,27.08 13:00,14.36
80,27.08 14:00,17.036
80,27.08 15:00,18.578
80,27.08 16:00,20.704
80,27.08 17:00,22.046
80,27.08 18:00,21.745
80,27.08 19:00,23.283
80,27.08 20:00,23.865
80,27.08 21:00,24.295
80,27.08 22:00,23.628
80,27.08 23:00,23.287
80,28.08 00:00,23.548
80,28.08 01:00,24.216
80,28.08 02:00,23.206
80,28.08 03:00,22.739
80,28.08 04:00,22.517
80,28.08 05:00,23.488
80,28.08 06:00,22.193
80,28.08 07:00,21.245
80,28.08 08:00,19.68
80,28.08 09:00,17.522
80,28.08 10:00,12.234
80,28.08 11:00,11.789
80,28.08 12:00,14.65
80,28.08 13:00,18.232
80,28.08 14:00,10.555
80,28.08 15:00,16.419
80,28.08 16:00,13.038
80,28.08 17:00,18.631
80,28.08 18:00,19.312
80,28.08 19:00,22.113
80,28.08 20:00,23.241
80,28.08 21:00,23.362
80,28.08 22:00,23.786
80,28.08 23:00,23.053
80,29.08 00:00,23.886
80,29.08 01:00,22.697
80,29.08 02:00,23.99
80,29.08 03:00,22.397
80,29.08 04:00,22.877
80,29.08 05:00,23.164
80,29.08 06:00,23.285
80,29.08 07:00,20.51
80,29.08 08:00,16.545
80,29.08 09:00,12.347
80,29.08 10:00,11.301
80,29.08 11:00,8.992
80,29.08 12:00,10.733
80,29.08 13:00,9.41
80,29.08 14:00,11.409
80,29.08 15:00,12.624
80,29.08 16:00,14.718
80,29.08 17:00,17.278
80,29.08 18:00,21.183
80,29.08 19:00,22.529
80,29.08 20:00,23.389
80,29.08 21:00,23.673
80,29.08 22:00,24.173
80,29.08 23:00,22.835
80,30.08 00:00,23.204
80,30.08 01:00,22.755
80,30.08 02:00,22.802
80,30.08 03:00,22.969
80,30.08 04:00,22.897
80,30.08 05:00,24.779
80,30.08 06:00,28.045
80,30.08 07:00,25.704
80,30.08 08:00,23.239
80,30.08 09:00,24.21
80,30.08 10:00,25.263
80,30.08 11:00,28.102
80,30.08 12:00,28.045
80,30.08 13:00,29.509
80,30.08 14:00,25.051
80,30.08 15:00,16.597
80,30.08 16:00,15.906
80,30.08 17:00,17.861
80,30.08 18:00,22.727
80,30.08 19:00,27.443
80,30.08 20:00,28.743
80,30.08 21:00,24.628
80,30.08 22:00,24.289
80,30.08 23:00,23.446
80,31.08 00:00,24.415
80,31.08 01:00,23.614
80,31.08 02:00,23.21
80,31.08 03:00,23.518
80,31.08 04:00,22.377
80,31.08 05:00,23.414
80,31.08 06:00,24.384
80,31.08 07:00,24.013
80,31.08 08:00,24.494
80,31.08 09:00,27.245
80,31.08 10:00,28.081
80,31.08 11:00,34.058
80,31.08 12:00,26.022
80,31.08 13:00,17.439
80,31.08 14:00,15.744
80,31.08 15:00,15.539
80,31.08 16:00,15.648
80,31.08 17:00,18.712
80,31.08 18:00,23.055
80,31.08 19:00,23.844
80,31.08 20:00,25.509
80,31.08 21:00,25.926
80,31.08 22:00,26.582
80,31.08 23:00,25.596
80,01.09 00:00,32.753
80,01.09 01:00,25.281
80,01.09 02:00,26.062
80,01.09 03:00,25.287
80,01.09 04:00,25.016
80,01.09 05:00,27.915
80,01.09 06:00,40.475
80,01.09 07:00,46.382
80,01.09 08:00,61.737
80,01.09 09:00,54.037
80,01.09 10:00,56.377
80,01.09 11:00,58.234
80,01.09 12:00,58.039
80,01.09 13:00,63.282
80,01.09 14:00,59.487
80,01.09 15:00,51.817
80,01.09 16:00,44.532
80,01.09 17:00,40.119
80,01.09 18:00,41.63
80,01.09 19:00,42.598
80,01.09 20:00,42.093
80,01.09 21:00,38.26
80,01.09 22:00,37.768
80,01.09 23:00,37.104
80,02.09 00:00,34.531
80,02.09 01:00,38.182
80,02.09 02:00,38.1
80,02.09 03:00,36.663
80,02.09 04:00,36.407
80,02.09 05:00,37.75
80,02.09 06:00,42.354
80,02.09 07:00,60.824
80,02.09 08:00,83.217
80,02.09 09:00,89.786
80,02.09 10:00,94.825
80,02.09 11:00,88.941
80,02.09 12:00,89.414
80,02.09 13:00,89.45
80,02.09 14:00,72.175
80,02.09 15:00,57.063
80,02.09 16:00,34.756
80,02.09 17:00,24.645
80,02.09 18:00,26.363
80,02.09 19:00,27.464
80,02.09 20:00,29.092
80,02.09 21:00,29.09
80,02.09 22:00,29.476
80,02.09 23:00,28.404
80,03.09 00:00,29.868
80,03.09 01:00,28.705
80,03.09 02:00,29.32
80,03.09 03:00,28.679
80,03.09 04:00,28.003
80,03.09 05:00,28.174
80,03.09 06:00,28.802
80,03.09 07:00,25.196
80,03.09 08:00,25.691
80,03.09 09:00,26.395
80,03.09 10:00,27.101
80,03.09 11:00,26.061
80,03.09 12:00,25.957
80,03.09 13:00,24.958
80,03.09 14:00,27.176
80,03.09 15:00,26.879
80,03.09 16:00,27.106
80,03.09 17:00,26.28
80,03.09 18:00,27.757
80,03.09 19:00,29.278
80,03.09 20:00,29.721
80,03.09 21:00,29.557
80,03.09 22:00,29.717
80,03.09 23:00,29.06
80,04.09 00:00,29.69
80,04.09 01:00,28.904
80,04.09 02:00,29.756
80,04.09 03:00,28.431
80,04.09 04:00,29.225
80,04.09 05:00,28.009
80,04.09 06:00,28.361
80,04.09 07:00,27.104
80,04.09 08:00,26.705
80,04.09 09:00,24.404
80,04.09 10:00,24.585
80,04.09 11:00,19.704
80,04.09 12:00,20.059
80,04.09 13:00,20.67
80,04.09 14:00,22.371
80,04.09 15:00,22.778
80,04.09 16:00,24.944
80,04.09 17:00,26.087
80,04.09 18:00,28.762
80,04.09 19:00,29.519
80,04.09 20:00,29.785
80,04.09 21:00,29.142
80,04.09 22:00,29.138
80,04.09 23:00,28.509
80,05.09 00:00,30.76
80,05.09 01:00,28.637
80,05.09 02:00,29.125
80,05.09 03:00,27.856
80,05.09 04:00,27.739
80,05.09 05:00,31.751
80,05.09 06:00,48.909
80,05.09 07:00,78.862
80,05.09 08:00,96.415
80,05.09 09:00,98.703
80,05.09 10:00,114.182
80,05.09 11:00,113.055
80,05.09 12:00,111.595
80,05.09 13:00,106.634
80,05.09 14:00,96.321
80,05.09 15:00,78.452
80,05.09 16:00,63.879
80,05.09 17:00,48.078
80,05.09 18:00,29.07
80,05.09 19:00,29.531
80,05.09 20:00,30.44
80,05.09 21:00,30.737
80,05.09 22:00,30.379
80,05.09 23:00,29.6
80,06.09 00:00,31.409
80,06.09 01:00,31.029
80,06.09 02:00,30.04
80,06.09 03:00,29.416
80,06.09 04:00,29.622
80,06.09 05:00,30.585
80,06.09 06:00,40.289
80,06.09 07:00,64.847
80,06.09 08:00,80.896
80,06.09 09:00,95.873
80,06.09 10:00,106.447
80,06.09 11:00,97.124
80,06.09 12:00,101.303
80,06.09 13:00,98.476
80,06.09 14:00,89.501
80,06.09 15:00,76.797
80,06.09 16:00,61.11
80,06.09 17:00,47.408
80,06.09 18:00,34.201
80,06.09 19:00,36.27
80,06.09 20:00,35.945
80,06.09 21:00,30.593
80,06.09 22:00,31.887
80,06.09 23:00,30.85
80,07.09 00:00,32.309
80,07.09 01:00,30.732
80,07.09 02:00,30.746
80,07.09 03:00,30.359
80,07.09 04:00,30.179
80,07.09 05:00,32.953
80,07.09 06:00,46.701
80,07.09 07:00,69.491
80,07.09 08:00,84.02
80,07.09 09:00,98.237
80,07.09 10:00,104.351
80,07.09 11:00,102.799
80,07.09 12:00,106.217
80,07.09 13:00,105.494
80,07.09 14:00,96.81
80,07.09 15:00,75.448
80,07.09 16:00,53.606
80,07.09 17:00,44.399
80,07.09 18:00,36.885
80,07.09 19:00,37.54
80,07.09 20:00,37.022
80,07.09 21:00,32.3
80,07.09 22:00,32.046
80,07.09 23:00,31.388
80,08.09 00:00,32.86
80,08.09 01:00,31.45
80,08.09 02:00,30.723
80,08.09 03:00,31.913
80,08.09 04:00,31.068
80,08.09 05:00,30.94
80,08.09 06:00,45.147
80,08.09 07:00,74.298
80,08.09 08:00,91.195
80,08.09 09:00,92.708
80,08.09 10:00,102.595
80,08.09 11:00,101.207
80,08.09 12:00,95.233
80,08.09 13:00,90.435
80,08.09 14:00,79.968
80,08.09 15:00,71.594
80,08.09 16:00,53.795
80,08.09 17:00,42.88
80,08.09 18:00,37.297
80,08.09 19:00,37.238
80,08.09 20:00,36.606
80,08.09 21:00,32.807
80,08.09 22:00,32.366
80,08.09 23:00,31.501
80,09.09 00:00,34.745
80,09.09 01:00,31.931
80,09.09 02:00,31.636
80,09.09 03:00,30.56
80,09.09 04:00,31.6
80,09.09 05:00,34.155
80,09.09 06:00,46.867
80,09.09 07:00,70.705
80,09.09 08:00,91.077
80,09.09 09:00,101.889
80,09.09 10:00,118.265
80,09.09 11:00,107.476
80,09.09 12:00,108.901
80,09.09 13:00,108.436
80,09.09 14:00,106.067
80,09.09 15:00,77.848
80,09.09 16:00,54.831
80,09.09 17:00,33.153
80,09.09 18:00,32.725
80,09.09 19:00,33.736
80,09.09 20:00,34.215
80,09.09 21:00,35.539
80,09.09 22:00,34.132
80,09.09 23:00,33.523
80,10.09 00:00,35.325
80,10.09 01:00,34.4
80,10.09 02:00,33.735
80,10.09 03:00,33.134
80,10.09 04:00,33.601
80,10.09 05:00,34.921
80,10.09 06:00,33.205
80,10.09 07:00,32.227
80,10.09 08:00,31.693
80,10.09 09:00,30.222
80,10.09 10:00,29.77
80,10.09 11:00,26.257
80,10.09 12:00,25.24
80,10.09 13:00,23.355
80,10.09 14:00,24.269
80,10.09 15:00,21.871
80,10.09 16:00,23.95
80,10.09 17:00,27.793
80,10.09 18:00,32.079
80,10.09 19:00,33.606
80,10.09 20:00,33.113
80,10.09 21:00,33.607
80,10.09 22:00,33.553
80,10.09 23:00,33.726
80,11.09 00:00,33.192
80,11.09 01:00,33.126
80,11.09 02:00,33.52
80,11.09 03:00,32.939
80,11.09 04:00,32.648
80,11.09 05:00,32.754
80,11.09 06:00,32.505
80,11.09 07:00,30.03
80,11.09 08:00,26.896
80,11.09 09:00,23.882
80,11.09 10:00,21.364
80,11.09 11:00,21.5
80,11.09 12:00,18.668
80,11.09 13:00,15.33
80,11.09 14:00,23.223
80,11.09 15:00,21.714
80,11.09 16:00,22.261
80,11.09 17:00,25.226
80,11.09 18:00,29.009
80,11.09 19:00,30.823
80,11.09 20:00,31.203
80,11.09 21:00,32.241
80,11.09 22:00,31.307
80,11.09 23:00,32.031
80,12.09 00:00,32.498
80,12.09 01:00,31.677
80,12.09 02:00,31.682
80,12.09 03:00,31.196
80,12.09 04:00,30.716
80,12.09 05:00,31.671
80,12.09 06:00,48.316
80,12.09 07:00,77.869
80,12.09 08:00,101.882
80,12.09 09:00,114.158
80,12.09 10:00,137.703
80,12.09 11:00,123.468
80,12.09 12:00,123.64
80,12.09 13:00,113.012
80,12.09 14:00,104.524
80,12.09 15:00,86.465
80,12.09 16:00,67.399
80,12.09 17:00,46.701
80,12.09 18:00,33.238
80,12.09 19:00,31.936
80,12.09 20:00,32.541
80,12.09 21:00,33.755
80,12.09 22:00,32.217
80,12.09 23:00,31.817
80,13.09 00:00,33.652
80,13.09 01:00,32.649
80,13.09 02:00,32.069
80,13.09 03:00,31.503
80,13.09 04:00,31.054
80,13.09 05:00,33.941
80,13.09 06:00,48.004
80,13.09 07:00,77.122
80,13.09 08:00,89.667
80,13.09 09:00,108.306
80,13.09 10:00,128.483
80,13.09 11:00,130.49
80,13.09 12:00,130.294
80,13.09 13:00,116.724
80,13.09 14:00,109.446
80,13.09 15:00,91.831
80,13.09 16:00,69.786
80,13.09 17:00,48.115
80,13.09 18:00,37.363
80,13.09 19:00,39.053
80,13.09 20:00,38.682
80,13.09 21:00,33.341
80,13.09 22:00,33.952
80,13.09 23:00,33.023
80,14.09 00:00,38.539
80,14.09 01:00,33.292
80,14.09 02:00,33.177
80,14.09 03:00,32.958
80,14.09 04:00,32.263
80,14.09 05:00,34.149
80,14.09 06:00,43.036
80,14.09 07:00,70.409
80,14.09 08:00,81.056
80,14.09 09:00,101.773
80,14.09 10:00,101.617
80,14.09 11:00,86.063
80,14.09 12:00,88.236
80,14.09 13:00,87.177
80,14.09 14:00,77.241
80,14.09 15:00,68.298
80,14.09 16:00,55.241
80,14.09 17:00,43.34
80,14.09 18:00,37.54
80,14.09 19:00,40.18
80,14.09 20:00,44.167
80,14.09 21:00,39.991
80,14.09 22:00,39.523
80,14.09 23:00,38.54
80,15.09 00:00,38.749
80,15.09 01:00,39.04
80,15.09 02:00,39.048
80,15.09 03:00,38.275
80,15.09 04:00,38.109
80,15.09 05:00,39.692
80,15.09 06:00,51.657
80,15.09 07:00,76.359
80,15.09 08:00,94.31
80,15.09 09:00,109.426
80,15.09 10:00,114.23
80,15.09 11:00,105.267
80,15.09 12:00,107.123
80,15.09 13:00,100.619
80,15.09 14:00,91.278
80,15.09 15:00,70.539
80,15.09 16:00,62.31
80,15.09 17:00,51.582
80,15.09 18:00,42.425
80,15.09 19:00,44.472
80,15.09 20:00,45.212
80,15.09 21:00,38.3
80,15.09 22:00,34.325
80,15.09 23:00,33.985
80,16.09 00:00,35.268
80,16.09 01:00,34.131
80,16.09 02:00,34.552
80,16.09 03:00,33.252
80,16.09 04:00,33.727
80,16.09 05:00,33.974
80,16.09 06:00,45.228
80,16.09 07:00,72.719
80,16.09 08:00,86.281
80,16.09 09:00,100.954
80,16.09 10:00,111.963
80,16.09 11:00,109.064
80,16.09 12:00,111.546
80,16.09 13:00,103.781
80,16.09 14:00,106.752
80,16.09 15:00,74.964
80,16.09 16:00,51.647
80,16.09 17:00,31.849
80,16.09 18:00,33.057
80,16.09 19:00,32.569
80,16.09 20:00,32.945
80,16.09 21:00,32.898
80,16.09 22:00,33.104
80,16.09 23:00,32.385
80,17.09 00:00,34.392
80,17.09 01:00,33.027
80,17.09 02:00,32.522
80,17.09 03:00,31.955
80,17.09 04:00,32.07
80,17.09 05:00,31.625
80,17.09 06:00,32.343
80,17.09 07:00,30.044
80,17.09 08:00,25.591
80,17.09 09:00,21.185
80,17.09 10:00,19.914
80,17.09 11:00,17.919
80,17.09 12:00,16.314
80,17.09 13:00,18.161
80,17.09 14:00,18.223
80,17.09 15:00,20.311
80,17.09 16:00,27.177
80,17.09 17:00,30.087
80,17.09 18:00,31.437
80,17.09 19:00,32.179
80,17.09 20:00,32.729
80,17.09 21:00,33.283
80,17.09 22:00,32.952
80,17.09 23:00,32.887
80,18.09 00:00,34.919
80,18.09 01:00,32.189
80,18.09 02:00,32.88
80,18.09 03:00,32.011
80,18.09 04:00,31.928
80,18.09 05:00,31.68
80,18.09 06:00,31.94
80,18.09 07:00,30.091
80,18.09 08:00,27.381
80,18.09 09:00,22.655
80,18.09 10:00,19.878
80,18.09 11:00,18.588
80,18.09 12:00,17.923
80,18.09 13:00,17.249
80,18.09 14:00,18.918
80,18.09 15:00,23.45
80,18.09 16:00,27.433
80,18.09 17:00,28.64
80,18.09 18:00,31.548
80,18.09 19:00,32.189
80,18.09 20:00,33.451
80,18.09 21:00,32.085
80,18.09 22:00,33.52
80,18.09 23:00,32.356
80,19.09 00:00,35.302
80,19.09 01:00,32.596
80,19.09 02:00,32.612
80,19.09 03:00,32.179
80,19.09 04:00,31.904
80,19.09 05:00,34.381
80,19.09 06:00,53.856
80,19.09 07:00,80.875
80,19.09 08:00,99.675
80,19.09 09:00,115.213
80,19.09 10:00,125.854
80,19.09 11:00,124.679
80,19.09 12:00,124.6
80,19.09 13:00,112.095
80,19.09 14:00,100.589
80,19.09 15:00,81.867
80,19.09 16:00,63.875
80,19.09 17:00,51.581
80,19.09 18:00,40.24
80,19.09 19:00,38.101
80,19.09 20:00,36.937
80,19.09 21:00,32.73
80,19.09 22:00,32.587
80,19.09 23:00,31.687
80,20.09 00:00,33.054
80,20.09 01:00,32.601
80,20.09 02:00,32.028
80,20.09 03:00,31.786
80,20.09 04:00,31.719
80,20.09 05:00,31.862
80,20.09 06:00,44.72
80,20.09 07:00,74.372
80,20.09 08:00,98.589
80,20.09 09:00,105.864
80,20.09 10:00,113.392
80,20.09 11:00,112.341
80,20.09 12:00,115.96
80,20.09 13:00,108.592
80,20.09 14:00,102.13
80,20.09 15:00,80.881
80,20.09 16:00,81.01
80,20.09 17:00,90.857
80,20.09 18:00,80.875
80,20.09 19:00,80.927
80,20.09 20:00,43.711
80,20.09 21:00,32.152
80,20.09 22:00,32.004
80,20.09 23:00,31.727
80,21.09 00:00,17.011
80,21.09 01:00,17.005
80,21.09 02:00,16.927
80,21.09 03:00,16.846
80,21.09 04:00,16.911
80,21.09 05:00,16.918
80,21.09 06:00,17.004
80,21.09 07:00,17.566
80,21.09 08:00,16.869
80,21.09 09:00,16.886
80,21.09 10:00,16.9
80,21.09 11:00,16.85
80,21.09 12:00,16.974
80,21.09 13:00,16.88
80,21.09 14:00,16.878
80,21.09 15:00,16.919
80,21.09 16:00,16.931
80,21.09 17:00,17.011
80,21.09 18:00,16.937
80,21.09 19:00,16.974
80,21.09 20:00,16.995
80,21.09 21:00,16.943
80,21.09 22:00,16.876
80,21.09 23:00,16.998
80,22.09 00:00,16.946
80,22.09 01:00,16.911
80,22.09 02:00,16.865
80,22.09 03:00,17.004
80,22.09 04:00,16.91
80,22.09 05:00,16.883
80,22.09 06:00,16.897
80,22.09 07:00,16.972
80,22.09 08:00,16.886
80,22.09 09:00,16.99
80,22.09 10:00,16.846
80,22.09 11:00,16.856
80,22.09 12:00,16.913
80,22.09 13:00,16.902
80,22.09 14:00,16.854
80,22.09 15:00,16.962
80,22.09 16:00,16.87
80,22.09 17:00,16.979
80,22.09 18:00,16.958
80,22.09 19:00,17.008
80,22.09 20:00,16.97
80,22.09 21:00,0.0
80,22.09 22:00,0.0
80,22.09 23:00,0.0
80,23.09 00:00,0.0
80,23.09 01:00,0.0
80,23.09 02:00,0.0
80,23.09 03:00,0.0
80,23.09 04:00,0.0
80,23.09 05:00,0.0
80,23.09 06:00,0.0
80,23.09 07:00,0.0
80,23.09 08:00,0.0
80,23.09 09:00,0.0
80,23.09 10:00,0.0
80,23.09 11:00,0.0
80,23.09 12:00,0.0
80,23.09 13:00,0.0
80,23.09 14:00,0.0
80,23.09 15:00,0.0
80,23.09 16:00,0.0
80,23.09 17:00,0.0
80,23.09 18:00,0.0
80,23.09 19:00,0.0
80,23.09 20:00,0.0
80,23.09 21:00,0.0
80,23.09 22:00,0.0
80,23.09 23:00,0.0
80,24.09 00:00,0.0
80,24.09 01:00,0.0
80,24.09 02:00,0.0
80,24.09 03:00,0.0
80,24.09 04:00,0.0
80,24.09 05:00,0.0
80,24.09 06:00,0.0
80,24.09 07:00,0.0
80,24.09 08:00,0.0
80,24.09 09:00,0.0
80,24.09 10:00,0.0
80,24.09 11:00,0.0
80,24.09 12:00,0.0
80,24.09 13:00,0.0
80,24.09 14:00,0.0
80,24.09 15:00,0.0
80,24.09 16:00,0.0
80,24.09 17:00,0.0
80,24.09 18:00,0.0
80,24.09 19:00,0.0
80,24.09 20:00,0.0
80,24.09 21:00,0.0
80,24.09 22:00,0.0
80,24.09 23:00,0.0
80,25.09 00:00,0.0
80,25.09 01:00,0.0
80,25.09 02:00,0.0
80,25.09 03:00,0.0
80,25.09 04:00,0.0
80,25.09 05:00,0.0
80,25.09 06:00,0.0
80,25.09 07:00,0.0
80,25.09 08:00,0.0
80,25.09 09:00,0.0
80,25.09 10:00,0.0
80,25.09 11:00,0.0
80,25.09 12:00,0.0
80,25.09 13:00,0.0
80,25.09 14:00,0.0
80,25.09 15:00,0.0
80,25.09 16:00,0.0
80,25.09 17:00,0.0
80,25.09 18:00,0.0
80,25.09 19:00,0.0
80,25.09 20:00,0.0
80,25.09 21:00,0.0
80,25.09 22:00,0.0
80,25.09 23:00,0.0
80,26.09 00:00,0.0
80,26.09 01:00,0.0
80,26.09 02:00,0.0
80,26.09 03:00,0.0
80,26.09 04:00,0.0
80,26.09 05:00,0.0
80,26.09 06:00,0.0
80,26.09 07:00,0.0
80,26.09 08:00,0.0
80,26.09 09:00,0.0
80,26.09 10:00,0.0
80,26.09 11:00,0.0
80,26.09 12:00,0.0
80,26.09 13:00,0.0
80,26.09 14:00,0.0
80,26.09 15:00,0.0
80,26.09 16:00,0.0
80,26.09 17:00,0.0
80,26.09 18:00,0.0
80,26.09 19:00,0.0
80,26.09 20:00,0.0
80,26.09 21:00,0.0
80,26.09 22:00,0.0
80,26.09 23:00,0.0
80,27.09 00:00,0.0
80,27.09 01:00,0.0
80,27.09 02:00,0.0
80,27.09 03:00,0.0
80,27.09 04:00,0.0
80,27.09 05:00,0.0
80,27.09 06:00,0.0
80,27.09 07:00,0.0
80,27.09 08:00,0.0
80,27.09 09:00,0.0
80,27.09 10:00,0.0
80,27.09 11:00,0.0
80,27.09 12:00,0.0
80,27.09 13:00,0.0
80,27.09 14:00,0.0
80,27.09 15:00,0.0
80,27.09 16:00,0.0
80,27.09 17:00,0.0
80,27.09 18:00,0.0
80,27.09 19:00,0.0
80,27.09 20:00,0.0
80,27.09 21:00,0.0
80,27.09 22:00,0.0
80,27.09 23:00,0.0
80,28.09 00:00,0.0
80,28.09 01:00,0.0
80,28.09 02:00,0.0
80,28.09 03:00,0.0
80,28.09 04:00,0.0
80,28.09 05:00,0.0
80,28.09 06:00,0.0
80,28.09 07:00,0.0
80,28.09 08:00,0.0
80,28.09 09:00,0.0
80,28.09 10:00,0.0
80,28.09 11:00,0.0
80,28.09 12:00,0.0
80,28.09 13:00,0.0
80,28.09 14:00,0.0
80,28.09 15:00,0.0
80,28.09 16:00,0.0
80,28.09 17:00,0.0
80,28.09 18:00,0.0
80,28.09 19:00,0.0
80,28.09 20:00,0.0
80,28.09 21:00,0.0
80,28.09 22:00,0.0
80,28.09 23:00,0.0
80,29.09 00:00,0.0
80,29.09 01:00,0.0
80,29.09 02:00,0.0
80,29.09 03:00,0.0
80,29.09 04:00,0.0
80,29.09 05:00,0.0
80,29.09 06:00,0.0
80,29.09 07:00,0.0
80,29.09 08:00,0.0
80,29.09 09:00,0.0
80,29.09 10:00,0.0
80,29.09 11:00,0.0
80,29.09 12:00,0.0
80,29.09 13:00,0.0
80,29.09 14:00,0.0
80,29.09 15:00,0.0
80,29.09 16:00,0.0
80,29.09 17:00,0.0
80,29.09 18:00,0.0
80,29.09 19:00,0.0
80,29.09 20:00,0.0
80,29.09 21:00,0.0
80,29.09 22:00,0.0
80,29.09 23:00,0.0
80,30.09 00:00,0.0
80,30.09 01:00,0.0
80,30.09 02:00,0.0
80,30.09 03:00,0.0
80,30.09 04:00,0.0
80,30.09 05:00,0.0
80,30.09 06:00,0.0
80,30.09 07:00,0.0
80,30.09 08:00,0.0
80,30.09 09:00,0.0
80,30.09 10:00,0.0
80,30.09 11:00,0.0
80,30.09 12:00,0.0
80,30.09 13:00,0.0
80,30.09 14:00,0.0
80,30.09 15:00,0.0
80,30.09 16:00,0.0
80,30.09 17:00,0.0
80,30.09 18:00,0.0
80,30.09 19:00,0.0
80,30.09 20:00,0.0
80,30.09 21:00,0.0
80,30.09 22:00,0.0
80,30.09 23:00,0.0
