86,01.03 00:00,247.985
86,01.03 01:00,245.05
86,01.03 02:00,249.168
86,01.03 03:00,246.918
86,01.03 04:00,247.143
86,01.03 05:00,247.389
86,01.03 06:00,248.76
86,01.03 07:00,252.089
86,01.03 08:00,268.275
86,01.03 09:00,283.553
86,01.03 10:00,286.838
86,01.03 11:00,301.585
86,01.03 12:00,288.686
86,01.03 13:00,276.871
86,01.03 14:00,285.521
86,01.03 15:00,267.72
86,01.03 16:00,266.817
86,01.03 17:00,262.717
86,01.03 18:00,255.928
86,01.03 19:00,256.568
86,01.03 20:00,243.717
86,01.03 21:00,242.249
86,01.03 22:00,239.521
86,01.03 23:00,243.181
86,02.03 00:00,243.388
86,02.03 01:00,239.125
86,02.03 02:00,243.13
86,02.03 03:00,242.027
86,02.03 04:00,244.461
86,02.03 05:00,244.165
86,02.03 06:00,243.361
86,02.03 07:00,247.97
86,02.03 08:00,275.724
86,02.03 09:00,289.442
86,02.03 10:00,292.703
86,02.03 11:00,288.178
86,02.03 12:00,295.501
86,02.03 13:00,286.394
86,02.03 14:00,291.898
86,02.03 15:00,286.671
86,02.03 16:00,284.561
86,02.03 17:00,265.538
86,02.03 18:00,262.187
86,02.03 19:00,252.149
86,02.03 20:00,243.526
86,02.03 21:00,242.576
86,02.03 22:00,242.555
86,02.03 23:00,241.978
86,03.03 00:00,241.059
86,03.03 01:00,239.11
86,03.03 02:00,243.298
86,03.03 03:00,241.393
86,03.03 04:00,241.412
86,03.03 05:00,242.63
86,03.03 06:00,243.124
86,03.03 07:00,246.892
86,03.03 08:00,275.778
86,03.03 09:00,286.084
86,03.03 10:00,289.235
86,03.03 11:00,283.558
86,03.03 12:00,289.179
86,03.03 13:00,282.154
86,03.03 14:00,295.379
86,03.03 15:00,288.416
86,03.03 16:00,284.836
86,03.03 17:00,268.33
86,03.03 18:00,266.046
86,03.03 19:00,261.415
86,03.03 20:00,248.293
86,03.03 21:00,247.388
86,03.03 22:00,245.925
86,03.03 23:00,247.73
86,04.03 00:00,247.168
86,04.03 01:00,245.695
86,04.03 02:00,246.983
86,04.03 03:00,251.129
86,04.03 04:00,249.227
86,04.03 05:00,247.965
86,04.03 06:00,249.421
86,04.03 07:00,252.235
86,04.03 08:00,275.062
86,04.03 09:00,289.648
86,04.03 10:00,296.813
86,04.03 11:00,296.599
86,04.03 12:00,298.023
86,04.03 13:00,286.225
86,04.03 14:00,297.433
86,04.03 15:00,295.996
86,04.03 16:00,278.226
86,04.03 17:00,270.681
86,04.03 18:00,266.215
86,04.03 19:00,262.094
86,04.03 20:00,249.343
86,04.03 21:00,245.199
86,04.03 22:00,246.116
86,04.03 23:00,251.146
86,05.03 00:00,249.729
86,05.03 01:00,251.241
86,05.03 02:00,251.477
86,05.03 03:00,251.798
86,05.03 04:00,251.77
86,05.03 05:00,251.502
86,05.03 06:00,253.267
86,05.03 07:00,254.242
86,05.03 08:00,266.766
86,05.03 09:00,266.96
86,05.03 10:00,264.769
86,05.03 11:00,264.844
86,05.03 12:00,260.234
86,05.03 13:00,261.29
86,05.03 14:00,259.151
86,05.03 15:00,259.833
86,05.03 16:00,263.186
86,05.03 17:00,258.947
86,05.03 18:00,259.537
86,05.03 19:00,259.91
86,05.03 20:00,246.788
86,05.03 21:00,244.524
86,05.03 22:00,247.073
86,05.03 23:00,247.684
86,06.03 00:00,247.852
86,06.03 01:00,248.339
86,06.03 02:00,251.16
86,06.03 03:00,250.726
86,06.03 04:00,250.358
86,06.03 05:00,250.131
86,06.03 06:00,252.132
86,06.03 07:00,250.802
86,06.03 08:00,261.366
86,06.03 09:00,264.989
86,06.03 10:00,262.097
86,06.03 11:00,262.37
86,06.03 12:00,261.39
86,06.03 13:00,259.164
86,06.03 14:00,259.699
86,06.03 15:00,259.391
86,06.03 16:00,258.069
86,06.03 17:00,257.735
86,06.03 18:00,257.077
86,06.03 19:00,259.983
86,06.03 20:00,245.228
86,06.03 21:00,243.611
86,06.03 22:00,245.821
86,06.03 23:00,247.132
86,07.03 00:00,248.811
86,07.03 01:00,245.777
86,07.03 02:00,248.425
86,07.03 03:00,246.768
86,07.03 04:00,247.107
86,07.03 05:00,247.786
86,07.03 06:00,246.024
86,07.03 07:00,250.16
86,07.03 08:00,281.879
86,07.03 09:00,291.302
86,07.03 10:00,295.404
86,07.03 11:00,290.574
86,07.03 12:00,292.921
86,07.03 13:00,283.269
86,07.03 14:00,295.057
86,07.03 15:00,287.732
86,07.03 16:00,288.998
86,07.03 17:00,271.638
86,07.03 18:00,265.67
86,07.03 19:00,266.162
86,07.03 20:00,250.686
86,07.03 21:00,247.646
86,07.03 22:00,246.477
86,07.03 23:00,245.972
86,08.03 00:00,249.162
86,08.03 01:00,246.456
86,08.03 02:00,248.181
86,08.03 03:00,248.076
86,08.03 04:00,247.808
86,08.03 05:00,247.068
86,08.03 06:00,249.472
86,08.03 07:00,250.773
86,08.03 08:00,282.943
86,08.03 09:00,295.451
86,08.03 10:00,297.387
86,08.03 11:00,298.147
86,08.03 12:00,300.447
86,08.03 13:00,287.943
86,08.03 14:00,293.878
86,08.03 15:00,291.617
86,08.03 16:00,279.387
86,08.03 17:00,268.453
86,08.03 18:00,265.74
86,08.03 19:00,263.714
86,08.03 20:00,246.402
86,08.03 21:00,244.834
86,08.03 22:00,244.605
86,08.03 23:00,248.77
86,09.03 00:00,244.947
86,09.03 01:00,247.432
86,09.03 02:00,246.159
86,09.03 03:00,242.876
86,09.03 04:00,245.429
86,09.03 05:00,246.684
86,09.03 06:00,247.112
86,09.03 07:00,246.085
86,09.03 08:00,279.455
86,09.03 09:00,294.82
86,09.03 10:00,300.487
86,09.03 11:00,296.617
86,09.03 12:00,302.097
86,09.03 13:00,286.613
86,09.03 14:00,296.866
86,09.03 15:00,292.784
86,09.03 16:00,283.052
86,09.03 17:00,272.721
86,09.03 18:00,269.579
86,09.03 19:00,261.926
86,09.03 20:00,247.967
86,09.03 21:00,248.79
86,09.03 22:00,245.966
86,09.03 23:00,249.683
86,10.03 00:00,246.83
86,10.03 01:00,246.004
86,10.03 02:00,248.056
86,10.03 03:00,247.299
86,10.03 04:00,250.219
86,10.03 05:00,248.415
86,10.03 06:00,247.2
86,10.03 07:00,252.739
86,10.03 08:00,283.054
86,10.03 09:00,290.926
86,10.03 10:00,298.026
86,10.03 11:00,294.848
86,10.03 12:00,298.409
86,10.03 13:00,292.006
86,10.03 14:00,297.414
86,10.03 15:00,294.452
86,10.03 16:00,281.442
86,10.03 17:00,270.401
86,10.03 18:00,267.089
86,10.03 19:00,264.789
86,10.03 20:00,248.763
86,10.03 21:00,245.338
86,10.03 22:00,247.005
86,10.03 23:00,245.413
86,11.03 00:00,247.021
86,11.03 01:00,243.865
86,11.03 02:00,244.347
86,11.03 03:00,242.967
86,11.03 04:00,245.969
86,11.03 05:00,243.762
86,11.03 06:00,244.29
86,11.03 07:00,248.428
86,11.03 08:00,272.156
86,11.03 09:00,289.665
86,11.03 10:00,292.187
86,11.03 11:00,287.902
86,11.03 12:00,296.152
86,11.03 13:00,284.474
86,11.03 14:00,293.639
86,11.03 15:00,288.21
86,11.03 16:00,284.657
86,11.03 17:00,270.269
86,11.03 18:00,267.457
86,11.03 19:00,263.139
86,11.03 20:00,248.019
86,11.03 21:00,247.571
86,11.03 22:00,248.114
86,11.03 23:00,249.321
86,12.03 00:00,250.937
86,12.03 01:00,247.034
86,12.03 02:00,248.007
86,12.03 03:00,248.287
86,12.03 04:00,249.81
86,12.03 05:00,247.293
86,12.03 06:00,247.156
86,12.03 07:00,245.158
86,12.03 08:00,256.59
86,12.03 09:00,259.339
86,12.03 10:00,257.595
86,12.03 11:00,260.846
86,12.03 12:00,261.634
86,12.03 13:00,259.346
86,12.03 14:00,259.614
86,12.03 15:00,257.777
86,12.03 16:00,256.775
86,12.03 17:00,259.955
86,12.03 18:00,258.261
86,12.03 19:00,257.483
86,12.03 20:00,247.589
86,12.03 21:00,245.26
86,12.03 22:00,245.172
86,12.03 23:00,246.574
86,13.03 00:00,248.783
86,13.03 01:00,246.457
86,13.03 02:00,248.165
86,13.03 04:00,250.335
86,13.03 05:00,248.557
86,13.03 06:00,249.026
86,13.03 07:00,248.71
86,13.03 08:00,254.987
86,13.03 09:00,259.884
86,13.03 10:00,263.586
86,13.03 11:00,261.996
86,13.03 12:00,256.031
86,13.03 13:00,254.586
86,13.03 14:00,254.082
86,13.03 15:00,257.921
86,13.03 16:00,255.404
86,13.03 17:00,256.869
86,13.03 18:00,254.088
86,13.03 19:00,253.222
86,13.03 20:00,253.163
86,13.03 21:00,241.362
86,13.03 22:00,240.537
86,13.03 23:00,242.826
86,14.03 00:00,244.528
86,14.03 01:00,242.129
86,14.03 02:00,244.671
86,14.03 03:00,242.975
86,14.03 04:00,243.053
86,14.03 05:00,244.984
86,14.03 06:00,245.372
86,14.03 07:00,247.628
86,14.03 08:00,255.073
86,14.03 09:00,275.218
86,14.03 10:00,290.327
86,14.03 11:00,285.013
86,14.03 12:00,286.932
86,14.03 13:00,279.005
86,14.03 14:00,287.586
86,14.03 15:00,281.051
86,14.03 16:00,283.265
86,14.03 17:00,270.854
86,14.03 18:00,265.044
86,14.03 19:00,263.629
86,14.03 20:00,250.096
86,14.03 21:00,247.11
86,14.03 22:00,247.775
86,14.03 23:00,246.052
86,15.03 00:00,243.867
86,15.03 01:00,243.029
86,15.03 02:00,245.903
86,15.03 03:00,246.069
86,15.03 04:00,245.907
86,15.03 05:00,246.422
86,15.03 06:00,244.846
86,15.03 07:00,247.985
86,15.03 08:00,274.712
86,15.03 09:00,285.216
86,15.03 10:00,286.897
86,15.03 11:00,288.676
86,15.03 12:00,291.31
86,15.03 13:00,282.894
86,15.03 14:00,295.661
86,15.03 15:00,292.465
86,15.03 16:00,286.117
86,15.03 17:00,267.042
86,15.03 18:00,266.157
86,15.03 19:00,260.761
86,15.03 20:00,249.639
86,15.03 21:00,245.021
86,15.03 22:00,245.203
86,15.03 23:00,243.829
86,16.03 00:00,241.891
86,16.03 01:00,239.453
86,16.03 02:00,242.562
86,16.03 03:00,242.895
86,16.03 04:00,243.844
86,16.03 05:00,246.417
86,16.03 06:00,244.896
86,16.03 07:00,250.467
86,16.03 08:00,272.894
86,16.03 09:00,294.37
86,16.03 10:00,298.414
86,16.03 11:00,293.413
86,16.03 12:00,290.841
86,16.03 13:00,282.044
86,16.03 14:00,286.635
86,16.03 15:00,283.27
86,16.03 16:00,280.358
86,16.03 17:00,265.845
86,16.03 18:00,261.241
86,16.03 19:00,255.762
86,16.03 20:00,246.141
86,16.03 21:00,241.323
86,16.03 22:00,242.954
86,16.03 23:00,241.084
86,17.03 00:00,241.953
86,17.03 01:00,239.98
86,17.03 02:00,243.623
86,17.03 03:00,244.047
86,17.03 04:00,242.678
86,17.03 05:00,243.914
86,17.03 06:00,242.34
86,17.03 07:00,245.085
86,17.03 08:00,276.58
86,17.03 09:00,294.445
86,17.03 10:00,295.601
86,17.03 11:00,292.424
86,17.03 12:00,293.115
86,17.03 13:00,282.968
86,17.03 14:00,290.285
86,17.03 15:00,281.633
86,17.03 16:00,282.389
86,17.03 17:00,267.763
86,17.03 18:00,259.802
86,17.03 19:00,256.746
86,17.03 20:00,242.36
86,17.03 21:00,241.131
86,17.03 22:00,238.909
86,17.03 23:00,241.218
86,18.03 00:00,243.037
86,18.03 01:00,240.916
86,18.03 02:00,241.845
86,18.03 03:00,242.33
86,18.03 04:00,244.355
86,18.03 05:00,242.578
86,18.03 06:00,243.175
86,18.03 07:00,235.735
86,18.03 08:00,277.227
86,18.03 09:00,282.201
86,18.03 10:00,284.954
86,18.03 11:00,281.859
86,18.03 12:00,289.426
86,18.03 13:00,276.959
86,18.03 14:00,285.257
86,18.03 15:00,286.811
86,18.03 16:00,280.869
86,18.03 17:00,265.962
86,18.03 18:00,261.117
86,18.03 19:00,258.39
86,18.03 20:00,245.789
86,18.03 21:00,241.92
86,18.03 22:00,241.819
86,18.03 23:00,242.898
86,19.03 00:00,245.349
86,19.03 01:00,244.647
86,19.03 02:00,247.289
86,19.03 03:00,249.126
86,19.03 04:00,247.432
86,19.03 05:00,249.839
86,19.03 06:00,248.673
86,19.03 07:00,250.678
86,19.03 08:00,260.612
86,19.03 09:00,263.77
86,19.03 10:00,264.549
86,19.03 11:00,262.744
86,19.03 12:00,261.753
86,19.03 13:00,260.498
86,19.03 14:00,261.687
86,19.03 15:00,259.817
86,19.03 16:00,263.179
86,19.03 17:00,261.524
86,19.03 18:00,259.805
86,19.03 19:00,259.534
86,19.03 20:00,249.42
86,19.03 21:00,248.731
86,19.03 22:00,248.288
86,19.03 23:00,249.759
86,20.03 00:00,249.963
86,20.03 01:00,247.251
86,20.03 02:00,251.382
86,20.03 03:00,249.956
86,20.03 04:00,252.779
86,20.03 05:00,254.324
86,20.03 06:00,253.347
86,20.03 07:00,252.497
86,20.03 08:00,265.691
86,20.03 09:00,268.642
86,20.03 10:00,267.346
86,20.03 11:00,266.071
86,20.03 12:00,265.822
86,20.03 13:00,265.976
86,20.03 14:00,266.229
86,20.03 15:00,264.161
86,20.03 16:00,266.449
86,20.03 17:00,266.06
86,20.03 18:00,263.827
86,20.03 19:00,260.691
86,20.03 20:00,250.937
86,20.03 21:00,251.056
86,20.03 22:00,249.967
86,20.03 23:00,252.083
86,21.03 00:00,253.556
86,21.03 01:00,252.184
86,21.03 02:00,255.026
86,21.03 03:00,251.9
86,21.03 04:00,253.771
86,21.03 05:00,253.518
86,21.03 06:00,252.196
86,21.03 07:00,255.274
86,21.03 08:00,286.837
86,21.03 09:00,295.764
86,21.03 10:00,297.867
86,21.03 11:00,290.74
86,21.03 12:00,304.415
86,21.03 13:00,291.196
86,21.03 14:00,294.174
86,21.03 15:00,295.283
86,21.03 16:00,292.339
86,21.03 17:00,272.729
86,21.03 18:00,266.455
86,21.03 19:00,262.27
86,21.03 20:00,248.289
86,21.03 21:00,246.283
86,21.03 22:00,248.319
86,21.03 23:00,249.923
86,22.03 00:00,247.981
86,22.03 01:00,249.26
86,22.03 02:00,250.377
86,22.03 03:00,251.936
86,22.03 04:00,252.168
86,22.03 05:00,250.631
86,22.03 06:00,252.05
86,22.03 07:00,257.07
86,22.03 08:00,277.449
86,22.03 09:00,293.641
86,22.03 10:00,293.55
86,22.03 11:00,293.894
86,22.03 12:00,301.128
86,22.03 13:00,290.763
86,22.03 14:00,295.988
86,22.03 15:00,296.116
86,22.03 16:00,282.109
86,22.03 17:00,271.329
86,22.03 18:00,269.53
86,22.03 19:00,264.681
86,22.03 20:00,247.918
86,22.03 21:00,245.878
86,22.03 22:00,246.453
86,22.03 23:00,247.964
86,23.03 00:00,246.86
86,23.03 01:00,243.665
86,23.03 02:00,247.907
86,23.03 03:00,244.622
86,23.03 04:00,246.87
86,23.03 05:00,246.33
86,23.03 06:00,247.519
86,23.03 07:00,251.59
86,23.03 08:00,284.819
86,23.03 09:00,293.925
86,23.03 10:00,301.207
86,23.03 11:00,293.902
86,23.03 12:00,296.572
86,23.03 13:00,288.182
86,23.03 14:00,289.521
86,23.03 15:00,290.625
86,23.03 16:00,285.865
86,23.03 17:00,265.226
86,23.03 18:00,260.715
86,23.03 19:00,259.917
86,23.03 20:00,244.53
86,23.03 21:00,243.14
86,23.03 22:00,241.956
86,23.03 23:00,245.797
86,24.03 00:00,243.062
86,24.03 01:00,242.247
86,24.03 02:00,253.385
86,24.03 03:00,240.955
86,24.03 04:00,244.738
86,24.03 05:00,241.825
86,24.03 06:00,244.93
86,24.03 07:00,248.9
86,24.03 08:00,281.564
86,24.03 09:00,289.664
86,24.03 10:00,295.21
86,24.03 11:00,296.191
86,24.03 12:00,297.785
86,24.03 13:00,293.354
86,24.03 14:00,294.885
86,24.03 15:00,296.805
86,24.03 16:00,287.585
86,24.03 17:00,277.008
86,24.03 18:00,265.896
86,24.03 19:00,265.764
86,24.03 20:00,250.659
86,24.03 21:00,244.953
86,24.03 22:00,248.057
86,24.03 23:00,249.808
86,25.03 00:00,248.059
86,25.03 01:00,247.791
86,25.03 02:00,250.074
86,25.03 03:00,251.405
86,25.03 04:00,248.91
86,25.03 05:00,250.5
86,25.03 06:00,251.022
86,25.03 07:00,240.709
86,25.03 08:00,281.306
86,25.03 09:00,298.125
86,25.03 10:00,295.551
86,25.03 11:00,289.874
86,25.03 12:00,298.516
86,25.03 13:00,276.594
86,25.03 14:00,289.5
86,25.03 15:00,290.793
86,25.03 16:00,285.96
86,25.03 17:00,265.821
86,25.03 18:00,256.663
86,25.03 19:00,257.497
86,25.03 20:00,243.841
86,25.03 21:00,243.499
86,25.03 22:00,244.952
86,25.03 23:00,243.201
86,26.03 00:00,246.123
86,26.03 01:00,244.453
86,26.03 02:00,247.365
86,26.03 03:00,248.696
86,26.03 04:00,246.314
86,26.03 05:00,245.952
86,26.03 06:00,246.506
86,26.03 07:00,249.195
86,26.03 08:00,261.803
86,26.03 09:00,263.08
86,26.03 10:00,266.295
86,26.03 11:00,263.808
86,26.03 12:00,260.626
86,26.03 13:00,260.726
86,26.03 14:00,260.978
86,26.03 15:00,257.817
86,26.03 16:00,257.386
86,26.03 17:00,258.657
86,26.03 18:00,257.031
86,26.03 19:00,257.968
86,26.03 20:00,244.78
86,26.03 21:00,241.906
86,26.03 22:00,245.362
86,26.03 23:00,245.816
86,27.03 00:00,244.036
86,27.03 01:00,244.051
86,27.03 02:00,246.173
86,27.03 03:00,246.721
86,27.03 04:00,245.949
86,27.03 05:00,246.861
86,27.03 06:00,247.521
86,27.03 07:00,245.885
86,27.03 08:00,266.855
86,27.03 09:00,262.315
86,27.03 10:00,262.72
86,27.03 11:00,257.724
86,27.03 12:00,259.245
86,27.03 13:00,255.423
86,27.03 14:00,258.074
86,27.03 15:00,257.736
86,27.03 16:00,257.437
86,27.03 17:00,258.206
86,27.03 18:00,258.997
86,27.03 19:00,255.788
86,27.03 20:00,243.003
86,27.03 21:00,241.147
86,27.03 22:00,242.368
86,27.03 23:00,244.644
86,28.03 00:00,248.135
86,28.03 01:00,244.872
86,28.03 02:00,246.944
86,28.03 03:00,246.756
86,28.03 04:00,246.485
86,28.03 05:00,247.235
86,28.03 06:00,244.907
86,28.03 07:00,246.801
86,28.03 08:00,274.81
86,28.03 09:00,288.143
86,28.03 10:00,293.467
86,28.03 11:00,293.435
86,28.03 12:00,296.646
86,28.03 13:00,284.186
86,28.03 14:00,291.253
86,28.03 15:00,293.02
86,28.03 16:00,289.144
86,28.03 17:00,268.301
86,28.03 18:00,264.493
86,28.03 19:00,261.672
86,28.03 20:00,244.057
86,28.03 21:00,242.648
86,28.03 22:00,243.612
86,28.03 23:00,243.623
86,29.03 00:00,246.166
86,29.03 01:00,244.342
86,29.03 02:00,245.821
86,29.03 03:00,245.171
86,29.03 04:00,247.034
86,29.03 05:00,244.937
86,29.03 06:00,245.737
86,29.03 07:00,248.635
86,29.03 08:00,282.579
86,29.03 09:00,289.68
86,29.03 10:00,293.763
86,29.03 11:00,293.924
86,29.03 12:00,0.0
86,29.03 13:00,0.0
86,29.03 14:00,294.904
86,29.03 15:00,291.746
86,29.03 16:00,273.184
86,29.03 17:00,274.061
86,29.03 18:00,263.438
86,29.03 19:00,260.48
86,29.03 20:00,247.175
86,29.03 21:00,246.614
86,29.03 22:00,243.495
86,29.03 23:00,242.808
86,30.03 00:00,246.088
86,30.03 01:00,247.039
86,30.03 02:00,0.0
86,30.03 03:00,0.0
86,30.03 04:00,0.0
86,30.03 05:00,0.0
86,30.03 06:00,0.0
86,30.03 07:00,0.0
86,30.03 08:00,0.0
86,30.03 09:00,0.0
86,30.03 11:00,290.903
86,30.03 12:00,294.009
86,30.03 13:00,285.671
86,30.03 14:00,295.679
86,30.03 15:00,295.079
86,30.03 16:00,285.236
86,30.03 17:00,269.67
86,30.03 18:00,265.656
86,30.03 19:00,258.97
86,30.03 20:00,244.842
86,30.03 21:00,244.805
86,30.03 22:00,244.117
86,30.03 23:00,243.112
86,31.03 00:00,244.062
86,31.03 01:00,241.344
86,31.03 02:00,246.04
86,31.03 03:00,245.629
86,31.03 04:00,244.212
86,31.03 05:00,244.079
86,31.03 06:00,242.504
86,31.03 07:00,244.673
86,31.03 08:00,278.534
86,31.03 09:00,286.9
86,31.03 10:00,291.401
86,31.03 11:00,285.914
86,31.03 12:00,290.587
86,31.03 13:00,281.444
86,31.03 14:00,288.923
86,31.03 15:00,290.365
86,31.03 16:00,280.016
86,31.03 17:00,261.73
86,31.03 18:00,258.812
86,31.03 19:00,256.351
86,31.03 20:00,241.502
86,31.03 21:00,242.116
86,31.03 22:00,239.121
86,31.03 23:00,243.868
86,01.04 00:00,240.373
86,01.04 01:00,243.259
86,01.04 02:00,243.967
86,01.04 03:00,243.241
86,01.04 04:00,244.092
86,01.04 05:00,246.116
86,01.04 06:00,247.924
86,01.04 07:00,245.533
86,01.04 08:00,276.227
86,01.04 09:00,284.022
86,01.04 10:00,290.642
86,01.04 11:00,290.74
86,01.04 12:00,289.994
86,01.04 13:00,287.682
86,01.04 14:00,289.968
86,01.04 15:00,275.89
86,01.04 16:00,270.802
86,01.04 17:00,265.938
86,01.04 18:00,262.282
86,01.04 19:00,259.903
86,01.04 20:00,245.708
86,01.04 21:00,246.189
86,01.04 22:00,245.675
86,01.04 23:00,247.13
86,02.04 00:00,248.981
86,02.04 01:00,245.877
86,02.04 02:00,244.473
86,02.04 03:00,246.315
86,02.04 04:00,245.812
86,02.04 05:00,245.879
86,02.04 06:00,248.68
86,02.04 07:00,246.793
86,02.04 08:00,258.786
86,02.04 09:00,263.47
86,02.04 10:00,264.897
86,02.04 11:00,266.932
86,02.04 12:00,262.042
86,02.04 13:00,260.177
86,02.04 14:00,257.812
86,02.04 15:00,260.768
86,02.04 16:00,260.629
86,02.04 17:00,258.019
86,02.04 18:00,256.845
86,02.04 19:00,255.974
86,02.04 20:00,245.73
86,02.04 21:00,244.026
86,02.04 22:00,242.144
86,02.04 23:00,255.017
86,03.04 00:00,243.237
86,03.04 01:00,246.611
86,03.04 02:00,248.035
86,03.04 03:00,249.141
86,03.04 04:00,249.087
86,03.04 05:00,247.906
86,03.04 06:00,248.555
86,03.04 07:00,250.169
86,03.04 08:00,260.217
86,03.04 09:00,263.997
86,03.04 10:00,261.886
86,03.04 11:00,260.833
86,03.04 12:00,258.761
86,03.04 13:00,262.172
86,03.04 14:00,258.43
86,03.04 15:00,259.439
86,03.04 16:00,258.967
86,03.04 17:00,255.402
86,03.04 18:00,255.267
86,03.04 19:00,253.772
86,03.04 20:00,243.889
86,03.04 21:00,243.142
86,03.04 22:00,243.718
86,03.04 23:00,245.028
86,04.04 00:00,244.517
86,04.04 01:00,244.758
86,04.04 02:00,248.428
86,04.04 03:00,247.877
86,04.04 04:00,248.753
86,04.04 05:00,246.946
86,04.04 06:00,249.091
86,04.04 07:00,249.963
86,04.04 08:00,270.312
86,04.04 09:00,293.033
86,04.04 10:00,294.334
86,04.04 11:00,290.594
86,04.04 12:00,292.965
86,04.04 13:00,288.662
86,04.04 14:00,294.413
86,04.04 15:00,287.571
86,04.04 16:00,283.077
86,04.04 17:00,275.91
86,04.04 18:00,273.847
86,04.04 19:00,267.17
86,04.04 20:00,254.529
86,04.04 21:00,250.191
86,04.04 22:00,255.096
86,04.04 23:00,252.087
86,05.04 00:00,255.07
86,05.04 01:00,251.586
86,05.04 02:00,256.685
86,05.04 03:00,255.424
86,05.04 04:00,255.893
86,05.04 05:00,254.907
86,05.04 06:00,256.843
86,05.04 07:00,260.234
86,05.04 08:00,286.259
86,05.04 09:00,293.636
86,05.04 10:00,296.286
86,05.04 11:00,291.098
86,05.04 12:00,296.813
86,05.04 13:00,286.472
86,05.04 14:00,294.408
86,05.04 15:00,290.617
86,05.04 16:00,276.098
86,05.04 17:00,266.664
86,05.04 18:00,264.27
86,05.04 19:00,260.498
86,05.04 20:00,246.909
86,05.04 21:00,246.456
86,05.04 22:00,243.862
86,05.04 23:00,246.84
86,06.04 00:00,246.007
86,06.04 01:00,247.821
86,06.04 02:00,249.049
86,06.04 03:00,249.927
86,06.04 04:00,249.499
86,06.04 05:00,248.783
86,06.04 06:00,248.304
86,06.04 07:00,251.053
86,06.04 08:00,233.553
86,06.04 09:00,250.065
86,06.04 10:00,252.717
86,06.04 11:00,243.177
86,06.04 12:00,254.308
86,06.04 13:00,247.802
86,06.04 14:00,256.049
86,06.04 15:00,254.34
86,06.04 16:00,249.71
86,06.04 17:00,229.965
86,06.04 18:00,225.042
86,06.04 19:00,218.07
86,06.04 20:00,206.67
86,06.04 21:00,204.511
86,06.04 22:00,204.434
86,06.04 23:00,203.65
86,07.04 00:00,201.874
86,07.04 01:00,196.839
86,07.04 02:00,198.457
86,07.04 03:00,199.54
86,07.04 04:00,197.208
86,07.04 05:00,197.478
86,07.04 06:00,188.845
86,07.04 07:00,198.978
86,07.04 08:00,235.357
86,07.04 09:00,240.186
86,07.04 10:00,250.622
86,07.04 11:00,249.103
86,07.04 12:00,264.277
86,07.04 13:00,246.409
86,07.04 14:00,254.651
86,07.04 15:00,254.172
86,07.04 16:00,243.883
86,07.04 17:00,224.749
86,07.04 18:00,221.906
86,07.04 19:00,219.54
86,07.04 20:00,206.155
86,07.04 21:00,205.091
86,07.04 22:00,206.167
86,07.04 23:00,207.714
86,08.04 00:00,204.449
86,08.04 01:00,204.462
86,08.04 02:00,201.728
86,08.04 03:00,201.308
86,08.04 04:00,202.518
86,08.04 05:00,198.409
86,08.04 06:00,198.317
86,08.04 07:00,201.056
86,08.04 08:00,225.538
86,08.04 09:00,240.466
86,08.04 10:00,249.938
86,08.04 11:00,246.206
86,08.04 12:00,249.098
86,08.04 13:00,240.143
86,08.04 14:00,247.79
86,08.04 15:00,248.027
86,08.04 16:00,237.01
86,08.04 17:00,224.351
86,08.04 18:00,223.256
86,08.04 19:00,220.944
86,08.04 20:00,206.913
86,08.04 21:00,204.001
86,08.04 22:00,203.031
86,08.04 23:00,203.989
86,09.04 00:00,203.654
86,09.04 01:00,202.842
86,09.04 02:00,204.904
86,09.04 03:00,205.127
86,09.04 04:00,203.032
86,09.04 05:00,200.413
86,09.04 06:00,203.93
86,09.04 07:00,200.461
86,09.04 08:00,212.626
86,09.04 09:00,210.428
86,09.04 10:00,213.4
86,09.04 11:00,213.606
86,09.04 12:00,213.597
86,09.04 13:00,216.85
86,09.04 14:00,217.268
86,09.04 15:00,219.472
86,09.04 16:00,218.364
86,09.04 17:00,219.502
86,09.04 18:00,218.75
86,09.04 19:00,217.589
86,09.04 20:00,206.026
86,09.04 21:00,205.712
86,09.04 22:00,204.567
86,09.04 23:00,204.14
86,10.04 00:00,208.397
86,10.04 01:00,204.382
86,10.04 02:00,207.386
86,10.04 03:00,208.479
86,10.04 04:00,209.03
86,10.04 05:00,207.456
86,10.04 06:00,207.98
86,10.04 07:00,207.993
86,10.04 08:00,221.727
86,10.04 09:00,221.542
86,10.04 10:00,222.088
86,10.04 11:00,223.041
86,10.04 12:00,221.718
86,10.04 13:00,225.008
86,10.04 14:00,222.195
86,10.04 15:00,227.041
86,10.04 16:00,225.104
86,10.04 17:00,225.833
86,10.04 18:00,224.882
86,10.04 19:00,221.434
86,10.04 20:00,211.183
86,10.04 21:00,208.002
86,10.04 22:00,209.092
86,10.04 23:00,210.282
86,11.04 00:00,210.54
86,11.04 01:00,211.625
86,11.04 02:00,213.596
86,11.04 03:00,213.878
86,11.04 04:00,212.325
86,11.04 05:00,211.328
86,11.04 06:00,213.64
86,11.04 07:00,214.284
86,11.04 08:00,238.985
86,11.04 09:00,260.777
86,11.04 10:00,265.439
86,11.04 11:00,258.232
86,11.04 12:00,262.785
86,11.04 13:00,253.388
86,11.04 14:00,254.83
86,11.04 15:00,258.093
86,11.04 16:00,248.955
86,11.04 17:00,232.696
86,11.04 18:00,225.99
86,11.04 19:00,228.138
86,11.04 20:00,209.091
86,11.04 21:00,209.084
86,11.04 22:00,212.29
86,11.04 23:00,213.47
86,12.04 00:00,210.769
86,12.04 01:00,210.766
86,12.04 02:00,212.483
86,12.04 03:00,208.056
86,12.04 04:00,202.556
86,12.04 05:00,205.991
86,12.04 06:00,204.761
86,12.04 07:00,204.026
86,12.04 08:00,236.215
86,12.04 09:00,245.849
86,12.04 10:00,250.667
86,12.04 11:00,250.522
86,12.04 12:00,251.319
86,12.04 13:00,249.903
86,12.04 14:00,252.493
86,12.04 15:00,256.83
86,12.04 16:00,247.297
86,12.04 17:00,238.011
86,12.04 18:00,233.253
86,12.04 19:00,224.532
86,12.04 20:00,210.625
86,12.04 21:00,213.296
86,12.04 22:00,209.141
86,12.04 23:00,213.724
86,13.04 00:00,208.725
86,13.04 01:00,207.262
86,13.04 02:00,211.215
86,13.04 03:00,211.882
86,13.04 04:00,210.651
86,13.04 05:00,208.688
86,13.04 06:00,210.849
86,13.04 07:00,213.925
86,13.04 08:00,239.573
86,13.04 09:00,247.377
86,13.04 10:00,254.032
86,13.04 11:00,252.319
86,13.04 12:00,256.381
86,13.04 13:00,248.854
86,13.04 14:00,258.497
86,13.04 15:00,250.815
86,13.04 16:00,236.04
86,13.04 17:00,230.485
86,13.04 18:00,226.955
86,13.04 19:00,221.446
86,13.04 20:00,208.931
86,13.04 21:00,206.937
86,13.04 22:00,201.619
86,13.04 23:00,207.612
86,14.04 00:00,201.814
86,14.04 01:00,200.382
86,14.04 02:00,202.375
86,14.04 03:00,205.365
86,14.04 04:00,200.81
86,14.04 05:00,196.475
86,14.04 06:00,197.74
86,14.04 07:00,197.233
86,14.04 08:00,228.768
86,14.04 09:00,246.697
86,14.04 10:00,250.955
86,14.04 11:00,246.387
86,14.04 12:00,255.966
86,14.04 13:00,245.67
86,14.04 14:00,253.831
86,14.04 15:00,251.172
86,14.04 16:00,245.413
86,14.04 17:00,229.874
86,14.04 18:00,225.644
86,14.04 19:00,222.779
86,14.04 20:00,211.375
86,14.04 21:00,207.263
86,14.04 22:00,202.089
86,14.04 23:00,202.426
86,15.04 00:00,205.755
86,15.04 01:00,204.448
86,15.04 02:00,202.688
86,15.04 03:00,203.163
86,15.04 04:00,202.071
86,15.04 05:00,200.468
86,15.04 06:00,202.026
86,15.04 07:00,202.776
86,15.04 08:00,225.515
86,15.04 09:00,244.016
86,15.04 10:00,253.382
86,15.04 11:00,249.003
86,15.04 12:00,255.829
86,15.04 13:00,246.618
86,15.04 14:00,252.57
86,15.04 15:00,250.308
86,15.04 16:00,237.679
86,15.04 17:00,229.291
86,15.04 18:00,226.629
86,15.04 19:00,222.015
86,15.04 20:00,213.617
86,15.04 21:00,212.132
86,15.04 22:00,209.097
86,15.04 23:00,213.955
86,16.04 00:00,211.116
86,16.04 01:00,209.196
86,16.04 02:00,213.445
86,16.04 03:00,213.638
86,16.04 04:00,212.036
86,16.04 05:00,209.262
86,16.04 06:00,211.302
86,16.04 07:00,209.103
86,16.04 08:00,223.515
86,16.04 09:00,226.419
86,16.04 10:00,226.558
86,16.04 11:00,228.488
86,16.04 12:00,228.202
86,16.04 13:00,229.189
86,16.04 14:00,232.931
86,16.04 15:00,230.61
86,16.04 16:00,229.774
86,16.04 17:00,228.835
86,16.04 18:00,230.446
86,16.04 19:00,229.896
86,16.04 20:00,217.608
86,16.04 21:00,214.002
86,16.04 22:00,216.505
86,16.04 23:00,217.395
86,17.04 00:00,215.414
86,17.04 01:00,219.118
86,17.04 02:00,217.812
86,17.04 03:00,214.129
86,17.04 04:00,216.044
86,17.04 05:00,218.875
86,17.04 06:00,216.299
86,17.04 07:00,216.717
86,17.04 08:00,229.976
86,17.04 09:00,233.008
86,17.04 10:00,232.916
86,17.04 11:00,235.832
86,17.04 12:00,234.488
86,17.04 13:00,233.32
86,17.04 14:00,233.44
86,17.04 15:00,231.739
86,17.04 16:00,232.817
86,17.04 17:00,232.048
86,17.04 18:00,227.126
86,17.04 19:00,224.7
86,17.04 20:00,213.017
86,17.04 21:00,213.053
86,17.04 22:00,212.324
86,17.04 23:00,213.965
86,18.04 00:00,215.286
86,18.04 01:00,217.052
86,18.04 02:00,218.609
86,18.04 03:00,216.253
86,18.04 04:00,218.109
86,18.04 05:00,216.523
86,18.04 06:00,217.049
86,18.04 07:00,216.798
86,18.04 08:00,229.311
86,18.04 09:00,245.989
86,18.04 10:00,251.746
86,18.04 11:00,254.66
86,18.04 12:00,260.511
86,18.04 13:00,253.558
86,18.04 14:00,256.798
86,18.04 15:00,247.186
86,18.04 16:00,255.015
86,18.04 17:00,235.51
86,18.04 18:00,237.082
86,18.04 19:00,226.155
86,18.04 20:00,215.178
86,18.04 21:00,211.257
86,18.04 22:00,213.038
86,18.04 23:00,214.011
86,19.04 00:00,211.718
86,19.04 01:00,210.429
86,19.04 02:00,211.232
86,19.04 03:00,213.32
86,19.04 04:00,212.656
86,19.04 05:00,211.575
86,19.04 06:00,212.449
86,19.04 07:00,214.393
86,19.04 08:00,237.546
86,19.04 09:00,257.121
86,19.04 10:00,270.863
86,19.04 11:00,261.804
86,19.04 12:00,264.894
86,19.04 13:00,254.919
86,19.04 14:00,258.844
86,19.04 15:00,255.765
86,19.04 16:00,256.631
86,19.04 17:00,234.33
86,19.04 18:00,230.798
86,19.04 19:00,228.889
86,19.04 20:00,217.272
86,19.04 21:00,213.345
86,19.04 22:00,212.992
86,19.04 23:00,211.978
86,20.04 00:00,213.919
86,20.04 01:00,216.678
86,20.04 02:00,214.597
86,20.04 03:00,218.371
86,20.04 04:00,214.081
86,20.04 05:00,215.169
86,20.04 06:00,216.288
86,20.04 07:00,218.686
86,20.04 08:00,241.399
86,20.04 09:00,249.446
86,20.04 10:00,253.048
86,20.04 11:00,254.668
86,20.04 12:00,254.875
86,20.04 13:00,251.488
86,20.04 14:00,261.759
86,20.04 15:00,256.003
86,20.04 16:00,245.129
86,20.04 17:00,236.054
86,20.04 18:00,233.884
86,20.04 19:00,227.688
86,20.04 20:00,215.37
86,20.04 21:00,213.786
86,20.04 22:00,214.194
86,20.04 23:00,214.166
86,21.04 00:00,213.354
86,21.04 01:00,211.33
86,21.04 02:00,212.336
86,21.04 03:00,215.566
86,21.04 04:00,215.022
86,21.04 05:00,213.674
86,21.04 06:00,213.096
86,21.04 07:00,216.845
86,21.04 08:00,239.038
86,21.04 09:00,254.963
86,21.04 10:00,255.478
86,21.04 11:00,255.782
86,21.04 12:00,256.218
86,21.04 13:00,247.93
86,21.04 14:00,254.059
86,21.04 15:00,254.375
86,21.04 16:00,251.393
86,21.04 17:00,235.388
86,21.04 18:00,237.6
86,21.04 19:00,231.07
86,21.04 20:00,218.329
86,21.04 21:00,215.069
86,21.04 22:00,215.663
86,21.04 23:00,213.467
86,22.04 00:00,214.546
86,22.04 01:00,212.525
86,22.04 02:00,211.386
86,22.04 03:00,213.479
86,22.04 04:00,211.293
86,22.04 05:00,207.253
86,22.04 06:00,205.997
86,22.04 07:00,207.995
86,22.04 08:00,237.019
86,22.04 09:00,247.384
86,22.04 10:00,253.169
86,22.04 11:00,251.908
86,22.04 12:00,259.883
86,22.04 13:00,243.906
86,22.04 14:00,251.912
86,22.04 15:00,248.963
86,22.04 16:00,241.548
86,22.04 17:00,229.967
86,22.04 18:00,227.54
86,22.04 19:00,222.898
86,22.04 20:00,211.896
86,22.04 21:00,210.353
86,22.04 22:00,209.775
86,22.04 23:00,208.336
86,23.04 00:00,205.443
86,23.04 01:00,205.064
86,23.04 02:00,206.167
86,23.04 03:00,205.164
86,23.04 04:00,205.612
86,23.04 05:00,202.687
86,23.04 06:00,203.504
86,23.04 07:00,211.139
86,23.04 08:00,215.753
86,23.04 09:00,217.524
86,23.04 10:00,220.931
86,23.04 11:00,229.224
86,23.04 12:00,226.204
86,23.04 13:00,224.061
86,23.04 14:00,222.513
86,23.04 15:00,224.972
86,23.04 16:00,222.248
86,23.04 17:00,221.432
86,23.04 18:00,222.927
86,23.04 19:00,221.022
86,23.04 20:00,207.608
86,23.04 21:00,214.226
86,23.04 22:00,206.581
86,23.04 23:00,208.42
86,24.04 00:00,211.684
86,24.04 01:00,212.69
86,24.04 02:00,210.952
86,24.04 03:00,212.05
86,24.04 04:00,208.846
86,24.04 05:00,207.759
86,24.04 06:00,208.057
86,24.04 07:00,208.256
86,24.04 08:00,220.733
86,24.04 09:00,219.45
86,24.04 10:00,226.055
86,24.04 11:00,227.896
86,24.04 12:00,224.041
86,24.04 13:00,229.751
86,24.04 14:00,229.357
86,24.04 15:00,228.434
86,24.04 16:00,231.412
86,24.04 17:00,226.933
86,24.04 18:00,227.58
86,24.04 19:00,229.382
86,24.04 20:00,217.04
86,24.04 21:00,214.121
86,24.04 22:00,215.116
86,24.04 23:00,214.414
86,25.04 00:00,216.879
86,25.04 01:00,215.39
86,25.04 02:00,217.113
86,25.04 03:00,216.639
86,25.04 04:00,215.597
86,25.04 05:00,216.931
86,25.04 06:00,219.667
86,25.04 07:00,226.082
86,25.04 08:00,243.757
86,25.04 09:00,261.343
86,25.04 10:00,266.897
86,25.04 11:00,265.399
86,25.04 12:00,261.607
86,25.04 13:00,254.477
86,25.04 14:00,263.212
86,25.04 15:00,263.675
86,25.04 16:00,254.729
86,25.04 17:00,242.998
86,25.04 18:00,244.037
86,25.04 19:00,240.121
86,25.04 20:00,224.321
86,25.04 21:00,218.985
86,25.04 22:00,218.36
86,25.04 23:00,216.665
86,26.04 00:00,213.534
86,26.04 01:00,211.442
86,26.04 02:00,211.936
86,26.04 03:00,216.836
86,26.04 04:00,215.096
86,26.04 05:00,213.992
86,26.04 06:00,218.985
86,26.04 07:00,216.131
86,26.04 08:00,243.201
86,26.04 09:00,261.124
86,26.04 10:00,261.439
86,26.04 11:00,259.644
86,26.04 12:00,267.609
86,26.04 13:00,256.017
86,26.04 14:00,260.972
86,26.04 15:00,260.126
86,26.04 16:00,263.371
86,26.04 17:00,243.421
86,26.04 18:00,240.562
86,26.04 19:00,237.066
86,26.04 20:00,220.696
86,26.04 21:00,215.075
86,26.04 22:00,220.584
86,26.04 23:00,218.049
86,27.04 00:00,217.743
86,27.04 01:00,217.706
86,27.04 02:00,218.921
86,27.04 03:00,216.906
86,27.04 04:00,213.919
86,27.04 05:00,213.855
86,27.04 06:00,212.215
86,27.04 07:00,216.825
86,27.04 08:00,234.494
86,27.04 09:00,258.312
86,27.04 10:00,261.4
86,27.04 11:00,259.707
86,27.04 12:00,259.645
86,27.04 13:00,251.688
86,27.04 14:00,260.882
86,27.04 15:00,254.51
86,27.04 16:00,246.922
86,27.04 17:00,228.119
86,27.04 18:00,221.259
86,27.04 19:00,217.496
86,27.04 20:00,200.72
86,27.04 21:00,198.291
86,27.04 22:00,204.308
86,27.04 23:00,208.024
86,28.04 00:00,207.872
86,28.04 01:00,204.691
86,28.04 02:00,208.026
86,28.04 03:00,208.053
86,28.04 04:00,213.367
86,28.04 05:00,209.588
86,28.04 06:00,215.721
86,28.04 07:00,216.598
86,28.04 08:00,243.189
86,28.04 09:00,259.841
86,28.04 10:00,263.864
86,28.04 11:00,259.278
86,28.04 12:00,262.213
86,28.04 13:00,256.565
86,28.04 14:00,264.531
86,28.04 15:00,260.836
86,28.04 16:00,250.066
86,28.04 17:00,236.896
86,28.04 18:00,238.606
86,28.04 19:00,235.952
86,28.04 20:00,223.381
86,28.04 21:00,216.529
86,28.04 22:00,217.032
86,28.04 23:00,222.187
86,29.04 00:00,215.946
86,29.04 01:00,214.896
86,29.04 02:00,215.52
86,29.04 03:00,215.758
86,29.04 04:00,215.565
86,29.04 05:00,215.902
86,29.04 06:00,220.618
86,29.04 07:00,218.049
86,29.04 08:00,245.586
86,29.04 09:00,262.046
86,29.04 10:00,265.092
86,29.04 11:00,264.194
86,29.04 12:00,264.92
86,29.04 13:00,258.581
86,29.04 14:00,263.27
86,29.04 15:00,263.357
86,29.04 16:00,260.383
86,29.04 17:00,244.791
86,29.04 18:00,240.001
86,29.04 19:00,236.151
86,29.04 20:00,218.87
86,29.04 21:00,216.425
86,29.04 22:00,217.414
86,29.04 23:00,217.67
86,30.04 00:00,217.522
86,30.04 01:00,218.131
86,30.04 02:00,217.907
86,30.04 03:00,216.574
86,30.04 04:00,220.974
86,30.04 05:00,217.713
86,30.04 06:00,215.811
86,30.04 07:00,215.952
86,30.04 08:00,227.961
86,30.04 09:00,230.509
86,30.04 10:00,232.109
86,30.04 11:00,233.974
86,30.04 12:00,230.146
86,30.04 13:00,229.355
86,30.04 14:00,230.18
86,30.04 15:00,228.408
86,30.04 16:00,232.142
86,30.04 17:00,226.392
86,30.04 18:00,226.002
86,30.04 19:00,227.226
86,30.04 20:00,214.981
86,30.04 21:00,213.531
86,30.04 22:00,213.89
86,30.04 23:00,213.624
86,01.05 00:00,214.269
86,01.05 01:00,212.711
86,01.05 02:00,213.67
86,01.05 03:00,214.112
86,01.05 04:00,211.538
86,01.05 05:00,209.429
86,01.05 06:00,213.847
86,01.05 07:00,211.314
86,01.05 08:00,223.943
86,01.05 09:00,226.74
86,01.05 10:00,225.401
86,01.05 11:00,226.618
86,01.05 12:00,227.804
86,01.05 13:00,227.277
86,01.05 14:00,226.526
86,01.05 15:00,228.912
86,01.05 16:00,223.628
86,01.05 17:00,222.888
86,01.05 18:00,222.742
86,01.05 19:00,220.087
86,01.05 20:00,210.924
86,01.05 21:00,207.446
86,01.05 22:00,209.073
86,01.05 23:00,207.175
86,02.05 00:00,204.801
86,02.05 01:00,206.471
86,02.05 02:00,205.414
86,02.05 03:00,207.544
86,02.05 04:00,207.036
86,02.05 05:00,207.809
86,02.05 06:00,206.044
86,02.05 07:00,207.964
86,02.05 08:00,233.949
86,02.05 09:00,246.646
86,02.05 10:00,251.473
86,02.05 11:00,250.509
86,02.05 12:00,256.362
86,02.05 13:00,244.581
86,02.05 14:00,252.203
86,02.05 15:00,248.286
86,02.05 16:00,238.593
86,02.05 17:00,236.95
86,02.05 18:00,231.727
86,02.05 19:00,224.201
86,02.05 20:00,211.849
86,02.05 21:00,209.042
86,02.05 22:00,208.66
86,02.05 23:00,210.267
86,03.05 00:00,209.514
86,03.05 01:00,210.359
86,03.05 02:00,211.62
86,03.05 03:00,211.146
86,03.05 04:00,203.435
86,03.05 05:00,202.491
86,03.05 06:00,202.686
86,03.05 07:00,203.52
86,03.05 08:00,236.328
86,03.05 09:00,249.071
86,03.05 10:00,254.521
86,03.05 11:00,258.685
86,03.05 12:00,256.79
86,03.05 13:00,247.125
86,03.05 14:00,255.388
86,03.05 15:00,257.428
86,03.05 16:00,250.941
86,03.05 17:00,235.825
86,03.05 18:00,237.653
86,03.05 19:00,232.351
86,03.05 20:00,217.677
86,03.05 21:00,211.592
86,03.05 22:00,206.042
86,03.05 23:00,210.017
86,04.05 00:00,209.512
86,04.05 01:00,208.96
86,04.05 02:00,208.504
86,04.05 03:00,207.445
86,04.05 04:00,202.25
86,04.05 05:00,204.378
86,04.05 06:00,201.867
86,04.05 07:00,207.009
86,04.05 08:00,236.524
86,04.05 09:00,255.184
86,04.05 10:00,257.357
86,04.05 11:00,255.08
86,04.05 12:00,260.811
86,04.05 13:00,250.214
86,04.05 14:00,254.054
86,04.05 15:00,242.752
86,04.05 16:00,243.018
86,04.05 17:00,237.945
86,04.05 18:00,236.047
86,04.05 19:00,227.886
86,04.05 20:00,216.443
86,04.05 21:00,214.063
86,04.05 22:00,211.553
86,04.05 23:00,211.551
86,05.05 00:00,213.645
86,05.05 01:00,211.06
86,05.05 02:00,211.805
86,05.05 03:00,213.358
86,05.05 04:00,210.575
86,05.05 05:00,203.785
86,05.05 06:00,208.321
86,05.05 07:00,208.023
86,05.05 08:00,245.205
86,05.05 09:00,257.235
86,05.05 10:00,259.108
86,05.05 11:00,257.28
86,05.05 12:00,263.008
86,05.05 13:00,252.582
86,05.05 14:00,257.262
86,05.05 15:00,250.784
86,05.05 16:00,250.143
86,05.05 17:00,223.95
86,05.05 18:00,220.01
86,05.05 19:00,219.699
86,05.05 20:00,201.907
86,05.05 21:00,202.245
86,05.05 22:00,206.042
86,05.05 23:00,207.408
86,06.05 00:00,207.02
86,06.05 01:00,211.939
86,06.05 02:00,210.32
86,06.05 03:00,211.099
86,06.05 04:00,206.015
86,06.05 05:00,204.881
86,06.05 06:00,205.221
86,06.05 07:00,207.554
86,06.05 08:00,236.063
86,06.05 09:00,251.748
86,06.05 10:00,257.383
86,06.05 11:00,253.131
86,06.05 12:00,254.818
86,06.05 13:00,248.931
86,06.05 14:00,254.817
86,06.05 15:00,252.226
86,06.05 16:00,244.93
86,06.05 17:00,231.117
86,06.05 18:00,230.708
86,06.05 19:00,224.167
86,06.05 20:00,208.998
86,06.05 21:00,205.546
86,06.05 22:00,205.808
86,06.05 23:00,209.844
86,07.05 00:00,209.032
86,07.05 01:00,209.432
86,07.05 02:00,208.655
86,07.05 03:00,215.048
86,07.05 04:00,213.979
86,07.05 05:00,213.362
86,07.05 06:00,209.706
86,07.05 07:00,208.594
86,07.05 08:00,220.927
86,07.05 09:00,224.212
86,07.05 10:00,228.781
86,07.05 11:00,229.419
86,07.05 12:00,222.721
86,07.05 13:00,220.68
86,07.05 14:00,217.045
86,07.05 15:00,222.078
86,07.05 16:00,219.715
86,07.05 17:00,220.474
86,07.05 18:00,218.804
86,07.05 19:00,218.896
86,07.05 20:00,209.162
86,07.05 21:00,207.409
86,07.05 22:00,210.835
86,07.05 23:00,210.344
86,08.05 00:00,211.135
86,08.05 01:00,212.469
86,08.05 02:00,211.153
86,08.05 03:00,213.914
86,08.05 04:00,214.104
86,08.05 05:00,212.907
86,08.05 06:00,215.769
86,08.05 07:00,215.392
86,08.05 08:00,226.079
86,08.05 09:00,233.402
86,08.05 10:00,233.316
86,08.05 11:00,230.861
86,08.05 12:00,230.529
86,08.05 13:00,235.418
86,08.05 14:00,234.119
86,08.05 15:00,233.49
86,08.05 16:00,233.29
86,08.05 17:00,232.064
86,08.05 18:00,234.091
86,08.05 19:00,231.611
86,08.05 20:00,217.58
86,08.05 21:00,215.916
86,08.05 22:00,214.243
86,08.05 23:00,218.763
86,09.05 00:00,215.942
86,09.05 01:00,216.932
86,09.05 02:00,215.576
86,09.05 03:00,220.432
86,09.05 04:00,215.261
86,09.05 05:00,216.735
86,09.05 06:00,219.382
86,09.05 07:00,219.074
86,09.05 08:00,248.393
86,09.05 09:00,263.951
86,09.05 10:00,265.631
86,09.05 11:00,265.456
86,09.05 12:00,264.621
86,09.05 13:00,257.919
86,09.05 14:00,264.455
86,09.05 15:00,266.917
86,09.05 16:00,259.396
86,09.05 17:00,244.041
86,09.05 18:00,239.172
86,09.05 19:00,232.006
86,09.05 20:00,219.527
86,09.05 21:00,217.858
86,09.05 22:00,219.448
86,09.05 23:00,219.915
86,10.05 00:00,220.981
86,10.05 01:00,220.813
86,10.05 02:00,218.964
86,10.05 03:00,224.067
86,10.05 04:00,223.24
86,10.05 05:00,222.623
86,10.05 06:00,220.612
86,10.05 07:00,222.641
86,10.05 08:00,247.58
86,10.05 09:00,259.381
86,10.05 10:00,274.495
86,10.05 11:00,267.315
86,10.05 12:00,271.926
86,10.05 13:00,264.31
86,10.05 14:00,276.165
86,10.05 15:00,267.703
86,10.05 16:00,257.788
86,10.05 17:00,244.507
86,10.05 18:00,239.813
86,10.05 19:00,238.472
86,10.05 20:00,224.041
86,10.05 21:00,220.342
86,10.05 22:00,218.01
86,10.05 23:00,222.947
86,11.05 00:00,216.568
86,11.05 01:00,215.842
86,11.05 02:00,215.104
86,11.05 03:00,217.466
86,11.05 04:00,214.915
86,11.05 05:00,217.453
86,11.05 06:00,217.305
86,11.05 07:00,220.702
86,11.05 08:00,249.134
86,11.05 09:00,257.833
86,11.05 10:00,267.92
86,11.05 11:00,0.0
86,11.05 12:00,0.0
86,11.05 13:00,0.0
86,11.05 14:00,0.0
86,11.05 15:00,0.0
86,11.05 16:00,260.282
86,11.05 17:00,244.054
86,11.05 18:00,245.937
86,11.05 19:00,238.11
86,11.05 20:00,198.788
86,11.05 21:00,0.0
86,11.05 22:00,0.0
86,11.05 23:00,0.0
86,12.05 00:00,218.354
86,12.05 01:00,218.082
86,12.05 02:00,220.912
86,12.05 03:00,222.162
86,12.05 04:00,220.088
86,12.05 05:00,221.351
86,12.05 06:00,222.504
86,12.05 07:00,223.486
86,12.05 08:00,253.746
86,12.05 09:00,265.667
86,12.05 10:00,281.671
86,12.05 11:00,274.23
86,12.05 12:00,279.187
86,12.05 13:00,262.921
86,12.05 14:00,268.711
86,12.05 15:00,268.618
86,12.05 16:00,259.964
86,12.05 17:00,242.853
86,12.05 18:00,239.059
86,12.05 19:00,237.632
86,12.05 20:00,223.395
86,12.05 21:00,218.784
86,12.05 22:00,219.34
86,12.05 23:00,220.089
86,13.05 00:00,216.003
86,13.05 01:00,217.938
86,13.05 02:00,219.665
86,13.05 03:00,217.476
86,13.05 04:00,218.827
86,13.05 05:00,218.662
86,13.05 06:00,220.427
86,13.05 07:00,217.195
86,13.05 08:00,236.226
86,13.05 09:00,254.222
86,13.05 10:00,269.606
86,13.05 11:00,270.645
86,13.05 12:00,269.287
86,13.05 13:00,258.671
86,13.05 14:00,262.425
86,13.05 15:00,261.215
86,13.05 16:00,264.153
86,13.05 17:00,247.074
86,13.05 18:00,241.198
86,13.05 19:00,238.028
86,13.05 20:00,222.969
86,13.05 21:00,221.926
86,13.05 22:00,219.126
86,13.05 23:00,222.397
86,14.05 00:00,222.907
86,14.05 01:00,220.381
86,14.05 02:00,221.725
86,14.05 03:00,221.013
86,14.05 04:00,222.265
86,14.05 05:00,221.077
86,14.05 06:00,221.827
86,14.05 07:00,222.558
86,14.05 08:00,233.84
86,14.05 09:00,235.04
86,14.05 10:00,241.282
86,14.05 11:00,241.341
86,14.05 12:00,239.331
86,14.05 13:00,238.766
86,14.05 14:00,238.969
86,14.05 15:00,238.736
86,14.05 16:00,235.72
86,14.05 17:00,235.639
86,14.05 18:00,232.825
86,14.05 19:00,229.57
86,14.05 20:00,218.617
86,14.05 21:00,214.108
86,14.05 22:00,216.151
86,14.05 23:00,216.964
86,15.05 00:00,217.552
86,15.05 01:00,217.83
86,15.05 02:00,216.126
86,15.05 03:00,214.949
86,15.05 04:00,217.591
86,15.05 05:00,214.275
86,15.05 06:00,216.733
86,15.05 07:00,218.805
86,15.05 08:00,229.761
86,15.05 09:00,230.861
86,15.05 10:00,228.847
86,15.05 11:00,230.895
86,15.05 12:00,230.489
86,15.05 13:00,233.585
86,15.05 14:00,232.363
86,15.05 15:00,234.979
86,15.05 16:00,232.461
86,15.05 17:00,234.301
86,15.05 18:00,229.852
86,15.05 19:00,231.744
86,15.05 20:00,223.657
86,15.05 21:00,217.902
86,15.05 22:00,218.942
86,15.05 23:00,218.603
86,16.05 00:00,219.702
86,16.05 01:00,221.17
86,16.05 02:00,219.295
86,16.05 03:00,222.866
86,16.05 04:00,222.325
86,16.05 05:00,220.429
86,16.05 06:00,222.16
86,16.05 07:00,225.509
86,16.05 08:00,253.374
86,16.05 09:00,272.823
86,16.05 10:00,274.25
86,16.05 11:00,270.054
86,16.05 12:00,270.354
86,16.05 13:00,262.599
86,16.05 14:00,267.82
86,16.05 15:00,264.998
86,16.05 16:00,257.782
86,16.05 17:00,247.389
86,16.05 18:00,249.081
86,16.05 19:00,236.039
86,16.05 20:00,221.459
86,16.05 21:00,218.82
86,16.05 22:00,219.073
86,16.05 23:00,219.611
86,17.05 00:00,221.179
86,17.05 01:00,219.326
86,17.05 02:00,219.907
86,17.05 03:00,220.355
86,17.05 04:00,219.27
86,17.05 05:00,220.341
86,17.05 06:00,222.624
86,17.05 07:00,223.26
86,17.05 08:00,242.182
86,17.05 09:00,262.822
86,17.05 10:00,269.132
86,17.05 11:00,264.547
86,17.05 12:00,269.852
86,17.05 13:00,259.89
86,17.05 14:00,271.791
86,17.05 15:00,268.028
86,17.05 16:00,259.641
86,17.05 17:00,241.79
86,17.05 18:00,238.761
86,17.05 19:00,238.912
86,17.05 20:00,221.628
86,17.05 21:00,221.672
86,17.05 22:00,219.769
86,17.05 23:00,219.158
86,18.05 00:00,217.986
86,18.05 01:00,218.828
86,18.05 02:00,217.79
86,18.05 03:00,218.067
86,18.05 04:00,221.506
86,18.05 05:00,215.705
86,18.05 06:00,220.222
86,18.05 07:00,220.57
86,18.05 08:00,252.667
86,18.05 09:00,265.402
86,18.05 10:00,273.631
86,18.05 11:00,282.116
86,18.05 12:00,271.105
86,18.05 13:00,260.068
86,18.05 14:00,272.594
86,18.05 15:00,264.891
86,18.05 16:00,252.125
86,18.05 17:00,249.598
86,18.05 18:00,246.137
86,18.05 19:00,240.374
86,18.05 20:00,228.906
86,18.05 21:00,220.708
86,18.05 22:00,218.712
86,18.05 23:00,218.148
86,19.05 00:00,216.624
86,19.05 01:00,211.784
86,19.05 02:00,218.179
86,19.05 03:00,220.53
86,19.05 04:00,216.645
86,19.05 05:00,215.144
86,19.05 06:00,216.085
86,19.05 07:00,217.984
86,19.05 08:00,238.308
86,19.05 09:00,261.102
86,19.05 10:00,266.214
86,19.05 11:00,262.523
86,19.05 12:00,274.416
86,19.05 13:00,262.465
86,19.05 14:00,266.737
86,19.05 15:00,265.671
86,19.05 16:00,258.328
86,19.05 17:00,244.228
86,19.05 18:00,244.018
86,19.05 19:00,256.499
86,19.05 20:00,226.158
86,19.05 21:00,225.935
86,19.05 22:00,222.082
86,19.05 23:00,219.505
86,20.05 00:00,221.073
86,20.05 01:00,219.682
86,20.05 02:00,221.795
86,20.05 03:00,217.085
86,20.05 04:00,215.527
86,20.05 05:00,216.963
86,20.05 06:00,219.444
86,20.05 07:00,219.565
86,20.05 08:00,247.981
86,20.05 09:00,263.533
86,20.05 10:00,261.708
86,20.05 11:00,269.99
86,20.05 12:00,267.846
86,20.05 13:00,260.527
86,20.05 14:00,267.833
86,20.05 15:00,266.629
86,20.05 16:00,251.98
86,20.05 17:00,247.434
86,20.05 18:00,243.02
86,20.05 19:00,241.985
86,20.05 20:00,223.808
86,20.05 21:00,219.526
86,20.05 22:00,218.456
86,20.05 23:00,220.488
86,21.05 00:00,217.414
86,21.05 01:00,219.543
86,21.05 02:00,221.337
86,21.05 03:00,222.175
86,21.05 04:00,221.579
86,21.05 05:00,219.693
86,21.05 06:00,222.487
86,21.05 07:00,220.983
86,21.05 08:00,236.965
86,21.05 09:00,237.957
86,21.05 10:00,242.787
86,21.05 11:00,238.898
86,21.05 12:00,237.639
86,21.05 13:00,237.508
86,21.05 14:00,240.091
86,21.05 15:00,240.148
86,21.05 16:00,238.632
86,21.05 17:00,238.181
86,21.05 18:00,238.902
86,21.05 19:00,236.573
86,21.05 20:00,222.046
86,21.05 21:00,220.635
86,21.05 22:00,222.307
86,21.05 23:00,220.255
86,22.05 00:00,224.345
86,22.05 01:00,222.434
86,22.05 02:00,221.281
86,22.05 03:00,219.464
86,22.05 04:00,222.974
86,22.05 05:00,221.983
86,22.05 06:00,223.056
86,22.05 07:00,221.502
86,22.05 08:00,234.928
86,22.05 09:00,237.027
86,22.05 10:00,241.587
86,22.05 11:00,237.865
86,22.05 12:00,239.961
86,22.05 13:00,240.539
86,22.05 14:00,239.917
86,22.05 15:00,241.124
86,22.05 16:00,240.012
86,22.05 17:00,242.998
86,22.05 18:00,239.612
86,22.05 19:00,229.323
86,22.05 20:00,222.96
86,22.05 21:00,224.001
86,22.05 22:00,220.947
86,22.05 23:00,224.016
86,23.05 00:00,221.819
86,23.05 01:00,219.681
86,23.05 02:00,221.153
86,23.05 03:00,222.958
86,23.05 04:00,223.031
86,23.05 05:00,222.229
86,23.05 06:00,223.147
86,23.05 07:00,225.663
86,23.05 08:00,252.971
86,23.05 09:00,265.41
86,23.05 10:00,270.767
86,23.05 11:00,265.898
86,23.05 12:00,268.212
86,23.05 13:00,259.02
86,23.05 14:00,270.062
86,23.05 15:00,267.931
86,23.05 16:00,262.555
86,23.05 17:00,244.073
86,23.05 18:00,242.878
86,23.05 19:00,237.016
86,23.05 20:00,224.461
86,23.05 21:00,224.012
86,23.05 22:00,220.881
86,23.05 23:00,224.58
86,24.05 00:00,219.046
86,24.05 01:00,220.677
86,24.05 02:00,221.581
86,24.05 03:00,222.948
86,24.05 04:00,224.332
86,24.05 05:00,222.921
86,24.05 06:00,224.558
86,24.05 07:00,224.035
86,24.05 08:00,252.105
86,24.05 09:00,269.285
86,24.05 10:00,269.026
86,24.05 11:00,264.849
86,24.05 12:00,271.643
86,24.05 13:00,264.83
86,24.05 14:00,273.014
86,24.05 15:00,263.97
86,24.05 16:00,260.79
86,24.05 17:00,243.281
86,24.05 18:00,242.482
86,24.05 19:00,241.099
86,24.05 20:00,228.374
86,24.05 21:00,222.545
86,24.05 22:00,224.491
86,24.05 23:00,216.772
86,25.05 00:00,222.24
86,25.05 01:00,222.023
86,25.05 02:00,223.344
86,25.05 03:00,224.276
86,25.05 04:00,223.16
86,25.05 05:00,225.387
86,25.05 06:00,221.049
86,25.05 07:00,227.792
86,25.05 08:00,255.73
86,25.05 09:00,270.099
86,25.05 10:00,275.868
86,25.05 11:00,267.625
86,25.05 12:00,274.378
86,25.05 13:00,267.016
86,25.05 14:00,274.845
86,25.05 15:00,272.73
86,25.05 16:00,264.5
86,25.05 17:00,248.495
86,25.05 18:00,247.867
86,25.05 19:00,244.083
86,25.05 20:00,230.312
86,25.05 21:00,227.344
86,25.05 22:00,227.34
86,25.05 23:00,224.813
86,26.05 00:00,224.426
86,26.05 01:00,227.614
86,26.05 02:00,226.738
86,26.05 03:00,223.171
86,26.05 04:00,225.069
86,26.05 05:00,226.416
86,26.05 06:00,227.057
86,26.05 07:00,228.9
86,26.05 08:00,257.331
86,26.05 09:00,270.478
86,26.05 10:00,278.769
86,26.05 11:00,272.339
86,26.05 12:00,257.607
86,26.05 13:00,252.136
86,26.05 14:00,259.034
86,26.05 15:00,258.86
86,26.05 16:00,249.456
86,26.05 17:00,247.888
86,26.05 18:00,245.104
86,26.05 19:00,239.186
86,26.05 20:00,224.214
86,26.05 21:00,220.537
86,26.05 22:00,221.045
86,26.05 23:00,219.787
86,27.05 00:00,219.879
86,27.05 01:00,215.559
86,27.05 02:00,217.243
86,27.05 03:00,220.054
86,27.05 04:00,218.434
86,27.05 05:00,219.222
86,27.05 06:00,223.082
86,27.05 07:00,222.529
86,27.05 08:00,252.271
86,27.05 09:00,260.995
86,27.05 10:00,271.336
86,27.05 11:00,268.809
86,27.05 12:00,273.931
86,27.05 13:00,258.979
86,27.05 14:00,268.244
86,27.05 15:00,266.153
86,27.05 16:00,252.81
86,27.05 17:00,240.852
86,27.05 18:00,253.254
86,27.05 19:00,234.322
86,27.05 20:00,222.947
86,27.05 21:00,220.094
86,27.05 22:00,220.648
86,27.05 23:00,218.838
86,28.05 00:00,222.042
86,28.05 01:00,220.275
86,28.05 02:00,221.177
86,28.05 03:00,222.895
86,28.05 04:00,225.095
86,28.05 05:00,223.212
86,28.05 06:00,222.407
86,28.05 07:00,221.746
86,28.05 08:00,235.642
86,28.05 09:00,240.966
86,28.05 10:00,238.806
86,28.05 11:00,245.032
86,28.05 12:00,244.335
86,28.05 13:00,243.928
86,28.05 14:00,244.209
86,28.05 15:00,247.665
86,28.05 16:00,246.467
86,28.05 17:00,246.744
86,28.05 18:00,246.581
86,28.05 19:00,241.416
86,28.05 20:00,231.001
86,28.05 21:00,224.287
86,28.05 22:00,226.31
86,28.05 23:00,222.964
86,29.05 00:00,226.736
86,29.05 01:00,224.261
86,29.05 02:00,224.86
86,29.05 03:00,226.641
86,29.05 04:00,228.327
86,29.05 05:00,225.299
86,29.05 06:00,223.279
86,29.05 07:00,223.954
86,29.05 08:00,237.637
86,29.05 09:00,238.773
86,29.05 10:00,241.25
86,29.05 11:00,241.3
86,29.05 12:00,241.287
86,29.05 13:00,239.474
86,29.05 14:00,243.256
86,29.05 15:00,240.577
86,29.05 16:00,243.215
86,29.05 17:00,242.071
86,29.05 18:00,242.592
86,29.05 19:00,242.489
86,29.05 20:00,232.152
86,29.05 21:00,224.257
86,29.05 22:00,224.876
86,29.05 23:00,226.493
86,30.05 00:00,227.31
86,30.05 01:00,224.56
86,30.05 02:00,225.204
86,30.05 03:00,225.783
86,30.05 04:00,228.786
86,30.05 05:00,225.001
86,30.05 06:00,227.008
86,30.05 07:00,222.506
86,30.05 08:00,249.175
86,30.05 09:00,257.072
86,30.05 10:00,252.523
86,30.05 11:00,242.02
86,30.05 12:00,241.966
86,30.05 13:00,252.058
86,30.05 14:00,251.094
86,30.05 15:00,251.208
86,30.05 16:00,251.887
86,30.05 17:00,252.802
86,30.05 18:00,253.792
86,30.05 19:00,250.093
86,30.05 20:00,230.212
86,30.05 21:00,230.937
86,30.05 22:00,227.624
86,30.05 23:00,227.752
86,31.05 00:00,229.0
86,31.05 01:00,223.902
86,31.05 02:00,226.622
86,31.05 03:00,228.011
86,31.05 04:00,224.736
86,31.05 05:00,225.089
86,31.05 06:00,226.54
86,31.05 07:00,227.134
86,31.05 08:00,258.869
86,31.05 09:00,270.861
86,31.05 10:00,273.081
86,31.05 11:00,277.025
86,31.05 12:00,276.114
86,31.05 13:00,263.538
86,31.05 14:00,273.885
86,31.05 15:00,273.021
86,31.05 16:00,271.213
86,31.05 17:00,251.405
86,31.05 18:00,250.148
86,31.05 19:00,245.988
86,31.05 20:00,228.617
86,31.05 21:00,227.151
86,31.05 22:00,231.123
86,31.05 23:00,228.45
86,01.06 00:00,228.067
86,01.06 01:00,227.164
86,01.06 02:00,226.297
86,01.06 03:00,229.518
86,01.06 04:00,229.249
86,01.06 05:00,229.444
86,01.06 06:00,228.676
86,01.06 07:00,232.162
86,01.06 08:00,262.202
86,01.06 09:00,271.175
86,01.06 10:00,265.407
86,01.06 11:00,275.842
86,01.06 12:00,280.997
86,01.06 13:00,267.826
86,01.06 14:00,274.545
86,01.06 15:00,276.382
86,01.06 16:00,267.372
86,01.06 17:00,253.975
86,01.06 18:00,253.212
86,01.06 19:00,249.614
86,01.06 20:00,234.678
86,01.06 21:00,230.244
86,01.06 22:00,227.043
86,01.06 23:00,230.127
86,02.06 00:00,227.552
86,02.06 01:00,226.981
86,02.06 02:00,228.853
86,02.06 03:00,227.949
86,02.06 04:00,230.542
86,02.06 05:00,228.765
86,02.06 06:00,231.997
86,02.06 07:00,234.86
86,02.06 08:00,261.546
86,02.06 09:00,271.349
86,02.06 10:00,275.367
86,02.06 11:00,269.027
86,02.06 12:00,276.608
86,02.06 13:00,263.758
86,02.06 14:00,276.649
86,02.06 15:00,276.065
86,02.06 16:00,271.707
86,02.06 17:00,252.939
86,02.06 18:00,254.247
86,02.06 19:00,248.259
86,02.06 20:00,237.147
86,02.06 21:00,235.09
86,02.06 22:00,227.844
86,02.06 23:00,230.89
86,03.06 00:00,227.109
86,03.06 01:00,226.986
86,03.06 02:00,226.1
86,03.06 03:00,226.597
86,03.06 04:00,227.24
86,03.06 05:00,225.281
86,03.06 06:00,228.182
86,03.06 07:00,229.358
86,03.06 08:00,261.611
86,03.06 09:00,276.23
86,03.06 10:00,275.351
86,03.06 11:00,272.376
86,03.06 12:00,281.532
86,03.06 13:00,264.69
86,03.06 14:00,277.04
86,03.06 15:00,272.226
86,03.06 16:00,273.715
86,03.06 17:00,254.598
86,03.06 18:00,250.978
86,03.06 19:00,250.643
86,03.06 20:00,233.414
86,03.06 21:00,231.431
86,03.06 22:00,230.202
86,03.06 23:00,229.653
86,04.06 00:00,222.877
86,04.06 01:00,223.732
86,04.06 02:00,228.889
86,04.06 03:00,226.618
86,04.06 04:00,223.731
86,04.06 05:00,229.135
86,04.06 06:00,226.872
86,04.06 07:00,230.007
86,04.06 08:00,245.631
86,04.06 09:00,245.157
86,04.06 10:00,243.658
86,04.06 11:00,247.104
86,04.06 12:00,249.355
86,04.06 13:00,249.252
86,04.06 14:00,250.822
86,04.06 15:00,246.838
86,04.06 16:00,248.948
86,04.06 17:00,246.761
86,04.06 18:00,247.144
86,04.06 19:00,241.798
86,04.06 20:00,232.349
86,04.06 21:00,229.444
86,04.06 22:00,230.098
86,04.06 23:00,227.718
86,05.06 00:00,229.819
86,05.06 01:00,225.289
86,05.06 02:00,228.55
86,05.06 03:00,227.896
86,05.06 04:00,229.852
86,05.06 05:00,227.867
86,05.06 06:00,228.922
86,05.06 07:00,230.906
86,05.06 08:00,238.485
86,05.06 09:00,249.258
86,05.06 10:00,249.305
86,05.06 11:00,249.125
86,05.06 12:00,247.406
86,05.06 13:00,247.724
86,05.06 14:00,248.638
86,05.06 15:00,242.795
86,05.06 16:00,247.63
86,05.06 17:00,241.359
86,05.06 18:00,231.055
86,05.06 19:00,226.851
86,05.06 20:00,212.158
86,05.06 21:00,214.442
86,05.06 22:00,212.656
86,05.06 23:00,217.324
86,06.06 00:00,216.011
86,06.06 01:00,225.261
86,06.06 02:00,227.361
86,06.06 03:00,226.412
86,06.06 04:00,227.083
86,06.06 05:00,224.34
86,06.06 06:00,227.672
86,06.06 07:00,225.882
86,06.06 08:00,259.273
86,06.06 09:00,268.273
86,06.06 10:00,268.905
86,06.06 11:00,270.038
86,06.06 12:00,275.695
86,06.06 13:00,266.743
86,06.06 14:00,270.205
86,06.06 15:00,270.496
86,06.06 16:00,254.001
86,06.06 17:00,241.629
86,06.06 18:00,239.481
86,06.06 19:00,220.513
86,06.06 20:00,216.97
86,06.06 21:00,212.73
86,06.06 22:00,212.051
86,06.06 23:00,217.274
86,07.06 00:00,222.19
86,07.06 01:00,224.871
86,07.06 02:00,222.447
86,07.06 03:00,225.034
86,07.06 04:00,225.044
86,07.06 05:00,224.083
86,07.06 06:00,223.566
86,07.06 07:00,225.57
86,07.06 08:00,262.139
86,07.06 09:00,268.774
86,07.06 10:00,279.931
86,07.06 11:00,275.968
86,07.06 12:00,281.848
86,07.06 13:00,268.959
86,07.06 14:00,276.226
86,07.06 15:00,268.291
86,07.06 16:00,265.716
86,07.06 17:00,242.123
86,07.06 18:00,237.08
86,07.06 19:00,235.973
86,07.06 20:00,218.035
86,07.06 21:00,212.087
86,07.06 22:00,213.845
86,07.06 23:00,214.749
86,08.06 00:00,222.794
86,08.06 01:00,224.727
86,08.06 02:00,223.212
86,08.06 03:00,225.258
86,08.06 04:00,224.632
86,08.06 05:00,226.996
86,08.06 06:00,227.163
86,08.06 07:00,225.056
86,08.06 08:00,258.179
86,08.06 09:00,270.813
86,08.06 10:00,278.963
86,08.06 11:00,277.361
86,08.06 12:00,284.536
86,08.06 13:00,270.11
86,08.06 14:00,271.608
86,08.06 15:00,268.09
86,08.06 16:00,260.983
86,08.06 17:00,242.542
86,08.06 18:00,240.02
86,08.06 19:00,232.969
86,08.06 20:00,217.331
86,08.06 21:00,212.745
86,08.06 22:00,210.957
86,08.06 23:00,213.058
86,09.06 00:00,218.326
86,09.06 01:00,218.279
86,09.06 02:00,223.66
86,09.06 03:00,226.378
86,09.06 04:00,222.552
86,09.06 05:00,223.884
86,09.06 06:00,222.966
86,09.06 07:00,227.825
86,09.06 08:00,256.056
86,09.06 09:00,274.908
86,09.06 10:00,278.836
86,09.06 11:00,278.031
86,09.06 12:00,277.687
86,09.06 13:00,271.079
86,09.06 14:00,278.78
86,09.06 15:00,266.045
86,09.06 16:00,258.3
86,09.06 17:00,241.202
86,09.06 18:00,235.526
86,09.06 19:00,233.029
86,09.06 20:00,215.363
86,09.06 21:00,211.987
86,09.06 22:00,217.79
86,09.06 23:00,225.077
86,10.06 00:00,221.708
86,10.06 01:00,222.631
86,10.06 02:00,223.339
86,10.06 03:00,224.082
86,10.06 04:00,225.002
86,10.06 05:00,225.09
86,10.06 06:00,224.809
86,10.06 07:00,229.065
86,10.06 08:00,256.685
86,10.06 09:00,277.633
86,10.06 10:00,279.527
86,10.06 11:00,280.777
86,10.06 12:00,279.882
86,10.06 13:00,272.299
86,10.06 14:00,258.259
86,10.06 15:00,260.288
86,10.06 16:00,250.654
86,10.06 17:00,244.104
86,10.06 18:00,236.341
86,10.06 19:00,233.467
86,10.06 20:00,219.977
86,10.06 21:00,214.631
86,10.06 22:00,215.34
86,10.06 23:00,216.541
86,11.06 00:00,216.073
86,11.06 01:00,224.286
86,11.06 02:00,229.245
86,11.06 03:00,232.045
86,11.06 04:00,230.538
86,11.06 05:00,229.799
86,11.06 06:00,232.144
86,11.06 07:00,232.803
86,11.06 08:00,244.802
86,11.06 09:00,248.467
86,11.06 10:00,249.316
86,11.06 11:00,250.235
86,11.06 12:00,247.973
86,11.06 13:00,249.779
86,11.06 14:00,248.192
86,11.06 15:00,240.298
86,11.06 16:00,232.171
86,11.06 17:00,230.651
86,11.06 18:00,228.918
86,11.06 19:00,226.851
86,11.06 20:00,216.205
86,11.06 21:00,212.918
86,11.06 22:00,212.661
86,11.06 23:00,212.625
86,12.06 00:00,212.434
86,12.06 01:00,212.004
86,12.06 02:00,229.703
86,12.06 03:00,230.617
86,12.06 04:00,227.428
86,12.06 05:00,229.275
86,12.06 06:00,230.235
86,12.06 07:00,229.391
86,12.06 08:00,243.98
86,12.06 09:00,252.218
86,12.06 10:00,248.163
86,12.06 11:00,249.087
86,12.06 12:00,245.946
86,12.06 13:00,248.399
86,12.06 14:00,241.169
86,12.06 15:00,232.966
86,12.06 16:00,232.246
86,12.06 17:00,233.704
86,12.06 18:00,234.391
86,12.06 19:00,229.221
86,12.06 20:00,217.497
86,12.06 21:00,212.359
86,12.06 22:00,216.043
86,12.06 23:00,216.649
86,13.06 00:00,214.256
86,13.06 01:00,213.333
86,13.06 02:00,228.89
86,13.06 03:00,225.571
86,13.06 04:00,227.179
86,13.06 05:00,226.994
86,13.06 06:00,230.769
86,13.06 07:00,230.803
86,13.06 08:00,262.79
86,13.06 09:00,276.384
86,13.06 10:00,276.739
86,13.06 11:00,274.385
86,13.06 12:00,282.371
86,13.06 13:00,262.331
86,13.06 14:00,262.676
86,13.06 15:00,261.96
86,13.06 16:00,255.334
86,13.06 17:00,237.749
86,13.06 18:00,235.065
86,13.06 19:00,234.847
86,13.06 20:00,218.109
86,13.06 21:00,213.312
86,13.06 22:00,212.416
86,13.06 23:00,212.491
86,14.06 00:00,210.874
86,14.06 01:00,213.422
86,14.06 02:00,213.111
86,14.06 03:00,225.047
86,14.06 04:00,226.708
86,14.06 05:00,224.174
86,14.06 06:00,228.53
86,14.06 07:00,227.633
86,14.06 08:00,261.192
86,14.06 09:00,276.85
86,14.06 10:00,277.141
86,14.06 11:00,276.797
86,14.06 12:00,278.499
86,14.06 13:00,266.546
86,14.06 14:00,274.276
86,14.06 15:00,268.799
86,14.06 16:00,253.873
86,14.06 17:00,236.285
86,14.06 18:00,234.152
86,14.06 19:00,234.573
86,14.06 20:00,214.399
86,14.06 21:00,215.537
86,14.06 22:00,214.137
86,14.06 23:00,216.077
86,15.06 00:00,212.545
86,15.06 01:00,211.21
86,15.06 02:00,224.071
86,15.06 03:00,226.31
86,15.06 04:00,227.967
86,15.06 05:00,226.587
86,15.06 06:00,225.523
86,15.06 07:00,231.063
86,15.06 08:00,261.924
86,15.06 09:00,271.191
86,15.06 10:00,279.572
86,15.06 11:00,272.548
86,15.06 12:00,274.759
86,15.06 13:00,267.111
86,15.06 14:00,266.301
86,15.06 15:00,260.259
86,15.06 16:00,251.026
86,15.06 17:00,241.57
86,15.06 18:00,235.005
86,15.06 19:00,231.998
86,15.06 20:00,218.029
86,15.06 21:00,213.572
86,15.06 22:00,211.938
86,15.06 23:00,214.998
86,16.06 00:00,214.02
86,16.06 01:00,213.433
86,16.06 02:00,213.846
86,16.06 03:00,223.39
86,16.06 04:00,224.184
86,16.06 05:00,226.535
86,16.06 06:00,226.37
86,16.06 07:00,228.914
86,16.06 08:00,255.556
86,16.06 09:00,271.322
86,16.06 10:00,271.89
86,16.06 11:00,272.723
86,16.06 12:00,276.655
86,16.06 13:00,266.061
86,16.06 14:00,258.116
86,16.06 15:00,259.891
86,16.06 16:00,255.216
86,16.06 17:00,239.461
86,16.06 18:00,237.019
86,16.06 19:00,231.545
86,16.06 20:00,217.941
86,16.06 21:00,212.37
86,16.06 22:00,213.512
86,16.06 23:00,212.494
86,17.06 00:00,210.971
86,17.06 01:00,211.073
86,17.06 02:00,215.024
86,17.06 03:00,227.788
86,17.06 04:00,228.069
86,17.06 05:00,226.343
86,17.06 06:00,228.139
86,17.06 07:00,232.056
86,17.06 08:00,260.182
86,17.06 09:00,271.931
86,17.06 10:00,276.226
86,17.06 11:00,275.799
86,17.06 12:00,279.223
86,17.06 13:00,272.098
86,17.06 14:00,264.923
86,17.06 15:00,258.833
86,17.06 16:00,249.407
86,17.06 17:00,239.989
86,17.06 18:00,237.107
86,17.06 19:00,234.12
86,17.06 20:00,218.832
86,17.06 21:00,214.328
86,17.06 22:00,212.268
86,17.06 23:00,212.016
86,18.06 00:00,214.032
86,18.06 01:00,212.016
86,18.06 02:00,213.706
86,18.06 03:00,218.265
86,18.06 04:00,226.89
86,18.06 05:00,226.538
86,18.06 06:00,227.868
86,18.06 07:00,225.943
86,18.06 08:00,242.539
86,18.06 09:00,246.783
86,18.06 10:00,249.382
86,18.06 11:00,251.827
86,18.06 12:00,247.803
86,18.06 13:00,250.314
86,18.06 14:00,236.712
86,18.06 15:00,234.249
86,18.06 16:00,232.131
86,18.06 17:00,232.297
86,18.06 18:00,229.717
86,18.06 19:00,228.297
86,18.06 20:00,212.982
86,18.06 21:00,214.159
86,18.06 22:00,215.739
86,18.06 23:00,216.999
86,19.06 00:00,214.947
86,19.06 01:00,211.566
86,19.06 02:00,215.671
86,19.06 03:00,216.738
86,19.06 04:00,220.184
86,19.06 05:00,226.926
86,19.06 06:00,230.659
86,19.06 07:00,231.343
86,19.06 08:00,246.03
86,19.06 09:00,251.404
86,19.06 10:00,251.171
86,19.06 11:00,248.405
86,19.06 12:00,247.882
86,19.06 13:00,250.782
86,19.06 14:00,234.49
86,19.06 15:00,231.413
86,19.06 16:00,234.926
86,19.06 17:00,229.905
86,19.06 18:00,233.9
86,19.06 19:00,230.034
86,19.06 20:00,215.056
86,19.06 21:00,213.841
86,19.06 22:00,213.265
86,19.06 23:00,213.343
86,20.06 00:00,214.979
86,20.06 01:00,213.288
86,20.06 02:00,214.979
86,20.06 03:00,229.082
86,20.06 04:00,226.177
86,20.06 05:00,226.792
86,20.06 06:00,227.906
86,20.06 07:00,232.615
86,20.06 08:00,259.568
86,20.06 09:00,275.648
86,20.06 10:00,277.025
86,20.06 11:00,278.19
86,20.06 12:00,281.037
86,20.06 13:00,276.579
86,20.06 14:00,266.869
86,20.06 15:00,263.069
86,20.06 16:00,257.113
86,20.06 17:00,241.169
86,20.06 18:00,238.003
86,20.06 19:00,236.787
86,20.06 20:00,216.933
86,20.06 21:00,214.44
86,20.06 22:00,215.277
86,20.06 23:00,212.972
86,21.06 00:00,214.798
86,21.06 01:00,215.582
86,21.06 02:00,214.254
86,21.06 03:00,227.01
86,21.06 04:00,226.921
86,21.06 05:00,232.893
86,21.06 06:00,231.081
86,21.06 07:00,233.806
86,21.06 08:00,259.362
86,21.06 09:00,277.752
86,21.06 10:00,279.431
86,21.06 11:00,277.119
86,21.06 12:00,281.5
86,21.06 13:00,259.071
86,21.06 14:00,271.264
86,21.06 15:00,269.455
86,21.06 16:00,255.444
86,21.06 17:00,237.506
86,21.06 18:00,235.408
86,21.06 19:00,231.75
86,21.06 20:00,215.802
86,21.06 21:00,214.54
86,21.06 22:00,213.666
86,21.06 23:00,213.7
86,22.06 00:00,213.343
86,22.06 01:00,211.912
86,22.06 02:00,213.76
86,22.06 03:00,216.421
86,22.06 04:00,226.948
86,22.06 05:00,226.746
86,22.06 06:00,228.573
86,22.06 07:00,230.177
86,22.06 08:00,270.024
86,22.06 09:00,273.48
86,22.06 10:00,280.984
86,22.06 11:00,273.894
86,22.06 12:00,278.18
86,22.06 13:00,265.304
86,22.06 14:00,265.619
86,22.06 15:00,266.17
86,22.06 16:00,256.409
86,22.06 17:00,238.823
86,22.06 18:00,235.045
86,22.06 19:00,228.165
86,22.06 20:00,213.992
86,22.06 21:00,211.265
86,22.06 22:00,212.818
86,22.06 23:00,214.808
86,23.06 00:00,212.995
86,23.06 01:00,211.31
86,23.06 02:00,212.339
86,23.06 03:00,222.37
86,23.06 04:00,225.479
86,23.06 05:00,227.534
86,23.06 06:00,230.834
86,23.06 07:00,230.66
86,23.06 08:00,259.77
86,23.06 09:00,274.106
86,23.06 10:00,277.404
86,23.06 11:00,280.115
86,23.06 12:00,279.044
86,23.06 13:00,271.763
86,23.06 14:00,276.164
86,23.06 15:00,258.295
86,23.06 16:00,244.849
86,23.06 17:00,227.106
86,23.06 18:00,223.953
86,23.06 19:00,218.902
86,23.06 20:00,203.462
86,23.06 21:00,203.494
86,23.06 22:00,205.442
86,23.06 23:00,204.349
86,24.06 00:00,204.888
86,24.06 01:00,206.272
86,24.06 02:00,217.101
86,24.06 03:00,218.89
86,24.06 04:00,220.982
86,24.06 05:00,218.851
86,24.06 06:00,222.963
86,24.06 07:00,224.923
86,24.06 08:00,254.198
86,24.06 09:00,267.674
86,24.06 10:00,268.972
86,24.06 11:00,273.674
86,24.06 12:00,274.936
86,24.06 13:00,265.189
86,24.06 14:00,267.176
86,24.06 15:00,262.907
86,24.06 16:00,244.067
86,24.06 17:00,231.825
86,24.06 18:00,230.904
86,24.06 19:00,224.782
86,24.06 20:00,208.501
86,24.06 21:00,209.255
86,24.06 22:00,207.636
86,24.06 23:00,209.844
86,25.06 00:00,208.791
86,25.06 01:00,218.526
86,25.06 02:00,219.483
86,25.06 03:00,221.988
86,25.06 04:00,220.597
86,25.06 05:00,222.538
86,25.06 06:00,222.123
86,25.06 07:00,223.969
86,25.06 08:00,236.077
86,25.06 09:00,241.945
86,25.06 10:00,240.872
86,25.06 11:00,243.448
86,25.06 12:00,242.917
86,25.06 13:00,241.551
86,25.06 14:00,241.372
86,25.06 15:00,241.219
86,25.06 16:00,239.824
86,25.06 17:00,238.006
86,25.06 18:00,240.295
86,25.06 19:00,237.191
86,25.06 20:00,225.039
86,25.06 21:00,224.603
86,25.06 22:00,221.732
86,25.06 23:00,224.649
86,26.06 00:00,222.928
86,26.06 01:00,223.902
86,26.06 02:00,225.78
86,26.06 03:00,224.655
86,26.06 04:00,226.399
86,26.06 05:00,227.241
86,26.06 06:00,226.248
86,26.06 07:00,227.398
86,26.06 08:00,243.068
86,26.06 09:00,245.996
86,26.06 10:00,246.434
86,26.06 11:00,242.524
86,26.06 12:00,239.803
86,26.06 13:00,241.845
86,26.06 14:00,242.909
86,26.06 15:00,242.884
86,26.06 16:00,242.811
86,26.06 17:00,227.431
86,26.06 18:00,229.632
86,26.06 19:00,224.081
86,26.06 20:00,212.661
86,26.06 21:00,210.013
86,26.06 22:00,212.33
86,26.06 23:00,209.531
86,27.06 00:00,211.04
86,27.06 01:00,221.748
86,27.06 02:00,222.963
86,27.06 03:00,223.697
86,27.06 04:00,223.896
86,27.06 05:00,224.506
86,27.06 06:00,224.531
86,27.06 07:00,224.017
86,27.06 08:00,257.651
86,27.06 09:00,271.036
86,27.06 10:00,290.208
86,27.06 11:00,272.884
86,27.06 12:00,282.923
86,27.06 13:00,272.203
86,27.06 14:00,273.868
86,27.06 15:00,260.039
86,27.06 16:00,251.003
86,27.06 17:00,236.552
86,27.06 18:00,231.012
86,27.06 19:00,228.132
86,27.06 20:00,211.686
86,27.06 21:00,210.211
86,27.06 22:00,209.096
86,27.06 23:00,209.914
86,28.06 00:00,209.885
86,28.06 01:00,209.335
86,28.06 02:00,209.623
86,28.06 03:00,223.706
86,28.06 04:00,222.732
86,28.06 05:00,221.294
86,28.06 06:00,223.235
86,28.06 07:00,226.945
86,28.06 08:00,258.382
86,28.06 09:00,273.285
86,28.06 10:00,276.888
86,28.06 11:00,278.93
86,28.06 12:00,274.059
86,28.06 13:00,256.918
86,28.06 14:00,262.803
86,28.06 15:00,249.15
86,28.06 16:00,238.158
86,28.06 17:00,232.426
86,28.06 18:00,231.937
86,28.06 19:00,227.945
86,28.06 20:00,221.189
86,28.06 21:00,217.407
86,28.06 22:00,219.762
86,28.06 23:00,220.124
86,29.06 00:00,221.194
86,29.06 01:00,219.716
86,29.06 02:00,221.389
86,29.06 03:00,220.087
86,29.06 04:00,220.046
86,29.06 05:00,220.614
86,29.06 06:00,221.537
86,29.06 07:00,226.12
86,29.06 08:00,261.094
86,29.06 09:00,274.319
86,29.06 10:00,278.266
86,29.06 11:00,276.019
86,29.06 12:00,280.783
86,29.06 13:00,264.884
86,29.06 14:00,269.424
86,29.06 15:00,256.193
86,29.06 16:00,237.704
86,29.06 17:00,235.811
86,29.06 18:00,230.77
86,29.06 19:00,228.277
86,29.06 20:00,214.077
86,29.06 21:00,211.447
86,29.06 22:00,213.074
86,29.06 23:00,213.03
86,30.06 00:00,210.245
86,30.06 01:00,210.301
86,30.06 02:00,223.695
86,30.06 03:00,224.9
86,30.06 04:00,225.783
86,30.06 05:00,223.091
86,30.06 06:00,224.027
86,30.06 07:00,227.321
86,30.06 08:00,257.357
86,30.06 09:00,275.474
86,30.06 10:00,278.087
86,30.06 11:00,276.266
86,30.06 12:00,274.999
86,30.06 13:00,263.339
86,30.06 14:00,256.831
86,30.06 15:00,259.178
86,30.06 16:00,253.267
86,30.06 17:00,234.075
86,30.06 18:00,233.364
86,30.06 19:00,227.678
86,30.06 20:00,212.085
86,30.06 21:00,211.038
86,30.06 22:00,210.91
86,30.06 23:00,211.54
86,01.07 00:00,209.537
86,01.07 01:00,209.693
86,01.07 02:00,211.601
86,01.07 03:00,224.917
86,01.07 04:00,222.896
86,01.07 05:00,224.575
86,01.07 06:00,224.513
86,01.07 07:00,229.568
86,01.07 08:00,264.127
86,01.07 09:00,277.115
86,01.07 10:00,277.345
86,01.07 11:00,273.993
86,01.07 12:00,274.163
86,01.07 13:00,274.918
86,01.07 14:00,275.051
86,01.07 15:00,273.173
86,01.07 16:00,274.054
86,01.07 17:00,274.776
86,01.07 18:00,273.274
86,01.07 19:00,273.485
86,01.07 20:00,273.079
86,01.07 21:00,274.658
86,01.07 22:00,273.619
86,01.07 23:00,275.266
86,02.07 00:00,273.548
86,02.07 02:00,274.994
86,02.07 03:00,272.675
86,02.07 04:00,272.681
86,02.07 05:00,274.689
86,02.07 06:00,275.002
86,02.07 07:00,273.916
86,02.07 08:00,0.0
86,02.07 09:00,0.0
86,02.07 10:00,0.0
86,02.07 11:00,0.0
86,02.07 12:00,0.0
86,02.07 13:00,0.0
86,02.07 14:00,0.0
86,02.07 15:00,0.0
86,02.07 16:00,0.0
86,02.07 17:00,0.0
86,02.07 18:00,0.0
86,02.07 19:00,0.0
86,02.07 20:00,0.0
86,02.07 21:00,0.0
86,02.07 22:00,0.0
86,02.07 23:00,0.0
86,03.07 00:00,0.0
86,03.07 02:00,0.0
86,03.07 03:00,0.0
86,03.07 04:00,0.0
86,03.07 05:00,0.0
86,03.07 06:00,0.0
86,03.07 07:00,0.0
86,03.07 08:00,0.0
86,03.07 09:00,0.0
86,03.07 10:00,0.0
86,03.07 11:00,0.0
86,03.07 12:00,0.0
86,03.07 13:00,0.0
86,03.07 14:00,0.0
86,03.07 15:00,0.0
86,03.07 16:00,0.0
86,03.07 17:00,0.0
86,03.07 18:00,0.0
86,03.07 19:00,0.0
86,03.07 20:00,0.0
86,03.07 21:00,0.0
86,03.07 22:00,0.0
86,03.07 23:00,0.0
86,04.07 00:00,0.0
86,04.07 02:00,0.0
86,04.07 03:00,0.0
86,04.07 04:00,0.0
86,04.07 05:00,0.0
86,04.07 06:00,0.0
86,04.07 07:00,0.0
86,04.07 08:00,0.0
86,04.07 09:00,0.0
86,04.07 10:00,0.0
86,04.07 11:00,0.0
86,04.07 12:00,0.0
86,04.07 13:00,0.0
86,04.07 14:00,0.0
86,04.07 15:00,0.0
86,04.07 16:00,0.0
86,04.07 17:00,0.0
86,04.07 18:00,0.0
86,04.07 19:00,0.0
86,04.07 20:00,0.0
86,04.07 21:00,0.0
86,04.07 22:00,0.0
86,04.07 23:00,0.0
86,05.07 00:00,0.0
86,05.07 02:00,0.0
86,05.07 03:00,0.0
86,05.07 04:00,0.0
86,05.07 06:00,226.068
86,05.07 07:00,234.043
86,05.07 08:00,259.356
86,05.07 09:00,271.628
86,05.07 10:00,273.12
86,05.07 11:00,273.819
86,05.07 12:00,278.76
86,05.07 13:00,269.134
86,05.07 14:00,263.237
86,05.07 15:00,258.425
86,05.07 16:00,247.512
86,05.07 17:00,238.147
86,05.07 18:00,235.565
86,05.07 19:00,229.727
86,05.07 20:00,210.871
86,05.07 21:00,210.223
86,05.07 22:00,209.381
86,05.07 23:00,211.278
86,06.07 00:00,212.809
86,06.07 01:00,208.415
86,06.07 02:00,210.114
86,06.07 03:00,214.084
86,06.07 04:00,227.453
86,06.07 05:00,225.251
86,06.07 06:00,224.445
86,06.07 07:00,230.024
86,06.07 08:00,260.877
86,06.07 09:00,272.12
86,06.07 10:00,278.694
86,06.07 11:00,280.282
86,06.07 12:00,282.581
86,06.07 13:00,270.231
86,06.07 14:00,265.783
86,06.07 15:00,264.452
86,06.07 16:00,256.934
86,06.07 17:00,237.358
86,06.07 18:00,236.079
86,06.07 19:00,228.741
86,06.07 20:00,214.529
86,06.07 21:00,210.202
86,06.07 22:00,213.898
86,06.07 23:00,214.131
86,07.07 00:00,212.5
86,07.07 01:00,212.678
86,07.07 02:00,215.325
86,07.07 03:00,227.991
86,07.07 04:00,228.51
86,07.07 05:00,228.837
86,07.07 06:00,231.77
86,07.07 07:00,232.775
86,07.07 08:00,262.415
86,07.07 09:00,278.372
86,07.07 10:00,277.774
86,07.07 11:00,277.818
86,07.07 12:00,273.396
86,07.07 13:00,272.009
86,07.07 14:00,258.998
86,07.07 15:00,256.301
86,07.07 16:00,256.779
86,07.07 17:00,238.047
86,07.07 18:00,230.877
86,07.07 19:00,224.745
86,07.07 20:00,211.641
86,07.07 21:00,209.928
86,07.07 22:00,211.788
86,07.07 23:00,209.017
86,08.07 00:00,209.889
86,08.07 01:00,207.375
86,08.07 02:00,209.272
86,08.07 03:00,222.707
86,08.07 04:00,224.101
86,08.07 05:00,225.652
86,08.07 06:00,226.369
86,08.07 07:00,230.297
86,08.07 08:00,259.865
86,08.07 09:00,272.795
86,08.07 10:00,182.804
86,08.07 11:00,366.729
86,08.07 12:00,278.432
86,08.07 13:00,265.353
86,08.07 14:00,261.055
86,08.07 15:00,258.853
86,08.07 16:00,250.094
86,08.07 17:00,233.072
86,08.07 18:00,225.89
86,08.07 19:00,226.558
86,08.07 20:00,209.816
86,08.07 21:00,210.088
86,08.07 22:00,207.738
86,08.07 23:00,210.232
86,09.07 00:00,209.51
86,09.07 01:00,208.345
86,09.07 02:00,210.033
86,09.07 03:00,224.034
86,09.07 04:00,227.79
86,09.07 05:00,227.542
86,09.07 06:00,227.962
86,09.07 07:00,231.896
86,09.07 08:00,242.49
86,09.07 09:00,246.398
86,09.07 10:00,245.84
86,09.07 11:00,246.908
86,09.07 12:00,248.118
86,09.07 13:00,244.933
86,09.07 14:00,241.501
86,09.07 15:00,228.736
86,09.07 16:00,228.392
86,09.07 17:00,228.861
86,09.07 18:00,225.096
86,09.07 19:00,225.26
86,09.07 20:00,211.596
86,09.07 21:00,212.917
86,09.07 22:00,209.014
86,09.07 23:00,208.253
86,10.07 00:00,210.293
86,10.07 01:00,210.907
86,10.07 02:00,211.228
86,10.07 03:00,212.113
86,10.07 04:00,226.194
86,10.07 05:00,226.263
86,10.07 06:00,224.391
86,10.07 07:00,230.17
86,10.07 08:00,243.155
86,10.07 09:00,243.152
86,10.07 10:00,244.5
86,10.07 11:00,244.53
86,10.07 12:00,245.322
86,10.07 13:00,242.33
86,10.07 14:00,243.715
86,10.07 15:00,237.703
86,10.07 16:00,227.114
86,10.07 17:00,225.122
86,10.07 18:00,226.602
86,10.07 19:00,224.693
86,10.07 20:00,209.232
86,10.07 21:00,207.797
86,10.07 22:00,209.608
86,10.07 23:00,208.135
86,11.07 00:00,210.516
86,11.07 01:00,206.864
86,11.07 02:00,216.507
86,11.07 03:00,224.414
86,11.07 04:00,226.014
86,11.07 05:00,225.951
86,11.07 06:00,226.608
86,11.07 07:00,228.712
86,11.07 08:00,259.609
86,11.07 09:00,268.465
86,11.07 10:00,272.308
86,11.07 11:00,277.085
86,11.07 12:00,287.7
86,11.07 13:00,272.369
86,11.07 14:00,268.049
86,11.07 15:00,261.507
86,11.07 16:00,256.891
86,11.07 17:00,247.936
86,11.07 18:00,240.783
86,11.07 19:00,235.948
86,11.07 20:00,221.85
86,11.07 21:00,221.633
86,11.07 22:00,220.289
86,11.07 23:00,221.017
86,12.07 00:00,223.592
86,12.07 01:00,221.449
86,12.07 02:00,227.074
86,12.07 03:00,237.894
86,12.07 04:00,237.832
86,12.07 05:00,237.024
86,12.07 06:00,229.822
86,12.07 07:00,233.307
86,12.07 08:00,265.262
86,12.07 09:00,280.231
86,12.07 10:00,277.498
86,12.07 11:00,278.33
86,12.07 12:00,281.366
86,12.07 13:00,270.593
86,12.07 14:00,275.629
86,12.07 15:00,268.542
86,12.07 16:00,260.314
86,12.07 17:00,243.077
86,12.07 18:00,231.402
86,12.07 19:00,228.609
86,12.07 20:00,213.238
86,12.07 21:00,209.119
86,12.07 22:00,211.992
86,12.07 23:00,213.887
86,13.07 00:00,214.465
86,13.07 01:00,214.741
86,13.07 02:00,220.499
86,13.07 03:00,229.708
86,13.07 04:00,231.153
86,13.07 05:00,232.353
86,13.07 06:00,233.043
86,13.07 07:00,235.146
86,13.07 08:00,263.237
86,13.07 09:00,282.246
86,13.07 10:00,286.137
86,13.07 11:00,284.057
86,13.07 12:00,285.793
86,13.07 13:00,269.183
86,13.07 14:00,267.815
86,13.07 15:00,264.171
86,13.07 16:00,256.83
86,13.07 17:00,239.694
86,13.07 18:00,235.524
86,13.07 19:00,232.745
86,13.07 20:00,217.838
86,13.07 21:00,216.804
86,13.07 22:00,217.072
86,13.07 23:00,217.45
86,14.07 00:00,217.892
86,14.07 01:00,217.067
86,14.07 02:00,218.131
86,14.07 03:00,231.914
86,14.07 04:00,233.553
86,14.07 05:00,235.628
86,14.07 06:00,236.428
86,14.07 07:00,239.684
86,14.07 08:00,272.11
86,14.07 09:00,279.799
86,14.07 10:00,284.385
86,14.07 11:00,278.91
86,14.07 12:00,293.815
86,14.07 13:00,277.691
86,14.07 14:00,260.456
86,14.07 15:00,262.142
86,14.07 16:00,253.84
86,14.07 17:00,250.21
86,14.07 18:00,245.056
86,14.07 19:00,242.637
86,14.07 20:00,226.566
86,14.07 21:00,224.345
86,14.07 22:00,224.989
86,14.07 23:00,226.748
86,15.07 00:00,226.434
86,15.07 01:00,224.01
86,15.07 02:00,226.603
86,15.07 03:00,228.251
86,15.07 04:00,241.568
86,15.07 05:00,242.597
86,15.07 06:00,240.974
86,15.07 07:00,246.41
86,15.07 08:00,264.531
86,15.07 09:00,277.776
86,15.07 10:00,284.172
86,15.07 11:00,281.706
86,15.07 12:00,284.278
86,15.07 13:00,273.231
86,15.07 14:00,266.704
86,15.07 15:00,260.705
86,15.07 16:00,255.665
86,15.07 17:00,239.273
86,15.07 18:00,233.669
86,15.07 19:00,233.748
86,15.07 20:00,218.355
86,15.07 21:00,215.382
86,15.07 22:00,218.471
86,15.07 23:00,216.117
86,16.07 00:00,213.989
86,16.07 01:00,216.152
86,16.07 02:00,216.068
86,16.07 03:00,233.499
86,16.07 04:00,233.004
86,16.07 05:00,236.637
86,16.07 06:00,232.371
86,16.07 07:00,237.072
86,16.07 08:00,254.173
86,16.07 09:00,254.901
86,16.07 10:00,253.612
86,16.07 11:00,252.589
86,16.07 12:00,251.52
86,16.07 13:00,246.732
86,16.07 14:00,244.063
86,16.07 15:00,232.967
86,16.07 16:00,230.402
86,16.07 17:00,225.36
86,16.07 18:00,228.918
86,16.07 19:00,229.737
86,16.07 20:00,218.037
86,16.07 21:00,217.273
86,16.07 22:00,216.821
86,16.07 23:00,216.127
86,17.07 00:00,218.201
86,17.07 01:00,214.138
86,17.07 02:00,223.692
86,17.07 03:00,236.99
86,17.07 04:00,232.842
86,17.07 05:00,239.92
86,17.07 06:00,237.389
86,17.07 07:00,236.81
86,17.07 08:00,251.19
86,17.07 09:00,255.02
86,17.07 10:00,257.44
86,17.07 11:00,251.994
86,17.07 12:00,256.013
86,17.07 13:00,252.85
86,17.07 14:00,251.15
86,17.07 15:00,235.459
86,17.07 16:00,233.299
86,17.07 17:00,233.272
86,17.07 18:00,232.304
86,17.07 19:00,233.021
86,17.07 20:00,218.663
86,17.07 21:00,216.636
86,17.07 22:00,219.58
86,17.07 23:00,218.751
86,18.07 00:00,218.999
86,18.07 01:00,215.677
86,18.07 02:00,220.76
86,18.07 03:00,237.26
86,18.07 04:00,237.575
86,18.07 05:00,235.058
86,18.07 06:00,238.602
86,18.07 07:00,241.26
86,18.07 08:00,270.859
86,18.07 09:00,282.018
86,18.07 10:00,285.488
86,18.07 11:00,282.767
86,18.07 12:00,287.527
86,18.07 13:00,273.726
86,18.07 14:00,265.577
86,18.07 15:00,255.161
86,18.07 16:00,250.026
86,18.07 17:00,232.605
86,18.07 18:00,229.417
86,18.07 19:00,228.085
86,18.07 20:00,209.284
86,18.07 21:00,208.034
86,18.07 22:00,209.45
86,18.07 23:00,211.442
86,19.07 00:00,213.323
86,19.07 01:00,213.648
86,19.07 02:00,214.426
86,19.07 03:00,213.578
86,19.07 04:00,218.833
86,19.07 05:00,232.553
86,19.07 06:00,236.772
86,19.07 07:00,240.299
86,19.07 08:00,262.282
86,19.07 09:00,268.865
86,19.07 10:00,270.469
86,19.07 11:00,274.014
86,19.07 12:00,278.029
86,19.07 13:00,253.285
86,19.07 14:00,261.183
86,19.07 15:00,257.941
86,19.07 16:00,252.455
86,19.07 17:00,235.247
86,19.07 18:00,231.015
86,19.07 19:00,223.143
86,19.07 20:00,209.688
86,19.07 21:00,208.922
86,19.07 22:00,208.479
86,19.07 23:00,208.494
86,20.07 00:00,210.692
86,20.07 01:00,208.473
86,20.07 02:00,209.706
86,20.07 03:00,209.052
86,20.07 04:00,209.396
86,20.07 05:00,209.904
86,20.07 06:00,211.156
86,20.07 07:00,214.911
86,20.07 08:00,252.769
86,20.07 09:00,290.572
86,20.07 10:00,296.672
86,20.07 11:00,290.93
86,20.07 12:00,294.684
86,20.07 13:00,292.259
86,20.07 14:00,292.406
86,20.07 15:00,288.134
86,20.07 16:00,284.319
86,20.07 17:00,267.696
86,20.07 18:00,260.727
86,20.07 19:00,261.475
86,20.07 20:00,244.875
86,20.07 21:00,242.838
86,20.07 22:00,245.911
86,20.07 23:00,246.83
86,21.07 00:00,246.09
86,21.07 01:00,246.161
86,21.07 02:00,247.636
86,21.07 03:00,249.393
86,21.07 04:00,245.953
86,21.07 05:00,250.073
86,21.07 06:00,249.019
86,21.07 07:00,251.773
86,21.07 08:00,285.325
86,21.07 09:00,294.729
86,21.07 10:00,299.343
86,21.07 11:00,289.91
86,21.07 12:00,292.187
86,21.07 13:00,284.286
86,21.07 14:00,295.04
86,21.07 15:00,286.35
86,21.07 16:00,277.934
86,21.07 17:00,269.54
86,21.07 18:00,264.081
86,21.07 19:00,257.349
86,21.07 20:00,242.977
86,21.07 21:00,234.207
86,21.07 22:00,245.876
86,21.07 23:00,243.288
86,22.07 00:00,247.472
86,22.07 01:00,245.014
86,22.07 02:00,248.18
86,22.07 03:00,249.212
86,22.07 04:00,248.475
86,22.07 05:00,246.175
86,22.07 06:00,247.681
86,22.07 07:00,248.415
86,22.07 08:00,284.295
86,22.07 09:00,291.906
86,22.07 10:00,299.999
86,22.07 11:00,294.111
86,22.07 12:00,289.82
86,22.07 13:00,276.848
86,22.07 14:00,288.996
86,22.07 15:00,285.247
86,22.07 16:00,279.364
86,22.07 17:00,261.742
86,22.07 18:00,261.702
86,22.07 19:00,254.755
86,22.07 20:00,239.577
86,22.07 21:00,240.879
86,22.07 22:00,242.273
86,22.07 23:00,241.857
86,23.07 00:00,242.648
86,23.07 01:00,244.122
86,23.07 02:00,248.111
86,23.07 03:00,247.311
86,23.07 04:00,245.409
86,23.07 05:00,245.654
86,23.07 06:00,245.695
86,23.07 07:00,246.822
86,23.07 08:00,262.181
86,23.07 09:00,259.48
86,23.07 10:00,264.915
86,23.07 11:00,256.866
86,23.07 12:00,254.193
86,23.07 13:00,254.107
86,23.07 14:00,253.863
86,23.07 15:00,254.39
86,23.07 16:00,253.5
86,23.07 17:00,250.916
86,23.07 18:00,256.671
86,23.07 19:00,253.565
86,23.07 20:00,237.859
86,23.07 21:00,239.534
86,23.07 22:00,237.3
86,23.07 23:00,242.309
86,24.07 00:00,243.145
86,24.07 01:00,243.888
86,24.07 02:00,246.258
86,24.07 03:00,247.948
86,24.07 04:00,247.062
86,24.07 05:00,248.187
86,24.07 06:00,252.378
86,24.07 07:00,250.361
86,24.07 08:00,258.789
86,24.07 09:00,261.287
86,24.07 10:00,261.719
86,24.07 11:00,258.586
86,24.07 12:00,252.624
86,24.07 13:00,254.774
86,24.07 14:00,253.81
86,24.07 15:00,256.095
86,24.07 16:00,251.927
86,24.07 17:00,253.85
86,24.07 18:00,254.974
86,24.07 19:00,251.416
86,24.07 20:00,238.685
86,24.07 21:00,236.636
86,24.07 22:00,241.342
86,24.07 23:00,241.435
86,25.07 00:00,241.984
86,25.07 01:00,243.01
86,25.07 02:00,247.274
86,25.07 03:00,245.001
86,25.07 04:00,248.177
86,25.07 05:00,258.253
86,25.07 06:00,245.711
86,25.07 07:00,250.461
86,25.07 08:00,280.141
86,25.07 09:00,288.195
86,25.07 10:00,294.69
86,25.07 11:00,287.202
86,25.07 12:00,291.854
86,25.07 13:00,279.157
86,25.07 14:00,294.336
86,25.07 15:00,286.102
86,25.07 16:00,284.247
86,25.07 17:00,261.84
86,25.07 18:00,261.824
86,25.07 19:00,257.121
86,25.07 20:00,246.624
86,25.07 21:00,245.64
86,25.07 22:00,244.719
86,25.07 23:00,244.814
86,26.07 00:00,243.635
86,26.07 01:00,244.824
86,26.07 02:00,243.701
86,26.07 03:00,246.79
86,26.07 04:00,245.837
86,26.07 05:00,244.476
86,26.07 06:00,245.315
86,26.07 07:00,247.303
86,26.07 08:00,281.23
86,26.07 09:00,295.933
86,26.07 10:00,295.243
86,26.07 11:00,291.936
86,26.07 12:00,293.635
86,26.07 13:00,284.142
86,26.07 14:00,288.361
86,26.07 15:00,280.762
86,26.07 16:00,276.838
86,26.07 17:00,265.052
86,26.07 18:00,264.993
86,26.07 19:00,262.342
86,26.07 20:00,240.904
86,26.07 21:00,241.099
86,26.07 22:00,242.206
86,26.07 23:00,245.73
86,27.07 00:00,241.973
86,27.07 01:00,242.064
86,27.07 02:00,247.231
86,27.07 03:00,246.795
86,27.07 04:00,242.939
86,27.07 05:00,246.723
86,27.07 06:00,243.146
86,27.07 07:00,249.236
86,27.07 08:00,274.032
86,27.07 09:00,288.031
86,27.07 10:00,301.18
86,27.07 11:00,296.991
86,27.07 12:00,294.832
86,27.07 13:00,285.886
86,27.07 14:00,292.107
86,27.07 15:00,287.236
86,27.07 16:00,276.137
86,27.07 17:00,262.531
86,27.07 18:00,256.555
86,27.07 19:00,249.584
86,27.07 20:00,235.71
86,27.07 21:00,237.381
86,27.07 22:00,239.875
86,27.07 23:00,243.41
86,28.07 00:00,243.852
86,28.07 01:00,243.113
86,28.07 02:00,243.77
86,28.07 03:00,245.754
86,28.07 04:00,244.661
86,28.07 05:00,244.406
86,28.07 06:00,244.513
86,28.07 07:00,248.421
86,28.07 08:00,281.876
86,28.07 09:00,287.411
86,28.07 10:00,291.561
86,28.07 11:00,294.867
86,28.07 12:00,290.823
86,28.07 13:00,276.565
86,28.07 14:00,282.367
86,28.07 15:00,283.022
86,28.07 16:00,277.112
86,28.07 17:00,266.694
86,28.07 18:00,261.198
86,28.07 19:00,259.957
86,28.07 20:00,242.169
86,28.07 21:00,229.895
86,28.07 22:00,242.405
86,28.07 23:00,243.2
86,29.07 00:00,241.694
86,29.07 01:00,242.967
86,29.07 02:00,242.562
86,29.07 03:00,250.062
86,29.07 04:00,243.233
86,29.07 05:00,244.616
86,29.07 06:00,243.222
86,29.07 07:00,247.215
86,29.07 08:00,271.012
86,29.07 09:00,289.167
86,29.07 10:00,288.392
86,29.07 11:00,286.0
86,29.07 12:00,284.031
86,29.07 13:00,276.171
86,29.07 14:00,283.872
86,29.07 15:00,283.144
86,29.07 16:00,270.52
86,29.07 17:00,262.608
86,29.07 18:00,257.157
86,29.07 19:00,254.062
86,29.07 20:00,237.794
86,29.07 21:00,237.133
86,29.07 22:00,238.446
86,29.07 23:00,239.945
86,30.07 00:00,239.671
86,30.07 01:00,238.635
86,30.07 02:00,241.709
86,30.07 03:00,242.756
86,30.07 04:00,242.215
86,30.07 05:00,242.933
86,30.07 06:00,242.753
86,30.07 07:00,244.152
86,30.07 08:00,259.969
86,30.07 09:00,259.45
86,30.07 10:00,261.945
86,30.07 11:00,257.091
86,30.07 12:00,246.406
86,30.07 13:00,252.178
86,30.07 14:00,249.905
86,30.07 15:00,252.552
86,30.07 16:00,251.377
86,30.07 17:00,254.249
86,30.07 18:00,248.302
86,30.07 19:00,251.355
86,30.07 20:00,235.598
86,30.07 21:00,238.267
86,30.07 22:00,238.706
86,30.07 23:00,239.921
86,31.07 00:00,240.069
86,31.07 01:00,239.066
86,31.07 02:00,244.167
86,31.07 03:00,241.326
86,31.07 04:00,243.425
86,31.07 05:00,243.542
86,31.07 06:00,242.561
86,31.07 07:00,242.932
86,31.07 08:00,256.392
86,31.07 09:00,255.776
86,31.07 10:00,256.512
86,31.07 11:00,258.041
86,31.07 12:00,251.858
86,31.07 13:00,250.569
86,31.07 14:00,251.836
86,31.07 15:00,250.09
86,31.07 16:00,253.997
86,31.07 17:00,248.809
86,31.07 18:00,250.154
86,31.07 19:00,250.37
86,31.07 20:00,235.405
86,31.07 21:00,239.262
86,31.07 22:00,236.079
86,31.07 23:00,237.307
86,01.08 00:00,242.007
86,01.08 01:00,242.037
86,01.08 02:00,241.364
86,01.08 03:00,242.088
86,01.08 04:00,242.463
86,01.08 05:00,242.024
86,01.08 06:00,244.26
86,01.08 07:00,247.798
86,01.08 08:00,276.466
86,01.08 09:00,281.32
86,01.08 10:00,290.705
86,01.08 11:00,293.394
86,01.08 12:00,283.31
86,01.08 13:00,275.898
86,01.08 14:00,282.326
86,01.08 15:00,276.857
86,01.08 16:00,273.188
86,01.08 17:00,260.54
86,01.08 18:00,255.727
86,01.08 19:00,251.095
86,01.08 20:00,239.183
86,01.08 21:00,237.083
86,01.08 22:00,240.348
86,01.08 23:00,239.547
86,02.08 00:00,242.566
86,02.08 01:00,240.989
86,02.08 02:00,242.656
86,02.08 03:00,244.037
86,02.08 04:00,245.191
86,02.08 05:00,241.443
86,02.08 06:00,244.356
86,02.08 07:00,245.043
86,02.08 08:00,278.678
86,02.08 09:00,281.619
86,02.08 10:00,282.809
86,02.08 11:00,249.67
86,02.08 12:00,254.129
86,02.08 13:00,236.62
86,02.08 14:00,231.141
86,02.08 15:00,262.232
86,02.08 16:00,271.083
86,02.08 17:00,261.293
86,02.08 18:00,255.975
86,02.08 19:00,253.127
86,02.08 20:00,241.835
86,02.08 21:00,238.391
86,02.08 22:00,240.116
86,02.08 23:00,238.801
86,03.08 00:00,241.197
86,03.08 01:00,239.053
86,03.08 02:00,241.364
86,03.08 03:00,243.957
86,03.08 04:00,242.339
86,03.08 05:00,243.528
86,03.08 06:00,244.051
86,03.08 07:00,248.093
86,03.08 08:00,273.212
86,03.08 09:00,288.07
86,03.08 10:00,290.134
86,03.08 11:00,279.254
86,03.08 12:00,288.656
86,03.08 13:00,281.863
86,03.08 14:00,282.796
86,03.08 15:00,278.707
86,03.08 16:00,282.442
86,03.08 17:00,261.078
86,03.08 18:00,255.896
86,03.08 19:00,249.031
86,03.08 20:00,238.839
86,03.08 21:00,239.807
86,03.08 22:00,240.973
86,03.08 23:00,241.297
86,04.08 00:00,242.781
86,04.08 01:00,239.634
86,04.08 02:00,241.238
86,04.08 03:00,243.85
86,04.08 04:00,242.221
86,04.08 05:00,242.87
86,04.08 06:00,246.98
86,04.08 07:00,252.223
86,04.08 08:00,291.601
86,04.08 09:00,304.712
86,04.08 10:00,306.941
86,04.08 11:00,306.032
86,04.08 12:00,303.567
86,04.08 13:00,290.949
86,04.08 14:00,301.497
86,04.08 15:00,289.227
86,04.08 16:00,287.012
86,04.08 17:00,272.936
86,04.08 18:00,265.786
86,04.08 19:00,267.73
86,04.08 20:00,248.227
86,04.08 21:00,246.85
86,04.08 22:00,248.718
86,04.08 23:00,251.549
86,05.08 00:00,251.16
86,05.08 01:00,248.432
86,05.08 02:00,253.075
86,05.08 03:00,254.86
86,05.08 04:00,251.14
86,05.08 05:00,253.778
86,05.08 06:00,251.235
86,05.08 07:00,257.093
86,05.08 08:00,288.733
86,05.08 09:00,295.927
86,05.08 10:00,292.942
86,05.08 11:00,287.943
86,05.08 12:00,291.651
86,05.08 13:00,279.3
86,05.08 14:00,285.187
86,05.08 15:00,269.703
86,05.08 16:00,263.022
86,05.08 17:00,260.061
86,05.08 18:00,253.058
86,05.08 19:00,252.204
86,05.08 20:00,239.49
86,05.08 21:00,238.891
86,05.08 22:00,239.758
86,05.08 23:00,240.11
86,06.08 00:00,240.175
86,06.08 01:00,241.354
86,06.08 02:00,242.004
86,06.08 03:00,243.201
86,06.08 04:00,243.233
86,06.08 05:00,242.436
86,06.08 06:00,242.906
86,06.08 07:00,244.565
86,06.08 08:00,257.138
86,06.08 09:00,260.936
86,06.08 10:00,263.129
86,06.08 11:00,262.359
86,06.08 12:00,254.886
86,06.08 13:00,252.003
86,06.08 14:00,250.88
86,06.08 15:00,251.944
86,06.08 16:00,252.593
86,06.08 17:00,248.155
86,06.08 18:00,250.009
86,06.08 19:00,247.206
86,06.08 20:00,236.036
86,06.08 21:00,237.869
86,06.08 22:00,238.064
86,06.08 23:00,236.818
86,07.08 00:00,243.504
86,07.08 01:00,238.887
86,07.08 02:00,242.239
86,07.08 03:00,242.258
86,07.08 04:00,243.813
86,07.08 05:00,244.096
86,07.08 06:00,244.127
86,07.08 07:00,244.853
86,07.08 08:00,255.754
86,07.08 09:00,257.719
86,07.08 10:00,258.608
86,07.08 11:00,256.618
86,07.08 12:00,246.841
86,07.08 13:00,259.445
86,07.08 14:00,251.246
86,07.08 15:00,248.046
86,07.08 16:00,248.101
86,07.08 17:00,248.158
86,07.08 18:00,250.426
86,07.08 19:00,247.405
86,07.08 20:00,233.68
86,07.08 21:00,232.998
86,07.08 22:00,236.277
86,07.08 23:00,237.269
86,08.08 00:00,238.137
86,08.08 01:00,238.179
86,08.08 02:00,232.881
86,08.08 03:00,240.168
86,08.08 04:00,241.571
86,08.08 05:00,239.768
86,08.08 06:00,239.617
86,08.08 07:00,245.14
86,08.08 08:00,272.292
86,08.08 09:00,285.64
86,08.08 10:00,284.832
86,08.08 11:00,283.071
86,08.08 12:00,286.114
86,08.08 13:00,272.597
86,08.08 14:00,283.379
86,08.08 15:00,282.416
86,08.08 16:00,278.604
86,08.08 17:00,264.99
86,08.08 18:00,260.037
86,08.08 19:00,254.891
86,08.08 20:00,243.824
86,08.08 21:00,239.733
86,08.08 22:00,242.365
86,08.08 23:00,241.338
86,09.08 00:00,241.91
86,09.08 01:00,242.388
86,09.08 02:00,243.573
86,09.08 03:00,244.309
86,09.08 04:00,244.185
86,09.08 05:00,245.752
86,09.08 06:00,246.95
86,09.08 07:00,247.527
86,09.08 08:00,278.358
86,09.08 09:00,290.925
86,09.08 10:00,289.503
86,09.08 11:00,287.621
86,09.08 12:00,290.018
86,09.08 13:00,278.025
86,09.08 14:00,284.927
86,09.08 15:00,284.198
86,09.08 16:00,278.882
86,09.08 17:00,262.473
86,09.08 18:00,258.655
86,09.08 19:00,252.729
86,09.08 20:00,239.658
86,09.08 21:00,239.955
86,09.08 22:00,238.68
86,09.08 23:00,242.51
86,10.08 00:00,242.593
86,10.08 01:00,242.214
86,10.08 02:00,243.12
86,10.08 03:00,245.098
86,10.08 04:00,244.818
86,10.08 05:00,243.3
86,10.08 06:00,243.986
86,10.08 07:00,246.929
86,10.08 08:00,279.951
86,10.08 09:00,287.369
86,10.08 10:00,302.316
86,10.08 11:00,288.258
86,10.08 12:00,287.568
86,10.08 13:00,274.555
86,10.08 14:00,283.476
86,10.08 15:00,280.481
86,10.08 16:00,276.004
86,10.08 17:00,262.623
86,10.08 18:00,260.938
86,10.08 19:00,252.073
86,10.08 20:00,239.062
86,10.08 21:00,238.854
86,10.08 22:00,241.751
86,10.08 23:00,241.934
86,11.08 00:00,242.496
86,11.08 01:00,242.208
86,11.08 02:00,244.204
86,11.08 03:00,244.06
86,11.08 04:00,246.138
86,11.08 05:00,244.033
86,11.08 06:00,244.962
86,11.08 07:00,247.046
86,11.08 08:00,277.256
86,11.08 09:00,288.288
86,11.08 10:00,289.031
86,11.08 11:00,290.976
86,11.08 12:00,294.957
86,11.08 13:00,280.026
86,11.08 14:00,275.464
86,11.08 15:00,280.574
86,11.08 16:00,277.797
86,11.08 17:00,257.127
86,11.08 18:00,255.198
86,11.08 19:00,255.32
86,11.08 20:00,237.84
86,11.08 21:00,240.258
86,11.08 22:00,241.552
86,11.08 23:00,243.497
86,12.08 00:00,243.656
86,12.08 01:00,241.244
86,12.08 02:00,242.277
86,12.08 03:00,245.715
86,12.08 04:00,243.876
86,12.08 05:00,245.955
86,12.08 06:00,245.068
86,12.08 07:00,248.376
86,12.08 08:00,275.975
86,12.08 09:00,287.454
86,12.08 10:00,288.956
86,12.08 11:00,289.911
86,12.08 12:00,294.374
86,12.08 13:00,285.518
86,12.08 14:00,290.271
86,12.08 15:00,289.702
86,12.08 16:00,276.796
86,12.08 17:00,263.462
86,12.08 18:00,261.893
86,12.08 19:00,255.802
86,12.08 20:00,239.139
86,12.08 21:00,239.997
86,12.08 22:00,244.317
86,12.08 23:00,243.889
86,13.08 00:00,244.109
86,13.08 01:00,242.773
86,13.08 02:00,245.471
86,13.08 03:00,242.882
86,13.08 04:00,247.618
86,13.08 05:00,245.006
86,13.08 06:00,245.666
86,13.08 07:00,246.332
86,13.08 08:00,260.989
86,13.08 09:00,265.903
86,13.08 10:00,260.738
86,13.08 11:00,258.744
86,13.08 12:00,257.657
86,13.08 13:00,252.226
86,13.08 14:00,252.153
86,13.08 15:00,254.42
86,13.08 16:00,252.775
86,13.08 17:00,252.908
86,13.08 18:00,255.4
86,13.08 19:00,258.563
86,13.08 20:00,243.919
86,13.08 21:00,243.056
86,13.08 22:00,243.773
86,13.08 23:00,243.994
86,14.08 00:00,247.227
86,14.08 01:00,244.03
86,14.08 02:00,245.216
86,14.08 03:00,244.936
86,14.08 04:00,241.867
86,14.08 05:00,241.536
86,14.08 06:00,240.94
86,14.08 07:00,256.004
86,14.08 08:00,256.98
86,14.08 09:00,255.875
86,14.08 10:00,260.923
86,14.08 11:00,261.265
86,14.08 12:00,257.686
86,14.08 13:00,257.406
86,14.08 14:00,247.944
86,14.08 15:00,247.603
86,14.08 16:00,245.621
86,14.08 17:00,246.491
86,14.08 18:00,248.191
86,14.08 19:00,246.545
86,14.08 20:00,235.055
86,14.08 21:00,232.066
86,14.08 22:00,231.646
86,14.08 23:00,232.287
86,15.08 00:00,232.55
86,15.08 01:00,231.454
86,15.08 02:00,234.442
86,15.08 03:00,232.08
86,15.08 04:00,235.104
86,15.08 05:00,232.402
86,15.08 06:00,231.726
86,15.08 07:00,233.786
86,15.08 08:00,261.844
86,15.08 09:00,276.515
86,15.08 10:00,283.145
86,15.08 11:00,273.882
86,15.08 12:00,273.736
86,15.08 13:00,275.488
86,15.08 14:00,278.427
86,15.08 15:00,280.816
86,15.08 16:00,271.086
86,15.08 17:00,262.454
86,15.08 18:00,259.001
86,15.08 19:00,253.214
86,15.08 20:00,240.235
86,15.08 21:00,241.321
86,15.08 22:00,240.071
86,15.08 23:00,242.885
86,16.08 00:00,241.147
86,16.08 01:00,240.392
86,16.08 02:00,242.755
86,16.08 03:00,240.088
86,16.08 04:00,242.805
86,16.08 05:00,242.211
86,16.08 06:00,242.283
86,16.08 07:00,244.892
86,16.08 08:00,266.723
86,16.08 09:00,284.374
86,16.08 10:00,289.554
86,16.08 11:00,287.873
86,16.08 12:00,287.562
86,16.08 13:00,279.527
86,16.08 14:00,285.949
86,16.08 15:00,281.3
86,16.08 16:00,280.582
86,16.08 17:00,265.267
86,16.08 18:00,257.987
86,16.08 19:00,254.168
86,16.08 20:00,240.306
86,16.08 21:00,241.07
86,16.08 22:00,239.01
86,16.08 23:00,242.132
86,17.08 00:00,240.865
86,17.08 01:00,241.015
86,17.08 02:00,241.924
86,17.08 03:00,241.84
86,17.08 04:00,244.58
86,17.08 05:00,240.182
86,17.08 06:00,243.484
86,17.08 07:00,244.069
86,17.08 08:00,273.191
86,17.08 09:00,284.698
86,17.08 10:00,287.857
86,17.08 11:00,282.391
86,17.08 12:00,287.901
86,17.08 13:00,274.127
86,17.08 14:00,282.073
86,17.08 15:00,282.042
86,17.08 16:00,274.538
86,17.08 17:00,259.817
86,17.08 18:00,259.486
86,17.08 19:00,254.759
86,17.08 20:00,238.482
86,17.08 21:00,243.487
86,17.08 22:00,239.79
86,17.08 23:00,244.008
86,18.08 00:00,241.244
86,18.08 01:00,241.384
86,18.08 02:00,245.337
86,18.08 03:00,243.548
86,18.08 04:00,243.804
86,18.08 05:00,242.809
86,18.08 06:00,244.963
86,18.08 07:00,247.29
86,18.08 08:00,277.874
86,18.08 09:00,288.214
86,18.08 10:00,288.373
86,18.08 11:00,293.306
86,18.08 12:00,296.897
86,18.08 13:00,283.374
86,18.08 14:00,288.283
86,18.08 15:00,281.683
86,18.08 16:00,270.01
86,18.08 17:00,260.982
86,18.08 18:00,259.921
86,18.08 19:00,256.823
86,18.08 20:00,242.032
86,18.08 21:00,241.239
86,18.08 22:00,239.126
86,18.08 23:00,243.783
86,19.08 00:00,241.771
86,19.08 01:00,240.929
86,19.08 02:00,242.286
86,19.08 03:00,241.776
86,19.08 04:00,242.838
86,19.08 05:00,242.125
86,19.08 06:00,241.756
86,19.08 07:00,242.906
86,19.08 08:00,278.364
86,19.08 09:00,282.261
86,19.08 10:00,288.062
86,19.08 11:00,285.423
86,19.08 12:00,283.129
86,19.08 13:00,271.818
86,19.08 14:00,277.144
86,19.08 15:00,279.187
86,19.08 16:00,270.417
86,19.08 17:00,260.988
86,19.08 18:00,259.522
86,19.08 19:00,254.106
86,19.08 20:00,240.781
86,19.08 21:00,243.051
86,19.08 22:00,242.098
86,19.08 23:00,242.83
86,20.08 00:00,244.213
86,20.08 01:00,239.134
86,20.08 02:00,241.701
86,20.08 03:00,242.052
86,20.08 04:00,242.527
86,20.08 05:00,242.068
86,20.08 06:00,241.996
86,20.08 07:00,241.52
86,20.08 08:00,258.556
86,20.08 09:00,257.959
86,20.08 10:00,259.285
86,20.08 11:00,256.271
86,20.08 12:00,256.394
86,20.08 13:00,252.817
86,20.08 14:00,252.994
86,20.08 15:00,250.579
86,20.08 16:00,253.776
86,20.08 17:00,252.433
86,20.08 18:00,246.896
86,20.08 19:00,251.412
86,20.08 20:00,229.52
86,20.08 21:00,231.93
86,20.08 22:00,232.367
86,20.08 23:00,229.928
86,21.08 00:00,232.111
86,21.08 01:00,232.525
86,21.08 02:00,232.045
86,21.08 03:00,234.873
86,21.08 04:00,232.861
86,21.08 05:00,234.286
86,21.08 06:00,234.615
86,21.08 07:00,237.053
86,21.08 08:00,249.451
86,21.08 09:00,251.442
86,21.08 10:00,250.515
86,21.08 11:00,251.824
86,21.08 12:00,250.26
86,21.08 13:00,251.024
86,21.08 14:00,254.957
86,21.08 15:00,252.2
86,21.08 16:00,256.477
86,21.08 17:00,254.991
86,21.08 18:00,253.153
86,21.08 19:00,252.572
86,21.08 20:00,239.853
86,21.08 21:00,237.984
86,21.08 22:00,242.134
86,21.08 23:00,242.678
86,22.08 00:00,241.93
86,22.08 01:00,241.336
86,22.08 02:00,241.978
86,22.08 03:00,244.065
86,22.08 04:00,240.641
86,22.08 05:00,243.691
86,22.08 06:00,241.549
86,22.08 07:00,245.738
86,22.08 08:00,274.806
86,22.08 09:00,286.679
86,22.08 10:00,289.482
86,22.08 11:00,283.67
86,22.08 12:00,288.435
86,22.08 13:00,285.328
86,22.08 14:00,291.875
86,22.08 15:00,284.991
86,22.08 16:00,280.921
86,22.08 17:00,266.051
86,22.08 18:00,261.273
86,22.08 19:00,255.665
86,22.08 20:00,244.385
86,22.08 21:00,242.766
86,22.08 22:00,242.795
86,22.08 23:00,246.597
86,23.08 00:00,243.325
86,23.08 01:00,240.947
86,23.08 02:00,244.269
86,23.08 03:00,242.126
86,23.08 04:00,243.461
86,23.08 05:00,242.114
86,23.08 06:00,242.923
86,23.08 07:00,246.706
86,23.08 08:00,282.283
86,23.08 09:00,291.79
86,23.08 10:00,291.549
86,23.08 11:00,292.14
86,23.08 12:00,294.681
86,23.08 13:00,276.707
86,23.08 14:00,286.485
86,23.08 15:00,289.956
86,23.08 16:00,283.042
86,23.08 17:00,265.491
86,23.08 18:00,255.98
86,23.08 19:00,256.704
86,23.08 20:00,241.457
86,23.08 21:00,240.684
86,23.08 22:00,243.641
86,23.08 23:00,243.907
86,24.08 00:00,243.889
86,24.08 01:00,243.21
86,24.08 02:00,243.206
86,24.08 03:00,240.695
86,24.08 04:00,240.973
86,24.08 05:00,242.128
86,24.08 06:00,244.302
86,24.08 07:00,245.923
86,24.08 08:00,274.02
86,24.08 09:00,287.537
86,24.08 10:00,288.226
86,24.08 11:00,285.085
86,24.08 12:00,288.278
86,24.08 13:00,274.319
86,24.08 14:00,287.658
86,24.08 15:00,281.154
86,24.08 16:00,276.431
86,24.08 17:00,264.236
86,24.08 18:00,259.943
86,24.08 19:00,255.916
86,24.08 20:00,241.629
86,24.08 21:00,242.537
86,24.08 22:00,242.701
86,24.08 23:00,245.716
86,25.08 00:00,246.933
86,25.08 01:00,245.034
86,25.08 02:00,246.357
86,25.08 03:00,247.059
86,25.08 04:00,241.784
86,25.08 05:00,241.887
86,25.08 06:00,241.934
86,25.08 07:00,244.786
86,25.08 08:00,278.944
86,25.08 09:00,287.202
86,25.08 10:00,291.073
86,25.08 11:00,279.641
86,25.08 12:00,286.923
86,25.08 13:00,283.923
86,25.08 14:00,292.26
86,25.08 15:00,282.943
86,25.08 16:00,281.685
86,25.08 17:00,265.271
86,25.08 18:00,261.761
86,25.08 19:00,258.498
86,25.08 20:00,243.798
86,25.08 21:00,244.775
86,25.08 22:00,242.33
86,25.08 23:00,245.278
86,26.08 00:00,244.657
86,26.08 01:00,245.34
86,26.08 02:00,245.248
86,26.08 03:00,241.83
86,26.08 04:00,243.09
86,26.08 05:00,242.939
86,26.08 06:00,242.955
86,26.08 07:00,246.193
86,26.08 08:00,277.184
86,26.08 09:00,281.867
86,26.08 10:00,281.166
86,26.08 11:00,283.562
86,26.08 12:00,277.273
86,26.08 13:00,274.989
86,26.08 14:00,284.924
86,26.08 15:00,275.724
86,26.08 16:00,272.404
86,26.08 17:00,253.318
86,26.08 18:00,256.596
86,26.08 19:00,253.866
86,26.08 20:00,236.542
86,26.08 21:00,238.122
86,26.08 22:00,237.184
86,26.08 23:00,237.719
86,27.08 00:00,239.88
86,27.08 01:00,240.124
86,27.08 02:00,241.162
86,27.08 03:00,242.192
86,27.08 04:00,242.494
86,27.08 05:00,243.507
86,27.08 06:00,242.701
86,27.08 07:00,243.95
86,27.08 08:00,256.326
86,27.08 09:00,257.056
86,27.08 10:00,257.878
86,27.08 11:00,260.155
86,27.08 12:00,257.537
86,27.08 13:00,255.949
86,27.08 14:00,259.071
86,27.08 15:00,261.725
86,27.08 16:00,258.229
86,27.08 17:00,254.73
86,27.08 18:00,254.397
86,27.08 19:00,254.791
86,27.08 20:00,237.171
86,27.08 21:00,237.725
86,27.08 22:00,241.084
86,27.08 23:00,243.056
86,28.08 00:00,243.151
86,28.08 01:00,242.077
86,28.08 02:00,244.435
86,28.08 03:00,242.249
86,28.08 04:00,243.954
86,28.08 05:00,243.949
86,28.08 06:00,243.52
86,28.08 07:00,246.595
86,28.08 08:00,255.932
86,28.08 09:00,260.124
86,28.08 10:00,259.433
86,28.08 11:00,260.127
86,28.08 12:00,254.955
86,28.08 13:00,253.996
86,28.08 14:00,250.312
86,28.08 15:00,254.794
86,28.08 16:00,255.807
86,28.08 17:00,254.998
86,28.08 18:00,254.826
86,28.08 19:00,254.712
86,28.08 20:00,243.794
86,28.08 21:00,238.517
86,28.08 22:00,241.061
86,28.08 23:00,241.115
86,29.08 00:00,240.845
86,29.08 01:00,241.099
86,29.08 02:00,239.462
86,29.08 03:00,243.465
86,29.08 04:00,241.852
86,29.08 05:00,241.994
86,29.08 06:00,242.456
86,29.08 07:00,245.836
86,29.08 08:00,278.567
86,29.08 09:00,287.859
86,29.08 10:00,288.607
86,29.08 11:00,291.949
86,29.08 12:00,294.305
86,29.08 13:00,276.066
86,29.08 14:00,282.064
86,29.08 15:00,277.997
86,29.08 16:00,276.318
86,29.08 17:00,263.109
86,29.08 18:00,258.48
86,29.08 19:00,255.22
86,29.08 20:00,243.02
86,29.08 21:00,243.181
86,29.08 22:00,246.138
86,29.08 23:00,243.503
86,30.08 00:00,243.292
86,30.08 01:00,244.684
86,30.08 02:00,244.274
86,30.08 03:00,246.858
86,30.08 04:00,243.886
86,30.08 05:00,245.099
86,30.08 06:00,246.209
86,30.08 07:00,250.564
86,30.08 08:00,280.557
86,30.08 09:00,290.237
86,30.08 10:00,296.217
86,30.08 11:00,294.232
86,30.08 12:00,294.944
86,30.08 13:00,278.067
86,30.08 14:00,285.966
86,30.08 15:00,283.347
86,30.08 16:00,277.247
86,30.08 17:00,261.751
86,30.08 18:00,263.936
86,30.08 19:00,257.732
86,30.08 20:00,244.73
86,30.08 21:00,245.578
86,30.08 22:00,242.151
86,30.08 23:00,245.84
86,31.08 00:00,245.21
86,31.08 01:00,241.256
86,31.08 02:00,243.501
86,31.08 03:00,242.19
86,31.08 04:00,246.951
86,31.08 05:00,244.821
86,31.08 06:00,243.319
86,31.08 07:00,248.989
86,31.08 08:00,273.818
86,31.08 09:00,288.951
86,31.08 10:00,292.158
86,31.08 11:00,289.769
86,31.08 12:00,295.523
86,31.08 13:00,283.81
86,31.08 14:00,289.066
86,31.08 15:00,279.942
86,31.08 16:00,272.519
86,31.08 17:00,263.456
86,31.08 18:00,264.182
86,31.08 19:00,263.432
86,31.08 20:00,248.015
86,31.08 21:00,246.465
86,31.08 22:00,249.22
86,31.08 23:00,246.096
86,01.09 00:00,249.562
86,01.09 01:00,249.924
86,01.09 02:00,250.131
86,01.09 03:00,249.98
86,01.09 04:00,250.06
86,01.09 05:00,247.039
86,01.09 06:00,247.075
86,01.09 07:00,247.8
86,01.09 08:00,278.856
86,01.09 09:00,287.315
86,01.09 10:00,290.528
86,01.09 11:00,290.518
86,01.09 12:00,297.373
86,01.09 13:00,278.727
86,01.09 14:00,284.286
86,01.09 15:00,279.8
86,01.09 16:00,277.135
86,01.09 17:00,261.874
86,01.09 18:00,262.524
86,01.09 19:00,256.823
86,01.09 20:00,242.062
86,01.09 21:00,245.929
86,01.09 22:00,244.628
86,01.09 23:00,242.796
86,02.09 00:00,243.162
86,02.09 01:00,246.979
86,02.09 02:00,246.525
86,02.09 03:00,243.253
86,02.09 04:00,243.034
86,02.09 05:00,245.726
86,02.09 06:00,244.724
86,02.09 07:00,247.624
86,02.09 08:00,281.085
86,02.09 09:00,285.099
86,02.09 10:00,288.076
86,02.09 11:00,293.912
86,02.09 12:00,288.591
86,02.09 13:00,275.957
86,02.09 14:00,279.773
86,02.09 15:00,276.871
86,02.09 16:00,267.937
86,02.09 17:00,255.161
86,02.09 18:00,253.916
86,02.09 19:00,250.921
86,02.09 20:00,240.231
86,02.09 21:00,236.97
86,02.09 22:00,240.267
86,02.09 23:00,239.084
86,03.09 00:00,241.351
86,03.09 01:00,237.406
86,03.09 02:00,242.076
86,03.09 03:00,240.295
86,03.09 04:00,240.357
86,03.09 05:00,238.538
86,03.09 06:00,240.105
86,03.09 07:00,242.363
86,03.09 08:00,255.8
86,03.09 09:00,259.611
86,03.09 10:00,255.85
86,03.09 11:00,253.116
86,03.09 12:00,247.558
86,03.09 13:00,254.027
86,03.09 14:00,254.164
86,03.09 15:00,254.205
86,03.09 16:00,255.422
86,03.09 17:00,253.06
86,03.09 18:00,253.292
86,03.09 19:00,255.005
86,03.09 20:00,243.682
86,03.09 21:00,243.059
86,03.09 22:00,245.186
86,03.09 23:00,243.846
86,04.09 00:00,244.123
86,04.09 01:00,246.613
86,04.09 02:00,246.898
86,04.09 03:00,242.716
86,04.09 04:00,243.966
86,04.09 05:00,244.38
86,04.09 06:00,242.883
86,04.09 07:00,245.618
86,04.09 08:00,256.208
86,04.09 09:00,260.529
86,04.09 10:00,261.281
86,04.09 11:00,258.598
86,04.09 12:00,258.641
86,04.09 13:00,253.74
86,04.09 14:00,255.295
86,04.09 15:00,256.593
86,04.09 16:00,258.117
86,04.09 17:00,253.792
86,04.09 18:00,255.981
86,04.09 19:00,254.732
86,04.09 20:00,243.426
86,04.09 21:00,243.625
86,04.09 22:00,241.996
86,04.09 23:00,245.554
86,05.09 00:00,243.894
86,05.09 01:00,232.813
86,05.09 02:00,242.036
86,05.09 03:00,241.887
86,05.09 04:00,242.631
86,05.09 05:00,241.097
86,05.09 06:00,244.406
86,05.09 07:00,243.868
86,05.09 08:00,256.007
86,05.09 09:00,260.392
86,05.09 10:00,264.732
86,05.09 11:00,264.786
86,05.09 12:00,262.205
86,05.09 13:00,254.15
86,05.09 14:00,251.536
86,05.09 15:00,255.042
86,05.09 16:00,259.461
86,05.09 17:00,260.18
86,05.09 18:00,257.654
86,05.09 19:00,257.347
86,05.09 20:00,243.29
86,05.09 21:00,242.926
86,05.09 22:00,243.331
86,05.09 23:00,242.765
86,06.09 00:00,242.628
86,06.09 01:00,238.901
86,06.09 02:00,241.559
86,06.09 03:00,242.134
86,06.09 04:00,242.69
86,06.09 05:00,243.251
86,06.09 06:00,242.955
86,06.09 07:00,246.45
86,06.09 08:00,278.622
86,06.09 09:00,287.747
86,06.09 10:00,292.612
86,06.09 11:00,287.532
86,06.09 12:00,290.977
86,06.09 13:00,276.184
86,06.09 14:00,287.57
86,06.09 15:00,278.738
86,06.09 16:00,275.292
86,06.09 17:00,257.971
86,06.09 18:00,252.931
86,06.09 19:00,254.994
86,06.09 20:00,241.909
86,06.09 21:00,241.489
86,06.09 22:00,242.009
86,06.09 23:00,241.671
86,07.09 00:00,242.728
86,07.09 01:00,239.2
86,07.09 02:00,241.019
86,07.09 03:00,240.186
86,07.09 04:00,241.924
86,07.09 05:00,241.901
86,07.09 06:00,242.865
86,07.09 07:00,244.551
86,07.09 08:00,276.203
86,07.09 09:00,289.2
86,07.09 10:00,290.234
86,07.09 11:00,290.428
86,07.09 12:00,288.169
86,07.09 13:00,274.055
86,07.09 14:00,282.473
86,07.09 15:00,280.189
86,07.09 16:00,274.735
86,07.09 17:00,258.669
86,07.09 18:00,255.477
86,07.09 19:00,257.909
86,07.09 20:00,241.386
86,07.09 21:00,242.901
86,07.09 22:00,241.32
86,07.09 23:00,244.192
86,08.09 00:00,243.775
86,08.09 01:00,243.749
86,08.09 02:00,244.306
86,08.09 03:00,245.924
86,08.09 04:00,241.566
86,08.09 05:00,241.832
86,08.09 06:00,250.199
86,08.09 07:00,245.066
86,08.09 08:00,283.751
86,08.09 09:00,290.134
86,08.09 10:00,290.613
86,08.09 11:00,290.104
86,08.09 12:00,291.36
86,08.09 13:00,279.336
86,08.09 14:00,288.266
86,08.09 15:00,282.978
86,08.09 16:00,278.537
86,08.09 17:00,264.265
86,08.09 18:00,260.179
86,08.09 19:00,244.957
86,08.09 20:00,245.153
86,08.09 21:00,243.116
86,08.09 22:00,245.142
86,08.09 23:00,246.938
86,09.09 00:00,243.93
86,09.09 01:00,245.755
86,09.09 02:00,246.805
86,09.09 03:00,245.86
86,09.09 04:00,243.557
86,09.09 05:00,244.393
86,09.09 06:00,244.175
86,09.09 07:00,249.925
86,09.09 08:00,277.014
86,09.09 09:00,286.778
86,09.09 10:00,273.036
86,09.09 11:00,284.199
86,09.09 12:00,285.233
86,09.09 13:00,277.919
86,09.09 14:00,289.57
86,09.09 15:00,278.285
86,09.09 16:00,268.959
86,09.09 17:00,257.699
86,09.09 18:00,255.278
86,09.09 19:00,259.824
86,09.09 20:00,246.353
86,09.09 21:00,244.232
86,09.09 22:00,244.782
86,09.09 23:00,244.806
86,10.09 00:00,247.287
86,10.09 01:00,247.221
86,10.09 02:00,248.274
86,10.09 03:00,248.231
86,10.09 04:00,244.077
86,10.09 05:00,244.168
86,10.09 06:00,243.251
86,10.09 07:00,247.394
86,10.09 08:00,259.769
86,10.09 09:00,263.107
86,10.09 10:00,261.81
86,10.09 11:00,252.374
86,10.09 12:00,249.856
86,10.09 13:00,248.958
86,10.09 14:00,252.345
86,10.09 15:00,256.021
86,10.09 16:00,260.409
86,10.09 17:00,255.326
86,10.09 18:00,257.624
86,10.09 19:00,250.522
86,10.09 20:00,241.364
86,10.09 21:00,240.126
86,10.09 22:00,237.808
86,10.09 23:00,239.649
86,11.09 00:00,236.442
86,11.09 01:00,236.373
86,11.09 02:00,237.155
86,11.09 03:00,238.346
86,11.09 04:00,236.666
86,11.09 05:00,238.579
86,11.09 06:00,239.934
86,11.09 07:00,241.274
86,11.09 08:00,255.278
86,11.09 09:00,255.059
86,11.09 10:00,256.649
86,11.09 11:00,254.946
86,11.09 12:00,255.071
86,11.09 13:00,256.153
86,11.09 14:00,259.786
86,11.09 15:00,259.722
86,11.09 16:00,253.344
86,11.09 17:00,258.136
86,11.09 18:00,251.081
86,11.09 19:00,254.937
86,11.09 20:00,243.412
86,11.09 21:00,244.443
86,11.09 22:00,245.217
86,11.09 23:00,246.032
86,12.09 00:00,247.832
86,12.09 01:00,244.457
86,12.09 02:00,244.047
86,12.09 03:00,244.374
86,12.09 04:00,243.954
86,12.09 05:00,244.309
86,12.09 06:00,245.512
86,12.09 07:00,248.989
86,12.09 08:00,278.56
86,12.09 09:00,284.923
86,12.09 10:00,289.69
86,12.09 11:00,284.505
86,12.09 12:00,285.68
86,12.09 13:00,268.273
86,12.09 14:00,284.294
86,12.09 15:00,284.023
86,12.09 16:00,273.387
86,12.09 17:00,262.229
86,12.09 18:00,261.448
86,12.09 19:00,258.581
86,12.09 20:00,244.853
86,12.09 21:00,246.046
86,12.09 22:00,244.443
86,12.09 23:00,243.963
86,13.09 00:00,244.568
86,13.09 01:00,244.346
86,13.09 02:00,247.384
86,13.09 03:00,245.041
86,13.09 04:00,243.828
86,13.09 05:00,242.75
86,13.09 06:00,243.756
86,13.09 07:00,244.044
86,13.09 08:00,280.814
86,13.09 09:00,291.448
86,13.09 10:00,289.719
86,13.09 11:00,289.062
86,13.09 12:00,294.319
86,13.09 13:00,273.884
86,13.09 14:00,284.106
86,13.09 15:00,277.677
86,13.09 16:00,272.335
86,13.09 17:00,260.098
86,13.09 18:00,259.35
86,13.09 19:00,260.23
86,13.09 20:00,246.124
86,13.09 21:00,243.194
86,13.09 22:00,243.587
86,13.09 23:00,245.863
86,14.09 00:00,244.677
86,14.09 01:00,244.71
86,14.09 02:00,242.743
86,14.09 03:00,243.134
86,14.09 04:00,244.184
86,14.09 05:00,243.0
86,14.09 06:00,244.526
86,14.09 07:00,245.597
86,14.09 08:00,272.911
86,14.09 09:00,284.255
86,14.09 10:00,286.518
86,14.09 11:00,280.701
86,14.09 12:00,288.989
86,14.09 13:00,282.39
86,14.09 14:00,286.669
86,14.09 15:00,286.572
86,14.09 16:00,275.568
86,14.09 17:00,261.139
86,14.09 18:00,261.287
86,14.09 19:00,255.834
86,14.09 20:00,246.916
86,14.09 21:00,244.76
86,14.09 22:00,246.001
86,14.09 23:00,244.648
86,15.09 00:00,246.25
86,15.09 01:00,242.128
86,15.09 02:00,247.024
86,15.09 03:00,241.481
86,15.09 04:00,244.762
86,15.09 05:00,243.87
86,15.09 06:00,242.959
86,15.09 07:00,247.336
86,15.09 08:00,281.722
86,15.09 09:00,285.852
86,15.09 10:00,286.306
86,15.09 11:00,283.391
86,15.09 12:00,283.769
86,15.09 13:00,274.811
86,15.09 14:00,286.895
86,15.09 15:00,285.588
86,15.09 16:00,266.316
86,15.09 17:00,261.935
86,15.09 18:00,262.789
86,15.09 19:00,259.906
86,15.09 20:00,247.396
86,15.09 21:00,247.161
86,15.09 22:00,245.993
86,15.09 23:00,246.702
86,16.09 00:00,246.796
86,16.09 01:00,245.624
86,16.09 02:00,246.063
86,16.09 03:00,247.148
86,16.09 04:00,243.481
86,16.09 05:00,244.189
86,16.09 06:00,244.926
86,16.09 07:00,248.115
86,16.09 08:00,280.365
86,16.09 09:00,285.872
86,16.09 10:00,290.005
86,16.09 11:00,289.29
86,16.09 12:00,290.061
86,16.09 13:00,280.607
86,16.09 14:00,281.228
86,16.09 15:00,277.374
86,16.09 16:00,264.927
86,16.09 17:00,265.89
86,16.09 18:00,253.219
86,16.09 19:00,258.324
86,16.09 20:00,245.078
86,16.09 21:00,244.395
86,16.09 22:00,246.08
86,16.09 23:00,247.159
86,17.09 00:00,247.344
86,17.09 01:00,245.405
86,17.09 02:00,248.573
86,17.09 03:00,252.108
86,17.09 04:00,246.763
86,17.09 05:00,250.394
86,17.09 06:00,245.861
86,17.09 07:00,246.766
86,17.09 08:00,260.247
86,17.09 09:00,264.673
86,17.09 10:00,260.063
86,17.09 11:00,258.729
86,17.09 12:00,254.908
86,17.09 13:00,259.703
86,17.09 14:00,258.229
86,17.09 15:00,257.595
86,17.09 16:00,259.777
86,17.09 17:00,258.814
86,17.09 18:00,255.808
86,17.09 19:00,256.551
86,17.09 20:00,244.917
86,17.09 21:00,243.933
86,17.09 22:00,245.284
86,17.09 23:00,244.429
86,18.09 00:00,247.91
86,18.09 01:00,245.298
86,18.09 02:00,245.414
86,18.09 03:00,248.865
86,18.09 04:00,248.82
86,18.09 05:00,246.566
86,18.09 06:00,248.636
86,18.09 07:00,250.109
86,18.09 08:00,261.818
86,18.09 09:00,260.761
86,18.09 10:00,261.454
86,18.09 11:00,254.209
86,18.09 12:00,251.266
86,18.09 13:00,260.607
86,18.09 14:00,259.144
86,18.09 15:00,259.061
86,18.09 16:00,259.678
86,18.09 17:00,257.542
86,18.09 18:00,258.187
86,18.09 19:00,257.846
86,18.09 20:00,242.264
86,18.09 21:00,245.882
86,18.09 22:00,244.012
86,18.09 23:00,244.204
86,19.09 00:00,245.936
86,19.09 01:00,244.713
86,19.09 02:00,248.06
86,19.09 03:00,246.02
86,19.09 04:00,246.912
86,19.09 05:00,247.711
86,19.09 06:00,246.699
86,19.09 07:00,249.494
86,19.09 08:00,277.813
86,19.09 09:00,281.179
86,19.09 10:00,288.26
86,19.09 11:00,293.086
86,19.09 12:00,290.674
86,19.09 13:00,279.822
86,19.09 14:00,284.613
86,19.09 15:00,284.684
86,19.09 16:00,277.691
86,19.09 17:00,263.75
86,19.09 18:00,261.623
86,19.09 19:00,262.648
86,19.09 20:00,248.454
86,19.09 21:00,248.472
86,19.09 22:00,247.04
86,19.09 23:00,251.052
86,20.09 00:00,250.413
86,20.09 01:00,248.258
86,20.09 02:00,253.063
86,20.09 03:00,255.334
86,20.09 04:00,253.279
86,20.09 05:00,249.298
86,20.09 06:00,252.123
86,20.09 07:00,255.342
86,20.09 08:00,272.901
86,20.09 09:00,288.71
86,20.09 10:00,291.166
86,20.09 11:00,292.917
86,20.09 12:00,290.656
86,20.09 13:00,282.035
86,20.09 14:00,302.414
86,20.09 15:00,290.129
86,20.09 16:00,278.924
86,20.09 17:00,267.984
86,20.09 18:00,263.016
86,20.09 19:00,258.357
86,20.09 20:00,246.1
86,20.09 21:00,249.63
86,20.09 22:00,245.141
86,20.09 23:00,248.458
86,21.09 00:00,247.88
86,21.09 01:00,247.642
86,21.09 02:00,250.277
86,21.09 03:00,249.568
86,21.09 04:00,250.672
86,21.09 05:00,249.998
86,21.09 06:00,248.399
86,21.09 07:00,250.848
86,21.09 08:00,282.096
86,21.09 09:00,287.595
86,21.09 10:00,287.95
86,21.09 11:00,280.96
86,21.09 12:00,283.087
86,21.09 13:00,279.706
86,21.09 14:00,288.139
86,21.09 15:00,285.39
86,21.09 16:00,272.75
86,21.09 17:00,261.717
86,21.09 18:00,264.2
86,21.09 19:00,261.238
86,21.09 20:00,244.553
86,21.09 21:00,240.998
86,21.09 22:00,242.711
86,21.09 23:00,243.33
86,22.09 00:00,247.646
86,22.09 01:00,243.707
86,22.09 02:00,246.899
86,22.09 03:00,250.426
86,22.09 04:00,248.142
86,22.09 05:00,247.29
86,22.09 06:00,247.156
86,22.09 07:00,249.927
86,22.09 08:00,281.259
86,22.09 09:00,289.737
86,22.09 10:00,294.46
86,22.09 11:00,288.646
86,22.09 12:00,290.083
86,22.09 13:00,282.899
86,22.09 14:00,289.373
86,22.09 15:00,282.916
86,22.09 16:00,274.166
86,22.09 17:00,269.209
86,22.09 18:00,266.433
86,22.09 19:00,265.052
86,22.09 20:00,255.381
86,22.09 21:00,248.355
86,22.09 22:00,247.968
86,22.09 23:00,247.157
86,23.09 00:00,249.047
86,23.09 01:00,248.758
86,23.09 02:00,248.698
86,23.09 03:00,249.95
86,23.09 04:00,248.261
86,23.09 05:00,244.895
86,23.09 06:00,247.714
86,23.09 07:00,251.891
86,23.09 08:00,274.453
86,23.09 09:00,279.317
86,23.09 10:00,288.405
86,23.09 11:00,290.588
86,23.09 12:00,293.139
86,23.09 13:00,284.861
86,23.09 14:00,287.862
86,23.09 15:00,274.026
86,23.09 16:00,268.262
86,23.09 17:00,271.356
86,23.09 18:00,266.006
86,23.09 19:00,262.145
86,23.09 20:00,249.58
86,23.09 21:00,243.288
86,23.09 22:00,245.868
86,23.09 23:00,244.869
86,24.09 00:00,245.878
86,24.09 01:00,246.036
86,24.09 02:00,243.882
86,24.09 03:00,244.19
86,24.09 04:00,243.973
86,24.09 05:00,246.597
86,24.09 06:00,243.581
86,24.09 07:00,246.176
86,24.09 08:00,261.281
86,24.09 09:00,266.138
86,24.09 10:00,263.96
86,24.09 11:00,263.143
86,24.09 12:00,260.021
86,24.09 13:00,253.164
86,24.09 14:00,255.984
86,24.09 15:00,261.0
86,24.09 16:00,259.002
86,24.09 17:00,260.88
86,24.09 18:00,261.491
86,24.09 19:00,259.969
86,24.09 20:00,250.008
86,24.09 21:00,246.771
86,24.09 22:00,248.057
86,24.09 23:00,247.564
86,25.09 00:00,243.877
86,25.09 01:00,245.17
86,25.09 02:00,247.546
86,25.09 03:00,249.915
86,25.09 04:00,246.081
86,25.09 05:00,247.661
86,25.09 06:00,247.867
86,25.09 07:00,248.035
86,25.09 08:00,261.854
86,25.09 09:00,263.206
86,25.09 10:00,260.248
86,25.09 11:00,260.904
86,25.09 12:00,262.071
86,25.09 13:00,259.606
86,25.09 14:00,256.358
86,25.09 15:00,257.123
86,25.09 16:00,256.135
86,25.09 17:00,257.153
86,25.09 18:00,251.175
86,25.09 19:00,249.414
86,25.09 20:00,238.387
86,25.09 21:00,234.308
86,25.09 22:00,236.021
86,25.09 23:00,239.686
86,26.09 00:00,240.16
86,26.09 01:00,237.631
86,26.09 02:00,242.104
86,26.09 03:00,249.417
86,26.09 04:00,245.999
86,26.09 05:00,246.955
86,26.09 06:00,249.012
86,26.09 07:00,253.092
86,26.09 08:00,279.34
86,26.09 09:00,296.354
86,26.09 10:00,295.565
86,26.09 11:00,293.699
86,26.09 12:00,300.101
86,26.09 13:00,288.766
86,26.09 14:00,295.631
86,26.09 15:00,295.288
86,26.09 16:00,281.543
86,26.09 17:00,270.464
86,26.09 18:00,258.308
86,26.09 19:00,253.925
86,26.09 20:00,237.567
86,26.09 21:00,237.268
86,26.09 22:00,236.59
86,26.09 23:00,235.2
86,27.09 00:00,236.978
86,27.09 01:00,236.04
86,27.09 02:00,236.882
86,27.09 03:00,239.216
86,27.09 04:00,237.194
86,27.09 05:00,238.087
86,27.09 06:00,239.6
86,27.09 07:00,241.288
86,27.09 08:00,271.403
86,27.09 09:00,285.828
86,27.09 10:00,286.955
86,27.09 11:00,288.64
86,27.09 12:00,293.378
86,27.09 15:00,283.734
86,27.09 16:00,277.014
86,27.09 17:00,260.641
86,27.09 18:00,257.717
86,27.09 19:00,253.062
86,27.09 20:00,240.904
86,27.09 21:00,237.218
86,27.09 22:00,240.4
86,27.09 23:00,239.236
86,28.09 00:00,241.04
86,28.09 01:00,239.317
86,28.09 02:00,240.798
86,28.09 03:00,241.573
86,28.09 04:00,242.125
86,28.09 05:00,241.392
86,28.09 06:00,241.138
86,28.09 07:00,247.118
86,28.09 08:00,273.359
86,28.09 09:00,285.232
86,28.09 10:00,292.34
86,28.09 11:00,286.889
86,28.09 12:00,293.194
86,28.09 13:00,285.055
86,28.09 14:00,294.056
86,28.09 15:00,282.916
86,28.09 16:00,273.321
86,28.09 17:00,259.362
86,28.09 18:00,258.205
86,28.09 19:00,254.993
86,28.09 20:00,239.064
86,28.09 21:00,235.888
86,28.09 22:00,241.346
86,28.09 23:00,249.76
86,29.09 00:00,252.285
86,29.09 01:00,250.003
86,29.09 02:00,249.777
86,29.09 03:00,251.506
86,29.09 04:00,251.738
86,29.09 05:00,249.95
86,29.09 06:00,251.876
86,29.09 07:00,255.115
86,29.09 08:00,279.781
86,29.09 09:00,289.561
86,29.09 10:00,293.122
86,29.09 11:00,293.948
86,29.09 12:00,291.544
86,29.09 13:00,276.704
86,29.09 14:00,286.452
86,29.09 15:00,286.262
86,29.09 16:00,272.113
86,29.09 17:00,266.143
86,29.09 18:00,260.802
86,29.09 19:00,255.666
86,29.09 20:00,241.814
86,29.09 21:00,240.568
86,29.09 22:00,242.669
86,29.09 23:00,241.514
86,30.09 00:00,242.562
86,30.09 01:00,242.455
86,30.09 02:00,242.906
86,30.09 03:00,244.37
86,30.09 04:00,244.694
86,30.09 05:00,246.097
86,30.09 06:00,243.172
86,30.09 07:00,247.559
86,30.09 08:00,269.751
86,30.09 09:00,288.643
86,30.09 10:00,296.736
86,30.09 11:00,284.778
86,30.09 12:00,290.207
86,30.09 13:00,277.264
86,30.09 14:00,288.27
86,30.09 15:00,283.073
86,30.09 16:00,268.048
86,30.09 17:00,264.318
86,30.09 18:00,258.921
86,30.09 19:00,257.224
86,30.09 20:00,239.328
86,30.09 21:00,238.068
86,30.09 22:00,237.985
86,30.09 23:00,238.65
